id_imagem,nome_imagem,data_captura,talhao_id,origem,categoria,tipo_anomalia,confianca,modelo_versao,fonte,lote_id
785b0a64-4524-57f9-9049-ad8b69883df8,TI-01_20260701_0001.jpg,2026-07-01 07:06:08,TI-01,drone,saudavel,saudavel,0.9226,agrosmart-v1,simulado,sim-2026-07
4c8a0de0-6b64-5f17-97bb-3ee0fa85233a,TI-01_20260701_0002.jpg,2026-07-01 07:06:35,TI-01,drone,saudavel,saudavel,0.9839,agrosmart-v1,simulado,sim-2026-07
6c370cee-1bee-5e79-a7f9-c80ab46005a4,TI-01_20260701_0003.jpg,2026-07-01 07:07:04,TI-01,drone,saudavel,saudavel,0.9151,agrosmart-v1,simulado,sim-2026-07
fbff16df-0381-5b4b-b0fa-05d145c56219,TI-01_20260701_0004.jpg,2026-07-01 07:07:44,TI-01,drone,saudavel,saudavel,0.8487,agrosmart-v1,simulado,sim-2026-07
631189a8-11c6-50ec-9a1c-e1d214076aac,TI-01_20260701_0005.jpg,2026-07-01 07:08:35,TI-01,drone,saudavel,saudavel,0.9994,agrosmart-v1,simulado,sim-2026-07
374f1f8f-4a63-588f-9b5d-2c2fd7593ffb,TI-01_20260701_0006.jpg,2026-07-01 07:09:21,TI-01,drone,saudavel,saudavel,0.9972,agrosmart-v1,simulado,sim-2026-07
3963d2d0-2357-551c-96a4-7ca2b9300658,TI-01_20260701_0007.jpg,2026-07-01 07:09:50,TI-01,drone,saudavel,saudavel,0.9992,agrosmart-v1,simulado,sim-2026-07
326f2daf-780b-54b4-af89-f607d86e3084,TI-01_20260701_0008.jpg,2026-07-01 07:10:48,TI-01,drone,saudavel,saudavel,0.9977,agrosmart-v1,simulado,sim-2026-07
c0cd75f6-75db-58c0-896d-a2d846866583,TI-01_20260701_0009.jpg,2026-07-01 07:11:29,TI-01,drone,saudavel,saudavel,0.9568,agrosmart-v1,simulado,sim-2026-07
87c3dece-9c1b-5268-bd23-21839e4a9e59,TI-01_20260701_0010.jpg,2026-07-01 07:11:48,TI-01,drone,saudavel,saudavel,0.9709,agrosmart-v1,simulado,sim-2026-07
fc2bac36-ade2-5613-9216-07263e1de4ab,TI-01_20260701_0011.jpg,2026-07-01 07:12:21,TI-01,drone,saudavel,saudavel,0.9459,agrosmart-v1,simulado,sim-2026-07
7d670462-a266-582c-9566-c832d67e0dbb,TI-01_20260701_0012.jpg,2026-07-01 07:13:21,TI-01,drone,saudavel,saudavel,0.8954,agrosmart-v1,simulado,sim-2026-07
5be497a7-b4f0-5a6b-b134-519543f29a1f,TI-01_20260701_0013.jpg,2026-07-01 07:13:49,TI-01,drone,saudavel,saudavel,0.8845,agrosmart-v1,simulado,sim-2026-07
d7be98ae-67da-53f6-a26b-44d635bd287e,TI-01_20260701_0014.jpg,2026-07-01 07:14:24,TI-01,drone,saudavel,saudavel,0.9994,agrosmart-v1,simulado,sim-2026-07
5bd6ea54-c673-54c2-9e0c-052f66c0a9db,TI-01_20260701_0015.jpg,2026-07-01 07:15:19,TI-01,drone,saudavel,saudavel,0.9530,agrosmart-v1,simulado,sim-2026-07
54d1c16e-3f58-5d7d-b0ba-3619f18c1263,TI-01_20260701_0016.jpg,2026-07-01 07:15:51,TI-01,drone,saudavel,saudavel,0.9678,agrosmart-v1,simulado,sim-2026-07
ee0b595d-fcbf-5b58-934b-ed079984b50e,TI-01_20260701_0017.jpg,2026-07-01 07:16:43,TI-01,drone,saudavel,saudavel,0.9980,agrosmart-v1,simulado,sim-2026-07
c58e78cc-d3ed-5758-9ed7-7f1ca8ba1d20,TI-01_20260701_0018.jpg,2026-07-01 07:17:28,TI-01,drone,saudavel,saudavel,0.8569,agrosmart-v1,simulado,sim-2026-07
cac6f278-e893-5f82-adfd-ba98c7c273ab,TI-01_20260701_0019.jpg,2026-07-01 07:18:10,TI-01,drone,saudavel,saudavel,0.8299,agrosmart-v1,simulado,sim-2026-07
194db80f-ed06-50bb-8951-8be661d8d868,TI-01_20260701_0020.jpg,2026-07-01 07:18:30,TI-01,drone,saudavel,saudavel,0.9820,agrosmart-v1,simulado,sim-2026-07
fb153695-ea56-566a-a50e-12171aabd3f8,TI-01_20260701_0021.jpg,2026-07-01 07:19:22,TI-01,drone,saudavel,saudavel,0.9477,agrosmart-v1,simulado,sim-2026-07
61cdfb69-7c0e-55c8-8ce8-bec3b05b2a5f,TI-01_20260701_0022.jpg,2026-07-01 07:19:45,TI-01,drone,saudavel,saudavel,0.9959,agrosmart-v1,simulado,sim-2026-07
728bdc02-3bf6-534f-b995-923ac5eb06de,TI-01_20260701_0023.jpg,2026-07-01 07:20:50,TI-01,drone,saudavel,saudavel,0.9694,agrosmart-v1,simulado,sim-2026-07
c19f5f43-3c39-590c-aa5a-131bffdf9890,TI-01_20260701_0024.jpg,2026-07-01 07:21:27,TI-01,drone,saudavel,saudavel,0.9917,agrosmart-v1,simulado,sim-2026-07
9749d78b-6f3f-506b-a79f-173cef8c2b7e,TI-01_20260701_0025.jpg,2026-07-01 07:22:10,TI-01,drone,saudavel,saudavel,0.9791,agrosmart-v1,simulado,sim-2026-07
ed0f758a-388d-58a5-84bb-47a5dc2ec679,TI-01_20260701_0026.jpg,2026-07-01 07:22:38,TI-01,drone,saudavel,saudavel,0.9577,agrosmart-v1,simulado,sim-2026-07
3b4958f6-1896-501e-b05b-fe05acf277a7,TI-01_20260701_0027.jpg,2026-07-01 07:23:11,TI-01,drone,doente,requeima,0.9745,agrosmart-v1,simulado,sim-2026-07
9e7d2c29-4c14-58e4-8120-8e2dd0ca6d0d,TI-01_20260701_0028.jpg,2026-07-01 07:24:03,TI-01,drone,saudavel,saudavel,0.9939,agrosmart-v1,simulado,sim-2026-07
0c804e6f-4947-5888-8a61-acc58efd0a54,TI-01_20260701_0029.jpg,2026-07-01 07:24:27,TI-01,drone,saudavel,saudavel,0.8799,agrosmart-v1,simulado,sim-2026-07
c7342b97-33a1-5d4d-9ccd-21f12098caef,TI-01_20260701_0030.jpg,2026-07-01 07:25:11,TI-01,drone,saudavel,saudavel,0.9493,agrosmart-v1,simulado,sim-2026-07
27b3b4e5-ed3c-5d35-ac7e-a369e1e94be3,TI-01_20260701_0031.jpg,2026-07-01 07:25:55,TI-01,drone,saudavel,saudavel,0.5244,agrosmart-v1,simulado,sim-2026-07
6854765d-b326-55cb-96b9-aaa7faee6167,TI-01_20260701_0032.jpg,2026-07-01 07:26:22,TI-01,drone,saudavel,saudavel,0.9720,agrosmart-v1,simulado,sim-2026-07
be4dec4e-9b6e-5d1a-ac61-1beee080fd9b,TI-01_20260701_0033.jpg,2026-07-01 07:27:30,TI-01,drone,saudavel,saudavel,0.9807,agrosmart-v1,simulado,sim-2026-07
98dd7d48-0ed2-5cc8-92c4-75aef71e93bb,TI-01_20260701_0034.jpg,2026-07-01 07:27:52,TI-01,drone,saudavel,saudavel,0.9939,agrosmart-v1,simulado,sim-2026-07
0a01fe3e-3d9e-5d80-956e-331780a187d6,TI-01_20260701_0035.jpg,2026-07-01 07:28:28,TI-01,drone,saudavel,saudavel,0.6681,agrosmart-v1,simulado,sim-2026-07
5d25d376-c936-5234-93f0-79d216c42db9,TI-01_20260701_0036.jpg,2026-07-01 07:29:23,TI-01,drone,saudavel,saudavel,0.9880,agrosmart-v1,simulado,sim-2026-07
f8847bb5-7b0a-5a73-87ad-cf401dfec5f0,TI-01_20260701_0037.jpg,2026-07-01 07:29:51,TI-01,drone,saudavel,saudavel,0.9825,agrosmart-v1,simulado,sim-2026-07
5731e3c1-84ea-5ce7-bcb7-3bfd5992d550,TI-01_20260701_0038.jpg,2026-07-01 07:30:25,TI-01,drone,saudavel,saudavel,0.9043,agrosmart-v1,simulado,sim-2026-07
5f6f06fc-ef53-5884-8920-f2bc2cd1d389,TI-01_20260701_0039.jpg,2026-07-01 07:31:15,TI-01,drone,saudavel,saudavel,0.9284,agrosmart-v1,simulado,sim-2026-07
c0f57718-e953-55e5-96e5-bb141b5b163e,TI-01_20260701_0040.jpg,2026-07-01 07:32:02,TI-01,drone,saudavel,saudavel,0.9998,agrosmart-v1,simulado,sim-2026-07
b6743f74-966a-54f3-bf7d-47911a80a708,TI-01_20260701_0041.jpg,2026-07-01 07:32:23,TI-01,drone,saudavel,saudavel,0.9178,agrosmart-v1,simulado,sim-2026-07
c028e76a-a5ed-525f-b7ab-b1a6451a07ff,TI-01_20260701_0042.jpg,2026-07-01 07:33:13,TI-01,drone,saudavel,saudavel,0.9785,agrosmart-v1,simulado,sim-2026-07
0fb9a952-03d7-58c0-84ee-35af4884d4a7,TI-01_20260701_0043.jpg,2026-07-01 07:34:02,TI-01,drone,saudavel,saudavel,0.9603,agrosmart-v1,simulado,sim-2026-07
c502d105-88cc-5959-a87d-03762df7c6a4,TI-01_20260701_0044.jpg,2026-07-01 07:34:45,TI-01,drone,saudavel,saudavel,1.0000,agrosmart-v1,simulado,sim-2026-07
a69d4787-e748-5dab-aba3-289e350892b5,TI-01_20260701_0045.jpg,2026-07-01 07:35:06,TI-01,drone,saudavel,saudavel,0.8730,agrosmart-v1,simulado,sim-2026-07
17e4e59c-6c8e-58a9-8b86-7bdc422c6337,BV-02_20260701_0001.jpg,2026-07-01 07:40:02,BV-02,smartphone,saudavel,saudavel,0.9763,agrosmart-v1,simulado,sim-2026-07
f6656885-4148-5f89-935b-e43ac6ddce44,BV-02_20260701_0002.jpg,2026-07-01 07:40:33,BV-02,smartphone,saudavel,saudavel,0.9839,agrosmart-v1,simulado,sim-2026-07
26c24329-d0ba-548a-b998-d31725294a52,BV-02_20260701_0003.jpg,2026-07-01 07:41:19,BV-02,smartphone,saudavel,saudavel,0.8448,agrosmart-v1,simulado,sim-2026-07
faa7e63f-d326-577d-bd6d-5cf2420492ac,BV-02_20260701_0004.jpg,2026-07-01 07:41:50,BV-02,smartphone,saudavel,saudavel,0.9994,agrosmart-v1,simulado,sim-2026-07
45f0b8aa-b441-5875-881b-5aad37395ebb,BV-02_20260701_0005.jpg,2026-07-01 07:42:33,BV-02,smartphone,saudavel,saudavel,0.9597,agrosmart-v1,simulado,sim-2026-07
9c8c02b8-857f-56b6-805a-6f94dfe6294e,BV-02_20260701_0006.jpg,2026-07-01 07:43:30,BV-02,smartphone,doente,mosca_minadora,0.9829,agrosmart-v1,simulado,sim-2026-07
a542598f-e3b1-5a0c-9cf7-b21b355f303a,BV-02_20260701_0007.jpg,2026-07-01 07:43:55,BV-02,smartphone,saudavel,saudavel,0.9717,agrosmart-v1,simulado,sim-2026-07
3504fe4a-c540-5ee1-9fd9-a8ccbd52947d,BV-02_20260701_0008.jpg,2026-07-01 07:44:33,BV-02,smartphone,saudavel,saudavel,0.9852,agrosmart-v1,simulado,sim-2026-07
8604b737-d0ac-5d97-955c-75612b945f80,BV-02_20260701_0009.jpg,2026-07-01 07:45:05,BV-02,smartphone,saudavel,saudavel,0.9356,agrosmart-v1,simulado,sim-2026-07
bd80eec7-e8ca-577f-a322-bd96612433f9,BV-02_20260701_0010.jpg,2026-07-01 07:46:07,BV-02,smartphone,saudavel,saudavel,0.9988,agrosmart-v1,simulado,sim-2026-07
0754fd12-d0ab-5dfc-bd36-11959d68ea78,BV-02_20260701_0011.jpg,2026-07-01 07:46:20,BV-02,smartphone,saudavel,saudavel,0.9669,agrosmart-v1,simulado,sim-2026-07
6c39f11a-14ef-52c0-8f47-b7ac7d9b89ce,BV-02_20260701_0012.jpg,2026-07-01 07:47:29,BV-02,smartphone,saudavel,saudavel,0.8825,agrosmart-v1,simulado,sim-2026-07
75984e73-c3a0-5f1b-b093-bcebc9f634d4,BV-02_20260701_0013.jpg,2026-07-01 07:47:41,BV-02,smartphone,saudavel,saudavel,0.5679,agrosmart-v1,simulado,sim-2026-07
662b81ec-a710-599e-9ba6-002a4ad69ca7,BV-02_20260701_0014.jpg,2026-07-01 07:48:46,BV-02,smartphone,saudavel,saudavel,0.9154,agrosmart-v1,simulado,sim-2026-07
ed1373b3-b86d-55f1-8532-5b87905d8efb,BV-02_20260701_0015.jpg,2026-07-01 07:49:11,BV-02,smartphone,saudavel,saudavel,0.9986,agrosmart-v1,simulado,sim-2026-07
7179cc2d-3f14-5c43-a2be-346339eee9bd,BV-02_20260701_0016.jpg,2026-07-01 07:49:49,BV-02,smartphone,saudavel,saudavel,0.9997,agrosmart-v1,simulado,sim-2026-07
60108db2-7038-5364-a687-5c82803e28cf,BV-02_20260701_0017.jpg,2026-07-01 07:50:21,BV-02,smartphone,saudavel,saudavel,0.8785,agrosmart-v1,simulado,sim-2026-07
a7957771-58f1-5599-bc64-67663af471ea,BV-02_20260701_0018.jpg,2026-07-01 07:51:05,BV-02,smartphone,saudavel,saudavel,0.8777,agrosmart-v1,simulado,sim-2026-07
19f4a214-6785-5f3d-bdc7-01987030feaf,BV-02_20260701_0019.jpg,2026-07-01 07:51:48,BV-02,smartphone,saudavel,saudavel,0.9318,agrosmart-v1,simulado,sim-2026-07
d0528f85-3b27-5fe4-9192-194ca90b9ef2,BV-02_20260701_0020.jpg,2026-07-01 07:52:46,BV-02,smartphone,saudavel,saudavel,0.9965,agrosmart-v1,simulado,sim-2026-07
86935519-86ca-5f16-9d8c-fb2cdf804085,BV-02_20260701_0021.jpg,2026-07-01 07:53:27,BV-02,smartphone,saudavel,saudavel,0.9255,agrosmart-v1,simulado,sim-2026-07
1ace87eb-37f7-5cf6-b48c-83aa0a2d44f6,BV-02_20260701_0022.jpg,2026-07-01 07:53:43,BV-02,smartphone,saudavel,saudavel,0.9910,agrosmart-v1,simulado,sim-2026-07
0be3f7f6-5c18-571b-b9a9-3242f96a08f9,BV-02_20260701_0023.jpg,2026-07-01 07:54:32,BV-02,smartphone,saudavel,saudavel,0.9204,agrosmart-v1,simulado,sim-2026-07
7e5420e9-0507-5777-aaa5-58ed854aa833,BV-02_20260701_0024.jpg,2026-07-01 07:55:25,BV-02,smartphone,saudavel,saudavel,0.8370,agrosmart-v1,simulado,sim-2026-07
0d42930b-262a-5d19-b1dc-956536c2b424,BV-02_20260701_0025.jpg,2026-07-01 07:56:00,BV-02,smartphone,saudavel,saudavel,0.9710,agrosmart-v1,simulado,sim-2026-07
9fc75377-c1a8-5ef3-96aa-4671f034c42c,BV-02_20260701_0026.jpg,2026-07-01 07:56:27,BV-02,smartphone,saudavel,saudavel,0.8708,agrosmart-v1,simulado,sim-2026-07
92a9266e-a836-5bc1-9443-13e1907db0d4,BV-02_20260701_0027.jpg,2026-07-01 07:57:06,BV-02,smartphone,saudavel,saudavel,0.9960,agrosmart-v1,simulado,sim-2026-07
29420a19-80bc-55bd-a7f7-639561a58ca9,BV-02_20260701_0028.jpg,2026-07-01 07:57:42,BV-02,smartphone,saudavel,saudavel,0.8621,agrosmart-v1,simulado,sim-2026-07
cf6666bc-fc5c-53d5-b48c-26fa186cc9ca,BV-02_20260701_0029.jpg,2026-07-01 07:58:34,BV-02,smartphone,saudavel,saudavel,0.9060,agrosmart-v1,simulado,sim-2026-07
dff9c666-12a9-50b2-ba8a-11d82d24cbc3,BV-02_20260701_0030.jpg,2026-07-01 07:59:10,BV-02,smartphone,saudavel,saudavel,0.9396,agrosmart-v1,simulado,sim-2026-07
536e3b68-2f55-50d6-a571-700e0a7c5e24,BV-02_20260701_0031.jpg,2026-07-01 07:59:53,BV-02,smartphone,saudavel,saudavel,0.8444,agrosmart-v1,simulado,sim-2026-07
2f8f2ef8-ee30-5ffd-b4c5-048cf72a69aa,BV-02_20260701_0032.jpg,2026-07-01 08:00:41,BV-02,smartphone,saudavel,saudavel,0.9378,agrosmart-v1,simulado,sim-2026-07
708bf2b2-3f6f-57a8-b0b5-733026f24dea,BV-02_20260701_0033.jpg,2026-07-01 08:01:06,BV-02,smartphone,saudavel,saudavel,0.9225,agrosmart-v1,simulado,sim-2026-07
ee72a136-3304-5378-babe-eaec706e4599,BV-02_20260701_0034.jpg,2026-07-01 08:01:52,BV-02,smartphone,saudavel,saudavel,0.9992,agrosmart-v1,simulado,sim-2026-07
6366f54e-f079-5f20-88ce-20252dbadf58,BV-02_20260701_0035.jpg,2026-07-01 08:02:47,BV-02,smartphone,doente,mosca_minadora,0.9727,agrosmart-v1,simulado,sim-2026-07
1cc2f2c5-be66-56d8-bb10-bdeae1021020,TI-02_20260701_0001.jpg,2026-07-01 08:03:03,TI-02,drone,saudavel,saudavel,0.9584,agrosmart-v1,simulado,sim-2026-07
1ec95c47-582a-5498-97ff-b047b68462db,TI-02_20260701_0002.jpg,2026-07-01 08:03:43,TI-02,drone,saudavel,saudavel,0.9844,agrosmart-v1,simulado,sim-2026-07
27761fb0-46cc-5e47-b6d4-1b023fc8cee6,TI-02_20260701_0003.jpg,2026-07-01 08:04:19,TI-02,drone,saudavel,saudavel,0.9988,agrosmart-v1,simulado,sim-2026-07
301f08b5-bae0-56cd-92e2-9cdfb29048a1,TI-02_20260701_0004.jpg,2026-07-01 08:04:56,TI-02,drone,saudavel,saudavel,0.9582,agrosmart-v1,simulado,sim-2026-07
eb6bce3f-10b4-5d4d-895e-73d15329e385,TI-02_20260701_0005.jpg,2026-07-01 08:05:34,TI-02,drone,saudavel,saudavel,0.9161,agrosmart-v1,simulado,sim-2026-07
90ec2160-3add-5314-8442-51c29388f0a4,TI-02_20260701_0006.jpg,2026-07-01 08:06:17,TI-02,drone,saudavel,saudavel,0.8252,agrosmart-v1,simulado,sim-2026-07
e7df4637-8007-5fa1-98a4-9f88514ad51f,TI-02_20260701_0007.jpg,2026-07-01 08:06:56,TI-02,drone,saudavel,saudavel,0.9670,agrosmart-v1,simulado,sim-2026-07
943fa13d-7001-5f72-87c8-06d7affff2a8,TI-02_20260701_0008.jpg,2026-07-01 08:07:31,TI-02,drone,saudavel,saudavel,0.8722,agrosmart-v1,simulado,sim-2026-07
ee70a07e-b99d-5d64-ba10-ecbd744e23ee,TI-02_20260701_0009.jpg,2026-07-01 08:08:21,TI-02,drone,saudavel,saudavel,0.9461,agrosmart-v1,simulado,sim-2026-07
e5cd35e7-b697-5f24-b069-41d96a1bbf29,TI-02_20260701_0010.jpg,2026-07-01 08:08:43,TI-02,drone,saudavel,saudavel,0.9810,agrosmart-v1,simulado,sim-2026-07
9c4a74e2-48c5-5a60-8fed-29b291ff296e,TI-02_20260701_0011.jpg,2026-07-01 08:09:49,TI-02,drone,saudavel,saudavel,0.9789,agrosmart-v1,simulado,sim-2026-07
337bbc7d-5194-515f-a8ca-d5d3a86cf41f,TI-02_20260701_0012.jpg,2026-07-01 08:10:05,TI-02,drone,saudavel,saudavel,0.8442,agrosmart-v1,simulado,sim-2026-07
cdb69fc4-827b-5a7c-bbc8-ec42cb94b1f0,TI-02_20260701_0013.jpg,2026-07-01 08:11:02,TI-02,drone,saudavel,saudavel,0.8848,agrosmart-v1,simulado,sim-2026-07
2062c4dd-1598-5a73-bded-73e31884b4cb,TI-02_20260701_0014.jpg,2026-07-01 08:11:33,TI-02,drone,saudavel,saudavel,0.5991,agrosmart-v1,simulado,sim-2026-07
588f6a97-3b42-5433-b3e8-9409d6ee09cc,TI-02_20260701_0015.jpg,2026-07-01 08:12:04,TI-02,drone,saudavel,saudavel,0.8369,agrosmart-v1,simulado,sim-2026-07
616c5d09-c931-53fb-bd75-ca48287549a8,TI-02_20260701_0016.jpg,2026-07-01 08:12:42,TI-02,drone,saudavel,saudavel,0.9582,agrosmart-v1,simulado,sim-2026-07
e5a9bc8e-de61-5f98-896d-30c005bfc90c,TI-02_20260701_0017.jpg,2026-07-01 08:13:50,TI-02,drone,saudavel,saudavel,0.9864,agrosmart-v1,simulado,sim-2026-07
d6d6f852-847b-5a43-9f2f-3cd7258dd4ea,TI-02_20260701_0018.jpg,2026-07-01 08:14:04,TI-02,drone,saudavel,saudavel,0.9900,agrosmart-v1,simulado,sim-2026-07
ee52f750-b3c5-578f-a392-0acb1440fdb2,TI-02_20260701_0019.jpg,2026-07-01 08:14:50,TI-02,drone,saudavel,saudavel,0.9896,agrosmart-v1,simulado,sim-2026-07
75789fff-4e74-5e88-bb93-653c50c4db20,TI-02_20260701_0020.jpg,2026-07-01 08:15:20,TI-02,drone,saudavel,saudavel,0.9193,agrosmart-v1,simulado,sim-2026-07
c318438c-0b77-5137-a013-73b3fa330b1a,TI-02_20260701_0021.jpg,2026-07-01 08:16:17,TI-02,drone,saudavel,saudavel,0.9652,agrosmart-v1,simulado,sim-2026-07
31874485-ac54-557c-8a05-d0defdcbd0ea,TI-02_20260701_0022.jpg,2026-07-01 08:16:48,TI-02,drone,saudavel,saudavel,0.9140,agrosmart-v1,simulado,sim-2026-07
73253e15-3537-5a7a-8e47-197cb73976b1,TI-02_20260701_0023.jpg,2026-07-01 08:17:36,TI-02,drone,saudavel,saudavel,0.9772,agrosmart-v1,simulado,sim-2026-07
fb622cd7-b96c-5ea2-8bde-600ae6ec7e11,TI-02_20260701_0024.jpg,2026-07-01 08:18:09,TI-02,drone,saudavel,saudavel,0.8678,agrosmart-v1,simulado,sim-2026-07
a89a8b2d-9e9b-5944-9f13-b0a3ef8b8932,TI-02_20260701_0025.jpg,2026-07-01 08:18:46,TI-02,drone,saudavel,saudavel,0.9922,agrosmart-v1,simulado,sim-2026-07
a95c3ff0-c674-5152-b475-b5fb4a00affe,TI-02_20260701_0026.jpg,2026-07-01 08:19:25,TI-02,drone,saudavel,saudavel,0.9104,agrosmart-v1,simulado,sim-2026-07
f4aff677-4024-5781-abd8-2b1c93543d32,TI-02_20260701_0027.jpg,2026-07-01 08:20:22,TI-02,drone,saudavel,saudavel,0.8357,agrosmart-v1,simulado,sim-2026-07
761b545d-24ed-549e-8cc8-d76205a594d4,TI-02_20260701_0028.jpg,2026-07-01 08:20:56,TI-02,drone,saudavel,saudavel,0.9972,agrosmart-v1,simulado,sim-2026-07
27b81df6-3ae3-59ed-97f1-890370aa6594,TI-02_20260701_0029.jpg,2026-07-01 08:21:43,TI-02,drone,saudavel,saudavel,0.9101,agrosmart-v1,simulado,sim-2026-07
dc871781-cf0c-5fa4-a126-217192a95492,BV-01_20260701_0001.jpg,2026-07-01 08:22:03,BV-01,smartphone,saudavel,saudavel,0.9537,agrosmart-v1,simulado,sim-2026-07
2a203395-fba2-5918-824e-b579d3f02abf,TI-02_20260701_0030.jpg,2026-07-01 08:22:12,TI-02,drone,saudavel,saudavel,0.9988,agrosmart-v1,simulado,sim-2026-07
2b0478ee-af50-5dc6-a39b-dc9362ba58f9,BV-01_20260701_0002.jpg,2026-07-01 08:22:29,BV-01,smartphone,saudavel,saudavel,0.9849,agrosmart-v1,simulado,sim-2026-07
9baa80a9-b006-5b6d-b371-3f6d54b866f8,TI-02_20260701_0031.jpg,2026-07-01 08:22:42,TI-02,drone,saudavel,saudavel,0.9922,agrosmart-v1,simulado,sim-2026-07
5b7ecac1-437e-5018-9760-ad3255960d65,BV-01_20260701_0003.jpg,2026-07-01 08:23:18,BV-01,smartphone,saudavel,saudavel,0.8849,agrosmart-v1,simulado,sim-2026-07
86fb4eef-4da1-5ce5-9ff7-2bfb3f4cea0e,TI-02_20260701_0032.jpg,2026-07-01 08:23:47,TI-02,drone,saudavel,saudavel,0.8251,agrosmart-v1,simulado,sim-2026-07
e31cbf7c-103e-5be8-a916-8bf4f95a4741,BV-01_20260701_0004.jpg,2026-07-01 08:24:09,BV-01,smartphone,saudavel,saudavel,0.9145,agrosmart-v1,simulado,sim-2026-07
7ce7bdaa-7fa5-509e-8222-192087f6cceb,TI-02_20260701_0033.jpg,2026-07-01 08:24:09,TI-02,drone,saudavel,saudavel,0.9822,agrosmart-v1,simulado,sim-2026-07
d8dd1261-53a0-5533-b86b-b588b9d7238a,BV-01_20260701_0005.jpg,2026-07-01 08:24:48,BV-01,smartphone,saudavel,saudavel,0.9173,agrosmart-v1,simulado,sim-2026-07
1e6c51f0-7f12-5f59-b878-c2d89ebfbc80,TI-02_20260701_0034.jpg,2026-07-01 08:24:56,TI-02,drone,saudavel,saudavel,0.9828,agrosmart-v1,simulado,sim-2026-07
16be9bf1-e9da-5ef4-859c-b6daa9d13897,BV-01_20260701_0006.jpg,2026-07-01 08:25:00,BV-01,smartphone,saudavel,saudavel,0.8727,agrosmart-v1,simulado,sim-2026-07
d08232e6-7153-54ce-bb9a-3eeacbac3dc6,TI-02_20260701_0035.jpg,2026-07-01 08:25:25,TI-02,drone,saudavel,saudavel,0.9589,agrosmart-v1,simulado,sim-2026-07
783c4fad-bb14-5495-a394-3669206929e8,BV-01_20260701_0007.jpg,2026-07-01 08:25:42,BV-01,smartphone,saudavel,saudavel,0.9334,agrosmart-v1,simulado,sim-2026-07
11b9cd9d-a6df-5a2b-a083-6737c467b73d,TI-02_20260701_0036.jpg,2026-07-01 08:26:21,TI-02,drone,saudavel,saudavel,0.9990,agrosmart-v1,simulado,sim-2026-07
0e8be62f-1d58-50d4-ad65-b3f7f1d13f56,BV-01_20260701_0008.jpg,2026-07-01 08:26:36,BV-01,smartphone,saudavel,saudavel,0.8424,agrosmart-v1,simulado,sim-2026-07
4ed573a4-685d-5e54-995e-74affcf73b59,TI-02_20260701_0037.jpg,2026-07-01 08:26:47,TI-02,drone,saudavel,saudavel,0.8982,agrosmart-v1,simulado,sim-2026-07
e19bd732-f2fb-5cba-8775-7ebe95aed0d4,TI-03_20260701_0001.jpg,2026-07-01 08:26:54,TI-03,drone,saudavel,saudavel,0.9934,agrosmart-v1,simulado,sim-2026-07
b26322a2-90c3-540e-8d86-aca89c5575ae,BV-01_20260701_0009.jpg,2026-07-01 08:27:00,BV-01,smartphone,saudavel,saudavel,0.8701,agrosmart-v1,simulado,sim-2026-07
630bb460-a9c7-5287-9117-850b28acd4e4,TI-03_20260701_0002.jpg,2026-07-01 08:27:26,TI-03,drone,saudavel,saudavel,0.9828,agrosmart-v1,simulado,sim-2026-07
ce479702-4085-563b-b996-855e42e758f9,TI-02_20260701_0038.jpg,2026-07-01 08:27:27,TI-02,drone,saudavel,saudavel,0.8917,agrosmart-v1,simulado,sim-2026-07
b8341111-2e15-5e0d-9673-c00e3f9de4d7,TI-03_20260701_0003.jpg,2026-07-01 08:28:04,TI-03,drone,saudavel,saudavel,0.9030,agrosmart-v1,simulado,sim-2026-07
09781b07-db28-59eb-af32-cc5268d23a70,BV-01_20260701_0010.jpg,2026-07-01 08:28:10,BV-01,smartphone,saudavel,saudavel,0.9529,agrosmart-v1,simulado,sim-2026-07
834c1574-5a19-5bb8-8140-63905712b377,BV-01_20260701_0011.jpg,2026-07-01 08:28:30,BV-01,smartphone,saudavel,saudavel,0.9529,agrosmart-v1,simulado,sim-2026-07
94fbf0c2-2109-56a1-892b-41d6f70b1570,TI-03_20260701_0004.jpg,2026-07-01 08:28:55,TI-03,drone,saudavel,saudavel,0.9365,agrosmart-v1,simulado,sim-2026-07
18aaa7fd-bb61-5406-87d1-a31e28499451,BV-01_20260701_0012.jpg,2026-07-01 08:29:21,BV-01,smartphone,saudavel,saudavel,0.9961,agrosmart-v1,simulado,sim-2026-07
afee0b8a-ec85-5c1d-8087-c08edecf6d03,TI-03_20260701_0005.jpg,2026-07-01 08:29:40,TI-03,drone,saudavel,saudavel,0.9977,agrosmart-v1,simulado,sim-2026-07
4d46bff2-649c-5e19-bff1-0607cdaf2005,BV-01_20260701_0013.jpg,2026-07-01 08:29:51,BV-01,smartphone,saudavel,saudavel,1.0000,agrosmart-v1,simulado,sim-2026-07
1d1f5be0-6c16-57d0-b534-5a81cd154561,TI-03_20260701_0006.jpg,2026-07-01 08:30:12,TI-03,drone,saudavel,saudavel,0.5779,agrosmart-v1,simulado,sim-2026-07
0b80b0cb-2d16-5578-909c-a44692fb7c06,BV-01_20260701_0014.jpg,2026-07-01 08:30:29,BV-01,smartphone,saudavel,saudavel,0.8624,agrosmart-v1,simulado,sim-2026-07
9dc83696-4429-582f-b161-327bfa915001,TI-03_20260701_0007.jpg,2026-07-01 08:30:45,TI-03,drone,saudavel,saudavel,0.9950,agrosmart-v1,simulado,sim-2026-07
b2f2798f-bf75-5236-95a8-f8183d00945c,BV-01_20260701_0015.jpg,2026-07-01 08:31:23,BV-01,smartphone,saudavel,saudavel,0.9010,agrosmart-v1,simulado,sim-2026-07
78d66ac6-9b98-5d11-be2a-3bb6b928ee3c,TI-03_20260701_0008.jpg,2026-07-01 08:31:46,TI-03,drone,saudavel,saudavel,0.8408,agrosmart-v1,simulado,sim-2026-07
ad7a61ee-2386-5872-9fef-cff68c245e2a,BV-01_20260701_0016.jpg,2026-07-01 08:31:54,BV-01,smartphone,saudavel,saudavel,0.8832,agrosmart-v1,simulado,sim-2026-07
1c69fcc1-9b9f-52a8-8e28-011d2086dd72,TI-03_20260701_0009.jpg,2026-07-01 08:32:15,TI-03,drone,saudavel,saudavel,0.9989,agrosmart-v1,simulado,sim-2026-07
6cba7abf-9d72-5bec-b27c-ec1c65ca4e12,BV-01_20260701_0017.jpg,2026-07-01 08:32:33,BV-01,smartphone,saudavel,saudavel,0.9691,agrosmart-v1,simulado,sim-2026-07
8752fcdd-6ece-5fbe-bfa0-dc4e579ba8b8,TI-03_20260701_0010.jpg,2026-07-01 08:33:07,TI-03,drone,saudavel,saudavel,0.9907,agrosmart-v1,simulado,sim-2026-07
25e744ba-a121-5f41-86f2-5b37ab43483c,BV-01_20260701_0018.jpg,2026-07-01 08:33:19,BV-01,smartphone,saudavel,saudavel,0.9922,agrosmart-v1,simulado,sim-2026-07
ac4320b9-5c97-5aa9-afa1-f5514887da87,TI-03_20260701_0011.jpg,2026-07-01 08:33:22,TI-03,drone,saudavel,saudavel,0.9960,agrosmart-v1,simulado,sim-2026-07
b8626b87-60db-589a-bd7b-fe677238853f,BV-01_20260701_0019.jpg,2026-07-01 08:34:07,BV-01,smartphone,saudavel,saudavel,0.9797,agrosmart-v1,simulado,sim-2026-07
ff71fb53-2bdb-512b-94ef-2a42660ec2ba,TI-03_20260701_0012.jpg,2026-07-01 08:34:13,TI-03,drone,saudavel,saudavel,0.9834,agrosmart-v1,simulado,sim-2026-07
2fa088c5-aa8b-5af3-923f-fdf76e70c7de,BV-01_20260701_0020.jpg,2026-07-01 08:34:38,BV-01,smartphone,saudavel,saudavel,0.9986,agrosmart-v1,simulado,sim-2026-07
17b5c917-b3a4-5af5-b49b-7822b948e8c5,TI-03_20260701_0013.jpg,2026-07-01 08:35:05,TI-03,drone,saudavel,saudavel,0.9992,agrosmart-v1,simulado,sim-2026-07
35011659-bdf9-54b2-8962-e1a0029b8555,BV-01_20260701_0021.jpg,2026-07-01 08:35:29,BV-01,smartphone,saudavel,saudavel,0.9945,agrosmart-v1,simulado,sim-2026-07
6850ffc7-491e-519e-9a97-f2b5d613fb57,TI-03_20260701_0014.jpg,2026-07-01 08:35:38,TI-03,drone,saudavel,saudavel,0.9174,agrosmart-v1,simulado,sim-2026-07
8b1bafb3-b762-5e53-9ce7-64b2695654fd,BV-01_20260701_0022.jpg,2026-07-01 08:35:58,BV-01,smartphone,saudavel,saudavel,0.9966,agrosmart-v1,simulado,sim-2026-07
8763b805-6aa5-5b54-9680-bae53879c143,TI-03_20260701_0015.jpg,2026-07-01 08:36:01,TI-03,drone,saudavel,saudavel,0.7663,agrosmart-v1,simulado,sim-2026-07
a851ecb0-4c85-5aa8-be97-260fb9cc8b31,BV-01_20260701_0023.jpg,2026-07-01 08:36:32,BV-01,smartphone,saudavel,saudavel,0.9567,agrosmart-v1,simulado,sim-2026-07
695e439c-bc7a-54c4-b427-fc4c5742c9b1,TI-03_20260701_0016.jpg,2026-07-01 08:36:41,TI-03,drone,saudavel,saudavel,0.9056,agrosmart-v1,simulado,sim-2026-07
f2514f29-5433-561c-9d13-517597d5f683,BV-01_20260701_0024.jpg,2026-07-01 08:37:09,BV-01,smartphone,saudavel,saudavel,0.9834,agrosmart-v1,simulado,sim-2026-07
0a69c3d8-f49a-5673-8c9b-3352144563e5,TI-03_20260701_0017.jpg,2026-07-01 08:37:49,TI-03,drone,saudavel,saudavel,0.9934,agrosmart-v1,simulado,sim-2026-07
05b7b023-9032-5cde-baae-0abcc6926038,BV-01_20260701_0025.jpg,2026-07-01 08:37:54,BV-01,smartphone,saudavel,saudavel,0.8873,agrosmart-v1,simulado,sim-2026-07
ae37ac4f-5b89-5f58-8f4e-7fe4bbdb299f,TI-03_20260701_0018.jpg,2026-07-01 08:38:21,TI-03,drone,saudavel,saudavel,0.9718,agrosmart-v1,simulado,sim-2026-07
73ed1b37-22d7-5c63-88e6-74a480b469ab,BV-01_20260701_0026.jpg,2026-07-01 08:38:29,BV-01,smartphone,saudavel,saudavel,0.8747,agrosmart-v1,simulado,sim-2026-07
971f225a-8ed6-5fa1-9981-5d6d9edb33f5,TI-03_20260701_0019.jpg,2026-07-01 08:39:08,TI-03,drone,saudavel,saudavel,0.8471,agrosmart-v1,simulado,sim-2026-07
a2e43b83-5536-5932-bcbc-90093997f71c,BV-01_20260701_0027.jpg,2026-07-01 08:39:20,BV-01,smartphone,saudavel,saudavel,0.9851,agrosmart-v1,simulado,sim-2026-07
064b3f24-69d5-5973-938a-e7c14d910350,TI-03_20260701_0020.jpg,2026-07-01 08:39:42,TI-03,drone,saudavel,saudavel,0.8379,agrosmart-v1,simulado,sim-2026-07
67697db0-8ffa-51e8-8003-2bfd5aba0e6a,TI-03_20260701_0021.jpg,2026-07-01 08:40:06,TI-03,drone,saudavel,saudavel,0.9597,agrosmart-v1,simulado,sim-2026-07
20d1468d-6d3b-53db-913b-6e07670bb4ce,BV-01_20260701_0028.jpg,2026-07-01 08:40:09,BV-01,smartphone,saudavel,saudavel,0.9892,agrosmart-v1,simulado,sim-2026-07
d40c2ef2-a5d8-5c4e-a616-a13430f61f53,BV-01_20260701_0029.jpg,2026-07-01 08:40:28,BV-01,smartphone,saudavel,saudavel,0.8304,agrosmart-v1,simulado,sim-2026-07
d66a5d34-40ab-5c10-b635-938c3c374b4c,TI-03_20260701_0022.jpg,2026-07-01 08:40:41,TI-03,drone,saudavel,saudavel,0.9288,agrosmart-v1,simulado,sim-2026-07
a126b561-614c-57fb-911f-353e7e7ebb39,TI-03_20260701_0023.jpg,2026-07-01 08:41:31,TI-03,drone,saudavel,saudavel,0.9551,agrosmart-v1,simulado,sim-2026-07
3a417da0-69eb-51c3-bb77-5937b6821edf,TI-03_20260701_0024.jpg,2026-07-01 08:42:15,TI-03,drone,saudavel,saudavel,0.9853,agrosmart-v1,simulado,sim-2026-07
9b3dd796-fc4f-545c-b4cc-2c02f7b6fb3c,TI-03_20260701_0025.jpg,2026-07-01 08:42:40,TI-03,drone,saudavel,saudavel,0.9988,agrosmart-v1,simulado,sim-2026-07
371ed0e3-bf12-51e7-b1fe-17772af84ab1,TI-03_20260701_0026.jpg,2026-07-01 08:43:39,TI-03,drone,saudavel,saudavel,0.9977,agrosmart-v1,simulado,sim-2026-07
78bb6a31-f2b6-572f-bc3f-1bfb6a116524,TI-03_20260701_0027.jpg,2026-07-01 08:44:07,TI-03,drone,saudavel,saudavel,0.9111,agrosmart-v1,simulado,sim-2026-07
6c868070-47fb-5398-9995-96f0e52d828a,TI-03_20260701_0028.jpg,2026-07-01 08:44:56,TI-03,drone,saudavel,saudavel,0.9563,agrosmart-v1,simulado,sim-2026-07
7f34abfd-4c85-52f9-8990-631511f87e7e,TI-03_20260701_0029.jpg,2026-07-01 08:45:45,TI-03,drone,saudavel,saudavel,0.9964,agrosmart-v1,simulado,sim-2026-07
fee2b14d-c800-5018-af89-971850e92467,TI-03_20260701_0030.jpg,2026-07-01 08:46:28,TI-03,drone,saudavel,saudavel,0.9096,agrosmart-v1,simulado,sim-2026-07
5dd94801-498c-5c4c-86cb-75407cb78951,TI-03_20260701_0031.jpg,2026-07-01 08:47:05,TI-03,drone,saudavel,saudavel,0.9518,agrosmart-v1,simulado,sim-2026-07
c2667b0d-84cb-5089-9de5-be52e7eae3c3,TI-03_20260701_0032.jpg,2026-07-01 08:47:39,TI-03,drone,saudavel,saudavel,0.8819,agrosmart-v1,simulado,sim-2026-07
9fb6c1d1-7dec-54c8-a4e5-47542d9dd2dd,TI-03_20260701_0033.jpg,2026-07-01 08:48:16,TI-03,drone,saudavel,saudavel,0.8367,agrosmart-v1,simulado,sim-2026-07
c6a95c4c-5ed7-5ca8-adfb-d5923490169d,TI-03_20260701_0034.jpg,2026-07-01 08:48:50,TI-03,drone,saudavel,saudavel,0.8948,agrosmart-v1,simulado,sim-2026-07
d3d1c760-cb5c-532d-92e2-6d3d78629653,TI-03_20260701_0035.jpg,2026-07-01 08:49:43,TI-03,drone,saudavel,saudavel,0.9240,agrosmart-v1,simulado,sim-2026-07
fea7ea7a-ad46-5cac-be77-4a4e14b31512,TI-03_20260701_0036.jpg,2026-07-01 08:50:16,TI-03,drone,saudavel,saudavel,0.9997,agrosmart-v1,simulado,sim-2026-07
a4991c29-ef03-513f-b55c-02eec1dd1942,TI-03_20260701_0037.jpg,2026-07-01 08:50:43,TI-03,drone,saudavel,saudavel,0.9615,agrosmart-v1,simulado,sim-2026-07
5c116a30-a7ab-5bf0-b64a-f77522a9e993,TI-03_20260701_0038.jpg,2026-07-01 08:51:29,TI-03,drone,saudavel,saudavel,0.8628,agrosmart-v1,simulado,sim-2026-07
9520cd89-5b41-52c4-831f-f2a87786118d,BV-03_20260701_0001.jpg,2026-07-01 09:06:45,BV-03,smartphone,saudavel,saudavel,0.8902,agrosmart-v1,simulado,sim-2026-07
5b7ded90-b1a0-5d09-a360-89813b983521,BV-03_20260701_0002.jpg,2026-07-01 09:07:23,BV-03,smartphone,doente,pinta_preta,0.9504,agrosmart-v1,simulado,sim-2026-07
d499d9ea-384d-5284-bc01-86068345d427,BV-03_20260701_0003.jpg,2026-07-01 09:08:30,BV-03,smartphone,saudavel,saudavel,0.9886,agrosmart-v1,simulado,sim-2026-07
58012f4b-c005-59c4-b40d-6b9254063368,BV-03_20260701_0004.jpg,2026-07-01 09:08:47,BV-03,smartphone,saudavel,saudavel,0.9928,agrosmart-v1,simulado,sim-2026-07
e6e34bc9-74ea-56aa-a3c2-2283133bea76,BV-03_20260701_0005.jpg,2026-07-01 09:09:26,BV-03,smartphone,saudavel,saudavel,0.9353,agrosmart-v1,simulado,sim-2026-07
5d99af21-7a43-5cc7-a199-d38fb9fe2e92,BV-03_20260701_0006.jpg,2026-07-01 09:10:04,BV-03,smartphone,saudavel,saudavel,0.9998,agrosmart-v1,simulado,sim-2026-07
0348c7b2-67e6-58fe-8cd3-c518caff7445,BV-03_20260701_0007.jpg,2026-07-01 09:10:49,BV-03,smartphone,saudavel,saudavel,0.9234,agrosmart-v1,simulado,sim-2026-07
638978cd-5941-509f-8eaf-84dc8c66ab9f,BV-03_20260701_0008.jpg,2026-07-01 09:11:34,BV-03,smartphone,saudavel,saudavel,0.9961,agrosmart-v1,simulado,sim-2026-07
d5e7fa44-a77f-5ab9-8abb-76e1bebf869b,BV-03_20260701_0009.jpg,2026-07-01 09:12:23,BV-03,smartphone,saudavel,saudavel,0.8353,agrosmart-v1,simulado,sim-2026-07
c430da64-bb45-52ba-8924-7a403d693dd9,BV-03_20260701_0010.jpg,2026-07-01 09:13:00,BV-03,smartphone,saudavel,saudavel,0.8691,agrosmart-v1,simulado,sim-2026-07
dca1c92f-3839-5919-9715-11650ef3ac9a,BV-03_20260701_0011.jpg,2026-07-01 09:13:43,BV-03,smartphone,saudavel,saudavel,0.9991,agrosmart-v1,simulado,sim-2026-07
02a0c937-e9aa-5f5d-8bd6-89f8f107d964,SC-04_20260701_0001.jpg,2026-07-01 09:13:51,SC-04,smartphone,saudavel,saudavel,0.8580,agrosmart-v1,simulado,sim-2026-07
ef45fd11-bd13-571d-a45c-f5a7c09ce220,BV-03_20260701_0012.jpg,2026-07-01 09:14:00,BV-03,smartphone,saudavel,saudavel,0.8815,agrosmart-v1,simulado,sim-2026-07
3887c788-0c1d-5a75-a684-243135f30bf3,BV-03_20260701_0013.jpg,2026-07-01 09:14:44,BV-03,smartphone,saudavel,saudavel,0.8719,agrosmart-v1,simulado,sim-2026-07
aa152344-c5ae-5ed2-9516-844f57197bb7,SC-04_20260701_0002.jpg,2026-07-01 09:14:45,SC-04,smartphone,saudavel,saudavel,0.9999,agrosmart-v1,simulado,sim-2026-07
7b70de49-68e1-5127-b860-cc94de516af2,SC-04_20260701_0003.jpg,2026-07-01 09:15:09,SC-04,smartphone,saudavel,saudavel,0.9999,agrosmart-v1,simulado,sim-2026-07
9623f3ed-6754-5d80-9433-8a28afab8a7c,BV-03_20260701_0014.jpg,2026-07-01 09:15:21,BV-03,smartphone,saudavel,saudavel,0.9475,agrosmart-v1,simulado,sim-2026-07
cc9ea66a-6f47-5af0-8288-ae4d83b0d7f9,SC-04_20260701_0004.jpg,2026-07-01 09:15:57,SC-04,smartphone,saudavel,saudavel,0.8256,agrosmart-v1,simulado,sim-2026-07
8228fcfe-f4aa-567c-890f-113ea8a16ab0,BV-03_20260701_0015.jpg,2026-07-01 09:16:26,BV-03,smartphone,saudavel,saudavel,0.9841,agrosmart-v1,simulado,sim-2026-07
1b37fe3d-9638-515e-91ad-428ab726eb05,SC-04_20260701_0005.jpg,2026-07-01 09:16:42,SC-04,smartphone,saudavel,saudavel,0.9719,agrosmart-v1,simulado,sim-2026-07
b5557de6-eddf-54b9-8bec-7a0bf046dbc1,BV-03_20260701_0016.jpg,2026-07-01 09:17:01,BV-03,smartphone,saudavel,saudavel,0.9967,agrosmart-v1,simulado,sim-2026-07
edf41bb8-42cf-566c-84a1-149712a554aa,SC-04_20260701_0006.jpg,2026-07-01 09:17:17,SC-04,smartphone,saudavel,saudavel,0.9855,agrosmart-v1,simulado,sim-2026-07
277a475f-6ff8-565c-82e3-1a6f9fefeddf,BV-03_20260701_0017.jpg,2026-07-01 09:17:30,BV-03,smartphone,saudavel,saudavel,0.9094,agrosmart-v1,simulado,sim-2026-07
8f8c3ea2-fbe1-57a7-acec-67115f79c688,SC-04_20260701_0007.jpg,2026-07-01 09:17:50,SC-04,smartphone,saudavel,saudavel,0.9507,agrosmart-v1,simulado,sim-2026-07
31bd35fd-5fdc-5c13-86e3-e9d4b942cba7,BV-03_20260701_0018.jpg,2026-07-01 09:18:16,BV-03,smartphone,saudavel,saudavel,0.9796,agrosmart-v1,simulado,sim-2026-07
149533e1-05e4-58f1-a25b-83560cbc1d2e,SC-04_20260701_0008.jpg,2026-07-01 09:18:40,SC-04,smartphone,saudavel,saudavel,0.9662,agrosmart-v1,simulado,sim-2026-07
826c41d7-ce7a-5486-8436-2aad20d825e8,BV-03_20260701_0019.jpg,2026-07-01 09:18:58,BV-03,smartphone,saudavel,saudavel,0.8224,agrosmart-v1,simulado,sim-2026-07
3e9f42c3-e233-553f-adbe-9c676e97dc48,SC-04_20260701_0009.jpg,2026-07-01 09:19:00,SC-04,smartphone,saudavel,saudavel,0.8505,agrosmart-v1,simulado,sim-2026-07
72e254ee-39fb-55e1-b322-2dca59e8f806,BV-03_20260701_0020.jpg,2026-07-01 09:19:50,BV-03,smartphone,saudavel,saudavel,0.9303,agrosmart-v1,simulado,sim-2026-07
69201b0d-c84d-5b70-865a-c7de6144a35b,SC-04_20260701_0010.jpg,2026-07-01 09:19:55,SC-04,smartphone,saudavel,saudavel,0.8369,agrosmart-v1,simulado,sim-2026-07
805f0435-948f-552e-a75e-cc105bd9320b,SC-04_20260701_0011.jpg,2026-07-01 09:20:21,SC-04,smartphone,saudavel,saudavel,0.9773,agrosmart-v1,simulado,sim-2026-07
5dd31d4f-beb8-5731-a097-1070a6e0526d,BV-03_20260701_0021.jpg,2026-07-01 09:20:28,BV-03,smartphone,saudavel,saudavel,0.9972,agrosmart-v1,simulado,sim-2026-07
9c5d04c1-a928-5c74-9985-454c1e0c057c,SC-04_20260701_0012.jpg,2026-07-01 09:21:27,SC-04,smartphone,saudavel,saudavel,0.9611,agrosmart-v1,simulado,sim-2026-07
16898639-08c9-54c1-902b-fa280ebce226,SC-04_20260701_0013.jpg,2026-07-01 09:21:54,SC-04,smartphone,saudavel,saudavel,0.9887,agrosmart-v1,simulado,sim-2026-07
60af521e-0e33-53b8-8b0c-51a36bce99dc,SC-02_20260701_0001.jpg,2026-07-01 09:22:47,SC-02,smartphone,saudavel,saudavel,0.9786,agrosmart-v1,simulado,sim-2026-07
30fe9123-a6ae-5afb-aae0-4264271f75e3,SC-04_20260701_0014.jpg,2026-07-01 09:22:49,SC-04,smartphone,saudavel,saudavel,0.7109,agrosmart-v1,simulado,sim-2026-07
3cd87a87-3e99-56f0-9dc9-480b4385fae4,SC-04_20260701_0015.jpg,2026-07-01 09:23:10,SC-04,smartphone,saudavel,saudavel,0.8878,agrosmart-v1,simulado,sim-2026-07
6f9a0445-22b0-5993-8d90-033f222dfdd0,SC-02_20260701_0002.jpg,2026-07-01 09:23:20,SC-02,smartphone,saudavel,saudavel,0.9609,agrosmart-v1,simulado,sim-2026-07
ef5a86bc-61b1-53da-8aeb-5e480508bbb7,SC-04_20260701_0016.jpg,2026-07-01 09:24:01,SC-04,smartphone,saudavel,saudavel,0.9923,agrosmart-v1,simulado,sim-2026-07
43490e2c-d9c7-50c2-a70b-8b9f0b4c44d6,SC-02_20260701_0003.jpg,2026-07-01 09:24:03,SC-02,smartphone,saudavel,saudavel,0.8860,agrosmart-v1,simulado,sim-2026-07
87f569e8-d845-5181-b9f9-b85eb7ca029b,SC-04_20260701_0017.jpg,2026-07-01 09:24:50,SC-04,smartphone,saudavel,saudavel,0.8656,agrosmart-v1,simulado,sim-2026-07
0571b695-a609-511c-90d0-4a44094fd0b8,SC-02_20260701_0004.jpg,2026-07-01 09:25:02,SC-02,smartphone,saudavel,saudavel,0.9675,agrosmart-v1,simulado,sim-2026-07
ec8a5f7a-4d53-5f3b-9e23-6955d9d3aa1a,SC-04_20260701_0018.jpg,2026-07-01 09:25:23,SC-04,smartphone,saudavel,saudavel,0.8942,agrosmart-v1,simulado,sim-2026-07
f63b5270-3c23-5605-b927-1862cbdcaee1,SC-02_20260701_0005.jpg,2026-07-01 09:25:31,SC-02,smartphone,doente,requeima,0.7119,agrosmart-v1,simulado,sim-2026-07
0b8bea4b-df4f-573d-939c-83cc4600cfcf,SC-04_20260701_0019.jpg,2026-07-01 09:26:01,SC-04,smartphone,saudavel,saudavel,0.9850,agrosmart-v1,simulado,sim-2026-07
10f0fa27-0a32-5d3f-bf5b-39460737bfe8,SC-02_20260701_0006.jpg,2026-07-01 09:26:07,SC-02,smartphone,saudavel,saudavel,0.9897,agrosmart-v1,simulado,sim-2026-07
a83252ea-86ce-54cc-90bd-4316a9f3a825,SC-04_20260701_0020.jpg,2026-07-01 09:26:42,SC-04,smartphone,saudavel,saudavel,0.9548,agrosmart-v1,simulado,sim-2026-07
6cbf632a-df40-5490-81a3-15ecf01d38f1,SC-02_20260701_0007.jpg,2026-07-01 09:27:05,SC-02,smartphone,saudavel,saudavel,0.9942,agrosmart-v1,simulado,sim-2026-07
e66dae53-a48b-53e4-8d75-3b09e0991476,SC-04_20260701_0021.jpg,2026-07-01 09:27:07,SC-04,smartphone,saudavel,saudavel,0.9999,agrosmart-v1,simulado,sim-2026-07
2c082dce-4b22-5287-b80f-a15e002d5093,SC-02_20260701_0008.jpg,2026-07-01 09:27:39,SC-02,smartphone,saudavel,saudavel,0.9004,agrosmart-v1,simulado,sim-2026-07
71061e7a-9f06-5ce7-acfc-8764594351c6,SC-04_20260701_0022.jpg,2026-07-01 09:28:08,SC-04,smartphone,saudavel,saudavel,0.9171,agrosmart-v1,simulado,sim-2026-07
5079c01c-7020-5811-a21e-c81d0b83ed8f,SC-02_20260701_0009.jpg,2026-07-01 09:28:24,SC-02,smartphone,doente,requeima,0.9922,agrosmart-v1,simulado,sim-2026-07
9e5c6fdb-294d-514c-b7d8-f93d6cbe233c,SC-04_20260701_0023.jpg,2026-07-01 09:28:43,SC-04,smartphone,saudavel,saudavel,0.9816,agrosmart-v1,simulado,sim-2026-07
fee28448-45c0-53a4-8e8c-f378cb8e590b,SC-02_20260701_0010.jpg,2026-07-01 09:28:57,SC-02,smartphone,saudavel,saudavel,0.9833,agrosmart-v1,simulado,sim-2026-07
d61a6cbe-5110-50ff-bf9c-eebaa46f80ef,SC-04_20260701_0024.jpg,2026-07-01 09:29:12,SC-04,smartphone,saudavel,saudavel,0.9948,agrosmart-v1,simulado,sim-2026-07
322554ab-a99c-54db-806c-2659b170f264,SC-04_20260701_0025.jpg,2026-07-01 09:29:41,SC-04,smartphone,saudavel,saudavel,0.8352,agrosmart-v1,simulado,sim-2026-07
9757e84a-d7b0-52ac-8fed-48dcc016d44e,SC-02_20260701_0011.jpg,2026-07-01 09:29:48,SC-02,smartphone,saudavel,saudavel,0.9962,agrosmart-v1,simulado,sim-2026-07
3e088272-59dd-5f7f-8c3a-678cb99d9916,SC-02_20260701_0012.jpg,2026-07-01 09:30:14,SC-02,smartphone,doente,requeima,0.9829,agrosmart-v1,simulado,sim-2026-07
8936a02b-c6d7-509c-ac0a-0ad2ff406a5b,SC-04_20260701_0026.jpg,2026-07-01 09:30:42,SC-04,smartphone,saudavel,saudavel,0.9796,agrosmart-v1,simulado,sim-2026-07
603b8456-0046-5b50-a97e-4e3eb111706c,SC-02_20260701_0013.jpg,2026-07-01 09:30:44,SC-02,smartphone,saudavel,saudavel,0.9928,agrosmart-v1,simulado,sim-2026-07
78ab323a-9a79-5f1e-853d-7f74e323f0c5,SC-04_20260701_0027.jpg,2026-07-01 09:31:22,SC-04,smartphone,saudavel,saudavel,0.9684,agrosmart-v1,simulado,sim-2026-07
6e3ad670-3381-5c51-96df-cec5f5d48f1f,SC-02_20260701_0014.jpg,2026-07-01 09:31:41,SC-02,smartphone,doente,requeima,0.7120,agrosmart-v1,simulado,sim-2026-07
63f56770-393e-56d3-8209-75afc24982b2,SC-04_20260701_0028.jpg,2026-07-01 09:31:51,SC-04,smartphone,saudavel,saudavel,0.9967,agrosmart-v1,simulado,sim-2026-07
80db90b5-d550-5cd6-b960-66a40943c04a,SC-02_20260701_0015.jpg,2026-07-01 09:32:16,SC-02,smartphone,doente,requeima,0.9641,agrosmart-v1,simulado,sim-2026-07
966a08dd-0a40-5065-b35f-529bea2233c5,SC-04_20260701_0029.jpg,2026-07-01 09:32:22,SC-04,smartphone,saudavel,saudavel,0.9683,agrosmart-v1,simulado,sim-2026-07
89c14fb5-92ee-5c9a-9163-328eeb0250d1,SC-02_20260701_0016.jpg,2026-07-01 09:32:40,SC-02,smartphone,doente,requeima,0.6066,agrosmart-v1,simulado,sim-2026-07
54d5e23a-c69a-592f-ab9c-f67400d9d4ee,SC-04_20260701_0030.jpg,2026-07-01 09:33:05,SC-04,smartphone,saudavel,saudavel,0.9713,agrosmart-v1,simulado,sim-2026-07
5ef61018-ad54-5d41-8d31-05b4c3c080b3,SC-02_20260701_0017.jpg,2026-07-01 09:33:30,SC-02,smartphone,saudavel,saudavel,0.8517,agrosmart-v1,simulado,sim-2026-07
c53164de-b117-5eb3-8ac2-32c346c7f1ec,SC-04_20260701_0031.jpg,2026-07-01 09:33:41,SC-04,smartphone,saudavel,saudavel,0.9533,agrosmart-v1,simulado,sim-2026-07
8bcf39d3-4601-545b-9a0e-125c01f2bd78,SC-02_20260701_0018.jpg,2026-07-01 09:34:28,SC-02,smartphone,saudavel,saudavel,0.9085,agrosmart-v1,simulado,sim-2026-07
86801cd3-b0f4-5909-89da-5214b7ec77f6,SC-04_20260701_0032.jpg,2026-07-01 09:34:38,SC-04,smartphone,saudavel,saudavel,0.9075,agrosmart-v1,simulado,sim-2026-07
70e5d383-10f4-5dfe-87e1-9705c22e7f73,SC-02_20260701_0019.jpg,2026-07-01 09:34:52,SC-02,smartphone,saudavel,saudavel,0.9921,agrosmart-v1,simulado,sim-2026-07
c76fcbcf-b498-50d1-8efb-6213dd6b66bf,SC-04_20260701_0033.jpg,2026-07-01 09:35:03,SC-04,smartphone,saudavel,saudavel,0.9990,agrosmart-v1,simulado,sim-2026-07
31eed1ba-fff4-5ca3-9acf-a8a6f5089a3e,SC-02_20260701_0020.jpg,2026-07-01 09:35:22,SC-02,smartphone,saudavel,saudavel,0.8299,agrosmart-v1,simulado,sim-2026-07
70ade822-f6e1-5c6a-8002-f494dfacb26e,SC-02_20260701_0021.jpg,2026-07-01 09:36:02,SC-02,smartphone,saudavel,saudavel,0.8948,agrosmart-v1,simulado,sim-2026-07
14bc4c1e-c5e0-52b3-8090-19f1e404524d,TI-04_20260701_0001.jpg,2026-07-01 09:36:06,TI-04,drone,saudavel,saudavel,0.9669,agrosmart-v1,simulado,sim-2026-07
6229bb36-c1ee-54af-9a2c-dd89e76e306f,SC-04_20260701_0034.jpg,2026-07-01 09:36:07,SC-04,smartphone,saudavel,saudavel,0.9989,agrosmart-v1,simulado,sim-2026-07
979ee8fd-098d-5d36-b3f0-bc933ffbcdff,TI-04_20260701_0002.jpg,2026-07-01 09:36:34,TI-04,drone,saudavel,saudavel,0.8963,agrosmart-v1,simulado,sim-2026-07
e725db63-ad0f-5f6b-b181-ad234cebf902,SC-04_20260701_0035.jpg,2026-07-01 09:36:48,SC-04,smartphone,saudavel,saudavel,0.8591,agrosmart-v1,simulado,sim-2026-07
e3b23b38-e234-5ca2-9bed-bc74c1f21077,SC-02_20260701_0022.jpg,2026-07-01 09:36:53,SC-02,smartphone,doente,requeima,0.9960,agrosmart-v1,simulado,sim-2026-07
b809c29c-d16d-5a06-afea-d1476c1a04be,SC-04_20260701_0036.jpg,2026-07-01 09:37:24,SC-04,smartphone,saudavel,saudavel,0.9868,agrosmart-v1,simulado,sim-2026-07
9d853a3d-d752-5ea5-930d-eec82b718d0a,TI-04_20260701_0003.jpg,2026-07-01 09:37:24,TI-04,drone,saudavel,saudavel,0.8211,agrosmart-v1,simulado,sim-2026-07
707996c3-8083-5963-b57c-92621e5ef333,SC-02_20260701_0023.jpg,2026-07-01 09:37:33,SC-02,smartphone,doente,requeima,0.9260,agrosmart-v1,simulado,sim-2026-07
63378ad6-42de-5b8c-9477-492b6374df2d,TI-04_20260701_0004.jpg,2026-07-01 09:38:02,TI-04,drone,saudavel,saudavel,0.9548,agrosmart-v1,simulado,sim-2026-07
6ec68d09-128b-5478-9bbf-7ee3077e0fad,SC-02_20260701_0024.jpg,2026-07-01 09:38:24,SC-02,smartphone,saudavel,saudavel,0.9142,agrosmart-v1,simulado,sim-2026-07
aeb6ede1-bc15-5a24-814f-ec5360b34b3f,TI-04_20260701_0005.jpg,2026-07-01 09:38:28,TI-04,drone,saudavel,saudavel,0.9937,agrosmart-v1,simulado,sim-2026-07
ed67a113-669b-59c2-af5c-d28539cbfae3,SC-02_20260701_0025.jpg,2026-07-01 09:38:48,SC-02,smartphone,saudavel,saudavel,0.9688,agrosmart-v1,simulado,sim-2026-07
86aabf70-1b72-56e1-9873-df8b8c73b7da,TI-04_20260701_0006.jpg,2026-07-01 09:39:20,TI-04,drone,saudavel,saudavel,0.9995,agrosmart-v1,simulado,sim-2026-07
2a51c772-9aff-59e7-8645-1e7c75d46f17,SC-02_20260701_0026.jpg,2026-07-01 09:39:22,SC-02,smartphone,saudavel,saudavel,0.9953,agrosmart-v1,simulado,sim-2026-07
d230a24e-4549-5593-b42d-43b4c446639f,TI-04_20260701_0007.jpg,2026-07-01 09:39:43,TI-04,drone,saudavel,saudavel,0.8296,agrosmart-v1,simulado,sim-2026-07
4a70f2d1-5161-5b02-ac82-18bbf7dbe2ac,SC-02_20260701_0027.jpg,2026-07-01 09:40:11,SC-02,smartphone,saudavel,saudavel,0.9595,agrosmart-v1,simulado,sim-2026-07
58345fef-fad2-5877-b220-9b74b7388b0a,TI-04_20260701_0008.jpg,2026-07-01 09:40:35,TI-04,drone,saudavel,saudavel,0.9895,agrosmart-v1,simulado,sim-2026-07
9d591f2d-eb24-5c4a-85e5-1984f70f14b5,SC-02_20260701_0028.jpg,2026-07-01 09:40:52,SC-02,smartphone,doente,requeima,0.7550,agrosmart-v1,simulado,sim-2026-07
5fe69a3d-5a19-5f52-9ea3-9c08d24e460d,TI-04_20260701_0009.jpg,2026-07-01 09:41:15,TI-04,drone,saudavel,saudavel,0.8958,agrosmart-v1,simulado,sim-2026-07
840efe52-0e67-52f8-9aed-f2bd131a2c02,SC-02_20260701_0029.jpg,2026-07-01 09:41:22,SC-02,smartphone,saudavel,saudavel,0.9883,agrosmart-v1,simulado,sim-2026-07
3dcc85c5-ec0d-531d-82ce-38ab44692bcc,TI-04_20260701_0010.jpg,2026-07-01 09:41:43,TI-04,drone,saudavel,saudavel,0.9446,agrosmart-v1,simulado,sim-2026-07
c2283164-1910-52a3-902c-3b8c63188c33,SC-02_20260701_0030.jpg,2026-07-01 09:42:12,SC-02,smartphone,doente,requeima,0.8548,agrosmart-v1,simulado,sim-2026-07
c294f944-1b3c-5b19-a958-94038ded9cfc,TI-04_20260701_0011.jpg,2026-07-01 09:42:49,TI-04,drone,saudavel,saudavel,0.9647,agrosmart-v1,simulado,sim-2026-07
6a0a723f-15d2-5c84-9715-ff3b78c37a9b,SC-02_20260701_0031.jpg,2026-07-01 09:43:06,SC-02,smartphone,doente,requeima,0.9957,agrosmart-v1,simulado,sim-2026-07
1b804526-17c3-5d6e-8f0b-0a2daf806fbb,TI-04_20260701_0012.jpg,2026-07-01 09:43:27,TI-04,drone,saudavel,saudavel,0.9266,agrosmart-v1,simulado,sim-2026-07
a753b3fd-153f-5ce7-8a77-c14800aa238d,SC-02_20260701_0032.jpg,2026-07-01 09:43:36,SC-02,smartphone,saudavel,saudavel,0.8526,agrosmart-v1,simulado,sim-2026-07
6719d338-09fe-5f73-9b1d-4c9935c887ba,TI-04_20260701_0013.jpg,2026-07-01 09:43:49,TI-04,drone,saudavel,saudavel,0.8238,agrosmart-v1,simulado,sim-2026-07
ca1326e6-9668-5426-8cec-438561ffad9b,TI-04_20260701_0014.jpg,2026-07-01 09:44:20,TI-04,drone,saudavel,saudavel,0.9995,agrosmart-v1,simulado,sim-2026-07
8a33fc76-76b1-5490-b3c9-da4ca0c16872,SC-02_20260701_0033.jpg,2026-07-01 09:44:29,SC-02,smartphone,saudavel,saudavel,0.8474,agrosmart-v1,simulado,sim-2026-07
13b1108c-8910-5f3a-88a8-8aa2b838c417,SC-02_20260701_0034.jpg,2026-07-01 09:44:54,SC-02,smartphone,saudavel,saudavel,0.9295,agrosmart-v1,simulado,sim-2026-07
0b22cc91-9915-567d-b6c8-050c67fb0c19,TI-04_20260701_0015.jpg,2026-07-01 09:45:06,TI-04,drone,saudavel,saudavel,0.9634,agrosmart-v1,simulado,sim-2026-07
7c6ae30c-5a1b-54d7-95ca-5169e047a7c9,SC-02_20260701_0035.jpg,2026-07-01 09:45:35,SC-02,smartphone,saudavel,saudavel,0.9737,agrosmart-v1,simulado,sim-2026-07
ecc263a2-8d99-52b0-b55b-b377344ec723,TI-04_20260701_0016.jpg,2026-07-01 09:45:55,TI-04,drone,saudavel,saudavel,0.9182,agrosmart-v1,simulado,sim-2026-07
4d9a2c00-3a5f-5276-9b2e-49722c96efa1,TI-04_20260701_0017.jpg,2026-07-01 09:46:47,TI-04,drone,saudavel,saudavel,0.8559,agrosmart-v1,simulado,sim-2026-07
cf7df2ab-92e6-5a67-812e-76258a560d2f,TI-04_20260701_0018.jpg,2026-07-01 09:47:02,TI-04,drone,saudavel,saudavel,0.9826,agrosmart-v1,simulado,sim-2026-07
069e440e-a474-5e31-a36e-22163558e1f6,TI-04_20260701_0019.jpg,2026-07-01 09:47:51,TI-04,drone,saudavel,saudavel,0.8616,agrosmart-v1,simulado,sim-2026-07
a783e38b-3b8e-56f6-8dfe-83dd8b338d86,TI-04_20260701_0020.jpg,2026-07-01 09:48:50,TI-04,drone,saudavel,saudavel,0.8572,agrosmart-v1,simulado,sim-2026-07
5180b8fa-2363-51f4-9d02-bba39f225be7,TI-04_20260701_0021.jpg,2026-07-01 09:49:14,TI-04,drone,saudavel,saudavel,0.8807,agrosmart-v1,simulado,sim-2026-07
e20fa2ed-4c49-5b59-8b40-bf5c924b825f,TI-04_20260701_0022.jpg,2026-07-01 09:49:59,TI-04,drone,saudavel,saudavel,0.9412,agrosmart-v1,simulado,sim-2026-07
ecd9b6ad-3d34-58a8-b502-030d753eb4a1,TI-04_20260701_0023.jpg,2026-07-01 09:50:41,TI-04,drone,saudavel,saudavel,0.9991,agrosmart-v1,simulado,sim-2026-07
d1d51c03-24ae-5537-b1ba-d6e16a31b4dc,TI-04_20260701_0024.jpg,2026-07-01 09:51:27,TI-04,drone,saudavel,saudavel,0.8890,agrosmart-v1,simulado,sim-2026-07
a4989e05-499b-54f0-a4f0-48c3a138b777,TI-04_20260701_0025.jpg,2026-07-01 09:52:06,TI-04,drone,saudavel,saudavel,0.9949,agrosmart-v1,simulado,sim-2026-07
1bdb2ab9-2469-51ec-ad8e-d07b9df6430a,TI-04_20260701_0026.jpg,2026-07-01 09:52:45,TI-04,drone,saudavel,saudavel,0.9995,agrosmart-v1,simulado,sim-2026-07
6e6ff592-2526-53f1-adb1-477685d1663a,TI-04_20260701_0027.jpg,2026-07-01 09:53:23,TI-04,drone,saudavel,saudavel,0.9709,agrosmart-v1,simulado,sim-2026-07
3a816f5d-47e8-5893-82db-82d80d544df5,SC-01_20260701_0001.jpg,2026-07-01 09:54:09,SC-01,smartphone,saudavel,saudavel,0.9986,agrosmart-v1,simulado,sim-2026-07
ec6d4fd0-b96d-5592-8b32-88d2c95ea018,TI-04_20260701_0028.jpg,2026-07-01 09:54:10,TI-04,drone,saudavel,saudavel,0.6371,agrosmart-v1,simulado,sim-2026-07
860c6981-9d85-59a0-848e-71307c025d8f,SC-01_20260701_0002.jpg,2026-07-01 09:54:36,SC-01,smartphone,doente,requeima,0.9727,agrosmart-v1,simulado,sim-2026-07
7e925126-6207-5268-9ef1-a1971602ddd9,SC-01_20260701_0003.jpg,2026-07-01 09:55:29,SC-01,smartphone,doente,requeima,0.8512,agrosmart-v1,simulado,sim-2026-07
f015dccd-8c22-5eef-8371-a2305074e2c0,SC-01_20260701_0004.jpg,2026-07-01 09:56:09,SC-01,smartphone,saudavel,saudavel,0.9025,agrosmart-v1,simulado,sim-2026-07
5023410f-0346-5164-8d1f-b0cb2c0187f5,SC-01_20260701_0005.jpg,2026-07-01 09:56:43,SC-01,smartphone,saudavel,saudavel,0.8366,agrosmart-v1,simulado,sim-2026-07
f7e3b384-2b99-5767-b3d4-9259dbfe58e9,SC-01_20260701_0006.jpg,2026-07-01 09:57:20,SC-01,smartphone,saudavel,saudavel,0.9921,agrosmart-v1,simulado,sim-2026-07
d1119b53-2827-5cce-8e35-357da28fb6b4,SC-01_20260701_0007.jpg,2026-07-01 09:58:00,SC-01,smartphone,saudavel,saudavel,0.9603,agrosmart-v1,simulado,sim-2026-07
f341bbde-5272-55dd-9491-d4a1cba068a7,SC-01_20260701_0008.jpg,2026-07-01 09:58:44,SC-01,smartphone,saudavel,saudavel,0.9938,agrosmart-v1,simulado,sim-2026-07
3bd80ae6-a7d8-5893-bb22-f705aa23562d,SC-01_20260701_0009.jpg,2026-07-01 09:59:18,SC-01,smartphone,saudavel,saudavel,0.9936,agrosmart-v1,simulado,sim-2026-07
8900e625-7dec-5583-85d5-a7ce048ed42d,SC-01_20260701_0010.jpg,2026-07-01 09:59:59,SC-01,smartphone,doente,requeima,0.9057,agrosmart-v1,simulado,sim-2026-07
4b0b4af4-5125-5e7d-98fc-fa391c6c9683,SC-01_20260701_0011.jpg,2026-07-01 10:00:22,SC-01,smartphone,saudavel,saudavel,0.9086,agrosmart-v1,simulado,sim-2026-07
73d42d83-3f27-59f7-83ed-cf12f8304ffb,SC-01_20260701_0012.jpg,2026-07-01 10:01:30,SC-01,smartphone,doente,requeima,0.9965,agrosmart-v1,simulado,sim-2026-07
353ee164-cc14-537b-a4b5-24b1e995453f,SC-01_20260701_0013.jpg,2026-07-01 10:01:40,SC-01,smartphone,saudavel,saudavel,0.8949,agrosmart-v1,simulado,sim-2026-07
ed8adaca-fc70-5164-9ed2-939d2792e363,SC-01_20260701_0014.jpg,2026-07-01 10:02:25,SC-01,smartphone,saudavel,saudavel,0.9155,agrosmart-v1,simulado,sim-2026-07
621e3b24-f834-5908-97a7-e144d6441fe4,SC-01_20260701_0015.jpg,2026-07-01 10:03:23,SC-01,smartphone,saudavel,saudavel,0.9547,agrosmart-v1,simulado,sim-2026-07
f87484b0-927a-5927-8be5-8d1f99ea7625,SC-01_20260701_0016.jpg,2026-07-01 10:03:51,SC-01,smartphone,saudavel,saudavel,0.8720,agrosmart-v1,simulado,sim-2026-07
b2b13a49-3353-53e1-80f2-71d57fd32258,SC-01_20260701_0017.jpg,2026-07-01 10:04:30,SC-01,smartphone,saudavel,saudavel,0.9495,agrosmart-v1,simulado,sim-2026-07
82f2e4c6-423c-5bf9-b8bf-49921decc452,SC-01_20260701_0018.jpg,2026-07-01 10:05:07,SC-01,smartphone,saudavel,saudavel,0.8944,agrosmart-v1,simulado,sim-2026-07
6740eecc-6b81-5335-816e-f7603c0bb154,SC-01_20260701_0019.jpg,2026-07-01 10:05:47,SC-01,smartphone,doente,requeima,0.9909,agrosmart-v1,simulado,sim-2026-07
6366889b-d8e6-5ec0-9525-2a4674476406,SC-01_20260701_0020.jpg,2026-07-01 10:06:49,SC-01,smartphone,doente,mosca_minadora,0.9959,agrosmart-v1,simulado,sim-2026-07
c5558fd6-806a-5b79-ae01-5f01b23ed9e7,SC-01_20260701_0021.jpg,2026-07-01 10:07:10,SC-01,smartphone,saudavel,saudavel,0.8634,agrosmart-v1,simulado,sim-2026-07
75047847-0c38-5f77-b6fd-c4d716c4a670,SC-01_20260701_0022.jpg,2026-07-01 10:07:54,SC-01,smartphone,doente,requeima,0.8974,agrosmart-v1,simulado,sim-2026-07
5a4804d6-d4ab-5bf9-bdd2-eb19fbbf97da,SC-01_20260701_0023.jpg,2026-07-01 10:08:31,SC-01,smartphone,saudavel,saudavel,0.9672,agrosmart-v1,simulado,sim-2026-07
85193418-5fd7-513a-b44d-7e855fbc7454,SC-01_20260701_0024.jpg,2026-07-01 10:09:18,SC-01,smartphone,saudavel,saudavel,0.9230,agrosmart-v1,simulado,sim-2026-07
df0eee11-c9bb-5382-a5dd-2810d1f7f3cb,SC-01_20260701_0025.jpg,2026-07-01 10:09:44,SC-01,smartphone,doente,requeima,0.8866,agrosmart-v1,simulado,sim-2026-07
166c4c68-7f55-5a26-8102-a57c1edd1be7,SC-01_20260701_0026.jpg,2026-07-01 10:10:33,SC-01,smartphone,doente,requeima,0.9475,agrosmart-v1,simulado,sim-2026-07
3caf63b5-9efa-59f5-b1ee-27d37eadabcd,SC-01_20260701_0027.jpg,2026-07-01 10:11:10,SC-01,smartphone,saudavel,saudavel,0.8340,agrosmart-v1,simulado,sim-2026-07
d693ec47-d085-5644-b120-68c9a97493a5,SC-01_20260701_0028.jpg,2026-07-01 10:11:54,SC-01,smartphone,saudavel,saudavel,0.9155,agrosmart-v1,simulado,sim-2026-07
af98d547-84da-58bd-8ad3-89bd5c40644d,SC-01_20260701_0029.jpg,2026-07-01 10:12:47,SC-01,smartphone,saudavel,saudavel,0.9945,agrosmart-v1,simulado,sim-2026-07
f2fb3908-e182-53c6-aa00-2eaec9914cda,SC-01_20260701_0030.jpg,2026-07-01 10:13:05,SC-01,smartphone,doente,requeima,0.9467,agrosmart-v1,simulado,sim-2026-07
0ea95e24-b0f3-538b-89a6-8ff7b3510038,SC-01_20260701_0031.jpg,2026-07-01 10:13:59,SC-01,smartphone,doente,requeima,0.9263,agrosmart-v1,simulado,sim-2026-07
cda1b818-76ad-5934-a318-a51d52fad765,SC-01_20260701_0032.jpg,2026-07-01 10:14:49,SC-01,smartphone,saudavel,saudavel,0.9918,agrosmart-v1,simulado,sim-2026-07
8b920f30-1066-5d8f-acb0-7ac44be96046,SC-01_20260701_0033.jpg,2026-07-01 10:15:12,SC-01,smartphone,saudavel,saudavel,1.0000,agrosmart-v1,simulado,sim-2026-07
1f4acfe6-eb79-5877-a5c6-ce708c440056,SC-01_20260701_0034.jpg,2026-07-01 10:15:52,SC-01,smartphone,saudavel,saudavel,0.9604,agrosmart-v1,simulado,sim-2026-07
d8cc260b-9127-5154-bfd2-bc56d1579563,SC-01_20260701_0035.jpg,2026-07-01 10:16:50,SC-01,smartphone,saudavel,saudavel,0.9524,agrosmart-v1,simulado,sim-2026-07
055f11a8-0b6a-5487-9336-1f4f4e8911be,SC-01_20260701_0036.jpg,2026-07-01 10:17:30,SC-01,smartphone,doente,requeima,0.8572,agrosmart-v1,simulado,sim-2026-07
9bc41c2e-fd89-5e7a-9516-6b5c6c17edb5,SC-01_20260701_0037.jpg,2026-07-01 10:17:41,SC-01,smartphone,saudavel,saudavel,0.8819,agrosmart-v1,simulado,sim-2026-07
b7b39a24-72b9-5bd2-b88a-a1981aa8eae5,SC-01_20260701_0038.jpg,2026-07-01 10:18:41,SC-01,smartphone,saudavel,saudavel,0.9413,agrosmart-v1,simulado,sim-2026-07
05d8d8af-9dcc-51f7-8a7b-a47eceefbafd,SC-01_20260701_0039.jpg,2026-07-01 10:19:13,SC-01,smartphone,saudavel,saudavel,0.9897,agrosmart-v1,simulado,sim-2026-07
2d8dfd89-261e-5142-ab79-cba59fe676a1,TI-03_20260703_0001.jpg,2026-07-03 07:04:40,TI-03,drone,saudavel,saudavel,0.8259,agrosmart-v1,simulado,sim-2026-07
08f87fa2-f925-5f1a-a631-6785f202a281,TI-03_20260703_0002.jpg,2026-07-03 07:05:30,TI-03,drone,saudavel,saudavel,0.8359,agrosmart-v1,simulado,sim-2026-07
5ae981b0-53c6-546e-b3f0-74cdac45e417,TI-03_20260703_0003.jpg,2026-07-03 07:06:20,TI-03,drone,saudavel,saudavel,0.9843,agrosmart-v1,simulado,sim-2026-07
058b1357-d754-5354-ba11-e4476d7fa85f,TI-03_20260703_0004.jpg,2026-07-03 07:06:57,TI-03,drone,saudavel,saudavel,0.9936,agrosmart-v1,simulado,sim-2026-07
f99b5ab9-fcec-50e3-8ae4-33fbf4286bf8,TI-03_20260703_0005.jpg,2026-07-03 07:07:22,TI-03,drone,saudavel,saudavel,0.9844,agrosmart-v1,simulado,sim-2026-07
b20305d2-a560-5fda-92db-040093356a03,TI-03_20260703_0006.jpg,2026-07-03 07:08:05,TI-03,drone,doente,requeima,0.9526,agrosmart-v1,simulado,sim-2026-07
7d3212f9-edf4-5dc4-822f-0cbf43a1958d,TI-03_20260703_0007.jpg,2026-07-03 07:08:47,TI-03,drone,saudavel,saudavel,0.9486,agrosmart-v1,simulado,sim-2026-07
321f76b9-9489-592d-ac9b-2cc8b946c727,TI-03_20260703_0008.jpg,2026-07-03 07:09:31,TI-03,drone,saudavel,saudavel,0.9450,agrosmart-v1,simulado,sim-2026-07
0b0997ca-1c9a-5043-a2c0-99d3387bb1be,TI-03_20260703_0009.jpg,2026-07-03 07:10:14,TI-03,drone,doente,requeima,0.8657,agrosmart-v1,simulado,sim-2026-07
08658a04-4a36-5617-81c4-ec752d514df6,TI-03_20260703_0010.jpg,2026-07-03 07:10:46,TI-03,drone,saudavel,saudavel,1.0000,agrosmart-v1,simulado,sim-2026-07
57298d6d-e869-522c-b5e5-3175782c2622,TI-03_20260703_0011.jpg,2026-07-03 07:11:43,TI-03,drone,saudavel,saudavel,0.9279,agrosmart-v1,simulado,sim-2026-07
3db49dbf-359c-5b5b-b9f2-d3bb7fd8de47,TI-03_20260703_0012.jpg,2026-07-03 07:12:03,TI-03,drone,saudavel,saudavel,0.5432,agrosmart-v1,simulado,sim-2026-07
a26db37d-4f7a-5df2-857f-114e4376eceb,TI-03_20260703_0013.jpg,2026-07-03 07:13:03,TI-03,drone,saudavel,saudavel,0.9972,agrosmart-v1,simulado,sim-2026-07
f20b6288-6367-5464-bc70-2de93edded55,TI-03_20260703_0014.jpg,2026-07-03 07:13:35,TI-03,drone,saudavel,saudavel,0.9109,agrosmart-v1,simulado,sim-2026-07
2f8760d8-45a5-50a3-bf47-5be67932517f,TI-03_20260703_0015.jpg,2026-07-03 07:14:01,TI-03,drone,saudavel,saudavel,0.9993,agrosmart-v1,simulado,sim-2026-07
dd7a15e1-9b3a-52df-a203-53433709652c,TI-03_20260703_0016.jpg,2026-07-03 07:15:00,TI-03,drone,saudavel,saudavel,0.8629,agrosmart-v1,simulado,sim-2026-07
b908e659-433a-5c87-bbb6-e8d1a4cfcc1b,TI-03_20260703_0017.jpg,2026-07-03 07:15:26,TI-03,drone,saudavel,saudavel,0.9720,agrosmart-v1,simulado,sim-2026-07
30ce774d-18d2-5240-8890-e3bdf7c01756,TI-03_20260703_0018.jpg,2026-07-03 07:16:25,TI-03,drone,saudavel,saudavel,0.9861,agrosmart-v1,simulado,sim-2026-07
b0710361-35f3-5d95-879b-a4d7960dfecb,TI-03_20260703_0019.jpg,2026-07-03 07:16:40,TI-03,drone,saudavel,saudavel,0.9986,agrosmart-v1,simulado,sim-2026-07
0faefe2e-6dfa-5b56-b278-55e72818c0cd,TI-03_20260703_0020.jpg,2026-07-03 07:17:28,TI-03,drone,saudavel,saudavel,0.8915,agrosmart-v1,simulado,sim-2026-07
ac87c625-30de-524b-b169-97b31acfd198,TI-03_20260703_0021.jpg,2026-07-03 07:18:17,TI-03,drone,saudavel,saudavel,0.9052,agrosmart-v1,simulado,sim-2026-07
fe241d35-55c7-583d-a740-327acabd0d17,TI-03_20260703_0022.jpg,2026-07-03 07:19:10,TI-03,drone,saudavel,saudavel,0.8279,agrosmart-v1,simulado,sim-2026-07
cbdecf86-0d75-5982-873d-316e71999ca8,TI-03_20260703_0023.jpg,2026-07-03 07:19:31,TI-03,drone,saudavel,saudavel,0.9957,agrosmart-v1,simulado,sim-2026-07
05508a22-175f-5e0d-b4dc-260dfe11f125,TI-03_20260703_0024.jpg,2026-07-03 07:20:22,TI-03,drone,saudavel,saudavel,0.8735,agrosmart-v1,simulado,sim-2026-07
2f1b1d86-d08e-5f51-a4e8-8ee44a19067e,TI-03_20260703_0025.jpg,2026-07-03 07:20:42,TI-03,drone,saudavel,saudavel,0.9880,agrosmart-v1,simulado,sim-2026-07
1ca011de-c69c-5764-9785-99c875b00ec7,TI-03_20260703_0026.jpg,2026-07-03 07:21:36,TI-03,drone,saudavel,saudavel,0.9995,agrosmart-v1,simulado,sim-2026-07
acb4c784-5339-57e3-bc92-97a2d299d3b6,TI-03_20260703_0027.jpg,2026-07-03 07:22:19,TI-03,drone,saudavel,saudavel,0.9854,agrosmart-v1,simulado,sim-2026-07
fad5a4bc-0328-5e5b-971c-d0042b3d05e1,TI-03_20260703_0028.jpg,2026-07-03 07:22:57,TI-03,drone,saudavel,saudavel,0.8874,agrosmart-v1,simulado,sim-2026-07
d13a16f7-0b5d-5fd9-8e8c-2491422acdcb,TI-03_20260703_0029.jpg,2026-07-03 07:23:39,TI-03,drone,saudavel,saudavel,0.9935,agrosmart-v1,simulado,sim-2026-07
5d296eac-00c6-53da-aefa-d31e398184c8,TI-03_20260703_0030.jpg,2026-07-03 07:24:24,TI-03,drone,saudavel,saudavel,0.9641,agrosmart-v1,simulado,sim-2026-07
145d654d-105d-5336-97a2-553024b9a1db,TI-03_20260703_0031.jpg,2026-07-03 07:24:59,TI-03,drone,saudavel,saudavel,0.9784,agrosmart-v1,simulado,sim-2026-07
b98102b2-2111-5b9e-8c3f-8e7f92fd54d1,TI-03_20260703_0032.jpg,2026-07-03 07:25:40,TI-03,drone,saudavel,saudavel,0.9961,agrosmart-v1,simulado,sim-2026-07
7b753fb2-d333-5a68-8ea5-51a3899ce23a,TI-03_20260703_0033.jpg,2026-07-03 07:26:09,TI-03,drone,saudavel,saudavel,0.9012,agrosmart-v1,simulado,sim-2026-07
e783c636-6f12-5889-8696-e6c3c4c36e04,TI-03_20260703_0034.jpg,2026-07-03 07:27:05,TI-03,drone,saudavel,saudavel,0.9923,agrosmart-v1,simulado,sim-2026-07
37acd2da-acee-572b-9fca-39737a00dcb4,TI-03_20260703_0035.jpg,2026-07-03 07:27:50,TI-03,drone,doente,pinta_preta,0.9990,agrosmart-v1,simulado,sim-2026-07
b32a3706-e82d-5d3f-afa0-561d835b54ac,TI-03_20260703_0036.jpg,2026-07-03 07:28:10,TI-03,drone,saudavel,saudavel,0.9860,agrosmart-v1,simulado,sim-2026-07
97fafbd0-bcf9-58a6-aedf-9d91d1f3b2ab,TI-03_20260703_0037.jpg,2026-07-03 07:29:01,TI-03,drone,saudavel,saudavel,0.9399,agrosmart-v1,simulado,sim-2026-07
bb8c7356-ef44-58a8-8258-64eb7fd71b59,TI-03_20260703_0038.jpg,2026-07-03 07:29:34,TI-03,drone,saudavel,saudavel,0.9456,agrosmart-v1,simulado,sim-2026-07
bbbd7d50-4a4c-57d0-90fc-9502ace18aad,TI-03_20260703_0039.jpg,2026-07-03 07:30:02,TI-03,drone,saudavel,saudavel,0.5544,agrosmart-v1,simulado,sim-2026-07
9ec12d05-0ca1-595c-9217-8e347b52a936,TI-03_20260703_0040.jpg,2026-07-03 07:30:58,TI-03,drone,saudavel,saudavel,0.8906,agrosmart-v1,simulado,sim-2026-07
a18bc364-cd9d-5692-9697-b9732622c3bc,TI-03_20260703_0041.jpg,2026-07-03 07:31:46,TI-03,drone,saudavel,saudavel,0.9576,agrosmart-v1,simulado,sim-2026-07
4e5628d1-0c90-5093-ab40-88594e0c64ad,SC-02_20260703_0001.jpg,2026-07-03 07:35:10,SC-02,smartphone,doente,requeima,0.8955,agrosmart-v1,simulado,sim-2026-07
ce64258f-c398-5882-b1d3-d92f7a3e2d15,SC-02_20260703_0002.jpg,2026-07-03 07:35:23,SC-02,smartphone,doente,requeima,0.9633,agrosmart-v1,simulado,sim-2026-07
581bee21-3927-5280-b080-ac3828dd8330,SC-02_20260703_0003.jpg,2026-07-03 07:36:00,SC-02,smartphone,saudavel,saudavel,0.9491,agrosmart-v1,simulado,sim-2026-07
76a78174-9c51-5fe7-8891-afd27b22f2f7,SC-02_20260703_0004.jpg,2026-07-03 07:36:53,SC-02,smartphone,saudavel,saudavel,0.8855,agrosmart-v1,simulado,sim-2026-07
b1b70523-59bf-5a6c-a954-fb453f93a787,SC-02_20260703_0005.jpg,2026-07-03 07:37:33,SC-02,smartphone,saudavel,saudavel,0.9941,agrosmart-v1,simulado,sim-2026-07
65b66ad2-fcd1-5c79-a109-2c69855d4088,SC-02_20260703_0006.jpg,2026-07-03 07:38:21,SC-02,smartphone,doente,requeima,0.9764,agrosmart-v1,simulado,sim-2026-07
792a9f8e-8ba2-56bf-8404-f47e98391bac,SC-02_20260703_0007.jpg,2026-07-03 07:38:51,SC-02,smartphone,doente,requeima,0.9791,agrosmart-v1,simulado,sim-2026-07
335b4c5c-5f8a-562a-8c99-26742ecd427a,SC-02_20260703_0008.jpg,2026-07-03 07:39:20,SC-02,smartphone,saudavel,saudavel,0.9833,agrosmart-v1,simulado,sim-2026-07
830f57ea-a0f5-52d0-87bb-61872c1a2d62,SC-02_20260703_0009.jpg,2026-07-03 07:40:16,SC-02,smartphone,saudavel,saudavel,0.8305,agrosmart-v1,simulado,sim-2026-07
99284512-d3e6-50f0-a37a-734e71d742ee,SC-02_20260703_0010.jpg,2026-07-03 07:40:54,SC-02,smartphone,doente,requeima,0.9769,agrosmart-v1,simulado,sim-2026-07
5bb447df-70fe-5daa-a936-88360de49447,SC-02_20260703_0011.jpg,2026-07-03 07:41:41,SC-02,smartphone,doente,requeima,0.8413,agrosmart-v1,simulado,sim-2026-07
5b216ea7-3aee-5c72-9a42-11434b6669ed,SC-02_20260703_0012.jpg,2026-07-03 07:42:01,SC-02,smartphone,doente,requeima,0.9876,agrosmart-v1,simulado,sim-2026-07
28bacb5e-c14f-524c-ac29-e69732701d97,SC-02_20260703_0013.jpg,2026-07-03 07:42:48,SC-02,smartphone,doente,requeima,0.9559,agrosmart-v1,simulado,sim-2026-07
1185a69a-e763-5ae7-8a72-601a50b1f848,SC-02_20260703_0014.jpg,2026-07-03 07:43:36,SC-02,smartphone,saudavel,saudavel,0.9122,agrosmart-v1,simulado,sim-2026-07
e63996a2-ca03-536d-9602-286d7e32957e,SC-02_20260703_0015.jpg,2026-07-03 07:44:24,SC-02,smartphone,saudavel,saudavel,0.8318,agrosmart-v1,simulado,sim-2026-07
c39ae8d0-caee-5340-a7e2-ebe027327080,SC-02_20260703_0016.jpg,2026-07-03 07:44:57,SC-02,smartphone,doente,requeima,0.9605,agrosmart-v1,simulado,sim-2026-07
70d0bc16-e929-52eb-a6e5-0074a67799c7,SC-02_20260703_0017.jpg,2026-07-03 07:45:47,SC-02,smartphone,saudavel,saudavel,0.8746,agrosmart-v1,simulado,sim-2026-07
df79f583-ae66-516e-829f-cf1179f43ba0,SC-02_20260703_0018.jpg,2026-07-03 07:46:27,SC-02,smartphone,doente,requeima,0.9475,agrosmart-v1,simulado,sim-2026-07
9a0c43e6-b105-5238-ba5a-7a72108be632,SC-02_20260703_0019.jpg,2026-07-03 07:46:44,SC-02,smartphone,saudavel,saudavel,0.9514,agrosmart-v1,simulado,sim-2026-07
781d5495-3656-54ee-aad0-030e3218a9ef,SC-02_20260703_0020.jpg,2026-07-03 07:47:48,SC-02,smartphone,doente,requeima,0.9144,agrosmart-v1,simulado,sim-2026-07
fb5a4de3-45ae-5abf-b82a-550e31a9db81,SC-02_20260703_0021.jpg,2026-07-03 07:48:20,SC-02,smartphone,doente,requeima,0.8910,agrosmart-v1,simulado,sim-2026-07
d89d0ae7-b3fe-5f13-be37-51e34cd4608d,SC-02_20260703_0022.jpg,2026-07-03 07:48:44,SC-02,smartphone,doente,requeima,0.9308,agrosmart-v1,simulado,sim-2026-07
6d1d7e01-80ee-5518-855c-89bdf81b361b,SC-02_20260703_0023.jpg,2026-07-03 07:49:48,SC-02,smartphone,saudavel,saudavel,0.9457,agrosmart-v1,simulado,sim-2026-07
4d50dd74-dedc-53ad-bcdd-e9cb1f5879f9,SC-02_20260703_0024.jpg,2026-07-03 07:50:27,SC-02,smartphone,doente,requeima,0.8839,agrosmart-v1,simulado,sim-2026-07
e46a679f-6a77-5666-8c66-e75ea68b8533,SC-02_20260703_0025.jpg,2026-07-03 07:50:59,SC-02,smartphone,doente,requeima,0.8934,agrosmart-v1,simulado,sim-2026-07
7a8fd26f-6201-5cde-991d-79a522248ed5,SC-02_20260703_0026.jpg,2026-07-03 07:51:37,SC-02,smartphone,saudavel,saudavel,0.9836,agrosmart-v1,simulado,sim-2026-07
5691a7ae-59dc-59e0-b017-e2459945732e,SC-02_20260703_0027.jpg,2026-07-03 07:52:16,SC-02,smartphone,saudavel,saudavel,0.9056,agrosmart-v1,simulado,sim-2026-07
dfd7a44b-d170-5e5e-8489-354d33811c55,SC-02_20260703_0028.jpg,2026-07-03 07:53:02,SC-02,smartphone,saudavel,saudavel,0.9271,agrosmart-v1,simulado,sim-2026-07
2fd13d05-7296-5ebf-8b4e-d8d3889779db,SC-02_20260703_0029.jpg,2026-07-03 07:53:42,SC-02,smartphone,doente,requeima,0.9928,agrosmart-v1,simulado,sim-2026-07
56871008-ebba-56e2-9936-5821cbc212fc,SC-02_20260703_0030.jpg,2026-07-03 07:54:08,SC-02,smartphone,saudavel,saudavel,0.9945,agrosmart-v1,simulado,sim-2026-07
de66f440-62c8-52ec-b753-c453cac05797,SC-02_20260703_0031.jpg,2026-07-03 07:54:54,SC-02,smartphone,doente,requeima,0.9981,agrosmart-v1,simulado,sim-2026-07
54c0828a-de67-5ef1-ae2e-aff53829b3a2,SC-02_20260703_0032.jpg,2026-07-03 07:55:37,SC-02,smartphone,saudavel,saudavel,0.9585,agrosmart-v1,simulado,sim-2026-07
5721a410-6dd3-5a68-8209-abb63b29cd3f,SC-01_20260703_0001.jpg,2026-07-03 07:57:01,SC-01,smartphone,saudavel,saudavel,0.8400,agrosmart-v1,simulado,sim-2026-07
a292ebfc-ca59-56f2-a8f0-3a90236db930,SC-01_20260703_0002.jpg,2026-07-03 07:57:50,SC-01,smartphone,doente,requeima,0.9729,agrosmart-v1,simulado,sim-2026-07
3d4dfdf0-2859-5a23-8fa2-c233aee3fef3,SC-01_20260703_0003.jpg,2026-07-03 07:58:12,SC-01,smartphone,saudavel,saudavel,0.8255,agrosmart-v1,simulado,sim-2026-07
b2dd52dd-9f0c-571d-8ff2-728c6e27fe7b,SC-01_20260703_0004.jpg,2026-07-03 07:58:56,SC-01,smartphone,saudavel,saudavel,0.8739,agrosmart-v1,simulado,sim-2026-07
b834c29a-cbd7-54c0-b87c-5d54aa8fead8,SC-01_20260703_0005.jpg,2026-07-03 07:59:29,SC-01,smartphone,saudavel,saudavel,0.9488,agrosmart-v1,simulado,sim-2026-07
ade89e59-544c-573c-9426-948457152d78,SC-01_20260703_0006.jpg,2026-07-03 08:00:19,SC-01,smartphone,saudavel,saudavel,0.8689,agrosmart-v1,simulado,sim-2026-07
68321375-4fdb-5b9b-85b0-c214773c421f,SC-01_20260703_0007.jpg,2026-07-03 08:00:45,SC-01,smartphone,saudavel,saudavel,0.9777,agrosmart-v1,simulado,sim-2026-07
90c6092c-ed2c-5d3d-8791-53f58c720b9f,SC-01_20260703_0008.jpg,2026-07-03 08:01:23,SC-01,smartphone,saudavel,saudavel,0.9529,agrosmart-v1,simulado,sim-2026-07
0c962197-e4ef-555e-9e10-b18a1a81be86,SC-01_20260703_0009.jpg,2026-07-03 08:02:02,SC-01,smartphone,saudavel,saudavel,0.9038,agrosmart-v1,simulado,sim-2026-07
ee79385b-b947-5e3d-a248-770cfc52b53a,SC-01_20260703_0010.jpg,2026-07-03 08:03:03,SC-01,smartphone,saudavel,saudavel,0.9216,agrosmart-v1,simulado,sim-2026-07
1a841533-b395-5f07-931e-02fc28754cdd,SC-01_20260703_0011.jpg,2026-07-03 08:03:47,SC-01,smartphone,doente,requeima,1.0000,agrosmart-v1,simulado,sim-2026-07
681f581a-152a-5124-9e17-65914f4cebb3,SC-01_20260703_0012.jpg,2026-07-03 08:04:00,SC-01,smartphone,saudavel,saudavel,0.9648,agrosmart-v1,simulado,sim-2026-07
cae21394-122a-52ba-836e-92a5ab3186d0,SC-01_20260703_0013.jpg,2026-07-03 08:04:50,SC-01,smartphone,saudavel,saudavel,0.8762,agrosmart-v1,simulado,sim-2026-07
4bdfca43-e1a4-504a-8969-8d1a794f7b64,SC-01_20260703_0014.jpg,2026-07-03 08:05:49,SC-01,smartphone,saudavel,saudavel,0.9740,agrosmart-v1,simulado,sim-2026-07
86fe8b07-af2f-5517-8218-bfc9e658e010,SC-01_20260703_0015.jpg,2026-07-03 08:06:28,SC-01,smartphone,saudavel,saudavel,0.9991,agrosmart-v1,simulado,sim-2026-07
b31aa819-1717-5a68-8df3-1857a6fb1458,SC-01_20260703_0016.jpg,2026-07-03 08:06:52,SC-01,smartphone,doente,requeima,0.9464,agrosmart-v1,simulado,sim-2026-07
57c9bca7-9d2e-5ace-bf6c-7dd3b6db079a,SC-01_20260703_0017.jpg,2026-07-03 08:07:35,SC-01,smartphone,saudavel,saudavel,0.9912,agrosmart-v1,simulado,sim-2026-07
d33616ff-8934-5624-91d4-4b366b47c647,SC-01_20260703_0018.jpg,2026-07-03 08:08:29,SC-01,smartphone,saudavel,saudavel,0.9781,agrosmart-v1,simulado,sim-2026-07
cde49eec-9f9a-5299-84c9-d3b05b1416a4,SC-01_20260703_0019.jpg,2026-07-03 08:09:09,SC-01,smartphone,saudavel,saudavel,0.9958,agrosmart-v1,simulado,sim-2026-07
4e668365-6a82-5e05-a037-5be1c8aaa0c8,SC-01_20260703_0020.jpg,2026-07-03 08:09:36,SC-01,smartphone,saudavel,saudavel,0.9784,agrosmart-v1,simulado,sim-2026-07
41b33e3d-9e0d-564b-8977-7c20ecf0c406,SC-01_20260703_0021.jpg,2026-07-03 08:10:27,SC-01,smartphone,saudavel,saudavel,0.9618,agrosmart-v1,simulado,sim-2026-07
5f039b44-4668-5c2c-84fd-3334ba90edd8,SC-01_20260703_0022.jpg,2026-07-03 08:11:00,SC-01,smartphone,saudavel,saudavel,0.9150,agrosmart-v1,simulado,sim-2026-07
4ed74d43-9e7b-5776-863e-41d5a52afe30,SC-01_20260703_0023.jpg,2026-07-03 08:11:39,SC-01,smartphone,saudavel,saudavel,0.9999,agrosmart-v1,simulado,sim-2026-07
7a573459-5366-576b-9090-e3b7e840bf18,SC-01_20260703_0024.jpg,2026-07-03 08:12:21,SC-01,smartphone,saudavel,saudavel,0.6134,agrosmart-v1,simulado,sim-2026-07
5fa47427-4fa9-5062-8212-cf0b174923ce,SC-01_20260703_0025.jpg,2026-07-03 08:12:40,SC-01,smartphone,saudavel,saudavel,0.9661,agrosmart-v1,simulado,sim-2026-07
ea3d1173-5a05-5aa9-9f68-f9d3fa2d9cb0,SC-01_20260703_0026.jpg,2026-07-03 08:13:37,SC-01,smartphone,doente,requeima,0.8443,agrosmart-v1,simulado,sim-2026-07
dd5ae63e-13d7-5f49-bc91-6f4786adf22b,TI-01_20260703_0001.jpg,2026-07-03 08:22:00,TI-01,drone,saudavel,saudavel,0.9749,agrosmart-v1,simulado,sim-2026-07
b33da27a-aaf0-55dc-9773-646eec3f8ca7,TI-01_20260703_0002.jpg,2026-07-03 08:22:45,TI-01,drone,saudavel,saudavel,0.8305,agrosmart-v1,simulado,sim-2026-07
25ab2fb2-3600-574d-90b7-8a9718395d44,TI-01_20260703_0003.jpg,2026-07-03 08:23:09,TI-01,drone,saudavel,saudavel,0.9635,agrosmart-v1,simulado,sim-2026-07
a4faeb73-040a-50b5-8127-9c4cd71ec889,TI-01_20260703_0004.jpg,2026-07-03 08:23:42,TI-01,drone,saudavel,saudavel,0.8308,agrosmart-v1,simulado,sim-2026-07
527052be-6592-5f48-a324-f62c694525f0,TI-01_20260703_0005.jpg,2026-07-03 08:24:23,TI-01,drone,saudavel,saudavel,0.9812,agrosmart-v1,simulado,sim-2026-07
217b58a3-d144-5237-b2b9-93c5320c15a2,TI-01_20260703_0006.jpg,2026-07-03 08:25:25,TI-01,drone,saudavel,saudavel,0.8980,agrosmart-v1,simulado,sim-2026-07
b898d4a7-e495-5a63-ad7e-bb24283ae4a3,TI-01_20260703_0007.jpg,2026-07-03 08:26:01,TI-01,drone,saudavel,saudavel,0.9249,agrosmart-v1,simulado,sim-2026-07
e1e35f9d-1e6d-589b-9ae1-911b449012a0,TI-01_20260703_0008.jpg,2026-07-03 08:26:23,TI-01,drone,saudavel,saudavel,1.0000,agrosmart-v1,simulado,sim-2026-07
d3ca1495-7afd-5f24-95bf-64df68566e60,TI-01_20260703_0009.jpg,2026-07-03 08:27:25,TI-01,drone,saudavel,saudavel,0.8337,agrosmart-v1,simulado,sim-2026-07
600af5db-8f16-574d-9e11-855fda5daf38,TI-01_20260703_0010.jpg,2026-07-03 08:27:51,TI-01,drone,saudavel,saudavel,0.9368,agrosmart-v1,simulado,sim-2026-07
70456778-2ebf-543a-a241-5a4c782e8d0e,TI-01_20260703_0011.jpg,2026-07-03 08:28:27,TI-01,drone,saudavel,saudavel,0.9793,agrosmart-v1,simulado,sim-2026-07
faeb3af3-3b98-5b53-b2a4-30ee85d5df6f,TI-01_20260703_0012.jpg,2026-07-03 08:29:29,TI-01,drone,saudavel,saudavel,0.8897,agrosmart-v1,simulado,sim-2026-07
3e117daf-6f8c-51c4-942b-86c92a2b34a4,TI-01_20260703_0013.jpg,2026-07-03 08:29:56,TI-01,drone,saudavel,saudavel,0.8624,agrosmart-v1,simulado,sim-2026-07
4f22af4d-5ca8-5df8-8001-5dcd210d264b,TI-01_20260703_0014.jpg,2026-07-03 08:30:45,TI-01,drone,saudavel,saudavel,0.9507,agrosmart-v1,simulado,sim-2026-07
a198e340-441a-5115-99b3-02d346be95e6,TI-01_20260703_0015.jpg,2026-07-03 08:31:23,TI-01,drone,saudavel,saudavel,0.8297,agrosmart-v1,simulado,sim-2026-07
684fe910-5be4-5345-ba75-fc476719b192,TI-01_20260703_0016.jpg,2026-07-03 08:32:10,TI-01,drone,saudavel,saudavel,0.9530,agrosmart-v1,simulado,sim-2026-07
f77024d0-7592-5bd0-9d02-0acb41db0529,TI-01_20260703_0017.jpg,2026-07-03 08:32:24,TI-01,drone,saudavel,saudavel,0.9624,agrosmart-v1,simulado,sim-2026-07
1d6c31fe-905a-5b48-8ef4-e8a5688a037a,BV-01_20260703_0001.jpg,2026-07-03 08:32:58,BV-01,smartphone,saudavel,saudavel,0.9880,agrosmart-v1,simulado,sim-2026-07
efb23a90-ba1c-5b96-b49e-b489c998d0b2,TI-01_20260703_0018.jpg,2026-07-03 08:33:09,TI-01,drone,saudavel,saudavel,0.5266,agrosmart-v1,simulado,sim-2026-07
e2dc8481-b0c1-537b-bb84-3ea5b0fe5784,BV-01_20260703_0002.jpg,2026-07-03 08:33:42,BV-01,smartphone,saudavel,saudavel,0.9749,agrosmart-v1,simulado,sim-2026-07
eaebcd59-7587-52ad-9b66-4fc2d40ebabe,TI-01_20260703_0019.jpg,2026-07-03 08:33:49,TI-01,drone,saudavel,saudavel,0.8466,agrosmart-v1,simulado,sim-2026-07
86166f92-9571-5d7c-97d7-12bb15cd9e9c,BV-01_20260703_0003.jpg,2026-07-03 08:34:00,BV-01,smartphone,saudavel,saudavel,0.9952,agrosmart-v1,simulado,sim-2026-07
0a3a6a53-e9ef-573a-968e-46cb4e9b150c,TI-01_20260703_0020.jpg,2026-07-03 08:34:35,TI-01,drone,saudavel,saudavel,0.9982,agrosmart-v1,simulado,sim-2026-07
7eba5475-8fbd-5469-92fe-1c182b319c03,BV-01_20260703_0004.jpg,2026-07-03 08:34:50,BV-01,smartphone,saudavel,saudavel,0.9135,agrosmart-v1,simulado,sim-2026-07
5c9edab0-b347-5d9a-bb83-0722703113e1,TI-01_20260703_0021.jpg,2026-07-03 08:35:13,TI-01,drone,saudavel,saudavel,0.8281,agrosmart-v1,simulado,sim-2026-07
bbfd3c15-d019-5f4d-a50f-7f90028a6ada,BV-01_20260703_0005.jpg,2026-07-03 08:35:21,BV-01,smartphone,saudavel,saudavel,0.9683,agrosmart-v1,simulado,sim-2026-07
4e5f799f-3f42-53ac-a97b-2bb5458dbadb,TI-01_20260703_0022.jpg,2026-07-03 08:35:54,TI-01,drone,saudavel,saudavel,0.9960,agrosmart-v1,simulado,sim-2026-07
c6c19ba6-ea79-5795-8123-d7a744b153a7,BV-01_20260703_0006.jpg,2026-07-03 08:36:11,BV-01,smartphone,saudavel,saudavel,0.9847,agrosmart-v1,simulado,sim-2026-07
8c17a88c-9f62-599e-a253-1d3dc2d99083,TI-01_20260703_0023.jpg,2026-07-03 08:36:25,TI-01,drone,saudavel,saudavel,0.9725,agrosmart-v1,simulado,sim-2026-07
a2109162-d719-5e1c-bc0c-50021af789fa,BV-01_20260703_0007.jpg,2026-07-03 08:36:42,BV-01,smartphone,saudavel,saudavel,0.8943,agrosmart-v1,simulado,sim-2026-07
5aecfec3-95e2-50a1-8cf1-07f90a234e92,TI-01_20260703_0024.jpg,2026-07-03 08:37:20,TI-01,drone,saudavel,saudavel,0.8302,agrosmart-v1,simulado,sim-2026-07
ffe54d5e-55d2-54bb-9904-4053f80067bb,BV-01_20260703_0008.jpg,2026-07-03 08:37:23,BV-01,smartphone,saudavel,saudavel,0.9950,agrosmart-v1,simulado,sim-2026-07
c85aeca0-a2ad-5b21-8378-cd5628e33bf3,TI-02_20260703_0001.jpg,2026-07-03 08:38:00,TI-02,drone,saudavel,saudavel,0.9065,agrosmart-v1,simulado,sim-2026-07
121e2e3a-d632-51bc-a7f9-ebc56897dbb3,TI-01_20260703_0025.jpg,2026-07-03 08:38:03,TI-01,drone,saudavel,saudavel,0.9503,agrosmart-v1,simulado,sim-2026-07
18da8fb4-69f9-5640-b8db-0b41d71eb93b,BV-01_20260703_0009.jpg,2026-07-03 08:38:10,BV-01,smartphone,saudavel,saudavel,0.9155,agrosmart-v1,simulado,sim-2026-07
9b74b1e0-b0ca-5b40-a7f8-3f38a017f71b,TI-02_20260703_0002.jpg,2026-07-03 08:38:26,TI-02,drone,saudavel,saudavel,0.8438,agrosmart-v1,simulado,sim-2026-07
c4011b50-9d95-5962-bb3a-771c9cfb3a2d,TI-01_20260703_0026.jpg,2026-07-03 08:38:46,TI-01,drone,saudavel,saudavel,0.9809,agrosmart-v1,simulado,sim-2026-07
2f3b2d20-4de0-50ca-9c72-1b2196f37ce4,BV-01_20260703_0010.jpg,2026-07-03 08:39:01,BV-01,smartphone,saudavel,saudavel,0.9763,agrosmart-v1,simulado,sim-2026-07
2490e5da-0179-59be-941c-0e65905f038e,TI-02_20260703_0003.jpg,2026-07-03 08:39:14,TI-02,drone,saudavel,saudavel,1.0000,agrosmart-v1,simulado,sim-2026-07
3c9cb455-2cce-5233-8061-922b4440c401,TI-01_20260703_0027.jpg,2026-07-03 08:39:30,TI-01,drone,saudavel,saudavel,0.9968,agrosmart-v1,simulado,sim-2026-07
a1aaf807-61f5-5752-b6d1-c0996be34a72,BV-01_20260703_0011.jpg,2026-07-03 08:39:31,BV-01,smartphone,saudavel,saudavel,1.0000,agrosmart-v1,simulado,sim-2026-07
9906f637-1a5b-5344-b280-bf5ca5c0bfc1,TI-02_20260703_0004.jpg,2026-07-03 08:40:06,TI-02,drone,saudavel,saudavel,0.9280,agrosmart-v1,simulado,sim-2026-07
1ca7afbe-1a3e-5d9f-af5c-75d6942e6e09,TI-01_20260703_0028.jpg,2026-07-03 08:40:09,TI-01,drone,saudavel,saudavel,0.9966,agrosmart-v1,simulado,sim-2026-07
d9749682-59b5-5628-9f0b-46105b72123d,BV-01_20260703_0012.jpg,2026-07-03 08:40:11,BV-01,smartphone,saudavel,saudavel,0.9694,agrosmart-v1,simulado,sim-2026-07
11cecec5-151c-5058-8186-ac8ea6d4ddb7,TI-02_20260703_0005.jpg,2026-07-03 08:40:33,TI-02,drone,saudavel,saudavel,0.9659,agrosmart-v1,simulado,sim-2026-07
a381afe9-eb6e-5f1c-afbc-ad333ab6cc94,TI-01_20260703_0029.jpg,2026-07-03 08:40:42,TI-01,drone,saudavel,saudavel,0.8584,agrosmart-v1,simulado,sim-2026-07
b2e8dd71-c371-548c-8585-ae3014c5b08d,BV-01_20260703_0013.jpg,2026-07-03 08:40:45,BV-01,smartphone,saudavel,saudavel,0.9957,agrosmart-v1,simulado,sim-2026-07
f7265b1a-671b-543e-9b0b-8956f59ecacc,TI-01_20260703_0030.jpg,2026-07-03 08:41:07,TI-01,drone,saudavel,saudavel,0.9431,agrosmart-v1,simulado,sim-2026-07
e4e2aa63-73a8-54a0-a4e7-681619ab6d43,TI-02_20260703_0006.jpg,2026-07-03 08:41:19,TI-02,drone,saudavel,saudavel,0.9650,agrosmart-v1,simulado,sim-2026-07
dac58dd4-80db-5662-84d0-bc3e87304a54,BV-01_20260703_0014.jpg,2026-07-03 08:41:26,BV-01,smartphone,saudavel,saudavel,0.9438,agrosmart-v1,simulado,sim-2026-07
65501653-18d3-5f82-b311-8ed9885edcfb,TI-02_20260703_0007.jpg,2026-07-03 08:41:41,TI-02,drone,saudavel,saudavel,0.7594,agrosmart-v1,simulado,sim-2026-07
56f06f6c-d9c1-5b0f-af6e-76fd7669fd16,TI-01_20260703_0031.jpg,2026-07-03 08:42:03,TI-01,drone,saudavel,saudavel,0.9417,agrosmart-v1,simulado,sim-2026-07
517b7904-a9f1-59e4-b493-bb9e8084a4fb,TI-01_20260703_0032.jpg,2026-07-03 08:42:24,TI-01,drone,saudavel,saudavel,0.9682,agrosmart-v1,simulado,sim-2026-07
cf51c2dd-55be-5486-9e16-080988ec3e59,BV-01_20260703_0015.jpg,2026-07-03 08:42:30,BV-01,smartphone,saudavel,saudavel,0.9490,agrosmart-v1,simulado,sim-2026-07
eaf632ec-0131-5b72-a332-87f6584ea842,TI-02_20260703_0008.jpg,2026-07-03 08:42:30,TI-02,drone,saudavel,saudavel,0.9080,agrosmart-v1,simulado,sim-2026-07
e3f24a2a-7d7e-5213-8784-86837c49ec0b,TI-01_20260703_0033.jpg,2026-07-03 08:43:01,TI-01,drone,saudavel,saudavel,0.9607,agrosmart-v1,simulado,sim-2026-07
29dafd0a-aea1-5da1-ac43-44a663239d02,BV-01_20260703_0016.jpg,2026-07-03 08:43:04,BV-01,smartphone,saudavel,saudavel,0.9686,agrosmart-v1,simulado,sim-2026-07
e0a9c4a5-8845-533f-8506-dc8c02fb50a2,TI-02_20260703_0009.jpg,2026-07-03 08:43:04,TI-02,drone,saudavel,saudavel,0.9305,agrosmart-v1,simulado,sim-2026-07
0184938f-0df8-5503-ac3a-6ee6f46285a1,BV-01_20260703_0017.jpg,2026-07-03 08:43:23,BV-01,smartphone,saudavel,saudavel,0.8465,agrosmart-v1,simulado,sim-2026-07
ca35a8f4-8a75-574e-a547-be1dcd678e70,TI-02_20260703_0010.jpg,2026-07-03 08:43:40,TI-02,drone,saudavel,saudavel,0.8242,agrosmart-v1,simulado,sim-2026-07
0d7070f1-2475-5da3-aa82-c1bb28342dcc,TI-01_20260703_0034.jpg,2026-07-03 08:43:59,TI-01,drone,saudavel,saudavel,0.9142,agrosmart-v1,simulado,sim-2026-07
d374cd4a-b5ad-5339-ad61-714851978c1f,BV-01_20260703_0018.jpg,2026-07-03 08:44:09,BV-01,smartphone,saudavel,saudavel,0.9965,agrosmart-v1,simulado,sim-2026-07
e726c613-abe6-5878-b163-e30ee190cffa,TI-01_20260703_0035.jpg,2026-07-03 08:44:27,TI-01,drone,saudavel,saudavel,0.9607,agrosmart-v1,simulado,sim-2026-07
3688546a-925d-53e7-a268-3064439ede6e,TI-02_20260703_0011.jpg,2026-07-03 08:44:32,TI-02,drone,saudavel,saudavel,0.9889,agrosmart-v1,simulado,sim-2026-07
6559f584-b10c-5e84-8ea6-b2e83674c25b,BV-01_20260703_0019.jpg,2026-07-03 08:44:59,BV-01,smartphone,saudavel,saudavel,0.8306,agrosmart-v1,simulado,sim-2026-07
9622ddd5-846b-5fad-a4d0-11e4a75a35da,TI-01_20260703_0036.jpg,2026-07-03 08:45:19,TI-01,drone,saudavel,saudavel,0.9741,agrosmart-v1,simulado,sim-2026-07
533ee293-d7f3-5e7c-99f3-6ea13420e711,TI-02_20260703_0012.jpg,2026-07-03 08:45:30,TI-02,drone,saudavel,saudavel,0.9994,agrosmart-v1,simulado,sim-2026-07
e7e7bdbd-1aaf-5a41-9362-05812a87a216,TI-02_20260703_0013.jpg,2026-07-03 08:45:56,TI-02,drone,saudavel,saudavel,1.0000,agrosmart-v1,simulado,sim-2026-07
9e73928b-7608-5c11-b0c3-49e29ac6e720,TI-01_20260703_0037.jpg,2026-07-03 08:46:03,TI-01,drone,saudavel,saudavel,0.8830,agrosmart-v1,simulado,sim-2026-07
038af093-ff61-5fe4-a3a6-bfb433cb75e4,TI-02_20260703_0014.jpg,2026-07-03 08:46:40,TI-02,drone,saudavel,saudavel,0.9993,agrosmart-v1,simulado,sim-2026-07
91f311a6-9eb9-5211-98a0-a066fd60e8a5,TI-01_20260703_0038.jpg,2026-07-03 08:46:43,TI-01,drone,saudavel,saudavel,0.9993,agrosmart-v1,simulado,sim-2026-07
c848a855-2af5-5c07-94bc-f468553d18ee,TI-01_20260703_0039.jpg,2026-07-03 08:47:28,TI-01,drone,saudavel,saudavel,0.9916,agrosmart-v1,simulado,sim-2026-07
407291d3-58a1-5f5a-ad06-9d3ad4c94219,TI-02_20260703_0015.jpg,2026-07-03 08:47:28,TI-02,drone,saudavel,saudavel,0.9991,agrosmart-v1,simulado,sim-2026-07
7bc49de2-ab7d-574b-b226-5009f47f3ec6,TI-02_20260703_0016.jpg,2026-07-03 08:47:40,TI-02,drone,saudavel,saudavel,0.9853,agrosmart-v1,simulado,sim-2026-07
dbf7c95c-c5bd-5e16-9f97-aed287617b4f,TI-01_20260703_0040.jpg,2026-07-03 08:47:45,TI-01,drone,saudavel,saudavel,0.9085,agrosmart-v1,simulado,sim-2026-07
2ddf76c2-133b-5537-be38-87bacdbe745e,TI-01_20260703_0041.jpg,2026-07-03 08:48:31,TI-01,drone,saudavel,saudavel,0.9791,agrosmart-v1,simulado,sim-2026-07
db6f177b-0a18-5808-97b9-f85a7cedc35e,TI-02_20260703_0017.jpg,2026-07-03 08:48:34,TI-02,drone,saudavel,saudavel,0.9347,agrosmart-v1,simulado,sim-2026-07
620cfd31-9b9e-50ce-bf58-64592848e136,TI-01_20260703_0042.jpg,2026-07-03 08:49:01,TI-01,drone,saudavel,saudavel,0.9950,agrosmart-v1,simulado,sim-2026-07
72b1f02b-768c-5345-9e33-2a16fe968633,TI-02_20260703_0018.jpg,2026-07-03 08:49:20,TI-02,drone,saudavel,saudavel,0.9891,agrosmart-v1,simulado,sim-2026-07
59e52774-2aff-5a05-9325-b980c4b5b1b5,TI-01_20260703_0043.jpg,2026-07-03 08:49:45,TI-01,drone,saudavel,saudavel,0.9481,agrosmart-v1,simulado,sim-2026-07
9e847119-21fd-5131-8c04-23aa68c26f06,TI-02_20260703_0019.jpg,2026-07-03 08:50:01,TI-02,drone,saudavel,saudavel,0.9878,agrosmart-v1,simulado,sim-2026-07
9263268c-ab3c-5a2f-b27c-6025f36ef0c2,TI-01_20260703_0044.jpg,2026-07-03 08:50:28,TI-01,drone,saudavel,saudavel,0.7359,agrosmart-v1,simulado,sim-2026-07
12c59bb0-3045-5fb5-882e-f748e5819333,TI-02_20260703_0020.jpg,2026-07-03 08:50:48,TI-02,drone,saudavel,saudavel,0.8910,agrosmart-v1,simulado,sim-2026-07
b2756059-86a8-5a02-bb16-aca8ae3c13f0,TI-01_20260703_0045.jpg,2026-07-03 08:51:01,TI-01,drone,saudavel,saudavel,0.9222,agrosmart-v1,simulado,sim-2026-07
28c8e5f0-6af8-5db0-a614-3b8ddde5146c,TI-02_20260703_0021.jpg,2026-07-03 08:51:21,TI-02,drone,saudavel,saudavel,1.0000,agrosmart-v1,simulado,sim-2026-07
51bda929-8a25-549b-9b76-b549c6ae1394,TI-02_20260703_0022.jpg,2026-07-03 08:51:50,TI-02,drone,saudavel,saudavel,0.9793,agrosmart-v1,simulado,sim-2026-07
107e83a9-d8c8-5630-8a66-23f09aeacfe3,SC-03_20260703_0001.jpg,2026-07-03 08:51:55,SC-03,smartphone,saudavel,saudavel,0.9822,agrosmart-v1,simulado,sim-2026-07
ee853a1e-d01c-54c4-ad2a-42b5e50fb3f8,SC-03_20260703_0002.jpg,2026-07-03 08:52:31,SC-03,smartphone,saudavel,saudavel,0.8358,agrosmart-v1,simulado,sim-2026-07
9989b7c5-33cd-5457-9c04-f500a7cbf7d5,TI-02_20260703_0023.jpg,2026-07-03 08:52:36,TI-02,drone,saudavel,saudavel,0.9840,agrosmart-v1,simulado,sim-2026-07
fb093bb3-e49b-55ea-974d-77e28c61c44a,SC-03_20260703_0003.jpg,2026-07-03 08:53:03,SC-03,smartphone,saudavel,saudavel,0.9900,agrosmart-v1,simulado,sim-2026-07
26ee718a-84c5-5f87-a221-88a859534cb8,TI-02_20260703_0024.jpg,2026-07-03 08:53:16,TI-02,drone,saudavel,saudavel,0.9366,agrosmart-v1,simulado,sim-2026-07
f1c72ef5-7056-5d52-bdb5-3a9fe947332b,TI-02_20260703_0025.jpg,2026-07-03 08:53:41,TI-02,drone,saudavel,saudavel,0.9999,agrosmart-v1,simulado,sim-2026-07
4c9a4bc6-98ff-59f4-858c-8979d4e051e9,SC-03_20260703_0004.jpg,2026-07-03 08:54:07,SC-03,smartphone,doente,requeima,0.9843,agrosmart-v1,simulado,sim-2026-07
e94942c5-72a9-5acf-802a-21ebdd0ac54e,TI-02_20260703_0026.jpg,2026-07-03 08:54:23,TI-02,drone,saudavel,saudavel,0.8275,agrosmart-v1,simulado,sim-2026-07
ae7ea8ee-6ba1-5760-9f5f-ce8363f94c72,SC-03_20260703_0005.jpg,2026-07-03 08:54:28,SC-03,smartphone,saudavel,saudavel,0.9390,agrosmart-v1,simulado,sim-2026-07
2d0746b7-7056-57ff-befd-abd3c0fc54f5,TI-02_20260703_0027.jpg,2026-07-03 08:55:18,TI-02,drone,saudavel,saudavel,0.8795,agrosmart-v1,simulado,sim-2026-07
ca14762c-bab6-597f-97e8-b86951e56007,SC-03_20260703_0006.jpg,2026-07-03 08:55:27,SC-03,smartphone,saudavel,saudavel,0.8378,agrosmart-v1,simulado,sim-2026-07
8205b839-9d5b-52ed-b896-8d1287a2e0f4,TI-02_20260703_0028.jpg,2026-07-03 08:55:45,TI-02,drone,saudavel,saudavel,0.8674,agrosmart-v1,simulado,sim-2026-07
d34dda05-11f2-542a-a7c0-c2ea2a7a5c15,SC-03_20260703_0007.jpg,2026-07-03 08:56:03,SC-03,smartphone,saudavel,saudavel,0.9170,agrosmart-v1,simulado,sim-2026-07
3c68c66e-6302-51c9-9fe1-8805de4739d8,TI-02_20260703_0029.jpg,2026-07-03 08:56:22,TI-02,drone,saudavel,saudavel,0.9109,agrosmart-v1,simulado,sim-2026-07
65d62758-54e6-5439-aab1-bb51c4b0a2b3,SC-03_20260703_0008.jpg,2026-07-03 08:56:41,SC-03,smartphone,saudavel,saudavel,0.9440,agrosmart-v1,simulado,sim-2026-07
291855b1-d357-5244-88aa-2fda32261387,SC-03_20260703_0009.jpg,2026-07-03 08:57:06,SC-03,smartphone,doente,mosca_minadora,0.9872,agrosmart-v1,simulado,sim-2026-07
004ea0b7-950d-561d-960a-a519fc2c3e1f,TI-02_20260703_0030.jpg,2026-07-03 08:57:26,TI-02,drone,saudavel,saudavel,0.9946,agrosmart-v1,simulado,sim-2026-07
2f1f38e8-f561-5cb1-aaa5-fc0d8586ebf3,TI-02_20260703_0031.jpg,2026-07-03 08:57:44,TI-02,drone,saudavel,saudavel,0.9872,agrosmart-v1,simulado,sim-2026-07
598932bf-f396-5b04-a5b2-26b37a3d459a,SC-03_20260703_0010.jpg,2026-07-03 08:57:58,SC-03,smartphone,saudavel,saudavel,0.9860,agrosmart-v1,simulado,sim-2026-07
1e6f6b9f-1f91-5c90-9b7f-39c274488334,SC-03_20260703_0011.jpg,2026-07-03 08:58:41,SC-03,smartphone,saudavel,saudavel,0.9483,agrosmart-v1,simulado,sim-2026-07
0a7c874d-cd7f-5fc8-bb37-3fe35795ea8c,TI-02_20260703_0032.jpg,2026-07-03 08:58:43,TI-02,drone,saudavel,saudavel,0.9873,agrosmart-v1,simulado,sim-2026-07
e8d2ef8d-9c98-53ec-80f7-36cd2706fc7d,BV-02_20260703_0001.jpg,2026-07-03 08:58:52,BV-02,smartphone,saudavel,saudavel,0.8661,agrosmart-v1,simulado,sim-2026-07
17bb7948-eacf-55bb-9c67-cf42d8ff6646,TI-02_20260703_0033.jpg,2026-07-03 08:59:06,TI-02,drone,saudavel,saudavel,0.9063,agrosmart-v1,simulado,sim-2026-07
f54611ae-24e2-5c62-a6d3-13de50f5fd0c,SC-03_20260703_0012.jpg,2026-07-03 08:59:25,SC-03,smartphone,saudavel,saudavel,0.8910,agrosmart-v1,simulado,sim-2026-07
cb496aec-6089-5702-8af4-d7fddbd02c3b,BV-02_20260703_0002.jpg,2026-07-03 08:59:46,BV-02,smartphone,saudavel,saudavel,0.8318,agrosmart-v1,simulado,sim-2026-07
045b49b2-8763-5e96-8ee9-083d75542601,SC-04_20260703_0001.jpg,2026-07-03 08:59:47,SC-04,smartphone,saudavel,saudavel,0.8861,agrosmart-v1,simulado,sim-2026-07
badcf977-aa27-54b2-be81-272a92d6f178,TI-02_20260703_0034.jpg,2026-07-03 08:59:56,TI-02,drone,saudavel,saudavel,0.8730,agrosmart-v1,simulado,sim-2026-07
eb37fea6-6c09-5796-896e-756537823619,SC-03_20260703_0013.jpg,2026-07-03 09:00:03,SC-03,smartphone,saudavel,saudavel,0.8304,agrosmart-v1,simulado,sim-2026-07
7da63b69-979b-514c-8646-5bd37f76e1a2,BV-02_20260703_0003.jpg,2026-07-03 09:00:10,BV-02,smartphone,saudavel,saudavel,0.8983,agrosmart-v1,simulado,sim-2026-07
26ed1537-b90b-5a39-9bb0-0496fec4074d,SC-04_20260703_0002.jpg,2026-07-03 09:00:27,SC-04,smartphone,saudavel,saudavel,0.9031,agrosmart-v1,simulado,sim-2026-07
2940954e-0bf1-562a-8afc-356525726ea1,SC-03_20260703_0014.jpg,2026-07-03 09:00:28,SC-03,smartphone,doente,requeima,0.9287,agrosmart-v1,simulado,sim-2026-07
bf5549d8-9361-5774-94c3-41f26832abb6,BV-02_20260703_0004.jpg,2026-07-03 09:00:45,BV-02,smartphone,saudavel,saudavel,0.7315,agrosmart-v1,simulado,sim-2026-07
5ed323ab-922b-5dc8-b3d3-24d4e9b982a4,TI-02_20260703_0035.jpg,2026-07-03 09:00:45,TI-02,drone,saudavel,saudavel,0.9847,agrosmart-v1,simulado,sim-2026-07
521a8b6d-0a41-5c97-854b-837a5e3f8b2e,SC-03_20260703_0015.jpg,2026-07-03 09:01:19,SC-03,smartphone,saudavel,saudavel,0.9984,agrosmart-v1,simulado,sim-2026-07
ae3a6e11-47c8-5e30-a970-bdbc763ed87c,TI-02_20260703_0036.jpg,2026-07-03 09:01:19,TI-02,drone,saudavel,saudavel,0.8599,agrosmart-v1,simulado,sim-2026-07
168b8995-e264-52e3-8821-8144eb94bb77,SC-04_20260703_0003.jpg,2026-07-03 09:01:22,SC-04,smartphone,saudavel,saudavel,0.9709,agrosmart-v1,simulado,sim-2026-07
df3c7a9d-71c8-5186-810d-bff4633a019f,BV-02_20260703_0005.jpg,2026-07-03 09:01:33,BV-02,smartphone,saudavel,saudavel,0.8620,agrosmart-v1,simulado,sim-2026-07
fc1995b4-00c1-55da-8930-f3fff1c823ca,SC-04_20260703_0004.jpg,2026-07-03 09:01:46,SC-04,smartphone,saudavel,saudavel,0.9859,agrosmart-v1,simulado,sim-2026-07
a96f6c26-55fd-5677-b050-ff23149aef1d,TI-02_20260703_0037.jpg,2026-07-03 09:01:57,TI-02,drone,saudavel,saudavel,0.9948,agrosmart-v1,simulado,sim-2026-07
6b2c3184-4738-595e-9762-4dc5bbc238e7,BV-02_20260703_0006.jpg,2026-07-03 09:02:01,BV-02,smartphone,saudavel,saudavel,0.9896,agrosmart-v1,simulado,sim-2026-07
f7fdc27f-c2e8-58da-990a-5f36036a9a45,SC-03_20260703_0016.jpg,2026-07-03 09:02:02,SC-03,smartphone,doente,vaquinha,0.5373,agrosmart-v1,simulado,sim-2026-07
84fb91f5-580e-5511-8d63-6b627b58b434,SC-03_20260703_0017.jpg,2026-07-03 09:02:38,SC-03,smartphone,saudavel,saudavel,0.9901,agrosmart-v1,simulado,sim-2026-07
cae87603-1b6a-5a54-a5dd-dbccd8bbc54f,TI-02_20260703_0038.jpg,2026-07-03 09:02:40,TI-02,drone,saudavel,saudavel,0.9610,agrosmart-v1,simulado,sim-2026-07
949677e4-6242-50fb-a1c8-04c2cff26768,SC-04_20260703_0005.jpg,2026-07-03 09:02:46,SC-04,smartphone,saudavel,saudavel,0.9801,agrosmart-v1,simulado,sim-2026-07
94739828-a020-564c-abb3-e9b8576ec351,BV-02_20260703_0007.jpg,2026-07-03 09:03:10,BV-02,smartphone,saudavel,saudavel,0.9926,agrosmart-v1,simulado,sim-2026-07
ac62150f-a729-5157-81f5-c29afdf87414,SC-03_20260703_0018.jpg,2026-07-03 09:03:14,SC-03,smartphone,saudavel,saudavel,0.9857,agrosmart-v1,simulado,sim-2026-07
a6c9aa59-5553-5355-a047-712725eb1f36,TI-02_20260703_0039.jpg,2026-07-03 09:03:15,TI-02,drone,saudavel,saudavel,0.8905,agrosmart-v1,simulado,sim-2026-07
4e311883-3ce2-5adc-a008-56a69d968583,BV-02_20260703_0008.jpg,2026-07-03 09:03:21,BV-02,smartphone,saudavel,saudavel,0.9282,agrosmart-v1,simulado,sim-2026-07
d4f1b0d0-28be-5bf9-820b-f17339b6f8b6,SC-04_20260703_0006.jpg,2026-07-03 09:03:26,SC-04,smartphone,saudavel,saudavel,0.8870,agrosmart-v1,simulado,sim-2026-07
09cdc40b-3906-567b-b9ad-614762528d5d,TI-02_20260703_0040.jpg,2026-07-03 09:03:46,TI-02,drone,saudavel,saudavel,0.5828,agrosmart-v1,simulado,sim-2026-07
3678af1d-e0d9-525e-abc8-fa668b5523a7,SC-04_20260703_0007.jpg,2026-07-03 09:03:48,SC-04,smartphone,saudavel,saudavel,0.9003,agrosmart-v1,simulado,sim-2026-07
b0020a3c-1efd-53be-a3f6-2837bab83389,SC-03_20260703_0019.jpg,2026-07-03 09:04:10,SC-03,smartphone,saudavel,saudavel,0.9919,agrosmart-v1,simulado,sim-2026-07
4831efd3-7202-5190-843d-084f5eca7c16,BV-02_20260703_0009.jpg,2026-07-03 09:04:25,BV-02,smartphone,saudavel,saudavel,0.9795,agrosmart-v1,simulado,sim-2026-07
79a29048-4ceb-5365-a629-0c1915b5d56d,SC-04_20260703_0008.jpg,2026-07-03 09:04:26,SC-04,smartphone,saudavel,saudavel,0.9148,agrosmart-v1,simulado,sim-2026-07
2f9299ef-2ae0-5c99-ae5f-151d30d2a9a6,SC-03_20260703_0020.jpg,2026-07-03 09:04:30,SC-03,smartphone,saudavel,saudavel,0.9015,agrosmart-v1,simulado,sim-2026-07
089eb102-f8e8-5f23-85e5-e86af14c5abb,TI-02_20260703_0041.jpg,2026-07-03 09:04:40,TI-02,drone,saudavel,saudavel,0.9992,agrosmart-v1,simulado,sim-2026-07
20f2fc5d-9eab-5857-bdf9-90e1cabe94c8,TI-02_20260703_0042.jpg,2026-07-03 09:05:01,TI-02,drone,saudavel,saudavel,0.9731,agrosmart-v1,simulado,sim-2026-07
cd7eb97c-7fa7-5142-a9f5-9f82678f52d5,BV-02_20260703_0010.jpg,2026-07-03 09:05:04,BV-02,smartphone,saudavel,saudavel,0.9548,agrosmart-v1,simulado,sim-2026-07
1ecdb798-e335-55e0-9002-8cc246c3cde0,SC-04_20260703_0009.jpg,2026-07-03 09:05:17,SC-04,smartphone,saudavel,saudavel,0.5400,agrosmart-v1,simulado,sim-2026-07
4c133fcf-75a2-5497-be6f-2ab0b6d591bc,SC-03_20260703_0021.jpg,2026-07-03 09:05:29,SC-03,smartphone,saudavel,saudavel,0.9798,agrosmart-v1,simulado,sim-2026-07
88f97328-1993-548d-bc91-1d63989b60d7,BV-02_20260703_0011.jpg,2026-07-03 09:05:30,BV-02,smartphone,saudavel,saudavel,0.8676,agrosmart-v1,simulado,sim-2026-07
f2935d7b-2c27-5366-a919-18e6e4e6de87,SC-03_20260703_0022.jpg,2026-07-03 09:05:43,SC-03,smartphone,saudavel,saudavel,0.9649,agrosmart-v1,simulado,sim-2026-07
9d3c6843-1516-58b6-b291-2c888aede2f5,TI-02_20260703_0043.jpg,2026-07-03 09:05:45,TI-02,drone,saudavel,saudavel,0.9459,agrosmart-v1,simulado,sim-2026-07
ef0ce7d2-f4f4-5585-8ff2-f54f8431ffdf,SC-04_20260703_0010.jpg,2026-07-03 09:05:53,SC-04,smartphone,saudavel,saudavel,0.9981,agrosmart-v1,simulado,sim-2026-07
9a980ac5-359f-5d0c-ace7-e1ba1d705289,BV-02_20260703_0012.jpg,2026-07-03 09:06:08,BV-02,smartphone,saudavel,saudavel,0.8576,agrosmart-v1,simulado,sim-2026-07
26895a74-9ad0-55c1-8668-23b2b9553f57,SC-03_20260703_0023.jpg,2026-07-03 09:06:20,SC-03,smartphone,saudavel,saudavel,0.8865,agrosmart-v1,simulado,sim-2026-07
3bde580a-a650-59ed-b505-f3a24b65ee40,SC-04_20260703_0011.jpg,2026-07-03 09:06:23,SC-04,smartphone,saudavel,saudavel,0.9868,agrosmart-v1,simulado,sim-2026-07
50439324-dd24-5eac-bb5b-fd1a638b6e2e,TI-02_20260703_0044.jpg,2026-07-03 09:06:35,TI-02,drone,saudavel,saudavel,0.9745,agrosmart-v1,simulado,sim-2026-07
75aadf6c-3e3f-5c9c-a3ca-b17cf6af79f1,BV-02_20260703_0013.jpg,2026-07-03 09:06:59,BV-02,smartphone,saudavel,saudavel,0.9930,agrosmart-v1,simulado,sim-2026-07
97d61db2-0fd7-56ef-a945-d67d67160a56,SC-04_20260703_0012.jpg,2026-07-03 09:07:05,SC-04,smartphone,saudavel,saudavel,0.9653,agrosmart-v1,simulado,sim-2026-07
c92fab83-2240-5e2d-8b2b-3782c9de5ac2,TI-02_20260703_0045.jpg,2026-07-03 09:07:24,TI-02,drone,saudavel,saudavel,0.9957,agrosmart-v1,simulado,sim-2026-07
8da00173-2fcf-5901-88d5-2311d0440e6b,BV-02_20260703_0014.jpg,2026-07-03 09:07:43,BV-02,smartphone,saudavel,saudavel,0.9627,agrosmart-v1,simulado,sim-2026-07
2576e4d9-8c91-5190-bb95-20630917041e,SC-04_20260703_0013.jpg,2026-07-03 09:07:58,SC-04,smartphone,saudavel,saudavel,0.9207,agrosmart-v1,simulado,sim-2026-07
f8e9b77e-db12-5a50-8b2e-52bc70061d2e,TI-02_20260703_0046.jpg,2026-07-03 09:08:09,TI-02,drone,saudavel,saudavel,0.9952,agrosmart-v1,simulado,sim-2026-07
ee988f0a-8f88-5cbf-a40e-a1c5d4c1e82b,BV-02_20260703_0015.jpg,2026-07-03 09:08:17,BV-02,smartphone,saudavel,saudavel,0.8212,agrosmart-v1,simulado,sim-2026-07
67e252ad-d36d-586c-92af-e087f2c4045a,SC-04_20260703_0014.jpg,2026-07-03 09:08:28,SC-04,smartphone,saudavel,saudavel,0.9887,agrosmart-v1,simulado,sim-2026-07
4544cf3b-056a-5b11-b58e-84e1d0253db4,BV-02_20260703_0016.jpg,2026-07-03 09:08:49,BV-02,smartphone,saudavel,saudavel,0.9701,agrosmart-v1,simulado,sim-2026-07
103b332e-f683-58b5-88c5-ec87378b2127,SC-04_20260703_0015.jpg,2026-07-03 09:09:29,SC-04,smartphone,saudavel,saudavel,0.9488,agrosmart-v1,simulado,sim-2026-07
dd4a7e7f-d497-53bb-8a2e-acb2cced1b9c,BV-02_20260703_0017.jpg,2026-07-03 09:09:45,BV-02,smartphone,saudavel,saudavel,0.8761,agrosmart-v1,simulado,sim-2026-07
1961320c-2dec-564b-a3cf-7cad3f977653,SC-04_20260703_0016.jpg,2026-07-03 09:09:46,SC-04,smartphone,saudavel,saudavel,0.9932,agrosmart-v1,simulado,sim-2026-07
3c82cf14-8ebc-5a01-807d-6b484f82a881,BV-02_20260703_0018.jpg,2026-07-03 09:10:14,BV-02,smartphone,saudavel,saudavel,0.9333,agrosmart-v1,simulado,sim-2026-07
721f053e-c003-5cc0-b4af-7d0fcacad355,SC-04_20260703_0017.jpg,2026-07-03 09:10:38,SC-04,smartphone,saudavel,saudavel,0.8475,agrosmart-v1,simulado,sim-2026-07
8b8df2ba-49d7-5d8b-94df-813395abbef2,BV-02_20260703_0019.jpg,2026-07-03 09:10:50,BV-02,smartphone,saudavel,saudavel,0.9911,agrosmart-v1,simulado,sim-2026-07
35793f26-9226-550c-8787-9786011cdf1f,SC-04_20260703_0018.jpg,2026-07-03 09:11:07,SC-04,smartphone,doente,requeima,0.9540,agrosmart-v1,simulado,sim-2026-07
e0cb0bde-7f8c-5342-b217-a02916ee973f,BV-02_20260703_0020.jpg,2026-07-03 09:11:48,BV-02,smartphone,saudavel,saudavel,0.9997,agrosmart-v1,simulado,sim-2026-07
6a5563d5-06f4-5538-b99f-f222f17b57a8,SC-04_20260703_0019.jpg,2026-07-03 09:12:04,SC-04,smartphone,saudavel,saudavel,0.9878,agrosmart-v1,simulado,sim-2026-07
60bd0fc5-ee37-5fb0-a280-90f2dafc66b5,BV-02_20260703_0021.jpg,2026-07-03 09:12:28,BV-02,smartphone,saudavel,saudavel,0.9719,agrosmart-v1,simulado,sim-2026-07
8231c234-ec3b-5565-bd66-c360ab23fa2a,SC-04_20260703_0020.jpg,2026-07-03 09:12:29,SC-04,smartphone,saudavel,saudavel,1.0000,agrosmart-v1,simulado,sim-2026-07
069d47b6-d5ab-590b-9864-5c51c147e480,BV-02_20260703_0022.jpg,2026-07-03 09:12:47,BV-02,smartphone,doente,requeima,0.7770,agrosmart-v1,simulado,sim-2026-07
96d62714-d7f8-51f0-b58a-21c5228beb8b,BV-02_20260703_0023.jpg,2026-07-03 09:13:32,BV-02,smartphone,saudavel,saudavel,0.5329,agrosmart-v1,simulado,sim-2026-07
5fcf1da3-f5bb-57fe-a4cf-275a917c8428,BV-02_20260703_0024.jpg,2026-07-03 09:14:25,BV-02,smartphone,saudavel,saudavel,0.8806,agrosmart-v1,simulado,sim-2026-07
73532fda-386e-5616-8d38-fd42970ea10e,BV-02_20260703_0025.jpg,2026-07-03 09:14:53,BV-02,smartphone,saudavel,saudavel,0.7545,agrosmart-v1,simulado,sim-2026-07
cf794952-ff8f-503b-8746-fd9af4777bf0,BV-02_20260703_0026.jpg,2026-07-03 09:15:44,BV-02,smartphone,saudavel,saudavel,0.9831,agrosmart-v1,simulado,sim-2026-07
125d6232-dcac-5944-b14e-a7d43e9dbccf,BV-02_20260703_0027.jpg,2026-07-03 09:16:01,BV-02,smartphone,saudavel,saudavel,0.9394,agrosmart-v1,simulado,sim-2026-07
9f99fb9f-e379-55a6-a8b1-6d52c59c4a38,BV-02_20260703_0028.jpg,2026-07-03 09:16:57,BV-02,smartphone,saudavel,saudavel,0.9976,agrosmart-v1,simulado,sim-2026-07
949ef92b-d6a3-58f3-9fac-17b29915c744,BV-02_20260703_0029.jpg,2026-07-03 09:17:32,BV-02,smartphone,saudavel,saudavel,0.9806,agrosmart-v1,simulado,sim-2026-07
dc8b6899-35fe-59a9-beaf-9924d30fc847,BV-03_20260703_0001.jpg,2026-07-03 09:20:06,BV-03,smartphone,saudavel,saudavel,0.8244,agrosmart-v1,simulado,sim-2026-07
13ad1240-dcff-5446-a300-bbbbac81e92f,BV-03_20260703_0002.jpg,2026-07-03 09:20:37,BV-03,smartphone,saudavel,saudavel,1.0000,agrosmart-v1,simulado,sim-2026-07
2ceab2d5-1aed-5dbd-854b-c655c9aaf405,BV-04_20260703_0001.jpg,2026-07-03 09:20:44,BV-04,smartphone,saudavel,saudavel,0.5776,agrosmart-v1,simulado,sim-2026-07
3ceb3860-7d4c-5eb7-8fa2-cb29d1bdf7c3,BV-03_20260703_0003.jpg,2026-07-03 09:21:11,BV-03,smartphone,saudavel,saudavel,0.8426,agrosmart-v1,simulado,sim-2026-07
b23e715c-952d-5ac6-ab47-b5c9601ee851,BV-04_20260703_0002.jpg,2026-07-03 09:21:43,BV-04,smartphone,saudavel,saudavel,0.8784,agrosmart-v1,simulado,sim-2026-07
e2643c23-ec89-5395-81a6-b5c46ca8e2e7,BV-03_20260703_0004.jpg,2026-07-03 09:21:53,BV-03,smartphone,saudavel,saudavel,0.8422,agrosmart-v1,simulado,sim-2026-07
637ca5a6-4678-5db0-8081-787a5019d2f7,BV-04_20260703_0003.jpg,2026-07-03 09:22:12,BV-04,smartphone,saudavel,saudavel,0.9286,agrosmart-v1,simulado,sim-2026-07
4ed896e1-17b9-5d8e-b1d2-47d5719466c6,BV-03_20260703_0005.jpg,2026-07-03 09:22:30,BV-03,smartphone,saudavel,saudavel,0.9958,agrosmart-v1,simulado,sim-2026-07
2c723979-09b9-501e-8912-a97bc38de95c,BV-04_20260703_0004.jpg,2026-07-03 09:22:47,BV-04,smartphone,saudavel,saudavel,0.9956,agrosmart-v1,simulado,sim-2026-07
9e4e130e-5189-59d4-a463-5a2928f1923e,BV-03_20260703_0006.jpg,2026-07-03 09:23:29,BV-03,smartphone,saudavel,saudavel,0.8329,agrosmart-v1,simulado,sim-2026-07
4a162f36-f7db-5087-af42-54c2e6c57b73,BV-04_20260703_0005.jpg,2026-07-03 09:23:44,BV-04,smartphone,saudavel,saudavel,0.9291,agrosmart-v1,simulado,sim-2026-07
7cf6173a-56a0-5002-9193-417c557f7d92,BV-03_20260703_0007.jpg,2026-07-03 09:24:07,BV-03,smartphone,saudavel,saudavel,0.5869,agrosmart-v1,simulado,sim-2026-07
bd79f349-5b08-54fe-abea-f40408f1f9b7,BV-04_20260703_0006.jpg,2026-07-03 09:24:13,BV-04,smartphone,saudavel,saudavel,0.9819,agrosmart-v1,simulado,sim-2026-07
b6dc666a-3412-5a63-a2b9-a3cd6830efa7,BV-03_20260703_0008.jpg,2026-07-03 09:24:35,BV-03,smartphone,saudavel,saudavel,0.9091,agrosmart-v1,simulado,sim-2026-07
56a4c320-8487-5159-b6a7-f8f098070f71,BV-04_20260703_0007.jpg,2026-07-03 09:24:58,BV-04,smartphone,saudavel,saudavel,0.8707,agrosmart-v1,simulado,sim-2026-07
1eb5072e-f202-5b0b-bedc-b5bcbd6978e6,BV-04_20260703_0008.jpg,2026-07-03 09:25:20,BV-04,smartphone,saudavel,saudavel,0.9961,agrosmart-v1,simulado,sim-2026-07
1480a9f9-d836-55ca-bc25-082351eefc7e,BV-03_20260703_0009.jpg,2026-07-03 09:25:30,BV-03,smartphone,saudavel,saudavel,0.9932,agrosmart-v1,simulado,sim-2026-07
4a79f6f4-2192-5b2c-a16d-6c85e623bfd7,BV-03_20260703_0010.jpg,2026-07-03 09:25:50,BV-03,smartphone,saudavel,saudavel,0.9983,agrosmart-v1,simulado,sim-2026-07
d1b11625-38a9-5e6d-9c44-b464cf69cccc,BV-04_20260703_0009.jpg,2026-07-03 09:26:21,BV-04,smartphone,saudavel,saudavel,0.9412,agrosmart-v1,simulado,sim-2026-07
8333b65f-76a9-5440-9947-67e5e84a3589,BV-03_20260703_0011.jpg,2026-07-03 09:26:35,BV-03,smartphone,saudavel,saudavel,0.9257,agrosmart-v1,simulado,sim-2026-07
5a281454-b658-52d0-9f9d-71e793428b00,BV-04_20260703_0010.jpg,2026-07-03 09:26:45,BV-04,smartphone,saudavel,saudavel,0.9965,agrosmart-v1,simulado,sim-2026-07
dab62f56-e5d9-5426-bc68-be2eb63caf94,BV-03_20260703_0012.jpg,2026-07-03 09:27:11,BV-03,smartphone,saudavel,saudavel,0.9684,agrosmart-v1,simulado,sim-2026-07
40cfdf97-ea6d-5999-8e73-7dfac7cc7850,BV-04_20260703_0011.jpg,2026-07-03 09:27:24,BV-04,smartphone,saudavel,saudavel,0.9274,agrosmart-v1,simulado,sim-2026-07
e8839dab-ce82-5705-8fec-bffbc46a5fa4,BV-03_20260703_0013.jpg,2026-07-03 09:28:04,BV-03,smartphone,saudavel,saudavel,0.8320,agrosmart-v1,simulado,sim-2026-07
63b728c4-6869-597f-b192-105be319ccc9,BV-04_20260703_0012.jpg,2026-07-03 09:28:14,BV-04,smartphone,saudavel,saudavel,0.9945,agrosmart-v1,simulado,sim-2026-07
96194981-47a4-594c-9264-6c6c3963d7b0,BV-03_20260703_0014.jpg,2026-07-03 09:28:30,BV-03,smartphone,saudavel,saudavel,0.9003,agrosmart-v1,simulado,sim-2026-07
c38e78f6-af95-55ff-adce-66eb49f43513,BV-04_20260703_0013.jpg,2026-07-03 09:28:47,BV-04,smartphone,saudavel,saudavel,0.9878,agrosmart-v1,simulado,sim-2026-07
249a3f2b-11b2-5fab-8e30-2d113ef62d5b,BV-03_20260703_0015.jpg,2026-07-03 09:29:23,BV-03,smartphone,saudavel,saudavel,0.9929,agrosmart-v1,simulado,sim-2026-07
f59cd55c-0100-56bb-a43d-0a85e9330c4a,BV-04_20260703_0014.jpg,2026-07-03 09:29:38,BV-04,smartphone,saudavel,saudavel,0.8668,agrosmart-v1,simulado,sim-2026-07
f47bf017-4dda-5866-9ee2-bc4bed274b8e,BV-03_20260703_0016.jpg,2026-07-03 09:29:46,BV-03,smartphone,saudavel,saudavel,0.9935,agrosmart-v1,simulado,sim-2026-07
417ec19b-ecfe-5e96-a9e0-24acd138185b,BV-04_20260703_0015.jpg,2026-07-03 09:30:10,BV-04,smartphone,saudavel,saudavel,0.9319,agrosmart-v1,simulado,sim-2026-07
49de8e33-a008-59f7-bffb-438598a991da,BV-03_20260703_0017.jpg,2026-07-03 09:30:45,BV-03,smartphone,saudavel,saudavel,0.8213,agrosmart-v1,simulado,sim-2026-07
562b7dbe-f017-5b75-9baa-c6df07139c0b,BV-04_20260703_0016.jpg,2026-07-03 09:30:48,BV-04,smartphone,saudavel,saudavel,0.9513,agrosmart-v1,simulado,sim-2026-07
570bdba8-83eb-5cf1-803b-af6a460e862d,BV-03_20260703_0018.jpg,2026-07-03 09:31:14,BV-03,smartphone,saudavel,saudavel,0.9333,agrosmart-v1,simulado,sim-2026-07
f1765109-9399-5ed5-a191-cebf13c55b99,BV-04_20260703_0017.jpg,2026-07-03 09:31:27,BV-04,smartphone,saudavel,saudavel,0.8996,agrosmart-v1,simulado,sim-2026-07
233b3c49-ecf1-5bc9-b1a4-62171a8fd1c3,BV-03_20260703_0019.jpg,2026-07-03 09:31:55,BV-03,smartphone,saudavel,saudavel,0.9645,agrosmart-v1,simulado,sim-2026-07
a7b46f33-4a27-58a4-b624-ca216b1767c8,BV-04_20260703_0018.jpg,2026-07-03 09:32:22,BV-04,smartphone,saudavel,saudavel,0.9659,agrosmart-v1,simulado,sim-2026-07
179de7e5-7b9f-5aab-a140-195aa3409dfe,BV-03_20260703_0020.jpg,2026-07-03 09:32:33,BV-03,smartphone,saudavel,saudavel,0.8920,agrosmart-v1,simulado,sim-2026-07
685c9bf8-170b-5551-9e57-34b057115ebc,BV-03_20260703_0021.jpg,2026-07-03 09:33:02,BV-03,smartphone,saudavel,saudavel,0.8591,agrosmart-v1,simulado,sim-2026-07
5de624a0-3f36-5ef6-af28-c4abd49bf6c7,BV-03_20260703_0022.jpg,2026-07-03 09:33:55,BV-03,smartphone,saudavel,saudavel,0.9990,agrosmart-v1,simulado,sim-2026-07
47ed97d8-353e-524e-a684-7948cc5e3dfb,BV-03_20260703_0023.jpg,2026-07-03 09:34:22,BV-03,smartphone,saudavel,saudavel,0.9286,agrosmart-v1,simulado,sim-2026-07
89e8162f-af6d-525c-9fc9-a02afd3dc182,TI-04_20260703_0001.jpg,2026-07-03 09:53:40,TI-04,drone,saudavel,saudavel,0.8488,agrosmart-v1,simulado,sim-2026-07
a2874bc7-f6dc-578d-ba99-b81ccbcc6c30,TI-04_20260703_0002.jpg,2026-07-03 09:54:41,TI-04,drone,saudavel,saudavel,0.9959,agrosmart-v1,simulado,sim-2026-07
422561de-615c-57c8-8527-24ac626f4f65,TI-04_20260703_0003.jpg,2026-07-03 09:55:24,TI-04,drone,saudavel,saudavel,0.9949,agrosmart-v1,simulado,sim-2026-07
667028f0-7acd-5c4a-a0e4-124f0190db97,TI-04_20260703_0004.jpg,2026-07-03 09:55:58,TI-04,drone,saudavel,saudavel,0.7295,agrosmart-v1,simulado,sim-2026-07
b0f2af8e-8985-56fb-b8e9-779a7727583d,TI-04_20260703_0005.jpg,2026-07-03 09:56:41,TI-04,drone,saudavel,saudavel,0.9997,agrosmart-v1,simulado,sim-2026-07
bcadc2f4-4a52-5bd9-a4e4-946efc3cc74a,TI-04_20260703_0006.jpg,2026-07-03 09:57:29,TI-04,drone,saudavel,saudavel,0.8867,agrosmart-v1,simulado,sim-2026-07
aa3a357e-bde7-596a-82eb-10c593aadc2b,TI-04_20260703_0007.jpg,2026-07-03 09:57:52,TI-04,drone,saudavel,saudavel,0.9940,agrosmart-v1,simulado,sim-2026-07
b6e52460-b723-516e-b03d-64be33ab24da,TI-04_20260703_0008.jpg,2026-07-03 09:58:47,TI-04,drone,saudavel,saudavel,0.9352,agrosmart-v1,simulado,sim-2026-07
d26fb46f-0c87-557b-97a6-6ebea1721766,TI-04_20260703_0009.jpg,2026-07-03 09:59:07,TI-04,drone,saudavel,saudavel,0.9920,agrosmart-v1,simulado,sim-2026-07
0d2e834f-4aad-58b6-b6b8-b026d623593e,TI-04_20260703_0010.jpg,2026-07-03 09:59:52,TI-04,drone,saudavel,saudavel,0.9964,agrosmart-v1,simulado,sim-2026-07
dd2130b3-17ee-5ccf-99f4-a8c6d2219a5e,TI-04_20260703_0011.jpg,2026-07-03 10:00:23,TI-04,drone,saudavel,saudavel,0.8812,agrosmart-v1,simulado,sim-2026-07
afc98235-9f13-56c5-8e84-56c84702845b,TI-04_20260703_0012.jpg,2026-07-03 10:01:01,TI-04,drone,saudavel,saudavel,0.9901,agrosmart-v1,simulado,sim-2026-07
6ad236be-3206-5f3d-955e-ea11d78a16f1,TI-04_20260703_0013.jpg,2026-07-03 10:02:08,TI-04,drone,saudavel,saudavel,0.7774,agrosmart-v1,simulado,sim-2026-07
144a8454-a745-504c-9a15-bf9031a5c808,TI-04_20260703_0014.jpg,2026-07-03 10:02:39,TI-04,drone,saudavel,saudavel,0.9930,agrosmart-v1,simulado,sim-2026-07
5001fd8f-edb7-5724-8443-dce3688b304c,TI-04_20260703_0015.jpg,2026-07-03 10:03:03,TI-04,drone,saudavel,saudavel,0.8977,agrosmart-v1,simulado,sim-2026-07
d935b7ed-3214-5812-97a7-747d330fb6b4,TI-04_20260703_0016.jpg,2026-07-03 10:04:07,TI-04,drone,saudavel,saudavel,0.8483,agrosmart-v1,simulado,sim-2026-07
c418648a-c7c7-566a-ac7c-532e0d9a91fb,TI-04_20260703_0017.jpg,2026-07-03 10:04:21,TI-04,drone,saudavel,saudavel,0.9791,agrosmart-v1,simulado,sim-2026-07
b65a9e15-05e1-53b3-ab1d-2ffe2c5cfd9a,TI-04_20260703_0018.jpg,2026-07-03 10:05:19,TI-04,drone,saudavel,saudavel,0.9996,agrosmart-v1,simulado,sim-2026-07
62300ebe-1362-5d49-a52d-f3b966e97739,TI-04_20260703_0019.jpg,2026-07-03 10:05:45,TI-04,drone,saudavel,saudavel,0.8824,agrosmart-v1,simulado,sim-2026-07
0d0ecc62-8c88-564d-b57c-1168f0bc1fc7,TI-04_20260703_0020.jpg,2026-07-03 10:06:24,TI-04,drone,saudavel,saudavel,0.8882,agrosmart-v1,simulado,sim-2026-07
6263e4a9-2626-5d63-a47e-cb23b2dc7d8a,TI-04_20260703_0021.jpg,2026-07-03 10:07:20,TI-04,drone,saudavel,saudavel,0.9706,agrosmart-v1,simulado,sim-2026-07
fa0fa384-316d-52b6-9205-f6d74c26ec95,TI-04_20260703_0022.jpg,2026-07-03 10:08:01,TI-04,drone,saudavel,saudavel,0.8500,agrosmart-v1,simulado,sim-2026-07
04cbdce8-cb59-51e6-821a-674a84d34092,TI-04_20260703_0023.jpg,2026-07-03 10:08:32,TI-04,drone,saudavel,saudavel,0.9954,agrosmart-v1,simulado,sim-2026-07
3c4679a5-76e2-5104-992b-488233cd03e7,TI-04_20260703_0024.jpg,2026-07-03 10:09:09,TI-04,drone,saudavel,saudavel,0.9986,agrosmart-v1,simulado,sim-2026-07
6640d327-35dd-575a-a504-c75ff19ea428,TI-04_20260703_0025.jpg,2026-07-03 10:10:08,TI-04,drone,saudavel,saudavel,0.9665,agrosmart-v1,simulado,sim-2026-07
b2aec811-8af3-560b-bc4c-859c54ecfa70,TI-04_20260703_0026.jpg,2026-07-03 10:10:31,TI-04,drone,saudavel,saudavel,0.9999,agrosmart-v1,simulado,sim-2026-07
410ed0b5-d769-54da-9b05-98ca7216b786,TI-04_20260703_0027.jpg,2026-07-03 10:11:15,TI-04,drone,saudavel,saudavel,0.9924,agrosmart-v1,simulado,sim-2026-07
ffc49159-7fe0-5646-8dbf-f7b286edddde,TI-04_20260703_0028.jpg,2026-07-03 10:11:44,TI-04,drone,saudavel,saudavel,0.9691,agrosmart-v1,simulado,sim-2026-07
cd47b1c6-6b58-5784-9d8f-a1caced61c57,TI-04_20260703_0029.jpg,2026-07-03 10:12:38,TI-04,drone,saudavel,saudavel,0.8877,agrosmart-v1,simulado,sim-2026-07
190497e4-7795-511a-94de-913674010f42,TI-04_20260703_0030.jpg,2026-07-03 10:13:03,TI-04,drone,saudavel,saudavel,0.9915,agrosmart-v1,simulado,sim-2026-07
8b9053c8-6be0-577a-ab4b-0db753346249,TI-04_20260703_0031.jpg,2026-07-03 10:14:07,TI-04,drone,saudavel,saudavel,0.8435,agrosmart-v1,simulado,sim-2026-07
8d90f7ee-3acc-584d-a681-955ec99fd4d2,TI-04_20260703_0032.jpg,2026-07-03 10:14:26,TI-04,drone,saudavel,saudavel,0.9981,agrosmart-v1,simulado,sim-2026-07
a48ce27c-b570-59f3-947d-d567d4eb8d97,TI-04_20260703_0033.jpg,2026-07-03 10:15:20,TI-04,drone,saudavel,saudavel,0.8918,agrosmart-v1,simulado,sim-2026-07
20af671c-5bb7-563b-b40d-47530e7f6a32,TI-04_20260703_0034.jpg,2026-07-03 10:15:47,TI-04,drone,saudavel,saudavel,0.9215,agrosmart-v1,simulado,sim-2026-07
481f3278-112b-578a-a361-e302fbb840e0,TI-04_20260703_0035.jpg,2026-07-03 10:16:50,TI-04,drone,saudavel,saudavel,0.9995,agrosmart-v1,simulado,sim-2026-07
e54ea681-ca59-54b1-950b-6a976ee894f8,SC-04_20260706_0001.jpg,2026-07-06 07:01:05,SC-04,smartphone,saudavel,saudavel,0.9401,agrosmart-v1,simulado,sim-2026-07
5a07c0ba-d202-5695-9822-21b42f93dd54,SC-04_20260706_0002.jpg,2026-07-06 07:01:36,SC-04,smartphone,saudavel,saudavel,0.9621,agrosmart-v1,simulado,sim-2026-07
cac54f70-d1c5-54be-a810-b9c99c529af0,SC-04_20260706_0003.jpg,2026-07-06 07:02:02,SC-04,smartphone,saudavel,saudavel,0.9703,agrosmart-v1,simulado,sim-2026-07
9d129ffa-e64e-5fd3-ba0a-abb17dca4e98,SC-04_20260706_0004.jpg,2026-07-06 07:03:01,SC-04,smartphone,saudavel,saudavel,0.9150,agrosmart-v1,simulado,sim-2026-07
69ffc7b4-d189-5445-9cf1-1a7d3e907b49,SC-04_20260706_0005.jpg,2026-07-06 07:03:46,SC-04,smartphone,saudavel,saudavel,0.9013,agrosmart-v1,simulado,sim-2026-07
ed6faa15-c57c-5635-8d1d-34e6112ab439,SC-04_20260706_0006.jpg,2026-07-06 07:04:17,SC-04,smartphone,saudavel,saudavel,0.9932,agrosmart-v1,simulado,sim-2026-07
07deaf5b-04b7-5a51-a827-b2b46c5c4e37,SC-04_20260706_0007.jpg,2026-07-06 07:04:41,SC-04,smartphone,saudavel,saudavel,0.9108,agrosmart-v1,simulado,sim-2026-07
16d48678-1481-5f85-a05e-a650b9755525,SC-04_20260706_0008.jpg,2026-07-06 07:05:38,SC-04,smartphone,saudavel,saudavel,0.9997,agrosmart-v1,simulado,sim-2026-07
92e11db0-38cd-5fa7-8234-669da512d600,SC-04_20260706_0009.jpg,2026-07-06 07:06:15,SC-04,smartphone,saudavel,saudavel,0.8424,agrosmart-v1,simulado,sim-2026-07
7c846967-8dc2-545c-bfae-c9d6c15a13c1,SC-04_20260706_0010.jpg,2026-07-06 07:07:00,SC-04,smartphone,saudavel,saudavel,1.0000,agrosmart-v1,simulado,sim-2026-07
aee0e0e2-98b0-5aa0-9c20-fd5930c4d5ab,SC-04_20260706_0011.jpg,2026-07-06 07:07:43,SC-04,smartphone,saudavel,saudavel,0.8243,agrosmart-v1,simulado,sim-2026-07
6bd72805-e9b3-565f-9407-459ebb2e90a3,SC-04_20260706_0012.jpg,2026-07-06 07:08:22,SC-04,smartphone,saudavel,saudavel,0.9991,agrosmart-v1,simulado,sim-2026-07
432db147-fe36-52b0-a2ea-f3628da216ca,SC-04_20260706_0013.jpg,2026-07-06 07:09:08,SC-04,smartphone,doente,requeima,0.9706,agrosmart-v1,simulado,sim-2026-07
495edc8e-446c-5166-9019-e6731828d472,SC-04_20260706_0014.jpg,2026-07-06 07:09:20,SC-04,smartphone,saudavel,saudavel,0.9934,agrosmart-v1,simulado,sim-2026-07
4f315c37-4664-524b-8591-6bfe94f76965,SC-04_20260706_0015.jpg,2026-07-06 07:10:25,SC-04,smartphone,saudavel,saudavel,0.9079,agrosmart-v1,simulado,sim-2026-07
f1cd07da-6110-52a8-a4bc-2357eb07a6b6,SC-04_20260706_0016.jpg,2026-07-06 07:10:48,SC-04,smartphone,saudavel,saudavel,0.9582,agrosmart-v1,simulado,sim-2026-07
b88f0115-2f22-5134-8015-12a2cffdf204,SC-04_20260706_0017.jpg,2026-07-06 07:11:49,SC-04,smartphone,saudavel,saudavel,0.9140,agrosmart-v1,simulado,sim-2026-07
da86b9b2-83d7-564a-b01e-082058c343f3,SC-04_20260706_0018.jpg,2026-07-06 07:12:23,SC-04,smartphone,saudavel,saudavel,0.9962,agrosmart-v1,simulado,sim-2026-07
7af9487b-e7ce-5296-afeb-b589b5227a27,SC-04_20260706_0019.jpg,2026-07-06 07:13:03,SC-04,smartphone,saudavel,saudavel,0.9760,agrosmart-v1,simulado,sim-2026-07
78aa3e53-9c0a-5519-bc94-24f65589554e,SC-04_20260706_0020.jpg,2026-07-06 07:13:34,SC-04,smartphone,saudavel,saudavel,0.8655,agrosmart-v1,simulado,sim-2026-07
15744ff9-6eab-511c-90a2-171ebfd93324,SC-04_20260706_0021.jpg,2026-07-06 07:14:09,SC-04,smartphone,saudavel,saudavel,0.9444,agrosmart-v1,simulado,sim-2026-07
940b67e8-c761-554a-9e4c-4b994cdbb297,SC-04_20260706_0022.jpg,2026-07-06 07:14:40,SC-04,smartphone,saudavel,saudavel,0.8560,agrosmart-v1,simulado,sim-2026-07
132dd488-baea-534c-830f-82e666a21ee3,SC-04_20260706_0023.jpg,2026-07-06 07:15:28,SC-04,smartphone,saudavel,saudavel,0.9941,agrosmart-v1,simulado,sim-2026-07
805fe874-fb37-5c25-a437-2ce847d19312,SC-04_20260706_0024.jpg,2026-07-06 07:16:17,SC-04,smartphone,doente,pinta_preta,0.9026,agrosmart-v1,simulado,sim-2026-07
75caaaca-faec-5f2e-b66a-e87c08ba5fe2,SC-04_20260706_0025.jpg,2026-07-06 07:17:05,SC-04,smartphone,saudavel,saudavel,0.9212,agrosmart-v1,simulado,sim-2026-07
9ecf3da1-8700-5134-9208-c46d5ca171c7,BV-02_20260706_0001.jpg,2026-07-06 07:20:47,BV-02,smartphone,saudavel,saudavel,0.9999,agrosmart-v1,simulado,sim-2026-07
018be8ad-7b47-5661-b722-b0e1c2016f0e,SC-01_20260706_0001.jpg,2026-07-06 07:20:58,SC-01,smartphone,saudavel,saudavel,0.9771,agrosmart-v1,simulado,sim-2026-07
3ffe5284-dd8c-559f-92ee-6d923a8717d1,SC-01_20260706_0002.jpg,2026-07-06 07:21:22,SC-01,smartphone,saudavel,saudavel,0.8479,agrosmart-v1,simulado,sim-2026-07
4135de2a-5c4f-5a2c-b48b-63f78be5d22a,BV-02_20260706_0002.jpg,2026-07-06 07:21:43,BV-02,smartphone,saudavel,saudavel,0.9949,agrosmart-v1,simulado,sim-2026-07
6934a303-2f3a-5f81-afe5-16fb62852bb3,BV-02_20260706_0003.jpg,2026-07-06 07:22:08,BV-02,smartphone,saudavel,saudavel,0.8523,agrosmart-v1,simulado,sim-2026-07
bf747113-ac08-52ac-9545-53a5550804fe,SC-01_20260706_0003.jpg,2026-07-06 07:22:22,SC-01,smartphone,saudavel,saudavel,0.8977,agrosmart-v1,simulado,sim-2026-07
6665a77e-579c-569d-94d7-727d4cc2ff1d,BV-02_20260706_0004.jpg,2026-07-06 07:22:45,BV-02,smartphone,saudavel,saudavel,0.8946,agrosmart-v1,simulado,sim-2026-07
894de757-0f63-5ce7-8050-e6eeb69e35d2,SC-01_20260706_0004.jpg,2026-07-06 07:22:45,SC-01,smartphone,saudavel,saudavel,0.7314,agrosmart-v1,simulado,sim-2026-07
cd6a79d9-81e6-598c-848d-9e774c1f5d2a,BV-02_20260706_0005.jpg,2026-07-06 07:23:37,BV-02,smartphone,saudavel,saudavel,0.9265,agrosmart-v1,simulado,sim-2026-07
34611733-9e19-5bd9-a2ef-b20085dfad3d,SC-01_20260706_0005.jpg,2026-07-06 07:23:41,SC-01,smartphone,saudavel,saudavel,0.9991,agrosmart-v1,simulado,sim-2026-07
f9ade49e-6b7e-5423-a0aa-c781525fc511,BV-02_20260706_0006.jpg,2026-07-06 07:24:04,BV-02,smartphone,saudavel,saudavel,0.8690,agrosmart-v1,simulado,sim-2026-07
70152743-7703-55b7-ad29-1048f5ec3442,SC-01_20260706_0006.jpg,2026-07-06 07:24:05,SC-01,smartphone,saudavel,saudavel,0.9381,agrosmart-v1,simulado,sim-2026-07
536a7380-90e8-5f03-8433-b1679ed51fa4,BV-02_20260706_0007.jpg,2026-07-06 07:24:47,BV-02,smartphone,doente,requeima,0.7280,agrosmart-v1,simulado,sim-2026-07
83a8185b-1c08-5506-838a-079bc5a90a3b,SC-01_20260706_0007.jpg,2026-07-06 07:24:51,SC-01,smartphone,saudavel,saudavel,0.8716,agrosmart-v1,simulado,sim-2026-07
0d6944bd-33bf-5f8b-a720-aeca3ee09ed7,BV-02_20260706_0008.jpg,2026-07-06 07:25:28,BV-02,smartphone,saudavel,saudavel,0.9977,agrosmart-v1,simulado,sim-2026-07
59a7844c-cc45-5279-8c71-da324fd27ece,SC-01_20260706_0008.jpg,2026-07-06 07:25:37,SC-01,smartphone,saudavel,saudavel,0.7825,agrosmart-v1,simulado,sim-2026-07
ffdb55de-23a6-5c9a-92ed-a259429c7340,BV-02_20260706_0009.jpg,2026-07-06 07:26:03,BV-02,smartphone,saudavel,saudavel,0.8744,agrosmart-v1,simulado,sim-2026-07
0af8ce8f-ac19-5d62-862e-2b8226fd812e,SC-01_20260706_0009.jpg,2026-07-06 07:26:19,SC-01,smartphone,saudavel,saudavel,0.9799,agrosmart-v1,simulado,sim-2026-07
d87ad18e-db30-5503-b674-2a37e8c15d6a,SC-01_20260706_0010.jpg,2026-07-06 07:26:50,SC-01,smartphone,doente,requeima,0.9590,agrosmart-v1,simulado,sim-2026-07
7a96953a-ccd8-5b8e-bbb2-a54b1fab652d,BV-02_20260706_0010.jpg,2026-07-06 07:26:56,BV-02,smartphone,saudavel,saudavel,0.9197,agrosmart-v1,simulado,sim-2026-07
5071cb4d-d62d-5729-b5f0-a5070f6a81b7,BV-02_20260706_0011.jpg,2026-07-06 07:27:22,BV-02,smartphone,saudavel,saudavel,0.9985,agrosmart-v1,simulado,sim-2026-07
98dcf64a-d46e-5d17-bca9-e4a8f8f7eb1c,SC-01_20260706_0011.jpg,2026-07-06 07:27:42,SC-01,smartphone,saudavel,saudavel,0.8988,agrosmart-v1,simulado,sim-2026-07
df28eefe-e242-524a-9d40-f30fbf85fb51,SC-01_20260706_0012.jpg,2026-07-06 07:28:07,SC-01,smartphone,saudavel,saudavel,0.9843,agrosmart-v1,simulado,sim-2026-07
69be7b08-c17b-5b82-881b-49cdd95cd7a6,BV-02_20260706_0012.jpg,2026-07-06 07:28:25,BV-02,smartphone,saudavel,saudavel,0.8393,agrosmart-v1,simulado,sim-2026-07
5fd0044c-2e0c-50d8-805c-52dd0df1eabe,SC-01_20260706_0013.jpg,2026-07-06 07:29:06,SC-01,smartphone,doente,requeima,0.8986,agrosmart-v1,simulado,sim-2026-07
8d3a1545-c157-53c7-8a23-4399c09b39e5,BV-02_20260706_0013.jpg,2026-07-06 07:29:09,BV-02,smartphone,saudavel,saudavel,0.8835,agrosmart-v1,simulado,sim-2026-07
b4054a2a-565c-54d6-896d-145d8b9a5900,BV-02_20260706_0014.jpg,2026-07-06 07:29:22,BV-02,smartphone,saudavel,saudavel,0.9953,agrosmart-v1,simulado,sim-2026-07
72b4ad5c-b940-5c46-b2c5-026a9e9d4d5e,SC-01_20260706_0014.jpg,2026-07-06 07:29:43,SC-01,smartphone,saudavel,saudavel,0.9574,agrosmart-v1,simulado,sim-2026-07
1f428ecf-bf8c-58f1-be80-44cab2ab6b5c,BV-02_20260706_0015.jpg,2026-07-06 07:30:16,BV-02,smartphone,saudavel,saudavel,0.9485,agrosmart-v1,simulado,sim-2026-07
f59bfbac-eb65-571c-80a2-b01371f85fbb,SC-01_20260706_0015.jpg,2026-07-06 07:30:26,SC-01,smartphone,saudavel,saudavel,0.8295,agrosmart-v1,simulado,sim-2026-07
222e1c2a-37bc-57fd-995d-768954f76f50,SC-01_20260706_0016.jpg,2026-07-06 07:30:56,SC-01,smartphone,saudavel,saudavel,0.9843,agrosmart-v1,simulado,sim-2026-07
31b27b9e-f470-5c81-b83c-1e9856bad15e,BV-01_20260706_0001.jpg,2026-07-06 07:31:07,BV-01,smartphone,saudavel,saudavel,0.9148,agrosmart-v1,simulado,sim-2026-07
0fb285db-fce2-56ea-b3a3-6efbe28f25a8,BV-02_20260706_0016.jpg,2026-07-06 07:31:09,BV-02,smartphone,saudavel,saudavel,0.9778,agrosmart-v1,simulado,sim-2026-07
598fe0f2-a29b-5c53-b7dc-7f7677b1c827,BV-01_20260706_0002.jpg,2026-07-06 07:31:26,BV-01,smartphone,saudavel,saudavel,0.9989,agrosmart-v1,simulado,sim-2026-07
321bdc44-bbaa-57ed-8827-15358aeef5bb,BV-02_20260706_0017.jpg,2026-07-06 07:31:32,BV-02,smartphone,saudavel,saudavel,0.9663,agrosmart-v1,simulado,sim-2026-07
508c2af5-d0f6-5422-9f71-e9364c993e68,SC-01_20260706_0017.jpg,2026-07-06 07:31:49,SC-01,smartphone,saudavel,saudavel,0.8308,agrosmart-v1,simulado,sim-2026-07
7314198a-48f7-51be-af7b-d10bd6e23905,SC-02_20260706_0001.jpg,2026-07-06 07:31:52,SC-02,smartphone,saudavel,saudavel,0.9013,agrosmart-v1,simulado,sim-2026-07
c126c3d8-2b18-5313-a71e-8937665dd2f8,SC-01_20260706_0018.jpg,2026-07-06 07:32:15,SC-01,smartphone,saudavel,saudavel,0.9773,agrosmart-v1,simulado,sim-2026-07
15806ebc-7ea8-5151-9d18-cf9733a955d2,BV-02_20260706_0018.jpg,2026-07-06 07:32:24,BV-02,smartphone,saudavel,saudavel,0.9919,agrosmart-v1,simulado,sim-2026-07
92cdb9d9-aa11-5f1f-be4c-c7522bf627e7,BV-01_20260706_0003.jpg,2026-07-06 07:32:25,BV-01,smartphone,saudavel,saudavel,0.9999,agrosmart-v1,simulado,sim-2026-07
c8941f39-6eae-585a-91a9-69c01cce9a2c,SC-02_20260706_0002.jpg,2026-07-06 07:32:49,SC-02,smartphone,doente,requeima,0.9987,agrosmart-v1,simulado,sim-2026-07
21c6b4f2-228e-54a2-898a-6adf1dc2a69a,BV-01_20260706_0004.jpg,2026-07-06 07:32:53,BV-01,smartphone,saudavel,saudavel,0.9979,agrosmart-v1,simulado,sim-2026-07
9ad1475b-cec9-5a36-bb77-b26ff34e4127,SC-01_20260706_0019.jpg,2026-07-06 07:32:58,SC-01,smartphone,saudavel,saudavel,0.9957,agrosmart-v1,simulado,sim-2026-07
84707d12-a9d4-52c8-9985-402af6079a29,BV-02_20260706_0019.jpg,2026-07-06 07:33:00,BV-02,smartphone,saudavel,saudavel,0.9381,agrosmart-v1,simulado,sim-2026-07
40839769-5a46-5623-ab96-d1f32e454d3f,SC-02_20260706_0003.jpg,2026-07-06 07:33:23,SC-02,smartphone,saudavel,saudavel,0.9993,agrosmart-v1,simulado,sim-2026-07
19aa6b48-2efc-5bda-9a3f-96538a96653c,BV-01_20260706_0005.jpg,2026-07-06 07:33:36,BV-01,smartphone,saudavel,saudavel,0.9604,agrosmart-v1,simulado,sim-2026-07
f1f81ba5-2749-5228-97fe-1c1e914ff2f7,BV-02_20260706_0020.jpg,2026-07-06 07:33:43,BV-02,smartphone,saudavel,saudavel,0.9223,agrosmart-v1,simulado,sim-2026-07
c6818658-28c0-52dc-817c-29356c948e44,SC-01_20260706_0020.jpg,2026-07-06 07:33:44,SC-01,smartphone,saudavel,saudavel,0.9505,agrosmart-v1,simulado,sim-2026-07
0ac12a2d-95fc-56ff-941c-95957ba96d94,SC-01_20260706_0021.jpg,2026-07-06 07:34:00,SC-01,smartphone,saudavel,saudavel,0.9261,agrosmart-v1,simulado,sim-2026-07
48da256d-e5dd-57b2-9678-de408c533b00,SC-02_20260706_0004.jpg,2026-07-06 07:34:00,SC-02,smartphone,doente,requeima,0.8523,agrosmart-v1,simulado,sim-2026-07
c728f783-a0a3-518a-a092-42e324e40277,BV-01_20260706_0006.jpg,2026-07-06 07:34:01,BV-01,smartphone,saudavel,saudavel,0.9198,agrosmart-v1,simulado,sim-2026-07
36b728d0-a47a-5d34-932b-2f64d4c66d22,BV-02_20260706_0021.jpg,2026-07-06 07:34:15,BV-02,smartphone,saudavel,saudavel,0.9623,agrosmart-v1,simulado,sim-2026-07
e26a6299-9c4c-5dd4-b58a-0255695754e5,SC-02_20260706_0005.jpg,2026-07-06 07:34:46,SC-02,smartphone,saudavel,saudavel,0.9675,agrosmart-v1,simulado,sim-2026-07
1c1de1d4-1f09-57ba-9939-6f076955af81,SC-01_20260706_0022.jpg,2026-07-06 07:34:49,SC-01,smartphone,saudavel,saudavel,0.9227,agrosmart-v1,simulado,sim-2026-07
3ab86a90-d277-5850-b7df-925715084b5f,BV-02_20260706_0022.jpg,2026-07-06 07:34:51,BV-02,smartphone,saudavel,saudavel,0.9997,agrosmart-v1,simulado,sim-2026-07
c8c052a9-6022-577a-8054-261169dfedb1,BV-01_20260706_0007.jpg,2026-07-06 07:35:05,BV-01,smartphone,saudavel,saudavel,0.9348,agrosmart-v1,simulado,sim-2026-07
4aa6c115-7ee8-5cc2-8c49-3d01ba0bdc6d,BV-02_20260706_0023.jpg,2026-07-06 07:35:20,BV-02,smartphone,saudavel,saudavel,0.9999,agrosmart-v1,simulado,sim-2026-07
264b4581-0e3a-533a-80ab-9e7966dfc330,SC-02_20260706_0006.jpg,2026-07-06 07:35:22,SC-02,smartphone,saudavel,saudavel,0.9948,agrosmart-v1,simulado,sim-2026-07
4b88b892-61f2-5c28-87f5-5da49dfb22ee,BV-01_20260706_0008.jpg,2026-07-06 07:35:26,BV-01,smartphone,saudavel,saudavel,0.9778,agrosmart-v1,simulado,sim-2026-07
a19549f3-a31a-52cf-98bd-e232ef880afd,SC-01_20260706_0023.jpg,2026-07-06 07:35:38,SC-01,smartphone,saudavel,saudavel,0.9522,agrosmart-v1,simulado,sim-2026-07
dc3bc268-0194-56af-8561-dd5e82a88216,SC-02_20260706_0007.jpg,2026-07-06 07:36:01,SC-02,smartphone,saudavel,saudavel,0.9055,agrosmart-v1,simulado,sim-2026-07
36d16cd9-6211-5868-ad3b-76def588c937,SC-01_20260706_0024.jpg,2026-07-06 07:36:10,SC-01,smartphone,saudavel,saudavel,0.8977,agrosmart-v1,simulado,sim-2026-07
f6d32b71-2920-5069-8afa-32363b6a1e0c,BV-02_20260706_0024.jpg,2026-07-06 07:36:11,BV-02,smartphone,saudavel,saudavel,0.9689,agrosmart-v1,simulado,sim-2026-07
ceb24261-9855-555b-97a9-cb0ce794f018,BV-01_20260706_0009.jpg,2026-07-06 07:36:27,BV-01,smartphone,saudavel,saudavel,0.9862,agrosmart-v1,simulado,sim-2026-07
877f51a8-19f8-5fac-b27a-1832bed81052,SC-02_20260706_0008.jpg,2026-07-06 07:36:38,SC-02,smartphone,saudavel,saudavel,0.9665,agrosmart-v1,simulado,sim-2026-07
594117cb-0e74-5b2f-9b0a-b408669b55f5,BV-02_20260706_0025.jpg,2026-07-06 07:36:50,BV-02,smartphone,saudavel,saudavel,0.9987,agrosmart-v1,simulado,sim-2026-07
003d724a-8952-5afe-85d3-a041998d4621,BV-01_20260706_0010.jpg,2026-07-06 07:36:51,BV-01,smartphone,saudavel,saudavel,0.9549,agrosmart-v1,simulado,sim-2026-07
f28a558c-1760-57eb-93ca-d61cc099fb18,SC-01_20260706_0025.jpg,2026-07-06 07:37:01,SC-01,smartphone,saudavel,saudavel,0.9558,agrosmart-v1,simulado,sim-2026-07
9cfb0aff-6db5-5645-8a8a-d211ae79faf9,SC-02_20260706_0009.jpg,2026-07-06 07:37:12,SC-02,smartphone,saudavel,saudavel,0.9023,agrosmart-v1,simulado,sim-2026-07
48d7a4ef-68f9-5de7-a9d1-a8c9a0c9d3e6,BV-01_20260706_0011.jpg,2026-07-06 07:37:27,BV-01,smartphone,saudavel,saudavel,0.9992,agrosmart-v1,simulado,sim-2026-07
badf2d79-def3-549b-9be5-d0c26e6f67b5,SC-01_20260706_0026.jpg,2026-07-06 07:37:38,SC-01,smartphone,doente,requeima,0.6050,agrosmart-v1,simulado,sim-2026-07
a1e1d51b-89ee-55c0-abe6-bf43515d0019,BV-02_20260706_0026.jpg,2026-07-06 07:37:39,BV-02,smartphone,saudavel,saudavel,0.8943,agrosmart-v1,simulado,sim-2026-07
a8801807-c1a1-5fd8-bb54-b0592a685711,SC-02_20260706_0010.jpg,2026-07-06 07:37:45,SC-02,smartphone,saudavel,saudavel,0.9416,agrosmart-v1,simulado,sim-2026-07
c60835a4-5e19-520c-9985-01f408889afb,BV-02_20260706_0027.jpg,2026-07-06 07:38:15,BV-02,smartphone,saudavel,saudavel,0.8214,agrosmart-v1,simulado,sim-2026-07
830ef66d-2289-5c9b-be52-0335e04480b9,BV-01_20260706_0012.jpg,2026-07-06 07:38:24,BV-01,smartphone,saudavel,saudavel,0.5786,agrosmart-v1,simulado,sim-2026-07
dfb06feb-5461-5227-a191-3e61457bb40a,SC-02_20260706_0011.jpg,2026-07-06 07:38:25,SC-02,smartphone,saudavel,saudavel,0.9561,agrosmart-v1,simulado,sim-2026-07
1e5d3199-582b-5199-b7b7-3b1efd2b9c67,SC-01_20260706_0027.jpg,2026-07-06 07:38:29,SC-01,smartphone,saudavel,saudavel,0.9571,agrosmart-v1,simulado,sim-2026-07
3f593a43-21ca-575c-95e4-10bc540eb6e0,BV-01_20260706_0013.jpg,2026-07-06 07:38:49,BV-01,smartphone,saudavel,saudavel,0.8977,agrosmart-v1,simulado,sim-2026-07
b3039d96-9d11-512b-bfd6-fbccc8135a77,BV-02_20260706_0028.jpg,2026-07-06 07:38:50,BV-02,smartphone,saudavel,saudavel,0.8817,agrosmart-v1,simulado,sim-2026-07
88b78d86-6ab0-5fca-931e-a05d522209b6,SC-01_20260706_0028.jpg,2026-07-06 07:38:59,SC-01,smartphone,doente,requeima,0.5883,agrosmart-v1,simulado,sim-2026-07
5c577d56-c9bc-5e08-b90a-8a6bcd4fe4cb,SC-02_20260706_0012.jpg,2026-07-06 07:39:28,SC-02,smartphone,saudavel,saudavel,0.9677,agrosmart-v1,simulado,sim-2026-07
67f46589-1b22-5086-9ef3-3d2bb32c4db6,SC-01_20260706_0029.jpg,2026-07-06 07:39:38,SC-01,smartphone,saudavel,saudavel,0.9419,agrosmart-v1,simulado,sim-2026-07
000de931-0d1e-5e65-ba00-ba393380fee5,BV-02_20260706_0029.jpg,2026-07-06 07:39:40,BV-02,smartphone,saudavel,saudavel,0.9825,agrosmart-v1,simulado,sim-2026-07
891b2ede-f7a5-5eb1-82f5-7b8bd3b834a1,BV-01_20260706_0014.jpg,2026-07-06 07:39:43,BV-01,smartphone,doente,requeima,0.9918,agrosmart-v1,simulado,sim-2026-07
5a22d780-3088-5a6e-bd4b-3e3376e963cc,SC-02_20260706_0013.jpg,2026-07-06 07:40:01,SC-02,smartphone,doente,requeima,0.9723,agrosmart-v1,simulado,sim-2026-07
af93e51a-e707-544f-b73b-54a07ecf2746,BV-02_20260706_0030.jpg,2026-07-06 07:40:09,BV-02,smartphone,saudavel,saudavel,0.9980,agrosmart-v1,simulado,sim-2026-07
9eb4482e-9428-5d20-8316-300fdfdda23c,SC-01_20260706_0030.jpg,2026-07-06 07:40:15,SC-01,smartphone,saudavel,saudavel,0.8411,agrosmart-v1,simulado,sim-2026-07
30d47f78-bc7a-5c85-b3ea-cb92921d432c,BV-01_20260706_0015.jpg,2026-07-06 07:40:22,BV-01,smartphone,saudavel,saudavel,0.9123,agrosmart-v1,simulado,sim-2026-07
16d38788-9453-5051-a479-d8577866e19f,SC-01_20260706_0031.jpg,2026-07-06 07:40:40,SC-01,smartphone,saudavel,saudavel,0.7117,agrosmart-v1,simulado,sim-2026-07
270e0044-975c-5888-b77d-34f0c98d4645,SC-02_20260706_0014.jpg,2026-07-06 07:40:40,SC-02,smartphone,saudavel,saudavel,0.9203,agrosmart-v1,simulado,sim-2026-07
53f540ad-404c-5d10-b435-b21f9606f2d5,BV-01_20260706_0016.jpg,2026-07-06 07:41:01,BV-01,smartphone,saudavel,saudavel,0.9941,agrosmart-v1,simulado,sim-2026-07
846c2257-70f0-5f2f-b792-589db785b9a8,BV-02_20260706_0031.jpg,2026-07-06 07:41:01,BV-02,smartphone,saudavel,saudavel,0.9966,agrosmart-v1,simulado,sim-2026-07
543d6556-7ce7-5f50-97ba-82415f92ce0c,SC-02_20260706_0015.jpg,2026-07-06 07:41:19,SC-02,smartphone,saudavel,saudavel,0.9626,agrosmart-v1,simulado,sim-2026-07
8f5ae7f1-4673-51f9-96ff-58420a0fc6ff,BV-01_20260706_0017.jpg,2026-07-06 07:41:32,BV-01,smartphone,saudavel,saudavel,0.9524,agrosmart-v1,simulado,sim-2026-07
fb8f776d-0a89-5ab4-9648-45e1f9d5181f,BV-02_20260706_0032.jpg,2026-07-06 07:41:32,BV-02,smartphone,saudavel,saudavel,0.9858,agrosmart-v1,simulado,sim-2026-07
818f8d17-5ec6-5899-b015-4f753b7e64e4,SC-01_20260706_0032.jpg,2026-07-06 07:41:36,SC-01,smartphone,saudavel,saudavel,0.9543,agrosmart-v1,simulado,sim-2026-07
acb214f1-3b7d-5c93-8377-b28cfbbd98c3,SC-02_20260706_0016.jpg,2026-07-06 07:41:45,SC-02,smartphone,saudavel,saudavel,0.9821,agrosmart-v1,simulado,sim-2026-07
30226493-6536-5dfc-ae06-5869c750c79e,BV-02_20260706_0033.jpg,2026-07-06 07:42:02,BV-02,smartphone,saudavel,saudavel,0.9762,agrosmart-v1,simulado,sim-2026-07
bba76e63-bc0c-5ea4-8698-2f3bb6486e9b,BV-01_20260706_0018.jpg,2026-07-06 07:42:24,BV-01,smartphone,saudavel,saudavel,0.9972,agrosmart-v1,simulado,sim-2026-07
2a2e00fd-7da9-5322-808a-441da71a2b75,SC-01_20260706_0033.jpg,2026-07-06 07:42:30,SC-01,smartphone,saudavel,saudavel,0.9805,agrosmart-v1,simulado,sim-2026-07
52db65ac-bbe5-5f5b-be08-fd6076561907,SC-02_20260706_0017.jpg,2026-07-06 07:42:36,SC-02,smartphone,doente,requeima,0.7893,agrosmart-v1,simulado,sim-2026-07
b8b0594e-103e-515a-ade0-3f85b85ff7fd,BV-01_20260706_0019.jpg,2026-07-06 07:42:44,BV-01,smartphone,saudavel,saudavel,0.9765,agrosmart-v1,simulado,sim-2026-07
a047ce3c-8302-5c4f-b113-e0b8e0363ac8,SC-01_20260706_0034.jpg,2026-07-06 07:43:04,SC-01,smartphone,saudavel,saudavel,0.9845,agrosmart-v1,simulado,sim-2026-07
c0e62f4d-7866-5e52-9272-2c9904966154,SC-02_20260706_0018.jpg,2026-07-06 07:43:06,SC-02,smartphone,saudavel,saudavel,0.9991,agrosmart-v1,simulado,sim-2026-07
3ebe73cb-74b1-5e5a-9c57-452ca5f1c25f,SC-01_20260706_0035.jpg,2026-07-06 07:43:32,SC-01,smartphone,saudavel,saudavel,0.8390,agrosmart-v1,simulado,sim-2026-07
e062074a-d3d2-5871-85b6-3ecbd9711377,BV-01_20260706_0020.jpg,2026-07-06 07:43:43,BV-01,smartphone,saudavel,saudavel,0.9806,agrosmart-v1,simulado,sim-2026-07
8585dc16-2ab2-5b4f-908f-7a3575633572,SC-02_20260706_0019.jpg,2026-07-06 07:43:47,SC-02,smartphone,saudavel,saudavel,0.9869,agrosmart-v1,simulado,sim-2026-07
e9e40adb-41b0-5407-ab61-96666f3bbc42,SC-01_20260706_0036.jpg,2026-07-06 07:44:07,SC-01,smartphone,saudavel,saudavel,0.9042,agrosmart-v1,simulado,sim-2026-07
2365aeb4-56d3-59b7-8548-69525198dc3f,BV-01_20260706_0021.jpg,2026-07-06 07:44:09,BV-01,smartphone,saudavel,saudavel,0.9024,agrosmart-v1,simulado,sim-2026-07
c333f799-2c6a-5697-b75b-9a34a60d4255,SC-02_20260706_0020.jpg,2026-07-06 07:44:35,SC-02,smartphone,saudavel,saudavel,0.8795,agrosmart-v1,simulado,sim-2026-07
6b3c618a-e0c3-5541-8085-eaed84b2cafe,SC-02_20260706_0021.jpg,2026-07-06 07:45:02,SC-02,smartphone,doente,requeima,0.9822,agrosmart-v1,simulado,sim-2026-07
b929ca28-643f-5a39-86b2-9c4964d85c4f,BV-01_20260706_0022.jpg,2026-07-06 07:45:06,BV-01,smartphone,saudavel,saudavel,0.9448,agrosmart-v1,simulado,sim-2026-07
89d85a80-bb49-58f2-9033-ee82a2e48252,BV-01_20260706_0023.jpg,2026-07-06 07:45:47,BV-01,smartphone,saudavel,saudavel,0.8679,agrosmart-v1,simulado,sim-2026-07
09af1812-53f4-5c61-ae4c-cb766b08caaa,SC-02_20260706_0022.jpg,2026-07-06 07:46:07,SC-02,smartphone,saudavel,saudavel,0.9992,agrosmart-v1,simulado,sim-2026-07
739df389-1581-5db2-bcd8-f14ca86312c5,BV-01_20260706_0024.jpg,2026-07-06 07:46:25,BV-01,smartphone,saudavel,saudavel,0.9170,agrosmart-v1,simulado,sim-2026-07
9a5ac187-de2f-5947-8e43-ea55899b5c0d,SC-02_20260706_0023.jpg,2026-07-06 07:46:38,SC-02,smartphone,doente,requeima,0.9644,agrosmart-v1,simulado,sim-2026-07
2a36bf63-4da0-5991-b15b-e22bafae1ef4,BV-01_20260706_0025.jpg,2026-07-06 07:47:01,BV-01,smartphone,saudavel,saudavel,0.9980,agrosmart-v1,simulado,sim-2026-07
00b6f942-2b43-5dde-9967-4221d95cdc13,SC-02_20260706_0024.jpg,2026-07-06 07:47:30,SC-02,smartphone,saudavel,saudavel,0.7422,agrosmart-v1,simulado,sim-2026-07
9fa4d2ce-e64e-51e7-aba9-356f078a67da,BV-01_20260706_0026.jpg,2026-07-06 07:47:41,BV-01,smartphone,saudavel,saudavel,0.9974,agrosmart-v1,simulado,sim-2026-07
991a1791-293c-58af-8d26-476a5a6a9092,SC-02_20260706_0025.jpg,2026-07-06 07:47:55,SC-02,smartphone,saudavel,saudavel,0.8288,agrosmart-v1,simulado,sim-2026-07
f271e6f7-6211-51db-8b69-51a531228c99,SC-02_20260706_0026.jpg,2026-07-06 07:48:46,SC-02,smartphone,saudavel,saudavel,0.9921,agrosmart-v1,simulado,sim-2026-07
ec8082fc-2869-5145-8fa4-e94af3ae34ce,SC-02_20260706_0027.jpg,2026-07-06 07:49:12,SC-02,smartphone,saudavel,saudavel,0.9840,agrosmart-v1,simulado,sim-2026-07
058c378e-29db-5ada-ac1f-6c93598b6de9,SC-02_20260706_0028.jpg,2026-07-06 07:49:46,SC-02,smartphone,doente,requeima,0.8575,agrosmart-v1,simulado,sim-2026-07
cce2856f-47c6-561d-b750-49fce0469d8f,SC-02_20260706_0029.jpg,2026-07-06 07:50:30,SC-02,smartphone,doente,requeima,0.8683,agrosmart-v1,simulado,sim-2026-07
4d064046-c23d-5192-8ca4-bfbdb65f67c5,SC-02_20260706_0030.jpg,2026-07-06 07:51:07,SC-02,smartphone,saudavel,saudavel,0.8482,agrosmart-v1,simulado,sim-2026-07
d4497435-e4db-5e9d-b74e-c8274e158087,SC-02_20260706_0031.jpg,2026-07-06 07:52:10,SC-02,smartphone,saudavel,saudavel,0.9033,agrosmart-v1,simulado,sim-2026-07
d49b1827-f681-52c8-9257-f32f48bbb2f7,SC-02_20260706_0032.jpg,2026-07-06 07:52:25,SC-02,smartphone,doente,requeima,0.9838,agrosmart-v1,simulado,sim-2026-07
7815a137-b79f-5f42-a644-0a6874a46e62,SC-02_20260706_0033.jpg,2026-07-06 07:53:10,SC-02,smartphone,saudavel,saudavel,0.9361,agrosmart-v1,simulado,sim-2026-07
1e1ea1e2-5d0a-5847-92ba-76cf17529b99,SC-02_20260706_0034.jpg,2026-07-06 07:53:58,SC-02,smartphone,saudavel,saudavel,0.9769,agrosmart-v1,simulado,sim-2026-07
934e662e-5fff-54a6-9556-1f8c9afe6748,SC-02_20260706_0035.jpg,2026-07-06 07:54:47,SC-02,smartphone,saudavel,saudavel,0.9600,agrosmart-v1,simulado,sim-2026-07
13e93187-b4ac-5030-af8d-9a7ff0d7a567,SC-02_20260706_0036.jpg,2026-07-06 07:55:22,SC-02,smartphone,doente,requeima,1.0000,agrosmart-v1,simulado,sim-2026-07
655487aa-0547-5407-aae5-3cdf25169df9,SC-02_20260706_0037.jpg,2026-07-06 07:56:01,SC-02,smartphone,saudavel,saudavel,0.9754,agrosmart-v1,simulado,sim-2026-07
d6c02932-465e-593c-9683-64bb77948827,SC-02_20260706_0038.jpg,2026-07-06 07:56:21,SC-02,smartphone,doente,requeima,0.5918,agrosmart-v1,simulado,sim-2026-07
2af528b0-eaca-5451-8e15-c496c77d2295,SC-02_20260706_0039.jpg,2026-07-06 07:57:10,SC-02,smartphone,saudavel,saudavel,0.9729,agrosmart-v1,simulado,sim-2026-07
9a6edd9e-302a-5c7c-8a43-72d961a9ea5c,SC-02_20260706_0040.jpg,2026-07-06 07:57:46,SC-02,smartphone,saudavel,saudavel,0.8623,agrosmart-v1,simulado,sim-2026-07
04682083-5b84-5142-9b54-4fff11403ed7,TI-01_20260706_0001.jpg,2026-07-06 08:11:40,TI-01,drone,saudavel,saudavel,0.9392,agrosmart-v1,simulado,sim-2026-07
1f417505-b2f8-5f91-bdc7-9226a75fdb81,TI-01_20260706_0002.jpg,2026-07-06 08:12:21,TI-01,drone,saudavel,saudavel,0.8481,agrosmart-v1,simulado,sim-2026-07
08cdac24-7305-54c3-9d4c-77561cfba3e2,TI-01_20260706_0003.jpg,2026-07-06 08:13:13,TI-01,drone,saudavel,saudavel,0.8965,agrosmart-v1,simulado,sim-2026-07
d401ba96-2aad-5a57-b9ba-619af264cfe2,TI-01_20260706_0004.jpg,2026-07-06 08:14:06,TI-01,drone,saudavel,saudavel,0.9141,agrosmart-v1,simulado,sim-2026-07
a13aee3a-dba0-569c-9e4d-3e9231c20756,TI-01_20260706_0005.jpg,2026-07-06 08:14:30,TI-01,drone,saudavel,saudavel,0.9904,agrosmart-v1,simulado,sim-2026-07
aea11f1d-d037-5fd5-9ae3-762cb7189270,TI-01_20260706_0006.jpg,2026-07-06 08:15:28,TI-01,drone,saudavel,saudavel,0.9420,agrosmart-v1,simulado,sim-2026-07
f1198867-cf0c-5d7b-809f-093cfc575e38,TI-01_20260706_0007.jpg,2026-07-06 08:15:57,TI-01,drone,saudavel,saudavel,0.9972,agrosmart-v1,simulado,sim-2026-07
f6f8e01b-d333-5130-93f9-e17f4257ee37,TI-01_20260706_0008.jpg,2026-07-06 08:16:41,TI-01,drone,saudavel,saudavel,0.9680,agrosmart-v1,simulado,sim-2026-07
fdee4eaf-69ca-51c3-8602-8bc2d76fd04f,TI-01_20260706_0009.jpg,2026-07-06 08:17:06,TI-01,drone,saudavel,saudavel,0.9049,agrosmart-v1,simulado,sim-2026-07
1793a7d1-cb67-56c8-870a-0b2f390e7797,TI-01_20260706_0010.jpg,2026-07-06 08:17:51,TI-01,drone,saudavel,saudavel,0.9316,agrosmart-v1,simulado,sim-2026-07
ece85ff9-9c76-5354-bb44-fc79aa130d43,TI-01_20260706_0011.jpg,2026-07-06 08:18:24,TI-01,drone,saudavel,saudavel,0.9286,agrosmart-v1,simulado,sim-2026-07
57beaf57-7c4c-51ab-b08e-fcec66f8d3d1,TI-01_20260706_0012.jpg,2026-07-06 08:19:26,TI-01,drone,saudavel,saudavel,0.9837,agrosmart-v1,simulado,sim-2026-07
f741e1b5-c68a-53f7-88d3-dffb6446e5e1,BV-04_20260706_0001.jpg,2026-07-06 08:19:47,BV-04,smartphone,saudavel,saudavel,0.9673,agrosmart-v1,simulado,sim-2026-07
609effa9-7415-5f3b-a05b-701eab2120e3,TI-01_20260706_0013.jpg,2026-07-06 08:20:08,TI-01,drone,saudavel,saudavel,0.9464,agrosmart-v1,simulado,sim-2026-07
bb494134-7907-5950-b1a5-6779575d01b5,BV-04_20260706_0002.jpg,2026-07-06 08:20:42,BV-04,smartphone,doente,vaquinha,0.9815,agrosmart-v1,simulado,sim-2026-07
bede2d2a-e537-591f-beaf-1a61314a1463,TI-01_20260706_0014.jpg,2026-07-06 08:20:46,TI-01,drone,saudavel,saudavel,0.9270,agrosmart-v1,simulado,sim-2026-07
7a2702de-6e17-5696-9d9e-d26845e90a79,BV-04_20260706_0003.jpg,2026-07-06 08:21:02,BV-04,smartphone,saudavel,saudavel,0.9819,agrosmart-v1,simulado,sim-2026-07
d3d6a63e-8840-5144-bd36-73ae4a2aa29c,TI-01_20260706_0015.jpg,2026-07-06 08:21:07,TI-01,drone,saudavel,saudavel,0.9937,agrosmart-v1,simulado,sim-2026-07
bfc70e5f-107c-501b-a738-ccf9c4f077fe,BV-04_20260706_0004.jpg,2026-07-06 08:22:01,BV-04,smartphone,saudavel,saudavel,0.9132,agrosmart-v1,simulado,sim-2026-07
4a6b8b6c-e0ce-5e5a-ad81-6cb9f997c6bc,TI-01_20260706_0016.jpg,2026-07-06 08:22:05,TI-01,drone,saudavel,saudavel,0.9748,agrosmart-v1,simulado,sim-2026-07
e23e5f2a-647e-546f-8bdd-de8b6bc32295,BV-04_20260706_0005.jpg,2026-07-06 08:22:49,BV-04,smartphone,saudavel,saudavel,0.8578,agrosmart-v1,simulado,sim-2026-07
4aeabc9c-6fa4-506e-a15d-407320475387,TI-01_20260706_0017.jpg,2026-07-06 08:22:50,TI-01,drone,saudavel,saudavel,0.9736,agrosmart-v1,simulado,sim-2026-07
bee591b2-ec32-5086-a233-b863637981ce,TI-01_20260706_0018.jpg,2026-07-06 08:23:06,TI-01,drone,saudavel,saudavel,0.9740,agrosmart-v1,simulado,sim-2026-07
6d891173-9c66-5d61-a0cb-001e826a75eb,BV-04_20260706_0006.jpg,2026-07-06 08:23:16,BV-04,smartphone,saudavel,saudavel,0.9331,agrosmart-v1,simulado,sim-2026-07
935f9d9c-7278-5a90-953c-0538678827c9,TI-01_20260706_0019.jpg,2026-07-06 08:23:47,TI-01,drone,saudavel,saudavel,0.9578,agrosmart-v1,simulado,sim-2026-07
4c0fea2e-f830-5a5c-ae9b-ca011cae4ee3,BV-04_20260706_0007.jpg,2026-07-06 08:23:51,BV-04,smartphone,saudavel,saudavel,0.9148,agrosmart-v1,simulado,sim-2026-07
2b42f194-235b-5a4a-8f7e-07866fd57944,BV-04_20260706_0008.jpg,2026-07-06 08:24:43,BV-04,smartphone,doente,pinta_preta,0.9726,agrosmart-v1,simulado,sim-2026-07
7924b408-3c3f-50a3-a055-4b99ff6c97f8,TI-01_20260706_0020.jpg,2026-07-06 08:24:46,TI-01,drone,saudavel,saudavel,0.8344,agrosmart-v1,simulado,sim-2026-07
538a2fbc-7939-5b8d-9190-481522cbef60,BV-04_20260706_0009.jpg,2026-07-06 08:25:05,BV-04,smartphone,saudavel,saudavel,0.9943,agrosmart-v1,simulado,sim-2026-07
3c08b1df-8d26-578a-bf28-7e859f67efcb,TI-01_20260706_0021.jpg,2026-07-06 08:25:08,TI-01,drone,saudavel,saudavel,0.8885,agrosmart-v1,simulado,sim-2026-07
eb8db656-aeb6-5e4c-b223-bfc57fd99e84,BV-04_20260706_0010.jpg,2026-07-06 08:25:52,BV-04,smartphone,saudavel,saudavel,0.9999,agrosmart-v1,simulado,sim-2026-07
8fe74d55-2da1-5e69-83ee-bcbd24875f40,TI-01_20260706_0022.jpg,2026-07-06 08:26:04,TI-01,drone,saudavel,saudavel,0.9794,agrosmart-v1,simulado,sim-2026-07
2e952d48-0e2a-55a8-9359-d88fb29fee07,BV-04_20260706_0011.jpg,2026-07-06 08:26:30,BV-04,smartphone,saudavel,saudavel,0.9991,agrosmart-v1,simulado,sim-2026-07
e6943fb7-080e-5bb5-b4e0-c972150dcb3b,TI-01_20260706_0023.jpg,2026-07-06 08:26:30,TI-01,drone,saudavel,saudavel,0.9516,agrosmart-v1,simulado,sim-2026-07
cafa9d29-e4e5-58cc-8815-bb2ae23a8480,BV-04_20260706_0012.jpg,2026-07-06 08:27:05,BV-04,smartphone,saudavel,saudavel,0.9786,agrosmart-v1,simulado,sim-2026-07
014fb92e-6153-527a-908b-540ca17fa083,TI-01_20260706_0024.jpg,2026-07-06 08:27:25,TI-01,drone,saudavel,saudavel,0.9830,agrosmart-v1,simulado,sim-2026-07
025798ad-a35f-5cfc-b7a6-562aff3d0029,BV-04_20260706_0013.jpg,2026-07-06 08:27:58,BV-04,smartphone,saudavel,saudavel,0.9605,agrosmart-v1,simulado,sim-2026-07
6f83b6b3-1af0-5181-8249-4cd90ad00fc0,TI-01_20260706_0025.jpg,2026-07-06 08:28:00,TI-01,drone,saudavel,saudavel,0.9907,agrosmart-v1,simulado,sim-2026-07
3466732e-b3df-5679-8ead-fda7f0bfa7aa,BV-04_20260706_0014.jpg,2026-07-06 08:28:34,BV-04,smartphone,saudavel,saudavel,0.8858,agrosmart-v1,simulado,sim-2026-07
17df4145-636c-5727-a7c8-506dbd3a8109,TI-01_20260706_0026.jpg,2026-07-06 08:28:40,TI-01,drone,saudavel,saudavel,0.9501,agrosmart-v1,simulado,sim-2026-07
72878807-b7ba-58b8-9269-7dccc2c2d6f8,TI-01_20260706_0027.jpg,2026-07-06 08:29:05,TI-01,drone,saudavel,saudavel,0.9724,agrosmart-v1,simulado,sim-2026-07
f79e3fd8-232b-5d1e-b434-4bae181c7d06,BV-04_20260706_0015.jpg,2026-07-06 08:29:26,BV-04,smartphone,saudavel,saudavel,0.9570,agrosmart-v1,simulado,sim-2026-07
c1d62837-a1ed-58b3-9685-29f23066d388,TI-01_20260706_0028.jpg,2026-07-06 08:29:59,TI-01,drone,saudavel,saudavel,0.9330,agrosmart-v1,simulado,sim-2026-07
a4602a87-a982-5219-b27b-e6b222770284,BV-04_20260706_0016.jpg,2026-07-06 08:30:04,BV-04,smartphone,saudavel,saudavel,0.9427,agrosmart-v1,simulado,sim-2026-07
7cf56224-4c20-5b4e-9c81-c8501214a359,TI-04_20260706_0001.jpg,2026-07-06 08:30:06,TI-04,drone,saudavel,saudavel,0.9747,agrosmart-v1,simulado,sim-2026-07
643e73a6-64dc-5453-ba65-393269daea24,BV-04_20260706_0017.jpg,2026-07-06 08:30:24,BV-04,smartphone,saudavel,saudavel,0.9633,agrosmart-v1,simulado,sim-2026-07
56fa064b-2e05-5923-a15b-e4d4d688182e,TI-01_20260706_0029.jpg,2026-07-06 08:30:32,TI-01,drone,saudavel,saudavel,0.9104,agrosmart-v1,simulado,sim-2026-07
855c21dd-1690-5e15-a8fc-0911a01e46ca,TI-04_20260706_0002.jpg,2026-07-06 08:30:34,TI-04,drone,saudavel,saudavel,0.9859,agrosmart-v1,simulado,sim-2026-07
22bfd036-8efd-52cc-a760-784847546ab2,BV-04_20260706_0018.jpg,2026-07-06 08:31:02,BV-04,smartphone,saudavel,saudavel,0.9179,agrosmart-v1,simulado,sim-2026-07
4b2b95ac-2101-5201-b420-19007b50ae0e,TI-04_20260706_0003.jpg,2026-07-06 08:31:22,TI-04,drone,doente,vaquinha,0.9565,agrosmart-v1,simulado,sim-2026-07
1aab5a21-b49b-575b-a8fd-7d0864cdc708,TI-01_20260706_0030.jpg,2026-07-06 08:31:23,TI-01,drone,saudavel,saudavel,0.8940,agrosmart-v1,simulado,sim-2026-07
329bb5f8-7653-58d9-b6a1-90828128b21c,BV-03_20260706_0001.jpg,2026-07-06 08:32:02,BV-03,smartphone,saudavel,saudavel,0.9222,agrosmart-v1,simulado,sim-2026-07
7138e217-4c7a-59e2-be1d-8c8d44fc8313,TI-04_20260706_0004.jpg,2026-07-06 08:32:02,TI-04,drone,saudavel,saudavel,0.9715,agrosmart-v1,simulado,sim-2026-07
857777b4-5878-5a42-88c0-73640ff27179,TI-01_20260706_0031.jpg,2026-07-06 08:32:04,TI-01,drone,saudavel,saudavel,0.9710,agrosmart-v1,simulado,sim-2026-07
de40dce6-8c59-5af4-a174-117da0d91df6,BV-04_20260706_0019.jpg,2026-07-06 08:32:10,BV-04,smartphone,saudavel,saudavel,1.0000,agrosmart-v1,simulado,sim-2026-07
035a5f55-27f8-5221-a880-f188dd9edd1f,TI-04_20260706_0005.jpg,2026-07-06 08:32:31,TI-04,drone,saudavel,saudavel,0.9763,agrosmart-v1,simulado,sim-2026-07
8be839a1-b6dc-5e46-bd1e-7645515bee83,BV-04_20260706_0020.jpg,2026-07-06 08:32:33,BV-04,smartphone,saudavel,saudavel,0.9773,agrosmart-v1,simulado,sim-2026-07
2ac9550b-47e2-5f6d-a830-5fec57629d2b,TI-01_20260706_0032.jpg,2026-07-06 08:32:34,TI-01,drone,saudavel,saudavel,0.9924,agrosmart-v1,simulado,sim-2026-07
c7e513ed-a5aa-514b-b20c-9a5d342ee8ab,BV-03_20260706_0002.jpg,2026-07-06 08:32:38,BV-03,smartphone,saudavel,saudavel,0.9871,agrosmart-v1,simulado,sim-2026-07
0768fbeb-024b-5b65-9dae-56e5d462741d,TI-01_20260706_0033.jpg,2026-07-06 08:33:01,TI-01,drone,saudavel,saudavel,0.9991,agrosmart-v1,simulado,sim-2026-07
d6446a4c-0176-5d65-9195-301f49cf495c,BV-03_20260706_0003.jpg,2026-07-06 08:33:08,BV-03,smartphone,saudavel,saudavel,0.8807,agrosmart-v1,simulado,sim-2026-07
aa998e14-5f79-535a-b50c-41d1daa60184,BV-04_20260706_0021.jpg,2026-07-06 08:33:14,BV-04,smartphone,saudavel,saudavel,0.9981,agrosmart-v1,simulado,sim-2026-07
7943a10b-81a6-5463-a50b-10c473f31d82,TI-04_20260706_0006.jpg,2026-07-06 08:33:17,TI-04,drone,saudavel,saudavel,0.9662,agrosmart-v1,simulado,sim-2026-07
cc96c6e4-2e3c-50b4-994a-5740fc9f173a,TI-04_20260706_0007.jpg,2026-07-06 08:33:43,TI-04,drone,saudavel,saudavel,0.9262,agrosmart-v1,simulado,sim-2026-07
4c7fb932-a5f0-57ac-b6a0-13e9deb173a8,BV-03_20260706_0004.jpg,2026-07-06 08:33:51,BV-03,smartphone,saudavel,saudavel,0.9787,agrosmart-v1,simulado,sim-2026-07
04661354-4254-5399-8f52-625124e23979,TI-01_20260706_0034.jpg,2026-07-06 08:33:57,TI-01,drone,saudavel,saudavel,0.9793,agrosmart-v1,simulado,sim-2026-07
d1c4fb91-01e9-5649-b074-7f9e1f052261,BV-04_20260706_0022.jpg,2026-07-06 08:34:10,BV-04,smartphone,saudavel,saudavel,0.9040,agrosmart-v1,simulado,sim-2026-07
b06f95f9-2ab1-5f25-bc63-af2de0b45d25,BV-03_20260706_0005.jpg,2026-07-06 08:34:22,BV-03,smartphone,saudavel,saudavel,0.8826,agrosmart-v1,simulado,sim-2026-07
799f0a06-fe5b-5a2f-94a2-86c0e2368681,BV-04_20260706_0023.jpg,2026-07-06 08:34:26,BV-04,smartphone,saudavel,saudavel,1.0000,agrosmart-v1,simulado,sim-2026-07
f2f7fa2f-1c94-58dd-96c7-c448e75dff31,TI-04_20260706_0008.jpg,2026-07-06 08:34:28,TI-04,drone,saudavel,saudavel,0.9478,agrosmart-v1,simulado,sim-2026-07
a8d4c1d4-5b46-55eb-adc2-d286ab8d0805,TI-01_20260706_0035.jpg,2026-07-06 08:34:33,TI-01,drone,saudavel,saudavel,0.9442,agrosmart-v1,simulado,sim-2026-07
c10ef269-b12f-569a-afeb-b95db72cf01e,TI-03_20260706_0001.jpg,2026-07-06 08:34:51,TI-03,drone,saudavel,saudavel,0.9976,agrosmart-v1,simulado,sim-2026-07
ae850502-9db3-52f5-9516-3f343868c18c,TI-01_20260706_0036.jpg,2026-07-06 08:35:05,TI-01,drone,doente,pinta_preta,0.5641,agrosmart-v1,simulado,sim-2026-07
a01b5f9d-a3fd-5c22-ad2d-ec000ed66337,BV-04_20260706_0024.jpg,2026-07-06 08:35:12,BV-04,smartphone,saudavel,saudavel,0.9998,agrosmart-v1,simulado,sim-2026-07
73864ddb-713e-5b5a-ae25-06586db05ad3,TI-04_20260706_0009.jpg,2026-07-06 08:35:15,TI-04,drone,saudavel,saudavel,0.9873,agrosmart-v1,simulado,sim-2026-07
bec314b0-4921-5abe-a1a2-d571fdcc1669,BV-03_20260706_0006.jpg,2026-07-06 08:35:26,BV-03,smartphone,saudavel,saudavel,0.9868,agrosmart-v1,simulado,sim-2026-07
4a94c1f7-3786-566f-8a3f-1223e4344baa,TI-03_20260706_0002.jpg,2026-07-06 08:35:45,TI-03,drone,doente,requeima,0.9648,agrosmart-v1,simulado,sim-2026-07
83d4a717-42a2-5100-87ab-41cfd4aac91d,BV-03_20260706_0007.jpg,2026-07-06 08:35:52,BV-03,smartphone,saudavel,saudavel,0.9889,agrosmart-v1,simulado,sim-2026-07
eed779a3-3ca9-5910-9091-31b8fddbad49,TI-04_20260706_0010.jpg,2026-07-06 08:35:54,TI-04,drone,saudavel,saudavel,0.9354,agrosmart-v1,simulado,sim-2026-07
18de91bd-3f23-545b-b549-1ed8c77477b3,TI-01_20260706_0037.jpg,2026-07-06 08:35:55,TI-01,drone,doente,pinta_preta,0.9954,agrosmart-v1,simulado,sim-2026-07
c5c27fa5-1f71-556f-b968-beb14c66732f,BV-04_20260706_0025.jpg,2026-07-06 08:36:02,BV-04,smartphone,saudavel,saudavel,0.8327,agrosmart-v1,simulado,sim-2026-07
a3c96cb8-db65-507a-bcce-eaa8cc04e8fc,TI-03_20260706_0003.jpg,2026-07-06 08:36:20,TI-03,drone,saudavel,saudavel,0.8402,agrosmart-v1,simulado,sim-2026-07
f7b5538a-9d7a-5e85-81fd-43a23555d18e,TI-01_20260706_0038.jpg,2026-07-06 08:36:39,TI-01,drone,saudavel,saudavel,0.9289,agrosmart-v1,simulado,sim-2026-07
b6d7f88b-8d9d-5d50-ab8e-b3b33a8d28a7,TI-04_20260706_0011.jpg,2026-07-06 08:36:47,TI-04,drone,saudavel,saudavel,0.9969,agrosmart-v1,simulado,sim-2026-07
a6a2c2f6-874e-5879-bc3a-1df05cd61b94,BV-03_20260706_0008.jpg,2026-07-06 08:36:49,BV-03,smartphone,saudavel,saudavel,0.9247,agrosmart-v1,simulado,sim-2026-07
c1793357-dabc-582f-bee5-0bfcdfe99cc2,BV-03_20260706_0009.jpg,2026-07-06 08:37:00,BV-03,smartphone,saudavel,saudavel,1.0000,agrosmart-v1,simulado,sim-2026-07
c9679a23-2a9c-5b36-af9d-d32d4324f35d,TI-04_20260706_0012.jpg,2026-07-06 08:37:02,TI-04,drone,saudavel,saudavel,0.9351,agrosmart-v1,simulado,sim-2026-07
3d77286b-e5cc-5946-a373-92826f19ab62,TI-03_20260706_0004.jpg,2026-07-06 08:37:08,TI-03,drone,saudavel,saudavel,0.9003,agrosmart-v1,simulado,sim-2026-07
1ed304ca-2b80-50dd-b34c-9f224e249246,TI-01_20260706_0039.jpg,2026-07-06 08:37:22,TI-01,drone,saudavel,saudavel,0.8413,agrosmart-v1,simulado,sim-2026-07
e74d4c5f-2376-594d-943f-65a01ec3293e,TI-03_20260706_0005.jpg,2026-07-06 08:37:33,TI-03,drone,saudavel,saudavel,0.8837,agrosmart-v1,simulado,sim-2026-07
b6d7a83d-27c3-5adc-b062-4f284621489b,TI-01_20260706_0040.jpg,2026-07-06 08:38:00,TI-01,drone,saudavel,saudavel,0.9887,agrosmart-v1,simulado,sim-2026-07
d650ab19-cf35-5323-bea9-72759b8fe5e2,BV-03_20260706_0010.jpg,2026-07-06 08:38:06,BV-03,smartphone,saudavel,saudavel,0.9075,agrosmart-v1,simulado,sim-2026-07
257ef9c6-1e16-5993-b6da-170b5eedacbd,TI-04_20260706_0013.jpg,2026-07-06 08:38:07,TI-04,drone,saudavel,saudavel,0.5404,agrosmart-v1,simulado,sim-2026-07
e87e3351-2104-5ee8-a5a7-f2d3d1fdb2cc,TI-03_20260706_0006.jpg,2026-07-06 08:38:18,TI-03,drone,saudavel,saudavel,0.9990,agrosmart-v1,simulado,sim-2026-07
8bbf6eb9-f667-5e23-9d93-008e53815b18,BV-03_20260706_0011.jpg,2026-07-06 08:38:29,BV-03,smartphone,saudavel,saudavel,0.9863,agrosmart-v1,simulado,sim-2026-07
a0bab770-249a-5308-b561-803476671f8c,TI-04_20260706_0014.jpg,2026-07-06 08:38:29,TI-04,drone,saudavel,saudavel,0.9173,agrosmart-v1,simulado,sim-2026-07
70a64de5-11ac-5d1c-8ae1-26d287ea77e2,TI-01_20260706_0041.jpg,2026-07-06 08:38:47,TI-01,drone,saudavel,saudavel,1.0000,agrosmart-v1,simulado,sim-2026-07
bf427da2-67b3-59bc-a1e6-6083e0bb674b,TI-03_20260706_0007.jpg,2026-07-06 08:39:02,TI-03,drone,saudavel,saudavel,0.8580,agrosmart-v1,simulado,sim-2026-07
91825dcc-d1ef-57f8-81cc-d06624fc02c6,TI-04_20260706_0015.jpg,2026-07-06 08:39:05,TI-04,drone,saudavel,saudavel,0.9992,agrosmart-v1,simulado,sim-2026-07
a622689c-e5b9-539d-837a-4364920da5c8,TI-01_20260706_0042.jpg,2026-07-06 08:39:14,TI-01,drone,saudavel,saudavel,0.8644,agrosmart-v1,simulado,sim-2026-07
494e263c-1092-5a7c-949b-97b2e4be89cb,BV-03_20260706_0012.jpg,2026-07-06 08:39:24,BV-03,smartphone,doente,pinta_preta,0.8466,agrosmart-v1,simulado,sim-2026-07
3a43b0da-a609-5af9-9c2e-9483441ed794,TI-03_20260706_0008.jpg,2026-07-06 08:39:29,TI-03,drone,saudavel,saudavel,0.8311,agrosmart-v1,simulado,sim-2026-07
5339835f-bd89-5038-82d2-5e34afc01495,BV-03_20260706_0013.jpg,2026-07-06 08:39:44,BV-03,smartphone,saudavel,saudavel,0.8836,agrosmart-v1,simulado,sim-2026-07
561ffde8-1146-52e8-8959-dd2e670f154c,TI-04_20260706_0016.jpg,2026-07-06 08:39:55,TI-04,drone,saudavel,saudavel,0.9968,agrosmart-v1,simulado,sim-2026-07
d1af8ee5-e85b-5424-a76c-80365a72693e,TI-01_20260706_0043.jpg,2026-07-06 08:39:58,TI-01,drone,saudavel,saudavel,0.9607,agrosmart-v1,simulado,sim-2026-07
fd7a51db-c26c-577f-90ad-720ee3ebce8c,TI-03_20260706_0009.jpg,2026-07-06 08:40:22,TI-03,drone,saudavel,saudavel,0.9382,agrosmart-v1,simulado,sim-2026-07
62da7958-3674-520e-81ff-5ff6b7cdea0e,BV-03_20260706_0014.jpg,2026-07-06 08:40:26,BV-03,smartphone,doente,vaquinha,0.9721,agrosmart-v1,simulado,sim-2026-07
40fb774e-321f-56cb-95b2-0a9f6e476915,TI-01_20260706_0044.jpg,2026-07-06 08:40:27,TI-01,drone,saudavel,saudavel,0.9995,agrosmart-v1,simulado,sim-2026-07
0e2ac90f-a1f1-52e0-b064-eb8614a1105b,TI-04_20260706_0017.jpg,2026-07-06 08:40:27,TI-04,drone,saudavel,saudavel,0.9045,agrosmart-v1,simulado,sim-2026-07
fd8ef9b3-b305-51d6-84be-64e12d18ca3d,TI-03_20260706_0010.jpg,2026-07-06 08:41:09,TI-03,drone,saudavel,saudavel,0.9119,agrosmart-v1,simulado,sim-2026-07
2b0cdcf2-281f-5303-82ab-eebb0acad511,TI-01_20260706_0045.jpg,2026-07-06 08:41:22,TI-01,drone,saudavel,saudavel,0.9903,agrosmart-v1,simulado,sim-2026-07
5cd84d60-9be4-5caa-8919-a8303a39b081,TI-04_20260706_0018.jpg,2026-07-06 08:41:28,TI-04,drone,saudavel,saudavel,0.9128,agrosmart-v1,simulado,sim-2026-07
bcdfbff9-8c60-5646-9b8f-d0714ace9a82,BV-03_20260706_0015.jpg,2026-07-06 08:41:30,BV-03,smartphone,saudavel,saudavel,0.9997,agrosmart-v1,simulado,sim-2026-07
3f2a8515-c09a-5618-86c9-c084b4c3aa9d,TI-03_20260706_0011.jpg,2026-07-06 08:41:32,TI-03,drone,saudavel,saudavel,0.8838,agrosmart-v1,simulado,sim-2026-07
f727c09a-138e-51b9-927c-8141b76ac534,TI-01_20260706_0046.jpg,2026-07-06 08:42:05,TI-01,drone,saudavel,saudavel,0.9989,agrosmart-v1,simulado,sim-2026-07
ad9c58d2-5c60-5c01-a825-ed6f46aa74b3,TI-03_20260706_0012.jpg,2026-07-06 08:42:07,TI-03,drone,saudavel,saudavel,0.9970,agrosmart-v1,simulado,sim-2026-07
788270d7-d134-5933-a1aa-1a564559e370,BV-03_20260706_0016.jpg,2026-07-06 08:42:09,BV-03,smartphone,saudavel,saudavel,0.9446,agrosmart-v1,simulado,sim-2026-07
832baab7-3b5b-5444-bde2-190bff81ae3d,TI-04_20260706_0019.jpg,2026-07-06 08:42:09,TI-04,drone,saudavel,saudavel,0.9307,agrosmart-v1,simulado,sim-2026-07
f97a09df-6f20-577d-8bc1-4c584132b7f9,TI-01_20260706_0047.jpg,2026-07-06 08:42:21,TI-01,drone,saudavel,saudavel,0.9938,agrosmart-v1,simulado,sim-2026-07
d2632457-c580-5d39-8f48-92a739a9001a,BV-03_20260706_0017.jpg,2026-07-06 08:42:28,BV-03,smartphone,saudavel,saudavel,0.9135,agrosmart-v1,simulado,sim-2026-07
a64442d9-fcb2-5f7b-9812-803002ad3028,TI-03_20260706_0013.jpg,2026-07-06 08:42:48,TI-03,drone,saudavel,saudavel,0.9910,agrosmart-v1,simulado,sim-2026-07
cf650d25-f7eb-5ae5-9d69-65634278308c,TI-04_20260706_0020.jpg,2026-07-06 08:42:48,TI-04,drone,saudavel,saudavel,0.6722,agrosmart-v1,simulado,sim-2026-07
06bba625-5d3e-5373-952f-e2a4820c0a0c,TI-04_20260706_0021.jpg,2026-07-06 08:43:03,TI-04,drone,saudavel,saudavel,0.9001,agrosmart-v1,simulado,sim-2026-07
25076e31-657f-54e5-aca8-f85cae4b07f5,BV-03_20260706_0018.jpg,2026-07-06 08:43:14,BV-03,smartphone,doente,pinta_preta,1.0000,agrosmart-v1,simulado,sim-2026-07
e562fe04-b9af-5211-b65b-dfd2e3bdad5a,TI-03_20260706_0014.jpg,2026-07-06 08:43:43,TI-03,drone,saudavel,saudavel,0.8770,agrosmart-v1,simulado,sim-2026-07
e14f5a40-4186-5231-a555-8f165cb636d9,BV-03_20260706_0019.jpg,2026-07-06 08:43:45,BV-03,smartphone,saudavel,saudavel,0.9794,agrosmart-v1,simulado,sim-2026-07
6660de4c-a339-5f4f-a56d-0431916e2f14,TI-04_20260706_0022.jpg,2026-07-06 08:43:53,TI-04,drone,saudavel,saudavel,0.9293,agrosmart-v1,simulado,sim-2026-07
3facb2d5-fe9b-5304-9545-a4339b8e1c4e,TI-03_20260706_0015.jpg,2026-07-06 08:44:28,TI-03,drone,saudavel,saudavel,0.8592,agrosmart-v1,simulado,sim-2026-07
fdb33413-cb09-5358-bf3b-c04544f13466,BV-03_20260706_0020.jpg,2026-07-06 08:44:32,BV-03,smartphone,saudavel,saudavel,0.9656,agrosmart-v1,simulado,sim-2026-07
f85c8b72-8725-54ce-9f26-9311c32775f5,TI-03_20260706_0016.jpg,2026-07-06 08:44:40,TI-03,drone,saudavel,saudavel,0.9963,agrosmart-v1,simulado,sim-2026-07
b4744ac8-c9da-5d2f-ab87-1dfb353a6668,TI-04_20260706_0023.jpg,2026-07-06 08:44:41,TI-04,drone,saudavel,saudavel,0.9748,agrosmart-v1,simulado,sim-2026-07
18ce493e-ef34-5a5e-88c3-85a10880cb1c,TI-04_20260706_0024.jpg,2026-07-06 08:45:02,TI-04,drone,saudavel,saudavel,0.9606,agrosmart-v1,simulado,sim-2026-07
1ee2557e-1c58-5125-8293-d922696f88f7,BV-03_20260706_0021.jpg,2026-07-06 08:45:27,BV-03,smartphone,saudavel,saudavel,0.9899,agrosmart-v1,simulado,sim-2026-07
26df4517-746f-5fcd-a80a-9017036842be,TI-04_20260706_0025.jpg,2026-07-06 08:45:43,TI-04,drone,saudavel,saudavel,0.9856,agrosmart-v1,simulado,sim-2026-07
aee1c240-2f9a-5535-9ebb-82cbef370d2a,BV-03_20260706_0022.jpg,2026-07-06 08:45:44,BV-03,smartphone,saudavel,saudavel,0.8435,agrosmart-v1,simulado,sim-2026-07
b5a6a7ea-f743-5503-93c1-3cb676b31157,TI-03_20260706_0017.jpg,2026-07-06 08:45:44,TI-03,drone,saudavel,saudavel,0.9278,agrosmart-v1,simulado,sim-2026-07
208ec0ba-db9a-59e0-a089-fd09a131ed7a,TI-03_20260706_0018.jpg,2026-07-06 08:46:04,TI-03,drone,saudavel,saudavel,0.9413,agrosmart-v1,simulado,sim-2026-07
802b5c15-755e-559b-be4a-c0737e84015a,TI-04_20260706_0026.jpg,2026-07-06 08:46:25,TI-04,drone,saudavel,saudavel,0.9981,agrosmart-v1,simulado,sim-2026-07
4efc7ef6-7a5e-5794-8f8a-a6f760f6aab2,TI-03_20260706_0019.jpg,2026-07-06 08:47:03,TI-03,drone,saudavel,saudavel,0.9218,agrosmart-v1,simulado,sim-2026-07
80c6c614-34d2-5615-ac36-8140685123c3,TI-04_20260706_0027.jpg,2026-07-06 08:47:16,TI-04,drone,saudavel,saudavel,0.9974,agrosmart-v1,simulado,sim-2026-07
de8ef0e7-23fb-5f65-a774-310bb9a55247,TI-03_20260706_0020.jpg,2026-07-06 08:47:30,TI-03,drone,saudavel,saudavel,0.9958,agrosmart-v1,simulado,sim-2026-07
eb067903-f226-5c6b-843d-d59185b52de6,TI-04_20260706_0028.jpg,2026-07-06 08:47:43,TI-04,drone,saudavel,saudavel,0.9998,agrosmart-v1,simulado,sim-2026-07
215cc8a5-cf87-5fc2-9d18-b2569f2a4b50,TI-03_20260706_0021.jpg,2026-07-06 08:48:10,TI-03,drone,saudavel,saudavel,0.9534,agrosmart-v1,simulado,sim-2026-07
a4cfa0d0-911b-5dfc-ab6b-b5519dc50062,TI-03_20260706_0022.jpg,2026-07-06 08:48:43,TI-03,drone,saudavel,saudavel,0.9148,agrosmart-v1,simulado,sim-2026-07
22692f51-dbd0-5eeb-b9b3-59756e0637f9,TI-03_20260706_0023.jpg,2026-07-06 08:49:41,TI-03,drone,saudavel,saudavel,0.9876,agrosmart-v1,simulado,sim-2026-07
3339a3a7-915b-5651-8c41-b1afd871478c,TI-03_20260706_0024.jpg,2026-07-06 08:50:01,TI-03,drone,saudavel,saudavel,0.9510,agrosmart-v1,simulado,sim-2026-07
396c8863-9989-57d9-88a3-936f2b524861,TI-03_20260706_0025.jpg,2026-07-06 08:50:41,TI-03,drone,saudavel,saudavel,0.9849,agrosmart-v1,simulado,sim-2026-07
d04b36b5-1c39-50bb-a728-1bc1713fe0be,TI-03_20260706_0026.jpg,2026-07-06 08:51:33,TI-03,drone,saudavel,saudavel,0.9119,agrosmart-v1,simulado,sim-2026-07
33eebce7-78c5-589f-8ad1-a6a499520c02,TI-03_20260706_0027.jpg,2026-07-06 08:52:07,TI-03,drone,saudavel,saudavel,0.9727,agrosmart-v1,simulado,sim-2026-07
1da64381-2cc6-5481-a12b-41eaa37fa25f,TI-03_20260706_0028.jpg,2026-07-06 08:52:58,TI-03,drone,saudavel,saudavel,0.8643,agrosmart-v1,simulado,sim-2026-07
a620baa1-6941-5b32-9b27-d121067a2d9c,TI-03_20260706_0029.jpg,2026-07-06 08:53:43,TI-03,drone,saudavel,saudavel,0.9768,agrosmart-v1,simulado,sim-2026-07
7a1a25f1-ad69-5767-8bd3-a58db58299de,TI-03_20260706_0030.jpg,2026-07-06 08:54:04,TI-03,drone,saudavel,saudavel,0.8519,agrosmart-v1,simulado,sim-2026-07
24fd188f-6c9e-59a0-8330-7d2d1845edc9,TI-03_20260706_0031.jpg,2026-07-06 08:54:50,TI-03,drone,saudavel,saudavel,0.9413,agrosmart-v1,simulado,sim-2026-07
f2bfb3ca-73c7-5675-bb1f-febf6bd979dc,TI-03_20260706_0032.jpg,2026-07-06 08:55:37,TI-03,drone,saudavel,saudavel,0.9674,agrosmart-v1,simulado,sim-2026-07
f1a86434-77d2-5bfa-af26-deb9627bf0e8,TI-03_20260706_0033.jpg,2026-07-06 08:56:01,TI-03,drone,saudavel,saudavel,0.9910,agrosmart-v1,simulado,sim-2026-07
b1f2c5ac-7284-58af-8fce-89c78967c64e,TI-03_20260706_0034.jpg,2026-07-06 08:57:05,TI-03,drone,saudavel,saudavel,0.9998,agrosmart-v1,simulado,sim-2026-07
d94996e4-b956-56ef-97db-0e2935803ff7,TI-02_20260706_0001.jpg,2026-07-06 09:35:57,TI-02,drone,saudavel,saudavel,0.9838,agrosmart-v1,simulado,sim-2026-07
8dc769d3-0007-5894-a69d-8430052059d9,TI-02_20260706_0002.jpg,2026-07-06 09:36:50,TI-02,drone,saudavel,saudavel,0.9080,agrosmart-v1,simulado,sim-2026-07
452ce617-2020-53b9-9df5-080db16882ee,TI-02_20260706_0003.jpg,2026-07-06 09:37:14,TI-02,drone,saudavel,saudavel,0.8925,agrosmart-v1,simulado,sim-2026-07
a84f8afa-9bee-5eb5-af9a-479a538408c5,TI-02_20260706_0004.jpg,2026-07-06 09:37:41,TI-02,drone,saudavel,saudavel,0.8347,agrosmart-v1,simulado,sim-2026-07
3b75b6d7-1be1-5f67-b1eb-af539e509152,TI-02_20260706_0005.jpg,2026-07-06 09:38:39,TI-02,drone,saudavel,saudavel,0.9280,agrosmart-v1,simulado,sim-2026-07
1b62168b-1265-5411-8063-910d2d9359cf,TI-02_20260706_0006.jpg,2026-07-06 09:39:11,TI-02,drone,saudavel,saudavel,1.0000,agrosmart-v1,simulado,sim-2026-07
c67434c3-876c-5fa4-a67c-5273dbbdc3b6,TI-02_20260706_0007.jpg,2026-07-06 09:39:55,TI-02,drone,saudavel,saudavel,0.8725,agrosmart-v1,simulado,sim-2026-07
2bad2079-db0d-5467-bae3-65298d59515a,TI-02_20260706_0008.jpg,2026-07-06 09:40:36,TI-02,drone,saudavel,saudavel,0.9495,agrosmart-v1,simulado,sim-2026-07
080febc7-6479-58ec-8bf1-7875983e25a5,TI-02_20260706_0009.jpg,2026-07-06 09:41:22,TI-02,drone,saudavel,saudavel,0.9961,agrosmart-v1,simulado,sim-2026-07
c0dd0581-4fd7-5952-915f-c33bd8eb9ff6,TI-02_20260706_0010.jpg,2026-07-06 09:42:02,TI-02,drone,saudavel,saudavel,0.9715,agrosmart-v1,simulado,sim-2026-07
d07afe7b-5d89-5451-9642-f4b919328c61,TI-02_20260706_0011.jpg,2026-07-06 09:42:31,TI-02,drone,saudavel,saudavel,0.9681,agrosmart-v1,simulado,sim-2026-07
bd9d0b02-4ea9-59fb-a6cc-a616ee8b6ffc,TI-02_20260706_0012.jpg,2026-07-06 09:43:06,TI-02,drone,saudavel,saudavel,0.9037,agrosmart-v1,simulado,sim-2026-07
348f53fb-5c4f-5bff-8da2-a0f6d9f9d784,TI-02_20260706_0013.jpg,2026-07-06 09:44:09,TI-02,drone,saudavel,saudavel,0.8761,agrosmart-v1,simulado,sim-2026-07
343a89aa-082c-5210-9e9c-276413fea920,TI-02_20260706_0014.jpg,2026-07-06 09:44:36,TI-02,drone,saudavel,saudavel,0.9281,agrosmart-v1,simulado,sim-2026-07
0e69dfc4-98bd-56ab-aabc-40735b6fd75f,TI-02_20260706_0015.jpg,2026-07-06 09:45:02,TI-02,drone,saudavel,saudavel,0.8693,agrosmart-v1,simulado,sim-2026-07
049b07a0-7534-55b1-9abd-67fde7675350,TI-02_20260706_0016.jpg,2026-07-06 09:45:56,TI-02,drone,saudavel,saudavel,0.9999,agrosmart-v1,simulado,sim-2026-07
65102136-cc10-5869-82d3-979a319605b3,TI-02_20260706_0017.jpg,2026-07-06 09:46:21,TI-02,drone,saudavel,saudavel,0.9902,agrosmart-v1,simulado,sim-2026-07
5653480f-a168-5788-86d1-993bd9d3bd1a,TI-02_20260706_0018.jpg,2026-07-06 09:47:16,TI-02,drone,saudavel,saudavel,0.9997,agrosmart-v1,simulado,sim-2026-07
1d648395-9855-5910-b382-a08ae0db87f6,TI-02_20260706_0019.jpg,2026-07-06 09:47:40,TI-02,drone,saudavel,saudavel,0.9792,agrosmart-v1,simulado,sim-2026-07
de620027-cab5-5bad-b812-a923ef43ee83,TI-02_20260706_0020.jpg,2026-07-06 09:48:49,TI-02,drone,saudavel,saudavel,0.9845,agrosmart-v1,simulado,sim-2026-07
d375ecd5-f9aa-52ea-abec-2e9a6d08979b,TI-02_20260706_0021.jpg,2026-07-06 09:49:27,TI-02,drone,saudavel,saudavel,0.9481,agrosmart-v1,simulado,sim-2026-07
c05bb373-f049-5236-aa56-8c14facd3023,TI-02_20260706_0022.jpg,2026-07-06 09:50:08,TI-02,drone,saudavel,saudavel,0.8747,agrosmart-v1,simulado,sim-2026-07
f8672ca1-4e72-5949-9406-7d5fb96eb20a,TI-02_20260706_0023.jpg,2026-07-06 09:50:21,TI-02,drone,saudavel,saudavel,0.8672,agrosmart-v1,simulado,sim-2026-07
cf5e3d6b-ff6f-5dad-b023-6350672e5cab,SC-03_20260706_0001.jpg,2026-07-06 09:51:10,SC-03,smartphone,saudavel,saudavel,0.9177,agrosmart-v1,simulado,sim-2026-07
229e48f8-a252-5306-a198-694ff3623da8,SC-03_20260706_0002.jpg,2026-07-06 09:51:27,SC-03,smartphone,saudavel,saudavel,0.9326,agrosmart-v1,simulado,sim-2026-07
a9fb341a-cd80-5e67-967a-addbc36c34bf,TI-02_20260706_0024.jpg,2026-07-06 09:51:27,TI-02,drone,saudavel,saudavel,0.8340,agrosmart-v1,simulado,sim-2026-07
abee2c53-44ca-5b0b-88c8-065cd30b0abf,TI-02_20260706_0025.jpg,2026-07-06 09:52:00,TI-02,drone,saudavel,saudavel,0.9410,agrosmart-v1,simulado,sim-2026-07
18d16876-81a1-566e-9128-b38a66c414d5,SC-03_20260706_0003.jpg,2026-07-06 09:52:12,SC-03,smartphone,saudavel,saudavel,0.9953,agrosmart-v1,simulado,sim-2026-07
e1349816-887c-51be-87c2-9a019f57f660,TI-02_20260706_0026.jpg,2026-07-06 09:52:25,TI-02,drone,saudavel,saudavel,0.9903,agrosmart-v1,simulado,sim-2026-07
b65ffacf-2d1b-5487-b874-dbaa9db9a0ab,SC-03_20260706_0004.jpg,2026-07-06 09:52:50,SC-03,smartphone,saudavel,saudavel,0.8383,agrosmart-v1,simulado,sim-2026-07
c85f7b3b-70b5-570e-9bdc-f7b4f09bb652,TI-02_20260706_0027.jpg,2026-07-06 09:53:14,TI-02,drone,saudavel,saudavel,0.9397,agrosmart-v1,simulado,sim-2026-07
177639f7-e888-5c26-8a74-25d54f4d09e8,SC-03_20260706_0005.jpg,2026-07-06 09:53:46,SC-03,smartphone,saudavel,saudavel,0.8958,agrosmart-v1,simulado,sim-2026-07
5c7284ce-2937-59a5-8a04-e8af0d937875,TI-02_20260706_0028.jpg,2026-07-06 09:54:02,TI-02,drone,saudavel,saudavel,0.8769,agrosmart-v1,simulado,sim-2026-07
7a6ae4b6-a399-50f5-b414-d24125a03478,SC-03_20260706_0006.jpg,2026-07-06 09:54:18,SC-03,smartphone,saudavel,saudavel,0.9457,agrosmart-v1,simulado,sim-2026-07
70080b3e-df10-59b6-86c8-481ebc09f30f,TI-02_20260706_0029.jpg,2026-07-06 09:54:48,TI-02,drone,saudavel,saudavel,0.8413,agrosmart-v1,simulado,sim-2026-07
1187c755-6353-58e8-a5ae-0d74c8131442,SC-03_20260706_0007.jpg,2026-07-06 09:55:09,SC-03,smartphone,saudavel,saudavel,0.8780,agrosmart-v1,simulado,sim-2026-07
d7e3290b-2daa-5043-8170-7ac9756e7a34,TI-02_20260706_0030.jpg,2026-07-06 09:55:14,TI-02,drone,saudavel,saudavel,0.7600,agrosmart-v1,simulado,sim-2026-07
62c318e6-d5cf-55d3-8747-403c40a512e9,SC-03_20260706_0008.jpg,2026-07-06 09:55:43,SC-03,smartphone,saudavel,saudavel,0.8483,agrosmart-v1,simulado,sim-2026-07
7eb1dd86-6255-5f9f-bfa1-e5c7abc899e6,TI-02_20260706_0031.jpg,2026-07-06 09:55:59,TI-02,drone,saudavel,saudavel,0.9929,agrosmart-v1,simulado,sim-2026-07
f3d1e437-7691-5973-a9ba-a9570cafe0fe,SC-03_20260706_0009.jpg,2026-07-06 09:56:14,SC-03,smartphone,saudavel,saudavel,0.9549,agrosmart-v1,simulado,sim-2026-07
fe3c190a-7192-53d5-9658-c4505279ffac,TI-02_20260706_0032.jpg,2026-07-06 09:56:37,TI-02,drone,saudavel,saudavel,0.9959,agrosmart-v1,simulado,sim-2026-07
939152c2-1e02-5fff-ae23-0c4872ce55d2,SC-03_20260706_0010.jpg,2026-07-06 09:57:10,SC-03,smartphone,saudavel,saudavel,1.0000,agrosmart-v1,simulado,sim-2026-07
076fbad8-1808-5098-82ed-cbf3d46dc3f6,TI-02_20260706_0033.jpg,2026-07-06 09:57:25,TI-02,drone,saudavel,saudavel,0.9334,agrosmart-v1,simulado,sim-2026-07
9e3b108e-96c1-587a-afcf-db401b4f518f,SC-03_20260706_0011.jpg,2026-07-06 09:57:36,SC-03,smartphone,doente,requeima,0.9984,agrosmart-v1,simulado,sim-2026-07
f6dbda2e-cc58-591c-b191-b88b0e101c66,TI-02_20260706_0034.jpg,2026-07-06 09:58:09,TI-02,drone,saudavel,saudavel,0.9578,agrosmart-v1,simulado,sim-2026-07
a3a121fd-e43f-5843-a094-b8b5dfcb62ca,SC-03_20260706_0012.jpg,2026-07-06 09:58:13,SC-03,smartphone,doente,requeima,0.8309,agrosmart-v1,simulado,sim-2026-07
c5bfdce1-0189-53ab-b17b-6f9f487b0757,SC-03_20260706_0013.jpg,2026-07-06 09:59:04,SC-03,smartphone,saudavel,saudavel,0.9702,agrosmart-v1,simulado,sim-2026-07
0d98814e-4cb4-5693-af79-d391336cde51,SC-03_20260706_0014.jpg,2026-07-06 09:59:49,SC-03,smartphone,doente,requeima,0.8978,agrosmart-v1,simulado,sim-2026-07
b6bc0ce7-894b-5068-b225-535a58913276,SC-03_20260706_0015.jpg,2026-07-06 10:00:21,SC-03,smartphone,saudavel,saudavel,0.9079,agrosmart-v1,simulado,sim-2026-07
5a63db3d-4b16-5a7e-a90c-1058e1ebad06,SC-03_20260706_0016.jpg,2026-07-06 10:01:06,SC-03,smartphone,saudavel,saudavel,0.9973,agrosmart-v1,simulado,sim-2026-07
57989a3b-6155-5b9d-bba6-97feb11e0e85,SC-03_20260706_0017.jpg,2026-07-06 10:01:28,SC-03,smartphone,saudavel,saudavel,0.9698,agrosmart-v1,simulado,sim-2026-07
21dc8f02-4de7-5c80-af36-a48f6d1f68ad,SC-03_20260706_0018.jpg,2026-07-06 10:02:11,SC-03,smartphone,saudavel,saudavel,0.8712,agrosmart-v1,simulado,sim-2026-07
ff7e2e72-dc3e-5166-b87b-dd64009a0d84,SC-03_20260706_0019.jpg,2026-07-06 10:02:59,SC-03,smartphone,saudavel,saudavel,0.9925,agrosmart-v1,simulado,sim-2026-07
e4881b02-b490-5707-910d-3feafa4fb274,SC-03_20260706_0020.jpg,2026-07-06 10:03:29,SC-03,smartphone,doente,requeima,0.8989,agrosmart-v1,simulado,sim-2026-07
c1a77ad3-b904-5658-b033-4d0c189ce88e,SC-03_20260706_0021.jpg,2026-07-06 10:04:08,SC-03,smartphone,saudavel,saudavel,0.9855,agrosmart-v1,simulado,sim-2026-07
50b354a2-02a5-5b14-bb47-f5292b1c564f,SC-03_20260706_0022.jpg,2026-07-06 10:04:42,SC-03,smartphone,saudavel,saudavel,0.9964,agrosmart-v1,simulado,sim-2026-07
cae04ba7-2d34-5c79-8500-c98e9680ee24,SC-03_20260706_0023.jpg,2026-07-06 10:05:39,SC-03,smartphone,doente,requeima,0.8849,agrosmart-v1,simulado,sim-2026-07
6099c617-d5ee-589f-8aaa-6a33c8c2a77c,SC-03_20260706_0024.jpg,2026-07-06 10:06:16,SC-03,smartphone,saudavel,saudavel,0.9982,agrosmart-v1,simulado,sim-2026-07
8a29ce0b-0a65-5f71-b7da-aab133b0c1ae,SC-03_20260706_0025.jpg,2026-07-06 10:06:41,SC-03,smartphone,doente,requeima,0.8619,agrosmart-v1,simulado,sim-2026-07
c2f0b593-7a8f-55dc-82ff-8b0a781b3933,SC-03_20260706_0026.jpg,2026-07-06 10:07:37,SC-03,smartphone,saudavel,saudavel,0.9313,agrosmart-v1,simulado,sim-2026-07
08ac4e60-3746-5375-96a8-4630929cdfb0,SC-03_20260706_0027.jpg,2026-07-06 10:08:18,SC-03,smartphone,saudavel,saudavel,0.9231,agrosmart-v1,simulado,sim-2026-07
36331d5c-c30b-5296-8aec-f6a1b1193b80,SC-03_20260706_0028.jpg,2026-07-06 10:09:02,SC-03,smartphone,saudavel,saudavel,0.9073,agrosmart-v1,simulado,sim-2026-07
41ce2469-50b2-5fbd-a980-1c34973115ec,SC-03_20260706_0029.jpg,2026-07-06 10:09:48,SC-03,smartphone,saudavel,saudavel,0.9550,agrosmart-v1,simulado,sim-2026-07
10b1bc29-bade-579e-9123-8d123b21cefa,SC-03_20260706_0030.jpg,2026-07-06 10:10:25,SC-03,smartphone,saudavel,saudavel,0.9996,agrosmart-v1,simulado,sim-2026-07
5020d5c9-0a43-5169-9736-b1ab77683e73,SC-03_20260706_0031.jpg,2026-07-06 10:11:06,SC-03,smartphone,saudavel,saudavel,0.8635,agrosmart-v1,simulado,sim-2026-07
7646a964-4a36-5804-9bb9-f24d22b03ab9,SC-03_20260706_0032.jpg,2026-07-06 10:11:37,SC-03,smartphone,saudavel,saudavel,0.9951,agrosmart-v1,simulado,sim-2026-07
269ae73b-35f1-5627-9f53-4625f9391fb2,SC-03_20260706_0033.jpg,2026-07-06 10:12:14,SC-03,smartphone,saudavel,saudavel,0.9159,agrosmart-v1,simulado,sim-2026-07
496a8501-b62d-5720-9a80-57818bc556f5,SC-04_20260708_0001.jpg,2026-07-08 07:44:49,SC-04,smartphone,saudavel,saudavel,0.9544,agrosmart-v1,simulado,sim-2026-07
126d373a-dfc0-5b36-843d-c6a6a44252d9,SC-04_20260708_0002.jpg,2026-07-08 07:45:45,SC-04,smartphone,saudavel,saudavel,0.8508,agrosmart-v1,simulado,sim-2026-07
025db1ab-4062-52c3-afe5-01bd106a7b4d,SC-04_20260708_0003.jpg,2026-07-08 07:46:29,SC-04,smartphone,saudavel,saudavel,0.9866,agrosmart-v1,simulado,sim-2026-07
be0a4485-e314-50ea-82b4-01124612ecaf,SC-04_20260708_0004.jpg,2026-07-08 07:46:57,SC-04,smartphone,saudavel,saudavel,0.8769,agrosmart-v1,simulado,sim-2026-07
4258733d-450d-5c5f-a048-f4cc0eba186d,SC-04_20260708_0005.jpg,2026-07-08 07:47:45,SC-04,smartphone,saudavel,saudavel,0.9337,agrosmart-v1,simulado,sim-2026-07
04b7b004-5b8b-5dd6-a56f-1666537d8528,SC-04_20260708_0006.jpg,2026-07-08 07:48:15,SC-04,smartphone,saudavel,saudavel,0.9150,agrosmart-v1,simulado,sim-2026-07
5fc0c73a-7dcc-5cdf-a185-a4147346a480,SC-04_20260708_0007.jpg,2026-07-08 07:49:00,SC-04,smartphone,saudavel,saudavel,0.8725,agrosmart-v1,simulado,sim-2026-07
e8b35c44-e091-5867-8e93-92ab72be1392,SC-04_20260708_0008.jpg,2026-07-08 07:49:49,SC-04,smartphone,saudavel,saudavel,0.9577,agrosmart-v1,simulado,sim-2026-07
9b3e45d9-b25d-59b8-be92-80ae2a17c554,SC-04_20260708_0009.jpg,2026-07-08 07:50:27,SC-04,smartphone,saudavel,saudavel,0.9415,agrosmart-v1,simulado,sim-2026-07
fbe15d8d-7e82-5799-b844-43540fa60e7e,SC-04_20260708_0010.jpg,2026-07-08 07:51:09,SC-04,smartphone,saudavel,saudavel,0.9734,agrosmart-v1,simulado,sim-2026-07
615630de-106b-556c-8708-2263a5fda77e,SC-04_20260708_0011.jpg,2026-07-08 07:51:25,SC-04,smartphone,saudavel,saudavel,0.9557,agrosmart-v1,simulado,sim-2026-07
b3cb2fbc-7adb-55ba-ae10-8bf1722af035,SC-04_20260708_0012.jpg,2026-07-08 07:52:05,SC-04,smartphone,saudavel,saudavel,0.8211,agrosmart-v1,simulado,sim-2026-07
25308f90-eebd-5f69-af21-fef09cabb89e,TI-01_20260708_0001.jpg,2026-07-08 07:52:58,TI-01,drone,saudavel,saudavel,0.9948,agrosmart-v1,simulado,sim-2026-07
af899a6c-2301-5992-87cc-907e407d8919,SC-04_20260708_0013.jpg,2026-07-08 07:53:05,SC-04,smartphone,saudavel,saudavel,0.8677,agrosmart-v1,simulado,sim-2026-07
ff63a2ab-1058-5033-affe-f9cab94e81d8,TI-01_20260708_0002.jpg,2026-07-08 07:53:23,TI-01,drone,saudavel,saudavel,0.9975,agrosmart-v1,simulado,sim-2026-07
c51faea7-8778-50dc-ab71-c8a1ae762f58,SC-04_20260708_0014.jpg,2026-07-08 07:53:48,SC-04,smartphone,saudavel,saudavel,0.9994,agrosmart-v1,simulado,sim-2026-07
d3941c31-145e-52c8-9665-a6d068caf360,SC-04_20260708_0015.jpg,2026-07-08 07:54:00,SC-04,smartphone,saudavel,saudavel,0.9699,agrosmart-v1,simulado,sim-2026-07
4cb8a3a6-5e3b-5826-b5b1-3806908adb1a,TI-01_20260708_0003.jpg,2026-07-08 07:54:19,TI-01,drone,saudavel,saudavel,0.9690,agrosmart-v1,simulado,sim-2026-07
37ff9ca9-288d-52ec-bbb6-81a9db49218a,SC-04_20260708_0016.jpg,2026-07-08 07:54:44,SC-04,smartphone,saudavel,saudavel,0.9904,agrosmart-v1,simulado,sim-2026-07
33ef79aa-ea4e-5fb3-8e55-460c1564cf2b,TI-01_20260708_0004.jpg,2026-07-08 07:55:08,TI-01,drone,saudavel,saudavel,0.9992,agrosmart-v1,simulado,sim-2026-07
13e033a9-5bf8-5cd5-8274-17b0b1fe524e,TI-01_20260708_0005.jpg,2026-07-08 07:55:30,TI-01,drone,saudavel,saudavel,0.8302,agrosmart-v1,simulado,sim-2026-07
ef245263-200d-5e24-ab53-becae841afb2,SC-04_20260708_0017.jpg,2026-07-08 07:55:31,SC-04,smartphone,saudavel,saudavel,0.9997,agrosmart-v1,simulado,sim-2026-07
5f5c17d3-27fe-5719-847c-e459e4d5ebb4,SC-04_20260708_0018.jpg,2026-07-08 07:56:06,SC-04,smartphone,saudavel,saudavel,0.8205,agrosmart-v1,simulado,sim-2026-07
9e8e2a95-0584-5c56-b9ca-524d66f669b8,TI-01_20260708_0006.jpg,2026-07-08 07:56:26,TI-01,drone,saudavel,saudavel,0.9078,agrosmart-v1,simulado,sim-2026-07
4b3f8eac-1f93-5bc4-af80-a3857592e795,SC-04_20260708_0019.jpg,2026-07-08 07:56:41,SC-04,smartphone,saudavel,saudavel,0.9040,agrosmart-v1,simulado,sim-2026-07
5c14db03-11c3-5971-b823-18c2c5e515da,TI-01_20260708_0007.jpg,2026-07-08 07:57:06,TI-01,drone,saudavel,saudavel,0.9956,agrosmart-v1,simulado,sim-2026-07
8b611ea0-55ce-50d7-870c-afa2e97f8b54,SC-04_20260708_0020.jpg,2026-07-08 07:57:24,SC-04,smartphone,saudavel,saudavel,0.9838,agrosmart-v1,simulado,sim-2026-07
4b43ba77-0e8e-5e75-854a-66bb5e6bc177,TI-01_20260708_0008.jpg,2026-07-08 07:57:32,TI-01,drone,saudavel,saudavel,0.9915,agrosmart-v1,simulado,sim-2026-07
9adab374-8f6d-5ece-a3ba-88bca4727908,TI-01_20260708_0009.jpg,2026-07-08 07:58:05,TI-01,drone,saudavel,saudavel,0.8823,agrosmart-v1,simulado,sim-2026-07
224b3da2-2273-5ca4-baa4-92e7df6b2163,SC-04_20260708_0021.jpg,2026-07-08 07:58:22,SC-04,smartphone,saudavel,saudavel,0.9913,agrosmart-v1,simulado,sim-2026-07
aac02149-b608-5a26-ae89-b2e25bd817e1,SC-04_20260708_0022.jpg,2026-07-08 07:59:06,SC-04,smartphone,saudavel,saudavel,0.9529,agrosmart-v1,simulado,sim-2026-07
c33b0eeb-4621-5764-ad12-5c484de1b9fa,TI-01_20260708_0010.jpg,2026-07-08 07:59:06,TI-01,drone,saudavel,saudavel,0.9831,agrosmart-v1,simulado,sim-2026-07
054965cb-fd97-55af-9efb-7ea1f9c51399,SC-04_20260708_0023.jpg,2026-07-08 07:59:45,SC-04,smartphone,saudavel,saudavel,0.9859,agrosmart-v1,simulado,sim-2026-07
0b767109-da61-5f29-913f-3895eba930a5,TI-01_20260708_0011.jpg,2026-07-08 07:59:49,TI-01,drone,saudavel,saudavel,0.8384,agrosmart-v1,simulado,sim-2026-07
bbc43f1e-5b12-596b-9ee0-52153a9e559a,TI-01_20260708_0012.jpg,2026-07-08 08:00:04,TI-01,drone,saudavel,saudavel,0.9987,agrosmart-v1,simulado,sim-2026-07
c1520caa-af37-58ce-9edc-f6e5060ef019,SC-04_20260708_0024.jpg,2026-07-08 08:00:13,SC-04,smartphone,saudavel,saudavel,0.8820,agrosmart-v1,simulado,sim-2026-07
e7055fe2-0943-54ac-8a61-79a77843c3ae,SC-04_20260708_0025.jpg,2026-07-08 08:00:48,SC-04,smartphone,saudavel,saudavel,0.9747,agrosmart-v1,simulado,sim-2026-07
38e749d8-2442-5b6f-98b8-6f726e774971,TI-01_20260708_0013.jpg,2026-07-08 08:01:03,TI-01,drone,saudavel,saudavel,0.9607,agrosmart-v1,simulado,sim-2026-07
909c5797-dd68-5102-9973-336ed7beecc5,TI-01_20260708_0014.jpg,2026-07-08 08:01:31,TI-01,drone,saudavel,saudavel,0.9024,agrosmart-v1,simulado,sim-2026-07
08b34807-99bb-5442-b33a-8f0a9cae6c83,SC-04_20260708_0026.jpg,2026-07-08 08:01:48,SC-04,smartphone,saudavel,saudavel,0.9966,agrosmart-v1,simulado,sim-2026-07
5c0040a2-9dca-580a-bab4-c50bd9f57ae2,SC-04_20260708_0027.jpg,2026-07-08 08:02:03,SC-04,smartphone,saudavel,saudavel,0.9087,agrosmart-v1,simulado,sim-2026-07
b0ff049b-4751-55fb-98cc-86f903f94b57,TI-01_20260708_0015.jpg,2026-07-08 08:02:27,TI-01,drone,saudavel,saudavel,0.8646,agrosmart-v1,simulado,sim-2026-07
890f356b-f9b6-57a8-8f95-a8e2fb7237e6,SC-04_20260708_0028.jpg,2026-07-08 08:03:03,SC-04,smartphone,saudavel,saudavel,0.9993,agrosmart-v1,simulado,sim-2026-07
b0418392-f8da-51be-a17e-9b53093a0de1,TI-01_20260708_0016.jpg,2026-07-08 08:03:03,TI-01,drone,saudavel,saudavel,0.9438,agrosmart-v1,simulado,sim-2026-07
f17553a1-926a-58dc-b188-73189639d07a,SC-04_20260708_0029.jpg,2026-07-08 08:03:27,SC-04,smartphone,doente,vaquinha,0.8612,agrosmart-v1,simulado,sim-2026-07
6543d60f-ea73-55a9-b20c-574e95f797a9,TI-01_20260708_0017.jpg,2026-07-08 08:03:48,TI-01,drone,saudavel,saudavel,0.9623,agrosmart-v1,simulado,sim-2026-07
f0a33d49-78cc-5986-842e-f036b82f6b39,TI-01_20260708_0018.jpg,2026-07-08 08:04:28,TI-01,drone,saudavel,saudavel,0.9241,agrosmart-v1,simulado,sim-2026-07
14367fe3-0b0d-5e97-b170-c808fe8243ed,TI-01_20260708_0019.jpg,2026-07-08 08:05:04,TI-01,drone,saudavel,saudavel,0.9659,agrosmart-v1,simulado,sim-2026-07
cbc19dff-cb3f-5fba-b692-c951e065bbf6,TI-01_20260708_0020.jpg,2026-07-08 08:05:29,TI-01,drone,saudavel,saudavel,0.8599,agrosmart-v1,simulado,sim-2026-07
06073e5b-f4a0-5761-bb26-da70fa893199,TI-01_20260708_0021.jpg,2026-07-08 08:06:10,TI-01,drone,saudavel,saudavel,0.9938,agrosmart-v1,simulado,sim-2026-07
8ac55670-2c59-5386-b973-b0254a4d33d3,TI-01_20260708_0022.jpg,2026-07-08 08:06:46,TI-01,drone,saudavel,saudavel,0.9952,agrosmart-v1,simulado,sim-2026-07
066ee836-de8f-5c65-9a77-041dc4910623,TI-01_20260708_0023.jpg,2026-07-08 08:07:37,TI-01,drone,saudavel,saudavel,0.9983,agrosmart-v1,simulado,sim-2026-07
2c7f6ee3-b0e8-5396-b035-d10d9bbcdce9,TI-01_20260708_0024.jpg,2026-07-08 08:08:08,TI-01,drone,saudavel,saudavel,0.9496,agrosmart-v1,simulado,sim-2026-07
44d610b2-0f4f-5845-b367-1b6e8d18f365,TI-01_20260708_0025.jpg,2026-07-08 08:09:08,TI-01,drone,saudavel,saudavel,0.8431,agrosmart-v1,simulado,sim-2026-07
4e1cc98f-afde-5813-9c57-bd74ed9333e3,TI-01_20260708_0026.jpg,2026-07-08 08:09:43,TI-01,drone,saudavel,saudavel,0.9893,agrosmart-v1,simulado,sim-2026-07
cfa7d617-2dce-5f4f-9933-e09542cfe961,TI-01_20260708_0027.jpg,2026-07-08 08:10:13,TI-01,drone,saudavel,saudavel,0.8369,agrosmart-v1,simulado,sim-2026-07
475887f1-8987-5a92-a50b-d2255d699d6f,TI-01_20260708_0028.jpg,2026-07-08 08:10:58,TI-01,drone,saudavel,saudavel,0.8870,agrosmart-v1,simulado,sim-2026-07
0862f3c5-10fb-596f-a06c-2a71de42b5a6,TI-01_20260708_0029.jpg,2026-07-08 08:11:42,TI-01,drone,saudavel,saudavel,0.9003,agrosmart-v1,simulado,sim-2026-07
aefaebc7-ffd5-5965-b383-3c39794980e0,TI-01_20260708_0030.jpg,2026-07-08 08:12:15,TI-01,drone,saudavel,saudavel,0.9978,agrosmart-v1,simulado,sim-2026-07
6558ca84-32a2-53dd-9dcf-783cb62907e4,TI-01_20260708_0031.jpg,2026-07-08 08:12:43,TI-01,drone,saudavel,saudavel,0.9937,agrosmart-v1,simulado,sim-2026-07
c6104ee7-9aa9-5b72-be9b-127b03ea2064,TI-01_20260708_0032.jpg,2026-07-08 08:13:49,TI-01,drone,saudavel,saudavel,0.9113,agrosmart-v1,simulado,sim-2026-07
e18e3eaf-1333-52ea-b797-0c8da14cea20,TI-01_20260708_0033.jpg,2026-07-08 08:14:03,TI-01,drone,saudavel,saudavel,0.9888,agrosmart-v1,simulado,sim-2026-07
7d47e351-3a5d-591f-bc1c-d8b2d7be67cf,TI-01_20260708_0034.jpg,2026-07-08 08:15:05,TI-01,drone,doente,pinta_preta,0.9991,agrosmart-v1,simulado,sim-2026-07
44ee981b-5f2d-574d-abc8-9eda918b224f,TI-01_20260708_0035.jpg,2026-07-08 08:15:21,TI-01,drone,saudavel,saudavel,0.9999,agrosmart-v1,simulado,sim-2026-07
579f33f7-75b2-5c2d-b803-492f7d85ebb0,TI-01_20260708_0036.jpg,2026-07-08 08:16:22,TI-01,drone,saudavel,saudavel,0.8298,agrosmart-v1,simulado,sim-2026-07
79f23c1d-4f1e-51db-aeb0-caa353f24de5,BV-02_20260708_0001.jpg,2026-07-08 08:16:40,BV-02,smartphone,saudavel,saudavel,0.9807,agrosmart-v1,simulado,sim-2026-07
cfe00c84-84a1-53d7-b895-1ec1902dbce7,TI-01_20260708_0037.jpg,2026-07-08 08:16:43,TI-01,drone,saudavel,saudavel,0.8513,agrosmart-v1,simulado,sim-2026-07
a5a9e4e9-9f64-5e5c-9db1-cc05c86434fe,TI-01_20260708_0038.jpg,2026-07-08 08:17:39,TI-01,drone,doente,vaquinha,0.5860,agrosmart-v1,simulado,sim-2026-07
b929444b-f4c7-5bbf-b2ba-2e5f2563ce11,BV-02_20260708_0002.jpg,2026-07-08 08:17:47,BV-02,smartphone,saudavel,saudavel,0.9504,agrosmart-v1,simulado,sim-2026-07
026bbdf2-c257-50ec-b781-97e053796d65,BV-02_20260708_0003.jpg,2026-07-08 08:18:03,BV-02,smartphone,saudavel,saudavel,0.9984,agrosmart-v1,simulado,sim-2026-07
f04670e5-6872-50a2-ace6-5ce2db4e57f3,TI-01_20260708_0039.jpg,2026-07-08 08:18:18,TI-01,drone,saudavel,saudavel,0.9834,agrosmart-v1,simulado,sim-2026-07
c135eb7a-4542-5e91-b7f2-9765dbf91811,TI-01_20260708_0040.jpg,2026-07-08 08:18:42,TI-01,drone,saudavel,saudavel,0.9402,agrosmart-v1,simulado,sim-2026-07
2f7f24d7-9dcb-5ec6-9d18-55d050834795,BV-02_20260708_0004.jpg,2026-07-08 08:18:50,BV-02,smartphone,saudavel,saudavel,0.9972,agrosmart-v1,simulado,sim-2026-07
bdbc9cec-e3ed-5382-aa47-ee137166badd,TI-01_20260708_0041.jpg,2026-07-08 08:19:20,TI-01,drone,saudavel,saudavel,0.8811,agrosmart-v1,simulado,sim-2026-07
c2277088-6770-59a3-bf26-b15f27e044cb,BV-02_20260708_0005.jpg,2026-07-08 08:19:38,BV-02,smartphone,saudavel,saudavel,0.9904,agrosmart-v1,simulado,sim-2026-07
6ca2224f-27d5-5517-a529-d08739ea8fe3,TI-01_20260708_0042.jpg,2026-07-08 08:20:09,TI-01,drone,saudavel,saudavel,0.9821,agrosmart-v1,simulado,sim-2026-07
812e616d-6f87-5190-99e0-c154cea944dc,BV-02_20260708_0006.jpg,2026-07-08 08:20:26,BV-02,smartphone,saudavel,saudavel,0.8974,agrosmart-v1,simulado,sim-2026-07
9d6f4d96-26e1-54fa-8180-311e6ffa2556,BV-02_20260708_0007.jpg,2026-07-08 08:20:42,BV-02,smartphone,saudavel,saudavel,0.9458,agrosmart-v1,simulado,sim-2026-07
0a90a9af-2769-5188-897c-3cf6aae9c01a,TI-01_20260708_0043.jpg,2026-07-08 08:21:01,TI-01,drone,doente,vaquinha,0.8905,agrosmart-v1,simulado,sim-2026-07
ba2c4241-9d6c-52f3-8f7a-ab84fa388676,TI-01_20260708_0044.jpg,2026-07-08 08:21:41,TI-01,drone,saudavel,saudavel,0.8784,agrosmart-v1,simulado,sim-2026-07
cd3a6328-3280-5696-89c4-f21bc2f24b50,BV-02_20260708_0008.jpg,2026-07-08 08:21:42,BV-02,smartphone,saudavel,saudavel,0.8521,agrosmart-v1,simulado,sim-2026-07
b5736773-8492-511d-94f4-cbaea0b68072,BV-02_20260708_0009.jpg,2026-07-08 08:22:03,BV-02,smartphone,saudavel,saudavel,0.8981,agrosmart-v1,simulado,sim-2026-07
f5c1726f-9cad-55ed-8c1f-09df193faec4,TI-01_20260708_0045.jpg,2026-07-08 08:22:19,TI-01,drone,doente,vaquinha,0.9560,agrosmart-v1,simulado,sim-2026-07
a9e26a19-15eb-5610-9d6a-98f5f2564d21,BV-02_20260708_0010.jpg,2026-07-08 08:23:09,BV-02,smartphone,saudavel,saudavel,0.9984,agrosmart-v1,simulado,sim-2026-07
044c1a6f-5e9a-56d0-a700-3d17265dd606,BV-02_20260708_0011.jpg,2026-07-08 08:23:43,BV-02,smartphone,saudavel,saudavel,0.9991,agrosmart-v1,simulado,sim-2026-07
8d65b764-67d6-57ab-8e1d-e23cf88dde5d,BV-02_20260708_0012.jpg,2026-07-08 08:24:18,BV-02,smartphone,saudavel,saudavel,0.7607,agrosmart-v1,simulado,sim-2026-07
b7c8812c-4792-587d-8d34-d2620bcaf569,BV-02_20260708_0013.jpg,2026-07-08 08:25:05,BV-02,smartphone,saudavel,saudavel,0.9471,agrosmart-v1,simulado,sim-2026-07
ae2afbea-bbb7-5245-9e6b-71503a6ed9a6,BV-02_20260708_0014.jpg,2026-07-08 08:25:38,BV-02,smartphone,saudavel,saudavel,0.8558,agrosmart-v1,simulado,sim-2026-07
e2c6a84a-e167-5981-a6d0-63dd19c488a3,BV-02_20260708_0015.jpg,2026-07-08 08:26:10,BV-02,smartphone,saudavel,saudavel,0.9243,agrosmart-v1,simulado,sim-2026-07
eaf4a022-3358-5041-9c17-412a97e43e1c,BV-02_20260708_0016.jpg,2026-07-08 08:27:07,BV-02,smartphone,saudavel,saudavel,0.8812,agrosmart-v1,simulado,sim-2026-07
d6a59f1d-90bd-551f-9afa-f4fc1afa1f21,BV-02_20260708_0017.jpg,2026-07-08 08:27:43,BV-02,smartphone,saudavel,saudavel,0.9948,agrosmart-v1,simulado,sim-2026-07
39f70a85-e804-5705-b1bc-09224ba5f447,BV-02_20260708_0018.jpg,2026-07-08 08:28:27,BV-02,smartphone,saudavel,saudavel,0.9898,agrosmart-v1,simulado,sim-2026-07
f7e822c5-586a-5112-85ae-e9c953b181d0,BV-02_20260708_0019.jpg,2026-07-08 08:29:01,BV-02,smartphone,saudavel,saudavel,0.9866,agrosmart-v1,simulado,sim-2026-07
3e53b9f1-5eb6-5af5-98b4-e77dde2e709d,BV-02_20260708_0020.jpg,2026-07-08 08:29:44,BV-02,smartphone,saudavel,saudavel,0.9563,agrosmart-v1,simulado,sim-2026-07
8dbb9ed5-15ce-5e77-a3c2-5219018e8182,BV-02_20260708_0021.jpg,2026-07-08 08:30:13,BV-02,smartphone,saudavel,saudavel,0.9199,agrosmart-v1,simulado,sim-2026-07
e236e903-1658-5a69-8577-fc37660eff2d,BV-02_20260708_0022.jpg,2026-07-08 08:30:56,BV-02,smartphone,saudavel,saudavel,0.9967,agrosmart-v1,simulado,sim-2026-07
c6fb6ade-72c3-5e8e-b6a5-7b45a8830a38,BV-02_20260708_0023.jpg,2026-07-08 08:31:33,BV-02,smartphone,saudavel,saudavel,0.9851,agrosmart-v1,simulado,sim-2026-07
3f05ce40-510e-5010-8cd6-23b0602cd595,BV-02_20260708_0024.jpg,2026-07-08 08:32:27,BV-02,smartphone,saudavel,saudavel,0.9101,agrosmart-v1,simulado,sim-2026-07
6939a58b-cbdd-5e19-9710-7bded4ec5577,BV-02_20260708_0025.jpg,2026-07-08 08:32:59,BV-02,smartphone,saudavel,saudavel,0.8279,agrosmart-v1,simulado,sim-2026-07
86bb4dc2-d6d6-5443-b9be-5a3787602363,BV-02_20260708_0026.jpg,2026-07-08 08:33:26,BV-02,smartphone,saudavel,saudavel,0.9140,agrosmart-v1,simulado,sim-2026-07
6ed349df-5dcd-53fc-a80b-b90af85bf4b5,BV-02_20260708_0027.jpg,2026-07-08 08:34:26,BV-02,smartphone,saudavel,saudavel,0.9974,agrosmart-v1,simulado,sim-2026-07
6cfa1971-1d37-5681-9278-20102fb945de,BV-02_20260708_0028.jpg,2026-07-08 08:34:44,BV-02,smartphone,saudavel,saudavel,0.9904,agrosmart-v1,simulado,sim-2026-07
616fca12-6500-51f7-90d3-d0fc9ecfbc07,BV-02_20260708_0029.jpg,2026-07-08 08:35:21,BV-02,smartphone,saudavel,saudavel,0.9158,agrosmart-v1,simulado,sim-2026-07
cb4c4a95-167c-5337-b739-07ffb089b41e,BV-02_20260708_0030.jpg,2026-07-08 08:36:06,BV-02,smartphone,saudavel,saudavel,0.9977,agrosmart-v1,simulado,sim-2026-07
6b324cef-a2ed-515e-b452-a38c560d0a97,BV-02_20260708_0031.jpg,2026-07-08 08:36:46,BV-02,smartphone,doente,requeima,0.8760,agrosmart-v1,simulado,sim-2026-07
2df1332e-5b27-56b8-9f03-5763a00fedab,BV-02_20260708_0032.jpg,2026-07-08 08:37:23,BV-02,smartphone,doente,pinta_preta,0.9640,agrosmart-v1,simulado,sim-2026-07
2aeebe90-dba5-51ee-afcc-258bd6815f08,BV-02_20260708_0033.jpg,2026-07-08 08:38:20,BV-02,smartphone,saudavel,saudavel,0.8641,agrosmart-v1,simulado,sim-2026-07
e4adc9b2-fd77-5d5f-8f82-a86e4a8a134e,BV-02_20260708_0034.jpg,2026-07-08 08:38:53,BV-02,smartphone,saudavel,saudavel,0.9515,agrosmart-v1,simulado,sim-2026-07
7d64a976-96a7-5895-a387-dcac93ccb870,BV-02_20260708_0035.jpg,2026-07-08 08:39:41,BV-02,smartphone,saudavel,saudavel,0.9274,agrosmart-v1,simulado,sim-2026-07
8aeaa2c5-8476-528a-870d-69b59986601b,BV-02_20260708_0036.jpg,2026-07-08 08:40:11,BV-02,smartphone,saudavel,saudavel,0.9202,agrosmart-v1,simulado,sim-2026-07
2c03a17f-999c-5182-a98d-ddd3536da671,TI-02_20260708_0001.jpg,2026-07-08 08:55:08,TI-02,drone,saudavel,saudavel,0.8375,agrosmart-v1,simulado,sim-2026-07
abfc2873-fc1b-55ee-a6e3-f6b147c78254,TI-02_20260708_0002.jpg,2026-07-08 08:55:43,TI-02,drone,saudavel,saudavel,0.9521,agrosmart-v1,simulado,sim-2026-07
98a84d50-8f95-58de-9ba8-ca8121122f0b,TI-02_20260708_0003.jpg,2026-07-08 08:56:15,TI-02,drone,saudavel,saudavel,0.9368,agrosmart-v1,simulado,sim-2026-07
1e36e133-84b1-56d9-a271-c40a966019a8,TI-02_20260708_0004.jpg,2026-07-08 08:56:58,TI-02,drone,saudavel,saudavel,0.9297,agrosmart-v1,simulado,sim-2026-07
ea321a3d-4a0e-5d82-9017-4fb79720dd15,TI-02_20260708_0005.jpg,2026-07-08 08:57:22,TI-02,drone,saudavel,saudavel,0.9975,agrosmart-v1,simulado,sim-2026-07
d87f0d43-7ad5-579c-86b9-b2cd25284fd7,TI-02_20260708_0006.jpg,2026-07-08 08:58:24,TI-02,drone,saudavel,saudavel,0.9942,agrosmart-v1,simulado,sim-2026-07
2d010203-a8e2-59d1-ae36-940ca8a8358a,TI-02_20260708_0007.jpg,2026-07-08 08:58:53,TI-02,drone,saudavel,saudavel,0.8407,agrosmart-v1,simulado,sim-2026-07
f984eb5f-039f-5cbc-a760-efb5c43dde1f,TI-02_20260708_0008.jpg,2026-07-08 08:59:44,TI-02,drone,saudavel,saudavel,0.7381,agrosmart-v1,simulado,sim-2026-07
1b984773-2063-5d2d-b1d8-243b1d7bb495,BV-03_20260708_0001.jpg,2026-07-08 09:00:07,BV-03,smartphone,saudavel,saudavel,0.7651,agrosmart-v1,simulado,sim-2026-07
afe81518-6b73-57f6-a5ef-70d1fa41db7d,TI-02_20260708_0009.jpg,2026-07-08 09:00:24,TI-02,drone,saudavel,saudavel,0.8913,agrosmart-v1,simulado,sim-2026-07
de42d331-626c-569c-a264-9dc8d2a0c2ac,BV-03_20260708_0002.jpg,2026-07-08 09:00:44,BV-03,smartphone,saudavel,saudavel,0.9664,agrosmart-v1,simulado,sim-2026-07
b9f99120-1403-5208-8b9d-737659a30120,SC-01_20260708_0001.jpg,2026-07-08 09:00:44,SC-01,smartphone,saudavel,saudavel,0.5485,agrosmart-v1,simulado,sim-2026-07
2c9cda08-f53b-56f3-96f7-3376dbbb063c,TI-02_20260708_0010.jpg,2026-07-08 09:01:03,TI-02,drone,saudavel,saudavel,0.6168,agrosmart-v1,simulado,sim-2026-07
b9b108f3-a1fd-5e80-b054-fa04964b3471,TI-02_20260708_0011.jpg,2026-07-08 09:01:22,TI-02,drone,saudavel,saudavel,0.9927,agrosmart-v1,simulado,sim-2026-07
de7e9d1b-5dda-5ca3-9f64-5608db60d4ad,BV-03_20260708_0003.jpg,2026-07-08 09:01:23,BV-03,smartphone,saudavel,saudavel,0.9439,agrosmart-v1,simulado,sim-2026-07
150c421e-a5f6-5a9b-bb15-319beb245ab9,SC-01_20260708_0002.jpg,2026-07-08 09:01:33,SC-01,smartphone,doente,requeima,0.9920,agrosmart-v1,simulado,sim-2026-07
bbe1a888-d8b0-59fc-bcb9-1d7177f0bbd2,BV-03_20260708_0004.jpg,2026-07-08 09:01:41,BV-03,smartphone,saudavel,saudavel,0.9997,agrosmart-v1,simulado,sim-2026-07
c6b7848a-d8d6-5cac-a1e7-52303585ae22,SC-01_20260708_0003.jpg,2026-07-08 09:02:11,SC-01,smartphone,saudavel,saudavel,0.9968,agrosmart-v1,simulado,sim-2026-07
6269e950-5f78-5d20-853b-0868f707d233,BV-03_20260708_0005.jpg,2026-07-08 09:02:23,BV-03,smartphone,saudavel,saudavel,0.9319,agrosmart-v1,simulado,sim-2026-07
3f78ce32-5788-511b-9c6c-917f39604f0c,TI-02_20260708_0012.jpg,2026-07-08 09:02:23,TI-02,drone,saudavel,saudavel,0.8798,agrosmart-v1,simulado,sim-2026-07
e3351144-1836-52ff-9067-4e45db244070,TI-02_20260708_0013.jpg,2026-07-08 09:02:49,TI-02,drone,saudavel,saudavel,0.9567,agrosmart-v1,simulado,sim-2026-07
62c0745f-d57c-5b45-a7e8-f0b97756e05e,SC-01_20260708_0004.jpg,2026-07-08 09:03:10,SC-01,smartphone,saudavel,saudavel,0.9857,agrosmart-v1,simulado,sim-2026-07
842632f8-c04b-58f1-b671-d61ead0fbb9a,BV-03_20260708_0006.jpg,2026-07-08 09:03:23,BV-03,smartphone,saudavel,saudavel,0.9287,agrosmart-v1,simulado,sim-2026-07
f7fcda1d-d887-578b-b1c7-d927cf91d7c2,TI-02_20260708_0014.jpg,2026-07-08 09:03:30,TI-02,drone,saudavel,saudavel,0.9838,agrosmart-v1,simulado,sim-2026-07
2f58197f-64a1-5f8e-8d48-c6fb8918d00c,SC-01_20260708_0005.jpg,2026-07-08 09:03:38,SC-01,smartphone,saudavel,saudavel,0.9760,agrosmart-v1,simulado,sim-2026-07
d4573a67-e9d1-5bbd-bbfd-07b9656eb093,SC-01_20260708_0006.jpg,2026-07-08 09:04:04,SC-01,smartphone,saudavel,saudavel,0.8921,agrosmart-v1,simulado,sim-2026-07
344cd9c7-f73e-51fc-8d58-34a65cde6b86,BV-03_20260708_0007.jpg,2026-07-08 09:04:07,BV-03,smartphone,saudavel,saudavel,0.9985,agrosmart-v1,simulado,sim-2026-07
bc440073-91b0-5a44-899a-7c4ee723cf3f,TI-02_20260708_0015.jpg,2026-07-08 09:04:19,TI-02,drone,saudavel,saudavel,0.9743,agrosmart-v1,simulado,sim-2026-07
486f1d7c-1165-5909-afe0-1331f193d977,BV-03_20260708_0008.jpg,2026-07-08 09:04:49,BV-03,smartphone,saudavel,saudavel,0.9727,agrosmart-v1,simulado,sim-2026-07
386f4b8a-9264-56bf-bd95-f109f0e49eb4,TI-02_20260708_0016.jpg,2026-07-08 09:04:51,TI-02,drone,saudavel,saudavel,0.9993,agrosmart-v1,simulado,sim-2026-07
cd611d54-948c-5c27-80a9-237f4843a7d8,SC-01_20260708_0007.jpg,2026-07-08 09:04:54,SC-01,smartphone,saudavel,saudavel,0.9143,agrosmart-v1,simulado,sim-2026-07
feb829c8-8d47-53bf-b59b-74dacd66ddf2,BV-03_20260708_0009.jpg,2026-07-08 09:05:10,BV-03,smartphone,saudavel,saudavel,0.9448,agrosmart-v1,simulado,sim-2026-07
cca82ec2-137d-57bc-822a-e2c08cf4e70d,TI-02_20260708_0017.jpg,2026-07-08 09:05:26,TI-02,drone,saudavel,saudavel,0.9525,agrosmart-v1,simulado,sim-2026-07
322c1960-b926-57f6-8aa8-f6fcd7b80119,SC-01_20260708_0008.jpg,2026-07-08 09:05:37,SC-01,smartphone,saudavel,saudavel,0.9438,agrosmart-v1,simulado,sim-2026-07
5babceeb-6928-56f8-86e8-e63b4376300d,BV-03_20260708_0010.jpg,2026-07-08 09:05:50,BV-03,smartphone,saudavel,saudavel,0.9713,agrosmart-v1,simulado,sim-2026-07
30bb1e25-6aa7-5c26-a160-d978d3cffa6f,TI-02_20260708_0018.jpg,2026-07-08 09:06:08,TI-02,drone,saudavel,saudavel,0.9952,agrosmart-v1,simulado,sim-2026-07
d055d3a2-5751-5377-9658-b2d4076a2009,SC-01_20260708_0009.jpg,2026-07-08 09:06:21,SC-01,smartphone,doente,requeima,0.9671,agrosmart-v1,simulado,sim-2026-07
1dc76b73-ca30-56e7-895c-1f597df70285,BV-03_20260708_0011.jpg,2026-07-08 09:06:23,BV-03,smartphone,saudavel,saudavel,0.9225,agrosmart-v1,simulado,sim-2026-07
dd7b30d3-9b66-5759-accd-5e8c76abae31,SC-01_20260708_0010.jpg,2026-07-08 09:06:56,SC-01,smartphone,saudavel,saudavel,0.9821,agrosmart-v1,simulado,sim-2026-07
5516de58-b060-5ce5-98cf-e388a84d2b59,TI-02_20260708_0019.jpg,2026-07-08 09:07:01,TI-02,drone,doente,mosca_minadora,0.7183,agrosmart-v1,simulado,sim-2026-07
94159077-a66e-5849-bf3a-3133da673593,BV-03_20260708_0012.jpg,2026-07-08 09:07:14,BV-03,smartphone,doente,mosca_minadora,0.9187,agrosmart-v1,simulado,sim-2026-07
e8135e80-7bd7-57a6-8cf4-48e859ef5edb,BV-03_20260708_0013.jpg,2026-07-08 09:07:40,BV-03,smartphone,saudavel,saudavel,0.9351,agrosmart-v1,simulado,sim-2026-07
023daf3d-8c27-5acb-97f0-73a1752b6820,SC-01_20260708_0011.jpg,2026-07-08 09:07:40,SC-01,smartphone,saudavel,saudavel,0.9889,agrosmart-v1,simulado,sim-2026-07
e08c42b2-fc2a-5756-9017-086a32bf96ca,TI-02_20260708_0020.jpg,2026-07-08 09:07:40,TI-02,drone,saudavel,saudavel,0.9597,agrosmart-v1,simulado,sim-2026-07
af9c0a63-7bbb-5b82-8afe-a5d5bc4c2617,TI-02_20260708_0021.jpg,2026-07-08 09:08:09,TI-02,drone,saudavel,saudavel,0.9120,agrosmart-v1,simulado,sim-2026-07
3108f2e9-2a73-50c6-9f6c-412f098ff13d,SC-01_20260708_0012.jpg,2026-07-08 09:08:12,SC-01,smartphone,saudavel,saudavel,0.9956,agrosmart-v1,simulado,sim-2026-07
68e9ed6f-d93e-5467-b0ca-fa773fef2128,BV-03_20260708_0014.jpg,2026-07-08 09:08:20,BV-03,smartphone,saudavel,saudavel,0.8369,agrosmart-v1,simulado,sim-2026-07
80916318-7bba-5266-8df9-a6f142364246,TI-02_20260708_0022.jpg,2026-07-08 09:08:50,TI-02,drone,saudavel,saudavel,0.9813,agrosmart-v1,simulado,sim-2026-07
3352174d-a8cb-56cb-b85a-21344d956cfc,BV-03_20260708_0015.jpg,2026-07-08 09:09:08,BV-03,smartphone,saudavel,saudavel,0.9050,agrosmart-v1,simulado,sim-2026-07
2369ce1f-c3b3-540a-8398-d9fe5171e7ae,SC-01_20260708_0013.jpg,2026-07-08 09:09:10,SC-01,smartphone,saudavel,saudavel,0.8972,agrosmart-v1,simulado,sim-2026-07
56a06eb5-630e-5049-84d5-fd0b6e0f2722,SC-01_20260708_0014.jpg,2026-07-08 09:09:26,SC-01,smartphone,saudavel,saudavel,0.8952,agrosmart-v1,simulado,sim-2026-07
5b43e9ef-ce42-5756-9249-d8147e44e930,TI-02_20260708_0023.jpg,2026-07-08 09:09:29,TI-02,drone,saudavel,saudavel,0.6605,agrosmart-v1,simulado,sim-2026-07
24ec6884-9ba0-5c82-88f2-63b23b1eb559,BV-03_20260708_0016.jpg,2026-07-08 09:09:41,BV-03,smartphone,saudavel,saudavel,0.9170,agrosmart-v1,simulado,sim-2026-07
b02cb5ba-c3cc-52d6-9f92-ecda23742503,TI-02_20260708_0024.jpg,2026-07-08 09:10:17,TI-02,drone,saudavel,saudavel,0.9922,agrosmart-v1,simulado,sim-2026-07
a8940e77-74d0-545c-b39a-9451af413d8f,SC-01_20260708_0015.jpg,2026-07-08 09:10:19,SC-01,smartphone,saudavel,saudavel,0.9013,agrosmart-v1,simulado,sim-2026-07
8706395a-1bf0-5cc0-883e-0784bf878c1d,BV-03_20260708_0017.jpg,2026-07-08 09:10:24,BV-03,smartphone,saudavel,saudavel,0.8557,agrosmart-v1,simulado,sim-2026-07
34d0524d-d4a1-541f-998c-a90449d5d2da,SC-01_20260708_0016.jpg,2026-07-08 09:10:52,SC-01,smartphone,saudavel,saudavel,0.9231,agrosmart-v1,simulado,sim-2026-07
1a7a0d2e-5695-5181-a15f-cea532778938,TI-02_20260708_0025.jpg,2026-07-08 09:10:56,TI-02,drone,saudavel,saudavel,0.9163,agrosmart-v1,simulado,sim-2026-07
f22231dc-695e-528c-998f-ee266b922de3,SC-01_20260708_0017.jpg,2026-07-08 09:11:26,SC-01,smartphone,saudavel,saudavel,0.8831,agrosmart-v1,simulado,sim-2026-07
baa17d0c-ead2-50d9-84f9-81303599a2aa,TI-02_20260708_0026.jpg,2026-07-08 09:11:44,TI-02,drone,saudavel,saudavel,0.8941,agrosmart-v1,simulado,sim-2026-07
d22c7834-5f2a-5880-9f07-7c0f1d0d789a,SC-02_20260708_0001.jpg,2026-07-08 09:11:47,SC-02,smartphone,saudavel,saudavel,0.9662,agrosmart-v1,simulado,sim-2026-07
ca44be09-08cc-56f5-a962-a485b2d91d82,TI-02_20260708_0027.jpg,2026-07-08 09:12:22,TI-02,drone,saudavel,saudavel,0.8201,agrosmart-v1,simulado,sim-2026-07
8ec3f90f-2cb7-596f-99e5-fec9d1957f07,SC-01_20260708_0018.jpg,2026-07-08 09:12:28,SC-01,smartphone,saudavel,saudavel,0.9106,agrosmart-v1,simulado,sim-2026-07
dce87cd5-4141-5f61-90cc-cd7f89374b46,SC-01_20260708_0019.jpg,2026-07-08 09:12:42,SC-01,smartphone,doente,requeima,0.8820,agrosmart-v1,simulado,sim-2026-07
b8baed05-ea03-5ec8-ad40-cf5a326e908b,TI-02_20260708_0028.jpg,2026-07-08 09:12:42,TI-02,drone,saudavel,saudavel,0.8791,agrosmart-v1,simulado,sim-2026-07
9fa4404d-af72-55ed-8bea-a668ba48cca5,SC-02_20260708_0002.jpg,2026-07-08 09:12:47,SC-02,smartphone,saudavel,saudavel,0.8261,agrosmart-v1,simulado,sim-2026-07
0aa93579-1c40-5917-bb64-7f04c6c4f0e9,SC-02_20260708_0003.jpg,2026-07-08 09:13:09,SC-02,smartphone,saudavel,saudavel,0.9536,agrosmart-v1,simulado,sim-2026-07
56a6afa4-ae0b-5bb8-b3ff-7f69d507532a,TI-02_20260708_0029.jpg,2026-07-08 09:13:24,TI-02,drone,saudavel,saudavel,0.8608,agrosmart-v1,simulado,sim-2026-07
3eda5c38-dc5d-56af-9a6a-4c3b25f99296,SC-01_20260708_0020.jpg,2026-07-08 09:13:43,SC-01,smartphone,saudavel,saudavel,0.8277,agrosmart-v1,simulado,sim-2026-07
b11a3c97-45c8-5b04-abb0-603014251596,SC-02_20260708_0004.jpg,2026-07-08 09:14:01,SC-02,smartphone,doente,requeima,0.8360,agrosmart-v1,simulado,sim-2026-07
cb57d27f-6ca0-5f5d-bbde-cdb137c2405c,SC-01_20260708_0021.jpg,2026-07-08 09:14:15,SC-01,smartphone,saudavel,saudavel,0.8639,agrosmart-v1,simulado,sim-2026-07
31719008-b76e-56f6-8b03-a6c39c75e240,TI-02_20260708_0030.jpg,2026-07-08 09:14:25,TI-02,drone,saudavel,saudavel,0.9169,agrosmart-v1,simulado,sim-2026-07
a4378d48-01da-52ca-a1a6-ecbbaa504b2d,SC-02_20260708_0005.jpg,2026-07-08 09:14:45,SC-02,smartphone,saudavel,saudavel,0.9638,agrosmart-v1,simulado,sim-2026-07
22e87803-a278-5d15-9cc6-abfbc1789a7e,SC-01_20260708_0022.jpg,2026-07-08 09:14:54,SC-01,smartphone,saudavel,saudavel,0.8958,agrosmart-v1,simulado,sim-2026-07
44cc09cc-71c4-557e-8749-f4e2d5365432,TI-02_20260708_0031.jpg,2026-07-08 09:15:03,TI-02,drone,saudavel,saudavel,0.9393,agrosmart-v1,simulado,sim-2026-07
16a107e6-5d1c-5604-9774-1c66be309c6b,SC-02_20260708_0006.jpg,2026-07-08 09:15:04,SC-02,smartphone,doente,requeima,0.9744,agrosmart-v1,simulado,sim-2026-07
6eddafb7-0b86-554b-9aa2-4bc04c277634,SC-01_20260708_0023.jpg,2026-07-08 09:15:21,SC-01,smartphone,saudavel,saudavel,0.9687,agrosmart-v1,simulado,sim-2026-07
fbd07b42-95f6-537c-9a42-51d8302ce98e,TI-02_20260708_0032.jpg,2026-07-08 09:15:38,TI-02,drone,saudavel,saudavel,0.8303,agrosmart-v1,simulado,sim-2026-07
4bc25bce-e5fd-57ad-972d-924c40ff5ef3,SC-02_20260708_0007.jpg,2026-07-08 09:15:40,SC-02,smartphone,saudavel,saudavel,0.8645,agrosmart-v1,simulado,sim-2026-07
5ac0302e-5683-5b15-b516-ec429b451abf,SC-01_20260708_0024.jpg,2026-07-08 09:16:19,SC-01,smartphone,saudavel,saudavel,0.8781,agrosmart-v1,simulado,sim-2026-07
f817210a-a172-5416-8b63-3b248e8e2e33,SC-02_20260708_0008.jpg,2026-07-08 09:16:24,SC-02,smartphone,saudavel,saudavel,0.8657,agrosmart-v1,simulado,sim-2026-07
dc062ac7-403c-58bd-ba17-0924287270c5,TI-02_20260708_0033.jpg,2026-07-08 09:16:29,TI-02,drone,saudavel,saudavel,0.8321,agrosmart-v1,simulado,sim-2026-07
79a7752d-874b-55cc-9791-fc45a9859cef,SC-02_20260708_0009.jpg,2026-07-08 09:17:02,SC-02,smartphone,saudavel,saudavel,0.9945,agrosmart-v1,simulado,sim-2026-07
0fca5074-3e09-5846-ad57-d4849f9f5d80,SC-01_20260708_0025.jpg,2026-07-08 09:17:07,SC-01,smartphone,saudavel,saudavel,0.9587,agrosmart-v1,simulado,sim-2026-07
c879c607-11d9-5ef3-a46a-cb3e6c6bdca3,TI-02_20260708_0034.jpg,2026-07-08 09:17:07,TI-02,drone,saudavel,saudavel,0.9433,agrosmart-v1,simulado,sim-2026-07
85c724ea-1c3a-529f-961b-36fb43cfbba1,TI-02_20260708_0035.jpg,2026-07-08 09:17:31,TI-02,drone,saudavel,saudavel,0.9048,agrosmart-v1,simulado,sim-2026-07
1cc35933-f047-57a6-b06e-580aaa37f595,SC-01_20260708_0026.jpg,2026-07-08 09:17:39,SC-01,smartphone,saudavel,saudavel,0.8905,agrosmart-v1,simulado,sim-2026-07
e5e4ba3c-40e0-5d07-8032-2cdeddcc5667,SC-01_20260708_0027.jpg,2026-07-08 09:18:06,SC-01,smartphone,doente,requeima,0.9887,agrosmart-v1,simulado,sim-2026-07
e9e79945-3c94-5cd2-93bf-7dcbb355df05,SC-02_20260708_0010.jpg,2026-07-08 09:18:10,SC-02,smartphone,saudavel,saudavel,0.8957,agrosmart-v1,simulado,sim-2026-07
5486700e-5c4f-5b2e-ab83-ab89359ec7d7,TI-02_20260708_0036.jpg,2026-07-08 09:18:11,TI-02,drone,saudavel,saudavel,0.9108,agrosmart-v1,simulado,sim-2026-07
49e6cd1e-b21a-5cd3-ad26-50a90f76b349,SC-02_20260708_0011.jpg,2026-07-08 09:18:21,SC-02,smartphone,saudavel,saudavel,0.9207,agrosmart-v1,simulado,sim-2026-07
a0053e95-c8fc-5bd3-bfa0-42443a34f86e,SC-01_20260708_0028.jpg,2026-07-08 09:18:46,SC-01,smartphone,saudavel,saudavel,0.9710,agrosmart-v1,simulado,sim-2026-07
2d2010ea-0171-57a8-aec0-4e3d8e563ed3,TI-02_20260708_0037.jpg,2026-07-08 09:18:48,TI-02,drone,saudavel,saudavel,0.8255,agrosmart-v1,simulado,sim-2026-07
0a0692d4-f325-5894-bdc1-81bb99b812a7,SC-02_20260708_0012.jpg,2026-07-08 09:19:05,SC-02,smartphone,saudavel,saudavel,0.9397,agrosmart-v1,simulado,sim-2026-07
cf056060-450b-52b5-9b0e-e5bfb4e54afa,TI-02_20260708_0038.jpg,2026-07-08 09:19:25,TI-02,drone,saudavel,saudavel,0.9021,agrosmart-v1,simulado,sim-2026-07
d47ca0e6-7104-568b-ac7b-706183c8e2a3,SC-01_20260708_0029.jpg,2026-07-08 09:19:43,SC-01,smartphone,saudavel,saudavel,0.8468,agrosmart-v1,simulado,sim-2026-07
411e0232-94b6-5ad8-a090-08cdcb7658b0,SC-02_20260708_0013.jpg,2026-07-08 09:19:55,SC-02,smartphone,doente,requeima,0.9975,agrosmart-v1,simulado,sim-2026-07
7ee57253-de7a-5231-b85a-d0291d72ce85,TI-02_20260708_0039.jpg,2026-07-08 09:20:10,TI-02,drone,saudavel,saudavel,0.8343,agrosmart-v1,simulado,sim-2026-07
de35eccd-3736-5793-ae99-cc83d16bc233,SC-02_20260708_0014.jpg,2026-07-08 09:20:20,SC-02,smartphone,doente,requeima,0.9959,agrosmart-v1,simulado,sim-2026-07
835a7307-6f20-5862-9060-d04a8b63dd39,SC-01_20260708_0030.jpg,2026-07-08 09:20:23,SC-01,smartphone,saudavel,saudavel,0.7388,agrosmart-v1,simulado,sim-2026-07
a7bc371f-c948-5d79-aac7-53b739ea3461,TI-02_20260708_0040.jpg,2026-07-08 09:20:43,TI-02,drone,saudavel,saudavel,0.9822,agrosmart-v1,simulado,sim-2026-07
92c7d1e7-193a-5569-ae92-9732ccef20bf,SC-01_20260708_0031.jpg,2026-07-08 09:20:55,SC-01,smartphone,saudavel,saudavel,0.9823,agrosmart-v1,simulado,sim-2026-07
20b846af-1d04-54ad-9af9-7a2e606f9459,SC-02_20260708_0015.jpg,2026-07-08 09:21:16,SC-02,smartphone,saudavel,saudavel,0.8969,agrosmart-v1,simulado,sim-2026-07
428f9925-424b-5877-985c-87b1032ca3ca,TI-02_20260708_0041.jpg,2026-07-08 09:21:33,TI-02,drone,saudavel,saudavel,0.9566,agrosmart-v1,simulado,sim-2026-07
5d4d786d-5c4a-5b7f-9aa4-9621a810b08d,SC-02_20260708_0016.jpg,2026-07-08 09:22:08,SC-02,smartphone,saudavel,saudavel,0.9997,agrosmart-v1,simulado,sim-2026-07
9bd79029-8f00-5bb1-819c-ff9daeedb68b,SC-02_20260708_0017.jpg,2026-07-08 09:22:20,SC-02,smartphone,saudavel,saudavel,0.8373,agrosmart-v1,simulado,sim-2026-07
76f463db-032e-52cf-a161-3cc4098ece7f,SC-02_20260708_0018.jpg,2026-07-08 09:23:11,SC-02,smartphone,saudavel,saudavel,0.8409,agrosmart-v1,simulado,sim-2026-07
29cdeba2-5e7d-53ba-a63a-dae2651dfa10,SC-02_20260708_0019.jpg,2026-07-08 09:23:53,SC-02,smartphone,saudavel,saudavel,0.9438,agrosmart-v1,simulado,sim-2026-07
ebd91798-cb0b-5608-abf9-cc0c4ccb9280,SC-02_20260708_0020.jpg,2026-07-08 09:24:43,SC-02,smartphone,saudavel,saudavel,0.9729,agrosmart-v1,simulado,sim-2026-07
94453bab-13f4-5e2d-acd0-b9f0b667a65c,SC-02_20260708_0021.jpg,2026-07-08 09:25:07,SC-02,smartphone,doente,requeima,0.7164,agrosmart-v1,simulado,sim-2026-07
b420bd85-1322-5ce2-b59c-edf33cc6bcad,SC-02_20260708_0022.jpg,2026-07-08 09:25:40,SC-02,smartphone,saudavel,saudavel,0.9808,agrosmart-v1,simulado,sim-2026-07
330af2c9-2c89-508a-9b9e-7bd9c1b5770b,SC-02_20260708_0023.jpg,2026-07-08 09:26:28,SC-02,smartphone,saudavel,saudavel,0.9512,agrosmart-v1,simulado,sim-2026-07
994db8f4-88c9-5dfb-95be-cae206fde4ba,SC-02_20260708_0024.jpg,2026-07-08 09:27:22,SC-02,smartphone,doente,requeima,0.9975,agrosmart-v1,simulado,sim-2026-07
464cd630-75de-51fc-b8f6-73fd445aac19,SC-02_20260708_0025.jpg,2026-07-08 09:27:48,SC-02,smartphone,saudavel,saudavel,0.9896,agrosmart-v1,simulado,sim-2026-07
0780d8a7-5600-5899-b21d-e9e5131e7e1a,SC-02_20260708_0026.jpg,2026-07-08 09:28:31,SC-02,smartphone,doente,requeima,0.9931,agrosmart-v1,simulado,sim-2026-07
aaa02c33-9b8a-53cc-a549-580327d4a845,SC-02_20260708_0027.jpg,2026-07-08 09:29:28,SC-02,smartphone,doente,requeima,0.8509,agrosmart-v1,simulado,sim-2026-07
2c0eb934-2428-5dff-8bae-1e0fb9c63855,SC-02_20260708_0028.jpg,2026-07-08 09:29:58,SC-02,smartphone,saudavel,saudavel,0.9282,agrosmart-v1,simulado,sim-2026-07
43037b3e-dc25-596d-908c-7ce778355bc7,SC-02_20260708_0029.jpg,2026-07-08 09:30:39,SC-02,smartphone,saudavel,saudavel,0.9988,agrosmart-v1,simulado,sim-2026-07
d34b7b49-0b10-53eb-a1be-5e7e139465ba,SC-02_20260708_0030.jpg,2026-07-08 09:31:19,SC-02,smartphone,saudavel,saudavel,0.9979,agrosmart-v1,simulado,sim-2026-07
46b02897-402f-5b36-8626-4622791e2a91,SC-02_20260708_0031.jpg,2026-07-08 09:32:08,SC-02,smartphone,saudavel,saudavel,0.9221,agrosmart-v1,simulado,sim-2026-07
ad3bd2e5-1f4d-5587-9ab8-d9777255e6d3,SC-02_20260708_0032.jpg,2026-07-08 09:32:22,SC-02,smartphone,saudavel,saudavel,0.9846,agrosmart-v1,simulado,sim-2026-07
edf621a2-cbcd-5aff-a261-842de0ce7b58,SC-02_20260708_0033.jpg,2026-07-08 09:33:13,SC-02,smartphone,saudavel,saudavel,0.9120,agrosmart-v1,simulado,sim-2026-07
7a16d4a9-a4f6-51b5-8be1-602ef811929d,SC-02_20260708_0034.jpg,2026-07-08 09:34:09,SC-02,smartphone,doente,requeima,0.9755,agrosmart-v1,simulado,sim-2026-07
357f5ee8-3dcc-579d-8c46-1b9c2340a38b,SC-02_20260708_0035.jpg,2026-07-08 09:34:37,SC-02,smartphone,saudavel,saudavel,0.8887,agrosmart-v1,simulado,sim-2026-07
5ddedbf1-aae5-5c10-bb86-d5e7c1ec9fe9,SC-02_20260708_0036.jpg,2026-07-08 09:35:18,SC-02,smartphone,doente,requeima,0.8575,agrosmart-v1,simulado,sim-2026-07
068bc2c6-8ba0-5419-9b40-8677ca924fa5,SC-02_20260708_0037.jpg,2026-07-08 09:35:53,SC-02,smartphone,saudavel,saudavel,1.0000,agrosmart-v1,simulado,sim-2026-07
9cf2627e-e39b-5f76-9624-1efc555cf92f,BV-04_20260708_0001.jpg,2026-07-08 09:43:56,BV-04,smartphone,saudavel,saudavel,0.8336,agrosmart-v1,simulado,sim-2026-07
e54c3f08-5df3-5257-9d3d-46c1d5efc224,BV-04_20260708_0002.jpg,2026-07-08 09:44:25,BV-04,smartphone,saudavel,saudavel,0.9997,agrosmart-v1,simulado,sim-2026-07
ddc9d9bd-d6f2-5be0-8561-78243372c689,BV-04_20260708_0003.jpg,2026-07-08 09:45:22,BV-04,smartphone,saudavel,saudavel,0.9926,agrosmart-v1,simulado,sim-2026-07
e9d3c367-493e-5643-81be-0e23a489d5c6,BV-04_20260708_0004.jpg,2026-07-08 09:45:54,BV-04,smartphone,saudavel,saudavel,0.9672,agrosmart-v1,simulado,sim-2026-07
e7a97b02-a418-5d8b-ac87-26c3f337024c,BV-04_20260708_0005.jpg,2026-07-08 09:46:49,BV-04,smartphone,saudavel,saudavel,0.9781,agrosmart-v1,simulado,sim-2026-07
08c20773-7095-5bed-97e2-a0e6865275a9,BV-04_20260708_0006.jpg,2026-07-08 09:47:15,BV-04,smartphone,saudavel,saudavel,0.9993,agrosmart-v1,simulado,sim-2026-07
b2d10b9c-8447-52bd-8ebc-6447bf373b25,BV-04_20260708_0007.jpg,2026-07-08 09:47:40,BV-04,smartphone,saudavel,saudavel,0.9966,agrosmart-v1,simulado,sim-2026-07
d958c445-cf13-57ca-b6e3-84e1672084dd,BV-04_20260708_0008.jpg,2026-07-08 09:48:46,BV-04,smartphone,saudavel,saudavel,0.9656,agrosmart-v1,simulado,sim-2026-07
d3584240-7ddd-5dbe-8941-649e578bd9cf,BV-04_20260708_0009.jpg,2026-07-08 09:49:15,BV-04,smartphone,saudavel,saudavel,0.9667,agrosmart-v1,simulado,sim-2026-07
8aebeecf-8221-5c3d-a6b6-858de5f56743,BV-04_20260708_0010.jpg,2026-07-08 09:50:00,BV-04,smartphone,saudavel,saudavel,0.9992,agrosmart-v1,simulado,sim-2026-07
a8c8d5cd-fd00-5f47-b104-c4dcc336bdaa,BV-04_20260708_0011.jpg,2026-07-08 09:50:43,BV-04,smartphone,saudavel,saudavel,0.9802,agrosmart-v1,simulado,sim-2026-07
15b6a37e-cc10-5e0b-ab25-7003ec147cb8,BV-04_20260708_0012.jpg,2026-07-08 09:51:00,BV-04,smartphone,saudavel,saudavel,0.6181,agrosmart-v1,simulado,sim-2026-07
49b096de-cdac-5bda-859e-fded9440fad5,BV-04_20260708_0013.jpg,2026-07-08 09:51:56,BV-04,smartphone,saudavel,saudavel,0.9834,agrosmart-v1,simulado,sim-2026-07
9d45ec1a-4bb2-5653-b327-726f5101d64a,BV-04_20260708_0014.jpg,2026-07-08 09:52:28,BV-04,smartphone,saudavel,saudavel,0.9970,agrosmart-v1,simulado,sim-2026-07
aef64cef-303f-5590-90a9-f10fd64476cf,BV-04_20260708_0015.jpg,2026-07-08 09:53:06,BV-04,smartphone,saudavel,saudavel,1.0000,agrosmart-v1,simulado,sim-2026-07
8ed782f1-6a2e-5671-8f35-3eed4544ee05,BV-04_20260708_0016.jpg,2026-07-08 09:53:54,BV-04,smartphone,saudavel,saudavel,0.9896,agrosmart-v1,simulado,sim-2026-07
6db94295-5c3d-5d87-b11f-07497d2ba8c3,BV-04_20260708_0017.jpg,2026-07-08 09:54:43,BV-04,smartphone,saudavel,saudavel,0.9904,agrosmart-v1,simulado,sim-2026-07
67ae8e9d-5e07-5761-bd93-73527c0f39a3,BV-04_20260708_0018.jpg,2026-07-08 09:55:06,BV-04,smartphone,saudavel,saudavel,0.9161,agrosmart-v1,simulado,sim-2026-07
eb8e5594-b3c8-5aa3-9461-c20bc48c7da0,BV-04_20260708_0019.jpg,2026-07-08 09:56:00,BV-04,smartphone,saudavel,saudavel,0.8215,agrosmart-v1,simulado,sim-2026-07
e0189684-6a03-5c56-b3f9-68dd9ad76912,TI-03_20260708_0001.jpg,2026-07-08 09:56:04,TI-03,drone,saudavel,saudavel,0.9518,agrosmart-v1,simulado,sim-2026-07
4b2546be-ed89-5abe-9d11-b4f0104fee07,BV-04_20260708_0020.jpg,2026-07-08 09:56:26,BV-04,smartphone,saudavel,saudavel,0.8269,agrosmart-v1,simulado,sim-2026-07
84d98976-8905-5238-82bf-096db74349da,TI-03_20260708_0002.jpg,2026-07-08 09:56:34,TI-03,drone,saudavel,saudavel,0.9904,agrosmart-v1,simulado,sim-2026-07
a80f9189-c73c-5533-a5a8-2d97e81898ab,BV-04_20260708_0021.jpg,2026-07-08 09:57:04,BV-04,smartphone,saudavel,saudavel,0.9435,agrosmart-v1,simulado,sim-2026-07
07899f7a-b7e0-51ea-8502-8b181c943a43,TI-03_20260708_0003.jpg,2026-07-08 09:57:24,TI-03,drone,saudavel,saudavel,0.9194,agrosmart-v1,simulado,sim-2026-07
019a7ae0-c047-5f81-aa78-3a80b5b9af57,BV-01_20260708_0001.jpg,2026-07-08 09:57:43,BV-01,smartphone,saudavel,saudavel,0.8566,agrosmart-v1,simulado,sim-2026-07
9b6ced74-5fee-5905-881e-531c729ac9ee,BV-04_20260708_0022.jpg,2026-07-08 09:57:43,BV-04,smartphone,saudavel,saudavel,0.9094,agrosmart-v1,simulado,sim-2026-07
04c22c8e-8648-56a4-908c-5844e6826991,TI-03_20260708_0004.jpg,2026-07-08 09:57:45,TI-03,drone,saudavel,saudavel,0.9990,agrosmart-v1,simulado,sim-2026-07
dd59c83c-90fe-500c-85c4-c327832e412c,BV-01_20260708_0002.jpg,2026-07-08 09:58:31,BV-01,smartphone,saudavel,saudavel,0.9794,agrosmart-v1,simulado,sim-2026-07
98c944d2-a116-5591-815c-901c1efc8318,BV-04_20260708_0023.jpg,2026-07-08 09:58:33,BV-04,smartphone,saudavel,saudavel,0.8892,agrosmart-v1,simulado,sim-2026-07
170b76c4-6412-5a42-8f15-80a19d199a48,TI-03_20260708_0005.jpg,2026-07-08 09:58:40,TI-03,drone,saudavel,saudavel,0.9446,agrosmart-v1,simulado,sim-2026-07
bd20536f-134b-52f6-a192-277eae2d2e27,TI-03_20260708_0006.jpg,2026-07-08 09:59:07,TI-03,drone,saudavel,saudavel,0.9774,agrosmart-v1,simulado,sim-2026-07
77eb74f1-174c-57f4-9cd9-d83a39a73f8b,BV-01_20260708_0003.jpg,2026-07-08 09:59:12,BV-01,smartphone,saudavel,saudavel,0.8736,agrosmart-v1,simulado,sim-2026-07
d3904117-d45f-54fb-bc4c-90a52510c2b2,BV-01_20260708_0004.jpg,2026-07-08 09:59:48,BV-01,smartphone,saudavel,saudavel,0.8944,agrosmart-v1,simulado,sim-2026-07
45bf2739-6714-5729-836f-1c1abae8d834,TI-03_20260708_0007.jpg,2026-07-08 09:59:53,TI-03,drone,saudavel,saudavel,0.9978,agrosmart-v1,simulado,sim-2026-07
a281958b-7eed-5d1c-b7c2-859c3ce7da57,TI-03_20260708_0008.jpg,2026-07-08 10:00:37,TI-03,drone,saudavel,saudavel,0.9973,agrosmart-v1,simulado,sim-2026-07
50e432e3-c8e5-5fb8-b08a-eef2701f5cec,BV-01_20260708_0005.jpg,2026-07-08 10:00:44,BV-01,smartphone,saudavel,saudavel,0.9254,agrosmart-v1,simulado,sim-2026-07
9add6847-f967-57a8-83b3-587382beee72,BV-01_20260708_0006.jpg,2026-07-08 10:01:15,BV-01,smartphone,saudavel,saudavel,0.8375,agrosmart-v1,simulado,sim-2026-07
d6f4ea26-97f1-53e1-8e4b-f0b13b9e5595,TI-03_20260708_0009.jpg,2026-07-08 10:01:26,TI-03,drone,saudavel,saudavel,0.8734,agrosmart-v1,simulado,sim-2026-07
84785974-1e9c-5a49-b5c0-a80cbed34af8,TI-03_20260708_0010.jpg,2026-07-08 10:01:43,TI-03,drone,saudavel,saudavel,0.9597,agrosmart-v1,simulado,sim-2026-07
9ea71ded-13a8-5d24-836f-3de615a998ae,BV-01_20260708_0007.jpg,2026-07-08 10:01:56,BV-01,smartphone,saudavel,saudavel,0.8938,agrosmart-v1,simulado,sim-2026-07
fcc1a395-0721-538b-b1f0-f810c35e02d8,TI-03_20260708_0011.jpg,2026-07-08 10:02:26,TI-03,drone,saudavel,saudavel,0.9913,agrosmart-v1,simulado,sim-2026-07
6ec04318-805f-5073-a3f2-9d79d1808a91,BV-01_20260708_0008.jpg,2026-07-08 10:02:28,BV-01,smartphone,saudavel,saudavel,0.9904,agrosmart-v1,simulado,sim-2026-07
b2a88d1e-ed03-5e57-a297-2f19d54fa096,BV-01_20260708_0009.jpg,2026-07-08 10:03:00,BV-01,smartphone,saudavel,saudavel,0.9995,agrosmart-v1,simulado,sim-2026-07
af0a4a5b-465e-5ae1-af87-8fca4ceb8b79,TI-03_20260708_0012.jpg,2026-07-08 10:03:15,TI-03,drone,saudavel,saudavel,0.9303,agrosmart-v1,simulado,sim-2026-07
85b0ddb0-8014-5769-8834-af7e05ac40e2,BV-01_20260708_0010.jpg,2026-07-08 10:04:01,BV-01,smartphone,saudavel,saudavel,0.5684,agrosmart-v1,simulado,sim-2026-07
8f04c22a-520f-58d8-a7c7-83f223124054,TI-03_20260708_0013.jpg,2026-07-08 10:04:03,TI-03,drone,saudavel,saudavel,0.8996,agrosmart-v1,simulado,sim-2026-07
fa8f15d7-f924-5688-9e6e-0540610f5456,BV-01_20260708_0011.jpg,2026-07-08 10:04:30,BV-01,smartphone,saudavel,saudavel,0.9304,agrosmart-v1,simulado,sim-2026-07
1201b80e-44af-5bb7-aa49-d9b5cb6af304,TI-03_20260708_0014.jpg,2026-07-08 10:04:47,TI-03,drone,saudavel,saudavel,0.8921,agrosmart-v1,simulado,sim-2026-07
dde3a5aa-3d0d-5c18-a5d2-a8a86ab34632,BV-01_20260708_0012.jpg,2026-07-08 10:05:02,BV-01,smartphone,saudavel,saudavel,0.9513,agrosmart-v1,simulado,sim-2026-07
3d86e743-5d2d-5cc3-acb9-65eb4fada017,TI-03_20260708_0015.jpg,2026-07-08 10:05:11,TI-03,drone,doente,mosca_minadora,0.9594,agrosmart-v1,simulado,sim-2026-07
3514d471-ee92-552d-abaa-6ed4ee91db71,TI-03_20260708_0016.jpg,2026-07-08 10:05:47,TI-03,drone,saudavel,saudavel,0.8780,agrosmart-v1,simulado,sim-2026-07
3b6caa9c-c5de-5f4c-a3ec-4719889c1bf6,BV-01_20260708_0013.jpg,2026-07-08 10:05:54,BV-01,smartphone,saudavel,saudavel,0.9211,agrosmart-v1,simulado,sim-2026-07
1c2ce024-f8bf-5adf-b096-ed4e7fb1f85d,BV-01_20260708_0014.jpg,2026-07-08 10:06:28,BV-01,smartphone,saudavel,saudavel,0.8821,agrosmart-v1,simulado,sim-2026-07
c716bafb-e3ec-5c07-8cb8-3b0fe7b9beed,TI-03_20260708_0017.jpg,2026-07-08 10:06:33,TI-03,drone,saudavel,saudavel,0.9631,agrosmart-v1,simulado,sim-2026-07
228d0b5f-c1aa-5c30-8807-c0a56343b61f,BV-01_20260708_0015.jpg,2026-07-08 10:07:00,BV-01,smartphone,saudavel,saudavel,0.9998,agrosmart-v1,simulado,sim-2026-07
ca7dd226-8806-5544-bb82-96edbf3fa927,TI-03_20260708_0018.jpg,2026-07-08 10:07:25,TI-03,drone,saudavel,saudavel,0.9483,agrosmart-v1,simulado,sim-2026-07
395654dd-8541-5998-885b-b2e64d5ff850,TI-03_20260708_0019.jpg,2026-07-08 10:07:57,TI-03,drone,saudavel,saudavel,0.9966,agrosmart-v1,simulado,sim-2026-07
459f77dc-5c16-5dc9-aa61-bdc6ec1cfd54,BV-01_20260708_0016.jpg,2026-07-08 10:08:09,BV-01,smartphone,saudavel,saudavel,0.9635,agrosmart-v1,simulado,sim-2026-07
aa460697-ba67-547e-8fce-da9f40c2c775,BV-01_20260708_0017.jpg,2026-07-08 10:08:34,BV-01,smartphone,saudavel,saudavel,0.9998,agrosmart-v1,simulado,sim-2026-07
ef62d75c-dd93-51be-a491-533b5840e64e,TI-03_20260708_0020.jpg,2026-07-08 10:08:35,TI-03,drone,saudavel,saudavel,0.9834,agrosmart-v1,simulado,sim-2026-07
a53f8f9d-c5ee-501f-8810-b383fc7eb2dd,TI-03_20260708_0021.jpg,2026-07-08 10:09:10,TI-03,drone,saudavel,saudavel,0.6037,agrosmart-v1,simulado,sim-2026-07
e7affadd-8dc7-5c79-8b89-e3e52f8abc5f,BV-01_20260708_0018.jpg,2026-07-08 10:09:27,BV-01,smartphone,saudavel,saudavel,0.8591,agrosmart-v1,simulado,sim-2026-07
2202b193-f546-57f7-bf68-f6689e4134b6,TI-03_20260708_0022.jpg,2026-07-08 10:09:43,TI-03,drone,saudavel,saudavel,0.9460,agrosmart-v1,simulado,sim-2026-07
4db03b3f-ee93-519c-93de-f0c1cacb230a,BV-01_20260708_0019.jpg,2026-07-08 10:09:53,BV-01,smartphone,saudavel,saudavel,0.9078,agrosmart-v1,simulado,sim-2026-07
9092844b-cf63-5e71-a134-d03afe27c112,BV-01_20260708_0020.jpg,2026-07-08 10:10:23,BV-01,smartphone,saudavel,saudavel,0.9567,agrosmart-v1,simulado,sim-2026-07
902b2c3b-705e-5713-a963-78a7787ebe99,TI-03_20260708_0023.jpg,2026-07-08 10:10:39,TI-03,drone,saudavel,saudavel,0.9999,agrosmart-v1,simulado,sim-2026-07
67499953-4fa3-5632-947f-118be1464083,BV-01_20260708_0021.jpg,2026-07-08 10:11:17,BV-01,smartphone,saudavel,saudavel,0.9592,agrosmart-v1,simulado,sim-2026-07
c5079f0e-cf1e-52ff-b235-61f2321629de,TI-03_20260708_0024.jpg,2026-07-08 10:11:25,TI-03,drone,saudavel,saudavel,0.9740,agrosmart-v1,simulado,sim-2026-07
57ee403f-2790-524a-b9c0-cc2beedc9ab6,TI-03_20260708_0025.jpg,2026-07-08 10:11:54,TI-03,drone,saudavel,saudavel,0.8379,agrosmart-v1,simulado,sim-2026-07
33d57519-4d03-537f-995e-24f7ac732793,BV-01_20260708_0022.jpg,2026-07-08 10:11:56,BV-01,smartphone,saudavel,saudavel,0.9875,agrosmart-v1,simulado,sim-2026-07
a00f6be0-f9d2-57bb-bb7b-2addbf9ff521,TI-03_20260708_0026.jpg,2026-07-08 10:12:25,TI-03,drone,saudavel,saudavel,0.9096,agrosmart-v1,simulado,sim-2026-07
628f3b5d-8b04-59af-b31f-6b09a46a0d3d,BV-01_20260708_0023.jpg,2026-07-08 10:12:32,BV-01,smartphone,saudavel,saudavel,0.9776,agrosmart-v1,simulado,sim-2026-07
a4ef043a-c427-59c6-a56f-c809527ea2b1,BV-01_20260708_0024.jpg,2026-07-08 10:13:10,BV-01,smartphone,saudavel,saudavel,0.9372,agrosmart-v1,simulado,sim-2026-07
b073f094-7e58-5643-bb04-b717ef1c34f6,TI-03_20260708_0027.jpg,2026-07-08 10:13:22,TI-03,drone,saudavel,saudavel,0.9331,agrosmart-v1,simulado,sim-2026-07
30d69228-7469-5cde-abde-3e900bf61ab5,BV-01_20260708_0025.jpg,2026-07-08 10:13:51,BV-01,smartphone,saudavel,saudavel,0.9009,agrosmart-v1,simulado,sim-2026-07
bc053fd4-bb73-5d24-9b6f-60a1f10aec07,TI-03_20260708_0028.jpg,2026-07-08 10:13:57,TI-03,drone,saudavel,saudavel,0.9805,agrosmart-v1,simulado,sim-2026-07
c8e3c693-fef3-5b90-a85d-265b16eaba80,TI-03_20260708_0029.jpg,2026-07-08 10:14:21,TI-03,drone,saudavel,saudavel,0.9714,agrosmart-v1,simulado,sim-2026-07
f5416e86-d5aa-5500-a919-656dc5e72160,BV-01_20260708_0026.jpg,2026-07-08 10:14:48,BV-01,smartphone,doente,vaquinha,0.9739,agrosmart-v1,simulado,sim-2026-07
dd9b0f43-4b50-5cfe-9e36-ee775f2f79a4,TI-03_20260708_0030.jpg,2026-07-08 10:15:09,TI-03,drone,saudavel,saudavel,0.8895,agrosmart-v1,simulado,sim-2026-07
c5845bdd-b846-539e-b9c8-4820c3b61da0,BV-01_20260708_0027.jpg,2026-07-08 10:15:11,BV-01,smartphone,saudavel,saudavel,0.9994,agrosmart-v1,simulado,sim-2026-07
a282ef73-af0a-500d-b67e-935fea8badf9,BV-01_20260708_0028.jpg,2026-07-08 10:15:47,BV-01,smartphone,saudavel,saudavel,0.9368,agrosmart-v1,simulado,sim-2026-07
105aa0d5-2280-53c5-b1ef-aef981fb059f,TI-03_20260708_0031.jpg,2026-07-08 10:16:02,TI-03,drone,saudavel,saudavel,0.9844,agrosmart-v1,simulado,sim-2026-07
e5fd754f-ebbe-523c-9f7c-1901aa9e1b60,BV-01_20260708_0029.jpg,2026-07-08 10:16:22,BV-01,smartphone,saudavel,saudavel,0.9976,agrosmart-v1,simulado,sim-2026-07
ee7c59ff-8495-5ce7-94bb-69a774b0a88c,TI-03_20260708_0032.jpg,2026-07-08 10:16:28,TI-03,drone,doente,requeima,0.9930,agrosmart-v1,simulado,sim-2026-07
ef190ef7-eea1-56be-99cd-23c58a35dc42,TI-03_20260708_0033.jpg,2026-07-08 10:17:15,TI-03,drone,saudavel,saudavel,0.8527,agrosmart-v1,simulado,sim-2026-07
f37ffa29-2518-522e-9483-2329018c00bb,BV-01_20260708_0030.jpg,2026-07-08 10:17:17,BV-01,smartphone,saudavel,saudavel,0.9618,agrosmart-v1,simulado,sim-2026-07
766cfcf6-b80d-5de9-a59f-31827b04cee0,TI-03_20260708_0034.jpg,2026-07-08 10:17:55,TI-03,drone,saudavel,saudavel,0.9022,agrosmart-v1,simulado,sim-2026-07
250cddf0-9b2f-53d3-80b9-ab689b169f9c,BV-01_20260708_0031.jpg,2026-07-08 10:17:58,BV-01,smartphone,saudavel,saudavel,0.9681,agrosmart-v1,simulado,sim-2026-07
514529a2-ae80-5da9-ba83-9a98ef301eb4,BV-01_20260708_0032.jpg,2026-07-08 10:18:35,BV-01,smartphone,doente,pinta_preta,0.8251,agrosmart-v1,simulado,sim-2026-07
e0b51070-392e-509e-96bc-074951269cda,TI-03_20260708_0035.jpg,2026-07-08 10:18:36,TI-03,drone,saudavel,saudavel,0.9532,agrosmart-v1,simulado,sim-2026-07
bbb7651b-267e-50d0-9584-dc7f2e8491ff,TI-03_20260708_0036.jpg,2026-07-08 10:19:09,TI-03,drone,saudavel,saudavel,0.8645,agrosmart-v1,simulado,sim-2026-07
4301a4ef-d860-5ec9-84a2-cf5f75e1bc05,BV-01_20260708_0033.jpg,2026-07-08 10:19:12,BV-01,smartphone,saudavel,saudavel,0.9983,agrosmart-v1,simulado,sim-2026-07
593e4452-05bd-58ce-9470-c6234f122fa6,BV-01_20260708_0034.jpg,2026-07-08 10:20:02,BV-01,smartphone,saudavel,saudavel,0.9797,agrosmart-v1,simulado,sim-2026-07
2b0e0625-6308-5024-a227-e40edf8bc20a,BV-01_20260708_0035.jpg,2026-07-08 10:20:44,BV-01,smartphone,saudavel,saudavel,0.9950,agrosmart-v1,simulado,sim-2026-07
d2dbf2f1-e921-5915-bd98-5ee0d617c7c2,TI-01_20260710_0001.jpg,2026-07-10 07:22:47,TI-01,drone,saudavel,saudavel,0.9989,agrosmart-v1,simulado,sim-2026-07
8f546569-edaf-5263-a569-7e80878fce58,TI-01_20260710_0002.jpg,2026-07-10 07:23:25,TI-01,drone,saudavel,saudavel,0.8719,agrosmart-v1,simulado,sim-2026-07
67668b24-9d11-5b80-a6c0-e6614c27e26f,TI-01_20260710_0003.jpg,2026-07-10 07:24:07,TI-01,drone,saudavel,saudavel,0.8559,agrosmart-v1,simulado,sim-2026-07
fdc420e8-6dd3-5b0f-8c0c-4a409612a080,TI-01_20260710_0004.jpg,2026-07-10 07:24:44,TI-01,drone,saudavel,saudavel,0.9922,agrosmart-v1,simulado,sim-2026-07
1ce6d9a2-a790-5755-964c-3a3a82e79947,TI-01_20260710_0005.jpg,2026-07-10 07:25:47,TI-01,drone,saudavel,saudavel,0.9862,agrosmart-v1,simulado,sim-2026-07
c8bf79ed-f3a9-5942-879f-25860f14602c,TI-01_20260710_0006.jpg,2026-07-10 07:26:26,TI-01,drone,saudavel,saudavel,0.8925,agrosmart-v1,simulado,sim-2026-07
db4726fa-dfac-5665-a843-87f95445fc4b,TI-01_20260710_0007.jpg,2026-07-10 07:27:03,TI-01,drone,saudavel,saudavel,0.9644,agrosmart-v1,simulado,sim-2026-07
6baa0bc2-3963-53b0-9772-486fcfd8a69d,TI-01_20260710_0008.jpg,2026-07-10 07:27:44,TI-01,drone,saudavel,saudavel,0.9412,agrosmart-v1,simulado,sim-2026-07
22edbaaf-2a3d-5c55-9db0-5245d7cff34c,TI-01_20260710_0009.jpg,2026-07-10 07:28:28,TI-01,drone,saudavel,saudavel,0.9645,agrosmart-v1,simulado,sim-2026-07
1d9dd13c-1087-5e3d-8256-57ec652d3716,TI-01_20260710_0010.jpg,2026-07-10 07:28:54,TI-01,drone,saudavel,saudavel,0.8444,agrosmart-v1,simulado,sim-2026-07
f2ce9ff9-4c94-572b-9a38-409c826a1e27,TI-01_20260710_0011.jpg,2026-07-10 07:29:35,TI-01,drone,doente,pinta_preta,0.9179,agrosmart-v1,simulado,sim-2026-07
60c6e589-6b20-5560-a5a4-fe320d5065f5,TI-01_20260710_0012.jpg,2026-07-10 07:30:07,TI-01,drone,saudavel,saudavel,0.9504,agrosmart-v1,simulado,sim-2026-07
d6a92682-c615-5a49-8d6c-e2907fa86aea,TI-01_20260710_0013.jpg,2026-07-10 07:30:40,TI-01,drone,saudavel,saudavel,0.9951,agrosmart-v1,simulado,sim-2026-07
c9a11771-81e1-5c5e-af43-e9ca0dbf69f4,SC-04_20260710_0001.jpg,2026-07-10 07:30:58,SC-04,smartphone,saudavel,saudavel,0.9967,agrosmart-v1,simulado,sim-2026-07
9ed38d2c-22f6-53ae-834f-1cb55153cf0f,SC-04_20260710_0002.jpg,2026-07-10 07:31:30,SC-04,smartphone,saudavel,saudavel,0.8738,agrosmart-v1,simulado,sim-2026-07
7c28be4e-5a65-564c-b255-033ef2acebd1,TI-01_20260710_0014.jpg,2026-07-10 07:31:46,TI-01,drone,saudavel,saudavel,0.9851,agrosmart-v1,simulado,sim-2026-07
23231170-f690-579c-8c10-58885b3066cb,TI-01_20260710_0015.jpg,2026-07-10 07:32:08,TI-01,drone,saudavel,saudavel,0.9006,agrosmart-v1,simulado,sim-2026-07
47e825fd-3b66-52fb-a98c-a3b196bf4b79,SC-04_20260710_0003.jpg,2026-07-10 07:32:09,SC-04,smartphone,saudavel,saudavel,0.9559,agrosmart-v1,simulado,sim-2026-07
76bfc059-3e88-5f95-b318-d83f49c6f1b0,SC-04_20260710_0004.jpg,2026-07-10 07:32:45,SC-04,smartphone,saudavel,saudavel,0.9084,agrosmart-v1,simulado,sim-2026-07
3df98b78-8cc1-545b-a96d-3ce24e8c142e,TI-01_20260710_0016.jpg,2026-07-10 07:33:01,TI-01,drone,saudavel,saudavel,0.8462,agrosmart-v1,simulado,sim-2026-07
24d114a7-2c6f-59a1-b475-2fd8337843c1,SC-04_20260710_0005.jpg,2026-07-10 07:33:45,SC-04,smartphone,saudavel,saudavel,0.9723,agrosmart-v1,simulado,sim-2026-07
c74d47ad-9f0b-5ce1-8bcb-540b6852661c,TI-01_20260710_0017.jpg,2026-07-10 07:33:50,TI-01,drone,saudavel,saudavel,0.9962,agrosmart-v1,simulado,sim-2026-07
e13db12a-e3a5-579f-98b7-8bc2ef043ce7,SC-04_20260710_0006.jpg,2026-07-10 07:34:22,SC-04,smartphone,saudavel,saudavel,0.9353,agrosmart-v1,simulado,sim-2026-07
6171ee1e-bf46-5275-9de0-23d47df33a96,TI-01_20260710_0018.jpg,2026-07-10 07:34:29,TI-01,drone,saudavel,saudavel,0.8973,agrosmart-v1,simulado,sim-2026-07
4d7ac0df-4bbc-5b1d-92b5-48a7f7e0cd5e,TI-01_20260710_0019.jpg,2026-07-10 07:34:43,TI-01,drone,saudavel,saudavel,0.9926,agrosmart-v1,simulado,sim-2026-07
ab35fae3-67ac-5a35-9548-e1ebb4b794af,SC-04_20260710_0007.jpg,2026-07-10 07:34:50,SC-04,smartphone,saudavel,saudavel,0.9964,agrosmart-v1,simulado,sim-2026-07
b6fd4d36-7c8b-5efd-b409-da2fa8bc889f,SC-04_20260710_0008.jpg,2026-07-10 07:35:30,SC-04,smartphone,saudavel,saudavel,0.9546,agrosmart-v1,simulado,sim-2026-07
1f096f32-f717-5d8a-b542-4f88e3dc9a4a,TI-01_20260710_0020.jpg,2026-07-10 07:35:43,TI-01,drone,saudavel,saudavel,0.9846,agrosmart-v1,simulado,sim-2026-07
adbe561e-d710-56b4-b3b1-55d55cb20ca9,TI-01_20260710_0021.jpg,2026-07-10 07:36:18,TI-01,drone,saudavel,saudavel,0.9998,agrosmart-v1,simulado,sim-2026-07
04cd11cb-d23c-5cd6-a997-ea03d457d862,SC-04_20260710_0009.jpg,2026-07-10 07:36:21,SC-04,smartphone,saudavel,saudavel,0.8810,agrosmart-v1,simulado,sim-2026-07
21606268-7614-50b0-98b1-6a957eeee851,TI-01_20260710_0022.jpg,2026-07-10 07:36:51,TI-01,drone,saudavel,saudavel,0.9914,agrosmart-v1,simulado,sim-2026-07
bd8903b3-e42d-52fb-b909-8251b225e861,SC-04_20260710_0010.jpg,2026-07-10 07:37:01,SC-04,smartphone,saudavel,saudavel,0.8853,agrosmart-v1,simulado,sim-2026-07
b9b46b80-5c66-5639-af8d-9a45d2a7808b,TI-01_20260710_0023.jpg,2026-07-10 07:37:28,TI-01,drone,saudavel,saudavel,0.9898,agrosmart-v1,simulado,sim-2026-07
d50b4a82-85ec-5503-ad90-0e9ae689df19,SC-04_20260710_0011.jpg,2026-07-10 07:37:47,SC-04,smartphone,saudavel,saudavel,0.9811,agrosmart-v1,simulado,sim-2026-07
8fd80c6b-f66d-535f-9b13-bd4e28b18f81,TI-01_20260710_0024.jpg,2026-07-10 07:38:04,TI-01,drone,saudavel,saudavel,0.9537,agrosmart-v1,simulado,sim-2026-07
f65e0920-6832-5bb7-8fd5-c376cf322a21,SC-04_20260710_0012.jpg,2026-07-10 07:38:20,SC-04,smartphone,saudavel,saudavel,0.9833,agrosmart-v1,simulado,sim-2026-07
42a26b4f-651f-5001-92a6-253fdc74033c,TI-01_20260710_0025.jpg,2026-07-10 07:38:46,TI-01,drone,saudavel,saudavel,0.8329,agrosmart-v1,simulado,sim-2026-07
e0923d8c-854f-5e70-9b2b-ec2f61d2e70b,SC-04_20260710_0013.jpg,2026-07-10 07:38:59,SC-04,smartphone,saudavel,saudavel,0.9605,agrosmart-v1,simulado,sim-2026-07
ae38ae18-a5c0-5fd4-aa46-58e8a5cc891f,TI-01_20260710_0026.jpg,2026-07-10 07:39:33,TI-01,drone,saudavel,saudavel,0.9366,agrosmart-v1,simulado,sim-2026-07
1648f3cc-430f-504a-9f09-df1bdf9a9f08,SC-04_20260710_0014.jpg,2026-07-10 07:39:37,SC-04,smartphone,saudavel,saudavel,0.9576,agrosmart-v1,simulado,sim-2026-07
22462275-08a0-51e6-b2bf-9b89f115057b,TI-01_20260710_0027.jpg,2026-07-10 07:40:20,TI-01,drone,saudavel,saudavel,0.9673,agrosmart-v1,simulado,sim-2026-07
6792d462-c53a-53fd-8027-2970a67f6b69,SC-04_20260710_0015.jpg,2026-07-10 07:40:21,SC-04,smartphone,saudavel,saudavel,0.8804,agrosmart-v1,simulado,sim-2026-07
f18bd03e-20e5-5d7a-a44e-a8c968723d5a,TI-01_20260710_0028.jpg,2026-07-10 07:40:41,TI-01,drone,saudavel,saudavel,0.9852,agrosmart-v1,simulado,sim-2026-07
b97ee03c-ae87-57cc-8635-91babe7b5243,SC-04_20260710_0016.jpg,2026-07-10 07:41:06,SC-04,smartphone,saudavel,saudavel,0.9979,agrosmart-v1,simulado,sim-2026-07
d2bbda8c-0d07-59c3-a459-172ad361607b,TI-01_20260710_0029.jpg,2026-07-10 07:41:20,TI-01,drone,saudavel,saudavel,0.8332,agrosmart-v1,simulado,sim-2026-07
58449183-3e82-5b8b-9c33-098d6aa1e54b,SC-04_20260710_0017.jpg,2026-07-10 07:41:49,SC-04,smartphone,saudavel,saudavel,0.9977,agrosmart-v1,simulado,sim-2026-07
e60ee8ad-a2b2-5157-89db-a9d4abc62f03,TI-01_20260710_0030.jpg,2026-07-10 07:42:09,TI-01,drone,saudavel,saudavel,0.8698,agrosmart-v1,simulado,sim-2026-07
c5511813-5cb0-53af-ba8d-949c35410196,SC-04_20260710_0018.jpg,2026-07-10 07:42:14,SC-04,smartphone,saudavel,saudavel,0.9989,agrosmart-v1,simulado,sim-2026-07
9efab03d-8840-5d5a-96a8-eda4c19a2038,TI-01_20260710_0031.jpg,2026-07-10 07:42:54,TI-01,drone,saudavel,saudavel,0.9209,agrosmart-v1,simulado,sim-2026-07
19e0e180-d502-57d8-8662-bad4f253e173,SC-04_20260710_0019.jpg,2026-07-10 07:43:10,SC-04,smartphone,saudavel,saudavel,0.8413,agrosmart-v1,simulado,sim-2026-07
24a9a27f-7f35-5ab1-b333-49485055c52c,TI-01_20260710_0032.jpg,2026-07-10 07:43:27,TI-01,drone,saudavel,saudavel,1.0000,agrosmart-v1,simulado,sim-2026-07
e6af3233-4e27-5b64-9a0e-4e8f8f0feb5b,SC-04_20260710_0020.jpg,2026-07-10 07:43:41,SC-04,smartphone,saudavel,saudavel,0.8808,agrosmart-v1,simulado,sim-2026-07
0323147a-d962-5e8d-8429-a4b55791f609,TI-01_20260710_0033.jpg,2026-07-10 07:44:16,TI-01,drone,saudavel,saudavel,0.8875,agrosmart-v1,simulado,sim-2026-07
f972c8a6-487f-53f2-aebb-d6d1984e0f93,SC-04_20260710_0021.jpg,2026-07-10 07:44:26,SC-04,smartphone,saudavel,saudavel,0.5908,agrosmart-v1,simulado,sim-2026-07
0d57ff77-177f-5b79-889e-69342cab6067,TI-01_20260710_0034.jpg,2026-07-10 07:45:01,TI-01,drone,saudavel,saudavel,0.9482,agrosmart-v1,simulado,sim-2026-07
b03d7f67-1014-5ac1-b485-15edab40898e,SC-04_20260710_0022.jpg,2026-07-10 07:45:10,SC-04,smartphone,saudavel,saudavel,0.9296,agrosmart-v1,simulado,sim-2026-07
51beaf09-67d4-58a3-aa73-4eeddb73b19a,TI-01_20260710_0035.jpg,2026-07-10 07:45:30,TI-01,drone,saudavel,saudavel,0.8217,agrosmart-v1,simulado,sim-2026-07
c349b908-78af-5bf6-9ae6-f5b103f84b08,SC-04_20260710_0023.jpg,2026-07-10 07:45:39,SC-04,smartphone,saudavel,saudavel,0.9281,agrosmart-v1,simulado,sim-2026-07
ef205196-86c2-5803-8277-dd0751314664,SC-04_20260710_0024.jpg,2026-07-10 07:46:06,SC-04,smartphone,saudavel,saudavel,0.9756,agrosmart-v1,simulado,sim-2026-07
c72dc945-72c8-5626-bf1e-7960f2949ee7,TI-01_20260710_0036.jpg,2026-07-10 07:46:09,TI-01,drone,saudavel,saudavel,0.8806,agrosmart-v1,simulado,sim-2026-07
39d40dba-7d98-5065-82b9-9bb1e54096b5,SC-04_20260710_0025.jpg,2026-07-10 07:47:01,SC-04,smartphone,saudavel,saudavel,0.9925,agrosmart-v1,simulado,sim-2026-07
ae122b4d-2d2b-53aa-8197-13b03fdf6be9,TI-01_20260710_0037.jpg,2026-07-10 07:47:01,TI-01,drone,saudavel,saudavel,0.8632,agrosmart-v1,simulado,sim-2026-07
cd970db6-26dd-5200-8ef4-751d8a70735f,SC-04_20260710_0026.jpg,2026-07-10 07:47:31,SC-04,smartphone,saudavel,saudavel,0.9042,agrosmart-v1,simulado,sim-2026-07
a1cc6552-eb4b-5ed0-b203-9a54239cdd2d,TI-01_20260710_0038.jpg,2026-07-10 07:47:42,TI-01,drone,doente,vaquinha,0.9393,agrosmart-v1,simulado,sim-2026-07
565a0f55-1c8d-5333-9162-99ec981abbdd,TI-01_20260710_0039.jpg,2026-07-10 07:48:00,TI-01,drone,saudavel,saudavel,1.0000,agrosmart-v1,simulado,sim-2026-07
51a3db45-7654-5fe0-86fb-11d10f5b0b2c,SC-04_20260710_0027.jpg,2026-07-10 07:48:23,SC-04,smartphone,saudavel,saudavel,0.9821,agrosmart-v1,simulado,sim-2026-07
4637bb41-392c-5a14-9813-0ec015ec66ea,TI-01_20260710_0040.jpg,2026-07-10 07:48:50,TI-01,drone,doente,pinta_preta,0.8230,agrosmart-v1,simulado,sim-2026-07
14a9f158-aa58-537d-ae38-8d2ef4d65f0f,SC-04_20260710_0028.jpg,2026-07-10 07:49:02,SC-04,smartphone,saudavel,saudavel,0.9311,agrosmart-v1,simulado,sim-2026-07
7a52f7ef-c6c5-541b-927e-4fd44e2cb838,TI-01_20260710_0041.jpg,2026-07-10 07:49:35,TI-01,drone,saudavel,saudavel,0.9995,agrosmart-v1,simulado,sim-2026-07
a026acab-07b9-5c27-ab7e-52e0696549c3,TI-01_20260710_0042.jpg,2026-07-10 07:50:23,TI-01,drone,saudavel,saudavel,0.9881,agrosmart-v1,simulado,sim-2026-07
e56f04a5-0bd1-54cc-a8db-30572cbf687a,TI-02_20260710_0001.jpg,2026-07-10 08:01:48,TI-02,drone,saudavel,saudavel,0.9323,agrosmart-v1,simulado,sim-2026-07
78e6a395-8f55-53e4-b8a6-c8b139fa07db,TI-02_20260710_0002.jpg,2026-07-10 08:02:48,TI-02,drone,saudavel,saudavel,0.8463,agrosmart-v1,simulado,sim-2026-07
895b6ebe-fce0-5685-8973-c03addae6577,TI-02_20260710_0003.jpg,2026-07-10 08:03:17,TI-02,drone,saudavel,saudavel,0.8247,agrosmart-v1,simulado,sim-2026-07
71f29bdd-7cd1-524e-bed6-a8b8d514cc1b,TI-02_20260710_0004.jpg,2026-07-10 08:03:48,TI-02,drone,saudavel,saudavel,0.9929,agrosmart-v1,simulado,sim-2026-07
e446bb6e-1edc-5051-8a6f-f8e5fa5308b4,TI-02_20260710_0005.jpg,2026-07-10 08:04:28,TI-02,drone,saudavel,saudavel,0.8872,agrosmart-v1,simulado,sim-2026-07
48148cd5-68d4-53a2-bec9-bd4c18fe5716,TI-02_20260710_0006.jpg,2026-07-10 08:05:06,TI-02,drone,saudavel,saudavel,0.9964,agrosmart-v1,simulado,sim-2026-07
9ab0f9a2-9bf1-5c86-b020-f0570672eba1,TI-02_20260710_0007.jpg,2026-07-10 08:06:04,TI-02,drone,saudavel,saudavel,0.8649,agrosmart-v1,simulado,sim-2026-07
ffca0af5-451b-5719-9cb0-d96eb0d3eb69,TI-02_20260710_0008.jpg,2026-07-10 08:06:36,TI-02,drone,saudavel,saudavel,0.9351,agrosmart-v1,simulado,sim-2026-07
d5bd9350-eb97-5fdb-8886-1ed9bf52bca6,TI-02_20260710_0009.jpg,2026-07-10 08:07:08,TI-02,drone,saudavel,saudavel,0.5867,agrosmart-v1,simulado,sim-2026-07
3df56a7a-5d3b-5d7d-b9a3-8c935494d093,TI-02_20260710_0010.jpg,2026-07-10 08:07:40,TI-02,drone,saudavel,saudavel,0.8490,agrosmart-v1,simulado,sim-2026-07
4b39851a-789e-543d-880c-b8b95ba3a1c4,TI-02_20260710_0011.jpg,2026-07-10 08:08:40,TI-02,drone,saudavel,saudavel,0.8227,agrosmart-v1,simulado,sim-2026-07
b38f9410-79dc-5aad-9eb7-6b7b74209dff,TI-02_20260710_0012.jpg,2026-07-10 08:09:30,TI-02,drone,saudavel,saudavel,0.9995,agrosmart-v1,simulado,sim-2026-07
d4ddd838-6707-5301-8895-d6030a7da042,TI-02_20260710_0013.jpg,2026-07-10 08:09:53,TI-02,drone,saudavel,saudavel,0.9678,agrosmart-v1,simulado,sim-2026-07
31d53a93-66a9-5735-9581-49418e08769b,TI-02_20260710_0014.jpg,2026-07-10 08:10:22,TI-02,drone,saudavel,saudavel,0.9975,agrosmart-v1,simulado,sim-2026-07
9319a206-05d5-5246-8cd6-2cfd60463350,BV-02_20260710_0001.jpg,2026-07-10 08:10:48,BV-02,smartphone,saudavel,saudavel,0.6452,agrosmart-v1,simulado,sim-2026-07
b2694168-1242-5870-8028-f50dbf84e803,TI-02_20260710_0015.jpg,2026-07-10 08:11:16,TI-02,drone,saudavel,saudavel,0.9574,agrosmart-v1,simulado,sim-2026-07
ffa3ca81-e655-5aeb-9ec0-e1ccd7951296,TI-02_20260710_0016.jpg,2026-07-10 08:11:47,TI-02,drone,saudavel,saudavel,0.9416,agrosmart-v1,simulado,sim-2026-07
88727633-4f47-50df-8054-f92ad53e2623,BV-02_20260710_0002.jpg,2026-07-10 08:11:48,BV-02,smartphone,saudavel,saudavel,0.8992,agrosmart-v1,simulado,sim-2026-07
ab9bc849-f178-5994-b164-0ba0cd10dc5f,BV-02_20260710_0003.jpg,2026-07-10 08:12:06,BV-02,smartphone,saudavel,saudavel,0.8602,agrosmart-v1,simulado,sim-2026-07
159fd186-c0ee-58fd-aad3-d88b2f51dc1c,BV-02_20260710_0004.jpg,2026-07-10 08:12:48,BV-02,smartphone,saudavel,saudavel,0.8935,agrosmart-v1,simulado,sim-2026-07
4ae89050-68c7-53f8-b036-1f24d934092a,TI-02_20260710_0017.jpg,2026-07-10 08:12:49,TI-02,drone,saudavel,saudavel,0.6678,agrosmart-v1,simulado,sim-2026-07
91e6bcc1-f891-5e4b-8451-b0ddc50c3104,TI-02_20260710_0018.jpg,2026-07-10 08:13:09,TI-02,drone,saudavel,saudavel,0.9710,agrosmart-v1,simulado,sim-2026-07
ebd94951-9797-5724-8e70-12c5996afeaf,BV-02_20260710_0005.jpg,2026-07-10 08:13:44,BV-02,smartphone,saudavel,saudavel,0.9381,agrosmart-v1,simulado,sim-2026-07
192b28d3-0c42-5b28-ba45-349e74a767a2,TI-02_20260710_0019.jpg,2026-07-10 08:14:09,TI-02,drone,saudavel,saudavel,0.9025,agrosmart-v1,simulado,sim-2026-07
f5d37fa4-5457-5038-a597-c5d4085df64d,BV-02_20260710_0006.jpg,2026-07-10 08:14:20,BV-02,smartphone,saudavel,saudavel,0.9927,agrosmart-v1,simulado,sim-2026-07
d4302879-282f-5408-b50c-518b86eb2e9a,TI-02_20260710_0020.jpg,2026-07-10 08:14:49,TI-02,drone,saudavel,saudavel,0.8244,agrosmart-v1,simulado,sim-2026-07
6a76f7bd-16e0-5975-b5c0-b9baece96e62,BV-02_20260710_0007.jpg,2026-07-10 08:15:06,BV-02,smartphone,saudavel,saudavel,0.9725,agrosmart-v1,simulado,sim-2026-07
5b0035f6-f71b-5096-9378-338351f72ee0,TI-02_20260710_0021.jpg,2026-07-10 08:15:17,TI-02,drone,saudavel,saudavel,0.8489,agrosmart-v1,simulado,sim-2026-07
548580c3-9541-5751-97f5-46ba7283df7d,BV-02_20260710_0008.jpg,2026-07-10 08:15:27,BV-02,smartphone,saudavel,saudavel,0.9968,agrosmart-v1,simulado,sim-2026-07
e30d94d6-a39d-5c2a-b862-0b6e600a67c9,TI-02_20260710_0022.jpg,2026-07-10 08:16:02,TI-02,drone,saudavel,saudavel,0.8875,agrosmart-v1,simulado,sim-2026-07
50924031-714d-5c83-85f4-e560c14f56ee,BV-02_20260710_0009.jpg,2026-07-10 08:16:20,BV-02,smartphone,saudavel,saudavel,0.9914,agrosmart-v1,simulado,sim-2026-07
1162e51a-e99c-513c-8295-f00a48babfaf,TI-02_20260710_0023.jpg,2026-07-10 08:16:24,TI-02,drone,saudavel,saudavel,0.9994,agrosmart-v1,simulado,sim-2026-07
60b7f1a6-8cd3-5594-8984-9814b1db526a,BV-02_20260710_0010.jpg,2026-07-10 08:16:56,BV-02,smartphone,saudavel,saudavel,0.9962,agrosmart-v1,simulado,sim-2026-07
b2ee51e7-48c4-5d42-bad3-093bd4640481,TI-02_20260710_0024.jpg,2026-07-10 08:17:28,TI-02,drone,saudavel,saudavel,0.9517,agrosmart-v1,simulado,sim-2026-07
a13fe8c8-4f4f-58d4-880d-3102a13c9847,BV-02_20260710_0011.jpg,2026-07-10 08:17:31,BV-02,smartphone,saudavel,saudavel,0.9143,agrosmart-v1,simulado,sim-2026-07
2eac1d20-03f0-55bf-9d16-03ca3d556eca,TI-02_20260710_0025.jpg,2026-07-10 08:17:49,TI-02,drone,saudavel,saudavel,0.8325,agrosmart-v1,simulado,sim-2026-07
768f820f-e52f-5886-a700-9e77d123898e,BV-02_20260710_0012.jpg,2026-07-10 08:18:21,BV-02,smartphone,saudavel,saudavel,0.9827,agrosmart-v1,simulado,sim-2026-07
ed248918-d070-5979-b19d-9f6d00b6aa9f,TI-02_20260710_0026.jpg,2026-07-10 08:18:35,TI-02,drone,saudavel,saudavel,0.9301,agrosmart-v1,simulado,sim-2026-07
e72ec1c8-1c97-598f-95a5-ac7f6e6f5418,BV-02_20260710_0013.jpg,2026-07-10 08:18:42,BV-02,smartphone,saudavel,saudavel,0.8591,agrosmart-v1,simulado,sim-2026-07
822d3a6a-c148-57d1-9f9b-1ce40ee18cd8,TI-02_20260710_0027.jpg,2026-07-10 08:19:16,TI-02,drone,saudavel,saudavel,0.9706,agrosmart-v1,simulado,sim-2026-07
f9732162-416d-5280-ab15-0091857ebdec,BV-02_20260710_0014.jpg,2026-07-10 08:19:29,BV-02,smartphone,saudavel,saudavel,0.9893,agrosmart-v1,simulado,sim-2026-07
fb2fcd8f-42be-5ec8-be11-4232cffe9ef7,TI-02_20260710_0028.jpg,2026-07-10 08:20:10,TI-02,drone,saudavel,saudavel,0.9364,agrosmart-v1,simulado,sim-2026-07
4a9721d9-1dd8-5e56-8209-2c88a4d136b6,BV-02_20260710_0015.jpg,2026-07-10 08:20:29,BV-02,smartphone,saudavel,saudavel,0.9322,agrosmart-v1,simulado,sim-2026-07
dfc9a3e6-e88e-5692-8688-01e1ba974186,TI-02_20260710_0029.jpg,2026-07-10 08:20:29,TI-02,drone,saudavel,saudavel,0.9904,agrosmart-v1,simulado,sim-2026-07
83bde5ad-0d6e-599e-a6e4-c5a317b1fb93,BV-02_20260710_0016.jpg,2026-07-10 08:20:56,BV-02,smartphone,saudavel,saudavel,0.9291,agrosmart-v1,simulado,sim-2026-07
9482227f-d50c-5794-9826-1dd4bd2811b2,TI-02_20260710_0030.jpg,2026-07-10 08:21:10,TI-02,drone,saudavel,saudavel,0.9181,agrosmart-v1,simulado,sim-2026-07
c0e66df1-e385-5f30-9589-848734c340e0,BV-02_20260710_0017.jpg,2026-07-10 08:21:20,BV-02,smartphone,saudavel,saudavel,0.9999,agrosmart-v1,simulado,sim-2026-07
4f459e87-ebdf-5b10-b8fd-45241575635f,TI-02_20260710_0031.jpg,2026-07-10 08:21:57,TI-02,drone,saudavel,saudavel,0.6424,agrosmart-v1,simulado,sim-2026-07
53247f47-2f1d-5091-95b5-052c4a8455bf,BV-02_20260710_0018.jpg,2026-07-10 08:22:24,BV-02,smartphone,saudavel,saudavel,0.9419,agrosmart-v1,simulado,sim-2026-07
86884bf6-8568-5379-9cfb-98e17d916bf2,TI-02_20260710_0032.jpg,2026-07-10 08:22:35,TI-02,drone,saudavel,saudavel,0.9941,agrosmart-v1,simulado,sim-2026-07
94c172d0-8593-5d5c-aee6-987a2eaa4e46,BV-02_20260710_0019.jpg,2026-07-10 08:22:46,BV-02,smartphone,doente,requeima,0.9034,agrosmart-v1,simulado,sim-2026-07
70cfddb0-ec1a-5111-a426-d05b1cd86256,TI-02_20260710_0033.jpg,2026-07-10 08:23:29,TI-02,drone,saudavel,saudavel,0.9313,agrosmart-v1,simulado,sim-2026-07
f1c49de5-8fdc-5546-b168-3645bc1f741f,BV-02_20260710_0020.jpg,2026-07-10 08:23:33,BV-02,smartphone,saudavel,saudavel,0.8835,agrosmart-v1,simulado,sim-2026-07
f7e6b873-2c67-5f9e-84aa-421154526001,TI-02_20260710_0034.jpg,2026-07-10 08:24:03,TI-02,drone,saudavel,saudavel,0.8533,agrosmart-v1,simulado,sim-2026-07
e4c5f80e-ff1b-5e54-aea4-548bae8a1962,BV-02_20260710_0021.jpg,2026-07-10 08:24:20,BV-02,smartphone,saudavel,saudavel,0.8724,agrosmart-v1,simulado,sim-2026-07
8213342b-0d75-53e3-be2a-a4703b51be2a,TI-02_20260710_0035.jpg,2026-07-10 08:24:35,TI-02,drone,saudavel,saudavel,0.8890,agrosmart-v1,simulado,sim-2026-07
924d2c81-0bc8-551a-9059-e0a7cbf01609,BV-02_20260710_0022.jpg,2026-07-10 08:24:58,BV-02,smartphone,saudavel,saudavel,0.9740,agrosmart-v1,simulado,sim-2026-07
1525762f-59fe-5dab-85c0-c826e3f80db5,TI-02_20260710_0036.jpg,2026-07-10 08:25:06,TI-02,drone,saudavel,saudavel,0.8914,agrosmart-v1,simulado,sim-2026-07
4d6a0203-f051-5498-bef5-bc88cd162c9e,TI-02_20260710_0037.jpg,2026-07-10 08:25:40,TI-02,drone,saudavel,saudavel,0.8558,agrosmart-v1,simulado,sim-2026-07
ca6e45d5-cb17-525b-b762-fb5f1888093b,BV-02_20260710_0023.jpg,2026-07-10 08:25:48,BV-02,smartphone,saudavel,saudavel,0.9996,agrosmart-v1,simulado,sim-2026-07
3e997042-397a-530d-9e35-593270bd81b8,BV-02_20260710_0024.jpg,2026-07-10 08:26:15,BV-02,smartphone,saudavel,saudavel,0.9490,agrosmart-v1,simulado,sim-2026-07
28935327-fbe2-568a-9af0-43c617fb75ea,BV-02_20260710_0025.jpg,2026-07-10 08:26:53,BV-02,smartphone,saudavel,saudavel,1.0000,agrosmart-v1,simulado,sim-2026-07
1957ce42-8ee1-5bd6-ab27-45545d12fe24,BV-02_20260710_0026.jpg,2026-07-10 08:27:38,BV-02,smartphone,saudavel,saudavel,0.9904,agrosmart-v1,simulado,sim-2026-07
0103c71e-db73-5297-bf90-5ae91c448f58,BV-02_20260710_0027.jpg,2026-07-10 08:28:06,BV-02,smartphone,saudavel,saudavel,0.9485,agrosmart-v1,simulado,sim-2026-07
948ce8a2-7151-5a87-b8be-a72f0e9971df,BV-02_20260710_0028.jpg,2026-07-10 08:28:43,BV-02,smartphone,saudavel,saudavel,0.8286,agrosmart-v1,simulado,sim-2026-07
2c8c6c74-7563-5227-954a-68586ce55148,BV-02_20260710_0029.jpg,2026-07-10 08:29:24,BV-02,smartphone,saudavel,saudavel,0.9917,agrosmart-v1,simulado,sim-2026-07
fb16315e-cd91-5791-8ce0-bdba11371d1a,BV-02_20260710_0030.jpg,2026-07-10 08:30:01,BV-02,smartphone,saudavel,saudavel,0.8482,agrosmart-v1,simulado,sim-2026-07
5e032a01-c6db-56eb-a745-734969d28a39,BV-02_20260710_0031.jpg,2026-07-10 08:30:48,BV-02,smartphone,saudavel,saudavel,0.8575,agrosmart-v1,simulado,sim-2026-07
85a137fa-1b82-5656-a2f1-c43bdbb1269c,SC-01_20260710_0001.jpg,2026-07-10 09:02:09,SC-01,smartphone,saudavel,saudavel,0.9981,agrosmart-v1,simulado,sim-2026-07
75f2ebdf-19cc-50e5-82f2-11e8f89f3866,SC-01_20260710_0002.jpg,2026-07-10 09:02:41,SC-01,smartphone,saudavel,saudavel,0.9625,agrosmart-v1,simulado,sim-2026-07
4018ac6a-728b-5d04-a3fd-5b8e2ec199fc,SC-01_20260710_0003.jpg,2026-07-10 09:03:02,SC-01,smartphone,saudavel,saudavel,0.9676,agrosmart-v1,simulado,sim-2026-07
1ec86d24-0622-59e1-b727-66c7abb20101,SC-01_20260710_0004.jpg,2026-07-10 09:03:58,SC-01,smartphone,saudavel,saudavel,0.9815,agrosmart-v1,simulado,sim-2026-07
6f64dd38-e8eb-542b-a73f-775602924e09,SC-01_20260710_0005.jpg,2026-07-10 09:04:27,SC-01,smartphone,saudavel,saudavel,0.9829,agrosmart-v1,simulado,sim-2026-07
50fd7568-e179-5e46-b162-ff5db904e70d,SC-01_20260710_0006.jpg,2026-07-10 09:05:01,SC-01,smartphone,doente,vaquinha,0.8672,agrosmart-v1,simulado,sim-2026-07
e31c7547-bde7-5485-a83b-4e7ee0748907,SC-01_20260710_0007.jpg,2026-07-10 09:05:57,SC-01,smartphone,saudavel,saudavel,0.9683,agrosmart-v1,simulado,sim-2026-07
de8a7d2b-3d81-5eeb-993c-72162f576f9e,SC-01_20260710_0008.jpg,2026-07-10 09:06:23,SC-01,smartphone,saudavel,saudavel,0.9733,agrosmart-v1,simulado,sim-2026-07
f65a74a3-6984-567d-a150-db2946d253f3,SC-01_20260710_0009.jpg,2026-07-10 09:07:22,SC-01,smartphone,saudavel,saudavel,0.8754,agrosmart-v1,simulado,sim-2026-07
7dc99b36-96f2-51c7-affe-a054b008872b,SC-01_20260710_0010.jpg,2026-07-10 09:07:44,SC-01,smartphone,saudavel,saudavel,0.9380,agrosmart-v1,simulado,sim-2026-07
b4e30f79-5778-5570-927d-b6ba475facfe,SC-01_20260710_0011.jpg,2026-07-10 09:08:47,SC-01,smartphone,saudavel,saudavel,0.9431,agrosmart-v1,simulado,sim-2026-07
04451f1d-fe15-5717-8162-69e5cef2f917,SC-01_20260710_0012.jpg,2026-07-10 09:09:17,SC-01,smartphone,saudavel,saudavel,0.8504,agrosmart-v1,simulado,sim-2026-07
b9a40733-f9b8-50bd-9e44-629325923f96,SC-01_20260710_0013.jpg,2026-07-10 09:09:58,SC-01,smartphone,saudavel,saudavel,0.9389,agrosmart-v1,simulado,sim-2026-07
06418633-86a9-54d3-9311-2a63d81f27c2,SC-01_20260710_0014.jpg,2026-07-10 09:10:32,SC-01,smartphone,saudavel,saudavel,0.6631,agrosmart-v1,simulado,sim-2026-07
cb4cb258-9511-5a99-90e0-7ef09b81a797,SC-01_20260710_0015.jpg,2026-07-10 09:11:22,SC-01,smartphone,saudavel,saudavel,0.8202,agrosmart-v1,simulado,sim-2026-07
97a3d673-0b82-5fa0-adb7-b4ebeba7e590,SC-01_20260710_0016.jpg,2026-07-10 09:12:08,SC-01,smartphone,saudavel,saudavel,0.9610,agrosmart-v1,simulado,sim-2026-07
d9adcd57-f80e-57c2-845a-b92e50a3ce4c,SC-01_20260710_0017.jpg,2026-07-10 09:12:42,SC-01,smartphone,saudavel,saudavel,0.9917,agrosmart-v1,simulado,sim-2026-07
93f8b310-b0e8-590e-87bf-e058c1989d8f,SC-01_20260710_0018.jpg,2026-07-10 09:13:06,SC-01,smartphone,saudavel,saudavel,0.9815,agrosmart-v1,simulado,sim-2026-07
99a58fa4-997e-5dc8-8c98-f18360b8c1e5,SC-01_20260710_0019.jpg,2026-07-10 09:13:55,SC-01,smartphone,saudavel,saudavel,0.7418,agrosmart-v1,simulado,sim-2026-07
b699bbc4-5f4c-5f40-bcc7-7f734ca4157c,SC-01_20260710_0020.jpg,2026-07-10 09:14:39,SC-01,smartphone,saudavel,saudavel,0.9883,agrosmart-v1,simulado,sim-2026-07
d991b6c1-ab3b-56e8-9ae7-5651606e283e,SC-01_20260710_0021.jpg,2026-07-10 09:15:27,SC-01,smartphone,saudavel,saudavel,0.8988,agrosmart-v1,simulado,sim-2026-07
1a044e54-1c83-5be2-9a5d-7345b91035bc,SC-01_20260710_0022.jpg,2026-07-10 09:15:41,SC-01,smartphone,doente,requeima,0.9867,agrosmart-v1,simulado,sim-2026-07
37350819-2d4c-5ba0-802b-c1eadcf7f741,SC-01_20260710_0023.jpg,2026-07-10 09:16:31,SC-01,smartphone,saudavel,saudavel,0.9960,agrosmart-v1,simulado,sim-2026-07
f84b5bbd-d2f8-58f6-9748-46385d1f3fb0,SC-01_20260710_0024.jpg,2026-07-10 09:17:03,SC-01,smartphone,saudavel,saudavel,0.9678,agrosmart-v1,simulado,sim-2026-07
bdf1a8d8-49c0-58e7-9878-a0d25d68419f,SC-01_20260710_0025.jpg,2026-07-10 09:17:41,SC-01,smartphone,saudavel,saudavel,0.8229,agrosmart-v1,simulado,sim-2026-07
de26813e-0875-548c-9512-4988e302b329,SC-01_20260710_0026.jpg,2026-07-10 09:18:38,SC-01,smartphone,saudavel,saudavel,0.9013,agrosmart-v1,simulado,sim-2026-07
b6eda6a1-bb9a-54c6-bcbf-8cc3f0abd8ea,SC-01_20260710_0027.jpg,2026-07-10 09:19:17,SC-01,smartphone,saudavel,saudavel,0.8547,agrosmart-v1,simulado,sim-2026-07
49bcf16e-c035-5de1-b587-d6dbf5eb1cb6,SC-01_20260710_0028.jpg,2026-07-10 09:19:49,SC-01,smartphone,saudavel,saudavel,0.8463,agrosmart-v1,simulado,sim-2026-07
e96bf6d8-37ad-545c-a5e6-ec122ca2bd42,SC-01_20260710_0029.jpg,2026-07-10 09:20:28,SC-01,smartphone,saudavel,saudavel,0.9090,agrosmart-v1,simulado,sim-2026-07
7da570f6-4ca7-52b3-ac2b-6cbc150e3ba2,SC-01_20260710_0030.jpg,2026-07-10 09:21:23,SC-01,smartphone,saudavel,saudavel,0.8555,agrosmart-v1,simulado,sim-2026-07
2de5ae7b-9481-5bb6-b0e3-afcef080421a,SC-01_20260710_0031.jpg,2026-07-10 09:22:05,SC-01,smartphone,saudavel,saudavel,0.8477,agrosmart-v1,simulado,sim-2026-07
29276df6-8975-5df0-820e-984e5ff1ac95,SC-01_20260710_0032.jpg,2026-07-10 09:22:26,SC-01,smartphone,saudavel,saudavel,0.9701,agrosmart-v1,simulado,sim-2026-07
8be8f0e4-e77e-5bbb-b5c2-54c5ddc94e5b,SC-01_20260710_0033.jpg,2026-07-10 09:23:10,SC-01,smartphone,saudavel,saudavel,0.9643,agrosmart-v1,simulado,sim-2026-07
ee5fbbec-7899-5d35-be6f-438b7a27ddf1,SC-01_20260710_0034.jpg,2026-07-10 09:23:56,SC-01,smartphone,saudavel,saudavel,0.9617,agrosmart-v1,simulado,sim-2026-07
5a666522-9135-5e47-a13b-ab91933875d9,SC-01_20260710_0035.jpg,2026-07-10 09:24:50,SC-01,smartphone,saudavel,saudavel,0.9049,agrosmart-v1,simulado,sim-2026-07
7baa2499-0e7a-563f-847e-24a01d8f05cd,TI-04_20260710_0001.jpg,2026-07-10 09:25:04,TI-04,drone,saudavel,saudavel,0.9530,agrosmart-v1,simulado,sim-2026-07
d70ea6fe-6cd4-50b7-b1df-cdacff48065c,TI-04_20260710_0002.jpg,2026-07-10 09:25:32,TI-04,drone,saudavel,saudavel,0.9929,agrosmart-v1,simulado,sim-2026-07
4658a1c0-2036-522d-bb10-4a512276bd79,TI-04_20260710_0003.jpg,2026-07-10 09:26:15,TI-04,drone,saudavel,saudavel,0.8292,agrosmart-v1,simulado,sim-2026-07
2d30ad87-e403-5c6b-b252-f4a2d7a7119a,TI-04_20260710_0004.jpg,2026-07-10 09:26:55,TI-04,drone,saudavel,saudavel,0.8254,agrosmart-v1,simulado,sim-2026-07
43101df8-21fb-5048-a6cf-902ad2f184aa,TI-04_20260710_0005.jpg,2026-07-10 09:27:34,TI-04,drone,saudavel,saudavel,0.9607,agrosmart-v1,simulado,sim-2026-07
a5bb8323-d904-5d0a-9d0f-aeab583ff22a,TI-04_20260710_0006.jpg,2026-07-10 09:28:22,TI-04,drone,saudavel,saudavel,0.9674,agrosmart-v1,simulado,sim-2026-07
23f6a5a3-f51b-5a3d-bc54-e415efdf529a,TI-04_20260710_0007.jpg,2026-07-10 09:28:56,TI-04,drone,saudavel,saudavel,0.9646,agrosmart-v1,simulado,sim-2026-07
3dfd1070-df96-53f2-8f14-68f5059da0e9,TI-04_20260710_0008.jpg,2026-07-10 09:29:44,TI-04,drone,saudavel,saudavel,0.9990,agrosmart-v1,simulado,sim-2026-07
ec00be06-058e-54c0-9dde-cc2010919a1f,TI-04_20260710_0009.jpg,2026-07-10 09:30:09,TI-04,drone,saudavel,saudavel,0.8699,agrosmart-v1,simulado,sim-2026-07
bb2b4fb1-6f7a-5499-8f9c-effb31b7a4ce,TI-04_20260710_0010.jpg,2026-07-10 09:30:55,TI-04,drone,saudavel,saudavel,0.9373,agrosmart-v1,simulado,sim-2026-07
d05f31c2-6a72-525b-9975-6f3accd58ac1,TI-04_20260710_0011.jpg,2026-07-10 09:31:35,TI-04,drone,saudavel,saudavel,0.9817,agrosmart-v1,simulado,sim-2026-07
b017e9be-5d72-5c0c-9f23-47ac7530d1ad,TI-04_20260710_0012.jpg,2026-07-10 09:32:04,TI-04,drone,saudavel,saudavel,0.9368,agrosmart-v1,simulado,sim-2026-07
dd99e613-e7e0-52c0-8724-e5b788424eef,TI-04_20260710_0013.jpg,2026-07-10 09:33:08,TI-04,drone,saudavel,saudavel,0.9912,agrosmart-v1,simulado,sim-2026-07
07c0e02e-9b55-5425-b3f6-75acc999fd3d,TI-04_20260710_0014.jpg,2026-07-10 09:33:49,TI-04,drone,saudavel,saudavel,0.8355,agrosmart-v1,simulado,sim-2026-07
b0ed5d53-b4f9-567b-85ca-7d902fabbdde,TI-04_20260710_0015.jpg,2026-07-10 09:34:12,TI-04,drone,saudavel,saudavel,0.9705,agrosmart-v1,simulado,sim-2026-07
2e84710e-d5c0-552b-acf7-de9faa1e4d1f,TI-04_20260710_0016.jpg,2026-07-10 09:34:47,TI-04,drone,saudavel,saudavel,0.9471,agrosmart-v1,simulado,sim-2026-07
a5160eff-6d5c-5338-b50f-ecb12854128b,TI-04_20260710_0017.jpg,2026-07-10 09:35:24,TI-04,drone,saudavel,saudavel,0.9999,agrosmart-v1,simulado,sim-2026-07
56f5d9c7-d5b9-5e7a-8148-c6f30c63686c,TI-04_20260710_0018.jpg,2026-07-10 09:36:04,TI-04,drone,saudavel,saudavel,0.9903,agrosmart-v1,simulado,sim-2026-07
fe03cd02-0616-566f-b055-0e54a08323c4,TI-04_20260710_0019.jpg,2026-07-10 09:37:03,TI-04,drone,saudavel,saudavel,0.9174,agrosmart-v1,simulado,sim-2026-07
bd636194-093b-5e3d-a724-3ce53dc31aec,TI-04_20260710_0020.jpg,2026-07-10 09:37:42,TI-04,drone,saudavel,saudavel,0.9537,agrosmart-v1,simulado,sim-2026-07
985cb145-675c-5713-b829-5b0f1bf455ab,TI-04_20260710_0021.jpg,2026-07-10 09:38:22,TI-04,drone,saudavel,saudavel,0.8552,agrosmart-v1,simulado,sim-2026-07
bac02b37-d916-5527-915d-bd49b138dc27,TI-04_20260710_0022.jpg,2026-07-10 09:38:51,TI-04,drone,saudavel,saudavel,0.9650,agrosmart-v1,simulado,sim-2026-07
ebefa74b-8f83-5b7f-bfb2-9666a0bed1b6,TI-04_20260710_0023.jpg,2026-07-10 09:39:20,TI-04,drone,saudavel,saudavel,0.9164,agrosmart-v1,simulado,sim-2026-07
778bfa75-eb40-55f1-9316-f16a5d9b8c9b,TI-04_20260710_0024.jpg,2026-07-10 09:40:15,TI-04,drone,doente,pinta_preta,0.9828,agrosmart-v1,simulado,sim-2026-07
fcfb0f3b-6926-5576-bf53-42a11878b9b4,TI-04_20260710_0025.jpg,2026-07-10 09:40:52,TI-04,drone,saudavel,saudavel,0.9765,agrosmart-v1,simulado,sim-2026-07
647fc452-7fca-5084-be88-9b25143e32b2,TI-04_20260710_0026.jpg,2026-07-10 09:41:20,TI-04,drone,saudavel,saudavel,0.8996,agrosmart-v1,simulado,sim-2026-07
96622687-46a5-5455-9474-f638bd959124,TI-04_20260710_0027.jpg,2026-07-10 09:42:11,TI-04,drone,saudavel,saudavel,0.9703,agrosmart-v1,simulado,sim-2026-07
44e92353-1e4f-5375-850d-7be2195968de,TI-04_20260710_0028.jpg,2026-07-10 09:42:59,TI-04,drone,saudavel,saudavel,0.8251,agrosmart-v1,simulado,sim-2026-07
b0c7199f-ffe5-5821-97e9-0f23bd3e97cb,BV-01_20260710_0001.jpg,2026-07-10 09:43:05,BV-01,smartphone,saudavel,saudavel,0.8698,agrosmart-v1,simulado,sim-2026-07
52b39145-5c14-5e4d-990e-477aa9b5bc58,BV-01_20260710_0002.jpg,2026-07-10 09:43:28,BV-01,smartphone,saudavel,saudavel,0.8214,agrosmart-v1,simulado,sim-2026-07
4839b4ea-a825-5242-a3e2-57ffdbd9b942,TI-04_20260710_0029.jpg,2026-07-10 09:43:37,TI-04,drone,saudavel,saudavel,0.9959,agrosmart-v1,simulado,sim-2026-07
305f9eab-bdca-5896-b4e2-79695fa34709,TI-04_20260710_0030.jpg,2026-07-10 09:44:06,TI-04,drone,saudavel,saudavel,0.9560,agrosmart-v1,simulado,sim-2026-07
af71a278-3095-5686-b76f-8b082cd00686,BV-01_20260710_0003.jpg,2026-07-10 09:44:07,BV-01,smartphone,saudavel,saudavel,0.8348,agrosmart-v1,simulado,sim-2026-07
fbe04162-25b4-5314-99cf-324ecb60c05a,BV-01_20260710_0004.jpg,2026-07-10 09:44:58,BV-01,smartphone,saudavel,saudavel,0.9796,agrosmart-v1,simulado,sim-2026-07
bc05c0d6-ddd1-5467-a023-588a538cc078,TI-04_20260710_0031.jpg,2026-07-10 09:44:58,TI-04,drone,saudavel,saudavel,0.8815,agrosmart-v1,simulado,sim-2026-07
171edc7d-e06b-58c7-bb4b-8e3cae8818c0,BV-01_20260710_0005.jpg,2026-07-10 09:45:45,BV-01,smartphone,saudavel,saudavel,0.9672,agrosmart-v1,simulado,sim-2026-07
e14f60b1-a847-5b2c-b039-52c15c1cf661,TI-04_20260710_0032.jpg,2026-07-10 09:45:48,TI-04,drone,saudavel,saudavel,0.8958,agrosmart-v1,simulado,sim-2026-07
058975c3-ae11-59b1-aad7-d2fef0f4d039,BV-01_20260710_0006.jpg,2026-07-10 09:46:02,BV-01,smartphone,saudavel,saudavel,0.9836,agrosmart-v1,simulado,sim-2026-07
8c5c4f18-5fc8-569c-8744-6bf009e5222c,TI-04_20260710_0033.jpg,2026-07-10 09:46:11,TI-04,drone,saudavel,saudavel,0.9925,agrosmart-v1,simulado,sim-2026-07
facda044-5ffc-512f-bf25-d1ef80b1df7c,BV-01_20260710_0007.jpg,2026-07-10 09:46:53,BV-01,smartphone,saudavel,saudavel,0.9823,agrosmart-v1,simulado,sim-2026-07
2ee8ec92-baa7-51db-8037-b33d06602862,BV-01_20260710_0008.jpg,2026-07-10 09:47:28,BV-01,smartphone,saudavel,saudavel,0.9630,agrosmart-v1,simulado,sim-2026-07
ffc121e2-bf47-58ca-bcda-580a84b7026d,BV-01_20260710_0009.jpg,2026-07-10 09:48:05,BV-01,smartphone,saudavel,saudavel,0.9290,agrosmart-v1,simulado,sim-2026-07
4f532d9c-7c96-5910-bb4b-31ba27fef958,BV-01_20260710_0010.jpg,2026-07-10 09:48:45,BV-01,smartphone,saudavel,saudavel,0.9918,agrosmart-v1,simulado,sim-2026-07
734a63ee-5b87-5493-838f-0325d5522d4e,BV-01_20260710_0011.jpg,2026-07-10 09:49:43,BV-01,smartphone,saudavel,saudavel,0.9871,agrosmart-v1,simulado,sim-2026-07
8bde24aa-b28c-5154-9c39-468edcbe9c0d,SC-02_20260710_0001.jpg,2026-07-10 09:50:03,SC-02,smartphone,saudavel,saudavel,0.9299,agrosmart-v1,simulado,sim-2026-07
81595289-0cba-5976-8f96-0ea1c8323d79,BV-01_20260710_0012.jpg,2026-07-10 09:50:25,BV-01,smartphone,saudavel,saudavel,0.8935,agrosmart-v1,simulado,sim-2026-07
ce8872ab-1194-5438-957b-f5fbe18b8184,SC-02_20260710_0002.jpg,2026-07-10 09:50:39,SC-02,smartphone,saudavel,saudavel,0.9282,agrosmart-v1,simulado,sim-2026-07
bb2bf0a9-6c84-561b-8532-d8e1b8838650,BV-01_20260710_0013.jpg,2026-07-10 09:50:58,BV-01,smartphone,saudavel,saudavel,0.9994,agrosmart-v1,simulado,sim-2026-07
262d08da-54e3-5d15-a901-bd9e0c0cd622,SC-02_20260710_0003.jpg,2026-07-10 09:51:20,SC-02,smartphone,saudavel,saudavel,0.9335,agrosmart-v1,simulado,sim-2026-07
9fe74184-c1fe-5c8d-943f-d526cf907901,BV-01_20260710_0014.jpg,2026-07-10 09:51:34,BV-01,smartphone,saudavel,saudavel,0.9959,agrosmart-v1,simulado,sim-2026-07
c606d216-0cbd-57ed-ae6b-d14787ffd19e,SC-02_20260710_0004.jpg,2026-07-10 09:51:41,SC-02,smartphone,saudavel,saudavel,0.6775,agrosmart-v1,simulado,sim-2026-07
f647d6da-e2b9-5784-b6b2-e794601baf5e,BV-01_20260710_0015.jpg,2026-07-10 09:52:09,BV-01,smartphone,saudavel,saudavel,0.9697,agrosmart-v1,simulado,sim-2026-07
b5f36b26-bffd-5455-bc2d-aecdbb4e17b9,SC-02_20260710_0005.jpg,2026-07-10 09:52:23,SC-02,smartphone,doente,requeima,0.9798,agrosmart-v1,simulado,sim-2026-07
da65e8d1-ada2-53b3-876e-16ae4433d879,BV-01_20260710_0016.jpg,2026-07-10 09:53:09,BV-01,smartphone,saudavel,saudavel,0.9925,agrosmart-v1,simulado,sim-2026-07
7e8956cf-f63c-50bd-abaa-e43d48dc5382,SC-02_20260710_0006.jpg,2026-07-10 09:53:25,SC-02,smartphone,saudavel,saudavel,0.5795,agrosmart-v1,simulado,sim-2026-07
3401dac1-a894-505c-9bf3-48940b05458f,BV-01_20260710_0017.jpg,2026-07-10 09:53:46,BV-01,smartphone,saudavel,saudavel,0.9954,agrosmart-v1,simulado,sim-2026-07
447b5fbe-8d90-5462-9adc-ca09c509fc46,BV-04_20260710_0001.jpg,2026-07-10 09:53:47,BV-04,smartphone,saudavel,saudavel,1.0000,agrosmart-v1,simulado,sim-2026-07
32f93004-cb72-50f8-b5dd-91c66f68b542,SC-02_20260710_0007.jpg,2026-07-10 09:53:51,SC-02,smartphone,saudavel,saudavel,0.9001,agrosmart-v1,simulado,sim-2026-07
151617ee-ff52-5194-a55e-4010409b5ffa,BV-01_20260710_0018.jpg,2026-07-10 09:54:07,BV-01,smartphone,saudavel,saudavel,0.9977,agrosmart-v1,simulado,sim-2026-07
8d6898ab-6fb5-5f8e-9a38-b873bc7bcd83,SC-02_20260710_0008.jpg,2026-07-10 09:54:41,SC-02,smartphone,saudavel,saudavel,0.9434,agrosmart-v1,simulado,sim-2026-07
1b13954c-b2c1-57d8-ae29-72e6e6e12de2,BV-01_20260710_0019.jpg,2026-07-10 09:54:47,BV-01,smartphone,saudavel,saudavel,0.9826,agrosmart-v1,simulado,sim-2026-07
27b63877-0044-58c6-a9b3-d02bd624ef43,BV-04_20260710_0002.jpg,2026-07-10 09:54:49,BV-04,smartphone,saudavel,saudavel,0.8400,agrosmart-v1,simulado,sim-2026-07
e0b4d393-af8d-5b5f-91da-71b538cab4f5,BV-04_20260710_0003.jpg,2026-07-10 09:55:13,BV-04,smartphone,saudavel,saudavel,0.9394,agrosmart-v1,simulado,sim-2026-07
16942ad1-28ee-5a05-bb82-38c1984f4d19,SC-02_20260710_0009.jpg,2026-07-10 09:55:17,SC-02,smartphone,saudavel,saudavel,0.9147,agrosmart-v1,simulado,sim-2026-07
76a35701-2ac7-56a3-a05f-9350f165b54b,BV-01_20260710_0020.jpg,2026-07-10 09:55:33,BV-01,smartphone,saudavel,saudavel,0.8524,agrosmart-v1,simulado,sim-2026-07
4069a6e2-aa5a-5240-b97d-1bf5744e3113,SC-02_20260710_0010.jpg,2026-07-10 09:55:40,SC-02,smartphone,saudavel,saudavel,0.9838,agrosmart-v1,simulado,sim-2026-07
7ffd6590-ebb2-5430-a814-eaa3433b6622,TI-03_20260710_0001.jpg,2026-07-10 09:55:58,TI-03,drone,saudavel,saudavel,0.9264,agrosmart-v1,simulado,sim-2026-07
edd8c3bd-43e0-5490-b8e9-efdbbe719191,BV-04_20260710_0004.jpg,2026-07-10 09:56:01,BV-04,smartphone,doente,requeima,0.9848,agrosmart-v1,simulado,sim-2026-07
89234f16-0574-53a1-93d2-a8c2446cf762,BV-01_20260710_0021.jpg,2026-07-10 09:56:08,BV-01,smartphone,saudavel,saudavel,0.9880,agrosmart-v1,simulado,sim-2026-07
9ab09ab9-84f8-505c-9ca5-2209a31b6587,SC-02_20260710_0011.jpg,2026-07-10 09:56:21,SC-02,smartphone,saudavel,saudavel,0.9863,agrosmart-v1,simulado,sim-2026-07
67b09d47-ae75-59a8-8d9b-cb40b2305c07,TI-03_20260710_0002.jpg,2026-07-10 09:56:35,TI-03,drone,saudavel,saudavel,0.9998,agrosmart-v1,simulado,sim-2026-07
04adcaf2-66fa-5e9d-ab97-0b9ec11e5882,BV-04_20260710_0005.jpg,2026-07-10 09:56:37,BV-04,smartphone,saudavel,saudavel,0.6089,agrosmart-v1,simulado,sim-2026-07
df969dc8-ddf0-5779-898c-47a2a3e74a44,BV-01_20260710_0022.jpg,2026-07-10 09:57:01,BV-01,smartphone,saudavel,saudavel,0.9253,agrosmart-v1,simulado,sim-2026-07
5f375a67-c460-52c0-8c29-d587a9ab3a6a,SC-02_20260710_0012.jpg,2026-07-10 09:57:10,SC-02,smartphone,saudavel,saudavel,0.8266,agrosmart-v1,simulado,sim-2026-07
65126d7d-d213-5cf9-ad58-2f8f1fc653bf,BV-04_20260710_0006.jpg,2026-07-10 09:57:15,BV-04,smartphone,saudavel,saudavel,0.9963,agrosmart-v1,simulado,sim-2026-07
7a3a06c6-e012-547e-a6dd-2cec7a214da1,TI-03_20260710_0003.jpg,2026-07-10 09:57:28,TI-03,drone,saudavel,saudavel,0.9375,agrosmart-v1,simulado,sim-2026-07
fc6a1775-58fa-5bd4-9bf4-f81dfd91934f,BV-01_20260710_0023.jpg,2026-07-10 09:57:43,BV-01,smartphone,saudavel,saudavel,0.9999,agrosmart-v1,simulado,sim-2026-07
424d90b0-af5c-5392-b769-236c6fb1dc76,SC-02_20260710_0013.jpg,2026-07-10 09:57:52,SC-02,smartphone,doente,requeima,0.9920,agrosmart-v1,simulado,sim-2026-07
a13cae45-e992-5f99-bab7-c0796d08e76f,TI-03_20260710_0004.jpg,2026-07-10 09:58:00,TI-03,drone,saudavel,saudavel,0.9443,agrosmart-v1,simulado,sim-2026-07
56a96089-3a64-52d2-ad48-f39a46aa0ec9,BV-01_20260710_0024.jpg,2026-07-10 09:58:02,BV-01,smartphone,saudavel,saudavel,0.9840,agrosmart-v1,simulado,sim-2026-07
e72ca443-1c9f-58fb-bac6-af7c4b41cb31,BV-04_20260710_0007.jpg,2026-07-10 09:58:06,BV-04,smartphone,saudavel,saudavel,0.9521,agrosmart-v1,simulado,sim-2026-07
e1e02507-413b-58cd-ad36-db76b6d95dc8,SC-02_20260710_0014.jpg,2026-07-10 09:58:21,SC-02,smartphone,saudavel,saudavel,0.8567,agrosmart-v1,simulado,sim-2026-07
17d0ba37-df15-5168-975c-60a75d0de224,BV-04_20260710_0008.jpg,2026-07-10 09:58:29,BV-04,smartphone,saudavel,saudavel,0.9768,agrosmart-v1,simulado,sim-2026-07
0dc89d2e-f962-5100-a81d-08a4d0c5c33c,TI-03_20260710_0005.jpg,2026-07-10 09:58:30,TI-03,drone,saudavel,saudavel,0.9700,agrosmart-v1,simulado,sim-2026-07
de9df8e4-80f8-5ba4-82c6-6fa80b6c13fb,BV-04_20260710_0009.jpg,2026-07-10 09:59:00,BV-04,smartphone,saudavel,saudavel,0.8326,agrosmart-v1,simulado,sim-2026-07
2d0c96cc-cd4d-5668-9cef-e48114f2bde1,BV-01_20260710_0025.jpg,2026-07-10 09:59:10,BV-01,smartphone,saudavel,saudavel,0.9762,agrosmart-v1,simulado,sim-2026-07
f35974f0-2887-50c2-8c0a-bb6464d87642,TI-03_20260710_0006.jpg,2026-07-10 09:59:13,TI-03,drone,saudavel,saudavel,0.9811,agrosmart-v1,simulado,sim-2026-07
fd198b5e-ade6-5591-8956-d9ed9aa86ec6,SC-02_20260710_0015.jpg,2026-07-10 09:59:14,SC-02,smartphone,saudavel,saudavel,0.9187,agrosmart-v1,simulado,sim-2026-07
6805b355-1105-573b-8079-3e499c6be150,BV-01_20260710_0026.jpg,2026-07-10 09:59:22,BV-01,smartphone,saudavel,saudavel,0.8730,agrosmart-v1,simulado,sim-2026-07
4a8f132d-96c4-5c3c-b927-568b546161ef,SC-02_20260710_0016.jpg,2026-07-10 09:59:43,SC-02,smartphone,saudavel,saudavel,0.9262,agrosmart-v1,simulado,sim-2026-07
62c86b67-676f-5b8a-9097-a05b6454d884,BV-04_20260710_0010.jpg,2026-07-10 09:59:58,BV-04,smartphone,saudavel,saudavel,0.9689,agrosmart-v1,simulado,sim-2026-07
9788c107-0f78-5f21-9a5a-d0db42f0fa11,TI-03_20260710_0007.jpg,2026-07-10 10:00:03,TI-03,drone,saudavel,saudavel,0.9587,agrosmart-v1,simulado,sim-2026-07
de6af5c2-aee8-5d1a-842a-ddb387a43147,BV-01_20260710_0027.jpg,2026-07-10 10:00:07,BV-01,smartphone,saudavel,saudavel,0.9029,agrosmart-v1,simulado,sim-2026-07
4aa329cf-1cd0-54b4-bf32-354ad8fe6421,SC-02_20260710_0017.jpg,2026-07-10 10:00:26,SC-02,smartphone,saudavel,saudavel,0.9293,agrosmart-v1,simulado,sim-2026-07
ca87fdc0-9930-5caa-8a1f-cb270210d1cc,TI-03_20260710_0008.jpg,2026-07-10 10:00:26,TI-03,drone,saudavel,saudavel,0.9946,agrosmart-v1,simulado,sim-2026-07
552d426c-ce6d-5dc3-9d74-862fb3271453,BV-04_20260710_0011.jpg,2026-07-10 10:00:44,BV-04,smartphone,saudavel,saudavel,0.9804,agrosmart-v1,simulado,sim-2026-07
cd23a748-0a65-5d86-b2a9-3be7b64626b9,BV-01_20260710_0028.jpg,2026-07-10 10:00:56,BV-01,smartphone,saudavel,saudavel,0.9394,agrosmart-v1,simulado,sim-2026-07
a5911a11-a0e9-51d0-a874-ee1dd34967b5,BV-04_20260710_0012.jpg,2026-07-10 10:01:10,BV-04,smartphone,saudavel,saudavel,0.9123,agrosmart-v1,simulado,sim-2026-07
756a5434-06b1-58af-bbf2-dfa446738510,TI-03_20260710_0009.jpg,2026-07-10 10:01:10,TI-03,drone,saudavel,saudavel,0.9405,agrosmart-v1,simulado,sim-2026-07
2b8f3f42-aa6d-537e-b36b-b56cb1582e97,SC-02_20260710_0018.jpg,2026-07-10 10:01:20,SC-02,smartphone,saudavel,saudavel,0.9990,agrosmart-v1,simulado,sim-2026-07
242ff0ab-868d-5ad6-bb2d-bb4cd6aed332,BV-01_20260710_0029.jpg,2026-07-10 10:01:36,BV-01,smartphone,saudavel,saudavel,0.8592,agrosmart-v1,simulado,sim-2026-07
32dd00ad-622e-5a3d-9cc1-887178aa50e9,BV-04_20260710_0013.jpg,2026-07-10 10:01:44,BV-04,smartphone,saudavel,saudavel,0.8273,agrosmart-v1,simulado,sim-2026-07
4c7e2684-331b-5233-9d5b-c70030ede831,BV-01_20260710_0030.jpg,2026-07-10 10:02:03,BV-01,smartphone,saudavel,saudavel,0.9823,agrosmart-v1,simulado,sim-2026-07
d4144f4e-0d0d-5be9-a5a8-5401e4e11e34,SC-02_20260710_0019.jpg,2026-07-10 10:02:04,SC-02,smartphone,saudavel,saudavel,0.9651,agrosmart-v1,simulado,sim-2026-07
55e06423-038c-5c29-b69b-fad844910a26,TI-03_20260710_0010.jpg,2026-07-10 10:02:10,TI-03,drone,saudavel,saudavel,0.8843,agrosmart-v1,simulado,sim-2026-07
d720e53b-6bbc-5c41-874d-4c70c65f9ea2,BV-04_20260710_0014.jpg,2026-07-10 10:02:30,BV-04,smartphone,saudavel,saudavel,0.9459,agrosmart-v1,simulado,sim-2026-07
26b5c1d8-6e60-5f53-b8de-cff02cb3fe29,TI-03_20260710_0011.jpg,2026-07-10 10:02:31,TI-03,drone,saudavel,saudavel,0.8260,agrosmart-v1,simulado,sim-2026-07
9cac9b39-7b70-5a66-9f18-b11990ffe7b4,SC-02_20260710_0020.jpg,2026-07-10 10:02:47,SC-02,smartphone,doente,requeima,0.9766,agrosmart-v1,simulado,sim-2026-07
e1459dd6-7184-5028-a950-d7fdf171c01b,BV-01_20260710_0031.jpg,2026-07-10 10:03:03,BV-01,smartphone,saudavel,saudavel,0.8992,agrosmart-v1,simulado,sim-2026-07
10d32564-11f8-5f18-a32e-b994269d2f25,TI-03_20260710_0012.jpg,2026-07-10 10:03:06,TI-03,drone,saudavel,saudavel,0.9930,agrosmart-v1,simulado,sim-2026-07
e15a7d26-ee4c-5465-8506-d0775c54e88a,SC-02_20260710_0021.jpg,2026-07-10 10:03:16,SC-02,smartphone,doente,requeima,0.9801,agrosmart-v1,simulado,sim-2026-07
00c42c87-7fce-50e5-ab85-33b42ff97266,BV-04_20260710_0015.jpg,2026-07-10 10:03:20,BV-04,smartphone,saudavel,saudavel,0.9833,agrosmart-v1,simulado,sim-2026-07
18f0daca-8ad4-559a-b949-3354704da8c7,BV-04_20260710_0016.jpg,2026-07-10 10:03:48,BV-04,smartphone,saudavel,saudavel,0.8360,agrosmart-v1,simulado,sim-2026-07
0aa9883b-e4ad-5a35-bf95-ec62cc5cc965,SC-02_20260710_0022.jpg,2026-07-10 10:03:52,SC-02,smartphone,saudavel,saudavel,0.9077,agrosmart-v1,simulado,sim-2026-07
48e609ce-1697-5b47-919f-74b85d903d4c,TI-03_20260710_0013.jpg,2026-07-10 10:03:54,TI-03,drone,saudavel,saudavel,0.9882,agrosmart-v1,simulado,sim-2026-07
fb35694a-a3f1-5765-91e1-6296e1919d88,TI-03_20260710_0014.jpg,2026-07-10 10:04:23,TI-03,drone,saudavel,saudavel,0.9240,agrosmart-v1,simulado,sim-2026-07
68646e70-352a-5d14-831d-0dc158ccae46,SC-02_20260710_0023.jpg,2026-07-10 10:04:26,SC-02,smartphone,saudavel,saudavel,0.9962,agrosmart-v1,simulado,sim-2026-07
c9579978-9f84-5299-b602-e23427adef43,BV-04_20260710_0017.jpg,2026-07-10 10:04:29,BV-04,smartphone,saudavel,saudavel,0.9705,agrosmart-v1,simulado,sim-2026-07
fe330516-1736-5ffa-9062-7c0fc5c9a951,TI-03_20260710_0015.jpg,2026-07-10 10:05:14,TI-03,drone,saudavel,saudavel,0.9227,agrosmart-v1,simulado,sim-2026-07
4a657975-fcfa-5f78-85e9-4cff464c7376,BV-04_20260710_0018.jpg,2026-07-10 10:05:23,BV-04,smartphone,saudavel,saudavel,0.9929,agrosmart-v1,simulado,sim-2026-07
1eb0f0b7-371a-5066-8c9c-af8eeb79bb48,SC-02_20260710_0024.jpg,2026-07-10 10:05:25,SC-02,smartphone,doente,requeima,0.9215,agrosmart-v1,simulado,sim-2026-07
6582a177-9279-5076-a20b-ad3ea1e8d766,SC-02_20260710_0025.jpg,2026-07-10 10:05:44,SC-02,smartphone,saudavel,saudavel,0.8504,agrosmart-v1,simulado,sim-2026-07
6ed82a9c-f6c4-56d7-9f9d-108bae917559,TI-03_20260710_0016.jpg,2026-07-10 10:05:53,TI-03,drone,saudavel,saudavel,0.9948,agrosmart-v1,simulado,sim-2026-07
69d0805d-e490-51b9-8c1c-a8bc2297255c,BV-04_20260710_0019.jpg,2026-07-10 10:06:04,BV-04,smartphone,saudavel,saudavel,0.9976,agrosmart-v1,simulado,sim-2026-07
3272dcc1-6041-5ac0-8489-eebeb6ae5d0c,BV-04_20260710_0020.jpg,2026-07-10 10:06:25,BV-04,smartphone,saudavel,saudavel,0.9816,agrosmart-v1,simulado,sim-2026-07
4c6110b2-3d77-5dcc-8604-0125ab0d3dc4,TI-03_20260710_0017.jpg,2026-07-10 10:06:35,TI-03,drone,saudavel,saudavel,0.9964,agrosmart-v1,simulado,sim-2026-07
f984add8-33af-51d6-b2ab-e9b916cc0227,SC-02_20260710_0026.jpg,2026-07-10 10:06:40,SC-02,smartphone,saudavel,saudavel,0.9525,agrosmart-v1,simulado,sim-2026-07
89d45a85-1356-547f-98a4-31fa5a3a2469,TI-03_20260710_0018.jpg,2026-07-10 10:07:24,TI-03,drone,saudavel,saudavel,1.0000,agrosmart-v1,simulado,sim-2026-07
9c1e494f-aa52-5cd8-b50d-6a1be1cd27e0,BV-04_20260710_0021.jpg,2026-07-10 10:07:26,BV-04,smartphone,saudavel,saudavel,0.9643,agrosmart-v1,simulado,sim-2026-07
bef517f4-dfb4-5843-9b59-d8f4207b0783,TI-03_20260710_0019.jpg,2026-07-10 10:07:49,TI-03,drone,saudavel,saudavel,0.9907,agrosmart-v1,simulado,sim-2026-07
96686657-063d-55b8-987d-8cafb0f91c80,BV-04_20260710_0022.jpg,2026-07-10 10:07:57,BV-04,smartphone,saudavel,saudavel,0.9997,agrosmart-v1,simulado,sim-2026-07
e1251a07-619c-508e-a793-9a9b8aace063,TI-03_20260710_0020.jpg,2026-07-10 10:08:29,TI-03,drone,saudavel,saudavel,0.9850,agrosmart-v1,simulado,sim-2026-07
69cd22be-e8c5-5ec3-8c71-c46d8e50ce2b,BV-04_20260710_0023.jpg,2026-07-10 10:08:34,BV-04,smartphone,saudavel,saudavel,0.9379,agrosmart-v1,simulado,sim-2026-07
1d986242-7bbb-533d-987c-1be6617c6cf4,BV-04_20260710_0024.jpg,2026-07-10 10:09:00,BV-04,smartphone,saudavel,saudavel,0.8328,agrosmart-v1,simulado,sim-2026-07
8dca8514-ad5e-59a2-9a75-824bb4115047,TI-03_20260710_0021.jpg,2026-07-10 10:09:08,TI-03,drone,saudavel,saudavel,1.0000,agrosmart-v1,simulado,sim-2026-07
4e8dee78-e5f8-576d-988d-edb3e014d74a,TI-03_20260710_0022.jpg,2026-07-10 10:09:54,TI-03,drone,doente,mosca_minadora,0.9138,agrosmart-v1,simulado,sim-2026-07
89a3c919-aca0-5da0-acc5-ab011685afa6,BV-04_20260710_0025.jpg,2026-07-10 10:09:57,BV-04,smartphone,saudavel,saudavel,0.9536,agrosmart-v1,simulado,sim-2026-07
e3c8bb0b-9570-5820-ad95-baad6ee6c484,TI-03_20260710_0023.jpg,2026-07-10 10:10:34,TI-03,drone,saudavel,saudavel,0.9965,agrosmart-v1,simulado,sim-2026-07
b505d2a4-a8ec-5edd-b045-31edf475c0af,TI-03_20260710_0024.jpg,2026-07-10 10:11:07,TI-03,drone,doente,mosca_minadora,0.9346,agrosmart-v1,simulado,sim-2026-07
518b6db1-8fdc-53b5-88f7-d15f167b0dbb,TI-03_20260710_0025.jpg,2026-07-10 10:12:01,TI-03,drone,saudavel,saudavel,0.8911,agrosmart-v1,simulado,sim-2026-07
b33afb2b-d6cc-5f08-ab58-5e5a98c12962,TI-03_20260710_0026.jpg,2026-07-10 10:12:39,TI-03,drone,saudavel,saudavel,0.9708,agrosmart-v1,simulado,sim-2026-07
9d13a81b-9a66-57a1-a171-54b42d4ff92f,TI-03_20260710_0027.jpg,2026-07-10 10:13:17,TI-03,drone,saudavel,saudavel,0.9984,agrosmart-v1,simulado,sim-2026-07
1073f72a-fbcb-5fd8-adec-f36cf59a5c03,TI-03_20260710_0028.jpg,2026-07-10 10:13:57,TI-03,drone,saudavel,saudavel,0.9598,agrosmart-v1,simulado,sim-2026-07
43deff95-fb15-50e2-aee1-fb02c12bca7b,TI-03_20260710_0029.jpg,2026-07-10 10:14:41,TI-03,drone,saudavel,saudavel,0.9800,agrosmart-v1,simulado,sim-2026-07
90ef5c22-942a-577e-9518-2931ed82afff,TI-03_20260710_0030.jpg,2026-07-10 10:15:08,TI-03,drone,saudavel,saudavel,0.8604,agrosmart-v1,simulado,sim-2026-07
babef7a4-f61e-5dba-b2e5-2fbd4cd67204,TI-03_20260710_0031.jpg,2026-07-10 10:16:08,TI-03,drone,saudavel,saudavel,0.8901,agrosmart-v1,simulado,sim-2026-07
32470d99-7d81-5060-9807-1b4ebcca7162,TI-03_20260710_0032.jpg,2026-07-10 10:16:43,TI-03,drone,saudavel,saudavel,0.9664,agrosmart-v1,simulado,sim-2026-07
ad8d19fd-4cf6-53ba-8b49-57bb31a6ed1b,TI-03_20260710_0033.jpg,2026-07-10 10:17:02,TI-03,drone,saudavel,saudavel,0.8783,agrosmart-v1,simulado,sim-2026-07
cc4e6e23-eb0a-582d-8340-2f10ab0909bf,TI-03_20260710_0034.jpg,2026-07-10 10:17:57,TI-03,drone,saudavel,saudavel,0.9659,agrosmart-v1,simulado,sim-2026-07
b09e2b35-f282-5c79-8638-b67e94a1bd6d,TI-03_20260710_0035.jpg,2026-07-10 10:18:26,TI-03,drone,saudavel,saudavel,0.8629,agrosmart-v1,simulado,sim-2026-07
ae7901fe-0a48-5585-bfb6-0c13561a75c8,SC-04_20260713_0001.jpg,2026-07-13 07:18:44,SC-04,smartphone,saudavel,saudavel,0.8826,agrosmart-v1,simulado,sim-2026-07
9be1b7fb-10d2-5efe-9544-e3936f6cce68,SC-04_20260713_0002.jpg,2026-07-13 07:19:29,SC-04,smartphone,saudavel,saudavel,0.9105,agrosmart-v1,simulado,sim-2026-07
9faafe96-bab3-5295-8c93-97138aa35f5f,SC-04_20260713_0003.jpg,2026-07-13 07:20:00,SC-04,smartphone,saudavel,saudavel,0.9402,agrosmart-v1,simulado,sim-2026-07
f209eaf7-4827-595c-94c8-5bd3bc3cf3e7,SC-04_20260713_0004.jpg,2026-07-13 07:21:05,SC-04,smartphone,saudavel,saudavel,0.9243,agrosmart-v1,simulado,sim-2026-07
3d03f9cb-4c27-5a7d-8569-f4e26059258f,SC-04_20260713_0005.jpg,2026-07-13 07:21:44,SC-04,smartphone,saudavel,saudavel,0.9628,agrosmart-v1,simulado,sim-2026-07
6b9c6a8e-5986-5bcb-954b-f9cea7e6152b,SC-04_20260713_0006.jpg,2026-07-13 07:22:21,SC-04,smartphone,saudavel,saudavel,0.9718,agrosmart-v1,simulado,sim-2026-07
8cd17737-58c9-500e-acce-8e255c3832df,SC-04_20260713_0007.jpg,2026-07-13 07:22:57,SC-04,smartphone,saudavel,saudavel,0.8327,agrosmart-v1,simulado,sim-2026-07
1ca8fe65-e2b6-5bac-8c34-3345ffbca81f,SC-04_20260713_0008.jpg,2026-07-13 07:23:46,SC-04,smartphone,saudavel,saudavel,0.9940,agrosmart-v1,simulado,sim-2026-07
06000c41-db3f-5daa-9d02-c870bc249e40,BV-02_20260713_0001.jpg,2026-07-13 07:23:47,BV-02,smartphone,saudavel,saudavel,0.9984,agrosmart-v1,simulado,sim-2026-07
8c334621-1c51-56d6-a63f-788cd50058dd,SC-04_20260713_0009.jpg,2026-07-13 07:24:01,SC-04,smartphone,saudavel,saudavel,0.8365,agrosmart-v1,simulado,sim-2026-07
f3701148-b18f-55ae-8214-5098c089ae72,BV-02_20260713_0002.jpg,2026-07-13 07:24:39,BV-02,smartphone,saudavel,saudavel,0.9288,agrosmart-v1,simulado,sim-2026-07
d8a1daa8-3313-523c-998c-5d925f0c408e,BV-02_20260713_0003.jpg,2026-07-13 07:25:01,BV-02,smartphone,saudavel,saudavel,0.9862,agrosmart-v1,simulado,sim-2026-07
ca79049f-7d93-5bac-a75e-8d7c1e210581,SC-04_20260713_0010.jpg,2026-07-13 07:25:02,SC-04,smartphone,saudavel,saudavel,0.9114,agrosmart-v1,simulado,sim-2026-07
acbe5315-f113-5699-8b56-59116b3821c6,SC-04_20260713_0011.jpg,2026-07-13 07:25:28,SC-04,smartphone,saudavel,saudavel,0.6289,agrosmart-v1,simulado,sim-2026-07
3c181041-5c4e-5be2-b3ed-c4fe0bd3ae74,BV-02_20260713_0004.jpg,2026-07-13 07:26:04,BV-02,smartphone,saudavel,saudavel,1.0000,agrosmart-v1,simulado,sim-2026-07
78c68c17-9f2d-5e4a-958d-077d75d1062d,SC-04_20260713_0012.jpg,2026-07-13 07:26:27,SC-04,smartphone,saudavel,saudavel,0.8268,agrosmart-v1,simulado,sim-2026-07
a37c2dbb-0432-5568-b16a-a319fe0c4c55,BV-02_20260713_0005.jpg,2026-07-13 07:26:46,BV-02,smartphone,saudavel,saudavel,0.8860,agrosmart-v1,simulado,sim-2026-07
09f7c6b9-9130-55cc-b60b-b33f638017d2,SC-04_20260713_0013.jpg,2026-07-13 07:26:50,SC-04,smartphone,saudavel,saudavel,0.9982,agrosmart-v1,simulado,sim-2026-07
8883c5c1-37b9-524d-ab24-219adbd72ae1,BV-02_20260713_0006.jpg,2026-07-13 07:27:03,BV-02,smartphone,saudavel,saudavel,0.9388,agrosmart-v1,simulado,sim-2026-07
bf14f04e-90dc-57d8-a7f6-3c7e61088fd5,SC-04_20260713_0014.jpg,2026-07-13 07:27:43,SC-04,smartphone,saudavel,saudavel,0.9950,agrosmart-v1,simulado,sim-2026-07
34e1cf73-c2e8-5e80-ac56-32e7082c56e7,BV-02_20260713_0007.jpg,2026-07-13 07:27:48,BV-02,smartphone,saudavel,saudavel,0.7080,agrosmart-v1,simulado,sim-2026-07
0abfb790-a1f1-5979-964b-4de75b87b6d6,SC-04_20260713_0015.jpg,2026-07-13 07:28:08,SC-04,smartphone,saudavel,saudavel,0.9302,agrosmart-v1,simulado,sim-2026-07
a60514e3-57bf-528f-8e23-c7785e6882b9,SC-04_20260713_0016.jpg,2026-07-13 07:28:40,SC-04,smartphone,doente,vaquinha,0.8764,agrosmart-v1,simulado,sim-2026-07
4be3f88a-5614-52b0-b913-5fbd76332c8e,BV-02_20260713_0008.jpg,2026-07-13 07:28:44,BV-02,smartphone,saudavel,saudavel,0.9128,agrosmart-v1,simulado,sim-2026-07
6640a277-8371-5ed5-b95d-0f21b205ac06,BV-02_20260713_0009.jpg,2026-07-13 07:29:03,BV-02,smartphone,doente,vaquinha,0.9412,agrosmart-v1,simulado,sim-2026-07
ebc9697e-202c-5033-941d-63c607317348,SC-04_20260713_0017.jpg,2026-07-13 07:29:37,SC-04,smartphone,saudavel,saudavel,0.9653,agrosmart-v1,simulado,sim-2026-07
79b487b7-2cd2-5f50-9e9f-25d813200ed4,BV-02_20260713_0010.jpg,2026-07-13 07:29:46,BV-02,smartphone,saudavel,saudavel,0.9956,agrosmart-v1,simulado,sim-2026-07
f0197a58-d18a-5641-9e72-d8d433981ce0,SC-04_20260713_0018.jpg,2026-07-13 07:30:28,SC-04,smartphone,saudavel,saudavel,0.9998,agrosmart-v1,simulado,sim-2026-07
005dcd59-a39b-5f95-9889-89e6e831112a,BV-02_20260713_0011.jpg,2026-07-13 07:30:43,BV-02,smartphone,saudavel,saudavel,0.8768,agrosmart-v1,simulado,sim-2026-07
0c255205-7816-5770-9934-a71ab9a9ea4a,SC-04_20260713_0019.jpg,2026-07-13 07:30:53,SC-04,smartphone,saudavel,saudavel,0.8917,agrosmart-v1,simulado,sim-2026-07
f27fa9b0-9b35-5277-9d99-57071ced251a,BV-02_20260713_0012.jpg,2026-07-13 07:31:09,BV-02,smartphone,saudavel,saudavel,0.9212,agrosmart-v1,simulado,sim-2026-07
c16623df-cb10-5bc1-8148-bae90820bcf2,BV-02_20260713_0013.jpg,2026-07-13 07:31:44,BV-02,smartphone,saudavel,saudavel,0.9052,agrosmart-v1,simulado,sim-2026-07
c0fd22b7-b712-5d52-a4e7-ebd7101eb660,SC-04_20260713_0020.jpg,2026-07-13 07:31:46,SC-04,smartphone,saudavel,saudavel,0.9391,agrosmart-v1,simulado,sim-2026-07
25cf4f96-059c-5161-b942-e8d8cde8082c,SC-04_20260713_0021.jpg,2026-07-13 07:32:18,SC-04,smartphone,saudavel,saudavel,0.9823,agrosmart-v1,simulado,sim-2026-07
6c5fc365-0294-525e-8eae-2611586e753f,BV-02_20260713_0014.jpg,2026-07-13 07:32:31,BV-02,smartphone,saudavel,saudavel,0.8606,agrosmart-v1,simulado,sim-2026-07
ab0adae2-8a4f-571e-ae8a-d6fa57ae9e13,SC-04_20260713_0022.jpg,2026-07-13 07:32:48,SC-04,smartphone,saudavel,saudavel,0.9768,agrosmart-v1,simulado,sim-2026-07
7e79e881-71a4-5ada-bf42-5b9c038be296,BV-02_20260713_0015.jpg,2026-07-13 07:33:21,BV-02,smartphone,saudavel,saudavel,0.9148,agrosmart-v1,simulado,sim-2026-07
6f555555-878e-5dfc-9ed8-134632c447d6,SC-04_20260713_0023.jpg,2026-07-13 07:33:29,SC-04,smartphone,saudavel,saudavel,0.9999,agrosmart-v1,simulado,sim-2026-07
c0e370a6-fe4c-519c-9601-48633eee499b,BV-02_20260713_0016.jpg,2026-07-13 07:33:45,BV-02,smartphone,saudavel,saudavel,1.0000,agrosmart-v1,simulado,sim-2026-07
76fe0163-e84f-524c-a4b4-baa0a5eb4b43,SC-04_20260713_0024.jpg,2026-07-13 07:34:13,SC-04,smartphone,saudavel,saudavel,0.9541,agrosmart-v1,simulado,sim-2026-07
b0d1682d-ba86-5a54-8f03-6475250677b9,BV-02_20260713_0017.jpg,2026-07-13 07:34:37,BV-02,smartphone,saudavel,saudavel,0.8721,agrosmart-v1,simulado,sim-2026-07
7adf03b7-b3fe-5346-8561-a79cdda79cab,SC-04_20260713_0025.jpg,2026-07-13 07:34:46,SC-04,smartphone,saudavel,saudavel,0.8267,agrosmart-v1,simulado,sim-2026-07
8006cb21-d0dc-5dfd-8d17-9c490714d0ac,BV-02_20260713_0018.jpg,2026-07-13 07:35:02,BV-02,smartphone,saudavel,saudavel,0.9919,agrosmart-v1,simulado,sim-2026-07
881f38d8-901c-55b9-81a1-518f80662a33,BV-02_20260713_0019.jpg,2026-07-13 07:35:43,BV-02,smartphone,saudavel,saudavel,0.9119,agrosmart-v1,simulado,sim-2026-07
e58f2931-d1d2-5235-8a63-0a3e713a76cb,SC-04_20260713_0026.jpg,2026-07-13 07:35:44,SC-04,smartphone,saudavel,saudavel,0.9544,agrosmart-v1,simulado,sim-2026-07
2f2dfba5-7ea7-51e8-961e-d844aecf923b,SC-04_20260713_0027.jpg,2026-07-13 07:36:01,SC-04,smartphone,saudavel,saudavel,0.9712,agrosmart-v1,simulado,sim-2026-07
1cf6b1d0-f8c6-5456-9438-853a2815dfa9,BV-02_20260713_0020.jpg,2026-07-13 07:36:42,BV-02,smartphone,saudavel,saudavel,0.9446,agrosmart-v1,simulado,sim-2026-07
cad541db-73be-54fd-a57b-c6773dea3c08,BV-02_20260713_0021.jpg,2026-07-13 07:37:30,BV-02,smartphone,saudavel,saudavel,0.9370,agrosmart-v1,simulado,sim-2026-07
61493922-d8ce-59a7-9e79-caa7e39efb6c,BV-02_20260713_0022.jpg,2026-07-13 07:37:58,BV-02,smartphone,saudavel,saudavel,0.8586,agrosmart-v1,simulado,sim-2026-07
265f0b74-29b1-5b0a-b69c-80591cb3041e,BV-02_20260713_0023.jpg,2026-07-13 07:38:39,BV-02,smartphone,saudavel,saudavel,0.9421,agrosmart-v1,simulado,sim-2026-07
bc2349a9-5989-558a-a2a3-fe12486b8788,BV-02_20260713_0024.jpg,2026-07-13 07:39:13,BV-02,smartphone,saudavel,saudavel,0.8740,agrosmart-v1,simulado,sim-2026-07
7a8a804b-47cb-5e4f-92a3-7149fea4e940,BV-02_20260713_0025.jpg,2026-07-13 07:39:50,BV-02,smartphone,saudavel,saudavel,0.9917,agrosmart-v1,simulado,sim-2026-07
2cc27fa0-ebde-5cb6-8d8e-508502c6144b,BV-02_20260713_0026.jpg,2026-07-13 07:40:44,BV-02,smartphone,saudavel,saudavel,0.9931,agrosmart-v1,simulado,sim-2026-07
9f5328a8-b629-5eae-8f8d-2e47a4af3d60,BV-02_20260713_0027.jpg,2026-07-13 07:41:24,BV-02,smartphone,saudavel,saudavel,0.8452,agrosmart-v1,simulado,sim-2026-07
bdcef819-ca4b-52a9-9373-a74d1b83b6fc,BV-02_20260713_0028.jpg,2026-07-13 07:41:43,BV-02,smartphone,saudavel,saudavel,0.9971,agrosmart-v1,simulado,sim-2026-07
fdc7f357-d543-574b-90d2-61faa8c354d6,BV-02_20260713_0029.jpg,2026-07-13 07:42:43,BV-02,smartphone,saudavel,saudavel,0.8377,agrosmart-v1,simulado,sim-2026-07
e8c5328e-22b3-5110-bcfd-b60854ebba8b,BV-02_20260713_0030.jpg,2026-07-13 07:43:15,BV-02,smartphone,saudavel,saudavel,0.9240,agrosmart-v1,simulado,sim-2026-07
d84b1e13-598d-5f42-ba3c-d5e3fb779dfe,BV-02_20260713_0031.jpg,2026-07-13 07:44:06,BV-02,smartphone,saudavel,saudavel,0.9517,agrosmart-v1,simulado,sim-2026-07
047dceac-89d2-59a2-ac07-ec7b8cc4bfe3,BV-02_20260713_0032.jpg,2026-07-13 07:44:27,BV-02,smartphone,saudavel,saudavel,0.9896,agrosmart-v1,simulado,sim-2026-07
2108e17e-d077-53db-b1ac-97fdd0070dfe,BV-02_20260713_0033.jpg,2026-07-13 07:45:27,BV-02,smartphone,saudavel,saudavel,0.8592,agrosmart-v1,simulado,sim-2026-07
1f194062-f6f7-51c0-8678-bbf53c55a4b3,BV-02_20260713_0034.jpg,2026-07-13 07:45:57,BV-02,smartphone,saudavel,saudavel,0.9504,agrosmart-v1,simulado,sim-2026-07
1f9ad5b6-2405-5c00-8dc0-db998bb2d470,BV-02_20260713_0035.jpg,2026-07-13 07:46:28,BV-02,smartphone,saudavel,saudavel,0.9967,agrosmart-v1,simulado,sim-2026-07
7f46a6d3-c0ce-5fae-9781-bb4c80f25eb3,TI-04_20260713_0001.jpg,2026-07-13 08:13:05,TI-04,drone,saudavel,saudavel,0.9992,agrosmart-v1,simulado,sim-2026-07
2481316c-af5b-5535-b2e4-50eb754b5298,TI-04_20260713_0002.jpg,2026-07-13 08:13:40,TI-04,drone,saudavel,saudavel,0.9495,agrosmart-v1,simulado,sim-2026-07
d43acfd6-476b-5637-9491-04f47dbcda67,TI-04_20260713_0003.jpg,2026-07-13 08:14:13,TI-04,drone,saudavel,saudavel,0.9509,agrosmart-v1,simulado,sim-2026-07
997514f2-03f5-52f0-ab9b-f878716e8d33,TI-04_20260713_0004.jpg,2026-07-13 08:14:56,TI-04,drone,saudavel,saudavel,0.9745,agrosmart-v1,simulado,sim-2026-07
1df00709-3051-5785-a6f9-c8c8a11bee11,TI-04_20260713_0005.jpg,2026-07-13 08:15:48,TI-04,drone,saudavel,saudavel,0.9331,agrosmart-v1,simulado,sim-2026-07
060feb68-e347-50cb-9866-35f33d703c10,TI-04_20260713_0006.jpg,2026-07-13 08:16:04,TI-04,drone,saudavel,saudavel,0.8747,agrosmart-v1,simulado,sim-2026-07
eaa807b6-b539-5ae4-ba7b-69ee1370134f,TI-04_20260713_0007.jpg,2026-07-13 08:16:49,TI-04,drone,saudavel,saudavel,0.9320,agrosmart-v1,simulado,sim-2026-07
7ce2ad13-aea3-5c74-8245-88ee9ffb57f0,TI-04_20260713_0008.jpg,2026-07-13 08:17:37,TI-04,drone,saudavel,saudavel,0.8327,agrosmart-v1,simulado,sim-2026-07
624e70d3-b9bd-5459-a274-0dfae4d24e18,TI-04_20260713_0009.jpg,2026-07-13 08:18:02,TI-04,drone,saudavel,saudavel,0.9978,agrosmart-v1,simulado,sim-2026-07
52488a40-fa96-5ad8-85fe-95bcd1fa4b89,TI-04_20260713_0010.jpg,2026-07-13 08:18:46,TI-04,drone,saudavel,saudavel,0.8371,agrosmart-v1,simulado,sim-2026-07
f99fa926-4330-5bcf-b62a-12e9e3d68983,TI-04_20260713_0011.jpg,2026-07-13 08:19:48,TI-04,drone,saudavel,saudavel,0.9779,agrosmart-v1,simulado,sim-2026-07
14f2f5d2-0df6-57ac-908f-2ab4346e1271,TI-04_20260713_0012.jpg,2026-07-13 08:20:12,TI-04,drone,saudavel,saudavel,0.9378,agrosmart-v1,simulado,sim-2026-07
e23bfa39-7502-55fb-b749-14703b262140,TI-04_20260713_0013.jpg,2026-07-13 08:20:58,TI-04,drone,saudavel,saudavel,0.9463,agrosmart-v1,simulado,sim-2026-07
2510a1ef-4760-5901-ad3b-a556669ed235,TI-04_20260713_0014.jpg,2026-07-13 08:21:38,TI-04,drone,saudavel,saudavel,0.9978,agrosmart-v1,simulado,sim-2026-07
d1559a67-ca7c-53ef-9910-2b65184ae563,TI-04_20260713_0015.jpg,2026-07-13 08:22:02,TI-04,drone,saudavel,saudavel,0.9984,agrosmart-v1,simulado,sim-2026-07
658b3981-56d7-5de6-8a20-24b81dedf09d,TI-04_20260713_0016.jpg,2026-07-13 08:22:57,TI-04,drone,saudavel,saudavel,0.9666,agrosmart-v1,simulado,sim-2026-07
21c397fb-e36d-5572-a994-64b5c41ebefe,TI-04_20260713_0017.jpg,2026-07-13 08:23:37,TI-04,drone,saudavel,saudavel,0.9844,agrosmart-v1,simulado,sim-2026-07
c893211a-1e16-5d0f-b879-be0b3a96f0a1,SC-03_20260713_0001.jpg,2026-07-13 08:23:49,SC-03,smartphone,saudavel,saudavel,0.9698,agrosmart-v1,simulado,sim-2026-07
da4e62f1-a675-5e07-85c2-575771191a35,TI-04_20260713_0018.jpg,2026-07-13 08:24:15,TI-04,drone,saudavel,saudavel,0.9990,agrosmart-v1,simulado,sim-2026-07
fb89f0a6-67cd-5683-ae0a-eca811b92982,SC-03_20260713_0002.jpg,2026-07-13 08:24:46,SC-03,smartphone,saudavel,saudavel,0.9371,agrosmart-v1,simulado,sim-2026-07
552a9032-463e-5313-9bf5-d4be8bc4c289,TI-04_20260713_0019.jpg,2026-07-13 08:24:51,TI-04,drone,saudavel,saudavel,0.8732,agrosmart-v1,simulado,sim-2026-07
5ee46897-824c-5303-a796-290f6047056c,SC-03_20260713_0003.jpg,2026-07-13 08:25:04,SC-03,smartphone,saudavel,saudavel,0.9761,agrosmart-v1,simulado,sim-2026-07
4d5d524f-d9a9-5158-b1c0-dff17443a4f8,SC-03_20260713_0004.jpg,2026-07-13 08:25:41,SC-03,smartphone,saudavel,saudavel,0.9794,agrosmart-v1,simulado,sim-2026-07
8cd7aaec-3de7-5d7e-8e16-7f5075ed7852,TI-04_20260713_0020.jpg,2026-07-13 08:25:45,TI-04,drone,saudavel,saudavel,0.8709,agrosmart-v1,simulado,sim-2026-07
c8592c6a-be51-576d-860f-03063c4d7293,TI-04_20260713_0021.jpg,2026-07-13 08:26:06,TI-04,drone,saudavel,saudavel,0.8346,agrosmart-v1,simulado,sim-2026-07
9715620a-2a97-596f-97de-0a88a10604ce,SC-03_20260713_0005.jpg,2026-07-13 08:26:26,SC-03,smartphone,saudavel,saudavel,0.9880,agrosmart-v1,simulado,sim-2026-07
189e279f-1bba-5b52-813a-ac045ff50ab3,TI-04_20260713_0022.jpg,2026-07-13 08:26:54,TI-04,drone,saudavel,saudavel,0.9439,agrosmart-v1,simulado,sim-2026-07
035c49a0-aba1-51b9-8a2f-28de32e8917a,SC-03_20260713_0006.jpg,2026-07-13 08:27:07,SC-03,smartphone,saudavel,saudavel,0.9673,agrosmart-v1,simulado,sim-2026-07
34e02cbf-c52c-5db9-bacd-f435d34da676,TI-04_20260713_0023.jpg,2026-07-13 08:27:32,TI-04,drone,saudavel,saudavel,0.9234,agrosmart-v1,simulado,sim-2026-07
ab9b7843-5470-521f-b308-c6bcde82d9c4,SC-03_20260713_0007.jpg,2026-07-13 08:28:09,SC-03,smartphone,saudavel,saudavel,0.9848,agrosmart-v1,simulado,sim-2026-07
7d20ae11-f5c5-5a87-90ea-f54d74fc6a16,SC-03_20260713_0008.jpg,2026-07-13 08:28:22,SC-03,smartphone,saudavel,saudavel,0.9945,agrosmart-v1,simulado,sim-2026-07
51c10ed4-2a23-5525-b2c0-e14e7e024c06,TI-04_20260713_0024.jpg,2026-07-13 08:28:26,TI-04,drone,saudavel,saudavel,0.8206,agrosmart-v1,simulado,sim-2026-07
ea768bcd-09e3-523e-8ca3-a91a4863e229,SC-03_20260713_0009.jpg,2026-07-13 08:29:19,SC-03,smartphone,saudavel,saudavel,0.8510,agrosmart-v1,simulado,sim-2026-07
f6adbf46-6939-56ab-9e36-6f2bbd450908,SC-03_20260713_0010.jpg,2026-07-13 08:30:10,SC-03,smartphone,saudavel,saudavel,0.9561,agrosmart-v1,simulado,sim-2026-07
9ac0b2c2-f81e-5cf6-ab18-d292809e1180,SC-03_20260713_0011.jpg,2026-07-13 08:30:47,SC-03,smartphone,doente,pinta_preta,0.9815,agrosmart-v1,simulado,sim-2026-07
469667ba-63cd-569f-ac0b-b41ee75d0cde,SC-03_20260713_0012.jpg,2026-07-13 08:31:03,SC-03,smartphone,saudavel,saudavel,0.8310,agrosmart-v1,simulado,sim-2026-07
79ccd00a-ae62-5b24-b22b-8395bf820c64,SC-03_20260713_0013.jpg,2026-07-13 08:32:00,SC-03,smartphone,saudavel,saudavel,0.8909,agrosmart-v1,simulado,sim-2026-07
7dab5551-cd6d-5a93-af8d-95862daf0caa,SC-03_20260713_0014.jpg,2026-07-13 08:32:30,SC-03,smartphone,saudavel,saudavel,0.9777,agrosmart-v1,simulado,sim-2026-07
8c03c791-7fc6-5242-873e-c40dc4a1a4a9,SC-03_20260713_0015.jpg,2026-07-13 08:33:12,SC-03,smartphone,doente,requeima,0.9361,agrosmart-v1,simulado,sim-2026-07
7a7eeff2-0b69-53ca-8e61-0bc0d436ede1,SC-03_20260713_0016.jpg,2026-07-13 08:33:40,SC-03,smartphone,saudavel,saudavel,0.9508,agrosmart-v1,simulado,sim-2026-07
e5ce9b68-4ef1-532b-89d2-1aa433be51bb,SC-03_20260713_0017.jpg,2026-07-13 08:34:32,SC-03,smartphone,saudavel,saudavel,0.9955,agrosmart-v1,simulado,sim-2026-07
2270ff4b-4fc9-5800-be4e-d801b6f607d1,SC-03_20260713_0018.jpg,2026-07-13 08:35:16,SC-03,smartphone,saudavel,saudavel,0.9398,agrosmart-v1,simulado,sim-2026-07
2c2869c0-e4b9-561e-ac5d-8671ad5d2c66,SC-03_20260713_0019.jpg,2026-07-13 08:36:10,SC-03,smartphone,saudavel,saudavel,0.8867,agrosmart-v1,simulado,sim-2026-07
2fedb821-f31e-5225-9241-329b3412bb81,SC-03_20260713_0020.jpg,2026-07-13 08:36:40,SC-03,smartphone,saudavel,saudavel,0.9039,agrosmart-v1,simulado,sim-2026-07
6d52dfa1-3f10-53aa-b267-ea4f4aacac01,TI-01_20260713_0001.jpg,2026-07-13 08:36:44,TI-01,drone,saudavel,saudavel,0.9958,agrosmart-v1,simulado,sim-2026-07
eb3b1d62-6e9e-5110-b73e-e62c0089a5d6,SC-03_20260713_0021.jpg,2026-07-13 08:37:28,SC-03,smartphone,saudavel,saudavel,0.9398,agrosmart-v1,simulado,sim-2026-07
e81cd420-5855-55cf-bc8f-acb902c628c6,SC-03_20260713_0022.jpg,2026-07-13 08:37:40,SC-03,smartphone,doente,requeima,0.9172,agrosmart-v1,simulado,sim-2026-07
0b3ad709-ffd3-530c-bdaa-882bc9fc2c2e,TI-01_20260713_0002.jpg,2026-07-13 08:37:46,TI-01,drone,saudavel,saudavel,0.9702,agrosmart-v1,simulado,sim-2026-07
178d7539-c9ae-5b5d-9146-b6951ca71682,TI-01_20260713_0003.jpg,2026-07-13 08:38:19,TI-01,drone,saudavel,saudavel,0.9130,agrosmart-v1,simulado,sim-2026-07
95a9cfbf-ad1d-57e8-b6b3-941993fb2c01,SC-03_20260713_0023.jpg,2026-07-13 08:38:48,SC-03,smartphone,saudavel,saudavel,0.9942,agrosmart-v1,simulado,sim-2026-07
601d9632-21ae-575f-a619-e1f28f92ad1c,TI-01_20260713_0004.jpg,2026-07-13 08:38:55,TI-01,drone,saudavel,saudavel,0.9629,agrosmart-v1,simulado,sim-2026-07
d7c9b665-23c7-5f8c-833b-f6b70e044732,TI-01_20260713_0005.jpg,2026-07-13 08:39:27,TI-01,drone,saudavel,saudavel,0.9550,agrosmart-v1,simulado,sim-2026-07
3c83d751-e504-54e3-bae9-2fccf799e1ea,SC-03_20260713_0024.jpg,2026-07-13 08:39:30,SC-03,smartphone,saudavel,saudavel,0.9931,agrosmart-v1,simulado,sim-2026-07
7fd45b03-ea26-5c11-a64c-c2a465b6f51b,SC-03_20260713_0025.jpg,2026-07-13 08:40:01,SC-03,smartphone,saudavel,saudavel,0.8215,agrosmart-v1,simulado,sim-2026-07
2f21c849-857d-5281-8d65-b1c904f33d8f,TI-01_20260713_0006.jpg,2026-07-13 08:40:19,TI-01,drone,saudavel,saudavel,0.8583,agrosmart-v1,simulado,sim-2026-07
25480e38-3f75-5c91-9695-facb04f2e7f1,SC-03_20260713_0026.jpg,2026-07-13 08:40:28,SC-03,smartphone,saudavel,saudavel,0.8946,agrosmart-v1,simulado,sim-2026-07
e7273d64-78e8-5b10-b33e-1e4f053fe9f5,TI-01_20260713_0007.jpg,2026-07-13 08:40:55,TI-01,drone,saudavel,saudavel,0.8833,agrosmart-v1,simulado,sim-2026-07
1213762e-a0a7-5547-8b7d-99530dccf02b,SC-03_20260713_0027.jpg,2026-07-13 08:41:25,SC-03,smartphone,saudavel,saudavel,0.9902,agrosmart-v1,simulado,sim-2026-07
6b863908-186d-5d6d-a5d0-49c1e4756eaf,TI-01_20260713_0008.jpg,2026-07-13 08:41:43,TI-01,drone,saudavel,saudavel,0.9971,agrosmart-v1,simulado,sim-2026-07
c7c5edf6-6f7f-50d2-885c-541ff4787211,TI-01_20260713_0009.jpg,2026-07-13 08:42:12,TI-01,drone,saudavel,saudavel,0.9147,agrosmart-v1,simulado,sim-2026-07
fbaac0cf-c5d4-57d4-a4c5-a9dc51da7f1f,TI-01_20260713_0010.jpg,2026-07-13 08:42:49,TI-01,drone,saudavel,saudavel,0.9824,agrosmart-v1,simulado,sim-2026-07
c0bf31a3-79d5-5875-8ecf-890145fc06b4,TI-01_20260713_0011.jpg,2026-07-13 08:43:23,TI-01,drone,saudavel,saudavel,0.9998,agrosmart-v1,simulado,sim-2026-07
3f99f899-7709-5082-a620-6ecd8fe76645,TI-01_20260713_0012.jpg,2026-07-13 08:44:09,TI-01,drone,saudavel,saudavel,0.9767,agrosmart-v1,simulado,sim-2026-07
8df76ee5-6bab-563a-83c6-2a3911d675dd,TI-01_20260713_0013.jpg,2026-07-13 08:44:51,TI-01,drone,saudavel,saudavel,0.9591,agrosmart-v1,simulado,sim-2026-07
ef667d27-3a14-590e-ac84-57694e795a9c,TI-01_20260713_0014.jpg,2026-07-13 08:45:37,TI-01,drone,saudavel,saudavel,0.8791,agrosmart-v1,simulado,sim-2026-07
d4ebaa4d-df7c-5847-a280-1935f053dd97,TI-01_20260713_0015.jpg,2026-07-13 08:46:04,TI-01,drone,saudavel,saudavel,0.8824,agrosmart-v1,simulado,sim-2026-07
85ef5684-1a42-54cb-855c-63c2ff877462,TI-01_20260713_0016.jpg,2026-07-13 08:47:07,TI-01,drone,saudavel,saudavel,0.9560,agrosmart-v1,simulado,sim-2026-07
97323256-49fb-53e6-9e48-46a30a4c5071,TI-01_20260713_0017.jpg,2026-07-13 08:47:21,TI-01,drone,saudavel,saudavel,0.9509,agrosmart-v1,simulado,sim-2026-07
09530745-272b-5e22-a684-e75c0fea16ef,TI-01_20260713_0018.jpg,2026-07-13 08:48:12,TI-01,drone,saudavel,saudavel,0.9588,agrosmart-v1,simulado,sim-2026-07
17febc1b-3b93-5eb8-a187-86c5274c62a3,BV-01_20260713_0001.jpg,2026-07-13 08:48:43,BV-01,smartphone,saudavel,saudavel,0.8307,agrosmart-v1,simulado,sim-2026-07
a239f844-4c6f-5102-932f-d93abef01bdb,TI-01_20260713_0019.jpg,2026-07-13 08:49:04,TI-01,drone,saudavel,saudavel,0.9960,agrosmart-v1,simulado,sim-2026-07
4640782b-8277-5538-afbc-65750e4f9732,TI-01_20260713_0020.jpg,2026-07-13 08:49:24,TI-01,drone,saudavel,saudavel,0.9994,agrosmart-v1,simulado,sim-2026-07
9cb56185-9aea-57be-b54c-2348f8fae6ec,BV-01_20260713_0002.jpg,2026-07-13 08:49:28,BV-01,smartphone,saudavel,saudavel,0.9994,agrosmart-v1,simulado,sim-2026-07
e6415181-eec2-5c76-84ae-fc51a418e509,BV-01_20260713_0003.jpg,2026-07-13 08:50:22,BV-01,smartphone,saudavel,saudavel,0.9820,agrosmart-v1,simulado,sim-2026-07
48938803-1e7b-5e51-b63b-eff2e863abe6,TI-01_20260713_0021.jpg,2026-07-13 08:50:25,TI-01,drone,saudavel,saudavel,0.8782,agrosmart-v1,simulado,sim-2026-07
41fedd86-55fa-5ed0-90ca-8330a0070354,TI-01_20260713_0022.jpg,2026-07-13 08:50:45,TI-01,drone,saudavel,saudavel,0.9962,agrosmart-v1,simulado,sim-2026-07
8b161dcf-77aa-5608-a8dc-7c1ab346c68e,BV-01_20260713_0004.jpg,2026-07-13 08:51:01,BV-01,smartphone,saudavel,saudavel,0.9861,agrosmart-v1,simulado,sim-2026-07
5e8cdc51-35fb-5a63-b437-5142770922f8,BV-01_20260713_0005.jpg,2026-07-13 08:51:24,BV-01,smartphone,saudavel,saudavel,0.9078,agrosmart-v1,simulado,sim-2026-07
70c14ad3-1ce5-5f1e-9488-7c5968f1801f,TI-01_20260713_0023.jpg,2026-07-13 08:51:24,TI-01,drone,saudavel,saudavel,0.9998,agrosmart-v1,simulado,sim-2026-07
1202ba43-d3fb-5346-b899-a5344d9e7e9e,BV-01_20260713_0006.jpg,2026-07-13 08:52:00,BV-01,smartphone,saudavel,saudavel,0.8525,agrosmart-v1,simulado,sim-2026-07
3dbc2acb-34a3-5b8a-8cdf-eab20dcf6ee9,TI-01_20260713_0024.jpg,2026-07-13 08:52:11,TI-01,drone,saudavel,saudavel,0.9722,agrosmart-v1,simulado,sim-2026-07
2c7bc5a4-6de6-5ea6-925b-1f2a2302097b,TI-01_20260713_0025.jpg,2026-07-13 08:53:02,TI-01,drone,saudavel,saudavel,0.8907,agrosmart-v1,simulado,sim-2026-07
669f7f89-d4eb-5224-af53-e399ea0988e9,BV-01_20260713_0007.jpg,2026-07-13 08:53:03,BV-01,smartphone,doente,mosca_minadora,0.8407,agrosmart-v1,simulado,sim-2026-07
309132f0-e8d5-5256-8074-1de39e8f0392,TI-01_20260713_0026.jpg,2026-07-13 08:53:21,TI-01,drone,saudavel,saudavel,0.9321,agrosmart-v1,simulado,sim-2026-07
59f89ad4-3a27-5141-bbb2-eb24cd50d499,BV-01_20260713_0008.jpg,2026-07-13 08:53:45,BV-01,smartphone,saudavel,saudavel,0.9885,agrosmart-v1,simulado,sim-2026-07
606138b6-fc9e-587a-a134-2efc235275dd,TI-01_20260713_0027.jpg,2026-07-13 08:54:02,TI-01,drone,saudavel,saudavel,0.9960,agrosmart-v1,simulado,sim-2026-07
ad877a80-6f38-5b19-9ec1-2f8519037c71,BV-01_20260713_0009.jpg,2026-07-13 08:54:20,BV-01,smartphone,saudavel,saudavel,0.9763,agrosmart-v1,simulado,sim-2026-07
59c70d72-7562-5618-a81b-be774d36c414,BV-01_20260713_0010.jpg,2026-07-13 08:54:43,BV-01,smartphone,saudavel,saudavel,0.9899,agrosmart-v1,simulado,sim-2026-07
90a868f2-369d-58b9-ae4d-41846cd56a26,TI-01_20260713_0028.jpg,2026-07-13 08:54:46,TI-01,drone,saudavel,saudavel,0.9244,agrosmart-v1,simulado,sim-2026-07
7671e17a-963e-5d4c-9664-20146b6daa0a,BV-01_20260713_0011.jpg,2026-07-13 08:55:20,BV-01,smartphone,saudavel,saudavel,0.9722,agrosmart-v1,simulado,sim-2026-07
35fa6e5b-e77a-523c-a796-13a71cd5311d,TI-01_20260713_0029.jpg,2026-07-13 08:55:43,TI-01,drone,saudavel,saudavel,0.9109,agrosmart-v1,simulado,sim-2026-07
8b2ae572-42e0-5f9c-a83c-e5cd7a7eb9c1,BV-01_20260713_0012.jpg,2026-07-13 08:56:08,BV-01,smartphone,saudavel,saudavel,0.8422,agrosmart-v1,simulado,sim-2026-07
a07c6ef9-d305-53ca-8515-dfba0b1bd9ad,TI-01_20260713_0030.jpg,2026-07-13 08:56:10,TI-01,drone,saudavel,saudavel,0.9110,agrosmart-v1,simulado,sim-2026-07
cfba0c10-e27a-5442-8f80-b3707e76ae0c,BV-01_20260713_0013.jpg,2026-07-13 08:56:49,BV-01,smartphone,saudavel,saudavel,0.8573,agrosmart-v1,simulado,sim-2026-07
883c2493-1a35-5964-8abb-a215bdafe0bf,TI-01_20260713_0031.jpg,2026-07-13 08:56:56,TI-01,drone,saudavel,saudavel,0.9930,agrosmart-v1,simulado,sim-2026-07
d9feeada-46ca-5848-9bb4-eb112037a114,BV-01_20260713_0014.jpg,2026-07-13 08:57:40,BV-01,smartphone,saudavel,saudavel,0.8812,agrosmart-v1,simulado,sim-2026-07
912834ba-797e-5c13-a93d-02df0c56ad8d,TI-01_20260713_0032.jpg,2026-07-13 08:57:49,TI-01,drone,saudavel,saudavel,0.9213,agrosmart-v1,simulado,sim-2026-07
4caeb414-44d1-5e0c-9fd8-c64925f59597,TI-01_20260713_0033.jpg,2026-07-13 08:58:09,TI-01,drone,saudavel,saudavel,0.9585,agrosmart-v1,simulado,sim-2026-07
9dfe6884-d715-5878-9fb6-23aa3cc05355,BV-01_20260713_0015.jpg,2026-07-13 08:58:25,BV-01,smartphone,saudavel,saudavel,0.8649,agrosmart-v1,simulado,sim-2026-07
6032f1aa-69f7-5a90-9e26-a7c50ea2a99e,TI-01_20260713_0034.jpg,2026-07-13 08:58:48,TI-01,drone,saudavel,saudavel,0.9902,agrosmart-v1,simulado,sim-2026-07
81ab6817-f27b-5536-a226-1937c8b136c8,BV-01_20260713_0016.jpg,2026-07-13 08:59:10,BV-01,smartphone,saudavel,saudavel,0.9022,agrosmart-v1,simulado,sim-2026-07
cde446d6-3656-5619-a570-c34ea893a5e3,BV-01_20260713_0017.jpg,2026-07-13 08:59:30,BV-01,smartphone,saudavel,saudavel,0.8616,agrosmart-v1,simulado,sim-2026-07
b6e0b6bb-6b45-556e-927f-af74a0749bc2,TI-01_20260713_0035.jpg,2026-07-13 08:59:43,TI-01,drone,saudavel,saudavel,0.9302,agrosmart-v1,simulado,sim-2026-07
1346e307-ae8c-51c3-bf27-c7e416187408,TI-01_20260713_0036.jpg,2026-07-13 09:00:23,TI-01,drone,saudavel,saudavel,0.9977,agrosmart-v1,simulado,sim-2026-07
d66ab66f-ccf0-5ead-9fc7-c8f4c389dfcc,BV-01_20260713_0018.jpg,2026-07-13 09:00:26,BV-01,smartphone,saudavel,saudavel,0.9877,agrosmart-v1,simulado,sim-2026-07
80ebd746-d204-593c-bf55-9e6755416f91,TI-01_20260713_0037.jpg,2026-07-13 09:00:45,TI-01,drone,saudavel,saudavel,1.0000,agrosmart-v1,simulado,sim-2026-07
baa83f42-be47-5a68-a3c8-594b5a7b3d8d,BV-01_20260713_0019.jpg,2026-07-13 09:00:53,BV-01,smartphone,saudavel,saudavel,0.8809,agrosmart-v1,simulado,sim-2026-07
092d0e88-32e2-5eba-b588-7397feef5f75,TI-01_20260713_0038.jpg,2026-07-13 09:01:26,TI-01,drone,saudavel,saudavel,0.9656,agrosmart-v1,simulado,sim-2026-07
bc70ffa6-b72c-57c9-b3c2-3ef0f3c51e2c,BV-01_20260713_0020.jpg,2026-07-13 09:01:34,BV-01,smartphone,saudavel,saudavel,0.8955,agrosmart-v1,simulado,sim-2026-07
68c8b367-dd6a-5dba-899d-51ccd6281f23,BV-01_20260713_0021.jpg,2026-07-13 09:02:05,BV-01,smartphone,saudavel,saudavel,0.8874,agrosmart-v1,simulado,sim-2026-07
c9e12fb6-8102-578c-9490-ddb234b254c0,TI-01_20260713_0039.jpg,2026-07-13 09:02:27,TI-01,drone,saudavel,saudavel,0.8853,agrosmart-v1,simulado,sim-2026-07
1abe922a-0c92-5cd8-87c2-11fb43422779,TI-01_20260713_0040.jpg,2026-07-13 09:02:42,TI-01,drone,saudavel,saudavel,0.9978,agrosmart-v1,simulado,sim-2026-07
25693753-acf6-5d7e-9cc1-73c29382abe4,BV-01_20260713_0022.jpg,2026-07-13 09:02:52,BV-01,smartphone,saudavel,saudavel,0.9832,agrosmart-v1,simulado,sim-2026-07
8d8b10ae-d796-5cbb-bdd0-65cef63bffef,BV-01_20260713_0023.jpg,2026-07-13 09:03:23,BV-01,smartphone,saudavel,saudavel,0.9520,agrosmart-v1,simulado,sim-2026-07
d8772e4e-9160-5a42-99ee-0319eb2d24a5,TI-01_20260713_0041.jpg,2026-07-13 09:03:31,TI-01,drone,saudavel,saudavel,0.9641,agrosmart-v1,simulado,sim-2026-07
94b9d79b-eece-5cc4-8af3-87834879633b,SC-01_20260713_0001.jpg,2026-07-13 09:04:09,SC-01,smartphone,saudavel,saudavel,0.9116,agrosmart-v1,simulado,sim-2026-07
87270091-63e7-526d-a239-4a2958dfe513,TI-01_20260713_0042.jpg,2026-07-13 09:04:21,TI-01,drone,saudavel,saudavel,0.8351,agrosmart-v1,simulado,sim-2026-07
421e0850-3952-59cd-ad20-752e9df4c4e7,BV-01_20260713_0024.jpg,2026-07-13 09:04:26,BV-01,smartphone,saudavel,saudavel,0.9970,agrosmart-v1,simulado,sim-2026-07
01907b71-c9c7-57ba-806c-51944b090082,SC-01_20260713_0002.jpg,2026-07-13 09:04:38,SC-01,smartphone,saudavel,saudavel,0.9963,agrosmart-v1,simulado,sim-2026-07
ef2c8d5a-a50c-57b5-8ec8-45f127652932,TI-01_20260713_0043.jpg,2026-07-13 09:04:42,TI-01,drone,saudavel,saudavel,0.9993,agrosmart-v1,simulado,sim-2026-07
eebdb624-adeb-5a65-af83-2615c69b1a63,BV-01_20260713_0025.jpg,2026-07-13 09:04:53,BV-01,smartphone,saudavel,saudavel,0.9816,agrosmart-v1,simulado,sim-2026-07
d8cc2c67-902e-57be-bf6c-bd4ad0947394,SC-01_20260713_0003.jpg,2026-07-13 09:05:18,SC-01,smartphone,saudavel,saudavel,0.9667,agrosmart-v1,simulado,sim-2026-07
65a339a7-3801-5cfa-9c02-bb9a46bf8379,TI-01_20260713_0044.jpg,2026-07-13 09:05:32,TI-01,drone,saudavel,saudavel,0.8462,agrosmart-v1,simulado,sim-2026-07
795723be-a4e2-508d-af25-d918ebe43f97,BV-01_20260713_0026.jpg,2026-07-13 09:05:43,BV-01,smartphone,saudavel,saudavel,0.9946,agrosmart-v1,simulado,sim-2026-07
168e2377-6b3d-5dbc-b47b-c68b1d068797,SC-01_20260713_0004.jpg,2026-07-13 09:05:54,SC-01,smartphone,saudavel,saudavel,0.9811,agrosmart-v1,simulado,sim-2026-07
f0386017-7b90-5032-9225-fc46ec5b1a40,TI-01_20260713_0045.jpg,2026-07-13 09:06:04,TI-01,drone,saudavel,saudavel,0.9835,agrosmart-v1,simulado,sim-2026-07
52bf7250-6bbf-5f71-8852-d2edc447eca3,BV-01_20260713_0027.jpg,2026-07-13 09:06:10,BV-01,smartphone,saudavel,saudavel,0.9929,agrosmart-v1,simulado,sim-2026-07
8abc170d-caf8-561e-9745-de1eb86f0067,SC-01_20260713_0005.jpg,2026-07-13 09:06:20,SC-01,smartphone,saudavel,saudavel,0.9979,agrosmart-v1,simulado,sim-2026-07
788d88f0-4cee-5019-ab49-4aeb5f9bc262,BV-01_20260713_0028.jpg,2026-07-13 09:06:45,BV-01,smartphone,saudavel,saudavel,0.9744,agrosmart-v1,simulado,sim-2026-07
ca551df2-8f5d-5018-b1c4-4a1be8ed0d06,TI-01_20260713_0046.jpg,2026-07-13 09:06:55,TI-01,drone,saudavel,saudavel,0.8317,agrosmart-v1,simulado,sim-2026-07
aa0b12cb-5de2-5977-b4f8-15312cc965a9,SC-01_20260713_0006.jpg,2026-07-13 09:07:07,SC-01,smartphone,saudavel,saudavel,0.9881,agrosmart-v1,simulado,sim-2026-07
a8a7a2fa-c935-5276-b1f8-55da1ea2d553,TI-01_20260713_0047.jpg,2026-07-13 09:07:22,TI-01,drone,saudavel,saudavel,0.9330,agrosmart-v1,simulado,sim-2026-07
0e35b334-1ce1-57cd-bd9e-7745b8029602,SC-01_20260713_0007.jpg,2026-07-13 09:07:45,SC-01,smartphone,saudavel,saudavel,0.8361,agrosmart-v1,simulado,sim-2026-07
9a325c5a-0028-521c-97b6-a189504cf0ad,TI-01_20260713_0048.jpg,2026-07-13 09:08:09,TI-01,drone,saudavel,saudavel,0.9284,agrosmart-v1,simulado,sim-2026-07
8a25b7a3-abf5-58f0-b3b4-b3b1cfaecc0d,SC-01_20260713_0008.jpg,2026-07-13 09:08:29,SC-01,smartphone,saudavel,saudavel,0.8541,agrosmart-v1,simulado,sim-2026-07
ad37e8a5-ff4e-5f43-8eab-80cc9ccb0f19,TI-01_20260713_0049.jpg,2026-07-13 09:08:41,TI-01,drone,saudavel,saudavel,0.8283,agrosmart-v1,simulado,sim-2026-07
8a7efc44-c625-5891-bb1e-8e7742e1e760,SC-01_20260713_0009.jpg,2026-07-13 09:09:12,SC-01,smartphone,saudavel,saudavel,0.9611,agrosmart-v1,simulado,sim-2026-07
f756fbc0-4407-57b6-a532-d180cfafaa45,SC-01_20260713_0010.jpg,2026-07-13 09:10:04,SC-01,smartphone,saudavel,saudavel,0.9655,agrosmart-v1,simulado,sim-2026-07
46793a0c-2992-598b-9a78-d3d561027c93,SC-01_20260713_0011.jpg,2026-07-13 09:10:48,SC-01,smartphone,saudavel,saudavel,0.8226,agrosmart-v1,simulado,sim-2026-07
d90759bf-9037-5d9a-b8e6-c933c5e5c803,SC-01_20260713_0012.jpg,2026-07-13 09:11:14,SC-01,smartphone,saudavel,saudavel,0.9667,agrosmart-v1,simulado,sim-2026-07
41d865f5-9866-517e-bc26-c69989412a54,SC-01_20260713_0013.jpg,2026-07-13 09:11:50,SC-01,smartphone,saudavel,saudavel,0.7558,agrosmart-v1,simulado,sim-2026-07
1c0d3679-6f54-55ab-8f4f-2c51a0f50f0c,SC-01_20260713_0014.jpg,2026-07-13 09:12:25,SC-01,smartphone,saudavel,saudavel,0.9622,agrosmart-v1,simulado,sim-2026-07
6d97400a-0974-50eb-a434-fad6b8941d59,SC-01_20260713_0015.jpg,2026-07-13 09:13:19,SC-01,smartphone,saudavel,saudavel,0.9149,agrosmart-v1,simulado,sim-2026-07
3779075a-0fcb-5fb0-af47-b520015bc149,SC-01_20260713_0016.jpg,2026-07-13 09:13:57,SC-01,smartphone,saudavel,saudavel,0.9573,agrosmart-v1,simulado,sim-2026-07
ef6afa42-6ff8-581c-84be-a7829609edd4,SC-01_20260713_0017.jpg,2026-07-13 09:14:34,SC-01,smartphone,saudavel,saudavel,0.8433,agrosmart-v1,simulado,sim-2026-07
0e491079-9500-59af-bce8-429a0dd4b3ca,SC-01_20260713_0018.jpg,2026-07-13 09:15:28,SC-01,smartphone,saudavel,saudavel,0.9963,agrosmart-v1,simulado,sim-2026-07
7b4823de-201c-56a7-960a-0efdb413b1b2,SC-01_20260713_0019.jpg,2026-07-13 09:15:47,SC-01,smartphone,saudavel,saudavel,0.9717,agrosmart-v1,simulado,sim-2026-07
31cfad82-73c4-576a-b39d-2e04e3f56829,SC-01_20260713_0020.jpg,2026-07-13 09:16:27,SC-01,smartphone,saudavel,saudavel,0.9817,agrosmart-v1,simulado,sim-2026-07
92e42630-7899-54c8-a4fe-c37ee7b9d68f,SC-01_20260713_0021.jpg,2026-07-13 09:17:13,SC-01,smartphone,saudavel,saudavel,0.9581,agrosmart-v1,simulado,sim-2026-07
670333e8-de25-501d-b3eb-d6728f6c12ab,SC-01_20260713_0022.jpg,2026-07-13 09:17:41,SC-01,smartphone,saudavel,saudavel,0.9735,agrosmart-v1,simulado,sim-2026-07
629ef59d-f2d8-5f07-87aa-57d101f67f72,SC-01_20260713_0023.jpg,2026-07-13 09:18:48,SC-01,smartphone,saudavel,saudavel,0.8267,agrosmart-v1,simulado,sim-2026-07
f345316c-008b-5225-9e29-db4c31149f07,SC-01_20260713_0024.jpg,2026-07-13 09:19:06,SC-01,smartphone,doente,mosca_minadora,0.9999,agrosmart-v1,simulado,sim-2026-07
b79ab68c-287a-5e6c-8437-b91c260a9c8e,SC-01_20260713_0025.jpg,2026-07-13 09:19:43,SC-01,smartphone,saudavel,saudavel,0.8861,agrosmart-v1,simulado,sim-2026-07
44a11106-c3ed-5d59-a08f-6ff345ac3e53,SC-02_20260713_0001.jpg,2026-07-13 09:19:55,SC-02,smartphone,doente,requeima,0.6421,agrosmart-v1,simulado,sim-2026-07
1044b0cc-54a1-5100-a7c5-4f92eac97513,SC-02_20260713_0002.jpg,2026-07-13 09:20:22,SC-02,smartphone,saudavel,saudavel,0.9756,agrosmart-v1,simulado,sim-2026-07
b4aed04c-38a5-573c-b6de-7dee43e7f65d,SC-01_20260713_0026.jpg,2026-07-13 09:20:41,SC-01,smartphone,saudavel,saudavel,0.9722,agrosmart-v1,simulado,sim-2026-07
fa4173de-30fa-577f-b3bc-cba4148cc9e3,SC-01_20260713_0027.jpg,2026-07-13 09:21:08,SC-01,smartphone,saudavel,saudavel,0.6884,agrosmart-v1,simulado,sim-2026-07
72d1f449-df38-5f39-9a69-620dec8940c7,SC-02_20260713_0003.jpg,2026-07-13 09:21:17,SC-02,smartphone,saudavel,saudavel,0.9257,agrosmart-v1,simulado,sim-2026-07
4938a89d-a863-5e15-bae0-019728fce788,SC-01_20260713_0028.jpg,2026-07-13 09:21:47,SC-01,smartphone,saudavel,saudavel,0.9967,agrosmart-v1,simulado,sim-2026-07
4639e548-1f92-5b3a-95a4-ec22a437f678,SC-02_20260713_0004.jpg,2026-07-13 09:21:51,SC-02,smartphone,saudavel,saudavel,0.9993,agrosmart-v1,simulado,sim-2026-07
1c584434-c47a-5e1b-a638-5874941daadb,SC-02_20260713_0005.jpg,2026-07-13 09:22:34,SC-02,smartphone,saudavel,saudavel,0.9989,agrosmart-v1,simulado,sim-2026-07
7b31d625-33e4-59f6-b57a-a2804136b396,SC-01_20260713_0029.jpg,2026-07-13 09:22:41,SC-01,smartphone,saudavel,saudavel,0.8808,agrosmart-v1,simulado,sim-2026-07
198923d8-894a-5b93-9d79-9d05e604243b,SC-02_20260713_0006.jpg,2026-07-13 09:23:00,SC-02,smartphone,saudavel,saudavel,0.9781,agrosmart-v1,simulado,sim-2026-07
66c6ab0e-5a5a-5e5f-bc40-5877239c5b8d,SC-01_20260713_0030.jpg,2026-07-13 09:23:14,SC-01,smartphone,saudavel,saudavel,0.8306,agrosmart-v1,simulado,sim-2026-07
e450367f-192e-5c00-b8ed-f87ceffca08f,SC-01_20260713_0031.jpg,2026-07-13 09:23:40,SC-01,smartphone,saudavel,saudavel,0.9025,agrosmart-v1,simulado,sim-2026-07
a3b391a6-0ebf-561e-83df-05854b183217,SC-02_20260713_0007.jpg,2026-07-13 09:24:09,SC-02,smartphone,saudavel,saudavel,0.9816,agrosmart-v1,simulado,sim-2026-07
53f345e2-7a5a-5315-a4d4-c52f7c5b972a,SC-01_20260713_0032.jpg,2026-07-13 09:24:25,SC-01,smartphone,saudavel,saudavel,0.9235,agrosmart-v1,simulado,sim-2026-07
95b426ea-163f-50c5-a1c6-107f14a58d6c,SC-02_20260713_0008.jpg,2026-07-13 09:24:37,SC-02,smartphone,saudavel,saudavel,0.9092,agrosmart-v1,simulado,sim-2026-07
ca3ef3d2-e5bd-52ab-9c2c-150425e515bc,SC-02_20260713_0009.jpg,2026-07-13 09:25:02,SC-02,smartphone,saudavel,saudavel,0.9998,agrosmart-v1,simulado,sim-2026-07
43f39c27-aa52-5f83-b32c-60bfd45a2238,SC-01_20260713_0033.jpg,2026-07-13 09:25:13,SC-01,smartphone,saudavel,saudavel,0.9861,agrosmart-v1,simulado,sim-2026-07
c1e203a7-f432-5e87-bf73-9d752cbeab1e,SC-02_20260713_0010.jpg,2026-07-13 09:25:48,SC-02,smartphone,doente,requeima,0.9770,agrosmart-v1,simulado,sim-2026-07
5706c6e2-bb17-533d-85fa-a69aa71f65e6,SC-01_20260713_0034.jpg,2026-07-13 09:26:02,SC-01,smartphone,saudavel,saudavel,0.8319,agrosmart-v1,simulado,sim-2026-07
e1ba33d1-7174-55c9-a9b6-1f2a9caf260b,SC-02_20260713_0011.jpg,2026-07-13 09:26:23,SC-02,smartphone,saudavel,saudavel,0.8930,agrosmart-v1,simulado,sim-2026-07
6751ccbe-5538-5dff-8597-f65ee74c2da6,SC-01_20260713_0035.jpg,2026-07-13 09:26:49,SC-01,smartphone,saudavel,saudavel,0.9455,agrosmart-v1,simulado,sim-2026-07
8bc04809-c6bf-5eaa-849b-478dd3b400ac,TI-03_20260713_0001.jpg,2026-07-13 09:26:56,TI-03,drone,saudavel,saudavel,1.0000,agrosmart-v1,simulado,sim-2026-07
b718209e-780b-580c-b641-7be65674946c,SC-01_20260713_0036.jpg,2026-07-13 09:27:17,SC-01,smartphone,doente,requeima,0.9897,agrosmart-v1,simulado,sim-2026-07
7b65fe8f-1267-586d-aefe-dedb5f9e2b84,SC-02_20260713_0012.jpg,2026-07-13 09:27:21,SC-02,smartphone,saudavel,saudavel,0.9887,agrosmart-v1,simulado,sim-2026-07
39eef0cb-9fe1-5399-bb27-c5a695a2695c,TI-03_20260713_0002.jpg,2026-07-13 09:27:23,TI-03,drone,saudavel,saudavel,0.9298,agrosmart-v1,simulado,sim-2026-07
26df446b-d371-5a0d-89a7-ce7b4d5cd72b,SC-02_20260713_0013.jpg,2026-07-13 09:27:40,SC-02,smartphone,saudavel,saudavel,0.9389,agrosmart-v1,simulado,sim-2026-07
cee9b122-5716-520e-ac7c-9dddf3c39032,SC-01_20260713_0037.jpg,2026-07-13 09:27:41,SC-01,smartphone,saudavel,saudavel,0.9630,agrosmart-v1,simulado,sim-2026-07
0c264e65-d964-5628-94db-ad2de800a401,TI-03_20260713_0003.jpg,2026-07-13 09:28:13,TI-03,drone,saudavel,saudavel,0.9649,agrosmart-v1,simulado,sim-2026-07
2d19e602-73b7-530d-8d50-62a0e4467da3,SC-02_20260713_0014.jpg,2026-07-13 09:28:25,SC-02,smartphone,saudavel,saudavel,0.8593,agrosmart-v1,simulado,sim-2026-07
6a3e9b31-2231-549e-b822-139234e5f749,SC-01_20260713_0038.jpg,2026-07-13 09:28:27,SC-01,smartphone,saudavel,saudavel,0.8829,agrosmart-v1,simulado,sim-2026-07
70e9a753-55f7-56e3-b470-dfdd1b6c9526,TI-03_20260713_0004.jpg,2026-07-13 09:28:47,TI-03,drone,saudavel,saudavel,0.9772,agrosmart-v1,simulado,sim-2026-07
3fed2cb4-3de7-540a-b1a7-fc4013fb1fb6,SC-02_20260713_0015.jpg,2026-07-13 09:29:12,SC-02,smartphone,saudavel,saudavel,0.8724,agrosmart-v1,simulado,sim-2026-07
6fa8580b-1041-584f-a903-6857449598e1,TI-03_20260713_0005.jpg,2026-07-13 09:29:30,TI-03,drone,saudavel,saudavel,0.9390,agrosmart-v1,simulado,sim-2026-07
6615709b-1493-5c4d-af60-c14e2d87ed42,SC-02_20260713_0016.jpg,2026-07-13 09:29:48,SC-02,smartphone,saudavel,saudavel,0.8420,agrosmart-v1,simulado,sim-2026-07
9a2c70a7-95d3-5866-8878-2ffb71245a8d,TI-03_20260713_0006.jpg,2026-07-13 09:30:18,TI-03,drone,saudavel,saudavel,0.9856,agrosmart-v1,simulado,sim-2026-07
2a00f217-68a1-5267-95bd-03b8a8cd0b00,SC-02_20260713_0017.jpg,2026-07-13 09:30:42,SC-02,smartphone,saudavel,saudavel,0.8906,agrosmart-v1,simulado,sim-2026-07
659c9253-01df-5573-a76f-edb9c97263db,TI-03_20260713_0007.jpg,2026-07-13 09:30:55,TI-03,drone,saudavel,saudavel,0.8272,agrosmart-v1,simulado,sim-2026-07
f7e9dba7-1c87-5a74-861c-14907fff089e,SC-02_20260713_0018.jpg,2026-07-13 09:31:17,SC-02,smartphone,saudavel,saudavel,0.9993,agrosmart-v1,simulado,sim-2026-07
2d62b19a-313e-5cf3-8583-1fca0b67b34b,TI-03_20260713_0008.jpg,2026-07-13 09:31:28,TI-03,drone,saudavel,saudavel,0.8837,agrosmart-v1,simulado,sim-2026-07
43261a40-710e-5d28-843c-296855244176,SC-02_20260713_0019.jpg,2026-07-13 09:31:59,SC-02,smartphone,saudavel,saudavel,0.9970,agrosmart-v1,simulado,sim-2026-07
9f483f05-a309-500b-b143-cce0f5bd07eb,BV-04_20260713_0001.jpg,2026-07-13 09:32:06,BV-04,smartphone,saudavel,saudavel,0.9992,agrosmart-v1,simulado,sim-2026-07
e90ee44a-592b-53e2-965d-0c5248079fa9,TI-03_20260713_0009.jpg,2026-07-13 09:32:20,TI-03,drone,saudavel,saudavel,0.9961,agrosmart-v1,simulado,sim-2026-07
f1aee79c-7cb3-56ee-8f2d-b29deb25b669,SC-02_20260713_0020.jpg,2026-07-13 09:32:38,SC-02,smartphone,saudavel,saudavel,0.9557,agrosmart-v1,simulado,sim-2026-07
80be43eb-9db0-5d46-a345-0f4567b8e010,BV-04_20260713_0002.jpg,2026-07-13 09:32:46,BV-04,smartphone,saudavel,saudavel,0.8538,agrosmart-v1,simulado,sim-2026-07
741f10f1-2a04-5923-880e-cb2f6d8ad759,TI-03_20260713_0010.jpg,2026-07-13 09:32:57,TI-03,drone,saudavel,saudavel,0.9836,agrosmart-v1,simulado,sim-2026-07
124ae4c9-b2e7-5b77-9c4e-431c64060e82,SC-02_20260713_0021.jpg,2026-07-13 09:33:03,SC-02,smartphone,saudavel,saudavel,0.8696,agrosmart-v1,simulado,sim-2026-07
60a2d63e-5ee2-50cb-a7f1-458fdc66a35b,BV-04_20260713_0003.jpg,2026-07-13 09:33:28,BV-04,smartphone,saudavel,saudavel,0.8351,agrosmart-v1,simulado,sim-2026-07
6e629408-ecd1-595c-a3cb-bd08f2fe73bc,SC-02_20260713_0022.jpg,2026-07-13 09:33:47,SC-02,smartphone,saudavel,saudavel,0.8987,agrosmart-v1,simulado,sim-2026-07
bfdff4fd-93c2-58c2-8966-e1a03537aae1,TI-03_20260713_0011.jpg,2026-07-13 09:33:47,TI-03,drone,saudavel,saudavel,0.9495,agrosmart-v1,simulado,sim-2026-07
b2a2cf2d-fb3d-535b-acf3-ceac8f56707f,BV-04_20260713_0004.jpg,2026-07-13 09:34:02,BV-04,smartphone,saudavel,saudavel,0.9214,agrosmart-v1,simulado,sim-2026-07
00725549-25d6-53ab-aff0-ec1fa70fcccc,TI-03_20260713_0012.jpg,2026-07-13 09:34:16,TI-03,drone,saudavel,saudavel,0.9578,agrosmart-v1,simulado,sim-2026-07
437eda69-0300-573c-ba19-16facec9f244,SC-02_20260713_0023.jpg,2026-07-13 09:34:32,SC-02,smartphone,doente,requeima,0.8450,agrosmart-v1,simulado,sim-2026-07
564597a1-e48c-5bdf-aeaf-cbdab91c11c6,TI-03_20260713_0013.jpg,2026-07-13 09:34:47,TI-03,drone,saudavel,saudavel,0.8984,agrosmart-v1,simulado,sim-2026-07
1cff1ec2-11ee-5e19-a84d-ce224af5b3e7,BV-04_20260713_0005.jpg,2026-07-13 09:34:48,BV-04,smartphone,saudavel,saudavel,0.9809,agrosmart-v1,simulado,sim-2026-07
59f3cee4-16c1-5e59-b751-9bc82d6f7052,BV-04_20260713_0006.jpg,2026-07-13 09:35:18,BV-04,smartphone,saudavel,saudavel,0.9814,agrosmart-v1,simulado,sim-2026-07
c5d943e6-f1df-5386-8da4-596d679455fa,SC-02_20260713_0024.jpg,2026-07-13 09:35:21,SC-02,smartphone,saudavel,saudavel,0.9989,agrosmart-v1,simulado,sim-2026-07
4a6a339a-edff-5432-b3de-5b7b0f09af46,TI-03_20260713_0014.jpg,2026-07-13 09:35:29,TI-03,drone,saudavel,saudavel,0.9132,agrosmart-v1,simulado,sim-2026-07
9e9a5d28-8bd3-572f-a329-d58e40eaa61e,BV-04_20260713_0007.jpg,2026-07-13 09:35:59,BV-04,smartphone,saudavel,saudavel,0.9986,agrosmart-v1,simulado,sim-2026-07
b7769e3f-4cff-5c54-812b-44fd0ce836a3,SC-02_20260713_0025.jpg,2026-07-13 09:36:06,SC-02,smartphone,saudavel,saudavel,0.8214,agrosmart-v1,simulado,sim-2026-07
3db71eca-6cd6-5212-a831-4b92e28e284b,TI-03_20260713_0015.jpg,2026-07-13 09:36:20,TI-03,drone,saudavel,saudavel,0.9269,agrosmart-v1,simulado,sim-2026-07
d5993694-490f-5296-91a0-dbdcce46972a,SC-02_20260713_0026.jpg,2026-07-13 09:36:36,SC-02,smartphone,saudavel,saudavel,0.9111,agrosmart-v1,simulado,sim-2026-07
148551a4-6209-5c0e-96f0-64d998bddab9,BV-04_20260713_0008.jpg,2026-07-13 09:36:45,BV-04,smartphone,saudavel,saudavel,0.9368,agrosmart-v1,simulado,sim-2026-07
98a0b48b-398f-5eac-a421-d8d6137cfbe6,BV-04_20260713_0009.jpg,2026-07-13 09:37:00,BV-04,smartphone,saudavel,saudavel,0.8964,agrosmart-v1,simulado,sim-2026-07
bb6246d4-2a33-5100-8b75-77e6d1acc3fa,SC-02_20260713_0027.jpg,2026-07-13 09:37:00,SC-02,smartphone,saudavel,saudavel,0.9951,agrosmart-v1,simulado,sim-2026-07
ebb9f8ed-f957-544e-a59d-805efcc76d2a,TI-03_20260713_0016.jpg,2026-07-13 09:37:04,TI-03,drone,saudavel,saudavel,0.9741,agrosmart-v1,simulado,sim-2026-07
f45d91e9-441b-5371-9c7f-309812e308bb,BV-04_20260713_0010.jpg,2026-07-13 09:37:44,BV-04,smartphone,saudavel,saudavel,0.9887,agrosmart-v1,simulado,sim-2026-07
87c7622c-bde8-5c6c-9bf0-734e1dd7d827,TI-03_20260713_0017.jpg,2026-07-13 09:37:45,TI-03,drone,saudavel,saudavel,0.9247,agrosmart-v1,simulado,sim-2026-07
44298d1d-c143-5615-a180-f90c8eee9a2f,SC-02_20260713_0028.jpg,2026-07-13 09:38:02,SC-02,smartphone,saudavel,saudavel,0.6333,agrosmart-v1,simulado,sim-2026-07
b9b0ff4c-e2d8-51a4-bf4c-dd3c6258ce44,TI-03_20260713_0018.jpg,2026-07-13 09:38:07,TI-03,drone,saudavel,saudavel,0.9222,agrosmart-v1,simulado,sim-2026-07
969e8d15-02f5-56ca-8464-171cf22cb5de,SC-02_20260713_0029.jpg,2026-07-13 09:38:32,SC-02,smartphone,saudavel,saudavel,0.9755,agrosmart-v1,simulado,sim-2026-07
351ad187-255f-5a49-8822-78984f7477b5,BV-04_20260713_0011.jpg,2026-07-13 09:38:41,BV-04,smartphone,saudavel,saudavel,0.8210,agrosmart-v1,simulado,sim-2026-07
e7f02424-3232-55c7-bec7-c57dd3430421,TI-03_20260713_0019.jpg,2026-07-13 09:38:59,TI-03,drone,saudavel,saudavel,0.9688,agrosmart-v1,simulado,sim-2026-07
15b1fcff-a7ef-5dc9-9ae3-396cd664e998,BV-03_20260713_0001.jpg,2026-07-13 09:39:03,BV-03,smartphone,saudavel,saudavel,0.9867,agrosmart-v1,simulado,sim-2026-07
43e02075-de1c-535a-9172-08fb2ab9d298,BV-04_20260713_0012.jpg,2026-07-13 09:39:18,BV-04,smartphone,doente,requeima,0.8703,agrosmart-v1,simulado,sim-2026-07
d7dd4372-a018-5539-98d6-3d2e0966bee6,SC-02_20260713_0030.jpg,2026-07-13 09:39:20,SC-02,smartphone,saudavel,saudavel,0.9891,agrosmart-v1,simulado,sim-2026-07
6ddd3552-92f9-5e3f-b311-95cb3cdfddaa,TI-03_20260713_0020.jpg,2026-07-13 09:39:24,TI-03,drone,saudavel,saudavel,0.9941,agrosmart-v1,simulado,sim-2026-07
397632a7-acdb-59c2-b2ba-ffdd9cac2c16,BV-03_20260713_0002.jpg,2026-07-13 09:39:35,BV-03,smartphone,saudavel,saudavel,0.8208,agrosmart-v1,simulado,sim-2026-07
efaf2f99-c208-56be-9111-2f7cb3669ee9,BV-04_20260713_0013.jpg,2026-07-13 09:39:58,BV-04,smartphone,saudavel,saudavel,0.8380,agrosmart-v1,simulado,sim-2026-07
b925604e-fe92-5dd4-929b-576ac625114c,SC-02_20260713_0031.jpg,2026-07-13 09:40:03,SC-02,smartphone,saudavel,saudavel,0.8256,agrosmart-v1,simulado,sim-2026-07
c1d2cb12-010c-57fc-8616-d150bf1a15d9,BV-03_20260713_0003.jpg,2026-07-13 09:40:13,BV-03,smartphone,saudavel,saudavel,0.9808,agrosmart-v1,simulado,sim-2026-07
799eea86-47b5-5c6d-8c20-dba590a99346,BV-04_20260713_0014.jpg,2026-07-13 09:40:23,BV-04,smartphone,saudavel,saudavel,0.9218,agrosmart-v1,simulado,sim-2026-07
f350a5ce-0a58-5bc8-bd79-31dac5f03a67,TI-03_20260713_0021.jpg,2026-07-13 09:40:30,TI-03,drone,saudavel,saudavel,0.9908,agrosmart-v1,simulado,sim-2026-07
437add03-c3d8-57e9-a567-d8b2b9248354,SC-02_20260713_0032.jpg,2026-07-13 09:40:36,SC-02,smartphone,saudavel,saudavel,0.9845,agrosmart-v1,simulado,sim-2026-07
0bb37574-379d-57d4-a373-478c7b479e97,BV-03_20260713_0004.jpg,2026-07-13 09:40:52,BV-03,smartphone,saudavel,saudavel,0.9762,agrosmart-v1,simulado,sim-2026-07
60aa5bd3-61db-50da-9ed0-edb466dc71c7,BV-04_20260713_0015.jpg,2026-07-13 09:41:05,BV-04,smartphone,saudavel,saudavel,0.9924,agrosmart-v1,simulado,sim-2026-07
c4c149e8-3915-5035-999c-08dd42f46e5d,TI-03_20260713_0022.jpg,2026-07-13 09:41:07,TI-03,drone,saudavel,saudavel,0.9979,agrosmart-v1,simulado,sim-2026-07
a3536c06-6208-5d6e-80f8-22d9c7ec85d0,SC-02_20260713_0033.jpg,2026-07-13 09:41:12,SC-02,smartphone,saudavel,saudavel,0.9945,agrosmart-v1,simulado,sim-2026-07
bbb9abe8-1583-59f8-9c16-c45a5a476caf,BV-03_20260713_0005.jpg,2026-07-13 09:41:24,BV-03,smartphone,saudavel,saudavel,0.9990,agrosmart-v1,simulado,sim-2026-07
037add85-01c1-5b6e-9a8d-83377dbf27eb,TI-03_20260713_0023.jpg,2026-07-13 09:41:30,TI-03,drone,saudavel,saudavel,0.9922,agrosmart-v1,simulado,sim-2026-07
264fdab7-c3e5-5a85-a884-7a615d22f189,BV-04_20260713_0016.jpg,2026-07-13 09:41:56,BV-04,smartphone,saudavel,saudavel,0.9746,agrosmart-v1,simulado,sim-2026-07
2373d749-9817-5fde-a7ef-9adfa057ffdc,BV-03_20260713_0006.jpg,2026-07-13 09:42:00,BV-03,smartphone,saudavel,saudavel,0.9575,agrosmart-v1,simulado,sim-2026-07
c257075e-5b8e-566d-bb85-ba5b926e2c6a,SC-02_20260713_0034.jpg,2026-07-13 09:42:03,SC-02,smartphone,saudavel,saudavel,0.9210,agrosmart-v1,simulado,sim-2026-07
a47f2646-d702-55b1-9991-7d1a4debe62f,TI-03_20260713_0024.jpg,2026-07-13 09:42:23,TI-03,drone,saudavel,saudavel,0.9991,agrosmart-v1,simulado,sim-2026-07
d8c5b3dc-1c23-5fe0-b0ff-2cb07167b27d,SC-02_20260713_0035.jpg,2026-07-13 09:42:30,SC-02,smartphone,saudavel,saudavel,0.9527,agrosmart-v1,simulado,sim-2026-07
cc9ec172-98fa-574a-816e-6f174828da7e,BV-04_20260713_0017.jpg,2026-07-13 09:42:36,BV-04,smartphone,doente,requeima,0.9622,agrosmart-v1,simulado,sim-2026-07
fa12f48f-48a0-5434-bdcc-f5acd1277683,BV-03_20260713_0007.jpg,2026-07-13 09:42:54,BV-03,smartphone,saudavel,saudavel,0.7648,agrosmart-v1,simulado,sim-2026-07
4ee1c55c-eb3e-5a13-89f1-3b210745cb98,TI-03_20260713_0025.jpg,2026-07-13 09:42:57,TI-03,drone,saudavel,saudavel,0.9459,agrosmart-v1,simulado,sim-2026-07
32d5d74e-cdf2-5577-9479-69874fea9b62,BV-04_20260713_0018.jpg,2026-07-13 09:43:02,BV-04,smartphone,saudavel,saudavel,0.9536,agrosmart-v1,simulado,sim-2026-07
2ae7097d-722d-5f11-897a-2bece4be102c,BV-03_20260713_0008.jpg,2026-07-13 09:43:21,BV-03,smartphone,saudavel,saudavel,0.8811,agrosmart-v1,simulado,sim-2026-07
5402c23b-3520-5f95-918f-2732b0062339,TI-03_20260713_0026.jpg,2026-07-13 09:43:21,TI-03,drone,saudavel,saudavel,0.8556,agrosmart-v1,simulado,sim-2026-07
03e33661-848d-52b7-9ca6-655405d51a67,SC-02_20260713_0036.jpg,2026-07-13 09:43:23,SC-02,smartphone,saudavel,saudavel,0.9261,agrosmart-v1,simulado,sim-2026-07
17c3c300-8282-5f87-bb52-e74a344611ab,BV-04_20260713_0019.jpg,2026-07-13 09:43:56,BV-04,smartphone,saudavel,saudavel,0.9063,agrosmart-v1,simulado,sim-2026-07
319f3745-bece-5501-8ae4-c0853a1d5108,SC-02_20260713_0037.jpg,2026-07-13 09:43:59,SC-02,smartphone,saudavel,saudavel,0.9320,agrosmart-v1,simulado,sim-2026-07
b60ec0cd-f663-5052-b439-026d4a2e50c6,BV-03_20260713_0009.jpg,2026-07-13 09:44:01,BV-03,smartphone,saudavel,saudavel,0.9897,agrosmart-v1,simulado,sim-2026-07
131c39b5-58bb-558c-b822-ba32be997acc,TI-03_20260713_0027.jpg,2026-07-13 09:44:10,TI-03,drone,saudavel,saudavel,0.9559,agrosmart-v1,simulado,sim-2026-07
c606aa8a-995c-55d0-8b56-ef2a3279ded5,TI-03_20260713_0028.jpg,2026-07-13 09:44:42,TI-03,drone,saudavel,saudavel,0.9877,agrosmart-v1,simulado,sim-2026-07
699ea567-cb4a-5a2d-ac5d-028a6f3e6d31,SC-02_20260713_0038.jpg,2026-07-13 09:44:43,SC-02,smartphone,saudavel,saudavel,0.9953,agrosmart-v1,simulado,sim-2026-07
5cc2e5ca-985a-52c3-8d25-a6170bf77c59,BV-03_20260713_0010.jpg,2026-07-13 09:44:51,BV-03,smartphone,saudavel,saudavel,0.9038,agrosmart-v1,simulado,sim-2026-07
b4c2706e-4da9-5fba-99ce-69c2984d002e,SC-02_20260713_0039.jpg,2026-07-13 09:45:13,SC-02,smartphone,saudavel,saudavel,0.9716,agrosmart-v1,simulado,sim-2026-07
91c853b8-125a-5e70-a47b-e5b95e26c45d,BV-03_20260713_0011.jpg,2026-07-13 09:45:22,BV-03,smartphone,saudavel,saudavel,0.9669,agrosmart-v1,simulado,sim-2026-07
597a9af6-51eb-510c-b1e8-e56c8fe3208a,TI-03_20260713_0029.jpg,2026-07-13 09:45:37,TI-03,drone,saudavel,saudavel,0.9133,agrosmart-v1,simulado,sim-2026-07
7b91fc82-c5a8-5ffa-ba53-9229f7bb4f3f,SC-02_20260713_0040.jpg,2026-07-13 09:45:54,SC-02,smartphone,saudavel,saudavel,0.9987,agrosmart-v1,simulado,sim-2026-07
dd39f21c-0d0f-5dee-ac9c-9d001bd7a070,TI-03_20260713_0030.jpg,2026-07-13 09:46:12,TI-03,drone,doente,mosca_minadora,0.9547,agrosmart-v1,simulado,sim-2026-07
79817700-7c9d-5a35-b1d6-029e18c76497,BV-03_20260713_0012.jpg,2026-07-13 09:46:19,BV-03,smartphone,saudavel,saudavel,0.9974,agrosmart-v1,simulado,sim-2026-07
aba0fceb-8081-550c-b1d4-42eddc949d6b,SC-02_20260713_0041.jpg,2026-07-13 09:46:35,SC-02,smartphone,saudavel,saudavel,0.9852,agrosmart-v1,simulado,sim-2026-07
878e7be2-8903-5fb4-b64f-20021af3c827,TI-03_20260713_0031.jpg,2026-07-13 09:46:40,TI-03,drone,saudavel,saudavel,0.9760,agrosmart-v1,simulado,sim-2026-07
5cec3df8-61c4-5ed3-9577-b37258d19e10,BV-03_20260713_0013.jpg,2026-07-13 09:46:58,BV-03,smartphone,saudavel,saudavel,0.9975,agrosmart-v1,simulado,sim-2026-07
920988ad-8ecf-508a-acc2-a9115e6d22c2,SC-02_20260713_0042.jpg,2026-07-13 09:47:30,SC-02,smartphone,saudavel,saudavel,0.8417,agrosmart-v1,simulado,sim-2026-07
1960ef0b-dc99-5b69-8743-f31b3969b4b1,BV-03_20260713_0014.jpg,2026-07-13 09:47:45,BV-03,smartphone,saudavel,saudavel,0.9265,agrosmart-v1,simulado,sim-2026-07
feecd81d-768d-5fa8-bcfb-581e7d2d46cb,TI-03_20260713_0032.jpg,2026-07-13 09:47:49,TI-03,drone,saudavel,saudavel,0.9823,agrosmart-v1,simulado,sim-2026-07
03774549-0d1d-54f4-b5b9-99be13318f3e,TI-03_20260713_0033.jpg,2026-07-13 09:48:01,TI-03,drone,saudavel,saudavel,0.9343,agrosmart-v1,simulado,sim-2026-07
44261691-82d8-5b21-b82b-9b592c331976,BV-03_20260713_0015.jpg,2026-07-13 09:48:04,BV-03,smartphone,saudavel,saudavel,0.5908,agrosmart-v1,simulado,sim-2026-07
f7aea683-4a86-5b71-9b83-254445d016ee,BV-03_20260713_0016.jpg,2026-07-13 09:48:46,BV-03,smartphone,saudavel,saudavel,0.9619,agrosmart-v1,simulado,sim-2026-07
c857f6d0-9175-5376-b44a-f8d9f67f21b3,TI-03_20260713_0034.jpg,2026-07-13 09:48:57,TI-03,drone,saudavel,saudavel,0.9904,agrosmart-v1,simulado,sim-2026-07
922906cf-4e27-5661-a6e4-cc4797f175d2,TI-03_20260713_0035.jpg,2026-07-13 09:49:31,TI-03,drone,saudavel,saudavel,1.0000,agrosmart-v1,simulado,sim-2026-07
995b9e90-e731-5e7d-981e-7fc988031e93,BV-03_20260713_0017.jpg,2026-07-13 09:49:34,BV-03,smartphone,saudavel,saudavel,0.9758,agrosmart-v1,simulado,sim-2026-07
93d12cd6-57ea-56c8-a38b-e4b2900256b5,BV-03_20260713_0018.jpg,2026-07-13 09:50:18,BV-03,smartphone,saudavel,saudavel,0.9937,agrosmart-v1,simulado,sim-2026-07
2dd69458-23f6-53bb-8636-7811e5fea242,TI-03_20260713_0036.jpg,2026-07-13 09:50:19,TI-03,drone,saudavel,saudavel,1.0000,agrosmart-v1,simulado,sim-2026-07
6d71a9b9-fb1c-5e8b-b960-3c1434c85455,BV-03_20260713_0019.jpg,2026-07-13 09:50:41,BV-03,smartphone,saudavel,saudavel,0.9488,agrosmart-v1,simulado,sim-2026-07
b9f9c05f-d2bb-57c3-a69f-2bf2d5eb724c,TI-03_20260713_0037.jpg,2026-07-13 09:50:52,TI-03,drone,saudavel,saudavel,0.9764,agrosmart-v1,simulado,sim-2026-07
389c7a43-9dd8-5845-9b61-84f3759674c4,BV-03_20260713_0020.jpg,2026-07-13 09:51:47,BV-03,smartphone,saudavel,saudavel,0.9781,agrosmart-v1,simulado,sim-2026-07
918b14eb-e445-5509-bbda-b32b97bcc77e,BV-03_20260713_0021.jpg,2026-07-13 09:52:15,BV-03,smartphone,saudavel,saudavel,0.9212,agrosmart-v1,simulado,sim-2026-07
2dbc96fe-2488-5d6a-b3ae-246ffcc3770e,BV-03_20260713_0022.jpg,2026-07-13 09:52:48,BV-03,smartphone,saudavel,saudavel,0.9372,agrosmart-v1,simulado,sim-2026-07
4ba5a7b8-486b-5426-864f-aaf0572cf53b,BV-03_20260713_0023.jpg,2026-07-13 09:53:30,BV-03,smartphone,saudavel,saudavel,0.9442,agrosmart-v1,simulado,sim-2026-07
a87bebe1-7fb6-52a8-a207-2e24a36c3360,TI-02_20260713_0001.jpg,2026-07-13 09:54:46,TI-02,drone,saudavel,saudavel,0.8901,agrosmart-v1,simulado,sim-2026-07
370b819b-64b9-5915-93ce-b8e2c8c5a661,TI-02_20260713_0002.jpg,2026-07-13 09:55:36,TI-02,drone,saudavel,saudavel,0.9689,agrosmart-v1,simulado,sim-2026-07
9fe48a45-383a-5e14-b32c-16b420aca3fd,TI-02_20260713_0003.jpg,2026-07-13 09:56:15,TI-02,drone,saudavel,saudavel,0.9989,agrosmart-v1,simulado,sim-2026-07
516ecc93-ee74-57c9-8fc1-746db2894543,TI-02_20260713_0004.jpg,2026-07-13 09:56:47,TI-02,drone,saudavel,saudavel,0.9830,agrosmart-v1,simulado,sim-2026-07
62fb9f82-cd25-5daa-b1bf-1e088447d6e3,TI-02_20260713_0005.jpg,2026-07-13 09:57:47,TI-02,drone,saudavel,saudavel,0.9512,agrosmart-v1,simulado,sim-2026-07
f2303760-adbe-5aaf-8699-170147b2ed9a,TI-02_20260713_0006.jpg,2026-07-13 09:58:30,TI-02,drone,saudavel,saudavel,0.9253,agrosmart-v1,simulado,sim-2026-07
f85855e7-008f-53ea-b325-ac1c8d41913a,TI-02_20260713_0007.jpg,2026-07-13 09:59:04,TI-02,drone,saudavel,saudavel,0.9538,agrosmart-v1,simulado,sim-2026-07
6aa16016-c136-5682-9828-8374bf73a160,TI-02_20260713_0008.jpg,2026-07-13 09:59:38,TI-02,drone,saudavel,saudavel,0.9757,agrosmart-v1,simulado,sim-2026-07
2068646d-8053-5211-b95e-cbe0bd19e25f,TI-02_20260713_0009.jpg,2026-07-13 10:00:27,TI-02,drone,saudavel,saudavel,0.9214,agrosmart-v1,simulado,sim-2026-07
65d892bb-35b8-5354-8825-e2954250d012,TI-02_20260713_0010.jpg,2026-07-13 10:00:44,TI-02,drone,saudavel,saudavel,0.9984,agrosmart-v1,simulado,sim-2026-07
fa884cab-452a-5481-8c9f-0d4b577ea015,TI-02_20260713_0011.jpg,2026-07-13 10:01:29,TI-02,drone,saudavel,saudavel,0.8326,agrosmart-v1,simulado,sim-2026-07
89601b0f-50fb-5616-a657-ca1645b70daa,TI-02_20260713_0012.jpg,2026-07-13 10:02:19,TI-02,drone,saudavel,saudavel,0.8941,agrosmart-v1,simulado,sim-2026-07
41b2e1a3-927e-551f-b91f-d03f3e729be7,TI-02_20260713_0013.jpg,2026-07-13 10:02:53,TI-02,drone,saudavel,saudavel,1.0000,agrosmart-v1,simulado,sim-2026-07
b6001723-5367-568c-8edf-59b7e84586bf,TI-02_20260713_0014.jpg,2026-07-13 10:03:37,TI-02,drone,saudavel,saudavel,0.8481,agrosmart-v1,simulado,sim-2026-07
1400ef55-1bf8-5cc4-a01b-844cf178de51,TI-02_20260713_0015.jpg,2026-07-13 10:04:03,TI-02,drone,saudavel,saudavel,0.9999,agrosmart-v1,simulado,sim-2026-07
62cc0185-a56e-5562-b76e-d763ba212ebf,TI-02_20260713_0016.jpg,2026-07-13 10:04:57,TI-02,drone,saudavel,saudavel,0.8603,agrosmart-v1,simulado,sim-2026-07
9887bd79-e8db-5182-896d-5a79b3929595,TI-02_20260713_0017.jpg,2026-07-13 10:05:49,TI-02,drone,saudavel,saudavel,0.9249,agrosmart-v1,simulado,sim-2026-07
241c6872-3a46-5e7c-b312-0dd7daa35386,TI-02_20260713_0018.jpg,2026-07-13 10:06:26,TI-02,drone,saudavel,saudavel,0.8325,agrosmart-v1,simulado,sim-2026-07
b0ac92fd-74fa-50d3-82e9-2a5d4cc43aab,TI-02_20260713_0019.jpg,2026-07-13 10:07:09,TI-02,drone,saudavel,saudavel,0.9672,agrosmart-v1,simulado,sim-2026-07
5e03e178-d723-553c-8aa7-3693f29266c8,TI-02_20260713_0020.jpg,2026-07-13 10:07:35,TI-02,drone,saudavel,saudavel,0.9993,agrosmart-v1,simulado,sim-2026-07
c2d59bcd-c432-5773-9857-067c5eb320f9,TI-02_20260713_0021.jpg,2026-07-13 10:08:02,TI-02,drone,saudavel,saudavel,0.9696,agrosmart-v1,simulado,sim-2026-07
9a41c5f6-efe2-5e69-8907-e7fb37a998c0,TI-02_20260713_0022.jpg,2026-07-13 10:08:42,TI-02,drone,saudavel,saudavel,0.8997,agrosmart-v1,simulado,sim-2026-07
5144a36c-6112-5ae4-a5b3-453e5b666f1e,TI-02_20260713_0023.jpg,2026-07-13 10:09:49,TI-02,drone,saudavel,saudavel,0.9789,agrosmart-v1,simulado,sim-2026-07
93621a5a-40ac-5e36-9f51-5f4a71076b96,TI-02_20260713_0024.jpg,2026-07-13 10:10:11,TI-02,drone,saudavel,saudavel,0.9528,agrosmart-v1,simulado,sim-2026-07
663f9101-981e-5ed7-9121-7114ff4f6e68,TI-02_20260713_0025.jpg,2026-07-13 10:11:02,TI-02,drone,saudavel,saudavel,0.9931,agrosmart-v1,simulado,sim-2026-07
419977fc-c8a5-55a0-9512-3b8e7b61d13a,TI-02_20260713_0026.jpg,2026-07-13 10:11:47,TI-02,drone,saudavel,saudavel,0.8515,agrosmart-v1,simulado,sim-2026-07
ab054f95-a8e7-5bc5-a639-f83bfd2edf70,TI-02_20260713_0027.jpg,2026-07-13 10:12:30,TI-02,drone,saudavel,saudavel,0.9994,agrosmart-v1,simulado,sim-2026-07
8ec56dc1-dfbf-5080-8d93-a2c7b5d21149,TI-02_20260713_0028.jpg,2026-07-13 10:13:09,TI-02,drone,saudavel,saudavel,0.8382,agrosmart-v1,simulado,sim-2026-07
f07e6ac9-eaf0-595d-8621-d4fc311ae7b3,TI-02_20260713_0029.jpg,2026-07-13 10:13:37,TI-02,drone,saudavel,saudavel,0.6504,agrosmart-v1,simulado,sim-2026-07
1cf0d867-da82-576f-bbbc-217a3c24270a,TI-02_20260713_0030.jpg,2026-07-13 10:14:28,TI-02,drone,saudavel,saudavel,0.9993,agrosmart-v1,simulado,sim-2026-07
fb897988-e398-5e5e-820f-4b392c5072f5,TI-02_20260713_0031.jpg,2026-07-13 10:14:48,TI-02,drone,saudavel,saudavel,0.8652,agrosmart-v1,simulado,sim-2026-07
418cc954-439f-5cb9-8713-c1d123cbf9b8,TI-02_20260713_0032.jpg,2026-07-13 10:15:34,TI-02,drone,saudavel,saudavel,0.9017,agrosmart-v1,simulado,sim-2026-07
7b85775e-c59d-5f53-87a2-d144f56e3a6d,TI-02_20260713_0033.jpg,2026-07-13 10:16:13,TI-02,drone,saudavel,saudavel,0.8930,agrosmart-v1,simulado,sim-2026-07
894f1885-2d70-5335-8668-21be7cce67e9,TI-02_20260713_0034.jpg,2026-07-13 10:16:54,TI-02,drone,saudavel,saudavel,0.9978,agrosmart-v1,simulado,sim-2026-07
d4ed7b82-ab50-51a7-b47d-57b112b93220,TI-02_20260713_0035.jpg,2026-07-13 10:17:42,TI-02,drone,saudavel,saudavel,0.9980,agrosmart-v1,simulado,sim-2026-07
64b6d8e8-22b0-51c8-b39d-a679ff66eaed,TI-02_20260713_0036.jpg,2026-07-13 10:18:08,TI-02,drone,saudavel,saudavel,0.9741,agrosmart-v1,simulado,sim-2026-07
94e17ecd-22d4-59ec-bf6a-2727d100caf7,BV-01_20260715_0001.jpg,2026-07-15 07:06:00,BV-01,smartphone,saudavel,saudavel,0.9906,agrosmart-v1,simulado,sim-2026-07
5f3590a1-4252-5c03-ba53-447023016053,BV-01_20260715_0002.jpg,2026-07-15 07:06:34,BV-01,smartphone,saudavel,saudavel,0.9115,agrosmart-v1,simulado,sim-2026-07
cee687c3-92d5-5968-b7a3-55a702d35a45,BV-01_20260715_0003.jpg,2026-07-15 07:07:12,BV-01,smartphone,saudavel,saudavel,0.9351,agrosmart-v1,simulado,sim-2026-07
9b9ad88d-a8f9-519a-b175-68493b520a37,BV-01_20260715_0004.jpg,2026-07-15 07:08:10,BV-01,smartphone,saudavel,saudavel,0.8385,agrosmart-v1,simulado,sim-2026-07
a96aa926-1f8f-5d41-a4ed-522fb58d22b2,BV-01_20260715_0005.jpg,2026-07-15 07:08:42,BV-01,smartphone,saudavel,saudavel,0.8923,agrosmart-v1,simulado,sim-2026-07
9467ac83-1cab-506f-8349-a3b54a2f1a6c,BV-01_20260715_0006.jpg,2026-07-15 07:09:26,BV-01,smartphone,saudavel,saudavel,0.9975,agrosmart-v1,simulado,sim-2026-07
2251f2b6-e889-51cb-8b0d-c9b0dc027b5e,BV-01_20260715_0007.jpg,2026-07-15 07:09:46,BV-01,smartphone,saudavel,saudavel,0.8809,agrosmart-v1,simulado,sim-2026-07
9011b3d9-567a-5f64-86e3-26edef2cdf73,BV-01_20260715_0008.jpg,2026-07-15 07:10:43,BV-01,smartphone,saudavel,saudavel,0.9969,agrosmart-v1,simulado,sim-2026-07
274fc839-caa8-5000-9911-0494bde1911e,BV-01_20260715_0009.jpg,2026-07-15 07:11:19,BV-01,smartphone,saudavel,saudavel,0.8778,agrosmart-v1,simulado,sim-2026-07
fb256615-e661-5df1-8b2c-94581695a0e8,BV-01_20260715_0010.jpg,2026-07-15 07:11:46,BV-01,smartphone,saudavel,saudavel,0.9700,agrosmart-v1,simulado,sim-2026-07
63efb03f-104f-5a37-ad5f-50a8f1699b98,BV-01_20260715_0011.jpg,2026-07-15 07:12:29,BV-01,smartphone,saudavel,saudavel,0.9900,agrosmart-v1,simulado,sim-2026-07
afb467fc-ef5d-550b-97f6-e49a182dcb15,BV-01_20260715_0012.jpg,2026-07-15 07:13:07,BV-01,smartphone,saudavel,saudavel,0.9157,agrosmart-v1,simulado,sim-2026-07
4c24ca2e-c79d-5237-9d5b-a037cda0ee49,BV-01_20260715_0013.jpg,2026-07-15 07:13:40,BV-01,smartphone,saudavel,saudavel,0.8633,agrosmart-v1,simulado,sim-2026-07
cc1a5850-8d42-508c-ab42-e17e11eb6242,BV-01_20260715_0014.jpg,2026-07-15 07:14:32,BV-01,smartphone,saudavel,saudavel,0.9084,agrosmart-v1,simulado,sim-2026-07
e8f63e64-e6fb-5f65-8e65-0317a4aa6264,BV-01_20260715_0015.jpg,2026-07-15 07:15:23,BV-01,smartphone,saudavel,saudavel,0.9990,agrosmart-v1,simulado,sim-2026-07
ed7c1288-4525-5ae7-aeaa-2f442a606672,BV-01_20260715_0016.jpg,2026-07-15 07:15:41,BV-01,smartphone,saudavel,saudavel,0.9901,agrosmart-v1,simulado,sim-2026-07
70187659-08c6-5045-abf6-25a859364455,BV-01_20260715_0017.jpg,2026-07-15 07:16:39,BV-01,smartphone,saudavel,saudavel,0.8316,agrosmart-v1,simulado,sim-2026-07
5c2efa16-f49d-5935-b63f-f1a4d8655417,BV-01_20260715_0018.jpg,2026-07-15 07:17:23,BV-01,smartphone,saudavel,saudavel,1.0000,agrosmart-v1,simulado,sim-2026-07
5abb2774-486c-526c-b97f-27c9e1e26b2a,BV-01_20260715_0019.jpg,2026-07-15 07:17:52,BV-01,smartphone,saudavel,saudavel,0.9720,agrosmart-v1,simulado,sim-2026-07
d37eb569-be43-5692-a4bc-1c62e21c5ed7,BV-01_20260715_0020.jpg,2026-07-15 07:18:50,BV-01,smartphone,saudavel,saudavel,0.9997,agrosmart-v1,simulado,sim-2026-07
389246c2-f29a-5d47-95a2-817dc027c40d,BV-01_20260715_0021.jpg,2026-07-15 07:19:05,BV-01,smartphone,saudavel,saudavel,0.8442,agrosmart-v1,simulado,sim-2026-07
7bb24d2a-d56f-57cb-bec0-84faeb9123ec,BV-01_20260715_0022.jpg,2026-07-15 07:19:44,BV-01,smartphone,saudavel,saudavel,0.9092,agrosmart-v1,simulado,sim-2026-07
c4b8c28f-5fcf-5c48-b2f2-f776bef39673,BV-01_20260715_0023.jpg,2026-07-15 07:20:28,BV-01,smartphone,saudavel,saudavel,0.9996,agrosmart-v1,simulado,sim-2026-07
12986383-585d-569f-8912-ebb4dc93bc3b,BV-01_20260715_0024.jpg,2026-07-15 07:21:27,BV-01,smartphone,saudavel,saudavel,0.9858,agrosmart-v1,simulado,sim-2026-07
413d559b-087f-51e1-bf17-1dab3d304174,BV-01_20260715_0025.jpg,2026-07-15 07:21:53,BV-01,smartphone,saudavel,saudavel,0.8616,agrosmart-v1,simulado,sim-2026-07
520269ed-2cc7-5fdd-8bc1-d54eefeae0e2,BV-01_20260715_0026.jpg,2026-07-15 07:22:44,BV-01,smartphone,saudavel,saudavel,0.9519,agrosmart-v1,simulado,sim-2026-07
b09371a8-f239-5431-a4f0-623459fe2860,BV-01_20260715_0027.jpg,2026-07-15 07:23:05,BV-01,smartphone,saudavel,saudavel,0.8220,agrosmart-v1,simulado,sim-2026-07
6c71e6c4-1e0e-5591-98d7-53aa2724586e,BV-01_20260715_0028.jpg,2026-07-15 07:23:44,BV-01,smartphone,saudavel,saudavel,0.8467,agrosmart-v1,simulado,sim-2026-07
7c8eee1a-9c50-5165-80b2-7336f2df8e96,TI-02_20260715_0001.jpg,2026-07-15 07:44:04,TI-02,drone,saudavel,saudavel,0.9630,agrosmart-v1,simulado,sim-2026-07
29721b36-b0ce-5c48-85bc-e6eb44359e4d,TI-02_20260715_0002.jpg,2026-07-15 07:44:43,TI-02,drone,saudavel,saudavel,0.9769,agrosmart-v1,simulado,sim-2026-07
7365c5b8-cbd0-55c7-b611-1267310b4ad5,TI-02_20260715_0003.jpg,2026-07-15 07:45:12,TI-02,drone,saudavel,saudavel,0.9927,agrosmart-v1,simulado,sim-2026-07
5019444f-a9e6-515d-a849-416cf652a487,TI-02_20260715_0004.jpg,2026-07-15 07:45:54,TI-02,drone,saudavel,saudavel,0.8930,agrosmart-v1,simulado,sim-2026-07
92cc5b8c-5fce-5223-8d97-6498923088d8,TI-02_20260715_0005.jpg,2026-07-15 07:46:43,TI-02,drone,saudavel,saudavel,0.9854,agrosmart-v1,simulado,sim-2026-07
c203a655-d748-5607-8840-01298cec1a00,TI-02_20260715_0006.jpg,2026-07-15 07:47:10,TI-02,drone,saudavel,saudavel,0.9678,agrosmart-v1,simulado,sim-2026-07
7b6ef0c5-0db0-5295-9a61-574769ef0bec,TI-02_20260715_0007.jpg,2026-07-15 07:48:08,TI-02,drone,saudavel,saudavel,0.8468,agrosmart-v1,simulado,sim-2026-07
50187553-869d-5aa7-988c-7dd3cabfade9,TI-02_20260715_0008.jpg,2026-07-15 07:48:41,TI-02,drone,saudavel,saudavel,0.8643,agrosmart-v1,simulado,sim-2026-07
b69d565d-6902-5304-83ad-82722e1df0d2,TI-02_20260715_0009.jpg,2026-07-15 07:49:30,TI-02,drone,saudavel,saudavel,0.9799,agrosmart-v1,simulado,sim-2026-07
81f4ce1b-ce6b-5abf-b036-d4debc6a1a16,TI-02_20260715_0010.jpg,2026-07-15 07:49:53,TI-02,drone,saudavel,saudavel,0.9608,agrosmart-v1,simulado,sim-2026-07
ce5eda64-a893-5b89-87b6-1c961c4843b1,TI-02_20260715_0011.jpg,2026-07-15 07:50:20,TI-02,drone,saudavel,saudavel,0.9443,agrosmart-v1,simulado,sim-2026-07
4d0d1501-3df8-588b-b3f8-284e481caf88,TI-02_20260715_0012.jpg,2026-07-15 07:51:11,TI-02,drone,saudavel,saudavel,0.8413,agrosmart-v1,simulado,sim-2026-07
54b444ca-c018-5ad9-8d62-2fe67bf4de65,TI-02_20260715_0013.jpg,2026-07-15 07:52:02,TI-02,drone,saudavel,saudavel,0.9754,agrosmart-v1,simulado,sim-2026-07
92014386-a563-59fa-b25e-c80423d08514,TI-02_20260715_0014.jpg,2026-07-15 07:52:33,TI-02,drone,saudavel,saudavel,0.9785,agrosmart-v1,simulado,sim-2026-07
dade9e32-7960-55ac-913d-6d76061fb837,TI-02_20260715_0015.jpg,2026-07-15 07:53:01,TI-02,drone,saudavel,saudavel,0.9564,agrosmart-v1,simulado,sim-2026-07
27cb86c0-e43e-5d43-a575-79d6557ccf60,BV-02_20260715_0001.jpg,2026-07-15 07:53:05,BV-02,smartphone,saudavel,saudavel,0.9271,agrosmart-v1,simulado,sim-2026-07
17985fbc-de97-5b39-b786-ad9cca6f55b0,BV-02_20260715_0002.jpg,2026-07-15 07:53:39,BV-02,smartphone,saudavel,saudavel,0.9679,agrosmart-v1,simulado,sim-2026-07
7b8afdd1-2df0-520d-994a-b3ac6a26b0d7,TI-02_20260715_0016.jpg,2026-07-15 07:53:45,TI-02,drone,saudavel,saudavel,0.9768,agrosmart-v1,simulado,sim-2026-07
edb3b4c5-013d-5935-8b9f-36f8d25d250f,BV-02_20260715_0003.jpg,2026-07-15 07:54:02,BV-02,smartphone,saudavel,saudavel,0.9814,agrosmart-v1,simulado,sim-2026-07
a79d0f13-7d48-5c18-b752-e9571d452735,TI-02_20260715_0017.jpg,2026-07-15 07:54:37,TI-02,drone,saudavel,saudavel,0.8520,agrosmart-v1,simulado,sim-2026-07
af282d92-553c-526b-a776-beb5af5f28a0,BV-02_20260715_0004.jpg,2026-07-15 07:54:48,BV-02,smartphone,saudavel,saudavel,0.9795,agrosmart-v1,simulado,sim-2026-07
f785f8ec-c24a-5fbb-ad8d-0c262e00cdfd,TI-02_20260715_0018.jpg,2026-07-15 07:55:16,TI-02,drone,saudavel,saudavel,0.9643,agrosmart-v1,simulado,sim-2026-07
23e06de1-a913-5716-8354-ca93785b021b,BV-02_20260715_0005.jpg,2026-07-15 07:55:20,BV-02,smartphone,doente,mosca_minadora,0.8918,agrosmart-v1,simulado,sim-2026-07
4da1de54-8e9c-597e-8a76-e26d8dd3f400,TI-02_20260715_0019.jpg,2026-07-15 07:55:48,TI-02,drone,saudavel,saudavel,0.9995,agrosmart-v1,simulado,sim-2026-07
fba17edc-c8a1-54c7-9599-c2c0f4f4b36d,TI-02_20260715_0020.jpg,2026-07-15 07:56:21,TI-02,drone,saudavel,saudavel,0.9995,agrosmart-v1,simulado,sim-2026-07
66a9613f-aab9-58f1-aff5-7d367511907b,BV-02_20260715_0006.jpg,2026-07-15 07:56:27,BV-02,smartphone,saudavel,saudavel,0.9998,agrosmart-v1,simulado,sim-2026-07
adeec639-f376-59e6-9e34-4789b42efe40,TI-02_20260715_0021.jpg,2026-07-15 07:57:02,TI-02,drone,saudavel,saudavel,0.9670,agrosmart-v1,simulado,sim-2026-07
afadd3ea-2bf7-589a-8c2f-c8e494bc4b71,BV-02_20260715_0007.jpg,2026-07-15 07:57:04,BV-02,smartphone,saudavel,saudavel,0.9270,agrosmart-v1,simulado,sim-2026-07
9d483bd7-1472-5ce0-a09a-1a213bb19418,BV-02_20260715_0008.jpg,2026-07-15 07:57:42,BV-02,smartphone,saudavel,saudavel,0.8365,agrosmart-v1,simulado,sim-2026-07
ef665f5f-0f55-5a51-b8bc-10a49c26d51a,TI-02_20260715_0022.jpg,2026-07-15 07:57:48,TI-02,drone,saudavel,saudavel,0.9180,agrosmart-v1,simulado,sim-2026-07
9d402ed7-2883-57d6-9f9c-08dee27a2a78,BV-02_20260715_0009.jpg,2026-07-15 07:58:25,BV-02,smartphone,saudavel,saudavel,0.9245,agrosmart-v1,simulado,sim-2026-07
5e819ba5-6ceb-5f91-99ad-64fd5d847ac5,TI-02_20260715_0023.jpg,2026-07-15 07:58:41,TI-02,drone,saudavel,saudavel,0.9563,agrosmart-v1,simulado,sim-2026-07
56018cc5-b159-59fc-b6ed-2fb7de0d0742,BV-02_20260715_0010.jpg,2026-07-15 07:59:00,BV-02,smartphone,saudavel,saudavel,0.9341,agrosmart-v1,simulado,sim-2026-07
8ac5f124-271a-5344-bdd3-699b311a469b,TI-02_20260715_0024.jpg,2026-07-15 07:59:23,TI-02,drone,saudavel,saudavel,0.9957,agrosmart-v1,simulado,sim-2026-07
8f117174-9f5a-51b6-8684-704a5889fac5,BV-02_20260715_0011.jpg,2026-07-15 07:59:31,BV-02,smartphone,saudavel,saudavel,0.9187,agrosmart-v1,simulado,sim-2026-07
7295d44f-9e4e-5bc5-816a-131f9a508cf8,TI-02_20260715_0025.jpg,2026-07-15 08:00:04,TI-02,drone,saudavel,saudavel,0.9998,agrosmart-v1,simulado,sim-2026-07
ae770566-79b7-5502-a23f-06d1234721f3,BV-02_20260715_0012.jpg,2026-07-15 08:00:16,BV-02,smartphone,saudavel,saudavel,0.8981,agrosmart-v1,simulado,sim-2026-07
455f7ef4-c507-5749-868d-05fd25adf874,TI-02_20260715_0026.jpg,2026-07-15 08:00:27,TI-02,drone,saudavel,saudavel,1.0000,agrosmart-v1,simulado,sim-2026-07
69e2c9f0-f1c5-5e68-98d8-271dc01a2da8,BV-02_20260715_0013.jpg,2026-07-15 08:00:42,BV-02,smartphone,saudavel,saudavel,0.9961,agrosmart-v1,simulado,sim-2026-07
4c11b3be-a687-580f-8839-b52926f8effd,TI-02_20260715_0027.jpg,2026-07-15 08:01:22,TI-02,drone,saudavel,saudavel,0.9404,agrosmart-v1,simulado,sim-2026-07
5e1513b7-d990-54d1-adfc-2785deaf9eb1,BV-02_20260715_0014.jpg,2026-07-15 08:01:37,BV-02,smartphone,saudavel,saudavel,0.9566,agrosmart-v1,simulado,sim-2026-07
609508fd-e496-5dc3-918e-899d8249e6e7,BV-02_20260715_0015.jpg,2026-07-15 08:02:02,BV-02,smartphone,saudavel,saudavel,0.8777,agrosmart-v1,simulado,sim-2026-07
17978d48-3648-5cc0-9b27-b2a848f445c9,TI-02_20260715_0028.jpg,2026-07-15 08:02:05,TI-02,drone,saudavel,saudavel,0.8988,agrosmart-v1,simulado,sim-2026-07
945cc770-dbd2-5acb-9b53-97438e29eedd,TI-02_20260715_0029.jpg,2026-07-15 08:02:22,TI-02,drone,saudavel,saudavel,0.9989,agrosmart-v1,simulado,sim-2026-07
d9d01fbb-f8f8-5d9f-8f4d-95daba9b58cc,BV-02_20260715_0016.jpg,2026-07-15 08:02:59,BV-02,smartphone,saudavel,saudavel,0.9822,agrosmart-v1,simulado,sim-2026-07
71269604-20aa-51f8-bede-2cfaeb168248,TI-02_20260715_0030.jpg,2026-07-15 08:03:30,TI-02,drone,saudavel,saudavel,0.9608,agrosmart-v1,simulado,sim-2026-07
7e32d2be-3b35-5cc2-9291-caada7d2954c,BV-02_20260715_0017.jpg,2026-07-15 08:03:36,BV-02,smartphone,saudavel,saudavel,0.9999,agrosmart-v1,simulado,sim-2026-07
bc215474-52b8-578b-a406-8561e56ecdf8,BV-02_20260715_0018.jpg,2026-07-15 08:04:00,BV-02,smartphone,saudavel,saudavel,0.8588,agrosmart-v1,simulado,sim-2026-07
aeaf1f9c-ed56-5d02-a4d2-9beb717be7e9,TI-02_20260715_0031.jpg,2026-07-15 08:04:07,TI-02,drone,saudavel,saudavel,0.9858,agrosmart-v1,simulado,sim-2026-07
614429dd-8cb3-5678-ba2d-d0435ce17ad8,TI-02_20260715_0032.jpg,2026-07-15 08:04:45,TI-02,drone,saudavel,saudavel,0.8545,agrosmart-v1,simulado,sim-2026-07
57ddeb19-13f6-5f76-b455-fb662789d4ee,BV-02_20260715_0019.jpg,2026-07-15 08:05:00,BV-02,smartphone,saudavel,saudavel,0.9765,agrosmart-v1,simulado,sim-2026-07
7538b982-8123-5097-bbe8-7f594d267680,TI-02_20260715_0033.jpg,2026-07-15 08:05:30,TI-02,drone,saudavel,saudavel,0.8656,agrosmart-v1,simulado,sim-2026-07
5948eeb2-fe85-59f7-91fb-845dd65279ad,BV-02_20260715_0020.jpg,2026-07-15 08:05:36,BV-02,smartphone,saudavel,saudavel,0.9743,agrosmart-v1,simulado,sim-2026-07
54c6081e-e89a-5e1b-b42e-5a43fc80182a,TI-02_20260715_0034.jpg,2026-07-15 08:06:08,TI-02,drone,saudavel,saudavel,0.9436,agrosmart-v1,simulado,sim-2026-07
b6a718a3-e64b-5941-97d8-d61865656ac7,BV-02_20260715_0021.jpg,2026-07-15 08:06:13,BV-02,smartphone,saudavel,saudavel,0.9869,agrosmart-v1,simulado,sim-2026-07
c724faab-447f-5dd1-b980-beeab6872bfc,TI-02_20260715_0035.jpg,2026-07-15 08:06:47,TI-02,drone,saudavel,saudavel,1.0000,agrosmart-v1,simulado,sim-2026-07
b03481e6-cae7-5597-94db-6f357b4b94c1,BV-02_20260715_0022.jpg,2026-07-15 08:06:50,BV-02,smartphone,saudavel,saudavel,0.9996,agrosmart-v1,simulado,sim-2026-07
b547a3c1-226e-5004-9420-9649e3f85d91,TI-02_20260715_0036.jpg,2026-07-15 08:07:24,TI-02,drone,saudavel,saudavel,0.9977,agrosmart-v1,simulado,sim-2026-07
196eb839-6740-57e9-b61e-1de2dedbbdb1,BV-02_20260715_0023.jpg,2026-07-15 08:07:25,BV-02,smartphone,saudavel,saudavel,0.9746,agrosmart-v1,simulado,sim-2026-07
c21e5bca-eeff-5b32-b016-53b4b86dfc4c,TI-02_20260715_0037.jpg,2026-07-15 08:07:46,TI-02,drone,saudavel,saudavel,0.9997,agrosmart-v1,simulado,sim-2026-07
164df81b-bb67-5796-881a-4f227d80d73c,BV-02_20260715_0024.jpg,2026-07-15 08:08:22,BV-02,smartphone,saudavel,saudavel,0.9603,agrosmart-v1,simulado,sim-2026-07
b0d4cca3-2ebc-5895-b8b2-c1c9103aa6bd,TI-02_20260715_0038.jpg,2026-07-15 08:08:28,TI-02,drone,saudavel,saudavel,0.9668,agrosmart-v1,simulado,sim-2026-07
6e4f9bee-e2ef-5545-b55b-c44d93669ab3,TI-02_20260715_0039.jpg,2026-07-15 08:09:12,TI-02,drone,saudavel,saudavel,0.8464,agrosmart-v1,simulado,sim-2026-07
fd514039-2c76-5877-966c-1b3d20382044,TI-02_20260715_0040.jpg,2026-07-15 08:09:46,TI-02,drone,saudavel,saudavel,0.9874,agrosmart-v1,simulado,sim-2026-07
340e77a4-88f1-51ac-96e9-17061d3f5520,TI-02_20260715_0041.jpg,2026-07-15 08:10:31,TI-02,drone,saudavel,saudavel,0.8358,agrosmart-v1,simulado,sim-2026-07
0bea46cf-2ea0-5709-abfc-5f6b7707b661,TI-02_20260715_0042.jpg,2026-07-15 08:11:28,TI-02,drone,saudavel,saudavel,0.9558,agrosmart-v1,simulado,sim-2026-07
e54a7568-44a8-513e-943c-bb8ddfaf4c94,TI-02_20260715_0043.jpg,2026-07-15 08:12:00,TI-02,drone,saudavel,saudavel,0.9391,agrosmart-v1,simulado,sim-2026-07
7037bb60-9b23-5cd6-806b-cea1288c4923,TI-02_20260715_0044.jpg,2026-07-15 08:12:25,TI-02,drone,saudavel,saudavel,0.9510,agrosmart-v1,simulado,sim-2026-07
e8990d69-96fb-57f3-9682-35007a0f5b38,TI-01_20260715_0001.jpg,2026-07-15 08:32:54,TI-01,drone,saudavel,saudavel,0.8935,agrosmart-v1,simulado,sim-2026-07
97440802-50d8-52ca-9245-d39ff6ea8eaf,TI-01_20260715_0002.jpg,2026-07-15 08:33:44,TI-01,drone,saudavel,saudavel,0.8801,agrosmart-v1,simulado,sim-2026-07
353ebdab-ac54-5da1-b503-145ae0ca98ad,TI-01_20260715_0003.jpg,2026-07-15 08:34:20,TI-01,drone,doente,vaquinha,0.8981,agrosmart-v1,simulado,sim-2026-07
60dd412d-d9b3-593e-bace-b71285246c32,TI-01_20260715_0004.jpg,2026-07-15 08:34:44,TI-01,drone,saudavel,saudavel,0.5668,agrosmart-v1,simulado,sim-2026-07
dc067b12-89f3-502f-a262-240275f79330,TI-01_20260715_0005.jpg,2026-07-15 08:35:31,TI-01,drone,saudavel,saudavel,0.8822,agrosmart-v1,simulado,sim-2026-07
727518df-7241-50f2-99ce-c6e7e336cdf8,TI-01_20260715_0006.jpg,2026-07-15 08:36:13,TI-01,drone,saudavel,saudavel,0.9996,agrosmart-v1,simulado,sim-2026-07
c3480edc-8510-5966-81cc-fa446f3d7dd1,TI-01_20260715_0007.jpg,2026-07-15 08:37:07,TI-01,drone,saudavel,saudavel,0.9997,agrosmart-v1,simulado,sim-2026-07
61e90d74-6ead-555c-9d9b-6abf40126044,TI-01_20260715_0008.jpg,2026-07-15 08:37:20,TI-01,drone,saudavel,saudavel,0.9006,agrosmart-v1,simulado,sim-2026-07
df881ff9-2e55-50e1-b955-2558f9e4a563,TI-01_20260715_0009.jpg,2026-07-15 08:38:07,TI-01,drone,saudavel,saudavel,1.0000,agrosmart-v1,simulado,sim-2026-07
9c1f0d8d-2e2f-52a5-90b0-3d70123bbbd6,TI-01_20260715_0010.jpg,2026-07-15 08:38:46,TI-01,drone,saudavel,saudavel,0.9954,agrosmart-v1,simulado,sim-2026-07
07d0ce85-e557-55cf-9069-2e2d7281bd3c,TI-01_20260715_0011.jpg,2026-07-15 08:39:29,TI-01,drone,saudavel,saudavel,0.9148,agrosmart-v1,simulado,sim-2026-07
c8d3dd67-a0ea-5cd5-9652-31e067d0e0f1,TI-01_20260715_0012.jpg,2026-07-15 08:40:08,TI-01,drone,saudavel,saudavel,0.8794,agrosmart-v1,simulado,sim-2026-07
48ba5221-e66a-5fa7-9422-a8e35381a496,TI-01_20260715_0013.jpg,2026-07-15 08:40:50,TI-01,drone,saudavel,saudavel,0.8875,agrosmart-v1,simulado,sim-2026-07
4c5ed57e-01b7-54e8-ab12-225f7766b876,TI-01_20260715_0014.jpg,2026-07-15 08:41:42,TI-01,drone,saudavel,saudavel,0.9982,agrosmart-v1,simulado,sim-2026-07
3b7b3852-0f28-537a-a93e-cce4e34db015,TI-01_20260715_0015.jpg,2026-07-15 08:42:27,TI-01,drone,saudavel,saudavel,0.8323,agrosmart-v1,simulado,sim-2026-07
fe12c65d-9a1b-5a70-89c7-7fb35efa48ed,TI-01_20260715_0016.jpg,2026-07-15 08:42:50,TI-01,drone,saudavel,saudavel,0.9736,agrosmart-v1,simulado,sim-2026-07
a481541c-59e5-5e51-ad4d-2b0b15e3c244,TI-01_20260715_0017.jpg,2026-07-15 08:43:50,TI-01,drone,saudavel,saudavel,0.8502,agrosmart-v1,simulado,sim-2026-07
dbdaef1f-886a-5134-b6ae-3b1f25b36f8e,TI-01_20260715_0018.jpg,2026-07-15 08:44:04,TI-01,drone,saudavel,saudavel,0.8386,agrosmart-v1,simulado,sim-2026-07
ed24a834-4654-5665-90e7-ae6ef1010cd9,TI-01_20260715_0019.jpg,2026-07-15 08:44:46,TI-01,drone,saudavel,saudavel,0.9058,agrosmart-v1,simulado,sim-2026-07
059ed9c2-5cb1-5164-8233-5779eda21a4b,TI-01_20260715_0020.jpg,2026-07-15 08:45:21,TI-01,drone,saudavel,saudavel,0.9377,agrosmart-v1,simulado,sim-2026-07
e8c1cff4-f7c1-525e-ba10-7de06c500de5,TI-01_20260715_0021.jpg,2026-07-15 08:46:25,TI-01,drone,saudavel,saudavel,0.9935,agrosmart-v1,simulado,sim-2026-07
9e17aa4c-2014-5ceb-be4f-666f68e0ea6f,TI-01_20260715_0022.jpg,2026-07-15 08:46:40,TI-01,drone,saudavel,saudavel,0.9984,agrosmart-v1,simulado,sim-2026-07
3cfd50e5-ed61-5f1e-a35d-f02032825d4e,TI-01_20260715_0023.jpg,2026-07-15 08:47:43,TI-01,drone,saudavel,saudavel,0.9291,agrosmart-v1,simulado,sim-2026-07
657f1e92-7177-57c3-a84e-489df62bad7a,TI-01_20260715_0024.jpg,2026-07-15 08:48:30,TI-01,drone,saudavel,saudavel,0.9989,agrosmart-v1,simulado,sim-2026-07
220991ed-d4e7-568d-b21f-b171a9d03159,TI-01_20260715_0025.jpg,2026-07-15 08:49:06,TI-01,drone,saudavel,saudavel,0.9140,agrosmart-v1,simulado,sim-2026-07
76220d87-5508-58db-a19d-f70194d3ad52,TI-01_20260715_0026.jpg,2026-07-15 08:49:42,TI-01,drone,saudavel,saudavel,0.9764,agrosmart-v1,simulado,sim-2026-07
fd2370e1-57c8-524c-b88f-09cf11a76d4e,TI-01_20260715_0027.jpg,2026-07-15 08:50:24,TI-01,drone,saudavel,saudavel,0.8415,agrosmart-v1,simulado,sim-2026-07
f5534de6-4f18-5b9b-b6dd-0d6795d4ff13,TI-01_20260715_0028.jpg,2026-07-15 08:50:44,TI-01,drone,saudavel,saudavel,0.9315,agrosmart-v1,simulado,sim-2026-07
efd9e70e-b74c-5b94-9aec-cca32b5d5984,TI-01_20260715_0029.jpg,2026-07-15 08:51:40,TI-01,drone,saudavel,saudavel,0.9867,agrosmart-v1,simulado,sim-2026-07
e1a8442f-a9de-5dde-bfdf-621dabd251c3,TI-01_20260715_0030.jpg,2026-07-15 08:52:20,TI-01,drone,saudavel,saudavel,1.0000,agrosmart-v1,simulado,sim-2026-07
ced6905c-03e2-5a56-a0b9-d36ec5bc6704,TI-01_20260715_0031.jpg,2026-07-15 08:53:10,TI-01,drone,saudavel,saudavel,0.9076,agrosmart-v1,simulado,sim-2026-07
c313d6f4-dcaa-5722-ac6a-94dba53d51f8,TI-01_20260715_0032.jpg,2026-07-15 08:53:50,TI-01,drone,saudavel,saudavel,0.7164,agrosmart-v1,simulado,sim-2026-07
2367ab72-bfe8-5bec-aa6d-9e14a687f739,TI-01_20260715_0033.jpg,2026-07-15 08:54:26,TI-01,drone,saudavel,saudavel,0.9699,agrosmart-v1,simulado,sim-2026-07
ce2a43cd-6aac-58ab-937f-e62b148d8fba,TI-04_20260715_0001.jpg,2026-07-15 08:54:45,TI-04,drone,saudavel,saudavel,0.9554,agrosmart-v1,simulado,sim-2026-07
f6611bc3-c417-5bd4-982e-da9236209f54,TI-01_20260715_0034.jpg,2026-07-15 08:54:50,TI-01,drone,saudavel,saudavel,0.9625,agrosmart-v1,simulado,sim-2026-07
1aab004f-7e74-5f23-9e6c-1c176d20ff8a,TI-01_20260715_0035.jpg,2026-07-15 08:55:26,TI-01,drone,saudavel,saudavel,0.9177,agrosmart-v1,simulado,sim-2026-07
c0aabf61-9564-5b7d-b269-c3ab00743d10,TI-04_20260715_0002.jpg,2026-07-15 08:55:38,TI-04,drone,saudavel,saudavel,0.8444,agrosmart-v1,simulado,sim-2026-07
f2d5ac5c-0d64-5a84-969e-978a3bb60bdc,TI-01_20260715_0036.jpg,2026-07-15 08:56:22,TI-01,drone,saudavel,saudavel,0.9712,agrosmart-v1,simulado,sim-2026-07
7771dea3-8951-5360-9f62-a609ddebd762,TI-04_20260715_0003.jpg,2026-07-15 08:56:28,TI-04,drone,saudavel,saudavel,0.8395,agrosmart-v1,simulado,sim-2026-07
c47c1f20-63c2-5850-8dc2-c9b330b2913d,TI-04_20260715_0004.jpg,2026-07-15 08:56:56,TI-04,drone,saudavel,saudavel,0.8439,agrosmart-v1,simulado,sim-2026-07
f9c826cf-b17e-5228-b565-6aceccb21620,TI-01_20260715_0037.jpg,2026-07-15 08:57:07,TI-01,drone,saudavel,saudavel,0.9507,agrosmart-v1,simulado,sim-2026-07
087f66e0-f962-53d2-a8f1-3d0c01be36b5,TI-01_20260715_0038.jpg,2026-07-15 08:57:26,TI-01,drone,saudavel,saudavel,0.9313,agrosmart-v1,simulado,sim-2026-07
8bff0aad-44a7-5d9b-b5f0-07b432456587,TI-04_20260715_0005.jpg,2026-07-15 08:57:41,TI-04,drone,saudavel,saudavel,0.9651,agrosmart-v1,simulado,sim-2026-07
8be85d0c-49e9-5e8d-9d81-f169ee14105e,SC-03_20260715_0001.jpg,2026-07-15 08:57:55,SC-03,smartphone,saudavel,saudavel,0.9104,agrosmart-v1,simulado,sim-2026-07
e7dfbcbb-fb58-5d23-a3d9-c4a339ecb7cf,SC-02_20260715_0001.jpg,2026-07-15 08:57:58,SC-02,smartphone,saudavel,saudavel,0.8738,agrosmart-v1,simulado,sim-2026-07
c53dacaa-1284-5596-be8e-dcef91077ee9,TI-04_20260715_0006.jpg,2026-07-15 08:58:00,TI-04,drone,saudavel,saudavel,0.9264,agrosmart-v1,simulado,sim-2026-07
1e0d9977-12ca-53d5-8314-ad14d3dd3ebb,TI-01_20260715_0039.jpg,2026-07-15 08:58:13,TI-01,drone,saudavel,saudavel,0.9981,agrosmart-v1,simulado,sim-2026-07
8631766d-890a-5bcc-8e95-ef0936df201a,SC-03_20260715_0002.jpg,2026-07-15 08:58:21,SC-03,smartphone,saudavel,saudavel,0.9219,agrosmart-v1,simulado,sim-2026-07
8d518dce-718c-5019-88b6-14ad866a85c4,SC-02_20260715_0002.jpg,2026-07-15 08:58:31,SC-02,smartphone,saudavel,saudavel,0.9985,agrosmart-v1,simulado,sim-2026-07
50783c34-dd5c-594e-9b57-9fe4818921df,TI-04_20260715_0007.jpg,2026-07-15 08:58:46,TI-04,drone,saudavel,saudavel,0.9969,agrosmart-v1,simulado,sim-2026-07
8c61e1ea-c5bc-5166-8f01-e649bf4e0ac1,TI-01_20260715_0040.jpg,2026-07-15 08:58:52,TI-01,drone,saudavel,saudavel,0.9324,agrosmart-v1,simulado,sim-2026-07
da57d50f-e25f-5f0b-a84b-0f2b358fa335,SC-02_20260715_0003.jpg,2026-07-15 08:59:11,SC-02,smartphone,saudavel,saudavel,0.8876,agrosmart-v1,simulado,sim-2026-07
0b118eea-cb9f-5acb-80de-313c0af80454,TI-01_20260715_0041.jpg,2026-07-15 08:59:21,TI-01,drone,saudavel,saudavel,0.9642,agrosmart-v1,simulado,sim-2026-07
6daeffdb-e2aa-5b9a-bbf4-a3985b7cb548,SC-03_20260715_0003.jpg,2026-07-15 08:59:27,SC-03,smartphone,saudavel,saudavel,0.9940,agrosmart-v1,simulado,sim-2026-07
b07a490f-6238-5e23-85dd-217755bd2dd3,TI-04_20260715_0008.jpg,2026-07-15 08:59:33,TI-04,drone,doente,mosca_minadora,0.9687,agrosmart-v1,simulado,sim-2026-07
dd48d004-25d4-5a5f-ba48-343a75572521,SC-02_20260715_0004.jpg,2026-07-15 08:59:53,SC-02,smartphone,saudavel,saudavel,0.9293,agrosmart-v1,simulado,sim-2026-07
1c2a8ed0-52ca-5b68-9935-eec05783b318,SC-03_20260715_0004.jpg,2026-07-15 09:00:05,SC-03,smartphone,saudavel,saudavel,0.8585,agrosmart-v1,simulado,sim-2026-07
1cb1f420-ff40-5171-a99f-a03fe2c45907,TI-04_20260715_0009.jpg,2026-07-15 09:00:16,TI-04,drone,saudavel,saudavel,1.0000,agrosmart-v1,simulado,sim-2026-07
901bd72f-a3a7-5a4e-a73e-7bc32ee2c266,SC-02_20260715_0005.jpg,2026-07-15 09:00:23,SC-02,smartphone,saudavel,saudavel,0.9970,agrosmart-v1,simulado,sim-2026-07
bb8bfafb-53d5-593d-8678-8c51f205d1a5,TI-01_20260715_0042.jpg,2026-07-15 09:00:28,TI-01,drone,saudavel,saudavel,0.9016,agrosmart-v1,simulado,sim-2026-07
ab660969-9312-579c-8da6-0697c0911e8b,SC-03_20260715_0005.jpg,2026-07-15 09:00:39,SC-03,smartphone,saudavel,saudavel,0.9347,agrosmart-v1,simulado,sim-2026-07
c7a89198-c9a9-597b-99a5-308b9f6c857b,TI-04_20260715_0010.jpg,2026-07-15 09:01:02,TI-04,drone,doente,mosca_minadora,0.9451,agrosmart-v1,simulado,sim-2026-07
f0e8857a-b2aa-5bba-9d23-7348d8b90c97,SC-02_20260715_0006.jpg,2026-07-15 09:01:08,SC-02,smartphone,saudavel,saudavel,0.9586,agrosmart-v1,simulado,sim-2026-07
0fa814d4-a5c2-5bd7-985b-8933e357bc7c,SC-03_20260715_0006.jpg,2026-07-15 09:01:23,SC-03,smartphone,saudavel,saudavel,0.8715,agrosmart-v1,simulado,sim-2026-07
0cdfea06-d74b-51e8-b43e-244562ad3bb6,TI-04_20260715_0011.jpg,2026-07-15 09:01:32,TI-04,drone,saudavel,saudavel,0.9890,agrosmart-v1,simulado,sim-2026-07
e18340a1-e093-53ea-a738-2367aa0d8cb7,SC-02_20260715_0007.jpg,2026-07-15 09:01:45,SC-02,smartphone,saudavel,saudavel,0.9994,agrosmart-v1,simulado,sim-2026-07
ea184698-66a2-5341-960a-be5264849aba,SC-03_20260715_0007.jpg,2026-07-15 09:01:48,SC-03,smartphone,saudavel,saudavel,0.9383,agrosmart-v1,simulado,sim-2026-07
c912985b-45f0-5b55-b221-5c3534bdb2f1,TI-04_20260715_0012.jpg,2026-07-15 09:02:01,TI-04,drone,saudavel,saudavel,0.9999,agrosmart-v1,simulado,sim-2026-07
9bd5e362-f187-5668-b232-355c836b6820,SC-03_20260715_0008.jpg,2026-07-15 09:02:44,SC-03,smartphone,saudavel,saudavel,0.9011,agrosmart-v1,simulado,sim-2026-07
688eb20f-9f41-56c0-a212-78d3bca94d78,SC-02_20260715_0008.jpg,2026-07-15 09:02:48,SC-02,smartphone,saudavel,saudavel,0.9990,agrosmart-v1,simulado,sim-2026-07
fdf57e6f-2795-548a-b38b-5901aaa8c2ca,TI-04_20260715_0013.jpg,2026-07-15 09:02:49,TI-04,drone,saudavel,saudavel,0.9409,agrosmart-v1,simulado,sim-2026-07
d639631d-39a0-58ae-9ffa-c40ac2a89baf,SC-02_20260715_0009.jpg,2026-07-15 09:03:05,SC-02,smartphone,saudavel,saudavel,0.8919,agrosmart-v1,simulado,sim-2026-07
2162ad41-f79d-58b3-bab1-0a2048722c2d,SC-03_20260715_0009.jpg,2026-07-15 09:03:05,SC-03,smartphone,saudavel,saudavel,0.9842,agrosmart-v1,simulado,sim-2026-07
20ff1388-5a47-5850-aaf9-832e71a8ece8,TI-04_20260715_0014.jpg,2026-07-15 09:03:26,TI-04,drone,saudavel,saudavel,0.9996,agrosmart-v1,simulado,sim-2026-07
ebe2b4b9-766b-5c00-95c2-74b46993292f,SC-02_20260715_0010.jpg,2026-07-15 09:03:47,SC-02,smartphone,saudavel,saudavel,0.9962,agrosmart-v1,simulado,sim-2026-07
5803eeab-74be-5e89-b336-8da2d7ce55a6,SC-03_20260715_0010.jpg,2026-07-15 09:03:56,SC-03,smartphone,saudavel,saudavel,0.9997,agrosmart-v1,simulado,sim-2026-07
e7f6d3c0-0541-50c2-a2f0-1574dcedb287,TI-04_20260715_0015.jpg,2026-07-15 09:04:16,TI-04,drone,doente,requeima,0.8580,agrosmart-v1,simulado,sim-2026-07
03086d36-dd80-5722-812d-51c6f1931442,SC-03_20260715_0011.jpg,2026-07-15 09:04:29,SC-03,smartphone,saudavel,saudavel,0.9980,agrosmart-v1,simulado,sim-2026-07
6ff9236e-6243-5e45-ae81-bde0f267c7dd,SC-02_20260715_0011.jpg,2026-07-15 09:04:30,SC-02,smartphone,saudavel,saudavel,0.9521,agrosmart-v1,simulado,sim-2026-07
2c9c096f-014b-58f8-b984-6bf5ed62b292,TI-04_20260715_0016.jpg,2026-07-15 09:05:03,TI-04,drone,saudavel,saudavel,0.9191,agrosmart-v1,simulado,sim-2026-07
322997ce-62d5-5ce5-b868-ac0b74cc4164,SC-02_20260715_0012.jpg,2026-07-15 09:05:07,SC-02,smartphone,saudavel,saudavel,0.9763,agrosmart-v1,simulado,sim-2026-07
672bd393-6b2d-5c85-99b9-20969029a346,SC-03_20260715_0012.jpg,2026-07-15 09:05:16,SC-03,smartphone,doente,requeima,0.8518,agrosmart-v1,simulado,sim-2026-07
71803ab7-e7e1-58d9-944d-55d633847476,TI-04_20260715_0017.jpg,2026-07-15 09:05:45,TI-04,drone,saudavel,saudavel,0.8464,agrosmart-v1,simulado,sim-2026-07
18fc97bb-177f-5333-8d34-5098bb2d7c1b,SC-02_20260715_0013.jpg,2026-07-15 09:05:52,SC-02,smartphone,saudavel,saudavel,0.9750,agrosmart-v1,simulado,sim-2026-07
76c8d31b-4d89-56ff-a659-64884780f981,SC-03_20260715_0013.jpg,2026-07-15 09:05:55,SC-03,smartphone,saudavel,saudavel,0.8962,agrosmart-v1,simulado,sim-2026-07
f618c43d-6567-547d-be2c-c473db6cdd3c,TI-04_20260715_0018.jpg,2026-07-15 09:06:03,TI-04,drone,saudavel,saudavel,0.9170,agrosmart-v1,simulado,sim-2026-07
a16bdf04-158b-56c0-9bb2-b65aeeaf1053,SC-02_20260715_0014.jpg,2026-07-15 09:06:21,SC-02,smartphone,doente,pinta_preta,0.9858,agrosmart-v1,simulado,sim-2026-07
0c65eec5-5110-5e53-a3a5-2ff8c270954a,SC-03_20260715_0014.jpg,2026-07-15 09:06:22,SC-03,smartphone,saudavel,saudavel,0.8405,agrosmart-v1,simulado,sim-2026-07
5cd62a75-fb60-52f2-b113-b8e76b89df49,TI-04_20260715_0019.jpg,2026-07-15 09:06:51,TI-04,drone,saudavel,saudavel,0.8833,agrosmart-v1,simulado,sim-2026-07
2e88d257-622b-599c-bec8-c21b3cb4ca8d,SC-02_20260715_0015.jpg,2026-07-15 09:07:00,SC-02,smartphone,doente,vaquinha,0.5505,agrosmart-v1,simulado,sim-2026-07
a79227fb-2aeb-517e-bd10-421537c3897e,TI-04_20260715_0020.jpg,2026-07-15 09:07:24,TI-04,drone,saudavel,saudavel,0.9350,agrosmart-v1,simulado,sim-2026-07
be7afe59-7991-5463-91fe-00f1bc038536,SC-03_20260715_0015.jpg,2026-07-15 09:07:26,SC-03,smartphone,saudavel,saudavel,0.9370,agrosmart-v1,simulado,sim-2026-07
e22a3bc2-165f-55b1-9665-03cf49c38da0,SC-03_20260715_0016.jpg,2026-07-15 09:07:46,SC-03,smartphone,saudavel,saudavel,0.8939,agrosmart-v1,simulado,sim-2026-07
e4df079b-5b42-5ca1-a8dc-18d2c4adc905,SC-02_20260715_0016.jpg,2026-07-15 09:07:53,SC-02,smartphone,doente,vaquinha,0.9830,agrosmart-v1,simulado,sim-2026-07
03847371-d803-5569-bcbe-29247e5a15a7,TI-04_20260715_0021.jpg,2026-07-15 09:08:20,TI-04,drone,saudavel,saudavel,0.8945,agrosmart-v1,simulado,sim-2026-07
5dbdd457-343d-5eb0-bd11-a326084adc38,SC-03_20260715_0017.jpg,2026-07-15 09:08:22,SC-03,smartphone,saudavel,saudavel,0.9507,agrosmart-v1,simulado,sim-2026-07
0b08bb57-9b6b-5e5f-92be-4c0d06fa8b86,SC-02_20260715_0017.jpg,2026-07-15 09:08:27,SC-02,smartphone,saudavel,saudavel,0.9589,agrosmart-v1,simulado,sim-2026-07
9efe081d-65c6-57be-b6ef-701d5c3672dd,TI-04_20260715_0022.jpg,2026-07-15 09:09:05,TI-04,drone,saudavel,saudavel,0.9275,agrosmart-v1,simulado,sim-2026-07
32d76f31-e517-54c9-befb-7e3f0ea6a82f,SC-03_20260715_0018.jpg,2026-07-15 09:09:09,SC-03,smartphone,saudavel,saudavel,0.8709,agrosmart-v1,simulado,sim-2026-07
e613187a-98a6-5fab-8f79-8848031b593b,SC-02_20260715_0018.jpg,2026-07-15 09:09:21,SC-02,smartphone,saudavel,saudavel,0.7491,agrosmart-v1,simulado,sim-2026-07
6cd316da-2a4d-536f-95f1-5ebedce82d5a,TI-04_20260715_0023.jpg,2026-07-15 09:09:44,TI-04,drone,saudavel,saudavel,0.9922,agrosmart-v1,simulado,sim-2026-07
9d0c49c5-d0dc-5721-bcfd-6ec944610911,SC-03_20260715_0019.jpg,2026-07-15 09:09:47,SC-03,smartphone,saudavel,saudavel,0.6882,agrosmart-v1,simulado,sim-2026-07
0a52178c-4fef-5397-ae5e-e37f80c7176b,TI-04_20260715_0024.jpg,2026-07-15 09:10:06,TI-04,drone,saudavel,saudavel,0.9368,agrosmart-v1,simulado,sim-2026-07
e63313d4-32a8-5b78-948f-83a44a824c3a,SC-02_20260715_0019.jpg,2026-07-15 09:10:09,SC-02,smartphone,saudavel,saudavel,0.9017,agrosmart-v1,simulado,sim-2026-07
69d095ed-45ae-5738-9398-57bd023b9d9a,SC-03_20260715_0020.jpg,2026-07-15 09:10:38,SC-03,smartphone,saudavel,saudavel,0.8920,agrosmart-v1,simulado,sim-2026-07
c47b2146-a43f-5a23-95c8-853b94280d29,TI-04_20260715_0025.jpg,2026-07-15 09:10:41,TI-04,drone,saudavel,saudavel,0.9474,agrosmart-v1,simulado,sim-2026-07
3afd7c33-2793-5f83-96e2-2f5dc6ce23b9,SC-02_20260715_0020.jpg,2026-07-15 09:10:50,SC-02,smartphone,saudavel,saudavel,0.8401,agrosmart-v1,simulado,sim-2026-07
bbd2b0cb-06d7-5179-b673-44dd23ef78ba,SC-02_20260715_0021.jpg,2026-07-15 09:11:01,SC-02,smartphone,saudavel,saudavel,0.9429,agrosmart-v1,simulado,sim-2026-07
3de66c39-f45c-5484-8422-361ace3524a6,SC-03_20260715_0021.jpg,2026-07-15 09:11:09,SC-03,smartphone,saudavel,saudavel,0.9822,agrosmart-v1,simulado,sim-2026-07
853ba8b1-54b9-5acd-99fe-8ab65b6e5ebf,TI-04_20260715_0026.jpg,2026-07-15 09:11:41,TI-04,drone,saudavel,saudavel,0.8838,agrosmart-v1,simulado,sim-2026-07
3fc8eebb-c67a-5d7c-9389-9a128edafe12,SC-03_20260715_0022.jpg,2026-07-15 09:11:58,SC-03,smartphone,saudavel,saudavel,0.8360,agrosmart-v1,simulado,sim-2026-07
8bede30b-7e8e-541d-bf9b-7f8c26bab9d5,TI-04_20260715_0027.jpg,2026-07-15 09:12:00,TI-04,drone,saudavel,saudavel,0.8227,agrosmart-v1,simulado,sim-2026-07
dd4f1ffd-bf62-574e-a43c-2e3665108932,SC-02_20260715_0022.jpg,2026-07-15 09:12:09,SC-02,smartphone,saudavel,saudavel,0.9325,agrosmart-v1,simulado,sim-2026-07
983f17f6-da15-518b-9daf-64e05ba525b4,SC-03_20260715_0023.jpg,2026-07-15 09:12:24,SC-03,smartphone,saudavel,saudavel,0.8394,agrosmart-v1,simulado,sim-2026-07
77b0f087-2de4-5303-9a3e-1057293066a0,SC-02_20260715_0023.jpg,2026-07-15 09:12:36,SC-02,smartphone,saudavel,saudavel,0.9128,agrosmart-v1,simulado,sim-2026-07
31a0b70e-6971-5c12-9729-ab9eefdc6996,TI-04_20260715_0028.jpg,2026-07-15 09:12:50,TI-04,drone,saudavel,saudavel,0.9393,agrosmart-v1,simulado,sim-2026-07
489cd469-d66c-5ff0-aadb-e670f6aefe1a,SC-02_20260715_0024.jpg,2026-07-15 09:13:21,SC-02,smartphone,saudavel,saudavel,0.9244,agrosmart-v1,simulado,sim-2026-07
cf979999-1a49-59ed-8de3-96ec7b9c95bf,SC-03_20260715_0024.jpg,2026-07-15 09:13:26,SC-03,smartphone,saudavel,saudavel,0.9861,agrosmart-v1,simulado,sim-2026-07
2980527d-d0e2-5a79-a2d1-ecdef71617bf,TI-04_20260715_0029.jpg,2026-07-15 09:13:30,TI-04,drone,saudavel,saudavel,0.9994,agrosmart-v1,simulado,sim-2026-07
0c285b33-a757-529b-92bf-d91678880edc,SC-02_20260715_0025.jpg,2026-07-15 09:13:42,SC-02,smartphone,saudavel,saudavel,1.0000,agrosmart-v1,simulado,sim-2026-07
12b50026-443e-527c-827b-9ed0de64d21e,SC-03_20260715_0025.jpg,2026-07-15 09:13:47,SC-03,smartphone,saudavel,saudavel,0.9859,agrosmart-v1,simulado,sim-2026-07
7c54978e-cfd1-5968-97e0-20c4f50e6b9a,TI-04_20260715_0030.jpg,2026-07-15 09:14:14,TI-04,drone,saudavel,saudavel,0.9243,agrosmart-v1,simulado,sim-2026-07
28a181ff-8763-517a-a85d-4ef96871c739,SC-03_20260715_0026.jpg,2026-07-15 09:14:32,SC-03,smartphone,saudavel,saudavel,0.9650,agrosmart-v1,simulado,sim-2026-07
f314536b-2e29-5a9c-bc41-164e9f4655df,SC-02_20260715_0026.jpg,2026-07-15 09:14:33,SC-02,smartphone,saudavel,saudavel,0.9312,agrosmart-v1,simulado,sim-2026-07
6b1d4ad5-bac3-5ac0-a78d-767ecf4cb1df,SC-04_20260715_0001.jpg,2026-07-15 09:14:46,SC-04,smartphone,doente,requeima,0.9995,agrosmart-v1,simulado,sim-2026-07
da28d5f1-e40c-507b-a11e-1b129383b905,TI-04_20260715_0031.jpg,2026-07-15 09:14:48,TI-04,drone,saudavel,saudavel,0.7458,agrosmart-v1,simulado,sim-2026-07
f057ab7b-fdd5-566e-9bad-eec861a77f82,SC-02_20260715_0027.jpg,2026-07-15 09:15:05,SC-02,smartphone,saudavel,saudavel,0.9101,agrosmart-v1,simulado,sim-2026-07
0a08155f-67b9-5e1b-afae-0c9de0e4ef16,SC-04_20260715_0002.jpg,2026-07-15 09:15:31,SC-04,smartphone,saudavel,saudavel,0.9030,agrosmart-v1,simulado,sim-2026-07
2689d879-0686-5b47-93d5-451e60ce5c3b,TI-04_20260715_0032.jpg,2026-07-15 09:15:31,TI-04,drone,saudavel,saudavel,0.8420,agrosmart-v1,simulado,sim-2026-07
24f0c8fa-37ad-5f9f-85ae-1047b4f41767,SC-02_20260715_0028.jpg,2026-07-15 09:15:58,SC-02,smartphone,saudavel,saudavel,0.9999,agrosmart-v1,simulado,sim-2026-07
fb046c82-4e90-5b6e-897e-6b99daf28a4c,TI-04_20260715_0033.jpg,2026-07-15 09:16:00,TI-04,drone,saudavel,saudavel,0.8678,agrosmart-v1,simulado,sim-2026-07
2828a36a-0f37-5f96-9fdf-99419aee5584,SC-04_20260715_0003.jpg,2026-07-15 09:16:02,SC-04,smartphone,saudavel,saudavel,0.9601,agrosmart-v1,simulado,sim-2026-07
9bafc683-34ec-53af-98a6-6c064fcb93f7,SC-02_20260715_0029.jpg,2026-07-15 09:16:23,SC-02,smartphone,doente,requeima,0.9317,agrosmart-v1,simulado,sim-2026-07
37262074-8b5f-5bd3-85e5-ed1373d896e3,SC-04_20260715_0004.jpg,2026-07-15 09:16:47,SC-04,smartphone,saudavel,saudavel,0.8931,agrosmart-v1,simulado,sim-2026-07
4c451681-bc97-5b89-a8e9-b7bc8ee4f7b8,TI-04_20260715_0034.jpg,2026-07-15 09:16:58,TI-04,drone,saudavel,saudavel,0.9016,agrosmart-v1,simulado,sim-2026-07
d50d09a8-50a2-5ef7-a28f-33b39e36c6e8,SC-02_20260715_0030.jpg,2026-07-15 09:17:10,SC-02,smartphone,saudavel,saudavel,0.8380,agrosmart-v1,simulado,sim-2026-07
0fa7f6af-802f-5028-bac9-94c5a55298f3,SC-04_20260715_0005.jpg,2026-07-15 09:17:28,SC-04,smartphone,saudavel,saudavel,0.9842,agrosmart-v1,simulado,sim-2026-07
60afc760-6ec8-5d68-8228-129b109010b1,SC-02_20260715_0031.jpg,2026-07-15 09:17:45,SC-02,smartphone,saudavel,saudavel,0.9984,agrosmart-v1,simulado,sim-2026-07
b309dc3e-e7c6-5f1c-94c3-774ea617dfde,SC-04_20260715_0006.jpg,2026-07-15 09:18:21,SC-04,smartphone,saudavel,saudavel,0.9837,agrosmart-v1,simulado,sim-2026-07
91f29a37-8e92-5f92-b744-aa5a20f8f0d2,SC-02_20260715_0032.jpg,2026-07-15 09:18:46,SC-02,smartphone,saudavel,saudavel,0.9579,agrosmart-v1,simulado,sim-2026-07
68821189-79fd-595c-bcd2-b9df56f30fb4,SC-02_20260715_0033.jpg,2026-07-15 09:19:00,SC-02,smartphone,saudavel,saudavel,0.9964,agrosmart-v1,simulado,sim-2026-07
73a19fdd-2ebe-5c2c-a8f6-b71fd50a0b6b,SC-04_20260715_0007.jpg,2026-07-15 09:19:02,SC-04,smartphone,saudavel,saudavel,0.8581,agrosmart-v1,simulado,sim-2026-07
a2b188cc-171f-5146-b48a-a2a9e2fc12a7,SC-04_20260715_0008.jpg,2026-07-15 09:19:41,SC-04,smartphone,saudavel,saudavel,0.6204,agrosmart-v1,simulado,sim-2026-07
e265206a-0586-59c5-9d78-e2ac5ef2735f,SC-02_20260715_0034.jpg,2026-07-15 09:19:51,SC-02,smartphone,saudavel,saudavel,0.9054,agrosmart-v1,simulado,sim-2026-07
4d08372a-1ee1-5f2e-81fc-4781831c2e20,SC-04_20260715_0009.jpg,2026-07-15 09:20:08,SC-04,smartphone,saudavel,saudavel,0.9986,agrosmart-v1,simulado,sim-2026-07
95706b89-ba37-5697-95bf-092fafa30a52,SC-02_20260715_0035.jpg,2026-07-15 09:20:42,SC-02,smartphone,saudavel,saudavel,0.9920,agrosmart-v1,simulado,sim-2026-07
7fdb7661-9bb3-5042-947b-3b2c4071adca,SC-04_20260715_0010.jpg,2026-07-15 09:20:46,SC-04,smartphone,saudavel,saudavel,0.9983,agrosmart-v1,simulado,sim-2026-07
14ff3d37-8f6e-5b5e-8606-15f55161b9b3,SC-02_20260715_0036.jpg,2026-07-15 09:21:25,SC-02,smartphone,saudavel,saudavel,0.9919,agrosmart-v1,simulado,sim-2026-07
7b86b39b-327c-531f-ba58-40d9134c3d34,SC-04_20260715_0011.jpg,2026-07-15 09:21:42,SC-04,smartphone,saudavel,saudavel,0.9854,agrosmart-v1,simulado,sim-2026-07
3aefd6f4-2558-51ec-ac9f-818ba0ceb885,SC-04_20260715_0012.jpg,2026-07-15 09:22:09,SC-04,smartphone,saudavel,saudavel,0.8512,agrosmart-v1,simulado,sim-2026-07
8f17280e-c7d9-5e99-ab16-6e424284d6ce,SC-02_20260715_0037.jpg,2026-07-15 09:22:10,SC-02,smartphone,saudavel,saudavel,0.8254,agrosmart-v1,simulado,sim-2026-07
a7789da4-7f41-5564-971a-5e9499c6c71c,SC-02_20260715_0038.jpg,2026-07-15 09:22:39,SC-02,smartphone,saudavel,saudavel,0.9600,agrosmart-v1,simulado,sim-2026-07
1284db03-7886-574b-9dfc-f787b8e27763,SC-04_20260715_0013.jpg,2026-07-15 09:22:56,SC-04,smartphone,saudavel,saudavel,0.9299,agrosmart-v1,simulado,sim-2026-07
603b088a-b796-5332-a9ab-20c9ad1d7ec4,SC-02_20260715_0039.jpg,2026-07-15 09:23:29,SC-02,smartphone,saudavel,saudavel,0.9390,agrosmart-v1,simulado,sim-2026-07
3514432d-819a-595a-87d9-ada0a3ca2a5d,SC-04_20260715_0014.jpg,2026-07-15 09:23:41,SC-04,smartphone,saudavel,saudavel,0.9621,agrosmart-v1,simulado,sim-2026-07
33e4a0c4-ccc5-59ae-a38d-4afe43056e36,SC-02_20260715_0040.jpg,2026-07-15 09:23:43,SC-02,smartphone,doente,requeima,0.8214,agrosmart-v1,simulado,sim-2026-07
5d64bea4-2017-5d81-9020-bb1d0b453493,SC-01_20260715_0001.jpg,2026-07-15 09:23:51,SC-01,smartphone,saudavel,saudavel,0.9751,agrosmart-v1,simulado,sim-2026-07
024383f7-e87a-5b1e-8802-beb5fbdf7fe2,SC-04_20260715_0015.jpg,2026-07-15 09:24:04,SC-04,smartphone,saudavel,saudavel,0.8335,agrosmart-v1,simulado,sim-2026-07
426dacef-1e83-57e5-9b6c-b7e010447a83,SC-01_20260715_0002.jpg,2026-07-15 09:24:30,SC-01,smartphone,saudavel,saudavel,0.9651,agrosmart-v1,simulado,sim-2026-07
b356b913-4244-50f8-948e-97a8726f18b6,SC-04_20260715_0016.jpg,2026-07-15 09:24:59,SC-04,smartphone,saudavel,saudavel,0.9697,agrosmart-v1,simulado,sim-2026-07
0f9ee05a-ca4d-587d-9e43-356cd61e62ad,SC-01_20260715_0003.jpg,2026-07-15 09:25:11,SC-01,smartphone,saudavel,saudavel,0.8265,agrosmart-v1,simulado,sim-2026-07
98bce22b-c3b8-5d0c-b476-0cb2c9314278,SC-04_20260715_0017.jpg,2026-07-15 09:25:47,SC-04,smartphone,saudavel,saudavel,0.8675,agrosmart-v1,simulado,sim-2026-07
0df85921-57c8-5d4a-abc2-c9ed8744328b,SC-01_20260715_0004.jpg,2026-07-15 09:26:10,SC-01,smartphone,doente,requeima,0.9302,agrosmart-v1,simulado,sim-2026-07
475bf329-5ee2-54a7-9666-d4e5df70ffdc,SC-04_20260715_0018.jpg,2026-07-15 09:26:10,SC-04,smartphone,saudavel,saudavel,0.7807,agrosmart-v1,simulado,sim-2026-07
dae0cd82-4113-54ba-b1ba-c88e04bb1205,SC-01_20260715_0005.jpg,2026-07-15 09:26:37,SC-01,smartphone,saudavel,saudavel,0.9563,agrosmart-v1,simulado,sim-2026-07
f8ccdb8a-9dff-5a58-bc96-c3f4d9e957f4,SC-04_20260715_0019.jpg,2026-07-15 09:26:54,SC-04,smartphone,saudavel,saudavel,0.9182,agrosmart-v1,simulado,sim-2026-07
b9b52b2d-c950-5f13-9359-c281b4b63b93,SC-01_20260715_0006.jpg,2026-07-15 09:27:09,SC-01,smartphone,saudavel,saudavel,0.8926,agrosmart-v1,simulado,sim-2026-07
d0ce4faf-2830-5c31-96a1-38560fcff905,SC-04_20260715_0020.jpg,2026-07-15 09:27:22,SC-04,smartphone,saudavel,saudavel,0.9930,agrosmart-v1,simulado,sim-2026-07
3005c1bb-1457-5727-af7b-6b5929e8f504,SC-01_20260715_0007.jpg,2026-07-15 09:28:01,SC-01,smartphone,saudavel,saudavel,0.8738,agrosmart-v1,simulado,sim-2026-07
33e6c07c-995f-5f74-b942-982519e154ce,SC-04_20260715_0021.jpg,2026-07-15 09:28:05,SC-04,smartphone,saudavel,saudavel,0.8483,agrosmart-v1,simulado,sim-2026-07
b67d7e1c-3528-58c2-9ae4-466b099e1062,SC-01_20260715_0008.jpg,2026-07-15 09:28:37,SC-01,smartphone,saudavel,saudavel,0.9226,agrosmart-v1,simulado,sim-2026-07
1960b274-23c1-5e25-85f2-ff07ad421864,SC-04_20260715_0022.jpg,2026-07-15 09:29:03,SC-04,smartphone,doente,pinta_preta,0.9067,agrosmart-v1,simulado,sim-2026-07
21a0be88-0c68-5493-885f-87a79867413f,SC-01_20260715_0009.jpg,2026-07-15 09:29:10,SC-01,smartphone,saudavel,saudavel,0.9359,agrosmart-v1,simulado,sim-2026-07
c8e23dfb-36aa-5b4d-8070-d6aebfd954d1,SC-01_20260715_0010.jpg,2026-07-15 09:29:47,SC-01,smartphone,saudavel,saudavel,0.9999,agrosmart-v1,simulado,sim-2026-07
5009a2f7-7444-528c-b7dd-c1e7e5421ef6,SC-01_20260715_0011.jpg,2026-07-15 09:30:25,SC-01,smartphone,saudavel,saudavel,0.9785,agrosmart-v1,simulado,sim-2026-07
16779d7b-fbee-5485-b49d-cb8d476a8446,SC-01_20260715_0012.jpg,2026-07-15 09:31:15,SC-01,smartphone,saudavel,saudavel,0.8370,agrosmart-v1,simulado,sim-2026-07
b3dcaca8-07b8-5bcb-84eb-9affd32504d3,SC-01_20260715_0013.jpg,2026-07-15 09:31:54,SC-01,smartphone,saudavel,saudavel,0.9763,agrosmart-v1,simulado,sim-2026-07
ffb60da8-621d-50f4-a763-954b25c4a61e,SC-01_20260715_0014.jpg,2026-07-15 09:32:26,SC-01,smartphone,saudavel,saudavel,0.9511,agrosmart-v1,simulado,sim-2026-07
1ec2b6a6-033a-53d7-8041-84f3be7f3e0b,SC-01_20260715_0015.jpg,2026-07-15 09:33:06,SC-01,smartphone,saudavel,saudavel,0.8274,agrosmart-v1,simulado,sim-2026-07
04132dd5-405e-569b-b1b8-07df37f7d18a,SC-01_20260715_0016.jpg,2026-07-15 09:33:46,SC-01,smartphone,saudavel,saudavel,0.8643,agrosmart-v1,simulado,sim-2026-07
f0e0fd21-133b-5ab9-9669-59012098072f,SC-01_20260715_0017.jpg,2026-07-15 09:34:30,SC-01,smartphone,saudavel,saudavel,0.9999,agrosmart-v1,simulado,sim-2026-07
1f050748-5720-5dbe-8d42-0d4b926cd4d0,SC-01_20260715_0018.jpg,2026-07-15 09:35:15,SC-01,smartphone,saudavel,saudavel,0.9954,agrosmart-v1,simulado,sim-2026-07
9e31672a-689f-502e-ba99-41c67fc0d40b,SC-01_20260715_0019.jpg,2026-07-15 09:35:48,SC-01,smartphone,saudavel,saudavel,0.9986,agrosmart-v1,simulado,sim-2026-07
004aef3d-dcea-59ea-ad6b-8b7b43b81313,SC-01_20260715_0020.jpg,2026-07-15 09:36:32,SC-01,smartphone,saudavel,saudavel,0.9960,agrosmart-v1,simulado,sim-2026-07
d3760d06-0559-5a25-93e6-d122a03c3ab4,SC-01_20260715_0021.jpg,2026-07-15 09:37:29,SC-01,smartphone,saudavel,saudavel,0.9798,agrosmart-v1,simulado,sim-2026-07
7a16db08-1cc7-5913-b02b-82e2ae9e6033,SC-01_20260715_0022.jpg,2026-07-15 09:37:44,SC-01,smartphone,saudavel,saudavel,0.9180,agrosmart-v1,simulado,sim-2026-07
ead14033-cfa5-5e16-bd4f-52ade1b3c1de,SC-01_20260715_0023.jpg,2026-07-15 09:38:48,SC-01,smartphone,saudavel,saudavel,0.9997,agrosmart-v1,simulado,sim-2026-07
44ce5bb4-1ff2-5a53-b157-ed244f44e127,SC-01_20260715_0024.jpg,2026-07-15 09:39:03,SC-01,smartphone,saudavel,saudavel,1.0000,agrosmart-v1,simulado,sim-2026-07
4022e69d-f938-53f2-b03c-71baec6e0ca5,SC-01_20260715_0025.jpg,2026-07-15 09:40:02,SC-01,smartphone,saudavel,saudavel,0.9388,agrosmart-v1,simulado,sim-2026-07
6918fdb1-87d7-5400-b243-2a4d9846cb54,SC-01_20260715_0026.jpg,2026-07-15 09:40:39,SC-01,smartphone,saudavel,saudavel,0.9866,agrosmart-v1,simulado,sim-2026-07
c93a48c6-7113-5200-b661-91e2c6dc656c,SC-01_20260715_0027.jpg,2026-07-15 09:41:17,SC-01,smartphone,saudavel,saudavel,0.8315,agrosmart-v1,simulado,sim-2026-07
48f0eee5-4f83-5574-ab08-4a66bef9c031,SC-01_20260715_0028.jpg,2026-07-15 09:41:54,SC-01,smartphone,saudavel,saudavel,0.8381,agrosmart-v1,simulado,sim-2026-07
55c40e36-b000-5461-93a3-1b2abb927716,SC-01_20260715_0029.jpg,2026-07-15 09:42:44,SC-01,smartphone,saudavel,saudavel,0.9244,agrosmart-v1,simulado,sim-2026-07
376f28a1-a396-5b01-bd03-177c877704dc,SC-01_20260715_0030.jpg,2026-07-15 09:43:28,SC-01,smartphone,saudavel,saudavel,0.9967,agrosmart-v1,simulado,sim-2026-07
83dbf449-62db-5e34-bfc4-fef10076409b,SC-01_20260715_0031.jpg,2026-07-15 09:43:43,SC-01,smartphone,saudavel,saudavel,0.8457,agrosmart-v1,simulado,sim-2026-07
a9552a89-af51-55bc-be17-8fbc0d97ce03,SC-01_20260715_0032.jpg,2026-07-15 09:44:43,SC-01,smartphone,saudavel,saudavel,0.7500,agrosmart-v1,simulado,sim-2026-07
76781e71-ce49-57e6-a521-53de93580b45,SC-01_20260715_0033.jpg,2026-07-15 09:45:17,SC-01,smartphone,saudavel,saudavel,0.9335,agrosmart-v1,simulado,sim-2026-07
dcff941f-13b3-53fa-b345-6c63f0a67e6d,SC-01_20260715_0034.jpg,2026-07-15 09:46:07,SC-01,smartphone,doente,pinta_preta,0.8238,agrosmart-v1,simulado,sim-2026-07
98b8211c-c37d-51c7-9dcb-86c1e2be677f,SC-01_20260715_0035.jpg,2026-07-15 09:46:23,SC-01,smartphone,saudavel,saudavel,0.9933,agrosmart-v1,simulado,sim-2026-07
943f5ddc-52ee-5ff3-a9e0-a00db3c45aae,SC-01_20260715_0036.jpg,2026-07-15 09:47:26,SC-01,smartphone,saudavel,saudavel,0.7884,agrosmart-v1,simulado,sim-2026-07
5dd38616-68e6-5ada-97a9-d8ae0a3b13b6,BV-03_20260715_0001.jpg,2026-07-15 09:57:50,BV-03,smartphone,saudavel,saudavel,0.9985,agrosmart-v1,simulado,sim-2026-07
a670609d-cb37-5d3e-9730-6c8ca21e03df,BV-03_20260715_0002.jpg,2026-07-15 09:58:40,BV-03,smartphone,saudavel,saudavel,0.9071,agrosmart-v1,simulado,sim-2026-07
5175caa2-9348-506e-940b-1c0fd6cd2ad3,BV-03_20260715_0003.jpg,2026-07-15 09:59:11,BV-03,smartphone,saudavel,saudavel,0.9496,agrosmart-v1,simulado,sim-2026-07
8c3051fd-1543-525d-a786-28f9a0d1c6fe,BV-03_20260715_0004.jpg,2026-07-15 10:00:06,BV-03,smartphone,saudavel,saudavel,0.8955,agrosmart-v1,simulado,sim-2026-07
775256dd-406f-5c56-b199-faa0e04ad5e9,BV-03_20260715_0005.jpg,2026-07-15 10:00:32,BV-03,smartphone,saudavel,saudavel,0.9949,agrosmart-v1,simulado,sim-2026-07
194b8073-1fb0-51a5-a8e0-634353282581,BV-03_20260715_0006.jpg,2026-07-15 10:01:11,BV-03,smartphone,saudavel,saudavel,0.9562,agrosmart-v1,simulado,sim-2026-07
dc4386f2-e0cd-5596-bff9-89ce282cb8e5,BV-03_20260715_0007.jpg,2026-07-15 10:01:50,BV-03,smartphone,saudavel,saudavel,0.9740,agrosmart-v1,simulado,sim-2026-07
5bf5f6e1-82c3-5a06-a23d-7e319fcf4e60,BV-03_20260715_0008.jpg,2026-07-15 10:02:45,BV-03,smartphone,saudavel,saudavel,0.8817,agrosmart-v1,simulado,sim-2026-07
e5bdaefd-f811-5853-be64-e7d1fc5b439c,BV-03_20260715_0009.jpg,2026-07-15 10:03:09,BV-03,smartphone,saudavel,saudavel,0.9998,agrosmart-v1,simulado,sim-2026-07
ebef4184-5926-5325-9c5f-30791a1596d8,BV-03_20260715_0010.jpg,2026-07-15 10:03:54,BV-03,smartphone,doente,pinta_preta,0.9957,agrosmart-v1,simulado,sim-2026-07
3cf8c6ba-cc67-5992-b153-4c07df83da70,BV-03_20260715_0011.jpg,2026-07-15 10:04:49,BV-03,smartphone,saudavel,saudavel,0.9969,agrosmart-v1,simulado,sim-2026-07
c9b936b9-798d-53d1-92c0-459761b457e8,BV-03_20260715_0012.jpg,2026-07-15 10:05:02,BV-03,smartphone,saudavel,saudavel,0.9760,agrosmart-v1,simulado,sim-2026-07
76c3b752-5fba-5563-9590-f499f6af29c8,BV-03_20260715_0013.jpg,2026-07-15 10:06:10,BV-03,smartphone,saudavel,saudavel,1.0000,agrosmart-v1,simulado,sim-2026-07
78b96992-0767-57d6-9d82-ab703b11c690,BV-03_20260715_0014.jpg,2026-07-15 10:06:41,BV-03,smartphone,saudavel,saudavel,0.8372,agrosmart-v1,simulado,sim-2026-07
a1cdc877-e069-5063-9d62-e102ff10b757,BV-03_20260715_0015.jpg,2026-07-15 10:07:25,BV-03,smartphone,saudavel,saudavel,0.9678,agrosmart-v1,simulado,sim-2026-07
7ea6d419-fe79-54f1-aa1c-b47fc097e628,BV-03_20260715_0016.jpg,2026-07-15 10:07:54,BV-03,smartphone,saudavel,saudavel,0.9749,agrosmart-v1,simulado,sim-2026-07
c56a49c4-fd59-5e31-98ce-34dc464f7afc,BV-03_20260715_0017.jpg,2026-07-15 10:08:29,BV-03,smartphone,saudavel,saudavel,0.9892,agrosmart-v1,simulado,sim-2026-07
b9ba036d-c356-5253-98b4-fe79fed592b3,BV-03_20260715_0018.jpg,2026-07-15 10:09:14,BV-03,smartphone,saudavel,saudavel,0.9994,agrosmart-v1,simulado,sim-2026-07
7a03b1ce-2636-5ace-9502-9904978a678c,BV-03_20260715_0019.jpg,2026-07-15 10:09:48,BV-03,smartphone,saudavel,saudavel,0.9760,agrosmart-v1,simulado,sim-2026-07
cf65ef68-5905-5da1-9c02-8077050f3e5b,BV-03_20260715_0020.jpg,2026-07-15 10:10:45,BV-03,smartphone,saudavel,saudavel,0.8413,agrosmart-v1,simulado,sim-2026-07
fe01c136-5227-56ed-9e74-20ab4c6cda7c,BV-03_20260715_0021.jpg,2026-07-15 10:11:18,BV-03,smartphone,saudavel,saudavel,0.9060,agrosmart-v1,simulado,sim-2026-07
b050630d-95a3-5166-b6a0-a7cd6b16e440,BV-03_20260715_0022.jpg,2026-07-15 10:12:09,BV-03,smartphone,saudavel,saudavel,0.8964,agrosmart-v1,simulado,sim-2026-07
78e43166-0b83-5b17-bb37-5ae9326d181f,BV-03_20260715_0023.jpg,2026-07-15 10:12:40,BV-03,smartphone,saudavel,saudavel,0.9715,agrosmart-v1,simulado,sim-2026-07
c0a9d78a-4108-535a-a449-45883bdf9c97,BV-03_20260715_0024.jpg,2026-07-15 10:13:29,BV-03,smartphone,saudavel,saudavel,0.9071,agrosmart-v1,simulado,sim-2026-07
5c879005-e397-5387-953c-98b8743b31d5,BV-03_20260715_0025.jpg,2026-07-15 10:13:53,BV-03,smartphone,saudavel,saudavel,0.8590,agrosmart-v1,simulado,sim-2026-07
1453a080-63d2-5b25-a5a9-b223cacac79d,BV-03_20260715_0026.jpg,2026-07-15 10:14:26,BV-03,smartphone,saudavel,saudavel,0.9084,agrosmart-v1,simulado,sim-2026-07
86a82cd8-6f89-5865-b72b-2e599e6d2196,BV-03_20260715_0027.jpg,2026-07-15 10:15:20,BV-03,smartphone,saudavel,saudavel,0.9619,agrosmart-v1,simulado,sim-2026-07
1c2cc569-5a05-582f-94ac-508f29cecc20,BV-03_20260715_0028.jpg,2026-07-15 10:15:40,BV-03,smartphone,saudavel,saudavel,0.9605,agrosmart-v1,simulado,sim-2026-07
13e18669-8c97-5c19-b0bd-770a78148dbe,BV-03_20260715_0029.jpg,2026-07-15 10:16:27,BV-03,smartphone,saudavel,saudavel,0.9133,agrosmart-v1,simulado,sim-2026-07
91291955-641e-538d-98da-851a4fc6096c,BV-03_20260715_0030.jpg,2026-07-15 10:17:25,BV-03,smartphone,saudavel,saudavel,0.9471,agrosmart-v1,simulado,sim-2026-07
2ec3ee19-51b0-5d27-88e5-2984ed3167bf,BV-03_20260715_0031.jpg,2026-07-15 10:17:40,BV-03,smartphone,saudavel,saudavel,0.9982,agrosmart-v1,simulado,sim-2026-07
b8ab2c40-4cc4-5d93-8822-9623e1d39b21,SC-03_20260717_0001.jpg,2026-07-17 07:25:47,SC-03,smartphone,saudavel,saudavel,0.9232,agrosmart-v1,simulado,sim-2026-07
009a4e7b-3cc2-51f4-9484-35bd2a92a175,SC-03_20260717_0002.jpg,2026-07-17 07:26:23,SC-03,smartphone,saudavel,saudavel,0.8833,agrosmart-v1,simulado,sim-2026-07
acc739ac-ee3e-55e5-ab69-b0e6daf1dc7e,SC-04_20260717_0001.jpg,2026-07-17 07:27:09,SC-04,smartphone,saudavel,saudavel,0.9046,agrosmart-v1,simulado,sim-2026-07
0face4e5-8f40-5cad-bfcc-a459d0e1e78e,SC-03_20260717_0003.jpg,2026-07-17 07:27:25,SC-03,smartphone,saudavel,saudavel,0.8610,agrosmart-v1,simulado,sim-2026-07
94157b5e-ffbb-568e-a3fb-7aeb2fa108da,SC-04_20260717_0002.jpg,2026-07-17 07:27:25,SC-04,smartphone,saudavel,saudavel,0.9980,agrosmart-v1,simulado,sim-2026-07
603fbb24-8b72-50eb-abf8-3d66bb59684c,BV-04_20260717_0001.jpg,2026-07-17 07:28:03,BV-04,smartphone,saudavel,saudavel,0.8739,agrosmart-v1,simulado,sim-2026-07
14dcc152-5671-58f2-ac22-9bed8e419353,SC-03_20260717_0004.jpg,2026-07-17 07:28:08,SC-03,smartphone,saudavel,saudavel,0.9667,agrosmart-v1,simulado,sim-2026-07
35a06a3b-75e5-524c-9d01-9280e05d54a8,SC-04_20260717_0003.jpg,2026-07-17 07:28:28,SC-04,smartphone,saudavel,saudavel,0.8764,agrosmart-v1,simulado,sim-2026-07
272fc0ef-395e-5c3a-b5d4-a064ae39fa11,SC-03_20260717_0005.jpg,2026-07-17 07:28:35,SC-03,smartphone,saudavel,saudavel,0.9822,agrosmart-v1,simulado,sim-2026-07
c9ae5427-71cc-5df8-9d86-481063634c07,BV-04_20260717_0002.jpg,2026-07-17 07:28:40,BV-04,smartphone,saudavel,saudavel,0.8594,agrosmart-v1,simulado,sim-2026-07
47fdb91c-acf9-5ca3-b914-d33904b66ef6,SC-04_20260717_0004.jpg,2026-07-17 07:28:52,SC-04,smartphone,saudavel,saudavel,0.9288,agrosmart-v1,simulado,sim-2026-07
c1473e96-7b51-5cf9-9e26-e0da71862155,BV-04_20260717_0003.jpg,2026-07-17 07:29:04,BV-04,smartphone,saudavel,saudavel,0.9278,agrosmart-v1,simulado,sim-2026-07
b5699c48-857a-52aa-8579-d2aed54c940b,SC-01_20260717_0001.jpg,2026-07-17 07:29:08,SC-01,smartphone,saudavel,saudavel,0.9745,agrosmart-v1,simulado,sim-2026-07
30676f11-96b8-5f54-a1de-21653f95209c,SC-03_20260717_0006.jpg,2026-07-17 07:29:08,SC-03,smartphone,saudavel,saudavel,0.9925,agrosmart-v1,simulado,sim-2026-07
4c0310c1-b866-5322-9ec9-8055c7afd208,SC-04_20260717_0005.jpg,2026-07-17 07:29:20,SC-04,smartphone,saudavel,saudavel,0.9168,agrosmart-v1,simulado,sim-2026-07
3090cb38-1f8d-54aa-b567-faaf95e8d0a7,SC-01_20260717_0002.jpg,2026-07-17 07:29:27,SC-01,smartphone,saudavel,saudavel,0.9259,agrosmart-v1,simulado,sim-2026-07
3bae43aa-3fc2-53d2-82bb-950eadffbc53,SC-03_20260717_0007.jpg,2026-07-17 07:29:40,SC-03,smartphone,saudavel,saudavel,0.9988,agrosmart-v1,simulado,sim-2026-07
768b7e12-aa7e-52a8-93f5-3d64712ac706,BV-04_20260717_0004.jpg,2026-07-17 07:30:02,BV-04,smartphone,saudavel,saudavel,0.9996,agrosmart-v1,simulado,sim-2026-07
794ff4ca-e105-5a73-9a7c-b5fcc01dbdf4,SC-01_20260717_0003.jpg,2026-07-17 07:30:21,SC-01,smartphone,saudavel,saudavel,0.8842,agrosmart-v1,simulado,sim-2026-07
354f5390-97a3-510d-8ffe-5e910272f7b1,SC-04_20260717_0006.jpg,2026-07-17 07:30:26,SC-04,smartphone,saudavel,saudavel,0.9816,agrosmart-v1,simulado,sim-2026-07
f8b92139-a94c-5e0c-a810-d11c5f855631,SC-04_20260717_0007.jpg,2026-07-17 07:30:41,SC-04,smartphone,saudavel,saudavel,0.9717,agrosmart-v1,simulado,sim-2026-07
ec5ff321-3169-5268-9e6f-ad47e62ef2c8,BV-04_20260717_0005.jpg,2026-07-17 07:30:47,BV-04,smartphone,saudavel,saudavel,0.9512,agrosmart-v1,simulado,sim-2026-07
e397f1e7-1df0-576a-8c6a-16d61835109d,SC-03_20260717_0008.jpg,2026-07-17 07:30:49,SC-03,smartphone,saudavel,saudavel,0.9442,agrosmart-v1,simulado,sim-2026-07
8e83a503-a9c9-5435-bb19-83d17c5bc244,SC-01_20260717_0004.jpg,2026-07-17 07:31:00,SC-01,smartphone,saudavel,saudavel,0.9980,agrosmart-v1,simulado,sim-2026-07
0a11acd9-acf6-5317-bab3-8c782f8159ae,SC-03_20260717_0009.jpg,2026-07-17 07:31:03,SC-03,smartphone,saudavel,saudavel,0.9412,agrosmart-v1,simulado,sim-2026-07
a36e926a-63dc-52ae-bf45-1e177fff83a1,BV-04_20260717_0006.jpg,2026-07-17 07:31:17,BV-04,smartphone,saudavel,saudavel,0.9176,agrosmart-v1,simulado,sim-2026-07
6de5aeb0-b155-55e1-a4d9-d14d48cf37eb,SC-01_20260717_0005.jpg,2026-07-17 07:31:22,SC-01,smartphone,saudavel,saudavel,0.9114,agrosmart-v1,simulado,sim-2026-07
75630e46-d31b-5ecf-b830-c98e3124cff8,SC-04_20260717_0008.jpg,2026-07-17 07:31:34,SC-04,smartphone,saudavel,saudavel,0.9287,agrosmart-v1,simulado,sim-2026-07
e4f74d54-5802-50f5-b24a-c20d52c8d855,BV-04_20260717_0007.jpg,2026-07-17 07:31:44,BV-04,smartphone,saudavel,saudavel,0.9031,agrosmart-v1,simulado,sim-2026-07
a5b2a682-0a6b-597c-ab9d-468de36164b0,SC-03_20260717_0010.jpg,2026-07-17 07:31:48,SC-03,smartphone,saudavel,saudavel,0.9987,agrosmart-v1,simulado,sim-2026-07
2b28bafb-83a9-5a44-ba01-d000201be735,SC-01_20260717_0006.jpg,2026-07-17 07:32:13,SC-01,smartphone,saudavel,saudavel,0.5570,agrosmart-v1,simulado,sim-2026-07
eb607491-34b8-5210-a127-beb0f9984066,SC-03_20260717_0011.jpg,2026-07-17 07:32:21,SC-03,smartphone,saudavel,saudavel,0.9247,agrosmart-v1,simulado,sim-2026-07
9f131c2b-201d-5eae-92fc-48b200d3639e,SC-04_20260717_0009.jpg,2026-07-17 07:32:24,SC-04,smartphone,saudavel,saudavel,0.9707,agrosmart-v1,simulado,sim-2026-07
d4ea28a9-f7ff-50e9-9713-b3336f06dbec,BV-04_20260717_0008.jpg,2026-07-17 07:32:37,BV-04,smartphone,saudavel,saudavel,0.9528,agrosmart-v1,simulado,sim-2026-07
527a68ab-bb54-58ec-aa54-3c8dc347d165,SC-04_20260717_0010.jpg,2026-07-17 07:32:42,SC-04,smartphone,saudavel,saudavel,0.9726,agrosmart-v1,simulado,sim-2026-07
e51a7ddf-833d-52dc-a093-898595d3d8f6,SC-01_20260717_0007.jpg,2026-07-17 07:32:45,SC-01,smartphone,saudavel,saudavel,0.8606,agrosmart-v1,simulado,sim-2026-07
e4e7ea20-f206-55ba-9313-f5e6b15846fb,BV-04_20260717_0009.jpg,2026-07-17 07:33:03,BV-04,smartphone,saudavel,saudavel,0.8941,agrosmart-v1,simulado,sim-2026-07
1731434e-62dd-56d7-b46b-f239835141e2,SC-03_20260717_0012.jpg,2026-07-17 07:33:14,SC-03,smartphone,saudavel,saudavel,0.9435,agrosmart-v1,simulado,sim-2026-07
84a4bcdc-0137-5e92-840c-16d4c586e812,SC-04_20260717_0011.jpg,2026-07-17 07:33:34,SC-04,smartphone,saudavel,saudavel,0.9792,agrosmart-v1,simulado,sim-2026-07
0ace4ff5-17ee-5a2a-a25a-0ec83795a968,SC-01_20260717_0008.jpg,2026-07-17 07:33:50,SC-01,smartphone,saudavel,saudavel,0.9679,agrosmart-v1,simulado,sim-2026-07
d98b5e70-4895-5b36-ac8e-8073146d04cd,BV-04_20260717_0010.jpg,2026-07-17 07:33:58,BV-04,smartphone,saudavel,saudavel,0.9126,agrosmart-v1,simulado,sim-2026-07
432b4ef0-0edb-5067-bc9f-c7ff8e0d2106,SC-03_20260717_0013.jpg,2026-07-17 07:34:01,SC-03,smartphone,saudavel,saudavel,0.9658,agrosmart-v1,simulado,sim-2026-07
262cdd13-3245-5574-b976-aa3de7645861,SC-04_20260717_0012.jpg,2026-07-17 07:34:04,SC-04,smartphone,saudavel,saudavel,0.9931,agrosmart-v1,simulado,sim-2026-07
4b8be490-6139-5b4d-8a0a-07155a04c9fd,SC-01_20260717_0009.jpg,2026-07-17 07:34:16,SC-01,smartphone,saudavel,saudavel,0.9104,agrosmart-v1,simulado,sim-2026-07
b5507f87-a42c-50c7-9c19-590d262ebb4b,SC-03_20260717_0014.jpg,2026-07-17 07:34:47,SC-03,smartphone,saudavel,saudavel,0.8587,agrosmart-v1,simulado,sim-2026-07
d99464a7-0ca3-5db0-b09e-02dce24d3e8e,BV-04_20260717_0011.jpg,2026-07-17 07:34:49,BV-04,smartphone,saudavel,saudavel,1.0000,agrosmart-v1,simulado,sim-2026-07
50ce4308-c2b1-5435-adbf-2c6407aa4afd,SC-01_20260717_0010.jpg,2026-07-17 07:34:51,SC-01,smartphone,saudavel,saudavel,0.8656,agrosmart-v1,simulado,sim-2026-07
990726f1-90c8-5520-8905-f14250e94a69,SC-04_20260717_0013.jpg,2026-07-17 07:34:59,SC-04,smartphone,saudavel,saudavel,0.9960,agrosmart-v1,simulado,sim-2026-07
2944277d-cbe3-5f0e-9fa1-94b3c73d81fb,BV-04_20260717_0012.jpg,2026-07-17 07:35:07,BV-04,smartphone,doente,requeima,0.9854,agrosmart-v1,simulado,sim-2026-07
e313698d-bf66-5d27-851b-67010645bfd7,SC-03_20260717_0015.jpg,2026-07-17 07:35:16,SC-03,smartphone,saudavel,saudavel,0.9017,agrosmart-v1,simulado,sim-2026-07
ab8e3a12-35ad-59d9-a59f-86fadaecd6e3,SC-01_20260717_0011.jpg,2026-07-17 07:35:25,SC-01,smartphone,saudavel,saudavel,0.8795,agrosmart-v1,simulado,sim-2026-07
6bc5850c-dd78-5388-88ec-e421b2f5995c,SC-04_20260717_0014.jpg,2026-07-17 07:35:47,SC-04,smartphone,saudavel,saudavel,0.9118,agrosmart-v1,simulado,sim-2026-07
9502c334-027c-5879-91bc-7b843f16c2f5,SC-03_20260717_0016.jpg,2026-07-17 07:35:50,SC-03,smartphone,saudavel,saudavel,0.9477,agrosmart-v1,simulado,sim-2026-07
595103bf-76f9-564f-8ef5-14e907b1d087,BV-04_20260717_0013.jpg,2026-07-17 07:35:59,BV-04,smartphone,saudavel,saudavel,0.8401,agrosmart-v1,simulado,sim-2026-07
bd61b085-601e-5d41-8a7f-2595ed31bdb0,SC-04_20260717_0015.jpg,2026-07-17 07:36:03,SC-04,smartphone,saudavel,saudavel,0.8584,agrosmart-v1,simulado,sim-2026-07
f2e9d84d-7482-5429-b53b-df46b7a4b7b5,SC-01_20260717_0012.jpg,2026-07-17 07:36:16,SC-01,smartphone,saudavel,saudavel,0.8895,agrosmart-v1,simulado,sim-2026-07
3be0dba8-a25d-56ae-96cb-efb7926c895e,BV-04_20260717_0014.jpg,2026-07-17 07:36:29,BV-04,smartphone,saudavel,saudavel,0.9824,agrosmart-v1,simulado,sim-2026-07
71a28712-c842-50f1-b363-f6ff4d94476f,SC-03_20260717_0017.jpg,2026-07-17 07:36:44,SC-03,smartphone,saudavel,saudavel,1.0000,agrosmart-v1,simulado,sim-2026-07
75a9b3fe-5369-54b6-8535-2ac148efe931,SC-04_20260717_0016.jpg,2026-07-17 07:36:51,SC-04,smartphone,saudavel,saudavel,0.9722,agrosmart-v1,simulado,sim-2026-07
d8392610-9bb9-52f6-a799-de303fac96a1,SC-01_20260717_0013.jpg,2026-07-17 07:37:08,SC-01,smartphone,saudavel,saudavel,0.9814,agrosmart-v1,simulado,sim-2026-07
7d5374f7-ce07-55e2-b843-bb597a4adfcd,BV-04_20260717_0015.jpg,2026-07-17 07:37:20,BV-04,smartphone,saudavel,saudavel,0.8639,agrosmart-v1,simulado,sim-2026-07
507d0ba3-2765-536a-bf77-585a05548c7e,SC-03_20260717_0018.jpg,2026-07-17 07:37:23,SC-03,smartphone,saudavel,saudavel,0.9385,agrosmart-v1,simulado,sim-2026-07
ecc30cb7-a74b-5151-9fe2-e5c66b9cb48a,SC-01_20260717_0014.jpg,2026-07-17 07:37:25,SC-01,smartphone,saudavel,saudavel,0.8663,agrosmart-v1,simulado,sim-2026-07
6c159866-36cc-5d0c-9493-e32a7674b506,SC-04_20260717_0017.jpg,2026-07-17 07:37:34,SC-04,smartphone,saudavel,saudavel,1.0000,agrosmart-v1,simulado,sim-2026-07
b5bf816f-d3e3-546c-ae49-dc0371fdf102,BV-04_20260717_0016.jpg,2026-07-17 07:37:43,BV-04,smartphone,saudavel,saudavel,0.9997,agrosmart-v1,simulado,sim-2026-07
bb499dd1-176b-592c-abcc-3c3f4a77f36c,SC-03_20260717_0019.jpg,2026-07-17 07:38:00,SC-03,smartphone,saudavel,saudavel,0.9638,agrosmart-v1,simulado,sim-2026-07
e997ba4c-36d9-5973-9f87-16e9f17f11d1,SC-01_20260717_0015.jpg,2026-07-17 07:38:07,SC-01,smartphone,saudavel,saudavel,0.9056,agrosmart-v1,simulado,sim-2026-07
d72a3727-12b1-5475-900a-a863e1ac3458,SC-04_20260717_0018.jpg,2026-07-17 07:38:12,SC-04,smartphone,saudavel,saudavel,0.9534,agrosmart-v1,simulado,sim-2026-07
86c3912b-3744-5756-bc82-4699411e08c4,SC-03_20260717_0020.jpg,2026-07-17 07:38:33,SC-03,smartphone,saudavel,saudavel,0.9952,agrosmart-v1,simulado,sim-2026-07
66ec563a-e5de-5c1e-9f37-7c0c2a9e4dcf,SC-04_20260717_0019.jpg,2026-07-17 07:38:43,SC-04,smartphone,saudavel,saudavel,0.9679,agrosmart-v1,simulado,sim-2026-07
92e6de9b-0531-526f-aad7-dbebbdd1af76,BV-04_20260717_0017.jpg,2026-07-17 07:38:48,BV-04,smartphone,saudavel,saudavel,0.9004,agrosmart-v1,simulado,sim-2026-07
2d5b0151-2656-5815-83b3-46021f5d6d6b,SC-01_20260717_0016.jpg,2026-07-17 07:38:53,SC-01,smartphone,saudavel,saudavel,0.8311,agrosmart-v1,simulado,sim-2026-07
53d244b8-2fa8-5ada-81f8-cafffb19e09a,BV-04_20260717_0018.jpg,2026-07-17 07:39:20,BV-04,smartphone,saudavel,saudavel,0.9788,agrosmart-v1,simulado,sim-2026-07
ce187d1f-62c9-52ab-83dd-20e870919185,SC-03_20260717_0021.jpg,2026-07-17 07:39:21,SC-03,smartphone,saudavel,saudavel,0.9616,agrosmart-v1,simulado,sim-2026-07
d06f177c-bbeb-5850-97dc-39dbc511f4b4,SC-04_20260717_0020.jpg,2026-07-17 07:39:34,SC-04,smartphone,saudavel,saudavel,0.9354,agrosmart-v1,simulado,sim-2026-07
bea51582-1ccb-5b86-9546-ad5015c8fb1d,SC-01_20260717_0017.jpg,2026-07-17 07:39:42,SC-01,smartphone,saudavel,saudavel,0.9974,agrosmart-v1,simulado,sim-2026-07
1ff7bda4-c642-5e5b-bba3-accbdb44c690,BV-04_20260717_0019.jpg,2026-07-17 07:39:49,BV-04,smartphone,saudavel,saudavel,0.8759,agrosmart-v1,simulado,sim-2026-07
64b0359c-b49c-5a05-8f08-55dd5ccf0d47,SC-03_20260717_0022.jpg,2026-07-17 07:39:52,SC-03,smartphone,saudavel,saudavel,0.9979,agrosmart-v1,simulado,sim-2026-07
99b6a3c4-0c6d-576b-9ec6-cea8cc3cea87,SC-04_20260717_0021.jpg,2026-07-17 07:40:05,SC-04,smartphone,saudavel,saudavel,0.9385,agrosmart-v1,simulado,sim-2026-07
4c182e47-fea2-5961-902b-e73dc3ccd8d8,SC-01_20260717_0018.jpg,2026-07-17 07:40:11,SC-01,smartphone,saudavel,saudavel,0.8667,agrosmart-v1,simulado,sim-2026-07
2b4cf786-b8cf-577c-9bd9-efa1291579f1,SC-01_20260717_0019.jpg,2026-07-17 07:40:43,SC-01,smartphone,saudavel,saudavel,0.9853,agrosmart-v1,simulado,sim-2026-07
c7304098-2d1b-5392-bcad-0f93dd0d4620,SC-04_20260717_0022.jpg,2026-07-17 07:40:44,SC-04,smartphone,saudavel,saudavel,0.9855,agrosmart-v1,simulado,sim-2026-07
e8ba826a-a397-5349-a7c0-0b3910d76e2a,SC-03_20260717_0023.jpg,2026-07-17 07:40:45,SC-03,smartphone,saudavel,saudavel,0.9714,agrosmart-v1,simulado,sim-2026-07
ebb50f10-5eff-5db5-82e8-9d9abf390a49,SC-03_20260717_0024.jpg,2026-07-17 07:41:20,SC-03,smartphone,saudavel,saudavel,0.8662,agrosmart-v1,simulado,sim-2026-07
54abc00d-551c-5a36-8f87-65d1a0cfcf86,SC-01_20260717_0020.jpg,2026-07-17 07:41:31,SC-01,smartphone,saudavel,saudavel,0.9835,agrosmart-v1,simulado,sim-2026-07
b9314827-82c7-5c4f-9eac-fdb986a95f54,SC-04_20260717_0023.jpg,2026-07-17 07:41:49,SC-04,smartphone,saudavel,saudavel,0.8514,agrosmart-v1,simulado,sim-2026-07
4c7b57f7-bf94-513c-b6a5-194523ab035f,SC-04_20260717_0024.jpg,2026-07-17 07:42:13,SC-04,smartphone,saudavel,saudavel,0.9500,agrosmart-v1,simulado,sim-2026-07
3685427d-0489-5819-9cbc-d6264ecdb162,SC-01_20260717_0021.jpg,2026-07-17 07:42:18,SC-01,smartphone,saudavel,saudavel,0.9718,agrosmart-v1,simulado,sim-2026-07
2542da82-f2dc-5c5b-9bef-c14c5f3dcb94,SC-01_20260717_0022.jpg,2026-07-17 07:42:52,SC-01,smartphone,saudavel,saudavel,0.9997,agrosmart-v1,simulado,sim-2026-07
18c2b8ca-5d5c-5166-8a57-77e1123091a9,SC-04_20260717_0025.jpg,2026-07-17 07:42:59,SC-04,smartphone,saudavel,saudavel,0.9645,agrosmart-v1,simulado,sim-2026-07
0e92e2b6-75bb-56a3-bae7-15e62608f234,SC-04_20260717_0026.jpg,2026-07-17 07:43:22,SC-04,smartphone,saudavel,saudavel,0.9916,agrosmart-v1,simulado,sim-2026-07
e5131998-a133-5b05-bce1-dd16ea21c095,SC-01_20260717_0023.jpg,2026-07-17 07:43:48,SC-01,smartphone,saudavel,saudavel,0.8436,agrosmart-v1,simulado,sim-2026-07
dbb3228b-b4fd-5683-acec-35157f368fd3,SC-01_20260717_0024.jpg,2026-07-17 07:44:06,SC-01,smartphone,saudavel,saudavel,0.9969,agrosmart-v1,simulado,sim-2026-07
857ee933-fa00-5579-bfc5-5aa7f8ac2260,SC-04_20260717_0027.jpg,2026-07-17 07:44:13,SC-04,smartphone,saudavel,saudavel,0.9994,agrosmart-v1,simulado,sim-2026-07
2a1c2917-3b4e-5ab7-990a-46c39ef1321c,SC-01_20260717_0025.jpg,2026-07-17 07:44:47,SC-01,smartphone,saudavel,saudavel,0.7890,agrosmart-v1,simulado,sim-2026-07
12ca7b79-63ec-5e0a-984c-e8ac8da966ca,SC-01_20260717_0026.jpg,2026-07-17 07:45:48,SC-01,smartphone,saudavel,saudavel,0.8264,agrosmart-v1,simulado,sim-2026-07
ea4be9d7-1dbd-5a96-a78d-ac7cb790a60a,SC-01_20260717_0027.jpg,2026-07-17 07:46:12,SC-01,smartphone,saudavel,saudavel,0.8487,agrosmart-v1,simulado,sim-2026-07
863510dd-442d-5660-8974-1fffcc23d4d8,BV-02_20260717_0001.jpg,2026-07-17 08:02:07,BV-02,smartphone,saudavel,saudavel,0.9619,agrosmart-v1,simulado,sim-2026-07
f8bd90d4-2aae-5e66-936f-70c1e33996af,BV-02_20260717_0002.jpg,2026-07-17 08:02:20,BV-02,smartphone,saudavel,saudavel,0.8909,agrosmart-v1,simulado,sim-2026-07
289e5680-f309-5076-a1e3-ebdb46b8b56e,BV-02_20260717_0003.jpg,2026-07-17 08:03:27,BV-02,smartphone,saudavel,saudavel,0.9939,agrosmart-v1,simulado,sim-2026-07
027a253b-a307-5ba5-953d-240d75190586,BV-02_20260717_0004.jpg,2026-07-17 08:03:48,BV-02,smartphone,saudavel,saudavel,0.8449,agrosmart-v1,simulado,sim-2026-07
369064fa-1f63-518c-9137-e70b806939d2,BV-02_20260717_0005.jpg,2026-07-17 08:04:28,BV-02,smartphone,saudavel,saudavel,0.9972,agrosmart-v1,simulado,sim-2026-07
f857a729-1150-530f-9261-72e82769f8b0,BV-02_20260717_0006.jpg,2026-07-17 08:05:16,BV-02,smartphone,saudavel,saudavel,0.9877,agrosmart-v1,simulado,sim-2026-07
3376170c-cb02-5624-98be-925bdeb5cd12,BV-02_20260717_0007.jpg,2026-07-17 08:06:10,BV-02,smartphone,saudavel,saudavel,0.9943,agrosmart-v1,simulado,sim-2026-07
36dc66ec-8610-5b74-b01d-550e5e356113,BV-02_20260717_0008.jpg,2026-07-17 08:06:35,BV-02,smartphone,saudavel,saudavel,0.9888,agrosmart-v1,simulado,sim-2026-07
79990f37-1a94-5de2-aad5-1af8b5098ca0,BV-02_20260717_0009.jpg,2026-07-17 08:07:22,BV-02,smartphone,saudavel,saudavel,0.9498,agrosmart-v1,simulado,sim-2026-07
24bfd3a6-4856-571e-a458-49d6d84747e4,BV-02_20260717_0010.jpg,2026-07-17 08:07:48,BV-02,smartphone,saudavel,saudavel,0.9185,agrosmart-v1,simulado,sim-2026-07
bb34d5ad-583c-5660-9a70-a78c329da5fa,BV-02_20260717_0011.jpg,2026-07-17 08:08:32,BV-02,smartphone,saudavel,saudavel,0.9843,agrosmart-v1,simulado,sim-2026-07
d41efa90-cf2a-5423-9c34-e9a46293065a,BV-02_20260717_0012.jpg,2026-07-17 08:09:18,BV-02,smartphone,saudavel,saudavel,0.9199,agrosmart-v1,simulado,sim-2026-07
e46d4853-5074-5076-8f3c-7ec609be16b4,BV-02_20260717_0013.jpg,2026-07-17 08:09:49,BV-02,smartphone,saudavel,saudavel,0.9894,agrosmart-v1,simulado,sim-2026-07
60e7fd10-a6ca-5f3e-be11-aeee858b765a,BV-02_20260717_0014.jpg,2026-07-17 08:10:42,BV-02,smartphone,saudavel,saudavel,0.9061,agrosmart-v1,simulado,sim-2026-07
71d6280c-55d4-5f2d-9887-cc7cbbcc4f28,BV-02_20260717_0015.jpg,2026-07-17 08:11:13,BV-02,smartphone,saudavel,saudavel,0.9827,agrosmart-v1,simulado,sim-2026-07
13896155-f032-52e7-a7d6-c671d35c5274,BV-02_20260717_0016.jpg,2026-07-17 08:11:42,BV-02,smartphone,saudavel,saudavel,0.9997,agrosmart-v1,simulado,sim-2026-07
ac4027e8-9221-52e0-a961-92b7897cf7ab,BV-02_20260717_0017.jpg,2026-07-17 08:12:50,BV-02,smartphone,saudavel,saudavel,0.9726,agrosmart-v1,simulado,sim-2026-07
f8a6f521-77b9-5d6b-8d59-ef29b0456392,BV-02_20260717_0018.jpg,2026-07-17 08:13:24,BV-02,smartphone,saudavel,saudavel,0.9848,agrosmart-v1,simulado,sim-2026-07
c8242bfd-86d6-5830-9b63-348354dd4d53,BV-02_20260717_0019.jpg,2026-07-17 08:13:45,BV-02,smartphone,saudavel,saudavel,0.9906,agrosmart-v1,simulado,sim-2026-07
59ea69ec-5c8c-51d4-b409-d1adc33f5800,BV-02_20260717_0020.jpg,2026-07-17 08:14:30,BV-02,smartphone,saudavel,saudavel,0.9937,agrosmart-v1,simulado,sim-2026-07
dcb78fa5-e58b-5be2-8d48-c217cd755de4,BV-02_20260717_0021.jpg,2026-07-17 08:15:27,BV-02,smartphone,saudavel,saudavel,0.9999,agrosmart-v1,simulado,sim-2026-07
3d51cbc0-fe4f-556e-940e-f85bd9f66f7f,BV-02_20260717_0022.jpg,2026-07-17 08:15:52,BV-02,smartphone,saudavel,saudavel,0.8871,agrosmart-v1,simulado,sim-2026-07
83843fbe-2677-5b37-8f3b-a099b6657bd9,BV-02_20260717_0023.jpg,2026-07-17 08:16:36,BV-02,smartphone,saudavel,saudavel,0.8805,agrosmart-v1,simulado,sim-2026-07
d4da4e01-625e-5baf-b41f-b8a8256a49f4,BV-02_20260717_0024.jpg,2026-07-17 08:17:29,BV-02,smartphone,saudavel,saudavel,0.5810,agrosmart-v1,simulado,sim-2026-07
79a9c54b-c913-5533-8047-b6ec3d9ab896,BV-02_20260717_0025.jpg,2026-07-17 08:17:47,BV-02,smartphone,saudavel,saudavel,0.9548,agrosmart-v1,simulado,sim-2026-07
5e3755ce-27c8-5c24-b6b6-29c6f4a4604e,BV-02_20260717_0026.jpg,2026-07-17 08:18:28,BV-02,smartphone,saudavel,saudavel,0.8298,agrosmart-v1,simulado,sim-2026-07
7fbb17a6-f3f2-5ce8-a1cf-d1e041f1e648,TI-01_20260717_0001.jpg,2026-07-17 08:18:57,TI-01,drone,saudavel,saudavel,0.9475,agrosmart-v1,simulado,sim-2026-07
c64498ac-1e34-552a-a08a-221976593a0c,BV-02_20260717_0027.jpg,2026-07-17 08:19:26,BV-02,smartphone,saudavel,saudavel,0.9183,agrosmart-v1,simulado,sim-2026-07
15c2a8f4-75e1-5c1d-a55b-15637ebf9c73,TI-01_20260717_0002.jpg,2026-07-17 08:19:48,TI-01,drone,saudavel,saudavel,0.9795,agrosmart-v1,simulado,sim-2026-07
00cd909a-e84a-545a-bcc7-670e6ed79446,BV-02_20260717_0028.jpg,2026-07-17 08:19:49,BV-02,smartphone,saudavel,saudavel,0.9994,agrosmart-v1,simulado,sim-2026-07
b7d784f7-0426-5b0c-9a27-53911b39b837,TI-01_20260717_0003.jpg,2026-07-17 08:20:05,TI-01,drone,saudavel,saudavel,0.8874,agrosmart-v1,simulado,sim-2026-07
433d0e19-c27a-5d09-9d3f-3585e81dfbd4,BV-02_20260717_0029.jpg,2026-07-17 08:20:27,BV-02,smartphone,saudavel,saudavel,0.9916,agrosmart-v1,simulado,sim-2026-07
63b5faca-242f-5495-b39d-79b1b3de2504,TI-01_20260717_0004.jpg,2026-07-17 08:20:59,TI-01,drone,saudavel,saudavel,0.9243,agrosmart-v1,simulado,sim-2026-07
b72ce5fb-7687-5d92-9602-cbf23ca294b2,BV-02_20260717_0030.jpg,2026-07-17 08:21:26,BV-02,smartphone,saudavel,saudavel,0.8764,agrosmart-v1,simulado,sim-2026-07
b4d8820d-eb5a-5163-acd8-220305d211ee,TI-01_20260717_0005.jpg,2026-07-17 08:21:34,TI-01,drone,saudavel,saudavel,0.9621,agrosmart-v1,simulado,sim-2026-07
eeadb677-730a-5144-aad4-447bde83f8b5,BV-02_20260717_0031.jpg,2026-07-17 08:21:50,BV-02,smartphone,saudavel,saudavel,0.9973,agrosmart-v1,simulado,sim-2026-07
662cc693-5aa7-57f3-89f0-29a6431d730c,TI-01_20260717_0006.jpg,2026-07-17 08:22:07,TI-01,drone,saudavel,saudavel,0.9141,agrosmart-v1,simulado,sim-2026-07
3d9cb2b2-8c1d-5dce-ba04-d76946635a56,BV-02_20260717_0032.jpg,2026-07-17 08:22:45,BV-02,smartphone,saudavel,saudavel,0.9981,agrosmart-v1,simulado,sim-2026-07
768dcf6f-b874-581f-a5fe-46ec502c4982,TI-01_20260717_0007.jpg,2026-07-17 08:22:53,TI-01,drone,saudavel,saudavel,0.7866,agrosmart-v1,simulado,sim-2026-07
a5cdafd1-05c5-59ed-a29e-1d61dcf99bfc,BV-02_20260717_0033.jpg,2026-07-17 08:23:19,BV-02,smartphone,saudavel,saudavel,0.9608,agrosmart-v1,simulado,sim-2026-07
a44ded7f-9b2c-55d0-8986-6b33f5ec7dfd,TI-01_20260717_0008.jpg,2026-07-17 08:23:27,TI-01,drone,saudavel,saudavel,0.9772,agrosmart-v1,simulado,sim-2026-07
06240173-ad71-5b9b-9126-7d7664a93128,BV-02_20260717_0034.jpg,2026-07-17 08:23:43,BV-02,smartphone,saudavel,saudavel,0.9338,agrosmart-v1,simulado,sim-2026-07
6ac257c0-61e3-5f16-ba5c-cc52f5118803,TI-01_20260717_0009.jpg,2026-07-17 08:24:22,TI-01,drone,saudavel,saudavel,0.8764,agrosmart-v1,simulado,sim-2026-07
06cb44bd-5ec2-59e8-ab53-c3b3053f6fae,TI-01_20260717_0010.jpg,2026-07-17 08:25:01,TI-01,drone,saudavel,saudavel,0.7031,agrosmart-v1,simulado,sim-2026-07
588e50e5-8328-5036-a1b5-6a506f3dcee8,TI-04_20260717_0001.jpg,2026-07-17 08:25:42,TI-04,drone,saudavel,saudavel,0.9994,agrosmart-v1,simulado,sim-2026-07
a0018049-b13c-5cf7-9f04-82c0c39985c9,TI-01_20260717_0011.jpg,2026-07-17 08:25:48,TI-01,drone,saudavel,saudavel,0.9585,agrosmart-v1,simulado,sim-2026-07
bcb72f65-0239-51dd-bdaa-a29976603634,TI-01_20260717_0012.jpg,2026-07-17 08:26:21,TI-01,drone,doente,pinta_preta,0.9977,agrosmart-v1,simulado,sim-2026-07
8f2ef43e-3ac7-5370-981e-672cb5b19a93,TI-04_20260717_0002.jpg,2026-07-17 08:26:25,TI-04,drone,saudavel,saudavel,0.9632,agrosmart-v1,simulado,sim-2026-07
d0d1e154-da74-5455-8daf-d0dea474f179,TI-01_20260717_0013.jpg,2026-07-17 08:26:55,TI-01,drone,saudavel,saudavel,0.9300,agrosmart-v1,simulado,sim-2026-07
0bb8c04d-3fb0-5988-8dda-cb6b5b2aad88,TI-01_20260717_0014.jpg,2026-07-17 08:27:29,TI-01,drone,saudavel,saudavel,0.6457,agrosmart-v1,simulado,sim-2026-07
c70eedeb-c819-5336-8877-d2be659da346,TI-04_20260717_0003.jpg,2026-07-17 08:27:29,TI-04,drone,saudavel,saudavel,0.9191,agrosmart-v1,simulado,sim-2026-07
162cdc33-d520-58b7-ad67-437bb60be575,TI-04_20260717_0004.jpg,2026-07-17 08:28:06,TI-04,drone,saudavel,saudavel,0.9867,agrosmart-v1,simulado,sim-2026-07
93a738ba-9971-581b-b3e0-740b5e46bf20,TI-01_20260717_0015.jpg,2026-07-17 08:28:26,TI-01,drone,saudavel,saudavel,0.9997,agrosmart-v1,simulado,sim-2026-07
6f8a0b27-01de-52ed-b767-6e9aecd2f85a,TI-04_20260717_0005.jpg,2026-07-17 08:28:26,TI-04,drone,saudavel,saudavel,0.8274,agrosmart-v1,simulado,sim-2026-07
c688f342-b181-51ff-91ca-1d887694dbf2,TI-01_20260717_0016.jpg,2026-07-17 08:29:07,TI-01,drone,saudavel,saudavel,0.9706,agrosmart-v1,simulado,sim-2026-07
f1c2f12b-40b2-5c99-9a3e-7ad187c85d51,TI-04_20260717_0006.jpg,2026-07-17 08:29:13,TI-04,drone,saudavel,saudavel,0.9706,agrosmart-v1,simulado,sim-2026-07
6e1abe09-4a1a-5c7b-adfe-0ad97feafccf,TI-01_20260717_0017.jpg,2026-07-17 08:29:43,TI-01,drone,saudavel,saudavel,0.9936,agrosmart-v1,simulado,sim-2026-07
7d486952-bb05-551c-b61d-8f827cfbb67d,TI-04_20260717_0007.jpg,2026-07-17 08:29:57,TI-04,drone,saudavel,saudavel,0.9928,agrosmart-v1,simulado,sim-2026-07
2a8caa2c-e6b8-57be-b70d-b06bf8557b17,TI-01_20260717_0018.jpg,2026-07-17 08:30:21,TI-01,drone,saudavel,saudavel,1.0000,agrosmart-v1,simulado,sim-2026-07
929023ef-0ea4-510b-8ae7-3a1c9781f84a,TI-04_20260717_0008.jpg,2026-07-17 08:30:26,TI-04,drone,saudavel,saudavel,0.9149,agrosmart-v1,simulado,sim-2026-07
e1b0accb-98d4-5202-a52a-e99ce8e63412,TI-01_20260717_0019.jpg,2026-07-17 08:31:05,TI-01,drone,saudavel,saudavel,0.9730,agrosmart-v1,simulado,sim-2026-07
8cd43de5-86e4-5c03-bac1-2bfb99bcdef9,TI-04_20260717_0009.jpg,2026-07-17 08:31:24,TI-04,drone,saudavel,saudavel,0.7508,agrosmart-v1,simulado,sim-2026-07
35c28e7a-f77a-5fad-a8db-efca53330ad8,TI-01_20260717_0020.jpg,2026-07-17 08:31:30,TI-01,drone,saudavel,saudavel,0.9812,agrosmart-v1,simulado,sim-2026-07
4bcf6338-25ed-5351-abb1-65ab32eb882a,TI-04_20260717_0010.jpg,2026-07-17 08:31:52,TI-04,drone,saudavel,saudavel,0.9751,agrosmart-v1,simulado,sim-2026-07
7cf2686a-94cc-5698-bf97-ee49f93bc554,TI-01_20260717_0021.jpg,2026-07-17 08:32:03,TI-01,drone,saudavel,saudavel,0.8818,agrosmart-v1,simulado,sim-2026-07
442ab5b2-ccbc-5580-8bcd-de9a3fa8ced3,TI-04_20260717_0011.jpg,2026-07-17 08:32:26,TI-04,drone,saudavel,saudavel,0.9994,agrosmart-v1,simulado,sim-2026-07
401ed155-ed45-5306-90f9-f74a197fcba4,TI-04_20260717_0012.jpg,2026-07-17 08:33:01,TI-04,drone,saudavel,saudavel,0.9888,agrosmart-v1,simulado,sim-2026-07
33c108a7-c0af-54e1-8df6-21ff2771a0f2,TI-01_20260717_0022.jpg,2026-07-17 08:33:10,TI-01,drone,doente,pinta_preta,0.8981,agrosmart-v1,simulado,sim-2026-07
39ba3221-8359-5e23-bb6a-f8edd0f440ab,TI-01_20260717_0023.jpg,2026-07-17 08:33:46,TI-01,drone,saudavel,saudavel,0.9961,agrosmart-v1,simulado,sim-2026-07
8a8c76a3-8fda-5739-820f-326703d3fe27,TI-04_20260717_0013.jpg,2026-07-17 08:34:07,TI-04,drone,saudavel,saudavel,0.9492,agrosmart-v1,simulado,sim-2026-07
ca87c115-bdbb-5d6b-8f72-7fb100ca2819,TI-01_20260717_0024.jpg,2026-07-17 08:34:27,TI-01,drone,saudavel,saudavel,0.9747,agrosmart-v1,simulado,sim-2026-07
8df1953c-54a6-5387-bb33-e27d089cc887,TI-04_20260717_0014.jpg,2026-07-17 08:34:33,TI-04,drone,saudavel,saudavel,0.9521,agrosmart-v1,simulado,sim-2026-07
fc99b355-5d6b-5827-a0ad-2ff4128ee95c,TI-01_20260717_0025.jpg,2026-07-17 08:34:47,TI-01,drone,saudavel,saudavel,0.9941,agrosmart-v1,simulado,sim-2026-07
de5d309e-8c9c-5c83-8e64-75da9ffb0f91,TI-04_20260717_0015.jpg,2026-07-17 08:35:24,TI-04,drone,saudavel,saudavel,0.9988,agrosmart-v1,simulado,sim-2026-07
9122e610-97b0-518c-98aa-7a283cc02bcd,TI-01_20260717_0026.jpg,2026-07-17 08:35:44,TI-01,drone,doente,pinta_preta,0.8592,agrosmart-v1,simulado,sim-2026-07
bae54560-1743-5d22-b706-ed070fdfe4dc,TI-04_20260717_0016.jpg,2026-07-17 08:35:54,TI-04,drone,saudavel,saudavel,0.9794,agrosmart-v1,simulado,sim-2026-07
f8f33aa4-82ac-5be9-97bb-320c8abfc4e6,TI-01_20260717_0027.jpg,2026-07-17 08:36:09,TI-01,drone,saudavel,saudavel,0.8576,agrosmart-v1,simulado,sim-2026-07
b7fb6beb-e5cb-5b8e-8026-a7fc50a83a48,TI-04_20260717_0017.jpg,2026-07-17 08:36:26,TI-04,drone,saudavel,saudavel,0.9680,agrosmart-v1,simulado,sim-2026-07
896e91d2-5ef9-536d-a53e-a343b05b8b09,TI-01_20260717_0028.jpg,2026-07-17 08:36:58,TI-01,drone,saudavel,saudavel,0.9894,agrosmart-v1,simulado,sim-2026-07
e877d9ca-f98a-5877-81ce-1e29d01150f7,TI-04_20260717_0018.jpg,2026-07-17 08:37:30,TI-04,drone,saudavel,saudavel,0.9730,agrosmart-v1,simulado,sim-2026-07
3460b982-4191-538e-a97f-7a3ff9a00b8c,TI-01_20260717_0029.jpg,2026-07-17 08:37:33,TI-01,drone,saudavel,saudavel,0.9894,agrosmart-v1,simulado,sim-2026-07
68731b07-b6be-5e90-822c-14d79ffb4aa0,TI-04_20260717_0019.jpg,2026-07-17 08:37:46,TI-04,drone,saudavel,saudavel,0.9989,agrosmart-v1,simulado,sim-2026-07
77c81950-ee96-5010-b5b9-9a2d6b412a52,TI-01_20260717_0030.jpg,2026-07-17 08:38:10,TI-01,drone,saudavel,saudavel,0.9968,agrosmart-v1,simulado,sim-2026-07
cd6f067b-de22-5b25-8b02-6b0d580679b5,TI-04_20260717_0020.jpg,2026-07-17 08:38:33,TI-04,drone,saudavel,saudavel,0.9972,agrosmart-v1,simulado,sim-2026-07
66d0a265-b1f7-5520-a63b-2fd911203a85,TI-01_20260717_0031.jpg,2026-07-17 08:38:49,TI-01,drone,saudavel,saudavel,0.9999,agrosmart-v1,simulado,sim-2026-07
186acea5-2e17-5e96-8c0b-3acc17e4f5f5,TI-04_20260717_0021.jpg,2026-07-17 08:39:16,TI-04,drone,saudavel,saudavel,0.8852,agrosmart-v1,simulado,sim-2026-07
9666af9e-d6bb-5ac1-b14d-10dfcba62618,TI-01_20260717_0032.jpg,2026-07-17 08:39:50,TI-01,drone,saudavel,saudavel,0.9967,agrosmart-v1,simulado,sim-2026-07
ff08baf8-47e7-58a6-89b4-40b2af074df1,TI-04_20260717_0022.jpg,2026-07-17 08:40:02,TI-04,drone,saudavel,saudavel,0.9985,agrosmart-v1,simulado,sim-2026-07
ab84dbd1-9b98-5d75-b0f5-7de862823f9f,TI-01_20260717_0033.jpg,2026-07-17 08:40:27,TI-01,drone,saudavel,saudavel,0.5759,agrosmart-v1,simulado,sim-2026-07
0f72944a-1a46-5407-bb11-1df75d4dd636,TI-04_20260717_0023.jpg,2026-07-17 08:40:47,TI-04,drone,saudavel,saudavel,0.9660,agrosmart-v1,simulado,sim-2026-07
7c3b1596-9fcb-55eb-838e-713491975035,TI-04_20260717_0024.jpg,2026-07-17 08:41:02,TI-04,drone,saudavel,saudavel,0.9961,agrosmart-v1,simulado,sim-2026-07
f2bd666a-5124-5960-9c16-79516180eff8,TI-01_20260717_0034.jpg,2026-07-17 08:41:05,TI-01,drone,saudavel,saudavel,0.9981,agrosmart-v1,simulado,sim-2026-07
ce2f6abf-adfc-5a06-92d3-4590d2d51231,TI-01_20260717_0035.jpg,2026-07-17 08:41:33,TI-01,drone,saudavel,saudavel,0.9549,agrosmart-v1,simulado,sim-2026-07
f6a1b1ed-d2ad-5f1a-a209-4180bb9907db,TI-04_20260717_0025.jpg,2026-07-17 08:41:47,TI-04,drone,saudavel,saudavel,0.9160,agrosmart-v1,simulado,sim-2026-07
761d3c90-895f-590b-85c3-52b0e0dbbe07,TI-01_20260717_0036.jpg,2026-07-17 08:42:08,TI-01,drone,saudavel,saudavel,0.8523,agrosmart-v1,simulado,sim-2026-07
e7de59db-3d30-5987-ad84-e89bdb50a064,TI-04_20260717_0026.jpg,2026-07-17 08:42:26,TI-04,drone,saudavel,saudavel,0.9975,agrosmart-v1,simulado,sim-2026-07
a5d9b240-89cc-5c32-b27e-d38dd43bb1a3,TI-01_20260717_0037.jpg,2026-07-17 08:43:05,TI-01,drone,saudavel,saudavel,0.9993,agrosmart-v1,simulado,sim-2026-07
16f4e717-0517-5602-9680-cf15fa35c48b,TI-03_20260717_0001.jpg,2026-07-17 08:43:08,TI-03,drone,saudavel,saudavel,0.9019,agrosmart-v1,simulado,sim-2026-07
9ad0ed3e-d28b-54f3-951f-6dae7ed4d73f,TI-04_20260717_0027.jpg,2026-07-17 08:43:08,TI-04,drone,saudavel,saudavel,0.9604,agrosmart-v1,simulado,sim-2026-07
440d7a3b-26a8-55db-a9a0-1e11b3730278,TI-01_20260717_0038.jpg,2026-07-17 08:43:36,TI-01,drone,saudavel,saudavel,0.9112,agrosmart-v1,simulado,sim-2026-07
2363d9d1-f0e9-59a5-8e95-83d2eafc369e,TI-03_20260717_0002.jpg,2026-07-17 08:43:38,TI-03,drone,saudavel,saudavel,0.9906,agrosmart-v1,simulado,sim-2026-07
dab487eb-a274-52ab-97b1-878a952ee5be,TI-03_20260717_0003.jpg,2026-07-17 08:44:00,TI-03,drone,saudavel,saudavel,0.6011,agrosmart-v1,simulado,sim-2026-07
71bb89cb-16ab-58c6-9fa3-d2c47caf2369,TI-04_20260717_0028.jpg,2026-07-17 08:44:03,TI-04,drone,saudavel,saudavel,0.9055,agrosmart-v1,simulado,sim-2026-07
231a0d14-1001-5d1f-a943-d5a913a6e3a5,TI-01_20260717_0039.jpg,2026-07-17 08:44:16,TI-01,drone,saudavel,saudavel,0.9812,agrosmart-v1,simulado,sim-2026-07
e9e44afd-b3cd-549f-b0a0-1458b4ac457f,TI-04_20260717_0029.jpg,2026-07-17 08:44:22,TI-04,drone,saudavel,saudavel,0.9683,agrosmart-v1,simulado,sim-2026-07
499b232f-f998-54e7-9239-e586dfa5a2db,TI-03_20260717_0004.jpg,2026-07-17 08:44:56,TI-03,drone,saudavel,saudavel,0.9980,agrosmart-v1,simulado,sim-2026-07
64195008-78e4-54cd-99c7-a7040a2942c3,TI-01_20260717_0040.jpg,2026-07-17 08:45:05,TI-01,drone,saudavel,saudavel,0.9322,agrosmart-v1,simulado,sim-2026-07
02a92517-e73f-5187-b3e8-34803637b8c3,TI-04_20260717_0030.jpg,2026-07-17 08:45:10,TI-04,drone,saudavel,saudavel,0.9690,agrosmart-v1,simulado,sim-2026-07
d9e9ebc7-934d-5ac0-ae76-369fe7393cf2,TI-01_20260717_0041.jpg,2026-07-17 08:45:20,TI-01,drone,saudavel,saudavel,0.9842,agrosmart-v1,simulado,sim-2026-07
429672b2-133f-5acf-b836-40617b1637ff,TI-03_20260717_0005.jpg,2026-07-17 08:45:30,TI-03,drone,doente,mosca_minadora,0.9688,agrosmart-v1,simulado,sim-2026-07
10c70d06-5255-55ab-9bd7-63f867e5da0c,TI-04_20260717_0031.jpg,2026-07-17 08:46:03,TI-04,drone,saudavel,saudavel,0.9715,agrosmart-v1,simulado,sim-2026-07
1dd73b97-cd08-5205-83b7-555c16a6ab2b,TI-03_20260717_0006.jpg,2026-07-17 08:46:17,TI-03,drone,saudavel,saudavel,0.9759,agrosmart-v1,simulado,sim-2026-07
fac42d97-5ce1-54ec-8655-5addf8385e88,TI-01_20260717_0042.jpg,2026-07-17 08:46:26,TI-01,drone,saudavel,saudavel,0.9554,agrosmart-v1,simulado,sim-2026-07
b3591922-7221-5d07-a558-5a07bd166672,TI-04_20260717_0032.jpg,2026-07-17 08:46:37,TI-04,drone,saudavel,saudavel,0.8839,agrosmart-v1,simulado,sim-2026-07
910d2857-2a4d-5b2c-b99e-4c502a3f1938,TI-03_20260717_0007.jpg,2026-07-17 08:46:55,TI-03,drone,saudavel,saudavel,0.9933,agrosmart-v1,simulado,sim-2026-07
bb5a1fec-832d-52df-b577-db9135043198,TI-01_20260717_0043.jpg,2026-07-17 08:47:03,TI-01,drone,saudavel,saudavel,0.8781,agrosmart-v1,simulado,sim-2026-07
9a1b180c-8b0a-530b-affe-ac3610df07b9,TI-04_20260717_0033.jpg,2026-07-17 08:47:24,TI-04,drone,saudavel,saudavel,0.8365,agrosmart-v1,simulado,sim-2026-07
97ec4d86-c79e-56b8-add9-54de14596fa8,TI-03_20260717_0008.jpg,2026-07-17 08:47:33,TI-03,drone,saudavel,saudavel,0.9333,agrosmart-v1,simulado,sim-2026-07
07148545-205c-56ad-8c74-066d67bdf751,TI-01_20260717_0044.jpg,2026-07-17 08:47:39,TI-01,drone,saudavel,saudavel,0.9606,agrosmart-v1,simulado,sim-2026-07
d010f52d-4289-5f0e-88cc-daf4f6f49caf,TI-04_20260717_0034.jpg,2026-07-17 08:48:03,TI-04,drone,saudavel,saudavel,0.8824,agrosmart-v1,simulado,sim-2026-07
c01b9905-55fa-527f-ab2e-b5b565cbcc82,TI-01_20260717_0045.jpg,2026-07-17 08:48:06,TI-01,drone,saudavel,saudavel,0.9194,agrosmart-v1,simulado,sim-2026-07
8a665ec3-e673-5b59-ba6c-dc0bc03a60f0,TI-03_20260717_0009.jpg,2026-07-17 08:48:28,TI-03,drone,saudavel,saudavel,0.9995,agrosmart-v1,simulado,sim-2026-07
a7c26580-9bb3-5bf8-aa01-b4992a6b8077,TI-04_20260717_0035.jpg,2026-07-17 08:48:31,TI-04,drone,saudavel,saudavel,0.8789,agrosmart-v1,simulado,sim-2026-07
ab7228b1-e7a4-570e-a685-7b02374e2367,TI-01_20260717_0046.jpg,2026-07-17 08:48:41,TI-01,drone,saudavel,saudavel,0.8398,agrosmart-v1,simulado,sim-2026-07
55c4bcdf-b460-578a-b5b9-b901196851f2,TI-03_20260717_0010.jpg,2026-07-17 08:48:47,TI-03,drone,saudavel,saudavel,0.9648,agrosmart-v1,simulado,sim-2026-07
deca35de-de62-54b6-8f9b-427489375d8d,TI-04_20260717_0036.jpg,2026-07-17 08:49:19,TI-04,drone,saudavel,saudavel,0.9479,agrosmart-v1,simulado,sim-2026-07
d9e6157e-835c-546b-9f6c-1078ac2ca3f9,TI-03_20260717_0011.jpg,2026-07-17 08:49:28,TI-03,drone,doente,mosca_minadora,0.9976,agrosmart-v1,simulado,sim-2026-07
e96b5f03-2471-5060-b841-f6ed7413b46d,TI-01_20260717_0047.jpg,2026-07-17 08:49:49,TI-01,drone,saudavel,saudavel,0.9230,agrosmart-v1,simulado,sim-2026-07
34f66dd7-1b62-58c8-bdac-84edf470938b,TI-04_20260717_0037.jpg,2026-07-17 08:49:58,TI-04,drone,saudavel,saudavel,0.8283,agrosmart-v1,simulado,sim-2026-07
f3abb33a-d1c1-5387-a586-8569e9e5e8c0,TI-01_20260717_0048.jpg,2026-07-17 08:50:26,TI-01,drone,saudavel,saudavel,0.9948,agrosmart-v1,simulado,sim-2026-07
7fad9a29-a666-5cdc-b3ac-d815e25acadf,TI-03_20260717_0012.jpg,2026-07-17 08:50:28,TI-03,drone,saudavel,saudavel,0.8923,agrosmart-v1,simulado,sim-2026-07
96d8c57c-30f2-5fcb-8971-633129d29c90,TI-04_20260717_0038.jpg,2026-07-17 08:50:31,TI-04,drone,saudavel,saudavel,0.9711,agrosmart-v1,simulado,sim-2026-07
91406e3f-9131-53e7-aa59-39527d1e2ef8,TI-03_20260717_0013.jpg,2026-07-17 08:50:50,TI-03,drone,saudavel,saudavel,0.9993,agrosmart-v1,simulado,sim-2026-07
9ea7b78f-c593-5185-af4a-b4ed5b33bae7,TI-01_20260717_0049.jpg,2026-07-17 08:51:00,TI-01,drone,saudavel,saudavel,0.8253,agrosmart-v1,simulado,sim-2026-07
0ce01aea-c3ef-5cc7-9f4e-1278231ee5a6,TI-04_20260717_0039.jpg,2026-07-17 08:51:12,TI-04,drone,saudavel,saudavel,0.9206,agrosmart-v1,simulado,sim-2026-07
a9387ebb-6542-5fa1-9b28-9b01bb08e806,TI-03_20260717_0014.jpg,2026-07-17 08:51:30,TI-03,drone,saudavel,saudavel,0.9352,agrosmart-v1,simulado,sim-2026-07
c08b38ff-ca01-5a18-b7c2-e79c85bb0499,TI-04_20260717_0040.jpg,2026-07-17 08:51:46,TI-04,drone,saudavel,saudavel,0.8695,agrosmart-v1,simulado,sim-2026-07
6f274faf-6370-571e-b998-ec68535ad838,TI-03_20260717_0015.jpg,2026-07-17 08:52:22,TI-03,drone,saudavel,saudavel,0.9133,agrosmart-v1,simulado,sim-2026-07
a39e2aea-626f-521f-84f2-d53c226dc870,TI-04_20260717_0041.jpg,2026-07-17 08:52:26,TI-04,drone,saudavel,saudavel,0.9704,agrosmart-v1,simulado,sim-2026-07
e617aed7-5c5b-54c6-9b77-68d4ca79af3e,BV-01_20260717_0001.jpg,2026-07-17 08:52:44,BV-01,smartphone,saudavel,saudavel,0.9940,agrosmart-v1,simulado,sim-2026-07
4501febc-f35a-5734-bb06-005a2ac027bd,TI-03_20260717_0016.jpg,2026-07-17 08:53:02,TI-03,drone,saudavel,saudavel,0.9845,agrosmart-v1,simulado,sim-2026-07
4e682473-d093-5169-9f18-0d3526e2a591,BV-01_20260717_0002.jpg,2026-07-17 08:53:25,BV-01,smartphone,saudavel,saudavel,0.9657,agrosmart-v1,simulado,sim-2026-07
ce78332a-3dc8-510a-b20e-ea6472a00614,TI-04_20260717_0042.jpg,2026-07-17 08:53:28,TI-04,drone,saudavel,saudavel,0.9991,agrosmart-v1,simulado,sim-2026-07
dfb873e8-8fcb-55ca-b00d-51e1a8e82cae,TI-03_20260717_0017.jpg,2026-07-17 08:53:37,TI-03,drone,saudavel,saudavel,0.9868,agrosmart-v1,simulado,sim-2026-07
56b5768d-9404-5fa2-96fd-6e67d02a9f32,TI-04_20260717_0043.jpg,2026-07-17 08:53:44,TI-04,drone,saudavel,saudavel,0.8692,agrosmart-v1,simulado,sim-2026-07
88bdabf5-1827-521d-bd18-b944da4781ff,TI-03_20260717_0018.jpg,2026-07-17 08:54:22,TI-03,drone,saudavel,saudavel,0.9810,agrosmart-v1,simulado,sim-2026-07
473b0676-e061-52a1-9e5b-cd73051e0bb1,BV-01_20260717_0003.jpg,2026-07-17 08:54:29,BV-01,smartphone,saudavel,saudavel,0.9649,agrosmart-v1,simulado,sim-2026-07
06a650ec-04eb-569b-b858-1f35deb948d4,TI-03_20260717_0019.jpg,2026-07-17 08:54:53,TI-03,drone,doente,mosca_minadora,0.9586,agrosmart-v1,simulado,sim-2026-07
f07d51c7-6718-54f0-a627-9975ab95e73a,BV-01_20260717_0004.jpg,2026-07-17 08:54:57,BV-01,smartphone,saudavel,saudavel,0.9563,agrosmart-v1,simulado,sim-2026-07
38a71c25-6dcd-5a85-8372-7ee3fbd321c0,BV-01_20260717_0005.jpg,2026-07-17 08:55:47,BV-01,smartphone,saudavel,saudavel,0.9780,agrosmart-v1,simulado,sim-2026-07
509bb742-dc72-5b64-b716-62844c1601ad,TI-03_20260717_0020.jpg,2026-07-17 08:55:50,TI-03,drone,saudavel,saudavel,0.8955,agrosmart-v1,simulado,sim-2026-07
fc0ff1e8-24cf-5b2c-9284-4a0695f8a060,BV-01_20260717_0006.jpg,2026-07-17 08:56:09,BV-01,smartphone,saudavel,saudavel,0.9949,agrosmart-v1,simulado,sim-2026-07
d48c4b4e-f275-57be-916d-7a1423be9d0e,TI-03_20260717_0021.jpg,2026-07-17 08:56:28,TI-03,drone,saudavel,saudavel,0.9886,agrosmart-v1,simulado,sim-2026-07
d0db851b-4525-5091-a93f-0146b02ca739,TI-03_20260717_0022.jpg,2026-07-17 08:56:40,TI-03,drone,saudavel,saudavel,0.8830,agrosmart-v1,simulado,sim-2026-07
130091d4-50a1-51a9-80f0-488fb20fe641,BV-01_20260717_0007.jpg,2026-07-17 08:56:48,BV-01,smartphone,saudavel,saudavel,0.9208,agrosmart-v1,simulado,sim-2026-07
9f3631f4-fa74-523d-b650-cfcfa1947754,TI-02_20260717_0001.jpg,2026-07-17 08:56:48,TI-02,drone,saudavel,saudavel,0.8393,agrosmart-v1,simulado,sim-2026-07
1c7ff023-1d8d-50e3-9482-aaf02617297d,BV-01_20260717_0008.jpg,2026-07-17 08:57:20,BV-01,smartphone,saudavel,saudavel,0.9414,agrosmart-v1,simulado,sim-2026-07
eb1612df-53f1-54ea-9db0-afab68bb6232,TI-02_20260717_0002.jpg,2026-07-17 08:57:22,TI-02,drone,saudavel,saudavel,0.9063,agrosmart-v1,simulado,sim-2026-07
92819aa7-b65a-54a7-913a-fdf99101e831,TI-03_20260717_0023.jpg,2026-07-17 08:57:31,TI-03,drone,saudavel,saudavel,0.9953,agrosmart-v1,simulado,sim-2026-07
8e953d15-2c21-513d-847f-0740e6c3a1b4,BV-01_20260717_0009.jpg,2026-07-17 08:58:02,BV-01,smartphone,saudavel,saudavel,0.9553,agrosmart-v1,simulado,sim-2026-07
7a9d5968-2ac3-56b2-bd83-ec560ceb62bd,TI-02_20260717_0003.jpg,2026-07-17 08:58:06,TI-02,drone,saudavel,saudavel,0.8989,agrosmart-v1,simulado,sim-2026-07
bf172c00-dc01-5fd4-83ec-7e933f9f8056,TI-03_20260717_0024.jpg,2026-07-17 08:58:20,TI-03,drone,doente,pinta_preta,0.9400,agrosmart-v1,simulado,sim-2026-07
f5d8f9e8-bf31-5243-8e20-ee336b8ddc8f,TI-03_20260717_0025.jpg,2026-07-17 08:58:43,TI-03,drone,saudavel,saudavel,0.8640,agrosmart-v1,simulado,sim-2026-07
e7f856de-2c8a-5083-a6bc-d5a0595f5206,BV-01_20260717_0010.jpg,2026-07-17 08:58:50,BV-01,smartphone,saudavel,saudavel,0.7040,agrosmart-v1,simulado,sim-2026-07
65b2ff44-dc30-572f-8782-7f89624a58e4,TI-02_20260717_0004.jpg,2026-07-17 08:58:59,TI-02,drone,saudavel,saudavel,0.8257,agrosmart-v1,simulado,sim-2026-07
97a8026f-6f27-5ae0-aefe-69d499a214d7,BV-01_20260717_0011.jpg,2026-07-17 08:59:32,BV-01,smartphone,saudavel,saudavel,0.8446,agrosmart-v1,simulado,sim-2026-07
b758ee0b-059a-55ff-b3f1-c1141078d9e4,TI-02_20260717_0005.jpg,2026-07-17 08:59:34,TI-02,drone,saudavel,saudavel,0.9693,agrosmart-v1,simulado,sim-2026-07
1db9f64d-510b-572b-b5e1-a2bf9315c002,TI-03_20260717_0026.jpg,2026-07-17 08:59:42,TI-03,drone,saudavel,saudavel,0.8479,agrosmart-v1,simulado,sim-2026-07
c9994e64-e853-5a2f-adf7-63b271b264f5,BV-01_20260717_0012.jpg,2026-07-17 09:00:10,BV-01,smartphone,saudavel,saudavel,0.9988,agrosmart-v1,simulado,sim-2026-07
7da39944-6ae5-5f0c-965d-d93ca8bc61f5,TI-03_20260717_0027.jpg,2026-07-17 09:00:22,TI-03,drone,saudavel,saudavel,0.9977,agrosmart-v1,simulado,sim-2026-07
4d75521b-e00c-541f-8068-e5654802f536,TI-02_20260717_0006.jpg,2026-07-17 09:00:27,TI-02,drone,saudavel,saudavel,1.0000,agrosmart-v1,simulado,sim-2026-07
b34a2769-8fef-5a3b-ba48-03c50ed41a48,TI-03_20260717_0028.jpg,2026-07-17 09:00:45,TI-03,drone,saudavel,saudavel,0.9948,agrosmart-v1,simulado,sim-2026-07
f0aa7ebf-9feb-52dd-8b13-526c8c4090a2,TI-02_20260717_0007.jpg,2026-07-17 09:00:55,TI-02,drone,saudavel,saudavel,0.9798,agrosmart-v1,simulado,sim-2026-07
32847b7c-b9aa-57ec-bc96-428ed19e750b,BV-01_20260717_0013.jpg,2026-07-17 09:01:01,BV-01,smartphone,saudavel,saudavel,0.9289,agrosmart-v1,simulado,sim-2026-07
709a92fa-48de-5ae7-a604-7fd7df3eff80,TI-02_20260717_0008.jpg,2026-07-17 09:01:21,TI-02,drone,saudavel,saudavel,0.9135,agrosmart-v1,simulado,sim-2026-07
8386f8a8-5254-514a-9e22-821b30755b87,BV-01_20260717_0014.jpg,2026-07-17 09:01:41,BV-01,smartphone,saudavel,saudavel,0.7818,agrosmart-v1,simulado,sim-2026-07
8d2d275b-f79c-5106-b1d5-ae2e74dfabbe,TI-03_20260717_0029.jpg,2026-07-17 09:01:43,TI-03,drone,saudavel,saudavel,0.8242,agrosmart-v1,simulado,sim-2026-07
24871261-97ff-5d01-9901-d9c325530f46,TI-02_20260717_0009.jpg,2026-07-17 09:02:09,TI-02,drone,saudavel,saudavel,0.9755,agrosmart-v1,simulado,sim-2026-07
84befeda-a34b-54e7-be54-c6f976f2f120,TI-03_20260717_0030.jpg,2026-07-17 09:02:22,TI-03,drone,saudavel,saudavel,0.9526,agrosmart-v1,simulado,sim-2026-07
46fc10d1-7150-58f2-9882-6f22cda3cabe,BV-01_20260717_0015.jpg,2026-07-17 09:02:30,BV-01,smartphone,saudavel,saudavel,0.8384,agrosmart-v1,simulado,sim-2026-07
dc7e76ed-d6d9-5c42-a4cc-77c4568d2031,TI-02_20260717_0010.jpg,2026-07-17 09:03:07,TI-02,drone,saudavel,saudavel,1.0000,agrosmart-v1,simulado,sim-2026-07
6cebce40-8fe0-54f7-936a-229aeeb9f166,TI-03_20260717_0031.jpg,2026-07-17 09:03:07,TI-03,drone,saudavel,saudavel,0.9750,agrosmart-v1,simulado,sim-2026-07
b08d8006-926e-530a-87f8-987a5ab5b665,BV-01_20260717_0016.jpg,2026-07-17 09:03:09,BV-01,smartphone,saudavel,saudavel,0.9417,agrosmart-v1,simulado,sim-2026-07
355d4434-6597-597a-b39c-81aa281ee700,BV-01_20260717_0017.jpg,2026-07-17 09:03:21,BV-01,smartphone,saudavel,saudavel,0.9856,agrosmart-v1,simulado,sim-2026-07
3b333044-fc56-5d12-8322-617ba1ef1fe7,TI-03_20260717_0032.jpg,2026-07-17 09:03:46,TI-03,drone,saudavel,saudavel,0.8903,agrosmart-v1,simulado,sim-2026-07
5fe58da9-4088-5254-9a6c-96b562533b65,TI-02_20260717_0011.jpg,2026-07-17 09:03:47,TI-02,drone,saudavel,saudavel,0.9998,agrosmart-v1,simulado,sim-2026-07
dadb91a1-58d8-5027-b29b-0f86d4d23dea,TI-02_20260717_0012.jpg,2026-07-17 09:04:08,TI-02,drone,saudavel,saudavel,0.8808,agrosmart-v1,simulado,sim-2026-07
d48f0abe-2190-57b1-9554-68fa6cb58810,BV-01_20260717_0018.jpg,2026-07-17 09:04:23,BV-01,smartphone,saudavel,saudavel,0.8369,agrosmart-v1,simulado,sim-2026-07
1426fc63-d3db-5acb-87d1-041969019b22,TI-03_20260717_0033.jpg,2026-07-17 09:04:23,TI-03,drone,saudavel,saudavel,0.9936,agrosmart-v1,simulado,sim-2026-07
aa06ae52-2ca6-58c8-aeef-9ee93c916223,BV-01_20260717_0019.jpg,2026-07-17 09:04:52,BV-01,smartphone,saudavel,saudavel,0.9896,agrosmart-v1,simulado,sim-2026-07
e77bb6ca-96d6-583f-9ecf-e56ab36e42b2,TI-02_20260717_0013.jpg,2026-07-17 09:05:07,TI-02,drone,saudavel,saudavel,0.9998,agrosmart-v1,simulado,sim-2026-07
8307cf0f-e37f-5fe1-a84a-254594b62b1a,TI-03_20260717_0034.jpg,2026-07-17 09:05:07,TI-03,drone,saudavel,saudavel,0.8453,agrosmart-v1,simulado,sim-2026-07
793431fa-4d7d-5030-97d0-50dc44bc9210,TI-02_20260717_0014.jpg,2026-07-17 09:05:28,TI-02,drone,saudavel,saudavel,0.9275,agrosmart-v1,simulado,sim-2026-07
f54cf663-c1d7-5d44-b9dd-2d8f45ec2a11,BV-01_20260717_0020.jpg,2026-07-17 09:05:32,BV-01,smartphone,saudavel,saudavel,0.8692,agrosmart-v1,simulado,sim-2026-07
5e609322-efcd-584d-993e-34c4d8ed8cd7,BV-03_20260717_0001.jpg,2026-07-17 09:05:46,BV-03,smartphone,saudavel,saudavel,0.9963,agrosmart-v1,simulado,sim-2026-07
bfd79c7e-5d44-5f31-970b-fc7a6f8ae9bc,TI-03_20260717_0035.jpg,2026-07-17 09:05:49,TI-03,drone,saudavel,saudavel,0.9080,agrosmart-v1,simulado,sim-2026-07
bcc51d65-fc33-5bea-af2a-675d30087524,BV-01_20260717_0021.jpg,2026-07-17 09:06:24,BV-01,smartphone,saudavel,saudavel,0.9246,agrosmart-v1,simulado,sim-2026-07
cf9d29bd-feb4-586b-bcde-9b0a358313df,TI-02_20260717_0015.jpg,2026-07-17 09:06:25,TI-02,drone,saudavel,saudavel,0.9641,agrosmart-v1,simulado,sim-2026-07
2e2510fe-1dc4-5eef-8b47-6e3e53ef2b31,TI-03_20260717_0036.jpg,2026-07-17 09:06:29,TI-03,drone,saudavel,saudavel,0.9067,agrosmart-v1,simulado,sim-2026-07
075d2228-f9c3-51ca-a034-2cb198fd5f15,BV-03_20260717_0002.jpg,2026-07-17 09:06:42,BV-03,smartphone,saudavel,saudavel,0.8888,agrosmart-v1,simulado,sim-2026-07
35a27b21-ae92-58e4-a075-da5977f04e58,TI-03_20260717_0037.jpg,2026-07-17 09:06:42,TI-03,drone,doente,mosca_minadora,0.9974,agrosmart-v1,simulado,sim-2026-07
be10bdea-548e-5dc3-9c04-84310c543721,BV-01_20260717_0022.jpg,2026-07-17 09:06:44,BV-01,smartphone,saudavel,saudavel,0.9566,agrosmart-v1,simulado,sim-2026-07
fdcb4941-a5c6-500f-b302-f698deab2f88,TI-02_20260717_0016.jpg,2026-07-17 09:06:47,TI-02,drone,saudavel,saudavel,0.9869,agrosmart-v1,simulado,sim-2026-07
29db13fd-7c60-52cf-8f10-4c163d2cb657,BV-03_20260717_0003.jpg,2026-07-17 09:07:18,BV-03,smartphone,saudavel,saudavel,0.9705,agrosmart-v1,simulado,sim-2026-07
9737dc01-6fde-59d7-8668-3b375304a0bf,TI-02_20260717_0017.jpg,2026-07-17 09:07:42,TI-02,drone,saudavel,saudavel,0.9856,agrosmart-v1,simulado,sim-2026-07
f714e554-5055-5638-a7cd-cece0813ac34,BV-01_20260717_0023.jpg,2026-07-17 09:07:45,BV-01,smartphone,saudavel,saudavel,0.8530,agrosmart-v1,simulado,sim-2026-07
28b980bc-d373-5d3c-9233-f3c161fb22bf,BV-03_20260717_0004.jpg,2026-07-17 09:07:45,BV-03,smartphone,saudavel,saudavel,0.8471,agrosmart-v1,simulado,sim-2026-07
dbc3216a-061c-58a0-a78c-576465f60be4,TI-02_20260717_0018.jpg,2026-07-17 09:08:01,TI-02,drone,saudavel,saudavel,0.9558,agrosmart-v1,simulado,sim-2026-07
ab948476-2443-504b-b93a-0e4d14b734aa,BV-01_20260717_0024.jpg,2026-07-17 09:08:11,BV-01,smartphone,saudavel,saudavel,0.8754,agrosmart-v1,simulado,sim-2026-07
6f1eefdf-bacd-5e55-af0a-35a43fd3081b,BV-03_20260717_0005.jpg,2026-07-17 09:08:44,BV-03,smartphone,saudavel,saudavel,0.9719,agrosmart-v1,simulado,sim-2026-07
1e4d08ac-90d7-50b3-a7ff-6cac408ea8d1,TI-02_20260717_0019.jpg,2026-07-17 09:08:52,TI-02,drone,saudavel,saudavel,0.8437,agrosmart-v1,simulado,sim-2026-07
97d7feb8-9203-5644-8c38-891f92de50e8,BV-01_20260717_0025.jpg,2026-07-17 09:08:55,BV-01,smartphone,saudavel,saudavel,0.9729,agrosmart-v1,simulado,sim-2026-07
3a87a145-436f-5f8c-b256-3fcf59f3a22e,BV-03_20260717_0006.jpg,2026-07-17 09:09:30,BV-03,smartphone,saudavel,saudavel,0.9314,agrosmart-v1,simulado,sim-2026-07
04c0e2a4-f7ca-5262-a1b6-e2edb12a45c9,BV-01_20260717_0026.jpg,2026-07-17 09:09:39,BV-01,smartphone,saudavel,saudavel,0.8970,agrosmart-v1,simulado,sim-2026-07
2c32625e-086f-503f-bc9c-c2bcdde9f936,TI-02_20260717_0020.jpg,2026-07-17 09:09:41,TI-02,drone,saudavel,saudavel,0.9669,agrosmart-v1,simulado,sim-2026-07
2bcd5254-6aa4-584e-b90f-2e8ffe121eee,BV-03_20260717_0007.jpg,2026-07-17 09:09:45,BV-03,smartphone,saudavel,saudavel,0.9653,agrosmart-v1,simulado,sim-2026-07
0161da7a-7fc9-5b77-8c75-a869c2594f43,BV-01_20260717_0027.jpg,2026-07-17 09:10:19,BV-01,smartphone,saudavel,saudavel,0.9284,agrosmart-v1,simulado,sim-2026-07
47a37960-8f04-5038-8b18-6d2caab296c1,TI-02_20260717_0021.jpg,2026-07-17 09:10:23,TI-02,drone,saudavel,saudavel,0.9405,agrosmart-v1,simulado,sim-2026-07
d470b1cd-4bff-55ad-8262-595db29f969b,BV-03_20260717_0008.jpg,2026-07-17 09:10:39,BV-03,smartphone,saudavel,saudavel,0.9954,agrosmart-v1,simulado,sim-2026-07
3a981fc3-16a9-5e26-8cff-bf81345063be,BV-01_20260717_0028.jpg,2026-07-17 09:10:56,BV-01,smartphone,saudavel,saudavel,0.9613,agrosmart-v1,simulado,sim-2026-07
ccc74d25-97fa-5210-9e94-322d4bf99f89,TI-02_20260717_0022.jpg,2026-07-17 09:11:05,TI-02,drone,saudavel,saudavel,0.9519,agrosmart-v1,simulado,sim-2026-07
c246ec53-3444-5dd7-b990-7f6d30ed3508,TI-02_20260717_0023.jpg,2026-07-17 09:11:21,TI-02,drone,saudavel,saudavel,0.9813,agrosmart-v1,simulado,sim-2026-07
f3b3671a-77f9-526e-b207-2522e3e4ecec,BV-03_20260717_0009.jpg,2026-07-17 09:11:27,BV-03,smartphone,saudavel,saudavel,0.9964,agrosmart-v1,simulado,sim-2026-07
6a96b861-1ea4-55b5-9a99-eb2c08e727e0,BV-03_20260717_0010.jpg,2026-07-17 09:12:01,BV-03,smartphone,saudavel,saudavel,0.9404,agrosmart-v1,simulado,sim-2026-07
642dd868-1527-58de-9fd1-33a78520528e,BV-03_20260717_0011.jpg,2026-07-17 09:12:20,BV-03,smartphone,saudavel,saudavel,0.9315,agrosmart-v1,simulado,sim-2026-07
24997482-e4be-511b-8890-29d72cd813be,TI-02_20260717_0024.jpg,2026-07-17 09:12:30,TI-02,drone,saudavel,saudavel,0.9307,agrosmart-v1,simulado,sim-2026-07
9279dd41-25ab-5539-9047-fba928177cda,TI-02_20260717_0025.jpg,2026-07-17 09:12:40,TI-02,drone,saudavel,saudavel,0.9912,agrosmart-v1,simulado,sim-2026-07
dba4b287-ae77-548a-a523-ed81a1aba1a9,BV-03_20260717_0012.jpg,2026-07-17 09:13:25,BV-03,smartphone,saudavel,saudavel,0.9860,agrosmart-v1,simulado,sim-2026-07
f5f04b12-53d2-512c-8994-0b0554ed638d,TI-02_20260717_0026.jpg,2026-07-17 09:13:46,TI-02,drone,saudavel,saudavel,0.9140,agrosmart-v1,simulado,sim-2026-07
8b4218c3-241e-5693-b494-955500092807,TI-02_20260717_0027.jpg,2026-07-17 09:14:01,TI-02,drone,doente,pinta_preta,0.9430,agrosmart-v1,simulado,sim-2026-07
59952f11-6030-5dd5-8edd-495a28e70619,BV-03_20260717_0013.jpg,2026-07-17 09:14:10,BV-03,smartphone,saudavel,saudavel,0.9216,agrosmart-v1,simulado,sim-2026-07
b84dccb2-99ac-52ba-a29f-c67205bb7051,BV-03_20260717_0014.jpg,2026-07-17 09:14:36,BV-03,smartphone,saudavel,saudavel,0.9334,agrosmart-v1,simulado,sim-2026-07
468a5603-c536-5d21-b002-3004de9f28c4,TI-02_20260717_0028.jpg,2026-07-17 09:14:45,TI-02,drone,saudavel,saudavel,0.8669,agrosmart-v1,simulado,sim-2026-07
1ef36864-54f7-5d74-9978-47a6324130db,BV-03_20260717_0015.jpg,2026-07-17 09:15:15,BV-03,smartphone,saudavel,saudavel,0.9814,agrosmart-v1,simulado,sim-2026-07
9e2f6458-e366-5ef5-b637-ca409ba1f8b8,TI-02_20260717_0029.jpg,2026-07-17 09:15:47,TI-02,drone,saudavel,saudavel,0.8715,agrosmart-v1,simulado,sim-2026-07
5ac76476-dfa2-5f42-b1e7-bf01148f6d1e,BV-03_20260717_0016.jpg,2026-07-17 09:16:06,BV-03,smartphone,saudavel,saudavel,0.9789,agrosmart-v1,simulado,sim-2026-07
6da2bf7b-e9a8-539a-91f8-5cefe6b5fa43,TI-02_20260717_0030.jpg,2026-07-17 09:16:13,TI-02,drone,saudavel,saudavel,0.7563,agrosmart-v1,simulado,sim-2026-07
ec9be1ac-60e2-5131-a6e3-9bf28af8dcc8,BV-03_20260717_0017.jpg,2026-07-17 09:16:21,BV-03,smartphone,saudavel,saudavel,0.9647,agrosmart-v1,simulado,sim-2026-07
6ef44914-ed97-5655-af0e-beec32f52c99,TI-02_20260717_0031.jpg,2026-07-17 09:16:52,TI-02,drone,saudavel,saudavel,0.8369,agrosmart-v1,simulado,sim-2026-07
14efe03f-1d15-5211-8a00-dc8275317390,BV-03_20260717_0018.jpg,2026-07-17 09:17:22,BV-03,smartphone,saudavel,saudavel,0.9991,agrosmart-v1,simulado,sim-2026-07
22cf0376-dfec-5011-a302-d742edd8a811,TI-02_20260717_0032.jpg,2026-07-17 09:17:25,TI-02,drone,saudavel,saudavel,0.9446,agrosmart-v1,simulado,sim-2026-07
7dea0ad3-55b7-5ad8-b690-d83dbacff14c,BV-03_20260717_0019.jpg,2026-07-17 09:17:47,BV-03,smartphone,saudavel,saudavel,1.0000,agrosmart-v1,simulado,sim-2026-07
ffab930f-e6d2-53b2-beb2-ff8e5d58c806,TI-02_20260717_0033.jpg,2026-07-17 09:18:13,TI-02,drone,saudavel,saudavel,0.9521,agrosmart-v1,simulado,sim-2026-07
ef42ee48-2c25-59f5-99f7-bc7c869e6ad7,BV-03_20260717_0020.jpg,2026-07-17 09:18:45,BV-03,smartphone,saudavel,saudavel,0.9891,agrosmart-v1,simulado,sim-2026-07
061cc291-026d-5821-a1b0-65e86bd0cdd9,TI-02_20260717_0034.jpg,2026-07-17 09:18:46,TI-02,drone,doente,pinta_preta,0.8691,agrosmart-v1,simulado,sim-2026-07
39a73201-1083-583c-bddc-f307c37ad8c6,BV-03_20260717_0021.jpg,2026-07-17 09:19:05,BV-03,smartphone,saudavel,saudavel,0.9663,agrosmart-v1,simulado,sim-2026-07
ec3f93c3-1518-596a-9345-183d3e0b5493,TI-02_20260717_0035.jpg,2026-07-17 09:19:31,TI-02,drone,saudavel,saudavel,0.9624,agrosmart-v1,simulado,sim-2026-07
95cdf0c6-2020-5936-a580-8f5495809d0c,BV-03_20260717_0022.jpg,2026-07-17 09:20:04,BV-03,smartphone,saudavel,saudavel,0.9970,agrosmart-v1,simulado,sim-2026-07
901d95e6-0327-52d5-8a76-94c80af588ee,TI-02_20260717_0036.jpg,2026-07-17 09:20:14,TI-02,drone,saudavel,saudavel,0.9651,agrosmart-v1,simulado,sim-2026-07
f9ae1f10-bee2-5c4f-ba3e-94abd30cccb5,BV-03_20260717_0023.jpg,2026-07-17 09:20:34,BV-03,smartphone,saudavel,saudavel,0.8412,agrosmart-v1,simulado,sim-2026-07
f56d0d06-9c71-5fb1-b297-48cc2bed1b5b,TI-02_20260717_0037.jpg,2026-07-17 09:20:47,TI-02,drone,saudavel,saudavel,0.9925,agrosmart-v1,simulado,sim-2026-07
13bb9009-091f-5bd1-8cf7-0741a1e5f9e5,TI-02_20260717_0038.jpg,2026-07-17 09:21:22,TI-02,drone,saudavel,saudavel,0.9570,agrosmart-v1,simulado,sim-2026-07
65506cac-93ba-5c3b-a35c-dbcd2494760d,BV-03_20260717_0024.jpg,2026-07-17 09:21:23,BV-03,smartphone,saudavel,saudavel,0.8341,agrosmart-v1,simulado,sim-2026-07
65cf39ea-f471-5b12-a768-45866e6ad0a1,BV-03_20260717_0025.jpg,2026-07-17 09:21:52,BV-03,smartphone,saudavel,saudavel,0.9040,agrosmart-v1,simulado,sim-2026-07
e4ce8f70-c459-54ef-9def-8c50f1ded4db,TI-02_20260717_0039.jpg,2026-07-17 09:22:10,TI-02,drone,saudavel,saudavel,0.9671,agrosmart-v1,simulado,sim-2026-07
e067d261-da8f-54ff-a327-57713012fb4e,BV-03_20260717_0026.jpg,2026-07-17 09:22:45,BV-03,smartphone,doente,vaquinha,0.9923,agrosmart-v1,simulado,sim-2026-07
74b8a233-1392-5595-8445-636df8a1eb46,TI-02_20260717_0040.jpg,2026-07-17 09:23:01,TI-02,drone,saudavel,saudavel,0.9915,agrosmart-v1,simulado,sim-2026-07
db48bbb2-05ee-5c4e-91de-941b43862824,BV-03_20260717_0027.jpg,2026-07-17 09:23:07,BV-03,smartphone,saudavel,saudavel,0.9998,agrosmart-v1,simulado,sim-2026-07
1410fbfb-1bc9-5440-8061-3a1060aa142e,BV-03_20260717_0028.jpg,2026-07-17 09:23:45,BV-03,smartphone,saudavel,saudavel,0.8859,agrosmart-v1,simulado,sim-2026-07
d947afc7-8890-5109-97e7-bbd8a4981303,TI-02_20260717_0041.jpg,2026-07-17 09:23:45,TI-02,drone,saudavel,saudavel,0.9295,agrosmart-v1,simulado,sim-2026-07
200a297f-9169-5a95-8dd4-151bafcaed36,TI-02_20260717_0042.jpg,2026-07-17 09:24:03,TI-02,drone,saudavel,saudavel,0.9977,agrosmart-v1,simulado,sim-2026-07
d5d80491-b69d-592a-8b11-4fab3a768b35,TI-02_20260717_0043.jpg,2026-07-17 09:24:51,TI-02,drone,saudavel,saudavel,0.9905,agrosmart-v1,simulado,sim-2026-07
af0aec48-3bc7-5468-8ef9-c9c357a30dac,SC-02_20260717_0001.jpg,2026-07-17 09:28:42,SC-02,smartphone,saudavel,saudavel,0.9975,agrosmart-v1,simulado,sim-2026-07
17fe42f7-58cd-5570-91cc-3bb3a2dd4b4e,SC-02_20260717_0002.jpg,2026-07-17 09:29:48,SC-02,smartphone,saudavel,saudavel,0.9896,agrosmart-v1,simulado,sim-2026-07
cc00cf07-cea7-525b-ba5f-eed0c1241945,SC-02_20260717_0003.jpg,2026-07-17 09:30:06,SC-02,smartphone,saudavel,saudavel,0.9813,agrosmart-v1,simulado,sim-2026-07
7cc439f7-5ec0-53c1-b5dd-38ec01e3497f,SC-02_20260717_0004.jpg,2026-07-17 09:31:09,SC-02,smartphone,saudavel,saudavel,1.0000,agrosmart-v1,simulado,sim-2026-07
a449a13d-f266-5c2b-b0be-e748d497c8e3,SC-02_20260717_0005.jpg,2026-07-17 09:31:24,SC-02,smartphone,saudavel,saudavel,0.8637,agrosmart-v1,simulado,sim-2026-07
79118e08-20f8-53f3-bc32-be344fd4cae5,SC-02_20260717_0006.jpg,2026-07-17 09:32:09,SC-02,smartphone,saudavel,saudavel,0.9533,agrosmart-v1,simulado,sim-2026-07
85802465-2be7-5072-89d7-dc33eead50d1,SC-02_20260717_0007.jpg,2026-07-17 09:32:49,SC-02,smartphone,saudavel,saudavel,0.9012,agrosmart-v1,simulado,sim-2026-07
aeab2ffd-a16f-5443-9cbe-35d3dcf8a057,SC-02_20260717_0008.jpg,2026-07-17 09:33:34,SC-02,smartphone,saudavel,saudavel,0.9858,agrosmart-v1,simulado,sim-2026-07
4e983ea2-4495-5231-9f37-c98fc6a595a9,SC-02_20260717_0009.jpg,2026-07-17 09:34:15,SC-02,smartphone,saudavel,saudavel,0.9999,agrosmart-v1,simulado,sim-2026-07
ab6e644e-abe4-5a89-bf5a-ae30e2525a9a,SC-02_20260717_0010.jpg,2026-07-17 09:34:51,SC-02,smartphone,saudavel,saudavel,0.9620,agrosmart-v1,simulado,sim-2026-07
2cbd0451-1dd5-5f5e-89a3-84f8cbad73e8,SC-02_20260717_0011.jpg,2026-07-17 09:35:48,SC-02,smartphone,saudavel,saudavel,0.8715,agrosmart-v1,simulado,sim-2026-07
2e36ba01-c420-5cdf-b907-673b4843b0f6,SC-02_20260717_0012.jpg,2026-07-17 09:36:20,SC-02,smartphone,saudavel,saudavel,0.9996,agrosmart-v1,simulado,sim-2026-07
1b2d1bf3-c464-522a-8cae-c849b908c030,SC-02_20260717_0013.jpg,2026-07-17 09:36:55,SC-02,smartphone,saudavel,saudavel,0.8922,agrosmart-v1,simulado,sim-2026-07
1f73da6d-6e2f-54bb-9dff-862dc0b17696,SC-02_20260717_0014.jpg,2026-07-17 09:37:25,SC-02,smartphone,saudavel,saudavel,0.8419,agrosmart-v1,simulado,sim-2026-07
e1236aaf-95cd-556e-9b85-5d78dc59051c,SC-02_20260717_0015.jpg,2026-07-17 09:38:26,SC-02,smartphone,saudavel,saudavel,0.9727,agrosmart-v1,simulado,sim-2026-07
c37a641d-5821-52d9-954a-1593a08d3ebb,SC-02_20260717_0016.jpg,2026-07-17 09:38:49,SC-02,smartphone,saudavel,saudavel,0.8972,agrosmart-v1,simulado,sim-2026-07
f12f238b-5a35-58f9-bba9-427ab984197d,SC-02_20260717_0017.jpg,2026-07-17 09:39:43,SC-02,smartphone,saudavel,saudavel,0.9974,agrosmart-v1,simulado,sim-2026-07
b0be8f43-7aab-5080-ae99-81994955b4a9,SC-02_20260717_0018.jpg,2026-07-17 09:40:13,SC-02,smartphone,saudavel,saudavel,0.9949,agrosmart-v1,simulado,sim-2026-07
282dc23a-ec8a-5afc-959f-c83e692cb29f,SC-02_20260717_0019.jpg,2026-07-17 09:40:54,SC-02,smartphone,saudavel,saudavel,0.9842,agrosmart-v1,simulado,sim-2026-07
5e2878ee-2a5c-5e39-bded-bae9fd450ae7,SC-02_20260717_0020.jpg,2026-07-17 09:41:29,SC-02,smartphone,saudavel,saudavel,0.9654,agrosmart-v1,simulado,sim-2026-07
9dd666e7-dd45-5771-8e15-ca7acd3e98bf,SC-02_20260717_0021.jpg,2026-07-17 09:42:09,SC-02,smartphone,saudavel,saudavel,0.9972,agrosmart-v1,simulado,sim-2026-07
e9b6831b-2b8b-5ba9-9a3f-9e06e313504c,SC-02_20260717_0022.jpg,2026-07-17 09:43:02,SC-02,smartphone,saudavel,saudavel,0.9258,agrosmart-v1,simulado,sim-2026-07
583997ad-85e8-562e-a0e7-8679a757f6ba,SC-02_20260717_0023.jpg,2026-07-17 09:43:40,SC-02,smartphone,saudavel,saudavel,0.8839,agrosmart-v1,simulado,sim-2026-07
5b8ac14a-f3f5-5cb7-9bd6-942d4fb17b3c,SC-02_20260717_0024.jpg,2026-07-17 09:44:10,SC-02,smartphone,saudavel,saudavel,0.9807,agrosmart-v1,simulado,sim-2026-07
ab5d2167-596b-5602-8288-21f573460168,SC-02_20260717_0025.jpg,2026-07-17 09:45:06,SC-02,smartphone,saudavel,saudavel,0.9798,agrosmart-v1,simulado,sim-2026-07
a0a9eb47-494e-50b1-a7ea-4f14bfa8c625,SC-02_20260717_0026.jpg,2026-07-17 09:45:47,SC-02,smartphone,saudavel,saudavel,0.9788,agrosmart-v1,simulado,sim-2026-07
e116db6f-2fe7-50b6-9231-69fe1f7ddb2e,SC-02_20260717_0027.jpg,2026-07-17 09:46:14,SC-02,smartphone,saudavel,saudavel,0.9998,agrosmart-v1,simulado,sim-2026-07
ce4996fc-6aa3-5a84-93ba-e0816d8dcbba,SC-02_20260717_0028.jpg,2026-07-17 09:47:05,SC-02,smartphone,saudavel,saudavel,0.9592,agrosmart-v1,simulado,sim-2026-07
bd40c0be-ce52-52a9-b695-9b9c4cdc3ff3,BV-04_20260720_0001.jpg,2026-07-20 07:27:40,BV-04,smartphone,saudavel,saudavel,0.9031,agrosmart-v1,simulado,sim-2026-07
5cdfb3da-fce2-58df-b04c-dbaec31653b6,BV-04_20260720_0002.jpg,2026-07-20 07:28:38,BV-04,smartphone,saudavel,saudavel,0.9522,agrosmart-v1,simulado,sim-2026-07
022c9a55-49f5-5093-b9a7-1d32806f9814,BV-04_20260720_0003.jpg,2026-07-20 07:29:16,BV-04,smartphone,saudavel,saudavel,0.9293,agrosmart-v1,simulado,sim-2026-07
5743c234-d3e2-517e-bbe5-36857c665569,BV-04_20260720_0004.jpg,2026-07-20 07:29:58,BV-04,smartphone,saudavel,saudavel,0.9616,agrosmart-v1,simulado,sim-2026-07
70a19fc5-102a-527b-9c7b-8809e2a82102,BV-04_20260720_0005.jpg,2026-07-20 07:30:45,BV-04,smartphone,saudavel,saudavel,0.9668,agrosmart-v1,simulado,sim-2026-07
fae837e8-cbab-591d-8bf4-d0119ef70280,BV-04_20260720_0006.jpg,2026-07-20 07:31:10,BV-04,smartphone,saudavel,saudavel,0.8970,agrosmart-v1,simulado,sim-2026-07
4688d25c-64a8-5898-b1c2-cb43ff6e7e3a,BV-04_20260720_0007.jpg,2026-07-20 07:31:55,BV-04,smartphone,saudavel,saudavel,0.9202,agrosmart-v1,simulado,sim-2026-07
c3dd52e5-7577-552c-a752-2e5b565b2a83,BV-04_20260720_0008.jpg,2026-07-20 07:32:22,BV-04,smartphone,saudavel,saudavel,0.9502,agrosmart-v1,simulado,sim-2026-07
31a162cf-e9a8-5b35-8abb-ae866cbfde04,BV-04_20260720_0009.jpg,2026-07-20 07:33:06,BV-04,smartphone,saudavel,saudavel,0.9175,agrosmart-v1,simulado,sim-2026-07
a0078cdb-9eed-5104-be87-dff3ef1bf9e8,BV-04_20260720_0010.jpg,2026-07-20 07:34:10,BV-04,smartphone,saudavel,saudavel,0.9994,agrosmart-v1,simulado,sim-2026-07
71d64b19-3462-5a9f-9fb8-9ac78b987493,BV-04_20260720_0011.jpg,2026-07-20 07:34:41,BV-04,smartphone,saudavel,saudavel,0.9151,agrosmart-v1,simulado,sim-2026-07
1622b5b7-4a91-58b8-a684-fbe8edb15107,BV-04_20260720_0012.jpg,2026-07-20 07:35:30,BV-04,smartphone,saudavel,saudavel,0.8606,agrosmart-v1,simulado,sim-2026-07
15eae1e1-619d-5ace-8065-31639a905393,BV-04_20260720_0013.jpg,2026-07-20 07:36:07,BV-04,smartphone,saudavel,saudavel,0.9222,agrosmart-v1,simulado,sim-2026-07
1504a481-9e29-5343-a490-ef631562f133,BV-04_20260720_0014.jpg,2026-07-20 07:36:20,BV-04,smartphone,saudavel,saudavel,0.9486,agrosmart-v1,simulado,sim-2026-07
d88a55ac-aa53-521d-a451-afc5892adc70,BV-04_20260720_0015.jpg,2026-07-20 07:37:05,BV-04,smartphone,saudavel,saudavel,0.9930,agrosmart-v1,simulado,sim-2026-07
caeac0cc-07cc-516e-8285-b216f1c5d0a8,BV-04_20260720_0016.jpg,2026-07-20 07:37:50,BV-04,smartphone,saudavel,saudavel,0.9899,agrosmart-v1,simulado,sim-2026-07
53478732-5e69-57f9-a73d-ff4516c59348,BV-04_20260720_0017.jpg,2026-07-20 07:38:38,BV-04,smartphone,saudavel,saudavel,0.9792,agrosmart-v1,simulado,sim-2026-07
38cc5dd2-bf17-5b1b-baf0-a3d489ec0164,BV-04_20260720_0018.jpg,2026-07-20 07:39:10,BV-04,smartphone,saudavel,saudavel,0.9997,agrosmart-v1,simulado,sim-2026-07
4a7296b4-86df-504d-a4cb-8677d3cd4872,BV-04_20260720_0019.jpg,2026-07-20 07:39:42,BV-04,smartphone,saudavel,saudavel,0.8334,agrosmart-v1,simulado,sim-2026-07
5ba8b05c-ec41-54ba-bbc2-7b839a34a079,BV-04_20260720_0020.jpg,2026-07-20 07:40:41,BV-04,smartphone,saudavel,saudavel,0.9821,agrosmart-v1,simulado,sim-2026-07
131dbbed-6d3a-535a-b006-065caba9a29e,BV-04_20260720_0021.jpg,2026-07-20 07:41:07,BV-04,smartphone,saudavel,saudavel,0.9190,agrosmart-v1,simulado,sim-2026-07
91e18125-d728-5fc4-ac4c-a1de6078c78b,BV-04_20260720_0022.jpg,2026-07-20 07:41:43,BV-04,smartphone,saudavel,saudavel,0.9635,agrosmart-v1,simulado,sim-2026-07
86453b1f-6aae-50b5-96f2-0c6baf16219d,BV-04_20260720_0023.jpg,2026-07-20 07:42:42,BV-04,smartphone,saudavel,saudavel,0.9965,agrosmart-v1,simulado,sim-2026-07
900fefb3-ccaa-59b9-acdc-02fc01e998cf,BV-02_20260720_0001.jpg,2026-07-20 07:50:44,BV-02,smartphone,saudavel,saudavel,0.9812,agrosmart-v1,simulado,sim-2026-07
aec2d6ea-4449-53bc-81de-67fc21f8ce55,BV-02_20260720_0002.jpg,2026-07-20 07:51:48,BV-02,smartphone,saudavel,saudavel,0.9998,agrosmart-v1,simulado,sim-2026-07
8e0e4209-c976-5b5c-a178-428a7b7f18a6,BV-02_20260720_0003.jpg,2026-07-20 07:52:02,BV-02,smartphone,saudavel,saudavel,0.9326,agrosmart-v1,simulado,sim-2026-07
ed6a80c5-5452-5bb6-b7a7-c9367b246f9a,BV-02_20260720_0004.jpg,2026-07-20 07:53:04,BV-02,smartphone,saudavel,saudavel,0.8231,agrosmart-v1,simulado,sim-2026-07
acbd0f43-f4a0-583b-9abd-c77d1d37afc7,BV-02_20260720_0005.jpg,2026-07-20 07:53:50,BV-02,smartphone,saudavel,saudavel,0.9702,agrosmart-v1,simulado,sim-2026-07
e0202d87-d1d0-5acc-aaf4-5c0c4afeaa7b,BV-02_20260720_0006.jpg,2026-07-20 07:54:27,BV-02,smartphone,saudavel,saudavel,1.0000,agrosmart-v1,simulado,sim-2026-07
f4bc9511-db87-5094-a520-bd59e8f1c7eb,BV-02_20260720_0007.jpg,2026-07-20 07:54:46,BV-02,smartphone,saudavel,saudavel,0.8210,agrosmart-v1,simulado,sim-2026-07
cb803d4d-9c90-513e-a2ac-529bd955e4b0,BV-02_20260720_0008.jpg,2026-07-20 07:55:23,BV-02,smartphone,doente,vaquinha,0.9690,agrosmart-v1,simulado,sim-2026-07
b171d760-7744-55a9-b0e3-e3dc87ecc9ed,BV-02_20260720_0009.jpg,2026-07-20 07:56:26,BV-02,smartphone,saudavel,saudavel,0.8462,agrosmart-v1,simulado,sim-2026-07
45cd6875-9557-574e-b9eb-a977c4ba97cb,BV-02_20260720_0010.jpg,2026-07-20 07:56:52,BV-02,smartphone,saudavel,saudavel,0.9270,agrosmart-v1,simulado,sim-2026-07
e8ecfc39-f154-56c1-9e91-33602a25d4a6,BV-02_20260720_0011.jpg,2026-07-20 07:57:43,BV-02,smartphone,saudavel,saudavel,0.8275,agrosmart-v1,simulado,sim-2026-07
a9443101-63f1-532b-845a-d06c7980428c,BV-02_20260720_0012.jpg,2026-07-20 07:58:23,BV-02,smartphone,saudavel,saudavel,0.8487,agrosmart-v1,simulado,sim-2026-07
470c0cbc-3fd2-5bb6-b30c-45ac6efc6ade,BV-02_20260720_0013.jpg,2026-07-20 07:59:01,BV-02,smartphone,saudavel,saudavel,0.9756,agrosmart-v1,simulado,sim-2026-07
7ff2ae58-da2b-5b85-8af0-161a1628ec41,BV-02_20260720_0014.jpg,2026-07-20 07:59:24,BV-02,smartphone,saudavel,saudavel,0.9990,agrosmart-v1,simulado,sim-2026-07
7e46fe9f-08b8-53d0-b47e-5e58884c4173,BV-02_20260720_0015.jpg,2026-07-20 08:00:25,BV-02,smartphone,saudavel,saudavel,0.9502,agrosmart-v1,simulado,sim-2026-07
e963ab0c-9ba7-5be4-bd4f-c1a1a48a4e8b,BV-02_20260720_0016.jpg,2026-07-20 08:00:49,BV-02,smartphone,saudavel,saudavel,0.9846,agrosmart-v1,simulado,sim-2026-07
ea99a69f-bc0e-56a5-b41e-c6c764f83358,BV-02_20260720_0017.jpg,2026-07-20 08:01:36,BV-02,smartphone,saudavel,saudavel,0.8736,agrosmart-v1,simulado,sim-2026-07
1ac87f23-4bdb-5c9d-9ae8-916c20cca0a2,BV-02_20260720_0018.jpg,2026-07-20 08:02:24,BV-02,smartphone,saudavel,saudavel,0.9932,agrosmart-v1,simulado,sim-2026-07
10942a78-bafd-59f0-b507-29cb41e5a639,BV-02_20260720_0019.jpg,2026-07-20 08:02:45,BV-02,smartphone,saudavel,saudavel,0.9338,agrosmart-v1,simulado,sim-2026-07
a20fd15d-0f0f-5423-8ef1-f1e725ed0460,BV-02_20260720_0020.jpg,2026-07-20 08:03:22,BV-02,smartphone,saudavel,saudavel,0.9864,agrosmart-v1,simulado,sim-2026-07
7a1afbbb-58b6-5077-a0f2-ec1ace4a18d4,BV-02_20260720_0021.jpg,2026-07-20 08:04:02,BV-02,smartphone,saudavel,saudavel,0.8431,agrosmart-v1,simulado,sim-2026-07
e1a94f61-9aaa-531b-af17-9673c428d8c1,BV-02_20260720_0022.jpg,2026-07-20 08:05:07,BV-02,smartphone,saudavel,saudavel,0.9970,agrosmart-v1,simulado,sim-2026-07
df7e47b4-040d-5d25-84bb-d4fe22183037,BV-02_20260720_0023.jpg,2026-07-20 08:05:50,BV-02,smartphone,saudavel,saudavel,0.8761,agrosmart-v1,simulado,sim-2026-07
e18c4426-56fb-57a9-9ac4-7c4091c92740,BV-02_20260720_0024.jpg,2026-07-20 08:06:24,BV-02,smartphone,saudavel,saudavel,0.9898,agrosmart-v1,simulado,sim-2026-07
4ff17972-81f6-50a1-a697-331abb9781ce,BV-02_20260720_0025.jpg,2026-07-20 08:06:53,BV-02,smartphone,saudavel,saudavel,0.8875,agrosmart-v1,simulado,sim-2026-07
6d49d164-eed5-5f42-995c-9847e8fcfc0e,BV-02_20260720_0026.jpg,2026-07-20 08:07:42,BV-02,smartphone,saudavel,saudavel,0.8997,agrosmart-v1,simulado,sim-2026-07
e249bf04-db38-5137-a11b-ea6f30d2eb5a,BV-03_20260720_0001.jpg,2026-07-20 08:14:06,BV-03,smartphone,saudavel,saudavel,0.9597,agrosmart-v1,simulado,sim-2026-07
4de334ed-c05f-5b32-bf83-1228c845f1bb,BV-03_20260720_0002.jpg,2026-07-20 08:14:43,BV-03,smartphone,saudavel,saudavel,0.8549,agrosmart-v1,simulado,sim-2026-07
e5865f0e-479d-50cf-a77f-15bdf0c9805d,BV-03_20260720_0003.jpg,2026-07-20 08:15:21,BV-03,smartphone,saudavel,saudavel,0.9660,agrosmart-v1,simulado,sim-2026-07
0ca5c789-ce59-5bb3-bf71-77ca8ec8fa49,BV-03_20260720_0004.jpg,2026-07-20 08:15:51,BV-03,smartphone,saudavel,saudavel,0.9670,agrosmart-v1,simulado,sim-2026-07
9e56f258-ef07-5c5d-b031-fa0b011c8013,BV-03_20260720_0005.jpg,2026-07-20 08:16:31,BV-03,smartphone,saudavel,saudavel,1.0000,agrosmart-v1,simulado,sim-2026-07
394e13c6-9e83-5559-b136-803abb1b8660,BV-03_20260720_0006.jpg,2026-07-20 08:17:26,BV-03,smartphone,saudavel,saudavel,0.8722,agrosmart-v1,simulado,sim-2026-07
24aeccf5-1f13-52e7-9983-7261ca054c8a,BV-03_20260720_0007.jpg,2026-07-20 08:17:52,BV-03,smartphone,saudavel,saudavel,0.9535,agrosmart-v1,simulado,sim-2026-07
d84c3ccd-19cd-5652-915e-8157daa92347,BV-03_20260720_0008.jpg,2026-07-20 08:18:40,BV-03,smartphone,saudavel,saudavel,0.8820,agrosmart-v1,simulado,sim-2026-07
a2b46750-0647-5feb-81c7-dc1a3abecdc4,BV-03_20260720_0009.jpg,2026-07-20 08:19:30,BV-03,smartphone,saudavel,saudavel,0.8390,agrosmart-v1,simulado,sim-2026-07
52a882db-d6bc-58bc-8f54-334aa896032e,BV-03_20260720_0010.jpg,2026-07-20 08:19:49,BV-03,smartphone,saudavel,saudavel,0.9871,agrosmart-v1,simulado,sim-2026-07
8d9e1fee-9da3-5313-a0c4-e75ce291d243,BV-03_20260720_0011.jpg,2026-07-20 08:20:40,BV-03,smartphone,saudavel,saudavel,0.9980,agrosmart-v1,simulado,sim-2026-07
89e64f01-9ff8-5fcb-b75c-ea0231b4d135,BV-03_20260720_0012.jpg,2026-07-20 08:21:18,BV-03,smartphone,saudavel,saudavel,0.9414,agrosmart-v1,simulado,sim-2026-07
b359743a-1687-56c1-b30f-89dd104abfa7,BV-03_20260720_0013.jpg,2026-07-20 08:21:58,BV-03,smartphone,saudavel,saudavel,0.9098,agrosmart-v1,simulado,sim-2026-07
f71753d0-9da1-570d-a72f-8de1b5bbce14,BV-03_20260720_0014.jpg,2026-07-20 08:22:39,BV-03,smartphone,saudavel,saudavel,0.9880,agrosmart-v1,simulado,sim-2026-07
57b66da0-ef00-57c8-b659-82bb42f5a30e,BV-03_20260720_0015.jpg,2026-07-20 08:23:16,BV-03,smartphone,saudavel,saudavel,0.9375,agrosmart-v1,simulado,sim-2026-07
2e8a0800-925f-5663-aa84-0b2ab93a7045,BV-03_20260720_0016.jpg,2026-07-20 08:23:50,BV-03,smartphone,saudavel,saudavel,1.0000,agrosmart-v1,simulado,sim-2026-07
a5a8c851-b9f2-54fb-b3b1-0da884a95504,BV-03_20260720_0017.jpg,2026-07-20 08:24:42,BV-03,smartphone,saudavel,saudavel,0.9922,agrosmart-v1,simulado,sim-2026-07
f7f5a8fe-1e12-59e5-94b8-3ec522c0755b,BV-03_20260720_0018.jpg,2026-07-20 08:25:24,BV-03,smartphone,saudavel,saudavel,0.9842,agrosmart-v1,simulado,sim-2026-07
34ee9631-9127-5274-8ecc-8c61013429f9,BV-03_20260720_0019.jpg,2026-07-20 08:26:03,BV-03,smartphone,saudavel,saudavel,0.9372,agrosmart-v1,simulado,sim-2026-07
f51ce762-44eb-5cd9-885e-cc792d39fda4,BV-03_20260720_0020.jpg,2026-07-20 08:26:23,BV-03,smartphone,saudavel,saudavel,0.9956,agrosmart-v1,simulado,sim-2026-07
cb34fb7f-a846-5a78-9c6f-d6ea09e63d2b,BV-03_20260720_0021.jpg,2026-07-20 08:27:22,BV-03,smartphone,saudavel,saudavel,0.9487,agrosmart-v1,simulado,sim-2026-07
bc4b4191-0c31-5d6a-a681-0296cdf89816,BV-03_20260720_0022.jpg,2026-07-20 08:28:01,BV-03,smartphone,saudavel,saudavel,0.9980,agrosmart-v1,simulado,sim-2026-07
c1160153-134d-547f-b876-76c6a392b0ed,BV-03_20260720_0023.jpg,2026-07-20 08:28:37,BV-03,smartphone,saudavel,saudavel,0.9906,agrosmart-v1,simulado,sim-2026-07
8f46c2d5-87e0-5eeb-be13-29e97eecc156,BV-03_20260720_0024.jpg,2026-07-20 08:29:22,BV-03,smartphone,doente,pinta_preta,0.7050,agrosmart-v1,simulado,sim-2026-07
bc6e09c2-5770-5018-a898-96e75eb59f7f,BV-03_20260720_0025.jpg,2026-07-20 08:30:02,BV-03,smartphone,saudavel,saudavel,0.8620,agrosmart-v1,simulado,sim-2026-07
6e5ab978-f02f-51c3-adf1-55d188f6059e,TI-01_20260720_0001.jpg,2026-07-20 08:40:56,TI-01,drone,saudavel,saudavel,0.8657,agrosmart-v1,simulado,sim-2026-07
60b80f7a-0146-5df1-83fe-c10c6560a04a,TI-01_20260720_0002.jpg,2026-07-20 08:41:43,TI-01,drone,saudavel,saudavel,0.9999,agrosmart-v1,simulado,sim-2026-07
1e336567-5a96-59fe-a716-9d4c56878538,TI-01_20260720_0003.jpg,2026-07-20 08:42:08,TI-01,drone,saudavel,saudavel,0.9986,agrosmart-v1,simulado,sim-2026-07
18069883-7e31-5944-9de6-5bab81857f8b,TI-01_20260720_0004.jpg,2026-07-20 08:42:55,TI-01,drone,saudavel,saudavel,1.0000,agrosmart-v1,simulado,sim-2026-07
21cdf87b-5266-5740-9e19-0e9bcc2968da,TI-01_20260720_0005.jpg,2026-07-20 08:43:32,TI-01,drone,saudavel,saudavel,0.9828,agrosmart-v1,simulado,sim-2026-07
caca7bea-4485-5f7b-acde-e8594f6ed569,TI-01_20260720_0006.jpg,2026-07-20 08:44:20,TI-01,drone,saudavel,saudavel,0.8817,agrosmart-v1,simulado,sim-2026-07
e11a08b4-e38b-57b3-ac1d-52bd7674d225,TI-01_20260720_0007.jpg,2026-07-20 08:45:02,TI-01,drone,saudavel,saudavel,0.9522,agrosmart-v1,simulado,sim-2026-07
1197c507-136b-5f26-9d9f-28facbb04915,TI-01_20260720_0008.jpg,2026-07-20 08:45:43,TI-01,drone,saudavel,saudavel,0.9771,agrosmart-v1,simulado,sim-2026-07
a7e7bfc4-f90b-51b6-8f77-565c359f3f9d,TI-01_20260720_0009.jpg,2026-07-20 08:46:04,TI-01,drone,saudavel,saudavel,0.8601,agrosmart-v1,simulado,sim-2026-07
4f1dc2f1-04e3-54be-abf6-045ce2b1037e,TI-01_20260720_0010.jpg,2026-07-20 08:46:43,TI-01,drone,saudavel,saudavel,0.9925,agrosmart-v1,simulado,sim-2026-07
9c99cec9-7bd8-524d-a888-cc6da8483d37,TI-01_20260720_0011.jpg,2026-07-20 08:47:50,TI-01,drone,saudavel,saudavel,0.8850,agrosmart-v1,simulado,sim-2026-07
a020fc8f-45e2-5b1d-98ac-48842af31cdd,TI-01_20260720_0012.jpg,2026-07-20 08:48:23,TI-01,drone,saudavel,saudavel,0.8887,agrosmart-v1,simulado,sim-2026-07
5038b45a-6d7c-5262-b6ae-50a02d321bc5,TI-01_20260720_0013.jpg,2026-07-20 08:49:03,TI-01,drone,saudavel,saudavel,0.9829,agrosmart-v1,simulado,sim-2026-07
dbc04058-964e-5597-ac0a-959dc6580024,TI-01_20260720_0014.jpg,2026-07-20 08:49:30,TI-01,drone,saudavel,saudavel,0.9866,agrosmart-v1,simulado,sim-2026-07
e8b81747-442e-5f2d-8076-a572adda4a7d,TI-01_20260720_0015.jpg,2026-07-20 08:50:08,TI-01,drone,saudavel,saudavel,0.9912,agrosmart-v1,simulado,sim-2026-07
101910a5-fd5c-5aba-bc61-32fe5fc3da76,TI-01_20260720_0016.jpg,2026-07-20 08:50:53,TI-01,drone,saudavel,saudavel,0.9832,agrosmart-v1,simulado,sim-2026-07
276f942b-8514-5abf-bd1a-0bd53303a592,TI-01_20260720_0017.jpg,2026-07-20 08:51:29,TI-01,drone,doente,vaquinha,0.9267,agrosmart-v1,simulado,sim-2026-07
8179a074-c706-5e12-b1d6-f767bc4c4541,TI-01_20260720_0018.jpg,2026-07-20 08:52:04,TI-01,drone,saudavel,saudavel,0.8927,agrosmart-v1,simulado,sim-2026-07
d5654645-1688-5430-a07a-3458771dffd3,TI-01_20260720_0019.jpg,2026-07-20 08:53:02,TI-01,drone,saudavel,saudavel,0.9272,agrosmart-v1,simulado,sim-2026-07
96f1b6cc-2fcb-5367-a697-293c513dd927,TI-01_20260720_0020.jpg,2026-07-20 08:53:41,TI-01,drone,saudavel,saudavel,0.9999,agrosmart-v1,simulado,sim-2026-07
ffe482fd-87c8-5975-a595-1d8d370cc93a,TI-01_20260720_0021.jpg,2026-07-20 08:54:09,TI-01,drone,saudavel,saudavel,0.9032,agrosmart-v1,simulado,sim-2026-07
88356c3c-06c5-509d-9849-85d7800aa409,TI-01_20260720_0022.jpg,2026-07-20 08:54:43,TI-01,drone,saudavel,saudavel,0.8364,agrosmart-v1,simulado,sim-2026-07
c5bb5d78-81e1-521d-81ca-e0d2a6fc7579,TI-01_20260720_0023.jpg,2026-07-20 08:55:43,TI-01,drone,saudavel,saudavel,0.9242,agrosmart-v1,simulado,sim-2026-07
fb186675-b6e3-579c-a98e-e5b3b9d04bb1,TI-01_20260720_0024.jpg,2026-07-20 08:56:01,TI-01,drone,saudavel,saudavel,0.9716,agrosmart-v1,simulado,sim-2026-07
a933ed91-8cc9-530c-b8d7-7aa890563d4f,TI-01_20260720_0025.jpg,2026-07-20 08:56:50,TI-01,drone,saudavel,saudavel,0.9397,agrosmart-v1,simulado,sim-2026-07
48609d87-7e13-5ba9-a9e7-b8f234298e6a,TI-01_20260720_0026.jpg,2026-07-20 08:57:32,TI-01,drone,saudavel,saudavel,0.9095,agrosmart-v1,simulado,sim-2026-07
12c6f0ff-0604-53df-adaf-d814a71ea463,TI-01_20260720_0027.jpg,2026-07-20 08:58:13,TI-01,drone,saudavel,saudavel,0.9452,agrosmart-v1,simulado,sim-2026-07
a665ecff-2d30-5902-b3d6-4dafcc14130e,TI-01_20260720_0028.jpg,2026-07-20 08:58:53,TI-01,drone,saudavel,saudavel,0.9142,agrosmart-v1,simulado,sim-2026-07
ba1350a3-c10d-5ee7-a90f-3a0a9a334da8,TI-01_20260720_0029.jpg,2026-07-20 08:59:49,TI-01,drone,saudavel,saudavel,0.9885,agrosmart-v1,simulado,sim-2026-07
0f210343-60b5-5799-ae7a-5139296d0018,TI-01_20260720_0030.jpg,2026-07-20 09:00:04,TI-01,drone,saudavel,saudavel,0.9753,agrosmart-v1,simulado,sim-2026-07
87f6f1db-8c95-5bc4-890b-d44314910404,TI-01_20260720_0031.jpg,2026-07-20 09:00:42,TI-01,drone,saudavel,saudavel,0.9999,agrosmart-v1,simulado,sim-2026-07
e93d9138-62bd-5d1f-ac53-116f852159b4,TI-01_20260720_0032.jpg,2026-07-20 09:01:36,TI-01,drone,saudavel,saudavel,0.9384,agrosmart-v1,simulado,sim-2026-07
3670b126-2e2d-5a1b-8e4f-4cf3115dfcf5,TI-01_20260720_0033.jpg,2026-07-20 09:02:28,TI-01,drone,saudavel,saudavel,0.9011,agrosmart-v1,simulado,sim-2026-07
03c9c5e3-76fd-52be-85dd-57cbe26b4d3c,TI-01_20260720_0034.jpg,2026-07-20 09:02:41,TI-01,drone,saudavel,saudavel,0.8800,agrosmart-v1,simulado,sim-2026-07
0b116453-2f10-5726-b1d2-c4a3a64325fe,TI-04_20260720_0001.jpg,2026-07-20 09:02:55,TI-04,drone,saudavel,saudavel,0.9682,agrosmart-v1,simulado,sim-2026-07
e78f860e-25b8-564e-be80-ea498580b791,TI-01_20260720_0035.jpg,2026-07-20 09:03:34,TI-01,drone,saudavel,saudavel,0.9783,agrosmart-v1,simulado,sim-2026-07
d6095c22-4a3d-50fe-b516-d9f77b5e15ee,TI-04_20260720_0002.jpg,2026-07-20 09:03:39,TI-04,drone,saudavel,saudavel,0.9837,agrosmart-v1,simulado,sim-2026-07
f773b02c-b066-5665-9a9b-410ab3cc9af0,TI-04_20260720_0003.jpg,2026-07-20 09:04:06,TI-04,drone,saudavel,saudavel,0.9987,agrosmart-v1,simulado,sim-2026-07
607641e9-3839-58be-ad21-3fcf703d4896,TI-01_20260720_0036.jpg,2026-07-20 09:04:24,TI-01,drone,saudavel,saudavel,0.8682,agrosmart-v1,simulado,sim-2026-07
ebe41148-4c78-5747-b6e7-3d0ef4c68275,TI-01_20260720_0037.jpg,2026-07-20 09:04:43,TI-01,drone,saudavel,saudavel,0.9360,agrosmart-v1,simulado,sim-2026-07
6a21e4ec-e604-5941-ab29-3c232705f618,TI-04_20260720_0004.jpg,2026-07-20 09:04:50,TI-04,drone,saudavel,saudavel,0.9464,agrosmart-v1,simulado,sim-2026-07
08690c37-bfa0-51c7-a2ea-28be15064547,TI-01_20260720_0038.jpg,2026-07-20 09:05:32,TI-01,drone,saudavel,saudavel,0.9985,agrosmart-v1,simulado,sim-2026-07
eb143190-240b-5564-97f1-d96ca0cac761,TI-04_20260720_0005.jpg,2026-07-20 09:05:50,TI-04,drone,doente,mosca_minadora,0.9785,agrosmart-v1,simulado,sim-2026-07
7c2fa748-85f2-5e50-9f10-0c465cb4e799,TI-01_20260720_0039.jpg,2026-07-20 09:06:25,TI-01,drone,saudavel,saudavel,0.9798,agrosmart-v1,simulado,sim-2026-07
99a07f79-2726-582a-80d7-1938001d8ed8,TI-04_20260720_0006.jpg,2026-07-20 09:06:27,TI-04,drone,saudavel,saudavel,0.9990,agrosmart-v1,simulado,sim-2026-07
8563a97e-ed1d-5749-a46a-1a37b6044664,TI-04_20260720_0007.jpg,2026-07-20 09:06:50,TI-04,drone,saudavel,saudavel,0.9928,agrosmart-v1,simulado,sim-2026-07
39814144-5d21-5fb6-9510-aeec4a43c8c5,TI-01_20260720_0040.jpg,2026-07-20 09:06:59,TI-01,drone,saudavel,saudavel,0.8299,agrosmart-v1,simulado,sim-2026-07
e191dfaa-5a3b-51ad-bbb5-73c7cc8687d2,BV-01_20260720_0001.jpg,2026-07-20 09:07:00,BV-01,smartphone,saudavel,saudavel,0.9848,agrosmart-v1,simulado,sim-2026-07
1a7715be-7da9-5982-af41-79cef6114cf4,TI-01_20260720_0041.jpg,2026-07-20 09:07:25,TI-01,drone,saudavel,saudavel,0.9406,agrosmart-v1,simulado,sim-2026-07
8f858832-1601-58ac-9cb2-3f9bbfa8b702,TI-04_20260720_0008.jpg,2026-07-20 09:07:45,TI-04,drone,saudavel,saudavel,0.9405,agrosmart-v1,simulado,sim-2026-07
5bd87cc7-cabb-523d-a0ee-b16c2d32ba29,BV-01_20260720_0002.jpg,2026-07-20 09:07:49,BV-01,smartphone,saudavel,saudavel,0.9838,agrosmart-v1,simulado,sim-2026-07
f93bd0c4-9e77-5833-8d88-7390b52d0b03,TI-04_20260720_0009.jpg,2026-07-20 09:08:13,TI-04,drone,saudavel,saudavel,0.9474,agrosmart-v1,simulado,sim-2026-07
fbc88894-7607-51fc-a87e-b474973544d9,TI-01_20260720_0042.jpg,2026-07-20 09:08:15,TI-01,drone,saudavel,saudavel,0.9927,agrosmart-v1,simulado,sim-2026-07
e7a8d52c-1bc3-550e-beab-8fc73c07cc0c,BV-01_20260720_0003.jpg,2026-07-20 09:08:21,BV-01,smartphone,saudavel,saudavel,0.8725,agrosmart-v1,simulado,sim-2026-07
2f042017-9571-514b-9e14-22e2d16b55f2,BV-01_20260720_0004.jpg,2026-07-20 09:08:49,BV-01,smartphone,saudavel,saudavel,0.9454,agrosmart-v1,simulado,sim-2026-07
f66317da-72a7-5c00-993c-8090f93a7d51,TI-04_20260720_0010.jpg,2026-07-20 09:08:53,TI-04,drone,saudavel,saudavel,0.8701,agrosmart-v1,simulado,sim-2026-07
1f3e48ad-e0dc-5813-9c3b-2e6971e09f50,TI-01_20260720_0043.jpg,2026-07-20 09:09:00,TI-01,drone,saudavel,saudavel,0.9608,agrosmart-v1,simulado,sim-2026-07
b709ced4-dfa6-57fa-a80c-07b63c6229e9,BV-01_20260720_0005.jpg,2026-07-20 09:09:36,BV-01,smartphone,saudavel,saudavel,0.9675,agrosmart-v1,simulado,sim-2026-07
f649eae0-8264-5524-98f8-a087db894757,TI-04_20260720_0011.jpg,2026-07-20 09:09:47,TI-04,drone,saudavel,saudavel,0.9635,agrosmart-v1,simulado,sim-2026-07
5197a05f-fca0-5825-93ec-2d13a69f2ab1,BV-01_20260720_0006.jpg,2026-07-20 09:10:21,BV-01,smartphone,saudavel,saudavel,0.8811,agrosmart-v1,simulado,sim-2026-07
fb5315e3-deef-53bf-86de-e660fc9fb333,TI-04_20260720_0012.jpg,2026-07-20 09:10:22,TI-04,drone,saudavel,saudavel,0.9618,agrosmart-v1,simulado,sim-2026-07
f0ab8b2f-6651-558a-9762-aa5fb1bedc4f,TI-04_20260720_0013.jpg,2026-07-20 09:10:56,TI-04,drone,saudavel,saudavel,0.9230,agrosmart-v1,simulado,sim-2026-07
45d6bb57-9fc4-5511-8024-717ffd2cf4fa,BV-01_20260720_0007.jpg,2026-07-20 09:10:58,BV-01,smartphone,saudavel,saudavel,0.9544,agrosmart-v1,simulado,sim-2026-07
c3d86108-2fef-5048-9c2e-622759a72022,TI-04_20260720_0014.jpg,2026-07-20 09:11:29,TI-04,drone,saudavel,saudavel,0.9649,agrosmart-v1,simulado,sim-2026-07
21ac51da-ec83-5164-b873-051b5bc79483,BV-01_20260720_0008.jpg,2026-07-20 09:11:41,BV-01,smartphone,saudavel,saudavel,0.8887,agrosmart-v1,simulado,sim-2026-07
4ccc8d60-f0f5-5789-924e-3775359b93a0,BV-01_20260720_0009.jpg,2026-07-20 09:12:01,BV-01,smartphone,saudavel,saudavel,0.8616,agrosmart-v1,simulado,sim-2026-07
f7cee7f3-7fcd-5f67-9c11-583babc670a0,TI-04_20260720_0015.jpg,2026-07-20 09:12:04,TI-04,drone,saudavel,saudavel,0.8301,agrosmart-v1,simulado,sim-2026-07
4ccbbe64-3864-5118-93ed-c13dd43d222f,TI-04_20260720_0016.jpg,2026-07-20 09:12:40,TI-04,drone,saudavel,saudavel,0.8821,agrosmart-v1,simulado,sim-2026-07
f5a9cd26-8601-5bf7-82da-78682fd84e60,BV-01_20260720_0010.jpg,2026-07-20 09:12:58,BV-01,smartphone,saudavel,saudavel,0.8968,agrosmart-v1,simulado,sim-2026-07
c0c7e4c2-c671-51aa-a0ec-2a98a9018408,BV-01_20260720_0011.jpg,2026-07-20 09:13:45,BV-01,smartphone,saudavel,saudavel,0.8318,agrosmart-v1,simulado,sim-2026-07
82b12fee-9278-5c56-b34f-cf8e9bb682cc,TI-04_20260720_0017.jpg,2026-07-20 09:13:50,TI-04,drone,saudavel,saudavel,0.8944,agrosmart-v1,simulado,sim-2026-07
4b6946bb-d91b-58b2-b3fa-8f0e8c000c9d,BV-01_20260720_0012.jpg,2026-07-20 09:14:05,BV-01,smartphone,saudavel,saudavel,0.9989,agrosmart-v1,simulado,sim-2026-07
83a1b347-9e65-5812-adc3-a10f37ff7946,TI-04_20260720_0018.jpg,2026-07-20 09:14:29,TI-04,drone,doente,mosca_minadora,1.0000,agrosmart-v1,simulado,sim-2026-07
d4a68b22-a3d7-561f-a664-b25501fdd923,BV-01_20260720_0013.jpg,2026-07-20 09:14:48,BV-01,smartphone,saudavel,saudavel,0.9980,agrosmart-v1,simulado,sim-2026-07
1dae1fa6-e407-5777-a7d7-54970daa2f11,TI-04_20260720_0019.jpg,2026-07-20 09:14:48,TI-04,drone,saudavel,saudavel,0.8476,agrosmart-v1,simulado,sim-2026-07
47f31794-61d1-5de7-b975-14c8e48d7869,BV-01_20260720_0014.jpg,2026-07-20 09:15:20,BV-01,smartphone,saudavel,saudavel,1.0000,agrosmart-v1,simulado,sim-2026-07
00fd57f4-8421-5595-8823-69537ca83644,TI-04_20260720_0020.jpg,2026-07-20 09:15:27,TI-04,drone,saudavel,saudavel,0.9998,agrosmart-v1,simulado,sim-2026-07
1a326635-5042-538d-8daf-80e7ee924219,TI-04_20260720_0021.jpg,2026-07-20 09:16:10,TI-04,drone,saudavel,saudavel,0.9805,agrosmart-v1,simulado,sim-2026-07
8086065e-449d-55b5-a823-d92a01988e11,BV-01_20260720_0015.jpg,2026-07-20 09:16:14,BV-01,smartphone,saudavel,saudavel,0.8641,agrosmart-v1,simulado,sim-2026-07
0b0d2599-3ca9-5a2b-8202-ef053b36b54f,TI-04_20260720_0022.jpg,2026-07-20 09:16:41,TI-04,drone,saudavel,saudavel,0.8951,agrosmart-v1,simulado,sim-2026-07
adc709ee-6395-5fef-9d94-bc27391ce0c5,BV-01_20260720_0016.jpg,2026-07-20 09:16:59,BV-01,smartphone,saudavel,saudavel,0.9835,agrosmart-v1,simulado,sim-2026-07
400232fb-8fca-5df5-80bb-fe3e0c3082b1,TI-04_20260720_0023.jpg,2026-07-20 09:17:31,TI-04,drone,saudavel,saudavel,0.9997,agrosmart-v1,simulado,sim-2026-07
d8e77620-5392-552f-9147-a1b8fbef8c77,BV-01_20260720_0017.jpg,2026-07-20 09:17:39,BV-01,smartphone,saudavel,saudavel,0.9183,agrosmart-v1,simulado,sim-2026-07
a4cdb538-1ddf-5d03-9b68-bb4e9a64ab40,TI-04_20260720_0024.jpg,2026-07-20 09:18:10,TI-04,drone,saudavel,saudavel,0.8206,agrosmart-v1,simulado,sim-2026-07
63b28416-b886-5565-af98-caffef28cf33,BV-01_20260720_0018.jpg,2026-07-20 09:18:12,BV-01,smartphone,saudavel,saudavel,0.9986,agrosmart-v1,simulado,sim-2026-07
71fa4c4c-e1a8-58a5-b7c4-8adc5e6c97c4,BV-01_20260720_0019.jpg,2026-07-20 09:18:46,BV-01,smartphone,saudavel,saudavel,1.0000,agrosmart-v1,simulado,sim-2026-07
3e695969-7daf-50f1-b97c-a7a764e24945,TI-04_20260720_0025.jpg,2026-07-20 09:19:00,TI-04,drone,saudavel,saudavel,0.9777,agrosmart-v1,simulado,sim-2026-07
59d8e51f-c274-5fd9-ae15-9c080fc4fbc3,TI-04_20260720_0026.jpg,2026-07-20 09:19:30,TI-04,drone,saudavel,saudavel,0.5971,agrosmart-v1,simulado,sim-2026-07
29df83d1-e842-5b66-a60b-fe13c0077db0,BV-01_20260720_0020.jpg,2026-07-20 09:19:47,BV-01,smartphone,saudavel,saudavel,0.6499,agrosmart-v1,simulado,sim-2026-07
6b99ccb9-1b3e-5458-968c-0827e0ecc79f,BV-01_20260720_0021.jpg,2026-07-20 09:20:07,BV-01,smartphone,saudavel,saudavel,0.9294,agrosmart-v1,simulado,sim-2026-07
3c1a563a-34d6-5147-8b0a-ab4450b7954f,TI-04_20260720_0027.jpg,2026-07-20 09:20:29,TI-04,drone,saudavel,saudavel,0.9987,agrosmart-v1,simulado,sim-2026-07
6836b873-651e-5843-b8c2-06e6d9d0d82d,BV-01_20260720_0022.jpg,2026-07-20 09:20:46,BV-01,smartphone,saudavel,saudavel,0.8934,agrosmart-v1,simulado,sim-2026-07
28174870-c6ca-5636-8ca6-dedabf63e5c4,TI-04_20260720_0028.jpg,2026-07-20 09:20:52,TI-04,drone,saudavel,saudavel,0.9619,agrosmart-v1,simulado,sim-2026-07
673e10f2-4ae4-5ac8-aef6-6bacc29b21c3,BV-01_20260720_0023.jpg,2026-07-20 09:21:33,BV-01,smartphone,saudavel,saudavel,0.5648,agrosmart-v1,simulado,sim-2026-07
3165cf34-98ab-54cc-9106-d1fe2d31188f,TI-04_20260720_0029.jpg,2026-07-20 09:21:43,TI-04,drone,saudavel,saudavel,0.9188,agrosmart-v1,simulado,sim-2026-07
3b416d66-2291-5e14-8164-4a4db3526bde,BV-01_20260720_0024.jpg,2026-07-20 09:22:22,BV-01,smartphone,saudavel,saudavel,0.9577,agrosmart-v1,simulado,sim-2026-07
1bd4e72b-7104-553e-ac8a-75c90deb30d2,BV-01_20260720_0025.jpg,2026-07-20 09:22:54,BV-01,smartphone,doente,pinta_preta,0.9927,agrosmart-v1,simulado,sim-2026-07
5f9ac8b0-8c72-54c8-ad26-a370457754c3,BV-01_20260720_0026.jpg,2026-07-20 09:23:46,BV-01,smartphone,saudavel,saudavel,0.9799,agrosmart-v1,simulado,sim-2026-07
12deac16-cc8a-52f5-badf-39de2bdb6ae0,BV-01_20260720_0027.jpg,2026-07-20 09:24:27,BV-01,smartphone,saudavel,saudavel,0.8273,agrosmart-v1,simulado,sim-2026-07
0bc1fe9b-4a37-535a-bfa1-dd488760e4e2,SC-01_20260720_0001.jpg,2026-07-20 09:26:06,SC-01,smartphone,saudavel,saudavel,0.9763,agrosmart-v1,simulado,sim-2026-07
9abd17d3-9b19-5998-9fa8-7f423f06ef96,SC-01_20260720_0002.jpg,2026-07-20 09:26:37,SC-01,smartphone,saudavel,saudavel,0.9543,agrosmart-v1,simulado,sim-2026-07
97d3a293-aa34-5337-b522-81d4234d09a5,SC-01_20260720_0003.jpg,2026-07-20 09:27:10,SC-01,smartphone,doente,pinta_preta,0.9928,agrosmart-v1,simulado,sim-2026-07
9216dae5-9058-5d97-926b-1bfc9eeda0cb,SC-01_20260720_0004.jpg,2026-07-20 09:28:08,SC-01,smartphone,saudavel,saudavel,0.9517,agrosmart-v1,simulado,sim-2026-07
d17fc9fe-0cc7-5ffe-89e2-89ef7ca3ea27,SC-01_20260720_0005.jpg,2026-07-20 09:28:40,SC-01,smartphone,saudavel,saudavel,0.9860,agrosmart-v1,simulado,sim-2026-07
82cf820e-6e37-57b5-a246-4b50375f6e5a,SC-01_20260720_0006.jpg,2026-07-20 09:29:20,SC-01,smartphone,saudavel,saudavel,0.9494,agrosmart-v1,simulado,sim-2026-07
5431b949-e98b-53a8-8cfb-0e908b669af6,TI-03_20260720_0001.jpg,2026-07-20 09:30:02,TI-03,drone,saudavel,saudavel,0.8669,agrosmart-v1,simulado,sim-2026-07
96e0eab8-7c0b-577a-ab50-10187b4b037d,SC-01_20260720_0007.jpg,2026-07-20 09:30:09,SC-01,smartphone,saudavel,saudavel,0.9374,agrosmart-v1,simulado,sim-2026-07
96be0c97-1f66-5926-a880-7ac6b86bef2f,TI-03_20260720_0002.jpg,2026-07-20 09:30:31,TI-03,drone,saudavel,saudavel,0.9004,agrosmart-v1,simulado,sim-2026-07
83046137-9b9b-57ff-9413-47f039bcb918,SC-01_20260720_0008.jpg,2026-07-20 09:30:39,SC-01,smartphone,doente,pinta_preta,0.9739,agrosmart-v1,simulado,sim-2026-07
f47843d9-53ee-5cfd-a227-4d454e93647e,SC-01_20260720_0009.jpg,2026-07-20 09:31:11,SC-01,smartphone,saudavel,saudavel,0.9357,agrosmart-v1,simulado,sim-2026-07
9908544e-bea2-5755-b71d-993dda76b490,TI-03_20260720_0003.jpg,2026-07-20 09:31:28,TI-03,drone,saudavel,saudavel,0.9997,agrosmart-v1,simulado,sim-2026-07
f1af503f-6470-5282-89f7-958eee7b2cf2,TI-03_20260720_0004.jpg,2026-07-20 09:31:46,TI-03,drone,saudavel,saudavel,0.8944,agrosmart-v1,simulado,sim-2026-07
8fddb946-108e-58b9-a65a-7cdb6a9cf536,SC-01_20260720_0010.jpg,2026-07-20 09:32:10,SC-01,smartphone,saudavel,saudavel,0.9147,agrosmart-v1,simulado,sim-2026-07
9471c40e-7f7d-57ea-ba98-9e615ad5c569,SC-01_20260720_0011.jpg,2026-07-20 09:32:33,SC-01,smartphone,saudavel,saudavel,0.9988,agrosmart-v1,simulado,sim-2026-07
edc52ba2-ce4c-50e3-87e3-47e434f9fbf0,TI-03_20260720_0005.jpg,2026-07-20 09:32:47,TI-03,drone,saudavel,saudavel,0.9987,agrosmart-v1,simulado,sim-2026-07
39b449df-6cdd-5eaa-8285-2c656a1d1efa,SC-01_20260720_0012.jpg,2026-07-20 09:33:10,SC-01,smartphone,saudavel,saudavel,0.9884,agrosmart-v1,simulado,sim-2026-07
73095c99-b97e-5c2d-b2ef-d7b074875c99,TI-03_20260720_0006.jpg,2026-07-20 09:33:13,TI-03,drone,saudavel,saudavel,0.8205,agrosmart-v1,simulado,sim-2026-07
4ad72dad-527b-5f3c-8fcb-e882521cc85e,SC-01_20260720_0013.jpg,2026-07-20 09:33:59,SC-01,smartphone,saudavel,saudavel,0.9109,agrosmart-v1,simulado,sim-2026-07
3b5071a7-2f3c-5980-b25a-6b40a29bb505,TI-03_20260720_0007.jpg,2026-07-20 09:33:59,TI-03,drone,saudavel,saudavel,0.8648,agrosmart-v1,simulado,sim-2026-07
2903a7a3-3db5-502d-9d30-dd2995057e97,SC-01_20260720_0014.jpg,2026-07-20 09:34:50,SC-01,smartphone,saudavel,saudavel,0.8235,agrosmart-v1,simulado,sim-2026-07
ddcf250e-82b0-5830-9dbf-ea1918196ead,TI-03_20260720_0008.jpg,2026-07-20 09:34:50,TI-03,drone,saudavel,saudavel,0.9766,agrosmart-v1,simulado,sim-2026-07
dd417194-09f5-5fa7-a029-97fbc69cc74a,SC-01_20260720_0015.jpg,2026-07-20 09:35:26,SC-01,smartphone,saudavel,saudavel,0.8372,agrosmart-v1,simulado,sim-2026-07
011b8aff-0204-5270-8475-4a5c2836a535,TI-03_20260720_0009.jpg,2026-07-20 09:35:29,TI-03,drone,saudavel,saudavel,0.9985,agrosmart-v1,simulado,sim-2026-07
eb877db2-5ecc-55f2-ae00-d791a9cd12ce,TI-03_20260720_0010.jpg,2026-07-20 09:36:04,TI-03,drone,saudavel,saudavel,0.8675,agrosmart-v1,simulado,sim-2026-07
8183ea26-d8b8-5434-8c47-34d3a044006a,SC-01_20260720_0016.jpg,2026-07-20 09:36:10,SC-01,smartphone,saudavel,saudavel,0.8784,agrosmart-v1,simulado,sim-2026-07
b49827c8-2266-5e4e-b75b-43b861901b25,TI-03_20260720_0011.jpg,2026-07-20 09:36:30,TI-03,drone,saudavel,saudavel,0.9788,agrosmart-v1,simulado,sim-2026-07
aeff8eda-8985-5982-933e-514feb71bc2e,SC-01_20260720_0017.jpg,2026-07-20 09:36:48,SC-01,smartphone,saudavel,saudavel,0.9986,agrosmart-v1,simulado,sim-2026-07
1c6746d3-a5b7-560e-b9b4-011e69886f79,SC-01_20260720_0018.jpg,2026-07-20 09:37:02,SC-01,smartphone,saudavel,saudavel,0.9999,agrosmart-v1,simulado,sim-2026-07
1e00f144-a6bb-52c7-a7b8-7bf04d80663c,TI-03_20260720_0012.jpg,2026-07-20 09:37:12,TI-03,drone,saudavel,saudavel,0.9996,agrosmart-v1,simulado,sim-2026-07
f688e1d2-e5a3-521e-9ac2-9bc43296f0e2,TI-03_20260720_0013.jpg,2026-07-20 09:37:40,TI-03,drone,saudavel,saudavel,0.9802,agrosmart-v1,simulado,sim-2026-07
0c145e33-ac59-5c90-85b3-22057cb819a9,SC-01_20260720_0019.jpg,2026-07-20 09:37:49,SC-01,smartphone,saudavel,saudavel,0.8496,agrosmart-v1,simulado,sim-2026-07
dffa3d18-143e-5b68-bfcf-b337e26f3a67,TI-03_20260720_0014.jpg,2026-07-20 09:38:26,TI-03,drone,saudavel,saudavel,0.9724,agrosmart-v1,simulado,sim-2026-07
6d5cde9e-8e2e-535c-9ef4-d50b60525101,SC-01_20260720_0020.jpg,2026-07-20 09:38:32,SC-01,smartphone,saudavel,saudavel,0.9412,agrosmart-v1,simulado,sim-2026-07
1c4d0e10-a297-5e5a-a3c5-019cec9fee66,SC-01_20260720_0021.jpg,2026-07-20 09:39:07,SC-01,smartphone,saudavel,saudavel,0.9199,agrosmart-v1,simulado,sim-2026-07
fa4e2190-9a75-5ad1-96e3-5c54025eb515,TI-03_20260720_0015.jpg,2026-07-20 09:39:16,TI-03,drone,saudavel,saudavel,0.8223,agrosmart-v1,simulado,sim-2026-07
62ea6dfc-b4c8-523a-ae9d-5b4f2240494c,TI-03_20260720_0016.jpg,2026-07-20 09:40:02,TI-03,drone,saudavel,saudavel,0.9827,agrosmart-v1,simulado,sim-2026-07
6e518388-a3d1-5032-b8bf-e040cde45f52,SC-01_20260720_0022.jpg,2026-07-20 09:40:08,SC-01,smartphone,saudavel,saudavel,0.9857,agrosmart-v1,simulado,sim-2026-07
c9a3fe2b-abee-5cb4-bd8b-bedbaa7f67d6,SC-01_20260720_0023.jpg,2026-07-20 09:40:22,SC-01,smartphone,saudavel,saudavel,0.9915,agrosmart-v1,simulado,sim-2026-07
765c37b3-ced5-59de-9347-5bb0328eef93,TI-03_20260720_0017.jpg,2026-07-20 09:40:50,TI-03,drone,saudavel,saudavel,0.9122,agrosmart-v1,simulado,sim-2026-07
a0c3dd3f-12ba-55d7-8c98-c61a0427185d,SC-01_20260720_0024.jpg,2026-07-20 09:41:23,SC-01,smartphone,saudavel,saudavel,0.8769,agrosmart-v1,simulado,sim-2026-07
bb259d6f-9aa9-52bf-9d7d-aa3d8574ed5b,TI-03_20260720_0018.jpg,2026-07-20 09:41:29,TI-03,drone,saudavel,saudavel,0.9188,agrosmart-v1,simulado,sim-2026-07
78e2dd66-1b2b-5c11-8680-a553c692ab2d,TI-03_20260720_0019.jpg,2026-07-20 09:41:48,TI-03,drone,doente,mosca_minadora,0.8385,agrosmart-v1,simulado,sim-2026-07
933b8896-7da7-52a1-bc4f-8ea76b88f58f,SC-01_20260720_0025.jpg,2026-07-20 09:42:01,SC-01,smartphone,saudavel,saudavel,0.8319,agrosmart-v1,simulado,sim-2026-07
30cf9cec-90ad-561e-8706-c26d5518f369,TI-03_20260720_0020.jpg,2026-07-20 09:42:21,TI-03,drone,saudavel,saudavel,0.9625,agrosmart-v1,simulado,sim-2026-07
8943c4f4-9827-5b45-bf7b-8ef04776afe2,SC-01_20260720_0026.jpg,2026-07-20 09:42:40,SC-01,smartphone,saudavel,saudavel,0.9676,agrosmart-v1,simulado,sim-2026-07
fe123d89-e7fd-5ff4-a5dd-0480b016e3cc,TI-03_20260720_0021.jpg,2026-07-20 09:43:09,TI-03,drone,saudavel,saudavel,0.9711,agrosmart-v1,simulado,sim-2026-07
1231b84c-0d73-52c4-a481-d61038797971,SC-01_20260720_0027.jpg,2026-07-20 09:43:30,SC-01,smartphone,saudavel,saudavel,0.9601,agrosmart-v1,simulado,sim-2026-07
f363aaca-71e8-50ff-99ee-47822dccc12f,SC-01_20260720_0028.jpg,2026-07-20 09:43:44,SC-01,smartphone,saudavel,saudavel,0.9086,agrosmart-v1,simulado,sim-2026-07
c347ca1d-e57c-5fef-8108-93b1ac20f9a5,TI-03_20260720_0022.jpg,2026-07-20 09:43:49,TI-03,drone,saudavel,saudavel,0.9412,agrosmart-v1,simulado,sim-2026-07
8db0033e-8d6e-54d9-a6f4-7747366db7d9,SC-02_20260720_0001.jpg,2026-07-20 09:44:10,SC-02,smartphone,saudavel,saudavel,0.8232,agrosmart-v1,simulado,sim-2026-07
05b20c2f-5eaf-5380-a3e3-a1d1b3ce7236,SC-02_20260720_0002.jpg,2026-07-20 09:44:26,SC-02,smartphone,saudavel,saudavel,0.8450,agrosmart-v1,simulado,sim-2026-07
84167062-7452-5bac-9502-e53c84b22336,TI-03_20260720_0023.jpg,2026-07-20 09:44:26,TI-03,drone,saudavel,saudavel,1.0000,agrosmart-v1,simulado,sim-2026-07
4b4727f8-3c16-5706-8328-c762c92ab818,SC-01_20260720_0029.jpg,2026-07-20 09:44:41,SC-01,smartphone,saudavel,saudavel,0.9843,agrosmart-v1,simulado,sim-2026-07
8cb88aa6-1d4a-543f-818b-fc5b2df6c7f2,SC-02_20260720_0003.jpg,2026-07-20 09:45:15,SC-02,smartphone,saudavel,saudavel,0.9778,agrosmart-v1,simulado,sim-2026-07
7d969aff-470f-5bde-b92f-f71179521471,SC-01_20260720_0030.jpg,2026-07-20 09:45:16,SC-01,smartphone,saudavel,saudavel,0.9010,agrosmart-v1,simulado,sim-2026-07
cd946775-d1b4-5305-b31b-db01ade6ab77,TI-03_20260720_0024.jpg,2026-07-20 09:45:24,TI-03,drone,saudavel,saudavel,0.9095,agrosmart-v1,simulado,sim-2026-07
a6424be3-9250-57c4-9f48-474cbc737013,SC-01_20260720_0031.jpg,2026-07-20 09:45:45,SC-01,smartphone,saudavel,saudavel,0.8870,agrosmart-v1,simulado,sim-2026-07
ac85bff1-5b34-5fa3-8a74-6e1b41dc65d4,TI-03_20260720_0025.jpg,2026-07-20 09:45:58,TI-03,drone,saudavel,saudavel,0.8635,agrosmart-v1,simulado,sim-2026-07
b6c8cf01-0bc5-57ce-8292-05a334df3914,SC-02_20260720_0004.jpg,2026-07-20 09:46:00,SC-02,smartphone,saudavel,saudavel,0.9294,agrosmart-v1,simulado,sim-2026-07
dced1cf4-7b40-5922-8c53-0f1d8a89865d,TI-03_20260720_0026.jpg,2026-07-20 09:46:32,TI-03,drone,saudavel,saudavel,0.9363,agrosmart-v1,simulado,sim-2026-07
fcf519f5-e814-5b8d-ae39-a5f0bfbecc57,SC-01_20260720_0032.jpg,2026-07-20 09:46:34,SC-01,smartphone,saudavel,saudavel,0.9593,agrosmart-v1,simulado,sim-2026-07
1024c6be-063a-5b19-8356-7d8a9aeb2544,SC-02_20260720_0005.jpg,2026-07-20 09:46:34,SC-02,smartphone,saudavel,saudavel,0.9880,agrosmart-v1,simulado,sim-2026-07
2d2761b6-65cb-50b0-aa26-105dcbbb3f50,TI-03_20260720_0027.jpg,2026-07-20 09:47:06,TI-03,drone,saudavel,saudavel,0.8941,agrosmart-v1,simulado,sim-2026-07
071d5267-6d33-5734-9572-9e162036888f,SC-02_20260720_0006.jpg,2026-07-20 09:47:10,SC-02,smartphone,saudavel,saudavel,0.8493,agrosmart-v1,simulado,sim-2026-07
d4a21b96-6d46-5b10-b48d-80552172f349,SC-01_20260720_0033.jpg,2026-07-20 09:47:11,SC-01,smartphone,saudavel,saudavel,0.9936,agrosmart-v1,simulado,sim-2026-07
b0279e79-1107-577a-a1a3-647e65b9d18f,TI-03_20260720_0028.jpg,2026-07-20 09:47:58,TI-03,drone,saudavel,saudavel,0.9966,agrosmart-v1,simulado,sim-2026-07
e95429c9-a1c3-5092-8aaf-4e9a574eef71,SC-02_20260720_0007.jpg,2026-07-20 09:48:07,SC-02,smartphone,saudavel,saudavel,0.9553,agrosmart-v1,simulado,sim-2026-07
008e797b-c329-59b3-932a-a92b86473a79,SC-01_20260720_0034.jpg,2026-07-20 09:48:09,SC-01,smartphone,saudavel,saudavel,0.9968,agrosmart-v1,simulado,sim-2026-07
e69a0e3d-be45-5d5e-a48c-7dde92fb9dae,SC-01_20260720_0035.jpg,2026-07-20 09:48:27,SC-01,smartphone,saudavel,saudavel,0.9970,agrosmart-v1,simulado,sim-2026-07
5bddcb8f-337f-558d-8e47-c0e56b2bbe3c,SC-02_20260720_0008.jpg,2026-07-20 09:48:37,SC-02,smartphone,saudavel,saudavel,0.9815,agrosmart-v1,simulado,sim-2026-07
c2a88293-4bf7-55f1-b55b-17e3b986dba1,TI-03_20260720_0029.jpg,2026-07-20 09:48:38,TI-03,drone,doente,mosca_minadora,0.9782,agrosmart-v1,simulado,sim-2026-07
2b4882fb-f48e-5b36-bfb2-3fb1d6d68d5f,SC-01_20260720_0036.jpg,2026-07-20 09:49:11,SC-01,smartphone,saudavel,saudavel,0.9563,agrosmart-v1,simulado,sim-2026-07
45e8c122-77c0-5cca-b0c4-64bf2b6ef2f9,SC-02_20260720_0009.jpg,2026-07-20 09:49:12,SC-02,smartphone,saudavel,saudavel,0.9956,agrosmart-v1,simulado,sim-2026-07
44a0c68d-2bf4-5f43-a4ba-47109b8f8439,TI-03_20260720_0030.jpg,2026-07-20 09:49:16,TI-03,drone,saudavel,saudavel,0.9999,agrosmart-v1,simulado,sim-2026-07
5fc1c2f0-419a-5c82-b414-4569ab56922c,SC-01_20260720_0037.jpg,2026-07-20 09:49:45,SC-01,smartphone,saudavel,saudavel,0.9885,agrosmart-v1,simulado,sim-2026-07
10f715ba-93a0-53ec-b16b-fafd06bb9eb0,SC-02_20260720_0010.jpg,2026-07-20 09:49:48,SC-02,smartphone,saudavel,saudavel,0.9829,agrosmart-v1,simulado,sim-2026-07
5760defa-6ce4-5ece-a070-6793dace1626,TI-03_20260720_0031.jpg,2026-07-20 09:50:03,TI-03,drone,saudavel,saudavel,0.9949,agrosmart-v1,simulado,sim-2026-07
122b445a-f9d8-5b5b-a079-5b7db0c8324f,SC-02_20260720_0011.jpg,2026-07-20 09:50:24,SC-02,smartphone,saudavel,saudavel,0.9999,agrosmart-v1,simulado,sim-2026-07
2b0ab4f4-1c1b-56f2-8b2c-bbe9fce21c1b,SC-01_20260720_0038.jpg,2026-07-20 09:50:30,SC-01,smartphone,saudavel,saudavel,0.8218,agrosmart-v1,simulado,sim-2026-07
befd401b-e4f6-5ce8-bdac-ff531c98bef0,TI-03_20260720_0032.jpg,2026-07-20 09:50:40,TI-03,drone,saudavel,saudavel,0.8446,agrosmart-v1,simulado,sim-2026-07
fe1ca22f-461c-5eb4-894f-dff7bc15eba1,SC-02_20260720_0012.jpg,2026-07-20 09:51:08,SC-02,smartphone,saudavel,saudavel,0.9685,agrosmart-v1,simulado,sim-2026-07
1a9b598a-7738-5373-97f4-7ca44c2faf69,SC-01_20260720_0039.jpg,2026-07-20 09:51:16,SC-01,smartphone,saudavel,saudavel,0.9787,agrosmart-v1,simulado,sim-2026-07
69dfb778-9edf-5577-b8fc-839d3b8ee5a1,TI-03_20260720_0033.jpg,2026-07-20 09:51:16,TI-03,drone,saudavel,saudavel,0.9591,agrosmart-v1,simulado,sim-2026-07
9c3d48a9-c1a8-5e52-a97a-936ec8d99536,TI-03_20260720_0034.jpg,2026-07-20 09:51:41,TI-03,drone,saudavel,saudavel,0.8589,agrosmart-v1,simulado,sim-2026-07
d56f6f89-a458-5ece-9869-df9f56f4a0bc,SC-02_20260720_0013.jpg,2026-07-20 09:51:52,SC-02,smartphone,saudavel,saudavel,0.9953,agrosmart-v1,simulado,sim-2026-07
2b9d6d33-7f15-5584-b342-0fccbf750f10,SC-01_20260720_0040.jpg,2026-07-20 09:52:09,SC-01,smartphone,saudavel,saudavel,0.9501,agrosmart-v1,simulado,sim-2026-07
3ff78e3b-3b7b-5aa6-9a4c-81c99b3b7906,TI-03_20260720_0035.jpg,2026-07-20 09:52:22,TI-03,drone,saudavel,saudavel,0.8291,agrosmart-v1,simulado,sim-2026-07
9f7a58d6-5b3a-5a64-a1ec-329c74115f70,SC-02_20260720_0014.jpg,2026-07-20 09:52:42,SC-02,smartphone,saudavel,saudavel,0.8764,agrosmart-v1,simulado,sim-2026-07
7def2985-481f-56a6-b126-41ac02be37ff,TI-03_20260720_0036.jpg,2026-07-20 09:53:01,TI-03,drone,saudavel,saudavel,0.9174,agrosmart-v1,simulado,sim-2026-07
46d5574d-dabd-565b-b963-05887025993f,SC-02_20260720_0015.jpg,2026-07-20 09:53:23,SC-02,smartphone,saudavel,saudavel,0.9617,agrosmart-v1,simulado,sim-2026-07
0cbac137-91ff-5b9f-9c28-20526b18d5e5,SC-02_20260720_0016.jpg,2026-07-20 09:53:53,SC-02,smartphone,saudavel,saudavel,0.9903,agrosmart-v1,simulado,sim-2026-07
95eac04d-803c-5feb-96c1-e34ce3301c26,TI-03_20260720_0037.jpg,2026-07-20 09:53:55,TI-03,drone,saudavel,saudavel,0.8795,agrosmart-v1,simulado,sim-2026-07
c19586ef-e27d-5903-afc6-f85d97848c32,SC-02_20260720_0017.jpg,2026-07-20 09:54:21,SC-02,smartphone,saudavel,saudavel,0.9898,agrosmart-v1,simulado,sim-2026-07
d6b23aa4-52e1-5e7e-90ee-37ed266e760a,TI-03_20260720_0038.jpg,2026-07-20 09:54:33,TI-03,drone,saudavel,saudavel,0.8632,agrosmart-v1,simulado,sim-2026-07
34c55a32-70ea-5ed3-bcd4-d19ebef175f5,TI-03_20260720_0039.jpg,2026-07-20 09:55:01,TI-03,drone,saudavel,saudavel,0.8273,agrosmart-v1,simulado,sim-2026-07
ebd46cf2-f504-5733-af8f-16521e192907,SC-02_20260720_0018.jpg,2026-07-20 09:55:03,SC-02,smartphone,saudavel,saudavel,0.9789,agrosmart-v1,simulado,sim-2026-07
f0f75bad-3a71-55f0-8d04-82a6eb29749b,SC-02_20260720_0019.jpg,2026-07-20 09:55:59,SC-02,smartphone,saudavel,saudavel,0.9942,agrosmart-v1,simulado,sim-2026-07
af2d1985-97e2-50c1-bcc1-4f493e69f38d,TI-03_20260720_0040.jpg,2026-07-20 09:56:04,TI-03,drone,saudavel,saudavel,0.9998,agrosmart-v1,simulado,sim-2026-07
402d46c2-4cfe-59bf-8120-f54ec506e5b4,SC-02_20260720_0020.jpg,2026-07-20 09:56:20,SC-02,smartphone,saudavel,saudavel,0.9783,agrosmart-v1,simulado,sim-2026-07
a9f0a82d-38e6-54bb-a6d6-561ee090d1cb,TI-03_20260720_0041.jpg,2026-07-20 09:56:23,TI-03,drone,saudavel,saudavel,0.9542,agrosmart-v1,simulado,sim-2026-07
0bbf98d8-c9d0-558d-9908-2eb3a57fc904,SC-02_20260720_0021.jpg,2026-07-20 09:57:18,SC-02,smartphone,saudavel,saudavel,0.9289,agrosmart-v1,simulado,sim-2026-07
777a19f0-184f-59fb-a8b5-af97631d2ff6,TI-03_20260720_0042.jpg,2026-07-20 09:57:23,TI-03,drone,doente,pinta_preta,0.9879,agrosmart-v1,simulado,sim-2026-07
22bb1c3a-2f63-5594-a25b-eda733208e89,SC-02_20260720_0022.jpg,2026-07-20 09:58:04,SC-02,smartphone,saudavel,saudavel,0.8492,agrosmart-v1,simulado,sim-2026-07
5cd42d16-a938-579d-be03-d884c15b77a5,TI-03_20260720_0043.jpg,2026-07-20 09:58:08,TI-03,drone,doente,mosca_minadora,0.9900,agrosmart-v1,simulado,sim-2026-07
56bb547f-20a5-54af-9360-f4586e7d333c,SC-02_20260720_0023.jpg,2026-07-20 09:58:28,SC-02,smartphone,saudavel,saudavel,0.9971,agrosmart-v1,simulado,sim-2026-07
48164519-1ca8-59b7-9633-f27c8fe2a227,TI-03_20260720_0044.jpg,2026-07-20 09:58:31,TI-03,drone,saudavel,saudavel,0.9381,agrosmart-v1,simulado,sim-2026-07
72e1e09c-7518-5bde-82cb-66466cf741f9,SC-03_20260720_0001.jpg,2026-07-20 09:58:54,SC-03,smartphone,saudavel,saudavel,0.8894,agrosmart-v1,simulado,sim-2026-07
02b19ecf-cbd3-51c3-840c-667def7be09f,SC-02_20260720_0024.jpg,2026-07-20 09:59:18,SC-02,smartphone,saudavel,saudavel,0.9991,agrosmart-v1,simulado,sim-2026-07
5d8848c1-037b-5d8a-814b-aa3ed08bc4ef,TI-03_20260720_0045.jpg,2026-07-20 09:59:20,TI-03,drone,saudavel,saudavel,0.9674,agrosmart-v1,simulado,sim-2026-07
fea30b95-ef63-5a20-aa1c-6eea9c4be7d3,SC-02_20260720_0025.jpg,2026-07-20 09:59:40,SC-02,smartphone,saudavel,saudavel,0.8863,agrosmart-v1,simulado,sim-2026-07
5f9bcbcd-b1c4-5fb8-9331-e941f1c2664e,SC-03_20260720_0002.jpg,2026-07-20 09:59:42,SC-03,smartphone,saudavel,saudavel,0.8436,agrosmart-v1,simulado,sim-2026-07
f684c83c-642e-52be-bf3a-55c5c561caef,TI-03_20260720_0046.jpg,2026-07-20 09:59:48,TI-03,drone,saudavel,saudavel,0.9390,agrosmart-v1,simulado,sim-2026-07
561b535e-f888-5e50-b70f-f69c43d75c97,SC-03_20260720_0003.jpg,2026-07-20 10:00:00,SC-03,smartphone,saudavel,saudavel,0.9697,agrosmart-v1,simulado,sim-2026-07
7b2e48bb-dc3d-522a-a91a-0d34cb356ecd,SC-02_20260720_0026.jpg,2026-07-20 10:00:21,SC-02,smartphone,saudavel,saudavel,0.9746,agrosmart-v1,simulado,sim-2026-07
9c99d873-c5b1-58c1-9f62-ac0349b36d9c,SC-03_20260720_0004.jpg,2026-07-20 10:00:46,SC-03,smartphone,saudavel,saudavel,0.9835,agrosmart-v1,simulado,sim-2026-07
d9b9642b-95f7-5d8d-aed3-64d34743e6e4,TI-03_20260720_0047.jpg,2026-07-20 10:00:46,TI-03,drone,saudavel,saudavel,0.9281,agrosmart-v1,simulado,sim-2026-07
e4c7defe-fc15-5add-9681-3c5199171553,SC-02_20260720_0027.jpg,2026-07-20 10:01:01,SC-02,smartphone,saudavel,saudavel,0.8384,agrosmart-v1,simulado,sim-2026-07
863f28c0-2420-5d8a-99d7-c1f2163e3266,SC-03_20260720_0005.jpg,2026-07-20 10:01:31,SC-03,smartphone,saudavel,saudavel,0.9652,agrosmart-v1,simulado,sim-2026-07
56c35c57-e8ef-5d67-a6ed-bf27c11a872e,SC-02_20260720_0028.jpg,2026-07-20 10:01:47,SC-02,smartphone,saudavel,saudavel,0.9983,agrosmart-v1,simulado,sim-2026-07
4a1b9204-3d46-5169-accb-e2c2f1c518bb,SC-03_20260720_0006.jpg,2026-07-20 10:02:28,SC-03,smartphone,saudavel,saudavel,0.9947,agrosmart-v1,simulado,sim-2026-07
4c8e49eb-d835-5396-86c7-40492964bd58,SC-03_20260720_0007.jpg,2026-07-20 10:02:40,SC-03,smartphone,saudavel,saudavel,0.8360,agrosmart-v1,simulado,sim-2026-07
c06a9513-1cc7-5d16-a305-a0be39d4b26a,SC-02_20260720_0029.jpg,2026-07-20 10:02:42,SC-02,smartphone,saudavel,saudavel,0.9609,agrosmart-v1,simulado,sim-2026-07
5d029db5-bca3-5c67-8ecb-a3d234c377a0,SC-02_20260720_0030.jpg,2026-07-20 10:03:12,SC-02,smartphone,saudavel,saudavel,0.8869,agrosmart-v1,simulado,sim-2026-07
a7dfb58a-06c8-5aa2-804b-c213f895cfbc,SC-03_20260720_0008.jpg,2026-07-20 10:03:30,SC-03,smartphone,saudavel,saudavel,0.8678,agrosmart-v1,simulado,sim-2026-07
1a8043bc-726e-57cf-9b17-a6f6e1a85663,SC-02_20260720_0031.jpg,2026-07-20 10:03:53,SC-02,smartphone,saudavel,saudavel,0.6612,agrosmart-v1,simulado,sim-2026-07
033e06e1-6abf-5bd7-8ea1-52842c2fc183,SC-02_20260720_0032.jpg,2026-07-20 10:04:22,SC-02,smartphone,saudavel,saudavel,0.9171,agrosmart-v1,simulado,sim-2026-07
144efb4b-9a20-58ef-bc4d-a5687f3d485b,SC-03_20260720_0009.jpg,2026-07-20 10:04:30,SC-03,smartphone,saudavel,saudavel,0.9835,agrosmart-v1,simulado,sim-2026-07
c3cfd618-86e0-599f-b5ed-a81c4f15e5f4,SC-03_20260720_0010.jpg,2026-07-20 10:05:09,SC-03,smartphone,doente,requeima,0.9518,agrosmart-v1,simulado,sim-2026-07
4cac5176-c421-50b3-94e1-81eed2cf0fb4,SC-03_20260720_0011.jpg,2026-07-20 10:05:24,SC-03,smartphone,saudavel,saudavel,0.9451,agrosmart-v1,simulado,sim-2026-07
f7e957ce-496b-5f53-9daa-f5c49f6ead1d,SC-02_20260720_0033.jpg,2026-07-20 10:05:28,SC-02,smartphone,saudavel,saudavel,0.9998,agrosmart-v1,simulado,sim-2026-07
49793fab-18cc-5058-878e-40d8437d1db1,SC-02_20260720_0034.jpg,2026-07-20 10:06:08,SC-02,smartphone,saudavel,saudavel,0.9989,agrosmart-v1,simulado,sim-2026-07
45f20fe3-4013-57e9-ae50-d4f9ea4ed565,SC-03_20260720_0012.jpg,2026-07-20 10:06:29,SC-03,smartphone,saudavel,saudavel,0.8552,agrosmart-v1,simulado,sim-2026-07
ffbb97b0-9372-5ed5-976a-dbfa51ce236d,SC-02_20260720_0035.jpg,2026-07-20 10:06:49,SC-02,smartphone,saudavel,saudavel,0.9949,agrosmart-v1,simulado,sim-2026-07
cfd042cf-955d-546d-9bf7-a98234a4c334,SC-03_20260720_0013.jpg,2026-07-20 10:07:08,SC-03,smartphone,saudavel,saudavel,0.9845,agrosmart-v1,simulado,sim-2026-07
a911ce1a-f3ca-5eb3-97b2-3790c47db707,SC-02_20260720_0036.jpg,2026-07-20 10:07:14,SC-02,smartphone,saudavel,saudavel,0.8439,agrosmart-v1,simulado,sim-2026-07
d1348bd4-e97d-547c-991b-0a9d807abe2a,SC-03_20260720_0014.jpg,2026-07-20 10:07:39,SC-03,smartphone,saudavel,saudavel,0.9852,agrosmart-v1,simulado,sim-2026-07
5f30dd24-7033-522d-a068-aa60e0048d7f,SC-03_20260720_0015.jpg,2026-07-20 10:08:11,SC-03,smartphone,saudavel,saudavel,0.9567,agrosmart-v1,simulado,sim-2026-07
54af087c-bfc5-54e7-a09b-f0764a5c6843,SC-03_20260720_0016.jpg,2026-07-20 10:08:52,SC-03,smartphone,saudavel,saudavel,0.9999,agrosmart-v1,simulado,sim-2026-07
b57c483a-32e9-5553-a07b-09c2ee54f0aa,SC-03_20260720_0017.jpg,2026-07-20 10:09:20,SC-03,smartphone,saudavel,saudavel,0.8932,agrosmart-v1,simulado,sim-2026-07
6fb3c46c-be5f-560f-b29c-b41152c0637e,SC-03_20260720_0018.jpg,2026-07-20 10:10:07,SC-03,smartphone,saudavel,saudavel,0.9961,agrosmart-v1,simulado,sim-2026-07
187f749e-5da1-5dd6-b334-533c91b6451e,SC-03_20260720_0019.jpg,2026-07-20 10:10:40,SC-03,smartphone,saudavel,saudavel,0.6919,agrosmart-v1,simulado,sim-2026-07
c645cf94-1f1d-5a38-aa7e-e4212fd27794,SC-03_20260720_0020.jpg,2026-07-20 10:11:37,SC-03,smartphone,saudavel,saudavel,0.6922,agrosmart-v1,simulado,sim-2026-07
6f5bc261-c0cb-5f1d-b06f-6b8c552c188f,SC-03_20260720_0021.jpg,2026-07-20 10:12:17,SC-03,smartphone,saudavel,saudavel,0.9871,agrosmart-v1,simulado,sim-2026-07
1b81a736-598a-5a12-815e-4de063fca879,SC-03_20260720_0022.jpg,2026-07-20 10:12:50,SC-03,smartphone,saudavel,saudavel,0.9331,agrosmart-v1,simulado,sim-2026-07
a062acff-0bec-5254-90da-4a7cb0f2b736,SC-03_20260720_0023.jpg,2026-07-20 10:13:50,SC-03,smartphone,saudavel,saudavel,0.9971,agrosmart-v1,simulado,sim-2026-07
61fa6343-96ab-568f-a418-e42437296c3c,SC-03_20260720_0024.jpg,2026-07-20 10:14:12,SC-03,smartphone,saudavel,saudavel,0.9925,agrosmart-v1,simulado,sim-2026-07
86a630aa-5bed-5fee-8556-65a0386fbae0,SC-03_20260720_0025.jpg,2026-07-20 10:15:06,SC-03,smartphone,saudavel,saudavel,0.9915,agrosmart-v1,simulado,sim-2026-07
90231715-f5a8-54d4-a023-2ee5b9dd5d08,SC-03_20260720_0026.jpg,2026-07-20 10:15:25,SC-03,smartphone,saudavel,saudavel,0.9960,agrosmart-v1,simulado,sim-2026-07
d675b7b1-7fef-5b27-bedd-7a1b726bec11,SC-03_20260720_0027.jpg,2026-07-20 10:16:04,SC-03,smartphone,saudavel,saudavel,0.9879,agrosmart-v1,simulado,sim-2026-07
bda9dc5b-8037-5ca0-bada-d722b3a15445,SC-03_20260720_0028.jpg,2026-07-20 10:17:08,SC-03,smartphone,saudavel,saudavel,0.9723,agrosmart-v1,simulado,sim-2026-07
64a6c706-8123-509b-ba3d-48c9acc4e26d,SC-03_20260720_0029.jpg,2026-07-20 10:17:26,SC-03,smartphone,saudavel,saudavel,0.8429,agrosmart-v1,simulado,sim-2026-07
ab705412-8b49-5b61-98d9-0d4066d2fd22,SC-03_20260720_0030.jpg,2026-07-20 10:18:08,SC-03,smartphone,saudavel,saudavel,0.9386,agrosmart-v1,simulado,sim-2026-07
1c3406d1-b1c2-55f8-8040-06527424c718,SC-03_20260720_0031.jpg,2026-07-20 10:18:57,SC-03,smartphone,saudavel,saudavel,0.9950,agrosmart-v1,simulado,sim-2026-07
3bd732d7-78ed-5153-a150-a3da84e232ea,SC-03_20260720_0032.jpg,2026-07-20 10:19:26,SC-03,smartphone,saudavel,saudavel,0.9934,agrosmart-v1,simulado,sim-2026-07
427bdcb2-0005-5dda-bbfe-c0b0320cabfa,BV-02_20260722_0001.jpg,2026-07-22 07:05:10,BV-02,smartphone,saudavel,saudavel,0.8235,agrosmart-v1,simulado,sim-2026-07
cc8df2df-c5ca-53cc-bb93-181318a1e9f1,BV-02_20260722_0002.jpg,2026-07-22 07:05:26,BV-02,smartphone,saudavel,saudavel,0.9715,agrosmart-v1,simulado,sim-2026-07
d7940915-37b7-5bfa-836d-9837152ebeb5,BV-02_20260722_0003.jpg,2026-07-22 07:06:26,BV-02,smartphone,saudavel,saudavel,0.9999,agrosmart-v1,simulado,sim-2026-07
fa5bcf1c-8cdc-51bc-8177-a6a26dfe04ef,BV-02_20260722_0004.jpg,2026-07-22 07:06:54,BV-02,smartphone,saudavel,saudavel,0.8408,agrosmart-v1,simulado,sim-2026-07
e9c95fb6-8dd5-5ec5-bb69-9b3b78a320fc,BV-02_20260722_0005.jpg,2026-07-22 07:07:50,BV-02,smartphone,saudavel,saudavel,0.9914,agrosmart-v1,simulado,sim-2026-07
bbe88a92-d401-5f12-b4db-2a919d458fea,BV-02_20260722_0006.jpg,2026-07-22 07:08:11,BV-02,smartphone,saudavel,saudavel,0.9667,agrosmart-v1,simulado,sim-2026-07
f723f2b8-2e5a-5fa7-939c-2b89342d29bb,SC-01_20260722_0001.jpg,2026-07-22 07:08:52,SC-01,smartphone,saudavel,saudavel,0.9905,agrosmart-v1,simulado,sim-2026-07
ea9b40df-951b-50e1-876e-4b5758d5dd85,BV-02_20260722_0007.jpg,2026-07-22 07:08:53,BV-02,smartphone,saudavel,saudavel,0.9576,agrosmart-v1,simulado,sim-2026-07
0782e9a2-6fc3-5872-a507-e48e0bb69ab9,BV-02_20260722_0008.jpg,2026-07-22 07:09:33,BV-02,smartphone,saudavel,saudavel,0.9253,agrosmart-v1,simulado,sim-2026-07
0d577fde-b9a7-50ed-82ec-c3405b68e333,SC-01_20260722_0002.jpg,2026-07-22 07:09:42,SC-01,smartphone,saudavel,saudavel,0.9569,agrosmart-v1,simulado,sim-2026-07
ca23dc59-fe5a-50ca-92e7-13a7e4171c7d,BV-02_20260722_0009.jpg,2026-07-22 07:10:06,BV-02,smartphone,saudavel,saudavel,0.8756,agrosmart-v1,simulado,sim-2026-07
55d98f39-6028-54e4-971c-2dad51eb817c,SC-01_20260722_0003.jpg,2026-07-22 07:10:27,SC-01,smartphone,saudavel,saudavel,0.8815,agrosmart-v1,simulado,sim-2026-07
8de4317c-c386-53be-8b1a-1394fd3e66dd,SC-01_20260722_0004.jpg,2026-07-22 07:11:03,SC-01,smartphone,doente,pinta_preta,0.9853,agrosmart-v1,simulado,sim-2026-07
029b1845-0f3f-5feb-aec8-a5df1e40ceb8,BV-02_20260722_0010.jpg,2026-07-22 07:11:10,BV-02,smartphone,saudavel,saudavel,0.9894,agrosmart-v1,simulado,sim-2026-07
30b308aa-141b-50d0-a02d-5c212a251519,BV-02_20260722_0011.jpg,2026-07-22 07:11:20,BV-02,smartphone,saudavel,saudavel,0.8253,agrosmart-v1,simulado,sim-2026-07
c63580d2-60b3-5658-b235-ef13ee8d2fd2,SC-01_20260722_0005.jpg,2026-07-22 07:11:42,SC-01,smartphone,saudavel,saudavel,0.8592,agrosmart-v1,simulado,sim-2026-07
4aa2fa03-6881-5fe8-ae77-16945fdef5aa,SC-01_20260722_0006.jpg,2026-07-22 07:12:07,SC-01,smartphone,saudavel,saudavel,0.9545,agrosmart-v1,simulado,sim-2026-07
fc0746db-0c74-5a15-851e-720b6a4188cb,BV-02_20260722_0012.jpg,2026-07-22 07:12:10,BV-02,smartphone,saudavel,saudavel,0.9591,agrosmart-v1,simulado,sim-2026-07
e695b410-621b-58f0-8013-115ab4826a5d,SC-01_20260722_0007.jpg,2026-07-22 07:12:54,SC-01,smartphone,saudavel,saudavel,0.9994,agrosmart-v1,simulado,sim-2026-07
2677b96b-ef5d-56bc-8be0-0255c3bfbab1,BV-02_20260722_0013.jpg,2026-07-22 07:12:57,BV-02,smartphone,saudavel,saudavel,0.9497,agrosmart-v1,simulado,sim-2026-07
f87fa266-4fb6-56ce-9cc5-734b8094f349,BV-02_20260722_0014.jpg,2026-07-22 07:13:26,BV-02,smartphone,saudavel,saudavel,0.9748,agrosmart-v1,simulado,sim-2026-07
4590e58d-ff7d-5739-84b9-5e6ac9b80ee5,SC-01_20260722_0008.jpg,2026-07-22 07:13:42,SC-01,smartphone,saudavel,saudavel,0.8762,agrosmart-v1,simulado,sim-2026-07
a64c8606-c901-523f-8db9-dd5aa1b50411,BV-02_20260722_0015.jpg,2026-07-22 07:14:01,BV-02,smartphone,saudavel,saudavel,0.9753,agrosmart-v1,simulado,sim-2026-07
99c0bd63-2926-5f04-8724-4a1b6ae10128,SC-01_20260722_0009.jpg,2026-07-22 07:14:05,SC-01,smartphone,saudavel,saudavel,0.9895,agrosmart-v1,simulado,sim-2026-07
a59d9ed0-4798-5706-8365-cfd14b594743,BV-02_20260722_0016.jpg,2026-07-22 07:14:40,BV-02,smartphone,saudavel,saudavel,0.9996,agrosmart-v1,simulado,sim-2026-07
332a6d00-35c0-554f-af35-83a9ded7450e,SC-01_20260722_0010.jpg,2026-07-22 07:14:41,SC-01,smartphone,saudavel,saudavel,0.8295,agrosmart-v1,simulado,sim-2026-07
ecdcde31-0331-5ebd-910b-92664d266124,SC-01_20260722_0011.jpg,2026-07-22 07:15:33,SC-01,smartphone,saudavel,saudavel,0.9683,agrosmart-v1,simulado,sim-2026-07
d09ff3a1-82e1-5f18-b393-51315d0878cf,BV-02_20260722_0017.jpg,2026-07-22 07:15:38,BV-02,smartphone,saudavel,saudavel,0.9992,agrosmart-v1,simulado,sim-2026-07
20f33e95-497a-5e5c-a6d0-61c3fb51c446,BV-02_20260722_0018.jpg,2026-07-22 07:16:18,BV-02,smartphone,saudavel,saudavel,1.0000,agrosmart-v1,simulado,sim-2026-07
51ab5a63-241d-5020-b6a8-2fe8c75424f2,SC-01_20260722_0012.jpg,2026-07-22 07:16:20,SC-01,smartphone,saudavel,saudavel,0.8375,agrosmart-v1,simulado,sim-2026-07
7e7a7c9a-fdd6-5904-8566-26e25750d1c4,BV-02_20260722_0019.jpg,2026-07-22 07:16:48,BV-02,smartphone,saudavel,saudavel,0.9951,agrosmart-v1,simulado,sim-2026-07
26182b5f-419b-5b1f-b094-2e32982d6db7,SC-01_20260722_0013.jpg,2026-07-22 07:16:54,SC-01,smartphone,saudavel,saudavel,0.9503,agrosmart-v1,simulado,sim-2026-07
33d7d047-f1c5-5b4e-8d2a-878632758141,SC-01_20260722_0014.jpg,2026-07-22 07:17:36,SC-01,smartphone,saudavel,saudavel,0.9416,agrosmart-v1,simulado,sim-2026-07
9ab7983d-d75d-573d-8a9b-4040fd164df2,BV-02_20260722_0020.jpg,2026-07-22 07:17:42,BV-02,smartphone,saudavel,saudavel,0.8401,agrosmart-v1,simulado,sim-2026-07
ef65c260-aafe-5c70-beca-00c29f31fe57,SC-01_20260722_0015.jpg,2026-07-22 07:18:06,SC-01,smartphone,saudavel,saudavel,0.8997,agrosmart-v1,simulado,sim-2026-07
d3434db0-8b6d-56f4-8cf3-602bbdb52a7c,BV-02_20260722_0021.jpg,2026-07-22 07:18:19,BV-02,smartphone,saudavel,saudavel,0.9746,agrosmart-v1,simulado,sim-2026-07
11c1ee2c-9100-5973-98d6-d8990d030b13,SC-01_20260722_0016.jpg,2026-07-22 07:18:47,SC-01,smartphone,saudavel,saudavel,0.9809,agrosmart-v1,simulado,sim-2026-07
2e5f8030-7945-5d5c-98a8-cc9428a6bf2e,BV-02_20260722_0022.jpg,2026-07-22 07:18:49,BV-02,smartphone,saudavel,saudavel,0.9259,agrosmart-v1,simulado,sim-2026-07
7f32dde6-3208-5e4a-9863-fb4e74b980ba,BV-02_20260722_0023.jpg,2026-07-22 07:19:43,BV-02,smartphone,saudavel,saudavel,0.9172,agrosmart-v1,simulado,sim-2026-07
a0513a07-6b49-5e07-862a-cf529f38ee68,SC-01_20260722_0017.jpg,2026-07-22 07:19:44,SC-01,smartphone,saudavel,saudavel,0.8278,agrosmart-v1,simulado,sim-2026-07
80da38da-279b-58f7-9c8e-1271b9d70068,BV-02_20260722_0024.jpg,2026-07-22 07:20:14,BV-02,smartphone,saudavel,saudavel,0.9509,agrosmart-v1,simulado,sim-2026-07
66eca913-5804-5bc7-a212-ce42c69ddea8,SC-01_20260722_0018.jpg,2026-07-22 07:20:22,SC-01,smartphone,saudavel,saudavel,0.9976,agrosmart-v1,simulado,sim-2026-07
9b79cf6b-118a-5b2d-bb57-6d09aa0f4277,SC-01_20260722_0019.jpg,2026-07-22 07:21:03,SC-01,smartphone,saudavel,saudavel,0.9905,agrosmart-v1,simulado,sim-2026-07
12e2a3d3-704c-55e7-9110-07fb44bde974,BV-02_20260722_0025.jpg,2026-07-22 07:21:05,BV-02,smartphone,saudavel,saudavel,0.9734,agrosmart-v1,simulado,sim-2026-07
a047c832-4ff5-5b87-8705-97ec0b54867b,BV-02_20260722_0026.jpg,2026-07-22 07:21:27,BV-02,smartphone,saudavel,saudavel,0.9425,agrosmart-v1,simulado,sim-2026-07
7b0db437-4506-5d16-9015-9569a59efb15,SC-01_20260722_0020.jpg,2026-07-22 07:21:50,SC-01,smartphone,saudavel,saudavel,0.9986,agrosmart-v1,simulado,sim-2026-07
325f76c8-6104-5140-b839-5efc70b6ac84,SC-01_20260722_0021.jpg,2026-07-22 07:22:06,SC-01,smartphone,saudavel,saudavel,0.9413,agrosmart-v1,simulado,sim-2026-07
094fb7ce-ce76-5be4-b27c-43bed4228c6c,BV-02_20260722_0027.jpg,2026-07-22 07:22:24,BV-02,smartphone,saudavel,saudavel,0.9827,agrosmart-v1,simulado,sim-2026-07
47a1337a-2b64-5798-bf56-1708c1bb65b7,SC-01_20260722_0022.jpg,2026-07-22 07:23:01,SC-01,smartphone,saudavel,saudavel,0.8492,agrosmart-v1,simulado,sim-2026-07
f23ef2d3-ae39-510f-a690-c4c46876e1ad,BV-02_20260722_0028.jpg,2026-07-22 07:23:07,BV-02,smartphone,saudavel,saudavel,0.9945,agrosmart-v1,simulado,sim-2026-07
52a08a42-a16c-5e4d-9b82-b86dc2eec576,SC-01_20260722_0023.jpg,2026-07-22 07:23:48,SC-01,smartphone,saudavel,saudavel,0.9846,agrosmart-v1,simulado,sim-2026-07
a2746a20-ea48-5f27-bef5-55c24f010dd2,SC-01_20260722_0024.jpg,2026-07-22 07:24:30,SC-01,smartphone,saudavel,saudavel,0.9562,agrosmart-v1,simulado,sim-2026-07
421028d6-7054-59dd-822f-d8b14a91516d,SC-01_20260722_0025.jpg,2026-07-22 07:24:42,SC-01,smartphone,saudavel,saudavel,0.9448,agrosmart-v1,simulado,sim-2026-07
7969a6af-83d1-5b82-aee8-d2f572beb9f6,SC-01_20260722_0026.jpg,2026-07-22 07:25:45,SC-01,smartphone,saudavel,saudavel,0.9967,agrosmart-v1,simulado,sim-2026-07
1e1eae6d-5192-56a2-b1d8-ce4323741167,SC-01_20260722_0027.jpg,2026-07-22 07:26:22,SC-01,smartphone,saudavel,saudavel,0.9999,agrosmart-v1,simulado,sim-2026-07
146c69dd-f9c0-5386-8c99-b464b73ad73f,SC-01_20260722_0028.jpg,2026-07-22 07:27:03,SC-01,smartphone,saudavel,saudavel,0.9542,agrosmart-v1,simulado,sim-2026-07
e6ec270d-cae5-5ca9-b096-17b180757c57,SC-01_20260722_0029.jpg,2026-07-22 07:27:33,SC-01,smartphone,saudavel,saudavel,0.9719,agrosmart-v1,simulado,sim-2026-07
685fde6a-c1a0-5bf7-b50e-a58161f8054c,SC-01_20260722_0030.jpg,2026-07-22 07:28:10,SC-01,smartphone,saudavel,saudavel,0.9382,agrosmart-v1,simulado,sim-2026-07
c45339dc-a4f7-542b-9ab4-8ff559caa44d,SC-01_20260722_0031.jpg,2026-07-22 07:29:07,SC-01,smartphone,saudavel,saudavel,0.8975,agrosmart-v1,simulado,sim-2026-07
3f50fd6e-54df-53ab-b789-f66fc645195b,SC-01_20260722_0032.jpg,2026-07-22 07:29:42,SC-01,smartphone,saudavel,saudavel,0.9983,agrosmart-v1,simulado,sim-2026-07
f93b98b8-bc74-5de8-a976-972524d2e172,TI-01_20260722_0001.jpg,2026-07-22 08:03:54,TI-01,drone,saudavel,saudavel,0.9588,agrosmart-v1,simulado,sim-2026-07
d23d2f7a-dceb-57df-a9c9-b33312991b8f,TI-03_20260722_0001.jpg,2026-07-22 08:04:01,TI-03,drone,doente,mosca_minadora,0.6920,agrosmart-v1,simulado,sim-2026-07
5f49129a-95b6-5647-88ac-8a6419a8e43c,TI-03_20260722_0002.jpg,2026-07-22 08:04:25,TI-03,drone,saudavel,saudavel,0.8563,agrosmart-v1,simulado,sim-2026-07
3d59cc51-c04c-5737-a8d6-a0829e4e20aa,TI-01_20260722_0002.jpg,2026-07-22 08:04:26,TI-01,drone,saudavel,saudavel,0.8646,agrosmart-v1,simulado,sim-2026-07
e80d58ab-9af2-5b0b-9d88-1567bd72e239,TI-03_20260722_0003.jpg,2026-07-22 08:05:14,TI-03,drone,doente,pinta_preta,0.9990,agrosmart-v1,simulado,sim-2026-07
85ebb74a-88fd-5996-b30b-ab40351ea95d,TI-01_20260722_0003.jpg,2026-07-22 08:05:23,TI-01,drone,saudavel,saudavel,0.8660,agrosmart-v1,simulado,sim-2026-07
1055aaed-410a-5909-9b9c-ef2067d2f2d8,TI-01_20260722_0004.jpg,2026-07-22 08:05:46,TI-01,drone,saudavel,saudavel,0.9411,agrosmart-v1,simulado,sim-2026-07
c0c843dd-549a-5d76-a8a4-b3247752579b,TI-03_20260722_0004.jpg,2026-07-22 08:06:10,TI-03,drone,saudavel,saudavel,0.8690,agrosmart-v1,simulado,sim-2026-07
3b8e2448-a89a-5382-9a88-72492960b404,TI-03_20260722_0005.jpg,2026-07-22 08:06:23,TI-03,drone,saudavel,saudavel,0.8763,agrosmart-v1,simulado,sim-2026-07
a0de4ba0-825e-5d47-9445-04b8f997f4f0,TI-01_20260722_0005.jpg,2026-07-22 08:06:41,TI-01,drone,saudavel,saudavel,0.9193,agrosmart-v1,simulado,sim-2026-07
7b42ea19-c46c-5bf1-87c5-b4cb76776692,TI-03_20260722_0006.jpg,2026-07-22 08:07:00,TI-03,drone,saudavel,saudavel,0.9390,agrosmart-v1,simulado,sim-2026-07
cbd5d51f-0e8c-5a7c-a4b0-da6c4bbf2051,TI-01_20260722_0006.jpg,2026-07-22 08:07:20,TI-01,drone,saudavel,saudavel,0.9645,agrosmart-v1,simulado,sim-2026-07
e570f208-ebec-5fbd-8132-d5217d376d2c,TI-03_20260722_0007.jpg,2026-07-22 08:07:43,TI-03,drone,saudavel,saudavel,0.9801,agrosmart-v1,simulado,sim-2026-07
7a43aa4e-86e3-5ae3-8756-60355fb60141,TI-01_20260722_0007.jpg,2026-07-22 08:07:51,TI-01,drone,saudavel,saudavel,0.9919,agrosmart-v1,simulado,sim-2026-07
5af668c0-652d-57d8-97e2-39540ab1b3d7,TI-01_20260722_0008.jpg,2026-07-22 08:08:25,TI-01,drone,saudavel,saudavel,0.8607,agrosmart-v1,simulado,sim-2026-07
0323866f-9c2e-5a49-a20e-5a01426e5da8,TI-03_20260722_0008.jpg,2026-07-22 08:08:43,TI-03,drone,saudavel,saudavel,0.9837,agrosmart-v1,simulado,sim-2026-07
e922faae-888b-59a2-ad1a-298ede35dcc3,TI-01_20260722_0009.jpg,2026-07-22 08:09:13,TI-01,drone,saudavel,saudavel,0.9247,agrosmart-v1,simulado,sim-2026-07
491bb13b-2518-5d61-9d92-905a63692818,TI-03_20260722_0009.jpg,2026-07-22 08:09:14,TI-03,drone,saudavel,saudavel,0.9927,agrosmart-v1,simulado,sim-2026-07
d0c8955e-b180-5c0e-a0dc-c32f6f1bd1f9,TI-01_20260722_0010.jpg,2026-07-22 08:09:41,TI-01,drone,saudavel,saudavel,0.9713,agrosmart-v1,simulado,sim-2026-07
b45b7875-8bed-5886-8ac4-1241ab736c11,TI-03_20260722_0010.jpg,2026-07-22 08:10:00,TI-03,drone,saudavel,saudavel,0.9489,agrosmart-v1,simulado,sim-2026-07
0039156d-3fd3-5d7e-9913-67b534b04791,TI-03_20260722_0011.jpg,2026-07-22 08:10:34,TI-03,drone,saudavel,saudavel,0.9226,agrosmart-v1,simulado,sim-2026-07
7ce301ec-8946-5262-a2b9-dbb11c2da24a,TI-01_20260722_0011.jpg,2026-07-22 08:10:43,TI-01,drone,saudavel,saudavel,0.9716,agrosmart-v1,simulado,sim-2026-07
1f47b35b-7aa5-5562-a68e-63c81e4b6775,TI-03_20260722_0012.jpg,2026-07-22 08:11:06,TI-03,drone,saudavel,saudavel,0.9297,agrosmart-v1,simulado,sim-2026-07
e523d5b9-c76b-5517-a382-ba55b61e50d9,TI-01_20260722_0012.jpg,2026-07-22 08:11:08,TI-01,drone,saudavel,saudavel,1.0000,agrosmart-v1,simulado,sim-2026-07
729a62c1-2aac-5247-a3d2-7cafc562e667,TI-03_20260722_0013.jpg,2026-07-22 08:11:44,TI-03,drone,saudavel,saudavel,0.8555,agrosmart-v1,simulado,sim-2026-07
a1014f01-b1f4-5fe6-a8d8-3a270fd70b73,TI-01_20260722_0013.jpg,2026-07-22 08:12:02,TI-01,drone,saudavel,saudavel,0.6485,agrosmart-v1,simulado,sim-2026-07
0ac68d01-8c7e-5789-a71b-3ea13832de7a,TI-03_20260722_0014.jpg,2026-07-22 08:12:45,TI-03,drone,saudavel,saudavel,0.8428,agrosmart-v1,simulado,sim-2026-07
42258701-d7c5-5576-8574-eb2da0e72f73,TI-01_20260722_0014.jpg,2026-07-22 08:12:48,TI-01,drone,doente,pinta_preta,0.9698,agrosmart-v1,simulado,sim-2026-07
521eaf81-56b6-53c7-9b50-aade52c5257c,TI-03_20260722_0015.jpg,2026-07-22 08:13:10,TI-03,drone,saudavel,saudavel,0.7267,agrosmart-v1,simulado,sim-2026-07
66202378-e53a-525a-baac-b236e6745bf2,TI-01_20260722_0015.jpg,2026-07-22 08:13:15,TI-01,drone,saudavel,saudavel,0.9861,agrosmart-v1,simulado,sim-2026-07
3b6b63eb-ca92-5042-b829-9537bc5b2422,TI-03_20260722_0016.jpg,2026-07-22 08:13:54,TI-03,drone,saudavel,saudavel,0.9332,agrosmart-v1,simulado,sim-2026-07
7c07b7bc-234a-5682-9664-50f14820a1de,TI-01_20260722_0016.jpg,2026-07-22 08:14:07,TI-01,drone,saudavel,saudavel,0.9993,agrosmart-v1,simulado,sim-2026-07
40c8bdd9-dc91-5673-ad15-d829a20babf6,TI-01_20260722_0017.jpg,2026-07-22 08:14:27,TI-01,drone,saudavel,saudavel,0.9002,agrosmart-v1,simulado,sim-2026-07
f98343e8-e440-56ef-a596-6d8fb5308366,TI-03_20260722_0017.jpg,2026-07-22 08:14:47,TI-03,drone,saudavel,saudavel,0.9291,agrosmart-v1,simulado,sim-2026-07
f4e5d18e-a85e-5952-8884-33169000a9b9,BV-04_20260722_0001.jpg,2026-07-22 08:14:59,BV-04,smartphone,saudavel,saudavel,0.9998,agrosmart-v1,simulado,sim-2026-07
3b5e9f70-6678-5a87-a5df-21f8ffb3b5a2,TI-03_20260722_0018.jpg,2026-07-22 08:15:02,TI-03,drone,saudavel,saudavel,0.9389,agrosmart-v1,simulado,sim-2026-07
234850be-1b6c-5948-839e-61829554d053,TI-01_20260722_0018.jpg,2026-07-22 08:15:22,TI-01,drone,saudavel,saudavel,0.9570,agrosmart-v1,simulado,sim-2026-07
594493c1-ca43-5bed-b249-540bcc66cf88,BV-04_20260722_0002.jpg,2026-07-22 08:15:31,BV-04,smartphone,saudavel,saudavel,0.9786,agrosmart-v1,simulado,sim-2026-07
dabb548e-67f3-5039-b6cb-e63cbc8d7437,TI-03_20260722_0019.jpg,2026-07-22 08:15:41,TI-03,drone,saudavel,saudavel,0.8775,agrosmart-v1,simulado,sim-2026-07
2cfef413-2bfb-5022-a150-aad6747a46eb,TI-01_20260722_0019.jpg,2026-07-22 08:15:56,TI-01,drone,saudavel,saudavel,0.9885,agrosmart-v1,simulado,sim-2026-07
89febe9b-76c1-52ab-ba2d-caaf1a7ef346,BV-04_20260722_0003.jpg,2026-07-22 08:16:01,BV-04,smartphone,saudavel,saudavel,0.9960,agrosmart-v1,simulado,sim-2026-07
a631613d-02d9-58f5-9626-bb2fd4908df3,TI-01_20260722_0020.jpg,2026-07-22 08:16:31,TI-01,drone,saudavel,saudavel,0.8888,agrosmart-v1,simulado,sim-2026-07
6b8eba00-0556-5c4f-b592-713ac68876ba,TI-03_20260722_0020.jpg,2026-07-22 08:16:34,TI-03,drone,doente,mosca_minadora,0.9922,agrosmart-v1,simulado,sim-2026-07
18a0ebbf-0919-50a3-9b50-e3a4054fc9de,BV-04_20260722_0004.jpg,2026-07-22 08:16:43,BV-04,smartphone,saudavel,saudavel,0.9990,agrosmart-v1,simulado,sim-2026-07
d4daab74-0b27-5815-88fd-c395771dfef0,TI-03_20260722_0021.jpg,2026-07-22 08:17:02,TI-03,drone,saudavel,saudavel,0.9852,agrosmart-v1,simulado,sim-2026-07
e84c550d-3cd8-5e56-8f9a-36b9801c8da4,TI-01_20260722_0021.jpg,2026-07-22 08:17:20,TI-01,drone,saudavel,saudavel,0.9308,agrosmart-v1,simulado,sim-2026-07
28848adf-b8df-531b-8976-ee6fde413cd3,BV-04_20260722_0005.jpg,2026-07-22 08:17:29,BV-04,smartphone,saudavel,saudavel,0.8432,agrosmart-v1,simulado,sim-2026-07
c0c15673-56c0-5716-9f2f-3476387c6970,TI-01_20260722_0022.jpg,2026-07-22 08:17:42,TI-01,drone,saudavel,saudavel,0.9654,agrosmart-v1,simulado,sim-2026-07
66b3936c-c3f3-5fa4-87b7-f30fd2fe7b85,TI-03_20260722_0022.jpg,2026-07-22 08:17:58,TI-03,drone,saudavel,saudavel,0.9880,agrosmart-v1,simulado,sim-2026-07
5ec8127d-1433-56cb-b6b9-a8157d50e8c6,BV-04_20260722_0006.jpg,2026-07-22 08:18:08,BV-04,smartphone,saudavel,saudavel,0.8850,agrosmart-v1,simulado,sim-2026-07
fd76deb9-c2fe-52c8-a3b5-d836f3d04368,TI-03_20260722_0023.jpg,2026-07-22 08:18:24,TI-03,drone,doente,mosca_minadora,0.9336,agrosmart-v1,simulado,sim-2026-07
bec122b8-c527-506d-89cd-d49b469ed7b1,TI-01_20260722_0023.jpg,2026-07-22 08:18:43,TI-01,drone,saudavel,saudavel,0.9502,agrosmart-v1,simulado,sim-2026-07
28870493-b7f6-5404-a181-133e265f5d96,BV-04_20260722_0007.jpg,2026-07-22 08:18:45,BV-04,smartphone,saudavel,saudavel,0.9428,agrosmart-v1,simulado,sim-2026-07
9946c1db-650f-594b-9166-e304cfd394f9,TI-03_20260722_0024.jpg,2026-07-22 08:19:00,TI-03,drone,saudavel,saudavel,0.9796,agrosmart-v1,simulado,sim-2026-07
c0f2b491-7638-5841-82d2-8d9a29c6f222,TI-01_20260722_0024.jpg,2026-07-22 08:19:22,TI-01,drone,saudavel,saudavel,0.9425,agrosmart-v1,simulado,sim-2026-07
5dfb921b-4816-5d4c-a88d-5059301e5b47,BV-04_20260722_0008.jpg,2026-07-22 08:19:39,BV-04,smartphone,saudavel,saudavel,0.9274,agrosmart-v1,simulado,sim-2026-07
a6fc8444-6622-5ebd-8a50-53c75dadd081,TI-03_20260722_0025.jpg,2026-07-22 08:19:58,TI-03,drone,saudavel,saudavel,0.9432,agrosmart-v1,simulado,sim-2026-07
98c9859d-ea18-50d3-b93b-f0ee58f8cb28,TI-01_20260722_0025.jpg,2026-07-22 08:20:02,TI-01,drone,saudavel,saudavel,0.9797,agrosmart-v1,simulado,sim-2026-07
71d06e76-88d1-5385-aced-b38a1a67e5b0,BV-04_20260722_0009.jpg,2026-07-22 08:20:23,BV-04,smartphone,saudavel,saudavel,1.0000,agrosmart-v1,simulado,sim-2026-07
52048cb9-68ad-582b-8175-b969d2dbbba2,TI-03_20260722_0026.jpg,2026-07-22 08:20:37,TI-03,drone,doente,mosca_minadora,0.9990,agrosmart-v1,simulado,sim-2026-07
a4f2f4d6-45d4-5423-ba71-d9c22d5f1b83,BV-04_20260722_0010.jpg,2026-07-22 08:20:40,BV-04,smartphone,saudavel,saudavel,0.9704,agrosmart-v1,simulado,sim-2026-07
a7056f11-675f-5a41-9898-6a9cead31bb2,TI-01_20260722_0026.jpg,2026-07-22 08:20:40,TI-01,drone,saudavel,saudavel,0.9999,agrosmart-v1,simulado,sim-2026-07
2ece7e93-c0d9-502d-b696-97b48374b4de,TI-01_20260722_0027.jpg,2026-07-22 08:21:09,TI-01,drone,doente,pinta_preta,0.9762,agrosmart-v1,simulado,sim-2026-07
ce270481-504f-53b0-a227-c22741906a8e,TI-03_20260722_0027.jpg,2026-07-22 08:21:13,TI-03,drone,doente,pinta_preta,0.9094,agrosmart-v1,simulado,sim-2026-07
af90c472-811c-59ee-a957-cc22a3864f6f,BV-04_20260722_0011.jpg,2026-07-22 08:21:25,BV-04,smartphone,saudavel,saudavel,0.8521,agrosmart-v1,simulado,sim-2026-07
fa2047cf-8216-5a00-99dd-7d469ad36878,TI-03_20260722_0028.jpg,2026-07-22 08:21:50,TI-03,drone,saudavel,saudavel,0.8534,agrosmart-v1,simulado,sim-2026-07
c62ff213-73c3-558e-b73c-05eeffac0a0b,BV-04_20260722_0012.jpg,2026-07-22 08:22:07,BV-04,smartphone,saudavel,saudavel,0.9280,agrosmart-v1,simulado,sim-2026-07
fd5e8517-2b7f-565c-bab4-138082bf28f7,TI-01_20260722_0028.jpg,2026-07-22 08:22:07,TI-01,drone,saudavel,saudavel,0.8204,agrosmart-v1,simulado,sim-2026-07
9380b39d-4510-5252-8f0d-c0e360c9d931,TI-01_20260722_0029.jpg,2026-07-22 08:22:21,TI-01,drone,saudavel,saudavel,0.8731,agrosmart-v1,simulado,sim-2026-07
0fb77c57-f188-5ac3-915b-72d8cdf0142f,TI-03_20260722_0029.jpg,2026-07-22 08:22:32,TI-03,drone,doente,mosca_minadora,0.9495,agrosmart-v1,simulado,sim-2026-07
f0cc3df1-3f81-52bb-913a-8ca55c60caa9,BV-04_20260722_0013.jpg,2026-07-22 08:22:49,BV-04,smartphone,saudavel,saudavel,0.9441,agrosmart-v1,simulado,sim-2026-07
bd205e22-9480-5aad-8344-9c4545c6fc5b,TI-03_20260722_0030.jpg,2026-07-22 08:23:21,TI-03,drone,saudavel,saudavel,0.8840,agrosmart-v1,simulado,sim-2026-07
a5da458a-4d50-5beb-a6a5-741d4aa567a5,TI-01_20260722_0030.jpg,2026-07-22 08:23:29,TI-01,drone,saudavel,saudavel,0.9292,agrosmart-v1,simulado,sim-2026-07
4085c3a7-cdba-50ff-931e-6ea3d2764136,BV-04_20260722_0014.jpg,2026-07-22 08:23:41,BV-04,smartphone,saudavel,saudavel,0.5893,agrosmart-v1,simulado,sim-2026-07
8cddceb9-1142-5769-bb76-49a0375c1e22,TI-03_20260722_0031.jpg,2026-07-22 08:23:47,TI-03,drone,saudavel,saudavel,0.9589,agrosmart-v1,simulado,sim-2026-07
28c4f019-1460-5765-9c92-e8b69b911571,TI-01_20260722_0031.jpg,2026-07-22 08:24:08,TI-01,drone,doente,mosca_minadora,0.9873,agrosmart-v1,simulado,sim-2026-07
5f5deede-2598-5cc1-b953-ce771e78d86b,BV-04_20260722_0015.jpg,2026-07-22 08:24:25,BV-04,smartphone,saudavel,saudavel,0.9393,agrosmart-v1,simulado,sim-2026-07
249ece55-ca0c-5a1f-8c0f-0a4a7884d1d1,TI-01_20260722_0032.jpg,2026-07-22 08:24:27,TI-01,drone,saudavel,saudavel,0.6968,agrosmart-v1,simulado,sim-2026-07
4be8d79d-062a-5146-9dfa-a632a9e38fd0,TI-03_20260722_0032.jpg,2026-07-22 08:24:36,TI-03,drone,saudavel,saudavel,0.9999,agrosmart-v1,simulado,sim-2026-07
30904b9c-87a0-5c06-b6e9-a07a57f171f7,BV-04_20260722_0016.jpg,2026-07-22 08:24:53,BV-04,smartphone,saudavel,saudavel,0.9801,agrosmart-v1,simulado,sim-2026-07
69638d41-0850-5ab8-936a-cb4d7b2b5492,TI-03_20260722_0033.jpg,2026-07-22 08:25:05,TI-03,drone,saudavel,saudavel,0.9697,agrosmart-v1,simulado,sim-2026-07
4c3a356f-d94c-5a61-96be-405f1ee87bc0,TI-01_20260722_0033.jpg,2026-07-22 08:25:20,TI-01,drone,saudavel,saudavel,0.9986,agrosmart-v1,simulado,sim-2026-07
e37a8a1b-fa8c-50b9-b435-2eb9772a1cd6,BV-04_20260722_0017.jpg,2026-07-22 08:25:35,BV-04,smartphone,doente,requeima,0.9477,agrosmart-v1,simulado,sim-2026-07
81a9992c-2ef5-5356-b06a-524b7eeae7a5,TI-01_20260722_0034.jpg,2026-07-22 08:25:48,TI-01,drone,saudavel,saudavel,0.9957,agrosmart-v1,simulado,sim-2026-07
be9b136f-9b12-51f4-8e99-ae962ee753f0,TI-03_20260722_0034.jpg,2026-07-22 08:25:48,TI-03,drone,saudavel,saudavel,0.9126,agrosmart-v1,simulado,sim-2026-07
1cb98b04-b639-5d5d-94cc-af84e9b39ad0,SC-02_20260722_0001.jpg,2026-07-22 08:25:58,SC-02,smartphone,saudavel,saudavel,0.9712,agrosmart-v1,simulado,sim-2026-07
278a70f3-cc3f-5439-8ef0-cde24185e72a,BV-04_20260722_0018.jpg,2026-07-22 08:26:09,BV-04,smartphone,saudavel,saudavel,0.9916,agrosmart-v1,simulado,sim-2026-07
d8bc0750-a87a-5008-8509-1748d45d74b3,TI-01_20260722_0035.jpg,2026-07-22 08:26:24,TI-01,drone,saudavel,saudavel,0.9891,agrosmart-v1,simulado,sim-2026-07
447a71a5-e987-56f8-a60c-4fe92da1600a,SC-02_20260722_0002.jpg,2026-07-22 08:26:25,SC-02,smartphone,saudavel,saudavel,0.9716,agrosmart-v1,simulado,sim-2026-07
52c81027-c296-571f-97be-e6882fe7f4c1,TI-03_20260722_0035.jpg,2026-07-22 08:26:48,TI-03,drone,saudavel,saudavel,0.9658,agrosmart-v1,simulado,sim-2026-07
74fbcec3-fb9e-59c6-a57e-51355d4e7db7,BV-04_20260722_0019.jpg,2026-07-22 08:26:55,BV-04,smartphone,saudavel,saudavel,0.8249,agrosmart-v1,simulado,sim-2026-07
aa203272-4412-5294-82e2-7b7046bbe0ba,TI-01_20260722_0036.jpg,2026-07-22 08:27:19,TI-01,drone,saudavel,saudavel,0.9895,agrosmart-v1,simulado,sim-2026-07
2382ab76-8fad-5ae3-98e5-05599ea54144,SC-02_20260722_0003.jpg,2026-07-22 08:27:24,SC-02,smartphone,saudavel,saudavel,0.8585,agrosmart-v1,simulado,sim-2026-07
d7f7909c-953b-562b-8ab4-e8da24494814,BV-04_20260722_0020.jpg,2026-07-22 08:27:39,BV-04,smartphone,saudavel,saudavel,0.9172,agrosmart-v1,simulado,sim-2026-07
6fee2243-1b0e-56ce-b47d-ea594df85fa9,TI-01_20260722_0037.jpg,2026-07-22 08:27:41,TI-01,drone,saudavel,saudavel,0.9458,agrosmart-v1,simulado,sim-2026-07
b96495db-743a-55ce-b64d-d23def7052a2,BV-04_20260722_0021.jpg,2026-07-22 08:28:00,BV-04,smartphone,saudavel,saudavel,0.9132,agrosmart-v1,simulado,sim-2026-07
4b63b77c-488e-54e5-a289-8fffb1bc3011,SC-02_20260722_0004.jpg,2026-07-22 08:28:01,SC-02,smartphone,saudavel,saudavel,0.9635,agrosmart-v1,simulado,sim-2026-07
26167136-2284-525a-bd36-30e34c702e98,SC-02_20260722_0005.jpg,2026-07-22 08:28:36,SC-02,smartphone,saudavel,saudavel,0.9521,agrosmart-v1,simulado,sim-2026-07
ffa169e9-c1a5-5f0e-acda-746361442a1b,BV-04_20260722_0022.jpg,2026-07-22 08:28:52,BV-04,smartphone,saudavel,saudavel,0.9065,agrosmart-v1,simulado,sim-2026-07
d1588553-c669-5ce6-8a41-8456206985d1,SC-02_20260722_0006.jpg,2026-07-22 08:29:02,SC-02,smartphone,saudavel,saudavel,0.9998,agrosmart-v1,simulado,sim-2026-07
66b4f097-4902-5898-9236-13eeb9cf51fc,SC-02_20260722_0007.jpg,2026-07-22 08:30:01,SC-02,smartphone,saudavel,saudavel,0.9959,agrosmart-v1,simulado,sim-2026-07
9e2d2025-f607-5898-9e14-43d5bda4db9c,SC-02_20260722_0008.jpg,2026-07-22 08:30:27,SC-02,smartphone,saudavel,saudavel,0.8324,agrosmart-v1,simulado,sim-2026-07
247c90f8-bc84-510c-994f-c177a3d0ca09,SC-02_20260722_0009.jpg,2026-07-22 08:31:14,SC-02,smartphone,saudavel,saudavel,0.9996,agrosmart-v1,simulado,sim-2026-07
24eb4185-8b83-51fd-85a9-caac3a8f2421,SC-02_20260722_0010.jpg,2026-07-22 08:31:56,SC-02,smartphone,saudavel,saudavel,0.9716,agrosmart-v1,simulado,sim-2026-07
f9002ba8-fa51-5fb6-b248-672761fb2bef,SC-02_20260722_0011.jpg,2026-07-22 08:32:25,SC-02,smartphone,saudavel,saudavel,0.9455,agrosmart-v1,simulado,sim-2026-07
c980ace5-4a66-55dc-ad65-23de79019451,SC-02_20260722_0012.jpg,2026-07-22 08:33:17,SC-02,smartphone,saudavel,saudavel,0.9998,agrosmart-v1,simulado,sim-2026-07
318144a1-8620-5eb9-8578-b1d363d746c1,SC-02_20260722_0013.jpg,2026-07-22 08:34:09,SC-02,smartphone,saudavel,saudavel,0.9948,agrosmart-v1,simulado,sim-2026-07
65f1fdce-83d1-5caa-b3e7-93ff89632963,SC-02_20260722_0014.jpg,2026-07-22 08:34:43,SC-02,smartphone,saudavel,saudavel,0.9810,agrosmart-v1,simulado,sim-2026-07
e9e60fad-0efc-52d2-a390-e1b6d0f907a4,SC-02_20260722_0015.jpg,2026-07-22 08:35:14,SC-02,smartphone,saudavel,saudavel,0.9931,agrosmart-v1,simulado,sim-2026-07
43e6e343-bccb-5b5e-9018-405e2308f88a,SC-02_20260722_0016.jpg,2026-07-22 08:35:55,SC-02,smartphone,saudavel,saudavel,0.9974,agrosmart-v1,simulado,sim-2026-07
3472be61-d2ce-538e-aa78-6bc4db1eae51,SC-02_20260722_0017.jpg,2026-07-22 08:36:41,SC-02,smartphone,saudavel,saudavel,0.9011,agrosmart-v1,simulado,sim-2026-07
0c9ac070-bc2f-5194-9609-16fec5c5cc85,SC-02_20260722_0018.jpg,2026-07-22 08:37:23,SC-02,smartphone,saudavel,saudavel,0.9825,agrosmart-v1,simulado,sim-2026-07
1de0e8e7-4355-569e-97db-36a431d31b0d,SC-02_20260722_0019.jpg,2026-07-22 08:37:42,SC-02,smartphone,saudavel,saudavel,0.8323,agrosmart-v1,simulado,sim-2026-07
475d4464-e61e-5def-aef1-7b9a35369a6b,SC-02_20260722_0020.jpg,2026-07-22 08:38:41,SC-02,smartphone,saudavel,saudavel,0.9241,agrosmart-v1,simulado,sim-2026-07
509deaea-ad34-520e-9339-95c3d1cd93dc,SC-02_20260722_0021.jpg,2026-07-22 08:39:09,SC-02,smartphone,saudavel,saudavel,0.8992,agrosmart-v1,simulado,sim-2026-07
c56b91b7-0b84-5c5f-92ae-2c4ee0a75ff9,SC-02_20260722_0022.jpg,2026-07-22 08:39:48,SC-02,smartphone,saudavel,saudavel,0.9611,agrosmart-v1,simulado,sim-2026-07
5f0ab6f6-4194-5da7-8208-f0f62d98d591,SC-02_20260722_0023.jpg,2026-07-22 08:40:39,SC-02,smartphone,saudavel,saudavel,0.9622,agrosmart-v1,simulado,sim-2026-07
907204dd-5c96-5dd8-a623-e9e0345356d6,SC-02_20260722_0024.jpg,2026-07-22 08:41:10,SC-02,smartphone,saudavel,saudavel,0.6068,agrosmart-v1,simulado,sim-2026-07
cd039244-8e3b-59f2-98ba-6442c262ec93,SC-03_20260722_0001.jpg,2026-07-22 08:41:58,SC-03,smartphone,saudavel,saudavel,0.9988,agrosmart-v1,simulado,sim-2026-07
2a841a41-2545-518b-b3d1-dc50b52ac89a,SC-02_20260722_0025.jpg,2026-07-22 08:42:06,SC-02,smartphone,saudavel,saudavel,0.8378,agrosmart-v1,simulado,sim-2026-07
3d5f3ee7-16e7-5889-9443-9ecbc897d348,SC-03_20260722_0002.jpg,2026-07-22 08:42:23,SC-03,smartphone,saudavel,saudavel,0.9712,agrosmart-v1,simulado,sim-2026-07
ef218291-efdc-583c-b465-2de9fcf1cee0,SC-02_20260722_0026.jpg,2026-07-22 08:42:44,SC-02,smartphone,saudavel,saudavel,0.9198,agrosmart-v1,simulado,sim-2026-07
596d7eb9-ee96-5ec6-be2f-f089aab74183,SC-02_20260722_0027.jpg,2026-07-22 08:43:25,SC-02,smartphone,saudavel,saudavel,0.9844,agrosmart-v1,simulado,sim-2026-07
48fed109-2bf9-53e4-8f7a-4ec89eeb417e,SC-03_20260722_0003.jpg,2026-07-22 08:43:29,SC-03,smartphone,saudavel,saudavel,0.9896,agrosmart-v1,simulado,sim-2026-07
2209590f-48b7-5721-8c29-55d223d82ff5,SC-02_20260722_0028.jpg,2026-07-22 08:44:08,SC-02,smartphone,saudavel,saudavel,0.9987,agrosmart-v1,simulado,sim-2026-07
80557ef2-7759-565b-abf9-81d61e9e27d6,SC-03_20260722_0004.jpg,2026-07-22 08:44:09,SC-03,smartphone,saudavel,saudavel,0.9818,agrosmart-v1,simulado,sim-2026-07
20751b3d-1319-52eb-8143-f977b2631fd5,SC-02_20260722_0029.jpg,2026-07-22 08:44:21,SC-02,smartphone,saudavel,saudavel,0.9815,agrosmart-v1,simulado,sim-2026-07
a619db6c-6e02-5d2f-bc0b-c98f8c9ab966,SC-03_20260722_0005.jpg,2026-07-22 08:44:47,SC-03,smartphone,saudavel,saudavel,0.8907,agrosmart-v1,simulado,sim-2026-07
8b465f91-db1b-50a0-89bb-0badd3a2fd25,SC-02_20260722_0030.jpg,2026-07-22 08:45:07,SC-02,smartphone,saudavel,saudavel,0.9938,agrosmart-v1,simulado,sim-2026-07
dd7b8568-075f-58d1-b7f1-ef2e237ec627,SC-03_20260722_0006.jpg,2026-07-22 08:45:11,SC-03,smartphone,saudavel,saudavel,0.9881,agrosmart-v1,simulado,sim-2026-07
16f0b865-af1f-55d4-93a6-a9cbc05ba036,SC-03_20260722_0007.jpg,2026-07-22 08:45:55,SC-03,smartphone,saudavel,saudavel,0.5338,agrosmart-v1,simulado,sim-2026-07
fb57110f-1e7e-57d9-8c39-13a2936a91bc,SC-02_20260722_0031.jpg,2026-07-22 08:45:59,SC-02,smartphone,saudavel,saudavel,0.9976,agrosmart-v1,simulado,sim-2026-07
1bd1a29e-3cfc-55f0-a278-810e63acb753,SC-02_20260722_0032.jpg,2026-07-22 08:46:36,SC-02,smartphone,saudavel,saudavel,0.9942,agrosmart-v1,simulado,sim-2026-07
cea0ea6f-72f6-5d09-b2e2-0241c682814b,SC-03_20260722_0008.jpg,2026-07-22 08:46:36,SC-03,smartphone,saudavel,saudavel,0.8482,agrosmart-v1,simulado,sim-2026-07
93f3ced7-e8e9-5e37-b257-15efacebb2a4,SC-02_20260722_0033.jpg,2026-07-22 08:47:05,SC-02,smartphone,saudavel,saudavel,0.9943,agrosmart-v1,simulado,sim-2026-07
ed1841ad-7d04-5941-a7b2-f2134c9e7dbd,SC-03_20260722_0009.jpg,2026-07-22 08:47:15,SC-03,smartphone,saudavel,saudavel,0.8926,agrosmart-v1,simulado,sim-2026-07
8b4bbea9-fe7d-517f-b3ea-78cdb26dee9b,SC-02_20260722_0034.jpg,2026-07-22 08:47:42,SC-02,smartphone,saudavel,saudavel,0.9847,agrosmart-v1,simulado,sim-2026-07
cfa6579c-584f-5a62-b751-b1f2ba8d24e3,SC-03_20260722_0010.jpg,2026-07-22 08:47:45,SC-03,smartphone,saudavel,saudavel,0.9323,agrosmart-v1,simulado,sim-2026-07
c2e6ec1d-d01a-5eb2-b8c8-9b3aa8e22dd1,SC-03_20260722_0011.jpg,2026-07-22 08:48:26,SC-03,smartphone,saudavel,saudavel,0.9565,agrosmart-v1,simulado,sim-2026-07
4dc0e23d-255e-504b-959e-de6eb9dbcbe2,SC-03_20260722_0012.jpg,2026-07-22 08:49:25,SC-03,smartphone,saudavel,saudavel,0.9995,agrosmart-v1,simulado,sim-2026-07
008bae1f-2f80-5bba-86d2-f3528ac4b78c,SC-03_20260722_0013.jpg,2026-07-22 08:49:54,SC-03,smartphone,saudavel,saudavel,0.8710,agrosmart-v1,simulado,sim-2026-07
5fc7c171-225a-5091-9124-398ee50515e6,SC-03_20260722_0014.jpg,2026-07-22 08:50:21,SC-03,smartphone,saudavel,saudavel,0.8579,agrosmart-v1,simulado,sim-2026-07
8cd35aeb-9d2b-59a2-862a-72081003021e,SC-03_20260722_0015.jpg,2026-07-22 08:51:12,SC-03,smartphone,saudavel,saudavel,0.8758,agrosmart-v1,simulado,sim-2026-07
7736fd81-02c1-5c79-8a2a-0ea24460474a,SC-03_20260722_0016.jpg,2026-07-22 08:51:47,SC-03,smartphone,saudavel,saudavel,0.7767,agrosmart-v1,simulado,sim-2026-07
227c7f96-bdb8-5ed3-bcff-fe598632d458,SC-03_20260722_0017.jpg,2026-07-22 08:52:50,SC-03,smartphone,saudavel,saudavel,0.9206,agrosmart-v1,simulado,sim-2026-07
8acb1512-d44d-5275-83bd-a5cc881134d1,SC-03_20260722_0018.jpg,2026-07-22 08:53:11,SC-03,smartphone,saudavel,saudavel,0.9772,agrosmart-v1,simulado,sim-2026-07
41b16220-629c-5b4e-84ba-c88fab99733f,SC-03_20260722_0019.jpg,2026-07-22 08:54:08,SC-03,smartphone,saudavel,saudavel,0.9984,agrosmart-v1,simulado,sim-2026-07
51b45406-4596-5c3a-b860-f1f848126bcd,SC-03_20260722_0020.jpg,2026-07-22 08:54:43,SC-03,smartphone,saudavel,saudavel,0.8728,agrosmart-v1,simulado,sim-2026-07
861aa7f6-643f-565d-853f-81122e5ed58a,SC-03_20260722_0021.jpg,2026-07-22 08:55:10,SC-03,smartphone,saudavel,saudavel,0.9547,agrosmart-v1,simulado,sim-2026-07
31e1f545-8f04-5823-979f-3d7bcbffa48a,SC-03_20260722_0022.jpg,2026-07-22 08:55:58,SC-03,smartphone,saudavel,saudavel,0.9939,agrosmart-v1,simulado,sim-2026-07
9b0c0dd6-54e8-52a3-8c5f-bca71918299d,SC-03_20260722_0023.jpg,2026-07-22 08:56:49,SC-03,smartphone,saudavel,saudavel,0.9369,agrosmart-v1,simulado,sim-2026-07
87f5f514-edcd-5049-8c01-af6285a5097e,SC-03_20260722_0024.jpg,2026-07-22 08:57:25,SC-03,smartphone,saudavel,saudavel,0.9808,agrosmart-v1,simulado,sim-2026-07
882f0b63-5e65-5777-8cd0-3bccc911e12d,SC-03_20260722_0025.jpg,2026-07-22 08:57:49,SC-03,smartphone,saudavel,saudavel,0.9622,agrosmart-v1,simulado,sim-2026-07
b2b7bdaa-a3bb-5cf3-9135-9c9bb81e20f7,SC-03_20260722_0026.jpg,2026-07-22 08:58:50,SC-03,smartphone,saudavel,saudavel,0.9614,agrosmart-v1,simulado,sim-2026-07
be6ef2ea-59f4-51d6-8058-b4b09b654d59,SC-03_20260722_0027.jpg,2026-07-22 08:59:16,SC-03,smartphone,saudavel,saudavel,0.9006,agrosmart-v1,simulado,sim-2026-07
ebdac96b-687c-55d6-87ed-9e770f5b481c,SC-03_20260722_0028.jpg,2026-07-22 08:59:54,SC-03,smartphone,saudavel,saudavel,0.9711,agrosmart-v1,simulado,sim-2026-07
945d9894-8c8a-518c-a79c-99278404b5bc,SC-03_20260722_0029.jpg,2026-07-22 09:00:21,SC-03,smartphone,saudavel,saudavel,0.8855,agrosmart-v1,simulado,sim-2026-07
388d1911-44e1-5969-ba3b-9b50b17fb4da,SC-03_20260722_0030.jpg,2026-07-22 09:01:05,SC-03,smartphone,saudavel,saudavel,0.9968,agrosmart-v1,simulado,sim-2026-07
05f3f2f9-d287-57ce-bdd2-62fd91afff11,SC-03_20260722_0031.jpg,2026-07-22 09:01:53,SC-03,smartphone,saudavel,saudavel,0.9636,agrosmart-v1,simulado,sim-2026-07
69be1b72-bdae-5a94-8314-b2bd289a632d,SC-03_20260722_0032.jpg,2026-07-22 09:02:34,SC-03,smartphone,saudavel,saudavel,0.9989,agrosmart-v1,simulado,sim-2026-07
7799a40c-cdc2-5cf0-baeb-01ec6962b015,SC-03_20260722_0033.jpg,2026-07-22 09:03:22,SC-03,smartphone,saudavel,saudavel,0.9999,agrosmart-v1,simulado,sim-2026-07
8e1d2a0c-ac44-5101-9e0c-82e1c9874dce,BV-03_20260722_0001.jpg,2026-07-22 09:15:49,BV-03,smartphone,saudavel,saudavel,0.9838,agrosmart-v1,simulado,sim-2026-07
5f715f97-f0f5-5ba8-9f83-cb8f897471bf,BV-03_20260722_0002.jpg,2026-07-22 09:16:49,BV-03,smartphone,saudavel,saudavel,0.9791,agrosmart-v1,simulado,sim-2026-07
32027588-2804-5b9e-9502-6bea9c3202f7,BV-03_20260722_0003.jpg,2026-07-22 09:17:23,BV-03,smartphone,saudavel,saudavel,0.9565,agrosmart-v1,simulado,sim-2026-07
764b47b3-010f-52dc-b1c6-949d6ebfd193,SC-04_20260722_0001.jpg,2026-07-22 09:17:55,SC-04,smartphone,saudavel,saudavel,0.9159,agrosmart-v1,simulado,sim-2026-07
67cfa88e-40db-52f1-9f47-aab2624ae960,BV-03_20260722_0004.jpg,2026-07-22 09:18:04,BV-03,smartphone,saudavel,saudavel,0.9964,agrosmart-v1,simulado,sim-2026-07
425e16dd-40c7-52b5-9781-224d73940cd0,BV-03_20260722_0005.jpg,2026-07-22 09:18:26,BV-03,smartphone,saudavel,saudavel,0.9256,agrosmart-v1,simulado,sim-2026-07
be7d4081-dd8a-5dd7-a63b-fdfcf5ebbbc0,SC-04_20260722_0002.jpg,2026-07-22 09:18:29,SC-04,smartphone,saudavel,saudavel,0.9798,agrosmart-v1,simulado,sim-2026-07
8f513a3a-ead4-5917-8d43-95830ff850a3,BV-03_20260722_0006.jpg,2026-07-22 09:19:01,BV-03,smartphone,saudavel,saudavel,0.9462,agrosmart-v1,simulado,sim-2026-07
89547a1c-c5c8-5a79-a9e3-e0cfb602f3a3,TI-04_20260722_0001.jpg,2026-07-22 09:19:06,TI-04,drone,saudavel,saudavel,0.9353,agrosmart-v1,simulado,sim-2026-07
fd5c4598-3da5-55f6-995c-d7e3a74801a2,SC-04_20260722_0003.jpg,2026-07-22 09:19:29,SC-04,smartphone,saudavel,saudavel,0.9141,agrosmart-v1,simulado,sim-2026-07
59a56499-e674-5dc6-b8f0-6a4509d25ba3,BV-03_20260722_0007.jpg,2026-07-22 09:19:42,BV-03,smartphone,saudavel,saudavel,0.9996,agrosmart-v1,simulado,sim-2026-07
cd96bb29-e437-577a-816f-eaf344f737b0,TI-04_20260722_0002.jpg,2026-07-22 09:19:48,TI-04,drone,saudavel,saudavel,0.9005,agrosmart-v1,simulado,sim-2026-07
034e0a3d-c507-5138-b734-e8cd4d881904,SC-04_20260722_0004.jpg,2026-07-22 09:19:53,SC-04,smartphone,saudavel,saudavel,0.8827,agrosmart-v1,simulado,sim-2026-07
f86870d0-5d0b-507c-ac9f-c40efbd8da4c,TI-04_20260722_0003.jpg,2026-07-22 09:20:27,TI-04,drone,saudavel,saudavel,0.6305,agrosmart-v1,simulado,sim-2026-07
a0345d06-bb38-5715-82ff-54956d221dcf,BV-03_20260722_0008.jpg,2026-07-22 09:20:43,BV-03,smartphone,saudavel,saudavel,0.9058,agrosmart-v1,simulado,sim-2026-07
bd8bb227-6c9a-5e77-be44-9e4fc2629b7d,SC-04_20260722_0005.jpg,2026-07-22 09:20:49,SC-04,smartphone,saudavel,saudavel,0.9064,agrosmart-v1,simulado,sim-2026-07
0cc89207-fe29-5024-83f5-31d75e9d867f,TI-04_20260722_0004.jpg,2026-07-22 09:20:54,TI-04,drone,saudavel,saudavel,0.9865,agrosmart-v1,simulado,sim-2026-07
ba214b25-b1e3-55d1-87e6-5f8c41b893bb,BV-03_20260722_0009.jpg,2026-07-22 09:21:11,BV-03,smartphone,saudavel,saudavel,0.9607,agrosmart-v1,simulado,sim-2026-07
e03a258f-900c-5daf-af73-282058b4f5b9,SC-04_20260722_0006.jpg,2026-07-22 09:21:29,SC-04,smartphone,saudavel,saudavel,0.9291,agrosmart-v1,simulado,sim-2026-07
73798155-881f-5fd0-a806-3a55bdec196c,TI-04_20260722_0005.jpg,2026-07-22 09:21:46,TI-04,drone,saudavel,saudavel,0.9288,agrosmart-v1,simulado,sim-2026-07
b0d3053e-007f-5ccf-ad7a-492b6a694e99,SC-04_20260722_0007.jpg,2026-07-22 09:21:56,SC-04,smartphone,saudavel,saudavel,0.9737,agrosmart-v1,simulado,sim-2026-07
c13ce915-2bbd-5275-be79-4f79b50c73ad,BV-03_20260722_0010.jpg,2026-07-22 09:21:59,BV-03,smartphone,saudavel,saudavel,0.8638,agrosmart-v1,simulado,sim-2026-07
0b4216ce-ac45-5586-be38-3d3dbf9cb8ff,TI-04_20260722_0006.jpg,2026-07-22 09:22:05,TI-04,drone,saudavel,saudavel,0.9672,agrosmart-v1,simulado,sim-2026-07
30b5ba77-5ad7-52f7-9a96-0817d0500a3b,BV-03_20260722_0011.jpg,2026-07-22 09:22:20,BV-03,smartphone,saudavel,saudavel,0.9810,agrosmart-v1,simulado,sim-2026-07
16c0ba90-65d1-5eb9-8ff1-a92f281cd11d,SC-04_20260722_0008.jpg,2026-07-22 09:22:47,SC-04,smartphone,saudavel,saudavel,1.0000,agrosmart-v1,simulado,sim-2026-07
6c5c189b-a219-5988-990a-3e4e720a5f35,TI-04_20260722_0007.jpg,2026-07-22 09:22:51,TI-04,drone,saudavel,saudavel,0.7300,agrosmart-v1,simulado,sim-2026-07
6b699f17-9092-5449-8b79-f54a66998a0e,BV-03_20260722_0012.jpg,2026-07-22 09:23:14,BV-03,smartphone,saudavel,saudavel,0.9421,agrosmart-v1,simulado,sim-2026-07
cbf333e8-423d-57dd-80eb-88add32115e7,TI-04_20260722_0008.jpg,2026-07-22 09:23:24,TI-04,drone,saudavel,saudavel,0.9971,agrosmart-v1,simulado,sim-2026-07
0f04a314-b0ed-5dcf-aa02-5d48844ef380,SC-04_20260722_0009.jpg,2026-07-22 09:23:30,SC-04,smartphone,saudavel,saudavel,0.9633,agrosmart-v1,simulado,sim-2026-07
f9ee7460-7153-57ca-b1fe-34f726bc52a3,BV-03_20260722_0013.jpg,2026-07-22 09:23:46,BV-03,smartphone,saudavel,saudavel,0.9472,agrosmart-v1,simulado,sim-2026-07
09f66381-8f3d-5d08-a112-af695ebd25e0,SC-04_20260722_0010.jpg,2026-07-22 09:23:53,SC-04,smartphone,saudavel,saudavel,0.9999,agrosmart-v1,simulado,sim-2026-07
82f32ffc-24f6-5055-8266-662a68d54ec7,TI-04_20260722_0009.jpg,2026-07-22 09:24:22,TI-04,drone,saudavel,saudavel,0.9809,agrosmart-v1,simulado,sim-2026-07
8c097e2c-d016-583f-b2a9-b77cc4f4703a,BV-03_20260722_0014.jpg,2026-07-22 09:24:47,BV-03,smartphone,saudavel,saudavel,0.8482,agrosmart-v1,simulado,sim-2026-07
bcba676e-9a52-50a1-b395-08a2606488c2,SC-04_20260722_0011.jpg,2026-07-22 09:24:48,SC-04,smartphone,saudavel,saudavel,0.9213,agrosmart-v1,simulado,sim-2026-07
2ce35e36-ca5b-509e-a7c2-26f80a7b9e25,TI-04_20260722_0010.jpg,2026-07-22 09:24:56,TI-04,drone,saudavel,saudavel,0.9992,agrosmart-v1,simulado,sim-2026-07
f2a1fc24-cca5-55c0-9eb1-f72d9cc2a0bd,SC-04_20260722_0012.jpg,2026-07-22 09:25:04,SC-04,smartphone,saudavel,saudavel,0.9666,agrosmart-v1,simulado,sim-2026-07
8b394555-e545-5e1b-b171-065256eb8974,BV-03_20260722_0015.jpg,2026-07-22 09:25:12,BV-03,smartphone,saudavel,saudavel,0.9995,agrosmart-v1,simulado,sim-2026-07
17f17096-0aee-5fab-a443-088ab3057881,TI-04_20260722_0011.jpg,2026-07-22 09:25:20,TI-04,drone,saudavel,saudavel,0.9604,agrosmart-v1,simulado,sim-2026-07
4d9cc604-682c-5665-bf12-6922649f7ba3,SC-04_20260722_0013.jpg,2026-07-22 09:25:55,SC-04,smartphone,saudavel,saudavel,0.9304,agrosmart-v1,simulado,sim-2026-07
c0aea8cd-44e9-53cb-92b7-951319a0f902,BV-03_20260722_0016.jpg,2026-07-22 09:25:58,BV-03,smartphone,saudavel,saudavel,0.9687,agrosmart-v1,simulado,sim-2026-07
0cbb49cd-418d-5b25-9836-83a07c1bc33c,SC-04_20260722_0014.jpg,2026-07-22 09:26:22,SC-04,smartphone,saudavel,saudavel,0.9697,agrosmart-v1,simulado,sim-2026-07
74f374e2-d480-5a56-a1aa-f3b0eb6cde12,TI-04_20260722_0012.jpg,2026-07-22 09:26:22,TI-04,drone,saudavel,saudavel,0.9041,agrosmart-v1,simulado,sim-2026-07
ddad727f-b096-5a01-9504-be4c57b699a7,BV-03_20260722_0017.jpg,2026-07-22 09:26:24,BV-03,smartphone,saudavel,saudavel,0.6330,agrosmart-v1,simulado,sim-2026-07
c797a544-cb75-57fd-965e-17c67a4dcd31,TI-04_20260722_0013.jpg,2026-07-22 09:26:43,TI-04,drone,saudavel,saudavel,0.9883,agrosmart-v1,simulado,sim-2026-07
b66a4633-7e46-54ec-a710-033d796f6a83,BV-03_20260722_0018.jpg,2026-07-22 09:27:10,BV-03,smartphone,saudavel,saudavel,0.9157,agrosmart-v1,simulado,sim-2026-07
e7aacca0-2fe9-5fa5-8692-3f6e7e8c57a0,SC-04_20260722_0015.jpg,2026-07-22 09:27:10,SC-04,smartphone,saudavel,saudavel,0.9684,agrosmart-v1,simulado,sim-2026-07
067ab04b-25bc-508e-a194-4916bc6e2832,TI-04_20260722_0014.jpg,2026-07-22 09:27:46,TI-04,drone,saudavel,saudavel,0.8261,agrosmart-v1,simulado,sim-2026-07
74ba414d-2e46-51ac-ae71-4a340b10cbdd,BV-03_20260722_0019.jpg,2026-07-22 09:27:48,BV-03,smartphone,saudavel,saudavel,0.9203,agrosmart-v1,simulado,sim-2026-07
e8366c0a-969e-5388-b74a-c91603d5f505,SC-04_20260722_0016.jpg,2026-07-22 09:27:59,SC-04,smartphone,saudavel,saudavel,0.8500,agrosmart-v1,simulado,sim-2026-07
2ff045f2-69ee-5f04-bddc-1f731462ad6b,TI-04_20260722_0015.jpg,2026-07-22 09:28:14,TI-04,drone,saudavel,saudavel,0.8348,agrosmart-v1,simulado,sim-2026-07
17c49e5c-863a-56e8-8ea2-237ae91cafd3,SC-04_20260722_0017.jpg,2026-07-22 09:28:21,SC-04,smartphone,saudavel,saudavel,0.8532,agrosmart-v1,simulado,sim-2026-07
5fcace49-3388-574c-b380-d1cd496d1ecb,BV-03_20260722_0020.jpg,2026-07-22 09:28:32,BV-03,smartphone,saudavel,saudavel,0.8983,agrosmart-v1,simulado,sim-2026-07
abdfe79c-f17f-545d-95eb-1cee17c2f116,TI-04_20260722_0016.jpg,2026-07-22 09:28:48,TI-04,drone,saudavel,saudavel,0.8562,agrosmart-v1,simulado,sim-2026-07
0e4fa3d0-03da-5624-9aad-88dddf1be9d4,BV-01_20260722_0001.jpg,2026-07-22 09:28:57,BV-01,smartphone,saudavel,saudavel,0.9998,agrosmart-v1,simulado,sim-2026-07
85b79e32-f51e-5cac-b705-26b1ebd80cb3,BV-03_20260722_0021.jpg,2026-07-22 09:29:15,BV-03,smartphone,saudavel,saudavel,0.8232,agrosmart-v1,simulado,sim-2026-07
eb658612-4e24-5205-8522-af2acccdc509,SC-04_20260722_0018.jpg,2026-07-22 09:29:15,SC-04,smartphone,saudavel,saudavel,0.8453,agrosmart-v1,simulado,sim-2026-07
d69683cc-6d80-55d7-82ba-6c78bdd4d9e3,TI-04_20260722_0017.jpg,2026-07-22 09:29:22,TI-04,drone,saudavel,saudavel,0.9993,agrosmart-v1,simulado,sim-2026-07
c4d203f4-2f38-528e-b9ce-feaa0a9a9fa6,BV-01_20260722_0002.jpg,2026-07-22 09:29:36,BV-01,smartphone,saudavel,saudavel,0.9327,agrosmart-v1,simulado,sim-2026-07
988bdfe2-4a01-5a09-a58b-ecb63b6df9ad,SC-04_20260722_0019.jpg,2026-07-22 09:29:53,SC-04,smartphone,saudavel,saudavel,0.9641,agrosmart-v1,simulado,sim-2026-07
ad0489ab-f4cc-546f-b117-806ea55cefac,BV-03_20260722_0022.jpg,2026-07-22 09:29:55,BV-03,smartphone,saudavel,saudavel,1.0000,agrosmart-v1,simulado,sim-2026-07
5810443f-f769-5994-8231-6da60a7ca7d8,TI-04_20260722_0018.jpg,2026-07-22 09:30:01,TI-04,drone,saudavel,saudavel,1.0000,agrosmart-v1,simulado,sim-2026-07
a476cbec-b9f8-53bd-a47d-f31491b12a38,BV-01_20260722_0003.jpg,2026-07-22 09:30:26,BV-01,smartphone,saudavel,saudavel,0.9903,agrosmart-v1,simulado,sim-2026-07
c75b5b98-a0d7-5b3d-8820-768907286e88,SC-04_20260722_0020.jpg,2026-07-22 09:30:28,SC-04,smartphone,saudavel,saudavel,0.9663,agrosmart-v1,simulado,sim-2026-07
2c8c17c9-e35a-509a-81ea-a2e694e77098,BV-03_20260722_0023.jpg,2026-07-22 09:30:36,BV-03,smartphone,saudavel,saudavel,0.9511,agrosmart-v1,simulado,sim-2026-07
9ba10c27-cfcf-57ec-a27a-0273a6bbbd4b,BV-01_20260722_0004.jpg,2026-07-22 09:30:40,BV-01,smartphone,saudavel,saudavel,0.9820,agrosmart-v1,simulado,sim-2026-07
bfe493ca-7c75-5803-95b8-7ccd7463aaed,TI-04_20260722_0019.jpg,2026-07-22 09:30:42,TI-04,drone,saudavel,saudavel,0.9954,agrosmart-v1,simulado,sim-2026-07
b3c426d5-e08e-595b-bfe7-5ae82186c83a,BV-03_20260722_0024.jpg,2026-07-22 09:31:25,BV-03,smartphone,saudavel,saudavel,0.9968,agrosmart-v1,simulado,sim-2026-07
7a4071ec-bc13-5ba9-86fa-7d5d5a8b30a4,SC-04_20260722_0021.jpg,2026-07-22 09:31:25,SC-04,smartphone,saudavel,saudavel,0.8352,agrosmart-v1,simulado,sim-2026-07
6b41e95d-f241-5963-8774-d4c700a38e35,TI-04_20260722_0020.jpg,2026-07-22 09:31:27,TI-04,drone,saudavel,saudavel,0.9617,agrosmart-v1,simulado,sim-2026-07
ed7ff614-1a7e-54cc-b1b5-941d1e94cb9f,BV-01_20260722_0005.jpg,2026-07-22 09:31:48,BV-01,smartphone,saudavel,saudavel,0.8577,agrosmart-v1,simulado,sim-2026-07
6f853dce-f808-5321-849e-ec0a8ae9e4e8,BV-03_20260722_0025.jpg,2026-07-22 09:31:51,BV-03,smartphone,saudavel,saudavel,0.9736,agrosmart-v1,simulado,sim-2026-07
ec1039d8-2286-5ffb-a3cd-c01b30f18a99,SC-04_20260722_0022.jpg,2026-07-22 09:31:53,SC-04,smartphone,saudavel,saudavel,0.8549,agrosmart-v1,simulado,sim-2026-07
23ecaf50-cb63-5d90-a5df-7e39b425e3ec,TI-04_20260722_0021.jpg,2026-07-22 09:32:11,TI-04,drone,saudavel,saudavel,0.9972,agrosmart-v1,simulado,sim-2026-07
ee9d7f3d-979a-53ee-b2fd-3bdb3dc38605,BV-01_20260722_0006.jpg,2026-07-22 09:32:19,BV-01,smartphone,saudavel,saudavel,0.9784,agrosmart-v1,simulado,sim-2026-07
aa8c7ebd-9d0e-5647-a280-b4622f4266da,BV-03_20260722_0026.jpg,2026-07-22 09:32:23,BV-03,smartphone,saudavel,saudavel,0.8569,agrosmart-v1,simulado,sim-2026-07
7c21b50e-6998-545e-bbfb-0e8af8ec9f47,SC-04_20260722_0023.jpg,2026-07-22 09:32:23,SC-04,smartphone,saudavel,saudavel,0.9218,agrosmart-v1,simulado,sim-2026-07
4e4cb7e3-205e-5676-aa75-05f861803e19,BV-01_20260722_0007.jpg,2026-07-22 09:32:40,BV-01,smartphone,saudavel,saudavel,0.9051,agrosmart-v1,simulado,sim-2026-07
43df1241-d3ff-5c7f-87bc-785288b22b79,TI-04_20260722_0022.jpg,2026-07-22 09:32:40,TI-04,drone,saudavel,saudavel,0.8760,agrosmart-v1,simulado,sim-2026-07
a2ca8a70-1322-55bb-8beb-bf6c59fbed8c,BV-03_20260722_0027.jpg,2026-07-22 09:33:08,BV-03,smartphone,saudavel,saudavel,0.9528,agrosmart-v1,simulado,sim-2026-07
547f7fb9-5f6f-51db-a0f3-777c866c3c73,SC-04_20260722_0024.jpg,2026-07-22 09:33:26,SC-04,smartphone,saudavel,saudavel,0.8665,agrosmart-v1,simulado,sim-2026-07
ccb82359-6dc4-5560-8299-11161bb19834,TI-04_20260722_0023.jpg,2026-07-22 09:33:28,TI-04,drone,saudavel,saudavel,0.9136,agrosmart-v1,simulado,sim-2026-07
3e0a11f7-66a1-5737-983e-446124fc2bf0,BV-01_20260722_0008.jpg,2026-07-22 09:33:34,BV-01,smartphone,saudavel,saudavel,0.9913,agrosmart-v1,simulado,sim-2026-07
63f220bc-b875-5a87-bcf3-948e08d7d0df,SC-04_20260722_0025.jpg,2026-07-22 09:33:48,SC-04,smartphone,saudavel,saudavel,0.9793,agrosmart-v1,simulado,sim-2026-07
fdb7d416-bcae-5b2e-8074-35d6d9c5c264,TI-04_20260722_0024.jpg,2026-07-22 09:34:04,TI-04,drone,saudavel,saudavel,0.9538,agrosmart-v1,simulado,sim-2026-07
e3da8b41-4811-5922-94ac-29d51b6435b6,BV-01_20260722_0009.jpg,2026-07-22 09:34:10,BV-01,smartphone,saudavel,saudavel,0.8689,agrosmart-v1,simulado,sim-2026-07
63652af3-7740-5a92-9b16-0895b70c6975,SC-04_20260722_0026.jpg,2026-07-22 09:34:28,SC-04,smartphone,saudavel,saudavel,0.9363,agrosmart-v1,simulado,sim-2026-07
e8b97588-936a-5b4b-87fb-412981d8b618,BV-01_20260722_0010.jpg,2026-07-22 09:34:54,BV-01,smartphone,saudavel,saudavel,0.9845,agrosmart-v1,simulado,sim-2026-07
b602130a-3592-5e92-b4fd-6c6314014443,TI-04_20260722_0025.jpg,2026-07-22 09:34:58,TI-04,drone,saudavel,saudavel,0.9962,agrosmart-v1,simulado,sim-2026-07
0b338775-30eb-56f1-8fca-744202f6e4ed,SC-04_20260722_0027.jpg,2026-07-22 09:35:13,SC-04,smartphone,saudavel,saudavel,0.9073,agrosmart-v1,simulado,sim-2026-07
2b774d95-7bb5-5e1d-956e-d904b14f228d,TI-04_20260722_0026.jpg,2026-07-22 09:35:38,TI-04,drone,saudavel,saudavel,0.9756,agrosmart-v1,simulado,sim-2026-07
bc50bf38-6866-5575-b1dc-c176acd6a03c,SC-04_20260722_0028.jpg,2026-07-22 09:35:43,SC-04,smartphone,saudavel,saudavel,0.9503,agrosmart-v1,simulado,sim-2026-07
85c6d8eb-c734-5bee-9c76-ed91ad2b599b,BV-01_20260722_0011.jpg,2026-07-22 09:35:50,BV-01,smartphone,saudavel,saudavel,0.8405,agrosmart-v1,simulado,sim-2026-07
f4f89a90-300c-569a-844f-6654f0c18a0c,BV-01_20260722_0012.jpg,2026-07-22 09:36:11,BV-01,smartphone,saudavel,saudavel,0.8849,agrosmart-v1,simulado,sim-2026-07
3467d47a-5712-5ada-9025-85ce2fcf5e51,TI-04_20260722_0027.jpg,2026-07-22 09:36:15,TI-04,drone,saudavel,saudavel,0.9138,agrosmart-v1,simulado,sim-2026-07
0a001e9c-0056-555b-87d7-a7c8d0cb3559,TI-04_20260722_0028.jpg,2026-07-22 09:36:55,TI-04,drone,saudavel,saudavel,0.9999,agrosmart-v1,simulado,sim-2026-07
df2ae362-a790-575f-a8fa-b95269411111,BV-01_20260722_0013.jpg,2026-07-22 09:36:59,BV-01,smartphone,saudavel,saudavel,0.9141,agrosmart-v1,simulado,sim-2026-07
efb6d93a-bac4-59bb-8e5a-390fb311b220,TI-04_20260722_0029.jpg,2026-07-22 09:37:32,TI-04,drone,saudavel,saudavel,0.9912,agrosmart-v1,simulado,sim-2026-07
d06c52c9-6984-5934-a1d2-0ede70d5a80e,BV-01_20260722_0014.jpg,2026-07-22 09:37:35,BV-01,smartphone,saudavel,saudavel,0.9928,agrosmart-v1,simulado,sim-2026-07
bd0e5790-75c5-5c57-9d0a-3bc23572c95a,BV-01_20260722_0015.jpg,2026-07-22 09:38:03,BV-01,smartphone,saudavel,saudavel,0.8399,agrosmart-v1,simulado,sim-2026-07
e12c7fc0-1e3d-5853-8e32-bfee8b51384b,TI-04_20260722_0030.jpg,2026-07-22 09:38:17,TI-04,drone,saudavel,saudavel,0.9979,agrosmart-v1,simulado,sim-2026-07
c366408b-9496-5d49-8f27-a1ef5504aae7,BV-01_20260722_0016.jpg,2026-07-22 09:38:47,BV-01,smartphone,saudavel,saudavel,0.9996,agrosmart-v1,simulado,sim-2026-07
19a63728-6819-5ee1-a85f-0b040d60fed4,TI-04_20260722_0031.jpg,2026-07-22 09:39:07,TI-04,drone,saudavel,saudavel,0.8920,agrosmart-v1,simulado,sim-2026-07
8cbe4f6c-b9f0-576a-bab7-c7c243f3bd74,TI-04_20260722_0032.jpg,2026-07-22 09:39:31,TI-04,drone,saudavel,saudavel,0.8960,agrosmart-v1,simulado,sim-2026-07
db8f1101-c5ef-5db9-8a5d-0436c52d34b1,BV-01_20260722_0017.jpg,2026-07-22 09:39:48,BV-01,smartphone,doente,pinta_preta,0.9175,agrosmart-v1,simulado,sim-2026-07
3d594899-0572-51de-a11a-7cbed94d2d7c,TI-04_20260722_0033.jpg,2026-07-22 09:40:21,TI-04,drone,saudavel,saudavel,0.9366,agrosmart-v1,simulado,sim-2026-07
c345c3ef-db82-55ee-b188-720e9f780ac5,BV-01_20260722_0018.jpg,2026-07-22 09:40:27,BV-01,smartphone,saudavel,saudavel,0.9998,agrosmart-v1,simulado,sim-2026-07
ab0db9a6-7cc3-5e70-ae26-ea546d30c2dd,BV-01_20260722_0019.jpg,2026-07-22 09:40:53,BV-01,smartphone,saudavel,saudavel,0.9908,agrosmart-v1,simulado,sim-2026-07
61744928-a0f8-546b-b23c-8acbad81cc40,TI-04_20260722_0034.jpg,2026-07-22 09:41:05,TI-04,drone,saudavel,saudavel,0.9567,agrosmart-v1,simulado,sim-2026-07
7b8e4f7e-47f0-5ed1-ae0a-255167a549ba,BV-01_20260722_0020.jpg,2026-07-22 09:41:35,BV-01,smartphone,saudavel,saudavel,0.9792,agrosmart-v1,simulado,sim-2026-07
f01786d1-5fbd-5e8f-8912-f07e2bcf048a,TI-04_20260722_0035.jpg,2026-07-22 09:41:44,TI-04,drone,saudavel,saudavel,0.6193,agrosmart-v1,simulado,sim-2026-07
c2cc2801-914f-5ad4-ad41-8cd45a3e2d24,BV-01_20260722_0021.jpg,2026-07-22 09:42:01,BV-01,smartphone,saudavel,saudavel,0.9442,agrosmart-v1,simulado,sim-2026-07
cd749eb0-4da0-5eca-9969-07b496297ba3,TI-04_20260722_0036.jpg,2026-07-22 09:42:15,TI-04,drone,saudavel,saudavel,0.9900,agrosmart-v1,simulado,sim-2026-07
430975c3-68d0-53a9-a83a-ebd6dd8149d1,TI-04_20260722_0037.jpg,2026-07-22 09:42:57,TI-04,drone,saudavel,saudavel,0.8523,agrosmart-v1,simulado,sim-2026-07
3442b624-15ca-5da2-8e91-deeb93433fe4,BV-01_20260722_0022.jpg,2026-07-22 09:43:07,BV-01,smartphone,saudavel,saudavel,0.9522,agrosmart-v1,simulado,sim-2026-07
25620010-b237-5927-b77c-71df3900cfaf,BV-01_20260722_0023.jpg,2026-07-22 09:43:42,BV-01,smartphone,saudavel,saudavel,0.8388,agrosmart-v1,simulado,sim-2026-07
542a1674-3f95-54ee-8158-31c87e445292,BV-01_20260722_0024.jpg,2026-07-22 09:44:30,BV-01,smartphone,saudavel,saudavel,0.9978,agrosmart-v1,simulado,sim-2026-07
35f2276b-8a13-5664-a3d3-0f2d5dcf29fc,BV-01_20260722_0025.jpg,2026-07-22 09:44:59,BV-01,smartphone,saudavel,saudavel,0.8674,agrosmart-v1,simulado,sim-2026-07
ddb63d53-aeca-54ce-a30e-fb38d192a11e,BV-01_20260722_0026.jpg,2026-07-22 09:45:37,BV-01,smartphone,saudavel,saudavel,0.9980,agrosmart-v1,simulado,sim-2026-07
dbb0f854-5dd1-5461-a84d-2799754b4659,TI-02_20260722_0001.jpg,2026-07-22 09:48:52,TI-02,drone,saudavel,saudavel,0.9216,agrosmart-v1,simulado,sim-2026-07
40c41394-c6ed-5e81-8f48-04fb502bfec4,TI-02_20260722_0002.jpg,2026-07-22 09:49:31,TI-02,drone,saudavel,saudavel,0.9994,agrosmart-v1,simulado,sim-2026-07
d2f786a8-3469-5849-bf12-311dc5619323,TI-02_20260722_0003.jpg,2026-07-22 09:50:27,TI-02,drone,saudavel,saudavel,0.8247,agrosmart-v1,simulado,sim-2026-07
9d543c1e-eef3-55eb-8caa-8364831f2c69,TI-02_20260722_0004.jpg,2026-07-22 09:51:02,TI-02,drone,saudavel,saudavel,0.9358,agrosmart-v1,simulado,sim-2026-07
64bf9d21-9a11-52ac-8a73-a4aa1d0e66d0,TI-02_20260722_0005.jpg,2026-07-22 09:51:41,TI-02,drone,saudavel,saudavel,0.9461,agrosmart-v1,simulado,sim-2026-07
9dbc4548-eb0e-5bce-9078-61151cd54195,TI-02_20260722_0006.jpg,2026-07-22 09:52:14,TI-02,drone,saudavel,saudavel,0.9664,agrosmart-v1,simulado,sim-2026-07
4bd23eb8-47b8-5866-a04a-cef7469612ff,TI-02_20260722_0007.jpg,2026-07-22 09:53:04,TI-02,drone,saudavel,saudavel,0.9181,agrosmart-v1,simulado,sim-2026-07
78fd0d6a-25ff-5576-9169-b4671c4a75af,TI-02_20260722_0008.jpg,2026-07-22 09:53:26,TI-02,drone,saudavel,saudavel,0.8407,agrosmart-v1,simulado,sim-2026-07
bd68e4c5-cdda-5f15-8ae0-21aea930fb7b,TI-02_20260722_0009.jpg,2026-07-22 09:54:19,TI-02,drone,saudavel,saudavel,0.9807,agrosmart-v1,simulado,sim-2026-07
96f7f1e4-0fc0-5048-b5e2-a33ba2c4bf70,TI-02_20260722_0010.jpg,2026-07-22 09:54:41,TI-02,drone,saudavel,saudavel,0.8489,agrosmart-v1,simulado,sim-2026-07
35273f7f-6b37-53b7-8ea1-55c93b3e60d0,TI-02_20260722_0011.jpg,2026-07-22 09:55:33,TI-02,drone,saudavel,saudavel,0.9502,agrosmart-v1,simulado,sim-2026-07
2b31662b-ccae-54b4-84f4-a4524704e0c5,TI-02_20260722_0012.jpg,2026-07-22 09:56:01,TI-02,drone,saudavel,saudavel,0.9058,agrosmart-v1,simulado,sim-2026-07
7958c8bf-b4bc-5cca-80d9-a47a8c928bff,TI-02_20260722_0013.jpg,2026-07-22 09:56:46,TI-02,drone,saudavel,saudavel,0.8467,agrosmart-v1,simulado,sim-2026-07
7ba2ff9e-5599-5789-aa51-149ef7336112,TI-02_20260722_0014.jpg,2026-07-22 09:57:50,TI-02,drone,saudavel,saudavel,0.9909,agrosmart-v1,simulado,sim-2026-07
deed6223-67b1-5134-ba28-aefec1d9884e,TI-02_20260722_0015.jpg,2026-07-22 09:58:25,TI-02,drone,saudavel,saudavel,0.9995,agrosmart-v1,simulado,sim-2026-07
042a8b9f-6f2b-571e-8a7d-9336e85dfb21,TI-02_20260722_0016.jpg,2026-07-22 09:58:46,TI-02,drone,saudavel,saudavel,1.0000,agrosmart-v1,simulado,sim-2026-07
b418e80b-76e2-5637-ab65-7d29dc101e87,TI-02_20260722_0017.jpg,2026-07-22 09:59:39,TI-02,drone,saudavel,saudavel,0.8958,agrosmart-v1,simulado,sim-2026-07
2a1f9931-4e20-5255-b437-3ee440a504a0,TI-02_20260722_0018.jpg,2026-07-22 10:00:00,TI-02,drone,saudavel,saudavel,0.9941,agrosmart-v1,simulado,sim-2026-07
bafc181d-3e47-51d2-81a3-a05bbef25369,TI-02_20260722_0019.jpg,2026-07-22 10:00:48,TI-02,drone,saudavel,saudavel,0.8327,agrosmart-v1,simulado,sim-2026-07
c4ae42da-97e0-5699-8f7e-e2b4b7f43e3c,TI-02_20260722_0020.jpg,2026-07-22 10:01:25,TI-02,drone,saudavel,saudavel,0.9489,agrosmart-v1,simulado,sim-2026-07
1054f2d8-dbc3-577e-b4e4-0246fee131e3,TI-02_20260722_0021.jpg,2026-07-22 10:02:09,TI-02,drone,saudavel,saudavel,0.9781,agrosmart-v1,simulado,sim-2026-07
71a2dd2a-9076-5a17-b79d-d35f4bd3396e,TI-02_20260722_0022.jpg,2026-07-22 10:03:02,TI-02,drone,saudavel,saudavel,0.9984,agrosmart-v1,simulado,sim-2026-07
11922d3a-cb87-5cfd-8ea0-d3600353f9c3,TI-02_20260722_0023.jpg,2026-07-22 10:03:25,TI-02,drone,saudavel,saudavel,0.8641,agrosmart-v1,simulado,sim-2026-07
659fad96-9399-5110-bd22-d1d3439a6142,TI-02_20260722_0024.jpg,2026-07-22 10:04:24,TI-02,drone,saudavel,saudavel,0.9773,agrosmart-v1,simulado,sim-2026-07
93e11eb5-abde-5c7d-b1cd-d00fdd63ea79,TI-02_20260722_0025.jpg,2026-07-22 10:05:03,TI-02,drone,saudavel,saudavel,0.9303,agrosmart-v1,simulado,sim-2026-07
3fbae4f5-e445-52ad-a3de-cd60a2ec1e3d,TI-02_20260722_0026.jpg,2026-07-22 10:05:33,TI-02,drone,saudavel,saudavel,0.9333,agrosmart-v1,simulado,sim-2026-07
11c6e8d1-8977-5251-9758-56c73c4d7b23,TI-02_20260722_0027.jpg,2026-07-22 10:06:04,TI-02,drone,saudavel,saudavel,0.9914,agrosmart-v1,simulado,sim-2026-07
3092ee52-0efe-5971-ac98-74da0c917519,TI-02_20260722_0028.jpg,2026-07-22 10:06:52,TI-02,drone,saudavel,saudavel,0.9991,agrosmart-v1,simulado,sim-2026-07
2ba7e98e-6669-5464-aca1-403c0d465240,TI-02_20260722_0029.jpg,2026-07-22 10:07:23,TI-02,drone,saudavel,saudavel,0.9055,agrosmart-v1,simulado,sim-2026-07
bf2bc5e5-7f35-5270-b278-4a5c6ab9a360,TI-02_20260722_0030.jpg,2026-07-22 10:08:07,TI-02,drone,saudavel,saudavel,0.9060,agrosmart-v1,simulado,sim-2026-07
e401c109-4c0d-5f22-af4e-d10a7ebef01c,TI-02_20260722_0031.jpg,2026-07-22 10:08:50,TI-02,drone,saudavel,saudavel,0.9567,agrosmart-v1,simulado,sim-2026-07
301c6c14-78f8-537e-b46d-0c3ef1423f24,TI-02_20260722_0032.jpg,2026-07-22 10:09:24,TI-02,drone,saudavel,saudavel,0.8338,agrosmart-v1,simulado,sim-2026-07
8913107c-151d-55f2-b3a2-1748f9c4a725,TI-02_20260722_0033.jpg,2026-07-22 10:10:08,TI-02,drone,saudavel,saudavel,0.9999,agrosmart-v1,simulado,sim-2026-07
d9fa2a5a-ff42-5731-83d9-96f1f7698785,TI-02_20260722_0034.jpg,2026-07-22 10:10:55,TI-02,drone,saudavel,saudavel,0.9980,agrosmart-v1,simulado,sim-2026-07
288cce37-8912-58dd-848c-025d5b9464dc,TI-02_20260722_0035.jpg,2026-07-22 10:11:33,TI-02,drone,saudavel,saudavel,0.9841,agrosmart-v1,simulado,sim-2026-07
8c86de53-9d33-5719-8138-bb76e1a9d9c4,TI-02_20260722_0036.jpg,2026-07-22 10:12:15,TI-02,drone,saudavel,saudavel,0.9336,agrosmart-v1,simulado,sim-2026-07
50cbc002-9cc1-5a90-a294-e6d1f834123d,TI-02_20260722_0037.jpg,2026-07-22 10:12:41,TI-02,drone,saudavel,saudavel,0.9311,agrosmart-v1,simulado,sim-2026-07
81f1101b-2c73-5711-950a-3f7202c40eb8,TI-02_20260722_0038.jpg,2026-07-22 10:13:45,TI-02,drone,saudavel,saudavel,0.9036,agrosmart-v1,simulado,sim-2026-07
d83c01de-b8c4-57b2-aee3-119190df6677,TI-02_20260722_0039.jpg,2026-07-22 10:14:08,TI-02,drone,saudavel,saudavel,0.9251,agrosmart-v1,simulado,sim-2026-07
27b2ff39-b080-5856-9124-770422fb5ae6,TI-02_20260722_0040.jpg,2026-07-22 10:15:07,TI-02,drone,saudavel,saudavel,0.9725,agrosmart-v1,simulado,sim-2026-07
02fef40c-2547-5eb3-b95d-1e2f3f3bebe1,BV-04_20260724_0001.jpg,2026-07-24 07:36:53,BV-04,smartphone,saudavel,saudavel,0.9430,agrosmart-v1,simulado,sim-2026-07
13c7e16a-b5bc-536d-9011-174d8d9abf49,BV-04_20260724_0002.jpg,2026-07-24 07:37:41,BV-04,smartphone,saudavel,saudavel,0.9993,agrosmart-v1,simulado,sim-2026-07
c873ad3a-efa9-53ad-8111-314afa4a9ebe,BV-04_20260724_0003.jpg,2026-07-24 07:38:30,BV-04,smartphone,saudavel,saudavel,0.9999,agrosmart-v1,simulado,sim-2026-07
78fc4550-2e5d-5479-90d4-d620bad61b86,BV-04_20260724_0004.jpg,2026-07-24 07:39:04,BV-04,smartphone,saudavel,saudavel,0.9665,agrosmart-v1,simulado,sim-2026-07
cfbc58f8-a4ca-5e2e-a1db-d6e81493d2dd,BV-04_20260724_0005.jpg,2026-07-24 07:39:34,BV-04,smartphone,saudavel,saudavel,0.7148,agrosmart-v1,simulado,sim-2026-07
46f54aab-2703-57bf-bba7-f4fb1cee1970,BV-04_20260724_0006.jpg,2026-07-24 07:40:21,BV-04,smartphone,saudavel,saudavel,0.9997,agrosmart-v1,simulado,sim-2026-07
d5f5313a-60de-586b-9d6d-843c0269036f,BV-01_20260724_0001.jpg,2026-07-24 07:41:02,BV-01,smartphone,saudavel,saudavel,0.9539,agrosmart-v1,simulado,sim-2026-07
5dff06cf-030f-5581-98ed-385566de1b8f,BV-04_20260724_0007.jpg,2026-07-24 07:41:07,BV-04,smartphone,saudavel,saudavel,0.9828,agrosmart-v1,simulado,sim-2026-07
33bcb829-865a-585f-a8f0-7aef85db5a25,BV-01_20260724_0002.jpg,2026-07-24 07:41:23,BV-01,smartphone,saudavel,saudavel,0.9762,agrosmart-v1,simulado,sim-2026-07
751fb162-6967-5e52-8b72-1a14db7c6137,BV-04_20260724_0008.jpg,2026-07-24 07:41:33,BV-04,smartphone,doente,mosca_minadora,0.8561,agrosmart-v1,simulado,sim-2026-07
3c3e4480-f1e9-5aff-8ae0-e4cee6645485,BV-01_20260724_0003.jpg,2026-07-24 07:42:03,BV-01,smartphone,saudavel,saudavel,0.9653,agrosmart-v1,simulado,sim-2026-07
bdb7db8a-9194-5a4f-a02f-567044eab7e0,BV-04_20260724_0009.jpg,2026-07-24 07:42:12,BV-04,smartphone,saudavel,saudavel,0.9990,agrosmart-v1,simulado,sim-2026-07
fd75167c-a26a-5c34-a3f3-25c077886409,BV-04_20260724_0010.jpg,2026-07-24 07:43:01,BV-04,smartphone,saudavel,saudavel,0.9152,agrosmart-v1,simulado,sim-2026-07
6239faca-faf7-5c29-93be-6a5a6b05bdc1,BV-01_20260724_0004.jpg,2026-07-24 07:43:04,BV-01,smartphone,saudavel,saudavel,0.7454,agrosmart-v1,simulado,sim-2026-07
4590ea6a-59db-551e-8d3b-ba4248bd4628,BV-01_20260724_0005.jpg,2026-07-24 07:43:29,BV-01,smartphone,saudavel,saudavel,0.9987,agrosmart-v1,simulado,sim-2026-07
dbab30e4-3241-538a-9e85-ee398aeed5e7,BV-04_20260724_0011.jpg,2026-07-24 07:43:43,BV-04,smartphone,saudavel,saudavel,0.8733,agrosmart-v1,simulado,sim-2026-07
5df4c39e-ebd6-5a02-8c2c-690f99e104b8,BV-04_20260724_0012.jpg,2026-07-24 07:44:05,BV-04,smartphone,saudavel,saudavel,0.9743,agrosmart-v1,simulado,sim-2026-07
756bd659-4d50-5f44-8909-08b6715cc4bf,BV-01_20260724_0006.jpg,2026-07-24 07:44:24,BV-01,smartphone,saudavel,saudavel,0.9287,agrosmart-v1,simulado,sim-2026-07
d0d41cb3-e2b2-5380-9859-2bfa74fe9ce8,BV-04_20260724_0013.jpg,2026-07-24 07:44:44,BV-04,smartphone,saudavel,saudavel,0.8699,agrosmart-v1,simulado,sim-2026-07
849da753-f0ec-5e82-97a0-0796e612c3d3,BV-01_20260724_0007.jpg,2026-07-24 07:45:04,BV-01,smartphone,saudavel,saudavel,0.9680,agrosmart-v1,simulado,sim-2026-07
6290ef56-2b49-58f6-8ca2-36527f4897d8,BV-04_20260724_0014.jpg,2026-07-24 07:45:35,BV-04,smartphone,saudavel,saudavel,0.9946,agrosmart-v1,simulado,sim-2026-07
fddecc13-dabf-5b9b-95ad-367eda5447bc,BV-01_20260724_0008.jpg,2026-07-24 07:45:45,BV-01,smartphone,saudavel,saudavel,0.8483,agrosmart-v1,simulado,sim-2026-07
4683085a-6ccb-5246-80a1-e57938b454f4,BV-04_20260724_0015.jpg,2026-07-24 07:46:27,BV-04,smartphone,saudavel,saudavel,0.9437,agrosmart-v1,simulado,sim-2026-07
ae3c3898-adb1-5325-b08e-665ec8dc1765,BV-01_20260724_0009.jpg,2026-07-24 07:46:30,BV-01,smartphone,saudavel,saudavel,0.8863,agrosmart-v1,simulado,sim-2026-07
f99b58f2-e844-5650-89c5-6c2f23b54b9e,BV-01_20260724_0010.jpg,2026-07-24 07:46:40,BV-01,smartphone,saudavel,saudavel,0.8932,agrosmart-v1,simulado,sim-2026-07
206e9c54-7821-5220-ba21-c50f2fece55c,BV-04_20260724_0016.jpg,2026-07-24 07:46:56,BV-04,smartphone,saudavel,saudavel,0.9614,agrosmart-v1,simulado,sim-2026-07
00ab46be-8fd3-5c52-91e4-40d814582acb,BV-04_20260724_0017.jpg,2026-07-24 07:47:25,BV-04,smartphone,saudavel,saudavel,0.9995,agrosmart-v1,simulado,sim-2026-07
07a2c7a6-d1b5-5ec1-bde4-138835c16c80,BV-01_20260724_0011.jpg,2026-07-24 07:47:36,BV-01,smartphone,saudavel,saudavel,0.9987,agrosmart-v1,simulado,sim-2026-07
94c48586-cc54-5e2d-9af8-f7a5672cb321,BV-04_20260724_0018.jpg,2026-07-24 07:48:17,BV-04,smartphone,saudavel,saudavel,0.9027,agrosmart-v1,simulado,sim-2026-07
84283742-1c61-5f89-99b5-d2754453ed7c,BV-01_20260724_0012.jpg,2026-07-24 07:48:24,BV-01,smartphone,saudavel,saudavel,0.9993,agrosmart-v1,simulado,sim-2026-07
bfe93414-5ec5-5078-86fc-85597703160d,BV-04_20260724_0019.jpg,2026-07-24 07:48:54,BV-04,smartphone,saudavel,saudavel,0.8572,agrosmart-v1,simulado,sim-2026-07
733b7d90-1efd-5159-9f08-a88d40c70486,BV-01_20260724_0013.jpg,2026-07-24 07:49:01,BV-01,smartphone,saudavel,saudavel,0.9959,agrosmart-v1,simulado,sim-2026-07
e8142392-7796-51dd-9778-d8cb4dcbbb3e,BV-04_20260724_0020.jpg,2026-07-24 07:49:21,BV-04,smartphone,saudavel,saudavel,0.9959,agrosmart-v1,simulado,sim-2026-07
57a814c9-3f32-54a7-b37b-9fc1de368cb4,BV-01_20260724_0014.jpg,2026-07-24 07:49:40,BV-01,smartphone,saudavel,saudavel,0.8851,agrosmart-v1,simulado,sim-2026-07
400b3767-f56b-5ee4-8d43-aeeb372009ab,BV-01_20260724_0015.jpg,2026-07-24 07:50:09,BV-01,smartphone,saudavel,saudavel,0.8588,agrosmart-v1,simulado,sim-2026-07
fb9794d3-1abb-546d-a7c5-6f7aefb8c423,BV-04_20260724_0021.jpg,2026-07-24 07:50:16,BV-04,smartphone,saudavel,saudavel,0.8995,agrosmart-v1,simulado,sim-2026-07
50e1ed7d-eff7-5087-9065-76918f6de307,BV-04_20260724_0022.jpg,2026-07-24 07:50:42,BV-04,smartphone,doente,vaquinha,0.9950,agrosmart-v1,simulado,sim-2026-07
9a5bacbd-3fe2-59d6-b423-0ce43c7e68ef,BV-01_20260724_0016.jpg,2026-07-24 07:51:07,BV-01,smartphone,saudavel,saudavel,0.9007,agrosmart-v1,simulado,sim-2026-07
657df940-2a2f-558d-8920-e03dae8aaf01,BV-01_20260724_0017.jpg,2026-07-24 07:51:20,BV-01,smartphone,saudavel,saudavel,0.8541,agrosmart-v1,simulado,sim-2026-07
31635a4a-0b32-5bcf-b32c-a8d05dd0e942,BV-04_20260724_0023.jpg,2026-07-24 07:51:37,BV-04,smartphone,saudavel,saudavel,0.9847,agrosmart-v1,simulado,sim-2026-07
20f6a573-19db-514c-b19d-0ae9f7321b81,BV-01_20260724_0018.jpg,2026-07-24 07:52:04,BV-01,smartphone,saudavel,saudavel,0.9642,agrosmart-v1,simulado,sim-2026-07
d28f0e7d-505e-5db8-9d36-46916aa789c6,BV-04_20260724_0024.jpg,2026-07-24 07:52:13,BV-04,smartphone,saudavel,saudavel,0.9395,agrosmart-v1,simulado,sim-2026-07
9262dbc8-d8cd-50ae-a4ce-a443fb8129a1,BV-01_20260724_0019.jpg,2026-07-24 07:52:57,BV-01,smartphone,saudavel,saudavel,0.9312,agrosmart-v1,simulado,sim-2026-07
f29707cf-b052-533f-8bb2-8c65cc779a34,BV-04_20260724_0025.jpg,2026-07-24 07:53:08,BV-04,smartphone,saudavel,saudavel,0.9700,agrosmart-v1,simulado,sim-2026-07
5a327415-7135-50e0-968a-0af883f4dadd,BV-01_20260724_0020.jpg,2026-07-24 07:53:31,BV-01,smartphone,saudavel,saudavel,0.8900,agrosmart-v1,simulado,sim-2026-07
32fe32df-5018-5ae5-9dfb-fe328b92162e,BV-04_20260724_0026.jpg,2026-07-24 07:53:33,BV-04,smartphone,saudavel,saudavel,0.8784,agrosmart-v1,simulado,sim-2026-07
2dfaa1b7-366b-5ef4-8086-eca93eca6759,BV-01_20260724_0021.jpg,2026-07-24 07:54:06,BV-01,smartphone,saudavel,saudavel,0.9987,agrosmart-v1,simulado,sim-2026-07
b8a9d2c4-1db4-51ae-81e5-0a036eb5d6c1,BV-04_20260724_0027.jpg,2026-07-24 07:54:28,BV-04,smartphone,saudavel,saudavel,0.9873,agrosmart-v1,simulado,sim-2026-07
dd3f843e-d138-5513-b6d0-c82dec7d2236,BV-01_20260724_0022.jpg,2026-07-24 07:54:52,BV-01,smartphone,saudavel,saudavel,0.9014,agrosmart-v1,simulado,sim-2026-07
879d8d55-d409-5750-bbf6-90866c50b55c,BV-01_20260724_0023.jpg,2026-07-24 07:55:37,BV-01,smartphone,saudavel,saudavel,0.9984,agrosmart-v1,simulado,sim-2026-07
5444dc06-6ac9-5c30-96b9-6e93c541ba11,BV-01_20260724_0024.jpg,2026-07-24 07:56:16,BV-01,smartphone,saudavel,saudavel,0.9273,agrosmart-v1,simulado,sim-2026-07
53c87618-10db-5768-a18a-f01e580cbab8,BV-01_20260724_0025.jpg,2026-07-24 07:57:08,BV-01,smartphone,doente,vaquinha,0.9368,agrosmart-v1,simulado,sim-2026-07
fbae6a55-cd77-599a-b9c6-7a498e5cdc22,BV-01_20260724_0026.jpg,2026-07-24 07:57:44,BV-01,smartphone,saudavel,saudavel,0.9678,agrosmart-v1,simulado,sim-2026-07
3d2bbe0f-d504-5604-971a-fa59ef4835b9,BV-02_20260724_0001.jpg,2026-07-24 07:57:44,BV-02,smartphone,saudavel,saudavel,0.9667,agrosmart-v1,simulado,sim-2026-07
366e06cc-885a-505d-a317-a6313bf8ca60,BV-01_20260724_0027.jpg,2026-07-24 07:58:23,BV-01,smartphone,saudavel,saudavel,0.9750,agrosmart-v1,simulado,sim-2026-07
b87e7ea3-9493-55a1-bcf1-ef7bdebf9afa,BV-02_20260724_0002.jpg,2026-07-24 07:58:50,BV-02,smartphone,saudavel,saudavel,0.9701,agrosmart-v1,simulado,sim-2026-07
af5caf71-fd57-5e75-97ee-348b4bdb7e6c,BV-01_20260724_0028.jpg,2026-07-24 07:58:51,BV-01,smartphone,saudavel,saudavel,0.8970,agrosmart-v1,simulado,sim-2026-07
8d9047ba-2f8d-5144-accb-c73756c134e9,BV-02_20260724_0003.jpg,2026-07-24 07:59:17,BV-02,smartphone,saudavel,saudavel,0.9715,agrosmart-v1,simulado,sim-2026-07
7dd855ad-71b3-5e34-b707-88aa1f0e8abe,BV-01_20260724_0029.jpg,2026-07-24 07:59:34,BV-01,smartphone,saudavel,saudavel,0.9023,agrosmart-v1,simulado,sim-2026-07
fb1d8440-2d0f-5246-8861-04ce978c9724,BV-02_20260724_0004.jpg,2026-07-24 08:00:04,BV-02,smartphone,saudavel,saudavel,0.8569,agrosmart-v1,simulado,sim-2026-07
f4fdb62c-1fb1-5237-aef4-50430ff078d2,BV-01_20260724_0030.jpg,2026-07-24 08:00:07,BV-01,smartphone,saudavel,saudavel,0.8239,agrosmart-v1,simulado,sim-2026-07
86086557-bbb3-5502-98b4-89a79261a619,BV-02_20260724_0005.jpg,2026-07-24 08:00:25,BV-02,smartphone,saudavel,saudavel,0.9828,agrosmart-v1,simulado,sim-2026-07
6983b279-6dd9-58b9-a71e-86c79b6236f1,BV-01_20260724_0031.jpg,2026-07-24 08:01:08,BV-01,smartphone,saudavel,saudavel,0.9203,agrosmart-v1,simulado,sim-2026-07
b26fd8d7-49c6-597d-9d3a-3b2acbd66033,BV-02_20260724_0006.jpg,2026-07-24 08:01:23,BV-02,smartphone,saudavel,saudavel,0.9337,agrosmart-v1,simulado,sim-2026-07
99262b18-ac3b-5114-8fa7-7053624f1612,BV-01_20260724_0032.jpg,2026-07-24 08:01:27,BV-01,smartphone,saudavel,saudavel,0.9854,agrosmart-v1,simulado,sim-2026-07
6e2c958b-dc14-5348-8249-af1a100918ba,BV-02_20260724_0007.jpg,2026-07-24 08:02:01,BV-02,smartphone,saudavel,saudavel,0.9764,agrosmart-v1,simulado,sim-2026-07
16fac670-db91-50d2-897c-2c53401cee93,BV-01_20260724_0033.jpg,2026-07-24 08:02:22,BV-01,smartphone,saudavel,saudavel,0.9965,agrosmart-v1,simulado,sim-2026-07
c0cfea36-c121-5987-a7ae-64c5def933bd,BV-02_20260724_0008.jpg,2026-07-24 08:02:50,BV-02,smartphone,saudavel,saudavel,0.9222,agrosmart-v1,simulado,sim-2026-07
df2e011c-d85c-5a12-9268-265bca7b5d1b,BV-02_20260724_0009.jpg,2026-07-24 08:03:00,BV-02,smartphone,saudavel,saudavel,0.8268,agrosmart-v1,simulado,sim-2026-07
7f07ad59-33c6-595a-9a35-e360d48b4240,BV-01_20260724_0034.jpg,2026-07-24 08:03:03,BV-01,smartphone,saudavel,saudavel,0.9807,agrosmart-v1,simulado,sim-2026-07
3b4ca51f-c2eb-5c0c-b102-030ce675d826,BV-02_20260724_0010.jpg,2026-07-24 08:04:08,BV-02,smartphone,saudavel,saudavel,0.9701,agrosmart-v1,simulado,sim-2026-07
ebb354fd-4182-5dfb-bdd0-4e8694b50787,BV-02_20260724_0011.jpg,2026-07-24 08:04:24,BV-02,smartphone,saudavel,saudavel,0.9423,agrosmart-v1,simulado,sim-2026-07
9a43acee-396e-5fc5-bfd8-8b49bff2a52c,BV-02_20260724_0012.jpg,2026-07-24 08:05:00,BV-02,smartphone,saudavel,saudavel,0.8703,agrosmart-v1,simulado,sim-2026-07
eaf2aba4-eb5d-5856-9df3-83c85915b00d,BV-02_20260724_0013.jpg,2026-07-24 08:05:58,BV-02,smartphone,saudavel,saudavel,0.9466,agrosmart-v1,simulado,sim-2026-07
5fc01035-2be7-57e2-9dfc-ec125daa85b3,BV-02_20260724_0014.jpg,2026-07-24 08:06:41,BV-02,smartphone,saudavel,saudavel,0.8895,agrosmart-v1,simulado,sim-2026-07
73bf8618-ea14-525f-b28e-bce8afc80a43,BV-02_20260724_0015.jpg,2026-07-24 08:07:12,BV-02,smartphone,saudavel,saudavel,0.9285,agrosmart-v1,simulado,sim-2026-07
d6ea183b-0476-57b6-863d-8d8e822eba5b,BV-02_20260724_0016.jpg,2026-07-24 08:07:46,BV-02,smartphone,saudavel,saudavel,0.6501,agrosmart-v1,simulado,sim-2026-07
5ea66cb0-1202-5424-a3e0-b4732f1eda3e,BV-02_20260724_0017.jpg,2026-07-24 08:08:41,BV-02,smartphone,saudavel,saudavel,0.8599,agrosmart-v1,simulado,sim-2026-07
9a26abc9-5fad-5e81-b56d-852b04db2a10,BV-02_20260724_0018.jpg,2026-07-24 08:09:25,BV-02,smartphone,saudavel,saudavel,0.9412,agrosmart-v1,simulado,sim-2026-07
fcad6447-d3d1-5647-b478-792afc4675eb,BV-02_20260724_0019.jpg,2026-07-24 08:10:04,BV-02,smartphone,saudavel,saudavel,0.8720,agrosmart-v1,simulado,sim-2026-07
9012ce0e-fb58-5ba9-ac53-1a4807aae199,BV-02_20260724_0020.jpg,2026-07-24 08:10:32,BV-02,smartphone,saudavel,saudavel,0.9896,agrosmart-v1,simulado,sim-2026-07
95a6c0d7-5c87-5e11-8c8b-0e73909a7ace,BV-02_20260724_0021.jpg,2026-07-24 08:11:09,BV-02,smartphone,saudavel,saudavel,0.9867,agrosmart-v1,simulado,sim-2026-07
d49753f7-4e92-59e8-8ef7-c18964604ef3,BV-02_20260724_0022.jpg,2026-07-24 08:12:07,BV-02,smartphone,saudavel,saudavel,0.7790,agrosmart-v1,simulado,sim-2026-07
ae3ff75d-d07a-5d3c-8d26-fac5014c5315,BV-02_20260724_0023.jpg,2026-07-24 08:12:27,BV-02,smartphone,saudavel,saudavel,0.7003,agrosmart-v1,simulado,sim-2026-07
83395bbf-0611-5584-beb0-18579dd4cd28,BV-02_20260724_0024.jpg,2026-07-24 08:13:19,BV-02,smartphone,saudavel,saudavel,0.8589,agrosmart-v1,simulado,sim-2026-07
42fcfe2c-99f9-522e-9c2f-2514f9ebe301,BV-02_20260724_0025.jpg,2026-07-24 08:13:41,BV-02,smartphone,saudavel,saudavel,0.8273,agrosmart-v1,simulado,sim-2026-07
cbcda073-1be8-5cfb-9036-b05cce0f7b0c,BV-02_20260724_0026.jpg,2026-07-24 08:14:26,BV-02,smartphone,saudavel,saudavel,0.9196,agrosmart-v1,simulado,sim-2026-07
7d7f39be-7bbe-52a6-9351-fca8cf6804dd,BV-02_20260724_0027.jpg,2026-07-24 08:15:10,BV-02,smartphone,saudavel,saudavel,0.8780,agrosmart-v1,simulado,sim-2026-07
57e76eac-a25f-5c53-8226-4c50607a1055,BV-03_20260724_0001.jpg,2026-07-24 08:16:05,BV-03,smartphone,doente,requeima,0.9927,agrosmart-v1,simulado,sim-2026-07
8b161ad1-fbf4-5efd-b301-ff578f83f570,BV-02_20260724_0028.jpg,2026-07-24 08:16:10,BV-02,smartphone,doente,vaquinha,0.6625,agrosmart-v1,simulado,sim-2026-07
918fd345-b4ff-52ca-8574-bb915fa8ada7,BV-02_20260724_0029.jpg,2026-07-24 08:16:28,BV-02,smartphone,saudavel,saudavel,0.9286,agrosmart-v1,simulado,sim-2026-07
c32f0e28-ff03-53fc-992d-d016f0ddc8eb,BV-03_20260724_0002.jpg,2026-07-24 08:16:49,BV-03,smartphone,saudavel,saudavel,0.9674,agrosmart-v1,simulado,sim-2026-07
997bf3ec-19ed-5874-850f-7c031dae694f,BV-03_20260724_0003.jpg,2026-07-24 08:17:07,BV-03,smartphone,saudavel,saudavel,0.8788,agrosmart-v1,simulado,sim-2026-07
7fa7c01e-1da6-545a-97e4-de07c307bcb1,BV-02_20260724_0030.jpg,2026-07-24 08:17:23,BV-02,smartphone,saudavel,saudavel,0.9630,agrosmart-v1,simulado,sim-2026-07
14430575-8b15-5529-bf5c-0cc9123cca2b,BV-03_20260724_0004.jpg,2026-07-24 08:18:03,BV-03,smartphone,saudavel,saudavel,0.9999,agrosmart-v1,simulado,sim-2026-07
20e5ad41-ad46-5553-92a9-eb7533e056ce,BV-02_20260724_0031.jpg,2026-07-24 08:18:07,BV-02,smartphone,saudavel,saudavel,0.9931,agrosmart-v1,simulado,sim-2026-07
c54c7126-2404-5fc9-9d56-1ffa2a352b15,BV-03_20260724_0005.jpg,2026-07-24 08:18:26,BV-03,smartphone,saudavel,saudavel,0.9303,agrosmart-v1,simulado,sim-2026-07
0e9e0308-546a-514a-a55e-d51e76a33cbd,BV-02_20260724_0032.jpg,2026-07-24 08:18:34,BV-02,smartphone,saudavel,saudavel,0.9292,agrosmart-v1,simulado,sim-2026-07
1c43c746-1247-59b4-9b10-9b6465066cc9,BV-03_20260724_0006.jpg,2026-07-24 08:19:08,BV-03,smartphone,saudavel,saudavel,0.9919,agrosmart-v1,simulado,sim-2026-07
96c2e635-574b-59ef-8954-044d0283fb7c,BV-02_20260724_0033.jpg,2026-07-24 08:19:11,BV-02,smartphone,saudavel,saudavel,0.9859,agrosmart-v1,simulado,sim-2026-07
e5987ea1-293e-5410-84c5-512030ee9905,BV-03_20260724_0007.jpg,2026-07-24 08:19:41,BV-03,smartphone,saudavel,saudavel,0.8856,agrosmart-v1,simulado,sim-2026-07
a3fdca63-cebc-544b-84fc-1da0e731d599,BV-03_20260724_0008.jpg,2026-07-24 08:20:21,BV-03,smartphone,saudavel,saudavel,0.9025,agrosmart-v1,simulado,sim-2026-07
26e7ed84-1e2f-5874-b54d-01698ec754f7,BV-03_20260724_0009.jpg,2026-07-24 08:21:19,BV-03,smartphone,saudavel,saudavel,0.9861,agrosmart-v1,simulado,sim-2026-07
38bd31d0-4545-5787-a984-61bbd22c8e80,BV-03_20260724_0010.jpg,2026-07-24 08:21:48,BV-03,smartphone,saudavel,saudavel,1.0000,agrosmart-v1,simulado,sim-2026-07
62042a78-72b4-55f4-aa09-4497557e359e,BV-03_20260724_0011.jpg,2026-07-24 08:22:40,BV-03,smartphone,saudavel,saudavel,0.9336,agrosmart-v1,simulado,sim-2026-07
66a3b06c-8074-5d39-a3ed-6f7ac3dfcfce,SC-03_20260724_0001.jpg,2026-07-24 08:22:50,SC-03,smartphone,saudavel,saudavel,0.9628,agrosmart-v1,simulado,sim-2026-07
0e3321f6-07d4-55c8-afb3-90bf2116bb19,BV-03_20260724_0012.jpg,2026-07-24 08:23:27,BV-03,smartphone,saudavel,saudavel,0.8786,agrosmart-v1,simulado,sim-2026-07
25516f86-ab97-557e-84e9-e57eef6de9b6,SC-03_20260724_0002.jpg,2026-07-24 08:23:35,SC-03,smartphone,saudavel,saudavel,0.9977,agrosmart-v1,simulado,sim-2026-07
1fca11cb-cfbc-53ac-939a-f439596c6e3f,BV-03_20260724_0013.jpg,2026-07-24 08:23:55,BV-03,smartphone,saudavel,saudavel,0.9866,agrosmart-v1,simulado,sim-2026-07
271cae9a-55f0-5c08-8f78-07c76b776e89,SC-03_20260724_0003.jpg,2026-07-24 08:24:14,SC-03,smartphone,saudavel,saudavel,0.8649,agrosmart-v1,simulado,sim-2026-07
8a898030-0cfe-52aa-b537-434db79955d2,BV-03_20260724_0014.jpg,2026-07-24 08:24:37,BV-03,smartphone,saudavel,saudavel,0.9921,agrosmart-v1,simulado,sim-2026-07
f8275f81-980b-530e-a668-1d379b0409cb,SC-03_20260724_0004.jpg,2026-07-24 08:24:59,SC-03,smartphone,saudavel,saudavel,0.8876,agrosmart-v1,simulado,sim-2026-07
2e570d0a-f549-573c-82b6-5a576462cbbd,BV-03_20260724_0015.jpg,2026-07-24 08:25:08,BV-03,smartphone,saudavel,saudavel,0.9839,agrosmart-v1,simulado,sim-2026-07
cc54da04-a920-5842-9cd6-71014179ae6b,SC-03_20260724_0005.jpg,2026-07-24 08:25:21,SC-03,smartphone,saudavel,saudavel,0.9566,agrosmart-v1,simulado,sim-2026-07
4326e37a-0411-50c7-8d93-536d3058ad35,BV-03_20260724_0016.jpg,2026-07-24 08:25:54,BV-03,smartphone,saudavel,saudavel,0.8978,agrosmart-v1,simulado,sim-2026-07
382a2f0e-728d-5741-80c5-6685370a31f1,SC-03_20260724_0006.jpg,2026-07-24 08:26:12,SC-03,smartphone,saudavel,saudavel,0.9565,agrosmart-v1,simulado,sim-2026-07
ac49f555-4f04-50b7-90d5-08f86beaa084,BV-03_20260724_0017.jpg,2026-07-24 08:26:42,BV-03,smartphone,saudavel,saudavel,0.8243,agrosmart-v1,simulado,sim-2026-07
724fbc2f-bce7-5991-9809-e9e2dcf95976,BV-03_20260724_0018.jpg,2026-07-24 08:27:00,BV-03,smartphone,saudavel,saudavel,0.9553,agrosmart-v1,simulado,sim-2026-07
0a3dae7c-4b40-558c-84bd-84c0b4551334,SC-03_20260724_0007.jpg,2026-07-24 08:27:03,SC-03,smartphone,saudavel,saudavel,0.9995,agrosmart-v1,simulado,sim-2026-07
b9a81648-0e1b-56d9-988a-02cafb705912,SC-03_20260724_0008.jpg,2026-07-24 08:27:25,SC-03,smartphone,doente,vaquinha,0.8257,agrosmart-v1,simulado,sim-2026-07
32cfa57d-b8e5-5a52-b1d2-1cb5963c3154,BV-03_20260724_0019.jpg,2026-07-24 08:27:47,BV-03,smartphone,saudavel,saudavel,0.9175,agrosmart-v1,simulado,sim-2026-07
55cb7018-9f7a-5d33-94a7-0187e4b5a646,SC-03_20260724_0009.jpg,2026-07-24 08:28:04,SC-03,smartphone,saudavel,saudavel,0.9177,agrosmart-v1,simulado,sim-2026-07
bf60a2ef-7d2d-5c79-b28b-7f64c2b21943,BV-03_20260724_0020.jpg,2026-07-24 08:28:38,BV-03,smartphone,saudavel,saudavel,0.8957,agrosmart-v1,simulado,sim-2026-07
e2863f40-23b8-5f0f-9d90-fe9624cc096f,SC-03_20260724_0010.jpg,2026-07-24 08:29:09,SC-03,smartphone,doente,requeima,0.5779,agrosmart-v1,simulado,sim-2026-07
11423edd-5c87-5001-956d-04f16684e2a8,BV-03_20260724_0021.jpg,2026-07-24 08:29:21,BV-03,smartphone,saudavel,saudavel,1.0000,agrosmart-v1,simulado,sim-2026-07
4d9f208b-a8f4-51bf-aa88-1b8413139b41,BV-03_20260724_0022.jpg,2026-07-24 08:29:48,BV-03,smartphone,saudavel,saudavel,0.9238,agrosmart-v1,simulado,sim-2026-07
cd135111-fdfb-55c6-8eb6-edc952191d04,SC-03_20260724_0011.jpg,2026-07-24 08:29:48,SC-03,smartphone,saudavel,saudavel,0.8832,agrosmart-v1,simulado,sim-2026-07
794bb3c4-c028-5ac0-9158-5f5eb5985190,SC-03_20260724_0012.jpg,2026-07-24 08:30:10,SC-03,smartphone,saudavel,saudavel,0.8877,agrosmart-v1,simulado,sim-2026-07
84e2241b-9174-5f84-8bd2-89ad568ecce8,BV-03_20260724_0023.jpg,2026-07-24 08:30:21,BV-03,smartphone,saudavel,saudavel,0.8308,agrosmart-v1,simulado,sim-2026-07
7e29f6bb-77ba-53e7-abba-44a9a67902d7,SC-03_20260724_0013.jpg,2026-07-24 08:31:05,SC-03,smartphone,doente,vaquinha,0.9296,agrosmart-v1,simulado,sim-2026-07
4edca549-ff88-52f7-9f29-96961f92e9e2,BV-03_20260724_0024.jpg,2026-07-24 08:31:16,BV-03,smartphone,saudavel,saudavel,0.8953,agrosmart-v1,simulado,sim-2026-07
66fa8d37-49b1-58c0-8b34-1c177a169a93,SC-03_20260724_0014.jpg,2026-07-24 08:31:46,SC-03,smartphone,saudavel,saudavel,0.8399,agrosmart-v1,simulado,sim-2026-07
aa803191-3660-5349-b6b4-f097d835dd01,BV-03_20260724_0025.jpg,2026-07-24 08:31:48,BV-03,smartphone,saudavel,saudavel,0.8634,agrosmart-v1,simulado,sim-2026-07
194f1f44-7873-5671-a2a6-8fc0e268a9fe,SC-03_20260724_0015.jpg,2026-07-24 08:32:06,SC-03,smartphone,saudavel,saudavel,0.9869,agrosmart-v1,simulado,sim-2026-07
5dfba5be-f3ac-5104-a0cc-3f529789bc90,BV-03_20260724_0026.jpg,2026-07-24 08:32:47,BV-03,smartphone,saudavel,saudavel,0.9997,agrosmart-v1,simulado,sim-2026-07
a4076475-79f4-5d10-b3ad-13db2fc21454,SC-03_20260724_0016.jpg,2026-07-24 08:33:09,SC-03,smartphone,saudavel,saudavel,0.9026,agrosmart-v1,simulado,sim-2026-07
e1ee7008-cef6-5c92-80ad-5d1c0fc5848e,BV-03_20260724_0027.jpg,2026-07-24 08:33:23,BV-03,smartphone,saudavel,saudavel,0.9619,agrosmart-v1,simulado,sim-2026-07
39ab7f35-41bb-5a5c-9c3a-d5c26b665f81,SC-03_20260724_0017.jpg,2026-07-24 08:33:49,SC-03,smartphone,saudavel,saudavel,0.9755,agrosmart-v1,simulado,sim-2026-07
1a99e315-404e-5bf6-8ada-994bc83e6984,BV-03_20260724_0028.jpg,2026-07-24 08:33:53,BV-03,smartphone,saudavel,saudavel,0.9331,agrosmart-v1,simulado,sim-2026-07
10443966-c5b7-504e-83d3-1c42ace24e32,BV-03_20260724_0029.jpg,2026-07-24 08:34:23,BV-03,smartphone,saudavel,saudavel,0.9992,agrosmart-v1,simulado,sim-2026-07
5b7c5691-7f61-5fa7-8fab-0bba2984b3b6,SC-03_20260724_0018.jpg,2026-07-24 08:34:25,SC-03,smartphone,saudavel,saudavel,0.9454,agrosmart-v1,simulado,sim-2026-07
35ce585e-4dfd-547e-b857-e618c20c6552,SC-03_20260724_0019.jpg,2026-07-24 08:35:07,SC-03,smartphone,saudavel,saudavel,0.9034,agrosmart-v1,simulado,sim-2026-07
0d430f33-0a2f-5447-a778-907835973376,BV-03_20260724_0030.jpg,2026-07-24 08:35:23,BV-03,smartphone,saudavel,saudavel,0.8513,agrosmart-v1,simulado,sim-2026-07
0c4f44cf-391b-585c-9bc0-95365bc58fe4,SC-03_20260724_0020.jpg,2026-07-24 08:35:39,SC-03,smartphone,saudavel,saudavel,0.9114,agrosmart-v1,simulado,sim-2026-07
98c36209-9cb5-5295-be83-bda4b9934fc2,SC-03_20260724_0021.jpg,2026-07-24 08:36:18,SC-03,smartphone,saudavel,saudavel,0.9966,agrosmart-v1,simulado,sim-2026-07
9691405c-70f1-5a0e-979e-ab2b74999137,SC-03_20260724_0022.jpg,2026-07-24 08:36:58,SC-03,smartphone,saudavel,saudavel,0.8749,agrosmart-v1,simulado,sim-2026-07
efe59d75-f63b-5bf1-861c-b5f45aaf2b35,SC-03_20260724_0023.jpg,2026-07-24 08:37:39,SC-03,smartphone,saudavel,saudavel,0.8519,agrosmart-v1,simulado,sim-2026-07
7b27caa6-7694-55ab-a823-2c988d3b1d9e,SC-03_20260724_0024.jpg,2026-07-24 08:38:25,SC-03,smartphone,saudavel,saudavel,0.9405,agrosmart-v1,simulado,sim-2026-07
96714e3b-3167-56b1-9f1d-a1107d9a05b1,SC-03_20260724_0025.jpg,2026-07-24 08:38:46,SC-03,smartphone,saudavel,saudavel,0.9984,agrosmart-v1,simulado,sim-2026-07
3daf1fec-0807-54a9-abae-8e465fddaf84,SC-03_20260724_0026.jpg,2026-07-24 08:39:25,SC-03,smartphone,saudavel,saudavel,0.8371,agrosmart-v1,simulado,sim-2026-07
92882bea-a690-5f25-b9c0-5c5ae86a58c6,SC-03_20260724_0027.jpg,2026-07-24 08:40:17,SC-03,smartphone,saudavel,saudavel,0.9930,agrosmart-v1,simulado,sim-2026-07
82e45e0c-b57d-5fca-8c55-748fe30a2eab,SC-03_20260724_0028.jpg,2026-07-24 08:40:47,SC-03,smartphone,saudavel,saudavel,0.8695,agrosmart-v1,simulado,sim-2026-07
2bdf5aad-2ad0-54bd-8144-f00f22c93f03,TI-02_20260724_0001.jpg,2026-07-24 09:07:41,TI-02,drone,saudavel,saudavel,0.9981,agrosmart-v1,simulado,sim-2026-07
3fc36bd1-879b-532a-8901-7d1c37c641a3,TI-02_20260724_0002.jpg,2026-07-24 09:08:32,TI-02,drone,saudavel,saudavel,0.9315,agrosmart-v1,simulado,sim-2026-07
bba3af12-e574-5002-b0f2-02616d081d07,TI-02_20260724_0003.jpg,2026-07-24 09:09:02,TI-02,drone,saudavel,saudavel,0.9133,agrosmart-v1,simulado,sim-2026-07
9770b964-1d2d-51b6-a5c7-9e5d36190178,TI-02_20260724_0004.jpg,2026-07-24 09:09:41,TI-02,drone,saudavel,saudavel,0.9684,agrosmart-v1,simulado,sim-2026-07
24f79bec-1869-5573-9817-197753c5f0f7,TI-02_20260724_0005.jpg,2026-07-24 09:10:34,TI-02,drone,saudavel,saudavel,0.9893,agrosmart-v1,simulado,sim-2026-07
266ae50c-6e1f-5a1b-b00f-9cb4b09afebd,TI-02_20260724_0006.jpg,2026-07-24 09:11:23,TI-02,drone,saudavel,saudavel,0.9788,agrosmart-v1,simulado,sim-2026-07
3763c61f-0f50-51c3-9cbc-05d206b985bc,TI-02_20260724_0007.jpg,2026-07-24 09:12:00,TI-02,drone,saudavel,saudavel,0.9050,agrosmart-v1,simulado,sim-2026-07
145a77cd-87cc-5f4a-9da4-26e2e033b5e4,TI-02_20260724_0008.jpg,2026-07-24 09:12:23,TI-02,drone,saudavel,saudavel,0.9935,agrosmart-v1,simulado,sim-2026-07
2e8f2ada-a855-5954-ad69-b8542367dfde,TI-02_20260724_0009.jpg,2026-07-24 09:13:22,TI-02,drone,saudavel,saudavel,0.9798,agrosmart-v1,simulado,sim-2026-07
1a5848cc-19a4-5ee0-855c-9b9e6a880868,TI-02_20260724_0010.jpg,2026-07-24 09:13:49,TI-02,drone,saudavel,saudavel,0.8347,agrosmart-v1,simulado,sim-2026-07
bc9604fa-3d9d-570f-bfcf-75ffc923835b,TI-02_20260724_0011.jpg,2026-07-24 09:14:27,TI-02,drone,saudavel,saudavel,0.8916,agrosmart-v1,simulado,sim-2026-07
8dd15331-280d-5fcf-9c07-048e48f1fc39,TI-02_20260724_0012.jpg,2026-07-24 09:15:07,TI-02,drone,saudavel,saudavel,0.8307,agrosmart-v1,simulado,sim-2026-07
df9dea9b-70a0-5ea2-a38f-87b1c6892278,TI-02_20260724_0013.jpg,2026-07-24 09:15:46,TI-02,drone,saudavel,saudavel,0.8299,agrosmart-v1,simulado,sim-2026-07
543bbc7c-c351-5c58-ac7a-d00b01ba6e6e,TI-02_20260724_0014.jpg,2026-07-24 09:16:25,TI-02,drone,saudavel,saudavel,0.9662,agrosmart-v1,simulado,sim-2026-07
29215609-e6a6-5ee0-9b7a-958d03191193,TI-02_20260724_0015.jpg,2026-07-24 09:17:27,TI-02,drone,saudavel,saudavel,0.8299,agrosmart-v1,simulado,sim-2026-07
b50000e8-a0ae-531a-970c-45a570830980,TI-02_20260724_0016.jpg,2026-07-24 09:17:50,TI-02,drone,saudavel,saudavel,0.9111,agrosmart-v1,simulado,sim-2026-07
59c5d018-7764-5644-8b06-a3663e8e4fbb,TI-02_20260724_0017.jpg,2026-07-24 09:18:25,TI-02,drone,saudavel,saudavel,0.9622,agrosmart-v1,simulado,sim-2026-07
2f9f4308-ec11-5e76-be74-1ddd1e246df9,TI-02_20260724_0018.jpg,2026-07-24 09:19:27,TI-02,drone,saudavel,saudavel,0.9674,agrosmart-v1,simulado,sim-2026-07
4d9546eb-72ac-5355-80d2-2658dbf76257,TI-02_20260724_0019.jpg,2026-07-24 09:20:04,TI-02,drone,saudavel,saudavel,0.9996,agrosmart-v1,simulado,sim-2026-07
c7847409-3aa3-59b1-8eb8-82b87434a355,TI-02_20260724_0020.jpg,2026-07-24 09:20:48,TI-02,drone,saudavel,saudavel,0.9701,agrosmart-v1,simulado,sim-2026-07
3ab118c0-0f9b-572b-84ff-28c7cf181f30,TI-02_20260724_0021.jpg,2026-07-24 09:21:09,TI-02,drone,saudavel,saudavel,0.9037,agrosmart-v1,simulado,sim-2026-07
7337d2da-3d02-50e8-91eb-6ef22b1bcc81,TI-02_20260724_0022.jpg,2026-07-24 09:21:58,TI-02,drone,saudavel,saudavel,0.8613,agrosmart-v1,simulado,sim-2026-07
509364c4-5ea7-5fd7-9357-1ad93c52e955,TI-02_20260724_0023.jpg,2026-07-24 09:22:29,TI-02,drone,saudavel,saudavel,0.9019,agrosmart-v1,simulado,sim-2026-07
d43afd86-2ea4-5abb-9884-7406537d2951,TI-02_20260724_0024.jpg,2026-07-24 09:23:13,TI-02,drone,saudavel,saudavel,0.8410,agrosmart-v1,simulado,sim-2026-07
8f2f2d59-4c3b-531d-86a2-7a3020319d26,TI-02_20260724_0025.jpg,2026-07-24 09:23:47,TI-02,drone,saudavel,saudavel,0.9897,agrosmart-v1,simulado,sim-2026-07
cc5e4b46-3e8a-5377-b04f-857f12a27473,TI-02_20260724_0026.jpg,2026-07-24 09:24:48,TI-02,drone,saudavel,saudavel,0.8831,agrosmart-v1,simulado,sim-2026-07
5eec770e-a4f8-51ed-bb9e-72801a00a5ca,TI-02_20260724_0027.jpg,2026-07-24 09:25:00,TI-02,drone,saudavel,saudavel,0.9221,agrosmart-v1,simulado,sim-2026-07
2a012198-b01b-5de8-9b1a-2a346c096ecb,TI-02_20260724_0028.jpg,2026-07-24 09:25:48,TI-02,drone,saudavel,saudavel,0.8750,agrosmart-v1,simulado,sim-2026-07
543454e1-69e8-5472-bdbc-dacf6bc7fff8,TI-02_20260724_0029.jpg,2026-07-24 09:26:49,TI-02,drone,saudavel,saudavel,0.9997,agrosmart-v1,simulado,sim-2026-07
0ebd0efd-f532-5568-b70d-82360b733d2f,TI-02_20260724_0030.jpg,2026-07-24 09:27:30,TI-02,drone,saudavel,saudavel,0.9449,agrosmart-v1,simulado,sim-2026-07
476c1370-c9b4-5eb2-8c7c-2cd189074456,TI-02_20260724_0031.jpg,2026-07-24 09:28:10,TI-02,drone,saudavel,saudavel,0.9008,agrosmart-v1,simulado,sim-2026-07
c5292ecb-8fcc-5284-ba20-719d17b58e15,TI-02_20260724_0032.jpg,2026-07-24 09:28:49,TI-02,drone,saudavel,saudavel,0.9786,agrosmart-v1,simulado,sim-2026-07
f0465655-3bec-55ab-b6ee-3c2f733dfd97,TI-02_20260724_0033.jpg,2026-07-24 09:29:04,TI-02,drone,saudavel,saudavel,1.0000,agrosmart-v1,simulado,sim-2026-07
bdce6547-4fb2-5eed-be44-842c0d66a591,TI-02_20260724_0034.jpg,2026-07-24 09:30:09,TI-02,drone,saudavel,saudavel,0.9217,agrosmart-v1,simulado,sim-2026-07
b46f34d9-280b-53c7-8e95-29d847e8feb8,TI-02_20260724_0035.jpg,2026-07-24 09:30:32,TI-02,drone,saudavel,saudavel,0.8432,agrosmart-v1,simulado,sim-2026-07
f5c9ff74-c066-5c54-9381-33391cf85ea4,TI-02_20260724_0036.jpg,2026-07-24 09:31:16,TI-02,drone,saudavel,saudavel,0.9167,agrosmart-v1,simulado,sim-2026-07
63505ade-4755-58c3-87bb-65040ef52cca,TI-02_20260724_0037.jpg,2026-07-24 09:31:56,TI-02,drone,saudavel,saudavel,0.9486,agrosmart-v1,simulado,sim-2026-07
338af166-51a6-530a-8a57-91292c3ce537,TI-02_20260724_0038.jpg,2026-07-24 09:32:22,TI-02,drone,saudavel,saudavel,0.8975,agrosmart-v1,simulado,sim-2026-07
2fe30408-09c3-55c5-a9eb-1de62b664470,TI-02_20260724_0039.jpg,2026-07-24 09:33:07,TI-02,drone,doente,pinta_preta,0.8985,agrosmart-v1,simulado,sim-2026-07
f55bb041-963a-54ca-876e-ed378d28c4a5,TI-02_20260724_0040.jpg,2026-07-24 09:33:57,TI-02,drone,saudavel,saudavel,0.9167,agrosmart-v1,simulado,sim-2026-07
3e9f6727-bf02-5670-a076-d7d337ad7615,SC-02_20260724_0001.jpg,2026-07-24 09:35:51,SC-02,smartphone,saudavel,saudavel,0.9881,agrosmart-v1,simulado,sim-2026-07
b9dc1fd1-99c7-59a7-9f43-22b94a5df524,SC-02_20260724_0002.jpg,2026-07-24 09:36:30,SC-02,smartphone,saudavel,saudavel,0.9588,agrosmart-v1,simulado,sim-2026-07
99433ca6-903c-5cdf-a1cc-31119c437264,SC-02_20260724_0003.jpg,2026-07-24 09:37:02,SC-02,smartphone,saudavel,saudavel,0.9748,agrosmart-v1,simulado,sim-2026-07
c9f226d1-4ce9-5969-bed6-877bb744f82c,SC-02_20260724_0004.jpg,2026-07-24 09:37:45,SC-02,smartphone,saudavel,saudavel,0.8660,agrosmart-v1,simulado,sim-2026-07
d438ad09-22e5-5c75-8e0f-65506658449e,SC-02_20260724_0005.jpg,2026-07-24 09:38:46,SC-02,smartphone,saudavel,saudavel,0.8795,agrosmart-v1,simulado,sim-2026-07
b6c79d36-41b2-521c-b7f5-741633e28ad2,SC-02_20260724_0006.jpg,2026-07-24 09:39:28,SC-02,smartphone,saudavel,saudavel,0.9663,agrosmart-v1,simulado,sim-2026-07
4950cbc2-cb76-5983-9be5-676bbbfa5781,SC-02_20260724_0007.jpg,2026-07-24 09:39:57,SC-02,smartphone,saudavel,saudavel,0.8210,agrosmart-v1,simulado,sim-2026-07
575e36cb-0dd4-5432-91c8-6926d352f285,SC-02_20260724_0008.jpg,2026-07-24 09:40:36,SC-02,smartphone,saudavel,saudavel,0.8808,agrosmart-v1,simulado,sim-2026-07
2940a00e-d618-587f-bd47-cb8a7c46a15a,SC-02_20260724_0009.jpg,2026-07-24 09:41:16,SC-02,smartphone,saudavel,saudavel,0.8699,agrosmart-v1,simulado,sim-2026-07
92b1bc88-8a34-5dc0-b035-8c3abfbd57cd,SC-02_20260724_0010.jpg,2026-07-24 09:42:06,SC-02,smartphone,saudavel,saudavel,0.9940,agrosmart-v1,simulado,sim-2026-07
36633fb5-a1d7-5448-9630-6e7ba40d4ace,SC-02_20260724_0011.jpg,2026-07-24 09:42:36,SC-02,smartphone,saudavel,saudavel,0.9252,agrosmart-v1,simulado,sim-2026-07
63fea14d-205d-512b-ad87-3d67b3c9331c,SC-02_20260724_0012.jpg,2026-07-24 09:43:30,SC-02,smartphone,doente,vaquinha,0.6790,agrosmart-v1,simulado,sim-2026-07
fac37c79-f4aa-58c1-893b-5729241ca0a8,SC-02_20260724_0013.jpg,2026-07-24 09:43:47,SC-02,smartphone,saudavel,saudavel,0.9996,agrosmart-v1,simulado,sim-2026-07
e289cac1-64ca-5656-baa8-31891c561487,SC-02_20260724_0014.jpg,2026-07-24 09:44:35,SC-02,smartphone,saudavel,saudavel,1.0000,agrosmart-v1,simulado,sim-2026-07
1722e6fc-e7ee-5525-a4bb-d5f464f8c7db,SC-02_20260724_0015.jpg,2026-07-24 09:45:13,SC-02,smartphone,saudavel,saudavel,1.0000,agrosmart-v1,simulado,sim-2026-07
cb227789-6d95-5586-b4c5-06f8b0798427,SC-02_20260724_0016.jpg,2026-07-24 09:45:40,SC-02,smartphone,saudavel,saudavel,0.9435,agrosmart-v1,simulado,sim-2026-07
82292bc0-be5e-5827-a149-f1043dce7f23,SC-02_20260724_0017.jpg,2026-07-24 09:46:27,SC-02,smartphone,saudavel,saudavel,0.9986,agrosmart-v1,simulado,sim-2026-07
d07e4f15-651b-5a39-bf78-d387cf2e0ca9,SC-02_20260724_0018.jpg,2026-07-24 09:47:03,SC-02,smartphone,saudavel,saudavel,0.9599,agrosmart-v1,simulado,sim-2026-07
3ab11e4a-fd6b-5f74-8558-19c9983b943a,SC-02_20260724_0019.jpg,2026-07-24 09:47:45,SC-02,smartphone,saudavel,saudavel,0.9418,agrosmart-v1,simulado,sim-2026-07
8e686743-4a34-5d35-a7c3-f82084dc9dd2,SC-02_20260724_0020.jpg,2026-07-24 09:48:40,SC-02,smartphone,saudavel,saudavel,0.9701,agrosmart-v1,simulado,sim-2026-07
afbefddb-d1e7-5d13-8061-419508780dc9,SC-02_20260724_0021.jpg,2026-07-24 09:49:16,SC-02,smartphone,saudavel,saudavel,0.8625,agrosmart-v1,simulado,sim-2026-07
fa636922-8b71-5506-afc0-48fafc481643,SC-01_20260724_0001.jpg,2026-07-24 09:49:40,SC-01,smartphone,saudavel,saudavel,0.9283,agrosmart-v1,simulado,sim-2026-07
8790efde-2c75-5c16-ac00-e58d4594284a,SC-02_20260724_0022.jpg,2026-07-24 09:49:45,SC-02,smartphone,saudavel,saudavel,0.9688,agrosmart-v1,simulado,sim-2026-07
0e17b6a4-a2fb-5b9a-9bf9-e24a230929fc,SC-02_20260724_0023.jpg,2026-07-24 09:50:39,SC-02,smartphone,saudavel,saudavel,0.9044,agrosmart-v1,simulado,sim-2026-07
518e0f64-a51f-53f0-84da-ec54819ba30e,SC-01_20260724_0002.jpg,2026-07-24 09:50:42,SC-01,smartphone,saudavel,saudavel,0.9939,agrosmart-v1,simulado,sim-2026-07
2fa8be98-66a7-592b-bd84-fe702ae6b5db,SC-01_20260724_0003.jpg,2026-07-24 09:51:05,SC-01,smartphone,saudavel,saudavel,0.9184,agrosmart-v1,simulado,sim-2026-07
d17f6b1a-2407-5fe8-baeb-dd9c38f48bc6,SC-02_20260724_0024.jpg,2026-07-24 09:51:12,SC-02,smartphone,saudavel,saudavel,0.8631,agrosmart-v1,simulado,sim-2026-07
4fe98f34-27a4-516c-9000-08fce8076988,SC-02_20260724_0025.jpg,2026-07-24 09:51:44,SC-02,smartphone,saudavel,saudavel,0.9998,agrosmart-v1,simulado,sim-2026-07
559c92c3-88eb-5dd0-90c2-8129b1677a08,TI-03_20260724_0001.jpg,2026-07-24 09:52:04,TI-03,drone,saudavel,saudavel,0.8231,agrosmart-v1,simulado,sim-2026-07
f54b216f-b47a-5dce-b82f-e3e59c1b0a1f,SC-01_20260724_0004.jpg,2026-07-24 09:52:08,SC-01,smartphone,saudavel,saudavel,0.9137,agrosmart-v1,simulado,sim-2026-07
3966e739-0467-5153-8952-727d3217f487,SC-01_20260724_0005.jpg,2026-07-24 09:52:33,SC-01,smartphone,saudavel,saudavel,0.9218,agrosmart-v1,simulado,sim-2026-07
6bf36544-562d-582a-8315-5e310001217b,TI-03_20260724_0002.jpg,2026-07-24 09:52:39,TI-03,drone,saudavel,saudavel,0.8653,agrosmart-v1,simulado,sim-2026-07
ffeb50c6-975c-5ae6-a8bf-1414cae80515,SC-02_20260724_0026.jpg,2026-07-24 09:52:45,SC-02,smartphone,saudavel,saudavel,0.9987,agrosmart-v1,simulado,sim-2026-07
15ee8bdb-0144-5257-8e91-3e54894f8fa6,TI-03_20260724_0003.jpg,2026-07-24 09:53:03,TI-03,drone,saudavel,saudavel,0.8354,agrosmart-v1,simulado,sim-2026-07
fdaea8cd-9f46-5a05-b010-e70ded4d7c73,SC-01_20260724_0006.jpg,2026-07-24 09:53:26,SC-01,smartphone,saudavel,saudavel,0.8689,agrosmart-v1,simulado,sim-2026-07
81bc3a92-818c-5861-8c26-cf8cfa5e7171,SC-02_20260724_0027.jpg,2026-07-24 09:53:26,SC-02,smartphone,saudavel,saudavel,0.9546,agrosmart-v1,simulado,sim-2026-07
5f51817d-47ed-50a3-83fa-eb0d56dca1de,SC-01_20260724_0007.jpg,2026-07-24 09:53:51,SC-01,smartphone,saudavel,saudavel,0.9972,agrosmart-v1,simulado,sim-2026-07
a80ed1e0-cc51-511f-a490-248c9ec82aaf,SC-02_20260724_0028.jpg,2026-07-24 09:54:01,SC-02,smartphone,saudavel,saudavel,0.9990,agrosmart-v1,simulado,sim-2026-07
615bffe7-6c18-5346-9a80-09646836c82d,TI-03_20260724_0004.jpg,2026-07-24 09:54:05,TI-03,drone,saudavel,saudavel,0.9923,agrosmart-v1,simulado,sim-2026-07
9517a300-c18b-5037-9f01-8ba991b391d6,SC-02_20260724_0029.jpg,2026-07-24 09:54:38,SC-02,smartphone,saudavel,saudavel,0.8793,agrosmart-v1,simulado,sim-2026-07
92556354-8724-5b69-acdd-5e57b32160f8,SC-01_20260724_0008.jpg,2026-07-24 09:54:43,SC-01,smartphone,saudavel,saudavel,0.9942,agrosmart-v1,simulado,sim-2026-07
4599f667-38b7-52c1-b738-2ada1e4432ca,TI-03_20260724_0005.jpg,2026-07-24 09:54:48,TI-03,drone,saudavel,saudavel,0.8838,agrosmart-v1,simulado,sim-2026-07
62209fd3-2753-5e99-b237-a208728f1696,TI-03_20260724_0006.jpg,2026-07-24 09:55:03,TI-03,drone,saudavel,saudavel,0.9013,agrosmart-v1,simulado,sim-2026-07
d7e5505c-80de-576c-bab4-aeb922cc089f,SC-02_20260724_0030.jpg,2026-07-24 09:55:17,SC-02,smartphone,saudavel,saudavel,0.9993,agrosmart-v1,simulado,sim-2026-07
26921241-33b6-5f1f-8617-cfdeade1d433,SC-01_20260724_0009.jpg,2026-07-24 09:55:29,SC-01,smartphone,saudavel,saudavel,0.8963,agrosmart-v1,simulado,sim-2026-07
f25b5f4d-9922-5ed2-8c06-d8b0f532e94d,SC-02_20260724_0031.jpg,2026-07-24 09:55:46,SC-02,smartphone,doente,vaquinha,0.9059,agrosmart-v1,simulado,sim-2026-07
54af318b-0bc2-5e9c-89dd-0f6991982635,SC-01_20260724_0010.jpg,2026-07-24 09:55:47,SC-01,smartphone,saudavel,saudavel,0.9614,agrosmart-v1,simulado,sim-2026-07
9e26e186-d95a-5e79-9da5-43866c6e2124,TI-03_20260724_0007.jpg,2026-07-24 09:55:47,TI-03,drone,saudavel,saudavel,0.8805,agrosmart-v1,simulado,sim-2026-07
50eec6e0-6c39-5077-886b-5e3db51f4528,SC-02_20260724_0032.jpg,2026-07-24 09:56:28,SC-02,smartphone,saudavel,saudavel,0.9805,agrosmart-v1,simulado,sim-2026-07
0fb302f0-bd7a-5ed1-97c2-22c21588b676,SC-01_20260724_0011.jpg,2026-07-24 09:56:41,SC-01,smartphone,saudavel,saudavel,0.9645,agrosmart-v1,simulado,sim-2026-07
19b8aca8-74ee-5b3e-afdd-56f0e704f47b,TI-03_20260724_0008.jpg,2026-07-24 09:56:44,TI-03,drone,saudavel,saudavel,0.8603,agrosmart-v1,simulado,sim-2026-07
a7a0516d-e625-5148-b8e7-9efc594a78bd,SC-02_20260724_0033.jpg,2026-07-24 09:57:15,SC-02,smartphone,saudavel,saudavel,0.9879,agrosmart-v1,simulado,sim-2026-07
1d6d9f64-2d92-5d8e-bfd3-299eb4baa7ff,TI-03_20260724_0009.jpg,2026-07-24 09:57:17,TI-03,drone,saudavel,saudavel,0.8741,agrosmart-v1,simulado,sim-2026-07
29312ced-9e11-5db5-a7da-fa8ecc8a46a0,SC-01_20260724_0012.jpg,2026-07-24 09:57:23,SC-01,smartphone,saudavel,saudavel,0.9970,agrosmart-v1,simulado,sim-2026-07
fd0f5360-2a11-5d4d-8b2c-208f49c27060,SC-02_20260724_0034.jpg,2026-07-24 09:57:47,SC-02,smartphone,saudavel,saudavel,0.9144,agrosmart-v1,simulado,sim-2026-07
47b49611-286e-500b-9fff-770989253cc9,SC-01_20260724_0013.jpg,2026-07-24 09:58:04,SC-01,smartphone,saudavel,saudavel,0.8687,agrosmart-v1,simulado,sim-2026-07
18a0407f-c701-5f44-be28-ce817b68370c,TI-03_20260724_0010.jpg,2026-07-24 09:58:06,TI-03,drone,doente,mosca_minadora,0.8784,agrosmart-v1,simulado,sim-2026-07
ced1b328-3565-5ac1-9d6e-e45b785ec285,SC-01_20260724_0014.jpg,2026-07-24 09:58:26,SC-01,smartphone,saudavel,saudavel,1.0000,agrosmart-v1,simulado,sim-2026-07
36d75d8c-e940-5ffa-a055-506718ba59ce,SC-02_20260724_0035.jpg,2026-07-24 09:58:35,SC-02,smartphone,saudavel,saudavel,0.8556,agrosmart-v1,simulado,sim-2026-07
c0efbf72-3724-5d69-b71e-437b37f80e93,TI-03_20260724_0011.jpg,2026-07-24 09:58:46,TI-03,drone,saudavel,saudavel,0.9776,agrosmart-v1,simulado,sim-2026-07
e3d9d4c5-b37c-5e39-87eb-5ce378b0fa2e,TI-03_20260724_0012.jpg,2026-07-24 09:59:05,TI-03,drone,saudavel,saudavel,0.8455,agrosmart-v1,simulado,sim-2026-07
e8376f56-9f17-522a-891a-86ed9db12ad7,SC-02_20260724_0036.jpg,2026-07-24 09:59:10,SC-02,smartphone,saudavel,saudavel,0.9898,agrosmart-v1,simulado,sim-2026-07
3f382297-9f30-504d-b243-d621809a6844,SC-01_20260724_0015.jpg,2026-07-24 09:59:18,SC-01,smartphone,saudavel,saudavel,0.9985,agrosmart-v1,simulado,sim-2026-07
2983fc97-6704-59db-88a6-7d6a1bf11d09,TI-03_20260724_0013.jpg,2026-07-24 09:59:42,TI-03,drone,saudavel,saudavel,0.9970,agrosmart-v1,simulado,sim-2026-07
7814a034-eed6-5bf8-a405-b0c649973a1b,SC-02_20260724_0037.jpg,2026-07-24 10:00:04,SC-02,smartphone,saudavel,saudavel,0.9311,agrosmart-v1,simulado,sim-2026-07
c54bb419-d7de-5152-b38f-fc510f4fcf6c,SC-01_20260724_0016.jpg,2026-07-24 10:00:09,SC-01,smartphone,doente,requeima,0.9287,agrosmart-v1,simulado,sim-2026-07
af429632-cb23-57d9-809d-e0394c44c8d0,TI-03_20260724_0014.jpg,2026-07-24 10:00:20,TI-03,drone,saudavel,saudavel,0.9297,agrosmart-v1,simulado,sim-2026-07
5fb1f5a1-0f33-5602-9378-ab9dce7ce813,SC-01_20260724_0017.jpg,2026-07-24 10:00:25,SC-01,smartphone,saudavel,saudavel,0.9998,agrosmart-v1,simulado,sim-2026-07
fd733830-21f5-50fb-beb4-221c5d287510,SC-02_20260724_0038.jpg,2026-07-24 10:00:44,SC-02,smartphone,saudavel,saudavel,0.9422,agrosmart-v1,simulado,sim-2026-07
9622de3e-f5fb-5060-b495-372a9e51dfc0,TI-04_20260724_0001.jpg,2026-07-24 10:00:49,TI-04,drone,saudavel,saudavel,0.9660,agrosmart-v1,simulado,sim-2026-07
31927dd3-2e22-560e-9ad8-d5d816ec2a5a,SC-01_20260724_0018.jpg,2026-07-24 10:01:02,SC-01,smartphone,saudavel,saudavel,0.8231,agrosmart-v1,simulado,sim-2026-07
0fbb7ad9-4f74-5e01-a62e-6242bc3ccc7c,TI-03_20260724_0015.jpg,2026-07-24 10:01:12,TI-03,drone,saudavel,saudavel,0.9998,agrosmart-v1,simulado,sim-2026-07
64ce4196-b920-5f28-a6e6-45fb57701227,TI-04_20260724_0002.jpg,2026-07-24 10:01:38,TI-04,drone,saudavel,saudavel,0.9544,agrosmart-v1,simulado,sim-2026-07
8d53ab9e-a18f-5ecf-8392-80ba795ce14f,SC-01_20260724_0019.jpg,2026-07-24 10:01:55,SC-01,smartphone,saudavel,saudavel,0.8213,agrosmart-v1,simulado,sim-2026-07
65b17bfc-a473-593e-86c4-694b342ca9e1,TI-03_20260724_0016.jpg,2026-07-24 10:02:06,TI-03,drone,saudavel,saudavel,0.9187,agrosmart-v1,simulado,sim-2026-07
688dd143-d2ad-52fb-9c65-beb6146bff00,TI-04_20260724_0003.jpg,2026-07-24 10:02:23,TI-04,drone,saudavel,saudavel,0.9310,agrosmart-v1,simulado,sim-2026-07
80619a9f-a29e-58c2-8622-90862b53a7eb,SC-01_20260724_0020.jpg,2026-07-24 10:02:42,SC-01,smartphone,saudavel,saudavel,0.9343,agrosmart-v1,simulado,sim-2026-07
36aced35-7021-5942-9cbc-a8c797b25207,TI-03_20260724_0017.jpg,2026-07-24 10:02:49,TI-03,drone,saudavel,saudavel,0.8546,agrosmart-v1,simulado,sim-2026-07
2a81a8d6-4997-5f0f-ae7b-5e0f1a77828e,TI-04_20260724_0004.jpg,2026-07-24 10:02:50,TI-04,drone,doente,mosca_minadora,0.8451,agrosmart-v1,simulado,sim-2026-07
77d71ddf-cfd3-538d-b9f6-d4fbbe213689,SC-01_20260724_0021.jpg,2026-07-24 10:03:21,SC-01,smartphone,saudavel,saudavel,0.9959,agrosmart-v1,simulado,sim-2026-07
72732d98-e551-5c3c-bd9d-77c32bb4501f,TI-04_20260724_0005.jpg,2026-07-24 10:03:24,TI-04,drone,saudavel,saudavel,0.8853,agrosmart-v1,simulado,sim-2026-07
54577a96-86bc-5f19-8b77-943fccc5a8d3,TI-03_20260724_0018.jpg,2026-07-24 10:03:25,TI-03,drone,saudavel,saudavel,0.9554,agrosmart-v1,simulado,sim-2026-07
f3a46879-fc27-55f2-b9fa-7c44b70a33c6,TI-03_20260724_0019.jpg,2026-07-24 10:03:49,TI-03,drone,saudavel,saudavel,0.8779,agrosmart-v1,simulado,sim-2026-07
fe76af45-9c74-5dca-93d5-eeb6a7e10a81,TI-04_20260724_0006.jpg,2026-07-24 10:04:06,TI-04,drone,saudavel,saudavel,0.9760,agrosmart-v1,simulado,sim-2026-07
54eea113-d949-570c-a3cb-7350d33ca9e3,SC-01_20260724_0022.jpg,2026-07-24 10:04:09,SC-01,smartphone,saudavel,saudavel,0.9620,agrosmart-v1,simulado,sim-2026-07
5fb19f44-d070-50d0-8640-516ca6c7b3ec,SC-01_20260724_0023.jpg,2026-07-24 10:04:25,SC-01,smartphone,saudavel,saudavel,0.9905,agrosmart-v1,simulado,sim-2026-07
be45b69e-e81e-50da-bf32-2f694d4c25d6,TI-03_20260724_0020.jpg,2026-07-24 10:04:39,TI-03,drone,doente,mosca_minadora,0.9919,agrosmart-v1,simulado,sim-2026-07
13e86290-c670-565b-9519-5dee708999fc,TI-04_20260724_0007.jpg,2026-07-24 10:05:05,TI-04,drone,saudavel,saudavel,0.8360,agrosmart-v1,simulado,sim-2026-07
18d62a8a-d676-558c-b0cd-17f3122a8e72,SC-01_20260724_0024.jpg,2026-07-24 10:05:16,SC-01,smartphone,saudavel,saudavel,0.9892,agrosmart-v1,simulado,sim-2026-07
6f3c9256-766b-523f-9348-93e63c5959e6,TI-03_20260724_0021.jpg,2026-07-24 10:05:20,TI-03,drone,doente,mosca_minadora,0.9992,agrosmart-v1,simulado,sim-2026-07
31ddd9f6-bd4a-59b7-bf42-2b315075e8cd,TI-04_20260724_0008.jpg,2026-07-24 10:05:20,TI-04,drone,saudavel,saudavel,0.8598,agrosmart-v1,simulado,sim-2026-07
19fd4e7d-7589-50a8-b9b0-98e1744f229f,SC-01_20260724_0025.jpg,2026-07-24 10:05:41,SC-01,smartphone,saudavel,saudavel,0.9782,agrosmart-v1,simulado,sim-2026-07
20442b14-42e9-5d4f-8363-1196a5d03f03,TI-03_20260724_0022.jpg,2026-07-24 10:05:43,TI-03,drone,saudavel,saudavel,0.8827,agrosmart-v1,simulado,sim-2026-07
153762df-af46-5205-b688-d09b4144ddba,TI-03_20260724_0023.jpg,2026-07-24 10:06:20,TI-03,drone,saudavel,saudavel,0.9621,agrosmart-v1,simulado,sim-2026-07
c501a304-e9da-526d-8b26-038d4fedf480,TI-04_20260724_0009.jpg,2026-07-24 10:06:21,TI-04,drone,doente,mosca_minadora,0.9883,agrosmart-v1,simulado,sim-2026-07
cc0fa1d9-c80b-5a1d-a273-08b38295b954,TI-04_20260724_0010.jpg,2026-07-24 10:06:43,TI-04,drone,saudavel,saudavel,0.8885,agrosmart-v1,simulado,sim-2026-07
bad097b3-1557-5378-80a1-22dc708b5788,SC-01_20260724_0026.jpg,2026-07-24 10:06:49,SC-01,smartphone,saudavel,saudavel,0.8486,agrosmart-v1,simulado,sim-2026-07
eecf2820-1395-5142-9871-b671ea248b23,TI-03_20260724_0024.jpg,2026-07-24 10:07:00,TI-03,drone,saudavel,saudavel,0.9836,agrosmart-v1,simulado,sim-2026-07
102a093a-2957-5777-9fa6-51415a978d17,SC-01_20260724_0027.jpg,2026-07-24 10:07:04,SC-01,smartphone,saudavel,saudavel,0.9809,agrosmart-v1,simulado,sim-2026-07
b6197e8a-a876-5be5-ad85-090ec71f05d4,TI-03_20260724_0025.jpg,2026-07-24 10:07:43,TI-03,drone,saudavel,saudavel,0.8605,agrosmart-v1,simulado,sim-2026-07
b65fbe68-7276-5a45-909b-485a76cf56d5,TI-04_20260724_0011.jpg,2026-07-24 10:07:44,TI-04,drone,saudavel,saudavel,0.8429,agrosmart-v1,simulado,sim-2026-07
817a02ce-b9e1-5d3f-8377-0651c7e922a5,TI-04_20260724_0012.jpg,2026-07-24 10:08:00,TI-04,drone,saudavel,saudavel,0.9990,agrosmart-v1,simulado,sim-2026-07
8baeb758-92bb-5400-8a41-57ad45a99aa3,SC-01_20260724_0028.jpg,2026-07-24 10:08:03,SC-01,smartphone,saudavel,saudavel,0.9568,agrosmart-v1,simulado,sim-2026-07
010b4aad-62f0-50da-869f-fd9b17a0f432,SC-01_20260724_0029.jpg,2026-07-24 10:08:20,SC-01,smartphone,saudavel,saudavel,0.9435,agrosmart-v1,simulado,sim-2026-07
84034d1a-3d31-5dc3-a445-47644c45bc4b,TI-03_20260724_0026.jpg,2026-07-24 10:08:23,TI-03,drone,saudavel,saudavel,0.9083,agrosmart-v1,simulado,sim-2026-07
695d06c6-b8d1-5f2e-b254-840696e6655e,SC-01_20260724_0030.jpg,2026-07-24 10:09:01,SC-01,smartphone,saudavel,saudavel,0.9944,agrosmart-v1,simulado,sim-2026-07
c0e7b253-4110-546c-b0a5-9a30b6a10870,TI-03_20260724_0027.jpg,2026-07-24 10:09:08,TI-03,drone,doente,pinta_preta,0.8927,agrosmart-v1,simulado,sim-2026-07
82feecbe-fca2-5793-92fe-738c3b3b1398,TI-04_20260724_0013.jpg,2026-07-24 10:09:09,TI-04,drone,doente,pinta_preta,0.9759,agrosmart-v1,simulado,sim-2026-07
c0756dba-8136-5442-aae5-2f59335a679d,TI-04_20260724_0014.jpg,2026-07-24 10:09:22,TI-04,drone,saudavel,saudavel,0.8872,agrosmart-v1,simulado,sim-2026-07
2e99e362-2828-5689-91df-c4a07f6b78b5,TI-03_20260724_0028.jpg,2026-07-24 10:09:55,TI-03,drone,saudavel,saudavel,0.8889,agrosmart-v1,simulado,sim-2026-07
dcc3c0a0-c3af-5ed3-8aa8-9de4c0852808,SC-01_20260724_0031.jpg,2026-07-24 10:10:00,SC-01,smartphone,saudavel,saudavel,0.8814,agrosmart-v1,simulado,sim-2026-07
9039d95f-c01e-5f32-b1d6-2c85290ffa19,TI-04_20260724_0015.jpg,2026-07-24 10:10:10,TI-04,drone,saudavel,saudavel,1.0000,agrosmart-v1,simulado,sim-2026-07
473e4117-2c68-563b-acf2-b6215acc2284,TI-03_20260724_0029.jpg,2026-07-24 10:10:21,TI-03,drone,saudavel,saudavel,0.9596,agrosmart-v1,simulado,sim-2026-07
0b365c9b-10dc-558f-8e85-f9eefa8db5a4,SC-01_20260724_0032.jpg,2026-07-24 10:10:28,SC-01,smartphone,saudavel,saudavel,0.9690,agrosmart-v1,simulado,sim-2026-07
a470cdba-1387-50fe-bdd1-c46cbd624be7,TI-04_20260724_0016.jpg,2026-07-24 10:11:03,TI-04,drone,saudavel,saudavel,0.9056,agrosmart-v1,simulado,sim-2026-07
ce9d5ce4-b0ba-5762-bfe5-c831a8a951d8,TI-03_20260724_0030.jpg,2026-07-24 10:11:25,TI-03,drone,saudavel,saudavel,0.9918,agrosmart-v1,simulado,sim-2026-07
ac59e845-5b00-53dc-9ff7-ef4a9fccd002,TI-04_20260724_0017.jpg,2026-07-24 10:11:28,TI-04,drone,saudavel,saudavel,0.8784,agrosmart-v1,simulado,sim-2026-07
9b5a3341-5eec-5ccb-9579-6dc1e00b60a7,TI-03_20260724_0031.jpg,2026-07-24 10:11:51,TI-03,drone,saudavel,saudavel,0.9682,agrosmart-v1,simulado,sim-2026-07
4a28836a-5b41-5673-8b29-61eae2509e13,TI-03_20260724_0032.jpg,2026-07-24 10:12:22,TI-03,drone,saudavel,saudavel,0.9983,agrosmart-v1,simulado,sim-2026-07
b17e0f9c-a797-55c6-ab87-ba9bcc61b862,TI-04_20260724_0018.jpg,2026-07-24 10:12:25,TI-04,drone,saudavel,saudavel,0.6758,agrosmart-v1,simulado,sim-2026-07
904f851b-fcd3-5d4e-ac12-caf5cba5487f,TI-04_20260724_0019.jpg,2026-07-24 10:12:45,TI-04,drone,saudavel,saudavel,0.9366,agrosmart-v1,simulado,sim-2026-07
bfb62c0e-7593-5a9b-b533-3998ddc96791,TI-03_20260724_0033.jpg,2026-07-24 10:13:12,TI-03,drone,saudavel,saudavel,0.9890,agrosmart-v1,simulado,sim-2026-07
56a86c9e-1a00-533e-8cec-c6a2c688dd68,TI-04_20260724_0020.jpg,2026-07-24 10:13:47,TI-04,drone,saudavel,saudavel,0.9673,agrosmart-v1,simulado,sim-2026-07
ee8eba05-ba58-5381-8030-b363e360e8b3,TI-03_20260724_0034.jpg,2026-07-24 10:14:05,TI-03,drone,saudavel,saudavel,0.9629,agrosmart-v1,simulado,sim-2026-07
974a54b2-375a-54f3-a6cf-b065effe7c6b,TI-04_20260724_0021.jpg,2026-07-24 10:14:15,TI-04,drone,saudavel,saudavel,0.8879,agrosmart-v1,simulado,sim-2026-07
a7e968eb-3c61-5bc2-b54d-6269fda730d1,TI-03_20260724_0035.jpg,2026-07-24 10:14:26,TI-03,drone,saudavel,saudavel,0.9999,agrosmart-v1,simulado,sim-2026-07
6abdc59b-0bf6-5c02-ac72-880ac7d441eb,TI-03_20260724_0036.jpg,2026-07-24 10:15:01,TI-03,drone,saudavel,saudavel,0.9991,agrosmart-v1,simulado,sim-2026-07
109d05c3-d1af-5ba9-9a22-30adf2867ac3,TI-04_20260724_0022.jpg,2026-07-24 10:15:09,TI-04,drone,saudavel,saudavel,0.9873,agrosmart-v1,simulado,sim-2026-07
39393364-c7bd-5e7d-ae58-274e729232d7,TI-04_20260724_0023.jpg,2026-07-24 10:15:23,TI-04,drone,saudavel,saudavel,0.8733,agrosmart-v1,simulado,sim-2026-07
e4b48ec1-6bad-5d54-b1b6-d6ee63ddf686,TI-03_20260724_0037.jpg,2026-07-24 10:15:53,TI-03,drone,saudavel,saudavel,0.8658,agrosmart-v1,simulado,sim-2026-07
d8ba7a35-934f-5f24-83c1-d2c8fe05b1b9,TI-04_20260724_0024.jpg,2026-07-24 10:16:22,TI-04,drone,saudavel,saudavel,0.8312,agrosmart-v1,simulado,sim-2026-07
6bb7d006-6ffd-58e8-899b-b5cd10902173,TI-03_20260724_0038.jpg,2026-07-24 10:16:49,TI-03,drone,saudavel,saudavel,0.9434,agrosmart-v1,simulado,sim-2026-07
600c49b4-2c95-50ba-9499-870a4f506022,TI-04_20260724_0025.jpg,2026-07-24 10:17:06,TI-04,drone,saudavel,saudavel,0.9885,agrosmart-v1,simulado,sim-2026-07
97766440-7848-5e31-a449-35668b13beab,TI-03_20260724_0039.jpg,2026-07-24 10:17:13,TI-03,drone,saudavel,saudavel,0.9985,agrosmart-v1,simulado,sim-2026-07
48d7ad38-688a-5dac-813f-c145ad8540d6,TI-04_20260724_0026.jpg,2026-07-24 10:17:27,TI-04,drone,doente,mosca_minadora,0.9324,agrosmart-v1,simulado,sim-2026-07
01ddb3b6-ee63-58c3-8bf4-5b6cafd3605a,TI-03_20260724_0040.jpg,2026-07-24 10:18:05,TI-03,drone,saudavel,saudavel,0.9655,agrosmart-v1,simulado,sim-2026-07
3160ac32-3951-5b06-a035-834cc6af7861,TI-04_20260724_0027.jpg,2026-07-24 10:18:19,TI-04,drone,doente,mosca_minadora,0.9853,agrosmart-v1,simulado,sim-2026-07
ddf6bf0d-11b7-5c0d-9e68-d28ef79a0b6f,TI-03_20260724_0041.jpg,2026-07-24 10:18:29,TI-03,drone,saudavel,saudavel,0.8774,agrosmart-v1,simulado,sim-2026-07
98c01825-44c8-5919-803d-39e92fd81e06,TI-04_20260724_0028.jpg,2026-07-24 10:18:59,TI-04,drone,saudavel,saudavel,0.9762,agrosmart-v1,simulado,sim-2026-07
cd70830b-a7eb-5ec0-9c08-038a25215fea,TI-03_20260724_0042.jpg,2026-07-24 10:19:00,TI-03,drone,saudavel,saudavel,0.9884,agrosmart-v1,simulado,sim-2026-07
60a6bf89-1f34-5188-a8a8-cd21d97aa6d8,TI-04_20260724_0029.jpg,2026-07-24 10:19:48,TI-04,drone,saudavel,saudavel,0.9833,agrosmart-v1,simulado,sim-2026-07
6a920e39-7f65-53aa-b463-e92197d9e5e6,TI-04_20260724_0030.jpg,2026-07-24 10:20:20,TI-04,drone,saudavel,saudavel,0.8651,agrosmart-v1,simulado,sim-2026-07
9f2684c6-4980-538d-998f-e57bb10def0f,TI-04_20260724_0031.jpg,2026-07-24 10:20:49,TI-04,drone,saudavel,saudavel,0.8927,agrosmart-v1,simulado,sim-2026-07
b8f6c965-e10f-513c-bea8-b5b7321471a4,TI-04_20260724_0032.jpg,2026-07-24 10:21:20,TI-04,drone,saudavel,saudavel,0.9889,agrosmart-v1,simulado,sim-2026-07
f29ad460-1139-59b2-bcd4-beb47b701610,TI-04_20260724_0033.jpg,2026-07-24 10:22:11,TI-04,drone,saudavel,saudavel,0.9580,agrosmart-v1,simulado,sim-2026-07
de3d4046-ed4a-5c57-8fd7-b179560f7370,TI-04_20260724_0034.jpg,2026-07-24 10:22:51,TI-04,drone,saudavel,saudavel,0.9923,agrosmart-v1,simulado,sim-2026-07
987c4e29-1cf1-568a-bd53-256536b925ff,TI-04_20260724_0035.jpg,2026-07-24 10:23:24,TI-04,drone,saudavel,saudavel,0.6926,agrosmart-v1,simulado,sim-2026-07
fb52c784-9a8b-5af6-8ff6-e32d7dcd0a28,TI-04_20260724_0036.jpg,2026-07-24 10:24:14,TI-04,drone,saudavel,saudavel,0.8959,agrosmart-v1,simulado,sim-2026-07
ada7aacc-72c1-553e-8654-6c9ab1a7dce7,TI-04_20260724_0037.jpg,2026-07-24 10:24:42,TI-04,drone,saudavel,saudavel,0.9748,agrosmart-v1,simulado,sim-2026-07
a77a4ec2-2aed-50bc-a5ee-aa515a23dda6,TI-04_20260724_0038.jpg,2026-07-24 10:25:46,TI-04,drone,saudavel,saudavel,0.8642,agrosmart-v1,simulado,sim-2026-07
c2c2e22d-0e62-58ed-bb39-6d9d7c09e6bc,TI-04_20260724_0039.jpg,2026-07-24 10:26:21,TI-04,drone,saudavel,saudavel,0.9630,agrosmart-v1,simulado,sim-2026-07
c345e1d8-1d82-54b2-8885-cfa1c0651adb,TI-04_20260724_0040.jpg,2026-07-24 10:26:53,TI-04,drone,saudavel,saudavel,0.8531,agrosmart-v1,simulado,sim-2026-07
87efdf1c-24d3-56f7-925f-683650390c68,TI-04_20260724_0041.jpg,2026-07-24 10:27:47,TI-04,drone,saudavel,saudavel,0.8243,agrosmart-v1,simulado,sim-2026-07
404c3c90-1059-5b87-b021-0e18e052428a,SC-01_20260727_0001.jpg,2026-07-27 07:18:52,SC-01,smartphone,saudavel,saudavel,0.9332,agrosmart-v1,simulado,sim-2026-07
9dd08c41-f4b5-525e-821a-c3316ad587a3,SC-01_20260727_0002.jpg,2026-07-27 07:19:39,SC-01,smartphone,saudavel,saudavel,0.9705,agrosmart-v1,simulado,sim-2026-07
8d52403b-f6ab-58ec-a5a9-c136e6bc07b2,SC-01_20260727_0003.jpg,2026-07-27 07:20:03,SC-01,smartphone,saudavel,saudavel,0.9719,agrosmart-v1,simulado,sim-2026-07
ae919a30-b8e5-5c59-ae95-7e13b1c0caad,SC-01_20260727_0004.jpg,2026-07-27 07:21:09,SC-01,smartphone,saudavel,saudavel,0.9720,agrosmart-v1,simulado,sim-2026-07
7f994d02-9231-5fe1-abd4-af306e7a5ea3,SC-01_20260727_0005.jpg,2026-07-27 07:21:27,SC-01,smartphone,saudavel,saudavel,0.8955,agrosmart-v1,simulado,sim-2026-07
d4383790-28f3-573a-ab22-00169f9acb07,SC-01_20260727_0006.jpg,2026-07-27 07:22:02,SC-01,smartphone,saudavel,saudavel,0.8739,agrosmart-v1,simulado,sim-2026-07
281a6b9f-0deb-568b-aa7a-7072e10c1c25,SC-01_20260727_0007.jpg,2026-07-27 07:22:52,SC-01,smartphone,saudavel,saudavel,1.0000,agrosmart-v1,simulado,sim-2026-07
30dc7e88-7969-50a3-9d88-319f702fbac5,SC-01_20260727_0008.jpg,2026-07-27 07:23:26,SC-01,smartphone,saudavel,saudavel,0.9090,agrosmart-v1,simulado,sim-2026-07
0a47b3a0-af73-5d34-928a-90cc61b46b23,SC-01_20260727_0009.jpg,2026-07-27 07:24:01,SC-01,smartphone,saudavel,saudavel,0.9989,agrosmart-v1,simulado,sim-2026-07
7be60351-c1a8-5fa2-872c-ac872704c964,SC-01_20260727_0010.jpg,2026-07-27 07:24:54,SC-01,smartphone,saudavel,saudavel,0.8637,agrosmart-v1,simulado,sim-2026-07
ca21aa76-444e-5003-8aea-fd8d33e165ac,SC-01_20260727_0011.jpg,2026-07-27 07:25:45,SC-01,smartphone,saudavel,saudavel,0.9244,agrosmart-v1,simulado,sim-2026-07
1d7415f3-d94f-5baa-9a38-1e3e89aac9f4,SC-01_20260727_0012.jpg,2026-07-27 07:26:26,SC-01,smartphone,saudavel,saudavel,0.9979,agrosmart-v1,simulado,sim-2026-07
67789799-36bb-501f-aedf-ceadc05b35a7,SC-01_20260727_0013.jpg,2026-07-27 07:27:00,SC-01,smartphone,saudavel,saudavel,0.8658,agrosmart-v1,simulado,sim-2026-07
12ce6fe7-41fa-50c1-bd86-f94f7d29ddd5,SC-01_20260727_0014.jpg,2026-07-27 07:27:47,SC-01,smartphone,saudavel,saudavel,0.9042,agrosmart-v1,simulado,sim-2026-07
31438ff3-8c96-5c12-8c25-cd75b8103109,SC-01_20260727_0015.jpg,2026-07-27 07:28:21,SC-01,smartphone,saudavel,saudavel,0.9343,agrosmart-v1,simulado,sim-2026-07
24b0abff-5ba0-5237-b13b-cfa6fab1b298,SC-01_20260727_0016.jpg,2026-07-27 07:28:45,SC-01,smartphone,saudavel,saudavel,0.9289,agrosmart-v1,simulado,sim-2026-07
0294b402-a604-5337-9c50-49a89ca40521,SC-01_20260727_0017.jpg,2026-07-27 07:29:45,SC-01,smartphone,saudavel,saudavel,0.9393,agrosmart-v1,simulado,sim-2026-07
a7748bc1-4428-5c05-b9c9-53ecc51c3b7c,SC-01_20260727_0018.jpg,2026-07-27 07:30:14,SC-01,smartphone,saudavel,saudavel,0.9126,agrosmart-v1,simulado,sim-2026-07
7ba0f313-9cbb-5e81-98fc-1378664d5b2a,SC-01_20260727_0019.jpg,2026-07-27 07:30:49,SC-01,smartphone,saudavel,saudavel,0.9384,agrosmart-v1,simulado,sim-2026-07
07f71cb5-b0df-530a-bdc9-d6528b99eb35,SC-01_20260727_0020.jpg,2026-07-27 07:31:35,SC-01,smartphone,saudavel,saudavel,0.9940,agrosmart-v1,simulado,sim-2026-07
10c9fa87-1d08-54ec-b334-cbeb7c114c01,SC-01_20260727_0021.jpg,2026-07-27 07:32:19,SC-01,smartphone,saudavel,saudavel,0.8945,agrosmart-v1,simulado,sim-2026-07
cbea490d-8262-5735-b8c6-a9fc093892c1,SC-01_20260727_0022.jpg,2026-07-27 07:32:50,SC-01,smartphone,saudavel,saudavel,0.9457,agrosmart-v1,simulado,sim-2026-07
0a68b99c-4792-5a15-8fe9-49d61834a91b,SC-01_20260727_0023.jpg,2026-07-27 07:33:50,SC-01,smartphone,saudavel,saudavel,0.9996,agrosmart-v1,simulado,sim-2026-07
dcf040df-430b-5f30-b5cc-aca89ae31b1a,SC-01_20260727_0024.jpg,2026-07-27 07:34:07,SC-01,smartphone,saudavel,saudavel,0.9130,agrosmart-v1,simulado,sim-2026-07
f924869d-ab66-574f-987a-70d2055eb7eb,SC-01_20260727_0025.jpg,2026-07-27 07:34:44,SC-01,smartphone,saudavel,saudavel,0.9411,agrosmart-v1,simulado,sim-2026-07
768add85-9de5-52f4-8f77-b6698419470a,SC-01_20260727_0026.jpg,2026-07-27 07:35:28,SC-01,smartphone,saudavel,saudavel,0.9956,agrosmart-v1,simulado,sim-2026-07
118fc1b1-5444-53f0-ac56-c587f76f8147,SC-01_20260727_0027.jpg,2026-07-27 07:36:24,SC-01,smartphone,saudavel,saudavel,0.9483,agrosmart-v1,simulado,sim-2026-07
b6c47518-c5dc-5e9b-a72c-214eb731ae4d,SC-01_20260727_0028.jpg,2026-07-27 07:36:55,SC-01,smartphone,saudavel,saudavel,0.9135,agrosmart-v1,simulado,sim-2026-07
b40297e8-23ba-5021-b345-82fac7834087,SC-01_20260727_0029.jpg,2026-07-27 07:37:22,SC-01,smartphone,saudavel,saudavel,0.9946,agrosmart-v1,simulado,sim-2026-07
2f72dd78-894d-5362-92d6-f5934f989cea,TI-01_20260727_0001.jpg,2026-07-27 07:48:49,TI-01,drone,saudavel,saudavel,0.8303,agrosmart-v1,simulado,sim-2026-07
3f0181ca-9f76-503a-bfa9-17d1dde8a097,TI-01_20260727_0002.jpg,2026-07-27 07:49:20,TI-01,drone,saudavel,saudavel,0.5636,agrosmart-v1,simulado,sim-2026-07
81da3d3e-f865-51b7-a071-0371b897fc28,TI-01_20260727_0003.jpg,2026-07-27 07:50:20,TI-01,drone,saudavel,saudavel,0.9652,agrosmart-v1,simulado,sim-2026-07
38e38b89-0e83-5cfa-8d52-5e87acdb2cc7,TI-01_20260727_0004.jpg,2026-07-27 07:51:04,TI-01,drone,saudavel,saudavel,0.9990,agrosmart-v1,simulado,sim-2026-07
3f8762f0-2447-513f-a2d5-1a42349d3027,TI-01_20260727_0005.jpg,2026-07-27 07:51:40,TI-01,drone,saudavel,saudavel,0.9881,agrosmart-v1,simulado,sim-2026-07
0380d475-2be6-5c3d-ac8d-ff413eb7dc20,TI-01_20260727_0006.jpg,2026-07-27 07:52:12,TI-01,drone,saudavel,saudavel,0.8727,agrosmart-v1,simulado,sim-2026-07
acabe243-acd9-5908-8575-fd0caceebd67,TI-01_20260727_0007.jpg,2026-07-27 07:52:54,TI-01,drone,saudavel,saudavel,0.8582,agrosmart-v1,simulado,sim-2026-07
dd59ffed-b062-583a-854c-94c0ccba1936,TI-01_20260727_0008.jpg,2026-07-27 07:53:46,TI-01,drone,saudavel,saudavel,0.9433,agrosmart-v1,simulado,sim-2026-07
e82fdcc9-f0e7-5160-ba12-470b064df36b,TI-01_20260727_0009.jpg,2026-07-27 07:54:06,TI-01,drone,saudavel,saudavel,0.9668,agrosmart-v1,simulado,sim-2026-07
48210f12-135e-5bce-87d3-11d3b5e7985b,TI-01_20260727_0010.jpg,2026-07-27 07:54:44,TI-01,drone,saudavel,saudavel,0.9823,agrosmart-v1,simulado,sim-2026-07
c53be28e-49a2-545a-ae6a-e10a6259815f,TI-01_20260727_0011.jpg,2026-07-27 07:55:29,TI-01,drone,saudavel,saudavel,0.9993,agrosmart-v1,simulado,sim-2026-07
72e2035a-214a-52fb-ae6b-96f045929074,TI-01_20260727_0012.jpg,2026-07-27 07:56:30,TI-01,drone,doente,pinta_preta,0.9787,agrosmart-v1,simulado,sim-2026-07
b5e0e183-6208-5d4c-90ad-b7985769bdd5,TI-01_20260727_0013.jpg,2026-07-27 07:56:52,TI-01,drone,saudavel,saudavel,0.8879,agrosmart-v1,simulado,sim-2026-07
1731ed4c-b735-5d13-9485-f69642a44c42,TI-01_20260727_0014.jpg,2026-07-27 07:57:42,TI-01,drone,saudavel,saudavel,0.9624,agrosmart-v1,simulado,sim-2026-07
95446aa6-31a9-5a55-a35d-174765ca80bb,TI-01_20260727_0015.jpg,2026-07-27 07:58:00,TI-01,drone,saudavel,saudavel,0.8603,agrosmart-v1,simulado,sim-2026-07
6446f4f4-0693-54ff-9f04-8d4ac0dde322,TI-01_20260727_0016.jpg,2026-07-27 07:58:43,TI-01,drone,saudavel,saudavel,0.9150,agrosmart-v1,simulado,sim-2026-07
7738bb65-265f-594d-aa60-744f924bfc12,TI-01_20260727_0017.jpg,2026-07-27 07:59:46,TI-01,drone,saudavel,saudavel,0.9923,agrosmart-v1,simulado,sim-2026-07
94cdfd03-9a1d-5e05-a1dd-25e123121d1e,TI-01_20260727_0018.jpg,2026-07-27 08:00:26,TI-01,drone,saudavel,saudavel,0.9786,agrosmart-v1,simulado,sim-2026-07
dd4cefbe-548a-58e2-bd7a-b1a7b40b32db,TI-01_20260727_0019.jpg,2026-07-27 08:00:47,TI-01,drone,saudavel,saudavel,0.8208,agrosmart-v1,simulado,sim-2026-07
02319354-5036-5979-bc1a-2010a80de582,TI-01_20260727_0020.jpg,2026-07-27 08:01:37,TI-01,drone,saudavel,saudavel,0.9132,agrosmart-v1,simulado,sim-2026-07
586c390d-d2ca-5f6e-a824-6d3cf2e4344a,TI-01_20260727_0021.jpg,2026-07-27 08:02:25,TI-01,drone,saudavel,saudavel,0.8585,agrosmart-v1,simulado,sim-2026-07
fc45ac52-44e2-5770-afd7-0c05a94585d1,TI-01_20260727_0022.jpg,2026-07-27 08:03:03,TI-01,drone,saudavel,saudavel,0.9943,agrosmart-v1,simulado,sim-2026-07
b84b7a95-e326-5bc5-a19f-db22f75285a1,TI-01_20260727_0023.jpg,2026-07-27 08:03:38,TI-01,drone,saudavel,saudavel,0.9100,agrosmart-v1,simulado,sim-2026-07
b64f56fb-35e0-5446-be8e-2b2bcbddd2a6,TI-01_20260727_0024.jpg,2026-07-27 08:04:24,TI-01,drone,saudavel,saudavel,0.9726,agrosmart-v1,simulado,sim-2026-07
e3aa573b-72d3-5081-8ce6-04a0ed63a247,SC-02_20260727_0001.jpg,2026-07-27 08:04:42,SC-02,smartphone,saudavel,saudavel,0.9720,agrosmart-v1,simulado,sim-2026-07
7479cbc2-ceab-5af2-ba9b-4eb3e8ba2461,TI-01_20260727_0025.jpg,2026-07-27 08:04:54,TI-01,drone,saudavel,saudavel,0.7034,agrosmart-v1,simulado,sim-2026-07
a3a77e0b-a2e4-56d0-a468-00ca90d32b6e,TI-01_20260727_0026.jpg,2026-07-27 08:05:39,TI-01,drone,saudavel,saudavel,0.8862,agrosmart-v1,simulado,sim-2026-07
95cca65e-d984-5a63-9973-1b34c2d1e021,SC-02_20260727_0002.jpg,2026-07-27 08:05:44,SC-02,smartphone,saudavel,saudavel,0.9679,agrosmart-v1,simulado,sim-2026-07
913a024e-4e5a-5350-9e1c-a8a87fccecee,SC-02_20260727_0003.jpg,2026-07-27 08:06:05,SC-02,smartphone,saudavel,saudavel,0.9842,agrosmart-v1,simulado,sim-2026-07
3e321588-1165-5c50-a24e-30db1cde5d03,TI-01_20260727_0027.jpg,2026-07-27 08:06:08,TI-01,drone,saudavel,saudavel,0.8868,agrosmart-v1,simulado,sim-2026-07
79b6c631-4faf-598d-9b95-0efc6d068a34,SC-02_20260727_0004.jpg,2026-07-27 08:06:50,SC-02,smartphone,saudavel,saudavel,0.9909,agrosmart-v1,simulado,sim-2026-07
13e18309-ea98-5a48-8af6-357a77fa0ced,TI-01_20260727_0028.jpg,2026-07-27 08:07:09,TI-01,drone,saudavel,saudavel,0.9954,agrosmart-v1,simulado,sim-2026-07
1f7d75c1-c3a2-5bb5-b1bb-01f0b2661be1,TI-01_20260727_0029.jpg,2026-07-27 08:07:31,TI-01,drone,saudavel,saudavel,0.9846,agrosmart-v1,simulado,sim-2026-07
3c6b5d3f-7aad-5d76-9fad-3c80a6f73f47,SC-02_20260727_0005.jpg,2026-07-27 08:07:33,SC-02,smartphone,saudavel,saudavel,1.0000,agrosmart-v1,simulado,sim-2026-07
a97942e0-e5e4-5a02-86b8-6a0cab150e0d,SC-02_20260727_0006.jpg,2026-07-27 08:08:10,SC-02,smartphone,saudavel,saudavel,0.9811,agrosmart-v1,simulado,sim-2026-07
2811a994-eb74-5a4e-8f5a-79adf751580b,TI-01_20260727_0030.jpg,2026-07-27 08:08:29,TI-01,drone,saudavel,saudavel,0.9999,agrosmart-v1,simulado,sim-2026-07
31e45615-aeb7-5a5a-9b9a-dbe565b0e535,SC-02_20260727_0007.jpg,2026-07-27 08:08:58,SC-02,smartphone,saudavel,saudavel,0.9004,agrosmart-v1,simulado,sim-2026-07
95ff8865-ee45-5d94-91dc-3312a5ae7873,TI-01_20260727_0031.jpg,2026-07-27 08:08:58,TI-01,drone,saudavel,saudavel,0.8224,agrosmart-v1,simulado,sim-2026-07
5e566f53-66e8-5b07-9074-c6131722f3b6,TI-01_20260727_0032.jpg,2026-07-27 08:09:20,TI-01,drone,saudavel,saudavel,0.9994,agrosmart-v1,simulado,sim-2026-07
7a96eccc-1804-5719-818e-85127635518b,SC-02_20260727_0008.jpg,2026-07-27 08:09:35,SC-02,smartphone,saudavel,saudavel,0.9167,agrosmart-v1,simulado,sim-2026-07
f763be1e-7951-5091-a30e-68ab3b0ecd8e,SC-02_20260727_0009.jpg,2026-07-27 08:10:06,SC-02,smartphone,saudavel,saudavel,0.9967,agrosmart-v1,simulado,sim-2026-07
09aa79a6-8f0e-5070-b64b-84a3d1d4ed33,TI-01_20260727_0033.jpg,2026-07-27 08:10:27,TI-01,drone,saudavel,saudavel,0.9166,agrosmart-v1,simulado,sim-2026-07
14f32d98-9dfe-57ed-85be-e98309859113,SC-02_20260727_0010.jpg,2026-07-27 08:10:44,SC-02,smartphone,doente,requeima,0.9408,agrosmart-v1,simulado,sim-2026-07
4a3de64e-92d7-5f54-8ae3-a1fbf5224c5c,TI-01_20260727_0034.jpg,2026-07-27 08:11:09,TI-01,drone,doente,pinta_preta,0.9348,agrosmart-v1,simulado,sim-2026-07
02a74709-f21b-56ab-a48a-cb7f65ed2713,SC-02_20260727_0011.jpg,2026-07-27 08:11:22,SC-02,smartphone,saudavel,saudavel,0.8295,agrosmart-v1,simulado,sim-2026-07
08a9e650-d161-5ae4-ac33-753b0626c7b2,TI-01_20260727_0035.jpg,2026-07-27 08:11:43,TI-01,drone,saudavel,saudavel,0.8377,agrosmart-v1,simulado,sim-2026-07
ec897ec9-c935-5b67-87b0-b84f0dfba212,SC-02_20260727_0012.jpg,2026-07-27 08:12:11,SC-02,smartphone,saudavel,saudavel,0.8918,agrosmart-v1,simulado,sim-2026-07
dc249b54-01ef-57c1-ab8d-c4cef96ffaba,TI-01_20260727_0036.jpg,2026-07-27 08:12:17,TI-01,drone,saudavel,saudavel,1.0000,agrosmart-v1,simulado,sim-2026-07
acd27bce-4c97-5427-88d2-59df6a79e10f,TI-01_20260727_0037.jpg,2026-07-27 08:12:41,TI-01,drone,saudavel,saudavel,1.0000,agrosmart-v1,simulado,sim-2026-07
62104c7f-2b25-5e7d-af80-e074b42ddaa8,SC-02_20260727_0013.jpg,2026-07-27 08:12:53,SC-02,smartphone,saudavel,saudavel,0.9205,agrosmart-v1,simulado,sim-2026-07
f2f47d6e-2189-53b8-a3e1-e083853dd69f,TI-01_20260727_0038.jpg,2026-07-27 08:13:46,TI-01,drone,saudavel,saudavel,0.9992,agrosmart-v1,simulado,sim-2026-07
40dfda8c-7a13-5acd-9592-f70906668603,SC-02_20260727_0014.jpg,2026-07-27 08:13:48,SC-02,smartphone,saudavel,saudavel,0.8307,agrosmart-v1,simulado,sim-2026-07
beaad197-c325-5c12-b6c3-48d2e6e2fd51,SC-02_20260727_0015.jpg,2026-07-27 08:14:23,SC-02,smartphone,saudavel,saudavel,0.9242,agrosmart-v1,simulado,sim-2026-07
380ec79b-5129-52ec-a1fc-145183641870,TI-01_20260727_0039.jpg,2026-07-27 08:14:26,TI-01,drone,saudavel,saudavel,0.8816,agrosmart-v1,simulado,sim-2026-07
4b47b02f-f968-5939-8078-ce6bd0aecab8,TI-01_20260727_0040.jpg,2026-07-27 08:14:41,TI-01,drone,saudavel,saudavel,0.9822,agrosmart-v1,simulado,sim-2026-07
f56c941f-7b52-551d-9b91-739ce0dae387,SC-02_20260727_0016.jpg,2026-07-27 08:14:59,SC-02,smartphone,saudavel,saudavel,0.8981,agrosmart-v1,simulado,sim-2026-07
b7d5e4fa-0a3f-53eb-95e9-b344b7d05b38,TI-01_20260727_0041.jpg,2026-07-27 08:15:37,TI-01,drone,saudavel,saudavel,0.8947,agrosmart-v1,simulado,sim-2026-07
b0866b03-b74b-59bd-b7c1-4a6ccfeb7590,SC-02_20260727_0017.jpg,2026-07-27 08:15:50,SC-02,smartphone,saudavel,saudavel,0.8207,agrosmart-v1,simulado,sim-2026-07
37a2453d-03f7-57ab-a7d7-36461ca9c058,TI-01_20260727_0042.jpg,2026-07-27 08:16:05,TI-01,drone,saudavel,saudavel,0.9947,agrosmart-v1,simulado,sim-2026-07
b64e6530-1e65-5c26-9b16-dcbf6668d4c1,SC-02_20260727_0018.jpg,2026-07-27 08:16:14,SC-02,smartphone,saudavel,saudavel,0.9013,agrosmart-v1,simulado,sim-2026-07
058062bd-5cb1-5593-a57a-27c9e0a22b43,SC-02_20260727_0019.jpg,2026-07-27 08:16:52,SC-02,smartphone,saudavel,saudavel,0.9831,agrosmart-v1,simulado,sim-2026-07
06135317-2da1-5a4b-a1a2-ba30288aebd8,TI-01_20260727_0043.jpg,2026-07-27 08:16:52,TI-01,drone,saudavel,saudavel,0.9375,agrosmart-v1,simulado,sim-2026-07
4d0842e5-74c2-5765-b259-7961ee736959,SC-02_20260727_0020.jpg,2026-07-27 08:17:45,SC-02,smartphone,saudavel,saudavel,0.9152,agrosmart-v1,simulado,sim-2026-07
78b81fdc-fdf0-5373-b8ad-7a51afcbe5cd,TI-01_20260727_0044.jpg,2026-07-27 08:17:46,TI-01,drone,saudavel,saudavel,0.9283,agrosmart-v1,simulado,sim-2026-07
ba7ab70d-3bfc-5e12-96a3-c7d2fa63fd83,SC-02_20260727_0021.jpg,2026-07-27 08:18:07,SC-02,smartphone,saudavel,saudavel,1.0000,agrosmart-v1,simulado,sim-2026-07
0103afd4-e15f-5241-ac77-d56a8a31267e,TI-01_20260727_0045.jpg,2026-07-27 08:18:15,TI-01,drone,saudavel,saudavel,0.9960,agrosmart-v1,simulado,sim-2026-07
133819d9-3a45-5130-b1d2-cd9595404271,TI-01_20260727_0046.jpg,2026-07-27 08:18:58,TI-01,drone,saudavel,saudavel,0.9531,agrosmart-v1,simulado,sim-2026-07
26137988-82b7-54fe-8983-742ee4fbc1c8,SC-02_20260727_0022.jpg,2026-07-27 08:19:08,SC-02,smartphone,saudavel,saudavel,0.8293,agrosmart-v1,simulado,sim-2026-07
a2960c35-34d7-5422-933d-4b37697ed757,SC-02_20260727_0023.jpg,2026-07-27 08:19:23,SC-02,smartphone,saudavel,saudavel,0.9957,agrosmart-v1,simulado,sim-2026-07
4b9580a2-be4f-50a1-90f2-7ea6f722d241,TI-01_20260727_0047.jpg,2026-07-27 08:19:47,TI-01,drone,doente,pinta_preta,0.9980,agrosmart-v1,simulado,sim-2026-07
5584f0f4-f527-5c59-bfea-18bfbd22e105,SC-02_20260727_0024.jpg,2026-07-27 08:20:15,SC-02,smartphone,saudavel,saudavel,0.8949,agrosmart-v1,simulado,sim-2026-07
4eb1ecb7-0fd5-514c-82a0-3411b88b89b3,SC-02_20260727_0025.jpg,2026-07-27 08:20:48,SC-02,smartphone,saudavel,saudavel,0.9962,agrosmart-v1,simulado,sim-2026-07
d1479550-fb31-50d8-b8b9-b31647fd4e5a,SC-02_20260727_0026.jpg,2026-07-27 08:21:41,SC-02,smartphone,saudavel,saudavel,0.8317,agrosmart-v1,simulado,sim-2026-07
6d04c2d6-8c45-51e0-a520-3abd5f28a78b,SC-02_20260727_0027.jpg,2026-07-27 08:22:22,SC-02,smartphone,saudavel,saudavel,0.8726,agrosmart-v1,simulado,sim-2026-07
a9189435-62f0-5189-adaf-6dfa22f8cd0d,SC-02_20260727_0028.jpg,2026-07-27 08:22:56,SC-02,smartphone,saudavel,saudavel,0.9034,agrosmart-v1,simulado,sim-2026-07
c2ca927b-76b5-52e3-b0c6-541c958aab43,SC-02_20260727_0029.jpg,2026-07-27 08:23:38,SC-02,smartphone,saudavel,saudavel,0.5828,agrosmart-v1,simulado,sim-2026-07
ad65c7e0-2012-5788-be68-6ef214a8de81,SC-02_20260727_0030.jpg,2026-07-27 08:24:03,SC-02,smartphone,saudavel,saudavel,0.9982,agrosmart-v1,simulado,sim-2026-07
219a2a3b-7cda-5ebb-bcb6-9495d79121d0,SC-02_20260727_0031.jpg,2026-07-27 08:24:58,SC-02,smartphone,saudavel,saudavel,0.9474,agrosmart-v1,simulado,sim-2026-07
4c2ec1bf-dbb7-521d-ad21-c52e00806208,SC-02_20260727_0032.jpg,2026-07-27 08:25:30,SC-02,smartphone,saudavel,saudavel,0.7186,agrosmart-v1,simulado,sim-2026-07
bd0722b5-e12b-5451-ae16-4db4e3eed6b3,SC-02_20260727_0033.jpg,2026-07-27 08:26:15,SC-02,smartphone,saudavel,saudavel,0.9840,agrosmart-v1,simulado,sim-2026-07
9c9ef00d-6622-52f7-9cc6-6a556d5af3d1,SC-02_20260727_0034.jpg,2026-07-27 08:27:10,SC-02,smartphone,saudavel,saudavel,0.8323,agrosmart-v1,simulado,sim-2026-07
9cf48dbf-f764-5a72-a874-1fc3e75cb693,SC-02_20260727_0035.jpg,2026-07-27 08:27:33,SC-02,smartphone,saudavel,saudavel,0.8255,agrosmart-v1,simulado,sim-2026-07
40c120c1-f95f-5570-ac0c-49e67b0e16cd,BV-04_20260727_0001.jpg,2026-07-27 08:27:54,BV-04,smartphone,saudavel,saudavel,0.9455,agrosmart-v1,simulado,sim-2026-07
8279e8f7-1b13-5273-bb26-0cd310254c9d,SC-02_20260727_0036.jpg,2026-07-27 08:28:07,SC-02,smartphone,saudavel,saudavel,0.9652,agrosmart-v1,simulado,sim-2026-07
feea6088-fdec-5395-9162-9d940317d28d,BV-04_20260727_0002.jpg,2026-07-27 08:28:35,BV-04,smartphone,saudavel,saudavel,0.8522,agrosmart-v1,simulado,sim-2026-07
65854721-a585-5bb9-95cf-742cf9bfe1c4,SC-02_20260727_0037.jpg,2026-07-27 08:29:01,SC-02,smartphone,saudavel,saudavel,0.8319,agrosmart-v1,simulado,sim-2026-07
65f2b3f6-b4d2-5a68-8e30-716bb4fd906e,BV-04_20260727_0003.jpg,2026-07-27 08:29:14,BV-04,smartphone,saudavel,saudavel,0.7082,agrosmart-v1,simulado,sim-2026-07
0da96b9a-6e78-518e-9317-7771fbb5aa5c,SC-02_20260727_0038.jpg,2026-07-27 08:29:32,SC-02,smartphone,saudavel,saudavel,0.8829,agrosmart-v1,simulado,sim-2026-07
3f765472-38a2-5a85-9a63-9c2e231efc3f,BV-04_20260727_0004.jpg,2026-07-27 08:29:53,BV-04,smartphone,saudavel,saudavel,0.9606,agrosmart-v1,simulado,sim-2026-07
dcf9e76e-522a-57e3-aef4-de7a52abba6e,SC-02_20260727_0039.jpg,2026-07-27 08:30:08,SC-02,smartphone,saudavel,saudavel,0.9987,agrosmart-v1,simulado,sim-2026-07
9efd5d91-9c6e-5d53-bdac-e5ef7df97c2e,BV-04_20260727_0005.jpg,2026-07-27 08:30:21,BV-04,smartphone,saudavel,saudavel,0.9987,agrosmart-v1,simulado,sim-2026-07
1807da4f-03b5-5705-9f3a-9ab52ada43f1,BV-04_20260727_0006.jpg,2026-07-27 08:31:16,BV-04,smartphone,saudavel,saudavel,0.9629,agrosmart-v1,simulado,sim-2026-07
af72c813-3c7f-5a05-92a5-093cc7657890,BV-04_20260727_0007.jpg,2026-07-27 08:31:57,BV-04,smartphone,saudavel,saudavel,0.9714,agrosmart-v1,simulado,sim-2026-07
3cd18023-3ea4-510b-b6de-4fc86be6adb1,BV-04_20260727_0008.jpg,2026-07-27 08:32:39,BV-04,smartphone,saudavel,saudavel,0.8858,agrosmart-v1,simulado,sim-2026-07
309add84-4183-599e-b376-635d3c41b049,BV-01_20260727_0001.jpg,2026-07-27 08:32:44,BV-01,smartphone,saudavel,saudavel,0.8765,agrosmart-v1,simulado,sim-2026-07
ec86f508-ed4a-52bd-ac52-0c326a069805,BV-04_20260727_0009.jpg,2026-07-27 08:33:12,BV-04,smartphone,saudavel,saudavel,0.9991,agrosmart-v1,simulado,sim-2026-07
4f1f9466-1e67-5e99-bec3-59ac2be18072,BV-01_20260727_0002.jpg,2026-07-27 08:33:21,BV-01,smartphone,saudavel,saudavel,0.9970,agrosmart-v1,simulado,sim-2026-07
45c9b077-2356-584d-b629-a0bc576f2105,BV-04_20260727_0010.jpg,2026-07-27 08:33:52,BV-04,smartphone,saudavel,saudavel,0.9655,agrosmart-v1,simulado,sim-2026-07
fb859323-680c-5b88-946e-74eff3161fe8,BV-01_20260727_0003.jpg,2026-07-27 08:34:02,BV-01,smartphone,saudavel,saudavel,0.9501,agrosmart-v1,simulado,sim-2026-07
f87c3c31-ed92-5b04-a749-3284883dabff,TI-03_20260727_0001.jpg,2026-07-27 08:34:05,TI-03,drone,saudavel,saudavel,0.9900,agrosmart-v1,simulado,sim-2026-07
b55421ef-0e93-5c28-9a75-eaa067f2f6f1,BV-04_20260727_0011.jpg,2026-07-27 08:34:26,BV-04,smartphone,doente,requeima,0.9990,agrosmart-v1,simulado,sim-2026-07
63feb533-9164-56ea-853e-4628bedae18e,TI-03_20260727_0002.jpg,2026-07-27 08:34:46,TI-03,drone,doente,pinta_preta,0.7448,agrosmart-v1,simulado,sim-2026-07
cd0cf2f9-f307-5b26-864a-c654f08c3945,BV-01_20260727_0004.jpg,2026-07-27 08:34:56,BV-01,smartphone,saudavel,saudavel,0.8631,agrosmart-v1,simulado,sim-2026-07
bfab3319-e288-5b9e-b497-8708416b1420,TI-03_20260727_0003.jpg,2026-07-27 08:35:03,TI-03,drone,saudavel,saudavel,0.9801,agrosmart-v1,simulado,sim-2026-07
7634c28c-cd82-5b43-8d99-29387378abc3,BV-04_20260727_0012.jpg,2026-07-27 08:35:13,BV-04,smartphone,saudavel,saudavel,0.9730,agrosmart-v1,simulado,sim-2026-07
06cc6aa1-464a-524d-84c6-2d91fc203a52,BV-01_20260727_0005.jpg,2026-07-27 08:35:40,BV-01,smartphone,saudavel,saudavel,0.9651,agrosmart-v1,simulado,sim-2026-07
7b640782-fb10-597d-b99c-a419bf67174c,TI-03_20260727_0004.jpg,2026-07-27 08:35:51,TI-03,drone,saudavel,saudavel,0.9638,agrosmart-v1,simulado,sim-2026-07
6bf4c99b-6772-5750-b89c-9233fb0d30d7,BV-04_20260727_0013.jpg,2026-07-27 08:35:57,BV-04,smartphone,saudavel,saudavel,0.8863,agrosmart-v1,simulado,sim-2026-07
5b2a38bd-f1d0-5923-868b-4ec91e536e2a,BV-01_20260727_0006.jpg,2026-07-27 08:36:15,BV-01,smartphone,saudavel,saudavel,0.9687,agrosmart-v1,simulado,sim-2026-07
8fae8c15-3316-5858-88cc-9fea007bf7c2,TI-03_20260727_0005.jpg,2026-07-27 08:36:24,TI-03,drone,saudavel,saudavel,0.8473,agrosmart-v1,simulado,sim-2026-07
4de9d994-626b-5dc8-baf2-e426f1582a9e,BV-04_20260727_0014.jpg,2026-07-27 08:36:46,BV-04,smartphone,saudavel,saudavel,0.9710,agrosmart-v1,simulado,sim-2026-07
11282a62-881f-580e-8629-20e66c41a1ef,BV-01_20260727_0007.jpg,2026-07-27 08:36:56,BV-01,smartphone,saudavel,saudavel,0.9090,agrosmart-v1,simulado,sim-2026-07
06755997-bca3-599d-8060-59fb6e0d7539,BV-04_20260727_0015.jpg,2026-07-27 08:37:15,BV-04,smartphone,saudavel,saudavel,0.9400,agrosmart-v1,simulado,sim-2026-07
0ddd7aed-73a3-52e9-8570-bf38e8c38292,TI-03_20260727_0006.jpg,2026-07-27 08:37:25,TI-03,drone,saudavel,saudavel,0.9547,agrosmart-v1,simulado,sim-2026-07
d68e0662-73c2-5676-b016-cb03facffef1,BV-01_20260727_0008.jpg,2026-07-27 08:37:42,BV-01,smartphone,saudavel,saudavel,0.9496,agrosmart-v1,simulado,sim-2026-07
a5b097c1-e385-5ae2-9b74-de2bdffb10a9,BV-04_20260727_0016.jpg,2026-07-27 08:37:42,BV-04,smartphone,saudavel,saudavel,0.9389,agrosmart-v1,simulado,sim-2026-07
c2e5e098-109b-5178-ac16-d7362bae15b7,TI-03_20260727_0007.jpg,2026-07-27 08:38:05,TI-03,drone,saudavel,saudavel,0.9046,agrosmart-v1,simulado,sim-2026-07
273fd272-1977-532b-b3b7-4c19c3e894a3,BV-01_20260727_0009.jpg,2026-07-27 08:38:14,BV-01,smartphone,saudavel,saudavel,0.8997,agrosmart-v1,simulado,sim-2026-07
5b2250bf-2d3b-5164-9da6-69ed2c91ea87,BV-04_20260727_0017.jpg,2026-07-27 08:38:23,BV-04,smartphone,saudavel,saudavel,0.8958,agrosmart-v1,simulado,sim-2026-07
3b8d683d-e960-5fc5-a3e3-a7a223856ce1,TI-03_20260727_0008.jpg,2026-07-27 08:38:25,TI-03,drone,saudavel,saudavel,0.9856,agrosmart-v1,simulado,sim-2026-07
84531208-9088-5892-ba71-a0530a2a3236,BV-01_20260727_0010.jpg,2026-07-27 08:38:51,BV-01,smartphone,saudavel,saudavel,0.9975,agrosmart-v1,simulado,sim-2026-07
4e7bf857-2b4c-5c2f-ba94-47094ae424b9,TI-03_20260727_0009.jpg,2026-07-27 08:39:16,TI-03,drone,saudavel,saudavel,0.9567,agrosmart-v1,simulado,sim-2026-07
b236fb34-2885-578f-a854-05cfff1a5103,BV-01_20260727_0011.jpg,2026-07-27 08:39:23,BV-01,smartphone,saudavel,saudavel,0.9412,agrosmart-v1,simulado,sim-2026-07
844d919f-22dd-55ca-b5f7-8b02436b98a5,TI-03_20260727_0010.jpg,2026-07-27 08:40:02,TI-03,drone,saudavel,saudavel,0.9858,agrosmart-v1,simulado,sim-2026-07
86baa0f7-ef00-558b-9faa-707591c7ff7a,BV-01_20260727_0012.jpg,2026-07-27 08:40:04,BV-01,smartphone,saudavel,saudavel,0.9833,agrosmart-v1,simulado,sim-2026-07
290740bd-8a72-5790-9a3b-51ee7bd3153e,TI-03_20260727_0011.jpg,2026-07-27 08:40:29,TI-03,drone,saudavel,saudavel,0.9869,agrosmart-v1,simulado,sim-2026-07
ad599886-d733-5e96-b322-7abda698b10f,BV-01_20260727_0013.jpg,2026-07-27 08:40:49,BV-01,smartphone,saudavel,saudavel,0.8873,agrosmart-v1,simulado,sim-2026-07
3b21a9c8-e0c6-5544-90c3-1c7f79ce8702,TI-03_20260727_0012.jpg,2026-07-27 08:41:22,TI-03,drone,saudavel,saudavel,0.9363,agrosmart-v1,simulado,sim-2026-07
c9fda681-6b46-51ee-a111-d3f89ac31cab,BV-01_20260727_0014.jpg,2026-07-27 08:41:38,BV-01,smartphone,saudavel,saudavel,0.8420,agrosmart-v1,simulado,sim-2026-07
b6cd4808-6df8-5c63-8154-b63028870cbf,TI-03_20260727_0013.jpg,2026-07-27 08:42:00,TI-03,drone,saudavel,saudavel,0.9204,agrosmart-v1,simulado,sim-2026-07
299bbb16-8a3a-58cd-ada8-a6e00900e5ec,BV-01_20260727_0015.jpg,2026-07-27 08:42:09,BV-01,smartphone,saudavel,saudavel,0.8792,agrosmart-v1,simulado,sim-2026-07
fa9e11cf-86a0-5ba5-852e-bacf0643b249,TI-03_20260727_0014.jpg,2026-07-27 08:42:32,TI-03,drone,saudavel,saudavel,0.9762,agrosmart-v1,simulado,sim-2026-07
3aa2973f-2fc7-58a8-b44e-6799979317f7,BV-01_20260727_0016.jpg,2026-07-27 08:42:43,BV-01,smartphone,saudavel,saudavel,0.9992,agrosmart-v1,simulado,sim-2026-07
cac44551-c31f-5623-9058-78a456d1a8f7,TI-03_20260727_0015.jpg,2026-07-27 08:43:00,TI-03,drone,saudavel,saudavel,0.9950,agrosmart-v1,simulado,sim-2026-07
bf052c0a-023f-52c4-92d3-6688a58772ee,BV-01_20260727_0017.jpg,2026-07-27 08:43:35,BV-01,smartphone,saudavel,saudavel,0.9424,agrosmart-v1,simulado,sim-2026-07
980fbe9d-5e31-5250-b9d7-0a003916a75f,TI-03_20260727_0016.jpg,2026-07-27 08:44:08,TI-03,drone,saudavel,saudavel,0.9975,agrosmart-v1,simulado,sim-2026-07
a6c60168-0836-54d2-a0c7-91b8c9df165b,BV-01_20260727_0018.jpg,2026-07-27 08:44:25,BV-01,smartphone,saudavel,saudavel,0.8747,agrosmart-v1,simulado,sim-2026-07
f612747e-649a-57bc-ac7d-e3be88f2b5c2,BV-01_20260727_0019.jpg,2026-07-27 08:44:44,BV-01,smartphone,saudavel,saudavel,0.9541,agrosmart-v1,simulado,sim-2026-07
23229cbf-25ab-56e9-ae76-12571fc4d0f2,TI-03_20260727_0017.jpg,2026-07-27 08:44:48,TI-03,drone,doente,mosca_minadora,0.9531,agrosmart-v1,simulado,sim-2026-07
14c5df9d-84d4-5a8f-afc0-f70cde1517ea,TI-03_20260727_0018.jpg,2026-07-27 08:45:06,TI-03,drone,saudavel,saudavel,0.9733,agrosmart-v1,simulado,sim-2026-07
c690d05b-99c1-589c-a92f-6af1a62c8865,BV-01_20260727_0020.jpg,2026-07-27 08:45:34,BV-01,smartphone,saudavel,saudavel,0.9960,agrosmart-v1,simulado,sim-2026-07
8b63e1a0-55c6-554b-83c2-1df0cda78065,TI-03_20260727_0019.jpg,2026-07-27 08:45:57,TI-03,drone,saudavel,saudavel,0.8664,agrosmart-v1,simulado,sim-2026-07
147bd555-5c47-5617-9135-5576daa6afd7,BV-01_20260727_0021.jpg,2026-07-27 08:46:02,BV-01,smartphone,saudavel,saudavel,0.9205,agrosmart-v1,simulado,sim-2026-07
28bfd507-eaec-57f7-97ec-5a41a025116a,TI-03_20260727_0020.jpg,2026-07-27 08:46:38,TI-03,drone,saudavel,saudavel,0.9976,agrosmart-v1,simulado,sim-2026-07
e485a1ef-471c-5d75-888a-478fb06b0529,BV-01_20260727_0022.jpg,2026-07-27 08:46:47,BV-01,smartphone,saudavel,saudavel,0.9793,agrosmart-v1,simulado,sim-2026-07
88cf0aa0-3912-5e59-aeed-e2bf9c652caa,TI-03_20260727_0021.jpg,2026-07-27 08:47:11,TI-03,drone,saudavel,saudavel,0.9735,agrosmart-v1,simulado,sim-2026-07
9543ac92-30f5-5db3-af7b-899f8d6a11b9,TI-03_20260727_0022.jpg,2026-07-27 08:47:41,TI-03,drone,saudavel,saudavel,0.7107,agrosmart-v1,simulado,sim-2026-07
8754fa2e-92ca-55d2-8e88-8299bd52b52b,TI-03_20260727_0023.jpg,2026-07-27 08:48:45,TI-03,drone,saudavel,saudavel,0.8970,agrosmart-v1,simulado,sim-2026-07
3d0565ff-769f-59a9-ad4f-9556f42e8ea3,TI-03_20260727_0024.jpg,2026-07-27 08:49:02,TI-03,drone,saudavel,saudavel,0.9151,agrosmart-v1,simulado,sim-2026-07
23b90a2a-4f81-5285-a7ec-9daf7d32b340,TI-03_20260727_0025.jpg,2026-07-27 08:50:06,TI-03,drone,saudavel,saudavel,0.9854,agrosmart-v1,simulado,sim-2026-07
cf382cfd-4a71-5b4a-93ac-61c88a834a53,TI-03_20260727_0026.jpg,2026-07-27 08:50:23,TI-03,drone,saudavel,saudavel,0.9896,agrosmart-v1,simulado,sim-2026-07
dcacb932-fe22-5d8b-8fc5-172d5367eb27,TI-03_20260727_0027.jpg,2026-07-27 08:51:24,TI-03,drone,saudavel,saudavel,0.9179,agrosmart-v1,simulado,sim-2026-07
a1fb8eed-08ab-559e-bf1b-0a52d82e1268,TI-03_20260727_0028.jpg,2026-07-27 08:51:43,TI-03,drone,saudavel,saudavel,0.8818,agrosmart-v1,simulado,sim-2026-07
08c1e538-71da-5e03-9c7e-e1ae0ece0b32,TI-03_20260727_0029.jpg,2026-07-27 08:52:35,TI-03,drone,saudavel,saudavel,0.8784,agrosmart-v1,simulado,sim-2026-07
da7f1324-9a1b-5398-a315-45a768b44d09,TI-03_20260727_0030.jpg,2026-07-27 08:53:18,TI-03,drone,saudavel,saudavel,0.9988,agrosmart-v1,simulado,sim-2026-07
7dfe056b-c557-5c3a-9afa-187314371182,TI-03_20260727_0031.jpg,2026-07-27 08:54:02,TI-03,drone,saudavel,saudavel,0.8465,agrosmart-v1,simulado,sim-2026-07
d3b3412e-ca7a-56d2-8dd9-981327e70279,TI-03_20260727_0032.jpg,2026-07-27 08:54:24,TI-03,drone,saudavel,saudavel,0.8834,agrosmart-v1,simulado,sim-2026-07
22fd45ef-19db-5125-a1ab-89b6e982a7ba,TI-03_20260727_0033.jpg,2026-07-27 08:55:07,TI-03,drone,saudavel,saudavel,0.9993,agrosmart-v1,simulado,sim-2026-07
92a8acd7-bc08-5e47-b356-3f6f9f2125a2,TI-03_20260727_0034.jpg,2026-07-27 08:55:43,TI-03,drone,doente,mosca_minadora,0.9701,agrosmart-v1,simulado,sim-2026-07
b885c6ea-829d-5791-8383-1143bfa32e60,TI-03_20260727_0035.jpg,2026-07-27 08:56:45,TI-03,drone,saudavel,saudavel,0.9588,agrosmart-v1,simulado,sim-2026-07
7d36e468-9d0b-5ca3-bbcd-1173af0df420,TI-03_20260727_0036.jpg,2026-07-27 08:57:13,TI-03,drone,saudavel,saudavel,0.9439,agrosmart-v1,simulado,sim-2026-07
5d1bef9c-a82f-561c-a396-7ff94ec3b16f,TI-03_20260727_0037.jpg,2026-07-27 08:57:52,TI-03,drone,saudavel,saudavel,0.9215,agrosmart-v1,simulado,sim-2026-07
8e8e8ec1-a203-5b75-8099-3e9bde3bf950,TI-03_20260727_0038.jpg,2026-07-27 08:58:42,TI-03,drone,saudavel,saudavel,0.9545,agrosmart-v1,simulado,sim-2026-07
223957dd-a12c-580f-ace1-ed78edfa3d74,TI-03_20260727_0039.jpg,2026-07-27 08:59:18,TI-03,drone,saudavel,saudavel,0.9567,agrosmart-v1,simulado,sim-2026-07
cd1620c7-b5d2-562b-86fe-a490a48c24e2,TI-02_20260727_0001.jpg,2026-07-27 09:10:58,TI-02,drone,saudavel,saudavel,0.9799,agrosmart-v1,simulado,sim-2026-07
9806a3c9-617f-5707-8872-db546dd2a0cf,TI-02_20260727_0002.jpg,2026-07-27 09:11:29,TI-02,drone,doente,pinta_preta,0.9869,agrosmart-v1,simulado,sim-2026-07
a84fb51b-843b-5404-8e82-b99f35aef50e,TI-02_20260727_0003.jpg,2026-07-27 09:12:22,TI-02,drone,saudavel,saudavel,0.9555,agrosmart-v1,simulado,sim-2026-07
5bfb29a0-4555-534e-a9bc-d9ac3cac757a,TI-02_20260727_0004.jpg,2026-07-27 09:13:10,TI-02,drone,saudavel,saudavel,0.9527,agrosmart-v1,simulado,sim-2026-07
ab5fcc20-a6e7-54ac-aeee-15a80576daba,TI-02_20260727_0005.jpg,2026-07-27 09:13:25,TI-02,drone,saudavel,saudavel,0.9956,agrosmart-v1,simulado,sim-2026-07
f2b16b92-7e73-54e3-94f1-9612be674499,BV-03_20260727_0001.jpg,2026-07-27 09:13:44,BV-03,smartphone,saudavel,saudavel,0.9816,agrosmart-v1,simulado,sim-2026-07
adede351-a1f1-5d7c-b93f-0ab42187a3d6,TI-02_20260727_0006.jpg,2026-07-27 09:14:07,TI-02,drone,saudavel,saudavel,0.9996,agrosmart-v1,simulado,sim-2026-07
bda0b2ff-44d6-5ce5-9391-4a099cd98baf,BV-03_20260727_0002.jpg,2026-07-27 09:14:47,BV-03,smartphone,saudavel,saudavel,0.9524,agrosmart-v1,simulado,sim-2026-07
a96d61bf-aa5f-55d2-ae21-97fbee19d3df,BV-03_20260727_0003.jpg,2026-07-27 09:15:03,BV-03,smartphone,saudavel,saudavel,0.9954,agrosmart-v1,simulado,sim-2026-07
9e3ba94c-08bc-5f36-8696-c4715379bdce,TI-02_20260727_0007.jpg,2026-07-27 09:15:08,TI-02,drone,saudavel,saudavel,0.8200,agrosmart-v1,simulado,sim-2026-07
57dfd895-66e3-549f-80ac-947432c69d1e,TI-02_20260727_0008.jpg,2026-07-27 09:15:44,TI-02,drone,saudavel,saudavel,0.9399,agrosmart-v1,simulado,sim-2026-07
c1379fad-0b97-5d68-b0cc-b468eaf9c888,BV-03_20260727_0004.jpg,2026-07-27 09:15:47,BV-03,smartphone,saudavel,saudavel,0.8569,agrosmart-v1,simulado,sim-2026-07
3271f69b-e49d-55b8-a9d5-05e228b39495,TI-02_20260727_0009.jpg,2026-07-27 09:16:14,TI-02,drone,saudavel,saudavel,0.9086,agrosmart-v1,simulado,sim-2026-07
564b4c22-19e3-55c9-9139-d659d54847b4,BV-03_20260727_0005.jpg,2026-07-27 09:16:40,BV-03,smartphone,doente,mosca_minadora,0.9458,agrosmart-v1,simulado,sim-2026-07
3b482409-f207-5c68-9897-120b4e285628,TI-02_20260727_0010.jpg,2026-07-27 09:16:46,TI-02,drone,saudavel,saudavel,0.7604,agrosmart-v1,simulado,sim-2026-07
5b2ada94-5aa3-5436-a75e-2ae5d99ee03b,BV-03_20260727_0006.jpg,2026-07-27 09:17:24,BV-03,smartphone,saudavel,saudavel,0.9620,agrosmart-v1,simulado,sim-2026-07
41cadac5-2623-5c19-9e1f-124073bac5aa,TI-02_20260727_0011.jpg,2026-07-27 09:17:30,TI-02,drone,saudavel,saudavel,0.9998,agrosmart-v1,simulado,sim-2026-07
42a09695-222f-58ce-876a-d62808a7f2bd,BV-03_20260727_0007.jpg,2026-07-27 09:17:49,BV-03,smartphone,saudavel,saudavel,0.9921,agrosmart-v1,simulado,sim-2026-07
2fee7151-79fa-56e9-b356-815b4e0107b4,TI-02_20260727_0012.jpg,2026-07-27 09:18:28,TI-02,drone,saudavel,saudavel,0.9573,agrosmart-v1,simulado,sim-2026-07
8db3c926-acdb-5030-8d4e-0d85cf42f40c,BV-03_20260727_0008.jpg,2026-07-27 09:18:34,BV-03,smartphone,saudavel,saudavel,1.0000,agrosmart-v1,simulado,sim-2026-07
b01daa98-b6ea-5600-9c0c-b37ce61da848,TI-02_20260727_0013.jpg,2026-07-27 09:18:59,TI-02,drone,saudavel,saudavel,0.9527,agrosmart-v1,simulado,sim-2026-07
2c8476f9-c281-520f-8e94-6cc478b8eb94,BV-03_20260727_0009.jpg,2026-07-27 09:19:26,BV-03,smartphone,saudavel,saudavel,0.9223,agrosmart-v1,simulado,sim-2026-07
f8c80222-4975-5ded-a41f-8758142e4bd9,SC-03_20260727_0001.jpg,2026-07-27 09:19:41,SC-03,smartphone,saudavel,saudavel,0.9740,agrosmart-v1,simulado,sim-2026-07
8cbe7476-9717-5eff-8a81-22543e0dce11,TI-02_20260727_0014.jpg,2026-07-27 09:19:50,TI-02,drone,saudavel,saudavel,0.8498,agrosmart-v1,simulado,sim-2026-07
f0589dd8-af7c-543c-9660-6df24cde3dfa,BV-03_20260727_0010.jpg,2026-07-27 09:20:01,BV-03,smartphone,saudavel,saudavel,0.9985,agrosmart-v1,simulado,sim-2026-07
7652ab64-4ce1-5ad6-a595-8ec8e44130b3,TI-02_20260727_0015.jpg,2026-07-27 09:20:02,TI-02,drone,saudavel,saudavel,0.9659,agrosmart-v1,simulado,sim-2026-07
dd9aeb95-8b39-57cf-9f9d-fdcbb9c4b6df,SC-03_20260727_0002.jpg,2026-07-27 09:20:37,SC-03,smartphone,saudavel,saudavel,0.8709,agrosmart-v1,simulado,sim-2026-07
ae262fc7-739b-56aa-ba26-cbb7fb6f8db3,TI-02_20260727_0016.jpg,2026-07-27 09:20:41,TI-02,drone,saudavel,saudavel,0.9779,agrosmart-v1,simulado,sim-2026-07
47ea24b3-64a1-5085-b9aa-7d450864727d,BV-03_20260727_0011.jpg,2026-07-27 09:20:49,BV-03,smartphone,saudavel,saudavel,0.8948,agrosmart-v1,simulado,sim-2026-07
a2591ce8-2957-57ac-a684-0d22ae9711bb,SC-03_20260727_0003.jpg,2026-07-27 09:21:08,SC-03,smartphone,saudavel,saudavel,0.9381,agrosmart-v1,simulado,sim-2026-07
91add20f-b609-5c50-b335-50554c6b91af,BV-03_20260727_0012.jpg,2026-07-27 09:21:16,BV-03,smartphone,saudavel,saudavel,0.8908,agrosmart-v1,simulado,sim-2026-07
83aac375-c58b-55c2-b58a-adfbe2cf8432,TI-02_20260727_0017.jpg,2026-07-27 09:21:35,TI-02,drone,doente,vaquinha,0.9876,agrosmart-v1,simulado,sim-2026-07
5728bf26-22dd-5032-9f13-b0ad65ba61e8,SC-03_20260727_0004.jpg,2026-07-27 09:21:51,SC-03,smartphone,saudavel,saudavel,0.9980,agrosmart-v1,simulado,sim-2026-07
579d276a-1061-53f3-b02a-05f31adafe1b,BV-03_20260727_0013.jpg,2026-07-27 09:22:06,BV-03,smartphone,saudavel,saudavel,0.9792,agrosmart-v1,simulado,sim-2026-07
78531d82-ec48-5576-ab42-8c7ac568c2e1,SC-03_20260727_0005.jpg,2026-07-27 09:22:25,SC-03,smartphone,saudavel,saudavel,0.8300,agrosmart-v1,simulado,sim-2026-07
8fd95dd1-b981-5a28-bc6b-5d2c960db9f2,TI-02_20260727_0018.jpg,2026-07-27 09:22:26,TI-02,drone,saudavel,saudavel,0.8954,agrosmart-v1,simulado,sim-2026-07
36ac4474-9ed6-5e53-b495-18786ad95453,BV-03_20260727_0014.jpg,2026-07-27 09:22:39,BV-03,smartphone,saudavel,saudavel,0.8742,agrosmart-v1,simulado,sim-2026-07
6a0a5f87-8dfb-57dc-84ab-98b1eeb8f9ec,TI-02_20260727_0019.jpg,2026-07-27 09:23:03,TI-02,drone,doente,vaquinha,0.9338,agrosmart-v1,simulado,sim-2026-07
53c79a39-ea1d-5bc4-a3e9-24295c59b30e,TI-02_20260727_0020.jpg,2026-07-27 09:23:23,TI-02,drone,saudavel,saudavel,0.9849,agrosmart-v1,simulado,sim-2026-07
f2983ca8-efc3-5ce3-956d-f97d8123f490,SC-03_20260727_0006.jpg,2026-07-27 09:23:28,SC-03,smartphone,saudavel,saudavel,1.0000,agrosmart-v1,simulado,sim-2026-07
7da35bc0-00a5-5476-9148-9e29bc0002ff,BV-03_20260727_0015.jpg,2026-07-27 09:23:29,BV-03,smartphone,saudavel,saudavel,0.9968,agrosmart-v1,simulado,sim-2026-07
902160da-5e34-5d19-826d-c1998283d09e,BV-03_20260727_0016.jpg,2026-07-27 09:23:47,BV-03,smartphone,saudavel,saudavel,0.9974,agrosmart-v1,simulado,sim-2026-07
53f50de3-0ab4-5f5f-8186-c8b1b60c4e99,SC-03_20260727_0007.jpg,2026-07-27 09:23:56,SC-03,smartphone,saudavel,saudavel,0.9503,agrosmart-v1,simulado,sim-2026-07
cd431e2d-5789-598b-86b0-5766bbb1bcf9,TI-02_20260727_0021.jpg,2026-07-27 09:24:24,TI-02,drone,saudavel,saudavel,0.8565,agrosmart-v1,simulado,sim-2026-07
dff328a6-b467-554d-b28e-95581091f7c5,SC-03_20260727_0008.jpg,2026-07-27 09:24:36,SC-03,smartphone,saudavel,saudavel,0.8686,agrosmart-v1,simulado,sim-2026-07
a175f0b3-a6b1-5712-ac9c-7702acb21a10,TI-02_20260727_0022.jpg,2026-07-27 09:24:41,TI-02,drone,saudavel,saudavel,0.9948,agrosmart-v1,simulado,sim-2026-07
939cc11a-8afe-5bb8-bfd2-b1b3173de8d0,BV-03_20260727_0017.jpg,2026-07-27 09:24:50,BV-03,smartphone,saudavel,saudavel,0.8269,agrosmart-v1,simulado,sim-2026-07
15d45d94-a7a7-51f7-a716-b249e742541e,SC-03_20260727_0009.jpg,2026-07-27 09:25:05,SC-03,smartphone,doente,vaquinha,0.9593,agrosmart-v1,simulado,sim-2026-07
aad0aacd-c889-542f-a1ce-bba87c32350b,BV-03_20260727_0018.jpg,2026-07-27 09:25:07,BV-03,smartphone,saudavel,saudavel,0.8767,agrosmart-v1,simulado,sim-2026-07
e9577e40-5ade-5f2e-a862-0306863fd979,TI-02_20260727_0023.jpg,2026-07-27 09:25:24,TI-02,drone,saudavel,saudavel,0.8634,agrosmart-v1,simulado,sim-2026-07
61cb65e7-ba78-54eb-921e-15377018ec69,TI-02_20260727_0024.jpg,2026-07-27 09:26:01,TI-02,drone,saudavel,saudavel,0.8271,agrosmart-v1,simulado,sim-2026-07
442cd05e-b7e3-5453-98f1-8f3bd22f1fa4,BV-03_20260727_0019.jpg,2026-07-27 09:26:02,BV-03,smartphone,saudavel,saudavel,0.8952,agrosmart-v1,simulado,sim-2026-07
3c6a4210-a07a-527f-9716-1d891ec16746,SC-03_20260727_0010.jpg,2026-07-27 09:26:05,SC-03,smartphone,saudavel,saudavel,0.9140,agrosmart-v1,simulado,sim-2026-07
2ca11746-2925-5d86-87fd-7a4457772009,SC-03_20260727_0011.jpg,2026-07-27 09:26:25,SC-03,smartphone,saudavel,saudavel,0.9787,agrosmart-v1,simulado,sim-2026-07
1c560a60-295b-569b-90f6-d993a6117b13,TI-02_20260727_0025.jpg,2026-07-27 09:26:40,TI-02,drone,saudavel,saudavel,0.8496,agrosmart-v1,simulado,sim-2026-07
c6de04e8-1558-5438-ab37-abb8516cc067,BV-03_20260727_0020.jpg,2026-07-27 09:26:46,BV-03,smartphone,saudavel,saudavel,0.8850,agrosmart-v1,simulado,sim-2026-07
87a998b7-8003-5338-8950-1887b76d924f,TI-04_20260727_0001.jpg,2026-07-27 09:27:06,TI-04,drone,saudavel,saudavel,0.9475,agrosmart-v1,simulado,sim-2026-07
3fb1de70-6b69-55c0-b07b-ebfb5ddeb6a0,SC-03_20260727_0012.jpg,2026-07-27 09:27:15,SC-03,smartphone,saudavel,saudavel,0.9042,agrosmart-v1,simulado,sim-2026-07
bf8b7045-3e41-5d06-93f4-648fae0af9c0,BV-03_20260727_0021.jpg,2026-07-27 09:27:20,BV-03,smartphone,saudavel,saudavel,0.9189,agrosmart-v1,simulado,sim-2026-07
b20dcf5e-8e58-5ac2-90bb-b8600434101a,TI-04_20260727_0002.jpg,2026-07-27 09:27:33,TI-04,drone,saudavel,saudavel,0.9074,agrosmart-v1,simulado,sim-2026-07
71ab640c-6f8b-5023-91b9-21e1cf505ed2,TI-02_20260727_0026.jpg,2026-07-27 09:27:34,TI-02,drone,saudavel,saudavel,0.9436,agrosmart-v1,simulado,sim-2026-07
fc88cdf9-2618-51ec-8ebb-29582be9bea6,SC-03_20260727_0013.jpg,2026-07-27 09:28:01,SC-03,smartphone,saudavel,saudavel,0.9991,agrosmart-v1,simulado,sim-2026-07
b910341d-aa59-50b4-ac69-adaef363f12d,TI-04_20260727_0003.jpg,2026-07-27 09:28:04,TI-04,drone,saudavel,saudavel,0.8942,agrosmart-v1,simulado,sim-2026-07
5cf06eb5-bcc4-549c-9bc4-21bdb6a1d155,BV-03_20260727_0022.jpg,2026-07-27 09:28:05,BV-03,smartphone,saudavel,saudavel,0.9641,agrosmart-v1,simulado,sim-2026-07
1485a2f8-31f2-5fd0-a52e-c971f8f86802,TI-02_20260727_0027.jpg,2026-07-27 09:28:23,TI-02,drone,saudavel,saudavel,0.9892,agrosmart-v1,simulado,sim-2026-07
a855d113-d511-5986-8454-accd3aa78626,BV-03_20260727_0023.jpg,2026-07-27 09:28:28,BV-03,smartphone,saudavel,saudavel,0.8874,agrosmart-v1,simulado,sim-2026-07
db9c96fe-6c02-5c3f-9509-0c403515b247,SC-03_20260727_0014.jpg,2026-07-27 09:28:28,SC-03,smartphone,saudavel,saudavel,0.9992,agrosmart-v1,simulado,sim-2026-07
0c3304ff-655d-5072-8ad2-cad89eb92b75,TI-04_20260727_0004.jpg,2026-07-27 09:28:45,TI-04,drone,saudavel,saudavel,0.9805,agrosmart-v1,simulado,sim-2026-07
4c915ce7-9152-5aa8-9857-325587db044b,TI-02_20260727_0028.jpg,2026-07-27 09:28:50,TI-02,drone,saudavel,saudavel,0.9869,agrosmart-v1,simulado,sim-2026-07
66a77a9e-8679-5093-b2c3-7aaa1f97b79e,BV-03_20260727_0024.jpg,2026-07-27 09:29:10,BV-03,smartphone,saudavel,saudavel,0.9366,agrosmart-v1,simulado,sim-2026-07
4a595ed9-8d4b-59fe-aee4-7d2b2d7b51cf,TI-04_20260727_0005.jpg,2026-07-27 09:29:21,TI-04,drone,saudavel,saudavel,0.9770,agrosmart-v1,simulado,sim-2026-07
99f0d9b6-d089-5fe6-8f4d-0087bd5eba18,TI-02_20260727_0029.jpg,2026-07-27 09:29:26,TI-02,drone,doente,vaquinha,0.8414,agrosmart-v1,simulado,sim-2026-07
4c5d3224-0b1a-5cfd-babd-c133bbbe630d,SC-03_20260727_0015.jpg,2026-07-27 09:29:30,SC-03,smartphone,saudavel,saudavel,0.9471,agrosmart-v1,simulado,sim-2026-07
96912c60-2eb9-5401-8ab2-96e2e6c8eaf0,SC-03_20260727_0016.jpg,2026-07-27 09:29:54,SC-03,smartphone,saudavel,saudavel,0.8863,agrosmart-v1,simulado,sim-2026-07
68c554c2-5dff-599c-abec-3ca0eb037740,BV-03_20260727_0025.jpg,2026-07-27 09:30:06,BV-03,smartphone,saudavel,saudavel,0.9466,agrosmart-v1,simulado,sim-2026-07
5a3868f0-2fe1-5de4-96c2-8f300524dd6d,TI-02_20260727_0030.jpg,2026-07-27 09:30:12,TI-02,drone,saudavel,saudavel,0.9989,agrosmart-v1,simulado,sim-2026-07
070b3518-8c4a-5158-9ed1-4c8981b77b96,TI-04_20260727_0006.jpg,2026-07-27 09:30:19,TI-04,drone,saudavel,saudavel,0.9366,agrosmart-v1,simulado,sim-2026-07
48e57649-dd02-5df5-bee2-04536eefc9de,SC-03_20260727_0017.jpg,2026-07-27 09:30:34,SC-03,smartphone,saudavel,saudavel,0.9978,agrosmart-v1,simulado,sim-2026-07
5959d74c-c2a1-50a0-a83e-1efea22dc34f,TI-04_20260727_0007.jpg,2026-07-27 09:30:46,TI-04,drone,saudavel,saudavel,0.9997,agrosmart-v1,simulado,sim-2026-07
fbabac65-5562-5391-a876-5bc8496b225a,TI-02_20260727_0031.jpg,2026-07-27 09:31:03,TI-02,drone,saudavel,saudavel,0.9944,agrosmart-v1,simulado,sim-2026-07
eb601d39-fa05-52b9-8b0e-2d01688e652b,SC-03_20260727_0018.jpg,2026-07-27 09:31:22,SC-03,smartphone,saudavel,saudavel,0.9999,agrosmart-v1,simulado,sim-2026-07
d736c1e3-8a82-5917-99bf-a9930f1c893b,TI-04_20260727_0008.jpg,2026-07-27 09:31:22,TI-04,drone,saudavel,saudavel,0.9925,agrosmart-v1,simulado,sim-2026-07
87a8c9d4-14bd-5196-a560-d26c4edb980d,TI-02_20260727_0032.jpg,2026-07-27 09:31:23,TI-02,drone,saudavel,saudavel,0.9987,agrosmart-v1,simulado,sim-2026-07
2aa1da81-c120-5d18-9111-8ff92a38576a,TI-04_20260727_0009.jpg,2026-07-27 09:32:02,TI-04,drone,saudavel,saudavel,0.8387,agrosmart-v1,simulado,sim-2026-07
730d52d9-2734-53a1-9414-2dbfd7c8a55f,SC-03_20260727_0019.jpg,2026-07-27 09:32:09,SC-03,smartphone,saudavel,saudavel,0.9720,agrosmart-v1,simulado,sim-2026-07
be4b61f6-59e2-5028-b459-76035f3dcf53,TI-02_20260727_0033.jpg,2026-07-27 09:32:20,TI-02,drone,saudavel,saudavel,0.9961,agrosmart-v1,simulado,sim-2026-07
b92cf679-0c53-5980-b764-3bba4b43292a,SC-03_20260727_0020.jpg,2026-07-27 09:32:40,SC-03,smartphone,saudavel,saudavel,0.9852,agrosmart-v1,simulado,sim-2026-07
a93b44b5-b8a6-51e0-a97d-48eb95149cf4,SC-03_20260727_0021.jpg,2026-07-27 09:33:01,SC-03,smartphone,saudavel,saudavel,0.8870,agrosmart-v1,simulado,sim-2026-07
254e68c1-8d2c-5370-80f2-6e5a6ecd3a4b,TI-04_20260727_0010.jpg,2026-07-27 09:33:03,TI-04,drone,saudavel,saudavel,0.8375,agrosmart-v1,simulado,sim-2026-07
f1b8b0ea-af2d-5bf7-8cb9-6cad59ebc149,TI-02_20260727_0034.jpg,2026-07-27 09:33:09,TI-02,drone,saudavel,saudavel,0.9269,agrosmart-v1,simulado,sim-2026-07
0260993a-e643-5ee9-a5e3-d3103284d416,TI-02_20260727_0035.jpg,2026-07-27 09:33:42,TI-02,drone,saudavel,saudavel,0.8294,agrosmart-v1,simulado,sim-2026-07
61636588-9e4b-5ce9-8894-130271d32d83,TI-04_20260727_0011.jpg,2026-07-27 09:33:43,TI-04,drone,saudavel,saudavel,0.9514,agrosmart-v1,simulado,sim-2026-07
44ff39fd-706e-56b6-b853-5a86e1d0702e,SC-03_20260727_0022.jpg,2026-07-27 09:34:02,SC-03,smartphone,saudavel,saudavel,0.8360,agrosmart-v1,simulado,sim-2026-07
02e028e5-ee8c-59d4-a585-d024be0a3f8a,TI-04_20260727_0012.jpg,2026-07-27 09:34:04,TI-04,drone,saudavel,saudavel,0.8977,agrosmart-v1,simulado,sim-2026-07
05b40e61-374e-5724-bac7-3dfc44a22004,TI-02_20260727_0036.jpg,2026-07-27 09:34:10,TI-02,drone,saudavel,saudavel,0.9464,agrosmart-v1,simulado,sim-2026-07
33dcb8c3-4a4a-5956-add5-176c695f8c42,SC-03_20260727_0023.jpg,2026-07-27 09:34:39,SC-03,smartphone,saudavel,saudavel,0.9984,agrosmart-v1,simulado,sim-2026-07
9b46d0f4-2628-5a9e-9d6b-cd00ad47234f,TI-02_20260727_0037.jpg,2026-07-27 09:34:45,TI-02,drone,saudavel,saudavel,0.9637,agrosmart-v1,simulado,sim-2026-07
4dc46578-a02a-5a8e-99dd-d7bb0a3b6e25,TI-04_20260727_0013.jpg,2026-07-27 09:34:46,TI-04,drone,saudavel,saudavel,0.9536,agrosmart-v1,simulado,sim-2026-07
945d66b1-4be1-522c-9df9-c781796b468b,SC-03_20260727_0024.jpg,2026-07-27 09:35:24,SC-03,smartphone,saudavel,saudavel,0.8880,agrosmart-v1,simulado,sim-2026-07
b24bba89-92db-5175-af85-7e8b879b53e8,TI-04_20260727_0014.jpg,2026-07-27 09:35:43,TI-04,drone,saudavel,saudavel,0.8798,agrosmart-v1,simulado,sim-2026-07
64d24720-744a-5a8a-ac9b-f90782d0f731,TI-02_20260727_0038.jpg,2026-07-27 09:35:44,TI-02,drone,saudavel,saudavel,0.9263,agrosmart-v1,simulado,sim-2026-07
3942df19-5f38-505b-a883-37f3e29c70ec,SC-03_20260727_0025.jpg,2026-07-27 09:35:58,SC-03,smartphone,saudavel,saudavel,0.9554,agrosmart-v1,simulado,sim-2026-07
a4b187a7-4aa9-50e9-bc5e-30db13af3c30,TI-02_20260727_0039.jpg,2026-07-27 09:36:19,TI-02,drone,saudavel,saudavel,0.9800,agrosmart-v1,simulado,sim-2026-07
81de2ee9-1933-5e99-ac4e-b055d8737df2,TI-04_20260727_0015.jpg,2026-07-27 09:36:21,TI-04,drone,saudavel,saudavel,0.9870,agrosmart-v1,simulado,sim-2026-07
8fe5d28d-3f1b-5981-9e9b-49f5a5d4db8a,SC-03_20260727_0026.jpg,2026-07-27 09:36:32,SC-03,smartphone,saudavel,saudavel,0.9809,agrosmart-v1,simulado,sim-2026-07
de1a14ba-4d83-54ec-b895-1e2514d0bc61,TI-04_20260727_0016.jpg,2026-07-27 09:36:41,TI-04,drone,saudavel,saudavel,0.8202,agrosmart-v1,simulado,sim-2026-07
770facda-294b-5337-b8e1-7f73fd379472,TI-02_20260727_0040.jpg,2026-07-27 09:36:57,TI-02,drone,saudavel,saudavel,0.8507,agrosmart-v1,simulado,sim-2026-07
1d135dc3-cd7d-5e34-b196-ace61e467af6,SC-03_20260727_0027.jpg,2026-07-27 09:37:19,SC-03,smartphone,saudavel,saudavel,0.7683,agrosmart-v1,simulado,sim-2026-07
6c8928fa-a58e-549b-aa6c-b2468e1a701a,TI-04_20260727_0017.jpg,2026-07-27 09:37:29,TI-04,drone,saudavel,saudavel,0.9851,agrosmart-v1,simulado,sim-2026-07
36bae15a-c34b-5a40-8ed7-2ebc00b14e11,TI-02_20260727_0041.jpg,2026-07-27 09:37:36,TI-02,drone,saudavel,saudavel,0.9901,agrosmart-v1,simulado,sim-2026-07
bfd3acec-04d5-5437-a7e4-87fc2ab3bfa0,SC-03_20260727_0028.jpg,2026-07-27 09:37:42,SC-03,smartphone,saudavel,saudavel,1.0000,agrosmart-v1,simulado,sim-2026-07
560bd512-d38d-511f-90e0-2df657960a13,TI-04_20260727_0018.jpg,2026-07-27 09:38:17,TI-04,drone,saudavel,saudavel,0.9678,agrosmart-v1,simulado,sim-2026-07
4b15a0a6-54c4-5bd1-93c4-5352e7f51ae6,TI-02_20260727_0042.jpg,2026-07-27 09:38:24,TI-02,drone,saudavel,saudavel,0.8864,agrosmart-v1,simulado,sim-2026-07
c9a92ad6-02a3-53e5-8d6e-c53821e4094d,SC-03_20260727_0029.jpg,2026-07-27 09:38:47,SC-03,smartphone,saudavel,saudavel,0.9474,agrosmart-v1,simulado,sim-2026-07
a5772706-e8f4-552b-9455-6677a209b656,TI-02_20260727_0043.jpg,2026-07-27 09:38:51,TI-02,drone,saudavel,saudavel,0.9983,agrosmart-v1,simulado,sim-2026-07
d04161b4-08d0-5e23-9c1c-a5fda79e8fad,SC-03_20260727_0030.jpg,2026-07-27 09:39:03,SC-03,smartphone,saudavel,saudavel,0.9516,agrosmart-v1,simulado,sim-2026-07
270091fc-bb84-5125-92aa-678b64bb5a6b,TI-04_20260727_0019.jpg,2026-07-27 09:39:07,TI-04,drone,saudavel,saudavel,0.8470,agrosmart-v1,simulado,sim-2026-07
fa6c6014-c7a6-5644-973e-fdf69c360f92,TI-02_20260727_0044.jpg,2026-07-27 09:39:28,TI-02,drone,saudavel,saudavel,0.8497,agrosmart-v1,simulado,sim-2026-07
a8125b0d-3069-5f0f-9857-cd6591c0de27,TI-04_20260727_0020.jpg,2026-07-27 09:39:45,TI-04,drone,saudavel,saudavel,0.9122,agrosmart-v1,simulado,sim-2026-07
bff478f8-834e-593a-8345-997a6cdb4e35,SC-03_20260727_0031.jpg,2026-07-27 09:40:03,SC-03,smartphone,saudavel,saudavel,0.9591,agrosmart-v1,simulado,sim-2026-07
457c2cd1-64a6-558a-a926-ea03193bb2ad,TI-04_20260727_0021.jpg,2026-07-27 09:40:22,TI-04,drone,saudavel,saudavel,0.8511,agrosmart-v1,simulado,sim-2026-07
6e331512-f8c8-51f7-90d9-4bb7146bebd0,TI-02_20260727_0045.jpg,2026-07-27 09:40:29,TI-02,drone,saudavel,saudavel,0.9223,agrosmart-v1,simulado,sim-2026-07
08bcbec7-a622-50c8-a640-89acc182147a,SC-03_20260727_0032.jpg,2026-07-27 09:40:38,SC-03,smartphone,saudavel,saudavel,0.9170,agrosmart-v1,simulado,sim-2026-07
6125c99a-a96d-5c64-866c-47b3a9b5bd54,TI-02_20260727_0046.jpg,2026-07-27 09:40:56,TI-02,drone,saudavel,saudavel,0.8909,agrosmart-v1,simulado,sim-2026-07
9e640b49-cc6e-51b5-847a-b9fa67b9cce1,TI-04_20260727_0022.jpg,2026-07-27 09:40:56,TI-04,drone,saudavel,saudavel,0.8884,agrosmart-v1,simulado,sim-2026-07
013c2a20-6b95-53b6-b9ae-c7cea9a595c8,TI-02_20260727_0047.jpg,2026-07-27 09:41:28,TI-02,drone,saudavel,saudavel,0.9308,agrosmart-v1,simulado,sim-2026-07
24d55d53-ed78-58d3-bb01-f495fa7d7aec,SC-03_20260727_0033.jpg,2026-07-27 09:41:29,SC-03,smartphone,saudavel,saudavel,0.9818,agrosmart-v1,simulado,sim-2026-07
50780aba-1193-5725-8e61-77c71d01d467,SC-03_20260727_0034.jpg,2026-07-27 09:41:42,SC-03,smartphone,saudavel,saudavel,0.9904,agrosmart-v1,simulado,sim-2026-07
753d0329-e6ee-5c76-8641-fa8f77f52303,TI-04_20260727_0023.jpg,2026-07-27 09:41:47,TI-04,drone,saudavel,saudavel,0.8918,agrosmart-v1,simulado,sim-2026-07
5ffcf6c0-c470-57ac-8b89-73cc65c4ae9f,TI-02_20260727_0048.jpg,2026-07-27 09:42:03,TI-02,drone,saudavel,saudavel,0.9916,agrosmart-v1,simulado,sim-2026-07
84c36707-2d10-5ea6-b8fc-01d88e473836,SC-03_20260727_0035.jpg,2026-07-27 09:42:25,SC-03,smartphone,saudavel,saudavel,0.8625,agrosmart-v1,simulado,sim-2026-07
4f9f285a-c20b-5fae-a9d6-a7d0979dbafc,TI-04_20260727_0024.jpg,2026-07-27 09:42:28,TI-04,drone,saudavel,saudavel,0.9875,agrosmart-v1,simulado,sim-2026-07
f111e971-b948-5d6a-a2d0-5469a0807c1e,TI-04_20260727_0025.jpg,2026-07-27 09:42:44,TI-04,drone,saudavel,saudavel,0.9008,agrosmart-v1,simulado,sim-2026-07
024714d2-2cd9-51f8-8f75-373e6d2b6afc,TI-02_20260727_0049.jpg,2026-07-27 09:42:52,TI-02,drone,saudavel,saudavel,0.9890,agrosmart-v1,simulado,sim-2026-07
19a9e9fe-f72e-5da5-a581-ab33734e1ef7,TI-04_20260727_0026.jpg,2026-07-27 09:43:26,TI-04,drone,saudavel,saudavel,0.9578,agrosmart-v1,simulado,sim-2026-07
0622a249-0de1-55f5-9e5e-f10978a87996,SC-04_20260727_0001.jpg,2026-07-27 09:46:05,SC-04,smartphone,saudavel,saudavel,0.9432,agrosmart-v1,simulado,sim-2026-07
461e07e2-f49d-5e3d-b443-fa8e4298a06d,SC-04_20260727_0002.jpg,2026-07-27 09:46:40,SC-04,smartphone,saudavel,saudavel,0.9566,agrosmart-v1,simulado,sim-2026-07
e6310050-c686-5fa4-8bf4-bd0e8638c3df,SC-04_20260727_0003.jpg,2026-07-27 09:47:20,SC-04,smartphone,doente,pinta_preta,0.9976,agrosmart-v1,simulado,sim-2026-07
bb1e4126-fd2f-5125-9184-1a1f76105fbb,SC-04_20260727_0004.jpg,2026-07-27 09:47:53,SC-04,smartphone,saudavel,saudavel,1.0000,agrosmart-v1,simulado,sim-2026-07
56f773a9-967a-5fa5-bd52-1e3dd35c2acb,SC-04_20260727_0005.jpg,2026-07-27 09:48:27,SC-04,smartphone,saudavel,saudavel,0.8745,agrosmart-v1,simulado,sim-2026-07
4e316991-a6ad-5699-8f7b-84762f4e41fb,SC-04_20260727_0006.jpg,2026-07-27 09:49:24,SC-04,smartphone,saudavel,saudavel,0.9353,agrosmart-v1,simulado,sim-2026-07
7a47d047-963d-52bb-abb9-e3bfd2404d48,SC-04_20260727_0007.jpg,2026-07-27 09:50:01,SC-04,smartphone,saudavel,saudavel,0.9716,agrosmart-v1,simulado,sim-2026-07
f2ea7092-5e36-50a7-944b-672371846957,SC-04_20260727_0008.jpg,2026-07-27 09:50:25,SC-04,smartphone,saudavel,saudavel,0.9313,agrosmart-v1,simulado,sim-2026-07
b3b8b29f-bacf-5e44-90f9-5ecb0f89df9f,SC-04_20260727_0009.jpg,2026-07-27 09:51:11,SC-04,smartphone,saudavel,saudavel,0.9411,agrosmart-v1,simulado,sim-2026-07
a0f79eab-471f-5f93-bb09-bc232a48cbc0,SC-04_20260727_0010.jpg,2026-07-27 09:52:06,SC-04,smartphone,saudavel,saudavel,0.8397,agrosmart-v1,simulado,sim-2026-07
6f1f8849-cb90-5be3-8c16-7a2d58681846,SC-04_20260727_0011.jpg,2026-07-27 09:52:38,SC-04,smartphone,saudavel,saudavel,0.9769,agrosmart-v1,simulado,sim-2026-07
89a4e8f8-d8d3-5952-9b7c-6cabcfc7d85d,SC-04_20260727_0012.jpg,2026-07-27 09:53:17,SC-04,smartphone,saudavel,saudavel,0.8949,agrosmart-v1,simulado,sim-2026-07
b350f878-6d0f-5393-8ca8-0b0a4c8dfffc,SC-04_20260727_0013.jpg,2026-07-27 09:53:41,SC-04,smartphone,saudavel,saudavel,0.8933,agrosmart-v1,simulado,sim-2026-07
6e7a420a-7fb2-5bdd-84fb-c366a506740a,SC-04_20260727_0014.jpg,2026-07-27 09:54:32,SC-04,smartphone,saudavel,saudavel,0.9704,agrosmart-v1,simulado,sim-2026-07
8e644ff5-1d45-5f61-baa5-414de7ab3cb9,SC-04_20260727_0015.jpg,2026-07-27 09:55:21,SC-04,smartphone,saudavel,saudavel,0.8849,agrosmart-v1,simulado,sim-2026-07
8f0f4d19-db5d-53b2-8476-4dfe35d75b36,SC-04_20260727_0016.jpg,2026-07-27 09:55:50,SC-04,smartphone,saudavel,saudavel,0.9780,agrosmart-v1,simulado,sim-2026-07
0b2084d5-a6fb-5c57-a66c-19530757546f,SC-04_20260727_0017.jpg,2026-07-27 09:56:33,SC-04,smartphone,saudavel,saudavel,0.8822,agrosmart-v1,simulado,sim-2026-07
56e5c1a6-19a9-5d94-8acf-6e08ce2b01c0,SC-04_20260727_0018.jpg,2026-07-27 09:57:29,SC-04,smartphone,saudavel,saudavel,0.7320,agrosmart-v1,simulado,sim-2026-07
592a480a-88e3-540e-bbdb-583b3aa71d71,SC-04_20260727_0019.jpg,2026-07-27 09:57:56,SC-04,smartphone,saudavel,saudavel,1.0000,agrosmart-v1,simulado,sim-2026-07
a94a80e1-f9f3-5f48-8728-5405300d81ad,SC-04_20260727_0020.jpg,2026-07-27 09:58:35,SC-04,smartphone,saudavel,saudavel,0.8216,agrosmart-v1,simulado,sim-2026-07
a702c059-2ab2-5ff1-8c28-dd88f8fb85a7,SC-04_20260727_0021.jpg,2026-07-27 09:59:16,SC-04,smartphone,saudavel,saudavel,0.9577,agrosmart-v1,simulado,sim-2026-07
0149590f-fdd0-5268-9770-2d11bdc39bbd,SC-04_20260727_0022.jpg,2026-07-27 09:59:48,SC-04,smartphone,saudavel,saudavel,0.8701,agrosmart-v1,simulado,sim-2026-07
3c244830-5407-58e4-9a49-2b4ac465053b,SC-04_20260727_0023.jpg,2026-07-27 10:00:44,SC-04,smartphone,saudavel,saudavel,0.9547,agrosmart-v1,simulado,sim-2026-07
a4bdd8b6-db28-5af5-af0b-da85bc3218e4,SC-04_20260727_0024.jpg,2026-07-27 10:01:06,SC-04,smartphone,saudavel,saudavel,0.9356,agrosmart-v1,simulado,sim-2026-07
c28e5427-2370-528d-abd4-b3b25417dd62,SC-04_20260727_0025.jpg,2026-07-27 10:01:58,SC-04,smartphone,saudavel,saudavel,0.9794,agrosmart-v1,simulado,sim-2026-07
7f55307f-fa77-5632-ac06-9e289ad51dae,SC-04_20260727_0026.jpg,2026-07-27 10:02:47,SC-04,smartphone,saudavel,saudavel,0.9152,agrosmart-v1,simulado,sim-2026-07
e386d799-c465-5bd8-9ec2-4ea4fb4eeb1b,SC-04_20260727_0027.jpg,2026-07-27 10:03:29,SC-04,smartphone,saudavel,saudavel,0.8991,agrosmart-v1,simulado,sim-2026-07
beef8ae0-ef34-5c32-a1da-54e0f128f799,SC-04_20260727_0028.jpg,2026-07-27 10:03:40,SC-04,smartphone,saudavel,saudavel,0.9029,agrosmart-v1,simulado,sim-2026-07
be873e00-0fc0-598b-a32b-eca7e0ff4ce1,SC-04_20260727_0029.jpg,2026-07-27 10:04:26,SC-04,smartphone,saudavel,saudavel,0.8336,agrosmart-v1,simulado,sim-2026-07
d1098f49-de39-556e-824f-b54aeac73a9a,SC-04_20260727_0030.jpg,2026-07-27 10:05:19,SC-04,smartphone,saudavel,saudavel,0.9718,agrosmart-v1,simulado,sim-2026-07
09e4ede4-92c1-5b99-9bde-a5ad58ea7a45,BV-03_20260729_0001.jpg,2026-07-29 07:11:03,BV-03,smartphone,saudavel,saudavel,0.9524,agrosmart-v1,simulado,sim-2026-07
d88f72f7-b76d-5eee-bdfe-ca908a48b521,BV-03_20260729_0002.jpg,2026-07-29 07:11:22,BV-03,smartphone,saudavel,saudavel,0.9347,agrosmart-v1,simulado,sim-2026-07
987a9950-e65a-5f14-ac73-8ee5250c802a,BV-03_20260729_0003.jpg,2026-07-29 07:12:09,BV-03,smartphone,saudavel,saudavel,0.8244,agrosmart-v1,simulado,sim-2026-07
8f6a8ea9-fc5e-5c6d-b476-321c0a41b445,BV-03_20260729_0004.jpg,2026-07-29 07:13:00,BV-03,smartphone,saudavel,saudavel,0.9705,agrosmart-v1,simulado,sim-2026-07
36a9c90a-a365-5a35-bbc3-9d72a2d6bbbb,BV-03_20260729_0005.jpg,2026-07-29 07:13:36,BV-03,smartphone,saudavel,saudavel,0.9529,agrosmart-v1,simulado,sim-2026-07
59f3658e-cd1c-542f-b51b-aafc6beca9b1,BV-03_20260729_0006.jpg,2026-07-29 07:14:16,BV-03,smartphone,saudavel,saudavel,0.5620,agrosmart-v1,simulado,sim-2026-07
e5bc6b87-01bb-5ba3-b0f5-dd340dbd62dc,BV-03_20260729_0007.jpg,2026-07-29 07:14:55,BV-03,smartphone,doente,pinta_preta,0.9959,agrosmart-v1,simulado,sim-2026-07
70396d03-109f-5570-81c1-703e257f6691,BV-03_20260729_0008.jpg,2026-07-29 07:15:41,BV-03,smartphone,saudavel,saudavel,0.9976,agrosmart-v1,simulado,sim-2026-07
756fff74-afca-58bf-a43f-baf48eef98fc,BV-03_20260729_0009.jpg,2026-07-29 07:16:21,BV-03,smartphone,saudavel,saudavel,0.9281,agrosmart-v1,simulado,sim-2026-07
abfb552f-8894-5f16-b6d5-5670104a0079,BV-03_20260729_0010.jpg,2026-07-29 07:16:42,BV-03,smartphone,saudavel,saudavel,0.8827,agrosmart-v1,simulado,sim-2026-07
481fa2f2-e3e7-5013-a2ab-f630778fee19,BV-03_20260729_0011.jpg,2026-07-29 07:17:49,BV-03,smartphone,saudavel,saudavel,0.8879,agrosmart-v1,simulado,sim-2026-07
3b587a91-8064-5828-9281-7af90868dc27,BV-03_20260729_0012.jpg,2026-07-29 07:18:12,BV-03,smartphone,saudavel,saudavel,0.8893,agrosmart-v1,simulado,sim-2026-07
3fb19ba2-1a36-5a1e-8b96-9fe60165ef72,BV-03_20260729_0013.jpg,2026-07-29 07:19:04,BV-03,smartphone,saudavel,saudavel,0.8824,agrosmart-v1,simulado,sim-2026-07
eed45968-63bb-5d41-a50c-360516f809a8,BV-03_20260729_0014.jpg,2026-07-29 07:19:35,BV-03,smartphone,saudavel,saudavel,0.6285,agrosmart-v1,simulado,sim-2026-07
72f60100-4e4a-5a4b-8c20-4030fc22ae18,BV-03_20260729_0015.jpg,2026-07-29 07:20:27,BV-03,smartphone,saudavel,saudavel,0.9998,agrosmart-v1,simulado,sim-2026-07
cbca1104-a4c2-57fd-aa59-aa6735e45b9b,BV-03_20260729_0016.jpg,2026-07-29 07:20:54,BV-03,smartphone,saudavel,saudavel,0.9913,agrosmart-v1,simulado,sim-2026-07
5a97f29a-9088-58ff-818b-19ec2a496e4f,BV-03_20260729_0017.jpg,2026-07-29 07:21:38,BV-03,smartphone,saudavel,saudavel,0.9730,agrosmart-v1,simulado,sim-2026-07
d09abf34-2157-5385-8f4d-d6cb2b2e46ef,BV-03_20260729_0018.jpg,2026-07-29 07:22:07,BV-03,smartphone,saudavel,saudavel,0.8525,agrosmart-v1,simulado,sim-2026-07
68545bc8-6d9f-5dfa-8cc0-b44d707ff072,BV-03_20260729_0019.jpg,2026-07-29 07:23:09,BV-03,smartphone,saudavel,saudavel,0.9213,agrosmart-v1,simulado,sim-2026-07
b991a627-7f2b-5849-a43e-dee9625368f3,BV-03_20260729_0020.jpg,2026-07-29 07:23:34,BV-03,smartphone,saudavel,saudavel,0.9894,agrosmart-v1,simulado,sim-2026-07
1640af1f-01fd-5261-972c-55c111ecca1a,BV-03_20260729_0021.jpg,2026-07-29 07:24:13,BV-03,smartphone,saudavel,saudavel,0.9619,agrosmart-v1,simulado,sim-2026-07
a1b641ad-3cfe-540c-bd45-cf4c7ba7625c,BV-03_20260729_0022.jpg,2026-07-29 07:25:07,BV-03,smartphone,saudavel,saudavel,0.9042,agrosmart-v1,simulado,sim-2026-07
e25d6a5b-5c8c-553f-84f6-2b1c26f6ba0f,BV-03_20260729_0023.jpg,2026-07-29 07:25:26,BV-03,smartphone,saudavel,saudavel,0.9142,agrosmart-v1,simulado,sim-2026-07
946e4824-b0c2-5eaf-95ba-26b5bda600d2,BV-03_20260729_0024.jpg,2026-07-29 07:26:15,BV-03,smartphone,doente,pinta_preta,0.9015,agrosmart-v1,simulado,sim-2026-07
dd8ea20b-8538-501a-a632-44c12c9a800c,BV-03_20260729_0025.jpg,2026-07-29 07:27:06,BV-03,smartphone,saudavel,saudavel,0.8546,agrosmart-v1,simulado,sim-2026-07
185fc2d1-6160-5a9f-b97c-88e16b02702f,BV-04_20260729_0001.jpg,2026-07-29 07:34:51,BV-04,smartphone,saudavel,saudavel,0.9749,agrosmart-v1,simulado,sim-2026-07
5530f3be-cc20-52eb-9439-e1b2f742b500,BV-04_20260729_0002.jpg,2026-07-29 07:35:22,BV-04,smartphone,saudavel,saudavel,0.8871,agrosmart-v1,simulado,sim-2026-07
1d633d7f-3302-5490-99c2-be981c60b865,BV-04_20260729_0003.jpg,2026-07-29 07:36:19,BV-04,smartphone,saudavel,saudavel,0.9315,agrosmart-v1,simulado,sim-2026-07
3d98530e-f173-533a-b144-402acdc6e35a,BV-04_20260729_0004.jpg,2026-07-29 07:36:57,BV-04,smartphone,saudavel,saudavel,0.6388,agrosmart-v1,simulado,sim-2026-07
02dda81b-a96d-5187-9f6f-6707aaefb06a,BV-04_20260729_0005.jpg,2026-07-29 07:37:23,BV-04,smartphone,saudavel,saudavel,0.9138,agrosmart-v1,simulado,sim-2026-07
643cbfb2-7c24-5724-8784-f29d40ea6a36,BV-04_20260729_0006.jpg,2026-07-29 07:38:21,BV-04,smartphone,saudavel,saudavel,0.8631,agrosmart-v1,simulado,sim-2026-07
0f6b7558-f694-5075-bdae-005d53b51d3f,BV-04_20260729_0007.jpg,2026-07-29 07:38:45,BV-04,smartphone,saudavel,saudavel,0.9607,agrosmart-v1,simulado,sim-2026-07
6e3a7f2e-115e-53c3-9bb7-6489ce166013,BV-04_20260729_0008.jpg,2026-07-29 07:39:50,BV-04,smartphone,saudavel,saudavel,0.8769,agrosmart-v1,simulado,sim-2026-07
c93d9ee2-6c86-5a3a-a622-56b181afc409,BV-04_20260729_0009.jpg,2026-07-29 07:40:07,BV-04,smartphone,saudavel,saudavel,0.8289,agrosmart-v1,simulado,sim-2026-07
b7c27ca4-efd1-56ba-8095-165a0855f163,BV-04_20260729_0010.jpg,2026-07-29 07:41:03,BV-04,smartphone,saudavel,saudavel,0.9741,agrosmart-v1,simulado,sim-2026-07
7951e174-4556-5d9a-bfcc-d18387378373,BV-04_20260729_0011.jpg,2026-07-29 07:41:40,BV-04,smartphone,saudavel,saudavel,0.9694,agrosmart-v1,simulado,sim-2026-07
7d32ea51-c6af-5d5b-a047-aef64357e406,BV-04_20260729_0012.jpg,2026-07-29 07:42:10,BV-04,smartphone,saudavel,saudavel,0.9985,agrosmart-v1,simulado,sim-2026-07
148265f4-7c53-5f11-a2bb-8dafa9020cbb,BV-04_20260729_0013.jpg,2026-07-29 07:42:58,BV-04,smartphone,saudavel,saudavel,0.9995,agrosmart-v1,simulado,sim-2026-07
be1ebd83-e3aa-55eb-ad80-5e22e42473de,BV-04_20260729_0014.jpg,2026-07-29 07:43:46,BV-04,smartphone,saudavel,saudavel,0.9445,agrosmart-v1,simulado,sim-2026-07
08f66845-7fd3-5b85-ac76-53530255fb7f,BV-04_20260729_0015.jpg,2026-07-29 07:44:23,BV-04,smartphone,saudavel,saudavel,0.9751,agrosmart-v1,simulado,sim-2026-07
6a738619-e4fa-50fa-bd26-c0a2462b4e86,BV-04_20260729_0016.jpg,2026-07-29 07:45:01,BV-04,smartphone,saudavel,saudavel,0.9596,agrosmart-v1,simulado,sim-2026-07
ba34d325-ebb9-5bdf-8446-a5eca49c5063,TI-03_20260729_0001.jpg,2026-07-29 07:47:57,TI-03,drone,saudavel,saudavel,0.8588,agrosmart-v1,simulado,sim-2026-07
b3928d4b-81ba-5ca7-ac87-56e36788c1fa,TI-03_20260729_0002.jpg,2026-07-29 07:48:41,TI-03,drone,doente,vaquinha,0.9408,agrosmart-v1,simulado,sim-2026-07
caaade57-9370-5adb-be0c-52e5be60376a,TI-03_20260729_0003.jpg,2026-07-29 07:49:02,TI-03,drone,saudavel,saudavel,0.9175,agrosmart-v1,simulado,sim-2026-07
9142644d-e553-5877-b1e2-05de9e20fb6b,TI-04_20260729_0001.jpg,2026-07-29 07:49:40,TI-04,drone,saudavel,saudavel,0.9071,agrosmart-v1,simulado,sim-2026-07
5fd733f2-2a74-593e-8a61-c90da97f398e,TI-03_20260729_0004.jpg,2026-07-29 07:49:42,TI-03,drone,saudavel,saudavel,0.9958,agrosmart-v1,simulado,sim-2026-07
bc9113ef-6f2a-5b87-ba64-a5e71588ba08,TI-03_20260729_0005.jpg,2026-07-29 07:50:27,TI-03,drone,saudavel,saudavel,0.9960,agrosmart-v1,simulado,sim-2026-07
93b88090-309c-57d1-ab10-ab2f10e1e92f,TI-04_20260729_0002.jpg,2026-07-29 07:50:30,TI-04,drone,saudavel,saudavel,0.9603,agrosmart-v1,simulado,sim-2026-07
b849878a-08da-57c2-9029-bdf75fedfa68,TI-03_20260729_0006.jpg,2026-07-29 07:51:21,TI-03,drone,saudavel,saudavel,0.8464,agrosmart-v1,simulado,sim-2026-07
886a4121-77b0-5125-a587-e6709a50d28c,TI-04_20260729_0003.jpg,2026-07-29 07:51:25,TI-04,drone,saudavel,saudavel,0.9865,agrosmart-v1,simulado,sim-2026-07
5c8080d5-a549-586a-962c-d883c0ccb15d,TI-03_20260729_0007.jpg,2026-07-29 07:51:42,TI-03,drone,saudavel,saudavel,1.0000,agrosmart-v1,simulado,sim-2026-07
42fee307-8cf6-5873-8d93-22af50dd21f5,TI-04_20260729_0004.jpg,2026-07-29 07:52:01,TI-04,drone,saudavel,saudavel,0.8220,agrosmart-v1,simulado,sim-2026-07
70c7ef68-0db4-520f-9ae3-e66f307856c6,TI-04_20260729_0005.jpg,2026-07-29 07:52:33,TI-04,drone,saudavel,saudavel,0.9441,agrosmart-v1,simulado,sim-2026-07
9465324f-a064-596d-9e52-99e540ebd88a,TI-03_20260729_0008.jpg,2026-07-29 07:52:37,TI-03,drone,saudavel,saudavel,0.8555,agrosmart-v1,simulado,sim-2026-07
c24f71fb-bbda-520c-b65b-7222e02be637,TI-04_20260729_0006.jpg,2026-07-29 07:53:11,TI-04,drone,saudavel,saudavel,0.9159,agrosmart-v1,simulado,sim-2026-07
3256b9c8-6f82-5b42-aee1-c976820c653b,TI-03_20260729_0009.jpg,2026-07-29 07:53:13,TI-03,drone,saudavel,saudavel,0.9937,agrosmart-v1,simulado,sim-2026-07
ca96ed14-5b75-5665-847c-85c1d8cd7257,TI-03_20260729_0010.jpg,2026-07-29 07:53:53,TI-03,drone,saudavel,saudavel,0.8237,agrosmart-v1,simulado,sim-2026-07
9792231a-c6d3-5543-852c-bd41dbd4cde9,TI-04_20260729_0007.jpg,2026-07-29 07:53:53,TI-04,drone,saudavel,saudavel,0.9998,agrosmart-v1,simulado,sim-2026-07
0c09a35b-e582-5639-bf7c-94851dd7ca7c,TI-04_20260729_0008.jpg,2026-07-29 07:54:29,TI-04,drone,saudavel,saudavel,0.9774,agrosmart-v1,simulado,sim-2026-07
7ce33b69-712d-525e-a5a4-7468791469e9,TI-03_20260729_0011.jpg,2026-07-29 07:54:30,TI-03,drone,doente,mosca_minadora,0.9751,agrosmart-v1,simulado,sim-2026-07
2e1661c4-b402-5a15-8f57-b235ef4f196a,TI-03_20260729_0012.jpg,2026-07-29 07:55:08,TI-03,drone,saudavel,saudavel,0.8217,agrosmart-v1,simulado,sim-2026-07
0be77d4c-4547-5fbd-81c8-5d7ec20b1861,TI-04_20260729_0009.jpg,2026-07-29 07:55:21,TI-04,drone,saudavel,saudavel,0.8789,agrosmart-v1,simulado,sim-2026-07
49ebb61e-e55d-53f9-9ba4-698bb85e9b85,TI-03_20260729_0013.jpg,2026-07-29 07:55:51,TI-03,drone,saudavel,saudavel,0.9998,agrosmart-v1,simulado,sim-2026-07
8b65b769-aa42-53ef-b9d0-429f9086ff76,TI-04_20260729_0010.jpg,2026-07-29 07:55:55,TI-04,drone,saudavel,saudavel,0.9996,agrosmart-v1,simulado,sim-2026-07
5b3c8a05-8c11-5e6e-9e2c-3bf8db7ef339,TI-03_20260729_0014.jpg,2026-07-29 07:56:21,TI-03,drone,saudavel,saudavel,0.9615,agrosmart-v1,simulado,sim-2026-07
d51c5775-28c4-5f05-8def-dc9b9de7655e,TI-04_20260729_0011.jpg,2026-07-29 07:56:36,TI-04,drone,doente,mosca_minadora,0.9347,agrosmart-v1,simulado,sim-2026-07
bd2092ab-a1b5-563f-8e69-82d61b5290fd,TI-04_20260729_0012.jpg,2026-07-29 07:57:18,TI-04,drone,saudavel,saudavel,0.9998,agrosmart-v1,simulado,sim-2026-07
4d315b7f-8bd6-59b5-8de4-0fb42a1e864f,TI-03_20260729_0015.jpg,2026-07-29 07:57:20,TI-03,drone,saudavel,saudavel,0.9588,agrosmart-v1,simulado,sim-2026-07
a621cbd0-7bcc-57cf-ad9e-120f51e227f5,TI-03_20260729_0016.jpg,2026-07-29 07:57:40,TI-03,drone,saudavel,saudavel,0.9427,agrosmart-v1,simulado,sim-2026-07
109a7abf-4510-5f5d-9743-f2c17f05cd60,TI-04_20260729_0013.jpg,2026-07-29 07:57:45,TI-04,drone,saudavel,saudavel,0.9620,agrosmart-v1,simulado,sim-2026-07
696c86dd-7738-5407-85e9-06a485c21c42,TI-04_20260729_0014.jpg,2026-07-29 07:58:29,TI-04,drone,saudavel,saudavel,0.9967,agrosmart-v1,simulado,sim-2026-07
9ffb0781-2539-5cd4-8ca8-4350ccd238a6,TI-03_20260729_0017.jpg,2026-07-29 07:58:33,TI-03,drone,saudavel,saudavel,0.9118,agrosmart-v1,simulado,sim-2026-07
aaa9845f-af89-5f85-adf5-3604984db583,TI-03_20260729_0018.jpg,2026-07-29 07:59:22,TI-03,drone,saudavel,saudavel,0.9928,agrosmart-v1,simulado,sim-2026-07
b8a12fb2-b21d-5f1a-93a7-7376cf5b54d0,TI-04_20260729_0015.jpg,2026-07-29 07:59:23,TI-04,drone,saudavel,saudavel,0.8766,agrosmart-v1,simulado,sim-2026-07
0be8d82d-daaa-5c2c-8bb6-d3d4f52e14d0,TI-04_20260729_0016.jpg,2026-07-29 07:59:45,TI-04,drone,saudavel,saudavel,0.9992,agrosmart-v1,simulado,sim-2026-07
bf55e77c-a604-5f48-9cff-78054101f960,TI-03_20260729_0019.jpg,2026-07-29 08:00:00,TI-03,drone,doente,mosca_minadora,0.9100,agrosmart-v1,simulado,sim-2026-07
95641ae1-826a-5a01-a72e-05a2235006bd,TI-04_20260729_0017.jpg,2026-07-29 08:00:21,TI-04,drone,saudavel,saudavel,0.9919,agrosmart-v1,simulado,sim-2026-07
9a39f577-7324-5cf4-8e68-4e1973d9dfbc,TI-03_20260729_0020.jpg,2026-07-29 08:00:40,TI-03,drone,saudavel,saudavel,0.9948,agrosmart-v1,simulado,sim-2026-07
1c6a9f56-566a-59a7-abdb-165266ff3c9b,TI-04_20260729_0018.jpg,2026-07-29 08:01:00,TI-04,drone,doente,mosca_minadora,0.8758,agrosmart-v1,simulado,sim-2026-07
631f2ee1-ed1d-5796-b15a-2f0f96bb9bd8,TI-03_20260729_0021.jpg,2026-07-29 08:01:17,TI-03,drone,saudavel,saudavel,0.9790,agrosmart-v1,simulado,sim-2026-07
b5e231cd-6930-5de7-9145-ed17d624c82c,TI-04_20260729_0019.jpg,2026-07-29 08:02:01,TI-04,drone,saudavel,saudavel,0.9936,agrosmart-v1,simulado,sim-2026-07
da506531-f6b2-502f-915a-c95c07ca0b0e,TI-03_20260729_0022.jpg,2026-07-29 08:02:04,TI-03,drone,doente,mosca_minadora,0.9183,agrosmart-v1,simulado,sim-2026-07
f6df66e8-0d44-5a25-8ee6-748a92906a34,TI-03_20260729_0023.jpg,2026-07-29 08:02:48,TI-03,drone,saudavel,saudavel,0.9977,agrosmart-v1,simulado,sim-2026-07
5e19ee73-e6a6-5ad3-acff-f8a162a4b4e7,TI-04_20260729_0020.jpg,2026-07-29 08:02:48,TI-04,drone,saudavel,saudavel,0.9817,agrosmart-v1,simulado,sim-2026-07
2e050726-d1bb-58ef-8a84-23a9af2e9cae,SC-02_20260729_0001.jpg,2026-07-29 08:03:00,SC-02,smartphone,saudavel,saudavel,0.8544,agrosmart-v1,simulado,sim-2026-07
70b228de-eaa2-5576-bf06-6ccc0a6dda63,TI-03_20260729_0024.jpg,2026-07-29 08:03:07,TI-03,drone,doente,mosca_minadora,0.5529,agrosmart-v1,simulado,sim-2026-07
e93eb77a-59b0-5a69-9211-d7e1c97ec222,TI-04_20260729_0021.jpg,2026-07-29 08:03:18,TI-04,drone,doente,mosca_minadora,0.9399,agrosmart-v1,simulado,sim-2026-07
fbbf8e42-9a25-552f-a1a8-b0f312ef7015,SC-02_20260729_0002.jpg,2026-07-29 08:03:23,SC-02,smartphone,saudavel,saudavel,0.9697,agrosmart-v1,simulado,sim-2026-07
97e46d59-e98a-5168-a029-5c5facf9036e,TI-04_20260729_0022.jpg,2026-07-29 08:03:40,TI-04,drone,doente,pinta_preta,0.9801,agrosmart-v1,simulado,sim-2026-07
e5363ef3-133f-55f4-a86b-391a5b87448a,TI-03_20260729_0025.jpg,2026-07-29 08:03:55,TI-03,drone,saudavel,saudavel,0.9462,agrosmart-v1,simulado,sim-2026-07
4b2df123-4113-5329-9696-16b70feb0907,SC-02_20260729_0003.jpg,2026-07-29 08:04:04,SC-02,smartphone,saudavel,saudavel,0.9961,agrosmart-v1,simulado,sim-2026-07
f2ce04c6-8aac-588e-b535-94bd438cf2a0,TI-03_20260729_0026.jpg,2026-07-29 08:04:31,TI-03,drone,saudavel,saudavel,0.9913,agrosmart-v1,simulado,sim-2026-07
50255875-b413-5591-a813-7aa824062892,TI-04_20260729_0023.jpg,2026-07-29 08:04:50,TI-04,drone,saudavel,saudavel,0.9223,agrosmart-v1,simulado,sim-2026-07
640a96bd-44af-5362-8e3c-8f7e93a87c20,SC-02_20260729_0004.jpg,2026-07-29 08:04:57,SC-02,smartphone,saudavel,saudavel,0.8387,agrosmart-v1,simulado,sim-2026-07
1b9ba3af-c072-52a6-b8e3-e8bc1178cd4c,TI-03_20260729_0027.jpg,2026-07-29 08:05:14,TI-03,drone,saudavel,saudavel,0.9965,agrosmart-v1,simulado,sim-2026-07
0e3c4b97-e1f7-5a73-830b-74e236cc63b0,TI-04_20260729_0024.jpg,2026-07-29 08:05:28,TI-04,drone,saudavel,saudavel,0.9436,agrosmart-v1,simulado,sim-2026-07
8437f9cb-2a38-5192-881a-f20629aecea6,SC-02_20260729_0005.jpg,2026-07-29 08:05:43,SC-02,smartphone,saudavel,saudavel,0.8926,agrosmart-v1,simulado,sim-2026-07
e4e1c2b0-a8ac-50fd-8a39-382f6a9e7fe6,TI-03_20260729_0028.jpg,2026-07-29 08:06:01,TI-03,drone,saudavel,saudavel,0.9854,agrosmart-v1,simulado,sim-2026-07
d804ff7d-3cb4-5cd2-91e0-8c720cea7c63,SC-02_20260729_0006.jpg,2026-07-29 08:06:05,SC-02,smartphone,saudavel,saudavel,0.8439,agrosmart-v1,simulado,sim-2026-07
bb7975c9-e46a-5781-8279-fdb33e33db58,TI-04_20260729_0025.jpg,2026-07-29 08:06:08,TI-04,drone,saudavel,saudavel,0.9945,agrosmart-v1,simulado,sim-2026-07
929668cf-df11-57e9-ac22-a00f4c1ec0f9,TI-03_20260729_0029.jpg,2026-07-29 08:06:21,TI-03,drone,saudavel,saudavel,0.9078,agrosmart-v1,simulado,sim-2026-07
8c95308c-01e6-53ea-8662-d1b0318789b8,TI-04_20260729_0026.jpg,2026-07-29 08:06:34,TI-04,drone,saudavel,saudavel,0.9920,agrosmart-v1,simulado,sim-2026-07
6c0cd847-273d-53ab-abc6-b998f4d25dee,SC-02_20260729_0007.jpg,2026-07-29 08:06:43,SC-02,smartphone,saudavel,saudavel,0.9686,agrosmart-v1,simulado,sim-2026-07
af6e47bb-205d-5304-91a5-3b058f3c7ac0,TI-04_20260729_0027.jpg,2026-07-29 08:07:04,TI-04,drone,saudavel,saudavel,0.9916,agrosmart-v1,simulado,sim-2026-07
a354d753-90d5-50b1-9d6e-f11faa284a28,TI-03_20260729_0030.jpg,2026-07-29 08:07:17,TI-03,drone,saudavel,saudavel,0.9614,agrosmart-v1,simulado,sim-2026-07
8bf5594a-e059-5bdf-8ba8-b93f78c7ce82,SC-02_20260729_0008.jpg,2026-07-29 08:07:23,SC-02,smartphone,saudavel,saudavel,0.9207,agrosmart-v1,simulado,sim-2026-07
536d122f-bfec-5b25-9bc1-29600489b5fe,TI-04_20260729_0028.jpg,2026-07-29 08:07:41,TI-04,drone,saudavel,saudavel,0.9409,agrosmart-v1,simulado,sim-2026-07
2ac94f48-5bb5-5946-adb0-885f85b47659,TI-03_20260729_0031.jpg,2026-07-29 08:08:01,TI-03,drone,saudavel,saudavel,0.9763,agrosmart-v1,simulado,sim-2026-07
1bcbd96b-8534-5736-b134-419a02e44d35,SC-02_20260729_0009.jpg,2026-07-29 08:08:02,SC-02,smartphone,saudavel,saudavel,0.9944,agrosmart-v1,simulado,sim-2026-07
e6360d63-ccd6-54aa-8de8-6df7bb9e66ec,TI-03_20260729_0032.jpg,2026-07-29 08:08:45,TI-03,drone,saudavel,saudavel,0.9824,agrosmart-v1,simulado,sim-2026-07
2bd7f66b-2359-527c-89b9-9c2d6d61ec66,TI-04_20260729_0029.jpg,2026-07-29 08:08:47,TI-04,drone,saudavel,saudavel,0.6480,agrosmart-v1,simulado,sim-2026-07
2d815e32-adda-5e54-8309-19fb58a79605,SC-02_20260729_0010.jpg,2026-07-29 08:08:59,SC-02,smartphone,saudavel,saudavel,0.9979,agrosmart-v1,simulado,sim-2026-07
a53a4d4d-4ed7-5727-9a55-b5db41045492,TI-03_20260729_0033.jpg,2026-07-29 08:09:16,TI-03,drone,saudavel,saudavel,0.9741,agrosmart-v1,simulado,sim-2026-07
1a56965d-d6eb-554f-8a0a-f46d37b685f8,SC-02_20260729_0011.jpg,2026-07-29 08:09:27,SC-02,smartphone,saudavel,saudavel,0.9793,agrosmart-v1,simulado,sim-2026-07
de528b1a-1ae6-5e31-83a4-8ab335cc32d1,TI-04_20260729_0030.jpg,2026-07-29 08:09:29,TI-04,drone,saudavel,saudavel,0.8373,agrosmart-v1,simulado,sim-2026-07
825933b2-ace9-5dfb-b096-8436e3e74d8a,TI-03_20260729_0034.jpg,2026-07-29 08:09:40,TI-03,drone,saudavel,saudavel,0.9535,agrosmart-v1,simulado,sim-2026-07
87684997-11df-5eff-97f5-d9552c39bba8,TI-04_20260729_0031.jpg,2026-07-29 08:09:51,TI-04,drone,saudavel,saudavel,1.0000,agrosmart-v1,simulado,sim-2026-07
a6da1ec0-ff54-5034-b90a-713aac66a073,TI-04_20260729_0032.jpg,2026-07-29 08:10:27,TI-04,drone,saudavel,saudavel,0.9984,agrosmart-v1,simulado,sim-2026-07
1d4dd72f-c1a1-542e-9a75-77c99d4efa3b,SC-02_20260729_0012.jpg,2026-07-29 08:10:29,SC-02,smartphone,saudavel,saudavel,0.9662,agrosmart-v1,simulado,sim-2026-07
2f166584-2676-51bb-b385-47317ea9f3e7,TI-03_20260729_0035.jpg,2026-07-29 08:10:33,TI-03,drone,saudavel,saudavel,0.8676,agrosmart-v1,simulado,sim-2026-07
de0c75d8-9109-5c94-8b41-4aa7a4f44f07,SC-02_20260729_0013.jpg,2026-07-29 08:10:53,SC-02,smartphone,saudavel,saudavel,0.9848,agrosmart-v1,simulado,sim-2026-07
2330e9c1-6e2c-5e0a-b987-ad2894651b7c,TI-03_20260729_0036.jpg,2026-07-29 08:11:06,TI-03,drone,saudavel,saudavel,0.9815,agrosmart-v1,simulado,sim-2026-07
2ac4a2c4-0793-5d1b-bc2d-55e22b8dc216,TI-04_20260729_0033.jpg,2026-07-29 08:11:06,TI-04,drone,saudavel,saudavel,0.9084,agrosmart-v1,simulado,sim-2026-07
74190f3f-beb5-5389-82c2-1baf2576cf99,SC-02_20260729_0014.jpg,2026-07-29 08:11:33,SC-02,smartphone,saudavel,saudavel,0.8772,agrosmart-v1,simulado,sim-2026-07
2ef9d3fe-a12c-58e8-b399-7e2acf6339a6,TI-04_20260729_0034.jpg,2026-07-29 08:11:47,TI-04,drone,saudavel,saudavel,0.9992,agrosmart-v1,simulado,sim-2026-07
6bc1f36a-e7ee-54ec-b1dd-e642f07e037c,SC-02_20260729_0015.jpg,2026-07-29 08:12:07,SC-02,smartphone,saudavel,saudavel,0.9163,agrosmart-v1,simulado,sim-2026-07
f508f881-e5ba-52a8-9918-8f9e7db73a8f,TI-04_20260729_0035.jpg,2026-07-29 08:12:32,TI-04,drone,saudavel,saudavel,0.9960,agrosmart-v1,simulado,sim-2026-07
b4878c9b-8112-5460-96e8-905c976dbe71,SC-02_20260729_0016.jpg,2026-07-29 08:13:01,SC-02,smartphone,saudavel,saudavel,0.8756,agrosmart-v1,simulado,sim-2026-07
92504156-1366-5232-b04c-7a9881adb12a,TI-04_20260729_0036.jpg,2026-07-29 08:13:19,TI-04,drone,saudavel,saudavel,0.8588,agrosmart-v1,simulado,sim-2026-07
3a0a1734-7fdb-56a1-af3a-89e9421b7cd0,SC-02_20260729_0017.jpg,2026-07-29 08:13:22,SC-02,smartphone,saudavel,saudavel,0.9116,agrosmart-v1,simulado,sim-2026-07
13ce9794-bbbb-535b-8cad-84dc51c56e5b,TI-04_20260729_0037.jpg,2026-07-29 08:13:46,TI-04,drone,saudavel,saudavel,0.9976,agrosmart-v1,simulado,sim-2026-07
56610629-ec5f-5a90-b82e-d9e07ca2871e,SC-02_20260729_0018.jpg,2026-07-29 08:14:13,SC-02,smartphone,saudavel,saudavel,0.8495,agrosmart-v1,simulado,sim-2026-07
6a556a46-bfff-5219-b83c-f09460fa06ce,TI-04_20260729_0038.jpg,2026-07-29 08:14:33,TI-04,drone,doente,mosca_minadora,0.9225,agrosmart-v1,simulado,sim-2026-07
14cd2759-ca02-5e1b-8337-3328d65a39b8,SC-02_20260729_0019.jpg,2026-07-29 08:14:47,SC-02,smartphone,saudavel,saudavel,0.9945,agrosmart-v1,simulado,sim-2026-07
6bac07c2-d642-5f37-ba8c-eef9f05b81ae,TI-04_20260729_0039.jpg,2026-07-29 08:15:09,TI-04,drone,saudavel,saudavel,0.9201,agrosmart-v1,simulado,sim-2026-07
955a91ea-b340-51bf-9516-e7a01d06172c,SC-02_20260729_0020.jpg,2026-07-29 08:15:36,SC-02,smartphone,saudavel,saudavel,0.9363,agrosmart-v1,simulado,sim-2026-07
92eeeeb6-627b-527f-8326-446f0bc9f5e0,TI-04_20260729_0040.jpg,2026-07-29 08:15:48,TI-04,drone,saudavel,saudavel,0.9873,agrosmart-v1,simulado,sim-2026-07
9dd03eb7-357b-58db-9e34-419c96980d1c,SC-02_20260729_0021.jpg,2026-07-29 08:16:21,SC-02,smartphone,saudavel,saudavel,0.9304,agrosmart-v1,simulado,sim-2026-07
4315da1d-821b-52f7-8ca0-800fd1600505,TI-04_20260729_0041.jpg,2026-07-29 08:16:24,TI-04,drone,saudavel,saudavel,0.9295,agrosmart-v1,simulado,sim-2026-07
d26bf073-f1da-530e-a76b-67192efa331e,SC-02_20260729_0022.jpg,2026-07-29 08:16:59,SC-02,smartphone,saudavel,saudavel,0.8250,agrosmart-v1,simulado,sim-2026-07
4d324a79-5eca-569e-9669-77a274449cc9,SC-02_20260729_0023.jpg,2026-07-29 08:17:28,SC-02,smartphone,saudavel,saudavel,0.9667,agrosmart-v1,simulado,sim-2026-07
f5b3b403-f8df-5f67-a83e-75633d3cd499,SC-02_20260729_0024.jpg,2026-07-29 08:18:02,SC-02,smartphone,saudavel,saudavel,0.8279,agrosmart-v1,simulado,sim-2026-07
9a14b30b-f247-56d7-a4bf-c79680d3d0d7,SC-02_20260729_0025.jpg,2026-07-29 08:19:08,SC-02,smartphone,saudavel,saudavel,0.8458,agrosmart-v1,simulado,sim-2026-07
24eafeb3-49aa-5342-875d-1fe7b7831846,SC-02_20260729_0026.jpg,2026-07-29 08:19:30,SC-02,smartphone,saudavel,saudavel,0.8423,agrosmart-v1,simulado,sim-2026-07
313c5268-e503-5acb-b8dd-4b45baf14191,SC-02_20260729_0027.jpg,2026-07-29 08:20:08,SC-02,smartphone,saudavel,saudavel,0.9880,agrosmart-v1,simulado,sim-2026-07
d0443068-2bff-5cc4-99a0-d385f3bf7860,SC-02_20260729_0028.jpg,2026-07-29 08:21:08,SC-02,smartphone,saudavel,saudavel,0.8788,agrosmart-v1,simulado,sim-2026-07
d4118241-184c-5550-9dd9-77dafa02941b,SC-02_20260729_0029.jpg,2026-07-29 08:21:31,SC-02,smartphone,saudavel,saudavel,0.9974,agrosmart-v1,simulado,sim-2026-07
27ac46ec-deb4-5f55-a193-604e12457c9b,SC-02_20260729_0030.jpg,2026-07-29 08:22:10,SC-02,smartphone,saudavel,saudavel,0.9878,agrosmart-v1,simulado,sim-2026-07
910e8c71-28e5-50a6-8f41-b74c27b24e29,SC-02_20260729_0031.jpg,2026-07-29 08:22:53,SC-02,smartphone,saudavel,saudavel,0.9103,agrosmart-v1,simulado,sim-2026-07
0dc43ca3-7fef-5b6e-93b4-7934ccc18ec4,SC-02_20260729_0032.jpg,2026-07-29 08:23:43,SC-02,smartphone,saudavel,saudavel,0.9867,agrosmart-v1,simulado,sim-2026-07
f7709040-c298-59c2-aded-76b0c5522bf3,SC-01_20260729_0001.jpg,2026-07-29 08:31:04,SC-01,smartphone,saudavel,saudavel,0.9658,agrosmart-v1,simulado,sim-2026-07
8565ac62-e689-5ed3-992d-390ed51a070b,SC-01_20260729_0002.jpg,2026-07-29 08:31:31,SC-01,smartphone,saudavel,saudavel,0.9352,agrosmart-v1,simulado,sim-2026-07
6986ddc0-e04c-5dbc-a371-a683d7b95213,SC-01_20260729_0003.jpg,2026-07-29 08:32:22,SC-01,smartphone,saudavel,saudavel,0.8597,agrosmart-v1,simulado,sim-2026-07
0f2ea948-371b-5925-a18f-8971ce8f0c7d,SC-01_20260729_0004.jpg,2026-07-29 08:32:50,SC-01,smartphone,saudavel,saudavel,0.9196,agrosmart-v1,simulado,sim-2026-07
223404af-c8ea-5af2-b973-c724368146c3,SC-01_20260729_0005.jpg,2026-07-29 08:33:48,SC-01,smartphone,saudavel,saudavel,1.0000,agrosmart-v1,simulado,sim-2026-07
830b1347-3e46-5d98-b93e-2b09d818bb54,SC-01_20260729_0006.jpg,2026-07-29 08:34:24,SC-01,smartphone,saudavel,saudavel,0.8910,agrosmart-v1,simulado,sim-2026-07
6cc77eb7-20cf-5431-930d-fe6091534544,SC-01_20260729_0007.jpg,2026-07-29 08:34:59,SC-01,smartphone,saudavel,saudavel,0.8856,agrosmart-v1,simulado,sim-2026-07
105b969d-6d44-5d6b-bc7c-61d8521a1526,SC-03_20260729_0001.jpg,2026-07-29 08:35:02,SC-03,smartphone,saudavel,saudavel,0.8313,agrosmart-v1,simulado,sim-2026-07
5dc64076-cc68-55b2-b874-210d6a9838f2,SC-01_20260729_0008.jpg,2026-07-29 08:35:24,SC-01,smartphone,saudavel,saudavel,0.9653,agrosmart-v1,simulado,sim-2026-07
d98b67a1-f423-55c6-b6f4-77b4efb21ca1,SC-03_20260729_0002.jpg,2026-07-29 08:35:49,SC-03,smartphone,saudavel,saudavel,0.9954,agrosmart-v1,simulado,sim-2026-07
39294098-8ad1-5e0a-8a12-894583fe0d3b,SC-01_20260729_0009.jpg,2026-07-29 08:36:03,SC-01,smartphone,saudavel,saudavel,0.8562,agrosmart-v1,simulado,sim-2026-07
d192b88e-8aee-58df-8d40-692d40ccf8aa,SC-03_20260729_0003.jpg,2026-07-29 08:36:15,SC-03,smartphone,saudavel,saudavel,0.8741,agrosmart-v1,simulado,sim-2026-07
c44b9b96-4ed7-5777-a103-0a72f47faa14,SC-03_20260729_0004.jpg,2026-07-29 08:37:05,SC-03,smartphone,saudavel,saudavel,0.9176,agrosmart-v1,simulado,sim-2026-07
1d0b6992-cdaa-5ac7-82ec-b5a72f702074,SC-01_20260729_0010.jpg,2026-07-29 08:37:08,SC-01,smartphone,saudavel,saudavel,0.9698,agrosmart-v1,simulado,sim-2026-07
cc93665a-a6ac-523d-8b1f-c7ffeef7d4f1,SC-01_20260729_0011.jpg,2026-07-29 08:37:25,SC-01,smartphone,saudavel,saudavel,0.9206,agrosmart-v1,simulado,sim-2026-07
6ac4c38f-b84e-5e50-a916-2f5ae154a889,SC-03_20260729_0005.jpg,2026-07-29 08:37:49,SC-03,smartphone,saudavel,saudavel,0.9626,agrosmart-v1,simulado,sim-2026-07
4285b855-d645-53b0-95bf-6e520ff0ba31,SC-01_20260729_0012.jpg,2026-07-29 08:38:15,SC-01,smartphone,saudavel,saudavel,0.9862,agrosmart-v1,simulado,sim-2026-07
729baa94-1202-5aad-8482-c92c9cede154,SC-03_20260729_0006.jpg,2026-07-29 08:38:29,SC-03,smartphone,doente,vaquinha,0.9730,agrosmart-v1,simulado,sim-2026-07
ce87cdb0-b69f-5a9c-9903-905b7b6ef5dc,SC-01_20260729_0013.jpg,2026-07-29 08:38:41,SC-01,smartphone,saudavel,saudavel,0.9959,agrosmart-v1,simulado,sim-2026-07
fdf4f357-d43f-5f15-bb8f-db294f96d9f9,SC-03_20260729_0007.jpg,2026-07-29 08:38:58,SC-03,smartphone,saudavel,saudavel,0.9972,agrosmart-v1,simulado,sim-2026-07
73d057ba-79c1-56ed-9753-f84457c2a3e8,SC-01_20260729_0014.jpg,2026-07-29 08:39:23,SC-01,smartphone,saudavel,saudavel,0.8466,agrosmart-v1,simulado,sim-2026-07
a938fd25-75e5-5dfe-bd86-30ae25293778,SC-03_20260729_0008.jpg,2026-07-29 08:39:44,SC-03,smartphone,doente,requeima,0.9914,agrosmart-v1,simulado,sim-2026-07
80b784fc-989a-535e-a809-cc1064c22363,SC-01_20260729_0015.jpg,2026-07-29 08:40:17,SC-01,smartphone,saudavel,saudavel,0.9051,agrosmart-v1,simulado,sim-2026-07
772e3c28-95e0-53a2-964b-899bbf827ef4,SC-03_20260729_0009.jpg,2026-07-29 08:40:17,SC-03,smartphone,saudavel,saudavel,0.9934,agrosmart-v1,simulado,sim-2026-07
2296aa4c-f488-5bb9-9849-adeadba15cfa,SC-01_20260729_0016.jpg,2026-07-29 08:40:57,SC-01,smartphone,saudavel,saudavel,0.9475,agrosmart-v1,simulado,sim-2026-07
695e063e-eb08-59a3-960d-efee56e907c9,SC-03_20260729_0010.jpg,2026-07-29 08:41:06,SC-03,smartphone,saudavel,saudavel,0.9819,agrosmart-v1,simulado,sim-2026-07
c623e287-5246-59e3-a1b2-95a589ccc21c,SC-01_20260729_0017.jpg,2026-07-29 08:41:43,SC-01,smartphone,saudavel,saudavel,0.8425,agrosmart-v1,simulado,sim-2026-07
3267ada7-95e3-5f27-92d6-e01a164bbec7,SC-03_20260729_0011.jpg,2026-07-29 08:41:47,SC-03,smartphone,saudavel,saudavel,0.8368,agrosmart-v1,simulado,sim-2026-07
0b5aa9c2-7618-5699-bdc5-7175f4c1e2a1,SC-01_20260729_0018.jpg,2026-07-29 08:42:00,SC-01,smartphone,saudavel,saudavel,0.9794,agrosmart-v1,simulado,sim-2026-07
45c9fca8-9f2a-573b-be26-2f88a5530dba,SC-03_20260729_0012.jpg,2026-07-29 08:42:17,SC-03,smartphone,saudavel,saudavel,0.8670,agrosmart-v1,simulado,sim-2026-07
5b587792-62cf-5b83-962a-19af0660e1bc,SC-01_20260729_0019.jpg,2026-07-29 08:42:40,SC-01,smartphone,saudavel,saudavel,1.0000,agrosmart-v1,simulado,sim-2026-07
13ad87b9-8d6c-5c30-8f09-08ba2c06d54a,SC-03_20260729_0013.jpg,2026-07-29 08:42:40,SC-03,smartphone,saudavel,saudavel,0.9944,agrosmart-v1,simulado,sim-2026-07
5ec0f5d2-c30f-574e-b863-2b5dc6e8367a,SC-03_20260729_0014.jpg,2026-07-29 08:43:25,SC-03,smartphone,saudavel,saudavel,0.8401,agrosmart-v1,simulado,sim-2026-07
2a198437-8468-5f89-9105-dc59f6de8b38,SC-01_20260729_0020.jpg,2026-07-29 08:43:48,SC-01,smartphone,doente,requeima,0.8575,agrosmart-v1,simulado,sim-2026-07
83b584b6-351d-50b6-82b1-424d0ba27c24,SC-03_20260729_0015.jpg,2026-07-29 08:44:06,SC-03,smartphone,saudavel,saudavel,0.8495,agrosmart-v1,simulado,sim-2026-07
f683c825-74c7-5060-91b9-2005fc496d81,SC-01_20260729_0021.jpg,2026-07-29 08:44:15,SC-01,smartphone,saudavel,saudavel,0.8837,agrosmart-v1,simulado,sim-2026-07
dc7ef557-0dda-5f90-96c7-48c7d042c9a9,SC-01_20260729_0022.jpg,2026-07-29 08:44:55,SC-01,smartphone,saudavel,saudavel,0.9377,agrosmart-v1,simulado,sim-2026-07
d49eb5be-ae3a-5c44-8746-53d6c4b3bdcb,SC-03_20260729_0016.jpg,2026-07-29 08:44:57,SC-03,smartphone,saudavel,saudavel,0.9660,agrosmart-v1,simulado,sim-2026-07
88e946df-bb23-5f5c-8e9d-606869ef88e7,SC-03_20260729_0017.jpg,2026-07-29 08:45:25,SC-03,smartphone,saudavel,saudavel,0.9728,agrosmart-v1,simulado,sim-2026-07
d4a4bf05-4869-594c-b8f9-9dac2c94e408,SC-01_20260729_0023.jpg,2026-07-29 08:45:45,SC-01,smartphone,saudavel,saudavel,0.9459,agrosmart-v1,simulado,sim-2026-07
ef342379-4d01-5452-8924-e774d07e3543,SC-01_20260729_0024.jpg,2026-07-29 08:46:06,SC-01,smartphone,saudavel,saudavel,0.8889,agrosmart-v1,simulado,sim-2026-07
5df188b6-e3a8-5cbe-bba6-159d9afdc1ed,SC-03_20260729_0018.jpg,2026-07-29 08:46:10,SC-03,smartphone,saudavel,saudavel,0.9025,agrosmart-v1,simulado,sim-2026-07
bb24b07a-f84f-558c-87f4-4d2cb9b7d91b,SC-03_20260729_0019.jpg,2026-07-29 08:46:46,SC-03,smartphone,saudavel,saudavel,0.9969,agrosmart-v1,simulado,sim-2026-07
1d2cfcb6-84ae-55e2-bdff-b3f31f18686b,SC-01_20260729_0025.jpg,2026-07-29 08:47:04,SC-01,smartphone,saudavel,saudavel,0.8423,agrosmart-v1,simulado,sim-2026-07
c7def628-8141-5688-a131-92cbd6bb7875,SC-03_20260729_0020.jpg,2026-07-29 08:47:36,SC-03,smartphone,saudavel,saudavel,0.9848,agrosmart-v1,simulado,sim-2026-07
ff43e66e-d26f-556c-a04d-0f139420527c,SC-01_20260729_0026.jpg,2026-07-29 08:47:46,SC-01,smartphone,saudavel,saudavel,0.9862,agrosmart-v1,simulado,sim-2026-07
71ccd7f6-c0d7-5b58-95a5-090e9e7d32ab,SC-03_20260729_0021.jpg,2026-07-29 08:48:05,SC-03,smartphone,saudavel,saudavel,0.9939,agrosmart-v1,simulado,sim-2026-07
e2c5a8ba-0c15-50d3-8581-51666f8b7824,SC-01_20260729_0027.jpg,2026-07-29 08:48:07,SC-01,smartphone,saudavel,saudavel,0.9586,agrosmart-v1,simulado,sim-2026-07
a2b9c3bc-9b97-5c9a-bd75-0126bee206c5,SC-01_20260729_0028.jpg,2026-07-29 08:48:44,SC-01,smartphone,saudavel,saudavel,0.8652,agrosmart-v1,simulado,sim-2026-07
c43367b3-4f79-5422-886e-65de78893d34,SC-03_20260729_0022.jpg,2026-07-29 08:48:48,SC-03,smartphone,saudavel,saudavel,0.7615,agrosmart-v1,simulado,sim-2026-07
df9c9943-4b8d-5282-a332-973ed4401f88,SC-03_20260729_0023.jpg,2026-07-29 08:49:31,SC-03,smartphone,saudavel,saudavel,0.9968,agrosmart-v1,simulado,sim-2026-07
e81eb8be-be44-5eae-a5de-4e83bc97b284,SC-01_20260729_0029.jpg,2026-07-29 08:49:49,SC-01,smartphone,saudavel,saudavel,0.9546,agrosmart-v1,simulado,sim-2026-07
aef8dcb9-9faa-502e-ad76-0d5953a1366a,SC-01_20260729_0030.jpg,2026-07-29 08:50:02,SC-01,smartphone,saudavel,saudavel,0.9941,agrosmart-v1,simulado,sim-2026-07
c5be82d1-189f-5bf6-9f06-9dea3baa1570,SC-03_20260729_0024.jpg,2026-07-29 08:50:07,SC-03,smartphone,saudavel,saudavel,0.9430,agrosmart-v1,simulado,sim-2026-07
5693c33c-df60-5443-b8a8-acf1cbd01dac,SC-03_20260729_0025.jpg,2026-07-29 08:50:45,SC-03,smartphone,saudavel,saudavel,0.9240,agrosmart-v1,simulado,sim-2026-07
a37f41e3-67c9-5afd-8b3b-3423e705c70e,SC-01_20260729_0031.jpg,2026-07-29 08:50:46,SC-01,smartphone,saudavel,saudavel,0.9265,agrosmart-v1,simulado,sim-2026-07
fcb040fc-e558-53c9-a026-f55098ae1106,SC-03_20260729_0026.jpg,2026-07-29 08:51:35,SC-03,smartphone,saudavel,saudavel,0.9716,agrosmart-v1,simulado,sim-2026-07
f896626a-80cb-53c7-b3a9-f8a5d52bc239,BV-02_20260729_0001.jpg,2026-07-29 08:53:52,BV-02,smartphone,saudavel,saudavel,0.9082,agrosmart-v1,simulado,sim-2026-07
c8e83feb-49dc-5e9c-92ce-cba4a1ce5c0d,BV-02_20260729_0002.jpg,2026-07-29 08:54:24,BV-02,smartphone,saudavel,saudavel,0.8952,agrosmart-v1,simulado,sim-2026-07
d57584c0-237a-5995-8909-b49c9a62c303,BV-02_20260729_0003.jpg,2026-07-29 08:55:04,BV-02,smartphone,saudavel,saudavel,0.9786,agrosmart-v1,simulado,sim-2026-07
c8ca5c67-d8bc-58e5-8b3c-1622e16b19ad,BV-02_20260729_0004.jpg,2026-07-29 08:55:42,BV-02,smartphone,saudavel,saudavel,0.9564,agrosmart-v1,simulado,sim-2026-07
068709f7-5b10-5e1e-af41-5b27ff3b4880,BV-02_20260729_0005.jpg,2026-07-29 08:56:35,BV-02,smartphone,saudavel,saudavel,0.8466,agrosmart-v1,simulado,sim-2026-07
7a939d84-48d7-516d-8cce-6b7270cd08f8,BV-02_20260729_0006.jpg,2026-07-29 08:57:18,BV-02,smartphone,saudavel,saudavel,0.9348,agrosmart-v1,simulado,sim-2026-07
c7a118b8-bcd1-56e3-bbe4-c884ede017f2,BV-02_20260729_0007.jpg,2026-07-29 08:57:48,BV-02,smartphone,saudavel,saudavel,0.7729,agrosmart-v1,simulado,sim-2026-07
cc73bb28-3c0e-522a-8ff6-abee56e94af7,BV-02_20260729_0008.jpg,2026-07-29 08:58:28,BV-02,smartphone,saudavel,saudavel,0.9931,agrosmart-v1,simulado,sim-2026-07
16e098cb-96e4-5550-a16c-cfb644645518,BV-02_20260729_0009.jpg,2026-07-29 08:59:07,BV-02,smartphone,saudavel,saudavel,0.9968,agrosmart-v1,simulado,sim-2026-07
0387be0d-876d-5bc1-b6ef-f2f36e500990,BV-02_20260729_0010.jpg,2026-07-29 08:59:51,BV-02,smartphone,saudavel,saudavel,0.9947,agrosmart-v1,simulado,sim-2026-07
aae3ce17-e445-58db-a243-04ef13d4aa22,BV-02_20260729_0011.jpg,2026-07-29 09:00:50,BV-02,smartphone,saudavel,saudavel,0.9607,agrosmart-v1,simulado,sim-2026-07
47bfe50d-0485-5f56-b972-f69efc33891c,BV-02_20260729_0012.jpg,2026-07-29 09:01:14,BV-02,smartphone,saudavel,saudavel,0.7494,agrosmart-v1,simulado,sim-2026-07
f1c9e078-4a9d-55c0-b296-ce92e2bf057c,BV-02_20260729_0013.jpg,2026-07-29 09:01:45,BV-02,smartphone,saudavel,saudavel,0.9989,agrosmart-v1,simulado,sim-2026-07
de982b31-aeeb-5acd-bd28-c7227e130366,BV-02_20260729_0014.jpg,2026-07-29 09:02:32,BV-02,smartphone,saudavel,saudavel,0.8987,agrosmart-v1,simulado,sim-2026-07
b0168007-63ad-5cc6-ae3c-2049d70ef7f2,BV-02_20260729_0015.jpg,2026-07-29 09:03:16,BV-02,smartphone,saudavel,saudavel,0.9818,agrosmart-v1,simulado,sim-2026-07
4def3ebb-2ed7-5efa-9ecb-2b48d0682cc0,BV-02_20260729_0016.jpg,2026-07-29 09:03:57,BV-02,smartphone,saudavel,saudavel,0.9786,agrosmart-v1,simulado,sim-2026-07
7257e60f-0a94-5fd3-8bd1-8c2d18ffe772,BV-02_20260729_0017.jpg,2026-07-29 09:04:26,BV-02,smartphone,saudavel,saudavel,0.8570,agrosmart-v1,simulado,sim-2026-07
538e6c45-2e71-5b52-b782-07826f05c6fc,BV-02_20260729_0018.jpg,2026-07-29 09:05:09,BV-02,smartphone,saudavel,saudavel,0.9996,agrosmart-v1,simulado,sim-2026-07
9c1231b7-eb46-5430-a6e8-4c0f21d6a2f9,BV-02_20260729_0019.jpg,2026-07-29 09:06:07,BV-02,smartphone,saudavel,saudavel,0.9996,agrosmart-v1,simulado,sim-2026-07
0cfd0397-4928-5eeb-97d2-144dc6fce1ba,BV-02_20260729_0020.jpg,2026-07-29 09:06:29,BV-02,smartphone,saudavel,saudavel,0.8296,agrosmart-v1,simulado,sim-2026-07
df3e1de5-b142-52be-b206-d089572d593d,BV-02_20260729_0021.jpg,2026-07-29 09:07:08,BV-02,smartphone,saudavel,saudavel,0.9995,agrosmart-v1,simulado,sim-2026-07
857731d1-3ff5-5caa-8eb0-60d35fc37a58,BV-02_20260729_0022.jpg,2026-07-29 09:08:01,BV-02,smartphone,saudavel,saudavel,0.9981,agrosmart-v1,simulado,sim-2026-07
6b3b9081-22c7-5915-a080-d5441fb2905b,BV-02_20260729_0023.jpg,2026-07-29 09:08:23,BV-02,smartphone,saudavel,saudavel,0.8526,agrosmart-v1,simulado,sim-2026-07
05a49db4-8ebe-5915-9d61-edef4c20f98d,BV-02_20260729_0024.jpg,2026-07-29 09:09:15,BV-02,smartphone,saudavel,saudavel,0.9948,agrosmart-v1,simulado,sim-2026-07
3099bec9-eb48-5890-a155-724bcdcb7c06,BV-02_20260729_0025.jpg,2026-07-29 09:09:40,BV-02,smartphone,saudavel,saudavel,0.9265,agrosmart-v1,simulado,sim-2026-07
1437b58f-852b-524e-861a-c8922fd32348,BV-02_20260729_0026.jpg,2026-07-29 09:10:48,BV-02,smartphone,saudavel,saudavel,0.9482,agrosmart-v1,simulado,sim-2026-07
5a0c30c9-f540-54ad-83cd-c27e35ffcf52,TI-01_20260729_0001.jpg,2026-07-29 09:11:05,TI-01,drone,saudavel,saudavel,0.9949,agrosmart-v1,simulado,sim-2026-07
e6a60c35-f58e-5397-9760-ef72145814b1,BV-02_20260729_0027.jpg,2026-07-29 09:11:20,BV-02,smartphone,saudavel,saudavel,0.9514,agrosmart-v1,simulado,sim-2026-07
62dae3b0-1d38-5f78-a537-493173133357,BV-02_20260729_0028.jpg,2026-07-29 09:11:45,BV-02,smartphone,saudavel,saudavel,0.9792,agrosmart-v1,simulado,sim-2026-07
fdd859c1-7541-5f23-8b0a-8b7fc4dc0604,TI-01_20260729_0002.jpg,2026-07-29 09:11:48,TI-01,drone,saudavel,saudavel,0.8718,agrosmart-v1,simulado,sim-2026-07
afca0b9a-62f7-506e-8bfe-4d9433506345,TI-01_20260729_0003.jpg,2026-07-29 09:12:24,TI-01,drone,saudavel,saudavel,0.8295,agrosmart-v1,simulado,sim-2026-07
c4ff21cb-f73f-5c71-ad3a-494ec253b6c9,BV-02_20260729_0029.jpg,2026-07-29 09:12:45,BV-02,smartphone,saudavel,saudavel,0.9338,agrosmart-v1,simulado,sim-2026-07
e846d149-d094-54d6-bcaf-c05cf8108f78,TI-01_20260729_0004.jpg,2026-07-29 09:12:45,TI-01,drone,saudavel,saudavel,0.9609,agrosmart-v1,simulado,sim-2026-07
5175907a-d090-5ceb-b68b-c1ba7419eff9,BV-02_20260729_0030.jpg,2026-07-29 09:13:13,BV-02,smartphone,saudavel,saudavel,0.9903,agrosmart-v1,simulado,sim-2026-07
34b12cca-d7bf-546a-83d0-843b561b13c9,TI-01_20260729_0005.jpg,2026-07-29 09:13:30,TI-01,drone,saudavel,saudavel,0.9993,agrosmart-v1,simulado,sim-2026-07
68296e6b-bbb1-5cc1-b334-541d5d2ac29a,BV-02_20260729_0031.jpg,2026-07-29 09:13:47,BV-02,smartphone,saudavel,saudavel,0.8705,agrosmart-v1,simulado,sim-2026-07
b90b9248-98f4-5356-9b0f-85fb8e6169d6,TI-01_20260729_0006.jpg,2026-07-29 09:14:06,TI-01,drone,saudavel,saudavel,0.9856,agrosmart-v1,simulado,sim-2026-07
65d8a20e-c697-55dc-bdbe-9f18f9e65f83,BV-02_20260729_0032.jpg,2026-07-29 09:14:41,BV-02,smartphone,saudavel,saudavel,0.9700,agrosmart-v1,simulado,sim-2026-07
8d525586-bced-5d8f-800c-fd3441f4b5fa,TI-01_20260729_0007.jpg,2026-07-29 09:14:52,TI-01,drone,saudavel,saudavel,0.9639,agrosmart-v1,simulado,sim-2026-07
22344e97-c84a-5528-b5a2-d82a0b6b6712,BV-02_20260729_0033.jpg,2026-07-29 09:15:18,BV-02,smartphone,saudavel,saudavel,0.8342,agrosmart-v1,simulado,sim-2026-07
14005ae3-82f6-583a-9241-8742ad7ebf88,TI-01_20260729_0008.jpg,2026-07-29 09:15:27,TI-01,drone,saudavel,saudavel,0.8394,agrosmart-v1,simulado,sim-2026-07
d2c71421-d3c4-51dc-9cc1-416f99d74199,TI-01_20260729_0009.jpg,2026-07-29 09:16:02,TI-01,drone,saudavel,saudavel,0.8428,agrosmart-v1,simulado,sim-2026-07
6db486ee-3d35-5403-8754-e14f46f93f5d,BV-02_20260729_0034.jpg,2026-07-29 09:16:05,BV-02,smartphone,doente,vaquinha,0.9466,agrosmart-v1,simulado,sim-2026-07
3f8956a8-c100-5c39-960a-a6bdfd8f0c7d,BV-02_20260729_0035.jpg,2026-07-29 09:16:32,BV-02,smartphone,saudavel,saudavel,0.8220,agrosmart-v1,simulado,sim-2026-07
7060f83d-880b-5176-8439-568817bd03ff,TI-01_20260729_0010.jpg,2026-07-29 09:17:00,TI-01,drone,saudavel,saudavel,0.8626,agrosmart-v1,simulado,sim-2026-07
a1cee1fc-95e3-5356-a5d9-b7d2fc213cf4,BV-02_20260729_0036.jpg,2026-07-29 09:17:22,BV-02,smartphone,saudavel,saudavel,0.8666,agrosmart-v1,simulado,sim-2026-07
6c7a3ab2-2782-5299-a3cf-6c87815bc2e2,TI-01_20260729_0011.jpg,2026-07-29 09:17:32,TI-01,drone,saudavel,saudavel,0.9839,agrosmart-v1,simulado,sim-2026-07
94e6446b-eb30-54a1-8705-fa352a196fe1,BV-02_20260729_0037.jpg,2026-07-29 09:18:08,BV-02,smartphone,saudavel,saudavel,0.8905,agrosmart-v1,simulado,sim-2026-07
cd48548a-2a17-56b0-ae7c-b97d045f359e,TI-01_20260729_0012.jpg,2026-07-29 09:18:10,TI-01,drone,saudavel,saudavel,0.8381,agrosmart-v1,simulado,sim-2026-07
b70d0e67-7404-5ebf-842b-1ebdacfbea18,TI-01_20260729_0013.jpg,2026-07-29 09:19:06,TI-01,drone,saudavel,saudavel,0.9449,agrosmart-v1,simulado,sim-2026-07
aa4409c6-16cd-50e8-b19a-73459baf46c4,TI-01_20260729_0014.jpg,2026-07-29 09:19:23,TI-01,drone,saudavel,saudavel,0.9599,agrosmart-v1,simulado,sim-2026-07
5437cb94-9418-5dee-944d-0be263e05bcc,TI-01_20260729_0015.jpg,2026-07-29 09:20:30,TI-01,drone,saudavel,saudavel,0.9664,agrosmart-v1,simulado,sim-2026-07
87724f6f-abc0-5b6e-adae-5134f72d5733,TI-01_20260729_0016.jpg,2026-07-29 09:20:51,TI-01,drone,saudavel,saudavel,0.9718,agrosmart-v1,simulado,sim-2026-07
ea9df248-a5ce-50dc-98df-d3e1f85ed64d,TI-01_20260729_0017.jpg,2026-07-29 09:21:21,TI-01,drone,saudavel,saudavel,0.9754,agrosmart-v1,simulado,sim-2026-07
234a1efe-3420-5040-b66a-b6ab212cb2dd,TI-01_20260729_0018.jpg,2026-07-29 09:22:24,TI-01,drone,saudavel,saudavel,0.8953,agrosmart-v1,simulado,sim-2026-07
bf75bd1d-e8f5-55f1-a60e-3c1c05b19b80,TI-01_20260729_0019.jpg,2026-07-29 09:22:43,TI-01,drone,saudavel,saudavel,0.8680,agrosmart-v1,simulado,sim-2026-07
7515d198-01e2-585a-b704-180a3c6c20ca,TI-01_20260729_0020.jpg,2026-07-29 09:23:20,TI-01,drone,saudavel,saudavel,0.9892,agrosmart-v1,simulado,sim-2026-07
cdd61e19-3e89-50e3-b1bc-57f2d9e888c6,TI-01_20260729_0021.jpg,2026-07-29 09:24:26,TI-01,drone,saudavel,saudavel,0.9648,agrosmart-v1,simulado,sim-2026-07
3a7410c5-8561-571c-94b6-cfe2a3af948f,TI-01_20260729_0022.jpg,2026-07-29 09:25:02,TI-01,drone,saudavel,saudavel,0.8503,agrosmart-v1,simulado,sim-2026-07
72e72f12-ee2b-502e-844b-9fc0064ed322,TI-01_20260729_0023.jpg,2026-07-29 09:25:35,TI-01,drone,saudavel,saudavel,0.9409,agrosmart-v1,simulado,sim-2026-07
45d47efd-2a7b-52b2-a213-168a4e87dd6c,TI-01_20260729_0024.jpg,2026-07-29 09:26:19,TI-01,drone,saudavel,saudavel,0.9070,agrosmart-v1,simulado,sim-2026-07
cf07da57-95f9-5aa2-8fa2-449df0c04894,TI-01_20260729_0025.jpg,2026-07-29 09:26:41,TI-01,drone,saudavel,saudavel,0.9472,agrosmart-v1,simulado,sim-2026-07
7459c440-64a5-556f-9b05-9ae17098c94e,TI-01_20260729_0026.jpg,2026-07-29 09:27:41,TI-01,drone,saudavel,saudavel,0.8915,agrosmart-v1,simulado,sim-2026-07
cb0a5689-8955-52af-ba45-5f42f0bf0e97,TI-01_20260729_0027.jpg,2026-07-29 09:28:25,TI-01,drone,saudavel,saudavel,0.9354,agrosmart-v1,simulado,sim-2026-07
4fe79530-6c25-5342-908c-0b784fcd71e7,TI-01_20260729_0028.jpg,2026-07-29 09:28:45,TI-01,drone,saudavel,saudavel,0.9179,agrosmart-v1,simulado,sim-2026-07
f5b6e7f4-23c2-5543-94ca-eb5a3f938694,TI-01_20260729_0029.jpg,2026-07-29 09:29:44,TI-01,drone,saudavel,saudavel,0.9662,agrosmart-v1,simulado,sim-2026-07
1e7b2c72-e336-516b-b864-d4ef32fef4ef,TI-01_20260729_0030.jpg,2026-07-29 09:30:18,TI-01,drone,saudavel,saudavel,0.8854,agrosmart-v1,simulado,sim-2026-07
963b6162-dbeb-52b4-a51f-1614069dd60b,TI-01_20260729_0031.jpg,2026-07-29 09:30:47,TI-01,drone,saudavel,saudavel,0.8638,agrosmart-v1,simulado,sim-2026-07
85146c8c-164f-5510-91eb-00e5a77bc11b,TI-01_20260729_0032.jpg,2026-07-29 09:31:50,TI-01,drone,saudavel,saudavel,0.9666,agrosmart-v1,simulado,sim-2026-07
b6fd2892-ac01-5cc1-ae89-f028d622d9d5,TI-01_20260729_0033.jpg,2026-07-29 09:32:13,TI-01,drone,saudavel,saudavel,0.9063,agrosmart-v1,simulado,sim-2026-07
00fbb687-37d3-59bc-b0ad-19266fe1ba6a,TI-01_20260729_0034.jpg,2026-07-29 09:33:00,TI-01,drone,saudavel,saudavel,0.9992,agrosmart-v1,simulado,sim-2026-07
0bf93699-c95d-58e3-9b51-154b901afcfb,TI-01_20260729_0035.jpg,2026-07-29 09:33:30,TI-01,drone,saudavel,saudavel,0.6083,agrosmart-v1,simulado,sim-2026-07
2e21d26c-7c3c-56fa-a220-c27ff9ecab13,TI-01_20260729_0036.jpg,2026-07-29 09:34:26,TI-01,drone,saudavel,saudavel,0.8970,agrosmart-v1,simulado,sim-2026-07
42a7faf8-ef4c-54dc-a993-36e6558c9739,TI-01_20260729_0037.jpg,2026-07-29 09:35:00,TI-01,drone,doente,pinta_preta,0.8918,agrosmart-v1,simulado,sim-2026-07
5855dee0-e5bb-5bcd-bf1e-47a067d9c39a,TI-01_20260729_0038.jpg,2026-07-29 09:35:47,TI-01,drone,saudavel,saudavel,0.8339,agrosmart-v1,simulado,sim-2026-07
e27e7d61-f0ed-5e62-a74a-7ddc961da352,TI-01_20260729_0039.jpg,2026-07-29 09:36:21,TI-01,drone,saudavel,saudavel,0.9632,agrosmart-v1,simulado,sim-2026-07
7bea9d1e-e40c-5358-8e78-b6ba577edd60,TI-01_20260729_0040.jpg,2026-07-29 09:37:10,TI-01,drone,saudavel,saudavel,0.9999,agrosmart-v1,simulado,sim-2026-07
40938cdb-9240-5602-8143-b543e29be502,TI-01_20260729_0041.jpg,2026-07-29 09:37:32,TI-01,drone,saudavel,saudavel,0.9580,agrosmart-v1,simulado,sim-2026-07
0e22dfe6-a389-58a5-b5b9-11d32d18864b,TI-01_20260729_0042.jpg,2026-07-29 09:38:13,TI-01,drone,saudavel,saudavel,0.9747,agrosmart-v1,simulado,sim-2026-07
e2d8f1ff-df85-5fab-a511-2bbeda1f8368,SC-04_20260729_0001.jpg,2026-07-29 10:00:01,SC-04,smartphone,saudavel,saudavel,0.9518,agrosmart-v1,simulado,sim-2026-07
d5aff78c-57d1-51ee-b0c3-c4971061644e,SC-04_20260729_0002.jpg,2026-07-29 10:00:31,SC-04,smartphone,saudavel,saudavel,0.9709,agrosmart-v1,simulado,sim-2026-07
dbd0e21d-ab50-5b7a-8c44-4f3b54346a26,SC-04_20260729_0003.jpg,2026-07-29 10:01:06,SC-04,smartphone,saudavel,saudavel,0.9978,agrosmart-v1,simulado,sim-2026-07
950bba8b-fa15-5c66-970b-934ea7a340b5,SC-04_20260729_0004.jpg,2026-07-29 10:01:42,SC-04,smartphone,saudavel,saudavel,0.8758,agrosmart-v1,simulado,sim-2026-07
220a1cda-1e54-57af-848f-795a30ba9c80,SC-04_20260729_0005.jpg,2026-07-29 10:02:33,SC-04,smartphone,saudavel,saudavel,0.9986,agrosmart-v1,simulado,sim-2026-07
700234f6-3158-555e-9df1-3df0f0edb02b,SC-04_20260729_0006.jpg,2026-07-29 10:03:06,SC-04,smartphone,saudavel,saudavel,0.9929,agrosmart-v1,simulado,sim-2026-07
f194e648-7619-5279-8dcd-f84ed81793e5,SC-04_20260729_0007.jpg,2026-07-29 10:04:06,SC-04,smartphone,saudavel,saudavel,0.9454,agrosmart-v1,simulado,sim-2026-07
ff25d5df-895c-55fe-9746-f6ba945c3bec,SC-04_20260729_0008.jpg,2026-07-29 10:04:38,SC-04,smartphone,saudavel,saudavel,0.9800,agrosmart-v1,simulado,sim-2026-07
59fb82dd-1e96-5705-8903-af01ac9ccef4,SC-04_20260729_0009.jpg,2026-07-29 10:05:23,SC-04,smartphone,saudavel,saudavel,0.9994,agrosmart-v1,simulado,sim-2026-07
d576fab3-7f7b-54b9-ab8b-5ce89bb3ae73,SC-04_20260729_0010.jpg,2026-07-29 10:06:01,SC-04,smartphone,saudavel,saudavel,0.9104,agrosmart-v1,simulado,sim-2026-07
6dfb7582-928f-5944-8089-0b8c41d76563,SC-04_20260729_0011.jpg,2026-07-29 10:06:23,SC-04,smartphone,saudavel,saudavel,0.9670,agrosmart-v1,simulado,sim-2026-07
e6b98296-8bf3-544c-98cb-40c59901789f,SC-04_20260729_0012.jpg,2026-07-29 10:07:06,SC-04,smartphone,saudavel,saudavel,0.9705,agrosmart-v1,simulado,sim-2026-07
bcd798c3-f8c0-542b-84f9-39ba86b3a16d,SC-04_20260729_0013.jpg,2026-07-29 10:07:47,SC-04,smartphone,saudavel,saudavel,0.9932,agrosmart-v1,simulado,sim-2026-07
d5b49582-e7d2-5f10-8bfe-849034f26dd5,SC-04_20260729_0014.jpg,2026-07-29 10:08:34,SC-04,smartphone,saudavel,saudavel,0.8858,agrosmart-v1,simulado,sim-2026-07
a5d63d9f-6e1b-5a2e-8336-14279a6d7cf7,SC-04_20260729_0015.jpg,2026-07-29 10:09:10,SC-04,smartphone,doente,vaquinha,0.9315,agrosmart-v1,simulado,sim-2026-07
9afa56ba-05ad-5106-aebd-d03118e0ca5f,SC-04_20260729_0016.jpg,2026-07-29 10:09:47,SC-04,smartphone,saudavel,saudavel,0.9675,agrosmart-v1,simulado,sim-2026-07
8e5c6c1c-7e77-52a6-a35e-618a8964de65,SC-04_20260729_0017.jpg,2026-07-29 10:10:25,SC-04,smartphone,saudavel,saudavel,0.9634,agrosmart-v1,simulado,sim-2026-07
31e3855f-6e00-541c-a983-9ad844a4fa97,SC-04_20260729_0018.jpg,2026-07-29 10:11:21,SC-04,smartphone,saudavel,saudavel,0.9637,agrosmart-v1,simulado,sim-2026-07
7c8663ea-25ed-56f2-96fd-ac8de3e0fad4,SC-04_20260729_0019.jpg,2026-07-29 10:11:48,SC-04,smartphone,saudavel,saudavel,0.9827,agrosmart-v1,simulado,sim-2026-07
d846d9ae-791b-5b97-a954-490d48c558d7,SC-04_20260729_0020.jpg,2026-07-29 10:12:48,SC-04,smartphone,saudavel,saudavel,0.8572,agrosmart-v1,simulado,sim-2026-07
599ac2ce-157f-5954-ac5c-bd442a75ca92,SC-04_20260729_0021.jpg,2026-07-29 10:13:01,SC-04,smartphone,saudavel,saudavel,0.9265,agrosmart-v1,simulado,sim-2026-07
83593b03-f11d-5c76-8b8f-5d2d87f4a16e,SC-04_20260729_0022.jpg,2026-07-29 10:13:55,SC-04,smartphone,saudavel,saudavel,0.7267,agrosmart-v1,simulado,sim-2026-07
306cd5d4-0a75-540f-953a-dde20e7c87be,SC-04_20260729_0023.jpg,2026-07-29 10:14:32,SC-04,smartphone,saudavel,saudavel,0.9407,agrosmart-v1,simulado,sim-2026-07
60addaf1-8dab-523e-abd8-b942590e4fb6,SC-04_20260729_0024.jpg,2026-07-29 10:15:08,SC-04,smartphone,saudavel,saudavel,0.8509,agrosmart-v1,simulado,sim-2026-07
c297b782-57b2-52b3-949e-4593687e60ae,BV-02_20260731_0001.jpg,2026-07-31 07:00:44,BV-02,smartphone,saudavel,saudavel,0.8728,agrosmart-v1,simulado,sim-2026-07
c868bb5a-5aef-5a82-a606-f57867f9c935,BV-02_20260731_0002.jpg,2026-07-31 07:01:40,BV-02,smartphone,saudavel,saudavel,0.9183,agrosmart-v1,simulado,sim-2026-07
007d1f54-8769-5b6e-b673-1e0c939000eb,BV-02_20260731_0003.jpg,2026-07-31 07:02:12,BV-02,smartphone,saudavel,saudavel,0.9217,agrosmart-v1,simulado,sim-2026-07
185cf501-bf16-50c5-8ce1-f68d53011c5e,BV-02_20260731_0004.jpg,2026-07-31 07:02:50,BV-02,smartphone,doente,pinta_preta,0.9640,agrosmart-v1,simulado,sim-2026-07
93049486-0063-57f1-b43b-dd4357006915,BV-02_20260731_0005.jpg,2026-07-31 07:03:28,BV-02,smartphone,saudavel,saudavel,0.9959,agrosmart-v1,simulado,sim-2026-07
db3f0d02-569d-5ec7-8c0c-fcdf3f743189,BV-02_20260731_0006.jpg,2026-07-31 07:04:20,BV-02,smartphone,saudavel,saudavel,0.9945,agrosmart-v1,simulado,sim-2026-07
b226cee5-6db0-58e5-a06c-52c872f2e8b1,BV-02_20260731_0007.jpg,2026-07-31 07:04:44,BV-02,smartphone,saudavel,saudavel,0.9715,agrosmart-v1,simulado,sim-2026-07
147bd925-f745-5c71-ab3e-2deeba5b799d,BV-02_20260731_0008.jpg,2026-07-31 07:05:39,BV-02,smartphone,saudavel,saudavel,0.9440,agrosmart-v1,simulado,sim-2026-07
2af40cf2-370b-59aa-b151-2bfed6f018c6,BV-02_20260731_0009.jpg,2026-07-31 07:06:21,BV-02,smartphone,saudavel,saudavel,0.9667,agrosmart-v1,simulado,sim-2026-07
a74d79d3-e855-5435-bb4b-7959bd3a1a46,BV-02_20260731_0010.jpg,2026-07-31 07:06:49,BV-02,smartphone,saudavel,saudavel,0.8644,agrosmart-v1,simulado,sim-2026-07
6f42d494-a442-506b-af6d-f3b7bbbae235,BV-02_20260731_0011.jpg,2026-07-31 07:07:24,BV-02,smartphone,saudavel,saudavel,0.9997,agrosmart-v1,simulado,sim-2026-07
ec37d28f-cf9a-58e1-8bda-dd4d8fe224c1,BV-02_20260731_0012.jpg,2026-07-31 07:08:01,BV-02,smartphone,saudavel,saudavel,0.9139,agrosmart-v1,simulado,sim-2026-07
99d49a7f-5435-5129-9eaf-5e92a9637842,BV-02_20260731_0013.jpg,2026-07-31 07:09:06,BV-02,smartphone,saudavel,saudavel,0.8289,agrosmart-v1,simulado,sim-2026-07
752946d6-e74f-5800-a775-2cc2799a8129,BV-02_20260731_0014.jpg,2026-07-31 07:09:42,BV-02,smartphone,saudavel,saudavel,0.8310,agrosmart-v1,simulado,sim-2026-07
708ffda8-c772-54e5-b02c-8edc9e4fb87f,BV-02_20260731_0015.jpg,2026-07-31 07:10:09,BV-02,smartphone,saudavel,saudavel,0.9795,agrosmart-v1,simulado,sim-2026-07
068921d2-95ca-51c1-b991-b3ddd25094cc,BV-02_20260731_0016.jpg,2026-07-31 07:10:56,BV-02,smartphone,saudavel,saudavel,0.9992,agrosmart-v1,simulado,sim-2026-07
1d4e53f2-3e05-56c5-8b02-7eb3666fe81c,BV-03_20260731_0001.jpg,2026-07-31 07:11:04,BV-03,smartphone,saudavel,saudavel,0.9177,agrosmart-v1,simulado,sim-2026-07
12d189ec-cca7-5255-a42d-45fae2ace96a,BV-03_20260731_0002.jpg,2026-07-31 07:11:24,BV-03,smartphone,doente,mosca_minadora,0.9504,agrosmart-v1,simulado,sim-2026-07
2f978fc1-d32e-5551-b8af-89aaddcf6101,BV-02_20260731_0017.jpg,2026-07-31 07:11:31,BV-02,smartphone,saudavel,saudavel,0.9464,agrosmart-v1,simulado,sim-2026-07
efcffe3a-63f8-5f2f-8773-369605aa3159,BV-03_20260731_0003.jpg,2026-07-31 07:12:21,BV-03,smartphone,saudavel,saudavel,0.9911,agrosmart-v1,simulado,sim-2026-07
02d11cc1-8a8d-5319-bbdc-f2788329a105,BV-02_20260731_0018.jpg,2026-07-31 07:12:25,BV-02,smartphone,saudavel,saudavel,0.9998,agrosmart-v1,simulado,sim-2026-07
dd97f1d3-5ee6-57f7-bb9c-3e0e2de510c3,BV-02_20260731_0019.jpg,2026-07-31 07:12:42,BV-02,smartphone,saudavel,saudavel,0.9942,agrosmart-v1,simulado,sim-2026-07
438068cf-ef40-5dcd-860b-30ccc92b1e7a,BV-03_20260731_0004.jpg,2026-07-31 07:13:06,BV-03,smartphone,saudavel,saudavel,0.9996,agrosmart-v1,simulado,sim-2026-07
7e18d657-7b7d-5fa1-b94c-b6f4d88252b1,BV-02_20260731_0020.jpg,2026-07-31 07:13:32,BV-02,smartphone,saudavel,saudavel,0.9589,agrosmart-v1,simulado,sim-2026-07
210c60af-f1d4-5522-87e3-bf09feddcdd5,BV-03_20260731_0005.jpg,2026-07-31 07:13:36,BV-03,smartphone,saudavel,saudavel,0.9980,agrosmart-v1,simulado,sim-2026-07
613ff5df-f86a-53b1-8d27-1db70d19fe32,BV-03_20260731_0006.jpg,2026-07-31 07:14:02,BV-03,smartphone,saudavel,saudavel,0.9579,agrosmart-v1,simulado,sim-2026-07
f4549b6f-0560-5a8e-b32c-d577222f1fa1,BV-02_20260731_0021.jpg,2026-07-31 07:14:21,BV-02,smartphone,saudavel,saudavel,0.8430,agrosmart-v1,simulado,sim-2026-07
8f905be7-3977-5155-ae23-02ace3d2f314,BV-02_20260731_0022.jpg,2026-07-31 07:14:52,BV-02,smartphone,saudavel,saudavel,0.8329,agrosmart-v1,simulado,sim-2026-07
8b60e6e8-b95c-5397-a565-7a1d18b1ca2d,BV-03_20260731_0007.jpg,2026-07-31 07:15:09,BV-03,smartphone,saudavel,saudavel,0.8981,agrosmart-v1,simulado,sim-2026-07
71cb9ff6-86ec-554c-9a38-aa603f50f90c,BV-02_20260731_0023.jpg,2026-07-31 07:15:40,BV-02,smartphone,saudavel,saudavel,0.9617,agrosmart-v1,simulado,sim-2026-07
758e7082-a20c-5892-b480-5b45b93df704,BV-03_20260731_0008.jpg,2026-07-31 07:15:40,BV-03,smartphone,saudavel,saudavel,0.8697,agrosmart-v1,simulado,sim-2026-07
30784276-777d-5735-9739-2d0e030874f9,BV-02_20260731_0024.jpg,2026-07-31 07:16:15,BV-02,smartphone,saudavel,saudavel,0.9960,agrosmart-v1,simulado,sim-2026-07
be6fbc43-819d-5232-a6ac-51819e5a87da,BV-03_20260731_0009.jpg,2026-07-31 07:16:17,BV-03,smartphone,saudavel,saudavel,0.9977,agrosmart-v1,simulado,sim-2026-07
00edc3e0-ecc5-547d-ba89-cd1e9787b90e,BV-03_20260731_0010.jpg,2026-07-31 07:16:52,BV-03,smartphone,saudavel,saudavel,0.8915,agrosmart-v1,simulado,sim-2026-07
ed45d9e1-f775-5e06-b8fc-f06eb49bdfe4,BV-02_20260731_0025.jpg,2026-07-31 07:17:09,BV-02,smartphone,saudavel,saudavel,0.9555,agrosmart-v1,simulado,sim-2026-07
ba6f5257-00df-5f11-8e62-a8bcaeda7492,BV-03_20260731_0011.jpg,2026-07-31 07:17:43,BV-03,smartphone,saudavel,saudavel,0.9265,agrosmart-v1,simulado,sim-2026-07
3bbc9eca-a058-5b94-a5ab-f1329ff29d66,BV-02_20260731_0026.jpg,2026-07-31 07:17:46,BV-02,smartphone,saudavel,saudavel,0.9816,agrosmart-v1,simulado,sim-2026-07
99949f4c-93e9-562f-a50c-080e05a9c96e,BV-03_20260731_0012.jpg,2026-07-31 07:18:14,BV-03,smartphone,saudavel,saudavel,0.9480,agrosmart-v1,simulado,sim-2026-07
beeb3579-846a-5a15-897c-5832ff297f53,BV-02_20260731_0027.jpg,2026-07-31 07:18:15,BV-02,smartphone,saudavel,saudavel,0.9997,agrosmart-v1,simulado,sim-2026-07
1959912d-e71e-5c2a-ab2a-6c141c2f8c0d,BV-03_20260731_0013.jpg,2026-07-31 07:18:44,BV-03,smartphone,saudavel,saudavel,0.8294,agrosmart-v1,simulado,sim-2026-07
41106ac6-3605-536d-8b64-dd2c9f7fb338,BV-02_20260731_0028.jpg,2026-07-31 07:18:50,BV-02,smartphone,saudavel,saudavel,1.0000,agrosmart-v1,simulado,sim-2026-07
55a6a0d3-23bf-5161-9122-dd672709897b,BV-03_20260731_0014.jpg,2026-07-31 07:19:40,BV-03,smartphone,saudavel,saudavel,0.9673,agrosmart-v1,simulado,sim-2026-07
2c120cbc-cd89-5385-bdd9-4fb7b97fbfa2,BV-02_20260731_0029.jpg,2026-07-31 07:19:41,BV-02,smartphone,saudavel,saudavel,0.9898,agrosmart-v1,simulado,sim-2026-07
ef85b5aa-697f-5c57-99aa-1bb78452c401,BV-02_20260731_0030.jpg,2026-07-31 07:20:08,BV-02,smartphone,saudavel,saudavel,0.9207,agrosmart-v1,simulado,sim-2026-07
8d8cfa2d-c67f-5250-960b-9152369d4b79,BV-03_20260731_0015.jpg,2026-07-31 07:20:13,BV-03,smartphone,saudavel,saudavel,0.9406,agrosmart-v1,simulado,sim-2026-07
3cbe8493-46d7-5b78-a40f-b939f40a1a1c,BV-02_20260731_0031.jpg,2026-07-31 07:21:04,BV-02,smartphone,saudavel,saudavel,0.9739,agrosmart-v1,simulado,sim-2026-07
4decd153-1b96-5189-973d-b74a097ecd5b,BV-03_20260731_0016.jpg,2026-07-31 07:21:09,BV-03,smartphone,saudavel,saudavel,0.9903,agrosmart-v1,simulado,sim-2026-07
4280920a-140f-5465-87a1-6b2095277eb5,BV-02_20260731_0032.jpg,2026-07-31 07:21:41,BV-02,smartphone,saudavel,saudavel,0.9997,agrosmart-v1,simulado,sim-2026-07
5594cdf4-72a4-5e16-b147-e7038aed44b0,BV-03_20260731_0017.jpg,2026-07-31 07:21:43,BV-03,smartphone,saudavel,saudavel,0.8363,agrosmart-v1,simulado,sim-2026-07
23cdc8a8-3cde-5f7c-8206-a1ebc7bf5802,BV-03_20260731_0018.jpg,2026-07-31 07:22:02,BV-03,smartphone,saudavel,saudavel,0.8418,agrosmart-v1,simulado,sim-2026-07
b04c0e9f-554d-5cbd-83ce-26033196fc3d,BV-03_20260731_0019.jpg,2026-07-31 07:22:55,BV-03,smartphone,saudavel,saudavel,0.9553,agrosmart-v1,simulado,sim-2026-07
5852c1be-ab7f-5f92-b736-6ee576ed99c6,BV-01_20260731_0001.jpg,2026-07-31 07:23:02,BV-01,smartphone,saudavel,saudavel,0.6901,agrosmart-v1,simulado,sim-2026-07
ed8925f6-a67c-5bfa-bc9c-0b41d8b99c43,BV-01_20260731_0002.jpg,2026-07-31 07:23:29,BV-01,smartphone,saudavel,saudavel,0.9972,agrosmart-v1,simulado,sim-2026-07
b0dbd491-e35a-5047-a6ea-da79086f783c,BV-03_20260731_0020.jpg,2026-07-31 07:23:47,BV-03,smartphone,saudavel,saudavel,0.9390,agrosmart-v1,simulado,sim-2026-07
a3258a02-0463-5927-98f4-85ea2e268ac6,BV-01_20260731_0003.jpg,2026-07-31 07:24:06,BV-01,smartphone,saudavel,saudavel,0.9472,agrosmart-v1,simulado,sim-2026-07
b39a7acb-f96e-573f-9d95-52ff08f1663f,BV-03_20260731_0021.jpg,2026-07-31 07:24:14,BV-03,smartphone,saudavel,saudavel,0.9954,agrosmart-v1,simulado,sim-2026-07
f33cb754-67a7-56ab-866a-afa24bc420bc,BV-03_20260731_0022.jpg,2026-07-31 07:25:01,BV-03,smartphone,saudavel,saudavel,0.9653,agrosmart-v1,simulado,sim-2026-07
0c6aea37-c1ab-5772-ba66-d597ece14b47,BV-01_20260731_0004.jpg,2026-07-31 07:25:10,BV-01,smartphone,saudavel,saudavel,0.9935,agrosmart-v1,simulado,sim-2026-07
a4d9ab1f-f6b9-55e8-a8a7-161f15d398be,BV-03_20260731_0023.jpg,2026-07-31 07:25:32,BV-03,smartphone,saudavel,saudavel,0.8922,agrosmart-v1,simulado,sim-2026-07
0c5223ab-b45d-517b-94d0-09fe66cd4463,BV-01_20260731_0005.jpg,2026-07-31 07:25:48,BV-01,smartphone,saudavel,saudavel,0.6977,agrosmart-v1,simulado,sim-2026-07
5497c497-6fdc-5b95-b805-ff18dd9f974b,BV-01_20260731_0006.jpg,2026-07-31 07:26:30,BV-01,smartphone,saudavel,saudavel,0.7324,agrosmart-v1,simulado,sim-2026-07
c1f39e5a-8a35-56fe-a195-bae0e6e6dda4,BV-01_20260731_0007.jpg,2026-07-31 07:27:02,BV-01,smartphone,saudavel,saudavel,0.9395,agrosmart-v1,simulado,sim-2026-07
8f9a9aee-c5fe-5c77-83ad-5aac185d61d3,BV-01_20260731_0008.jpg,2026-07-31 07:27:37,BV-01,smartphone,saudavel,saudavel,0.9709,agrosmart-v1,simulado,sim-2026-07
4e3697f8-f1a9-5c28-8c63-59d9dcab8d8a,BV-01_20260731_0009.jpg,2026-07-31 07:28:27,BV-01,smartphone,saudavel,saudavel,0.9792,agrosmart-v1,simulado,sim-2026-07
9f0f208b-3a3a-5259-ad86-dea53b27efbe,BV-01_20260731_0010.jpg,2026-07-31 07:28:40,BV-01,smartphone,saudavel,saudavel,0.9819,agrosmart-v1,simulado,sim-2026-07
c60799da-3fbc-5e08-a539-bb1dece19cb7,BV-01_20260731_0011.jpg,2026-07-31 07:29:23,BV-01,smartphone,saudavel,saudavel,0.9472,agrosmart-v1,simulado,sim-2026-07
be905538-1fc1-5313-b3aa-c4248cd29e06,BV-01_20260731_0012.jpg,2026-07-31 07:30:05,BV-01,smartphone,saudavel,saudavel,0.9986,agrosmart-v1,simulado,sim-2026-07
4e8ba257-ce33-5689-999f-3bcd752ec973,BV-01_20260731_0013.jpg,2026-07-31 07:30:53,BV-01,smartphone,saudavel,saudavel,0.9994,agrosmart-v1,simulado,sim-2026-07
65c12eb6-3960-52df-9232-a66f2bfc3961,BV-01_20260731_0014.jpg,2026-07-31 07:31:25,BV-01,smartphone,saudavel,saudavel,0.5358,agrosmart-v1,simulado,sim-2026-07
0a73af66-5f1b-58fc-bb2a-e446872cc3aa,BV-01_20260731_0015.jpg,2026-07-31 07:32:10,BV-01,smartphone,saudavel,saudavel,0.8565,agrosmart-v1,simulado,sim-2026-07
9f3f06e8-d044-58b7-8802-87657c9d28e0,BV-01_20260731_0016.jpg,2026-07-31 07:33:10,BV-01,smartphone,saudavel,saudavel,0.9974,agrosmart-v1,simulado,sim-2026-07
57cf2910-0609-533f-86de-074427cf81da,BV-01_20260731_0017.jpg,2026-07-31 07:33:44,BV-01,smartphone,saudavel,saudavel,0.9899,agrosmart-v1,simulado,sim-2026-07
fd781d0b-42fe-5ac7-802a-6536a1dadda4,BV-01_20260731_0018.jpg,2026-07-31 07:34:16,BV-01,smartphone,saudavel,saudavel,0.9976,agrosmart-v1,simulado,sim-2026-07
da05f33a-4f3d-5750-b494-802498fa286a,BV-01_20260731_0019.jpg,2026-07-31 07:34:54,BV-01,smartphone,saudavel,saudavel,0.9992,agrosmart-v1,simulado,sim-2026-07
4219c9fc-78bb-5009-9753-f52099acd3f4,BV-01_20260731_0020.jpg,2026-07-31 07:35:40,BV-01,smartphone,doente,vaquinha,0.8587,agrosmart-v1,simulado,sim-2026-07
f3e86fcf-0c51-5d57-a128-c551498cfcea,BV-01_20260731_0021.jpg,2026-07-31 07:36:30,BV-01,smartphone,saudavel,saudavel,0.9981,agrosmart-v1,simulado,sim-2026-07
8bebb605-74af-503f-8749-52b97c5ec27d,BV-01_20260731_0022.jpg,2026-07-31 07:37:00,BV-01,smartphone,saudavel,saudavel,0.9833,agrosmart-v1,simulado,sim-2026-07
2fa7ef9f-1a34-5e57-abf2-32a17caae4cc,BV-01_20260731_0023.jpg,2026-07-31 07:37:22,BV-01,smartphone,saudavel,saudavel,0.9549,agrosmart-v1,simulado,sim-2026-07
b8e13531-7a8c-5c38-9276-1f658a3c00a4,BV-01_20260731_0024.jpg,2026-07-31 07:38:04,BV-01,smartphone,saudavel,saudavel,0.8253,agrosmart-v1,simulado,sim-2026-07
02ec95d3-71c8-5caa-b1da-b3a3abd3c779,BV-01_20260731_0025.jpg,2026-07-31 07:38:57,BV-01,smartphone,saudavel,saudavel,0.8336,agrosmart-v1,simulado,sim-2026-07
d0ad3635-d353-5271-a0d9-35c20423a467,SC-01_20260731_0001.jpg,2026-07-31 08:21:10,SC-01,smartphone,saudavel,saudavel,0.9351,agrosmart-v1,simulado,sim-2026-07
5ffc9847-d799-5217-937e-b2af2bee6720,SC-01_20260731_0002.jpg,2026-07-31 08:21:49,SC-01,smartphone,doente,requeima,0.9885,agrosmart-v1,simulado,sim-2026-07
ebad2a75-9e8b-5a6c-ab60-406da6a99fe3,SC-01_20260731_0003.jpg,2026-07-31 08:22:13,SC-01,smartphone,saudavel,saudavel,0.6491,agrosmart-v1,simulado,sim-2026-07
9aef5e90-735b-5aca-afa7-0b5bfb6babb6,SC-01_20260731_0004.jpg,2026-07-31 08:22:58,SC-01,smartphone,saudavel,saudavel,0.9362,agrosmart-v1,simulado,sim-2026-07
57c7312a-8a63-52c5-ad87-f8e7425dcd43,SC-01_20260731_0005.jpg,2026-07-31 08:23:50,SC-01,smartphone,saudavel,saudavel,0.9634,agrosmart-v1,simulado,sim-2026-07
feb0f3ae-1713-5ca0-a663-1288192dae29,SC-01_20260731_0006.jpg,2026-07-31 08:24:13,SC-01,smartphone,saudavel,saudavel,0.9411,agrosmart-v1,simulado,sim-2026-07
645748ce-0176-5449-8b4d-be20930c426f,SC-01_20260731_0007.jpg,2026-07-31 08:25:09,SC-01,smartphone,saudavel,saudavel,0.9976,agrosmart-v1,simulado,sim-2026-07
bac8a80a-d2c0-5c7d-b3d0-79f57476e0ce,SC-01_20260731_0008.jpg,2026-07-31 08:25:34,SC-01,smartphone,saudavel,saudavel,0.9577,agrosmart-v1,simulado,sim-2026-07
5c13f951-ccd9-5e54-ba9c-931ae8420413,SC-01_20260731_0009.jpg,2026-07-31 08:26:12,SC-01,smartphone,saudavel,saudavel,0.9924,agrosmart-v1,simulado,sim-2026-07
11132035-03e0-5ebd-994e-a4d98764d6df,SC-01_20260731_0010.jpg,2026-07-31 08:26:56,SC-01,smartphone,saudavel,saudavel,0.9506,agrosmart-v1,simulado,sim-2026-07
67d705d2-a115-51c5-aa85-e52667f4626d,SC-01_20260731_0011.jpg,2026-07-31 08:27:36,SC-01,smartphone,saudavel,saudavel,0.9160,agrosmart-v1,simulado,sim-2026-07
4055fd39-68d3-5179-b4b5-443af6bb5f39,SC-01_20260731_0012.jpg,2026-07-31 08:28:20,SC-01,smartphone,saudavel,saudavel,0.9631,agrosmart-v1,simulado,sim-2026-07
80a01248-e5d1-5558-be8d-9356e0bd2d28,SC-01_20260731_0013.jpg,2026-07-31 08:29:05,SC-01,smartphone,saudavel,saudavel,0.9484,agrosmart-v1,simulado,sim-2026-07
9a9cfa40-aa38-599a-8168-1ef1e8e47397,SC-01_20260731_0014.jpg,2026-07-31 08:29:28,SC-01,smartphone,saudavel,saudavel,0.9060,agrosmart-v1,simulado,sim-2026-07
71ade2f3-7128-578e-9863-6f308c463e9d,SC-01_20260731_0015.jpg,2026-07-31 08:30:02,SC-01,smartphone,saudavel,saudavel,0.9894,agrosmart-v1,simulado,sim-2026-07
e7279398-405e-52fb-8aad-88021dbd7d58,SC-01_20260731_0016.jpg,2026-07-31 08:30:45,SC-01,smartphone,saudavel,saudavel,0.9887,agrosmart-v1,simulado,sim-2026-07
54093a6b-880b-581a-b94d-20bdb84bb839,SC-01_20260731_0017.jpg,2026-07-31 08:31:28,SC-01,smartphone,saudavel,saudavel,0.9262,agrosmart-v1,simulado,sim-2026-07
f520553f-db35-54af-b345-4812fe324095,SC-01_20260731_0018.jpg,2026-07-31 08:32:07,SC-01,smartphone,saudavel,saudavel,0.9522,agrosmart-v1,simulado,sim-2026-07
2d4c0155-1112-5c09-89c3-f2e4a85ac948,SC-01_20260731_0019.jpg,2026-07-31 08:32:52,SC-01,smartphone,saudavel,saudavel,0.9990,agrosmart-v1,simulado,sim-2026-07
5385563b-fb0c-57af-a621-d7748a5505b4,SC-01_20260731_0020.jpg,2026-07-31 08:33:39,SC-01,smartphone,saudavel,saudavel,0.9459,agrosmart-v1,simulado,sim-2026-07
10e9f853-74ff-5304-8bb3-0bd134593154,SC-04_20260731_0001.jpg,2026-07-31 08:34:09,SC-04,smartphone,saudavel,saudavel,0.9991,agrosmart-v1,simulado,sim-2026-07
9c511e37-1263-51d0-9162-1eabe149a7f2,SC-01_20260731_0021.jpg,2026-07-31 08:34:16,SC-01,smartphone,saudavel,saudavel,0.9749,agrosmart-v1,simulado,sim-2026-07
1e263959-c19a-54f6-b4fb-b4f49eef4b3a,SC-04_20260731_0002.jpg,2026-07-31 08:34:23,SC-04,smartphone,saudavel,saudavel,0.9763,agrosmart-v1,simulado,sim-2026-07
412797fe-27e2-5b75-866c-853c59f1989c,SC-01_20260731_0022.jpg,2026-07-31 08:35:01,SC-01,smartphone,saudavel,saudavel,0.8294,agrosmart-v1,simulado,sim-2026-07
26af38ac-ef6d-5cb8-8e3f-33f724d4192a,SC-01_20260731_0023.jpg,2026-07-31 08:35:25,SC-01,smartphone,saudavel,saudavel,0.9997,agrosmart-v1,simulado,sim-2026-07
d6b20171-c146-5b90-ab30-d45ea1043270,SC-04_20260731_0003.jpg,2026-07-31 08:35:26,SC-04,smartphone,saudavel,saudavel,0.9891,agrosmart-v1,simulado,sim-2026-07
b5d87931-9316-5d47-988e-20a8d6fde8d9,SC-04_20260731_0004.jpg,2026-07-31 08:36:01,SC-04,smartphone,doente,vaquinha,0.9999,agrosmart-v1,simulado,sim-2026-07
6a4fb918-2eb9-57c4-a0e9-66d2acfb6852,SC-04_20260731_0005.jpg,2026-07-31 08:36:22,SC-04,smartphone,saudavel,saudavel,0.9155,agrosmart-v1,simulado,sim-2026-07
67d699b5-1ea4-5ddf-b446-a9f45704c393,SC-01_20260731_0024.jpg,2026-07-31 08:36:29,SC-01,smartphone,saudavel,saudavel,0.9375,agrosmart-v1,simulado,sim-2026-07
357d96e3-a23d-52c5-b87f-b457a89b348a,SC-01_20260731_0025.jpg,2026-07-31 08:36:51,SC-01,smartphone,saudavel,saudavel,0.9654,agrosmart-v1,simulado,sim-2026-07
fc761218-9062-5f23-84a7-07bcecec93a7,SC-04_20260731_0006.jpg,2026-07-31 08:37:05,SC-04,smartphone,saudavel,saudavel,0.9906,agrosmart-v1,simulado,sim-2026-07
b7e792ce-d1a3-5e0f-93ae-35b036f30c22,SC-01_20260731_0026.jpg,2026-07-31 08:37:37,SC-01,smartphone,saudavel,saudavel,0.9998,agrosmart-v1,simulado,sim-2026-07
6cd39a5c-0100-51f6-a394-8dde00944252,TI-03_20260731_0001.jpg,2026-07-31 08:37:44,TI-03,drone,saudavel,saudavel,0.9836,agrosmart-v1,simulado,sim-2026-07
215767c5-ee72-52a9-8094-8b49a91bbba6,SC-04_20260731_0007.jpg,2026-07-31 08:37:45,SC-04,smartphone,saudavel,saudavel,0.9856,agrosmart-v1,simulado,sim-2026-07
7bd0efc3-007c-51eb-a921-2f897e01d87f,SC-01_20260731_0027.jpg,2026-07-31 08:38:02,SC-01,smartphone,saudavel,saudavel,0.9862,agrosmart-v1,simulado,sim-2026-07
bb023955-d84f-5f3c-9583-35bce67f045c,SC-04_20260731_0008.jpg,2026-07-31 08:38:21,SC-04,smartphone,saudavel,saudavel,0.9696,agrosmart-v1,simulado,sim-2026-07
2d818caa-9481-503e-9d92-0c0b3dfbf74e,TI-03_20260731_0002.jpg,2026-07-31 08:38:21,TI-03,drone,saudavel,saudavel,0.9992,agrosmart-v1,simulado,sim-2026-07
bf06d862-5a79-5c80-9b4e-600da96ce862,SC-01_20260731_0028.jpg,2026-07-31 08:38:49,SC-01,smartphone,saudavel,saudavel,0.8670,agrosmart-v1,simulado,sim-2026-07
b5e1ade4-4ef8-540b-a010-0b537ee4bfaa,SC-04_20260731_0009.jpg,2026-07-31 08:39:06,SC-04,smartphone,saudavel,saudavel,0.9923,agrosmart-v1,simulado,sim-2026-07
a4aa68f9-9580-5004-be8f-60b15dd40fb2,TI-03_20260731_0003.jpg,2026-07-31 08:39:25,TI-03,drone,saudavel,saudavel,0.9521,agrosmart-v1,simulado,sim-2026-07
88aab85a-d5dd-5d4b-a3f2-32fc2687c822,SC-01_20260731_0029.jpg,2026-07-31 08:39:35,SC-01,smartphone,saudavel,saudavel,0.9967,agrosmart-v1,simulado,sim-2026-07
83288a9e-7c0b-5807-ba22-b88a3e92d5bb,SC-04_20260731_0010.jpg,2026-07-31 08:39:44,SC-04,smartphone,saudavel,saudavel,0.9962,agrosmart-v1,simulado,sim-2026-07
6f92f116-f348-5c50-8bad-61ea0cccddfd,TI-03_20260731_0004.jpg,2026-07-31 08:40:03,TI-03,drone,saudavel,saudavel,0.9567,agrosmart-v1,simulado,sim-2026-07
ef97c704-117e-5ddf-a5de-e535374813bd,SC-01_20260731_0030.jpg,2026-07-31 08:40:07,SC-01,smartphone,saudavel,saudavel,0.8509,agrosmart-v1,simulado,sim-2026-07
8073c268-a450-5720-81dc-22fd347ea266,TI-03_20260731_0005.jpg,2026-07-31 08:40:23,TI-03,drone,saudavel,saudavel,0.8570,agrosmart-v1,simulado,sim-2026-07
5bf23e52-ad7c-5a01-8508-c4fbbb8579a0,SC-04_20260731_0011.jpg,2026-07-31 08:40:30,SC-04,smartphone,saudavel,saudavel,0.8999,agrosmart-v1,simulado,sim-2026-07
a5857a2b-7039-5448-bf38-21b90596733a,SC-01_20260731_0031.jpg,2026-07-31 08:41:04,SC-01,smartphone,saudavel,saudavel,0.9899,agrosmart-v1,simulado,sim-2026-07
d302c0f6-6911-5640-a7bf-728c881e5302,SC-04_20260731_0012.jpg,2026-07-31 08:41:09,SC-04,smartphone,saudavel,saudavel,0.9447,agrosmart-v1,simulado,sim-2026-07
ea4328e9-6713-5757-ba0a-6c104d6cf8ab,TI-03_20260731_0006.jpg,2026-07-31 08:41:21,TI-03,drone,saudavel,saudavel,0.9843,agrosmart-v1,simulado,sim-2026-07
0235956e-ba46-5f0c-8231-084fbd8ec83d,SC-01_20260731_0032.jpg,2026-07-31 08:41:45,SC-01,smartphone,saudavel,saudavel,0.9083,agrosmart-v1,simulado,sim-2026-07
ffa521f5-8ad3-57d3-95e4-619b0442d97d,TI-03_20260731_0007.jpg,2026-07-31 08:41:59,TI-03,drone,saudavel,saudavel,0.9985,agrosmart-v1,simulado,sim-2026-07
f1f31bfe-e8cb-5ef0-9c78-e898a644c6ee,SC-04_20260731_0013.jpg,2026-07-31 08:42:09,SC-04,smartphone,saudavel,saudavel,0.9989,agrosmart-v1,simulado,sim-2026-07
5c22103b-c2bb-5f16-ba55-e08c6b30a8bc,SC-01_20260731_0033.jpg,2026-07-31 08:42:15,SC-01,smartphone,saudavel,saudavel,0.8520,agrosmart-v1,simulado,sim-2026-07
b8d51296-594a-5d7f-8b44-8c487e92dcdb,SC-04_20260731_0014.jpg,2026-07-31 08:42:43,SC-04,smartphone,saudavel,saudavel,0.9911,agrosmart-v1,simulado,sim-2026-07
53e282e0-9371-5bc9-9fa8-ebe3f7b623dc,TI-03_20260731_0008.jpg,2026-07-31 08:42:47,TI-03,drone,saudavel,saudavel,0.9122,agrosmart-v1,simulado,sim-2026-07
453918d9-587f-5579-8c75-e78be85bbeda,SC-01_20260731_0034.jpg,2026-07-31 08:42:57,SC-01,smartphone,saudavel,saudavel,0.6269,agrosmart-v1,simulado,sim-2026-07
7d051eef-6755-558a-b8ea-af36ff7ff731,TI-03_20260731_0009.jpg,2026-07-31 08:43:23,TI-03,drone,doente,mosca_minadora,0.9670,agrosmart-v1,simulado,sim-2026-07
211c9779-7f72-5a72-8cec-b4ef18c456b0,SC-04_20260731_0015.jpg,2026-07-31 08:43:26,SC-04,smartphone,saudavel,saudavel,0.9824,agrosmart-v1,simulado,sim-2026-07
4cf788fe-9108-552a-887f-4fa3a0d8a692,SC-01_20260731_0035.jpg,2026-07-31 08:43:36,SC-01,smartphone,saudavel,saudavel,0.9108,agrosmart-v1,simulado,sim-2026-07
8dd18cc6-c705-5ba9-af6e-47bbfa1d2e00,SC-04_20260731_0016.jpg,2026-07-31 08:43:52,SC-04,smartphone,saudavel,saudavel,0.9784,agrosmart-v1,simulado,sim-2026-07
c5ccaaa8-e55e-5837-9a30-e6e145e56225,TI-03_20260731_0010.jpg,2026-07-31 08:44:05,TI-03,drone,saudavel,saudavel,0.9081,agrosmart-v1,simulado,sim-2026-07
963d9587-8671-5d98-9d1c-1d506ee77ddd,SC-04_20260731_0017.jpg,2026-07-31 08:44:26,SC-04,smartphone,saudavel,saudavel,0.9005,agrosmart-v1,simulado,sim-2026-07
ead88dbc-e705-5000-bfcc-c4c712e4546b,SC-01_20260731_0036.jpg,2026-07-31 08:44:29,SC-01,smartphone,saudavel,saudavel,0.6523,agrosmart-v1,simulado,sim-2026-07
d2127df1-89ad-5088-bcc0-dc35297e8f5d,TI-03_20260731_0011.jpg,2026-07-31 08:44:32,TI-03,drone,saudavel,saudavel,0.9708,agrosmart-v1,simulado,sim-2026-07
5ee7e89d-9a87-5463-b217-e4dc6c3cff93,SC-01_20260731_0037.jpg,2026-07-31 08:45:00,SC-01,smartphone,saudavel,saudavel,0.9601,agrosmart-v1,simulado,sim-2026-07
9d1f2650-d891-52a0-85de-32514ad4ac5e,TI-03_20260731_0012.jpg,2026-07-31 08:45:05,TI-03,drone,saudavel,saudavel,0.9791,agrosmart-v1,simulado,sim-2026-07
beda4bc7-acbc-5852-903c-f022593d24e0,SC-04_20260731_0018.jpg,2026-07-31 08:45:12,SC-04,smartphone,saudavel,saudavel,0.8458,agrosmart-v1,simulado,sim-2026-07
edb9c6e7-1684-5a6d-aeab-655a3b60874c,SC-01_20260731_0038.jpg,2026-07-31 08:45:37,SC-01,smartphone,saudavel,saudavel,0.9114,agrosmart-v1,simulado,sim-2026-07
ee179e2b-f11d-5e93-911c-1e9e4c6b14a0,SC-01_20260731_0039.jpg,2026-07-31 08:46:06,SC-01,smartphone,saudavel,saudavel,0.8411,agrosmart-v1,simulado,sim-2026-07
3aa79580-fa14-5a7d-8a2d-6473cacc2ada,SC-04_20260731_0019.jpg,2026-07-31 08:46:09,SC-04,smartphone,saudavel,saudavel,0.9493,agrosmart-v1,simulado,sim-2026-07
c68e4f3e-eaf1-51ef-ba07-c2663928cacf,TI-03_20260731_0013.jpg,2026-07-31 08:46:09,TI-03,drone,saudavel,saudavel,0.8367,agrosmart-v1,simulado,sim-2026-07
3d0b06de-42e7-5c00-85de-fe9e36d75a4d,SC-04_20260731_0020.jpg,2026-07-31 08:46:21,SC-04,smartphone,saudavel,saudavel,0.9015,agrosmart-v1,simulado,sim-2026-07
46051013-96b6-56df-9f3b-d619cded492d,TI-03_20260731_0014.jpg,2026-07-31 08:46:45,TI-03,drone,saudavel,saudavel,0.9903,agrosmart-v1,simulado,sim-2026-07
7bc72e43-7b62-58ae-af23-c98bd41d6112,SC-01_20260731_0040.jpg,2026-07-31 08:46:58,SC-01,smartphone,saudavel,saudavel,0.9626,agrosmart-v1,simulado,sim-2026-07
0cdf4a05-1bc4-5ded-84fd-a8a2ac954397,SC-04_20260731_0021.jpg,2026-07-31 08:47:00,SC-04,smartphone,saudavel,saudavel,0.9541,agrosmart-v1,simulado,sim-2026-07
88c13467-abdc-5f6b-9306-456685ccb158,TI-03_20260731_0015.jpg,2026-07-31 08:47:26,TI-03,drone,saudavel,saudavel,0.9394,agrosmart-v1,simulado,sim-2026-07
5b10b5dc-8fee-5e6f-92d3-32010ca2623d,SC-04_20260731_0022.jpg,2026-07-31 08:47:55,SC-04,smartphone,saudavel,saudavel,0.9663,agrosmart-v1,simulado,sim-2026-07
03a26ccc-85e7-5f48-b36a-c3967d4fbc26,TI-03_20260731_0016.jpg,2026-07-31 08:48:04,TI-03,drone,saudavel,saudavel,0.8204,agrosmart-v1,simulado,sim-2026-07
97b021cc-aa2e-5e6a-b8cf-5ef286d6ee74,SC-04_20260731_0023.jpg,2026-07-31 08:48:27,SC-04,smartphone,saudavel,saudavel,0.9790,agrosmart-v1,simulado,sim-2026-07
f5181541-3499-5332-a918-1ee58a57e32b,TI-03_20260731_0017.jpg,2026-07-31 08:48:48,TI-03,drone,doente,mosca_minadora,0.9460,agrosmart-v1,simulado,sim-2026-07
cd59f52f-5e29-58a2-b406-0f6378d00702,TI-03_20260731_0018.jpg,2026-07-31 08:49:02,TI-03,drone,saudavel,saudavel,0.9824,agrosmart-v1,simulado,sim-2026-07
542c2b7d-eea7-5fca-b56a-86dfa52db71a,SC-04_20260731_0024.jpg,2026-07-31 08:49:27,SC-04,smartphone,saudavel,saudavel,0.9186,agrosmart-v1,simulado,sim-2026-07
40261d2c-b946-58ef-860d-00557895905b,TI-03_20260731_0019.jpg,2026-07-31 08:50:00,TI-03,drone,saudavel,saudavel,0.9960,agrosmart-v1,simulado,sim-2026-07
11309088-b061-5921-83bc-c494bff19254,TI-03_20260731_0020.jpg,2026-07-31 08:50:48,TI-03,drone,doente,mosca_minadora,0.9789,agrosmart-v1,simulado,sim-2026-07
aa1bb6d3-77f4-5d73-98ea-3518eab9b4bf,TI-03_20260731_0021.jpg,2026-07-31 08:51:16,TI-03,drone,saudavel,saudavel,0.9148,agrosmart-v1,simulado,sim-2026-07
654a24e3-5a98-5472-ae7d-2f77e9c49eab,TI-03_20260731_0022.jpg,2026-07-31 08:51:43,TI-03,drone,saudavel,saudavel,0.9167,agrosmart-v1,simulado,sim-2026-07
69e9629d-0604-53ae-b7d1-d938243fd895,TI-03_20260731_0023.jpg,2026-07-31 08:52:32,TI-03,drone,saudavel,saudavel,0.9487,agrosmart-v1,simulado,sim-2026-07
7366a406-485d-5fcf-be24-2b482673a5ca,TI-03_20260731_0024.jpg,2026-07-31 08:53:21,TI-03,drone,doente,mosca_minadora,0.9784,agrosmart-v1,simulado,sim-2026-07
d4aed936-df62-5c9e-a3cc-49ecb0de2259,TI-03_20260731_0025.jpg,2026-07-31 08:53:42,TI-03,drone,saudavel,saudavel,0.9745,agrosmart-v1,simulado,sim-2026-07
104d368b-588e-5e61-8530-db1cc0aa19a0,TI-03_20260731_0026.jpg,2026-07-31 08:54:35,TI-03,drone,saudavel,saudavel,0.9799,agrosmart-v1,simulado,sim-2026-07
8165feca-3054-56ab-9154-00b9d1ab4c97,TI-01_20260731_0001.jpg,2026-07-31 08:54:53,TI-01,drone,saudavel,saudavel,0.9428,agrosmart-v1,simulado,sim-2026-07
642a16d9-ec81-56da-8d59-44f7049f5863,TI-03_20260731_0027.jpg,2026-07-31 08:55:20,TI-03,drone,saudavel,saudavel,0.8869,agrosmart-v1,simulado,sim-2026-07
8d271826-a143-5d3e-a1c1-db3a8ec355a6,TI-01_20260731_0002.jpg,2026-07-31 08:55:43,TI-01,drone,saudavel,saudavel,0.9017,agrosmart-v1,simulado,sim-2026-07
c3a286ed-d8d6-59f9-88de-d4833576df41,TI-03_20260731_0028.jpg,2026-07-31 08:55:49,TI-03,drone,saudavel,saudavel,0.8483,agrosmart-v1,simulado,sim-2026-07
6f324887-a52e-55a3-8682-eb1f08cb3fdf,TI-03_20260731_0029.jpg,2026-07-31 08:56:22,TI-03,drone,saudavel,saudavel,0.8248,agrosmart-v1,simulado,sim-2026-07
6616811c-7bcc-5e68-9905-a7ad9bb8fcb9,TI-01_20260731_0003.jpg,2026-07-31 08:56:23,TI-01,drone,saudavel,saudavel,0.9414,agrosmart-v1,simulado,sim-2026-07
60e85ef4-7832-5aa8-b390-a63c6173a525,TI-01_20260731_0004.jpg,2026-07-31 08:56:52,TI-01,drone,doente,pinta_preta,0.9883,agrosmart-v1,simulado,sim-2026-07
84183b42-98b4-53fa-ae3f-7b566b40f419,TI-03_20260731_0030.jpg,2026-07-31 08:57:28,TI-03,drone,saudavel,saudavel,1.0000,agrosmart-v1,simulado,sim-2026-07
c9daf6b4-c31b-5035-b600-ee328bac29b1,TI-01_20260731_0005.jpg,2026-07-31 08:57:34,TI-01,drone,saudavel,saudavel,0.9380,agrosmart-v1,simulado,sim-2026-07
30bc7e2b-3aa0-550b-8866-0f3b2012f41f,TI-03_20260731_0031.jpg,2026-07-31 08:57:46,TI-03,drone,saudavel,saudavel,0.9074,agrosmart-v1,simulado,sim-2026-07
0d56ba03-de2d-593b-a579-83a5f49d648a,TI-01_20260731_0006.jpg,2026-07-31 08:58:10,TI-01,drone,saudavel,saudavel,0.9623,agrosmart-v1,simulado,sim-2026-07
bd39cc06-e72a-545e-9af4-7be873d803cc,TI-03_20260731_0032.jpg,2026-07-31 08:58:40,TI-03,drone,saudavel,saudavel,0.9200,agrosmart-v1,simulado,sim-2026-07
f183ba3f-4cf8-593a-a510-58b76447c52a,TI-01_20260731_0007.jpg,2026-07-31 08:59:07,TI-01,drone,saudavel,saudavel,0.8627,agrosmart-v1,simulado,sim-2026-07
f351b8d0-a9ed-5ee3-aba3-b92083fbe3e8,TI-01_20260731_0008.jpg,2026-07-31 08:59:37,TI-01,drone,saudavel,saudavel,0.9817,agrosmart-v1,simulado,sim-2026-07
19034ca4-7f31-597b-be8e-fc18653821c0,SC-02_20260731_0001.jpg,2026-07-31 08:59:52,SC-02,smartphone,saudavel,saudavel,0.9858,agrosmart-v1,simulado,sim-2026-07
4df6c4be-4b72-55c1-a5e8-f9bd01a7f7bb,TI-01_20260731_0009.jpg,2026-07-31 09:00:14,TI-01,drone,saudavel,saudavel,0.9132,agrosmart-v1,simulado,sim-2026-07
b53290f5-c50e-5a36-9670-17b9056155bb,SC-02_20260731_0002.jpg,2026-07-31 09:00:46,SC-02,smartphone,saudavel,saudavel,0.9994,agrosmart-v1,simulado,sim-2026-07
06d06604-5f59-5657-a0e0-7f610f3d2d3d,TI-01_20260731_0010.jpg,2026-07-31 09:01:04,TI-01,drone,saudavel,saudavel,0.9611,agrosmart-v1,simulado,sim-2026-07
f1c23878-4df8-5f0e-8636-d0c725a06f9e,SC-02_20260731_0003.jpg,2026-07-31 09:01:08,SC-02,smartphone,saudavel,saudavel,0.8431,agrosmart-v1,simulado,sim-2026-07
7ccdc28e-e1b1-567c-b992-57b3403365f0,TI-01_20260731_0011.jpg,2026-07-31 09:01:49,TI-01,drone,saudavel,saudavel,0.9651,agrosmart-v1,simulado,sim-2026-07
75822062-1990-57df-8908-40911de1b051,SC-02_20260731_0004.jpg,2026-07-31 09:01:59,SC-02,smartphone,saudavel,saudavel,0.9930,agrosmart-v1,simulado,sim-2026-07
086aeb7d-767c-50cd-a745-6fb39641c90c,TI-01_20260731_0012.jpg,2026-07-31 09:02:04,TI-01,drone,saudavel,saudavel,0.9990,agrosmart-v1,simulado,sim-2026-07
701b99dd-04bf-58e9-a103-9feb6a93d9b6,SC-02_20260731_0005.jpg,2026-07-31 09:02:21,SC-02,smartphone,saudavel,saudavel,0.9804,agrosmart-v1,simulado,sim-2026-07
c9d81bec-855b-5c41-9c31-e3cba790ed6f,TI-01_20260731_0013.jpg,2026-07-31 09:03:10,TI-01,drone,saudavel,saudavel,0.8490,agrosmart-v1,simulado,sim-2026-07
ff569b0b-0461-5201-a8d3-371dd1c53e67,SC-02_20260731_0006.jpg,2026-07-31 09:03:16,SC-02,smartphone,saudavel,saudavel,0.9938,agrosmart-v1,simulado,sim-2026-07
2084add5-adfb-52d1-baaa-c8a4ffd7abd2,TI-01_20260731_0014.jpg,2026-07-31 09:03:32,TI-01,drone,saudavel,saudavel,0.9988,agrosmart-v1,simulado,sim-2026-07
5efc5429-776d-5e86-a8d5-b82e27c779a0,SC-02_20260731_0007.jpg,2026-07-31 09:03:46,SC-02,smartphone,saudavel,saudavel,0.9309,agrosmart-v1,simulado,sim-2026-07
d1847467-84a4-514d-bc1c-ba27284d1f4b,TI-01_20260731_0015.jpg,2026-07-31 09:04:28,TI-01,drone,saudavel,saudavel,0.9437,agrosmart-v1,simulado,sim-2026-07
acc6dd7d-591f-58d3-af2d-1fdc3f36493e,SC-02_20260731_0008.jpg,2026-07-31 09:04:36,SC-02,smartphone,saudavel,saudavel,0.8781,agrosmart-v1,simulado,sim-2026-07
5cf65bf0-c310-581c-82d8-ac554338c913,TI-01_20260731_0016.jpg,2026-07-31 09:04:47,TI-01,drone,saudavel,saudavel,0.9264,agrosmart-v1,simulado,sim-2026-07
aea101a9-76fe-563a-ae31-7a872772db15,SC-02_20260731_0009.jpg,2026-07-31 09:05:29,SC-02,smartphone,saudavel,saudavel,0.9120,agrosmart-v1,simulado,sim-2026-07
c72da029-9a19-5920-b9da-1ef68de76c2b,TI-01_20260731_0017.jpg,2026-07-31 09:05:38,TI-01,drone,saudavel,saudavel,0.9274,agrosmart-v1,simulado,sim-2026-07
265344ef-080d-5ecb-ac58-8a01f15bbc5b,SC-02_20260731_0010.jpg,2026-07-31 09:05:59,SC-02,smartphone,saudavel,saudavel,0.8633,agrosmart-v1,simulado,sim-2026-07
7b13b37a-e3a3-53da-9ea5-cc6d7834103c,TI-01_20260731_0018.jpg,2026-07-31 09:06:04,TI-01,drone,saudavel,saudavel,0.9662,agrosmart-v1,simulado,sim-2026-07
a3610f26-b27f-5e17-94e6-0e19afa4da4d,SC-02_20260731_0011.jpg,2026-07-31 09:06:44,SC-02,smartphone,saudavel,saudavel,0.9890,agrosmart-v1,simulado,sim-2026-07
55c166c7-810d-579f-8ed9-de59f21fc4d9,TI-01_20260731_0019.jpg,2026-07-31 09:06:56,TI-01,drone,saudavel,saudavel,0.9765,agrosmart-v1,simulado,sim-2026-07
e8fe5718-dde8-596b-a713-fffb383f8a40,SC-02_20260731_0012.jpg,2026-07-31 09:07:29,SC-02,smartphone,saudavel,saudavel,0.8846,agrosmart-v1,simulado,sim-2026-07
de45133c-9787-583a-bee2-514734aae296,TI-01_20260731_0020.jpg,2026-07-31 09:07:35,TI-01,drone,saudavel,saudavel,0.8972,agrosmart-v1,simulado,sim-2026-07
c49798ec-8d6e-5313-b287-10fa99c96fb5,SC-02_20260731_0013.jpg,2026-07-31 09:07:44,SC-02,smartphone,saudavel,saudavel,0.9246,agrosmart-v1,simulado,sim-2026-07
04159c29-9653-5fc5-bc65-a321a0eb8f4c,SC-02_20260731_0014.jpg,2026-07-31 09:08:27,SC-02,smartphone,saudavel,saudavel,0.9702,agrosmart-v1,simulado,sim-2026-07
91d145a6-a9fd-5130-9805-156ef4ec41f0,TI-01_20260731_0021.jpg,2026-07-31 09:08:30,TI-01,drone,saudavel,saudavel,0.8749,agrosmart-v1,simulado,sim-2026-07
ba4a43c2-ac62-54d5-a4f4-4dbfbdc59ccd,TI-01_20260731_0022.jpg,2026-07-31 09:08:56,TI-01,drone,saudavel,saudavel,0.9790,agrosmart-v1,simulado,sim-2026-07
3d9b13ae-365b-5b8c-9c47-5729ee8840cb,SC-02_20260731_0015.jpg,2026-07-31 09:09:05,SC-02,smartphone,saudavel,saudavel,0.9983,agrosmart-v1,simulado,sim-2026-07
7c0915a3-bd6c-5753-ba80-2a58e6ef8457,SC-02_20260731_0016.jpg,2026-07-31 09:09:43,SC-02,smartphone,saudavel,saudavel,0.9656,agrosmart-v1,simulado,sim-2026-07
9ba5cc08-a4d8-571c-8401-ba26837b8a1d,TI-01_20260731_0023.jpg,2026-07-31 09:09:47,TI-01,drone,saudavel,saudavel,0.9962,agrosmart-v1,simulado,sim-2026-07
75e1be65-8c2c-5add-a16f-7f480cec77bf,TI-01_20260731_0024.jpg,2026-07-31 09:10:12,TI-01,drone,saudavel,saudavel,0.9312,agrosmart-v1,simulado,sim-2026-07
98807714-83e0-5fa4-bb8b-93bb2592e9fc,SC-02_20260731_0017.jpg,2026-07-31 09:10:50,SC-02,smartphone,saudavel,saudavel,0.9359,agrosmart-v1,simulado,sim-2026-07
db9f6bb7-9e13-51d1-b337-3de32fa36e06,TI-01_20260731_0025.jpg,2026-07-31 09:10:57,TI-01,drone,saudavel,saudavel,0.9510,agrosmart-v1,simulado,sim-2026-07
d2176168-847a-5cb6-8ce4-c6aecd2fd110,SC-02_20260731_0018.jpg,2026-07-31 09:11:06,SC-02,smartphone,saudavel,saudavel,0.8459,agrosmart-v1,simulado,sim-2026-07
41842e5b-df30-59ba-b053-eba800987148,TI-01_20260731_0026.jpg,2026-07-31 09:11:44,TI-01,drone,saudavel,saudavel,0.8370,agrosmart-v1,simulado,sim-2026-07
8b1d1e30-cb6b-556b-bbd4-0124ccdd81f6,SC-03_20260731_0001.jpg,2026-07-31 09:11:46,SC-03,smartphone,saudavel,saudavel,0.9567,agrosmart-v1,simulado,sim-2026-07
7a058be7-045d-5eb3-815c-e36b26b5828c,SC-02_20260731_0019.jpg,2026-07-31 09:11:53,SC-02,smartphone,saudavel,saudavel,0.9511,agrosmart-v1,simulado,sim-2026-07
4d9037ec-9471-502c-8200-495730f8fc57,TI-01_20260731_0027.jpg,2026-07-31 09:12:03,TI-01,drone,saudavel,saudavel,0.9985,agrosmart-v1,simulado,sim-2026-07
316f5c81-1d7d-523e-a7c0-6c5efd9fadfc,SC-03_20260731_0002.jpg,2026-07-31 09:12:28,SC-03,smartphone,saudavel,saudavel,0.9332,agrosmart-v1,simulado,sim-2026-07
c632148e-d769-5a61-a0e7-2e93bae9c02a,SC-02_20260731_0020.jpg,2026-07-31 09:12:44,SC-02,smartphone,saudavel,saudavel,0.9337,agrosmart-v1,simulado,sim-2026-07
1ca2174a-7a47-58fe-80ee-7506b389a0a7,TI-01_20260731_0028.jpg,2026-07-31 09:12:56,TI-01,drone,saudavel,saudavel,0.9807,agrosmart-v1,simulado,sim-2026-07
633aa26d-43ec-5518-938d-1b0dbf8e2b77,SC-02_20260731_0021.jpg,2026-07-31 09:13:07,SC-02,smartphone,saudavel,saudavel,0.9993,agrosmart-v1,simulado,sim-2026-07
c6b535c3-10f7-5839-9205-31de78912637,SC-03_20260731_0003.jpg,2026-07-31 09:13:15,SC-03,smartphone,saudavel,saudavel,0.9918,agrosmart-v1,simulado,sim-2026-07
c7a25c1c-336d-55b8-91fd-0ba1fd06817e,TI-01_20260731_0029.jpg,2026-07-31 09:13:45,TI-01,drone,saudavel,saudavel,0.9203,agrosmart-v1,simulado,sim-2026-07
b8acb267-76eb-5be1-a1c3-ee81770263bd,SC-02_20260731_0022.jpg,2026-07-31 09:13:54,SC-02,smartphone,saudavel,saudavel,0.9512,agrosmart-v1,simulado,sim-2026-07
e9880717-3350-53a8-ab3b-e8cd57ba5d8a,SC-03_20260731_0004.jpg,2026-07-31 09:14:08,SC-03,smartphone,saudavel,saudavel,0.8390,agrosmart-v1,simulado,sim-2026-07
4e6360d7-90ec-568a-a8d5-38d1f85148fb,SC-03_20260731_0005.jpg,2026-07-31 09:14:23,SC-03,smartphone,saudavel,saudavel,0.9232,agrosmart-v1,simulado,sim-2026-07
86755626-ab79-53e2-8b8a-274dc8db96a0,TI-01_20260731_0030.jpg,2026-07-31 09:14:23,TI-01,drone,saudavel,saudavel,0.9954,agrosmart-v1,simulado,sim-2026-07
fe0c5178-f350-5ecd-b897-c1fdd7c63ee2,SC-02_20260731_0023.jpg,2026-07-31 09:14:40,SC-02,smartphone,saudavel,saudavel,0.9641,agrosmart-v1,simulado,sim-2026-07
74b4c7a0-b1d1-56be-afdf-7e0af5cac716,TI-01_20260731_0031.jpg,2026-07-31 09:15:07,TI-01,drone,saudavel,saudavel,0.9940,agrosmart-v1,simulado,sim-2026-07
edbf6006-73ba-5fa7-9354-0901fa166933,SC-03_20260731_0006.jpg,2026-07-31 09:15:23,SC-03,smartphone,saudavel,saudavel,0.9429,agrosmart-v1,simulado,sim-2026-07
83b552c0-ae76-5e37-b53e-f15b18b0a256,SC-02_20260731_0024.jpg,2026-07-31 09:15:26,SC-02,smartphone,saudavel,saudavel,0.9839,agrosmart-v1,simulado,sim-2026-07
e81d9604-a6bc-5cf1-a640-c1bd70a40cb8,SC-03_20260731_0007.jpg,2026-07-31 09:15:43,SC-03,smartphone,saudavel,saudavel,0.8810,agrosmart-v1,simulado,sim-2026-07
0f1ad79d-0e20-51ca-b0e7-767143b257ba,TI-01_20260731_0032.jpg,2026-07-31 09:15:45,TI-01,drone,saudavel,saudavel,0.9984,agrosmart-v1,simulado,sim-2026-07
67445a14-c7e9-5b3d-b04d-74f5caf6b1ff,SC-02_20260731_0025.jpg,2026-07-31 09:15:49,SC-02,smartphone,saudavel,saudavel,0.9106,agrosmart-v1,simulado,sim-2026-07
826dfcf8-3a8e-5caa-b3bb-6d7fb3391f29,SC-03_20260731_0008.jpg,2026-07-31 09:16:24,SC-03,smartphone,saudavel,saudavel,0.7149,agrosmart-v1,simulado,sim-2026-07
b9127c05-3a74-5b54-8eca-38e4259a41ba,TI-01_20260731_0033.jpg,2026-07-31 09:16:28,TI-01,drone,saudavel,saudavel,0.9997,agrosmart-v1,simulado,sim-2026-07
5db6c7b8-d0bd-5690-8ea9-9c6dedb9a1f5,SC-02_20260731_0026.jpg,2026-07-31 09:16:49,SC-02,smartphone,saudavel,saudavel,0.9885,agrosmart-v1,simulado,sim-2026-07
222d8244-6eb5-5b7e-86b5-e487a8b4024b,TI-01_20260731_0034.jpg,2026-07-31 09:17:09,TI-01,drone,saudavel,saudavel,0.8499,agrosmart-v1,simulado,sim-2026-07
5d07895b-af46-5bdf-a7e9-2a96c6297988,SC-03_20260731_0009.jpg,2026-07-31 09:17:19,SC-03,smartphone,saudavel,saudavel,0.9779,agrosmart-v1,simulado,sim-2026-07
35d0cb17-defd-57b6-b829-837a008ceed0,TI-01_20260731_0035.jpg,2026-07-31 09:17:22,TI-01,drone,saudavel,saudavel,0.9375,agrosmart-v1,simulado,sim-2026-07
93f94854-55d6-538d-9f14-65fade5908a3,SC-02_20260731_0027.jpg,2026-07-31 09:17:27,SC-02,smartphone,saudavel,saudavel,0.9710,agrosmart-v1,simulado,sim-2026-07
271d3e5b-cefe-534b-aece-33bb22c2311d,SC-02_20260731_0028.jpg,2026-07-31 09:17:44,SC-02,smartphone,saudavel,saudavel,0.9963,agrosmart-v1,simulado,sim-2026-07
d6320447-47cd-5274-bfb8-1d7b2a161c97,SC-03_20260731_0010.jpg,2026-07-31 09:17:50,SC-03,smartphone,saudavel,saudavel,0.9415,agrosmart-v1,simulado,sim-2026-07
7037cfb9-c07f-51d9-818d-f3fa60f2d881,TI-01_20260731_0036.jpg,2026-07-31 09:18:25,TI-01,drone,saudavel,saudavel,0.9933,agrosmart-v1,simulado,sim-2026-07
545a7048-841f-5498-a7a0-e30ad2adb2a3,SC-02_20260731_0029.jpg,2026-07-31 09:18:31,SC-02,smartphone,saudavel,saudavel,0.9998,agrosmart-v1,simulado,sim-2026-07
a3deeb85-e9d4-5b0b-bf86-459d2d17977b,TI-01_20260731_0037.jpg,2026-07-31 09:18:48,TI-01,drone,saudavel,saudavel,0.9917,agrosmart-v1,simulado,sim-2026-07
f089bb8f-3227-5e16-94bf-ebb62a2af32c,SC-03_20260731_0011.jpg,2026-07-31 09:18:49,SC-03,smartphone,saudavel,saudavel,0.9849,agrosmart-v1,simulado,sim-2026-07
2bd6295c-ca1f-5490-8f34-e6837f994b40,SC-03_20260731_0012.jpg,2026-07-31 09:19:20,SC-03,smartphone,saudavel,saudavel,0.9390,agrosmart-v1,simulado,sim-2026-07
d01e3742-34f1-5a0b-9b84-68c9b5e05ff3,SC-02_20260731_0030.jpg,2026-07-31 09:19:24,SC-02,smartphone,doente,vaquinha,0.9002,agrosmart-v1,simulado,sim-2026-07
043cc3ea-87f6-5864-8ef4-0d12c23aa099,TI-01_20260731_0038.jpg,2026-07-31 09:19:25,TI-01,drone,saudavel,saudavel,0.9608,agrosmart-v1,simulado,sim-2026-07
75fe7202-c4c6-5923-8d20-bd1552cede1b,SC-03_20260731_0013.jpg,2026-07-31 09:19:48,SC-03,smartphone,saudavel,saudavel,0.8609,agrosmart-v1,simulado,sim-2026-07
f9c2c756-f6fe-518b-924c-afe1123c902f,SC-02_20260731_0031.jpg,2026-07-31 09:20:00,SC-02,smartphone,saudavel,saudavel,0.8229,agrosmart-v1,simulado,sim-2026-07
37a70cf3-ec25-549c-bdb5-d77b6bcf9db2,TI-01_20260731_0039.jpg,2026-07-31 09:20:20,TI-01,drone,saudavel,saudavel,0.9999,agrosmart-v1,simulado,sim-2026-07
53fcb71c-4308-5dd0-8b5b-e8486d6f593b,SC-02_20260731_0032.jpg,2026-07-31 09:20:26,SC-02,smartphone,saudavel,saudavel,0.8473,agrosmart-v1,simulado,sim-2026-07
5c4f2d75-021d-5e89-9dd0-0bd5d6b2fc5c,SC-03_20260731_0014.jpg,2026-07-31 09:20:34,SC-03,smartphone,saudavel,saudavel,0.9945,agrosmart-v1,simulado,sim-2026-07
15a40fe0-0322-5f10-b118-3f2aed334f30,TI-01_20260731_0040.jpg,2026-07-31 09:20:40,TI-01,drone,saudavel,saudavel,0.9387,agrosmart-v1,simulado,sim-2026-07
0cf2c558-9ead-54d2-95ef-f39f21d3ffed,SC-03_20260731_0015.jpg,2026-07-31 09:21:26,SC-03,smartphone,saudavel,saudavel,0.9314,agrosmart-v1,simulado,sim-2026-07
fe8ad690-d799-5f4f-8129-9477d0ee3f47,SC-02_20260731_0033.jpg,2026-07-31 09:21:29,SC-02,smartphone,saudavel,saudavel,0.8806,agrosmart-v1,simulado,sim-2026-07
7fee3ade-6164-5c91-b4d2-9d0d6fdc3f04,TI-01_20260731_0041.jpg,2026-07-31 09:21:39,TI-01,drone,saudavel,saudavel,0.9038,agrosmart-v1,simulado,sim-2026-07
61624363-004e-5c9d-8219-3bd509545d9f,SC-02_20260731_0034.jpg,2026-07-31 09:21:54,SC-02,smartphone,saudavel,saudavel,0.9219,agrosmart-v1,simulado,sim-2026-07
65acea2c-6d38-5976-96f5-4b4519151d0f,SC-03_20260731_0016.jpg,2026-07-31 09:22:07,SC-03,smartphone,saudavel,saudavel,0.9792,agrosmart-v1,simulado,sim-2026-07
657139f0-86aa-533a-986c-f4ea67b3e85a,TI-01_20260731_0042.jpg,2026-07-31 09:22:17,TI-01,drone,saudavel,saudavel,0.9988,agrosmart-v1,simulado,sim-2026-07
585c2792-16b6-574b-882e-8d08b9346f9c,SC-03_20260731_0017.jpg,2026-07-31 09:22:41,SC-03,smartphone,saudavel,saudavel,0.9996,agrosmart-v1,simulado,sim-2026-07
d7d3710f-f757-577e-ad0d-a061cd748889,SC-02_20260731_0035.jpg,2026-07-31 09:22:45,SC-02,smartphone,saudavel,saudavel,0.9815,agrosmart-v1,simulado,sim-2026-07
573d135a-eb4f-5635-bef2-473ba93636e2,TI-01_20260731_0043.jpg,2026-07-31 09:22:54,TI-01,drone,saudavel,saudavel,0.8435,agrosmart-v1,simulado,sim-2026-07
4afb323c-6bf7-571b-8ad6-d0936fa401e8,SC-02_20260731_0036.jpg,2026-07-31 09:23:00,SC-02,smartphone,saudavel,saudavel,0.9719,agrosmart-v1,simulado,sim-2026-07
179f5e65-7ae1-54d0-bf0f-2b6cebf813b0,SC-03_20260731_0018.jpg,2026-07-31 09:23:10,SC-03,smartphone,saudavel,saudavel,0.8560,agrosmart-v1,simulado,sim-2026-07
fbd5ff24-b29d-5c4c-a9ad-ef905e2e8248,TI-01_20260731_0044.jpg,2026-07-31 09:23:32,TI-01,drone,saudavel,saudavel,0.9751,agrosmart-v1,simulado,sim-2026-07
9c802643-a478-5b26-bb9a-7e9c9419441d,SC-03_20260731_0019.jpg,2026-07-31 09:24:01,SC-03,smartphone,saudavel,saudavel,0.8946,agrosmart-v1,simulado,sim-2026-07
0f77502f-d02c-576c-9aa5-51ae13d4b4b0,TI-01_20260731_0045.jpg,2026-07-31 09:24:01,TI-01,drone,saudavel,saudavel,0.9526,agrosmart-v1,simulado,sim-2026-07
5bbe9014-f12d-575d-9939-84d8f431de99,SC-02_20260731_0037.jpg,2026-07-31 09:24:04,SC-02,smartphone,saudavel,saudavel,0.8509,agrosmart-v1,simulado,sim-2026-07
77869ea0-67f7-5f8c-8c18-2e16c335f281,SC-03_20260731_0020.jpg,2026-07-31 09:24:25,SC-03,smartphone,saudavel,saudavel,0.8605,agrosmart-v1,simulado,sim-2026-07
45c18761-f7ab-5340-b777-65680ae9320d,SC-02_20260731_0038.jpg,2026-07-31 09:24:29,SC-02,smartphone,saudavel,saudavel,0.5658,agrosmart-v1,simulado,sim-2026-07
4f914dc5-55ea-59f3-a356-057f0305c75e,TI-01_20260731_0046.jpg,2026-07-31 09:25:05,TI-01,drone,saudavel,saudavel,0.9850,agrosmart-v1,simulado,sim-2026-07
53f55512-fb5a-510b-9ba0-7f0977d1f84c,SC-02_20260731_0039.jpg,2026-07-31 09:25:07,SC-02,smartphone,saudavel,saudavel,0.8834,agrosmart-v1,simulado,sim-2026-07
042e67c2-2062-57e4-b010-af0fdae531d1,SC-03_20260731_0021.jpg,2026-07-31 09:25:18,SC-03,smartphone,saudavel,saudavel,0.8446,agrosmart-v1,simulado,sim-2026-07
c33fc2fe-9e68-5294-9d83-8205aca56a5c,SC-03_20260731_0022.jpg,2026-07-31 09:25:47,SC-03,smartphone,saudavel,saudavel,0.9631,agrosmart-v1,simulado,sim-2026-07
3db8d048-ee90-5b1f-9bb1-270da9454ac7,SC-02_20260731_0040.jpg,2026-07-31 09:26:03,SC-02,smartphone,saudavel,saudavel,0.9975,agrosmart-v1,simulado,sim-2026-07
29689fb3-7bb2-5440-91e3-fff2a3725807,SC-03_20260731_0023.jpg,2026-07-31 09:26:24,SC-03,smartphone,saudavel,saudavel,0.8900,agrosmart-v1,simulado,sim-2026-07
2791a25e-33d5-5343-9b30-80942d27fc4c,SC-02_20260731_0041.jpg,2026-07-31 09:26:35,SC-02,smartphone,saudavel,saudavel,0.9958,agrosmart-v1,simulado,sim-2026-07
4e905cf5-753b-5594-ac56-755b4e4331ab,SC-02_20260731_0042.jpg,2026-07-31 09:27:01,SC-02,smartphone,saudavel,saudavel,0.8781,agrosmart-v1,simulado,sim-2026-07
f87d7324-c66c-5a34-8e6a-8c99f6de3afc,SC-03_20260731_0024.jpg,2026-07-31 09:27:14,SC-03,smartphone,saudavel,saudavel,0.9311,agrosmart-v1,simulado,sim-2026-07
39c2786a-9de1-56f3-9f81-f00324a14ee3,SC-03_20260731_0025.jpg,2026-07-31 09:27:55,SC-03,smartphone,saudavel,saudavel,0.9428,agrosmart-v1,simulado,sim-2026-07
fcaed51d-5b6d-5a87-aa97-74e0522c5222,SC-02_20260731_0043.jpg,2026-07-31 09:28:02,SC-02,smartphone,saudavel,saudavel,0.9999,agrosmart-v1,simulado,sim-2026-07
f3555d7b-9f69-5d6f-a878-2a5a86cded19,SC-03_20260731_0026.jpg,2026-07-31 09:28:30,SC-03,smartphone,saudavel,saudavel,0.9702,agrosmart-v1,simulado,sim-2026-07
65764e4a-bdea-5f1e-bfa0-cd74d53f9ade,SC-02_20260731_0044.jpg,2026-07-31 09:28:42,SC-02,smartphone,saudavel,saudavel,0.9993,agrosmart-v1,simulado,sim-2026-07
2cf74da2-6c4d-5c20-80a8-97faf936b520,SC-02_20260731_0045.jpg,2026-07-31 09:29:09,SC-02,smartphone,saudavel,saudavel,0.8533,agrosmart-v1,simulado,sim-2026-07
0cc39572-5afc-5a46-b20e-ca25afea6579,SC-03_20260731_0027.jpg,2026-07-31 09:29:12,SC-03,smartphone,saudavel,saudavel,0.9706,agrosmart-v1,simulado,sim-2026-07
a9c5ae4e-9515-57a8-8ad2-c4dd558d6036,SC-03_20260731_0028.jpg,2026-07-31 09:30:09,SC-03,smartphone,saudavel,saudavel,0.9333,agrosmart-v1,simulado,sim-2026-07
04ff6815-7d0d-5e65-a4f7-754997fc99bc,SC-03_20260731_0029.jpg,2026-07-31 09:30:47,SC-03,smartphone,saudavel,saudavel,0.9621,agrosmart-v1,simulado,sim-2026-07
6f9e8ad3-12bc-56d2-9896-76d67666d7ec,SC-03_20260731_0030.jpg,2026-07-31 09:31:04,SC-03,smartphone,saudavel,saudavel,0.8331,agrosmart-v1,simulado,sim-2026-07
aff3a4be-0b22-5bac-9559-782a24450ede,SC-03_20260731_0031.jpg,2026-07-31 09:31:52,SC-03,smartphone,saudavel,saudavel,1.0000,agrosmart-v1,simulado,sim-2026-07
466c6ce0-a3dd-5696-91f4-05516d4a3e2f,SC-03_20260731_0032.jpg,2026-07-31 09:32:29,SC-03,smartphone,saudavel,saudavel,0.8934,agrosmart-v1,simulado,sim-2026-07
2e4367db-62b8-5b55-8f35-01806049b5f4,SC-03_20260731_0033.jpg,2026-07-31 09:33:00,SC-03,smartphone,saudavel,saudavel,0.9940,agrosmart-v1,simulado,sim-2026-07
8e836133-1131-586c-a4ad-080de4c0b776,SC-03_20260731_0034.jpg,2026-07-31 09:34:10,SC-03,smartphone,saudavel,saudavel,0.9737,agrosmart-v1,simulado,sim-2026-07
c67fdba4-f9c6-5130-b7fc-14520a25a6b4,SC-03_20260731_0035.jpg,2026-07-31 09:34:46,SC-03,smartphone,doente,vaquinha,0.9508,agrosmart-v1,simulado,sim-2026-07
c04346b2-b7ae-5d94-b11b-68dc399ff5f9,TI-04_20260731_0001.jpg,2026-07-31 09:40:49,TI-04,drone,saudavel,saudavel,0.9724,agrosmart-v1,simulado,sim-2026-07
4716661d-5140-5cf8-a563-f8fd3eecab0c,TI-04_20260731_0002.jpg,2026-07-31 09:41:37,TI-04,drone,saudavel,saudavel,0.9975,agrosmart-v1,simulado,sim-2026-07
6dd70ae8-e6c2-58e9-bb45-cffd3989206a,TI-04_20260731_0003.jpg,2026-07-31 09:42:03,TI-04,drone,saudavel,saudavel,0.8606,agrosmart-v1,simulado,sim-2026-07
a93cfd14-4439-5a6a-ab58-9ec81a47a5e6,TI-04_20260731_0004.jpg,2026-07-31 09:42:53,TI-04,drone,saudavel,saudavel,0.9835,agrosmart-v1,simulado,sim-2026-07
02aeaca9-f364-5f13-906d-3d8b3c48a855,TI-04_20260731_0005.jpg,2026-07-31 09:43:28,TI-04,drone,saudavel,saudavel,0.9389,agrosmart-v1,simulado,sim-2026-07
8a85b3d6-568c-5a4c-aba5-e9eb6ac9aa59,TI-02_20260731_0001.jpg,2026-07-31 09:43:43,TI-02,drone,saudavel,saudavel,0.9799,agrosmart-v1,simulado,sim-2026-07
d4542e90-51bb-5daf-bfc8-00252e997b2b,TI-04_20260731_0006.jpg,2026-07-31 09:44:00,TI-04,drone,saudavel,saudavel,0.8918,agrosmart-v1,simulado,sim-2026-07
35d04672-61aa-55bf-9f4e-dcfd61744147,TI-02_20260731_0002.jpg,2026-07-31 09:44:25,TI-02,drone,saudavel,saudavel,0.8587,agrosmart-v1,simulado,sim-2026-07
acea585f-47f2-587f-be94-e61cf1c2a7d9,TI-04_20260731_0007.jpg,2026-07-31 09:45:02,TI-04,drone,saudavel,saudavel,0.9569,agrosmart-v1,simulado,sim-2026-07
7af6e5be-8283-5f31-8b4d-331c6079b6e5,TI-02_20260731_0003.jpg,2026-07-31 09:45:20,TI-02,drone,saudavel,saudavel,0.9683,agrosmart-v1,simulado,sim-2026-07
30fba836-f4f3-5846-bf42-2c5c992bd1fe,TI-02_20260731_0004.jpg,2026-07-31 09:45:43,TI-02,drone,saudavel,saudavel,0.9698,agrosmart-v1,simulado,sim-2026-07
460c09e5-f1e9-5c3f-a890-aa354939dbd9,TI-04_20260731_0008.jpg,2026-07-31 09:45:43,TI-04,drone,doente,pinta_preta,0.9275,agrosmart-v1,simulado,sim-2026-07
92ecd6ae-2c37-5c04-a67e-89e79574ccf5,TI-04_20260731_0009.jpg,2026-07-31 09:46:30,TI-04,drone,doente,mosca_minadora,0.8741,agrosmart-v1,simulado,sim-2026-07
6f058b41-226d-531c-b28c-1551bf9cab2d,TI-04_20260731_0010.jpg,2026-07-31 09:46:42,TI-04,drone,doente,mosca_minadora,0.9843,agrosmart-v1,simulado,sim-2026-07
62d57a0d-40cf-5fff-a780-fcbebf5e9f70,TI-02_20260731_0005.jpg,2026-07-31 09:46:45,TI-02,drone,saudavel,saudavel,0.8933,agrosmart-v1,simulado,sim-2026-07
ca8f3427-6f03-5e76-b8d7-fbaa71ebaa98,TI-02_20260731_0006.jpg,2026-07-31 09:47:11,TI-02,drone,saudavel,saudavel,0.9505,agrosmart-v1,simulado,sim-2026-07
fdb3d826-d524-5b31-9173-1b94c180deb5,TI-04_20260731_0011.jpg,2026-07-31 09:47:41,TI-04,drone,saudavel,saudavel,0.9723,agrosmart-v1,simulado,sim-2026-07
c1e464fb-0093-5b33-8bda-9c279ff6518c,TI-02_20260731_0007.jpg,2026-07-31 09:47:49,TI-02,drone,saudavel,saudavel,0.8862,agrosmart-v1,simulado,sim-2026-07
4616be42-6bda-5165-9a20-801d22f07afd,TI-04_20260731_0012.jpg,2026-07-31 09:48:14,TI-04,drone,saudavel,saudavel,0.5891,agrosmart-v1,simulado,sim-2026-07
2ad91b34-d80a-56b5-a880-663491d55faa,TI-02_20260731_0008.jpg,2026-07-31 09:48:34,TI-02,drone,saudavel,saudavel,0.9895,agrosmart-v1,simulado,sim-2026-07
3ed1c9e6-75c8-5d09-a8a2-ec7ab96d1a56,TI-04_20260731_0013.jpg,2026-07-31 09:48:53,TI-04,drone,saudavel,saudavel,0.9273,agrosmart-v1,simulado,sim-2026-07
8a1d6020-0031-5def-afac-e817a68c421b,TI-02_20260731_0009.jpg,2026-07-31 09:49:29,TI-02,drone,saudavel,saudavel,0.9252,agrosmart-v1,simulado,sim-2026-07
db74d91f-a8b2-573c-ab3f-41793cdfc938,TI-04_20260731_0014.jpg,2026-07-31 09:49:40,TI-04,drone,saudavel,saudavel,0.9731,agrosmart-v1,simulado,sim-2026-07
baf3b043-d73f-5aac-a24a-5dd7e319895f,TI-02_20260731_0010.jpg,2026-07-31 09:49:52,TI-02,drone,saudavel,saudavel,0.9989,agrosmart-v1,simulado,sim-2026-07
c631cde3-9b6b-5941-839b-ef1cc6edc7f7,TI-04_20260731_0015.jpg,2026-07-31 09:50:00,TI-04,drone,saudavel,saudavel,0.8955,agrosmart-v1,simulado,sim-2026-07
72dd731b-d2de-5290-9d97-bd593a03cb5b,TI-04_20260731_0016.jpg,2026-07-31 09:50:40,TI-04,drone,saudavel,saudavel,0.8446,agrosmart-v1,simulado,sim-2026-07
343e06d9-d100-54ee-a826-affc76ec00cf,TI-02_20260731_0011.jpg,2026-07-31 09:50:45,TI-02,drone,saudavel,saudavel,0.9834,agrosmart-v1,simulado,sim-2026-07
bdc0276b-6d88-5645-8f31-0ad4e51d7224,TI-02_20260731_0012.jpg,2026-07-31 09:51:15,TI-02,drone,saudavel,saudavel,0.9448,agrosmart-v1,simulado,sim-2026-07
79c5fbbd-2921-505a-92ff-a08d83f50fac,TI-02_20260731_0013.jpg,2026-07-31 09:51:42,TI-02,drone,saudavel,saudavel,0.9988,agrosmart-v1,simulado,sim-2026-07
c0b62ff3-7fc6-54db-9866-4755e4700654,TI-04_20260731_0017.jpg,2026-07-31 09:51:50,TI-04,drone,doente,mosca_minadora,0.9887,agrosmart-v1,simulado,sim-2026-07
56234868-2913-5ffc-b73a-ce47b1931c01,TI-04_20260731_0018.jpg,2026-07-31 09:52:09,TI-04,drone,doente,pinta_preta,0.9861,agrosmart-v1,simulado,sim-2026-07
b86baf2c-1c54-5642-b2d4-98f6f6687d54,TI-02_20260731_0014.jpg,2026-07-31 09:52:31,TI-02,drone,saudavel,saudavel,0.8611,agrosmart-v1,simulado,sim-2026-07
a89f0bdf-bfce-5905-aee9-c8cb8dd64db8,TI-04_20260731_0019.jpg,2026-07-31 09:52:47,TI-04,drone,saudavel,saudavel,0.9419,agrosmart-v1,simulado,sim-2026-07
fce83e26-246b-50c2-a789-dfba20461daa,TI-02_20260731_0015.jpg,2026-07-31 09:53:01,TI-02,drone,saudavel,saudavel,0.9084,agrosmart-v1,simulado,sim-2026-07
01f8cb35-5f95-5965-8be2-8a86810afad8,TI-04_20260731_0020.jpg,2026-07-31 09:53:37,TI-04,drone,saudavel,saudavel,0.9053,agrosmart-v1,simulado,sim-2026-07
2d4d134c-617c-5716-91a2-0d6f3aa224b2,TI-02_20260731_0016.jpg,2026-07-31 09:53:46,TI-02,drone,saudavel,saudavel,0.9995,agrosmart-v1,simulado,sim-2026-07
d5cb046b-f8fd-51e4-9cda-7de854a2916f,TI-04_20260731_0021.jpg,2026-07-31 09:54:14,TI-04,drone,saudavel,saudavel,0.9403,agrosmart-v1,simulado,sim-2026-07
e055bc8d-5826-5ddf-85e7-e5129e911c84,BV-04_20260731_0001.jpg,2026-07-31 09:54:41,BV-04,smartphone,saudavel,saudavel,0.8237,agrosmart-v1,simulado,sim-2026-07
d0eb98b0-8515-5771-b6be-6bdc17815736,TI-02_20260731_0017.jpg,2026-07-31 09:54:49,TI-02,drone,saudavel,saudavel,0.8706,agrosmart-v1,simulado,sim-2026-07
c2c17d59-54dd-5de8-bf32-05410dc0f09f,TI-04_20260731_0022.jpg,2026-07-31 09:54:54,TI-04,drone,saudavel,saudavel,0.8295,agrosmart-v1,simulado,sim-2026-07
dc5efa8b-2c0f-56ff-8669-a39fba661b5b,TI-04_20260731_0023.jpg,2026-07-31 09:55:21,TI-04,drone,saudavel,saudavel,0.8766,agrosmart-v1,simulado,sim-2026-07
1c051426-2982-5af3-bc60-cff69845c545,TI-02_20260731_0018.jpg,2026-07-31 09:55:27,TI-02,drone,saudavel,saudavel,0.9990,agrosmart-v1,simulado,sim-2026-07
4bf1257a-1b1a-5e5c-ba1b-0d54d79ad0af,BV-04_20260731_0002.jpg,2026-07-31 09:55:48,BV-04,smartphone,saudavel,saudavel,0.9761,agrosmart-v1,simulado,sim-2026-07
f80f2470-9164-5773-ae35-b3fef6b18ae0,TI-02_20260731_0019.jpg,2026-07-31 09:56:07,TI-02,drone,saudavel,saudavel,0.9397,agrosmart-v1,simulado,sim-2026-07
0e9ea832-c50d-59c2-9ee2-92a2a7dec9e7,TI-04_20260731_0024.jpg,2026-07-31 09:56:08,TI-04,drone,saudavel,saudavel,0.8228,agrosmart-v1,simulado,sim-2026-07
d93c7f3c-afed-5928-aed0-f885a3d84b64,BV-04_20260731_0003.jpg,2026-07-31 09:56:19,BV-04,smartphone,saudavel,saudavel,0.9243,agrosmart-v1,simulado,sim-2026-07
5a2ef3c6-f6d8-5173-b024-9d485a981fd4,TI-04_20260731_0025.jpg,2026-07-31 09:56:42,TI-04,drone,saudavel,saudavel,0.9524,agrosmart-v1,simulado,sim-2026-07
77b9eb9b-5e73-5ec0-b119-d864bce0d95d,TI-02_20260731_0020.jpg,2026-07-31 09:56:46,TI-02,drone,saudavel,saudavel,0.9420,agrosmart-v1,simulado,sim-2026-07
15b28fd3-9fd2-5dc3-a276-3459437df37f,BV-04_20260731_0004.jpg,2026-07-31 09:57:00,BV-04,smartphone,saudavel,saudavel,0.8419,agrosmart-v1,simulado,sim-2026-07
57568897-4412-5cdf-9eb8-c34b6c267cb2,TI-04_20260731_0026.jpg,2026-07-31 09:57:25,TI-04,drone,saudavel,saudavel,0.9991,agrosmart-v1,simulado,sim-2026-07
38e61af3-5479-53c2-bcde-d0c4ab7d75a1,TI-02_20260731_0021.jpg,2026-07-31 09:57:29,TI-02,drone,saudavel,saudavel,0.8528,agrosmart-v1,simulado,sim-2026-07
e05f6b7d-48ab-5738-869f-200d7353bfa6,BV-04_20260731_0005.jpg,2026-07-31 09:57:47,BV-04,smartphone,saudavel,saudavel,0.9814,agrosmart-v1,simulado,sim-2026-07
dc5cd7a0-0645-5ed9-a241-50c815c1ddae,TI-02_20260731_0022.jpg,2026-07-31 09:57:54,TI-02,drone,saudavel,saudavel,0.8599,agrosmart-v1,simulado,sim-2026-07
a096e585-5c68-5ad9-bd58-bc4dc0d74ee0,TI-04_20260731_0027.jpg,2026-07-31 09:58:11,TI-04,drone,saudavel,saudavel,0.9470,agrosmart-v1,simulado,sim-2026-07
1cdb143f-64da-518a-8c44-eba143ecdfb8,BV-04_20260731_0006.jpg,2026-07-31 09:58:14,BV-04,smartphone,saudavel,saudavel,0.9884,agrosmart-v1,simulado,sim-2026-07
91ca636d-9428-5a91-b211-9e671637a062,TI-02_20260731_0023.jpg,2026-07-31 09:58:21,TI-02,drone,saudavel,saudavel,0.9752,agrosmart-v1,simulado,sim-2026-07
8e7223ae-fea7-57d4-9a38-fa8ae09a664f,BV-04_20260731_0007.jpg,2026-07-31 09:58:51,BV-04,smartphone,saudavel,saudavel,0.9209,agrosmart-v1,simulado,sim-2026-07
f92c1ae1-e537-5ade-9bc6-6e49ce3673ce,TI-04_20260731_0028.jpg,2026-07-31 09:59:07,TI-04,drone,saudavel,saudavel,0.9453,agrosmart-v1,simulado,sim-2026-07
6d9725bb-605e-5ec9-8626-af733e40e717,TI-02_20260731_0024.jpg,2026-07-31 09:59:10,TI-02,drone,saudavel,saudavel,0.9994,agrosmart-v1,simulado,sim-2026-07
32121cf9-a15e-540b-af35-3882a32a57d5,TI-04_20260731_0029.jpg,2026-07-31 09:59:28,TI-04,drone,saudavel,saudavel,0.8775,agrosmart-v1,simulado,sim-2026-07
d3950160-4ceb-5fec-9ef8-913b38527c17,BV-04_20260731_0008.jpg,2026-07-31 09:59:44,BV-04,smartphone,saudavel,saudavel,0.9195,agrosmart-v1,simulado,sim-2026-07
4679b268-c388-5db5-bd49-019668df4d84,TI-02_20260731_0025.jpg,2026-07-31 09:59:54,TI-02,drone,saudavel,saudavel,0.8834,agrosmart-v1,simulado,sim-2026-07
a3d74cf0-ef3c-5319-9d9c-6037a83e1295,BV-04_20260731_0009.jpg,2026-07-31 10:00:09,BV-04,smartphone,saudavel,saudavel,0.9855,agrosmart-v1,simulado,sim-2026-07
4c0cf2f0-06a2-5e87-811f-693a90f99acb,TI-04_20260731_0030.jpg,2026-07-31 10:00:28,TI-04,drone,saudavel,saudavel,0.9724,agrosmart-v1,simulado,sim-2026-07
7c8d0aa1-3488-51f4-97c4-483da5c8668b,TI-02_20260731_0026.jpg,2026-07-31 10:00:47,TI-02,drone,saudavel,saudavel,0.9829,agrosmart-v1,simulado,sim-2026-07
283ffb7f-6fa6-5832-bbc0-452cfc0fdd93,BV-04_20260731_0010.jpg,2026-07-31 10:01:03,BV-04,smartphone,saudavel,saudavel,0.9847,agrosmart-v1,simulado,sim-2026-07
0e6c8ff0-0e3b-5eb0-863d-a44b2212551a,TI-02_20260731_0027.jpg,2026-07-31 10:01:03,TI-02,drone,saudavel,saudavel,0.9248,agrosmart-v1,simulado,sim-2026-07
b010b7b2-bab2-544f-bd5e-08a125f82d5f,TI-04_20260731_0031.jpg,2026-07-31 10:01:06,TI-04,drone,saudavel,saudavel,0.8376,agrosmart-v1,simulado,sim-2026-07
86d4df05-2368-54d5-99fe-343edf5eb17e,TI-04_20260731_0032.jpg,2026-07-31 10:01:38,TI-04,drone,saudavel,saudavel,1.0000,agrosmart-v1,simulado,sim-2026-07
03c038f1-e9bc-5088-8bdc-803073547681,TI-02_20260731_0028.jpg,2026-07-31 10:01:43,TI-02,drone,saudavel,saudavel,0.9800,agrosmart-v1,simulado,sim-2026-07
86aceb26-d711-56df-8ad7-e917cf187311,BV-04_20260731_0011.jpg,2026-07-31 10:01:45,BV-04,smartphone,saudavel,saudavel,0.9758,agrosmart-v1,simulado,sim-2026-07
909fc08d-01f3-5cc7-a292-f9d342f88e2d,TI-04_20260731_0033.jpg,2026-07-31 10:02:05,TI-04,drone,saudavel,saudavel,1.0000,agrosmart-v1,simulado,sim-2026-07
e1da0ab4-01a6-58b7-9294-ccf7250b5ad5,BV-04_20260731_0012.jpg,2026-07-31 10:02:06,BV-04,smartphone,saudavel,saudavel,0.8418,agrosmart-v1,simulado,sim-2026-07
47649b13-4855-5723-b8f2-3404da608bdc,TI-02_20260731_0029.jpg,2026-07-31 10:02:39,TI-02,drone,saudavel,saudavel,0.9991,agrosmart-v1,simulado,sim-2026-07
f3f57ada-baa4-56a5-86b5-b9ec04bdaa87,BV-04_20260731_0013.jpg,2026-07-31 10:03:04,BV-04,smartphone,saudavel,saudavel,0.9645,agrosmart-v1,simulado,sim-2026-07
b0d1507c-0b52-5e86-aeba-eb2f29f10f20,TI-02_20260731_0030.jpg,2026-07-31 10:03:15,TI-02,drone,saudavel,saudavel,0.9134,agrosmart-v1,simulado,sim-2026-07
38975087-7cb9-505d-9057-3994a2ebffef,BV-04_20260731_0014.jpg,2026-07-31 10:03:44,BV-04,smartphone,saudavel,saudavel,0.9408,agrosmart-v1,simulado,sim-2026-07
ff8fe961-6983-5342-9832-02e1f8081179,TI-02_20260731_0031.jpg,2026-07-31 10:03:54,TI-02,drone,saudavel,saudavel,0.9986,agrosmart-v1,simulado,sim-2026-07
812964b1-bdcf-5cce-ba73-d89ea06f1fe2,BV-04_20260731_0015.jpg,2026-07-31 10:04:19,BV-04,smartphone,saudavel,saudavel,0.9488,agrosmart-v1,simulado,sim-2026-07
34ecbbbc-d621-542b-a859-42de8b763a9d,TI-02_20260731_0032.jpg,2026-07-31 10:04:45,TI-02,drone,saudavel,saudavel,0.9492,agrosmart-v1,simulado,sim-2026-07
c5d1ef22-d2de-5af9-a838-ed1cd5e34924,BV-04_20260731_0016.jpg,2026-07-31 10:05:08,BV-04,smartphone,saudavel,saudavel,0.8486,agrosmart-v1,simulado,sim-2026-07
f3e2d165-e392-56cd-a5f5-2863f86b6ca0,TI-02_20260731_0033.jpg,2026-07-31 10:05:17,TI-02,drone,saudavel,saudavel,0.9048,agrosmart-v1,simulado,sim-2026-07
245f3085-d909-5839-9980-c0e593f44b83,BV-04_20260731_0017.jpg,2026-07-31 10:05:30,BV-04,smartphone,saudavel,saudavel,0.8942,agrosmart-v1,simulado,sim-2026-07
f524f5e2-ad92-54c7-ae11-4306c4b401d1,TI-02_20260731_0034.jpg,2026-07-31 10:05:59,TI-02,drone,saudavel,saudavel,0.8732,agrosmart-v1,simulado,sim-2026-07
1c68c1ad-7e3c-578d-be23-18df29c809fd,BV-04_20260731_0018.jpg,2026-07-31 10:06:14,BV-04,smartphone,saudavel,saudavel,0.9222,agrosmart-v1,simulado,sim-2026-07
db88f429-6fdd-50d4-964c-72e79b513296,TI-02_20260731_0035.jpg,2026-07-31 10:06:22,TI-02,drone,saudavel,saudavel,0.9075,agrosmart-v1,simulado,sim-2026-07
37ef3d95-e286-57ec-b064-31634a81783e,BV-04_20260731_0019.jpg,2026-07-31 10:06:56,BV-04,smartphone,saudavel,saudavel,0.9058,agrosmart-v1,simulado,sim-2026-07
aba19dd6-70c1-5528-949d-b762dbcac7b9,TI-02_20260731_0036.jpg,2026-07-31 10:07:18,TI-02,drone,doente,vaquinha,0.8885,agrosmart-v1,simulado,sim-2026-07
f67bfe70-8d2b-5c7d-9af3-43d892b9ee01,BV-04_20260731_0020.jpg,2026-07-31 10:07:22,BV-04,smartphone,saudavel,saudavel,0.9377,agrosmart-v1,simulado,sim-2026-07
619a3ac7-e6c8-51a4-ba96-4f31f8d38d38,BV-04_20260731_0021.jpg,2026-07-31 10:08:01,BV-04,smartphone,doente,mosca_minadora,0.8791,agrosmart-v1,simulado,sim-2026-07
94f5cf68-e5aa-5aae-9121-252da851051c,TI-02_20260731_0037.jpg,2026-07-31 10:08:08,TI-02,drone,saudavel,saudavel,0.8351,agrosmart-v1,simulado,sim-2026-07
5c1c5b21-834a-56de-b9e3-a10be43c9245,TI-02_20260731_0038.jpg,2026-07-31 10:08:43,TI-02,drone,saudavel,saudavel,0.9827,agrosmart-v1,simulado,sim-2026-07
1904e28f-d3ec-55ae-a70b-bd3a55a3f0f7,BV-04_20260731_0022.jpg,2026-07-31 10:08:52,BV-04,smartphone,saudavel,saudavel,0.9029,agrosmart-v1,simulado,sim-2026-07
8b31e8f9-d5d2-5467-9e19-e2a5786292c7,TI-02_20260731_0039.jpg,2026-07-31 10:09:01,TI-02,drone,saudavel,saudavel,0.8284,agrosmart-v1,simulado,sim-2026-07
5643ed1b-765f-5ba9-a196-3951374e7955,BV-04_20260731_0023.jpg,2026-07-31 10:09:34,BV-04,smartphone,saudavel,saudavel,0.9803,agrosmart-v1,simulado,sim-2026-07
f0fa0c63-fb08-55a8-a321-31570ef44bf2,BV-04_20260731_0024.jpg,2026-07-31 10:10:18,BV-04,smartphone,saudavel,saudavel,0.9921,agrosmart-v1,simulado,sim-2026-07
b35c3cb8-8327-5bda-b65b-c99321674acf,BV-04_20260731_0025.jpg,2026-07-31 10:11:04,BV-04,smartphone,saudavel,saudavel,0.9962,agrosmart-v1,simulado,sim-2026-07
3801e743-8de1-5bd4-8996-90d40b505a9d,BV-04_20260731_0026.jpg,2026-07-31 10:11:38,BV-04,smartphone,saudavel,saudavel,0.8538,agrosmart-v1,simulado,sim-2026-07
a4175269-54c7-5867-9dc2-40dd8dfc9758,TI-03_20260619_0005.jpg,2026-06-19 07:05:22,TI-03,drone,saudavel,saudavel,0.9997,agrosmart-v1,simulado,sim-2026-07
ba6b6e84-decc-57e6-bd3f-4360f7200665,BV-01_20260605_0010.jpg,2026-06-05 09:27:00,BV-01,smartphone,doente,pinta_preta,0.9021,agrosmart-v1,simulado,sim-2026-07
cb87d12a-2500-5ecb-9fc3-98daf5506495,BV-02_20260605_0013.jpg,2026-06-05 07:35:42,BV-02,smartphone,saudavel,saudavel,0.9930,agrosmart-v1,simulado,sim-2026-07
7bc064e9-cbe9-52f0-b894-c04f04e085d3,SC-04_20260605_0019.jpg,2026-06-05 09:00:55,SC-04,smartphone,saudavel,saudavel,0.9776,agrosmart-v1,simulado,sim-2026-07
c4cd6cab-a436-5c07-a5ee-8d9df04ba589,SC-02_20260713_0014.jpg,2026-07-13 09:28:25,SC-02,smartphone,saudavel,saudavel,,agrosmart-v1,simulado,sim-2026-07
