id_imagem,nome_imagem,data_captura,talhao_id,origem,categoria,tipo_anomalia,confianca,modelo_versao,fonte,lote_id
01138b44-a8e5-5f28-aaaa-3dd98e871bea,SC-03_20260501_0001.jpg,2026-05-01 07:13:52,SC-03,smartphone,saudavel,saudavel,0.9934,agrosmart-v1,simulado,sim-2026-05
c10fd9b2-4e54-5605-a866-631d37a6fed2,SC-03_20260501_0002.jpg,2026-05-01 07:14:27,SC-03,smartphone,saudavel,saudavel,0.9277,agrosmart-v1,simulado,sim-2026-05
07d5b444-adaa-5df1-b36c-fd6e9234dfcc,SC-03_20260501_0003.jpg,2026-05-01 07:15:12,SC-03,smartphone,saudavel,saudavel,0.9531,agrosmart-v1,simulado,sim-2026-05
820694f5-32ac-526c-8964-102b307340ca,SC-03_20260501_0004.jpg,2026-05-01 07:16:05,SC-03,smartphone,doente,pinta_preta,0.9996,agrosmart-v1,simulado,sim-2026-05
9dbbf1d7-d7ce-5371-a554-edcae3774842,SC-03_20260501_0005.jpg,2026-05-01 07:16:24,SC-03,smartphone,saudavel,saudavel,0.9796,agrosmart-v1,simulado,sim-2026-05
734710ff-f537-5aaa-bfa3-408cb0f59c94,SC-03_20260501_0006.jpg,2026-05-01 07:17:02,SC-03,smartphone,saudavel,saudavel,0.8799,agrosmart-v1,simulado,sim-2026-05
7d14ed38-a4dc-55b6-8b94-f3afd7051e7f,SC-03_20260501_0007.jpg,2026-05-01 07:17:44,SC-03,smartphone,saudavel,saudavel,0.9716,agrosmart-v1,simulado,sim-2026-05
1f506b92-6f2f-5325-9d56-c8726947ca00,SC-03_20260501_0008.jpg,2026-05-01 07:18:34,SC-03,smartphone,saudavel,saudavel,0.9279,agrosmart-v1,simulado,sim-2026-05
3c15063f-67c9-529d-aa92-fbb22e53c005,SC-03_20260501_0009.jpg,2026-05-01 07:19:27,SC-03,smartphone,saudavel,saudavel,0.8929,agrosmart-v1,simulado,sim-2026-05
2a666471-1735-5cb2-8f1d-d0336512bb97,SC-03_20260501_0010.jpg,2026-05-01 07:20:10,SC-03,smartphone,saudavel,saudavel,0.9989,agrosmart-v1,simulado,sim-2026-05
5b39ee35-d36f-515a-a353-6be90e909988,SC-03_20260501_0011.jpg,2026-05-01 07:20:47,SC-03,smartphone,saudavel,saudavel,0.9905,agrosmart-v1,simulado,sim-2026-05
edb938df-2f70-5b29-8d10-06966bf38572,SC-03_20260501_0012.jpg,2026-05-01 07:21:28,SC-03,smartphone,saudavel,saudavel,0.9996,agrosmart-v1,simulado,sim-2026-05
c89bcea2-c806-5c86-98a9-520ffd98fb32,SC-03_20260501_0013.jpg,2026-05-01 07:21:40,SC-03,smartphone,saudavel,saudavel,0.8952,agrosmart-v1,simulado,sim-2026-05
53895f74-928f-5bee-a4e7-cec9dbd1c40d,SC-03_20260501_0014.jpg,2026-05-01 07:22:35,SC-03,smartphone,saudavel,saudavel,1.0000,agrosmart-v1,simulado,sim-2026-05
0c7d6a6d-b482-5817-8300-026ac57950e2,SC-03_20260501_0015.jpg,2026-05-01 07:23:00,SC-03,smartphone,saudavel,saudavel,0.9519,agrosmart-v1,simulado,sim-2026-05
6e2969d1-dc16-5e79-a602-e6dad248bdd6,SC-03_20260501_0016.jpg,2026-05-01 07:23:46,SC-03,smartphone,saudavel,saudavel,0.9989,agrosmart-v1,simulado,sim-2026-05
71e3aaa9-154a-5a88-a096-37e57eda9fc4,SC-03_20260501_0017.jpg,2026-05-01 07:24:36,SC-03,smartphone,saudavel,saudavel,0.9288,agrosmart-v1,simulado,sim-2026-05
43029b67-6382-5dcb-9d10-d00165272081,BV-02_20260501_0001.jpg,2026-05-01 07:24:46,BV-02,smartphone,saudavel,saudavel,0.9414,agrosmart-v1,simulado,sim-2026-05
6bfab9f3-4696-5c39-8978-059ba3c0464b,BV-02_20260501_0002.jpg,2026-05-01 07:25:25,BV-02,smartphone,saudavel,saudavel,0.8256,agrosmart-v1,simulado,sim-2026-05
0f93dd45-87a4-538c-9a96-021d8280723b,SC-03_20260501_0018.jpg,2026-05-01 07:25:26,SC-03,smartphone,saudavel,saudavel,0.9020,agrosmart-v1,simulado,sim-2026-05
209e13a4-dbf5-58b9-973d-189dfa452751,SC-03_20260501_0019.jpg,2026-05-01 07:26:04,SC-03,smartphone,doente,vaquinha,0.9738,agrosmart-v1,simulado,sim-2026-05
02e49049-5beb-5c25-82a5-4271ad91fccc,BV-01_20260501_0001.jpg,2026-05-01 07:26:07,BV-01,smartphone,saudavel,saudavel,0.9848,agrosmart-v1,simulado,sim-2026-05
c89af0a7-36f8-56f8-a17a-cd66e016dd22,BV-02_20260501_0003.jpg,2026-05-01 07:26:17,BV-02,smartphone,saudavel,saudavel,0.8984,agrosmart-v1,simulado,sim-2026-05
9863df75-ddcb-5015-879b-890d249ec13b,BV-01_20260501_0002.jpg,2026-05-01 07:26:30,BV-01,smartphone,saudavel,saudavel,0.9976,agrosmart-v1,simulado,sim-2026-05
b6020849-09bc-53e1-8d73-a97f47c33bf9,SC-03_20260501_0020.jpg,2026-05-01 07:26:40,SC-03,smartphone,saudavel,saudavel,0.9961,agrosmart-v1,simulado,sim-2026-05
55544f28-a7ca-5a40-a1b5-5b867914880e,BV-02_20260501_0004.jpg,2026-05-01 07:26:59,BV-02,smartphone,saudavel,saudavel,0.8931,agrosmart-v1,simulado,sim-2026-05
524cafd2-7599-5cce-8ab3-39e3354e2ac2,SC-03_20260501_0021.jpg,2026-05-01 07:27:13,SC-03,smartphone,saudavel,saudavel,0.9395,agrosmart-v1,simulado,sim-2026-05
25cad810-d05a-5290-9489-a3cd61caeb15,BV-01_20260501_0003.jpg,2026-05-01 07:27:28,BV-01,smartphone,saudavel,saudavel,0.8693,agrosmart-v1,simulado,sim-2026-05
a2a040d6-a59c-58b8-8d12-4da3c07bbac6,SC-03_20260501_0022.jpg,2026-05-01 07:27:40,SC-03,smartphone,saudavel,saudavel,0.8444,agrosmart-v1,simulado,sim-2026-05
acfcd459-466a-5ee7-b757-6327c324e9e4,BV-02_20260501_0005.jpg,2026-05-01 07:27:41,BV-02,smartphone,saudavel,saudavel,0.8340,agrosmart-v1,simulado,sim-2026-05
6d3989fe-f4eb-5e4e-90b5-3c2ae8e6b32b,BV-01_20260501_0004.jpg,2026-05-01 07:27:45,BV-01,smartphone,saudavel,saudavel,0.8560,agrosmart-v1,simulado,sim-2026-05
39921dbf-07c0-5a8d-b00f-a7ae5dabfc5a,BV-02_20260501_0006.jpg,2026-05-01 07:28:10,BV-02,smartphone,saudavel,saudavel,0.9490,agrosmart-v1,simulado,sim-2026-05
873c802d-3c47-52cd-8260-27c00fe90ea9,BV-01_20260501_0005.jpg,2026-05-01 07:28:28,BV-01,smartphone,saudavel,saudavel,0.9984,agrosmart-v1,simulado,sim-2026-05
b902cbb5-87d2-55ec-9afa-31c582834471,SC-03_20260501_0023.jpg,2026-05-01 07:28:33,SC-03,smartphone,saudavel,saudavel,0.9040,agrosmart-v1,simulado,sim-2026-05
5fc865c7-44c5-522d-862b-6cad6b644d20,BV-02_20260501_0007.jpg,2026-05-01 07:28:52,BV-02,smartphone,saudavel,saudavel,0.9613,agrosmart-v1,simulado,sim-2026-05
2bc856ad-0e1d-597a-8d1b-68c8497f0f7e,BV-01_20260501_0006.jpg,2026-05-01 07:29:05,BV-01,smartphone,saudavel,saudavel,0.9712,agrosmart-v1,simulado,sim-2026-05
9a22e44d-4a05-522f-b36b-b57fe68fa9e0,SC-03_20260501_0024.jpg,2026-05-01 07:29:08,SC-03,smartphone,saudavel,saudavel,0.9993,agrosmart-v1,simulado,sim-2026-05
efa5713d-062c-5894-9ec2-9b2f1383bce4,BV-02_20260501_0008.jpg,2026-05-01 07:29:34,BV-02,smartphone,saudavel,saudavel,0.8627,agrosmart-v1,simulado,sim-2026-05
fbbc0bd2-381b-5e18-bed8-24c9518401b1,SC-03_20260501_0025.jpg,2026-05-01 07:29:51,SC-03,smartphone,saudavel,saudavel,0.9986,agrosmart-v1,simulado,sim-2026-05
58dfe650-9553-5382-8d79-f5dff023a9b5,BV-02_20260501_0009.jpg,2026-05-01 07:30:00,BV-02,smartphone,saudavel,saudavel,0.9799,agrosmart-v1,simulado,sim-2026-05
4c7f03d9-cc80-5584-b39b-2a54ba624143,BV-01_20260501_0007.jpg,2026-05-01 07:30:06,BV-01,smartphone,saudavel,saudavel,0.8697,agrosmart-v1,simulado,sim-2026-05
cd6d880c-9cba-57a9-9362-9189d1bfb06e,SC-03_20260501_0026.jpg,2026-05-01 07:30:26,SC-03,smartphone,saudavel,saudavel,0.7295,agrosmart-v1,simulado,sim-2026-05
0185f63a-1362-5310-b0e6-b4ee74aa0124,BV-01_20260501_0008.jpg,2026-05-01 07:30:40,BV-01,smartphone,saudavel,saudavel,0.9950,agrosmart-v1,simulado,sim-2026-05
e67fcc13-c669-5ca3-8d07-12965f4757d8,BV-02_20260501_0010.jpg,2026-05-01 07:30:45,BV-02,smartphone,saudavel,saudavel,0.9983,agrosmart-v1,simulado,sim-2026-05
02625e2c-3199-5e67-b592-8b607372a590,SC-03_20260501_0027.jpg,2026-05-01 07:31:02,SC-03,smartphone,saudavel,saudavel,0.9730,agrosmart-v1,simulado,sim-2026-05
ace83008-a622-5917-8456-d372802fd50f,BV-01_20260501_0009.jpg,2026-05-01 07:31:23,BV-01,smartphone,saudavel,saudavel,0.8401,agrosmart-v1,simulado,sim-2026-05
99a4a296-c593-5f56-9b19-4c89c35cf842,BV-02_20260501_0011.jpg,2026-05-01 07:31:33,BV-02,smartphone,saudavel,saudavel,0.9697,agrosmart-v1,simulado,sim-2026-05
e93b58db-5523-5886-91e7-c84a82dc9244,SC-03_20260501_0028.jpg,2026-05-01 07:31:52,SC-03,smartphone,saudavel,saudavel,0.9709,agrosmart-v1,simulado,sim-2026-05
b12e846f-177c-50ce-8e3f-975426010fc2,BV-01_20260501_0010.jpg,2026-05-01 07:31:53,BV-01,smartphone,saudavel,saudavel,0.9581,agrosmart-v1,simulado,sim-2026-05
5b3f3295-2b63-587d-b1cd-8aeb0dc7c527,BV-02_20260501_0012.jpg,2026-05-01 07:32:19,BV-02,smartphone,saudavel,saudavel,0.9331,agrosmart-v1,simulado,sim-2026-05
56d4db49-0dde-54df-b979-81cbe863d074,BV-01_20260501_0011.jpg,2026-05-01 07:32:34,BV-01,smartphone,saudavel,saudavel,0.9740,agrosmart-v1,simulado,sim-2026-05
c70e68ce-ed1c-58d6-a72f-25e60ce6c9fc,BV-02_20260501_0013.jpg,2026-05-01 07:32:42,BV-02,smartphone,saudavel,saudavel,0.9035,agrosmart-v1,simulado,sim-2026-05
6e9206e5-c711-518f-8506-47b8d2637131,SC-03_20260501_0029.jpg,2026-05-01 07:32:47,SC-03,smartphone,saudavel,saudavel,0.8859,agrosmart-v1,simulado,sim-2026-05
65ffba18-0c83-5881-83a9-d5c2ddc50cf7,BV-01_20260501_0012.jpg,2026-05-01 07:33:00,BV-01,smartphone,saudavel,saudavel,0.8606,agrosmart-v1,simulado,sim-2026-05
6e353efc-7142-52bf-80bc-bb214f53c602,BV-03_20260501_0001.jpg,2026-05-01 07:33:10,BV-03,smartphone,saudavel,saudavel,0.8641,agrosmart-v1,simulado,sim-2026-05
2d5697bb-0ade-52f9-bec6-289f0d429187,SC-03_20260501_0030.jpg,2026-05-01 07:33:29,SC-03,smartphone,saudavel,saudavel,0.9260,agrosmart-v1,simulado,sim-2026-05
468fb5e2-9358-5b83-a6bc-60ed0d658c34,BV-02_20260501_0014.jpg,2026-05-01 07:33:30,BV-02,smartphone,saudavel,saudavel,0.9950,agrosmart-v1,simulado,sim-2026-05
cd365f2d-ad65-5d8f-a546-6d4a9cbc92d9,BV-03_20260501_0002.jpg,2026-05-01 07:33:44,BV-03,smartphone,saudavel,saudavel,0.8466,agrosmart-v1,simulado,sim-2026-05
09a6f5f3-3130-5ead-8bfc-b010dea909d3,BV-01_20260501_0013.jpg,2026-05-01 07:34:08,BV-01,smartphone,saudavel,saudavel,0.8475,agrosmart-v1,simulado,sim-2026-05
42e62403-c222-5086-9717-da4610a0dd8f,BV-03_20260501_0003.jpg,2026-05-01 07:34:20,BV-03,smartphone,saudavel,saudavel,0.9560,agrosmart-v1,simulado,sim-2026-05
c837b5c9-a39f-5c0b-8777-73e04ff13080,BV-02_20260501_0015.jpg,2026-05-01 07:34:21,BV-02,smartphone,saudavel,saudavel,0.9753,agrosmart-v1,simulado,sim-2026-05
dd08b512-0205-54f1-9a8a-b260e404dd0c,BV-01_20260501_0014.jpg,2026-05-01 07:34:33,BV-01,smartphone,saudavel,saudavel,0.9993,agrosmart-v1,simulado,sim-2026-05
824fd5d9-9dbe-50e8-b9c1-74d86901e876,BV-03_20260501_0004.jpg,2026-05-01 07:34:48,BV-03,smartphone,saudavel,saudavel,0.9464,agrosmart-v1,simulado,sim-2026-05
c0f9dcae-ad03-5373-a18c-7bd79981e074,BV-01_20260501_0015.jpg,2026-05-01 07:35:00,BV-01,smartphone,saudavel,saudavel,0.9173,agrosmart-v1,simulado,sim-2026-05
883aae57-9892-5a8d-b6cd-4e9f3145824d,BV-02_20260501_0016.jpg,2026-05-01 07:35:08,BV-02,smartphone,saudavel,saudavel,0.9727,agrosmart-v1,simulado,sim-2026-05
26d3d315-fdcb-5e6d-86ad-415e92a8bd3c,BV-02_20260501_0017.jpg,2026-05-01 07:35:26,BV-02,smartphone,saudavel,saudavel,0.9953,agrosmart-v1,simulado,sim-2026-05
9ea4038b-15bf-56d3-8adb-6a1ab5721f53,BV-03_20260501_0005.jpg,2026-05-01 07:35:31,BV-03,smartphone,saudavel,saudavel,0.9087,agrosmart-v1,simulado,sim-2026-05
60c3491b-3a0c-545c-9b9f-e86b93ed2942,BV-01_20260501_0016.jpg,2026-05-01 07:35:58,BV-01,smartphone,saudavel,saudavel,0.9910,agrosmart-v1,simulado,sim-2026-05
a357d748-aa82-5886-b087-701bcb06f379,BV-03_20260501_0006.jpg,2026-05-01 07:36:10,BV-03,smartphone,saudavel,saudavel,0.9385,agrosmart-v1,simulado,sim-2026-05
ffc68101-5a7f-522a-9ad8-ad7c24ad5bf1,BV-02_20260501_0018.jpg,2026-05-01 07:36:27,BV-02,smartphone,saudavel,saudavel,0.9599,agrosmart-v1,simulado,sim-2026-05
c89f80cc-f461-5a50-852e-fc2ad1ea413e,BV-02_20260501_0019.jpg,2026-05-01 07:36:46,BV-02,smartphone,saudavel,saudavel,0.9845,agrosmart-v1,simulado,sim-2026-05
6f781961-3f41-53d4-9dfa-ec8cc85fcefa,BV-01_20260501_0017.jpg,2026-05-01 07:36:47,BV-01,smartphone,saudavel,saudavel,0.9507,agrosmart-v1,simulado,sim-2026-05
dd21116e-c278-5113-90bc-0e5c26918e90,BV-03_20260501_0007.jpg,2026-05-01 07:37:01,BV-03,smartphone,saudavel,saudavel,0.9965,agrosmart-v1,simulado,sim-2026-05
a036e6c2-f810-564a-a9a7-ab952905d970,BV-01_20260501_0018.jpg,2026-05-01 07:37:03,BV-01,smartphone,saudavel,saudavel,0.9050,agrosmart-v1,simulado,sim-2026-05
37cdbb6a-9f52-564a-a8e4-f6d91d1b66ee,BV-03_20260501_0008.jpg,2026-05-01 07:37:23,BV-03,smartphone,saudavel,saudavel,0.8280,agrosmart-v1,simulado,sim-2026-05
a7b4cd09-2e2a-56e3-8e10-b9900c570441,BV-02_20260501_0020.jpg,2026-05-01 07:37:26,BV-02,smartphone,saudavel,saudavel,0.9620,agrosmart-v1,simulado,sim-2026-05
953229db-3f42-5b25-b9c2-b731e83610ff,BV-01_20260501_0019.jpg,2026-05-01 07:38:01,BV-01,smartphone,saudavel,saudavel,0.9733,agrosmart-v1,simulado,sim-2026-05
090fd619-fea7-56e4-920d-17c1d94fdd33,BV-03_20260501_0009.jpg,2026-05-01 07:38:11,BV-03,smartphone,saudavel,saudavel,0.9638,agrosmart-v1,simulado,sim-2026-05
0fc572ac-611d-5aa1-8508-4a100a57c9ea,BV-02_20260501_0021.jpg,2026-05-01 07:38:14,BV-02,smartphone,saudavel,saudavel,0.8857,agrosmart-v1,simulado,sim-2026-05
aad37145-4bcf-5ca3-845e-9a57157cb7b5,BV-01_20260501_0020.jpg,2026-05-01 07:38:37,BV-01,smartphone,saudavel,saudavel,0.9324,agrosmart-v1,simulado,sim-2026-05
87e38580-5bb4-588b-8b64-7d8808a2665d,BV-02_20260501_0022.jpg,2026-05-01 07:38:56,BV-02,smartphone,saudavel,saudavel,0.8837,agrosmart-v1,simulado,sim-2026-05
bf5352bc-634e-5a66-9759-8b132092ab19,BV-03_20260501_0010.jpg,2026-05-01 07:39:09,BV-03,smartphone,saudavel,saudavel,0.8694,agrosmart-v1,simulado,sim-2026-05
1dd92293-0a45-5085-b59e-b4039ae72274,BV-01_20260501_0021.jpg,2026-05-01 07:39:29,BV-01,smartphone,doente,pinta_preta,0.8703,agrosmart-v1,simulado,sim-2026-05
8064d66f-5673-523c-9780-1c9f52a7b431,BV-03_20260501_0011.jpg,2026-05-01 07:39:29,BV-03,smartphone,saudavel,saudavel,0.9880,agrosmart-v1,simulado,sim-2026-05
3cb89cfa-5151-5d34-95cf-7234869fe873,BV-02_20260501_0023.jpg,2026-05-01 07:39:47,BV-02,smartphone,saudavel,saudavel,0.9954,agrosmart-v1,simulado,sim-2026-05
67c4b383-b3fc-5d4d-853f-92b6440777ed,BV-01_20260501_0022.jpg,2026-05-01 07:40:07,BV-01,smartphone,saudavel,saudavel,0.8984,agrosmart-v1,simulado,sim-2026-05
9846b3de-a8f2-561a-b9f5-f0aeadd7b166,BV-03_20260501_0012.jpg,2026-05-01 07:40:08,BV-03,smartphone,saudavel,saudavel,0.8947,agrosmart-v1,simulado,sim-2026-05
75eff717-f15d-5322-90a8-3c4488302b84,BV-01_20260501_0023.jpg,2026-05-01 07:40:30,BV-01,smartphone,saudavel,saudavel,0.9995,agrosmart-v1,simulado,sim-2026-05
bed4360a-6dff-5377-805c-5e09791d718a,BV-02_20260501_0024.jpg,2026-05-01 07:40:30,BV-02,smartphone,saudavel,saudavel,0.8991,agrosmart-v1,simulado,sim-2026-05
d35f164b-69b3-5049-a5af-61025f62aac9,BV-03_20260501_0013.jpg,2026-05-01 07:40:51,BV-03,smartphone,saudavel,saudavel,0.9841,agrosmart-v1,simulado,sim-2026-05
44027d5b-af50-5551-9142-ac4b367b2335,BV-02_20260501_0025.jpg,2026-05-01 07:40:53,BV-02,smartphone,saudavel,saudavel,0.8216,agrosmart-v1,simulado,sim-2026-05
4059fb93-89ce-542a-ba65-4d472d68641f,BV-01_20260501_0024.jpg,2026-05-01 07:41:20,BV-01,smartphone,saudavel,saudavel,0.8798,agrosmart-v1,simulado,sim-2026-05
4f3fc664-5028-5c5c-b575-d1e86a721933,BV-02_20260501_0026.jpg,2026-05-01 07:41:22,BV-02,smartphone,saudavel,saudavel,0.8349,agrosmart-v1,simulado,sim-2026-05
1594b661-8c83-5ed8-b398-478349bc4c39,BV-03_20260501_0014.jpg,2026-05-01 07:41:43,BV-03,smartphone,saudavel,saudavel,0.9035,agrosmart-v1,simulado,sim-2026-05
d823a215-33b1-5049-a309-448fa4e67304,BV-01_20260501_0025.jpg,2026-05-01 07:41:54,BV-01,smartphone,saudavel,saudavel,0.9639,agrosmart-v1,simulado,sim-2026-05
94667d73-7b72-5711-8267-83919ba4a469,BV-02_20260501_0027.jpg,2026-05-01 07:42:17,BV-02,smartphone,saudavel,saudavel,0.8914,agrosmart-v1,simulado,sim-2026-05
ceaa3faf-177e-51c7-bd81-e8c6142f21c1,BV-03_20260501_0015.jpg,2026-05-01 07:42:25,BV-03,smartphone,saudavel,saudavel,0.9974,agrosmart-v1,simulado,sim-2026-05
1bd31e45-3d32-59a0-be0f-5fd0b0fa1a1b,BV-01_20260501_0026.jpg,2026-05-01 07:42:34,BV-01,smartphone,saudavel,saudavel,0.8269,agrosmart-v1,simulado,sim-2026-05
2ad28ca1-5887-5235-9a6c-73376025f35d,BV-02_20260501_0028.jpg,2026-05-01 07:42:57,BV-02,smartphone,saudavel,saudavel,0.9654,agrosmart-v1,simulado,sim-2026-05
c91eaca4-7ba6-5da2-ba7c-db73334fc6df,BV-01_20260501_0027.jpg,2026-05-01 07:43:00,BV-01,smartphone,saudavel,saudavel,0.9694,agrosmart-v1,simulado,sim-2026-05
c49aa295-f7ec-52e8-970b-f1cef725f124,BV-03_20260501_0016.jpg,2026-05-01 07:43:02,BV-03,smartphone,saudavel,saudavel,0.9413,agrosmart-v1,simulado,sim-2026-05
a963a70e-16c1-52ff-a0c4-e6aace1e3dd0,BV-02_20260501_0029.jpg,2026-05-01 07:43:21,BV-02,smartphone,saudavel,saudavel,0.9714,agrosmart-v1,simulado,sim-2026-05
06a591d1-af30-58ba-b0f0-84c88980c284,BV-03_20260501_0017.jpg,2026-05-01 07:43:29,BV-03,smartphone,saudavel,saudavel,0.9345,agrosmart-v1,simulado,sim-2026-05
25d3ce14-e942-5973-b325-6422e069c507,BV-03_20260501_0018.jpg,2026-05-01 07:44:07,BV-03,smartphone,saudavel,saudavel,0.9486,agrosmart-v1,simulado,sim-2026-05
5f65cc28-833b-558d-85db-cbaf078a977a,BV-02_20260501_0030.jpg,2026-05-01 07:44:24,BV-02,smartphone,saudavel,saudavel,0.9713,agrosmart-v1,simulado,sim-2026-05
3c735807-9d0e-5403-93e8-69422c2cb41d,BV-03_20260501_0019.jpg,2026-05-01 07:44:43,BV-03,smartphone,saudavel,saudavel,0.9681,agrosmart-v1,simulado,sim-2026-05
8076de4b-02fe-52a2-b137-4c0f960aaff4,BV-02_20260501_0031.jpg,2026-05-01 07:45:00,BV-02,smartphone,saudavel,saudavel,0.9669,agrosmart-v1,simulado,sim-2026-05
635acd7c-c612-572d-bcc8-ac37bfab8856,BV-03_20260501_0020.jpg,2026-05-01 07:45:22,BV-03,smartphone,saudavel,saudavel,0.9897,agrosmart-v1,simulado,sim-2026-05
bc3b2b19-519c-5033-9e21-bb2bc275ffe6,BV-02_20260501_0032.jpg,2026-05-01 07:45:24,BV-02,smartphone,saudavel,saudavel,0.8966,agrosmart-v1,simulado,sim-2026-05
c2b317cd-bbd3-5f99-96e7-d3b60ba10ff5,BV-02_20260501_0033.jpg,2026-05-01 07:46:25,BV-02,smartphone,saudavel,saudavel,0.9949,agrosmart-v1,simulado,sim-2026-05
db32f256-823d-5faa-b30e-c7ae2e123482,BV-03_20260501_0021.jpg,2026-05-01 07:46:29,BV-03,smartphone,saudavel,saudavel,0.9940,agrosmart-v1,simulado,sim-2026-05
678a8980-b9ab-52da-acb2-5def9d0b6f80,BV-02_20260501_0034.jpg,2026-05-01 07:46:50,BV-02,smartphone,saudavel,saudavel,0.9894,agrosmart-v1,simulado,sim-2026-05
912ba9de-09cc-5c26-a457-d69bb1e50d72,BV-03_20260501_0022.jpg,2026-05-01 07:46:56,BV-03,smartphone,saudavel,saudavel,0.9485,agrosmart-v1,simulado,sim-2026-05
377f5021-37dd-5a27-b240-da890ab94925,BV-02_20260501_0035.jpg,2026-05-01 07:47:28,BV-02,smartphone,saudavel,saudavel,0.9258,agrosmart-v1,simulado,sim-2026-05
1e295323-95e0-5d74-b97b-2f0afbb83213,BV-03_20260501_0023.jpg,2026-05-01 07:47:49,BV-03,smartphone,saudavel,saudavel,0.9776,agrosmart-v1,simulado,sim-2026-05
f7eb9505-429d-5734-bea2-57904d61729a,BV-03_20260501_0024.jpg,2026-05-01 07:48:17,BV-03,smartphone,saudavel,saudavel,1.0000,agrosmart-v1,simulado,sim-2026-05
9b187094-9e6c-537e-bf68-cab8bd6ff7a4,BV-02_20260501_0036.jpg,2026-05-01 07:48:28,BV-02,smartphone,saudavel,saudavel,0.8981,agrosmart-v1,simulado,sim-2026-05
91ec8418-cc3d-5b7f-b1ad-f7dbfc0f06fa,BV-02_20260501_0037.jpg,2026-05-01 07:48:50,BV-02,smartphone,saudavel,saudavel,0.9644,agrosmart-v1,simulado,sim-2026-05
dc463aaf-b76d-5efb-98ea-69b614310be6,BV-03_20260501_0025.jpg,2026-05-01 07:48:53,BV-03,smartphone,saudavel,saudavel,0.9157,agrosmart-v1,simulado,sim-2026-05
5587afe9-865a-5827-b2d9-1dc8b98852c4,BV-03_20260501_0026.jpg,2026-05-01 07:49:23,BV-03,smartphone,saudavel,saudavel,0.9832,agrosmart-v1,simulado,sim-2026-05
3d470def-df41-5df4-bdf0-f18fc8a6be47,BV-02_20260501_0038.jpg,2026-05-01 07:49:42,BV-02,smartphone,saudavel,saudavel,0.9864,agrosmart-v1,simulado,sim-2026-05
f75d360e-7d89-5d3e-b18e-6ce7c2304b3a,BV-02_20260501_0039.jpg,2026-05-01 07:50:04,BV-02,smartphone,doente,mosca_minadora,0.9850,agrosmart-v1,simulado,sim-2026-05
faff3859-7382-58cf-9c5f-f068efc60be9,BV-03_20260501_0027.jpg,2026-05-01 07:50:21,BV-03,smartphone,saudavel,saudavel,0.9807,agrosmart-v1,simulado,sim-2026-05
42f859c4-ab29-5ab9-8e5e-3968784d68aa,BV-02_20260501_0040.jpg,2026-05-01 07:50:51,BV-02,smartphone,saudavel,saudavel,0.9083,agrosmart-v1,simulado,sim-2026-05
8ad182b4-883b-5f3d-a166-f115858bf4e9,BV-03_20260501_0028.jpg,2026-05-01 07:51:05,BV-03,smartphone,saudavel,saudavel,0.9528,agrosmart-v1,simulado,sim-2026-05
2c7a9a24-199e-55f2-854a-d3bfa0137604,BV-02_20260501_0041.jpg,2026-05-01 07:51:42,BV-02,smartphone,saudavel,saudavel,0.9277,agrosmart-v1,simulado,sim-2026-05
82d832f9-eaeb-53bc-84ed-c96c0d182267,TI-03_20260501_0001.jpg,2026-05-01 07:55:04,TI-03,drone,saudavel,saudavel,0.9025,agrosmart-v1,simulado,sim-2026-05
a57ef8e2-e2bc-5cf9-829c-a1765e11e355,TI-03_20260501_0002.jpg,2026-05-01 07:55:20,TI-03,drone,saudavel,saudavel,0.9898,agrosmart-v1,simulado,sim-2026-05
6a9a3593-8208-5ae7-ac4b-f4293a61b94b,TI-03_20260501_0003.jpg,2026-05-01 07:56:10,TI-03,drone,saudavel,saudavel,0.9756,agrosmart-v1,simulado,sim-2026-05
6547a4fc-d971-54a5-9978-67e0768ccd01,TI-03_20260501_0004.jpg,2026-05-01 07:57:01,TI-03,drone,saudavel,saudavel,0.9816,agrosmart-v1,simulado,sim-2026-05
04d16f31-d1bd-5989-a8ac-db60f78c7fc5,TI-03_20260501_0005.jpg,2026-05-01 07:57:43,TI-03,drone,saudavel,saudavel,0.9586,agrosmart-v1,simulado,sim-2026-05
b4732122-39e8-5ad8-98ed-89102e5670f5,TI-03_20260501_0006.jpg,2026-05-01 07:58:29,TI-03,drone,saudavel,saudavel,0.8565,agrosmart-v1,simulado,sim-2026-05
f40a1a36-e369-5a4e-aa7a-d5690f0a32f7,TI-03_20260501_0007.jpg,2026-05-01 07:58:50,TI-03,drone,saudavel,saudavel,0.9946,agrosmart-v1,simulado,sim-2026-05
6399aab7-024f-5079-9e90-efa3995e570a,TI-03_20260501_0008.jpg,2026-05-01 07:59:33,TI-03,drone,saudavel,saudavel,0.9864,agrosmart-v1,simulado,sim-2026-05
967c4d9a-58e5-55f0-9052-7bc0d2bc7cf0,TI-03_20260501_0009.jpg,2026-05-01 08:00:17,TI-03,drone,saudavel,saudavel,0.9607,agrosmart-v1,simulado,sim-2026-05
4b0cf81a-fa89-5889-b252-d65a40399301,TI-03_20260501_0010.jpg,2026-05-01 08:01:07,TI-03,drone,saudavel,saudavel,0.8791,agrosmart-v1,simulado,sim-2026-05
ea1fca7e-5ed0-5e6a-88b5-bcac69c862ae,TI-03_20260501_0011.jpg,2026-05-01 08:01:30,TI-03,drone,saudavel,saudavel,0.9995,agrosmart-v1,simulado,sim-2026-05
e0ab89ba-83f3-5353-a48c-bfe699b8f2b6,TI-03_20260501_0012.jpg,2026-05-01 08:02:08,TI-03,drone,saudavel,saudavel,0.8406,agrosmart-v1,simulado,sim-2026-05
370ade62-2d1a-5e80-ac5d-7f475cfba389,TI-03_20260501_0013.jpg,2026-05-01 08:03:07,TI-03,drone,saudavel,saudavel,0.9741,agrosmart-v1,simulado,sim-2026-05
6118f9b3-d57d-5648-9cfe-af3e1210d649,TI-03_20260501_0014.jpg,2026-05-01 08:03:31,TI-03,drone,saudavel,saudavel,0.8206,agrosmart-v1,simulado,sim-2026-05
bffdb851-a1bf-5efe-9beb-f9d609e119de,TI-03_20260501_0015.jpg,2026-05-01 08:04:09,TI-03,drone,saudavel,saudavel,0.9819,agrosmart-v1,simulado,sim-2026-05
9c96e283-035e-5b1c-bc6d-65d21437f2ea,TI-03_20260501_0016.jpg,2026-05-01 08:05:03,TI-03,drone,saudavel,saudavel,0.9522,agrosmart-v1,simulado,sim-2026-05
eb67bbba-1280-56f2-ab4b-9d80b111bddf,TI-03_20260501_0017.jpg,2026-05-01 08:05:43,TI-03,drone,saudavel,saudavel,0.8496,agrosmart-v1,simulado,sim-2026-05
171e7cef-8200-5c8a-83c3-2e352a2b09c1,SC-04_20260501_0001.jpg,2026-05-01 08:06:10,SC-04,smartphone,saudavel,saudavel,0.9814,agrosmart-v1,simulado,sim-2026-05
c3d5f540-73e7-54df-82fe-a09e57c7d5cd,TI-03_20260501_0018.jpg,2026-05-01 08:06:29,TI-03,drone,saudavel,saudavel,0.9909,agrosmart-v1,simulado,sim-2026-05
e643c9b5-3af1-5d67-be59-ff93c0722786,SC-04_20260501_0002.jpg,2026-05-01 08:06:33,SC-04,smartphone,saudavel,saudavel,0.9971,agrosmart-v1,simulado,sim-2026-05
6f020361-d6a4-5a85-948d-1d1090bfaf3b,TI-03_20260501_0019.jpg,2026-05-01 08:07:02,TI-03,drone,saudavel,saudavel,0.8594,agrosmart-v1,simulado,sim-2026-05
7203f48e-4ad5-5dc6-a8ef-05e01436eae5,TI-03_20260501_0020.jpg,2026-05-01 08:07:21,TI-03,drone,saudavel,saudavel,0.8836,agrosmart-v1,simulado,sim-2026-05
5cfa2598-c151-51ff-81aa-1833a18c1ca2,SC-04_20260501_0003.jpg,2026-05-01 08:07:28,SC-04,smartphone,saudavel,saudavel,0.9622,agrosmart-v1,simulado,sim-2026-05
8d7a3718-281f-53a7-87d5-2130964b560e,SC-04_20260501_0004.jpg,2026-05-01 08:07:52,SC-04,smartphone,saudavel,saudavel,0.9327,agrosmart-v1,simulado,sim-2026-05
046225c4-7089-51eb-83a7-43ff45c408bf,TI-03_20260501_0021.jpg,2026-05-01 08:08:13,TI-03,drone,saudavel,saudavel,0.9661,agrosmart-v1,simulado,sim-2026-05
e31b27d2-8508-5909-870e-2da5ebca1990,SC-04_20260501_0005.jpg,2026-05-01 08:08:49,SC-04,smartphone,saudavel,saudavel,0.9400,agrosmart-v1,simulado,sim-2026-05
86905776-ee59-5d44-a559-5ccd551cb7da,TI-03_20260501_0022.jpg,2026-05-01 08:08:54,TI-03,drone,saudavel,saudavel,0.8690,agrosmart-v1,simulado,sim-2026-05
70c9e474-cebd-5ca4-8ca5-e30d9ff14e2e,SC-04_20260501_0006.jpg,2026-05-01 08:09:29,SC-04,smartphone,saudavel,saudavel,0.9248,agrosmart-v1,simulado,sim-2026-05
1479b7c2-301d-5059-9398-e99f2e0f0c00,TI-03_20260501_0023.jpg,2026-05-01 08:09:30,TI-03,drone,saudavel,saudavel,0.8463,agrosmart-v1,simulado,sim-2026-05
ee5b8d12-5f3f-56ac-ac46-215d7d6cf68f,SC-04_20260501_0007.jpg,2026-05-01 08:09:59,SC-04,smartphone,saudavel,saudavel,0.9446,agrosmart-v1,simulado,sim-2026-05
cfc5ff5c-97d3-51be-943d-b51dea11ef7d,TI-03_20260501_0024.jpg,2026-05-01 08:10:13,TI-03,drone,saudavel,saudavel,0.9423,agrosmart-v1,simulado,sim-2026-05
d341515a-2bfb-59af-834c-ef9bc31b4c0c,SC-04_20260501_0008.jpg,2026-05-01 08:10:29,SC-04,smartphone,saudavel,saudavel,0.8887,agrosmart-v1,simulado,sim-2026-05
53338376-4a9a-5789-a4c5-72e1e103dfbb,TI-03_20260501_0025.jpg,2026-05-01 08:10:58,TI-03,drone,saudavel,saudavel,0.9988,agrosmart-v1,simulado,sim-2026-05
0bd1024f-141f-5e69-a7d0-8249573f7f1b,TI-03_20260501_0026.jpg,2026-05-01 08:11:22,TI-03,drone,saudavel,saudavel,0.9951,agrosmart-v1,simulado,sim-2026-05
3c5628a6-c789-5cc6-ae01-8f65447c4257,SC-04_20260501_0009.jpg,2026-05-01 08:11:26,SC-04,smartphone,saudavel,saudavel,0.9994,agrosmart-v1,simulado,sim-2026-05
c1a88af9-bee6-5dfd-be37-91d5e0416d0b,SC-04_20260501_0010.jpg,2026-05-01 08:11:56,SC-04,smartphone,saudavel,saudavel,0.8840,agrosmart-v1,simulado,sim-2026-05
72faa997-4e04-5e0d-8f9f-add92361233b,TI-03_20260501_0027.jpg,2026-05-01 08:12:11,TI-03,drone,saudavel,saudavel,0.9113,agrosmart-v1,simulado,sim-2026-05
79dafcc4-afea-558d-a452-287ddaa0f0de,SC-04_20260501_0011.jpg,2026-05-01 08:12:20,SC-04,smartphone,saudavel,saudavel,0.9731,agrosmart-v1,simulado,sim-2026-05
88a12623-3de2-5d2e-a416-6cadee2ad6e8,TI-03_20260501_0028.jpg,2026-05-01 08:12:45,TI-03,drone,saudavel,saudavel,0.9891,agrosmart-v1,simulado,sim-2026-05
4a855bb8-9262-51a9-bc34-0db6b93cd891,SC-04_20260501_0012.jpg,2026-05-01 08:13:21,SC-04,smartphone,saudavel,saudavel,0.8673,agrosmart-v1,simulado,sim-2026-05
e4df03c1-4279-5bb7-9b2a-57da997a132b,TI-03_20260501_0029.jpg,2026-05-01 08:13:27,TI-03,drone,saudavel,saudavel,0.8589,agrosmart-v1,simulado,sim-2026-05
3ff10385-8c2b-5378-85b9-ffb836f79dd2,SC-04_20260501_0013.jpg,2026-05-01 08:14:03,SC-04,smartphone,saudavel,saudavel,0.9423,agrosmart-v1,simulado,sim-2026-05
69feae78-a494-5f4e-9afc-b172d04d0b3e,TI-03_20260501_0030.jpg,2026-05-01 08:14:27,TI-03,drone,saudavel,saudavel,0.9945,agrosmart-v1,simulado,sim-2026-05
eaa93a46-ed9e-5155-8964-3f0a2d7cd6fb,SC-04_20260501_0014.jpg,2026-05-01 08:14:34,SC-04,smartphone,saudavel,saudavel,0.9670,agrosmart-v1,simulado,sim-2026-05
09710b00-e35b-5e99-b80a-9677f48efa90,TI-03_20260501_0031.jpg,2026-05-01 08:14:41,TI-03,drone,saudavel,saudavel,0.9983,agrosmart-v1,simulado,sim-2026-05
9cf76c53-8a09-507f-916d-426cb9ec7040,SC-04_20260501_0015.jpg,2026-05-01 08:15:02,SC-04,smartphone,saudavel,saudavel,0.9847,agrosmart-v1,simulado,sim-2026-05
22ff910d-8746-5f5b-b554-b7fb38dd9461,TI-03_20260501_0032.jpg,2026-05-01 08:15:35,TI-03,drone,saudavel,saudavel,0.9925,agrosmart-v1,simulado,sim-2026-05
f4456ff7-0647-59f4-81f2-633abe95b419,SC-04_20260501_0016.jpg,2026-05-01 08:15:42,SC-04,smartphone,saudavel,saudavel,0.9807,agrosmart-v1,simulado,sim-2026-05
9629bf38-10fa-5c4a-ab09-5fac687ab2d5,TI-03_20260501_0033.jpg,2026-05-01 08:16:16,TI-03,drone,saudavel,saudavel,0.9238,agrosmart-v1,simulado,sim-2026-05
72b243f3-035f-5f68-a13c-5a10ce17e49b,SC-04_20260501_0017.jpg,2026-05-01 08:16:20,SC-04,smartphone,saudavel,saudavel,0.9999,agrosmart-v1,simulado,sim-2026-05
28cf5e18-2725-55ea-b670-427b75260f2d,TI-03_20260501_0034.jpg,2026-05-01 08:16:53,TI-03,drone,saudavel,saudavel,0.6365,agrosmart-v1,simulado,sim-2026-05
773e3f09-ed7c-580e-bba2-67984eebb49b,SC-04_20260501_0018.jpg,2026-05-01 08:17:00,SC-04,smartphone,saudavel,saudavel,0.9951,agrosmart-v1,simulado,sim-2026-05
d0ee0686-fdc3-5ca9-8bdd-648fc1238cd7,TI-03_20260501_0035.jpg,2026-05-01 08:17:40,TI-03,drone,saudavel,saudavel,0.6614,agrosmart-v1,simulado,sim-2026-05
fd4f4db9-ac6d-520f-9c69-29583dbd7958,SC-04_20260501_0019.jpg,2026-05-01 08:17:48,SC-04,smartphone,saudavel,saudavel,0.9983,agrosmart-v1,simulado,sim-2026-05
113a78fc-1b51-5302-bfd6-d79be6baa594,TI-03_20260501_0036.jpg,2026-05-01 08:18:15,TI-03,drone,saudavel,saudavel,0.9922,agrosmart-v1,simulado,sim-2026-05
6905ce03-8841-5519-be12-8fd13f8fffc5,SC-04_20260501_0020.jpg,2026-05-01 08:18:34,SC-04,smartphone,saudavel,saudavel,0.9938,agrosmart-v1,simulado,sim-2026-05
3bdb5a52-1a63-5d75-b2ac-8627f2b4b9ec,SC-04_20260501_0021.jpg,2026-05-01 08:19:07,SC-04,smartphone,saudavel,saudavel,0.9937,agrosmart-v1,simulado,sim-2026-05
4286b828-f200-50c1-a854-f900c98a6b47,TI-03_20260501_0037.jpg,2026-05-01 08:19:10,TI-03,drone,saudavel,saudavel,0.8217,agrosmart-v1,simulado,sim-2026-05
84eace36-aa2d-5c26-997e-01b9553fc79e,TI-03_20260501_0038.jpg,2026-05-01 08:19:21,TI-03,drone,saudavel,saudavel,0.9141,agrosmart-v1,simulado,sim-2026-05
0c188512-622d-5ec0-8979-6b134d55a39b,SC-04_20260501_0022.jpg,2026-05-01 08:19:44,SC-04,smartphone,saudavel,saudavel,0.8654,agrosmart-v1,simulado,sim-2026-05
921924bf-a082-567b-8196-c1e78b9b76ba,TI-03_20260501_0039.jpg,2026-05-01 08:20:01,TI-03,drone,saudavel,saudavel,0.9687,agrosmart-v1,simulado,sim-2026-05
136e2db1-65de-5f0d-8d1a-c7aebbb327c5,SC-04_20260501_0023.jpg,2026-05-01 08:20:39,SC-04,smartphone,saudavel,saudavel,0.9767,agrosmart-v1,simulado,sim-2026-05
e9000481-51c0-566c-a4a7-ff57a42cbfef,TI-03_20260501_0040.jpg,2026-05-01 08:20:48,TI-03,drone,saudavel,saudavel,0.9430,agrosmart-v1,simulado,sim-2026-05
e7670234-d949-51a7-96e9-00f9b695453e,SC-04_20260501_0024.jpg,2026-05-01 08:21:16,SC-04,smartphone,saudavel,saudavel,0.9850,agrosmart-v1,simulado,sim-2026-05
a208648e-a6a6-5771-b2c8-155276055a1a,SC-04_20260501_0025.jpg,2026-05-01 08:21:47,SC-04,smartphone,saudavel,saudavel,0.9960,agrosmart-v1,simulado,sim-2026-05
e2d57ca6-dd87-5dfc-ad7a-7f034662168e,SC-04_20260501_0026.jpg,2026-05-01 08:22:42,SC-04,smartphone,saudavel,saudavel,0.9821,agrosmart-v1,simulado,sim-2026-05
6affe4d8-411e-5fa4-9806-c7f5323f52b9,SC-04_20260501_0027.jpg,2026-05-01 08:23:06,SC-04,smartphone,saudavel,saudavel,0.9992,agrosmart-v1,simulado,sim-2026-05
fa2606c2-e996-5803-b90d-075143992460,SC-04_20260501_0028.jpg,2026-05-01 08:23:48,SC-04,smartphone,saudavel,saudavel,0.9524,agrosmart-v1,simulado,sim-2026-05
29567b57-dcfc-5be0-8524-5058edc43c94,SC-04_20260501_0029.jpg,2026-05-01 08:24:31,SC-04,smartphone,saudavel,saudavel,0.8647,agrosmart-v1,simulado,sim-2026-05
7cdbf70a-1447-5445-8528-69a08afc1c4a,SC-04_20260501_0030.jpg,2026-05-01 08:25:29,SC-04,smartphone,saudavel,saudavel,0.9815,agrosmart-v1,simulado,sim-2026-05
0cf4976f-c416-5d5c-9475-ebc9139d8975,SC-04_20260501_0031.jpg,2026-05-01 08:25:47,SC-04,smartphone,saudavel,saudavel,0.9811,agrosmart-v1,simulado,sim-2026-05
92974fc4-88de-576d-80cb-4f94372732e7,SC-01_20260501_0001.jpg,2026-05-01 08:28:53,SC-01,smartphone,saudavel,saudavel,0.8589,agrosmart-v1,simulado,sim-2026-05
c6765cdc-f2dd-5ed5-a74f-c52038643eb9,SC-01_20260501_0002.jpg,2026-05-01 08:29:45,SC-01,smartphone,saudavel,saudavel,0.9491,agrosmart-v1,simulado,sim-2026-05
91e20436-9946-5875-832e-a17612764b39,TI-02_20260501_0001.jpg,2026-05-01 08:30:02,TI-02,drone,saudavel,saudavel,0.9139,agrosmart-v1,simulado,sim-2026-05
6f592d73-fcff-54cd-80b7-b8aa2ffc39a0,SC-01_20260501_0003.jpg,2026-05-01 08:30:18,SC-01,smartphone,saudavel,saudavel,0.8207,agrosmart-v1,simulado,sim-2026-05
b39004b4-ed70-5492-9b37-86fb203712b9,TI-02_20260501_0002.jpg,2026-05-01 08:30:20,TI-02,drone,saudavel,saudavel,0.9706,agrosmart-v1,simulado,sim-2026-05
67f4c86a-098c-587b-8106-9c36e309fd32,SC-01_20260501_0004.jpg,2026-05-01 08:31:03,SC-01,smartphone,saudavel,saudavel,0.9094,agrosmart-v1,simulado,sim-2026-05
8008e255-8394-53d3-a2c2-b23eaaae4625,TI-02_20260501_0003.jpg,2026-05-01 08:31:15,TI-02,drone,saudavel,saudavel,0.9042,agrosmart-v1,simulado,sim-2026-05
2cb187f5-e60e-53bb-aae9-76af9431cbc7,SC-01_20260501_0005.jpg,2026-05-01 08:31:37,SC-01,smartphone,saudavel,saudavel,0.9938,agrosmart-v1,simulado,sim-2026-05
5525490d-e51e-5261-9628-82a1b833c30f,SC-01_20260501_0006.jpg,2026-05-01 08:32:03,SC-01,smartphone,saudavel,saudavel,0.9948,agrosmart-v1,simulado,sim-2026-05
55664bbf-db4c-521b-bc18-72e22851e38f,TI-02_20260501_0004.jpg,2026-05-01 08:32:10,TI-02,drone,saudavel,saudavel,0.9588,agrosmart-v1,simulado,sim-2026-05
b5471b51-097d-5382-b054-4a3fbdc93d97,TI-02_20260501_0005.jpg,2026-05-01 08:32:32,TI-02,drone,saudavel,saudavel,0.9034,agrosmart-v1,simulado,sim-2026-05
8b76c49f-1b99-581b-88c8-f8df33f5c0d8,SC-01_20260501_0007.jpg,2026-05-01 08:32:58,SC-01,smartphone,saudavel,saudavel,0.9738,agrosmart-v1,simulado,sim-2026-05
6a24336d-565b-503d-b4b0-2861f298faa9,TI-02_20260501_0006.jpg,2026-05-01 08:33:00,TI-02,drone,saudavel,saudavel,0.8327,agrosmart-v1,simulado,sim-2026-05
ae7bba67-6bc7-5423-9673-3980c4e0f7e3,SC-01_20260501_0008.jpg,2026-05-01 08:33:41,SC-01,smartphone,saudavel,saudavel,0.8913,agrosmart-v1,simulado,sim-2026-05
52455d09-f538-55c3-bec2-4d61790308e5,TI-02_20260501_0007.jpg,2026-05-01 08:33:58,TI-02,drone,saudavel,saudavel,1.0000,agrosmart-v1,simulado,sim-2026-05
50b053c2-1951-5e86-b5b5-cf077dffd49b,SC-01_20260501_0009.jpg,2026-05-01 08:34:20,SC-01,smartphone,saudavel,saudavel,0.9999,agrosmart-v1,simulado,sim-2026-05
d8e21171-a08e-5d02-b42b-875d5f70abb9,TI-02_20260501_0008.jpg,2026-05-01 08:34:31,TI-02,drone,saudavel,saudavel,0.9232,agrosmart-v1,simulado,sim-2026-05
6fce3fe4-d9dd-5121-86c7-5e4decb2ea3b,SC-01_20260501_0010.jpg,2026-05-01 08:35:03,SC-01,smartphone,saudavel,saudavel,0.9865,agrosmart-v1,simulado,sim-2026-05
9ea60cf7-14fd-53c0-af63-9dbca88e1e24,TI-02_20260501_0009.jpg,2026-05-01 08:35:15,TI-02,drone,saudavel,saudavel,0.9989,agrosmart-v1,simulado,sim-2026-05
43bc7686-b85a-5614-bfe2-b1635cc60468,SC-01_20260501_0011.jpg,2026-05-01 08:35:27,SC-01,smartphone,saudavel,saudavel,0.8496,agrosmart-v1,simulado,sim-2026-05
c2724612-6f79-572e-a7a4-2f7835b936d6,TI-02_20260501_0010.jpg,2026-05-01 08:36:02,TI-02,drone,saudavel,saudavel,0.9999,agrosmart-v1,simulado,sim-2026-05
45678fa0-17e2-5784-8af0-2d25d381e9db,SC-01_20260501_0012.jpg,2026-05-01 08:36:07,SC-01,smartphone,saudavel,saudavel,0.9321,agrosmart-v1,simulado,sim-2026-05
b163dfe3-03b0-5a07-bb1a-1a7686cf40f2,SC-01_20260501_0013.jpg,2026-05-01 08:36:47,SC-01,smartphone,saudavel,saudavel,0.9988,agrosmart-v1,simulado,sim-2026-05
a6f787ce-edd2-56d9-82a8-b50a2e778ef5,TI-02_20260501_0011.jpg,2026-05-01 08:36:48,TI-02,drone,saudavel,saudavel,0.8534,agrosmart-v1,simulado,sim-2026-05
4b9425ab-045f-5d5b-95c4-559f0e87381a,TI-02_20260501_0012.jpg,2026-05-01 08:37:22,TI-02,drone,saudavel,saudavel,0.8456,agrosmart-v1,simulado,sim-2026-05
f2c4c998-5adc-5c1a-9bb4-267547d9488b,SC-01_20260501_0014.jpg,2026-05-01 08:37:38,SC-01,smartphone,saudavel,saudavel,0.9181,agrosmart-v1,simulado,sim-2026-05
535266e3-04b8-5ee6-94ed-9bd28fcda503,TI-02_20260501_0013.jpg,2026-05-01 08:37:57,TI-02,drone,saudavel,saudavel,0.9924,agrosmart-v1,simulado,sim-2026-05
58ce3af0-94ef-57f2-8ff7-6d3d07b16bbc,SC-01_20260501_0015.jpg,2026-05-01 08:38:10,SC-01,smartphone,saudavel,saudavel,0.9100,agrosmart-v1,simulado,sim-2026-05
a9acb028-3f49-5242-800a-f0923339369b,TI-02_20260501_0014.jpg,2026-05-01 08:38:23,TI-02,drone,saudavel,saudavel,0.8299,agrosmart-v1,simulado,sim-2026-05
63c64249-50a4-5727-9974-9b9dcfa854fd,SC-01_20260501_0016.jpg,2026-05-01 08:38:51,SC-01,smartphone,saudavel,saudavel,0.6467,agrosmart-v1,simulado,sim-2026-05
a7bfcef8-2975-5f54-92a5-7d9a65d93416,TI-02_20260501_0015.jpg,2026-05-01 08:39:25,TI-02,drone,saudavel,saudavel,0.8288,agrosmart-v1,simulado,sim-2026-05
abd3d1b2-1c4c-5533-9209-397eb1355477,SC-01_20260501_0017.jpg,2026-05-01 08:39:40,SC-01,smartphone,saudavel,saudavel,0.6495,agrosmart-v1,simulado,sim-2026-05
47d6b3a7-7285-5427-97bd-faadc6fac7e1,TI-02_20260501_0016.jpg,2026-05-01 08:39:51,TI-02,drone,saudavel,saudavel,0.8623,agrosmart-v1,simulado,sim-2026-05
55fd56db-741b-57d2-b840-188539e1e5fd,SC-01_20260501_0018.jpg,2026-05-01 08:40:17,SC-01,smartphone,doente,requeima,0.8921,agrosmart-v1,simulado,sim-2026-05
5e4c64da-6919-539c-a929-1b8ed5f0e3c2,TI-02_20260501_0017.jpg,2026-05-01 08:40:24,TI-02,drone,saudavel,saudavel,0.9997,agrosmart-v1,simulado,sim-2026-05
a73708c2-13c7-5ae3-a216-0e71bb4dedac,SC-01_20260501_0019.jpg,2026-05-01 08:40:49,SC-01,smartphone,saudavel,saudavel,0.9331,agrosmart-v1,simulado,sim-2026-05
83576d3e-951d-5751-bfc1-56903f4d9e41,TI-02_20260501_0018.jpg,2026-05-01 08:41:29,TI-02,drone,saudavel,saudavel,0.8899,agrosmart-v1,simulado,sim-2026-05
cfce5e3e-d0ce-5f8a-8d5d-5f6f8bb8a622,SC-01_20260501_0020.jpg,2026-05-01 08:41:32,SC-01,smartphone,saudavel,saudavel,0.9784,agrosmart-v1,simulado,sim-2026-05
db82a833-f242-57c0-8d55-4c0958a5a9d6,TI-02_20260501_0019.jpg,2026-05-01 08:41:52,TI-02,drone,saudavel,saudavel,0.9582,agrosmart-v1,simulado,sim-2026-05
88cfef93-c32b-578a-84ca-3f55ccfde816,TI-04_20260501_0001.jpg,2026-05-01 08:41:56,TI-04,drone,saudavel,saudavel,0.8291,agrosmart-v1,simulado,sim-2026-05
7cd0445b-8843-53ec-be19-49144d43f368,SC-01_20260501_0021.jpg,2026-05-01 08:42:13,SC-01,smartphone,saudavel,saudavel,0.9691,agrosmart-v1,simulado,sim-2026-05
19a6213a-ccd9-59e7-8603-14d85b00a8b5,TI-02_20260501_0020.jpg,2026-05-01 08:42:21,TI-02,drone,saudavel,saudavel,0.9712,agrosmart-v1,simulado,sim-2026-05
1f6c131b-1b80-52fb-b855-751dee1f3ed9,TI-04_20260501_0002.jpg,2026-05-01 08:42:22,TI-04,drone,saudavel,saudavel,0.5706,agrosmart-v1,simulado,sim-2026-05
1f666d63-e784-588d-a79a-f5fbd2c35382,SC-01_20260501_0022.jpg,2026-05-01 08:42:47,SC-01,smartphone,saudavel,saudavel,1.0000,agrosmart-v1,simulado,sim-2026-05
8ada9dab-24b2-5add-bfec-b44881ef2dbb,TI-02_20260501_0021.jpg,2026-05-01 08:43:03,TI-02,drone,saudavel,saudavel,0.8488,agrosmart-v1,simulado,sim-2026-05
98e91b90-fae1-58dc-9ce8-5de2daec04ae,TI-04_20260501_0003.jpg,2026-05-01 08:43:22,TI-04,drone,saudavel,saudavel,0.9296,agrosmart-v1,simulado,sim-2026-05
c0c69f0f-384d-5c20-9f9e-2fb33b8cb1b0,SC-01_20260501_0023.jpg,2026-05-01 08:43:38,SC-01,smartphone,saudavel,saudavel,0.9328,agrosmart-v1,simulado,sim-2026-05
5b42538b-3957-5f07-8c17-6bedc470587b,TI-04_20260501_0004.jpg,2026-05-01 08:43:59,TI-04,drone,saudavel,saudavel,0.9267,agrosmart-v1,simulado,sim-2026-05
beb6d392-b64e-5917-b85b-dd34f41c97e0,TI-02_20260501_0022.jpg,2026-05-01 08:44:06,TI-02,drone,saudavel,saudavel,0.9706,agrosmart-v1,simulado,sim-2026-05
a13eae09-a4cc-52ce-8686-c7fbe51f9561,SC-01_20260501_0024.jpg,2026-05-01 08:44:17,SC-01,smartphone,saudavel,saudavel,0.9768,agrosmart-v1,simulado,sim-2026-05
820d876b-ec69-59c8-a7e0-9d6c03b39650,TI-02_20260501_0023.jpg,2026-05-01 08:44:28,TI-02,drone,saudavel,saudavel,0.9626,agrosmart-v1,simulado,sim-2026-05
a9c217f1-f526-5f61-afe4-9c568c4606f6,TI-04_20260501_0005.jpg,2026-05-01 08:44:32,TI-04,drone,saudavel,saudavel,0.8503,agrosmart-v1,simulado,sim-2026-05
f928a4b9-c672-58dc-9268-627c677ca3e8,SC-01_20260501_0025.jpg,2026-05-01 08:44:45,SC-01,smartphone,saudavel,saudavel,0.9389,agrosmart-v1,simulado,sim-2026-05
80fcdc47-47df-5214-87ea-e71bea07ee08,TI-04_20260501_0006.jpg,2026-05-01 08:45:07,TI-04,drone,doente,pinta_preta,0.8956,agrosmart-v1,simulado,sim-2026-05
5de6d998-a371-5506-9850-1127027f5535,SC-01_20260501_0026.jpg,2026-05-01 08:45:26,SC-01,smartphone,saudavel,saudavel,0.8776,agrosmart-v1,simulado,sim-2026-05
73938e6d-351a-5068-9008-8ad27b2f547b,TI-02_20260501_0024.jpg,2026-05-01 08:45:27,TI-02,drone,saudavel,saudavel,0.9956,agrosmart-v1,simulado,sim-2026-05
e0675898-5a88-5a56-8111-d4e00d9357e0,TI-04_20260501_0007.jpg,2026-05-01 08:45:43,TI-04,drone,saudavel,saudavel,0.8954,agrosmart-v1,simulado,sim-2026-05
807b0164-6add-5885-b745-83a7a0130a4b,TI-02_20260501_0025.jpg,2026-05-01 08:45:47,TI-02,drone,saudavel,saudavel,0.9279,agrosmart-v1,simulado,sim-2026-05
17768ce4-f748-5079-9d54-5cdc066b8e9e,SC-01_20260501_0027.jpg,2026-05-01 08:46:23,SC-01,smartphone,saudavel,saudavel,0.9992,agrosmart-v1,simulado,sim-2026-05
8d61badf-2030-5306-8d83-d2c89b56254f,TI-02_20260501_0026.jpg,2026-05-01 08:46:40,TI-02,drone,saudavel,saudavel,0.9476,agrosmart-v1,simulado,sim-2026-05
e6d2b802-4586-5887-8b14-1d201e484d32,TI-04_20260501_0008.jpg,2026-05-01 08:46:44,TI-04,drone,saudavel,saudavel,0.9559,agrosmart-v1,simulado,sim-2026-05
f4af922e-acad-533a-8028-d43dda184057,SC-01_20260501_0028.jpg,2026-05-01 08:46:58,SC-01,smartphone,saudavel,saudavel,0.9217,agrosmart-v1,simulado,sim-2026-05
30aaf183-8715-542b-9632-e59df00724fd,TI-04_20260501_0009.jpg,2026-05-01 08:47:15,TI-04,drone,saudavel,saudavel,0.9862,agrosmart-v1,simulado,sim-2026-05
752a1f35-c6a7-53b4-b55f-658bfec21c49,TI-02_20260501_0027.jpg,2026-05-01 08:47:16,TI-02,drone,saudavel,saudavel,0.9875,agrosmart-v1,simulado,sim-2026-05
68341e35-1c30-5ca4-960d-3d761f23fa09,TI-04_20260501_0010.jpg,2026-05-01 08:47:48,TI-04,drone,saudavel,saudavel,0.8221,agrosmart-v1,simulado,sim-2026-05
0c147c1b-80e2-519d-92bc-cdbe2a3b8ed8,SC-01_20260501_0029.jpg,2026-05-01 08:47:49,SC-01,smartphone,saudavel,saudavel,0.8464,agrosmart-v1,simulado,sim-2026-05
ee24060b-bdd0-5065-8d42-574dea7a5036,TI-02_20260501_0028.jpg,2026-05-01 08:48:05,TI-02,drone,saudavel,saudavel,0.5763,agrosmart-v1,simulado,sim-2026-05
d79ce86a-aa91-552c-acba-faeae37d8662,SC-01_20260501_0030.jpg,2026-05-01 08:48:19,SC-01,smartphone,saudavel,saudavel,0.9829,agrosmart-v1,simulado,sim-2026-05
abc1475d-a904-5e2c-a8e3-bea0c0c00b09,TI-02_20260501_0029.jpg,2026-05-01 08:48:34,TI-02,drone,saudavel,saudavel,0.9828,agrosmart-v1,simulado,sim-2026-05
96cf80e5-72d0-50f0-8025-deeeb7ea92b7,TI-04_20260501_0011.jpg,2026-05-01 08:48:40,TI-04,drone,saudavel,saudavel,0.8442,agrosmart-v1,simulado,sim-2026-05
23291f6c-5d79-5c78-aa87-e34e48e589be,SC-01_20260501_0031.jpg,2026-05-01 08:48:47,SC-01,smartphone,saudavel,saudavel,0.8829,agrosmart-v1,simulado,sim-2026-05
46bd55d3-834b-5cfc-b326-e016ef261085,TI-02_20260501_0030.jpg,2026-05-01 08:49:23,TI-02,drone,saudavel,saudavel,0.8864,agrosmart-v1,simulado,sim-2026-05
98cd6e94-9315-5ed5-816e-9646bea8a975,TI-04_20260501_0012.jpg,2026-05-01 08:49:23,TI-04,drone,saudavel,saudavel,0.9179,agrosmart-v1,simulado,sim-2026-05
0288e704-29d2-5f6f-9e9f-d98ebedfa67c,SC-01_20260501_0032.jpg,2026-05-01 08:49:32,SC-01,smartphone,saudavel,saudavel,0.9030,agrosmart-v1,simulado,sim-2026-05
38d80c44-2977-5ccb-a541-a2121e5c6d99,TI-04_20260501_0013.jpg,2026-05-01 08:49:50,TI-04,drone,saudavel,saudavel,0.9896,agrosmart-v1,simulado,sim-2026-05
a96c93b3-9d9b-5aa8-976d-a54ae66803af,TI-02_20260501_0031.jpg,2026-05-01 08:50:10,TI-02,drone,saudavel,saudavel,0.9569,agrosmart-v1,simulado,sim-2026-05
41285c31-5a72-5423-b161-267584181f94,SC-01_20260501_0033.jpg,2026-05-01 08:50:27,SC-01,smartphone,doente,requeima,0.9998,agrosmart-v1,simulado,sim-2026-05
554ccca2-3262-51ae-bf84-9bf1dc6f0468,TI-04_20260501_0014.jpg,2026-05-01 08:50:27,TI-04,drone,saudavel,saudavel,0.9921,agrosmart-v1,simulado,sim-2026-05
4c602010-d9bf-533d-9d6c-912b662bb804,TI-02_20260501_0032.jpg,2026-05-01 08:50:43,TI-02,drone,saudavel,saudavel,0.9676,agrosmart-v1,simulado,sim-2026-05
7e07acf0-cc92-531f-b444-2b5e89006c75,SC-01_20260501_0034.jpg,2026-05-01 08:50:47,SC-01,smartphone,saudavel,saudavel,0.8471,agrosmart-v1,simulado,sim-2026-05
051fb0e6-0dc9-51ca-af24-8f04c78703f8,TI-02_20260501_0033.jpg,2026-05-01 08:51:03,TI-02,drone,saudavel,saudavel,0.9921,agrosmart-v1,simulado,sim-2026-05
2a714a33-ba3e-5be7-b8d6-76cdf70ed0b1,TI-04_20260501_0015.jpg,2026-05-01 08:51:03,TI-04,drone,saudavel,saudavel,0.8958,agrosmart-v1,simulado,sim-2026-05
cfa35ba1-4ab3-5927-9b7e-0ce18c6532c8,SC-01_20260501_0035.jpg,2026-05-01 08:51:27,SC-01,smartphone,saudavel,saudavel,0.9683,agrosmart-v1,simulado,sim-2026-05
3373b1e9-c44e-5f60-b0b4-3816b8f43f83,TI-04_20260501_0016.jpg,2026-05-01 08:51:57,TI-04,drone,saudavel,saudavel,0.8344,agrosmart-v1,simulado,sim-2026-05
67d1221e-7517-5f5b-89c2-737db1c8f181,TI-02_20260501_0034.jpg,2026-05-01 08:51:59,TI-02,drone,saudavel,saudavel,0.9775,agrosmart-v1,simulado,sim-2026-05
37061505-c5bf-5249-9453-a14c420fef3e,SC-01_20260501_0036.jpg,2026-05-01 08:52:26,SC-01,smartphone,saudavel,saudavel,0.8819,agrosmart-v1,simulado,sim-2026-05
928a647d-3a85-5647-937b-75b21c48d223,TI-04_20260501_0017.jpg,2026-05-01 08:52:32,TI-04,drone,saudavel,saudavel,0.9832,agrosmart-v1,simulado,sim-2026-05
958a8420-c303-5899-bec3-69c80046c91c,TI-02_20260501_0035.jpg,2026-05-01 08:52:34,TI-02,drone,saudavel,saudavel,0.9757,agrosmart-v1,simulado,sim-2026-05
e62aeb85-56a8-5a43-9689-2ee1a6a5266e,TI-04_20260501_0018.jpg,2026-05-01 08:53:01,TI-04,drone,saudavel,saudavel,0.9150,agrosmart-v1,simulado,sim-2026-05
ecc723ae-614d-5186-baca-d2e64ad3109d,SC-01_20260501_0037.jpg,2026-05-01 08:53:10,SC-01,smartphone,saudavel,saudavel,0.9094,agrosmart-v1,simulado,sim-2026-05
0bc501da-b0ad-5f50-8b66-8e7e09e3cdf7,TI-02_20260501_0036.jpg,2026-05-01 08:53:23,TI-02,drone,saudavel,saudavel,0.9158,agrosmart-v1,simulado,sim-2026-05
3bdba1c7-9f97-578f-945b-3b2a1c86e6f0,SC-01_20260501_0038.jpg,2026-05-01 08:53:46,SC-01,smartphone,saudavel,saudavel,0.9916,agrosmart-v1,simulado,sim-2026-05
5c161000-6bcc-50e9-aa50-7d290d8a3f49,TI-04_20260501_0019.jpg,2026-05-01 08:53:57,TI-04,drone,saudavel,saudavel,0.9456,agrosmart-v1,simulado,sim-2026-05
1aa725f8-e9d0-592b-92fc-1ba0553d60f8,TI-02_20260501_0037.jpg,2026-05-01 08:54:01,TI-02,drone,saudavel,saudavel,0.9725,agrosmart-v1,simulado,sim-2026-05
bb585943-c3f1-54ff-9720-bf67e47639d1,TI-04_20260501_0020.jpg,2026-05-01 08:54:25,TI-04,drone,saudavel,saudavel,0.9324,agrosmart-v1,simulado,sim-2026-05
bae6db4c-5152-53a6-adcf-6221f16d5359,TI-02_20260501_0038.jpg,2026-05-01 08:54:38,TI-02,drone,saudavel,saudavel,0.9935,agrosmart-v1,simulado,sim-2026-05
ff4da46c-8d7d-5358-b4d1-1d85afe3e3fd,TI-04_20260501_0021.jpg,2026-05-01 08:55:01,TI-04,drone,saudavel,saudavel,0.9799,agrosmart-v1,simulado,sim-2026-05
574cf6b3-08e7-55a1-86e9-12c36a754553,TI-02_20260501_0039.jpg,2026-05-01 08:55:18,TI-02,drone,saudavel,saudavel,0.9816,agrosmart-v1,simulado,sim-2026-05
50238944-091a-58fc-9dd5-f3e09d4e027e,TI-04_20260501_0022.jpg,2026-05-01 08:55:50,TI-04,drone,saudavel,saudavel,0.9951,agrosmart-v1,simulado,sim-2026-05
8f03e0d9-2499-5d7b-a820-152a09d22ab9,TI-02_20260501_0040.jpg,2026-05-01 08:56:04,TI-02,drone,saudavel,saudavel,0.8647,agrosmart-v1,simulado,sim-2026-05
bcbfe99f-2c36-50cb-8a27-4ebf5292edea,TI-04_20260501_0023.jpg,2026-05-01 08:56:33,TI-04,drone,saudavel,saudavel,0.8745,agrosmart-v1,simulado,sim-2026-05
98700d10-b199-51ee-99c9-8787e47fcc96,TI-04_20260501_0024.jpg,2026-05-01 08:57:29,TI-04,drone,saudavel,saudavel,0.9947,agrosmart-v1,simulado,sim-2026-05
cbeac9a7-aa75-50e5-82d5-9e934d076271,TI-04_20260501_0025.jpg,2026-05-01 08:57:56,TI-04,drone,saudavel,saudavel,0.9850,agrosmart-v1,simulado,sim-2026-05
d8301000-46ec-513b-b534-1373c6b8a3fe,TI-04_20260501_0026.jpg,2026-05-01 08:58:39,TI-04,drone,saudavel,saudavel,0.9713,agrosmart-v1,simulado,sim-2026-05
4cc5a790-a6da-50bc-923f-d5220e609764,TI-04_20260501_0027.jpg,2026-05-01 08:59:13,TI-04,drone,saudavel,saudavel,0.9946,agrosmart-v1,simulado,sim-2026-05
32d05aa2-9398-5898-b872-0dedf231a9aa,TI-04_20260501_0028.jpg,2026-05-01 08:59:57,TI-04,drone,saudavel,saudavel,0.9814,agrosmart-v1,simulado,sim-2026-05
34b54f7d-5418-5469-bb42-1989cde03589,TI-04_20260501_0029.jpg,2026-05-01 09:00:36,TI-04,drone,saudavel,saudavel,0.8523,agrosmart-v1,simulado,sim-2026-05
ebbb4227-7317-5500-85bf-625a6ee0458e,TI-01_20260501_0001.jpg,2026-05-01 09:00:53,TI-01,drone,saudavel,saudavel,0.9364,agrosmart-v1,simulado,sim-2026-05
b0843fe0-5a27-5d53-a16b-8679187d4ea1,TI-04_20260501_0030.jpg,2026-05-01 09:01:13,TI-04,drone,saudavel,saudavel,0.8435,agrosmart-v1,simulado,sim-2026-05
a45a96ea-fd89-576d-8569-80472486fb54,TI-01_20260501_0002.jpg,2026-05-01 09:01:20,TI-01,drone,saudavel,saudavel,0.9412,agrosmart-v1,simulado,sim-2026-05
09e8aba3-d9a4-53ca-8101-c0a63106ccd9,TI-04_20260501_0031.jpg,2026-05-01 09:01:56,TI-04,drone,saudavel,saudavel,0.9833,agrosmart-v1,simulado,sim-2026-05
2c72d2a2-0723-5599-9133-3b5397487a93,TI-01_20260501_0003.jpg,2026-05-01 09:02:13,TI-01,drone,saudavel,saudavel,0.9062,agrosmart-v1,simulado,sim-2026-05
8cbcb35d-9957-5e16-b5f3-3a26b0bafe9c,TI-04_20260501_0032.jpg,2026-05-01 09:02:37,TI-04,drone,saudavel,saudavel,0.8995,agrosmart-v1,simulado,sim-2026-05
52da1d9f-04fd-563d-b81e-25481c0bd1bb,TI-01_20260501_0004.jpg,2026-05-01 09:03:02,TI-01,drone,saudavel,saudavel,0.9468,agrosmart-v1,simulado,sim-2026-05
a861433f-5bba-5c29-a7b5-5be4398cbc23,TI-04_20260501_0033.jpg,2026-05-01 09:03:08,TI-04,drone,saudavel,saudavel,0.9086,agrosmart-v1,simulado,sim-2026-05
c12d1d66-3ded-5679-bf98-54be685ec934,TI-01_20260501_0005.jpg,2026-05-01 09:03:34,TI-01,drone,saudavel,saudavel,0.9998,agrosmart-v1,simulado,sim-2026-05
dec643c9-437a-521a-a6e3-59e722142515,TI-04_20260501_0034.jpg,2026-05-01 09:03:47,TI-04,drone,saudavel,saudavel,0.9948,agrosmart-v1,simulado,sim-2026-05
8dace440-bcc7-5c94-bcdc-4ef485ad1e32,TI-01_20260501_0006.jpg,2026-05-01 09:04:09,TI-01,drone,saudavel,saudavel,0.9572,agrosmart-v1,simulado,sim-2026-05
1724125d-de90-5bb9-a89a-d4ad111eb379,TI-01_20260501_0007.jpg,2026-05-01 09:04:43,TI-01,drone,saudavel,saudavel,0.9697,agrosmart-v1,simulado,sim-2026-05
e05a9799-a9ee-54d1-93b6-db60e8fc2d3f,TI-01_20260501_0008.jpg,2026-05-01 09:05:42,TI-01,drone,saudavel,saudavel,0.9900,agrosmart-v1,simulado,sim-2026-05
9630056b-47aa-57da-a01f-fedc2c4b9142,TI-01_20260501_0009.jpg,2026-05-01 09:06:08,TI-01,drone,saudavel,saudavel,0.9379,agrosmart-v1,simulado,sim-2026-05
816fb1ef-af2c-5c93-9bb7-ad1e5ec0e442,TI-01_20260501_0010.jpg,2026-05-01 09:07:05,TI-01,drone,saudavel,saudavel,0.9276,agrosmart-v1,simulado,sim-2026-05
7b904b91-61c8-5c12-8739-f92655eda1b1,TI-01_20260501_0011.jpg,2026-05-01 09:07:37,TI-01,drone,saudavel,saudavel,0.9682,agrosmart-v1,simulado,sim-2026-05
5a36c972-832c-5b45-9d53-855a4bb845c0,TI-01_20260501_0012.jpg,2026-05-01 09:08:06,TI-01,drone,saudavel,saudavel,0.9250,agrosmart-v1,simulado,sim-2026-05
930f8f78-e012-5afc-9d8f-6b771b3f1908,TI-01_20260501_0013.jpg,2026-05-01 09:08:46,TI-01,drone,saudavel,saudavel,0.9995,agrosmart-v1,simulado,sim-2026-05
a4b98a85-74e1-598a-acac-f4d984beb0a6,TI-01_20260501_0014.jpg,2026-05-01 09:09:25,TI-01,drone,saudavel,saudavel,0.5964,agrosmart-v1,simulado,sim-2026-05
b40bbbc4-6d40-5bc8-82d2-84042595e7c3,TI-01_20260501_0015.jpg,2026-05-01 09:10:00,TI-01,drone,saudavel,saudavel,0.8507,agrosmart-v1,simulado,sim-2026-05
11b70c5d-4451-5270-a6df-9d6b061c46e0,TI-01_20260501_0016.jpg,2026-05-01 09:10:54,TI-01,drone,saudavel,saudavel,0.9476,agrosmart-v1,simulado,sim-2026-05
a994195f-d6ee-5bfe-bc2b-feee212fd6c5,TI-01_20260501_0017.jpg,2026-05-01 09:11:41,TI-01,drone,saudavel,saudavel,0.9320,agrosmart-v1,simulado,sim-2026-05
825f8dfc-6bc4-5ca5-9fa1-4a00c8be392c,TI-01_20260501_0018.jpg,2026-05-01 09:12:23,TI-01,drone,saudavel,saudavel,0.9296,agrosmart-v1,simulado,sim-2026-05
756c7aaf-24fc-5c4a-8b85-91ee1e013913,TI-01_20260501_0019.jpg,2026-05-01 09:12:55,TI-01,drone,saudavel,saudavel,0.9216,agrosmart-v1,simulado,sim-2026-05
82d39a67-6409-5df1-9423-c99385b0e81a,TI-01_20260501_0020.jpg,2026-05-01 09:13:50,TI-01,drone,saudavel,saudavel,0.8651,agrosmart-v1,simulado,sim-2026-05
02450c06-4ca3-50fe-b149-3e3cdf961b30,TI-01_20260501_0021.jpg,2026-05-01 09:14:29,TI-01,drone,saudavel,saudavel,0.9105,agrosmart-v1,simulado,sim-2026-05
2fc49094-69db-59e0-ad48-1017c38a5629,TI-01_20260501_0022.jpg,2026-05-01 09:15:08,TI-01,drone,saudavel,saudavel,0.9320,agrosmart-v1,simulado,sim-2026-05
4a7603fd-9a3b-543e-b2c6-c60ee5aa07dc,TI-01_20260501_0023.jpg,2026-05-01 09:15:44,TI-01,drone,saudavel,saudavel,0.9643,agrosmart-v1,simulado,sim-2026-05
7f3828c8-dd61-5c08-9338-ae139cb5a2ab,TI-01_20260501_0024.jpg,2026-05-01 09:16:16,TI-01,drone,saudavel,saudavel,0.9476,agrosmart-v1,simulado,sim-2026-05
2e7e3552-5d1a-5af8-b9d2-6f3211550ab8,TI-01_20260501_0025.jpg,2026-05-01 09:16:51,TI-01,drone,saudavel,saudavel,0.9486,agrosmart-v1,simulado,sim-2026-05
7e9b4814-5e21-580e-b318-2246f74d63b4,TI-01_20260501_0026.jpg,2026-05-01 09:17:27,TI-01,drone,saudavel,saudavel,0.9850,agrosmart-v1,simulado,sim-2026-05
e49f55d1-763b-53e4-b4db-8190e3d9be77,TI-01_20260501_0027.jpg,2026-05-01 09:18:00,TI-01,drone,saudavel,saudavel,0.8886,agrosmart-v1,simulado,sim-2026-05
d04e51bc-e1df-512d-9de8-2442d92e13a0,TI-01_20260501_0028.jpg,2026-05-01 09:19:00,TI-01,drone,saudavel,saudavel,0.9919,agrosmart-v1,simulado,sim-2026-05
78a47404-99f6-5094-b80b-7b3cb97f9c86,TI-01_20260501_0029.jpg,2026-05-01 09:19:50,TI-01,drone,saudavel,saudavel,0.8615,agrosmart-v1,simulado,sim-2026-05
7a21a99e-cbbf-5c1e-8b35-e9be7ee1b95f,TI-01_20260501_0030.jpg,2026-05-01 09:20:13,TI-01,drone,saudavel,saudavel,0.9792,agrosmart-v1,simulado,sim-2026-05
22053d68-e48c-58ec-b9bc-71e0fcb40b0b,TI-01_20260501_0031.jpg,2026-05-01 09:20:59,TI-01,drone,saudavel,saudavel,0.9984,agrosmart-v1,simulado,sim-2026-05
8500279f-0283-5d42-8344-842b756a76b4,TI-01_20260501_0032.jpg,2026-05-01 09:21:42,TI-01,drone,saudavel,saudavel,0.8464,agrosmart-v1,simulado,sim-2026-05
fface703-bd44-50fb-a4d3-11fe6cb569c3,TI-01_20260501_0033.jpg,2026-05-01 09:22:04,TI-01,drone,saudavel,saudavel,0.9290,agrosmart-v1,simulado,sim-2026-05
598746e3-4177-5702-9981-86741e2b893a,TI-01_20260501_0034.jpg,2026-05-01 09:23:10,TI-01,drone,saudavel,saudavel,0.8681,agrosmart-v1,simulado,sim-2026-05
7e4776a0-f8de-5f3f-92a0-742039b2ac05,TI-01_20260501_0035.jpg,2026-05-01 09:23:34,TI-01,drone,saudavel,saudavel,0.8823,agrosmart-v1,simulado,sim-2026-05
68097591-7fed-58da-b70e-e278d4bec122,TI-01_20260501_0036.jpg,2026-05-01 09:24:28,TI-01,drone,saudavel,saudavel,0.9996,agrosmart-v1,simulado,sim-2026-05
6b3ee0ec-1993-5956-b2a3-e7390584dda1,TI-01_20260501_0037.jpg,2026-05-01 09:24:47,TI-01,drone,saudavel,saudavel,0.9458,agrosmart-v1,simulado,sim-2026-05
575a1e36-00fe-551c-8f22-f7af617468d6,TI-01_20260501_0038.jpg,2026-05-01 09:25:44,TI-01,drone,saudavel,saudavel,0.9447,agrosmart-v1,simulado,sim-2026-05
f74740be-0957-5559-8a69-34644aa82280,TI-01_20260501_0039.jpg,2026-05-01 09:26:07,TI-01,drone,saudavel,saudavel,0.9081,agrosmart-v1,simulado,sim-2026-05
7dfb0b9e-e65d-5002-8cc0-fa59da3cbc4b,TI-01_20260501_0040.jpg,2026-05-01 09:27:06,TI-01,drone,saudavel,saudavel,0.9998,agrosmart-v1,simulado,sim-2026-05
33944a72-c694-560d-8747-412491dc81b7,TI-01_20260501_0041.jpg,2026-05-01 09:27:35,TI-01,drone,saudavel,saudavel,0.9128,agrosmart-v1,simulado,sim-2026-05
54ea3a5b-8d39-5040-850c-db3a83f18082,TI-01_20260501_0042.jpg,2026-05-01 09:28:25,TI-01,drone,saudavel,saudavel,0.8463,agrosmart-v1,simulado,sim-2026-05
3f014670-bcbb-5847-ac40-3509117c06f2,TI-01_20260501_0043.jpg,2026-05-01 09:29:03,TI-01,drone,saudavel,saudavel,0.9991,agrosmart-v1,simulado,sim-2026-05
615805a0-e76f-5626-9cf3-35436bcac85a,BV-04_20260501_0001.jpg,2026-05-01 09:31:04,BV-04,smartphone,saudavel,saudavel,0.8599,agrosmart-v1,simulado,sim-2026-05
821d7b3e-9e85-5bcd-a9d0-11a39a979332,BV-04_20260501_0002.jpg,2026-05-01 09:31:39,BV-04,smartphone,saudavel,saudavel,0.6574,agrosmart-v1,simulado,sim-2026-05
fe99cf39-fdb3-594b-bace-9c9500a4fabb,BV-04_20260501_0003.jpg,2026-05-01 09:32:03,BV-04,smartphone,saudavel,saudavel,0.9040,agrosmart-v1,simulado,sim-2026-05
821c98f2-9c76-52df-8967-8c475d0637c1,BV-04_20260501_0004.jpg,2026-05-01 09:32:56,BV-04,smartphone,saudavel,saudavel,0.8235,agrosmart-v1,simulado,sim-2026-05
a2479e1c-3f51-5d9b-884d-019fc6a60abb,BV-04_20260501_0005.jpg,2026-05-01 09:33:27,BV-04,smartphone,saudavel,saudavel,0.8373,agrosmart-v1,simulado,sim-2026-05
6558dac1-5744-5777-9faf-2d451e56a0a8,BV-04_20260501_0006.jpg,2026-05-01 09:34:09,BV-04,smartphone,saudavel,saudavel,0.9089,agrosmart-v1,simulado,sim-2026-05
9f7d7529-c275-5369-a9e2-a3f6f2aea044,BV-04_20260501_0007.jpg,2026-05-01 09:34:54,BV-04,smartphone,saudavel,saudavel,0.9038,agrosmart-v1,simulado,sim-2026-05
4f61bd24-5dcf-5d60-8176-a930cbc9b958,BV-04_20260501_0008.jpg,2026-05-01 09:35:27,BV-04,smartphone,saudavel,saudavel,0.9970,agrosmart-v1,simulado,sim-2026-05
4c7ffed7-6142-57a1-b57c-8e93cf879f7e,BV-04_20260501_0009.jpg,2026-05-01 09:36:11,BV-04,smartphone,saudavel,saudavel,0.8350,agrosmart-v1,simulado,sim-2026-05
653151bc-26a6-5ce9-9cf5-d6db5a2f19bb,BV-04_20260501_0010.jpg,2026-05-01 09:36:46,BV-04,smartphone,saudavel,saudavel,0.8789,agrosmart-v1,simulado,sim-2026-05
77990510-7068-51c2-8b71-93c5ce6c2df0,BV-04_20260501_0011.jpg,2026-05-01 09:37:27,BV-04,smartphone,saudavel,saudavel,0.9040,agrosmart-v1,simulado,sim-2026-05
689fd6ef-a253-5969-8853-0d2d2fa10f1c,BV-04_20260501_0012.jpg,2026-05-01 09:38:25,BV-04,smartphone,saudavel,saudavel,0.8655,agrosmart-v1,simulado,sim-2026-05
bd5750d8-61a5-542d-8f6d-217ae09ee0e5,BV-04_20260501_0013.jpg,2026-05-01 09:38:52,BV-04,smartphone,saudavel,saudavel,0.9497,agrosmart-v1,simulado,sim-2026-05
b2d18470-7b21-5618-8713-a32185ef8944,BV-04_20260501_0014.jpg,2026-05-01 09:39:46,BV-04,smartphone,saudavel,saudavel,0.9740,agrosmart-v1,simulado,sim-2026-05
59709b69-6aba-5d49-a8f4-46977f4b6839,BV-04_20260501_0015.jpg,2026-05-01 09:40:18,BV-04,smartphone,saudavel,saudavel,0.9757,agrosmart-v1,simulado,sim-2026-05
53a29698-bdc7-5425-9026-6677333e2ba4,BV-04_20260501_0016.jpg,2026-05-01 09:41:01,BV-04,smartphone,saudavel,saudavel,0.9938,agrosmart-v1,simulado,sim-2026-05
7ab1f4d5-db72-5479-8137-07408c0ab154,BV-04_20260501_0017.jpg,2026-05-01 09:41:36,BV-04,smartphone,saudavel,saudavel,0.9075,agrosmart-v1,simulado,sim-2026-05
03483bd6-b3a6-5d1d-a35e-d04c8e66462c,BV-04_20260501_0018.jpg,2026-05-01 09:42:24,BV-04,smartphone,saudavel,saudavel,0.9500,agrosmart-v1,simulado,sim-2026-05
4b49514c-5119-5edd-b2a7-6530e1f744c1,BV-04_20260501_0019.jpg,2026-05-01 09:42:51,BV-04,smartphone,saudavel,saudavel,0.9657,agrosmart-v1,simulado,sim-2026-05
9d75f225-8f92-5408-b0c7-f9d840ef0e20,BV-04_20260501_0020.jpg,2026-05-01 09:43:30,BV-04,smartphone,saudavel,saudavel,0.9047,agrosmart-v1,simulado,sim-2026-05
1430e2e8-c9e7-562b-bf19-1d5c67f630ab,BV-04_20260501_0021.jpg,2026-05-01 09:44:26,BV-04,smartphone,saudavel,saudavel,0.8520,agrosmart-v1,simulado,sim-2026-05
e47c3c69-61e8-50fd-9fe1-0651376819c4,BV-04_20260501_0022.jpg,2026-05-01 09:44:56,BV-04,smartphone,saudavel,saudavel,0.7763,agrosmart-v1,simulado,sim-2026-05
9fae048f-6395-571b-9b8e-bd2a5a5501b9,BV-04_20260501_0023.jpg,2026-05-01 09:45:45,BV-04,smartphone,saudavel,saudavel,0.9586,agrosmart-v1,simulado,sim-2026-05
c5a32fb6-b9bb-5384-b5b6-f77f9075c77d,BV-04_20260501_0024.jpg,2026-05-01 09:46:08,BV-04,smartphone,saudavel,saudavel,0.8757,agrosmart-v1,simulado,sim-2026-05
fc96f977-113d-5a9e-adfc-4afbf02a8c00,BV-04_20260501_0025.jpg,2026-05-01 09:46:44,BV-04,smartphone,saudavel,saudavel,0.9770,agrosmart-v1,simulado,sim-2026-05
6ce57969-46f9-5366-b717-215cf930f760,BV-04_20260501_0026.jpg,2026-05-01 09:47:50,BV-04,smartphone,saudavel,saudavel,0.8551,agrosmart-v1,simulado,sim-2026-05
41bc2fc0-af0b-5d5d-80f7-8defa8bce8ce,BV-01_20260504_0001.jpg,2026-05-04 07:01:05,BV-01,smartphone,saudavel,saudavel,0.9310,agrosmart-v1,simulado,sim-2026-05
f0e96b6f-1dfe-53a4-976e-5b6c29382ecd,BV-01_20260504_0002.jpg,2026-05-04 07:01:36,BV-01,smartphone,saudavel,saudavel,0.9229,agrosmart-v1,simulado,sim-2026-05
69706b5f-7403-5f2b-bd06-2767dea68bf3,BV-01_20260504_0003.jpg,2026-05-04 07:02:10,BV-01,smartphone,saudavel,saudavel,0.9995,agrosmart-v1,simulado,sim-2026-05
bfa48e8e-e577-54d6-921d-d16d5c4d8dca,BV-01_20260504_0004.jpg,2026-05-04 07:02:54,BV-01,smartphone,saudavel,saudavel,0.8940,agrosmart-v1,simulado,sim-2026-05
4f96c227-887e-5758-9b6d-abd96297c078,BV-01_20260504_0005.jpg,2026-05-04 07:03:42,BV-01,smartphone,saudavel,saudavel,0.9077,agrosmart-v1,simulado,sim-2026-05
13e4f25d-d679-5c86-87b9-53d97a2d7d90,BV-01_20260504_0006.jpg,2026-05-04 07:04:24,BV-01,smartphone,saudavel,saudavel,1.0000,agrosmart-v1,simulado,sim-2026-05
537239a0-bed2-5620-bc70-0b8b04275261,BV-01_20260504_0007.jpg,2026-05-04 07:05:00,BV-01,smartphone,saudavel,saudavel,0.9847,agrosmart-v1,simulado,sim-2026-05
63280328-1f63-583f-9852-0b09b05896f0,BV-01_20260504_0008.jpg,2026-05-04 07:05:42,BV-01,smartphone,saudavel,saudavel,0.8552,agrosmart-v1,simulado,sim-2026-05
02c6cabd-983c-5c4f-8ace-fb9d3256b9c7,BV-01_20260504_0009.jpg,2026-05-04 07:06:26,BV-01,smartphone,saudavel,saudavel,0.9063,agrosmart-v1,simulado,sim-2026-05
628d3771-e6b2-5029-bfa8-044b8a46ea79,BV-01_20260504_0010.jpg,2026-05-04 07:06:59,BV-01,smartphone,saudavel,saudavel,0.9974,agrosmart-v1,simulado,sim-2026-05
32a27a6e-989e-55c2-82f9-2655900df7ff,TI-02_20260504_0001.jpg,2026-05-04 07:07:10,TI-02,drone,saudavel,saudavel,0.9072,agrosmart-v1,simulado,sim-2026-05
d4b8edf5-7f16-546c-bc25-c179e6940109,BV-01_20260504_0011.jpg,2026-05-04 07:07:26,BV-01,smartphone,saudavel,saudavel,0.8901,agrosmart-v1,simulado,sim-2026-05
7d842c57-faef-55de-8505-4bafd18a4e44,TI-02_20260504_0002.jpg,2026-05-04 07:07:39,TI-02,drone,saudavel,saudavel,0.9504,agrosmart-v1,simulado,sim-2026-05
da5faf51-a9c6-58f7-8ac0-808d83ca180d,BV-01_20260504_0012.jpg,2026-05-04 07:08:03,BV-01,smartphone,saudavel,saudavel,0.9996,agrosmart-v1,simulado,sim-2026-05
1c8ebfb4-061c-5754-99fd-59c1efa6c170,TI-02_20260504_0003.jpg,2026-05-04 07:08:08,TI-02,drone,saudavel,saudavel,0.9933,agrosmart-v1,simulado,sim-2026-05
c8cf9b84-43fa-5214-8d0c-aeceb86fd7ee,TI-02_20260504_0004.jpg,2026-05-04 07:08:41,TI-02,drone,saudavel,saudavel,0.9996,agrosmart-v1,simulado,sim-2026-05
422bd682-d6d8-5a1d-b009-42651107127b,BV-01_20260504_0013.jpg,2026-05-04 07:09:01,BV-01,smartphone,saudavel,saudavel,0.8927,agrosmart-v1,simulado,sim-2026-05
1ed28e69-4115-5ed4-ad7c-f027eb896c8a,TI-02_20260504_0005.jpg,2026-05-04 07:09:22,TI-02,drone,saudavel,saudavel,0.9817,agrosmart-v1,simulado,sim-2026-05
bc8154db-d5d9-5ac9-ac14-fcd0f8ea8690,BV-01_20260504_0014.jpg,2026-05-04 07:09:41,BV-01,smartphone,saudavel,saudavel,0.9542,agrosmart-v1,simulado,sim-2026-05
9b9d02f8-da44-59ea-8825-72dd85996245,BV-01_20260504_0015.jpg,2026-05-04 07:10:00,BV-01,smartphone,saudavel,saudavel,0.9996,agrosmart-v1,simulado,sim-2026-05
a6b36ba5-b486-531f-bc58-b61707ab0877,TI-02_20260504_0006.jpg,2026-05-04 07:10:25,TI-02,drone,saudavel,saudavel,0.9092,agrosmart-v1,simulado,sim-2026-05
dea350f9-fa14-5c72-bf29-50c2428c4449,TI-02_20260504_0007.jpg,2026-05-04 07:10:52,TI-02,drone,saudavel,saudavel,0.8644,agrosmart-v1,simulado,sim-2026-05
d4808445-0fce-5748-a79b-217ea6cc166e,BV-01_20260504_0016.jpg,2026-05-04 07:11:06,BV-01,smartphone,saudavel,saudavel,0.8462,agrosmart-v1,simulado,sim-2026-05
8dd472aa-2d2b-577d-9010-fdee4c3290aa,BV-01_20260504_0017.jpg,2026-05-04 07:11:49,BV-01,smartphone,saudavel,saudavel,0.9397,agrosmart-v1,simulado,sim-2026-05
ea0b829a-6e6d-5977-824d-fbc69b488612,TI-02_20260504_0008.jpg,2026-05-04 07:11:50,TI-02,drone,saudavel,saudavel,0.9540,agrosmart-v1,simulado,sim-2026-05
4fb604ed-6129-52b9-a4dd-c5bcc56ee3cc,BV-01_20260504_0018.jpg,2026-05-04 07:12:04,BV-01,smartphone,saudavel,saudavel,0.9222,agrosmart-v1,simulado,sim-2026-05
0938abde-9026-5eca-95ab-c5c4857433ce,TI-02_20260504_0009.jpg,2026-05-04 07:12:16,TI-02,drone,saudavel,saudavel,0.9020,agrosmart-v1,simulado,sim-2026-05
8aa98214-99ca-536e-9e6f-ceef11fa2354,BV-01_20260504_0019.jpg,2026-05-04 07:12:50,BV-01,smartphone,saudavel,saudavel,0.9734,agrosmart-v1,simulado,sim-2026-05
aa6b9bbe-7b03-5de3-b69c-8688e9d0a2cd,TI-02_20260504_0010.jpg,2026-05-04 07:13:08,TI-02,drone,saudavel,saudavel,0.8721,agrosmart-v1,simulado,sim-2026-05
46045569-c7a5-5e36-a2c8-43fa96a415c6,TI-02_20260504_0011.jpg,2026-05-04 07:13:44,TI-02,drone,saudavel,saudavel,0.9134,agrosmart-v1,simulado,sim-2026-05
d84ab459-66e7-5444-8284-0a34b0c12782,BV-01_20260504_0020.jpg,2026-05-04 07:13:49,BV-01,smartphone,saudavel,saudavel,0.9889,agrosmart-v1,simulado,sim-2026-05
cf978a97-121d-59e5-a7d6-0c7add765503,BV-01_20260504_0021.jpg,2026-05-04 07:14:10,BV-01,smartphone,saudavel,saudavel,0.9631,agrosmart-v1,simulado,sim-2026-05
00533549-94b4-5d60-91ff-7808fbda72d1,TI-02_20260504_0012.jpg,2026-05-04 07:14:25,TI-02,drone,saudavel,saudavel,0.9467,agrosmart-v1,simulado,sim-2026-05
e34eb6bb-1855-5f2b-bee9-d921c5de34e6,TI-02_20260504_0013.jpg,2026-05-04 07:14:51,TI-02,drone,saudavel,saudavel,0.9547,agrosmart-v1,simulado,sim-2026-05
f95dd9cd-bc3d-5d0f-87c8-a6db471c0e9a,BV-01_20260504_0022.jpg,2026-05-04 07:14:53,BV-01,smartphone,saudavel,saudavel,0.8586,agrosmart-v1,simulado,sim-2026-05
4fa74b80-37c6-5ec8-9e9e-ed97a11ee2e8,TI-02_20260504_0014.jpg,2026-05-04 07:15:28,TI-02,drone,saudavel,saudavel,0.9347,agrosmart-v1,simulado,sim-2026-05
bee93b33-402a-5f4b-8a9d-e8fa05f3e39b,BV-01_20260504_0023.jpg,2026-05-04 07:15:46,BV-01,smartphone,saudavel,saudavel,0.8667,agrosmart-v1,simulado,sim-2026-05
c92852d6-3fa1-5b5d-9f50-2f29d35cb3b3,TI-02_20260504_0015.jpg,2026-05-04 07:16:16,TI-02,drone,saudavel,saudavel,0.9095,agrosmart-v1,simulado,sim-2026-05
73881a37-f0ea-5f3a-a44d-ed4f60053efa,BV-01_20260504_0024.jpg,2026-05-04 07:16:29,BV-01,smartphone,saudavel,saudavel,0.9915,agrosmart-v1,simulado,sim-2026-05
6402c3b3-58f7-5c88-86b1-3c77cb42b204,TI-02_20260504_0016.jpg,2026-05-04 07:16:57,TI-02,drone,saudavel,saudavel,0.8727,agrosmart-v1,simulado,sim-2026-05
c8a56665-c062-5c60-8487-c27239c8429e,BV-01_20260504_0025.jpg,2026-05-04 07:17:02,BV-01,smartphone,saudavel,saudavel,0.9785,agrosmart-v1,simulado,sim-2026-05
78fd2001-3d0e-5d62-b703-ff61a90631bc,BV-01_20260504_0026.jpg,2026-05-04 07:17:42,BV-01,smartphone,saudavel,saudavel,0.8347,agrosmart-v1,simulado,sim-2026-05
dfc65c90-c3ec-5c13-b786-f4dfe144604d,TI-02_20260504_0017.jpg,2026-05-04 07:17:48,TI-02,drone,saudavel,saudavel,0.9994,agrosmart-v1,simulado,sim-2026-05
2b5c6e06-8149-5eeb-aaf1-7aff946c9652,BV-01_20260504_0027.jpg,2026-05-04 07:18:22,BV-01,smartphone,saudavel,saudavel,0.9092,agrosmart-v1,simulado,sim-2026-05
d29eb187-a5b3-571b-aabc-b09ffa3b0fb3,TI-02_20260504_0018.jpg,2026-05-04 07:18:25,TI-02,drone,saudavel,saudavel,0.8957,agrosmart-v1,simulado,sim-2026-05
1d40bcae-6290-592c-8284-317576603ebe,TI-02_20260504_0019.jpg,2026-05-04 07:18:50,TI-02,drone,saudavel,saudavel,1.0000,agrosmart-v1,simulado,sim-2026-05
0303c7b9-1f1e-5ab5-8cc1-0b851b5b766f,BV-01_20260504_0028.jpg,2026-05-04 07:18:57,BV-01,smartphone,saudavel,saudavel,0.9414,agrosmart-v1,simulado,sim-2026-05
167689cd-129c-5db8-b95e-78f942f82bff,TI-02_20260504_0020.jpg,2026-05-04 07:19:23,TI-02,drone,saudavel,saudavel,0.9899,agrosmart-v1,simulado,sim-2026-05
3738ae05-86e3-56db-ab93-3aed0cb49d47,BV-01_20260504_0029.jpg,2026-05-04 07:19:33,BV-01,smartphone,saudavel,saudavel,0.8562,agrosmart-v1,simulado,sim-2026-05
87ec3b9c-90fa-5651-947b-63c8930d8f9f,BV-01_20260504_0030.jpg,2026-05-04 07:20:28,BV-01,smartphone,saudavel,saudavel,0.8824,agrosmart-v1,simulado,sim-2026-05
89466717-2b13-5c2f-b41c-23e9d0972f43,TI-02_20260504_0021.jpg,2026-05-04 07:20:30,TI-02,drone,saudavel,saudavel,0.9899,agrosmart-v1,simulado,sim-2026-05
94c985c6-5347-5f5e-b389-3f420fbf6102,BV-01_20260504_0031.jpg,2026-05-04 07:20:40,BV-01,smartphone,saudavel,saudavel,0.9995,agrosmart-v1,simulado,sim-2026-05
e1d2f87e-977c-5a1b-b464-e64296c6f3a0,TI-02_20260504_0022.jpg,2026-05-04 07:21:03,TI-02,drone,saudavel,saudavel,0.9812,agrosmart-v1,simulado,sim-2026-05
28e4f450-56cf-5214-9496-e75eb547acba,BV-01_20260504_0032.jpg,2026-05-04 07:21:28,BV-01,smartphone,saudavel,saudavel,0.9953,agrosmart-v1,simulado,sim-2026-05
aaac2463-6189-5195-8f04-5a231873ebcf,TI-02_20260504_0023.jpg,2026-05-04 07:21:46,TI-02,drone,saudavel,saudavel,0.9968,agrosmart-v1,simulado,sim-2026-05
70976933-2ff9-5ddf-8108-79e606ccabf7,BV-01_20260504_0033.jpg,2026-05-04 07:22:08,BV-01,smartphone,saudavel,saudavel,0.9993,agrosmart-v1,simulado,sim-2026-05
cb5e1ae4-60ee-5531-af25-aa45f767c7a1,TI-02_20260504_0024.jpg,2026-05-04 07:22:23,TI-02,drone,saudavel,saudavel,0.8300,agrosmart-v1,simulado,sim-2026-05
7ad1bc6b-daf7-5779-a44e-26cb5a5994d7,TI-02_20260504_0025.jpg,2026-05-04 07:22:55,TI-02,drone,saudavel,saudavel,0.9381,agrosmart-v1,simulado,sim-2026-05
e12cc5ef-46fb-5460-8122-7cb996337323,TI-02_20260504_0026.jpg,2026-05-04 07:23:36,TI-02,drone,saudavel,saudavel,0.9083,agrosmart-v1,simulado,sim-2026-05
6865615a-ab7c-58fe-a501-0ef97f62fb4c,TI-02_20260504_0027.jpg,2026-05-04 07:24:08,TI-02,drone,saudavel,saudavel,0.8730,agrosmart-v1,simulado,sim-2026-05
bf2b245f-9812-5beb-b3c0-fc6924148b06,TI-02_20260504_0028.jpg,2026-05-04 07:25:07,TI-02,drone,saudavel,saudavel,0.9218,agrosmart-v1,simulado,sim-2026-05
b01cf082-90d9-5586-bdb9-53d095b7cf99,TI-02_20260504_0029.jpg,2026-05-04 07:25:40,TI-02,drone,saudavel,saudavel,0.8278,agrosmart-v1,simulado,sim-2026-05
c43e0f58-281b-592b-96c8-3a9da815aac0,TI-02_20260504_0030.jpg,2026-05-04 07:26:13,TI-02,drone,saudavel,saudavel,0.9393,agrosmart-v1,simulado,sim-2026-05
321190cf-0798-5f86-9500-85bd8097f810,TI-02_20260504_0031.jpg,2026-05-04 07:26:41,TI-02,drone,saudavel,saudavel,0.9598,agrosmart-v1,simulado,sim-2026-05
4b466a0d-b53e-50bb-aeab-30a2cb3591db,TI-02_20260504_0032.jpg,2026-05-04 07:27:35,TI-02,drone,saudavel,saudavel,0.9254,agrosmart-v1,simulado,sim-2026-05
5bbed6db-01f8-5c14-bc6d-36e0a4f30ecc,TI-02_20260504_0033.jpg,2026-05-04 07:28:06,TI-02,drone,saudavel,saudavel,0.9962,agrosmart-v1,simulado,sim-2026-05
b12a4cdb-1524-56af-aa21-73bdf4c327a1,TI-02_20260504_0034.jpg,2026-05-04 07:28:46,TI-02,drone,saudavel,saudavel,0.9203,agrosmart-v1,simulado,sim-2026-05
3a9dda71-97f4-5826-8534-0092084cd190,TI-02_20260504_0035.jpg,2026-05-04 07:29:29,TI-02,drone,saudavel,saudavel,0.9934,agrosmart-v1,simulado,sim-2026-05
f3fd4a74-0cba-571d-aba0-e10a97fd8c3c,TI-02_20260504_0036.jpg,2026-05-04 07:30:07,TI-02,drone,saudavel,saudavel,0.9124,agrosmart-v1,simulado,sim-2026-05
22ab6079-1657-5f34-8188-eecf092ef800,TI-02_20260504_0037.jpg,2026-05-04 07:31:04,TI-02,drone,saudavel,saudavel,0.9473,agrosmart-v1,simulado,sim-2026-05
49392bc0-7b3c-5e76-9f2b-dbbd970a087a,TI-02_20260504_0038.jpg,2026-05-04 07:31:29,TI-02,drone,saudavel,saudavel,0.9701,agrosmart-v1,simulado,sim-2026-05
8abebffc-9d43-5334-a138-25d3b645ecfe,TI-02_20260504_0039.jpg,2026-05-04 07:32:14,TI-02,drone,saudavel,saudavel,0.8534,agrosmart-v1,simulado,sim-2026-05
2512a4b3-2f3f-5441-bf84-12084fec62ae,TI-02_20260504_0040.jpg,2026-05-04 07:32:53,TI-02,drone,saudavel,saudavel,0.8206,agrosmart-v1,simulado,sim-2026-05
39b464de-ddff-56e0-8d38-bd23b592329b,TI-02_20260504_0041.jpg,2026-05-04 07:33:43,TI-02,drone,saudavel,saudavel,0.9946,agrosmart-v1,simulado,sim-2026-05
60d66d27-7f4e-5bfb-bbc2-778cd5fa6d25,TI-02_20260504_0042.jpg,2026-05-04 07:34:05,TI-02,drone,saudavel,saudavel,0.9662,agrosmart-v1,simulado,sim-2026-05
e043a829-959a-5b24-a240-f0954337642d,TI-02_20260504_0043.jpg,2026-05-04 07:34:51,TI-02,drone,saudavel,saudavel,0.9352,agrosmart-v1,simulado,sim-2026-05
e7712ed0-4cc5-53a1-8db1-89642514e0e5,TI-01_20260504_0001.jpg,2026-05-04 07:39:03,TI-01,drone,saudavel,saudavel,0.9644,agrosmart-v1,simulado,sim-2026-05
89b6dd22-5f90-59e9-97c9-baa0749e41c5,TI-01_20260504_0002.jpg,2026-05-04 07:39:32,TI-01,drone,saudavel,saudavel,0.8297,agrosmart-v1,simulado,sim-2026-05
650c2ff7-0e42-5ee6-aa83-be0d7c33f6a7,TI-01_20260504_0003.jpg,2026-05-04 07:40:25,TI-01,drone,saudavel,saudavel,0.9959,agrosmart-v1,simulado,sim-2026-05
364a8ad5-5f69-54f4-a27e-f606a66f8fc0,TI-01_20260504_0004.jpg,2026-05-04 07:41:10,TI-01,drone,saudavel,saudavel,0.9629,agrosmart-v1,simulado,sim-2026-05
1ee83bac-1f9e-55db-a4e1-b82f0f7007eb,TI-01_20260504_0005.jpg,2026-05-04 07:41:38,TI-01,drone,doente,pinta_preta,0.8952,agrosmart-v1,simulado,sim-2026-05
c162f30e-c578-57e3-9a2a-1852586951d0,TI-01_20260504_0006.jpg,2026-05-04 07:42:08,TI-01,drone,saudavel,saudavel,0.9630,agrosmart-v1,simulado,sim-2026-05
de0abccb-4354-5ff3-a9c4-ead819f5120c,TI-01_20260504_0007.jpg,2026-05-04 07:42:47,TI-01,drone,saudavel,saudavel,0.8561,agrosmart-v1,simulado,sim-2026-05
e90b9bb2-ff39-5686-8a96-bf2c14d82ebe,TI-01_20260504_0008.jpg,2026-05-04 07:43:33,TI-01,drone,saudavel,saudavel,0.9182,agrosmart-v1,simulado,sim-2026-05
b26bad48-a2d1-5339-a21f-0d1e541c6871,TI-01_20260504_0009.jpg,2026-05-04 07:44:22,TI-01,drone,saudavel,saudavel,0.8390,agrosmart-v1,simulado,sim-2026-05
dae55104-3282-568d-85af-cca2bf5c926e,TI-01_20260504_0010.jpg,2026-05-04 07:44:53,TI-01,drone,saudavel,saudavel,0.9525,agrosmart-v1,simulado,sim-2026-05
a0973e55-5b11-5088-accf-5b7ff6bdb71d,TI-01_20260504_0011.jpg,2026-05-04 07:45:46,TI-01,drone,saudavel,saudavel,1.0000,agrosmart-v1,simulado,sim-2026-05
fcf31151-2de4-57a0-aaed-f822967bc18f,TI-01_20260504_0012.jpg,2026-05-04 07:46:13,TI-01,drone,saudavel,saudavel,0.9152,agrosmart-v1,simulado,sim-2026-05
8578cb9e-3aa1-58ef-95b5-c61f4ddb0160,TI-01_20260504_0013.jpg,2026-05-04 07:46:47,TI-01,drone,saudavel,saudavel,0.9206,agrosmart-v1,simulado,sim-2026-05
7f1520cb-7c1d-5de5-8942-aedbe5b4386d,TI-01_20260504_0014.jpg,2026-05-04 07:47:45,TI-01,drone,doente,vaquinha,0.9929,agrosmart-v1,simulado,sim-2026-05
db3ed4e7-2ab1-5de7-ba17-fb88bc8cd755,TI-01_20260504_0015.jpg,2026-05-04 07:48:06,TI-01,drone,saudavel,saudavel,0.9955,agrosmart-v1,simulado,sim-2026-05
6d9c3974-62ae-5b1e-8dd4-3dd2d3f81eca,TI-01_20260504_0016.jpg,2026-05-04 07:49:07,TI-01,drone,saudavel,saudavel,0.6964,agrosmart-v1,simulado,sim-2026-05
a67b80b9-338f-5c64-a255-44ed9a0c554c,TI-01_20260504_0017.jpg,2026-05-04 07:49:42,TI-01,drone,saudavel,saudavel,0.9777,agrosmart-v1,simulado,sim-2026-05
2a8e0990-ca51-5af6-bd52-1dcb2b867e2c,TI-01_20260504_0018.jpg,2026-05-04 07:50:05,TI-01,drone,saudavel,saudavel,0.9932,agrosmart-v1,simulado,sim-2026-05
98fdf7a2-4f67-53d1-9eeb-246d886ab61e,TI-01_20260504_0019.jpg,2026-05-04 07:50:57,TI-01,drone,saudavel,saudavel,0.9970,agrosmart-v1,simulado,sim-2026-05
22d1fd80-d8c8-51ab-9475-463a14cf62f3,TI-01_20260504_0020.jpg,2026-05-04 07:51:37,TI-01,drone,saudavel,saudavel,0.9983,agrosmart-v1,simulado,sim-2026-05
d9a685c1-103d-5d6a-8de4-4df63e15d0f0,TI-01_20260504_0021.jpg,2026-05-04 07:52:01,TI-01,drone,saudavel,saudavel,0.9573,agrosmart-v1,simulado,sim-2026-05
45b70e8f-5140-5f7a-ad24-a2df2c564cc8,TI-01_20260504_0022.jpg,2026-05-04 07:53:02,TI-01,drone,saudavel,saudavel,0.9973,agrosmart-v1,simulado,sim-2026-05
dbd14574-e1dc-57e6-8b39-6c5b6d4da7e9,TI-01_20260504_0023.jpg,2026-05-04 07:53:45,TI-01,drone,saudavel,saudavel,0.9894,agrosmart-v1,simulado,sim-2026-05
5f24920b-1c5d-5e2c-846b-2a8023594a1e,TI-01_20260504_0024.jpg,2026-05-04 07:54:21,TI-01,drone,saudavel,saudavel,0.8444,agrosmart-v1,simulado,sim-2026-05
6369da7c-7ac9-53f4-8160-7e299b3f81a2,TI-01_20260504_0025.jpg,2026-05-04 07:54:48,TI-01,drone,saudavel,saudavel,0.9291,agrosmart-v1,simulado,sim-2026-05
ea6d9de8-6aeb-5b39-a5fd-264620c3d71e,TI-01_20260504_0026.jpg,2026-05-04 07:55:35,TI-01,drone,saudavel,saudavel,0.9989,agrosmart-v1,simulado,sim-2026-05
10c5d75a-976b-5ce6-8f9d-507c7e588907,TI-01_20260504_0027.jpg,2026-05-04 07:56:09,TI-01,drone,saudavel,saudavel,0.9914,agrosmart-v1,simulado,sim-2026-05
acb4eebd-96a0-5ee4-937e-718ffbde88b0,TI-01_20260504_0028.jpg,2026-05-04 07:57:04,TI-01,drone,saudavel,saudavel,0.9756,agrosmart-v1,simulado,sim-2026-05
301110ef-6407-5936-8c59-f4d1444c50ba,TI-01_20260504_0029.jpg,2026-05-04 07:57:34,TI-01,drone,saudavel,saudavel,0.9886,agrosmart-v1,simulado,sim-2026-05
cb908c52-fae8-530f-b337-b614c0118ebe,TI-01_20260504_0030.jpg,2026-05-04 07:58:30,TI-01,drone,saudavel,saudavel,0.9421,agrosmart-v1,simulado,sim-2026-05
df0fe067-a0b5-54b1-92c8-d862520b0de0,TI-01_20260504_0031.jpg,2026-05-04 07:58:57,TI-01,drone,saudavel,saudavel,0.9914,agrosmart-v1,simulado,sim-2026-05
e77e320d-63ea-5235-a722-1a34e2e9e9cc,TI-01_20260504_0032.jpg,2026-05-04 07:59:26,TI-01,drone,saudavel,saudavel,0.9421,agrosmart-v1,simulado,sim-2026-05
99829671-9084-538b-8bce-118cbc85dbcb,TI-01_20260504_0033.jpg,2026-05-04 08:00:19,TI-01,drone,saudavel,saudavel,0.9965,agrosmart-v1,simulado,sim-2026-05
0023ec8b-49a2-500b-b60f-26a8952dcf79,TI-01_20260504_0034.jpg,2026-05-04 08:00:49,TI-01,drone,saudavel,saudavel,0.9180,agrosmart-v1,simulado,sim-2026-05
b312a563-8fda-5e2c-959b-93d67af9af8c,TI-01_20260504_0035.jpg,2026-05-04 08:01:43,TI-01,drone,saudavel,saudavel,0.8959,agrosmart-v1,simulado,sim-2026-05
30cf8d88-bbf3-5314-b4ad-ba7736e772a9,TI-01_20260504_0036.jpg,2026-05-04 08:02:21,TI-01,drone,saudavel,saudavel,0.8626,agrosmart-v1,simulado,sim-2026-05
f4e988a0-546f-53e9-ba60-f6cbb9c00f0b,TI-01_20260504_0037.jpg,2026-05-04 08:02:57,TI-01,drone,saudavel,saudavel,0.8317,agrosmart-v1,simulado,sim-2026-05
7724fbfa-2e4f-5216-8cee-3d8fe838db8c,TI-01_20260504_0038.jpg,2026-05-04 08:03:41,TI-01,drone,saudavel,saudavel,0.9925,agrosmart-v1,simulado,sim-2026-05
3063aa60-d0e2-5b44-8b23-173598e04750,TI-01_20260504_0039.jpg,2026-05-04 08:04:10,TI-01,drone,saudavel,saudavel,0.9994,agrosmart-v1,simulado,sim-2026-05
10acfb89-b609-5b36-ab39-0db58c80741b,TI-01_20260504_0040.jpg,2026-05-04 08:04:57,TI-01,drone,saudavel,saudavel,0.9288,agrosmart-v1,simulado,sim-2026-05
b15556a8-bc19-5da4-8d57-59b52961b35c,TI-01_20260504_0041.jpg,2026-05-04 08:05:49,TI-01,drone,saudavel,saudavel,0.9141,agrosmart-v1,simulado,sim-2026-05
13965aa8-edad-546e-b53a-51d57beb6536,TI-01_20260504_0042.jpg,2026-05-04 08:06:16,TI-01,drone,saudavel,saudavel,0.8361,agrosmart-v1,simulado,sim-2026-05
84c8c788-f480-5c0b-89dc-ccefe0704e52,TI-01_20260504_0043.jpg,2026-05-04 08:06:50,TI-01,drone,saudavel,saudavel,0.9799,agrosmart-v1,simulado,sim-2026-05
163444f9-d467-513e-8a6f-6a630462cc69,TI-01_20260504_0044.jpg,2026-05-04 08:07:33,TI-01,drone,saudavel,saudavel,0.9707,agrosmart-v1,simulado,sim-2026-05
b67623a2-2bfd-56c5-927f-64797d175c6a,TI-01_20260504_0045.jpg,2026-05-04 08:08:28,TI-01,drone,saudavel,saudavel,0.9929,agrosmart-v1,simulado,sim-2026-05
3e7f687c-496e-5a45-a96b-d5d54f186e80,TI-01_20260504_0046.jpg,2026-05-04 08:08:47,TI-01,drone,saudavel,saudavel,0.9614,agrosmart-v1,simulado,sim-2026-05
c6c2e663-48e4-5f73-8dd0-c4cb6f6e08b2,TI-01_20260504_0047.jpg,2026-05-04 08:09:36,TI-01,drone,saudavel,saudavel,0.9845,agrosmart-v1,simulado,sim-2026-05
c387add6-2ee0-5aca-87fa-9037d1c9f32d,SC-04_20260504_0001.jpg,2026-05-04 08:09:49,SC-04,smartphone,saudavel,saudavel,0.8445,agrosmart-v1,simulado,sim-2026-05
b2ab7d0f-dc0b-5ade-8a8b-f54ee0991ff9,TI-01_20260504_0048.jpg,2026-05-04 08:10:29,TI-01,drone,saudavel,saudavel,0.8312,agrosmart-v1,simulado,sim-2026-05
dc313fd2-270e-505b-b052-2ee9035e0902,SC-04_20260504_0002.jpg,2026-05-04 08:10:37,SC-04,smartphone,saudavel,saudavel,0.8575,agrosmart-v1,simulado,sim-2026-05
db3d1102-6068-5d9f-80d6-23adc285db93,TI-01_20260504_0049.jpg,2026-05-04 08:10:57,TI-01,drone,saudavel,saudavel,0.9331,agrosmart-v1,simulado,sim-2026-05
a2e1686d-f6f4-52a6-a658-d6b04e37e3e3,SC-04_20260504_0003.jpg,2026-05-04 08:11:17,SC-04,smartphone,saudavel,saudavel,0.9439,agrosmart-v1,simulado,sim-2026-05
cab33973-1aa7-5df4-9e4c-adf93c13bb68,TI-01_20260504_0050.jpg,2026-05-04 08:11:39,TI-01,drone,saudavel,saudavel,0.9287,agrosmart-v1,simulado,sim-2026-05
9b71ea94-a70a-57c4-b9a2-169a52135e5f,SC-04_20260504_0004.jpg,2026-05-04 08:11:41,SC-04,smartphone,saudavel,saudavel,0.9875,agrosmart-v1,simulado,sim-2026-05
13ea2062-c301-5895-bc46-0d69db6c2998,SC-04_20260504_0005.jpg,2026-05-04 08:12:50,SC-04,smartphone,saudavel,saudavel,0.9019,agrosmart-v1,simulado,sim-2026-05
60c0da50-73b3-5c7a-b9f1-18aea2261267,SC-04_20260504_0006.jpg,2026-05-04 08:13:25,SC-04,smartphone,saudavel,saudavel,0.9996,agrosmart-v1,simulado,sim-2026-05
980d9c2d-2191-5c04-a789-29658232546f,SC-04_20260504_0007.jpg,2026-05-04 08:13:52,SC-04,smartphone,saudavel,saudavel,0.9889,agrosmart-v1,simulado,sim-2026-05
092a9b0f-d833-5f30-9561-7a6c6899896d,SC-04_20260504_0008.jpg,2026-05-04 08:14:42,SC-04,smartphone,saudavel,saudavel,0.9161,agrosmart-v1,simulado,sim-2026-05
a5e815c9-63c7-5b8c-abe7-3942d9968f78,SC-04_20260504_0009.jpg,2026-05-04 08:15:30,SC-04,smartphone,saudavel,saudavel,0.9999,agrosmart-v1,simulado,sim-2026-05
0e574e4a-16cd-5c94-9cf2-2476515c0efb,SC-04_20260504_0010.jpg,2026-05-04 08:16:07,SC-04,smartphone,saudavel,saudavel,0.9409,agrosmart-v1,simulado,sim-2026-05
51322918-ee46-59ac-ae67-3b4965c5e577,SC-04_20260504_0011.jpg,2026-05-04 08:16:30,SC-04,smartphone,saudavel,saudavel,1.0000,agrosmart-v1,simulado,sim-2026-05
07f8184e-b024-5003-909f-acf0ab520bd1,SC-04_20260504_0012.jpg,2026-05-04 08:17:22,SC-04,smartphone,saudavel,saudavel,0.9941,agrosmart-v1,simulado,sim-2026-05
dbe4090a-9f61-5a65-ae28-7a014b709830,SC-04_20260504_0013.jpg,2026-05-04 08:17:52,SC-04,smartphone,saudavel,saudavel,0.9581,agrosmart-v1,simulado,sim-2026-05
4b14c847-796b-54c0-89b0-6590958b365a,SC-04_20260504_0014.jpg,2026-05-04 08:18:49,SC-04,smartphone,saudavel,saudavel,0.9696,agrosmart-v1,simulado,sim-2026-05
8866fefd-0310-5b49-892a-22ba1420cf28,SC-04_20260504_0015.jpg,2026-05-04 08:19:01,SC-04,smartphone,saudavel,saudavel,0.9774,agrosmart-v1,simulado,sim-2026-05
bbe2057f-8cfc-5c63-892c-40ca1ee9514e,SC-04_20260504_0016.jpg,2026-05-04 08:19:57,SC-04,smartphone,saudavel,saudavel,0.9824,agrosmart-v1,simulado,sim-2026-05
aeb46b73-da23-59e9-86c6-1a28f910af0c,SC-04_20260504_0017.jpg,2026-05-04 08:20:46,SC-04,smartphone,saudavel,saudavel,0.9862,agrosmart-v1,simulado,sim-2026-05
fe84da32-bcfd-5f27-8bb0-8ce11ef3b0f8,SC-04_20260504_0018.jpg,2026-05-04 08:21:05,SC-04,smartphone,saudavel,saudavel,0.9763,agrosmart-v1,simulado,sim-2026-05
92f93de3-1651-5b97-939a-9efa461f2f20,SC-02_20260504_0001.jpg,2026-05-04 08:21:43,SC-02,smartphone,saudavel,saudavel,0.6316,agrosmart-v1,simulado,sim-2026-05
99d10d61-9b66-5e7d-9e7c-6993be2e2868,SC-04_20260504_0019.jpg,2026-05-04 08:22:01,SC-04,smartphone,saudavel,saudavel,0.8504,agrosmart-v1,simulado,sim-2026-05
b2f0c9b7-24bc-520b-bf15-68a9f76e5439,SC-02_20260504_0002.jpg,2026-05-04 08:22:39,SC-02,smartphone,saudavel,saudavel,0.9615,agrosmart-v1,simulado,sim-2026-05
d1ad89ce-ba61-5a61-943c-8556f57d3e03,SC-04_20260504_0020.jpg,2026-05-04 08:22:49,SC-04,smartphone,saudavel,saudavel,0.9999,agrosmart-v1,simulado,sim-2026-05
7e624cf3-cb03-5119-8d0f-adf35d21759a,SC-04_20260504_0021.jpg,2026-05-04 08:23:13,SC-04,smartphone,saudavel,saudavel,0.9739,agrosmart-v1,simulado,sim-2026-05
69550389-5775-5a3c-8287-e1cc68e26347,SC-02_20260504_0003.jpg,2026-05-04 08:23:27,SC-02,smartphone,saudavel,saudavel,0.9053,agrosmart-v1,simulado,sim-2026-05
080abfaa-45a5-5c5b-8e2e-31acf60b2247,SC-04_20260504_0022.jpg,2026-05-04 08:23:41,SC-04,smartphone,saudavel,saudavel,0.9981,agrosmart-v1,simulado,sim-2026-05
770aa282-d3c5-5b52-9871-33e71294cce5,SC-02_20260504_0004.jpg,2026-05-04 08:23:59,SC-02,smartphone,saudavel,saudavel,0.9172,agrosmart-v1,simulado,sim-2026-05
b37641d6-f743-50b8-a407-741adbdfac6f,SC-04_20260504_0023.jpg,2026-05-04 08:24:31,SC-04,smartphone,doente,mosca_minadora,0.9414,agrosmart-v1,simulado,sim-2026-05
1b790ec0-6d63-5085-a3f2-69e2d752183c,SC-02_20260504_0005.jpg,2026-05-04 08:24:39,SC-02,smartphone,saudavel,saudavel,0.9950,agrosmart-v1,simulado,sim-2026-05
561c3c75-5e14-5d83-b6e3-6dc5d261d82e,BV-04_20260504_0001.jpg,2026-05-04 08:24:45,BV-04,smartphone,saudavel,saudavel,0.9118,agrosmart-v1,simulado,sim-2026-05
70e4f93a-9d5a-58e2-83ec-7a65b00d3f29,SC-02_20260504_0006.jpg,2026-05-04 08:25:11,SC-02,smartphone,saudavel,saudavel,0.9941,agrosmart-v1,simulado,sim-2026-05
af325ea0-9896-5ad5-96cf-5f564854520f,SC-04_20260504_0024.jpg,2026-05-04 08:25:20,SC-04,smartphone,saudavel,saudavel,0.8908,agrosmart-v1,simulado,sim-2026-05
2c67cee1-9a55-5036-b011-ce4d54126052,BV-04_20260504_0002.jpg,2026-05-04 08:25:37,BV-04,smartphone,saudavel,saudavel,0.8323,agrosmart-v1,simulado,sim-2026-05
6f1d697a-eeb7-5b31-98b3-a5b608c2566a,SC-04_20260504_0025.jpg,2026-05-04 08:25:40,SC-04,smartphone,saudavel,saudavel,0.9937,agrosmart-v1,simulado,sim-2026-05
dccc2aa2-817e-5bad-bf59-31e3025cd253,SC-02_20260504_0007.jpg,2026-05-04 08:25:42,SC-02,smartphone,saudavel,saudavel,0.9707,agrosmart-v1,simulado,sim-2026-05
58c815c5-8b30-57d9-b0cc-10c3ae5f7c6d,BV-04_20260504_0003.jpg,2026-05-04 08:26:21,BV-04,smartphone,saudavel,saudavel,0.9272,agrosmart-v1,simulado,sim-2026-05
756771ad-c5e6-50e9-b170-3e05dafacb5f,SC-02_20260504_0008.jpg,2026-05-04 08:26:31,SC-02,smartphone,saudavel,saudavel,0.9837,agrosmart-v1,simulado,sim-2026-05
93692876-fa74-5c62-bc2c-6c63deda6f3e,BV-04_20260504_0004.jpg,2026-05-04 08:26:52,BV-04,smartphone,saudavel,saudavel,0.8262,agrosmart-v1,simulado,sim-2026-05
ee3e95c9-4bd7-5a9b-b0f2-f73851f638f4,SC-02_20260504_0009.jpg,2026-05-04 08:27:20,SC-02,smartphone,saudavel,saudavel,0.9991,agrosmart-v1,simulado,sim-2026-05
e3e0a645-89ba-51be-a709-3d82c4ba4626,BV-04_20260504_0005.jpg,2026-05-04 08:27:34,BV-04,smartphone,saudavel,saudavel,0.9974,agrosmart-v1,simulado,sim-2026-05
8c3bbc73-2974-5e0f-a6b7-f95b32c3c044,BV-04_20260504_0006.jpg,2026-05-04 08:28:03,BV-04,smartphone,saudavel,saudavel,0.9311,agrosmart-v1,simulado,sim-2026-05
afcb488f-930b-52a5-aa32-e90b9295c08f,SC-02_20260504_0010.jpg,2026-05-04 08:28:09,SC-02,smartphone,doente,pinta_preta,0.9193,agrosmart-v1,simulado,sim-2026-05
113c5e55-dd94-5acf-ae3a-48b76d84374c,SC-02_20260504_0011.jpg,2026-05-04 08:28:45,SC-02,smartphone,saudavel,saudavel,0.9994,agrosmart-v1,simulado,sim-2026-05
01dce1e5-8de5-5d10-9fd2-a21ed7bcb50e,BV-04_20260504_0007.jpg,2026-05-04 08:28:50,BV-04,smartphone,saudavel,saudavel,0.9323,agrosmart-v1,simulado,sim-2026-05
d434d22e-a56c-52b6-803c-3dd959e46d26,SC-02_20260504_0012.jpg,2026-05-04 08:29:10,SC-02,smartphone,saudavel,saudavel,0.9507,agrosmart-v1,simulado,sim-2026-05
2e63e23f-3610-539a-9d27-8c4f75359efe,BV-04_20260504_0008.jpg,2026-05-04 08:29:30,BV-04,smartphone,saudavel,saudavel,0.9769,agrosmart-v1,simulado,sim-2026-05
88148a26-8cf0-5c32-bb74-b443298ca47a,BV-04_20260504_0009.jpg,2026-05-04 08:30:09,BV-04,smartphone,saudavel,saudavel,0.9327,agrosmart-v1,simulado,sim-2026-05
e571611f-25d4-50cc-8241-12387066bbe5,SC-02_20260504_0013.jpg,2026-05-04 08:30:10,SC-02,smartphone,saudavel,saudavel,0.9976,agrosmart-v1,simulado,sim-2026-05
f15f97cf-3c7b-54bc-94e9-a425b32ad2b0,SC-02_20260504_0014.jpg,2026-05-04 08:30:20,SC-02,smartphone,saudavel,saudavel,0.8997,agrosmart-v1,simulado,sim-2026-05
96e50fc7-fa38-5a32-8049-096b651a4c5b,BV-04_20260504_0010.jpg,2026-05-04 08:30:59,BV-04,smartphone,saudavel,saudavel,0.8425,agrosmart-v1,simulado,sim-2026-05
7c0cbe3b-488e-562c-8080-101a55dbf1fd,SC-02_20260504_0015.jpg,2026-05-04 08:31:26,SC-02,smartphone,saudavel,saudavel,0.8610,agrosmart-v1,simulado,sim-2026-05
14bd9431-38b5-56c4-ab0a-3d062fd6ee6c,BV-04_20260504_0011.jpg,2026-05-04 08:31:45,BV-04,smartphone,doente,requeima,0.7780,agrosmart-v1,simulado,sim-2026-05
f276f003-84cc-5e58-aa8d-e30d5c9b37c2,SC-02_20260504_0016.jpg,2026-05-04 08:32:07,SC-02,smartphone,saudavel,saudavel,0.9788,agrosmart-v1,simulado,sim-2026-05
73c05bfe-ddba-58fc-a2a6-cdd729055651,BV-04_20260504_0012.jpg,2026-05-04 08:32:16,BV-04,smartphone,saudavel,saudavel,0.9993,agrosmart-v1,simulado,sim-2026-05
3e2cd32e-f877-5871-978b-f886a69f1680,SC-02_20260504_0017.jpg,2026-05-04 08:32:34,SC-02,smartphone,saudavel,saudavel,0.9999,agrosmart-v1,simulado,sim-2026-05
1592a102-2988-5936-8760-6e6a6b9a1529,BV-04_20260504_0013.jpg,2026-05-04 08:33:05,BV-04,smartphone,saudavel,saudavel,0.9997,agrosmart-v1,simulado,sim-2026-05
94679409-e85e-5ec1-a4e7-4a4cff9036ca,SC-02_20260504_0018.jpg,2026-05-04 08:33:09,SC-02,smartphone,saudavel,saudavel,0.9748,agrosmart-v1,simulado,sim-2026-05
9d465289-f955-5a4a-b579-8f08dd660214,BV-04_20260504_0014.jpg,2026-05-04 08:33:30,BV-04,smartphone,saudavel,saudavel,0.9234,agrosmart-v1,simulado,sim-2026-05
d78e64b8-413e-538d-92d7-d5d541c6a77b,SC-02_20260504_0019.jpg,2026-05-04 08:34:02,SC-02,smartphone,saudavel,saudavel,0.9531,agrosmart-v1,simulado,sim-2026-05
7ac0cc5a-9dde-5283-a882-bd910fac76b3,SC-02_20260504_0020.jpg,2026-05-04 08:34:27,SC-02,smartphone,saudavel,saudavel,0.8555,agrosmart-v1,simulado,sim-2026-05
6bcb4be1-242d-529d-bd78-a360c6083527,BV-04_20260504_0015.jpg,2026-05-04 08:34:29,BV-04,smartphone,saudavel,saudavel,0.9971,agrosmart-v1,simulado,sim-2026-05
1efcd7c3-556b-59d2-a9b0-941c953682e3,BV-04_20260504_0016.jpg,2026-05-04 08:34:57,BV-04,smartphone,saudavel,saudavel,0.9917,agrosmart-v1,simulado,sim-2026-05
0f7ecce4-1a2c-5616-8980-cd1f28d0fb6a,SC-02_20260504_0021.jpg,2026-05-04 08:35:27,SC-02,smartphone,saudavel,saudavel,0.9633,agrosmart-v1,simulado,sim-2026-05
e802d8f4-ed09-5f6d-abec-ea0db93e80e1,BV-04_20260504_0017.jpg,2026-05-04 08:35:39,BV-04,smartphone,saudavel,saudavel,0.9738,agrosmart-v1,simulado,sim-2026-05
3fbefdad-7762-53aa-8877-7afe4a6244b9,SC-02_20260504_0022.jpg,2026-05-04 08:36:07,SC-02,smartphone,saudavel,saudavel,0.9876,agrosmart-v1,simulado,sim-2026-05
69de3698-e5f1-5e06-bb4d-c54176263880,BV-04_20260504_0018.jpg,2026-05-04 08:36:18,BV-04,smartphone,saudavel,saudavel,0.8943,agrosmart-v1,simulado,sim-2026-05
efef0b0f-f502-5457-b60c-eb32b5c4605b,SC-02_20260504_0023.jpg,2026-05-04 08:36:32,SC-02,smartphone,saudavel,saudavel,0.9870,agrosmart-v1,simulado,sim-2026-05
f75cbfe1-ecac-5c9c-8c03-b477f9573547,BV-04_20260504_0019.jpg,2026-05-04 08:37:02,BV-04,smartphone,saudavel,saudavel,0.9988,agrosmart-v1,simulado,sim-2026-05
51917166-9026-56a3-98fa-bd29a6669071,SC-02_20260504_0024.jpg,2026-05-04 08:37:13,SC-02,smartphone,saudavel,saudavel,0.5725,agrosmart-v1,simulado,sim-2026-05
f2732933-9d72-593a-a7cb-0d27c764e828,BV-04_20260504_0020.jpg,2026-05-04 08:37:36,BV-04,smartphone,saudavel,saudavel,0.9864,agrosmart-v1,simulado,sim-2026-05
3fb254ea-0c94-53b6-b1ba-df2eed847d8d,SC-02_20260504_0025.jpg,2026-05-04 08:37:57,SC-02,smartphone,saudavel,saudavel,0.9286,agrosmart-v1,simulado,sim-2026-05
ac76d952-abd6-59bb-ac28-02e2dcc71b35,BV-04_20260504_0021.jpg,2026-05-04 08:38:06,BV-04,smartphone,saudavel,saudavel,0.9448,agrosmart-v1,simulado,sim-2026-05
14f7b115-9761-5ef5-9cf2-a5d79e68c331,SC-02_20260504_0026.jpg,2026-05-04 08:38:38,SC-02,smartphone,saudavel,saudavel,0.9377,agrosmart-v1,simulado,sim-2026-05
7635e364-0e2f-5636-85c8-798c91d8f59c,SC-02_20260504_0027.jpg,2026-05-04 08:39:01,SC-02,smartphone,saudavel,saudavel,0.8901,agrosmart-v1,simulado,sim-2026-05
4cf7da11-9b8c-5901-a0a6-2a16dc43f8ab,BV-04_20260504_0022.jpg,2026-05-04 08:39:07,BV-04,smartphone,saudavel,saudavel,0.9914,agrosmart-v1,simulado,sim-2026-05
ca0c72e6-6678-52b1-9ad3-19b0a0a2861b,BV-04_20260504_0023.jpg,2026-05-04 08:39:31,BV-04,smartphone,saudavel,saudavel,0.9500,agrosmart-v1,simulado,sim-2026-05
4b8d6ae4-5845-5cf4-bd1d-461ae74c455d,SC-02_20260504_0028.jpg,2026-05-04 08:40:06,SC-02,smartphone,saudavel,saudavel,0.9525,agrosmart-v1,simulado,sim-2026-05
1f27b02c-7687-5e9b-9ca5-0daf2ef3b779,SC-02_20260504_0029.jpg,2026-05-04 08:40:36,SC-02,smartphone,saudavel,saudavel,0.9850,agrosmart-v1,simulado,sim-2026-05
b95c2e62-8f61-5f58-92bf-b2840fdb3657,SC-02_20260504_0030.jpg,2026-05-04 08:41:00,SC-02,smartphone,saudavel,saudavel,0.8267,agrosmart-v1,simulado,sim-2026-05
0139124c-4cf2-54e9-b3a2-57f393274e96,SC-02_20260504_0031.jpg,2026-05-04 08:41:56,SC-02,smartphone,saudavel,saudavel,0.9800,agrosmart-v1,simulado,sim-2026-05
21f282cb-c25b-5900-9453-0454519fe363,SC-02_20260504_0032.jpg,2026-05-04 08:42:43,SC-02,smartphone,saudavel,saudavel,0.8517,agrosmart-v1,simulado,sim-2026-05
67719f8b-8589-51c0-85a2-5e02c315d311,SC-02_20260504_0033.jpg,2026-05-04 08:43:27,SC-02,smartphone,saudavel,saudavel,0.9994,agrosmart-v1,simulado,sim-2026-05
1725ec14-500f-5553-9e68-b34737fcb6f9,SC-02_20260504_0034.jpg,2026-05-04 08:44:00,SC-02,smartphone,saudavel,saudavel,0.9336,agrosmart-v1,simulado,sim-2026-05
8e53463f-d79d-556d-9df6-2450e3f6bdc7,SC-02_20260504_0035.jpg,2026-05-04 08:44:39,SC-02,smartphone,saudavel,saudavel,0.9847,agrosmart-v1,simulado,sim-2026-05
8534363c-25c9-54aa-9d47-26b152127df9,SC-02_20260504_0036.jpg,2026-05-04 08:45:30,SC-02,smartphone,saudavel,saudavel,0.9952,agrosmart-v1,simulado,sim-2026-05
88b3f2ea-1243-5fb4-9a9e-08eb801e1504,SC-02_20260504_0037.jpg,2026-05-04 08:45:48,SC-02,smartphone,saudavel,saudavel,0.9085,agrosmart-v1,simulado,sim-2026-05
8c271e98-3e80-5e7a-931e-1daf53b4a22d,SC-02_20260504_0038.jpg,2026-05-04 08:46:34,SC-02,smartphone,saudavel,saudavel,0.9359,agrosmart-v1,simulado,sim-2026-05
b4ab73ed-0920-5741-ba2e-60abefabec11,SC-02_20260504_0039.jpg,2026-05-04 08:47:15,SC-02,smartphone,saudavel,saudavel,0.9710,agrosmart-v1,simulado,sim-2026-05
905bfb79-c343-5dab-9743-96424bd07986,SC-02_20260504_0040.jpg,2026-05-04 08:48:07,SC-02,smartphone,saudavel,saudavel,0.9576,agrosmart-v1,simulado,sim-2026-05
0b53fcdf-af2a-50e3-82c3-f5db868657e6,SC-02_20260504_0041.jpg,2026-05-04 08:48:21,SC-02,smartphone,saudavel,saudavel,0.9921,agrosmart-v1,simulado,sim-2026-05
147023d5-2de6-5cd0-a9c1-daee6090ea9b,SC-02_20260504_0042.jpg,2026-05-04 08:49:14,SC-02,smartphone,saudavel,saudavel,0.8288,agrosmart-v1,simulado,sim-2026-05
7eb293c1-a3c8-5adf-9a74-8d6da3a5cc17,SC-02_20260504_0043.jpg,2026-05-04 08:49:42,SC-02,smartphone,saudavel,saudavel,0.9753,agrosmart-v1,simulado,sim-2026-05
3af8521f-8e00-598d-8f53-9a2fb882f9f3,SC-02_20260504_0044.jpg,2026-05-04 08:50:21,SC-02,smartphone,saudavel,saudavel,0.9900,agrosmart-v1,simulado,sim-2026-05
f93cd1ae-1ee0-551b-8e62-902bd8ebe113,SC-01_20260504_0001.jpg,2026-05-04 08:53:05,SC-01,smartphone,saudavel,saudavel,0.8801,agrosmart-v1,simulado,sim-2026-05
3b6cb205-a52c-5db7-81b2-fd95966e73ae,SC-01_20260504_0002.jpg,2026-05-04 08:53:38,SC-01,smartphone,saudavel,saudavel,0.9775,agrosmart-v1,simulado,sim-2026-05
a372efba-473a-5804-967c-d9205e9cda51,SC-01_20260504_0003.jpg,2026-05-04 08:54:21,SC-01,smartphone,saudavel,saudavel,0.9163,agrosmart-v1,simulado,sim-2026-05
52cb9d23-e45b-5946-bb15-33ac65550699,SC-01_20260504_0004.jpg,2026-05-04 08:55:08,SC-01,smartphone,saudavel,saudavel,0.8786,agrosmart-v1,simulado,sim-2026-05
1293331f-de74-5861-a22a-efa31f840977,SC-01_20260504_0005.jpg,2026-05-04 08:55:25,SC-01,smartphone,saudavel,saudavel,0.9819,agrosmart-v1,simulado,sim-2026-05
de4990ad-12a1-52b4-9dd1-0fad77906c42,SC-01_20260504_0006.jpg,2026-05-04 08:56:07,SC-01,smartphone,saudavel,saudavel,0.9554,agrosmart-v1,simulado,sim-2026-05
68a3bb08-2796-5865-9612-b02c6a6b73c3,SC-01_20260504_0007.jpg,2026-05-04 08:56:42,SC-01,smartphone,saudavel,saudavel,0.9338,agrosmart-v1,simulado,sim-2026-05
db86be3f-f8c4-5d69-a6ec-7fd0a7a7e068,SC-01_20260504_0008.jpg,2026-05-04 08:57:27,SC-01,smartphone,saudavel,saudavel,0.9980,agrosmart-v1,simulado,sim-2026-05
fb54c034-fd39-5699-b077-893b5762aa51,SC-01_20260504_0009.jpg,2026-05-04 08:58:17,SC-01,smartphone,doente,vaquinha,0.9953,agrosmart-v1,simulado,sim-2026-05
ce25f1ce-9a8d-5ee6-a99d-e2075522a70d,SC-01_20260504_0010.jpg,2026-05-04 08:59:06,SC-01,smartphone,saudavel,saudavel,0.8941,agrosmart-v1,simulado,sim-2026-05
a8abb659-77fc-5c3d-beed-0b16888c1b7f,SC-01_20260504_0011.jpg,2026-05-04 08:59:38,SC-01,smartphone,saudavel,saudavel,0.9184,agrosmart-v1,simulado,sim-2026-05
d92c72a8-1612-5826-970e-5a1e85062492,SC-01_20260504_0012.jpg,2026-05-04 09:00:07,SC-01,smartphone,doente,mosca_minadora,0.9490,agrosmart-v1,simulado,sim-2026-05
684d6ad1-f82d-5010-ba8d-98fdfc2531d8,SC-01_20260504_0013.jpg,2026-05-04 09:00:40,SC-01,smartphone,saudavel,saudavel,0.9686,agrosmart-v1,simulado,sim-2026-05
f73faa81-5828-5f3e-896b-1d40d4988f03,SC-01_20260504_0014.jpg,2026-05-04 09:01:31,SC-01,smartphone,saudavel,saudavel,0.9174,agrosmart-v1,simulado,sim-2026-05
2f029d08-062c-5d91-a72a-af5fc98b1f44,SC-01_20260504_0015.jpg,2026-05-04 09:02:04,SC-01,smartphone,saudavel,saudavel,0.9958,agrosmart-v1,simulado,sim-2026-05
741d04c3-2231-522a-aec0-c5863708bdee,SC-01_20260504_0016.jpg,2026-05-04 09:02:48,SC-01,smartphone,saudavel,saudavel,0.5436,agrosmart-v1,simulado,sim-2026-05
16f7aae7-dd3c-5025-ab53-3f417c2d6317,SC-01_20260504_0017.jpg,2026-05-04 09:03:36,SC-01,smartphone,saudavel,saudavel,0.9678,agrosmart-v1,simulado,sim-2026-05
9fa9e436-f011-5304-9e1c-9780a3a9fa1b,SC-01_20260504_0018.jpg,2026-05-04 09:04:17,SC-01,smartphone,saudavel,saudavel,0.9643,agrosmart-v1,simulado,sim-2026-05
c23583e4-902c-55d1-b835-f2edd91f8995,SC-01_20260504_0019.jpg,2026-05-04 09:04:46,SC-01,smartphone,saudavel,saudavel,0.9993,agrosmart-v1,simulado,sim-2026-05
9e00846b-bc70-5b22-858a-6e96923f3bac,SC-01_20260504_0020.jpg,2026-05-04 09:05:38,SC-01,smartphone,saudavel,saudavel,0.8494,agrosmart-v1,simulado,sim-2026-05
f5ee3960-8b5f-5f72-a915-78be5573e52b,SC-01_20260504_0021.jpg,2026-05-04 09:06:21,SC-01,smartphone,doente,pinta_preta,0.9999,agrosmart-v1,simulado,sim-2026-05
76b3efa8-d618-560b-8db9-e3f56f915610,SC-01_20260504_0022.jpg,2026-05-04 09:06:49,SC-01,smartphone,saudavel,saudavel,0.9882,agrosmart-v1,simulado,sim-2026-05
0c7d973e-2ce5-589f-9a5c-dd1dfc9a2d4a,SC-01_20260504_0023.jpg,2026-05-04 09:07:29,SC-01,smartphone,saudavel,saudavel,0.9980,agrosmart-v1,simulado,sim-2026-05
ec13eff8-b00b-5fc5-96cd-b61c0a7afd14,SC-01_20260504_0024.jpg,2026-05-04 09:08:02,SC-01,smartphone,saudavel,saudavel,0.8834,agrosmart-v1,simulado,sim-2026-05
1632fb3d-422c-5140-b90a-9fa60622bbfb,SC-01_20260504_0025.jpg,2026-05-04 09:08:52,SC-01,smartphone,saudavel,saudavel,0.5232,agrosmart-v1,simulado,sim-2026-05
4ae1a21c-cef1-5e81-94b7-ce233cca7efe,SC-01_20260504_0026.jpg,2026-05-04 09:09:26,SC-01,smartphone,saudavel,saudavel,0.9797,agrosmart-v1,simulado,sim-2026-05
036c0ad1-d77c-59a3-a224-2ecd22b7cbb7,SC-01_20260504_0027.jpg,2026-05-04 09:10:23,SC-01,smartphone,saudavel,saudavel,0.9834,agrosmart-v1,simulado,sim-2026-05
b6829f7b-30fb-5cb1-9dd2-bcca2cb6f8b4,SC-01_20260504_0028.jpg,2026-05-04 09:10:55,SC-01,smartphone,saudavel,saudavel,0.8205,agrosmart-v1,simulado,sim-2026-05
ac2c7174-79ee-5777-86d5-d90e9bd40c66,SC-01_20260504_0029.jpg,2026-05-04 09:11:24,SC-01,smartphone,saudavel,saudavel,0.9359,agrosmart-v1,simulado,sim-2026-05
4f05caae-64ca-5961-b971-12cdef260023,SC-01_20260504_0030.jpg,2026-05-04 09:12:24,SC-01,smartphone,saudavel,saudavel,0.9137,agrosmart-v1,simulado,sim-2026-05
7e8e53e4-6114-5572-a72d-194d7d8456a9,SC-01_20260504_0031.jpg,2026-05-04 09:12:42,SC-01,smartphone,saudavel,saudavel,0.8863,agrosmart-v1,simulado,sim-2026-05
6c43c9c3-86b1-5f05-a5b2-af85df2bf803,SC-01_20260504_0032.jpg,2026-05-04 09:13:36,SC-01,smartphone,saudavel,saudavel,0.9352,agrosmart-v1,simulado,sim-2026-05
ba56ce39-9e24-5f81-93c7-2143834f1f2f,SC-01_20260504_0033.jpg,2026-05-04 09:14:30,SC-01,smartphone,saudavel,saudavel,0.9556,agrosmart-v1,simulado,sim-2026-05
cf5a6d64-7a43-5484-86fb-760bb0fa3465,SC-01_20260504_0034.jpg,2026-05-04 09:15:07,SC-01,smartphone,saudavel,saudavel,0.9566,agrosmart-v1,simulado,sim-2026-05
3f1ad429-99bb-5ac5-96f0-32cfc2a1d51d,SC-01_20260504_0035.jpg,2026-05-04 09:15:34,SC-01,smartphone,saudavel,saudavel,0.8654,agrosmart-v1,simulado,sim-2026-05
4e0c8362-ef12-564d-872d-ea287606c9b0,SC-01_20260504_0036.jpg,2026-05-04 09:16:15,SC-01,smartphone,saudavel,saudavel,0.9989,agrosmart-v1,simulado,sim-2026-05
2232afde-50b7-54e6-bd9e-0397bcf2009a,SC-01_20260504_0037.jpg,2026-05-04 09:16:59,SC-01,smartphone,saudavel,saudavel,0.9489,agrosmart-v1,simulado,sim-2026-05
ee9a1eb4-a2cc-555a-aa3d-453c31001362,SC-01_20260504_0038.jpg,2026-05-04 09:17:39,SC-01,smartphone,saudavel,saudavel,0.9272,agrosmart-v1,simulado,sim-2026-05
270d360d-42e6-5d87-9768-94fbd97e9ebf,SC-01_20260504_0039.jpg,2026-05-04 09:18:08,SC-01,smartphone,saudavel,saudavel,0.9909,agrosmart-v1,simulado,sim-2026-05
4d48b492-8c3b-574a-9a26-30eac55f036e,TI-03_20260504_0001.jpg,2026-05-04 09:18:55,TI-03,drone,saudavel,saudavel,0.9843,agrosmart-v1,simulado,sim-2026-05
1e6bb5b5-8e32-5687-86a2-b27fb47c1dca,TI-03_20260504_0002.jpg,2026-05-04 09:19:49,TI-03,drone,saudavel,saudavel,0.9609,agrosmart-v1,simulado,sim-2026-05
95452872-d39b-5c0a-8c30-e99ac74d6155,TI-03_20260504_0003.jpg,2026-05-04 09:20:09,TI-03,drone,saudavel,saudavel,0.9639,agrosmart-v1,simulado,sim-2026-05
3c719cc1-c6f2-5a93-9466-a568ad5c70c3,TI-03_20260504_0004.jpg,2026-05-04 09:20:43,TI-03,drone,saudavel,saudavel,0.9617,agrosmart-v1,simulado,sim-2026-05
73706783-d401-5525-90bf-01cb212587e9,TI-03_20260504_0005.jpg,2026-05-04 09:21:44,TI-03,drone,saudavel,saudavel,0.8997,agrosmart-v1,simulado,sim-2026-05
38aa4647-d5f6-58c9-b8d0-9f62d00eb35b,TI-03_20260504_0006.jpg,2026-05-04 09:22:14,TI-03,drone,saudavel,saudavel,0.9915,agrosmart-v1,simulado,sim-2026-05
4a150c2a-0677-5f17-9ba1-581c534faf7a,TI-03_20260504_0007.jpg,2026-05-04 09:23:09,TI-03,drone,saudavel,saudavel,0.9063,agrosmart-v1,simulado,sim-2026-05
a3b19731-4c62-5efc-a926-12a8d9d45a74,TI-03_20260504_0008.jpg,2026-05-04 09:23:22,TI-03,drone,saudavel,saudavel,1.0000,agrosmart-v1,simulado,sim-2026-05
fe40cb16-78c3-59f6-b91d-d363a2ae2bc2,TI-04_20260504_0001.jpg,2026-05-04 09:23:49,TI-04,drone,saudavel,saudavel,0.8728,agrosmart-v1,simulado,sim-2026-05
57af39b2-9d64-5e37-86f5-0230294f87b5,TI-03_20260504_0009.jpg,2026-05-04 09:24:14,TI-03,drone,saudavel,saudavel,0.9185,agrosmart-v1,simulado,sim-2026-05
96fedeb5-4398-553f-818f-e92115e17f8d,TI-04_20260504_0002.jpg,2026-05-04 09:24:43,TI-04,drone,saudavel,saudavel,0.9990,agrosmart-v1,simulado,sim-2026-05
441b6b5b-e691-5f27-a2be-0bb16811436d,BV-03_20260504_0001.jpg,2026-05-04 09:24:51,BV-03,smartphone,saudavel,saudavel,0.9588,agrosmart-v1,simulado,sim-2026-05
de428114-c9bb-56ca-a80c-de9d0092b322,TI-03_20260504_0010.jpg,2026-05-04 09:25:04,TI-03,drone,saudavel,saudavel,0.9377,agrosmart-v1,simulado,sim-2026-05
ef3f819b-d290-52a6-8f0c-5aebc02386db,TI-04_20260504_0003.jpg,2026-05-04 09:25:30,TI-04,drone,saudavel,saudavel,0.8933,agrosmart-v1,simulado,sim-2026-05
9125f645-a338-5fdd-96ae-432a300147d6,TI-03_20260504_0011.jpg,2026-05-04 09:25:45,TI-03,drone,saudavel,saudavel,0.9983,agrosmart-v1,simulado,sim-2026-05
29b90bbe-69e6-5ac3-bd9d-b20131cceb06,TI-04_20260504_0004.jpg,2026-05-04 09:25:45,TI-04,drone,saudavel,saudavel,0.8862,agrosmart-v1,simulado,sim-2026-05
eda80768-d46d-569b-a1b6-3cd316af2ac7,BV-03_20260504_0002.jpg,2026-05-04 09:25:47,BV-03,smartphone,saudavel,saudavel,0.9986,agrosmart-v1,simulado,sim-2026-05
d9fd3186-4f58-55a9-94c9-3befd668efb7,TI-03_20260504_0012.jpg,2026-05-04 09:26:08,TI-03,drone,saudavel,saudavel,0.9168,agrosmart-v1,simulado,sim-2026-05
06d126fe-7944-5ebd-ae10-82afdbf48850,BV-03_20260504_0003.jpg,2026-05-04 09:26:23,BV-03,smartphone,saudavel,saudavel,0.9952,agrosmart-v1,simulado,sim-2026-05
75e2de84-b3ea-586b-82e6-cc8093daa6c8,TI-04_20260504_0005.jpg,2026-05-04 09:26:47,TI-04,drone,saudavel,saudavel,0.8910,agrosmart-v1,simulado,sim-2026-05
44f1461b-7d6d-525d-ab2c-7174e84720ab,BV-03_20260504_0004.jpg,2026-05-04 09:26:58,BV-03,smartphone,saudavel,saudavel,0.8247,agrosmart-v1,simulado,sim-2026-05
0323d001-ec61-5668-9113-d1c9c126bf8d,TI-04_20260504_0006.jpg,2026-05-04 09:27:02,TI-04,drone,saudavel,saudavel,0.8520,agrosmart-v1,simulado,sim-2026-05
d784c7a9-4d7a-5419-bddb-72b8ac82279e,TI-03_20260504_0013.jpg,2026-05-04 09:27:03,TI-03,drone,saudavel,saudavel,0.8386,agrosmart-v1,simulado,sim-2026-05
ca515cc3-603e-5c29-8924-bf02a535d0ab,TI-03_20260504_0014.jpg,2026-05-04 09:27:28,TI-03,drone,saudavel,saudavel,0.9779,agrosmart-v1,simulado,sim-2026-05
5fce9c1b-3bf0-5e0e-8a13-cd7a933773e8,BV-03_20260504_0005.jpg,2026-05-04 09:27:46,BV-03,smartphone,saudavel,saudavel,0.9378,agrosmart-v1,simulado,sim-2026-05
6f381ac9-2973-5b56-b1a6-4c8244178c15,TI-04_20260504_0007.jpg,2026-05-04 09:28:01,TI-04,drone,saudavel,saudavel,0.9275,agrosmart-v1,simulado,sim-2026-05
a2f33d36-a475-55f8-a51d-783e24a6d160,TI-04_20260504_0008.jpg,2026-05-04 09:28:27,TI-04,drone,saudavel,saudavel,0.9478,agrosmart-v1,simulado,sim-2026-05
a1bb0881-604e-5a5f-800e-2299aa329f49,BV-03_20260504_0006.jpg,2026-05-04 09:28:28,BV-03,smartphone,saudavel,saudavel,0.8866,agrosmart-v1,simulado,sim-2026-05
b3e23116-b837-5f9d-a195-7a2609a8254b,TI-03_20260504_0015.jpg,2026-05-04 09:28:29,TI-03,drone,saudavel,saudavel,0.8721,agrosmart-v1,simulado,sim-2026-05
526f4468-52ff-5010-9381-763360220f11,TI-03_20260504_0016.jpg,2026-05-04 09:28:45,TI-03,drone,saudavel,saudavel,0.9998,agrosmart-v1,simulado,sim-2026-05
9e9a51f7-2dee-5873-aa44-7a14dfcd2f2f,BV-03_20260504_0007.jpg,2026-05-04 09:29:08,BV-03,smartphone,saudavel,saudavel,0.9331,agrosmart-v1,simulado,sim-2026-05
0ac4a637-f322-55d0-8acb-b27427757434,TI-04_20260504_0009.jpg,2026-05-04 09:29:21,TI-04,drone,saudavel,saudavel,0.8933,agrosmart-v1,simulado,sim-2026-05
a20e3661-9861-5771-8df7-fb2b7eb09d7d,TI-03_20260504_0017.jpg,2026-05-04 09:29:43,TI-03,drone,doente,requeima,0.9957,agrosmart-v1,simulado,sim-2026-05
ccee9467-8d49-5af5-955e-dfa1b029cda8,TI-04_20260504_0010.jpg,2026-05-04 09:29:44,TI-04,drone,saudavel,saudavel,0.9892,agrosmart-v1,simulado,sim-2026-05
d580b2c2-0fa3-5d8b-bc07-f6c72d816d5f,BV-03_20260504_0008.jpg,2026-05-04 09:29:45,BV-03,smartphone,saudavel,saudavel,0.5300,agrosmart-v1,simulado,sim-2026-05
ee7f311a-828e-5780-831d-32e374c884d5,BV-03_20260504_0009.jpg,2026-05-04 09:30:19,BV-03,smartphone,saudavel,saudavel,0.9586,agrosmart-v1,simulado,sim-2026-05
67ae1eea-9fe0-51a3-b2a5-de2530e38cb9,TI-03_20260504_0018.jpg,2026-05-04 09:30:20,TI-03,drone,saudavel,saudavel,0.9081,agrosmart-v1,simulado,sim-2026-05
cf25e67d-74bc-5692-8c9f-079224875263,TI-04_20260504_0011.jpg,2026-05-04 09:30:50,TI-04,drone,saudavel,saudavel,0.8764,agrosmart-v1,simulado,sim-2026-05
14846cd0-35b2-5d7b-b62b-8d39977cbb1e,BV-03_20260504_0010.jpg,2026-05-04 09:30:57,BV-03,smartphone,saudavel,saudavel,0.8752,agrosmart-v1,simulado,sim-2026-05
18ad3f73-5ad1-5f76-b72c-0bad8e1d2e3f,TI-03_20260504_0019.jpg,2026-05-04 09:31:07,TI-03,drone,saudavel,saudavel,0.8857,agrosmart-v1,simulado,sim-2026-05
647a97f6-9dc7-5f58-8342-6b5d407ee8a9,TI-04_20260504_0012.jpg,2026-05-04 09:31:24,TI-04,drone,saudavel,saudavel,0.9937,agrosmart-v1,simulado,sim-2026-05
07f3bf91-56e4-53e7-9cfb-e5d8d94826a5,BV-03_20260504_0011.jpg,2026-05-04 09:31:30,BV-03,smartphone,saudavel,saudavel,0.9107,agrosmart-v1,simulado,sim-2026-05
4a11552c-7ffc-5e42-9de5-fcbcf4203ae2,TI-03_20260504_0020.jpg,2026-05-04 09:31:35,TI-03,drone,saudavel,saudavel,0.8459,agrosmart-v1,simulado,sim-2026-05
7614aefe-67a0-5db1-a742-db7fcfc475e9,TI-04_20260504_0013.jpg,2026-05-04 09:31:57,TI-04,drone,saudavel,saudavel,0.9716,agrosmart-v1,simulado,sim-2026-05
80d4e443-771a-5784-ab62-774d6850dd2d,BV-03_20260504_0012.jpg,2026-05-04 09:32:13,BV-03,smartphone,saudavel,saudavel,0.9848,agrosmart-v1,simulado,sim-2026-05
8e81cf97-c686-570d-a410-725bbc883239,TI-03_20260504_0021.jpg,2026-05-04 09:32:21,TI-03,drone,saudavel,saudavel,0.9411,agrosmart-v1,simulado,sim-2026-05
fd613a23-21f6-53b9-a705-0aeb951d0194,TI-04_20260504_0014.jpg,2026-05-04 09:32:37,TI-04,drone,saudavel,saudavel,0.9586,agrosmart-v1,simulado,sim-2026-05
f3ecfddc-707a-58d9-a0d9-7cf37689017f,TI-03_20260504_0022.jpg,2026-05-04 09:32:48,TI-03,drone,saudavel,saudavel,0.9984,agrosmart-v1,simulado,sim-2026-05
b233050f-b494-5c8f-b28c-ef789981307a,BV-03_20260504_0013.jpg,2026-05-04 09:33:00,BV-03,smartphone,saudavel,saudavel,0.9862,agrosmart-v1,simulado,sim-2026-05
0327783d-87ac-5d52-8666-c56ccf2535db,TI-04_20260504_0015.jpg,2026-05-04 09:33:22,TI-04,drone,saudavel,saudavel,0.9794,agrosmart-v1,simulado,sim-2026-05
380974d4-86fa-57b7-999f-054b08fcd1b7,TI-03_20260504_0023.jpg,2026-05-04 09:33:31,TI-03,drone,saudavel,saudavel,0.9227,agrosmart-v1,simulado,sim-2026-05
850d8bbb-ad88-5e73-ab51-9464fb1d676b,BV-03_20260504_0014.jpg,2026-05-04 09:33:44,BV-03,smartphone,saudavel,saudavel,0.9310,agrosmart-v1,simulado,sim-2026-05
2b9b25c1-6a24-54d9-ba2a-0654775ee10e,TI-03_20260504_0024.jpg,2026-05-04 09:34:01,TI-03,drone,saudavel,saudavel,0.9691,agrosmart-v1,simulado,sim-2026-05
6194fbe2-9774-5b7b-9285-6504d8f33669,TI-04_20260504_0016.jpg,2026-05-04 09:34:08,TI-04,drone,saudavel,saudavel,0.9778,agrosmart-v1,simulado,sim-2026-05
9b3f674a-7707-57e3-816b-122f2a2bf639,BV-03_20260504_0015.jpg,2026-05-04 09:34:26,BV-03,smartphone,saudavel,saudavel,0.9056,agrosmart-v1,simulado,sim-2026-05
780f6011-6086-5392-9678-dd48972c7883,TI-03_20260504_0025.jpg,2026-05-04 09:34:42,TI-03,drone,saudavel,saudavel,0.9711,agrosmart-v1,simulado,sim-2026-05
5edbb6d2-f454-5869-b13b-08f429717ca3,TI-04_20260504_0017.jpg,2026-05-04 09:34:48,TI-04,drone,saudavel,saudavel,0.9121,agrosmart-v1,simulado,sim-2026-05
c041bd3f-20be-50de-84aa-e7c20191b7bb,BV-03_20260504_0016.jpg,2026-05-04 09:34:54,BV-03,smartphone,saudavel,saudavel,0.8507,agrosmart-v1,simulado,sim-2026-05
8c72b70d-8204-5d45-8239-6cce545490de,TI-04_20260504_0018.jpg,2026-05-04 09:35:13,TI-04,drone,saudavel,saudavel,0.9998,agrosmart-v1,simulado,sim-2026-05
9765093b-4d06-52ff-b979-9b9ab13d8f0f,BV-03_20260504_0017.jpg,2026-05-04 09:35:44,BV-03,smartphone,saudavel,saudavel,0.9806,agrosmart-v1,simulado,sim-2026-05
2190b2f9-c304-56d7-a33f-ff6095916a9f,TI-04_20260504_0019.jpg,2026-05-04 09:35:46,TI-04,drone,saudavel,saudavel,0.9332,agrosmart-v1,simulado,sim-2026-05
3bcd3cdb-3d92-5d81-85c7-ac1958ee1f90,TI-03_20260504_0026.jpg,2026-05-04 09:35:47,TI-03,drone,doente,mosca_minadora,0.9289,agrosmart-v1,simulado,sim-2026-05
3eec0b20-f670-5065-a2c8-ea64f9bede8d,BV-03_20260504_0018.jpg,2026-05-04 09:36:11,BV-03,smartphone,saudavel,saudavel,0.9971,agrosmart-v1,simulado,sim-2026-05
6609709b-c21d-5c4c-a4ce-137232f41758,TI-03_20260504_0027.jpg,2026-05-04 09:36:14,TI-03,drone,saudavel,saudavel,0.8610,agrosmart-v1,simulado,sim-2026-05
1ab4234c-e4c4-5c79-9fbb-e0c13d5d2d84,BV-03_20260504_0019.jpg,2026-05-04 09:36:43,BV-03,smartphone,saudavel,saudavel,0.9995,agrosmart-v1,simulado,sim-2026-05
bf4c8dfe-e2df-511c-b841-a52e5f993d60,TI-04_20260504_0020.jpg,2026-05-04 09:36:49,TI-04,drone,saudavel,saudavel,0.8739,agrosmart-v1,simulado,sim-2026-05
7e146334-cd9c-5e97-bb81-b99e7c3149c2,TI-03_20260504_0028.jpg,2026-05-04 09:36:57,TI-03,drone,saudavel,saudavel,0.9635,agrosmart-v1,simulado,sim-2026-05
89d998dc-5bfa-5440-8644-300dee22644c,TI-04_20260504_0021.jpg,2026-05-04 09:37:22,TI-04,drone,saudavel,saudavel,0.9974,agrosmart-v1,simulado,sim-2026-05
1f6227cb-f0e6-5689-9457-6fefba142df7,BV-03_20260504_0020.jpg,2026-05-04 09:37:34,BV-03,smartphone,saudavel,saudavel,0.9615,agrosmart-v1,simulado,sim-2026-05
962d5ab7-416d-5191-847c-4b9d424df35a,TI-03_20260504_0029.jpg,2026-05-04 09:37:45,TI-03,drone,saudavel,saudavel,0.9353,agrosmart-v1,simulado,sim-2026-05
c2a51ff9-6cb6-5e2c-b29b-e659e5ea1ae2,TI-04_20260504_0022.jpg,2026-05-04 09:38:07,TI-04,drone,doente,pinta_preta,0.9700,agrosmart-v1,simulado,sim-2026-05
95d7e203-c902-51ca-954c-3ab77a64bb53,BV-03_20260504_0021.jpg,2026-05-04 09:38:21,BV-03,smartphone,saudavel,saudavel,0.8713,agrosmart-v1,simulado,sim-2026-05
d8da4872-b99e-54f7-b1e6-5d68b626d353,TI-03_20260504_0030.jpg,2026-05-04 09:38:28,TI-03,drone,saudavel,saudavel,0.9270,agrosmart-v1,simulado,sim-2026-05
0598d1a3-e827-56c0-ae13-edaf1f7fef54,TI-03_20260504_0031.jpg,2026-05-04 09:38:40,TI-03,drone,saudavel,saudavel,0.8730,agrosmart-v1,simulado,sim-2026-05
ce213ad5-9ab4-5fc8-ab49-a8958f969d08,TI-04_20260504_0023.jpg,2026-05-04 09:38:40,TI-04,drone,saudavel,saudavel,0.9098,agrosmart-v1,simulado,sim-2026-05
e771fc3c-95ca-5df7-ab58-e91422f50b7b,BV-03_20260504_0022.jpg,2026-05-04 09:39:06,BV-03,smartphone,saudavel,saudavel,0.9497,agrosmart-v1,simulado,sim-2026-05
02364fee-fcd4-5a94-839a-bd557f853d2a,TI-04_20260504_0024.jpg,2026-05-04 09:39:22,TI-04,drone,saudavel,saudavel,0.8201,agrosmart-v1,simulado,sim-2026-05
8a4e3544-7e1f-5a03-91fb-3d5b008a3a13,TI-03_20260504_0032.jpg,2026-05-04 09:39:37,TI-03,drone,saudavel,saudavel,0.5254,agrosmart-v1,simulado,sim-2026-05
25ab3f48-a7e6-5564-9b34-92f21339a65f,BV-03_20260504_0023.jpg,2026-05-04 09:39:39,BV-03,smartphone,saudavel,saudavel,0.9632,agrosmart-v1,simulado,sim-2026-05
108d1990-d1da-59c3-9bfe-b1bd7ace65ee,TI-04_20260504_0025.jpg,2026-05-04 09:39:45,TI-04,drone,saudavel,saudavel,0.9461,agrosmart-v1,simulado,sim-2026-05
2ce74637-2d2b-5a6c-b560-de6ba98846ce,BV-03_20260504_0024.jpg,2026-05-04 09:40:00,BV-03,smartphone,saudavel,saudavel,0.8986,agrosmart-v1,simulado,sim-2026-05
e5197ee2-c043-5838-ab05-9e900d2dd729,TI-04_20260504_0026.jpg,2026-05-04 09:40:40,TI-04,drone,saudavel,saudavel,0.8611,agrosmart-v1,simulado,sim-2026-05
7ecff7c0-478f-552a-b104-8e97ccbd9d20,BV-03_20260504_0025.jpg,2026-05-04 09:41:09,BV-03,smartphone,saudavel,saudavel,0.8458,agrosmart-v1,simulado,sim-2026-05
5f866d70-654d-582f-99d5-43f02f7baa22,TI-04_20260504_0027.jpg,2026-05-04 09:41:29,TI-04,drone,saudavel,saudavel,0.8761,agrosmart-v1,simulado,sim-2026-05
0f2e26b0-0abf-521a-b295-e5c8620aa3fe,TI-04_20260504_0028.jpg,2026-05-04 09:41:58,TI-04,drone,saudavel,saudavel,0.9653,agrosmart-v1,simulado,sim-2026-05
630237c9-d8f5-5a47-8f53-5de2cb1ce55d,TI-04_20260504_0029.jpg,2026-05-04 09:42:40,TI-04,drone,saudavel,saudavel,0.9552,agrosmart-v1,simulado,sim-2026-05
ec0ecf12-4d45-566c-8976-b984423d4d6f,TI-04_20260504_0030.jpg,2026-05-04 09:43:12,TI-04,drone,saudavel,saudavel,0.9668,agrosmart-v1,simulado,sim-2026-05
aeca4175-924d-5f1c-99ef-0a123c05bc63,TI-04_20260504_0031.jpg,2026-05-04 09:44:01,TI-04,drone,saudavel,saudavel,0.9180,agrosmart-v1,simulado,sim-2026-05
0f5569ec-2298-57f2-a2b5-4fb323100d63,BV-02_20260504_0001.jpg,2026-05-04 09:57:59,BV-02,smartphone,saudavel,saudavel,0.9734,agrosmart-v1,simulado,sim-2026-05
8fd0490f-f0cd-59cd-8cfe-a503def8e178,BV-02_20260504_0002.jpg,2026-05-04 09:58:20,BV-02,smartphone,saudavel,saudavel,0.9388,agrosmart-v1,simulado,sim-2026-05
cfecb128-39de-54b0-9a3c-c9ef698f777b,BV-02_20260504_0003.jpg,2026-05-04 09:59:00,BV-02,smartphone,saudavel,saudavel,0.9064,agrosmart-v1,simulado,sim-2026-05
6105e6f3-3cc7-50a7-98e8-1c48fb0213ed,BV-02_20260504_0004.jpg,2026-05-04 09:59:56,BV-02,smartphone,saudavel,saudavel,0.9312,agrosmart-v1,simulado,sim-2026-05
91b350f0-da9f-5b50-8cf2-1c6c4cd15169,BV-02_20260504_0005.jpg,2026-05-04 10:00:31,BV-02,smartphone,saudavel,saudavel,0.9379,agrosmart-v1,simulado,sim-2026-05
16a334b4-1b59-5a4f-8661-4fa6021d3d4d,BV-02_20260504_0006.jpg,2026-05-04 10:01:16,BV-02,smartphone,saudavel,saudavel,0.8652,agrosmart-v1,simulado,sim-2026-05
87fd0961-ccce-50e8-a349-1b0279d278b4,BV-02_20260504_0007.jpg,2026-05-04 10:01:45,BV-02,smartphone,saudavel,saudavel,0.9582,agrosmart-v1,simulado,sim-2026-05
f17e26cb-abf9-58e2-99f9-b5d10b8afd65,BV-02_20260504_0008.jpg,2026-05-04 10:02:32,BV-02,smartphone,saudavel,saudavel,0.7757,agrosmart-v1,simulado,sim-2026-05
aec7172f-960e-53f1-b6d4-cbb45de3d431,BV-02_20260504_0009.jpg,2026-05-04 10:03:09,BV-02,smartphone,saudavel,saudavel,0.9959,agrosmart-v1,simulado,sim-2026-05
a58403cb-0001-5690-8d75-56bf8df40e6e,BV-02_20260504_0010.jpg,2026-05-04 10:04:03,BV-02,smartphone,saudavel,saudavel,0.9240,agrosmart-v1,simulado,sim-2026-05
62f85299-500b-5c1b-a78d-ae0f12976590,BV-02_20260504_0011.jpg,2026-05-04 10:04:34,BV-02,smartphone,saudavel,saudavel,0.9266,agrosmart-v1,simulado,sim-2026-05
26b04f0e-2e49-5067-93a7-c9dd25dad2ae,BV-02_20260504_0012.jpg,2026-05-04 10:05:23,BV-02,smartphone,doente,pinta_preta,0.8896,agrosmart-v1,simulado,sim-2026-05
d1ca1c17-72ef-554a-a79f-d57bca463e69,BV-02_20260504_0013.jpg,2026-05-04 10:05:47,BV-02,smartphone,saudavel,saudavel,0.9762,agrosmart-v1,simulado,sim-2026-05
2a283382-cb6f-57b5-a469-e99aa7c71ad6,BV-02_20260504_0014.jpg,2026-05-04 10:06:40,BV-02,smartphone,doente,mosca_minadora,0.9805,agrosmart-v1,simulado,sim-2026-05
35c6817b-63b7-5379-8b54-024cf310d6f9,BV-02_20260504_0015.jpg,2026-05-04 10:07:17,BV-02,smartphone,saudavel,saudavel,0.8710,agrosmart-v1,simulado,sim-2026-05
de45b816-7672-5cde-a830-31e6269c6509,BV-02_20260504_0016.jpg,2026-05-04 10:07:42,BV-02,smartphone,saudavel,saudavel,0.9994,agrosmart-v1,simulado,sim-2026-05
778556ce-321c-5612-90df-e234aec9f327,BV-02_20260504_0017.jpg,2026-05-04 10:08:27,BV-02,smartphone,saudavel,saudavel,0.8856,agrosmart-v1,simulado,sim-2026-05
f64d0b61-f399-5df5-9414-89860c4f6910,BV-02_20260504_0018.jpg,2026-05-04 10:09:29,BV-02,smartphone,saudavel,saudavel,0.9892,agrosmart-v1,simulado,sim-2026-05
2cf68af2-5b17-5100-be95-2a7172409dc5,BV-02_20260504_0019.jpg,2026-05-04 10:09:54,BV-02,smartphone,saudavel,saudavel,0.8273,agrosmart-v1,simulado,sim-2026-05
8f46cbfe-c39c-5978-80d2-b4978b72ac1f,BV-02_20260504_0020.jpg,2026-05-04 10:10:28,BV-02,smartphone,saudavel,saudavel,0.9935,agrosmart-v1,simulado,sim-2026-05
96aee818-ce46-5ed0-9fe6-70205e555a1c,BV-02_20260504_0021.jpg,2026-05-04 10:11:02,BV-02,smartphone,saudavel,saudavel,0.9968,agrosmart-v1,simulado,sim-2026-05
7e9e45b4-c023-5ce2-af44-9a8b4dd9bb63,BV-02_20260504_0022.jpg,2026-05-04 10:11:46,BV-02,smartphone,saudavel,saudavel,0.9383,agrosmart-v1,simulado,sim-2026-05
db73a079-25af-53c0-8ba0-b8ec3aae601b,BV-02_20260504_0023.jpg,2026-05-04 10:12:34,BV-02,smartphone,saudavel,saudavel,0.8601,agrosmart-v1,simulado,sim-2026-05
becc15e0-d593-5970-a83f-19f52de03642,BV-02_20260504_0024.jpg,2026-05-04 10:13:25,BV-02,smartphone,saudavel,saudavel,0.9931,agrosmart-v1,simulado,sim-2026-05
34682371-034c-587e-8724-46551a36cf52,BV-02_20260504_0025.jpg,2026-05-04 10:13:42,BV-02,smartphone,saudavel,saudavel,0.9982,agrosmart-v1,simulado,sim-2026-05
8f901680-b505-5604-a9b8-0425d843cc62,BV-02_20260504_0026.jpg,2026-05-04 10:14:39,BV-02,smartphone,saudavel,saudavel,0.9417,agrosmart-v1,simulado,sim-2026-05
03204bf8-de4f-5ad0-955b-328a89d2a1f6,BV-02_20260504_0027.jpg,2026-05-04 10:15:27,BV-02,smartphone,saudavel,saudavel,0.9067,agrosmart-v1,simulado,sim-2026-05
11faa071-65f9-5698-a116-8898c619d7d8,BV-02_20260504_0028.jpg,2026-05-04 10:16:00,BV-02,smartphone,saudavel,saudavel,0.8831,agrosmart-v1,simulado,sim-2026-05
63e95d3a-c76a-5f1f-90e4-7556ce2fe6b6,TI-03_20260506_0001.jpg,2026-05-06 07:11:04,TI-03,drone,saudavel,saudavel,0.9943,agrosmart-v1,simulado,sim-2026-05
7cd41767-0cc5-5faf-bd76-8ff8ee8d41b4,TI-03_20260506_0002.jpg,2026-05-06 07:11:50,TI-03,drone,saudavel,saudavel,0.9090,agrosmart-v1,simulado,sim-2026-05
d5eb3e03-26c8-5ca7-b21b-a794c95c52d3,TI-03_20260506_0003.jpg,2026-05-06 07:12:02,TI-03,drone,saudavel,saudavel,0.9229,agrosmart-v1,simulado,sim-2026-05
8f1d8d1e-6ed6-52b2-bf7c-9d1e9894895d,TI-03_20260506_0004.jpg,2026-05-06 07:12:59,TI-03,drone,saudavel,saudavel,0.8472,agrosmart-v1,simulado,sim-2026-05
0e9ad765-d25a-5a2f-94e6-35414e4923d6,TI-03_20260506_0005.jpg,2026-05-06 07:13:41,TI-03,drone,saudavel,saudavel,0.8944,agrosmart-v1,simulado,sim-2026-05
6510a893-0579-5448-a7f8-bc478c3e328a,TI-03_20260506_0006.jpg,2026-05-06 07:14:30,TI-03,drone,saudavel,saudavel,0.9948,agrosmart-v1,simulado,sim-2026-05
a671f807-a141-57ba-a5d7-c8e573d9c565,TI-03_20260506_0007.jpg,2026-05-06 07:14:50,TI-03,drone,saudavel,saudavel,0.9981,agrosmart-v1,simulado,sim-2026-05
1847232d-b3f5-50ef-a447-2272a71ef3fb,TI-03_20260506_0008.jpg,2026-05-06 07:15:26,TI-03,drone,saudavel,saudavel,0.9472,agrosmart-v1,simulado,sim-2026-05
5fa90176-c5c5-5c4a-a537-f2733a4300a8,TI-03_20260506_0009.jpg,2026-05-06 07:16:09,TI-03,drone,saudavel,saudavel,0.9685,agrosmart-v1,simulado,sim-2026-05
f732b792-e35f-5b93-804d-42528fafb575,TI-03_20260506_0010.jpg,2026-05-06 07:16:40,TI-03,drone,saudavel,saudavel,0.9985,agrosmart-v1,simulado,sim-2026-05
4f1d8804-8945-51d3-9940-f5d9b47d4c38,TI-03_20260506_0011.jpg,2026-05-06 07:17:27,TI-03,drone,saudavel,saudavel,0.9756,agrosmart-v1,simulado,sim-2026-05
758bc4d3-972d-5c55-8479-f6c09a17731f,TI-03_20260506_0012.jpg,2026-05-06 07:18:07,TI-03,drone,saudavel,saudavel,0.8931,agrosmart-v1,simulado,sim-2026-05
7f3d4ecd-6949-590e-8e64-edc51ed51c52,TI-03_20260506_0013.jpg,2026-05-06 07:18:53,TI-03,drone,saudavel,saudavel,0.9955,agrosmart-v1,simulado,sim-2026-05
a3976fbd-37f8-517e-a154-e80e502693b4,TI-03_20260506_0014.jpg,2026-05-06 07:19:22,TI-03,drone,saudavel,saudavel,0.9403,agrosmart-v1,simulado,sim-2026-05
b699b61d-f933-59a0-8f0f-dfde3905354e,TI-03_20260506_0015.jpg,2026-05-06 07:20:04,TI-03,drone,saudavel,saudavel,0.9199,agrosmart-v1,simulado,sim-2026-05
6c101283-aebc-527d-93fb-cf251dd0e4fe,TI-03_20260506_0016.jpg,2026-05-06 07:21:04,TI-03,drone,saudavel,saudavel,0.9516,agrosmart-v1,simulado,sim-2026-05
fa8e1dc5-2b68-525e-aa8a-389560356bdc,TI-03_20260506_0017.jpg,2026-05-06 07:21:35,TI-03,drone,saudavel,saudavel,0.9991,agrosmart-v1,simulado,sim-2026-05
73fa4bb2-badc-56c6-939f-2660082ca423,TI-03_20260506_0018.jpg,2026-05-06 07:22:03,TI-03,drone,saudavel,saudavel,0.9998,agrosmart-v1,simulado,sim-2026-05
3f11d03e-a8b6-5e5d-b127-fcca1f3e8a4f,TI-03_20260506_0019.jpg,2026-05-06 07:22:41,TI-03,drone,saudavel,saudavel,0.9029,agrosmart-v1,simulado,sim-2026-05
f4f38c65-7a26-5bce-9cfd-abc851172b4d,TI-03_20260506_0020.jpg,2026-05-06 07:23:42,TI-03,drone,saudavel,saudavel,0.9283,agrosmart-v1,simulado,sim-2026-05
87954837-d6cc-5725-a4d5-787263ef0159,TI-03_20260506_0021.jpg,2026-05-06 07:24:11,TI-03,drone,saudavel,saudavel,0.9584,agrosmart-v1,simulado,sim-2026-05
d3ece1cb-e328-5b15-be56-cb8d82d51ab4,TI-03_20260506_0022.jpg,2026-05-06 07:24:53,TI-03,drone,saudavel,saudavel,0.9406,agrosmart-v1,simulado,sim-2026-05
ad828ada-0e62-5d96-a21b-1106da23eebb,TI-03_20260506_0023.jpg,2026-05-06 07:25:34,TI-03,drone,saudavel,saudavel,0.9999,agrosmart-v1,simulado,sim-2026-05
9039ed92-21b6-5445-88a7-85f410a406c2,TI-03_20260506_0024.jpg,2026-05-06 07:26:08,TI-03,drone,saudavel,saudavel,0.9992,agrosmart-v1,simulado,sim-2026-05
8a21f731-a47c-5de2-801b-d5ff840d1d95,TI-03_20260506_0025.jpg,2026-05-06 07:26:44,TI-03,drone,saudavel,saudavel,0.9125,agrosmart-v1,simulado,sim-2026-05
5f2e9175-6d70-5abe-b9c1-8957d955d7f3,TI-03_20260506_0026.jpg,2026-05-06 07:27:39,TI-03,drone,saudavel,saudavel,0.9987,agrosmart-v1,simulado,sim-2026-05
1c5a8f80-ef3b-5bb9-a64e-975377a95c07,TI-03_20260506_0027.jpg,2026-05-06 07:28:23,TI-03,drone,saudavel,saudavel,0.9988,agrosmart-v1,simulado,sim-2026-05
db9819c4-6ea4-5671-9c65-39b120ca9ef7,TI-03_20260506_0028.jpg,2026-05-06 07:28:43,TI-03,drone,saudavel,saudavel,0.9038,agrosmart-v1,simulado,sim-2026-05
8930e82d-5834-5544-bdef-e6598196cb1e,TI-03_20260506_0029.jpg,2026-05-06 07:29:36,TI-03,drone,saudavel,saudavel,0.8625,agrosmart-v1,simulado,sim-2026-05
531acb5d-885c-55c4-b9b5-50bb870e8333,SC-01_20260506_0001.jpg,2026-05-06 07:29:50,SC-01,smartphone,saudavel,saudavel,0.9548,agrosmart-v1,simulado,sim-2026-05
a38e8f23-6c19-52b7-b2f9-8ea285d4c02c,TI-04_20260506_0001.jpg,2026-05-06 07:29:59,TI-04,drone,saudavel,saudavel,0.9862,agrosmart-v1,simulado,sim-2026-05
fc847afa-a2bf-5b84-b720-b9ac426cac34,TI-03_20260506_0030.jpg,2026-05-06 07:30:26,TI-03,drone,saudavel,saudavel,0.8413,agrosmart-v1,simulado,sim-2026-05
1eefe376-32ad-5463-8e57-b47b1976f5d2,TI-04_20260506_0002.jpg,2026-05-06 07:30:28,TI-04,drone,saudavel,saudavel,0.6379,agrosmart-v1,simulado,sim-2026-05
5bb34c37-099e-5230-bc0b-6a4a58bca2dc,SC-01_20260506_0002.jpg,2026-05-06 07:30:45,SC-01,smartphone,saudavel,saudavel,0.9251,agrosmart-v1,simulado,sim-2026-05
c258585e-6a35-509e-bd97-fa720beb8f05,TI-03_20260506_0031.jpg,2026-05-06 07:30:52,TI-03,drone,saudavel,saudavel,0.9929,agrosmart-v1,simulado,sim-2026-05
fcba3531-ca5b-542a-903d-7c415d0f4504,TI-04_20260506_0003.jpg,2026-05-06 07:31:20,TI-04,drone,saudavel,saudavel,0.9554,agrosmart-v1,simulado,sim-2026-05
daf5fa9e-2fc5-502b-86bc-20b72f0c0092,SC-01_20260506_0003.jpg,2026-05-06 07:31:26,SC-01,smartphone,saudavel,saudavel,0.9858,agrosmart-v1,simulado,sim-2026-05
e3ecb2d6-d356-55bc-b5c7-f5575804565a,TI-03_20260506_0032.jpg,2026-05-06 07:31:39,TI-03,drone,saudavel,saudavel,0.9775,agrosmart-v1,simulado,sim-2026-05
06b821e0-0abb-5e38-8906-eb4e949bc4bf,TI-04_20260506_0004.jpg,2026-05-06 07:31:56,TI-04,drone,saudavel,saudavel,0.9364,agrosmart-v1,simulado,sim-2026-05
bc740bed-38e7-5244-975a-12dc965d346d,TI-03_20260506_0033.jpg,2026-05-06 07:32:03,TI-03,drone,saudavel,saudavel,0.9740,agrosmart-v1,simulado,sim-2026-05
dfbbb36f-49b9-5acc-803f-6da6a120e3f1,SC-01_20260506_0004.jpg,2026-05-06 07:32:08,SC-01,smartphone,saudavel,saudavel,0.9552,agrosmart-v1,simulado,sim-2026-05
39ac72e2-f3a7-538b-8cd4-f8ccc89f7bd2,TI-04_20260506_0005.jpg,2026-05-06 07:32:32,TI-04,drone,saudavel,saudavel,0.7605,agrosmart-v1,simulado,sim-2026-05
235091ce-080a-59a4-a829-e56c248ac242,SC-01_20260506_0005.jpg,2026-05-06 07:32:41,SC-01,smartphone,saudavel,saudavel,0.9825,agrosmart-v1,simulado,sim-2026-05
acb7f64b-592c-54ba-b9ca-b209c49712e7,TI-04_20260506_0006.jpg,2026-05-06 07:33:01,TI-04,drone,saudavel,saudavel,0.8773,agrosmart-v1,simulado,sim-2026-05
2794279f-e793-5384-a088-9cfef2251e01,TI-03_20260506_0034.jpg,2026-05-06 07:33:06,TI-03,drone,saudavel,saudavel,0.9523,agrosmart-v1,simulado,sim-2026-05
ce65bd7c-87f4-51c5-b422-b7577473120d,SC-01_20260506_0006.jpg,2026-05-06 07:33:07,SC-01,smartphone,saudavel,saudavel,0.8861,agrosmart-v1,simulado,sim-2026-05
3cd24cf2-744e-572c-a829-c3d35e890054,TI-03_20260506_0035.jpg,2026-05-06 07:33:42,TI-03,drone,saudavel,saudavel,0.9006,agrosmart-v1,simulado,sim-2026-05
4c35f0fb-052b-54f5-8b11-343a1f4f9d69,TI-04_20260506_0007.jpg,2026-05-06 07:33:51,TI-04,drone,saudavel,saudavel,0.9730,agrosmart-v1,simulado,sim-2026-05
72698c9f-23ba-5975-8fbd-28f196612d11,SC-01_20260506_0007.jpg,2026-05-06 07:33:55,SC-01,smartphone,saudavel,saudavel,0.9532,agrosmart-v1,simulado,sim-2026-05
fa797f8c-06b8-5b85-91f5-d18d207c1380,TI-03_20260506_0036.jpg,2026-05-06 07:34:29,TI-03,drone,saudavel,saudavel,0.9738,agrosmart-v1,simulado,sim-2026-05
081dc2e7-3755-5cad-a988-e4e1934447fe,TI-03_20260506_0037.jpg,2026-05-06 07:34:40,TI-03,drone,saudavel,saudavel,0.9976,agrosmart-v1,simulado,sim-2026-05
e6f1bd88-bfd3-5f42-8efa-c190ff62731e,TI-04_20260506_0008.jpg,2026-05-06 07:34:43,TI-04,drone,saudavel,saudavel,0.9069,agrosmart-v1,simulado,sim-2026-05
9ea2c589-5152-5def-b4b6-b3b9bcd52d3c,SC-01_20260506_0008.jpg,2026-05-06 07:34:49,SC-01,smartphone,saudavel,saudavel,0.8940,agrosmart-v1,simulado,sim-2026-05
d391ed3d-fa33-5870-ab01-53d90982b1b4,TI-04_20260506_0009.jpg,2026-05-06 07:35:07,TI-04,drone,saudavel,saudavel,0.9290,agrosmart-v1,simulado,sim-2026-05
9c199a1f-2c29-5bb7-a2c6-6d27379d14e1,SC-01_20260506_0009.jpg,2026-05-06 07:35:10,SC-01,smartphone,saudavel,saudavel,0.9724,agrosmart-v1,simulado,sim-2026-05
73490549-903c-5e3d-8197-ef2f983dafee,TI-03_20260506_0038.jpg,2026-05-06 07:35:40,TI-03,drone,saudavel,saudavel,0.9563,agrosmart-v1,simulado,sim-2026-05
08aa46e3-4cda-5190-9ef1-50a3701c6e74,SC-01_20260506_0010.jpg,2026-05-06 07:35:51,SC-01,smartphone,saudavel,saudavel,0.8768,agrosmart-v1,simulado,sim-2026-05
7471917c-f53a-5cbf-a53d-803d8116ef43,TI-03_20260506_0039.jpg,2026-05-06 07:36:03,TI-03,drone,saudavel,saudavel,0.8684,agrosmart-v1,simulado,sim-2026-05
c1fbd434-7d02-59eb-a993-68f8116f1b8a,TI-04_20260506_0010.jpg,2026-05-06 07:36:05,TI-04,drone,saudavel,saudavel,0.8949,agrosmart-v1,simulado,sim-2026-05
ac321360-b4fe-544a-bfbb-ae7714b3a5af,TI-04_20260506_0011.jpg,2026-05-06 07:36:20,TI-04,drone,saudavel,saudavel,0.9867,agrosmart-v1,simulado,sim-2026-05
d5583b04-3992-5e24-ad7f-46e39f918bd8,SC-01_20260506_0011.jpg,2026-05-06 07:36:44,SC-01,smartphone,saudavel,saudavel,0.9940,agrosmart-v1,simulado,sim-2026-05
206a9450-21eb-5e62-99eb-40a905431ba5,TI-04_20260506_0012.jpg,2026-05-06 07:37:01,TI-04,drone,saudavel,saudavel,0.8859,agrosmart-v1,simulado,sim-2026-05
da61e482-4d07-537c-9bb5-f4499ebafba7,SC-01_20260506_0012.jpg,2026-05-06 07:37:18,SC-01,smartphone,saudavel,saudavel,0.9998,agrosmart-v1,simulado,sim-2026-05
69c22734-307d-53e6-a93c-98120656a645,TI-04_20260506_0013.jpg,2026-05-06 07:37:46,TI-04,drone,saudavel,saudavel,0.9084,agrosmart-v1,simulado,sim-2026-05
c466d7e9-7cf4-5a01-bb57-7f3b2156fc75,SC-01_20260506_0013.jpg,2026-05-06 07:37:56,SC-01,smartphone,saudavel,saudavel,0.9682,agrosmart-v1,simulado,sim-2026-05
4e78d12d-497a-544f-976b-aff57efc2a41,SC-01_20260506_0014.jpg,2026-05-06 07:38:24,SC-01,smartphone,saudavel,saudavel,0.9017,agrosmart-v1,simulado,sim-2026-05
f799dbc6-24e1-5e0a-8401-7bc574840f53,TI-04_20260506_0014.jpg,2026-05-06 07:38:36,TI-04,drone,saudavel,saudavel,0.9949,agrosmart-v1,simulado,sim-2026-05
466ff586-15a2-519c-93f5-1ddd7b1e6fdb,SC-01_20260506_0015.jpg,2026-05-06 07:39:02,SC-01,smartphone,saudavel,saudavel,0.9930,agrosmart-v1,simulado,sim-2026-05
b6c240a9-d30e-5acf-ad70-f0115be3dd0e,TI-04_20260506_0015.jpg,2026-05-06 07:39:25,TI-04,drone,saudavel,saudavel,0.9763,agrosmart-v1,simulado,sim-2026-05
bd4f8712-513c-5799-b148-ca5ff170b131,SC-01_20260506_0016.jpg,2026-05-06 07:39:48,SC-01,smartphone,saudavel,saudavel,0.9151,agrosmart-v1,simulado,sim-2026-05
9434923a-6745-53fe-82ea-cbc68d2a6c38,TI-04_20260506_0016.jpg,2026-05-06 07:39:51,TI-04,drone,saudavel,saudavel,0.8424,agrosmart-v1,simulado,sim-2026-05
e5f1761b-8e81-5bb8-b92e-19df46c0d339,SC-01_20260506_0017.jpg,2026-05-06 07:40:41,SC-01,smartphone,saudavel,saudavel,0.9070,agrosmart-v1,simulado,sim-2026-05
35910f13-56d0-5902-9c7c-7ff595fa6671,TI-04_20260506_0017.jpg,2026-05-06 07:40:44,TI-04,drone,saudavel,saudavel,0.9400,agrosmart-v1,simulado,sim-2026-05
1bf87d63-dff0-527f-90bf-7ebb59208822,SC-01_20260506_0018.jpg,2026-05-06 07:41:21,SC-01,smartphone,saudavel,saudavel,0.9856,agrosmart-v1,simulado,sim-2026-05
61b32f7b-6a9e-5e97-b1a0-8506df216c73,TI-04_20260506_0018.jpg,2026-05-06 07:41:21,TI-04,drone,saudavel,saudavel,0.8403,agrosmart-v1,simulado,sim-2026-05
d02e319a-9562-5019-8481-9364f9b81fa5,SC-01_20260506_0019.jpg,2026-05-06 07:41:41,SC-01,smartphone,saudavel,saudavel,0.8413,agrosmart-v1,simulado,sim-2026-05
80b9c2b9-09b8-565d-93ab-c64d79190513,TI-04_20260506_0019.jpg,2026-05-06 07:41:41,TI-04,drone,saudavel,saudavel,0.9990,agrosmart-v1,simulado,sim-2026-05
57bf9ca9-4efd-580c-8ab5-d22589b2c8e8,SC-01_20260506_0020.jpg,2026-05-06 07:42:38,SC-01,smartphone,saudavel,saudavel,0.9626,agrosmart-v1,simulado,sim-2026-05
b5b2a377-78d1-501b-8cc1-b2ad24211379,TI-04_20260506_0020.jpg,2026-05-06 07:42:43,TI-04,drone,saudavel,saudavel,0.8765,agrosmart-v1,simulado,sim-2026-05
f483837b-7bac-51a0-9325-ab6b56dc02ca,SC-01_20260506_0021.jpg,2026-05-06 07:43:16,SC-01,smartphone,saudavel,saudavel,0.9479,agrosmart-v1,simulado,sim-2026-05
dfdf3b43-3b4f-595b-b3c4-2fb791720890,TI-04_20260506_0021.jpg,2026-05-06 07:43:17,TI-04,drone,saudavel,saudavel,1.0000,agrosmart-v1,simulado,sim-2026-05
142937d9-35fe-5c09-afa9-40211a01e6e4,TI-04_20260506_0022.jpg,2026-05-06 07:43:53,TI-04,drone,saudavel,saudavel,0.9985,agrosmart-v1,simulado,sim-2026-05
869fa1c2-fca4-5a27-8cd2-34c0ab19032b,SC-01_20260506_0022.jpg,2026-05-06 07:44:09,SC-01,smartphone,saudavel,saudavel,0.9253,agrosmart-v1,simulado,sim-2026-05
d80782ca-0e86-5958-bc46-273be68a3845,SC-01_20260506_0023.jpg,2026-05-06 07:44:24,SC-01,smartphone,saudavel,saudavel,0.8851,agrosmart-v1,simulado,sim-2026-05
b8f47eef-7d94-5460-a298-53fcc94b2217,TI-04_20260506_0023.jpg,2026-05-06 07:44:46,TI-04,drone,saudavel,saudavel,0.9669,agrosmart-v1,simulado,sim-2026-05
0eee1eda-422f-5d49-a9d8-4017ad51ad82,SC-01_20260506_0024.jpg,2026-05-06 07:45:01,SC-01,smartphone,saudavel,saudavel,0.9626,agrosmart-v1,simulado,sim-2026-05
9052084a-c678-5abe-8ae6-d339c0a861a5,TI-04_20260506_0024.jpg,2026-05-06 07:45:15,TI-04,drone,saudavel,saudavel,0.9172,agrosmart-v1,simulado,sim-2026-05
df0e14ad-d44a-575f-9484-9eb3078532ca,TI-04_20260506_0025.jpg,2026-05-06 07:45:57,TI-04,drone,saudavel,saudavel,0.9383,agrosmart-v1,simulado,sim-2026-05
cc09b7cc-61dc-57c8-bc32-fc0e2a13adab,SC-01_20260506_0025.jpg,2026-05-06 07:46:01,SC-01,smartphone,saudavel,saudavel,0.5949,agrosmart-v1,simulado,sim-2026-05
6ede2dd7-a9a6-53f6-b21a-8a88960350e6,SC-01_20260506_0026.jpg,2026-05-06 07:46:39,SC-01,smartphone,saudavel,saudavel,0.8961,agrosmart-v1,simulado,sim-2026-05
9b1bacdb-aa9a-5bf7-b316-a2aa5f7cf5c9,TI-04_20260506_0026.jpg,2026-05-06 07:46:41,TI-04,drone,saudavel,saudavel,0.9904,agrosmart-v1,simulado,sim-2026-05
2fbabb5e-c809-5b71-8da5-c966e9e09ea6,SC-01_20260506_0027.jpg,2026-05-06 07:47:03,SC-01,smartphone,saudavel,saudavel,0.9843,agrosmart-v1,simulado,sim-2026-05
316226c3-6e72-5c90-9ae3-1220192ea3d0,TI-04_20260506_0027.jpg,2026-05-06 07:47:14,TI-04,drone,saudavel,saudavel,0.9807,agrosmart-v1,simulado,sim-2026-05
b3707dea-36ad-510c-86e4-ded4b2404151,SC-01_20260506_0028.jpg,2026-05-06 07:47:54,SC-01,smartphone,saudavel,saudavel,0.9565,agrosmart-v1,simulado,sim-2026-05
b6dc1cc9-3d95-5249-9495-8765faf061f4,TI-04_20260506_0028.jpg,2026-05-06 07:48:07,TI-04,drone,saudavel,saudavel,0.9686,agrosmart-v1,simulado,sim-2026-05
1363cd5a-62cb-5775-8ddf-b87abc4d4de9,TI-04_20260506_0029.jpg,2026-05-06 07:48:47,TI-04,drone,saudavel,saudavel,0.8690,agrosmart-v1,simulado,sim-2026-05
6de94f9a-3941-5f65-a0d6-1d8f23d32240,SC-01_20260506_0029.jpg,2026-05-06 07:48:48,SC-01,smartphone,saudavel,saudavel,0.9984,agrosmart-v1,simulado,sim-2026-05
1c41e53a-1b1d-57ba-90e1-6e0e943cdbef,TI-04_20260506_0030.jpg,2026-05-06 07:49:17,TI-04,drone,saudavel,saudavel,0.9990,agrosmart-v1,simulado,sim-2026-05
0268aed7-dde8-546d-af1c-b9a1d1aa52f6,SC-01_20260506_0030.jpg,2026-05-06 07:49:30,SC-01,smartphone,saudavel,saudavel,0.9826,agrosmart-v1,simulado,sim-2026-05
bfaa9ead-6d5d-5947-af51-e6f9a5aa0882,SC-01_20260506_0031.jpg,2026-05-06 07:49:55,SC-01,smartphone,saudavel,saudavel,0.9685,agrosmart-v1,simulado,sim-2026-05
d5401fed-8f27-52ab-bf8c-b658fb17b985,TI-04_20260506_0031.jpg,2026-05-06 07:49:58,TI-04,drone,saudavel,saudavel,0.9386,agrosmart-v1,simulado,sim-2026-05
1855af9b-82c8-56d0-abd2-91882870494b,SC-01_20260506_0032.jpg,2026-05-06 07:50:24,SC-01,smartphone,saudavel,saudavel,0.9971,agrosmart-v1,simulado,sim-2026-05
9cd13b28-015c-5eb7-94b6-3b4c6c0be6e4,TI-04_20260506_0032.jpg,2026-05-06 07:50:39,TI-04,drone,saudavel,saudavel,0.8461,agrosmart-v1,simulado,sim-2026-05
b84d106d-2ee2-516d-82e2-ad0a74fa6fab,TI-04_20260506_0033.jpg,2026-05-06 07:51:08,TI-04,drone,saudavel,saudavel,0.8853,agrosmart-v1,simulado,sim-2026-05
61cfeca1-e13c-594a-b410-6d6a557e7d78,SC-01_20260506_0033.jpg,2026-05-06 07:51:26,SC-01,smartphone,saudavel,saudavel,0.9554,agrosmart-v1,simulado,sim-2026-05
669611a4-1455-5729-b2b8-44c563f88e1e,SC-01_20260506_0034.jpg,2026-05-06 07:51:58,SC-01,smartphone,saudavel,saudavel,0.9602,agrosmart-v1,simulado,sim-2026-05
05e580e3-1ba4-5d01-ae88-52dd9dd6e990,SC-01_20260506_0035.jpg,2026-05-06 07:52:20,SC-01,smartphone,saudavel,saudavel,0.9546,agrosmart-v1,simulado,sim-2026-05
af71fea7-2357-5c1e-9439-98267062c342,SC-01_20260506_0036.jpg,2026-05-06 07:53:00,SC-01,smartphone,saudavel,saudavel,0.9956,agrosmart-v1,simulado,sim-2026-05
ea6abbf5-c70c-525a-bea8-37c87de3b4a3,BV-03_20260506_0001.jpg,2026-05-06 07:53:04,BV-03,smartphone,saudavel,saudavel,0.9508,agrosmart-v1,simulado,sim-2026-05
91815bb0-0b19-5cfc-b05f-84ec0498cf74,BV-03_20260506_0002.jpg,2026-05-06 07:53:36,BV-03,smartphone,saudavel,saudavel,0.9940,agrosmart-v1,simulado,sim-2026-05
41ee84d9-0920-5970-a03b-83095a8b4576,SC-01_20260506_0037.jpg,2026-05-06 07:53:41,SC-01,smartphone,saudavel,saudavel,0.9217,agrosmart-v1,simulado,sim-2026-05
9c40df7a-63b8-5f45-aa43-c9603657af3b,BV-03_20260506_0003.jpg,2026-05-06 07:54:00,BV-03,smartphone,saudavel,saudavel,0.9545,agrosmart-v1,simulado,sim-2026-05
fcff36ee-86bd-5e6d-8609-5aec1ed1fca7,SC-01_20260506_0038.jpg,2026-05-06 07:54:44,SC-01,smartphone,saudavel,saudavel,0.5860,agrosmart-v1,simulado,sim-2026-05
736af7c9-0888-50f2-86ce-f4318cd9ff75,TI-01_20260506_0001.jpg,2026-05-06 07:55:01,TI-01,drone,saudavel,saudavel,0.8927,agrosmart-v1,simulado,sim-2026-05
16623818-aa5a-50c9-ab87-45dacc8c76bc,BV-03_20260506_0004.jpg,2026-05-06 07:55:07,BV-03,smartphone,saudavel,saudavel,0.8918,agrosmart-v1,simulado,sim-2026-05
63c962e2-e44f-5e97-8e4a-3cea5ff09a22,SC-01_20260506_0039.jpg,2026-05-06 07:55:12,SC-01,smartphone,saudavel,saudavel,0.8925,agrosmart-v1,simulado,sim-2026-05
a952e71b-ed56-5de4-8a18-cd7de33d5e44,TI-01_20260506_0002.jpg,2026-05-06 07:55:27,TI-01,drone,saudavel,saudavel,0.8444,agrosmart-v1,simulado,sim-2026-05
cd2440f5-8ea1-514b-b595-1ee8a2bfb199,BV-03_20260506_0005.jpg,2026-05-06 07:55:39,BV-03,smartphone,saudavel,saudavel,0.9565,agrosmart-v1,simulado,sim-2026-05
c60bf6f2-6cc0-52d7-b293-b72a0ce3ba21,BV-03_20260506_0006.jpg,2026-05-06 07:56:08,BV-03,smartphone,saudavel,saudavel,0.9796,agrosmart-v1,simulado,sim-2026-05
f9210c60-17ce-5e24-8beb-1165564882b6,TI-01_20260506_0003.jpg,2026-05-06 07:56:25,TI-01,drone,saudavel,saudavel,0.9893,agrosmart-v1,simulado,sim-2026-05
79ce0f7d-dad7-54f9-a4fe-4373344ece3b,TI-01_20260506_0004.jpg,2026-05-06 07:56:54,TI-01,drone,doente,pinta_preta,1.0000,agrosmart-v1,simulado,sim-2026-05
7cf1bb08-2ffa-52e9-8b39-76874a66ae92,BV-03_20260506_0007.jpg,2026-05-06 07:57:06,BV-03,smartphone,doente,pinta_preta,0.7346,agrosmart-v1,simulado,sim-2026-05
876c9886-3230-5479-9c05-f48cbc136f1a,TI-01_20260506_0005.jpg,2026-05-06 07:57:23,TI-01,drone,saudavel,saudavel,0.9983,agrosmart-v1,simulado,sim-2026-05
3769d883-04bb-54ba-b7e0-6a96ab16a2b4,BV-03_20260506_0008.jpg,2026-05-06 07:57:47,BV-03,smartphone,saudavel,saudavel,0.9067,agrosmart-v1,simulado,sim-2026-05
6a1ce56d-a695-5dae-af49-a74848d73349,BV-03_20260506_0009.jpg,2026-05-06 07:58:05,BV-03,smartphone,saudavel,saudavel,0.9643,agrosmart-v1,simulado,sim-2026-05
4611da14-3c14-52a7-9f7e-3a08666deba7,TI-01_20260506_0006.jpg,2026-05-06 07:58:18,TI-01,drone,saudavel,saudavel,0.8888,agrosmart-v1,simulado,sim-2026-05
396b53cb-45b0-55f9-a6ae-d75e2fc0c87f,BV-03_20260506_0010.jpg,2026-05-06 07:58:51,BV-03,smartphone,saudavel,saudavel,0.9435,agrosmart-v1,simulado,sim-2026-05
772b2ad1-1705-5394-9ab7-acf2f5fea56e,TI-01_20260506_0007.jpg,2026-05-06 07:59:08,TI-01,drone,saudavel,saudavel,0.9639,agrosmart-v1,simulado,sim-2026-05
ec26667b-2bbd-56ec-a598-7fc3fc2a2e41,BV-03_20260506_0011.jpg,2026-05-06 07:59:33,BV-03,smartphone,saudavel,saudavel,0.9912,agrosmart-v1,simulado,sim-2026-05
32f5a7d0-6c01-562e-8ef7-57f57be4afa5,TI-01_20260506_0008.jpg,2026-05-06 07:59:36,TI-01,drone,saudavel,saudavel,0.9946,agrosmart-v1,simulado,sim-2026-05
6a9674b6-5931-559d-9ae0-37fc2bf449ba,BV-03_20260506_0012.jpg,2026-05-06 08:00:02,BV-03,smartphone,saudavel,saudavel,0.9223,agrosmart-v1,simulado,sim-2026-05
7ae93257-3573-580f-bc0e-bb90753051ee,TI-01_20260506_0009.jpg,2026-05-06 08:00:07,TI-01,drone,saudavel,saudavel,0.9950,agrosmart-v1,simulado,sim-2026-05
70034e07-c780-59ae-a0ea-5bdc4eae293e,BV-03_20260506_0013.jpg,2026-05-06 08:00:57,BV-03,smartphone,saudavel,saudavel,0.8975,agrosmart-v1,simulado,sim-2026-05
4b2bb133-f10d-5a97-a421-8f73ed5dec94,TI-01_20260506_0010.jpg,2026-05-06 08:01:09,TI-01,drone,saudavel,saudavel,0.9575,agrosmart-v1,simulado,sim-2026-05
a983bfa8-15f7-58f5-b05b-11e5028bf8f1,TI-01_20260506_0011.jpg,2026-05-06 08:01:38,TI-01,drone,saudavel,saudavel,0.5601,agrosmart-v1,simulado,sim-2026-05
eaf3bee5-54f6-5ba0-93ae-ab87d72be939,BV-03_20260506_0014.jpg,2026-05-06 08:01:43,BV-03,smartphone,saudavel,saudavel,0.7458,agrosmart-v1,simulado,sim-2026-05
1832dd9b-f24e-59c1-b02c-ff26832b8ffc,TI-01_20260506_0012.jpg,2026-05-06 08:02:03,TI-01,drone,saudavel,saudavel,0.9124,agrosmart-v1,simulado,sim-2026-05
7471fb96-0552-5542-a769-25b69669e7fc,BV-03_20260506_0015.jpg,2026-05-06 08:02:04,BV-03,smartphone,saudavel,saudavel,0.9999,agrosmart-v1,simulado,sim-2026-05
5a168b67-20a6-5cc1-a772-0b4564b8e387,BV-03_20260506_0016.jpg,2026-05-06 08:02:43,BV-03,smartphone,saudavel,saudavel,0.8884,agrosmart-v1,simulado,sim-2026-05
90c18749-95d2-5c38-afad-758f690f20df,TI-01_20260506_0013.jpg,2026-05-06 08:02:59,TI-01,drone,saudavel,saudavel,0.8999,agrosmart-v1,simulado,sim-2026-05
a636af86-16db-551f-87eb-3b78321c28ae,BV-03_20260506_0017.jpg,2026-05-06 08:03:27,BV-03,smartphone,saudavel,saudavel,0.9489,agrosmart-v1,simulado,sim-2026-05
a73d4d01-6352-52ee-aeae-cd4aa1648eab,TI-01_20260506_0014.jpg,2026-05-06 08:03:33,TI-01,drone,saudavel,saudavel,0.8604,agrosmart-v1,simulado,sim-2026-05
ffd30a3b-cb58-531e-8364-166825655bfb,BV-03_20260506_0018.jpg,2026-05-06 08:04:15,BV-03,smartphone,saudavel,saudavel,0.9248,agrosmart-v1,simulado,sim-2026-05
fe8aa810-efc2-50b1-99cd-4dd28f4540f3,TI-01_20260506_0015.jpg,2026-05-06 08:04:25,TI-01,drone,doente,pinta_preta,0.9140,agrosmart-v1,simulado,sim-2026-05
7d7130f1-22ed-5f71-b52e-b92d05442a44,BV-03_20260506_0019.jpg,2026-05-06 08:04:43,BV-03,smartphone,saudavel,saudavel,0.9672,agrosmart-v1,simulado,sim-2026-05
2ea7a4b5-7fcc-5002-b55e-6e3716acc207,TI-01_20260506_0016.jpg,2026-05-06 08:04:55,TI-01,drone,saudavel,saudavel,0.9885,agrosmart-v1,simulado,sim-2026-05
09136334-4bc0-5576-be51-fbc32daa23c5,TI-01_20260506_0017.jpg,2026-05-06 08:05:37,TI-01,drone,saudavel,saudavel,0.9536,agrosmart-v1,simulado,sim-2026-05
acade1f1-9c46-5dc0-8829-646b632a8d0e,BV-03_20260506_0020.jpg,2026-05-06 08:05:42,BV-03,smartphone,saudavel,saudavel,0.8771,agrosmart-v1,simulado,sim-2026-05
3c05e320-f40b-5e46-93b1-ae8adf13f245,TI-01_20260506_0018.jpg,2026-05-06 08:06:08,TI-01,drone,saudavel,saudavel,0.8861,agrosmart-v1,simulado,sim-2026-05
e72052c0-ad3f-5d06-9627-da74b2542866,BV-03_20260506_0021.jpg,2026-05-06 08:06:27,BV-03,smartphone,saudavel,saudavel,0.9973,agrosmart-v1,simulado,sim-2026-05
99e610ad-7dd2-5651-9ada-4853eb23a91f,BV-03_20260506_0022.jpg,2026-05-06 08:06:41,BV-03,smartphone,saudavel,saudavel,0.9839,agrosmart-v1,simulado,sim-2026-05
757dd5da-f2b8-54fb-88a0-87cf9b4aa8b5,TI-01_20260506_0019.jpg,2026-05-06 08:06:58,TI-01,drone,saudavel,saudavel,0.8280,agrosmart-v1,simulado,sim-2026-05
48b83025-7c77-5ce1-9fe2-0670a644b860,TI-01_20260506_0020.jpg,2026-05-06 08:07:21,TI-01,drone,saudavel,saudavel,0.9780,agrosmart-v1,simulado,sim-2026-05
8e6863b7-1fa7-5a4b-a40b-be221d1807fe,BV-03_20260506_0023.jpg,2026-05-06 08:07:26,BV-03,smartphone,saudavel,saudavel,0.8523,agrosmart-v1,simulado,sim-2026-05
541bbec8-4132-53f1-8305-953abcf80e96,TI-01_20260506_0021.jpg,2026-05-06 08:08:09,TI-01,drone,saudavel,saudavel,0.5799,agrosmart-v1,simulado,sim-2026-05
9a557c7d-ff5e-52c8-846b-eab9cf8f595d,BV-03_20260506_0024.jpg,2026-05-06 08:08:25,BV-03,smartphone,saudavel,saudavel,0.9557,agrosmart-v1,simulado,sim-2026-05
03718869-f5a4-5d93-9728-bbc4b6abfd48,TI-01_20260506_0022.jpg,2026-05-06 08:08:49,TI-01,drone,saudavel,saudavel,0.8551,agrosmart-v1,simulado,sim-2026-05
e4387e3a-9e09-5ab1-94fd-308672dae2a1,BV-03_20260506_0025.jpg,2026-05-06 08:08:52,BV-03,smartphone,saudavel,saudavel,0.9652,agrosmart-v1,simulado,sim-2026-05
e6084877-7c8e-5c97-9ffa-91cb3633cbb6,BV-03_20260506_0026.jpg,2026-05-06 08:09:31,BV-03,smartphone,saudavel,saudavel,0.9353,agrosmart-v1,simulado,sim-2026-05
34645304-8ff6-5ff5-b450-f833278dd7aa,TI-01_20260506_0023.jpg,2026-05-06 08:09:45,TI-01,drone,saudavel,saudavel,0.9997,agrosmart-v1,simulado,sim-2026-05
97c59982-00f9-5c78-8dd8-440c3eb8554a,TI-01_20260506_0024.jpg,2026-05-06 08:10:24,TI-01,drone,saudavel,saudavel,0.9053,agrosmart-v1,simulado,sim-2026-05
e484d97e-0fa0-5262-84ff-d1f19977c832,TI-01_20260506_0025.jpg,2026-05-06 08:11:05,TI-01,drone,saudavel,saudavel,0.9869,agrosmart-v1,simulado,sim-2026-05
2cff6533-26b9-5aad-b92b-eb7a8c179ef5,TI-01_20260506_0026.jpg,2026-05-06 08:11:22,TI-01,drone,saudavel,saudavel,0.9374,agrosmart-v1,simulado,sim-2026-05
de4e5844-6fe0-58db-9ff4-c5fc0b1e38f5,TI-01_20260506_0027.jpg,2026-05-06 08:12:15,TI-01,drone,doente,mosca_minadora,0.9949,agrosmart-v1,simulado,sim-2026-05
b68a71f4-3d69-5b21-88dd-254dd7843cfd,TI-01_20260506_0028.jpg,2026-05-06 08:12:49,TI-01,drone,saudavel,saudavel,0.8733,agrosmart-v1,simulado,sim-2026-05
3e29aa46-375d-5e66-b65e-fa957d07c9cf,TI-01_20260506_0029.jpg,2026-05-06 08:13:43,TI-01,drone,saudavel,saudavel,0.9746,agrosmart-v1,simulado,sim-2026-05
e35cb2ad-390c-58bb-a44e-ee23bb51662e,TI-01_20260506_0030.jpg,2026-05-06 08:14:18,TI-01,drone,saudavel,saudavel,0.9989,agrosmart-v1,simulado,sim-2026-05
cec52ff3-f0dc-57d1-abd3-aa1f550328fb,TI-01_20260506_0031.jpg,2026-05-06 08:15:06,TI-01,drone,saudavel,saudavel,0.7128,agrosmart-v1,simulado,sim-2026-05
718566e8-d20b-53ec-b8b5-c2a0183b875b,TI-01_20260506_0032.jpg,2026-05-06 08:15:23,TI-01,drone,saudavel,saudavel,0.8631,agrosmart-v1,simulado,sim-2026-05
de29045c-1620-5452-988c-45573c707cbc,TI-01_20260506_0033.jpg,2026-05-06 08:16:15,TI-01,drone,saudavel,saudavel,0.9115,agrosmart-v1,simulado,sim-2026-05
169b0cfa-b83a-5083-bfcc-0f3f1bd28819,TI-01_20260506_0034.jpg,2026-05-06 08:17:09,TI-01,drone,saudavel,saudavel,0.8537,agrosmart-v1,simulado,sim-2026-05
9d0b3d0f-3f6c-5897-b095-f912af9da82f,TI-01_20260506_0035.jpg,2026-05-06 08:17:50,TI-01,drone,saudavel,saudavel,0.8427,agrosmart-v1,simulado,sim-2026-05
01670b4c-ae18-5d0f-b6ea-42106565fe28,TI-01_20260506_0036.jpg,2026-05-06 08:18:12,TI-01,drone,saudavel,saudavel,0.9933,agrosmart-v1,simulado,sim-2026-05
992034c1-54e5-5863-897e-a7149f5f8786,TI-01_20260506_0037.jpg,2026-05-06 08:19:06,TI-01,drone,saudavel,saudavel,0.9503,agrosmart-v1,simulado,sim-2026-05
931325da-c657-55d5-9b6e-0dd98dcf0bfd,TI-01_20260506_0038.jpg,2026-05-06 08:19:36,TI-01,drone,saudavel,saudavel,0.8910,agrosmart-v1,simulado,sim-2026-05
a12ff41d-f0fc-5922-bbb4-63c3a1e9019f,TI-01_20260506_0039.jpg,2026-05-06 08:20:20,TI-01,drone,saudavel,saudavel,1.0000,agrosmart-v1,simulado,sim-2026-05
afd52901-5018-5d37-abbc-395e4dc7ec4e,TI-01_20260506_0040.jpg,2026-05-06 08:21:10,TI-01,drone,saudavel,saudavel,0.9919,agrosmart-v1,simulado,sim-2026-05
191a0033-b866-505a-8ba1-1c8b39813114,TI-01_20260506_0041.jpg,2026-05-06 08:21:22,TI-01,drone,saudavel,saudavel,0.8426,agrosmart-v1,simulado,sim-2026-05
48252e69-4ab2-5b34-be35-3b14dd688fb9,TI-02_20260506_0001.jpg,2026-05-06 08:21:49,TI-02,drone,saudavel,saudavel,0.9894,agrosmart-v1,simulado,sim-2026-05
3b203d50-6dde-56a1-90dd-ae1ebe62e57f,TI-02_20260506_0002.jpg,2026-05-06 08:22:23,TI-02,drone,saudavel,saudavel,0.9992,agrosmart-v1,simulado,sim-2026-05
5ab2d747-37eb-5157-a500-a8fd9988e3d0,TI-01_20260506_0042.jpg,2026-05-06 08:22:28,TI-01,drone,saudavel,saudavel,0.8907,agrosmart-v1,simulado,sim-2026-05
d21cb9c2-3df0-5cec-90c3-367b84555c80,TI-01_20260506_0043.jpg,2026-05-06 08:22:59,TI-01,drone,saudavel,saudavel,0.9985,agrosmart-v1,simulado,sim-2026-05
6c219551-a145-512b-8c64-6a135adb97dd,TI-02_20260506_0003.jpg,2026-05-06 08:23:00,TI-02,drone,saudavel,saudavel,0.9997,agrosmart-v1,simulado,sim-2026-05
c597a022-eee4-56a9-84c1-b93a72ebe349,TI-01_20260506_0044.jpg,2026-05-06 08:23:29,TI-01,drone,saudavel,saudavel,0.6088,agrosmart-v1,simulado,sim-2026-05
915485d0-fce5-5cd5-8416-9c66bfefaf35,TI-02_20260506_0004.jpg,2026-05-06 08:23:57,TI-02,drone,saudavel,saudavel,0.9041,agrosmart-v1,simulado,sim-2026-05
ff94c5a7-bbf7-565e-a116-b53244ed1942,TI-01_20260506_0045.jpg,2026-05-06 08:24:15,TI-01,drone,saudavel,saudavel,0.9835,agrosmart-v1,simulado,sim-2026-05
538e53cc-13bd-5858-a95d-4a5fad9e1f19,TI-02_20260506_0005.jpg,2026-05-06 08:24:23,TI-02,drone,saudavel,saudavel,0.9884,agrosmart-v1,simulado,sim-2026-05
6e6d64e0-e87f-580e-a4f4-e732eb676e29,TI-02_20260506_0006.jpg,2026-05-06 08:25:07,TI-02,drone,saudavel,saudavel,0.8868,agrosmart-v1,simulado,sim-2026-05
78c03894-01d4-5451-a3b1-1db4d7f1d04e,TI-02_20260506_0007.jpg,2026-05-06 08:25:44,TI-02,drone,saudavel,saudavel,0.9209,agrosmart-v1,simulado,sim-2026-05
67cd29a8-4732-52d9-8c87-b917e5d45b41,TI-02_20260506_0008.jpg,2026-05-06 08:26:30,TI-02,drone,saudavel,saudavel,0.9973,agrosmart-v1,simulado,sim-2026-05
7f0bfea4-eddb-54a6-8cf0-7087d59060b1,TI-02_20260506_0009.jpg,2026-05-06 08:27:27,TI-02,drone,saudavel,saudavel,0.9734,agrosmart-v1,simulado,sim-2026-05
79fa0e8c-2499-5d0c-bf78-4c8dca942f54,TI-02_20260506_0010.jpg,2026-05-06 08:27:40,TI-02,drone,saudavel,saudavel,0.8806,agrosmart-v1,simulado,sim-2026-05
3c50cd89-e018-5ffb-9de3-48a7f35127ab,TI-02_20260506_0011.jpg,2026-05-06 08:28:33,TI-02,drone,saudavel,saudavel,0.9684,agrosmart-v1,simulado,sim-2026-05
43c78014-0e17-5d2d-884d-800aebe39cce,BV-04_20260506_0001.jpg,2026-05-06 08:28:48,BV-04,smartphone,saudavel,saudavel,1.0000,agrosmart-v1,simulado,sim-2026-05
f72fd852-26fe-537b-8e66-2c8040b70ce7,BV-04_20260506_0002.jpg,2026-05-06 08:29:24,BV-04,smartphone,saudavel,saudavel,0.9997,agrosmart-v1,simulado,sim-2026-05
a6c183b9-f54f-5a35-952e-874665fd8d24,TI-02_20260506_0012.jpg,2026-05-06 08:29:27,TI-02,drone,saudavel,saudavel,0.8730,agrosmart-v1,simulado,sim-2026-05
2f2b746c-4be6-5cf3-8c7e-f9e32911acf3,TI-02_20260506_0013.jpg,2026-05-06 08:29:59,TI-02,drone,saudavel,saudavel,0.9283,agrosmart-v1,simulado,sim-2026-05
663bbdc9-2e94-5d21-902e-1136f88bec2d,BV-04_20260506_0003.jpg,2026-05-06 08:30:15,BV-04,smartphone,saudavel,saudavel,0.8439,agrosmart-v1,simulado,sim-2026-05
9d92a96b-fd88-55ca-9110-4b1743613971,TI-02_20260506_0014.jpg,2026-05-06 08:30:29,TI-02,drone,saudavel,saudavel,0.9991,agrosmart-v1,simulado,sim-2026-05
7613067d-9512-5c7f-845f-179f8ae8c1c7,BV-04_20260506_0004.jpg,2026-05-06 08:30:52,BV-04,smartphone,saudavel,saudavel,0.9966,agrosmart-v1,simulado,sim-2026-05
ab2b38b1-4426-5d43-bdb4-e66cc6e3db65,TI-02_20260506_0015.jpg,2026-05-06 08:31:30,TI-02,drone,saudavel,saudavel,0.9154,agrosmart-v1,simulado,sim-2026-05
93d29612-c42a-571f-9e59-6a7266fba933,BV-04_20260506_0005.jpg,2026-05-06 08:31:40,BV-04,smartphone,saudavel,saudavel,0.9923,agrosmart-v1,simulado,sim-2026-05
8496faeb-3019-587d-a425-4b82a40235d1,BV-01_20260506_0001.jpg,2026-05-06 08:31:43,BV-01,smartphone,saudavel,saudavel,0.9179,agrosmart-v1,simulado,sim-2026-05
c5520c30-5f3b-51f3-8b2f-ae34583c147e,TI-02_20260506_0016.jpg,2026-05-06 08:32:09,TI-02,drone,saudavel,saudavel,0.8727,agrosmart-v1,simulado,sim-2026-05
2a45fb31-e8a5-5562-bd95-277d5e027aff,TI-02_20260506_0017.jpg,2026-05-06 08:32:24,TI-02,drone,saudavel,saudavel,0.8588,agrosmart-v1,simulado,sim-2026-05
e03c43f4-01f0-5782-84a7-3dee56ccf6d5,BV-01_20260506_0002.jpg,2026-05-06 08:32:27,BV-01,smartphone,saudavel,saudavel,0.9433,agrosmart-v1,simulado,sim-2026-05
a8ffd18d-7985-5f9d-b9d1-3dd18ab97901,BV-04_20260506_0006.jpg,2026-05-06 08:32:27,BV-04,smartphone,saudavel,saudavel,0.9299,agrosmart-v1,simulado,sim-2026-05
a92955ce-921b-5ef8-bda4-c95431fff15e,BV-04_20260506_0007.jpg,2026-05-06 08:32:59,BV-04,smartphone,saudavel,saudavel,0.9091,agrosmart-v1,simulado,sim-2026-05
f70a57c5-f38a-5662-b790-fa3fe21dfb27,TI-02_20260506_0018.jpg,2026-05-06 08:33:07,TI-02,drone,saudavel,saudavel,0.9644,agrosmart-v1,simulado,sim-2026-05
413c130c-3f25-5339-849b-a26da434a0b0,BV-01_20260506_0003.jpg,2026-05-06 08:33:25,BV-01,smartphone,saudavel,saudavel,0.9128,agrosmart-v1,simulado,sim-2026-05
c5531c24-46c8-56a0-b6bd-30262eeb6b05,BV-04_20260506_0008.jpg,2026-05-06 08:33:31,BV-04,smartphone,saudavel,saudavel,0.9017,agrosmart-v1,simulado,sim-2026-05
69c0c3f7-96d7-5213-909b-8a429fdde256,BV-01_20260506_0004.jpg,2026-05-06 08:33:41,BV-01,smartphone,saudavel,saudavel,0.9730,agrosmart-v1,simulado,sim-2026-05
071f758c-6c4e-5837-a529-c0bb78fe1cab,TI-02_20260506_0019.jpg,2026-05-06 08:33:59,TI-02,drone,saudavel,saudavel,0.9116,agrosmart-v1,simulado,sim-2026-05
a69c75ab-8727-526b-b239-ff699826473e,BV-04_20260506_0009.jpg,2026-05-06 08:34:04,BV-04,smartphone,saudavel,saudavel,0.9761,agrosmart-v1,simulado,sim-2026-05
24e0edbc-c814-57a2-8392-7ba41deb5fa6,BV-01_20260506_0005.jpg,2026-05-06 08:34:41,BV-01,smartphone,saudavel,saudavel,0.9451,agrosmart-v1,simulado,sim-2026-05
3715ef43-3582-5c98-a232-2f12ccd71565,BV-04_20260506_0010.jpg,2026-05-06 08:34:42,BV-04,smartphone,saudavel,saudavel,0.8378,agrosmart-v1,simulado,sim-2026-05
76c0e8e0-0ffd-5e33-ad3d-160459422310,TI-02_20260506_0020.jpg,2026-05-06 08:34:50,TI-02,drone,saudavel,saudavel,0.9651,agrosmart-v1,simulado,sim-2026-05
de18d1af-9dcb-5896-8ec3-dea8c198a3e9,BV-01_20260506_0006.jpg,2026-05-06 08:35:08,BV-01,smartphone,doente,pinta_preta,0.8641,agrosmart-v1,simulado,sim-2026-05
c79def3a-5b9e-555b-acc5-c8764303c85a,TI-02_20260506_0021.jpg,2026-05-06 08:35:21,TI-02,drone,saudavel,saudavel,0.8961,agrosmart-v1,simulado,sim-2026-05
8e4eb718-3986-57ea-a535-c21744a1c9ca,TI-02_20260506_0022.jpg,2026-05-06 08:35:42,TI-02,drone,saudavel,saudavel,0.8641,agrosmart-v1,simulado,sim-2026-05
2cec106f-5b70-5cf7-aaa4-c0c383832e27,BV-04_20260506_0011.jpg,2026-05-06 08:35:43,BV-04,smartphone,saudavel,saudavel,0.8892,agrosmart-v1,simulado,sim-2026-05
e592311a-3c77-5604-a1ce-cedcbe43d2c6,BV-01_20260506_0007.jpg,2026-05-06 08:35:54,BV-01,smartphone,saudavel,saudavel,0.8505,agrosmart-v1,simulado,sim-2026-05
3b24ef2f-b907-597f-9203-23f493a7b724,BV-04_20260506_0012.jpg,2026-05-06 08:36:06,BV-04,smartphone,saudavel,saudavel,0.8666,agrosmart-v1,simulado,sim-2026-05
51189b18-f9b0-5bf9-842e-7a6ecbb92bd3,TI-02_20260506_0023.jpg,2026-05-06 08:36:34,TI-02,drone,saudavel,saudavel,0.9924,agrosmart-v1,simulado,sim-2026-05
b432e423-b59d-587d-9477-c078e9496a31,BV-01_20260506_0008.jpg,2026-05-06 08:36:40,BV-01,smartphone,saudavel,saudavel,0.9377,agrosmart-v1,simulado,sim-2026-05
0059cb7d-fc37-5c8d-a4e8-eda17c334a87,BV-04_20260506_0013.jpg,2026-05-06 08:36:54,BV-04,smartphone,saudavel,saudavel,0.9816,agrosmart-v1,simulado,sim-2026-05
cd75961e-e997-5d43-a2af-3e350cabbf2c,BV-01_20260506_0009.jpg,2026-05-06 08:37:06,BV-01,smartphone,saudavel,saudavel,0.8326,agrosmart-v1,simulado,sim-2026-05
0c14ce9b-6d47-5bd3-8f9a-dc60645d8a85,TI-02_20260506_0024.jpg,2026-05-06 08:37:12,TI-02,drone,saudavel,saudavel,0.9664,agrosmart-v1,simulado,sim-2026-05
224d0ac0-aa2a-5de5-a6ef-c708f98d9fcd,BV-01_20260506_0010.jpg,2026-05-06 08:37:45,BV-01,smartphone,saudavel,saudavel,0.9990,agrosmart-v1,simulado,sim-2026-05
09f7c54f-5e61-5f36-94b4-9936651e9dc1,BV-04_20260506_0014.jpg,2026-05-06 08:37:49,BV-04,smartphone,saudavel,saudavel,0.9940,agrosmart-v1,simulado,sim-2026-05
ec480968-ad35-554d-8fd7-a30c9e7968f7,TI-02_20260506_0025.jpg,2026-05-06 08:37:54,TI-02,drone,saudavel,saudavel,0.9995,agrosmart-v1,simulado,sim-2026-05
86414e4e-8bc1-54b2-b71e-17fd54508d83,TI-02_20260506_0026.jpg,2026-05-06 08:38:22,TI-02,drone,saudavel,saudavel,0.8915,agrosmart-v1,simulado,sim-2026-05
6cf7dd8a-6d72-5fb4-b7b6-a4b033e3b60c,BV-04_20260506_0015.jpg,2026-05-06 08:38:30,BV-04,smartphone,saudavel,saudavel,0.9715,agrosmart-v1,simulado,sim-2026-05
261931e0-473e-5c3b-aa92-5790125088fb,BV-01_20260506_0011.jpg,2026-05-06 08:38:43,BV-01,smartphone,saudavel,saudavel,0.9744,agrosmart-v1,simulado,sim-2026-05
4dbd3154-121a-538c-8053-62645a658728,BV-04_20260506_0016.jpg,2026-05-06 08:38:48,BV-04,smartphone,saudavel,saudavel,0.9719,agrosmart-v1,simulado,sim-2026-05
f2c2489d-983f-5394-85f3-168244bc98e0,BV-01_20260506_0012.jpg,2026-05-06 08:39:17,BV-01,smartphone,saudavel,saudavel,0.9953,agrosmart-v1,simulado,sim-2026-05
7d5682e6-36b6-588c-a289-bf400c05d19d,TI-02_20260506_0027.jpg,2026-05-06 08:39:30,TI-02,drone,saudavel,saudavel,0.9806,agrosmart-v1,simulado,sim-2026-05
6153a691-602c-5756-be42-416f45f27676,BV-04_20260506_0017.jpg,2026-05-06 08:39:39,BV-04,smartphone,saudavel,saudavel,0.9999,agrosmart-v1,simulado,sim-2026-05
b8044b2b-67fa-5619-8db4-afc6417044bb,BV-01_20260506_0013.jpg,2026-05-06 08:39:40,BV-01,smartphone,saudavel,saudavel,0.9093,agrosmart-v1,simulado,sim-2026-05
e52b20b3-b8e1-53be-a173-36a8e09c0257,TI-02_20260506_0028.jpg,2026-05-06 08:40:01,TI-02,drone,saudavel,saudavel,0.9063,agrosmart-v1,simulado,sim-2026-05
dd90ea9c-c430-5bfe-b268-c30ed0791c1f,BV-04_20260506_0018.jpg,2026-05-06 08:40:10,BV-04,smartphone,saudavel,saudavel,0.8901,agrosmart-v1,simulado,sim-2026-05
01df91f7-8b2b-5dc4-842d-744210c428e2,BV-01_20260506_0014.jpg,2026-05-06 08:40:24,BV-01,smartphone,saudavel,saudavel,0.9359,agrosmart-v1,simulado,sim-2026-05
71ee7ae5-4115-5f29-ab4f-11fcc5772562,TI-02_20260506_0029.jpg,2026-05-06 08:40:27,TI-02,drone,saudavel,saudavel,0.8430,agrosmart-v1,simulado,sim-2026-05
ec1a4867-8c86-5821-a92c-2de94327638c,BV-04_20260506_0019.jpg,2026-05-06 08:40:58,BV-04,smartphone,saudavel,saudavel,0.9336,agrosmart-v1,simulado,sim-2026-05
9e75ffe9-42c0-5685-8ace-1f286c499e02,TI-02_20260506_0030.jpg,2026-05-06 08:41:01,TI-02,drone,saudavel,saudavel,0.9831,agrosmart-v1,simulado,sim-2026-05
5faed32d-2fc4-5868-81f2-aea88787b8e6,BV-01_20260506_0015.jpg,2026-05-06 08:41:20,BV-01,smartphone,saudavel,saudavel,0.9211,agrosmart-v1,simulado,sim-2026-05
04f703db-413e-5408-95e3-af06cd686745,BV-04_20260506_0020.jpg,2026-05-06 08:41:35,BV-04,smartphone,saudavel,saudavel,0.9992,agrosmart-v1,simulado,sim-2026-05
3af3ac08-8d4f-5ba3-9822-82db000688c7,TI-02_20260506_0031.jpg,2026-05-06 08:41:44,TI-02,drone,saudavel,saudavel,0.9364,agrosmart-v1,simulado,sim-2026-05
bcbac19e-439a-5704-8160-71d6707c019e,BV-01_20260506_0016.jpg,2026-05-06 08:41:58,BV-01,smartphone,saudavel,saudavel,0.9990,agrosmart-v1,simulado,sim-2026-05
a77cebcd-56ab-5593-a817-472c8bde8b56,BV-04_20260506_0021.jpg,2026-05-06 08:42:22,BV-04,smartphone,saudavel,saudavel,0.9983,agrosmart-v1,simulado,sim-2026-05
0981f1a9-0304-505b-bbcc-d1ac578cbb79,BV-01_20260506_0017.jpg,2026-05-06 08:42:36,BV-01,smartphone,saudavel,saudavel,0.9939,agrosmart-v1,simulado,sim-2026-05
7c0fecae-f37c-5d44-a05e-e487fde636d9,TI-02_20260506_0032.jpg,2026-05-06 08:42:47,TI-02,drone,saudavel,saudavel,0.9913,agrosmart-v1,simulado,sim-2026-05
d1d76701-0e99-51f7-b09e-70c1d6b569ec,BV-04_20260506_0022.jpg,2026-05-06 08:43:04,BV-04,smartphone,saudavel,saudavel,0.9924,agrosmart-v1,simulado,sim-2026-05
9e435317-4f27-58b3-a31b-69d0aed0dedb,TI-02_20260506_0033.jpg,2026-05-06 08:43:04,TI-02,drone,saudavel,saudavel,0.9969,agrosmart-v1,simulado,sim-2026-05
70b47a63-2736-58c4-aafd-caf47b9e2e00,BV-01_20260506_0018.jpg,2026-05-06 08:43:16,BV-01,smartphone,saudavel,saudavel,0.9469,agrosmart-v1,simulado,sim-2026-05
efd522be-d38f-53b0-8841-2c3f33f9a720,BV-04_20260506_0023.jpg,2026-05-06 08:43:49,BV-04,smartphone,saudavel,saudavel,0.9472,agrosmart-v1,simulado,sim-2026-05
73039e14-5867-544c-8818-82b6054dacb6,TI-02_20260506_0034.jpg,2026-05-06 08:43:49,TI-02,drone,saudavel,saudavel,0.8834,agrosmart-v1,simulado,sim-2026-05
548689a0-1373-5e49-a415-7f8a8b87da5d,BV-01_20260506_0019.jpg,2026-05-06 08:43:51,BV-01,smartphone,saudavel,saudavel,0.9918,agrosmart-v1,simulado,sim-2026-05
81428f3e-b1e4-583b-ab48-e9b6ddc11353,TI-02_20260506_0035.jpg,2026-05-06 08:44:21,TI-02,drone,saudavel,saudavel,0.9974,agrosmart-v1,simulado,sim-2026-05
66ea6f6e-2659-536a-ba73-2d1967df8e08,BV-01_20260506_0020.jpg,2026-05-06 08:44:31,BV-01,smartphone,saudavel,saudavel,0.8374,agrosmart-v1,simulado,sim-2026-05
e9a0fe2c-2e55-5a7a-b451-ef6646e6677f,BV-01_20260506_0021.jpg,2026-05-06 08:45:15,BV-01,smartphone,saudavel,saudavel,0.8779,agrosmart-v1,simulado,sim-2026-05
86b465a1-0ca2-568a-899b-7661b12b99d8,TI-02_20260506_0036.jpg,2026-05-06 08:45:30,TI-02,drone,saudavel,saudavel,0.9998,agrosmart-v1,simulado,sim-2026-05
90f81dcb-4933-5992-98e6-cfd8de7bc69a,BV-01_20260506_0022.jpg,2026-05-06 08:45:40,BV-01,smartphone,saudavel,saudavel,0.9785,agrosmart-v1,simulado,sim-2026-05
416f4316-3242-5394-9860-ba81276e6783,TI-02_20260506_0037.jpg,2026-05-06 08:45:46,TI-02,drone,saudavel,saudavel,0.8429,agrosmart-v1,simulado,sim-2026-05
3ab8d4bc-e7e1-5bc7-ac31-859ae7a713e5,TI-02_20260506_0038.jpg,2026-05-06 08:46:35,TI-02,drone,saudavel,saudavel,0.9909,agrosmart-v1,simulado,sim-2026-05
e68ad936-b900-5071-902a-b012cb15e16b,BV-01_20260506_0023.jpg,2026-05-06 08:46:40,BV-01,smartphone,saudavel,saudavel,0.9306,agrosmart-v1,simulado,sim-2026-05
a99a0fa0-2aa6-52d4-b72b-8b244001886e,BV-01_20260506_0024.jpg,2026-05-06 08:47:21,BV-01,smartphone,saudavel,saudavel,0.9738,agrosmart-v1,simulado,sim-2026-05
5e3892bd-2071-5c57-ade1-43c752860a3f,TI-02_20260506_0039.jpg,2026-05-06 08:47:27,TI-02,drone,saudavel,saudavel,0.8223,agrosmart-v1,simulado,sim-2026-05
6c576e50-4aad-53d2-87a7-7aba2c96577b,BV-01_20260506_0025.jpg,2026-05-06 08:47:43,BV-01,smartphone,saudavel,saudavel,0.9475,agrosmart-v1,simulado,sim-2026-05
ab7df157-64da-5090-9348-2eac22316267,TI-02_20260506_0040.jpg,2026-05-06 08:47:48,TI-02,drone,saudavel,saudavel,0.8511,agrosmart-v1,simulado,sim-2026-05
a966431b-3629-577d-95f6-b8b55204f777,BV-01_20260506_0026.jpg,2026-05-06 08:48:49,BV-01,smartphone,saudavel,saudavel,0.8931,agrosmart-v1,simulado,sim-2026-05
650c8725-cbdb-56f6-9792-1f6bf23291b6,BV-01_20260506_0027.jpg,2026-05-06 08:49:16,BV-01,smartphone,saudavel,saudavel,0.9997,agrosmart-v1,simulado,sim-2026-05
74784eb5-11c9-5db3-a043-58144b050815,BV-01_20260506_0028.jpg,2026-05-06 08:49:46,BV-01,smartphone,saudavel,saudavel,0.9988,agrosmart-v1,simulado,sim-2026-05
0b0af881-7e4a-5291-ac06-d3a22a9dd6bf,BV-01_20260506_0029.jpg,2026-05-06 08:50:50,BV-01,smartphone,saudavel,saudavel,0.9488,agrosmart-v1,simulado,sim-2026-05
fcc1ea20-66d8-55c1-a33c-dc897af63b62,BV-01_20260506_0030.jpg,2026-05-06 08:51:06,BV-01,smartphone,saudavel,saudavel,0.8923,agrosmart-v1,simulado,sim-2026-05
3e616a31-b4d0-5b90-b87b-94594252bd14,BV-02_20260506_0001.jpg,2026-05-06 08:56:48,BV-02,smartphone,saudavel,saudavel,0.9349,agrosmart-v1,simulado,sim-2026-05
d5236ff5-87ea-51b7-8d73-aaf13df41a00,BV-02_20260506_0002.jpg,2026-05-06 08:57:25,BV-02,smartphone,saudavel,saudavel,0.9580,agrosmart-v1,simulado,sim-2026-05
40d7900a-6f90-5916-8768-cf0642818953,BV-02_20260506_0003.jpg,2026-05-06 08:58:20,BV-02,smartphone,saudavel,saudavel,0.8646,agrosmart-v1,simulado,sim-2026-05
226f42d0-cfdd-5911-81d3-2acf9bb633a0,BV-02_20260506_0004.jpg,2026-05-06 08:58:48,BV-02,smartphone,saudavel,saudavel,0.9544,agrosmart-v1,simulado,sim-2026-05
b57598bc-c1ff-5b1f-864e-71a6281fbbcf,BV-02_20260506_0005.jpg,2026-05-06 08:59:23,BV-02,smartphone,saudavel,saudavel,0.8390,agrosmart-v1,simulado,sim-2026-05
61313559-0e49-5e53-b3d9-463ecf617b61,BV-02_20260506_0006.jpg,2026-05-06 09:00:10,BV-02,smartphone,saudavel,saudavel,0.9533,agrosmart-v1,simulado,sim-2026-05
60ce655f-6b68-5f56-8fdf-61695a521cb2,BV-02_20260506_0007.jpg,2026-05-06 09:00:45,BV-02,smartphone,saudavel,saudavel,0.9664,agrosmart-v1,simulado,sim-2026-05
ad3fb44a-9c79-508e-8f74-0a2622233c54,BV-02_20260506_0008.jpg,2026-05-06 09:01:49,BV-02,smartphone,saudavel,saudavel,0.9789,agrosmart-v1,simulado,sim-2026-05
b68002e2-a164-5e20-b6dd-6d14a70d76c2,BV-02_20260506_0009.jpg,2026-05-06 09:02:26,BV-02,smartphone,saudavel,saudavel,0.8908,agrosmart-v1,simulado,sim-2026-05
3f2b87cc-4649-5cff-9856-6106ee9744e2,BV-02_20260506_0010.jpg,2026-05-06 09:02:46,BV-02,smartphone,saudavel,saudavel,0.9832,agrosmart-v1,simulado,sim-2026-05
7615f9fa-938c-54a2-904c-18eb147b9c39,BV-02_20260506_0011.jpg,2026-05-06 09:03:35,BV-02,smartphone,saudavel,saudavel,0.9838,agrosmart-v1,simulado,sim-2026-05
da7d2a68-c180-5630-b370-b85daa82ace8,BV-02_20260506_0012.jpg,2026-05-06 09:04:18,BV-02,smartphone,saudavel,saudavel,0.9811,agrosmart-v1,simulado,sim-2026-05
a15caa62-68ed-5bf2-8aeb-bd3791d484be,BV-02_20260506_0013.jpg,2026-05-06 09:04:52,BV-02,smartphone,saudavel,saudavel,0.8692,agrosmart-v1,simulado,sim-2026-05
fbe44ada-1685-5bb0-b1f5-1298b5245b87,SC-02_20260506_0001.jpg,2026-05-06 09:05:05,SC-02,smartphone,saudavel,saudavel,0.9135,agrosmart-v1,simulado,sim-2026-05
dd371ee1-896d-5c3a-8869-7906391aa1a7,SC-02_20260506_0002.jpg,2026-05-06 09:05:24,SC-02,smartphone,saudavel,saudavel,0.9968,agrosmart-v1,simulado,sim-2026-05
f923fb39-e7e2-5070-ace6-089229eaa76b,BV-02_20260506_0014.jpg,2026-05-06 09:05:25,BV-02,smartphone,saudavel,saudavel,0.9520,agrosmart-v1,simulado,sim-2026-05
33bd6900-a3b9-555b-a4af-a70920d8facb,SC-02_20260506_0003.jpg,2026-05-06 09:06:12,SC-02,smartphone,saudavel,saudavel,0.9606,agrosmart-v1,simulado,sim-2026-05
8c918de6-3fae-5f3b-b0e7-1e11f847d232,BV-02_20260506_0015.jpg,2026-05-06 09:06:19,BV-02,smartphone,saudavel,saudavel,0.8906,agrosmart-v1,simulado,sim-2026-05
8b3555f7-5947-53e0-b9e1-63e8a529965a,SC-02_20260506_0004.jpg,2026-05-06 09:06:55,SC-02,smartphone,saudavel,saudavel,0.8906,agrosmart-v1,simulado,sim-2026-05
1ec21ccc-6a6a-51eb-80d6-beb297466ee2,BV-02_20260506_0016.jpg,2026-05-06 09:07:09,BV-02,smartphone,saudavel,saudavel,0.8429,agrosmart-v1,simulado,sim-2026-05
521de4ca-8145-52a5-a2b7-6a6dca6f378e,SC-02_20260506_0005.jpg,2026-05-06 09:07:23,SC-02,smartphone,saudavel,saudavel,0.9998,agrosmart-v1,simulado,sim-2026-05
29460647-0c66-56bf-8865-aff45bd6c8bc,BV-02_20260506_0017.jpg,2026-05-06 09:07:31,BV-02,smartphone,saudavel,saudavel,0.9800,agrosmart-v1,simulado,sim-2026-05
8d1ab570-f8f2-5543-bb33-c916284aaf9b,SC-02_20260506_0006.jpg,2026-05-06 09:08:10,SC-02,smartphone,saudavel,saudavel,0.9999,agrosmart-v1,simulado,sim-2026-05
5d192cca-c9b5-5417-bccc-5e6110a1ff88,BV-02_20260506_0018.jpg,2026-05-06 09:08:23,BV-02,smartphone,saudavel,saudavel,0.9829,agrosmart-v1,simulado,sim-2026-05
a4baa29a-92a8-5b7e-9951-1de3f8f40ad0,SC-02_20260506_0007.jpg,2026-05-06 09:09:02,SC-02,smartphone,saudavel,saudavel,0.9149,agrosmart-v1,simulado,sim-2026-05
8e2c8c9e-ce60-5634-b2a0-001a0f0ef078,BV-02_20260506_0019.jpg,2026-05-06 09:09:04,BV-02,smartphone,saudavel,saudavel,0.8954,agrosmart-v1,simulado,sim-2026-05
efa28749-06eb-58b7-9191-6d7ed99d40ae,SC-02_20260506_0008.jpg,2026-05-06 09:09:26,SC-02,smartphone,saudavel,saudavel,0.9023,agrosmart-v1,simulado,sim-2026-05
b52163a9-b624-5136-bb13-96f92f8e3a77,BV-02_20260506_0020.jpg,2026-05-06 09:09:50,BV-02,smartphone,saudavel,saudavel,0.9249,agrosmart-v1,simulado,sim-2026-05
6e6eedc8-ff2f-5c70-85d2-53f56c856e6b,BV-02_20260506_0021.jpg,2026-05-06 09:10:14,BV-02,smartphone,saudavel,saudavel,0.9999,agrosmart-v1,simulado,sim-2026-05
56a0dcb7-5ab4-5563-b698-5f908f167b40,SC-02_20260506_0009.jpg,2026-05-06 09:10:26,SC-02,smartphone,saudavel,saudavel,0.9707,agrosmart-v1,simulado,sim-2026-05
ab2f2a3e-093f-5f4d-be89-08bef45e1dcf,SC-02_20260506_0010.jpg,2026-05-06 09:10:43,SC-02,smartphone,saudavel,saudavel,0.9728,agrosmart-v1,simulado,sim-2026-05
24e949b5-492a-5e18-a0bf-400a8283c860,BV-02_20260506_0022.jpg,2026-05-06 09:10:46,BV-02,smartphone,saudavel,saudavel,0.9882,agrosmart-v1,simulado,sim-2026-05
a543f1eb-7cff-56ff-a2c7-c9bf3104bf0b,BV-02_20260506_0023.jpg,2026-05-06 09:11:20,BV-02,smartphone,saudavel,saudavel,0.8874,agrosmart-v1,simulado,sim-2026-05
a80babcc-424c-5d7b-a9c1-3234d964091a,SC-02_20260506_0011.jpg,2026-05-06 09:11:44,SC-02,smartphone,saudavel,saudavel,0.9673,agrosmart-v1,simulado,sim-2026-05
dd8ecb07-038b-5719-969e-5d907d2263ba,BV-02_20260506_0024.jpg,2026-05-06 09:12:17,BV-02,smartphone,saudavel,saudavel,0.8855,agrosmart-v1,simulado,sim-2026-05
238b10b9-50df-5aaa-bd66-89e722157136,SC-02_20260506_0012.jpg,2026-05-06 09:12:18,SC-02,smartphone,saudavel,saudavel,0.8633,agrosmart-v1,simulado,sim-2026-05
947f3808-2362-53a1-a307-51eb7194f2b8,BV-02_20260506_0025.jpg,2026-05-06 09:12:54,BV-02,smartphone,saudavel,saudavel,0.9979,agrosmart-v1,simulado,sim-2026-05
aab999bc-3cc6-5252-b73c-be184c19a42b,SC-02_20260506_0013.jpg,2026-05-06 09:12:55,SC-02,smartphone,saudavel,saudavel,0.9903,agrosmart-v1,simulado,sim-2026-05
91acd40a-e62c-532b-9df2-ad4603f0e0c1,BV-02_20260506_0026.jpg,2026-05-06 09:13:30,BV-02,smartphone,saudavel,saudavel,0.8404,agrosmart-v1,simulado,sim-2026-05
841564ff-1d0a-5b62-ad34-923e2863dad1,SC-02_20260506_0014.jpg,2026-05-06 09:13:50,SC-02,smartphone,saudavel,saudavel,0.9477,agrosmart-v1,simulado,sim-2026-05
fd74abae-9961-5bc5-b718-ee9a478c6345,SC-03_20260506_0001.jpg,2026-05-06 09:14:08,SC-03,smartphone,saudavel,saudavel,0.9980,agrosmart-v1,simulado,sim-2026-05
16cbb830-aa4a-5f1b-b627-2fb3b02a201f,SC-02_20260506_0015.jpg,2026-05-06 09:14:18,SC-02,smartphone,saudavel,saudavel,0.9054,agrosmart-v1,simulado,sim-2026-05
763eb2aa-186c-5128-8202-0cdbf40a465a,BV-02_20260506_0027.jpg,2026-05-06 09:14:30,BV-02,smartphone,saudavel,saudavel,0.9996,agrosmart-v1,simulado,sim-2026-05
271cb062-99e3-58be-817e-aae22682bef9,SC-03_20260506_0002.jpg,2026-05-06 09:14:32,SC-03,smartphone,saudavel,saudavel,0.9908,agrosmart-v1,simulado,sim-2026-05
a3e88508-edc0-5b47-ba60-da46c4e2c2c6,SC-02_20260506_0016.jpg,2026-05-06 09:14:59,SC-02,smartphone,saudavel,saudavel,0.9857,agrosmart-v1,simulado,sim-2026-05
e435c098-5cb6-5cd0-a950-8ac581b540f6,BV-02_20260506_0028.jpg,2026-05-06 09:15:02,BV-02,smartphone,saudavel,saudavel,0.9102,agrosmart-v1,simulado,sim-2026-05
3265e667-db50-5875-a42e-8a71ca163e89,SC-03_20260506_0003.jpg,2026-05-06 09:15:28,SC-03,smartphone,saudavel,saudavel,0.9808,agrosmart-v1,simulado,sim-2026-05
d8a67a9e-0c2e-559a-8f1b-71dca7f86276,SC-02_20260506_0017.jpg,2026-05-06 09:15:34,SC-02,smartphone,saudavel,saudavel,0.9622,agrosmart-v1,simulado,sim-2026-05
8eaad42d-667a-54ee-a06b-dc9bdca2f758,BV-02_20260506_0029.jpg,2026-05-06 09:15:39,BV-02,smartphone,saudavel,saudavel,0.9994,agrosmart-v1,simulado,sim-2026-05
4364cb45-d07c-5bae-9273-4756a4c95c86,SC-03_20260506_0004.jpg,2026-05-06 09:16:07,SC-03,smartphone,saudavel,saudavel,0.9553,agrosmart-v1,simulado,sim-2026-05
58c10a97-723c-5d8c-b1a2-da75073c8c30,BV-02_20260506_0030.jpg,2026-05-06 09:16:10,BV-02,smartphone,saudavel,saudavel,0.9754,agrosmart-v1,simulado,sim-2026-05
bf772f34-ddde-5b05-b317-7026aa94511a,SC-02_20260506_0018.jpg,2026-05-06 09:16:11,SC-02,smartphone,saudavel,saudavel,0.9788,agrosmart-v1,simulado,sim-2026-05
36e3e9ed-dd70-51e8-a889-ced191962533,SC-03_20260506_0005.jpg,2026-05-06 09:16:22,SC-03,smartphone,saudavel,saudavel,0.8903,agrosmart-v1,simulado,sim-2026-05
379cd50b-0cd7-5d65-be2a-9ce292d9e471,BV-02_20260506_0031.jpg,2026-05-06 09:16:43,BV-02,smartphone,saudavel,saudavel,0.8603,agrosmart-v1,simulado,sim-2026-05
a31ee1db-4457-587e-992d-ba6aeeb4e490,SC-02_20260506_0019.jpg,2026-05-06 09:16:57,SC-02,smartphone,saudavel,saudavel,0.9993,agrosmart-v1,simulado,sim-2026-05
d7e477e9-1108-58bf-b11b-26816210ad3c,SC-03_20260506_0006.jpg,2026-05-06 09:17:06,SC-03,smartphone,saudavel,saudavel,0.9707,agrosmart-v1,simulado,sim-2026-05
da39e393-f1f8-5604-b89d-c64ebc8dbf97,SC-02_20260506_0020.jpg,2026-05-06 09:17:34,SC-02,smartphone,saudavel,saudavel,0.9952,agrosmart-v1,simulado,sim-2026-05
d4325295-f7af-53f5-9218-5aaaec1ce1a9,BV-02_20260506_0032.jpg,2026-05-06 09:17:44,BV-02,smartphone,saudavel,saudavel,0.8777,agrosmart-v1,simulado,sim-2026-05
f983f67a-9f51-5d6d-9d28-c8ea67238191,SC-03_20260506_0007.jpg,2026-05-06 09:17:58,SC-03,smartphone,doente,mosca_minadora,0.5221,agrosmart-v1,simulado,sim-2026-05
f9ecb2df-65b2-50ef-98ab-4c8716cd3f81,SC-02_20260506_0021.jpg,2026-05-06 09:18:28,SC-02,smartphone,saudavel,saudavel,0.9818,agrosmart-v1,simulado,sim-2026-05
c03e6396-2023-5d40-9ae0-b1f3422b4190,SC-03_20260506_0008.jpg,2026-05-06 09:18:28,SC-03,smartphone,saudavel,saudavel,0.8472,agrosmart-v1,simulado,sim-2026-05
81465e02-3a15-530b-a8db-3c3ed61ec1a3,SC-02_20260506_0022.jpg,2026-05-06 09:18:59,SC-02,smartphone,saudavel,saudavel,0.9972,agrosmart-v1,simulado,sim-2026-05
07a85b59-cf9d-535e-9b70-9239dfdebeac,SC-03_20260506_0009.jpg,2026-05-06 09:19:15,SC-03,smartphone,saudavel,saudavel,0.9955,agrosmart-v1,simulado,sim-2026-05
1954ccc1-a786-5712-8482-e603b737335f,SC-02_20260506_0023.jpg,2026-05-06 09:19:45,SC-02,smartphone,saudavel,saudavel,0.6412,agrosmart-v1,simulado,sim-2026-05
dd79a9c2-b43f-5429-95b7-ea3d20f5f32d,SC-03_20260506_0010.jpg,2026-05-06 09:20:08,SC-03,smartphone,saudavel,saudavel,0.9993,agrosmart-v1,simulado,sim-2026-05
11d23058-34b0-589a-b7ef-bd2fb340d1b6,SC-02_20260506_0024.jpg,2026-05-06 09:20:17,SC-02,smartphone,saudavel,saudavel,0.9998,agrosmart-v1,simulado,sim-2026-05
93490cb6-88bb-571c-b04c-52e13a819f07,SC-03_20260506_0011.jpg,2026-05-06 09:20:45,SC-03,smartphone,saudavel,saudavel,0.8241,agrosmart-v1,simulado,sim-2026-05
98539734-87ac-59ba-942e-ff315a75d951,SC-02_20260506_0025.jpg,2026-05-06 09:20:56,SC-02,smartphone,saudavel,saudavel,0.9332,agrosmart-v1,simulado,sim-2026-05
051b879d-b713-52a5-a745-0569193eb0e7,SC-03_20260506_0012.jpg,2026-05-06 09:21:12,SC-03,smartphone,saudavel,saudavel,0.9655,agrosmart-v1,simulado,sim-2026-05
09e25419-85f4-5075-b626-891143fcdac5,SC-02_20260506_0026.jpg,2026-05-06 09:21:48,SC-02,smartphone,saudavel,saudavel,0.6961,agrosmart-v1,simulado,sim-2026-05
9feb9c31-6954-5498-a9f9-04ce8c27c867,SC-03_20260506_0013.jpg,2026-05-06 09:21:57,SC-03,smartphone,saudavel,saudavel,0.8886,agrosmart-v1,simulado,sim-2026-05
d4ddc551-394d-57fd-a71e-b3970b34e1f6,SC-02_20260506_0027.jpg,2026-05-06 09:22:15,SC-02,smartphone,saudavel,saudavel,1.0000,agrosmart-v1,simulado,sim-2026-05
439a6058-397f-5f2f-b8ec-8d0f690bfaf0,SC-03_20260506_0014.jpg,2026-05-06 09:22:46,SC-03,smartphone,saudavel,saudavel,0.8407,agrosmart-v1,simulado,sim-2026-05
2bb9ad48-fbc8-5a79-9a54-e0aeb677148f,SC-02_20260506_0028.jpg,2026-05-06 09:22:51,SC-02,smartphone,saudavel,saudavel,0.5717,agrosmart-v1,simulado,sim-2026-05
bea1531a-aa28-57c5-a293-5ddd3304b41a,SC-03_20260506_0015.jpg,2026-05-06 09:23:29,SC-03,smartphone,saudavel,saudavel,0.9995,agrosmart-v1,simulado,sim-2026-05
b871bbc7-19b7-516b-a5d9-a42ea6c1b799,SC-02_20260506_0029.jpg,2026-05-06 09:23:39,SC-02,smartphone,saudavel,saudavel,0.8840,agrosmart-v1,simulado,sim-2026-05
df3bf4e3-05e6-5bf1-8f57-1a20201c5c05,SC-03_20260506_0016.jpg,2026-05-06 09:23:55,SC-03,smartphone,saudavel,saudavel,0.8655,agrosmart-v1,simulado,sim-2026-05
c9855ebc-8384-5783-9717-7b54766da755,SC-03_20260506_0017.jpg,2026-05-06 09:24:34,SC-03,smartphone,saudavel,saudavel,0.8554,agrosmart-v1,simulado,sim-2026-05
f07d26fd-f622-54a7-8d11-9e583b622b75,SC-03_20260506_0018.jpg,2026-05-06 09:25:13,SC-03,smartphone,saudavel,saudavel,0.8336,agrosmart-v1,simulado,sim-2026-05
dcdb0b63-a7e3-5d65-a7b0-c0f96cf10fe8,SC-03_20260506_0019.jpg,2026-05-06 09:26:09,SC-03,smartphone,saudavel,saudavel,0.9982,agrosmart-v1,simulado,sim-2026-05
52d5d063-3bc9-5e28-ac75-167f00073f2c,SC-03_20260506_0020.jpg,2026-05-06 09:26:32,SC-03,smartphone,saudavel,saudavel,0.9623,agrosmart-v1,simulado,sim-2026-05
26eb903c-8588-5d12-9840-0a074fb55785,SC-03_20260506_0021.jpg,2026-05-06 09:27:24,SC-03,smartphone,saudavel,saudavel,0.9977,agrosmart-v1,simulado,sim-2026-05
006a5fab-ad4b-5c6f-a9f6-ec37c470a2f3,SC-03_20260506_0022.jpg,2026-05-06 09:27:43,SC-03,smartphone,saudavel,saudavel,0.8419,agrosmart-v1,simulado,sim-2026-05
0ed353f9-0e8d-5ae5-a0ef-9425937303d1,SC-03_20260506_0023.jpg,2026-05-06 09:28:36,SC-03,smartphone,doente,vaquinha,0.9999,agrosmart-v1,simulado,sim-2026-05
1d04b2d4-fc3a-5df1-ae92-0beb4d6558fb,SC-04_20260506_0001.jpg,2026-05-06 09:28:59,SC-04,smartphone,saudavel,saudavel,0.8647,agrosmart-v1,simulado,sim-2026-05
cd442eff-e110-5e23-852b-1d4ac62c3256,SC-03_20260506_0024.jpg,2026-05-06 09:29:16,SC-03,smartphone,saudavel,saudavel,0.9934,agrosmart-v1,simulado,sim-2026-05
7e5ab7f3-aacb-5751-98fd-478d63c10082,SC-04_20260506_0002.jpg,2026-05-06 09:29:26,SC-04,smartphone,saudavel,saudavel,0.9972,agrosmart-v1,simulado,sim-2026-05
85bbe8fe-4bb4-5ae8-a17f-d99c4292f940,SC-03_20260506_0025.jpg,2026-05-06 09:29:53,SC-03,smartphone,saudavel,saudavel,0.9374,agrosmart-v1,simulado,sim-2026-05
5c7529fc-b905-5cee-95bb-9140546fcf84,SC-04_20260506_0003.jpg,2026-05-06 09:30:01,SC-04,smartphone,saudavel,saudavel,0.9812,agrosmart-v1,simulado,sim-2026-05
e365960c-7bea-5e44-89ff-b26cfbfd8c47,SC-04_20260506_0004.jpg,2026-05-06 09:30:46,SC-04,smartphone,saudavel,saudavel,0.9405,agrosmart-v1,simulado,sim-2026-05
117ce102-58a3-5f56-bd9f-689ce4f3d008,SC-04_20260506_0005.jpg,2026-05-06 09:31:30,SC-04,smartphone,saudavel,saudavel,0.9934,agrosmart-v1,simulado,sim-2026-05
107d1dba-6afe-515b-9655-e9219399d4af,SC-04_20260506_0006.jpg,2026-05-06 09:32:25,SC-04,smartphone,saudavel,saudavel,0.9988,agrosmart-v1,simulado,sim-2026-05
308609be-66b4-5fd0-99b3-6fe5ff8a0d81,SC-04_20260506_0007.jpg,2026-05-06 09:33:05,SC-04,smartphone,saudavel,saudavel,0.9123,agrosmart-v1,simulado,sim-2026-05
91e13c59-06e7-5071-9500-4eeab41a05ce,SC-04_20260506_0008.jpg,2026-05-06 09:33:42,SC-04,smartphone,saudavel,saudavel,0.9972,agrosmart-v1,simulado,sim-2026-05
8d84a765-acf5-5d8e-ada6-b5f346f3b9c7,SC-04_20260506_0009.jpg,2026-05-06 09:34:01,SC-04,smartphone,saudavel,saudavel,0.9569,agrosmart-v1,simulado,sim-2026-05
128463cf-1f2e-5fa8-bc05-199c6d80c1c6,SC-04_20260506_0010.jpg,2026-05-06 09:35:03,SC-04,smartphone,saudavel,saudavel,0.8491,agrosmart-v1,simulado,sim-2026-05
74ad8bda-f1f4-5824-99fc-60c1f38eace0,SC-04_20260506_0011.jpg,2026-05-06 09:35:21,SC-04,smartphone,doente,mosca_minadora,0.9012,agrosmart-v1,simulado,sim-2026-05
faaecf94-2558-5a68-b85d-296381703f02,SC-04_20260506_0012.jpg,2026-05-06 09:36:17,SC-04,smartphone,saudavel,saudavel,0.8784,agrosmart-v1,simulado,sim-2026-05
072ac188-efe1-5ed1-88c9-a5337deb22c1,SC-04_20260506_0013.jpg,2026-05-06 09:36:58,SC-04,smartphone,saudavel,saudavel,0.9452,agrosmart-v1,simulado,sim-2026-05
d92aa7ad-0444-5343-b226-20101b53b5c7,SC-04_20260506_0014.jpg,2026-05-06 09:37:49,SC-04,smartphone,saudavel,saudavel,0.7698,agrosmart-v1,simulado,sim-2026-05
35288a48-c814-5022-80ad-cb3f88a7b6fb,SC-04_20260506_0015.jpg,2026-05-06 09:38:30,SC-04,smartphone,saudavel,saudavel,0.9214,agrosmart-v1,simulado,sim-2026-05
c4e62813-2140-5065-a64e-a605a182d85b,SC-04_20260506_0016.jpg,2026-05-06 09:38:46,SC-04,smartphone,saudavel,saudavel,0.8416,agrosmart-v1,simulado,sim-2026-05
16f9e752-2cc2-5258-9e50-d6756ea82871,SC-04_20260506_0017.jpg,2026-05-06 09:39:21,SC-04,smartphone,saudavel,saudavel,0.9918,agrosmart-v1,simulado,sim-2026-05
e8370fea-85af-569f-9a34-852002b8f23b,SC-04_20260506_0018.jpg,2026-05-06 09:40:02,SC-04,smartphone,saudavel,saudavel,0.9567,agrosmart-v1,simulado,sim-2026-05
2790b9c8-d7a6-5798-893c-8564552442d3,SC-04_20260506_0019.jpg,2026-05-06 09:40:59,SC-04,smartphone,saudavel,saudavel,0.9979,agrosmart-v1,simulado,sim-2026-05
d77c544f-67c0-5eb7-8eaa-af07d1541876,SC-04_20260506_0020.jpg,2026-05-06 09:41:21,SC-04,smartphone,saudavel,saudavel,0.9929,agrosmart-v1,simulado,sim-2026-05
80a4b2a0-c3a4-5757-9c45-b228757c2108,SC-04_20260506_0021.jpg,2026-05-06 09:42:08,SC-04,smartphone,saudavel,saudavel,0.9304,agrosmart-v1,simulado,sim-2026-05
0feafeec-ac2b-559d-a915-d284cb1a9de6,SC-04_20260506_0022.jpg,2026-05-06 09:42:48,SC-04,smartphone,saudavel,saudavel,0.9892,agrosmart-v1,simulado,sim-2026-05
89f90445-b306-58e6-b191-0388617affa8,SC-04_20260506_0023.jpg,2026-05-06 09:43:27,SC-04,smartphone,saudavel,saudavel,0.8802,agrosmart-v1,simulado,sim-2026-05
afeb46a9-763e-59f2-85dd-78d43295f1da,SC-04_20260506_0024.jpg,2026-05-06 09:44:05,SC-04,smartphone,saudavel,saudavel,0.9063,agrosmart-v1,simulado,sim-2026-05
43e2d267-fa1f-5334-8f7f-6bc7871ca249,SC-04_20260506_0025.jpg,2026-05-06 09:45:06,SC-04,smartphone,doente,pinta_preta,0.8931,agrosmart-v1,simulado,sim-2026-05
0ceac2a1-b81c-5599-aa27-87f4f3d4157a,SC-04_20260506_0026.jpg,2026-05-06 09:45:31,SC-04,smartphone,saudavel,saudavel,0.9413,agrosmart-v1,simulado,sim-2026-05
2fab3571-4455-5eff-b959-a709e37611cc,TI-03_20260508_0001.jpg,2026-05-08 07:49:54,TI-03,drone,saudavel,saudavel,0.9754,agrosmart-v1,simulado,sim-2026-05
39686fe0-0e78-559e-904e-a0080cc97528,TI-03_20260508_0002.jpg,2026-05-08 07:50:33,TI-03,drone,saudavel,saudavel,0.9890,agrosmart-v1,simulado,sim-2026-05
77f7c229-3bb4-52bd-8487-a75249988033,TI-03_20260508_0003.jpg,2026-05-08 07:51:24,TI-03,drone,saudavel,saudavel,0.9022,agrosmart-v1,simulado,sim-2026-05
1b8111c5-6e79-5db7-a8ef-90dde740a182,TI-03_20260508_0004.jpg,2026-05-08 07:52:02,TI-03,drone,saudavel,saudavel,0.9935,agrosmart-v1,simulado,sim-2026-05
4f74b6e1-c0a8-5073-a99c-5ff9ba26d6aa,TI-03_20260508_0005.jpg,2026-05-08 07:52:28,TI-03,drone,saudavel,saudavel,0.9039,agrosmart-v1,simulado,sim-2026-05
2c433b4c-d063-54b9-937a-79aac955369d,TI-03_20260508_0006.jpg,2026-05-08 07:53:00,TI-03,drone,saudavel,saudavel,0.9285,agrosmart-v1,simulado,sim-2026-05
1a812891-60ab-52e2-822a-9dff23b83a64,BV-03_20260508_0001.jpg,2026-05-08 07:54:05,BV-03,smartphone,saudavel,saudavel,0.9107,agrosmart-v1,simulado,sim-2026-05
e4ea10e1-c186-58ea-a80a-ab7cb6b8b3b7,TI-03_20260508_0007.jpg,2026-05-08 07:54:10,TI-03,drone,saudavel,saudavel,0.9860,agrosmart-v1,simulado,sim-2026-05
22170abd-0e14-5fec-b27a-645bd1164eb3,TI-03_20260508_0008.jpg,2026-05-08 07:54:24,TI-03,drone,saudavel,saudavel,0.9622,agrosmart-v1,simulado,sim-2026-05
0ba04bf9-d778-5084-b48b-5e6849ab2277,BV-03_20260508_0002.jpg,2026-05-08 07:54:37,BV-03,smartphone,saudavel,saudavel,0.8626,agrosmart-v1,simulado,sim-2026-05
79e256cd-8799-5a87-a618-b6cf39b69dfc,BV-03_20260508_0003.jpg,2026-05-08 07:55:13,BV-03,smartphone,saudavel,saudavel,0.9279,agrosmart-v1,simulado,sim-2026-05
09af159b-3ce5-56e4-b452-811d6c400ec4,TI-03_20260508_0009.jpg,2026-05-08 07:55:18,TI-03,drone,saudavel,saudavel,0.9972,agrosmart-v1,simulado,sim-2026-05
5d0157f6-27d2-57c4-87b5-b5965583cd2b,BV-03_20260508_0004.jpg,2026-05-08 07:56:01,BV-03,smartphone,saudavel,saudavel,0.9238,agrosmart-v1,simulado,sim-2026-05
00022d47-e495-5614-bd60-3b107164f53a,TI-03_20260508_0010.jpg,2026-05-08 07:56:07,TI-03,drone,saudavel,saudavel,0.9972,agrosmart-v1,simulado,sim-2026-05
44812083-8101-5d00-a261-63b20f472339,TI-03_20260508_0011.jpg,2026-05-08 07:56:25,TI-03,drone,saudavel,saudavel,0.9881,agrosmart-v1,simulado,sim-2026-05
205d53c2-c1fb-5b8a-9e15-87193cc26093,BV-03_20260508_0005.jpg,2026-05-08 07:56:46,BV-03,smartphone,saudavel,saudavel,0.9384,agrosmart-v1,simulado,sim-2026-05
776b8ac4-c1c6-57e4-8e83-ce439d77ee96,TI-03_20260508_0012.jpg,2026-05-08 07:57:01,TI-03,drone,saudavel,saudavel,0.9984,agrosmart-v1,simulado,sim-2026-05
5d3137be-aa5f-5a67-b4d4-465768fdc2ec,BV-03_20260508_0006.jpg,2026-05-08 07:57:11,BV-03,smartphone,saudavel,saudavel,0.8615,agrosmart-v1,simulado,sim-2026-05
daec7386-47b6-5910-93fa-e38bfc6538ee,SC-04_20260508_0001.jpg,2026-05-08 07:57:40,SC-04,smartphone,saudavel,saudavel,0.9066,agrosmart-v1,simulado,sim-2026-05
cab3c842-bb39-5024-9470-7ecc68d1895b,BV-03_20260508_0007.jpg,2026-05-08 07:57:49,BV-03,smartphone,saudavel,saudavel,0.8353,agrosmart-v1,simulado,sim-2026-05
a414b1fd-ada7-50a6-89cc-f9cf93adc9fe,TI-03_20260508_0013.jpg,2026-05-08 07:58:06,TI-03,drone,saudavel,saudavel,0.9984,agrosmart-v1,simulado,sim-2026-05
c41f9566-258a-54d3-b445-9c608fb5ac95,TI-03_20260508_0014.jpg,2026-05-08 07:58:22,TI-03,drone,saudavel,saudavel,0.9990,agrosmart-v1,simulado,sim-2026-05
ee2bf2bb-9d63-5109-86e6-d1e77a11a0e7,BV-03_20260508_0008.jpg,2026-05-08 07:58:41,BV-03,smartphone,saudavel,saudavel,0.9535,agrosmart-v1,simulado,sim-2026-05
a2456c4a-c3bd-56a9-99f1-8fa7b69e4a41,SC-04_20260508_0002.jpg,2026-05-08 07:58:41,SC-04,smartphone,saudavel,saudavel,0.8525,agrosmart-v1,simulado,sim-2026-05
7372b740-bebe-5a9d-8ee1-e780c4952173,TI-03_20260508_0015.jpg,2026-05-08 07:59:04,TI-03,drone,saudavel,saudavel,0.8743,agrosmart-v1,simulado,sim-2026-05
e251b286-c171-5b07-91fe-4bf08e548209,BV-03_20260508_0009.jpg,2026-05-08 07:59:15,BV-03,smartphone,saudavel,saudavel,0.9999,agrosmart-v1,simulado,sim-2026-05
0bc7fded-3e8e-5dd0-a16c-04b4311b61d7,SC-04_20260508_0003.jpg,2026-05-08 07:59:27,SC-04,smartphone,saudavel,saudavel,0.9906,agrosmart-v1,simulado,sim-2026-05
bce004ba-b8e5-586a-a60c-cf576cf82133,TI-03_20260508_0016.jpg,2026-05-08 07:59:49,TI-03,drone,saudavel,saudavel,0.9995,agrosmart-v1,simulado,sim-2026-05
522fbb81-39a8-5b47-b857-c5ef07760c3b,BV-03_20260508_0010.jpg,2026-05-08 07:59:59,BV-03,smartphone,saudavel,saudavel,0.8945,agrosmart-v1,simulado,sim-2026-05
cb84fbec-41e6-50b4-bc33-f9f4f1eb791e,SC-04_20260508_0004.jpg,2026-05-08 08:00:02,SC-04,smartphone,saudavel,saudavel,0.9775,agrosmart-v1,simulado,sim-2026-05
d0091119-6b49-5d17-aa25-b01fec003d80,BV-03_20260508_0011.jpg,2026-05-08 08:00:20,BV-03,smartphone,saudavel,saudavel,0.9888,agrosmart-v1,simulado,sim-2026-05
205e80c3-d5ad-5b1d-bb11-3a1a249396ac,TI-03_20260508_0017.jpg,2026-05-08 08:00:31,TI-03,drone,saudavel,saudavel,0.9606,agrosmart-v1,simulado,sim-2026-05
7f79a527-bfcd-5c6a-ad65-9e789a5221dd,SC-04_20260508_0005.jpg,2026-05-08 08:00:40,SC-04,smartphone,saudavel,saudavel,0.8774,agrosmart-v1,simulado,sim-2026-05
ef9b7541-0c78-5847-817f-39001f86ef98,BV-03_20260508_0012.jpg,2026-05-08 08:01:02,BV-03,smartphone,saudavel,saudavel,0.9883,agrosmart-v1,simulado,sim-2026-05
8cb8e6b5-f63d-51ad-a7b7-2fe4eb31af6e,TI-03_20260508_0018.jpg,2026-05-08 08:01:08,TI-03,drone,saudavel,saudavel,0.9201,agrosmart-v1,simulado,sim-2026-05
eb5845f8-c9fb-5c58-8776-49fa9bacfaec,SC-04_20260508_0006.jpg,2026-05-08 08:01:14,SC-04,smartphone,saudavel,saudavel,0.8460,agrosmart-v1,simulado,sim-2026-05
e61630d5-a886-53eb-8bfb-01e54e249862,SC-04_20260508_0007.jpg,2026-05-08 08:01:42,SC-04,smartphone,saudavel,saudavel,0.9732,agrosmart-v1,simulado,sim-2026-05
bed25b6a-1ad5-5342-a489-bcbdbfa26062,BV-03_20260508_0013.jpg,2026-05-08 08:02:02,BV-03,smartphone,saudavel,saudavel,0.9989,agrosmart-v1,simulado,sim-2026-05
1f8a8c4a-bf21-59cf-96d5-7f30b1f5827c,TI-03_20260508_0019.jpg,2026-05-08 08:02:10,TI-03,drone,saudavel,saudavel,0.9977,agrosmart-v1,simulado,sim-2026-05
43c12b3e-a590-517d-af7b-f9da07659280,SC-04_20260508_0008.jpg,2026-05-08 08:02:29,SC-04,smartphone,saudavel,saudavel,0.9695,agrosmart-v1,simulado,sim-2026-05
35adb69c-31b7-523e-9371-a9d2755eca6e,TI-03_20260508_0020.jpg,2026-05-08 08:02:38,TI-03,drone,saudavel,saudavel,0.9879,agrosmart-v1,simulado,sim-2026-05
6c63b7a1-f6e6-543f-9684-f13c29ed269b,BV-03_20260508_0014.jpg,2026-05-08 08:02:39,BV-03,smartphone,saudavel,saudavel,0.9616,agrosmart-v1,simulado,sim-2026-05
5995609d-52bd-5721-bdc8-93c94a355c56,BV-03_20260508_0015.jpg,2026-05-08 08:03:20,BV-03,smartphone,saudavel,saudavel,0.9798,agrosmart-v1,simulado,sim-2026-05
7ace1c37-9930-50ac-9a97-7c495f158865,SC-04_20260508_0009.jpg,2026-05-08 08:03:22,SC-04,smartphone,saudavel,saudavel,0.5894,agrosmart-v1,simulado,sim-2026-05
4a6e8c1f-1c4c-585d-8e1b-48a40c6cc895,TI-03_20260508_0021.jpg,2026-05-08 08:03:29,TI-03,drone,saudavel,saudavel,0.9362,agrosmart-v1,simulado,sim-2026-05
b82664ed-068a-5e08-8905-86218504d66a,SC-04_20260508_0010.jpg,2026-05-08 08:03:42,SC-04,smartphone,saudavel,saudavel,0.9548,agrosmart-v1,simulado,sim-2026-05
d4afc0dc-1ae3-5d07-becb-268c7a906b64,BV-03_20260508_0016.jpg,2026-05-08 08:04:00,BV-03,smartphone,saudavel,saudavel,0.9698,agrosmart-v1,simulado,sim-2026-05
594f4067-09c8-5de6-b890-f3aeb30775ab,TI-03_20260508_0022.jpg,2026-05-08 08:04:10,TI-03,drone,saudavel,saudavel,0.9306,agrosmart-v1,simulado,sim-2026-05
e9134e24-baae-5200-adcb-70dfbef9d1a8,TI-03_20260508_0023.jpg,2026-05-08 08:04:25,TI-03,drone,saudavel,saudavel,0.9705,agrosmart-v1,simulado,sim-2026-05
6f7fa01b-32fe-5e02-82c6-dcb78ec84fae,BV-03_20260508_0017.jpg,2026-05-08 08:04:31,BV-03,smartphone,saudavel,saudavel,0.9997,agrosmart-v1,simulado,sim-2026-05
7b90b5b8-35cf-5cff-a5da-17a91ab45fca,SC-04_20260508_0011.jpg,2026-05-08 08:04:48,SC-04,smartphone,saudavel,saudavel,0.8647,agrosmart-v1,simulado,sim-2026-05
9e277fd1-2fb0-517f-81c7-ea58e1f64fa8,TI-03_20260508_0024.jpg,2026-05-08 08:05:16,TI-03,drone,saudavel,saudavel,0.8992,agrosmart-v1,simulado,sim-2026-05
635241bf-be0a-5b7b-a4cd-fa56afc24e9e,BV-03_20260508_0018.jpg,2026-05-08 08:05:17,BV-03,smartphone,saudavel,saudavel,0.6524,agrosmart-v1,simulado,sim-2026-05
75c5b753-9111-5934-abbf-5ee296c7eefa,SC-04_20260508_0012.jpg,2026-05-08 08:05:19,SC-04,smartphone,saudavel,saudavel,0.8453,agrosmart-v1,simulado,sim-2026-05
6e3dace9-d2ad-5235-a94c-8a41cfcfdc67,SC-04_20260508_0013.jpg,2026-05-08 08:05:55,SC-04,smartphone,saudavel,saudavel,0.8364,agrosmart-v1,simulado,sim-2026-05
7ecd3bd9-3e71-5516-be2b-fa33ba60dda2,SC-01_20260508_0001.jpg,2026-05-08 08:06:05,SC-01,smartphone,saudavel,saudavel,0.8975,agrosmart-v1,simulado,sim-2026-05
dcddea59-1939-5ba0-a26a-b4849fea5bd0,TI-03_20260508_0025.jpg,2026-05-08 08:06:05,TI-03,drone,saudavel,saudavel,0.9787,agrosmart-v1,simulado,sim-2026-05
012684ca-355c-5c0b-95be-ebeda12c506b,SC-01_20260508_0002.jpg,2026-05-08 08:06:21,SC-01,smartphone,saudavel,saudavel,0.8339,agrosmart-v1,simulado,sim-2026-05
0eb257a9-f68d-5d0d-ba34-bb0ee3e9db25,SC-04_20260508_0014.jpg,2026-05-08 08:06:31,SC-04,smartphone,saudavel,saudavel,0.9873,agrosmart-v1,simulado,sim-2026-05
d5cd2d0f-d9c1-57df-9223-64889a42706d,TI-03_20260508_0026.jpg,2026-05-08 08:06:49,TI-03,drone,saudavel,saudavel,0.9136,agrosmart-v1,simulado,sim-2026-05
9e818dbb-584a-5aa3-aeb9-bc30dc268f06,SC-01_20260508_0003.jpg,2026-05-08 08:07:03,SC-01,smartphone,saudavel,saudavel,0.9648,agrosmart-v1,simulado,sim-2026-05
d8d7f7ea-d99e-5907-acd7-f1b65aa43c3e,TI-03_20260508_0027.jpg,2026-05-08 08:07:04,TI-03,drone,saudavel,saudavel,0.9328,agrosmart-v1,simulado,sim-2026-05
0bc942f4-5286-5fab-a03c-f7944335dd16,SC-04_20260508_0015.jpg,2026-05-08 08:07:15,SC-04,smartphone,saudavel,saudavel,0.9917,agrosmart-v1,simulado,sim-2026-05
ea792ffb-1b56-5be8-b34c-6bb6f9e139c6,TI-03_20260508_0028.jpg,2026-05-08 08:08:02,TI-03,drone,saudavel,saudavel,0.8730,agrosmart-v1,simulado,sim-2026-05
133afb94-35b3-5a0b-90ce-7f4b69b71169,SC-01_20260508_0004.jpg,2026-05-08 08:08:03,SC-01,smartphone,saudavel,saudavel,0.9374,agrosmart-v1,simulado,sim-2026-05
5ddbd888-dce8-5771-b105-cb58c3a325f1,SC-04_20260508_0016.jpg,2026-05-08 08:08:04,SC-04,smartphone,saudavel,saudavel,0.9991,agrosmart-v1,simulado,sim-2026-05
2cd6f442-a99f-57a9-a28d-5b5c7a10118e,SC-04_20260508_0017.jpg,2026-05-08 08:08:27,SC-04,smartphone,saudavel,saudavel,0.8231,agrosmart-v1,simulado,sim-2026-05
1f8ce509-9c80-5927-8861-0fd31d9305da,SC-01_20260508_0005.jpg,2026-05-08 08:08:32,SC-01,smartphone,saudavel,saudavel,0.9953,agrosmart-v1,simulado,sim-2026-05
dc0c5887-3ba4-5c3b-8cb3-8adf42470bd7,TI-03_20260508_0029.jpg,2026-05-08 08:08:34,TI-03,drone,saudavel,saudavel,0.9919,agrosmart-v1,simulado,sim-2026-05
012d1d76-bb3e-5f38-9c43-ec6fc6855fa6,SC-01_20260508_0006.jpg,2026-05-08 08:09:09,SC-01,smartphone,saudavel,saudavel,0.9974,agrosmart-v1,simulado,sim-2026-05
04adf32c-74e5-5599-b1fa-641b07b9d095,SC-04_20260508_0018.jpg,2026-05-08 08:09:12,SC-04,smartphone,saudavel,saudavel,0.9922,agrosmart-v1,simulado,sim-2026-05
25a01f37-d609-51b7-8bf6-7e0cdd499326,TI-03_20260508_0030.jpg,2026-05-08 08:09:19,TI-03,drone,saudavel,saudavel,0.8467,agrosmart-v1,simulado,sim-2026-05
dcecab72-eb06-597c-8d98-1129a49b87b9,SC-04_20260508_0019.jpg,2026-05-08 08:09:48,SC-04,smartphone,saudavel,saudavel,0.9830,agrosmart-v1,simulado,sim-2026-05
4841a70c-5c17-5583-9f48-929d04ddae32,SC-01_20260508_0007.jpg,2026-05-08 08:10:01,SC-01,smartphone,saudavel,saudavel,0.9984,agrosmart-v1,simulado,sim-2026-05
a62a18c3-e41b-54b7-ac63-fed352c87f9d,TI-03_20260508_0031.jpg,2026-05-08 08:10:05,TI-03,drone,saudavel,saudavel,0.9881,agrosmart-v1,simulado,sim-2026-05
076cddbc-79e4-59c7-8f55-b7144c075bbc,SC-04_20260508_0020.jpg,2026-05-08 08:10:22,SC-04,smartphone,saudavel,saudavel,0.9999,agrosmart-v1,simulado,sim-2026-05
bb901f25-0996-58f1-9a04-e218ac0191f3,SC-01_20260508_0008.jpg,2026-05-08 08:10:29,SC-01,smartphone,saudavel,saudavel,0.9890,agrosmart-v1,simulado,sim-2026-05
9f896956-e788-5949-9cf8-5c90adec01d9,TI-03_20260508_0032.jpg,2026-05-08 08:10:49,TI-03,drone,saudavel,saudavel,0.9340,agrosmart-v1,simulado,sim-2026-05
5b17bfe7-cfe4-53ec-af8a-06696bcdc0c1,TI-03_20260508_0033.jpg,2026-05-08 08:11:05,TI-03,drone,saudavel,saudavel,0.8474,agrosmart-v1,simulado,sim-2026-05
a605f579-be07-58e4-8ceb-38830cd8aa29,SC-04_20260508_0021.jpg,2026-05-08 08:11:24,SC-04,smartphone,saudavel,saudavel,0.9999,agrosmart-v1,simulado,sim-2026-05
a546f421-7f3c-5f11-8c1a-c253cfe0b2e8,SC-01_20260508_0009.jpg,2026-05-08 08:11:29,SC-01,smartphone,saudavel,saudavel,0.9742,agrosmart-v1,simulado,sim-2026-05
3b0bdb19-27f9-59f5-8e4a-db5f664015cb,SC-04_20260508_0022.jpg,2026-05-08 08:11:40,SC-04,smartphone,saudavel,saudavel,0.9991,agrosmart-v1,simulado,sim-2026-05
d8288c75-3043-5784-a6d9-6780fe0ef259,TI-03_20260508_0034.jpg,2026-05-08 08:11:42,TI-03,drone,saudavel,saudavel,0.9771,agrosmart-v1,simulado,sim-2026-05
1ee1beac-ed63-5726-ac4d-6855abcded7a,SC-01_20260508_0010.jpg,2026-05-08 08:11:56,SC-01,smartphone,saudavel,saudavel,0.9950,agrosmart-v1,simulado,sim-2026-05
05f25e4b-3205-50a1-8f12-1f8b619c69f6,SC-01_20260508_0011.jpg,2026-05-08 08:12:22,SC-01,smartphone,saudavel,saudavel,0.9595,agrosmart-v1,simulado,sim-2026-05
a5cb7c3a-9d1f-5b47-8fc4-678108a89d9a,TI-03_20260508_0035.jpg,2026-05-08 08:12:29,TI-03,drone,saudavel,saudavel,0.9891,agrosmart-v1,simulado,sim-2026-05
b9ce6226-9c7d-56a6-ac39-103f0d4547af,SC-04_20260508_0023.jpg,2026-05-08 08:12:34,SC-04,smartphone,saudavel,saudavel,0.9999,agrosmart-v1,simulado,sim-2026-05
88744d5b-79e8-58bc-8448-478d92306a44,SC-01_20260508_0012.jpg,2026-05-08 08:13:08,SC-01,smartphone,doente,vaquinha,0.8963,agrosmart-v1,simulado,sim-2026-05
6489cb2f-72be-5c54-b789-676ad0274a9e,TI-03_20260508_0036.jpg,2026-05-08 08:13:12,TI-03,drone,saudavel,saudavel,0.9874,agrosmart-v1,simulado,sim-2026-05
fc3b5eb6-25ca-5ef4-9b82-7b88af1e67cd,SC-04_20260508_0024.jpg,2026-05-08 08:13:28,SC-04,smartphone,saudavel,saudavel,0.9192,agrosmart-v1,simulado,sim-2026-05
93ad417b-3f20-53fc-8dda-abef54b08054,SC-01_20260508_0013.jpg,2026-05-08 08:14:03,SC-01,smartphone,saudavel,saudavel,0.9774,agrosmart-v1,simulado,sim-2026-05
f6fc3fe0-0522-5e76-8ba3-65158c8c587c,SC-04_20260508_0025.jpg,2026-05-08 08:14:04,SC-04,smartphone,saudavel,saudavel,0.9598,agrosmart-v1,simulado,sim-2026-05
f740faa9-7bac-5ba3-8324-b6876f4e9293,SC-04_20260508_0026.jpg,2026-05-08 08:14:23,SC-04,smartphone,saudavel,saudavel,0.9545,agrosmart-v1,simulado,sim-2026-05
405da4b7-8c0e-51d2-9e4c-3bdf8809456f,SC-01_20260508_0014.jpg,2026-05-08 08:14:41,SC-01,smartphone,saudavel,saudavel,0.9999,agrosmart-v1,simulado,sim-2026-05
f309e8b0-d1b6-5dea-9cb2-75b5120a7f14,SC-04_20260508_0027.jpg,2026-05-08 08:15:05,SC-04,smartphone,saudavel,saudavel,0.8297,agrosmart-v1,simulado,sim-2026-05
00acd6e0-810d-54a1-84d6-7cac32c84697,SC-01_20260508_0015.jpg,2026-05-08 08:15:30,SC-01,smartphone,saudavel,saudavel,0.9803,agrosmart-v1,simulado,sim-2026-05
5b263200-5e41-5e08-9610-4cd19ca923bc,SC-01_20260508_0016.jpg,2026-05-08 08:15:50,SC-01,smartphone,saudavel,saudavel,0.9241,agrosmart-v1,simulado,sim-2026-05
a0fede3d-8499-59ef-9f50-5de807de07c0,SC-04_20260508_0028.jpg,2026-05-08 08:16:05,SC-04,smartphone,saudavel,saudavel,0.8934,agrosmart-v1,simulado,sim-2026-05
d2c88f36-e3b1-5c05-bf07-cc28b09e59a5,SC-01_20260508_0017.jpg,2026-05-08 08:16:23,SC-01,smartphone,saudavel,saudavel,0.9796,agrosmart-v1,simulado,sim-2026-05
66bfc3c4-edbc-58d2-822f-cd1393a07bf7,SC-04_20260508_0029.jpg,2026-05-08 08:16:24,SC-04,smartphone,saudavel,saudavel,0.9093,agrosmart-v1,simulado,sim-2026-05
abc253c7-9d98-5c34-b8fc-f9ce8c193683,SC-01_20260508_0018.jpg,2026-05-08 08:17:02,SC-01,smartphone,saudavel,saudavel,0.8742,agrosmart-v1,simulado,sim-2026-05
3378a5dc-fb19-5927-be61-8003e445c52a,SC-01_20260508_0019.jpg,2026-05-08 08:18:00,SC-01,smartphone,saudavel,saudavel,0.9741,agrosmart-v1,simulado,sim-2026-05
2a41f9ab-2359-5d4a-bcb8-fb92824a01f0,SC-01_20260508_0020.jpg,2026-05-08 08:18:27,SC-01,smartphone,saudavel,saudavel,0.9240,agrosmart-v1,simulado,sim-2026-05
14c270bd-e2e3-5604-942a-433ff7eecf9b,SC-01_20260508_0021.jpg,2026-05-08 08:19:25,SC-01,smartphone,saudavel,saudavel,0.8634,agrosmart-v1,simulado,sim-2026-05
0f043907-07b1-5e12-994c-84ed455eb088,SC-01_20260508_0022.jpg,2026-05-08 08:20:01,SC-01,smartphone,saudavel,saudavel,0.9952,agrosmart-v1,simulado,sim-2026-05
c926d8a4-713c-5e49-ad1a-f40d04c874ed,SC-01_20260508_0023.jpg,2026-05-08 08:20:45,SC-01,smartphone,saudavel,saudavel,0.9230,agrosmart-v1,simulado,sim-2026-05
84b86d6e-ad97-52d4-a789-d43ae86fd941,SC-01_20260508_0024.jpg,2026-05-08 08:21:23,SC-01,smartphone,saudavel,saudavel,0.8801,agrosmart-v1,simulado,sim-2026-05
a9b0b8b0-84d0-5dc6-bdd3-5489356e6054,SC-01_20260508_0025.jpg,2026-05-08 08:22:01,SC-01,smartphone,saudavel,saudavel,0.8919,agrosmart-v1,simulado,sim-2026-05
9dfe1e25-b586-5e3a-a4eb-9a8b0af06b58,SC-01_20260508_0026.jpg,2026-05-08 08:22:46,SC-01,smartphone,saudavel,saudavel,0.8330,agrosmart-v1,simulado,sim-2026-05
56c775c3-8c62-5303-9071-8f9641d9c2ab,SC-02_20260508_0001.jpg,2026-05-08 08:23:10,SC-02,smartphone,saudavel,saudavel,0.9326,agrosmart-v1,simulado,sim-2026-05
b6863e3d-dae4-58c4-bfd0-c51947f20099,SC-01_20260508_0027.jpg,2026-05-08 08:23:24,SC-01,smartphone,saudavel,saudavel,0.9079,agrosmart-v1,simulado,sim-2026-05
f22c6d67-2684-59f1-89e5-0c57652539ac,SC-02_20260508_0002.jpg,2026-05-08 08:23:35,SC-02,smartphone,saudavel,saudavel,0.9833,agrosmart-v1,simulado,sim-2026-05
804ace30-f4d8-50fa-be26-8ef1aac910b5,SC-01_20260508_0028.jpg,2026-05-08 08:24:03,SC-01,smartphone,saudavel,saudavel,0.8871,agrosmart-v1,simulado,sim-2026-05
e527834d-0fcd-591a-9016-9976c10fb158,SC-02_20260508_0003.jpg,2026-05-08 08:24:12,SC-02,smartphone,saudavel,saudavel,0.9985,agrosmart-v1,simulado,sim-2026-05
5087a946-385c-50c3-9e7a-b1b0501334b3,SC-01_20260508_0029.jpg,2026-05-08 08:24:28,SC-01,smartphone,saudavel,saudavel,0.9805,agrosmart-v1,simulado,sim-2026-05
a84efc95-7ae4-5224-b2cf-3c3e789b3d2f,SC-02_20260508_0004.jpg,2026-05-08 08:25:04,SC-02,smartphone,saudavel,saudavel,0.9516,agrosmart-v1,simulado,sim-2026-05
8ae217e6-bff6-51eb-8a88-e4501d60d59c,SC-01_20260508_0030.jpg,2026-05-08 08:25:24,SC-01,smartphone,saudavel,saudavel,0.8613,agrosmart-v1,simulado,sim-2026-05
cfd41726-a418-5d26-8fbb-54c79dfe5d86,SC-02_20260508_0005.jpg,2026-05-08 08:25:33,SC-02,smartphone,saudavel,saudavel,0.9028,agrosmart-v1,simulado,sim-2026-05
ea251622-bbb4-5ad3-9a39-561a28ea1b6b,SC-01_20260508_0031.jpg,2026-05-08 08:25:44,SC-01,smartphone,saudavel,saudavel,0.9971,agrosmart-v1,simulado,sim-2026-05
c3a93f93-03ff-53f5-b6ab-f23b4d9597de,SC-02_20260508_0006.jpg,2026-05-08 08:26:13,SC-02,smartphone,saudavel,saudavel,0.8535,agrosmart-v1,simulado,sim-2026-05
81e7e6fc-0469-5d44-93f4-cbb7f2d9dc35,SC-01_20260508_0032.jpg,2026-05-08 08:26:31,SC-01,smartphone,saudavel,saudavel,0.9980,agrosmart-v1,simulado,sim-2026-05
7fb977d2-128e-5cbe-bf64-ae9cf27760c3,SC-02_20260508_0007.jpg,2026-05-08 08:27:04,SC-02,smartphone,saudavel,saudavel,0.9922,agrosmart-v1,simulado,sim-2026-05
87d12d22-8267-5749-a3a7-6031f0ea28ec,SC-02_20260508_0008.jpg,2026-05-08 08:27:27,SC-02,smartphone,saudavel,saudavel,0.5734,agrosmart-v1,simulado,sim-2026-05
c7c30717-2e3a-51ac-8675-acf7c4cfd34b,SC-02_20260508_0009.jpg,2026-05-08 08:28:13,SC-02,smartphone,saudavel,saudavel,0.9156,agrosmart-v1,simulado,sim-2026-05
32d8497a-5174-5a2b-b155-34fe59a064db,SC-02_20260508_0010.jpg,2026-05-08 08:28:53,SC-02,smartphone,saudavel,saudavel,0.9330,agrosmart-v1,simulado,sim-2026-05
b4033baa-33e4-534b-a21a-1f94015d8eca,SC-02_20260508_0011.jpg,2026-05-08 08:29:31,SC-02,smartphone,saudavel,saudavel,0.9862,agrosmart-v1,simulado,sim-2026-05
ffe24fc2-9479-5c63-9855-6a55d7b2511c,SC-02_20260508_0012.jpg,2026-05-08 08:30:00,SC-02,smartphone,saudavel,saudavel,0.9909,agrosmart-v1,simulado,sim-2026-05
e189304f-c8e6-5e25-b8ac-0c7a9d283251,SC-02_20260508_0013.jpg,2026-05-08 08:31:10,SC-02,smartphone,saudavel,saudavel,0.9889,agrosmart-v1,simulado,sim-2026-05
9d334805-0e3c-5efe-9b39-f481ea3050ae,SC-02_20260508_0014.jpg,2026-05-08 08:31:38,SC-02,smartphone,saudavel,saudavel,0.9851,agrosmart-v1,simulado,sim-2026-05
fc066046-2fbb-5983-a054-db9b26c2a789,SC-02_20260508_0015.jpg,2026-05-08 08:32:20,SC-02,smartphone,saudavel,saudavel,0.9948,agrosmart-v1,simulado,sim-2026-05
b5aecb36-841d-5511-95ec-57cc955bef01,SC-02_20260508_0016.jpg,2026-05-08 08:33:00,SC-02,smartphone,saudavel,saudavel,0.9990,agrosmart-v1,simulado,sim-2026-05
ce874375-772f-5720-ac15-028e143a093e,SC-02_20260508_0017.jpg,2026-05-08 08:33:36,SC-02,smartphone,saudavel,saudavel,0.8553,agrosmart-v1,simulado,sim-2026-05
35db97e4-933a-564b-805c-40a156ec46ea,SC-02_20260508_0018.jpg,2026-05-08 08:34:05,SC-02,smartphone,saudavel,saudavel,0.8486,agrosmart-v1,simulado,sim-2026-05
800cda24-f1cb-5bf8-8898-80bf724f23cf,SC-02_20260508_0019.jpg,2026-05-08 08:34:58,SC-02,smartphone,saudavel,saudavel,0.9999,agrosmart-v1,simulado,sim-2026-05
70134bec-53e7-5c09-9f6a-9c4701a3d729,SC-02_20260508_0020.jpg,2026-05-08 08:35:32,SC-02,smartphone,saudavel,saudavel,0.9850,agrosmart-v1,simulado,sim-2026-05
c899a2f3-4e05-5b55-b3c3-704616d73494,SC-02_20260508_0021.jpg,2026-05-08 08:36:16,SC-02,smartphone,saudavel,saudavel,0.9684,agrosmart-v1,simulado,sim-2026-05
1ee8e3a2-b3af-5e80-b570-d544e60b7910,SC-02_20260508_0022.jpg,2026-05-08 08:37:09,SC-02,smartphone,saudavel,saudavel,0.9948,agrosmart-v1,simulado,sim-2026-05
543fee7c-7bba-560e-93fe-21e5b8c8d749,SC-02_20260508_0023.jpg,2026-05-08 08:37:22,SC-02,smartphone,saudavel,saudavel,0.9820,agrosmart-v1,simulado,sim-2026-05
20322701-1bac-5476-92f1-4dedb73c1f0b,SC-02_20260508_0024.jpg,2026-05-08 08:38:00,SC-02,smartphone,saudavel,saudavel,0.8567,agrosmart-v1,simulado,sim-2026-05
1ef76f81-9a7f-5624-a3bf-3d4a0e55f960,SC-02_20260508_0025.jpg,2026-05-08 08:38:50,SC-02,smartphone,saudavel,saudavel,0.9807,agrosmart-v1,simulado,sim-2026-05
2218cdc0-a792-5d02-ba45-54c3f5bf8724,SC-02_20260508_0026.jpg,2026-05-08 08:39:42,SC-02,smartphone,saudavel,saudavel,0.9616,agrosmart-v1,simulado,sim-2026-05
bc2891bd-1ba1-50f9-a361-3df0d16e2dba,SC-02_20260508_0027.jpg,2026-05-08 08:40:27,SC-02,smartphone,saudavel,saudavel,0.8817,agrosmart-v1,simulado,sim-2026-05
6e708ec4-d268-536c-9b23-7a1c6ca6b962,SC-02_20260508_0028.jpg,2026-05-08 08:41:06,SC-02,smartphone,saudavel,saudavel,0.8359,agrosmart-v1,simulado,sim-2026-05
b38c5c39-246d-563a-b965-04cbdabbf702,SC-02_20260508_0029.jpg,2026-05-08 08:41:47,SC-02,smartphone,saudavel,saudavel,0.9895,agrosmart-v1,simulado,sim-2026-05
18f4669c-3d4c-5d3a-ae92-0d7b1c00bce3,SC-02_20260508_0030.jpg,2026-05-08 08:42:10,SC-02,smartphone,saudavel,saudavel,0.8726,agrosmart-v1,simulado,sim-2026-05
c98c7adb-6388-5477-9992-6d2e49a5b0d9,SC-02_20260508_0031.jpg,2026-05-08 08:42:44,SC-02,smartphone,saudavel,saudavel,0.6689,agrosmart-v1,simulado,sim-2026-05
f2698bb3-bae5-50be-a226-9c7bcdfd6bce,SC-02_20260508_0032.jpg,2026-05-08 08:43:30,SC-02,smartphone,saudavel,saudavel,0.8330,agrosmart-v1,simulado,sim-2026-05
923d1625-24aa-5546-bcdc-26c17b74251e,SC-02_20260508_0033.jpg,2026-05-08 08:44:27,SC-02,smartphone,saudavel,saudavel,0.9196,agrosmart-v1,simulado,sim-2026-05
e0d9946a-cd23-502c-b297-c5edd45d52e3,SC-03_20260508_0001.jpg,2026-05-08 08:45:03,SC-03,smartphone,saudavel,saudavel,0.9966,agrosmart-v1,simulado,sim-2026-05
45497d21-01df-5d6a-af2d-f8eaac0bfa30,SC-03_20260508_0002.jpg,2026-05-08 08:45:22,SC-03,smartphone,saudavel,saudavel,0.9089,agrosmart-v1,simulado,sim-2026-05
03a8979a-1714-5f52-9d79-2716f4a4d806,SC-03_20260508_0003.jpg,2026-05-08 08:46:28,SC-03,smartphone,saudavel,saudavel,0.9783,agrosmart-v1,simulado,sim-2026-05
f4a9fe53-75bf-5411-8fac-7e2da96061c5,SC-03_20260508_0004.jpg,2026-05-08 08:47:05,SC-03,smartphone,saudavel,saudavel,0.9250,agrosmart-v1,simulado,sim-2026-05
1bb25a3b-0f4a-50da-90df-cadbcfd73a81,SC-03_20260508_0005.jpg,2026-05-08 08:47:46,SC-03,smartphone,saudavel,saudavel,0.9992,agrosmart-v1,simulado,sim-2026-05
3488ea70-a7d7-57f7-9771-155ccbdfcf88,SC-03_20260508_0006.jpg,2026-05-08 08:48:24,SC-03,smartphone,saudavel,saudavel,0.9273,agrosmart-v1,simulado,sim-2026-05
419c4ff4-e8e5-5025-ba83-4d234e7b1871,BV-01_20260508_0001.jpg,2026-05-08 08:48:46,BV-01,smartphone,saudavel,saudavel,0.9111,agrosmart-v1,simulado,sim-2026-05
7e5f010a-bad1-5297-8480-bcd1600308cd,SC-03_20260508_0007.jpg,2026-05-08 08:48:46,SC-03,smartphone,saudavel,saudavel,0.8792,agrosmart-v1,simulado,sim-2026-05
8a182467-dcdc-512d-92d5-1120329d7e49,BV-01_20260508_0002.jpg,2026-05-08 08:49:44,BV-01,smartphone,saudavel,saudavel,0.8799,agrosmart-v1,simulado,sim-2026-05
39a2973b-80ff-5572-88a0-8108758d1d81,SC-03_20260508_0008.jpg,2026-05-08 08:49:50,SC-03,smartphone,saudavel,saudavel,0.9368,agrosmart-v1,simulado,sim-2026-05
1f4cf006-ec4b-52a5-b372-6e6464040483,BV-01_20260508_0003.jpg,2026-05-08 08:50:21,BV-01,smartphone,saudavel,saudavel,0.9620,agrosmart-v1,simulado,sim-2026-05
dafe61b3-8181-56f9-af15-9550721760e8,SC-03_20260508_0009.jpg,2026-05-08 08:50:26,SC-03,smartphone,saudavel,saudavel,0.9749,agrosmart-v1,simulado,sim-2026-05
aa8132d2-23a4-582b-9c45-f888a92dd527,BV-01_20260508_0004.jpg,2026-05-08 08:50:42,BV-01,smartphone,saudavel,saudavel,0.9943,agrosmart-v1,simulado,sim-2026-05
f141c2cf-f10d-5513-a7bd-200380645be6,SC-03_20260508_0010.jpg,2026-05-08 08:51:07,SC-03,smartphone,saudavel,saudavel,0.9143,agrosmart-v1,simulado,sim-2026-05
5af9ae85-5126-542b-b49d-44c108c0cb74,BV-01_20260508_0005.jpg,2026-05-08 08:51:22,BV-01,smartphone,saudavel,saudavel,0.9907,agrosmart-v1,simulado,sim-2026-05
acf5bfe1-5477-50fd-9883-166234a5979a,SC-03_20260508_0011.jpg,2026-05-08 08:51:27,SC-03,smartphone,saudavel,saudavel,0.9388,agrosmart-v1,simulado,sim-2026-05
749e6192-68bc-57c8-bcbf-6197cdaeadf6,SC-03_20260508_0012.jpg,2026-05-08 08:52:06,SC-03,smartphone,saudavel,saudavel,0.5237,agrosmart-v1,simulado,sim-2026-05
295a537a-a8bf-5f8c-b285-ccb836dc12c3,BV-01_20260508_0006.jpg,2026-05-08 08:52:12,BV-01,smartphone,saudavel,saudavel,0.9706,agrosmart-v1,simulado,sim-2026-05
e30bb4ef-5094-5b2d-9b77-2e632ff6f010,SC-03_20260508_0013.jpg,2026-05-08 08:52:47,SC-03,smartphone,doente,requeima,0.8810,agrosmart-v1,simulado,sim-2026-05
4cafd40a-fdd5-5463-87e2-84b48798cc42,BV-01_20260508_0007.jpg,2026-05-08 08:52:52,BV-01,smartphone,saudavel,saudavel,0.9485,agrosmart-v1,simulado,sim-2026-05
0543107c-e4a0-5caa-8dd3-2d835d2d5359,SC-03_20260508_0014.jpg,2026-05-08 08:53:37,SC-03,smartphone,saudavel,saudavel,0.9027,agrosmart-v1,simulado,sim-2026-05
6b0432db-88b8-50a3-8944-3177b688f248,BV-01_20260508_0008.jpg,2026-05-08 08:53:39,BV-01,smartphone,saudavel,saudavel,0.8998,agrosmart-v1,simulado,sim-2026-05
127273d8-971f-5824-a50e-6a4a628f2a59,SC-03_20260508_0015.jpg,2026-05-08 08:54:18,SC-03,smartphone,saudavel,saudavel,1.0000,agrosmart-v1,simulado,sim-2026-05
6fe7b3c0-81b0-5e0e-831b-8e264c119f77,BV-01_20260508_0009.jpg,2026-05-08 08:54:27,BV-01,smartphone,saudavel,saudavel,0.8450,agrosmart-v1,simulado,sim-2026-05
e36204a9-b494-57b5-a937-b3800bfa0aa4,SC-03_20260508_0016.jpg,2026-05-08 08:54:41,SC-03,smartphone,saudavel,saudavel,0.9663,agrosmart-v1,simulado,sim-2026-05
6d8fb2b2-a426-5101-a523-848033fffd41,BV-01_20260508_0010.jpg,2026-05-08 08:55:05,BV-01,smartphone,saudavel,saudavel,0.9338,agrosmart-v1,simulado,sim-2026-05
8f8ec0f5-d5c3-5d5c-8245-bd27efbee2d4,SC-03_20260508_0017.jpg,2026-05-08 08:55:24,SC-03,smartphone,saudavel,saudavel,0.9635,agrosmart-v1,simulado,sim-2026-05
a072233c-1df9-5de4-8449-56d7e2f93e8e,BV-01_20260508_0011.jpg,2026-05-08 08:55:49,BV-01,smartphone,saudavel,saudavel,0.9719,agrosmart-v1,simulado,sim-2026-05
b95b93b3-3863-5aee-a6b8-1f81d1f7afd3,BV-01_20260508_0012.jpg,2026-05-08 08:56:15,BV-01,smartphone,saudavel,saudavel,0.9913,agrosmart-v1,simulado,sim-2026-05
b70b3821-543f-589b-b710-5166e03e5ad8,SC-03_20260508_0018.jpg,2026-05-08 08:56:21,SC-03,smartphone,saudavel,saudavel,0.8845,agrosmart-v1,simulado,sim-2026-05
cfc06db7-71d4-5f4e-882e-753e9933c456,SC-03_20260508_0019.jpg,2026-05-08 08:56:50,SC-03,smartphone,saudavel,saudavel,0.9963,agrosmart-v1,simulado,sim-2026-05
7418ebd4-f76e-5d28-99f7-31fc276821fe,BV-01_20260508_0013.jpg,2026-05-08 08:57:05,BV-01,smartphone,saudavel,saudavel,0.9464,agrosmart-v1,simulado,sim-2026-05
504baeb0-11e9-5d1a-9631-d7352fd87fa7,BV-01_20260508_0014.jpg,2026-05-08 08:57:24,BV-01,smartphone,saudavel,saudavel,0.8584,agrosmart-v1,simulado,sim-2026-05
a9c5e87c-67f0-584c-8143-9a719d5a8d46,SC-03_20260508_0020.jpg,2026-05-08 08:57:43,SC-03,smartphone,saudavel,saudavel,1.0000,agrosmart-v1,simulado,sim-2026-05
349dc20a-6cd4-516d-add0-0f29d0e5abbf,SC-03_20260508_0021.jpg,2026-05-08 08:58:12,SC-03,smartphone,saudavel,saudavel,0.9992,agrosmart-v1,simulado,sim-2026-05
b8760076-0b4e-50d1-a650-a74ddc3287dc,BV-01_20260508_0015.jpg,2026-05-08 08:58:27,BV-01,smartphone,saudavel,saudavel,0.9749,agrosmart-v1,simulado,sim-2026-05
cbcce8a6-71d8-52ee-b893-6c1b0dbe02b6,BV-01_20260508_0016.jpg,2026-05-08 08:58:57,BV-01,smartphone,saudavel,saudavel,0.9964,agrosmart-v1,simulado,sim-2026-05
8173f1f0-4249-5259-a9cb-316918ffdecc,SC-03_20260508_0022.jpg,2026-05-08 08:58:58,SC-03,smartphone,saudavel,saudavel,0.9520,agrosmart-v1,simulado,sim-2026-05
b435df8e-1e07-5b6b-8dca-f179fd367cb5,SC-03_20260508_0023.jpg,2026-05-08 08:59:36,SC-03,smartphone,saudavel,saudavel,0.9872,agrosmart-v1,simulado,sim-2026-05
a14ebd46-0f85-5f12-bf1f-ad0ccc2625a5,BV-01_20260508_0017.jpg,2026-05-08 08:59:38,BV-01,smartphone,saudavel,saudavel,0.9481,agrosmart-v1,simulado,sim-2026-05
eb17ff6d-0075-5db1-9cd7-684fdd9cb99c,SC-03_20260508_0024.jpg,2026-05-08 09:00:06,SC-03,smartphone,saudavel,saudavel,0.9700,agrosmart-v1,simulado,sim-2026-05
16ab4ef3-3254-5deb-99ab-7bfbbdcbf3a9,BV-01_20260508_0018.jpg,2026-05-08 09:00:09,BV-01,smartphone,saudavel,saudavel,0.9011,agrosmart-v1,simulado,sim-2026-05
7a977f07-f8d3-5ec3-a3e9-519ba89ad668,BV-01_20260508_0019.jpg,2026-05-08 09:00:46,BV-01,smartphone,saudavel,saudavel,0.9249,agrosmart-v1,simulado,sim-2026-05
3135b35e-e66c-51c8-90d7-3e9a0bbef416,SC-03_20260508_0025.jpg,2026-05-08 09:00:53,SC-03,smartphone,saudavel,saudavel,0.9117,agrosmart-v1,simulado,sim-2026-05
5858ffe9-8c5c-5576-993a-b8dfd20c2346,BV-01_20260508_0020.jpg,2026-05-08 09:01:25,BV-01,smartphone,saudavel,saudavel,0.9315,agrosmart-v1,simulado,sim-2026-05
b357ef7c-dc7b-5b87-85ad-0a5ac6462b5f,SC-03_20260508_0026.jpg,2026-05-08 09:01:34,SC-03,smartphone,saudavel,saudavel,0.9594,agrosmart-v1,simulado,sim-2026-05
5009b05d-c8e5-581b-8c1d-bed7738d3314,BV-01_20260508_0021.jpg,2026-05-08 09:02:03,BV-01,smartphone,saudavel,saudavel,0.8849,agrosmart-v1,simulado,sim-2026-05
47e85a05-988a-5dd3-8e5d-afd028ec4800,SC-03_20260508_0027.jpg,2026-05-08 09:02:29,SC-03,smartphone,saudavel,saudavel,0.9818,agrosmart-v1,simulado,sim-2026-05
8b219bfd-cf61-53cf-a807-03311ba183ff,SC-03_20260508_0028.jpg,2026-05-08 09:03:02,SC-03,smartphone,saudavel,saudavel,0.9414,agrosmart-v1,simulado,sim-2026-05
52514e9d-72a6-5e4e-9025-41c87bbcc11a,BV-01_20260508_0022.jpg,2026-05-08 09:03:07,BV-01,smartphone,saudavel,saudavel,0.8236,agrosmart-v1,simulado,sim-2026-05
442f9ebd-3f98-544c-a6b2-67efccdfe419,BV-01_20260508_0023.jpg,2026-05-08 09:03:40,BV-01,smartphone,saudavel,saudavel,0.9848,agrosmart-v1,simulado,sim-2026-05
7dfc5d15-efd0-549b-9be7-88e9560dac60,SC-03_20260508_0029.jpg,2026-05-08 09:03:41,SC-03,smartphone,saudavel,saudavel,0.9146,agrosmart-v1,simulado,sim-2026-05
9fafcfc9-ade9-5acd-b7e8-a67d0cb29874,BV-01_20260508_0024.jpg,2026-05-08 09:04:03,BV-01,smartphone,saudavel,saudavel,0.9393,agrosmart-v1,simulado,sim-2026-05
d4ed8466-58d1-5939-b765-095afc246684,SC-03_20260508_0030.jpg,2026-05-08 09:04:11,SC-03,smartphone,saudavel,saudavel,0.9099,agrosmart-v1,simulado,sim-2026-05
bde55191-9dc9-5d46-ae7d-7c2cdaeae2e4,BV-01_20260508_0025.jpg,2026-05-08 09:04:51,BV-01,smartphone,saudavel,saudavel,0.9227,agrosmart-v1,simulado,sim-2026-05
fd747acb-b3d1-5ff3-8118-5f9bcd59a3c2,BV-01_20260508_0026.jpg,2026-05-08 09:05:39,BV-01,smartphone,saudavel,saudavel,0.9933,agrosmart-v1,simulado,sim-2026-05
34929ad2-6d83-5c11-aa49-1f8ce5280fd5,BV-01_20260508_0027.jpg,2026-05-08 09:06:10,BV-01,smartphone,saudavel,saudavel,0.9832,agrosmart-v1,simulado,sim-2026-05
9c2e0ebd-8996-5c62-8998-4b792399a90a,BV-01_20260508_0028.jpg,2026-05-08 09:06:58,BV-01,smartphone,saudavel,saudavel,0.8826,agrosmart-v1,simulado,sim-2026-05
e7eab902-4ee6-52e5-8b4d-109074099b32,BV-01_20260508_0029.jpg,2026-05-08 09:07:25,BV-01,smartphone,saudavel,saudavel,0.5865,agrosmart-v1,simulado,sim-2026-05
6d876ad3-471c-5d08-99a7-608ccfb0faca,BV-01_20260508_0030.jpg,2026-05-08 09:08:23,BV-01,smartphone,saudavel,saudavel,0.9862,agrosmart-v1,simulado,sim-2026-05
c9ccfe0f-071d-57cc-8db7-55528e03bd2d,BV-01_20260508_0031.jpg,2026-05-08 09:09:01,BV-01,smartphone,saudavel,saudavel,0.8613,agrosmart-v1,simulado,sim-2026-05
fe81ae39-6a08-5422-919d-ac478f85749c,BV-01_20260508_0032.jpg,2026-05-08 09:09:31,BV-01,smartphone,saudavel,saudavel,0.9573,agrosmart-v1,simulado,sim-2026-05
d00a1be0-2f51-596f-bd9a-116a3d28a965,BV-01_20260508_0033.jpg,2026-05-08 09:10:20,BV-01,smartphone,saudavel,saudavel,0.8724,agrosmart-v1,simulado,sim-2026-05
36b84d69-5908-5471-a621-d5ba5724bd0e,BV-02_20260508_0001.jpg,2026-05-08 09:23:47,BV-02,smartphone,saudavel,saudavel,0.9462,agrosmart-v1,simulado,sim-2026-05
eff47a10-0def-5f89-9bbb-01ad7afb10c2,BV-02_20260508_0002.jpg,2026-05-08 09:24:37,BV-02,smartphone,saudavel,saudavel,0.9847,agrosmart-v1,simulado,sim-2026-05
2ff36433-7258-5502-9cda-ba551db2bf65,BV-02_20260508_0003.jpg,2026-05-08 09:25:24,BV-02,smartphone,doente,pinta_preta,0.8635,agrosmart-v1,simulado,sim-2026-05
bf6acba5-f639-553f-aec2-9c56253bd4ed,BV-02_20260508_0004.jpg,2026-05-08 09:26:03,BV-02,smartphone,saudavel,saudavel,0.8689,agrosmart-v1,simulado,sim-2026-05
3f1df462-5f24-5976-a3a5-77a7f5b1bbcd,BV-02_20260508_0005.jpg,2026-05-08 09:26:34,BV-02,smartphone,saudavel,saudavel,0.9917,agrosmart-v1,simulado,sim-2026-05
80edefdd-4550-52e1-88eb-c4f4057e6e6a,BV-02_20260508_0006.jpg,2026-05-08 09:27:07,BV-02,smartphone,saudavel,saudavel,0.9800,agrosmart-v1,simulado,sim-2026-05
5de6bff9-ba44-5d6c-8146-3ebe5b468826,BV-02_20260508_0007.jpg,2026-05-08 09:28:02,BV-02,smartphone,saudavel,saudavel,0.9344,agrosmart-v1,simulado,sim-2026-05
ae471554-dea6-5b55-ac14-35262e97dbe0,BV-02_20260508_0008.jpg,2026-05-08 09:28:24,BV-02,smartphone,saudavel,saudavel,0.9696,agrosmart-v1,simulado,sim-2026-05
ac34ef01-6c79-5a30-8478-99ca794f5410,BV-02_20260508_0009.jpg,2026-05-08 09:29:15,BV-02,smartphone,saudavel,saudavel,0.8755,agrosmart-v1,simulado,sim-2026-05
0a916267-14db-56c8-84a7-46308fe41111,BV-02_20260508_0010.jpg,2026-05-08 09:29:56,BV-02,smartphone,saudavel,saudavel,0.9424,agrosmart-v1,simulado,sim-2026-05
99d08119-87b9-5acd-9cea-7bb563d97c42,BV-02_20260508_0011.jpg,2026-05-08 09:30:50,BV-02,smartphone,saudavel,saudavel,0.8853,agrosmart-v1,simulado,sim-2026-05
1ade8708-8dd2-51f1-860c-88217dbe79b8,BV-02_20260508_0012.jpg,2026-05-08 09:31:15,BV-02,smartphone,saudavel,saudavel,0.9799,agrosmart-v1,simulado,sim-2026-05
133afb49-b7f3-59ec-baed-e9e46920924f,BV-02_20260508_0013.jpg,2026-05-08 09:31:42,BV-02,smartphone,saudavel,saudavel,0.8292,agrosmart-v1,simulado,sim-2026-05
ad1c2bc8-7d84-5884-8313-172dcc324f36,TI-04_20260508_0001.jpg,2026-05-08 09:31:48,TI-04,drone,saudavel,saudavel,0.8998,agrosmart-v1,simulado,sim-2026-05
fa94c069-7318-57ab-abdd-f486bd2298ad,TI-04_20260508_0002.jpg,2026-05-08 09:32:36,TI-04,drone,saudavel,saudavel,0.8934,agrosmart-v1,simulado,sim-2026-05
b9d65f35-c3c7-5313-bb0f-78d27805b339,BV-02_20260508_0014.jpg,2026-05-08 09:32:37,BV-02,smartphone,saudavel,saudavel,0.9525,agrosmart-v1,simulado,sim-2026-05
e2b1eb8c-e3e9-5c54-af08-e04fcbf3b8ef,TI-04_20260508_0003.jpg,2026-05-08 09:33:08,TI-04,drone,saudavel,saudavel,0.9473,agrosmart-v1,simulado,sim-2026-05
f316c3ae-5fc7-52dc-ab9f-8955002a0742,BV-02_20260508_0015.jpg,2026-05-08 09:33:18,BV-02,smartphone,saudavel,saudavel,0.9330,agrosmart-v1,simulado,sim-2026-05
09cc877f-2063-52cf-8e1e-e3f6c82fda06,TI-04_20260508_0004.jpg,2026-05-08 09:33:42,TI-04,drone,saudavel,saudavel,0.9579,agrosmart-v1,simulado,sim-2026-05
948792f6-e8d9-56a9-ab63-4ea3474d9cd8,BV-02_20260508_0016.jpg,2026-05-08 09:34:04,BV-02,smartphone,saudavel,saudavel,0.9158,agrosmart-v1,simulado,sim-2026-05
947b229d-01fa-5d41-a99a-fc9903e1d0ed,BV-02_20260508_0017.jpg,2026-05-08 09:34:34,BV-02,smartphone,saudavel,saudavel,0.8604,agrosmart-v1,simulado,sim-2026-05
6d60d4fe-b2f3-5d5e-86cb-98547002097c,TI-04_20260508_0005.jpg,2026-05-08 09:34:47,TI-04,drone,saudavel,saudavel,0.8744,agrosmart-v1,simulado,sim-2026-05
5fe632e7-03df-5e92-904b-6df9282899e6,BV-02_20260508_0018.jpg,2026-05-08 09:35:20,BV-02,smartphone,saudavel,saudavel,0.9941,agrosmart-v1,simulado,sim-2026-05
c39e9659-beda-5782-90f2-11ffd72c7245,TI-04_20260508_0006.jpg,2026-05-08 09:35:25,TI-04,drone,saudavel,saudavel,0.9819,agrosmart-v1,simulado,sim-2026-05
31c32014-7e3d-51a7-9d3c-7f35a493298f,BV-02_20260508_0019.jpg,2026-05-08 09:35:54,BV-02,smartphone,saudavel,saudavel,0.9137,agrosmart-v1,simulado,sim-2026-05
9079064e-14fb-5bea-83c9-22e38dc1ff98,TI-04_20260508_0007.jpg,2026-05-08 09:36:04,TI-04,drone,saudavel,saudavel,0.9885,agrosmart-v1,simulado,sim-2026-05
abd4e2e7-2cbf-5c93-be82-ed464628a874,TI-04_20260508_0008.jpg,2026-05-08 09:36:28,TI-04,drone,saudavel,saudavel,0.9999,agrosmart-v1,simulado,sim-2026-05
1d372609-0cdc-5c1d-a2b9-e236fba989fe,BV-02_20260508_0020.jpg,2026-05-08 09:36:33,BV-02,smartphone,saudavel,saudavel,0.9710,agrosmart-v1,simulado,sim-2026-05
45205624-1488-5eda-bd16-9a1b2c6d9e0c,BV-02_20260508_0021.jpg,2026-05-08 09:37:19,BV-02,smartphone,saudavel,saudavel,0.9999,agrosmart-v1,simulado,sim-2026-05
afc4b0de-57ac-5d67-847d-809a2ca5bc38,TI-04_20260508_0009.jpg,2026-05-08 09:37:26,TI-04,drone,doente,pinta_preta,0.9406,agrosmart-v1,simulado,sim-2026-05
e40f5a71-e9e1-549a-870e-886f5bcdbd26,TI-04_20260508_0010.jpg,2026-05-08 09:37:48,TI-04,drone,saudavel,saudavel,0.8455,agrosmart-v1,simulado,sim-2026-05
e69d7fc1-e0f9-5bcb-8a77-8bcdea73589f,BV-02_20260508_0022.jpg,2026-05-08 09:37:53,BV-02,smartphone,saudavel,saudavel,0.8682,agrosmart-v1,simulado,sim-2026-05
a8b9bee2-688e-5edd-b3ba-73ab13218e48,TI-04_20260508_0011.jpg,2026-05-08 09:38:31,TI-04,drone,saudavel,saudavel,0.9760,agrosmart-v1,simulado,sim-2026-05
1a503ece-485a-51d7-8ef8-75885cce1c65,BV-02_20260508_0023.jpg,2026-05-08 09:38:44,BV-02,smartphone,saudavel,saudavel,0.9623,agrosmart-v1,simulado,sim-2026-05
bc53cfd9-abe7-5cb4-a133-dd7bcabd3c6c,TI-04_20260508_0012.jpg,2026-05-08 09:39:02,TI-04,drone,saudavel,saudavel,0.8554,agrosmart-v1,simulado,sim-2026-05
e79414f8-a7c2-5522-b777-1206823a1e8d,BV-02_20260508_0024.jpg,2026-05-08 09:39:24,BV-02,smartphone,saudavel,saudavel,0.8459,agrosmart-v1,simulado,sim-2026-05
3ab832ba-6374-52be-8ba9-a40fc092f202,TI-01_20260508_0001.jpg,2026-05-08 09:39:40,TI-01,drone,saudavel,saudavel,0.9833,agrosmart-v1,simulado,sim-2026-05
4d1ea66f-e2cf-5e03-95a8-8338b48c28fe,TI-04_20260508_0013.jpg,2026-05-08 09:39:55,TI-04,drone,saudavel,saudavel,0.8558,agrosmart-v1,simulado,sim-2026-05
b1cdbe63-a827-5eb0-83f5-0a3f44ebe2be,BV-02_20260508_0025.jpg,2026-05-08 09:40:02,BV-02,smartphone,saudavel,saudavel,0.9958,agrosmart-v1,simulado,sim-2026-05
ee30c5a3-36ee-585f-809d-b7fd33d95c71,BV-02_20260508_0026.jpg,2026-05-08 09:40:26,BV-02,smartphone,saudavel,saudavel,0.9982,agrosmart-v1,simulado,sim-2026-05
de1dff67-2f5c-5037-a533-63576c074269,TI-04_20260508_0014.jpg,2026-05-08 09:40:43,TI-04,drone,saudavel,saudavel,0.9193,agrosmart-v1,simulado,sim-2026-05
5f82867c-0993-569b-92c5-fa3c510a6bf2,TI-01_20260508_0002.jpg,2026-05-08 09:40:49,TI-01,drone,saudavel,saudavel,0.9754,agrosmart-v1,simulado,sim-2026-05
38d507f9-851a-5e0d-9347-03e33ab08848,TI-01_20260508_0003.jpg,2026-05-08 09:41:00,TI-01,drone,saudavel,saudavel,0.8389,agrosmart-v1,simulado,sim-2026-05
e84ab4bc-bf19-5c99-96a7-fad4a5ba8e0a,TI-04_20260508_0015.jpg,2026-05-08 09:41:17,TI-04,drone,saudavel,saudavel,0.9020,agrosmart-v1,simulado,sim-2026-05
017e7c66-177f-5773-a97e-40cde37a6148,TI-04_20260508_0016.jpg,2026-05-08 09:41:44,TI-04,drone,saudavel,saudavel,0.9219,agrosmart-v1,simulado,sim-2026-05
d876808a-9311-5b07-8d47-83ae6dca4d68,TI-01_20260508_0004.jpg,2026-05-08 09:41:53,TI-01,drone,doente,pinta_preta,0.9705,agrosmart-v1,simulado,sim-2026-05
54bbfcec-1c47-5e18-9719-4552faa5c053,TI-01_20260508_0005.jpg,2026-05-08 09:42:25,TI-01,drone,saudavel,saudavel,0.9995,agrosmart-v1,simulado,sim-2026-05
27f688d9-b7da-5105-96cb-9e24fe875d2a,TI-04_20260508_0017.jpg,2026-05-08 09:42:35,TI-04,drone,saudavel,saudavel,0.9949,agrosmart-v1,simulado,sim-2026-05
757b908d-97f1-52b3-ae45-837078975398,TI-01_20260508_0006.jpg,2026-05-08 09:43:00,TI-01,drone,saudavel,saudavel,0.9954,agrosmart-v1,simulado,sim-2026-05
51815ca3-94f8-549a-9b6d-bc4c327885de,TI-04_20260508_0018.jpg,2026-05-08 09:43:23,TI-04,drone,saudavel,saudavel,0.8417,agrosmart-v1,simulado,sim-2026-05
c464ea23-bd9a-5abd-8a4c-bc681b7ab132,TI-04_20260508_0019.jpg,2026-05-08 09:43:48,TI-04,drone,saudavel,saudavel,0.9970,agrosmart-v1,simulado,sim-2026-05
4845a493-586b-5e9a-b4a2-af3fcc48e5ab,TI-01_20260508_0007.jpg,2026-05-08 09:43:54,TI-01,drone,saudavel,saudavel,1.0000,agrosmart-v1,simulado,sim-2026-05
d6ecc930-6a39-50ae-affe-0e5125f182f5,TI-04_20260508_0020.jpg,2026-05-08 09:44:24,TI-04,drone,saudavel,saudavel,0.9871,agrosmart-v1,simulado,sim-2026-05
69741ea5-d3e0-5fa4-896d-0a9f7d79822c,TI-01_20260508_0008.jpg,2026-05-08 09:44:50,TI-01,drone,saudavel,saudavel,0.9842,agrosmart-v1,simulado,sim-2026-05
610865fa-b55a-5c8d-b6b9-0d3188b501ff,TI-01_20260508_0009.jpg,2026-05-08 09:45:01,TI-01,drone,saudavel,saudavel,0.9927,agrosmart-v1,simulado,sim-2026-05
cdb0f016-7658-5b65-b104-fc0d62f918b6,TI-04_20260508_0021.jpg,2026-05-08 09:45:23,TI-04,drone,saudavel,saudavel,0.9964,agrosmart-v1,simulado,sim-2026-05
0d0c11be-26b0-53b1-a354-e65612c9d372,TI-04_20260508_0022.jpg,2026-05-08 09:45:43,TI-04,drone,saudavel,saudavel,0.8424,agrosmart-v1,simulado,sim-2026-05
5aaf0263-c763-5a81-a6d9-1d6e62e92fef,TI-01_20260508_0010.jpg,2026-05-08 09:45:49,TI-01,drone,saudavel,saudavel,0.9434,agrosmart-v1,simulado,sim-2026-05
702ab194-7614-5baa-9492-69ca038bc676,TI-04_20260508_0023.jpg,2026-05-08 09:46:38,TI-04,drone,saudavel,saudavel,0.8349,agrosmart-v1,simulado,sim-2026-05
1b4d4a64-0926-564e-952f-7a70de8b725b,TI-01_20260508_0011.jpg,2026-05-08 09:46:43,TI-01,drone,saudavel,saudavel,0.9999,agrosmart-v1,simulado,sim-2026-05
a5eb4017-ad2b-5cb4-a6cc-f7645a09ae99,TI-04_20260508_0024.jpg,2026-05-08 09:47:20,TI-04,drone,saudavel,saudavel,0.9476,agrosmart-v1,simulado,sim-2026-05
187bd698-3052-5fce-951d-babaecce6694,TI-01_20260508_0012.jpg,2026-05-08 09:47:23,TI-01,drone,saudavel,saudavel,0.9168,agrosmart-v1,simulado,sim-2026-05
a5e81310-3dbc-5d1d-8905-ad6b58b9403e,TI-01_20260508_0013.jpg,2026-05-08 09:47:50,TI-01,drone,saudavel,saudavel,0.8604,agrosmart-v1,simulado,sim-2026-05
db46d19b-be07-5c56-a3b3-c53a0aecd01f,TI-04_20260508_0025.jpg,2026-05-08 09:48:01,TI-04,drone,saudavel,saudavel,0.8886,agrosmart-v1,simulado,sim-2026-05
205c6286-eb35-5eea-bd4e-abbf2b7e7b87,TI-01_20260508_0014.jpg,2026-05-08 09:48:32,TI-01,drone,saudavel,saudavel,0.9862,agrosmart-v1,simulado,sim-2026-05
9456c3e9-49c6-5158-9d65-c52d6129f5ba,TI-04_20260508_0026.jpg,2026-05-08 09:48:47,TI-04,drone,saudavel,saudavel,0.9824,agrosmart-v1,simulado,sim-2026-05
52d77418-1bb9-5ed3-8c4b-0851f2c6eb32,TI-01_20260508_0015.jpg,2026-05-08 09:49:07,TI-01,drone,saudavel,saudavel,0.9971,agrosmart-v1,simulado,sim-2026-05
18674fad-a15b-556d-88bb-4cdfe09a1077,TI-04_20260508_0027.jpg,2026-05-08 09:49:19,TI-04,drone,saudavel,saudavel,0.8694,agrosmart-v1,simulado,sim-2026-05
e06d22a2-e7c0-55f1-ac9c-3422c29b8942,TI-04_20260508_0028.jpg,2026-05-08 09:50:05,TI-04,drone,saudavel,saudavel,0.9671,agrosmart-v1,simulado,sim-2026-05
46606603-c94f-5cf2-98d9-94b16f32c1c8,TI-02_20260508_0001.jpg,2026-05-08 09:50:07,TI-02,drone,saudavel,saudavel,0.9467,agrosmart-v1,simulado,sim-2026-05
89b9b5ec-7e5f-5f28-97e9-8a279226e0ff,TI-01_20260508_0016.jpg,2026-05-08 09:50:08,TI-01,drone,saudavel,saudavel,0.9999,agrosmart-v1,simulado,sim-2026-05
ed6bafe9-e7f0-5a80-8a0c-2ecc4fa0ae00,TI-02_20260508_0002.jpg,2026-05-08 09:50:31,TI-02,drone,saudavel,saudavel,0.8858,agrosmart-v1,simulado,sim-2026-05
e86f374b-2d97-59a9-89b2-f5274849f77b,TI-04_20260508_0029.jpg,2026-05-08 09:50:32,TI-04,drone,saudavel,saudavel,0.6884,agrosmart-v1,simulado,sim-2026-05
2f0cfdd7-a042-51b4-9c95-7d897392cb15,TI-01_20260508_0017.jpg,2026-05-08 09:50:40,TI-01,drone,saudavel,saudavel,0.9514,agrosmart-v1,simulado,sim-2026-05
845e6ee1-9147-55bd-a4e5-a5f1e72fa119,TI-02_20260508_0003.jpg,2026-05-08 09:51:01,TI-02,drone,saudavel,saudavel,0.9010,agrosmart-v1,simulado,sim-2026-05
20e3f623-8461-5a6f-9776-c980bb7c1d3e,TI-04_20260508_0030.jpg,2026-05-08 09:51:08,TI-04,drone,saudavel,saudavel,0.8985,agrosmart-v1,simulado,sim-2026-05
20abbeb6-7107-5ccc-80b9-b521f4aba4d4,TI-01_20260508_0018.jpg,2026-05-08 09:51:15,TI-01,drone,saudavel,saudavel,0.9113,agrosmart-v1,simulado,sim-2026-05
b934cab2-8802-5ebd-a064-dc0fe8ab08e7,TI-01_20260508_0019.jpg,2026-05-08 09:51:55,TI-01,drone,saudavel,saudavel,0.8952,agrosmart-v1,simulado,sim-2026-05
5125e228-d731-529a-ab78-274dd10a25a2,TI-04_20260508_0031.jpg,2026-05-08 09:52:01,TI-04,drone,saudavel,saudavel,0.9971,agrosmart-v1,simulado,sim-2026-05
e4c97b55-4f4e-527f-8711-3dec53f4bb23,TI-02_20260508_0004.jpg,2026-05-08 09:52:04,TI-02,drone,saudavel,saudavel,0.9406,agrosmart-v1,simulado,sim-2026-05
c032d82e-5f59-5268-8b02-87b3dd8758b7,TI-02_20260508_0005.jpg,2026-05-08 09:52:29,TI-02,drone,saudavel,saudavel,0.9995,agrosmart-v1,simulado,sim-2026-05
fb9fcecc-f89f-5938-87cf-bc4ff414ff05,TI-01_20260508_0020.jpg,2026-05-08 09:52:36,TI-01,drone,saudavel,saudavel,0.9947,agrosmart-v1,simulado,sim-2026-05
c9e489ea-8c21-5c5a-a312-f408389a7812,TI-04_20260508_0032.jpg,2026-05-08 09:52:44,TI-04,drone,saudavel,saudavel,0.9972,agrosmart-v1,simulado,sim-2026-05
ca39afc2-b2ca-56d4-9ee2-52e48fc3a2b3,BV-04_20260508_0001.jpg,2026-05-08 09:52:56,BV-04,smartphone,saudavel,saudavel,0.9796,agrosmart-v1,simulado,sim-2026-05
0f88b5e0-c31c-562c-ae4d-d6a003a6a7bf,TI-04_20260508_0033.jpg,2026-05-08 09:53:10,TI-04,drone,saudavel,saudavel,0.8747,agrosmart-v1,simulado,sim-2026-05
3898ab77-d4ac-50db-bc2b-5bcf662f25c3,TI-01_20260508_0021.jpg,2026-05-08 09:53:15,TI-01,drone,saudavel,saudavel,0.9887,agrosmart-v1,simulado,sim-2026-05
e4e60199-4d2b-5e0e-9b12-774fce768f8a,TI-02_20260508_0006.jpg,2026-05-08 09:53:18,TI-02,drone,saudavel,saudavel,0.9953,agrosmart-v1,simulado,sim-2026-05
d7097295-8296-5c8a-9518-43b5cafe4a72,BV-04_20260508_0002.jpg,2026-05-08 09:53:28,BV-04,smartphone,saudavel,saudavel,0.9660,agrosmart-v1,simulado,sim-2026-05
d5370a3a-c1d1-5b69-acd7-e21237b5511e,TI-04_20260508_0034.jpg,2026-05-08 09:53:45,TI-04,drone,saudavel,saudavel,0.8233,agrosmart-v1,simulado,sim-2026-05
0ea191ce-0695-55a3-8ddf-a87f24d2f72a,TI-01_20260508_0022.jpg,2026-05-08 09:53:58,TI-01,drone,saudavel,saudavel,1.0000,agrosmart-v1,simulado,sim-2026-05
ea631485-70c3-52de-b022-54b9ee6e9efc,TI-02_20260508_0007.jpg,2026-05-08 09:54:06,TI-02,drone,saudavel,saudavel,0.9040,agrosmart-v1,simulado,sim-2026-05
d76b10ac-a1c1-52ad-81fe-9c4e590c5320,BV-04_20260508_0003.jpg,2026-05-08 09:54:10,BV-04,smartphone,saudavel,saudavel,0.9998,agrosmart-v1,simulado,sim-2026-05
6124a3ef-b615-5d69-838c-8d4ce6b45204,TI-02_20260508_0008.jpg,2026-05-08 09:54:31,TI-02,drone,saudavel,saudavel,0.9202,agrosmart-v1,simulado,sim-2026-05
be8b66c2-769c-5e3c-8395-fee2f0d24b78,TI-01_20260508_0023.jpg,2026-05-08 09:54:32,TI-01,drone,saudavel,saudavel,1.0000,agrosmart-v1,simulado,sim-2026-05
3d9df5c8-2b38-59ed-b5f8-4dcfee3b528b,TI-04_20260508_0035.jpg,2026-05-08 09:54:44,TI-04,drone,saudavel,saudavel,0.8234,agrosmart-v1,simulado,sim-2026-05
20f8be4c-bc30-53b2-b449-b13f2326489b,BV-04_20260508_0004.jpg,2026-05-08 09:54:50,BV-04,smartphone,doente,pinta_preta,0.9324,agrosmart-v1,simulado,sim-2026-05
c0212075-f378-5cc6-92a4-92674e0a3508,TI-01_20260508_0024.jpg,2026-05-08 09:55:01,TI-01,drone,saudavel,saudavel,0.9589,agrosmart-v1,simulado,sim-2026-05
db383136-b21d-54bc-8f22-4e8db104e0a0,TI-04_20260508_0036.jpg,2026-05-08 09:55:08,TI-04,drone,doente,pinta_preta,0.9977,agrosmart-v1,simulado,sim-2026-05
2c340f8b-3f76-5b8d-9792-01f10b4c31c1,TI-02_20260508_0009.jpg,2026-05-08 09:55:27,TI-02,drone,saudavel,saudavel,0.8895,agrosmart-v1,simulado,sim-2026-05
8a14b536-c994-50e1-b058-a81634a2eb54,BV-04_20260508_0005.jpg,2026-05-08 09:55:42,BV-04,smartphone,saudavel,saudavel,0.8744,agrosmart-v1,simulado,sim-2026-05
ef1ece46-39ea-5d80-9dec-5f8491f3df15,TI-04_20260508_0037.jpg,2026-05-08 09:55:49,TI-04,drone,saudavel,saudavel,0.9995,agrosmart-v1,simulado,sim-2026-05
46566884-801b-5890-896e-a86bbb6d824b,TI-02_20260508_0010.jpg,2026-05-08 09:56:05,TI-02,drone,saudavel,saudavel,0.9540,agrosmart-v1,simulado,sim-2026-05
9dc290a9-dae0-590a-94d7-a2a0a9d63873,TI-01_20260508_0025.jpg,2026-05-08 09:56:07,TI-01,drone,saudavel,saudavel,0.9913,agrosmart-v1,simulado,sim-2026-05
4231cd7e-db26-5673-b669-59cd081e843a,BV-04_20260508_0006.jpg,2026-05-08 09:56:24,BV-04,smartphone,saudavel,saudavel,0.9601,agrosmart-v1,simulado,sim-2026-05
a5ee3a81-6f49-5281-abf0-d50ca76746f9,TI-01_20260508_0026.jpg,2026-05-08 09:56:33,TI-01,drone,saudavel,saudavel,0.8833,agrosmart-v1,simulado,sim-2026-05
fde1bff0-f7dc-5380-acdb-4b9a583c64fc,TI-04_20260508_0038.jpg,2026-05-08 09:56:41,TI-04,drone,doente,requeima,0.9320,agrosmart-v1,simulado,sim-2026-05
5e11af4c-2822-5b7d-a8c5-6c316fdaf1af,BV-04_20260508_0007.jpg,2026-05-08 09:56:50,BV-04,smartphone,saudavel,saudavel,0.8846,agrosmart-v1,simulado,sim-2026-05
7286da40-ba73-55f7-ba0d-09a409e16a61,TI-02_20260508_0011.jpg,2026-05-08 09:56:50,TI-02,drone,saudavel,saudavel,0.9747,agrosmart-v1,simulado,sim-2026-05
4f18f323-a519-5e6a-9a9b-706f9ad77374,TI-02_20260508_0012.jpg,2026-05-08 09:57:09,TI-02,drone,saudavel,saudavel,0.9731,agrosmart-v1,simulado,sim-2026-05
747ba77b-8ddc-5740-8cc4-55205493fdec,TI-04_20260508_0039.jpg,2026-05-08 09:57:14,TI-04,drone,saudavel,saudavel,0.9898,agrosmart-v1,simulado,sim-2026-05
49f7f05f-5ec1-5897-8119-5d1ea6ded8fd,TI-01_20260508_0027.jpg,2026-05-08 09:57:16,TI-01,drone,saudavel,saudavel,0.9623,agrosmart-v1,simulado,sim-2026-05
3c094e08-f4ad-533e-aa04-52901ea787f2,BV-04_20260508_0008.jpg,2026-05-08 09:57:24,BV-04,smartphone,saudavel,saudavel,0.8760,agrosmart-v1,simulado,sim-2026-05
d5fd8556-69ef-5cf9-955c-51684622c144,TI-02_20260508_0013.jpg,2026-05-08 09:57:41,TI-02,drone,saudavel,saudavel,0.9650,agrosmart-v1,simulado,sim-2026-05
67ffbf6c-42eb-5408-8171-0096b8dc280b,TI-01_20260508_0028.jpg,2026-05-08 09:57:49,TI-01,drone,saudavel,saudavel,0.9193,agrosmart-v1,simulado,sim-2026-05
41604fbf-eb0f-5179-a7f3-e78ad529ee4c,TI-04_20260508_0040.jpg,2026-05-08 09:57:58,TI-04,drone,saudavel,saudavel,0.9318,agrosmart-v1,simulado,sim-2026-05
ea4d3851-353f-5c47-ba95-4ff3435dd366,BV-04_20260508_0009.jpg,2026-05-08 09:58:19,BV-04,smartphone,saudavel,saudavel,0.9995,agrosmart-v1,simulado,sim-2026-05
e3ab18a9-d1bd-571a-8f63-0d35de7d9578,TI-01_20260508_0029.jpg,2026-05-08 09:58:33,TI-01,drone,saudavel,saudavel,0.9976,agrosmart-v1,simulado,sim-2026-05
29b2d340-549e-50d6-b344-1e213c55b923,TI-02_20260508_0014.jpg,2026-05-08 09:58:50,TI-02,drone,saudavel,saudavel,0.9226,agrosmart-v1,simulado,sim-2026-05
6535f374-6be9-5097-b406-d4f079212f9f,TI-01_20260508_0030.jpg,2026-05-08 09:59:06,TI-01,drone,doente,mosca_minadora,0.8335,agrosmart-v1,simulado,sim-2026-05
67cd23bf-2390-516b-a13f-b7b3981c0036,TI-02_20260508_0015.jpg,2026-05-08 09:59:09,TI-02,drone,saudavel,saudavel,0.8728,agrosmart-v1,simulado,sim-2026-05
19329c25-4955-55b2-8487-b52f1b262f5e,BV-04_20260508_0010.jpg,2026-05-08 09:59:10,BV-04,smartphone,saudavel,saudavel,0.9840,agrosmart-v1,simulado,sim-2026-05
e581e235-8f8c-5ec1-a411-0f86f60b758e,BV-04_20260508_0011.jpg,2026-05-08 09:59:26,BV-04,smartphone,saudavel,saudavel,0.9613,agrosmart-v1,simulado,sim-2026-05
1642d929-18af-57f4-a2af-a29824f2e901,TI-02_20260508_0016.jpg,2026-05-08 09:59:45,TI-02,drone,saudavel,saudavel,0.9949,agrosmart-v1,simulado,sim-2026-05
86a46db8-0659-53ad-89db-df4f7588d8cd,BV-04_20260508_0012.jpg,2026-05-08 10:00:01,BV-04,smartphone,saudavel,saudavel,0.9978,agrosmart-v1,simulado,sim-2026-05
ce1ea9a7-2e7d-5347-b13f-21848c235d99,TI-01_20260508_0031.jpg,2026-05-08 10:00:10,TI-01,drone,saudavel,saudavel,0.9361,agrosmart-v1,simulado,sim-2026-05
63302e43-a00e-5ec6-b808-81c7693cf1ed,TI-02_20260508_0017.jpg,2026-05-08 10:00:39,TI-02,drone,saudavel,saudavel,0.9158,agrosmart-v1,simulado,sim-2026-05
4c3c3d91-1833-5b00-bb8f-317fbb3e7e98,TI-01_20260508_0032.jpg,2026-05-08 10:00:41,TI-01,drone,saudavel,saudavel,0.9703,agrosmart-v1,simulado,sim-2026-05
1e5589c5-13a4-5455-aa33-27db5201ba58,BV-04_20260508_0013.jpg,2026-05-08 10:01:00,BV-04,smartphone,saudavel,saudavel,0.9628,agrosmart-v1,simulado,sim-2026-05
0e458f00-91d6-5b2f-af7b-fd202c4e8fcb,TI-01_20260508_0033.jpg,2026-05-08 10:01:10,TI-01,drone,saudavel,saudavel,0.8368,agrosmart-v1,simulado,sim-2026-05
b87eacee-406f-545f-8aa3-428bfbcdf398,TI-02_20260508_0018.jpg,2026-05-08 10:01:26,TI-02,drone,saudavel,saudavel,0.9906,agrosmart-v1,simulado,sim-2026-05
e0dceaa1-a7f2-5c02-9ff9-98a25ed7fe33,BV-04_20260508_0014.jpg,2026-05-08 10:01:29,BV-04,smartphone,saudavel,saudavel,0.9876,agrosmart-v1,simulado,sim-2026-05
8356495e-5740-5c43-9bee-0761521c29ce,TI-01_20260508_0034.jpg,2026-05-08 10:01:57,TI-01,drone,saudavel,saudavel,0.9549,agrosmart-v1,simulado,sim-2026-05
b532466b-a451-5480-884c-51732ca480bd,TI-02_20260508_0019.jpg,2026-05-08 10:02:05,TI-02,drone,saudavel,saudavel,0.8352,agrosmart-v1,simulado,sim-2026-05
17c868fb-7620-58c0-a93d-b504201abc0d,BV-04_20260508_0015.jpg,2026-05-08 10:02:26,BV-04,smartphone,saudavel,saudavel,0.9876,agrosmart-v1,simulado,sim-2026-05
4e618865-c06c-5217-9054-b86dbf4c20b6,TI-01_20260508_0035.jpg,2026-05-08 10:02:26,TI-01,drone,saudavel,saudavel,0.9952,agrosmart-v1,simulado,sim-2026-05
c29872d6-e7ba-57cd-a236-f1f7c22d93b6,BV-04_20260508_0016.jpg,2026-05-08 10:02:44,BV-04,smartphone,saudavel,saudavel,0.8401,agrosmart-v1,simulado,sim-2026-05
52da9834-9a71-517b-990d-154ed567aa18,TI-02_20260508_0020.jpg,2026-05-08 10:02:48,TI-02,drone,saudavel,saudavel,0.9756,agrosmart-v1,simulado,sim-2026-05
ac044f71-6410-54f6-8700-7e376676b9bc,TI-02_20260508_0021.jpg,2026-05-08 10:03:07,TI-02,drone,saudavel,saudavel,0.8365,agrosmart-v1,simulado,sim-2026-05
f0094d47-e53a-52aa-b048-a1aea11bf8bb,TI-01_20260508_0036.jpg,2026-05-08 10:03:18,TI-01,drone,saudavel,saudavel,0.9830,agrosmart-v1,simulado,sim-2026-05
f5d71b0d-0af0-5d5c-8298-5697a9619213,BV-04_20260508_0017.jpg,2026-05-08 10:03:36,BV-04,smartphone,saudavel,saudavel,0.9883,agrosmart-v1,simulado,sim-2026-05
f998a3cd-7f41-5867-b595-74cac5bd06c6,TI-02_20260508_0022.jpg,2026-05-08 10:03:54,TI-02,drone,saudavel,saudavel,0.9900,agrosmart-v1,simulado,sim-2026-05
b91a5cc2-982f-5900-b5c1-51a7ee59896f,TI-01_20260508_0037.jpg,2026-05-08 10:04:05,TI-01,drone,saudavel,saudavel,0.6964,agrosmart-v1,simulado,sim-2026-05
a41b80e3-a440-5a97-ba59-499f5b77b380,BV-04_20260508_0018.jpg,2026-05-08 10:04:08,BV-04,smartphone,saudavel,saudavel,0.9038,agrosmart-v1,simulado,sim-2026-05
070b6f45-844c-589d-ac04-48c261a584c9,TI-01_20260508_0038.jpg,2026-05-08 10:04:38,TI-01,drone,saudavel,saudavel,0.9999,agrosmart-v1,simulado,sim-2026-05
d0e85026-deda-5837-9ccb-437d6afe60e2,BV-04_20260508_0019.jpg,2026-05-08 10:04:43,BV-04,smartphone,saudavel,saudavel,0.9805,agrosmart-v1,simulado,sim-2026-05
d2209d39-eabf-56d3-937c-08f87cfe3628,TI-02_20260508_0023.jpg,2026-05-08 10:04:50,TI-02,drone,saudavel,saudavel,0.9082,agrosmart-v1,simulado,sim-2026-05
2d6f866a-9d05-505e-8032-bd38168cd2cd,TI-01_20260508_0039.jpg,2026-05-08 10:05:13,TI-01,drone,saudavel,saudavel,0.8813,agrosmart-v1,simulado,sim-2026-05
cfbeaaa1-27d5-547f-a528-f9bebcd60fce,TI-02_20260508_0024.jpg,2026-05-08 10:05:14,TI-02,drone,saudavel,saudavel,0.8297,agrosmart-v1,simulado,sim-2026-05
085fcf48-6b1d-513d-acd6-816446a38eb1,BV-04_20260508_0020.jpg,2026-05-08 10:05:34,BV-04,smartphone,saudavel,saudavel,0.9204,agrosmart-v1,simulado,sim-2026-05
5dc115a9-f463-52ad-8b80-b021065b868c,TI-02_20260508_0025.jpg,2026-05-08 10:05:46,TI-02,drone,doente,pinta_preta,0.8808,agrosmart-v1,simulado,sim-2026-05
23e06388-b11a-5350-8c4e-620774b3fb61,TI-01_20260508_0040.jpg,2026-05-08 10:05:47,TI-01,drone,saudavel,saudavel,0.9833,agrosmart-v1,simulado,sim-2026-05
d859905a-f200-5ea9-99d0-1789bb06e7c1,TI-02_20260508_0026.jpg,2026-05-08 10:06:20,TI-02,drone,saudavel,saudavel,0.9786,agrosmart-v1,simulado,sim-2026-05
d7930d13-7ce7-575c-99b3-ccde78609ea9,TI-01_20260508_0041.jpg,2026-05-08 10:06:23,TI-01,drone,saudavel,saudavel,0.9724,agrosmart-v1,simulado,sim-2026-05
533381a5-4c39-541d-b416-76ad427b2dfe,BV-04_20260508_0021.jpg,2026-05-08 10:06:27,BV-04,smartphone,saudavel,saudavel,0.9758,agrosmart-v1,simulado,sim-2026-05
275bc0a2-360a-540a-a281-0109dc0df542,TI-01_20260508_0042.jpg,2026-05-08 10:07:09,TI-01,drone,saudavel,saudavel,0.8264,agrosmart-v1,simulado,sim-2026-05
65bbfcb3-d18f-5276-bd41-06af7e0f4d7a,TI-02_20260508_0027.jpg,2026-05-08 10:07:18,TI-02,drone,saudavel,saudavel,0.8894,agrosmart-v1,simulado,sim-2026-05
d9631a43-f21e-5595-bafd-f5d660f76d97,TI-01_20260508_0043.jpg,2026-05-08 10:07:55,TI-01,drone,saudavel,saudavel,0.9543,agrosmart-v1,simulado,sim-2026-05
1add343b-68ef-58ab-89d1-55e120816504,TI-02_20260508_0028.jpg,2026-05-08 10:08:07,TI-02,drone,saudavel,saudavel,0.5796,agrosmart-v1,simulado,sim-2026-05
fc813850-e480-5135-b258-23354c089238,TI-02_20260508_0029.jpg,2026-05-08 10:08:34,TI-02,drone,saudavel,saudavel,0.9996,agrosmart-v1,simulado,sim-2026-05
f88693fd-7f60-5e6e-96de-64ac1b3ab7a8,TI-02_20260508_0030.jpg,2026-05-08 10:09:00,TI-02,drone,saudavel,saudavel,0.9803,agrosmart-v1,simulado,sim-2026-05
8e71664c-d4d6-5f00-bb6f-20f4e08ba6d2,TI-02_20260508_0031.jpg,2026-05-08 10:09:53,TI-02,drone,saudavel,saudavel,0.8369,agrosmart-v1,simulado,sim-2026-05
9de9dcaa-0796-57e1-922e-d96dbff11790,TI-02_20260508_0032.jpg,2026-05-08 10:10:38,TI-02,drone,saudavel,saudavel,0.9969,agrosmart-v1,simulado,sim-2026-05
6bc71712-d582-5ff7-984c-6babffea0011,TI-02_20260508_0033.jpg,2026-05-08 10:11:25,TI-02,drone,saudavel,saudavel,0.9407,agrosmart-v1,simulado,sim-2026-05
b09299c2-601e-5bee-a386-13f6f3aea98d,TI-02_20260508_0034.jpg,2026-05-08 10:11:49,TI-02,drone,saudavel,saudavel,0.9594,agrosmart-v1,simulado,sim-2026-05
db6db700-af71-5b80-8fdd-6df9f37dc2ad,TI-02_20260508_0035.jpg,2026-05-08 10:12:27,TI-02,drone,saudavel,saudavel,0.9514,agrosmart-v1,simulado,sim-2026-05
a6494791-2ced-5571-966e-fdfcd25f0ee3,TI-02_20260508_0036.jpg,2026-05-08 10:13:03,TI-02,drone,saudavel,saudavel,0.9106,agrosmart-v1,simulado,sim-2026-05
b38fa132-865f-590a-9ce0-2c7bae9e997a,TI-02_20260508_0037.jpg,2026-05-08 10:14:10,TI-02,drone,saudavel,saudavel,0.9995,agrosmart-v1,simulado,sim-2026-05
7c909ec7-1785-52ac-ba2c-4f09f826ae38,TI-02_20260508_0038.jpg,2026-05-08 10:14:30,TI-02,drone,saudavel,saudavel,0.8220,agrosmart-v1,simulado,sim-2026-05
648828b7-5f8e-5949-bb3f-569d870aeec1,TI-02_20260508_0039.jpg,2026-05-08 10:15:02,TI-02,drone,saudavel,saudavel,0.9208,agrosmart-v1,simulado,sim-2026-05
01c08c65-02c5-5b64-ad21-66085bba340d,TI-02_20260508_0040.jpg,2026-05-08 10:16:06,TI-02,drone,saudavel,saudavel,0.9524,agrosmart-v1,simulado,sim-2026-05
42e0ddba-7ce2-506b-a710-d1763f8ffde5,TI-02_20260508_0041.jpg,2026-05-08 10:16:46,TI-02,drone,saudavel,saudavel,0.8733,agrosmart-v1,simulado,sim-2026-05
791309d2-9971-5c4b-9d7f-278f75ffd1b9,BV-02_20260511_0001.jpg,2026-05-11 07:10:57,BV-02,smartphone,saudavel,saudavel,0.9991,agrosmart-v1,simulado,sim-2026-05
0cc365ea-b320-5924-9da1-a6a7c4781615,TI-02_20260511_0001.jpg,2026-05-11 07:11:47,TI-02,drone,saudavel,saudavel,0.9233,agrosmart-v1,simulado,sim-2026-05
e9d0e28c-bbdb-5b3e-908f-91a01a52831b,BV-02_20260511_0002.jpg,2026-05-11 07:11:49,BV-02,smartphone,saudavel,saudavel,0.9922,agrosmart-v1,simulado,sim-2026-05
40be9566-495d-5d24-aa3d-2d15cb9833bc,BV-02_20260511_0003.jpg,2026-05-11 07:12:13,BV-02,smartphone,saudavel,saudavel,0.9902,agrosmart-v1,simulado,sim-2026-05
4fa646d9-f787-5ae7-89be-967090e02d4e,TI-02_20260511_0002.jpg,2026-05-11 07:12:20,TI-02,drone,saudavel,saudavel,0.9631,agrosmart-v1,simulado,sim-2026-05
854fe771-814d-56d9-9508-77fa7e57bac6,BV-02_20260511_0004.jpg,2026-05-11 07:13:04,BV-02,smartphone,saudavel,saudavel,0.9966,agrosmart-v1,simulado,sim-2026-05
82598796-2b01-55c8-bf7b-bd28c3b0b92f,TI-02_20260511_0003.jpg,2026-05-11 07:13:05,TI-02,drone,saudavel,saudavel,0.9583,agrosmart-v1,simulado,sim-2026-05
658852d9-618e-5dd8-8893-30233ef3f3bf,BV-02_20260511_0005.jpg,2026-05-11 07:13:34,BV-02,smartphone,saudavel,saudavel,0.8382,agrosmart-v1,simulado,sim-2026-05
2495b064-17a5-51ed-9f9b-feda3ef4a60b,TI-02_20260511_0004.jpg,2026-05-11 07:13:59,TI-02,drone,saudavel,saudavel,0.8429,agrosmart-v1,simulado,sim-2026-05
dbe753e9-8ccd-53eb-ab91-2ddd59b45dfa,BV-02_20260511_0006.jpg,2026-05-11 07:14:27,BV-02,smartphone,doente,vaquinha,0.9015,agrosmart-v1,simulado,sim-2026-05
909109b5-e61f-5f94-94ee-869ea05b78f8,TI-02_20260511_0005.jpg,2026-05-11 07:14:30,TI-02,drone,saudavel,saudavel,0.9129,agrosmart-v1,simulado,sim-2026-05
b3e1a38a-a30d-5a07-afaa-54ea89438e09,BV-02_20260511_0007.jpg,2026-05-11 07:14:54,BV-02,smartphone,saudavel,saudavel,0.9929,agrosmart-v1,simulado,sim-2026-05
4af394de-d719-5361-aac3-b8a95ef9425a,TI-02_20260511_0006.jpg,2026-05-11 07:15:19,TI-02,drone,saudavel,saudavel,0.9468,agrosmart-v1,simulado,sim-2026-05
a68e3079-6bab-594a-8996-31cebffa49ca,BV-02_20260511_0008.jpg,2026-05-11 07:15:38,BV-02,smartphone,saudavel,saudavel,0.9984,agrosmart-v1,simulado,sim-2026-05
d4061d4a-b876-540f-b0b5-3bf838a5acb5,TI-02_20260511_0007.jpg,2026-05-11 07:15:40,TI-02,drone,saudavel,saudavel,0.9999,agrosmart-v1,simulado,sim-2026-05
a7a079d7-c387-55cf-add9-aaa582f85fdb,BV-02_20260511_0009.jpg,2026-05-11 07:16:29,BV-02,smartphone,saudavel,saudavel,0.9520,agrosmart-v1,simulado,sim-2026-05
d2894bbb-8825-5fb5-be20-5894d96a8a2d,TI-02_20260511_0008.jpg,2026-05-11 07:16:45,TI-02,drone,doente,pinta_preta,0.9664,agrosmart-v1,simulado,sim-2026-05
7430b6f0-f620-5327-8f67-105886f73fc8,BV-02_20260511_0010.jpg,2026-05-11 07:16:46,BV-02,smartphone,saudavel,saudavel,0.9569,agrosmart-v1,simulado,sim-2026-05
c0fecb53-c8b8-5dc3-98cb-f4a14fcb24e1,TI-02_20260511_0009.jpg,2026-05-11 07:17:30,TI-02,drone,saudavel,saudavel,0.9276,agrosmart-v1,simulado,sim-2026-05
8f627a77-07b7-59e2-8c0c-c86712627e9a,BV-02_20260511_0011.jpg,2026-05-11 07:17:43,BV-02,smartphone,saudavel,saudavel,0.9690,agrosmart-v1,simulado,sim-2026-05
c3e66b47-bfd1-53c1-9734-92d780998e74,TI-02_20260511_0010.jpg,2026-05-11 07:17:55,TI-02,drone,saudavel,saudavel,0.9569,agrosmart-v1,simulado,sim-2026-05
edb6c190-4046-5062-a373-3c5e18a0ff42,BV-02_20260511_0012.jpg,2026-05-11 07:18:02,BV-02,smartphone,saudavel,saudavel,0.9767,agrosmart-v1,simulado,sim-2026-05
f21b2560-d2ab-518c-97f7-0c7887874f97,BV-02_20260511_0013.jpg,2026-05-11 07:18:43,BV-02,smartphone,saudavel,saudavel,1.0000,agrosmart-v1,simulado,sim-2026-05
1ad348cd-9c2f-57f2-8096-1e66a03c4ec2,TI-02_20260511_0011.jpg,2026-05-11 07:18:44,TI-02,drone,saudavel,saudavel,0.8910,agrosmart-v1,simulado,sim-2026-05
2e228e9d-a988-5035-9e2e-3ccffecc7830,TI-02_20260511_0012.jpg,2026-05-11 07:19:28,TI-02,drone,saudavel,saudavel,0.9004,agrosmart-v1,simulado,sim-2026-05
8b90db46-a8a4-5b9e-b1fe-2f68d7e0791f,BV-02_20260511_0014.jpg,2026-05-11 07:19:33,BV-02,smartphone,saudavel,saudavel,0.8676,agrosmart-v1,simulado,sim-2026-05
dfc39440-f3cd-51af-9111-1837b508cd3b,TI-02_20260511_0013.jpg,2026-05-11 07:19:51,TI-02,drone,saudavel,saudavel,0.8634,agrosmart-v1,simulado,sim-2026-05
52f1b1e9-62a3-5f0f-9a24-eaed5d4b80c4,BV-02_20260511_0015.jpg,2026-05-11 07:20:30,BV-02,smartphone,saudavel,saudavel,0.9992,agrosmart-v1,simulado,sim-2026-05
4d203e6e-25b9-5285-bbaf-13fab4da3034,TI-02_20260511_0014.jpg,2026-05-11 07:20:32,TI-02,drone,saudavel,saudavel,0.9854,agrosmart-v1,simulado,sim-2026-05
fea68173-2885-56f7-a811-00d23509bda5,BV-02_20260511_0016.jpg,2026-05-11 07:21:00,BV-02,smartphone,saudavel,saudavel,0.8201,agrosmart-v1,simulado,sim-2026-05
f6fc01db-7be5-5207-95bf-48e8bca76f6e,TI-02_20260511_0015.jpg,2026-05-11 07:21:16,TI-02,drone,saudavel,saudavel,0.9792,agrosmart-v1,simulado,sim-2026-05
3edc8979-6c3b-5907-ae39-d1336a7b71af,BV-02_20260511_0017.jpg,2026-05-11 07:21:40,BV-02,smartphone,saudavel,saudavel,0.8619,agrosmart-v1,simulado,sim-2026-05
3682cc71-8323-58cb-b4f5-43835d510b41,TI-02_20260511_0016.jpg,2026-05-11 07:22:02,TI-02,drone,saudavel,saudavel,0.9938,agrosmart-v1,simulado,sim-2026-05
e51b3c4f-4540-55d8-b225-a6f3c4162ed2,BV-02_20260511_0018.jpg,2026-05-11 07:22:30,BV-02,smartphone,doente,pinta_preta,0.9246,agrosmart-v1,simulado,sim-2026-05
510ff1d2-5810-5d65-9402-bccd20498300,BV-02_20260511_0019.jpg,2026-05-11 07:22:44,BV-02,smartphone,saudavel,saudavel,0.9943,agrosmart-v1,simulado,sim-2026-05
48b06539-7150-5ab0-be40-e91ad0478a03,SC-03_20260511_0001.jpg,2026-05-11 07:22:48,SC-03,smartphone,saudavel,saudavel,0.9966,agrosmart-v1,simulado,sim-2026-05
b8ae2176-a5fb-596f-bc86-bb46acd6773f,TI-02_20260511_0017.jpg,2026-05-11 07:22:48,TI-02,drone,saudavel,saudavel,0.9911,agrosmart-v1,simulado,sim-2026-05
3d8cd4c7-f7e6-52e3-a648-3ad7d838ed16,TI-02_20260511_0018.jpg,2026-05-11 07:23:22,TI-02,drone,saudavel,saudavel,0.8342,agrosmart-v1,simulado,sim-2026-05
5c7088bf-60df-542e-9b52-fc7ed09d750d,SC-03_20260511_0002.jpg,2026-05-11 07:23:25,SC-03,smartphone,saudavel,saudavel,0.8981,agrosmart-v1,simulado,sim-2026-05
f7f29e42-6490-53f3-b87c-558646e48307,BV-02_20260511_0020.jpg,2026-05-11 07:23:36,BV-02,smartphone,doente,requeima,0.9130,agrosmart-v1,simulado,sim-2026-05
953c1192-279f-5f8b-b96f-b21bcd888555,BV-02_20260511_0021.jpg,2026-05-11 07:24:01,BV-02,smartphone,saudavel,saudavel,0.9921,agrosmart-v1,simulado,sim-2026-05
b88bb9c3-6500-53af-8928-c741b7689bd2,TI-02_20260511_0019.jpg,2026-05-11 07:24:04,TI-02,drone,saudavel,saudavel,0.9884,agrosmart-v1,simulado,sim-2026-05
2fa0b11f-542d-5725-8e68-534761e607a5,SC-03_20260511_0003.jpg,2026-05-11 07:24:11,SC-03,smartphone,saudavel,saudavel,0.9488,agrosmart-v1,simulado,sim-2026-05
d791d67f-f013-5f4e-9857-a11a5176e4fb,TI-02_20260511_0020.jpg,2026-05-11 07:24:38,TI-02,drone,saudavel,saudavel,0.8456,agrosmart-v1,simulado,sim-2026-05
4d15b90a-f6c5-561a-adaf-676f438e8fef,BV-02_20260511_0022.jpg,2026-05-11 07:24:49,BV-02,smartphone,saudavel,saudavel,0.9690,agrosmart-v1,simulado,sim-2026-05
2caeae47-3a64-5586-afcb-5321e3ec1107,SC-03_20260511_0004.jpg,2026-05-11 07:24:50,SC-03,smartphone,saudavel,saudavel,0.9997,agrosmart-v1,simulado,sim-2026-05
a69beec4-b473-5264-affa-03793e3ec86f,TI-02_20260511_0021.jpg,2026-05-11 07:25:18,TI-02,drone,saudavel,saudavel,0.9040,agrosmart-v1,simulado,sim-2026-05
54636f01-bcbb-54d1-bb61-ba34a448ad6a,BV-02_20260511_0023.jpg,2026-05-11 07:25:25,BV-02,smartphone,saudavel,saudavel,0.9516,agrosmart-v1,simulado,sim-2026-05
5b86121e-7b67-538e-86e9-c46c95fc8521,SC-03_20260511_0005.jpg,2026-05-11 07:25:28,SC-03,smartphone,saudavel,saudavel,0.8781,agrosmart-v1,simulado,sim-2026-05
d658e18b-6431-5348-a15a-c066ddce491f,TI-02_20260511_0022.jpg,2026-05-11 07:25:56,TI-02,drone,saudavel,saudavel,0.9685,agrosmart-v1,simulado,sim-2026-05
7d8b5aee-5e98-5c30-9074-4baf02278e77,SC-03_20260511_0006.jpg,2026-05-11 07:26:23,SC-03,smartphone,saudavel,saudavel,0.8641,agrosmart-v1,simulado,sim-2026-05
947bdf81-1881-5184-a98a-bb15aacbf797,TI-02_20260511_0023.jpg,2026-05-11 07:26:23,TI-02,drone,saudavel,saudavel,0.9898,agrosmart-v1,simulado,sim-2026-05
31a364ba-d7b7-5490-bef7-a18b1efb6e07,BV-02_20260511_0024.jpg,2026-05-11 07:26:25,BV-02,smartphone,saudavel,saudavel,0.9941,agrosmart-v1,simulado,sim-2026-05
7ba82ff4-1384-583d-b44b-a6f2c0df0761,BV-02_20260511_0025.jpg,2026-05-11 07:26:43,BV-02,smartphone,saudavel,saudavel,0.9998,agrosmart-v1,simulado,sim-2026-05
b38bb79a-d8c2-5564-970e-4ae9bbd0d21c,SC-03_20260511_0007.jpg,2026-05-11 07:26:57,SC-03,smartphone,saudavel,saudavel,0.8786,agrosmart-v1,simulado,sim-2026-05
59eb74bb-ce99-5c03-89bc-25160fb1490a,TI-02_20260511_0024.jpg,2026-05-11 07:27:13,TI-02,drone,saudavel,saudavel,0.9476,agrosmart-v1,simulado,sim-2026-05
67429883-48b0-5050-b0f0-4fff6cb31a81,BV-02_20260511_0026.jpg,2026-05-11 07:27:32,BV-02,smartphone,saudavel,saudavel,0.8513,agrosmart-v1,simulado,sim-2026-05
8c620844-0137-5c3e-9269-8a5b1905c5ff,SC-03_20260511_0008.jpg,2026-05-11 07:27:36,SC-03,smartphone,saudavel,saudavel,0.9078,agrosmart-v1,simulado,sim-2026-05
fec250a9-7856-5dbf-97a0-3497a278bf92,TI-02_20260511_0025.jpg,2026-05-11 07:27:41,TI-02,drone,saudavel,saudavel,0.9337,agrosmart-v1,simulado,sim-2026-05
446be0c8-6f09-5293-8b99-41eae6f2a3b5,SC-03_20260511_0009.jpg,2026-05-11 07:28:03,SC-03,smartphone,saudavel,saudavel,0.9407,agrosmart-v1,simulado,sim-2026-05
75b1b218-9d46-522f-a6cb-7a7ed033f948,BV-02_20260511_0027.jpg,2026-05-11 07:28:10,BV-02,smartphone,saudavel,saudavel,0.5270,agrosmart-v1,simulado,sim-2026-05
f1abed7a-548e-5e57-80f5-34e0f456ac62,TI-02_20260511_0026.jpg,2026-05-11 07:28:25,TI-02,drone,saudavel,saudavel,0.9857,agrosmart-v1,simulado,sim-2026-05
e80369cd-8a9b-59af-8fa2-d76b530d3ff1,SC-03_20260511_0010.jpg,2026-05-11 07:28:46,SC-03,smartphone,saudavel,saudavel,0.9993,agrosmart-v1,simulado,sim-2026-05
6e8b433b-54f8-56a4-8655-be14843fcf87,BV-02_20260511_0028.jpg,2026-05-11 07:28:55,BV-02,smartphone,doente,vaquinha,0.7554,agrosmart-v1,simulado,sim-2026-05
f5a141a6-620c-5886-a650-23e0c413d8bf,TI-02_20260511_0027.jpg,2026-05-11 07:29:02,TI-02,drone,saudavel,saudavel,0.9716,agrosmart-v1,simulado,sim-2026-05
4cc806c2-3f7f-585e-863b-b0932044342e,SC-03_20260511_0011.jpg,2026-05-11 07:29:46,SC-03,smartphone,saudavel,saudavel,0.9839,agrosmart-v1,simulado,sim-2026-05
b0c9d11c-e169-5632-afa1-2755c722d9e3,TI-02_20260511_0028.jpg,2026-05-11 07:30:00,TI-02,drone,saudavel,saudavel,0.9850,agrosmart-v1,simulado,sim-2026-05
cf753569-0da3-57ff-9f2d-1fb6c526aee0,SC-03_20260511_0012.jpg,2026-05-11 07:30:03,SC-03,smartphone,saudavel,saudavel,0.8741,agrosmart-v1,simulado,sim-2026-05
5173c5a0-529c-5019-8ab6-f46516cbb140,TI-02_20260511_0029.jpg,2026-05-11 07:30:21,TI-02,drone,saudavel,saudavel,0.9010,agrosmart-v1,simulado,sim-2026-05
c19982fa-cd7d-572a-9168-c38883962be2,SC-03_20260511_0013.jpg,2026-05-11 07:31:05,SC-03,smartphone,saudavel,saudavel,0.9827,agrosmart-v1,simulado,sim-2026-05
e8b18ee4-e4df-554f-8f17-119eec67cb26,TI-02_20260511_0030.jpg,2026-05-11 07:31:07,TI-02,drone,saudavel,saudavel,0.8542,agrosmart-v1,simulado,sim-2026-05
8aeb34e8-d5aa-52da-b0cf-d321e6fa95d0,TI-02_20260511_0031.jpg,2026-05-11 07:31:43,TI-02,drone,saudavel,saudavel,0.9429,agrosmart-v1,simulado,sim-2026-05
6f943d2e-bd64-520c-9b63-c24d29de1132,SC-03_20260511_0014.jpg,2026-05-11 07:31:48,SC-03,smartphone,saudavel,saudavel,0.9464,agrosmart-v1,simulado,sim-2026-05
8b8e0357-0e0d-5d1b-8afd-63ac6a568aff,SC-03_20260511_0015.jpg,2026-05-11 07:32:02,SC-03,smartphone,saudavel,saudavel,0.9826,agrosmart-v1,simulado,sim-2026-05
0393739d-d70f-597f-867c-4e50bd7baa6a,TI-02_20260511_0032.jpg,2026-05-11 07:32:40,TI-02,drone,saudavel,saudavel,0.9707,agrosmart-v1,simulado,sim-2026-05
fa773ed5-ef12-501b-89f2-02bf3dbf978a,SC-03_20260511_0016.jpg,2026-05-11 07:32:45,SC-03,smartphone,saudavel,saudavel,0.9489,agrosmart-v1,simulado,sim-2026-05
b9a307c1-9b04-5d9f-b814-176f546cb9de,TI-01_20260511_0001.jpg,2026-05-11 07:32:56,TI-01,drone,saudavel,saudavel,0.8942,agrosmart-v1,simulado,sim-2026-05
fa526aac-f0f5-5c5a-93c0-303f68c72490,TI-02_20260511_0033.jpg,2026-05-11 07:33:01,TI-02,drone,saudavel,saudavel,0.9642,agrosmart-v1,simulado,sim-2026-05
62d259c5-3e20-5420-8bbb-1078d3d3293b,SC-03_20260511_0017.jpg,2026-05-11 07:33:26,SC-03,smartphone,saudavel,saudavel,0.8728,agrosmart-v1,simulado,sim-2026-05
84edf4b4-141f-5ba1-8ce1-b34f8a38421b,TI-01_20260511_0002.jpg,2026-05-11 07:33:49,TI-01,drone,saudavel,saudavel,0.9947,agrosmart-v1,simulado,sim-2026-05
7039759f-9488-513c-a625-5f0a2825f4ac,SC-03_20260511_0018.jpg,2026-05-11 07:34:05,SC-03,smartphone,saudavel,saudavel,0.9208,agrosmart-v1,simulado,sim-2026-05
bdc479bc-128d-543c-a557-f90a8e1db15b,TI-02_20260511_0034.jpg,2026-05-11 07:34:05,TI-02,drone,saudavel,saudavel,0.9381,agrosmart-v1,simulado,sim-2026-05
d85a4032-8496-59a1-947a-44a6fc824ee4,TI-01_20260511_0003.jpg,2026-05-11 07:34:19,TI-01,drone,saudavel,saudavel,0.9809,agrosmart-v1,simulado,sim-2026-05
8ae87e3c-417b-5c28-861f-1e8e82f6f601,TI-02_20260511_0035.jpg,2026-05-11 07:34:24,TI-02,drone,saudavel,saudavel,0.8990,agrosmart-v1,simulado,sim-2026-05
fdc98ee9-eadd-5133-9ddc-72671f6720d7,SC-03_20260511_0019.jpg,2026-05-11 07:34:47,SC-03,smartphone,saudavel,saudavel,0.9547,agrosmart-v1,simulado,sim-2026-05
ef2daf25-9bb9-50f7-828a-05554e5ba60b,TI-01_20260511_0004.jpg,2026-05-11 07:34:50,TI-01,drone,saudavel,saudavel,0.8723,agrosmart-v1,simulado,sim-2026-05
9687384d-8389-51e6-acce-86f4857f4552,TI-02_20260511_0036.jpg,2026-05-11 07:35:06,TI-02,drone,saudavel,saudavel,0.9337,agrosmart-v1,simulado,sim-2026-05
8ae9621f-5b67-5588-bb10-a3ad7ff6a1f9,TI-01_20260511_0005.jpg,2026-05-11 07:35:20,TI-01,drone,saudavel,saudavel,0.9786,agrosmart-v1,simulado,sim-2026-05
53da28b8-c3fd-509b-82fb-1f6750a8235c,SC-03_20260511_0020.jpg,2026-05-11 07:35:27,SC-03,smartphone,saudavel,saudavel,0.8914,agrosmart-v1,simulado,sim-2026-05
eb1a7f8a-1575-5912-ba08-c49a283110ac,TI-02_20260511_0037.jpg,2026-05-11 07:35:47,TI-02,drone,saudavel,saudavel,0.9922,agrosmart-v1,simulado,sim-2026-05
64d7ea0d-3f02-5b84-ade4-d5f321cc6868,TI-01_20260511_0006.jpg,2026-05-11 07:36:02,TI-01,drone,saudavel,saudavel,0.9405,agrosmart-v1,simulado,sim-2026-05
ec1bcbe7-1fd4-5448-a0e4-8a91c33d3396,SC-03_20260511_0021.jpg,2026-05-11 07:36:20,SC-03,smartphone,saudavel,saudavel,0.8838,agrosmart-v1,simulado,sim-2026-05
91b7e5b4-dc13-5118-b8b4-d513f75eb177,TI-02_20260511_0038.jpg,2026-05-11 07:36:41,TI-02,drone,saudavel,saudavel,0.8944,agrosmart-v1,simulado,sim-2026-05
cdcfe8a4-3fbd-5c9a-a74a-a63c3daf2cc0,SC-03_20260511_0022.jpg,2026-05-11 07:37:04,SC-03,smartphone,saudavel,saudavel,0.9993,agrosmart-v1,simulado,sim-2026-05
6c288102-c829-5c12-8590-230c05f9a2e5,TI-01_20260511_0007.jpg,2026-05-11 07:37:08,TI-01,drone,saudavel,saudavel,0.8739,agrosmart-v1,simulado,sim-2026-05
d67ff2f7-1f57-5e5a-9135-a80e8f58c765,SC-03_20260511_0023.jpg,2026-05-11 07:37:21,SC-03,smartphone,saudavel,saudavel,0.9365,agrosmart-v1,simulado,sim-2026-05
54c29446-4773-57ce-909b-b252af7c4703,TI-02_20260511_0039.jpg,2026-05-11 07:37:23,TI-02,drone,saudavel,saudavel,0.9491,agrosmart-v1,simulado,sim-2026-05
d7db787b-355b-5fac-8563-ca292f81fac9,TI-01_20260511_0008.jpg,2026-05-11 07:37:27,TI-01,drone,saudavel,saudavel,0.9577,agrosmart-v1,simulado,sim-2026-05
d896a0bb-ebe0-5144-946f-3c0cea07da94,TI-02_20260511_0040.jpg,2026-05-11 07:37:41,TI-02,drone,saudavel,saudavel,0.9985,agrosmart-v1,simulado,sim-2026-05
6341fe4a-2ded-5b57-bb95-ec4376f39b21,SC-03_20260511_0024.jpg,2026-05-11 07:38:19,SC-03,smartphone,saudavel,saudavel,0.9685,agrosmart-v1,simulado,sim-2026-05
a9d9164b-0b62-5e26-be84-5c25ad6740b2,TI-01_20260511_0009.jpg,2026-05-11 07:38:24,TI-01,drone,saudavel,saudavel,0.7613,agrosmart-v1,simulado,sim-2026-05
cd6bb748-ba8f-5f77-9bc8-7d2a3734e1ac,TI-02_20260511_0041.jpg,2026-05-11 07:38:38,TI-02,drone,saudavel,saudavel,0.9972,agrosmart-v1,simulado,sim-2026-05
45f54567-5e54-5e6d-9fb5-86ad4dbe64d1,TI-02_20260511_0042.jpg,2026-05-11 07:39:00,TI-02,drone,saudavel,saudavel,0.9345,agrosmart-v1,simulado,sim-2026-05
6a35fc15-89f4-5fb1-8b52-2897d29d6385,SC-03_20260511_0025.jpg,2026-05-11 07:39:05,SC-03,smartphone,saudavel,saudavel,0.9936,agrosmart-v1,simulado,sim-2026-05
767cf73f-985d-53ce-81eb-5ccc6e9942ef,TI-01_20260511_0010.jpg,2026-05-11 07:39:09,TI-01,drone,saudavel,saudavel,0.8926,agrosmart-v1,simulado,sim-2026-05
a14b4d30-927b-5d95-8846-47775dc499d0,TI-01_20260511_0011.jpg,2026-05-11 07:39:43,TI-01,drone,saudavel,saudavel,0.9224,agrosmart-v1,simulado,sim-2026-05
6c9ca8aa-1631-557e-a7a8-1b4ccf00a2f1,TI-02_20260511_0043.jpg,2026-05-11 07:39:44,TI-02,drone,saudavel,saudavel,0.9117,agrosmart-v1,simulado,sim-2026-05
85e894a3-4f82-5a7e-82d8-1f3304e29af0,TI-01_20260511_0012.jpg,2026-05-11 07:40:04,TI-01,drone,saudavel,saudavel,0.9238,agrosmart-v1,simulado,sim-2026-05
1b775ff1-e90d-5444-a718-4ae0712dc789,TI-02_20260511_0044.jpg,2026-05-11 07:40:47,TI-02,drone,saudavel,saudavel,0.9231,agrosmart-v1,simulado,sim-2026-05
84867ca1-58a3-526d-8786-75bd3e52c1ef,TI-01_20260511_0013.jpg,2026-05-11 07:40:56,TI-01,drone,saudavel,saudavel,0.9335,agrosmart-v1,simulado,sim-2026-05
112ad749-beef-5d90-9f2d-0cd5dce70d01,TI-01_20260511_0014.jpg,2026-05-11 07:41:21,TI-01,drone,saudavel,saudavel,0.8216,agrosmart-v1,simulado,sim-2026-05
b0b6dae6-6611-565f-9bb4-3a0c8f777b1e,TI-02_20260511_0045.jpg,2026-05-11 07:41:30,TI-02,drone,saudavel,saudavel,0.9948,agrosmart-v1,simulado,sim-2026-05
cff8dc76-fb94-5121-9d63-f6000ab6b99a,TI-02_20260511_0046.jpg,2026-05-11 07:41:50,TI-02,drone,saudavel,saudavel,0.9984,agrosmart-v1,simulado,sim-2026-05
890dfcae-6fe5-52e4-80de-4edffd1a419b,TI-01_20260511_0015.jpg,2026-05-11 07:42:00,TI-01,drone,saudavel,saudavel,0.9777,agrosmart-v1,simulado,sim-2026-05
95b6fe50-2ed2-5024-8c2f-99071e4994f5,TI-02_20260511_0047.jpg,2026-05-11 07:42:25,TI-02,drone,saudavel,saudavel,0.9909,agrosmart-v1,simulado,sim-2026-05
d4d316b9-97d5-5278-abf8-6b0edc59d036,TI-01_20260511_0016.jpg,2026-05-11 07:43:07,TI-01,drone,saudavel,saudavel,0.9998,agrosmart-v1,simulado,sim-2026-05
d451700b-2894-577f-98db-3d70688d0107,TI-02_20260511_0048.jpg,2026-05-11 07:43:27,TI-02,drone,saudavel,saudavel,0.9793,agrosmart-v1,simulado,sim-2026-05
96362e3e-5f95-5b4f-852b-64321c2f529e,TI-01_20260511_0017.jpg,2026-05-11 07:43:29,TI-01,drone,saudavel,saudavel,0.9999,agrosmart-v1,simulado,sim-2026-05
1b281f30-dda3-57d0-bfc8-805414f06418,TI-02_20260511_0049.jpg,2026-05-11 07:43:49,TI-02,drone,saudavel,saudavel,0.9844,agrosmart-v1,simulado,sim-2026-05
0b192363-5a63-5004-869e-9a39994d509e,TI-01_20260511_0018.jpg,2026-05-11 07:44:24,TI-01,drone,saudavel,saudavel,0.9220,agrosmart-v1,simulado,sim-2026-05
8ad5c460-cdfa-56ca-b394-7b22b696acbb,TI-01_20260511_0019.jpg,2026-05-11 07:45:01,TI-01,drone,saudavel,saudavel,0.9795,agrosmart-v1,simulado,sim-2026-05
58d4fb88-49d9-5e78-88f4-b8e0b77b59ed,TI-01_20260511_0020.jpg,2026-05-11 07:45:27,TI-01,drone,saudavel,saudavel,0.9934,agrosmart-v1,simulado,sim-2026-05
3c8ad85d-f06e-5a85-bd6f-202398bbb01f,TI-01_20260511_0021.jpg,2026-05-11 07:46:15,TI-01,drone,saudavel,saudavel,0.9708,agrosmart-v1,simulado,sim-2026-05
b7bab666-5288-552d-8204-b5b149ebfd45,TI-01_20260511_0022.jpg,2026-05-11 07:46:43,TI-01,drone,saudavel,saudavel,0.9798,agrosmart-v1,simulado,sim-2026-05
faa54fcf-aa0c-51b7-bc18-3d6055e2c056,TI-01_20260511_0023.jpg,2026-05-11 07:47:47,TI-01,drone,saudavel,saudavel,0.9954,agrosmart-v1,simulado,sim-2026-05
bfdc673a-1e4a-5144-9f4b-1e8ee1b3a41c,TI-01_20260511_0024.jpg,2026-05-11 07:48:23,TI-01,drone,saudavel,saudavel,0.9999,agrosmart-v1,simulado,sim-2026-05
a148061c-53c9-54ab-8a86-4a058a3bf49a,TI-01_20260511_0025.jpg,2026-05-11 07:49:02,TI-01,drone,saudavel,saudavel,0.9718,agrosmart-v1,simulado,sim-2026-05
e7e171f2-303e-5943-b148-be7b921e44b6,TI-01_20260511_0026.jpg,2026-05-11 07:49:50,TI-01,drone,saudavel,saudavel,0.8358,agrosmart-v1,simulado,sim-2026-05
76a30b27-9f67-5386-9f51-537589feaa84,TI-01_20260511_0027.jpg,2026-05-11 07:50:06,TI-01,drone,saudavel,saudavel,0.9995,agrosmart-v1,simulado,sim-2026-05
49e68aed-a524-5fd6-a9b0-00e1656acd76,TI-01_20260511_0028.jpg,2026-05-11 07:50:57,TI-01,drone,saudavel,saudavel,0.8597,agrosmart-v1,simulado,sim-2026-05
3bdac2c5-4354-5ecd-8754-bc3a9d1a5392,TI-01_20260511_0029.jpg,2026-05-11 07:51:22,TI-01,drone,saudavel,saudavel,0.9408,agrosmart-v1,simulado,sim-2026-05
52029955-964a-5697-9ac0-358aac7555fc,TI-01_20260511_0030.jpg,2026-05-11 07:52:29,TI-01,drone,saudavel,saudavel,0.9817,agrosmart-v1,simulado,sim-2026-05
d985b646-43bb-5329-b47f-675bc275dc24,TI-01_20260511_0031.jpg,2026-05-11 07:53:02,TI-01,drone,saudavel,saudavel,0.9816,agrosmart-v1,simulado,sim-2026-05
b2b823e1-b431-5181-8733-250523d3fdec,TI-01_20260511_0032.jpg,2026-05-11 07:53:47,TI-01,drone,saudavel,saudavel,0.5265,agrosmart-v1,simulado,sim-2026-05
536d8be3-9e13-58e5-9c5c-65ee6568f52a,BV-03_20260511_0001.jpg,2026-05-11 07:54:09,BV-03,smartphone,saudavel,saudavel,0.8630,agrosmart-v1,simulado,sim-2026-05
4a236b1a-00cd-58d2-a926-069047735562,BV-03_20260511_0002.jpg,2026-05-11 07:54:28,BV-03,smartphone,saudavel,saudavel,0.9630,agrosmart-v1,simulado,sim-2026-05
67f42868-784d-5201-a882-41c6f89237fe,TI-01_20260511_0033.jpg,2026-05-11 07:54:29,TI-01,drone,saudavel,saudavel,0.9028,agrosmart-v1,simulado,sim-2026-05
31295bac-179e-5d79-bc83-9370dd9b4ec8,TI-01_20260511_0034.jpg,2026-05-11 07:54:52,TI-01,drone,saudavel,saudavel,0.9433,agrosmart-v1,simulado,sim-2026-05
6be31920-b922-5a87-995c-3ebb8fc5f585,BV-03_20260511_0003.jpg,2026-05-11 07:55:18,BV-03,smartphone,saudavel,saudavel,0.9819,agrosmart-v1,simulado,sim-2026-05
f5c937c3-912d-5011-8297-8dd37dcf1daf,TI-01_20260511_0035.jpg,2026-05-11 07:55:22,TI-01,drone,saudavel,saudavel,0.8603,agrosmart-v1,simulado,sim-2026-05
19ad53f8-c96d-5e2a-bec4-01f4052d1356,BV-03_20260511_0004.jpg,2026-05-11 07:55:40,BV-03,smartphone,saudavel,saudavel,0.9405,agrosmart-v1,simulado,sim-2026-05
a1990da6-4764-545f-af33-004e89b32085,TI-01_20260511_0036.jpg,2026-05-11 07:56:15,TI-01,drone,saudavel,saudavel,0.9893,agrosmart-v1,simulado,sim-2026-05
bb7a2c19-0d42-5360-9b7b-48a8e41921fd,BV-03_20260511_0005.jpg,2026-05-11 07:56:35,BV-03,smartphone,saudavel,saudavel,0.9130,agrosmart-v1,simulado,sim-2026-05
e31bccba-497d-56a2-af3c-0f211c941a69,TI-01_20260511_0037.jpg,2026-05-11 07:56:47,TI-01,drone,saudavel,saudavel,0.9991,agrosmart-v1,simulado,sim-2026-05
15d5e52d-8e02-5c45-9af0-a4362ebfd26f,BV-03_20260511_0006.jpg,2026-05-11 07:57:21,BV-03,smartphone,saudavel,saudavel,0.9293,agrosmart-v1,simulado,sim-2026-05
ecc56a3b-6f0e-52bb-bedc-447f9647ef5c,BV-03_20260511_0007.jpg,2026-05-11 07:57:40,BV-03,smartphone,saudavel,saudavel,0.9946,agrosmart-v1,simulado,sim-2026-05
e51edfc7-2dd7-57b8-95dc-4cec9b524aff,TI-01_20260511_0038.jpg,2026-05-11 07:57:42,TI-01,drone,saudavel,saudavel,0.8313,agrosmart-v1,simulado,sim-2026-05
1723a083-7ca5-555e-94bd-0ae9b52607dc,TI-01_20260511_0039.jpg,2026-05-11 07:58:18,TI-01,drone,saudavel,saudavel,0.5859,agrosmart-v1,simulado,sim-2026-05
a60b51fd-3e43-520b-ac00-40a259093488,BV-03_20260511_0008.jpg,2026-05-11 07:58:47,BV-03,smartphone,saudavel,saudavel,0.9322,agrosmart-v1,simulado,sim-2026-05
2338eb79-3ebc-5bd9-8d3b-ca7e46c91f98,TI-01_20260511_0040.jpg,2026-05-11 07:58:54,TI-01,drone,saudavel,saudavel,0.9499,agrosmart-v1,simulado,sim-2026-05
41ef3d44-e54b-566a-9d83-516375c117dd,BV-03_20260511_0009.jpg,2026-05-11 07:59:08,BV-03,smartphone,saudavel,saudavel,0.8976,agrosmart-v1,simulado,sim-2026-05
5b4c76e0-deac-5cc2-8d2e-8f28b665e51d,TI-01_20260511_0041.jpg,2026-05-11 07:59:24,TI-01,drone,saudavel,saudavel,0.9912,agrosmart-v1,simulado,sim-2026-05
1cdafc04-5562-58cf-a0e8-7beb8e2f0e06,TI-01_20260511_0042.jpg,2026-05-11 08:00:02,TI-01,drone,saudavel,saudavel,0.9988,agrosmart-v1,simulado,sim-2026-05
378e10d3-f6c3-5b4e-8332-b015f227ecb1,BV-03_20260511_0010.jpg,2026-05-11 08:00:07,BV-03,smartphone,saudavel,saudavel,0.8757,agrosmart-v1,simulado,sim-2026-05
f7cb6ce0-7d05-5485-a6e6-1d9e4f83aa9d,BV-03_20260511_0011.jpg,2026-05-11 08:00:37,BV-03,smartphone,saudavel,saudavel,0.9630,agrosmart-v1,simulado,sim-2026-05
eb730eb6-3e66-5505-87f9-9961575a4580,TI-01_20260511_0043.jpg,2026-05-11 08:00:51,TI-01,drone,saudavel,saudavel,0.9747,agrosmart-v1,simulado,sim-2026-05
c492147a-b610-59ba-8834-05aed352a044,BV-03_20260511_0012.jpg,2026-05-11 08:01:03,BV-03,smartphone,saudavel,saudavel,0.8580,agrosmart-v1,simulado,sim-2026-05
7077cbc9-c648-574b-b60b-41ccc89b2e54,TI-01_20260511_0044.jpg,2026-05-11 08:01:28,TI-01,drone,saudavel,saudavel,0.9575,agrosmart-v1,simulado,sim-2026-05
7e7fe43e-5aa4-5b89-b056-23e8fe5ab1c0,TI-01_20260511_0045.jpg,2026-05-11 08:02:07,TI-01,drone,doente,vaquinha,0.9987,agrosmart-v1,simulado,sim-2026-05
7f86158e-9a1a-5742-94d4-ca8bcc6d5f89,BV-03_20260511_0013.jpg,2026-05-11 08:02:10,BV-03,smartphone,doente,pinta_preta,0.9450,agrosmart-v1,simulado,sim-2026-05
c62338d6-7dbc-5ccd-993e-b094e7060eda,BV-03_20260511_0014.jpg,2026-05-11 08:02:23,BV-03,smartphone,saudavel,saudavel,0.8967,agrosmart-v1,simulado,sim-2026-05
1fb10d8f-74ae-50a2-b282-d592893a3e18,TI-01_20260511_0046.jpg,2026-05-11 08:02:43,TI-01,drone,saudavel,saudavel,0.9871,agrosmart-v1,simulado,sim-2026-05
50eabb74-efcf-5486-9819-b87ab7c31e20,BV-03_20260511_0015.jpg,2026-05-11 08:03:26,BV-03,smartphone,saudavel,saudavel,0.9065,agrosmart-v1,simulado,sim-2026-05
4d6a9957-6539-54af-9379-501a6dd838f4,BV-03_20260511_0016.jpg,2026-05-11 08:03:46,BV-03,smartphone,saudavel,saudavel,0.9922,agrosmart-v1,simulado,sim-2026-05
78ffd8dd-aebd-5988-be5d-29cfd258e07b,TI-01_20260511_0047.jpg,2026-05-11 08:03:48,TI-01,drone,saudavel,saudavel,0.8859,agrosmart-v1,simulado,sim-2026-05
c5a3830c-b76a-56b4-9e0e-31aecde43ca1,BV-03_20260511_0017.jpg,2026-05-11 08:04:36,BV-03,smartphone,saudavel,saudavel,0.9537,agrosmart-v1,simulado,sim-2026-05
6010193d-251d-5d69-84e2-dbae2cd467a0,BV-03_20260511_0018.jpg,2026-05-11 08:05:15,BV-03,smartphone,saudavel,saudavel,0.8994,agrosmart-v1,simulado,sim-2026-05
349273ec-c0e6-5b33-a065-0cf7390a2951,BV-03_20260511_0019.jpg,2026-05-11 08:05:47,BV-03,smartphone,saudavel,saudavel,0.9917,agrosmart-v1,simulado,sim-2026-05
8163349b-ca46-57ea-8b89-3fbe49d573b8,BV-03_20260511_0020.jpg,2026-05-11 08:06:35,BV-03,smartphone,saudavel,saudavel,0.8762,agrosmart-v1,simulado,sim-2026-05
23dcca3c-8f90-51ee-9dd5-b38c34a00500,BV-03_20260511_0021.jpg,2026-05-11 08:07:22,BV-03,smartphone,saudavel,saudavel,0.5234,agrosmart-v1,simulado,sim-2026-05
94194716-b6b3-531d-8f77-4a956ba25cf7,BV-01_20260511_0001.jpg,2026-05-11 08:08:00,BV-01,smartphone,saudavel,saudavel,0.9990,agrosmart-v1,simulado,sim-2026-05
1d2cf9c3-5b56-58d1-8279-c041e64e2fa6,BV-03_20260511_0022.jpg,2026-05-11 08:08:10,BV-03,smartphone,saudavel,saudavel,0.9933,agrosmart-v1,simulado,sim-2026-05
8b1f0d89-c09f-50f9-a3f6-aecd4c043bda,BV-01_20260511_0002.jpg,2026-05-11 08:08:36,BV-01,smartphone,doente,pinta_preta,0.8811,agrosmart-v1,simulado,sim-2026-05
a29b3b09-a001-55a6-a833-5531b808ad24,BV-03_20260511_0023.jpg,2026-05-11 08:08:47,BV-03,smartphone,saudavel,saudavel,0.9999,agrosmart-v1,simulado,sim-2026-05
38840c27-a9a8-5153-8305-f14195064c77,BV-03_20260511_0024.jpg,2026-05-11 08:09:12,BV-03,smartphone,saudavel,saudavel,0.9874,agrosmart-v1,simulado,sim-2026-05
a2057843-f3d5-5f30-a9e5-8258f7dfd4cc,BV-01_20260511_0003.jpg,2026-05-11 08:09:24,BV-01,smartphone,saudavel,saudavel,0.8522,agrosmart-v1,simulado,sim-2026-05
00cd69b0-f4cd-51d6-af4b-dd8f06a2354a,BV-01_20260511_0004.jpg,2026-05-11 08:09:57,BV-01,smartphone,saudavel,saudavel,0.9476,agrosmart-v1,simulado,sim-2026-05
ed276579-cdf0-57e6-8002-4070423f428e,BV-01_20260511_0005.jpg,2026-05-11 08:10:24,BV-01,smartphone,saudavel,saudavel,0.9910,agrosmart-v1,simulado,sim-2026-05
e5e0bd69-3ce7-5a5f-8902-7cbd3aa13a6f,BV-01_20260511_0006.jpg,2026-05-11 08:11:23,BV-01,smartphone,saudavel,saudavel,0.9968,agrosmart-v1,simulado,sim-2026-05
3c4270b9-6233-56ab-a91e-f49796d0fc9a,BV-01_20260511_0007.jpg,2026-05-11 08:11:42,BV-01,smartphone,saudavel,saudavel,0.9546,agrosmart-v1,simulado,sim-2026-05
e7e64a9b-4b5e-54c0-a2f0-4e71fbb068e2,BV-01_20260511_0008.jpg,2026-05-11 08:12:47,BV-01,smartphone,saudavel,saudavel,0.8265,agrosmart-v1,simulado,sim-2026-05
73164c8d-d0cf-573a-8f40-31fd192ef8a0,BV-01_20260511_0009.jpg,2026-05-11 08:13:24,BV-01,smartphone,saudavel,saudavel,0.9642,agrosmart-v1,simulado,sim-2026-05
3b5049bf-f309-5327-a37b-99daba2ba303,BV-01_20260511_0010.jpg,2026-05-11 08:14:10,BV-01,smartphone,saudavel,saudavel,0.8631,agrosmart-v1,simulado,sim-2026-05
4561f862-a56f-5e1e-9147-bbdc089dd1ef,BV-01_20260511_0011.jpg,2026-05-11 08:14:43,BV-01,smartphone,saudavel,saudavel,0.9768,agrosmart-v1,simulado,sim-2026-05
7c0c5128-f3b3-5a4e-95bc-23b1b80be5c6,BV-01_20260511_0012.jpg,2026-05-11 08:15:15,BV-01,smartphone,saudavel,saudavel,0.9874,agrosmart-v1,simulado,sim-2026-05
f7a344d0-d9c3-51f6-8c17-66f5e0d24e9a,BV-01_20260511_0013.jpg,2026-05-11 08:16:01,BV-01,smartphone,saudavel,saudavel,0.8517,agrosmart-v1,simulado,sim-2026-05
126450ae-4adb-57a0-99c4-b7c16e94a726,BV-01_20260511_0014.jpg,2026-05-11 08:16:35,BV-01,smartphone,saudavel,saudavel,0.8601,agrosmart-v1,simulado,sim-2026-05
428bc0c9-ffbd-5133-b751-73700e6e5304,TI-04_20260511_0001.jpg,2026-05-11 08:16:41,TI-04,drone,saudavel,saudavel,0.8537,agrosmart-v1,simulado,sim-2026-05
6a4dbeff-acbb-5f88-b63e-0017745f7dd6,BV-01_20260511_0015.jpg,2026-05-11 08:17:20,BV-01,smartphone,saudavel,saudavel,0.9109,agrosmart-v1,simulado,sim-2026-05
d02c9445-56af-5c73-9365-31861c700865,TI-04_20260511_0002.jpg,2026-05-11 08:17:26,TI-04,drone,saudavel,saudavel,0.9796,agrosmart-v1,simulado,sim-2026-05
965f3c78-19cf-5e43-af71-2cb3c28becf8,BV-01_20260511_0016.jpg,2026-05-11 08:18:06,BV-01,smartphone,saudavel,saudavel,0.9009,agrosmart-v1,simulado,sim-2026-05
a9c8a5dd-931a-5e18-844e-36540199c079,TI-04_20260511_0003.jpg,2026-05-11 08:18:14,TI-04,drone,saudavel,saudavel,0.9994,agrosmart-v1,simulado,sim-2026-05
0e8d4860-cdc1-5e79-967e-f8be46e93d9a,BV-01_20260511_0017.jpg,2026-05-11 08:18:38,BV-01,smartphone,saudavel,saudavel,0.9231,agrosmart-v1,simulado,sim-2026-05
38545a9f-a52d-5f6d-9e66-458b721ffe3b,TI-04_20260511_0004.jpg,2026-05-11 08:18:47,TI-04,drone,saudavel,saudavel,0.9966,agrosmart-v1,simulado,sim-2026-05
a505412f-b8af-5b7b-89c8-b9d11b1ce358,BV-01_20260511_0018.jpg,2026-05-11 08:19:20,BV-01,smartphone,saudavel,saudavel,0.9989,agrosmart-v1,simulado,sim-2026-05
9c4b9d7f-9a50-5f71-9f4f-3572d2566afe,TI-04_20260511_0005.jpg,2026-05-11 08:19:27,TI-04,drone,saudavel,saudavel,0.8827,agrosmart-v1,simulado,sim-2026-05
2eac683a-2677-54a3-8a9e-036713bf5cb6,BV-01_20260511_0019.jpg,2026-05-11 08:20:09,BV-01,smartphone,saudavel,saudavel,0.9704,agrosmart-v1,simulado,sim-2026-05
0471ca3c-c82a-5eb6-8378-de412589631d,TI-04_20260511_0006.jpg,2026-05-11 08:20:24,TI-04,drone,saudavel,saudavel,0.9707,agrosmart-v1,simulado,sim-2026-05
c138636c-6649-5370-be41-8cf34a493d77,BV-01_20260511_0020.jpg,2026-05-11 08:20:31,BV-01,smartphone,saudavel,saudavel,0.9582,agrosmart-v1,simulado,sim-2026-05
0856e04e-d333-5db0-87e6-0ee134026cbe,TI-04_20260511_0007.jpg,2026-05-11 08:21:08,TI-04,drone,saudavel,saudavel,0.8889,agrosmart-v1,simulado,sim-2026-05
30befc4e-d93d-5081-9e22-6cdc029db0ae,BV-01_20260511_0021.jpg,2026-05-11 08:21:16,BV-01,smartphone,saudavel,saudavel,0.9652,agrosmart-v1,simulado,sim-2026-05
5032958c-8c29-5a28-932e-ba2d096fd6ad,TI-04_20260511_0008.jpg,2026-05-11 08:21:49,TI-04,drone,saudavel,saudavel,0.9876,agrosmart-v1,simulado,sim-2026-05
744d54cf-ff2d-5374-9132-4f253d1550bc,BV-01_20260511_0022.jpg,2026-05-11 08:21:56,BV-01,smartphone,saudavel,saudavel,0.9919,agrosmart-v1,simulado,sim-2026-05
ed68fc8a-8fff-573e-a052-df04f8c09f5b,TI-04_20260511_0009.jpg,2026-05-11 08:22:15,TI-04,drone,saudavel,saudavel,0.8213,agrosmart-v1,simulado,sim-2026-05
29373855-b965-50b4-9015-9aebc30e0b61,BV-01_20260511_0023.jpg,2026-05-11 08:22:31,BV-01,smartphone,saudavel,saudavel,0.8799,agrosmart-v1,simulado,sim-2026-05
688129e7-1d19-55a6-80a9-085cb80b271d,TI-04_20260511_0010.jpg,2026-05-11 08:23:06,TI-04,drone,saudavel,saudavel,0.9364,agrosmart-v1,simulado,sim-2026-05
72650214-e5c1-59b4-bc6c-5b27aa12f3d2,BV-01_20260511_0024.jpg,2026-05-11 08:23:13,BV-01,smartphone,saudavel,saudavel,0.9066,agrosmart-v1,simulado,sim-2026-05
06329c6a-b7ea-5b05-8f6d-ebe40b613c7c,TI-04_20260511_0011.jpg,2026-05-11 08:23:24,TI-04,drone,saudavel,saudavel,0.9306,agrosmart-v1,simulado,sim-2026-05
d511c759-d0ed-5af8-be9a-f790e98128ee,BV-01_20260511_0025.jpg,2026-05-11 08:23:55,BV-01,smartphone,saudavel,saudavel,0.9372,agrosmart-v1,simulado,sim-2026-05
959ff8fb-829c-50a7-a330-206552e19206,TI-04_20260511_0012.jpg,2026-05-11 08:24:02,TI-04,drone,saudavel,saudavel,0.9682,agrosmart-v1,simulado,sim-2026-05
d4261d72-d747-5096-ade1-140a42555b89,BV-01_20260511_0026.jpg,2026-05-11 08:24:33,BV-01,smartphone,saudavel,saudavel,0.5316,agrosmart-v1,simulado,sim-2026-05
9a803329-b8a9-5b42-966e-0c06461cc10b,TI-04_20260511_0013.jpg,2026-05-11 08:24:43,TI-04,drone,saudavel,saudavel,0.9993,agrosmart-v1,simulado,sim-2026-05
fe6af56f-4d86-5567-8a7b-ce80ef450c97,BV-01_20260511_0027.jpg,2026-05-11 08:25:05,BV-01,smartphone,saudavel,saudavel,0.9527,agrosmart-v1,simulado,sim-2026-05
3aa260c8-97a9-5c28-9bda-a864ee3c9985,BV-01_20260511_0028.jpg,2026-05-11 08:25:44,BV-01,smartphone,saudavel,saudavel,0.9880,agrosmart-v1,simulado,sim-2026-05
8790402e-28f7-53e9-bf22-cbca8dc9df60,TI-04_20260511_0014.jpg,2026-05-11 08:25:48,TI-04,drone,saudavel,saudavel,0.8674,agrosmart-v1,simulado,sim-2026-05
67a5985b-d5ac-5059-af39-646f652c117c,TI-04_20260511_0015.jpg,2026-05-11 08:26:12,TI-04,drone,saudavel,saudavel,0.9275,agrosmart-v1,simulado,sim-2026-05
47ec7401-14a0-56ab-a212-bb6a9f2a985d,TI-04_20260511_0016.jpg,2026-05-11 08:26:45,TI-04,drone,saudavel,saudavel,0.9901,agrosmart-v1,simulado,sim-2026-05
0a4d72fb-f118-5364-bcec-610773ea5de8,BV-01_20260511_0029.jpg,2026-05-11 08:26:50,BV-01,smartphone,saudavel,saudavel,0.8309,agrosmart-v1,simulado,sim-2026-05
18db44a0-7359-56a6-b482-9fa39a0aff30,TI-04_20260511_0017.jpg,2026-05-11 08:27:24,TI-04,drone,saudavel,saudavel,0.9787,agrosmart-v1,simulado,sim-2026-05
70085efa-3280-567a-9367-99ff2c445475,BV-01_20260511_0030.jpg,2026-05-11 08:27:28,BV-01,smartphone,saudavel,saudavel,0.9212,agrosmart-v1,simulado,sim-2026-05
5d2a2731-00bd-5f10-9c77-ec40158c25d0,BV-01_20260511_0031.jpg,2026-05-11 08:27:42,BV-01,smartphone,saudavel,saudavel,0.9338,agrosmart-v1,simulado,sim-2026-05
fc608af1-ef4b-5b0f-9ff2-b9561ee2d03e,TI-04_20260511_0018.jpg,2026-05-11 08:28:00,TI-04,drone,saudavel,saudavel,0.9512,agrosmart-v1,simulado,sim-2026-05
d2bb41e2-56da-589d-bb34-95728128da23,TI-04_20260511_0019.jpg,2026-05-11 08:29:05,TI-04,drone,saudavel,saudavel,0.9864,agrosmart-v1,simulado,sim-2026-05
98ca2a34-1fb3-5645-98f1-761696ccc72a,TI-04_20260511_0020.jpg,2026-05-11 08:29:44,TI-04,drone,saudavel,saudavel,0.9673,agrosmart-v1,simulado,sim-2026-05
c66a1c9f-74f8-5c71-8cc5-aa69da85b7a9,TI-04_20260511_0021.jpg,2026-05-11 08:30:16,TI-04,drone,saudavel,saudavel,0.9372,agrosmart-v1,simulado,sim-2026-05
8ee8c8d4-f3a7-59a8-b3ed-10f35389ca22,TI-04_20260511_0022.jpg,2026-05-11 08:30:51,TI-04,drone,saudavel,saudavel,0.9673,agrosmart-v1,simulado,sim-2026-05
bf173cb7-13f8-51a4-ac87-ae148a7e4b6a,TI-04_20260511_0023.jpg,2026-05-11 08:31:35,TI-04,drone,saudavel,saudavel,0.9497,agrosmart-v1,simulado,sim-2026-05
64fb38ce-f227-57af-be0b-f848ad195bf5,TI-04_20260511_0024.jpg,2026-05-11 08:32:22,TI-04,drone,saudavel,saudavel,0.9705,agrosmart-v1,simulado,sim-2026-05
90b30ea9-7bb2-532f-888f-6c12288dadaa,TI-04_20260511_0025.jpg,2026-05-11 08:32:55,TI-04,drone,saudavel,saudavel,0.9831,agrosmart-v1,simulado,sim-2026-05
0e44ef6b-e2f8-5275-858b-c23b29780477,TI-04_20260511_0026.jpg,2026-05-11 08:33:37,TI-04,drone,saudavel,saudavel,0.9805,agrosmart-v1,simulado,sim-2026-05
75b8e792-5ff4-5da4-b3a2-5dbfa3592fa0,SC-02_20260511_0001.jpg,2026-05-11 08:33:53,SC-02,smartphone,saudavel,saudavel,1.0000,agrosmart-v1,simulado,sim-2026-05
b110ce05-3bc2-5bc7-ba4d-5fd7dce99729,TI-04_20260511_0027.jpg,2026-05-11 08:34:25,TI-04,drone,saudavel,saudavel,0.9983,agrosmart-v1,simulado,sim-2026-05
5f47c808-c132-52f2-9735-50825ab65e3f,SC-02_20260511_0002.jpg,2026-05-11 08:34:29,SC-02,smartphone,saudavel,saudavel,0.9238,agrosmart-v1,simulado,sim-2026-05
bbb8f693-b583-580f-9c83-446562b353ef,TI-04_20260511_0028.jpg,2026-05-11 08:35:08,TI-04,drone,saudavel,saudavel,0.8643,agrosmart-v1,simulado,sim-2026-05
7ef434a8-3f3c-5437-b00c-4d8cfc6220e4,SC-02_20260511_0003.jpg,2026-05-11 08:35:15,SC-02,smartphone,saudavel,saudavel,0.9196,agrosmart-v1,simulado,sim-2026-05
e88b2d2d-d1ce-5cfd-b82d-72dd3b6a62b7,TI-04_20260511_0029.jpg,2026-05-11 08:35:31,TI-04,drone,saudavel,saudavel,0.9538,agrosmart-v1,simulado,sim-2026-05
06fbe710-752a-5c8a-90b7-c706b553b298,SC-02_20260511_0004.jpg,2026-05-11 08:35:51,SC-02,smartphone,saudavel,saudavel,0.9919,agrosmart-v1,simulado,sim-2026-05
41dde4b0-923a-5f6e-bb94-2356aeead195,TI-04_20260511_0030.jpg,2026-05-11 08:36:04,TI-04,drone,saudavel,saudavel,0.9295,agrosmart-v1,simulado,sim-2026-05
f8b6ab97-0408-519e-8351-9c256aab9990,SC-02_20260511_0005.jpg,2026-05-11 08:36:33,SC-02,smartphone,saudavel,saudavel,0.8564,agrosmart-v1,simulado,sim-2026-05
9ecd7e91-a9f7-579a-a0b9-7c406d17c9a3,TI-04_20260511_0031.jpg,2026-05-11 08:37:07,TI-04,drone,saudavel,saudavel,0.8430,agrosmart-v1,simulado,sim-2026-05
639fa7a4-c849-51f0-88a5-3db79506d0cc,SC-02_20260511_0006.jpg,2026-05-11 08:37:13,SC-02,smartphone,saudavel,saudavel,0.9971,agrosmart-v1,simulado,sim-2026-05
192afc5e-45ba-59d9-8537-0f073bf6a5ca,SC-02_20260511_0007.jpg,2026-05-11 08:37:41,SC-02,smartphone,saudavel,saudavel,0.8962,agrosmart-v1,simulado,sim-2026-05
ec653d72-a1ed-5f32-a74e-b49bf94ef460,TI-04_20260511_0032.jpg,2026-05-11 08:37:41,TI-04,drone,saudavel,saudavel,0.9829,agrosmart-v1,simulado,sim-2026-05
28f0f99c-97e7-597a-8615-fc047c8f6bbb,TI-04_20260511_0033.jpg,2026-05-11 08:38:19,TI-04,drone,saudavel,saudavel,0.8495,agrosmart-v1,simulado,sim-2026-05
8d57d166-4278-50e9-b627-13c56f368ac6,SC-02_20260511_0008.jpg,2026-05-11 08:38:33,SC-02,smartphone,saudavel,saudavel,0.9946,agrosmart-v1,simulado,sim-2026-05
d63b6679-73a6-5451-b629-462fd3c245a6,SC-02_20260511_0009.jpg,2026-05-11 08:39:21,SC-02,smartphone,saudavel,saudavel,0.8629,agrosmart-v1,simulado,sim-2026-05
88a7e563-18c6-56fc-97be-91f0efd93425,SC-02_20260511_0010.jpg,2026-05-11 08:40:04,SC-02,smartphone,saudavel,saudavel,0.9946,agrosmart-v1,simulado,sim-2026-05
afaa00f1-e688-57a6-871f-f65c3b41032c,SC-02_20260511_0011.jpg,2026-05-11 08:40:48,SC-02,smartphone,saudavel,saudavel,0.8566,agrosmart-v1,simulado,sim-2026-05
3ba4e518-4468-5cd0-a7e2-0ed3de844542,SC-02_20260511_0012.jpg,2026-05-11 08:41:26,SC-02,smartphone,saudavel,saudavel,0.9919,agrosmart-v1,simulado,sim-2026-05
f22dfbe0-8867-59aa-971f-cfa71761a0fa,SC-02_20260511_0013.jpg,2026-05-11 08:42:00,SC-02,smartphone,saudavel,saudavel,0.9942,agrosmart-v1,simulado,sim-2026-05
8afcb092-6e1a-5080-bc70-6e96b58a1dd6,SC-02_20260511_0014.jpg,2026-05-11 08:42:50,SC-02,smartphone,saudavel,saudavel,0.9972,agrosmart-v1,simulado,sim-2026-05
15eb7c93-4bb3-5e81-8b97-b6c2047e61ed,SC-02_20260511_0015.jpg,2026-05-11 08:43:21,SC-02,smartphone,saudavel,saudavel,0.8830,agrosmart-v1,simulado,sim-2026-05
0b6ceb6e-19b5-5826-9699-c13b04668152,SC-02_20260511_0016.jpg,2026-05-11 08:43:55,SC-02,smartphone,saudavel,saudavel,0.9530,agrosmart-v1,simulado,sim-2026-05
93e0af0f-a9dc-5866-b73b-64df1e8efc1c,SC-02_20260511_0017.jpg,2026-05-11 08:44:27,SC-02,smartphone,saudavel,saudavel,0.8203,agrosmart-v1,simulado,sim-2026-05
ea2f04b6-70c2-5b6f-bdc3-007ca6fafa2d,SC-02_20260511_0018.jpg,2026-05-11 08:45:22,SC-02,smartphone,saudavel,saudavel,0.9800,agrosmart-v1,simulado,sim-2026-05
84cb121d-1a81-5d60-bb11-6807e8ea90e6,SC-02_20260511_0019.jpg,2026-05-11 08:46:03,SC-02,smartphone,saudavel,saudavel,0.8920,agrosmart-v1,simulado,sim-2026-05
cc04163d-c058-51c5-b9fa-b22ceb41d334,SC-02_20260511_0020.jpg,2026-05-11 08:46:28,SC-02,smartphone,saudavel,saudavel,0.9545,agrosmart-v1,simulado,sim-2026-05
e30dc9c0-3d23-5b4c-9aa0-ae6173ccfe09,SC-02_20260511_0021.jpg,2026-05-11 08:47:00,SC-02,smartphone,saudavel,saudavel,0.8616,agrosmart-v1,simulado,sim-2026-05
207d0802-f30d-5357-b262-69eef92933f7,SC-02_20260511_0022.jpg,2026-05-11 08:47:44,SC-02,smartphone,saudavel,saudavel,0.9995,agrosmart-v1,simulado,sim-2026-05
2e105348-cc94-5db5-86e9-9f9dfbe9c679,SC-02_20260511_0023.jpg,2026-05-11 08:48:49,SC-02,smartphone,saudavel,saudavel,0.9869,agrosmart-v1,simulado,sim-2026-05
979e743f-e279-5acf-abe7-6ca9b609701d,SC-02_20260511_0024.jpg,2026-05-11 08:49:02,SC-02,smartphone,saudavel,saudavel,0.9710,agrosmart-v1,simulado,sim-2026-05
f190273b-a85f-5c25-8f0b-f35687b3ef9e,SC-02_20260511_0025.jpg,2026-05-11 08:50:00,SC-02,smartphone,doente,vaquinha,0.9979,agrosmart-v1,simulado,sim-2026-05
16e1456a-921b-536d-bbaa-60ff753cc24c,SC-02_20260511_0026.jpg,2026-05-11 08:50:45,SC-02,smartphone,saudavel,saudavel,0.8929,agrosmart-v1,simulado,sim-2026-05
49bc747d-60dc-5dee-847e-fba48256245c,SC-01_20260511_0001.jpg,2026-05-11 09:29:01,SC-01,smartphone,saudavel,saudavel,0.9998,agrosmart-v1,simulado,sim-2026-05
4fca12b6-53bc-59c4-8598-572e6053bbce,SC-01_20260511_0002.jpg,2026-05-11 09:29:24,SC-01,smartphone,saudavel,saudavel,0.9445,agrosmart-v1,simulado,sim-2026-05
205179b3-0964-50a1-a9af-4d3ea7b11ea7,SC-01_20260511_0003.jpg,2026-05-11 09:30:26,SC-01,smartphone,saudavel,saudavel,0.9994,agrosmart-v1,simulado,sim-2026-05
adbbeacf-42c6-5a80-b3ff-c46781628abe,SC-01_20260511_0004.jpg,2026-05-11 09:31:01,SC-01,smartphone,saudavel,saudavel,0.9289,agrosmart-v1,simulado,sim-2026-05
709a6cdc-6aa0-5539-ac8b-69c1d949f335,SC-01_20260511_0005.jpg,2026-05-11 09:31:25,SC-01,smartphone,saudavel,saudavel,0.9998,agrosmart-v1,simulado,sim-2026-05
46eb75dc-51c6-548e-ac3d-21e6ecd6f6b2,SC-01_20260511_0006.jpg,2026-05-11 09:32:25,SC-01,smartphone,doente,mosca_minadora,0.9996,agrosmart-v1,simulado,sim-2026-05
f5880526-e0d8-5b9c-9ebf-c72d6673cd52,SC-01_20260511_0007.jpg,2026-05-11 09:33:01,SC-01,smartphone,saudavel,saudavel,0.9382,agrosmart-v1,simulado,sim-2026-05
a032ceaa-01ac-552e-8f88-dcd4d0b86b41,SC-01_20260511_0008.jpg,2026-05-11 09:33:40,SC-01,smartphone,saudavel,saudavel,0.8824,agrosmart-v1,simulado,sim-2026-05
0359325b-4784-5394-b09a-00a1847cf4cf,SC-01_20260511_0009.jpg,2026-05-11 09:34:25,SC-01,smartphone,saudavel,saudavel,0.9844,agrosmart-v1,simulado,sim-2026-05
3f07cb7d-2367-584e-99af-6a4abefcf231,SC-01_20260511_0010.jpg,2026-05-11 09:34:45,SC-01,smartphone,saudavel,saudavel,0.9115,agrosmart-v1,simulado,sim-2026-05
9bec5860-37e6-5acc-bd0f-d1966f7de901,SC-01_20260511_0011.jpg,2026-05-11 09:35:35,SC-01,smartphone,saudavel,saudavel,0.8909,agrosmart-v1,simulado,sim-2026-05
12003702-68f8-5853-b7bb-f61422a57fdd,SC-01_20260511_0012.jpg,2026-05-11 09:36:12,SC-01,smartphone,saudavel,saudavel,0.9379,agrosmart-v1,simulado,sim-2026-05
e62268e8-7e8f-53fd-b11a-57d9fdbad24c,SC-01_20260511_0013.jpg,2026-05-11 09:36:53,SC-01,smartphone,saudavel,saudavel,0.9995,agrosmart-v1,simulado,sim-2026-05
39acaabe-d798-5ba0-8222-d789907239da,SC-01_20260511_0014.jpg,2026-05-11 09:37:32,SC-01,smartphone,saudavel,saudavel,0.8626,agrosmart-v1,simulado,sim-2026-05
aa1521f8-c0dd-5765-b683-4c3221867ce2,SC-01_20260511_0015.jpg,2026-05-11 09:38:12,SC-01,smartphone,saudavel,saudavel,0.9660,agrosmart-v1,simulado,sim-2026-05
f0dc9ae9-626b-5af2-adbe-85e5e4bb3fc3,SC-01_20260511_0016.jpg,2026-05-11 09:39:01,SC-01,smartphone,saudavel,saudavel,0.8830,agrosmart-v1,simulado,sim-2026-05
968db98e-82ce-5ba3-a428-f165274582d6,TI-03_20260511_0001.jpg,2026-05-11 09:39:10,TI-03,drone,saudavel,saudavel,0.9748,agrosmart-v1,simulado,sim-2026-05
06bfdd91-bdd9-5747-9b8d-9003f889e1fe,SC-01_20260511_0017.jpg,2026-05-11 09:39:35,SC-01,smartphone,saudavel,saudavel,0.9907,agrosmart-v1,simulado,sim-2026-05
d944f798-2aee-5c70-829e-f5a0ea20436e,TI-03_20260511_0002.jpg,2026-05-11 09:39:46,TI-03,drone,saudavel,saudavel,0.9074,agrosmart-v1,simulado,sim-2026-05
2ae65a09-6200-5ae0-9fcc-884a63059e1d,TI-03_20260511_0003.jpg,2026-05-11 09:40:07,TI-03,drone,saudavel,saudavel,0.9776,agrosmart-v1,simulado,sim-2026-05
e535a661-d818-54e0-a8fe-e9478e249c18,SC-01_20260511_0018.jpg,2026-05-11 09:40:17,SC-01,smartphone,saudavel,saudavel,0.9236,agrosmart-v1,simulado,sim-2026-05
7afa0b02-88d6-5327-a588-a7d98e4b25d0,TI-03_20260511_0004.jpg,2026-05-11 09:41:04,TI-03,drone,saudavel,saudavel,0.8473,agrosmart-v1,simulado,sim-2026-05
967504cf-053b-597b-bc73-15d913accd69,SC-01_20260511_0019.jpg,2026-05-11 09:41:05,SC-01,smartphone,saudavel,saudavel,0.9389,agrosmart-v1,simulado,sim-2026-05
cc41a6eb-a439-53d5-9718-7d0817406a38,SC-01_20260511_0020.jpg,2026-05-11 09:41:20,SC-01,smartphone,saudavel,saudavel,0.9884,agrosmart-v1,simulado,sim-2026-05
e95fda54-02c5-5b27-8070-ac086e17291f,TI-03_20260511_0005.jpg,2026-05-11 09:41:45,TI-03,drone,saudavel,saudavel,0.8235,agrosmart-v1,simulado,sim-2026-05
fddae486-1622-5edd-96af-13cd5019836a,SC-01_20260511_0021.jpg,2026-05-11 09:42:27,SC-01,smartphone,saudavel,saudavel,0.8820,agrosmart-v1,simulado,sim-2026-05
42c3b639-0162-5771-9662-47b3aba83aa9,TI-03_20260511_0006.jpg,2026-05-11 09:42:27,TI-03,drone,saudavel,saudavel,0.9679,agrosmart-v1,simulado,sim-2026-05
051187f7-d595-5c93-b700-37dde3686958,TI-03_20260511_0007.jpg,2026-05-11 09:42:45,TI-03,drone,saudavel,saudavel,0.9919,agrosmart-v1,simulado,sim-2026-05
91518ab8-d28d-5f55-a10f-88737e74aff5,SC-01_20260511_0022.jpg,2026-05-11 09:42:46,SC-01,smartphone,saudavel,saudavel,0.9997,agrosmart-v1,simulado,sim-2026-05
b959a6cc-4619-51c1-ad67-fcf54a09edcb,SC-01_20260511_0023.jpg,2026-05-11 09:43:21,SC-01,smartphone,saudavel,saudavel,0.8230,agrosmart-v1,simulado,sim-2026-05
63433aae-51b6-5f95-a4e0-81ec9ff4699e,TI-03_20260511_0008.jpg,2026-05-11 09:43:38,TI-03,drone,saudavel,saudavel,0.9559,agrosmart-v1,simulado,sim-2026-05
ea0fd2f9-d8e2-5cf1-b995-8768d4b39635,TI-03_20260511_0009.jpg,2026-05-11 09:44:11,TI-03,drone,saudavel,saudavel,0.8619,agrosmart-v1,simulado,sim-2026-05
05d9819c-ed70-55c0-a224-cd0ea867a5b0,SC-01_20260511_0024.jpg,2026-05-11 09:44:26,SC-01,smartphone,saudavel,saudavel,0.8723,agrosmart-v1,simulado,sim-2026-05
6c8ccf9d-34a0-5f4d-99a9-8e4087d8d8d4,TI-03_20260511_0010.jpg,2026-05-11 09:44:49,TI-03,drone,saudavel,saudavel,0.9978,agrosmart-v1,simulado,sim-2026-05
9a1c6f0f-3d44-58c7-9426-91056bed188b,SC-01_20260511_0025.jpg,2026-05-11 09:44:54,SC-01,smartphone,saudavel,saudavel,0.9428,agrosmart-v1,simulado,sim-2026-05
379cc944-c247-53ae-8d32-83eabe86bcaa,SC-01_20260511_0026.jpg,2026-05-11 09:45:24,SC-01,smartphone,saudavel,saudavel,0.8416,agrosmart-v1,simulado,sim-2026-05
21c75e73-09d4-5a4a-a11a-ee2cd61b4832,TI-03_20260511_0011.jpg,2026-05-11 09:45:37,TI-03,drone,saudavel,saudavel,0.9081,agrosmart-v1,simulado,sim-2026-05
65e71f00-dc47-5b88-875c-385693032265,SC-01_20260511_0027.jpg,2026-05-11 09:46:22,SC-01,smartphone,saudavel,saudavel,0.9927,agrosmart-v1,simulado,sim-2026-05
e6d3bef9-18ed-57cc-9e7b-e396b09c00dc,TI-03_20260511_0012.jpg,2026-05-11 09:46:23,TI-03,drone,saudavel,saudavel,0.9646,agrosmart-v1,simulado,sim-2026-05
5b456a40-e42c-5c2c-9394-fe16d7c4dcb2,TI-03_20260511_0013.jpg,2026-05-11 09:47:01,TI-03,drone,saudavel,saudavel,0.8324,agrosmart-v1,simulado,sim-2026-05
1db68b64-4dcb-5408-a71f-88dd75c0ce17,SC-01_20260511_0028.jpg,2026-05-11 09:47:04,SC-01,smartphone,saudavel,saudavel,0.9969,agrosmart-v1,simulado,sim-2026-05
b280e4b7-fc68-5c62-8b94-10573bbb508a,TI-03_20260511_0014.jpg,2026-05-11 09:47:26,TI-03,drone,saudavel,saudavel,0.9132,agrosmart-v1,simulado,sim-2026-05
1d989a14-090c-590e-8d41-440c35b76d77,SC-01_20260511_0029.jpg,2026-05-11 09:47:46,SC-01,smartphone,saudavel,saudavel,0.9167,agrosmart-v1,simulado,sim-2026-05
464dde51-f5df-5f79-83b8-04b50de904ae,SC-01_20260511_0030.jpg,2026-05-11 09:48:18,SC-01,smartphone,saudavel,saudavel,0.9182,agrosmart-v1,simulado,sim-2026-05
ae4d8ed7-6d84-59e6-92a7-704e113ca0c2,TI-03_20260511_0015.jpg,2026-05-11 09:48:21,TI-03,drone,saudavel,saudavel,0.9928,agrosmart-v1,simulado,sim-2026-05
505b7076-7e78-5741-a8a5-5c9592e57621,SC-04_20260511_0001.jpg,2026-05-11 09:48:49,SC-04,smartphone,saudavel,saudavel,0.9598,agrosmart-v1,simulado,sim-2026-05
e19921c4-d573-570d-9e26-82f55a8e712f,TI-03_20260511_0016.jpg,2026-05-11 09:48:51,TI-03,drone,saudavel,saudavel,0.9997,agrosmart-v1,simulado,sim-2026-05
ea8e1109-6a14-5822-9ef5-d2e6be0e6d4a,SC-01_20260511_0031.jpg,2026-05-11 09:49:09,SC-01,smartphone,saudavel,saudavel,0.8383,agrosmart-v1,simulado,sim-2026-05
a964eea1-6fc6-5dc7-84ef-af1addfb8d42,SC-01_20260511_0032.jpg,2026-05-11 09:49:34,SC-01,smartphone,saudavel,saudavel,0.9770,agrosmart-v1,simulado,sim-2026-05
9c18acbc-3004-5901-9b4e-836671e2854d,SC-04_20260511_0002.jpg,2026-05-11 09:49:47,SC-04,smartphone,saudavel,saudavel,0.9987,agrosmart-v1,simulado,sim-2026-05
0f0b92a4-c264-5592-94b5-ca9408413798,TI-03_20260511_0017.jpg,2026-05-11 09:49:48,TI-03,drone,saudavel,saudavel,0.9529,agrosmart-v1,simulado,sim-2026-05
6ad89ea1-9c98-5a51-be05-769c4db9d340,SC-04_20260511_0003.jpg,2026-05-11 09:50:03,SC-04,smartphone,saudavel,saudavel,0.9284,agrosmart-v1,simulado,sim-2026-05
dabd172c-06e4-5486-abc7-3680f73cbff5,TI-03_20260511_0018.jpg,2026-05-11 09:50:19,TI-03,drone,saudavel,saudavel,0.8554,agrosmart-v1,simulado,sim-2026-05
389f9af9-04f3-5688-8a2c-20be379a2d7c,SC-04_20260511_0004.jpg,2026-05-11 09:50:49,SC-04,smartphone,saudavel,saudavel,0.9196,agrosmart-v1,simulado,sim-2026-05
e6292b8d-0763-54f0-b424-39054d79733c,TI-03_20260511_0019.jpg,2026-05-11 09:50:49,TI-03,drone,saudavel,saudavel,0.9992,agrosmart-v1,simulado,sim-2026-05
6bfccdcb-7ad4-560d-8917-fc8677f3b743,TI-03_20260511_0020.jpg,2026-05-11 09:51:36,TI-03,drone,saudavel,saudavel,0.8590,agrosmart-v1,simulado,sim-2026-05
5e3bd657-5a52-5d2e-bc69-2e737e437178,SC-04_20260511_0005.jpg,2026-05-11 09:51:43,SC-04,smartphone,saudavel,saudavel,0.9354,agrosmart-v1,simulado,sim-2026-05
f168a6dc-b762-52fa-aac9-9291159eccaf,SC-04_20260511_0006.jpg,2026-05-11 09:52:04,SC-04,smartphone,saudavel,saudavel,0.9900,agrosmart-v1,simulado,sim-2026-05
bcfe82f7-57ec-5521-b97b-69ee86bf7263,TI-03_20260511_0021.jpg,2026-05-11 09:52:11,TI-03,drone,saudavel,saudavel,0.9957,agrosmart-v1,simulado,sim-2026-05
247d3c97-a095-5d6f-bdf7-dcc8ce29c908,TI-03_20260511_0022.jpg,2026-05-11 09:52:54,TI-03,drone,saudavel,saudavel,0.9980,agrosmart-v1,simulado,sim-2026-05
4620cce7-5c31-593b-9d3d-0ae29877dc6a,BV-04_20260511_0001.jpg,2026-05-11 09:53:05,BV-04,smartphone,saudavel,saudavel,0.9787,agrosmart-v1,simulado,sim-2026-05
4f9e44f6-0d66-5be4-a488-d43f9d6160ac,SC-04_20260511_0007.jpg,2026-05-11 09:53:05,SC-04,smartphone,saudavel,saudavel,0.8607,agrosmart-v1,simulado,sim-2026-05
fcaec57c-9399-57db-830d-6ed69382cf5e,BV-04_20260511_0002.jpg,2026-05-11 09:53:29,BV-04,smartphone,saudavel,saudavel,0.9764,agrosmart-v1,simulado,sim-2026-05
414d38e9-9928-5645-ab68-e79816853515,SC-04_20260511_0008.jpg,2026-05-11 09:53:29,SC-04,smartphone,saudavel,saudavel,0.8492,agrosmart-v1,simulado,sim-2026-05
ca6403f5-961c-517f-a835-16003a411157,TI-03_20260511_0023.jpg,2026-05-11 09:53:37,TI-03,drone,saudavel,saudavel,0.9988,agrosmart-v1,simulado,sim-2026-05
2b3d020c-ad55-5200-aea2-9aa25ca84962,SC-04_20260511_0009.jpg,2026-05-11 09:54:18,SC-04,smartphone,saudavel,saudavel,0.8627,agrosmart-v1,simulado,sim-2026-05
49c6ab90-b77e-5e2f-89f4-e0f0509241a7,BV-04_20260511_0003.jpg,2026-05-11 09:54:20,BV-04,smartphone,saudavel,saudavel,0.9996,agrosmart-v1,simulado,sim-2026-05
b5d2dd74-09c7-5380-a982-e6558cb0bb72,TI-03_20260511_0024.jpg,2026-05-11 09:54:21,TI-03,drone,saudavel,saudavel,0.9189,agrosmart-v1,simulado,sim-2026-05
951edd05-0b2b-53c1-86e7-39d63480d725,TI-03_20260511_0025.jpg,2026-05-11 09:54:57,TI-03,drone,saudavel,saudavel,0.9969,agrosmart-v1,simulado,sim-2026-05
1d7d1ceb-91d1-59f5-ae27-3c605fee7f7e,SC-04_20260511_0010.jpg,2026-05-11 09:55:08,SC-04,smartphone,saudavel,saudavel,0.8469,agrosmart-v1,simulado,sim-2026-05
f3b40f1b-04b1-5989-9bc5-65feaca28409,BV-04_20260511_0004.jpg,2026-05-11 09:55:09,BV-04,smartphone,saudavel,saudavel,0.8512,agrosmart-v1,simulado,sim-2026-05
69304702-108c-5655-979c-409e0ac2bbd0,BV-04_20260511_0005.jpg,2026-05-11 09:55:23,BV-04,smartphone,saudavel,saudavel,0.9697,agrosmart-v1,simulado,sim-2026-05
794a42b4-545d-5109-bd3b-b2abd1a03798,TI-03_20260511_0026.jpg,2026-05-11 09:55:23,TI-03,drone,saudavel,saudavel,0.8460,agrosmart-v1,simulado,sim-2026-05
fbb9ba80-65d3-57d0-b5ab-fa5fa013d114,SC-04_20260511_0011.jpg,2026-05-11 09:55:27,SC-04,smartphone,saudavel,saudavel,0.9525,agrosmart-v1,simulado,sim-2026-05
874c9a78-8a7a-5c6e-834c-710a8581012f,TI-03_20260511_0027.jpg,2026-05-11 09:56:18,TI-03,drone,saudavel,saudavel,0.9082,agrosmart-v1,simulado,sim-2026-05
c4b51def-b42a-5eb6-b655-e6dd31ae442d,BV-04_20260511_0006.jpg,2026-05-11 09:56:23,BV-04,smartphone,saudavel,saudavel,0.8885,agrosmart-v1,simulado,sim-2026-05
39e91782-5b69-5e00-af79-0d40f0807125,SC-04_20260511_0012.jpg,2026-05-11 09:56:26,SC-04,smartphone,saudavel,saudavel,0.9368,agrosmart-v1,simulado,sim-2026-05
acc104a3-7eb6-5dc2-bd82-fe20fa07557a,SC-04_20260511_0013.jpg,2026-05-11 09:56:44,SC-04,smartphone,saudavel,saudavel,0.9846,agrosmart-v1,simulado,sim-2026-05
7b7b1411-06f8-55d5-8565-677872e4d73f,TI-03_20260511_0028.jpg,2026-05-11 09:56:45,TI-03,drone,saudavel,saudavel,0.9126,agrosmart-v1,simulado,sim-2026-05
91f7d9a2-d45d-5a14-8ba4-a90ed8b82452,BV-04_20260511_0007.jpg,2026-05-11 09:56:54,BV-04,smartphone,saudavel,saudavel,0.5249,agrosmart-v1,simulado,sim-2026-05
ffb79305-6d74-5ad3-967d-697c57a24daf,BV-04_20260511_0008.jpg,2026-05-11 09:57:32,BV-04,smartphone,saudavel,saudavel,0.8210,agrosmart-v1,simulado,sim-2026-05
e5f7ae50-cacf-5c75-b7db-382cdd913bbe,SC-04_20260511_0014.jpg,2026-05-11 09:57:41,SC-04,smartphone,saudavel,saudavel,0.9831,agrosmart-v1,simulado,sim-2026-05
d3b8fc19-2b43-5400-805a-12c8f0eb882f,TI-03_20260511_0029.jpg,2026-05-11 09:57:45,TI-03,drone,saudavel,saudavel,0.9490,agrosmart-v1,simulado,sim-2026-05
53979106-9d1c-535b-b3d2-e0d8e84db163,BV-04_20260511_0009.jpg,2026-05-11 09:58:22,BV-04,smartphone,saudavel,saudavel,0.9042,agrosmart-v1,simulado,sim-2026-05
a075c8b0-bf62-5be7-b464-c54df64a6c2f,SC-04_20260511_0015.jpg,2026-05-11 09:58:26,SC-04,smartphone,saudavel,saudavel,0.9921,agrosmart-v1,simulado,sim-2026-05
fccd27dd-a45c-5c0d-a546-ba695b5bb54b,TI-03_20260511_0030.jpg,2026-05-11 09:58:27,TI-03,drone,saudavel,saudavel,0.9482,agrosmart-v1,simulado,sim-2026-05
39b88c78-217b-51e6-b4aa-0b63b7e211df,SC-04_20260511_0016.jpg,2026-05-11 09:58:52,SC-04,smartphone,saudavel,saudavel,0.9881,agrosmart-v1,simulado,sim-2026-05
c6d7cb26-4c7a-54eb-a823-cb73b1472bd9,BV-04_20260511_0010.jpg,2026-05-11 09:58:58,BV-04,smartphone,saudavel,saudavel,0.8821,agrosmart-v1,simulado,sim-2026-05
60c40f28-9780-5195-9698-0132dd8b086f,TI-03_20260511_0031.jpg,2026-05-11 09:59:04,TI-03,drone,saudavel,saudavel,0.7450,agrosmart-v1,simulado,sim-2026-05
037ffadb-784b-5441-89f2-32c8a4a6826c,BV-04_20260511_0011.jpg,2026-05-11 09:59:27,BV-04,smartphone,saudavel,saudavel,0.9972,agrosmart-v1,simulado,sim-2026-05
1cd5be61-593a-5e9d-8c35-d068621d255f,SC-04_20260511_0017.jpg,2026-05-11 09:59:30,SC-04,smartphone,saudavel,saudavel,0.9888,agrosmart-v1,simulado,sim-2026-05
662c2df6-ceae-52e1-99af-698b3bb53a31,TI-03_20260511_0032.jpg,2026-05-11 09:59:48,TI-03,drone,saudavel,saudavel,0.9986,agrosmart-v1,simulado,sim-2026-05
30fdebe1-701c-5059-8f23-61f49663bbcf,SC-04_20260511_0018.jpg,2026-05-11 10:00:02,SC-04,smartphone,saudavel,saudavel,0.9750,agrosmart-v1,simulado,sim-2026-05
16fa8be4-d21d-5d67-b25d-f79f8f017c75,TI-03_20260511_0033.jpg,2026-05-11 10:00:09,TI-03,drone,saudavel,saudavel,0.9599,agrosmart-v1,simulado,sim-2026-05
de30bc02-2b6e-5ac2-8f41-ad9ce99ac068,BV-04_20260511_0012.jpg,2026-05-11 10:00:10,BV-04,smartphone,saudavel,saudavel,0.8219,agrosmart-v1,simulado,sim-2026-05
c3d12437-6423-5f92-acd6-d227d4c3ef93,TI-03_20260511_0034.jpg,2026-05-11 10:00:41,TI-03,drone,saudavel,saudavel,0.9656,agrosmart-v1,simulado,sim-2026-05
e7be8c76-1906-58d1-bb83-48cc94422b88,BV-04_20260511_0013.jpg,2026-05-11 10:00:46,BV-04,smartphone,saudavel,saudavel,0.9855,agrosmart-v1,simulado,sim-2026-05
a9a75584-84a2-54aa-904d-abd8f7989201,SC-04_20260511_0019.jpg,2026-05-11 10:01:03,SC-04,smartphone,saudavel,saudavel,0.8657,agrosmart-v1,simulado,sim-2026-05
9525d8fc-e558-569a-9a32-cabefe5a13b5,SC-04_20260511_0020.jpg,2026-05-11 10:01:31,SC-04,smartphone,saudavel,saudavel,0.9384,agrosmart-v1,simulado,sim-2026-05
9f18a50d-6cae-5c77-b00f-4c3bed5e253b,BV-04_20260511_0014.jpg,2026-05-11 10:01:32,BV-04,smartphone,saudavel,saudavel,0.9617,agrosmart-v1,simulado,sim-2026-05
0fb28ed7-e0e7-5d88-a9e4-39e74929dd7c,TI-03_20260511_0035.jpg,2026-05-11 10:01:45,TI-03,drone,saudavel,saudavel,0.9911,agrosmart-v1,simulado,sim-2026-05
43f742f0-6559-5c0b-bb9f-3cc28aec216e,TI-03_20260511_0036.jpg,2026-05-11 10:02:04,TI-03,drone,saudavel,saudavel,0.9626,agrosmart-v1,simulado,sim-2026-05
34064f74-9145-5c12-bc84-c15a233c9308,SC-04_20260511_0021.jpg,2026-05-11 10:02:17,SC-04,smartphone,saudavel,saudavel,0.9931,agrosmart-v1,simulado,sim-2026-05
549927a6-71d1-5b4e-9aa2-d63f6c67f18a,BV-04_20260511_0015.jpg,2026-05-11 10:02:26,BV-04,smartphone,saudavel,saudavel,0.9999,agrosmart-v1,simulado,sim-2026-05
32bd8f8e-01b6-5737-9a6b-d29b5e3640b0,TI-03_20260511_0037.jpg,2026-05-11 10:02:56,TI-03,drone,saudavel,saudavel,0.9578,agrosmart-v1,simulado,sim-2026-05
7a6ffd9f-3e1f-5e38-aebd-0bf80db1d06a,BV-04_20260511_0016.jpg,2026-05-11 10:02:59,BV-04,smartphone,saudavel,saudavel,0.9218,agrosmart-v1,simulado,sim-2026-05
32d2b042-4e05-5a0a-9d2a-b1801e4b3b05,SC-04_20260511_0022.jpg,2026-05-11 10:03:03,SC-04,smartphone,saudavel,saudavel,0.9695,agrosmart-v1,simulado,sim-2026-05
ed682e1d-9c25-57a3-a947-0c3fdecc78b7,TI-03_20260511_0038.jpg,2026-05-11 10:03:38,TI-03,drone,saudavel,saudavel,0.9738,agrosmart-v1,simulado,sim-2026-05
0680a5f8-4f9f-5a56-854f-830d405a5cf1,SC-04_20260511_0023.jpg,2026-05-11 10:03:41,SC-04,smartphone,saudavel,saudavel,0.9946,agrosmart-v1,simulado,sim-2026-05
eecea4fc-26b3-5824-b599-0db276e8424e,TI-03_20260511_0039.jpg,2026-05-11 10:04:15,TI-03,drone,saudavel,saudavel,0.9030,agrosmart-v1,simulado,sim-2026-05
0cab7945-438f-5810-b388-89fbf1f75e12,SC-04_20260511_0024.jpg,2026-05-11 10:04:30,SC-04,smartphone,saudavel,saudavel,0.9991,agrosmart-v1,simulado,sim-2026-05
ad8df51e-aabe-5e56-a1af-fad353df8549,SC-04_20260511_0025.jpg,2026-05-11 10:04:50,SC-04,smartphone,saudavel,saudavel,0.9946,agrosmart-v1,simulado,sim-2026-05
06a36847-ba90-592f-a33a-a1fb50e4464c,TI-03_20260511_0040.jpg,2026-05-11 10:05:01,TI-03,drone,saudavel,saudavel,0.8476,agrosmart-v1,simulado,sim-2026-05
90ffa306-d09e-561b-a9c9-c2589b7a3c2f,TI-03_20260511_0041.jpg,2026-05-11 10:05:23,TI-03,drone,saudavel,saudavel,0.9998,agrosmart-v1,simulado,sim-2026-05
42984603-50e9-5f4f-a73c-2c51e52d4cb5,SC-04_20260511_0026.jpg,2026-05-11 10:05:38,SC-04,smartphone,saudavel,saudavel,0.9853,agrosmart-v1,simulado,sim-2026-05
4263aab5-c319-5056-ad3b-9641fad1db39,SC-04_20260511_0027.jpg,2026-05-11 10:06:06,SC-04,smartphone,saudavel,saudavel,0.9709,agrosmart-v1,simulado,sim-2026-05
52d4a2fb-32a5-5058-8dda-3fce4c3f1b08,TI-03_20260511_0042.jpg,2026-05-11 10:06:28,TI-03,drone,saudavel,saudavel,0.8286,agrosmart-v1,simulado,sim-2026-05
81d37163-2549-564f-bf6d-4edd6484d16e,TI-03_20260511_0043.jpg,2026-05-11 10:07:06,TI-03,drone,saudavel,saudavel,0.9093,agrosmart-v1,simulado,sim-2026-05
aa74ac30-3b62-5f3d-a0b8-22220ad957cf,BV-03_20260513_0001.jpg,2026-05-13 07:10:42,BV-03,smartphone,saudavel,saudavel,0.9948,agrosmart-v1,simulado,sim-2026-05
643067cb-ba28-58f3-8462-4b7978073cd7,BV-03_20260513_0002.jpg,2026-05-13 07:11:48,BV-03,smartphone,saudavel,saudavel,0.9998,agrosmart-v1,simulado,sim-2026-05
612141df-b5a8-5827-9d56-145899386b02,BV-03_20260513_0003.jpg,2026-05-13 07:12:14,BV-03,smartphone,saudavel,saudavel,1.0000,agrosmart-v1,simulado,sim-2026-05
563aeadc-b31d-5295-9d97-193f4a4af0d1,BV-03_20260513_0004.jpg,2026-05-13 07:12:42,BV-03,smartphone,saudavel,saudavel,0.7110,agrosmart-v1,simulado,sim-2026-05
c07add19-eeb8-5d70-8452-4e84339fdd38,BV-03_20260513_0005.jpg,2026-05-13 07:13:38,BV-03,smartphone,saudavel,saudavel,0.9867,agrosmart-v1,simulado,sim-2026-05
c30329d1-3f38-5fe0-9cff-23a1cb34704f,BV-03_20260513_0006.jpg,2026-05-13 07:14:05,BV-03,smartphone,saudavel,saudavel,0.8208,agrosmart-v1,simulado,sim-2026-05
dc433d66-17d3-51ef-adc2-71236d9055c1,BV-03_20260513_0007.jpg,2026-05-13 07:14:57,BV-03,smartphone,saudavel,saudavel,0.9994,agrosmart-v1,simulado,sim-2026-05
38de6254-6a00-5fb4-9e37-52b318650d7c,BV-03_20260513_0008.jpg,2026-05-13 07:15:39,BV-03,smartphone,saudavel,saudavel,0.8359,agrosmart-v1,simulado,sim-2026-05
25206631-b6f1-56eb-895b-98de0c26ce92,BV-03_20260513_0009.jpg,2026-05-13 07:16:04,BV-03,smartphone,saudavel,saudavel,0.9467,agrosmart-v1,simulado,sim-2026-05
f60303c6-4af5-53fc-9bbf-4425b8173f38,BV-03_20260513_0010.jpg,2026-05-13 07:16:58,BV-03,smartphone,saudavel,saudavel,0.9440,agrosmart-v1,simulado,sim-2026-05
a90cc2d0-4842-59c4-92bc-573b58a6e6b5,BV-03_20260513_0011.jpg,2026-05-13 07:17:32,BV-03,smartphone,saudavel,saudavel,0.8651,agrosmart-v1,simulado,sim-2026-05
c02b6474-38c3-5b4c-bc8e-4d5c640b3148,BV-03_20260513_0012.jpg,2026-05-13 07:18:06,BV-03,smartphone,saudavel,saudavel,0.9749,agrosmart-v1,simulado,sim-2026-05
b20ae67b-7d69-5ff0-8c62-6fdab6940912,BV-03_20260513_0013.jpg,2026-05-13 07:19:06,BV-03,smartphone,saudavel,saudavel,0.9963,agrosmart-v1,simulado,sim-2026-05
46c2ffba-6644-55b6-ae65-507cf39fbc58,BV-03_20260513_0014.jpg,2026-05-13 07:19:28,BV-03,smartphone,saudavel,saudavel,0.9133,agrosmart-v1,simulado,sim-2026-05
a857915e-00fe-5495-b0df-c8935920ae07,BV-03_20260513_0015.jpg,2026-05-13 07:20:05,BV-03,smartphone,saudavel,saudavel,0.9979,agrosmart-v1,simulado,sim-2026-05
52300d05-187b-5611-8208-90f583003067,BV-03_20260513_0016.jpg,2026-05-13 07:20:41,BV-03,smartphone,saudavel,saudavel,0.9832,agrosmart-v1,simulado,sim-2026-05
06eaa1cf-814c-5472-bff8-cca2089d5fc1,BV-03_20260513_0017.jpg,2026-05-13 07:21:23,BV-03,smartphone,saudavel,saudavel,0.9917,agrosmart-v1,simulado,sim-2026-05
d698a228-278a-5ccd-a7a4-357391128c32,BV-03_20260513_0018.jpg,2026-05-13 07:22:04,BV-03,smartphone,saudavel,saudavel,0.9638,agrosmart-v1,simulado,sim-2026-05
61b2e4fd-e50e-57a1-9a59-21b4af6a0a11,BV-03_20260513_0019.jpg,2026-05-13 07:22:41,BV-03,smartphone,saudavel,saudavel,0.9959,agrosmart-v1,simulado,sim-2026-05
d13ea136-ff91-50a7-a895-1218f9c2d7e1,SC-04_20260513_0001.jpg,2026-05-13 07:23:00,SC-04,smartphone,saudavel,saudavel,0.9955,agrosmart-v1,simulado,sim-2026-05
9ea460d7-9bf6-5064-8ff0-d877502741db,BV-03_20260513_0020.jpg,2026-05-13 07:23:39,BV-03,smartphone,doente,mosca_minadora,0.8870,agrosmart-v1,simulado,sim-2026-05
dbb584aa-41b8-5101-9b0d-3ba8c497d2e3,SC-04_20260513_0002.jpg,2026-05-13 07:23:47,SC-04,smartphone,saudavel,saudavel,0.9994,agrosmart-v1,simulado,sim-2026-05
302f5a6d-1ff5-55f8-b965-9c730386012c,SC-04_20260513_0003.jpg,2026-05-13 07:24:02,SC-04,smartphone,saudavel,saudavel,0.8380,agrosmart-v1,simulado,sim-2026-05
a37c87ce-d3c9-5ff5-a831-b7c4a818db14,BV-03_20260513_0021.jpg,2026-05-13 07:24:25,BV-03,smartphone,saudavel,saudavel,0.9967,agrosmart-v1,simulado,sim-2026-05
8689f568-434a-5391-a438-d5f834d4ba1d,BV-03_20260513_0022.jpg,2026-05-13 07:24:46,BV-03,smartphone,saudavel,saudavel,0.9468,agrosmart-v1,simulado,sim-2026-05
cc422cac-c696-595b-8320-b9ee00db70b5,SC-04_20260513_0004.jpg,2026-05-13 07:24:54,SC-04,smartphone,saudavel,saudavel,0.9096,agrosmart-v1,simulado,sim-2026-05
91b03af7-449c-5a08-9041-ea4ca290e63a,BV-03_20260513_0023.jpg,2026-05-13 07:25:30,BV-03,smartphone,doente,mosca_minadora,0.9341,agrosmart-v1,simulado,sim-2026-05
568c78c5-b81d-59d2-a66c-90a8475d2c0f,SC-04_20260513_0005.jpg,2026-05-13 07:25:46,SC-04,smartphone,saudavel,saudavel,0.8659,agrosmart-v1,simulado,sim-2026-05
4efd528e-02aa-550a-a089-b24eb3cf4e53,BV-03_20260513_0024.jpg,2026-05-13 07:26:03,BV-03,smartphone,doente,mosca_minadora,0.9966,agrosmart-v1,simulado,sim-2026-05
080bbc10-8ab2-5f5d-aae8-77d37ca75117,SC-04_20260513_0006.jpg,2026-05-13 07:26:30,SC-04,smartphone,saudavel,saudavel,0.8385,agrosmart-v1,simulado,sim-2026-05
7fe104e0-d7c6-5796-b6e2-8829272636f0,SC-04_20260513_0007.jpg,2026-05-13 07:26:46,SC-04,smartphone,saudavel,saudavel,0.6297,agrosmart-v1,simulado,sim-2026-05
152416e3-985a-5051-b781-dc1cb9ecbefe,BV-03_20260513_0025.jpg,2026-05-13 07:26:58,BV-03,smartphone,saudavel,saudavel,0.9999,agrosmart-v1,simulado,sim-2026-05
c257e859-4fc0-5622-a5b4-b7de48ca64ae,SC-04_20260513_0008.jpg,2026-05-13 07:27:28,SC-04,smartphone,saudavel,saudavel,0.9626,agrosmart-v1,simulado,sim-2026-05
8a7150cd-9e50-507a-95ef-d745c577a59e,BV-03_20260513_0026.jpg,2026-05-13 07:27:39,BV-03,smartphone,saudavel,saudavel,0.9935,agrosmart-v1,simulado,sim-2026-05
9a08df99-e2a1-5fb3-a5b7-6d4550ea8b66,SC-04_20260513_0009.jpg,2026-05-13 07:28:16,SC-04,smartphone,saudavel,saudavel,0.8747,agrosmart-v1,simulado,sim-2026-05
578b366b-12d9-50c7-bdc9-13db2618e9bc,BV-03_20260513_0027.jpg,2026-05-13 07:28:20,BV-03,smartphone,saudavel,saudavel,0.9954,agrosmart-v1,simulado,sim-2026-05
25329c0d-3423-5a60-a1e2-d9d4ba225f75,SC-04_20260513_0010.jpg,2026-05-13 07:28:42,SC-04,smartphone,saudavel,saudavel,0.8438,agrosmart-v1,simulado,sim-2026-05
1f47ecce-9a48-5aae-80f6-0e5e850789c0,BV-03_20260513_0028.jpg,2026-05-13 07:28:57,BV-03,smartphone,saudavel,saudavel,0.9423,agrosmart-v1,simulado,sim-2026-05
9f058cfb-af0e-5c4b-8dfc-4fbbb9354e21,BV-03_20260513_0029.jpg,2026-05-13 07:29:35,BV-03,smartphone,saudavel,saudavel,0.9228,agrosmart-v1,simulado,sim-2026-05
213e63f0-2841-5ee5-9733-ee5b25fc8b01,SC-04_20260513_0011.jpg,2026-05-13 07:29:45,SC-04,smartphone,saudavel,saudavel,0.9272,agrosmart-v1,simulado,sim-2026-05
406722ef-8338-5034-b95e-6fc958f0a900,SC-04_20260513_0012.jpg,2026-05-13 07:30:25,SC-04,smartphone,saudavel,saudavel,0.8896,agrosmart-v1,simulado,sim-2026-05
07cc478f-c08b-57e1-8129-4d021849a652,SC-04_20260513_0013.jpg,2026-05-13 07:30:44,SC-04,smartphone,saudavel,saudavel,0.9915,agrosmart-v1,simulado,sim-2026-05
1540c56c-18f8-5c4f-87f4-f8b7452840cf,SC-04_20260513_0014.jpg,2026-05-13 07:31:23,SC-04,smartphone,saudavel,saudavel,0.9984,agrosmart-v1,simulado,sim-2026-05
9e9f4c12-44e6-567b-ba1c-3630f86dc9da,SC-04_20260513_0015.jpg,2026-05-13 07:32:29,SC-04,smartphone,saudavel,saudavel,0.8606,agrosmart-v1,simulado,sim-2026-05
f301c7af-8117-5493-8723-705338167c40,SC-04_20260513_0016.jpg,2026-05-13 07:33:01,SC-04,smartphone,saudavel,saudavel,0.8331,agrosmart-v1,simulado,sim-2026-05
2216918b-fe24-56b9-b6c7-6b03227e60c7,SC-04_20260513_0017.jpg,2026-05-13 07:33:45,SC-04,smartphone,saudavel,saudavel,0.9928,agrosmart-v1,simulado,sim-2026-05
270c1f33-3f66-507c-85dc-b06be2777724,SC-04_20260513_0018.jpg,2026-05-13 07:34:12,SC-04,smartphone,saudavel,saudavel,0.9819,agrosmart-v1,simulado,sim-2026-05
1b9dc1a0-2257-550d-8ace-74cd4f4e55c9,SC-04_20260513_0019.jpg,2026-05-13 07:35:05,SC-04,smartphone,saudavel,saudavel,0.8769,agrosmart-v1,simulado,sim-2026-05
f2baf09c-2297-506c-9b62-194b6366372f,SC-04_20260513_0020.jpg,2026-05-13 07:35:20,SC-04,smartphone,saudavel,saudavel,0.9871,agrosmart-v1,simulado,sim-2026-05
35d91f06-ebca-5364-92c0-2644af83da66,SC-04_20260513_0021.jpg,2026-05-13 07:36:16,SC-04,smartphone,doente,pinta_preta,0.9909,agrosmart-v1,simulado,sim-2026-05
cca27ef7-4df3-5640-a141-e322f9c1c245,SC-04_20260513_0022.jpg,2026-05-13 07:37:05,SC-04,smartphone,saudavel,saudavel,0.6990,agrosmart-v1,simulado,sim-2026-05
f2c3e0df-3b3d-5d35-9a50-36673b8d2491,SC-04_20260513_0023.jpg,2026-05-13 07:37:25,SC-04,smartphone,saudavel,saudavel,0.7854,agrosmart-v1,simulado,sim-2026-05
49d3ee70-2f35-5b80-be0b-f023efa507b3,SC-04_20260513_0024.jpg,2026-05-13 07:38:19,SC-04,smartphone,saudavel,saudavel,0.9979,agrosmart-v1,simulado,sim-2026-05
91b3df73-c01e-5545-acc6-d6ad05215f5c,SC-04_20260513_0025.jpg,2026-05-13 07:38:41,SC-04,smartphone,saudavel,saudavel,0.9318,agrosmart-v1,simulado,sim-2026-05
61c2d8d6-e8fa-512b-a45f-e8a3fbaf5ea5,SC-04_20260513_0026.jpg,2026-05-13 07:39:45,SC-04,smartphone,saudavel,saudavel,0.9805,agrosmart-v1,simulado,sim-2026-05
500a02f6-6d04-5839-93d8-92cde4bc9300,SC-04_20260513_0027.jpg,2026-05-13 07:40:02,SC-04,smartphone,saudavel,saudavel,0.9980,agrosmart-v1,simulado,sim-2026-05
0276be65-1cc5-5eed-93ea-887f096e9b3b,SC-04_20260513_0028.jpg,2026-05-13 07:40:40,SC-04,smartphone,saudavel,saudavel,0.9207,agrosmart-v1,simulado,sim-2026-05
d30133a2-62dc-55b7-af97-128d8024eef2,SC-04_20260513_0029.jpg,2026-05-13 07:41:36,SC-04,smartphone,saudavel,saudavel,0.9800,agrosmart-v1,simulado,sim-2026-05
9090288a-2766-5bad-90f2-1c4be22db6e0,SC-04_20260513_0030.jpg,2026-05-13 07:42:22,SC-04,smartphone,saudavel,saudavel,0.9165,agrosmart-v1,simulado,sim-2026-05
40bc46f4-81a2-5911-bf87-755a92c5a8bf,SC-04_20260513_0031.jpg,2026-05-13 07:42:55,SC-04,smartphone,saudavel,saudavel,0.8602,agrosmart-v1,simulado,sim-2026-05
e053b4ad-e556-5809-8fb6-fa51e6f5c79c,SC-04_20260513_0032.jpg,2026-05-13 07:43:21,SC-04,smartphone,saudavel,saudavel,0.9502,agrosmart-v1,simulado,sim-2026-05
d5fed999-ce16-5369-8b4a-f8bf9699352b,SC-04_20260513_0033.jpg,2026-05-13 07:44:15,SC-04,smartphone,saudavel,saudavel,0.9462,agrosmart-v1,simulado,sim-2026-05
afff2c54-1a2e-51b1-8c46-8b38bfaa66cd,SC-04_20260513_0034.jpg,2026-05-13 07:45:03,SC-04,smartphone,saudavel,saudavel,0.9943,agrosmart-v1,simulado,sim-2026-05
06ad591a-66eb-575a-90f8-47a47d7fb647,TI-04_20260513_0001.jpg,2026-05-13 08:14:58,TI-04,drone,saudavel,saudavel,0.8693,agrosmart-v1,simulado,sim-2026-05
50a89fbc-a072-535f-9169-88334837d217,TI-04_20260513_0002.jpg,2026-05-13 08:15:20,TI-04,drone,saudavel,saudavel,0.9100,agrosmart-v1,simulado,sim-2026-05
a9bcd1c8-a6c8-5b98-96ce-1923d2ac1e9d,TI-02_20260513_0001.jpg,2026-05-13 08:16:04,TI-02,drone,saudavel,saudavel,0.9767,agrosmart-v1,simulado,sim-2026-05
eb484c73-d3b3-5f5b-bf5d-3c93094184bc,TI-04_20260513_0003.jpg,2026-05-13 08:16:27,TI-04,drone,saudavel,saudavel,0.5296,agrosmart-v1,simulado,sim-2026-05
43355dd1-15ea-5db7-a674-aa1cda8fea2c,TI-02_20260513_0002.jpg,2026-05-13 08:16:38,TI-02,drone,saudavel,saudavel,0.9918,agrosmart-v1,simulado,sim-2026-05
133172b2-5314-50e8-832a-5a428e2b024b,TI-04_20260513_0004.jpg,2026-05-13 08:17:01,TI-04,drone,saudavel,saudavel,0.8932,agrosmart-v1,simulado,sim-2026-05
91e14339-6d6e-500c-b1d9-59b5a7857a33,TI-02_20260513_0003.jpg,2026-05-13 08:17:27,TI-02,drone,saudavel,saudavel,0.9818,agrosmart-v1,simulado,sim-2026-05
cec0e061-5bd0-563d-9903-a655c58c9a6a,TI-04_20260513_0005.jpg,2026-05-13 08:17:46,TI-04,drone,saudavel,saudavel,0.8259,agrosmart-v1,simulado,sim-2026-05
05ea887b-420a-58a5-8077-d24d6c83c126,TI-02_20260513_0004.jpg,2026-05-13 08:17:50,TI-02,drone,saudavel,saudavel,0.9891,agrosmart-v1,simulado,sim-2026-05
8770e380-42f8-5570-8116-27bef3912b8d,TI-04_20260513_0006.jpg,2026-05-13 08:18:18,TI-04,drone,saudavel,saudavel,0.9943,agrosmart-v1,simulado,sim-2026-05
cf3801d5-c495-52bd-8cb0-61bae6816403,TI-02_20260513_0005.jpg,2026-05-13 08:18:35,TI-02,drone,saudavel,saudavel,0.9844,agrosmart-v1,simulado,sim-2026-05
09e47832-cf21-51b0-a977-49f693dcdf60,TI-04_20260513_0007.jpg,2026-05-13 08:18:55,TI-04,drone,saudavel,saudavel,0.9968,agrosmart-v1,simulado,sim-2026-05
bf9bda67-4a6d-5c61-a353-741b1fb61c77,TI-02_20260513_0006.jpg,2026-05-13 08:19:15,TI-02,drone,saudavel,saudavel,0.9957,agrosmart-v1,simulado,sim-2026-05
7bc1c9db-36e4-5a2d-a53d-6640e2a8c763,TI-04_20260513_0008.jpg,2026-05-13 08:19:46,TI-04,drone,saudavel,saudavel,0.8569,agrosmart-v1,simulado,sim-2026-05
e4a3aea4-14a9-557c-938b-884aad4d997f,TI-02_20260513_0007.jpg,2026-05-13 08:19:59,TI-02,drone,saudavel,saudavel,0.9995,agrosmart-v1,simulado,sim-2026-05
10afef6a-b3b4-53c8-8180-ced230491cd2,TI-04_20260513_0009.jpg,2026-05-13 08:20:09,TI-04,drone,saudavel,saudavel,0.8725,agrosmart-v1,simulado,sim-2026-05
f0f7de8a-dd26-5b58-8940-3f6f56d68926,TI-02_20260513_0008.jpg,2026-05-13 08:20:25,TI-02,drone,saudavel,saudavel,0.9677,agrosmart-v1,simulado,sim-2026-05
66a7eae5-7383-5fec-be91-006b02097f08,TI-03_20260513_0001.jpg,2026-05-13 08:20:42,TI-03,drone,saudavel,saudavel,0.8374,agrosmart-v1,simulado,sim-2026-05
159d0b05-9031-5569-911b-61d8c93f4406,TI-04_20260513_0010.jpg,2026-05-13 08:20:52,TI-04,drone,saudavel,saudavel,0.9616,agrosmart-v1,simulado,sim-2026-05
a1e2ba06-a7dc-5d72-beda-d4f81e01c15d,TI-02_20260513_0009.jpg,2026-05-13 08:21:04,TI-02,drone,saudavel,saudavel,0.8899,agrosmart-v1,simulado,sim-2026-05
a9299bc0-ee52-511a-9a84-d32e91ffbcfb,TI-03_20260513_0002.jpg,2026-05-13 08:21:36,TI-03,drone,saudavel,saudavel,0.8503,agrosmart-v1,simulado,sim-2026-05
32cf6632-22f3-506f-96fc-884f64dbe37e,TI-04_20260513_0011.jpg,2026-05-13 08:21:36,TI-04,drone,saudavel,saudavel,0.8356,agrosmart-v1,simulado,sim-2026-05
1914b3b8-ed5e-5e9f-a228-d087d58a9a0c,TI-02_20260513_0010.jpg,2026-05-13 08:21:48,TI-02,drone,saudavel,saudavel,0.9596,agrosmart-v1,simulado,sim-2026-05
ed9371fd-2077-531b-87dd-5748cf811776,TI-03_20260513_0003.jpg,2026-05-13 08:22:19,TI-03,drone,saudavel,saudavel,0.8575,agrosmart-v1,simulado,sim-2026-05
75cb8c22-753b-5ced-a253-9d8ba997291c,TI-04_20260513_0012.jpg,2026-05-13 08:22:20,TI-04,drone,saudavel,saudavel,0.9919,agrosmart-v1,simulado,sim-2026-05
96b70a33-d8e4-522c-8930-b9f24bd3bf17,TI-02_20260513_0011.jpg,2026-05-13 08:22:31,TI-02,drone,saudavel,saudavel,0.7730,agrosmart-v1,simulado,sim-2026-05
5ec37df0-a29b-56fc-84ec-799568e1db09,TI-03_20260513_0004.jpg,2026-05-13 08:22:43,TI-03,drone,saudavel,saudavel,0.8319,agrosmart-v1,simulado,sim-2026-05
56add1b1-5c3b-59ea-94c1-6c1ca1694caa,TI-04_20260513_0013.jpg,2026-05-13 08:22:47,TI-04,drone,saudavel,saudavel,0.8987,agrosmart-v1,simulado,sim-2026-05
71a5be88-893f-5682-b49b-8785990d4ded,TI-02_20260513_0012.jpg,2026-05-13 08:23:06,TI-02,drone,saudavel,saudavel,0.8422,agrosmart-v1,simulado,sim-2026-05
e435a6f9-ed78-5542-ab2b-5bff854e5ca7,TI-03_20260513_0005.jpg,2026-05-13 08:23:21,TI-03,drone,saudavel,saudavel,0.9164,agrosmart-v1,simulado,sim-2026-05
441acfdb-53c0-5cbb-a1c6-b3986da0351b,TI-02_20260513_0013.jpg,2026-05-13 08:23:43,TI-02,drone,saudavel,saudavel,0.9633,agrosmart-v1,simulado,sim-2026-05
575f578e-9eb2-5d71-8446-cfa93f92c174,TI-04_20260513_0014.jpg,2026-05-13 08:23:45,TI-04,drone,saudavel,saudavel,0.9980,agrosmart-v1,simulado,sim-2026-05
43143667-6abe-54b1-a06b-2a47b152fad9,TI-03_20260513_0006.jpg,2026-05-13 08:24:03,TI-03,drone,saudavel,saudavel,0.9982,agrosmart-v1,simulado,sim-2026-05
aa343c17-9c93-509d-89c0-651601767f64,TI-04_20260513_0015.jpg,2026-05-13 08:24:05,TI-04,drone,saudavel,saudavel,0.9985,agrosmart-v1,simulado,sim-2026-05
771a32d0-67fb-5023-959e-d7aec1fa86e1,TI-02_20260513_0014.jpg,2026-05-13 08:24:39,TI-02,drone,saudavel,saudavel,0.9649,agrosmart-v1,simulado,sim-2026-05
551afb79-5118-503f-9b96-0717e97045f8,TI-03_20260513_0007.jpg,2026-05-13 08:24:58,TI-03,drone,saudavel,saudavel,0.8315,agrosmart-v1,simulado,sim-2026-05
bece240a-6e03-5718-960f-97e8f51eac56,TI-04_20260513_0016.jpg,2026-05-13 08:25:01,TI-04,drone,saudavel,saudavel,0.9156,agrosmart-v1,simulado,sim-2026-05
915da0bf-02fd-51e2-9dab-29305c5613c7,TI-02_20260513_0015.jpg,2026-05-13 08:25:13,TI-02,drone,saudavel,saudavel,0.9982,agrosmart-v1,simulado,sim-2026-05
6115431f-a280-5608-95a1-56205b377c88,TI-04_20260513_0017.jpg,2026-05-13 08:25:29,TI-04,drone,saudavel,saudavel,0.9964,agrosmart-v1,simulado,sim-2026-05
961603c0-6210-505b-9562-878abfeef0e2,TI-02_20260513_0016.jpg,2026-05-13 08:25:43,TI-02,drone,saudavel,saudavel,0.9852,agrosmart-v1,simulado,sim-2026-05
3da6e9b3-4e82-5fc3-b066-bfc5f0189f54,TI-03_20260513_0008.jpg,2026-05-13 08:25:50,TI-03,drone,saudavel,saudavel,0.9007,agrosmart-v1,simulado,sim-2026-05
c5e4f1b5-0d4b-5829-af53-b523521bf0fe,TI-03_20260513_0009.jpg,2026-05-13 08:26:12,TI-03,drone,saudavel,saudavel,0.9585,agrosmart-v1,simulado,sim-2026-05
3a9a2a71-e015-5f37-bf58-8ab56209d207,TI-04_20260513_0018.jpg,2026-05-13 08:26:12,TI-04,drone,saudavel,saudavel,0.9499,agrosmart-v1,simulado,sim-2026-05
ed634815-204a-5f94-8fa5-155e7baded70,TI-02_20260513_0017.jpg,2026-05-13 08:26:43,TI-02,drone,saudavel,saudavel,0.9575,agrosmart-v1,simulado,sim-2026-05
40ae8759-b659-5fca-91fa-e335779061d1,TI-03_20260513_0010.jpg,2026-05-13 08:26:51,TI-03,drone,saudavel,saudavel,0.9660,agrosmart-v1,simulado,sim-2026-05
ab97e273-e2ce-5fd7-8ddf-26c6fb9e9963,TI-04_20260513_0019.jpg,2026-05-13 08:26:57,TI-04,drone,saudavel,saudavel,0.9188,agrosmart-v1,simulado,sim-2026-05
2b053b6d-0a69-5b7d-9f3a-2afb2e1b0922,TI-02_20260513_0018.jpg,2026-05-13 08:27:14,TI-02,drone,saudavel,saudavel,0.9990,agrosmart-v1,simulado,sim-2026-05
d101b3ef-e50d-538a-8976-6245f6ade396,TI-03_20260513_0011.jpg,2026-05-13 08:27:34,TI-03,drone,saudavel,saudavel,0.9919,agrosmart-v1,simulado,sim-2026-05
52ab03d7-4f05-5827-a10c-8433d92221a0,TI-04_20260513_0020.jpg,2026-05-13 08:27:39,TI-04,drone,saudavel,saudavel,0.9788,agrosmart-v1,simulado,sim-2026-05
e9246d37-6537-5d12-9d0b-ef57b8675ef9,TI-02_20260513_0019.jpg,2026-05-13 08:28:05,TI-02,drone,saudavel,saudavel,0.9533,agrosmart-v1,simulado,sim-2026-05
778ae283-8bbd-5535-ba92-88a945b387d8,TI-04_20260513_0021.jpg,2026-05-13 08:28:11,TI-04,drone,saudavel,saudavel,0.9921,agrosmart-v1,simulado,sim-2026-05
acac7e44-87cf-5c53-89ae-4df4d0ac9a23,TI-02_20260513_0020.jpg,2026-05-13 08:28:24,TI-02,drone,saudavel,saudavel,0.9996,agrosmart-v1,simulado,sim-2026-05
7b05a166-a6a4-5cbc-b400-c1513dfd5e73,TI-03_20260513_0012.jpg,2026-05-13 08:28:28,TI-03,drone,saudavel,saudavel,0.9799,agrosmart-v1,simulado,sim-2026-05
68d511fd-cc1a-5ad8-b905-eb758c5e083a,TI-03_20260513_0013.jpg,2026-05-13 08:29:02,TI-03,drone,saudavel,saudavel,0.8686,agrosmart-v1,simulado,sim-2026-05
b7e8c812-401c-552e-81b4-589064c662b5,TI-04_20260513_0022.jpg,2026-05-13 08:29:05,TI-04,drone,saudavel,saudavel,0.9506,agrosmart-v1,simulado,sim-2026-05
4adcb4d3-6d08-5da6-830e-3af1533b3610,TI-02_20260513_0021.jpg,2026-05-13 08:29:13,TI-02,drone,saudavel,saudavel,0.9544,agrosmart-v1,simulado,sim-2026-05
1c4710e5-d6bd-5b5f-a5d0-10eaa47067e0,TI-04_20260513_0023.jpg,2026-05-13 08:29:30,TI-04,drone,saudavel,saudavel,0.9435,agrosmart-v1,simulado,sim-2026-05
11dd67c9-7a7b-549c-bad8-d1ea9ede7a9c,TI-03_20260513_0014.jpg,2026-05-13 08:29:48,TI-03,drone,saudavel,saudavel,0.9999,agrosmart-v1,simulado,sim-2026-05
29fff65c-c6d7-56d3-a58a-65a038fd9319,TI-02_20260513_0022.jpg,2026-05-13 08:29:54,TI-02,drone,saudavel,saudavel,0.9413,agrosmart-v1,simulado,sim-2026-05
026616b5-fed8-5d9d-b983-7b118f882a39,TI-04_20260513_0024.jpg,2026-05-13 08:30:25,TI-04,drone,saudavel,saudavel,0.8587,agrosmart-v1,simulado,sim-2026-05
4c710b41-be7a-55d1-9c64-5a70ee342e19,TI-03_20260513_0015.jpg,2026-05-13 08:30:30,TI-03,drone,saudavel,saudavel,0.9458,agrosmart-v1,simulado,sim-2026-05
40cd819c-e285-559c-95a4-1fa8a791209b,TI-04_20260513_0025.jpg,2026-05-13 08:30:43,TI-04,drone,saudavel,saudavel,0.9495,agrosmart-v1,simulado,sim-2026-05
b605705e-44bf-57e6-a8e1-c94a2881c435,TI-02_20260513_0023.jpg,2026-05-13 08:30:46,TI-02,drone,saudavel,saudavel,0.9204,agrosmart-v1,simulado,sim-2026-05
4a4de0fd-fe5a-5152-b984-e2a632185a24,TI-03_20260513_0016.jpg,2026-05-13 08:30:55,TI-03,drone,saudavel,saudavel,0.8405,agrosmart-v1,simulado,sim-2026-05
21af504e-8b2a-547c-86a3-8e7f8fb3e97f,TI-02_20260513_0024.jpg,2026-05-13 08:31:14,TI-02,drone,saudavel,saudavel,0.9915,agrosmart-v1,simulado,sim-2026-05
13b38c49-6780-57e3-9005-d8338a92966f,TI-03_20260513_0017.jpg,2026-05-13 08:31:36,TI-03,drone,saudavel,saudavel,0.8814,agrosmart-v1,simulado,sim-2026-05
087f6f59-df99-5550-a980-5ce5d4ee68a6,TI-04_20260513_0026.jpg,2026-05-13 08:31:39,TI-04,drone,saudavel,saudavel,0.9947,agrosmart-v1,simulado,sim-2026-05
eb76355d-5603-5131-8357-66c01d6dd700,TI-02_20260513_0025.jpg,2026-05-13 08:31:44,TI-02,drone,saudavel,saudavel,0.8901,agrosmart-v1,simulado,sim-2026-05
6aee5832-3048-50e1-83e5-25931a82b663,TI-04_20260513_0027.jpg,2026-05-13 08:32:10,TI-04,drone,saudavel,saudavel,0.8484,agrosmart-v1,simulado,sim-2026-05
29e87776-49b9-5e23-a8df-72d812ce0626,TI-03_20260513_0018.jpg,2026-05-13 08:32:14,TI-03,drone,saudavel,saudavel,0.8322,agrosmart-v1,simulado,sim-2026-05
3749c7bb-df66-5080-bd89-1479d03737df,TI-02_20260513_0026.jpg,2026-05-13 08:32:21,TI-02,drone,saudavel,saudavel,0.9740,agrosmart-v1,simulado,sim-2026-05
9811be2a-c104-5d7c-88b7-ee71d8025c22,TI-04_20260513_0028.jpg,2026-05-13 08:32:43,TI-04,drone,saudavel,saudavel,0.9753,agrosmart-v1,simulado,sim-2026-05
84037172-3b27-5804-87fb-c87bb9791979,TI-03_20260513_0019.jpg,2026-05-13 08:33:08,TI-03,drone,saudavel,saudavel,0.9986,agrosmart-v1,simulado,sim-2026-05
0738d403-3af5-5514-9eda-8e2bc73782f2,TI-02_20260513_0027.jpg,2026-05-13 08:33:19,TI-02,drone,saudavel,saudavel,0.9778,agrosmart-v1,simulado,sim-2026-05
4cb9b989-5e26-5393-9add-822f1b22b422,TI-04_20260513_0029.jpg,2026-05-13 08:33:23,TI-04,drone,saudavel,saudavel,0.9058,agrosmart-v1,simulado,sim-2026-05
1d0d1aa0-8057-54de-b1f8-5bca6a021b3b,TI-03_20260513_0020.jpg,2026-05-13 08:33:48,TI-03,drone,saudavel,saudavel,0.9527,agrosmart-v1,simulado,sim-2026-05
3024e8e4-cbda-589a-9e57-9e06684657f5,TI-02_20260513_0028.jpg,2026-05-13 08:33:49,TI-02,drone,saudavel,saudavel,0.8872,agrosmart-v1,simulado,sim-2026-05
49cbebcf-9f7b-523c-8ef7-48c1c66926ec,TI-04_20260513_0030.jpg,2026-05-13 08:34:05,TI-04,drone,saudavel,saudavel,0.8494,agrosmart-v1,simulado,sim-2026-05
3e46532a-86ff-52f6-902a-9157365a5ac0,TI-03_20260513_0021.jpg,2026-05-13 08:34:17,TI-03,drone,saudavel,saudavel,0.8249,agrosmart-v1,simulado,sim-2026-05
c2445fa6-3d92-5b1d-b7a9-e7dbdc1a812b,TI-02_20260513_0029.jpg,2026-05-13 08:34:39,TI-02,drone,saudavel,saudavel,0.9660,agrosmart-v1,simulado,sim-2026-05
e3730b5d-f2d5-5e46-bd3e-56ba2587d069,TI-04_20260513_0031.jpg,2026-05-13 08:34:47,TI-04,drone,saudavel,saudavel,0.9930,agrosmart-v1,simulado,sim-2026-05
1ee6f8c7-5318-5868-b8b1-b79dc7a6d60d,TI-03_20260513_0022.jpg,2026-05-13 08:35:02,TI-03,drone,saudavel,saudavel,0.9830,agrosmart-v1,simulado,sim-2026-05
082f474e-4f09-501d-a4ca-f38923794680,TI-02_20260513_0030.jpg,2026-05-13 08:35:10,TI-02,drone,saudavel,saudavel,0.9703,agrosmart-v1,simulado,sim-2026-05
cf9674b3-ac40-5446-abeb-d0834ccbb667,TI-03_20260513_0023.jpg,2026-05-13 08:35:40,TI-03,drone,saudavel,saudavel,0.8567,agrosmart-v1,simulado,sim-2026-05
f80f9891-94a8-5726-9e47-89265f744aa7,TI-04_20260513_0032.jpg,2026-05-13 08:35:45,TI-04,drone,saudavel,saudavel,0.9813,agrosmart-v1,simulado,sim-2026-05
e27414cd-ccf0-5702-a74c-b7f562627320,TI-02_20260513_0031.jpg,2026-05-13 08:35:52,TI-02,drone,saudavel,saudavel,0.8352,agrosmart-v1,simulado,sim-2026-05
6a196219-8b5e-5730-89f7-28cfcc7f138a,TI-03_20260513_0024.jpg,2026-05-13 08:36:15,TI-03,drone,saudavel,saudavel,0.9548,agrosmart-v1,simulado,sim-2026-05
61625cc3-c93e-5a2a-a961-070c14e463ab,TI-02_20260513_0032.jpg,2026-05-13 08:36:50,TI-02,drone,saudavel,saudavel,0.9698,agrosmart-v1,simulado,sim-2026-05
84dd3a76-f024-5864-81ea-752ebb19d2bb,TI-03_20260513_0025.jpg,2026-05-13 08:37:06,TI-03,drone,saudavel,saudavel,0.9936,agrosmart-v1,simulado,sim-2026-05
e4e1fbbe-7615-5137-8a10-3ae65ffe28e3,TI-02_20260513_0033.jpg,2026-05-13 08:37:25,TI-02,drone,saudavel,saudavel,0.9866,agrosmart-v1,simulado,sim-2026-05
3bb2127b-5bc9-57ac-9788-a490215db7af,TI-03_20260513_0026.jpg,2026-05-13 08:37:27,TI-03,drone,saudavel,saudavel,0.9705,agrosmart-v1,simulado,sim-2026-05
dd044fd2-44ba-5cc1-88dc-e21755d2203d,TI-02_20260513_0034.jpg,2026-05-13 08:38:07,TI-02,drone,saudavel,saudavel,0.9031,agrosmart-v1,simulado,sim-2026-05
a57a39c2-50be-5b09-90a5-dff329233e0b,TI-03_20260513_0027.jpg,2026-05-13 08:38:22,TI-03,drone,saudavel,saudavel,0.9547,agrosmart-v1,simulado,sim-2026-05
4323c543-cf67-5dab-b800-67094e5fee47,TI-02_20260513_0035.jpg,2026-05-13 08:38:30,TI-02,drone,saudavel,saudavel,0.9756,agrosmart-v1,simulado,sim-2026-05
8148bd19-443b-55a8-8cb5-a1ba23f49a8e,TI-03_20260513_0028.jpg,2026-05-13 08:39:06,TI-03,drone,saudavel,saudavel,0.9782,agrosmart-v1,simulado,sim-2026-05
e91f4fcb-1b22-546e-b1fd-02c38b684b6e,TI-02_20260513_0036.jpg,2026-05-13 08:39:18,TI-02,drone,saudavel,saudavel,0.9499,agrosmart-v1,simulado,sim-2026-05
57623b2c-ddee-5e17-b5e6-16b742e64f5d,TI-03_20260513_0029.jpg,2026-05-13 08:39:48,TI-03,drone,saudavel,saudavel,0.9534,agrosmart-v1,simulado,sim-2026-05
76b77556-e905-5f42-85db-ff20444d08e3,TI-02_20260513_0037.jpg,2026-05-13 08:39:51,TI-02,drone,saudavel,saudavel,0.9368,agrosmart-v1,simulado,sim-2026-05
d05f619f-d2e3-5dd5-beea-ae662613d41f,TI-03_20260513_0030.jpg,2026-05-13 08:40:15,TI-03,drone,saudavel,saudavel,0.9698,agrosmart-v1,simulado,sim-2026-05
10b4be2d-799b-5ced-8700-ad607ff20749,TI-02_20260513_0038.jpg,2026-05-13 08:40:33,TI-02,drone,saudavel,saudavel,0.8541,agrosmart-v1,simulado,sim-2026-05
2df245cd-1edc-55b2-aaf8-fd573745a63e,TI-03_20260513_0031.jpg,2026-05-13 08:40:40,TI-03,drone,doente,mosca_minadora,0.7772,agrosmart-v1,simulado,sim-2026-05
c6d841f0-af98-560c-a859-83b9dcd507cb,TI-02_20260513_0039.jpg,2026-05-13 08:41:11,TI-02,drone,saudavel,saudavel,0.9653,agrosmart-v1,simulado,sim-2026-05
f5eb4bff-3aca-5e4f-9787-07654d0f0b85,TI-03_20260513_0032.jpg,2026-05-13 08:41:20,TI-03,drone,saudavel,saudavel,0.9828,agrosmart-v1,simulado,sim-2026-05
26dbf532-cca2-5612-b928-e36db99a47c5,TI-02_20260513_0040.jpg,2026-05-13 08:41:40,TI-02,drone,saudavel,saudavel,0.9814,agrosmart-v1,simulado,sim-2026-05
52d57d53-326b-5d74-9839-0c5609b904cd,TI-03_20260513_0033.jpg,2026-05-13 08:42:01,TI-03,drone,saudavel,saudavel,0.9998,agrosmart-v1,simulado,sim-2026-05
1ea09dae-93d2-5cfb-937f-1e56e70ff7c1,TI-02_20260513_0041.jpg,2026-05-13 08:42:29,TI-02,drone,saudavel,saudavel,0.9695,agrosmart-v1,simulado,sim-2026-05
c54f89da-224c-5b4c-930f-4f3804198dc1,TI-02_20260513_0042.jpg,2026-05-13 08:43:30,TI-02,drone,saudavel,saudavel,0.9908,agrosmart-v1,simulado,sim-2026-05
eaf9ba1f-94d9-573d-b5da-78df3c704c73,TI-02_20260513_0043.jpg,2026-05-13 08:44:04,TI-02,drone,saudavel,saudavel,0.9578,agrosmart-v1,simulado,sim-2026-05
d2ffe2ed-ed77-583d-817c-709853e4d51a,TI-02_20260513_0044.jpg,2026-05-13 08:44:37,TI-02,drone,doente,pinta_preta,0.9596,agrosmart-v1,simulado,sim-2026-05
793bfe0c-c5f4-5f16-afc9-3d8bceb85a97,TI-02_20260513_0045.jpg,2026-05-13 08:45:28,TI-02,drone,saudavel,saudavel,0.9668,agrosmart-v1,simulado,sim-2026-05
9fc8cf8e-916d-55a1-aa2e-675e6de324ac,SC-03_20260513_0001.jpg,2026-05-13 09:00:40,SC-03,smartphone,saudavel,saudavel,0.9990,agrosmart-v1,simulado,sim-2026-05
100af4c2-e594-5add-89b6-0e0b92312022,SC-03_20260513_0002.jpg,2026-05-13 09:01:38,SC-03,smartphone,saudavel,saudavel,0.8451,agrosmart-v1,simulado,sim-2026-05
7f14d552-3cf0-53d6-a415-7393b79a21cb,SC-03_20260513_0003.jpg,2026-05-13 09:02:25,SC-03,smartphone,saudavel,saudavel,0.9548,agrosmart-v1,simulado,sim-2026-05
a942e67f-7c3e-5ba1-baf2-a1af7f2c3231,SC-03_20260513_0004.jpg,2026-05-13 09:03:09,SC-03,smartphone,saudavel,saudavel,0.9717,agrosmart-v1,simulado,sim-2026-05
1f4ff58a-e677-5ed9-ba5c-3e07f6e160c8,SC-03_20260513_0005.jpg,2026-05-13 09:03:34,SC-03,smartphone,saudavel,saudavel,0.6751,agrosmart-v1,simulado,sim-2026-05
750f8da5-eb2b-564a-9fa0-7a438f389afb,BV-01_20260513_0001.jpg,2026-05-13 09:04:06,BV-01,smartphone,saudavel,saudavel,0.9963,agrosmart-v1,simulado,sim-2026-05
2b889f2c-ef92-5058-998d-0815a1d8d4f3,SC-03_20260513_0006.jpg,2026-05-13 09:04:24,SC-03,smartphone,saudavel,saudavel,0.9080,agrosmart-v1,simulado,sim-2026-05
cb6fb1d5-4fbc-5156-b4dc-94ca3ca89498,BV-01_20260513_0002.jpg,2026-05-13 09:04:44,BV-01,smartphone,saudavel,saudavel,0.9217,agrosmart-v1,simulado,sim-2026-05
9c055ed7-9313-5d67-8609-309776658079,SC-03_20260513_0007.jpg,2026-05-13 09:05:03,SC-03,smartphone,saudavel,saudavel,0.9817,agrosmart-v1,simulado,sim-2026-05
43b8d3dc-e017-5bb4-99af-2769fb1f81f0,BV-01_20260513_0003.jpg,2026-05-13 09:05:23,BV-01,smartphone,saudavel,saudavel,0.8469,agrosmart-v1,simulado,sim-2026-05
05116af9-bb8b-5937-88ce-1b2d710208ca,SC-03_20260513_0008.jpg,2026-05-13 09:05:24,SC-03,smartphone,saudavel,saudavel,0.8274,agrosmart-v1,simulado,sim-2026-05
b432db96-2b6d-53b3-a2d1-cf645964bd63,BV-01_20260513_0004.jpg,2026-05-13 09:05:42,BV-01,smartphone,saudavel,saudavel,0.9733,agrosmart-v1,simulado,sim-2026-05
1c3d8fb0-6aa7-514e-91c0-280830b7cd14,SC-03_20260513_0009.jpg,2026-05-13 09:06:19,SC-03,smartphone,saudavel,saudavel,0.9501,agrosmart-v1,simulado,sim-2026-05
97c63fde-1b40-5ea0-bbb4-012d4bec1037,BV-01_20260513_0005.jpg,2026-05-13 09:06:26,BV-01,smartphone,saudavel,saudavel,0.8512,agrosmart-v1,simulado,sim-2026-05
22ff9ddd-22a2-5753-8f92-2a4af688459d,SC-03_20260513_0010.jpg,2026-05-13 09:07:04,SC-03,smartphone,saudavel,saudavel,0.9373,agrosmart-v1,simulado,sim-2026-05
38781c48-9c0a-5b0b-a4fa-98f9b6c447ff,BV-01_20260513_0006.jpg,2026-05-13 09:07:26,BV-01,smartphone,saudavel,saudavel,0.9983,agrosmart-v1,simulado,sim-2026-05
310a8c88-3de1-53f3-9749-3d0b4393660e,SC-03_20260513_0011.jpg,2026-05-13 09:07:31,SC-03,smartphone,saudavel,saudavel,0.7371,agrosmart-v1,simulado,sim-2026-05
600f3ebf-924f-5078-b311-c9fa3080b7cb,SC-01_20260513_0001.jpg,2026-05-13 09:07:48,SC-01,smartphone,saudavel,saudavel,0.9052,agrosmart-v1,simulado,sim-2026-05
292038ce-4ea6-523a-96c1-744a26f7ee1e,BV-01_20260513_0007.jpg,2026-05-13 09:07:59,BV-01,smartphone,saudavel,saudavel,0.8613,agrosmart-v1,simulado,sim-2026-05
4ecb4b84-2376-5e6d-8b22-a8564e0aa4ba,SC-03_20260513_0012.jpg,2026-05-13 09:08:09,SC-03,smartphone,saudavel,saudavel,0.9787,agrosmart-v1,simulado,sim-2026-05
753ae008-225e-59f1-8e86-6ecd092d4494,BV-01_20260513_0008.jpg,2026-05-13 09:08:44,BV-01,smartphone,saudavel,saudavel,0.9581,agrosmart-v1,simulado,sim-2026-05
c6990b11-0533-5ebd-a44e-b78120b6101b,SC-01_20260513_0002.jpg,2026-05-13 09:08:45,SC-01,smartphone,saudavel,saudavel,0.9121,agrosmart-v1,simulado,sim-2026-05
e37431c7-dd4e-54e5-9643-d715f0817308,SC-03_20260513_0013.jpg,2026-05-13 09:09:06,SC-03,smartphone,saudavel,saudavel,0.9168,agrosmart-v1,simulado,sim-2026-05
8e4e260f-c099-565e-b244-48fd9c0296b8,BV-01_20260513_0009.jpg,2026-05-13 09:09:19,BV-01,smartphone,saudavel,saudavel,1.0000,agrosmart-v1,simulado,sim-2026-05
a9387677-4a66-5263-99c7-51090d179be5,SC-01_20260513_0003.jpg,2026-05-13 09:09:22,SC-01,smartphone,saudavel,saudavel,0.8722,agrosmart-v1,simulado,sim-2026-05
d541f960-856c-58d0-87ce-7acc33c188fd,SC-03_20260513_0014.jpg,2026-05-13 09:09:49,SC-03,smartphone,saudavel,saudavel,0.9637,agrosmart-v1,simulado,sim-2026-05
cf765a53-e4d3-5c0a-b84b-7c1c9fe54f1e,BV-01_20260513_0010.jpg,2026-05-13 09:10:01,BV-01,smartphone,saudavel,saudavel,0.9509,agrosmart-v1,simulado,sim-2026-05
7a2b154e-3ff8-5c21-93c3-3fddf7e2e6c6,SC-01_20260513_0004.jpg,2026-05-13 09:10:08,SC-01,smartphone,saudavel,saudavel,0.9638,agrosmart-v1,simulado,sim-2026-05
4730fc15-0648-57cb-90ce-7e66e4008674,SC-03_20260513_0015.jpg,2026-05-13 09:10:11,SC-03,smartphone,saudavel,saudavel,0.8842,agrosmart-v1,simulado,sim-2026-05
6c7f5cf4-df03-5c46-bf74-57aa2cdb34a0,BV-01_20260513_0011.jpg,2026-05-13 09:10:21,BV-01,smartphone,saudavel,saudavel,0.9669,agrosmart-v1,simulado,sim-2026-05
5f1cd8f5-c9cd-5860-8859-0bd3b6a743e8,SC-01_20260513_0005.jpg,2026-05-13 09:10:23,SC-01,smartphone,saudavel,saudavel,0.8625,agrosmart-v1,simulado,sim-2026-05
7a8cb95f-9f8b-5803-959f-7b453cd50fef,SC-03_20260513_0016.jpg,2026-05-13 09:10:45,SC-03,smartphone,saudavel,saudavel,0.5507,agrosmart-v1,simulado,sim-2026-05
d8cf37a0-43d2-54c6-b644-07f82e241196,BV-01_20260513_0012.jpg,2026-05-13 09:11:15,BV-01,smartphone,saudavel,saudavel,0.9738,agrosmart-v1,simulado,sim-2026-05
0e579d5c-0382-587a-956a-5a342955afd3,SC-01_20260513_0006.jpg,2026-05-13 09:11:27,SC-01,smartphone,saudavel,saudavel,0.9963,agrosmart-v1,simulado,sim-2026-05
c055d6be-1f3c-57b7-8a28-b1a0e272fe10,SC-03_20260513_0017.jpg,2026-05-13 09:11:38,SC-03,smartphone,saudavel,saudavel,0.8473,agrosmart-v1,simulado,sim-2026-05
e8c9fadf-cca2-534e-9d6f-7ddff78d2ed7,SC-01_20260513_0007.jpg,2026-05-13 09:11:56,SC-01,smartphone,saudavel,saudavel,0.8699,agrosmart-v1,simulado,sim-2026-05
920ef46b-0465-5d8d-b2cf-1d74638237b7,BV-01_20260513_0013.jpg,2026-05-13 09:12:03,BV-01,smartphone,saudavel,saudavel,0.8738,agrosmart-v1,simulado,sim-2026-05
4ab5d398-fce4-5ea4-a19e-e58543231890,SC-03_20260513_0018.jpg,2026-05-13 09:12:22,SC-03,smartphone,saudavel,saudavel,0.5723,agrosmart-v1,simulado,sim-2026-05
a624b382-5646-56bc-b848-79d569c1ab16,SC-01_20260513_0008.jpg,2026-05-13 09:12:28,SC-01,smartphone,saudavel,saudavel,0.9953,agrosmart-v1,simulado,sim-2026-05
74dd3101-a14e-586d-ad55-06817744dd59,BV-01_20260513_0014.jpg,2026-05-13 09:12:33,BV-01,smartphone,saudavel,saudavel,0.9590,agrosmart-v1,simulado,sim-2026-05
954d38e9-1d0b-5e48-b294-6ea43de1c47a,SC-03_20260513_0019.jpg,2026-05-13 09:13:03,SC-03,smartphone,doente,mosca_minadora,0.9589,agrosmart-v1,simulado,sim-2026-05
6842f363-fb1a-539b-a991-78fe6884dbc9,SC-01_20260513_0009.jpg,2026-05-13 09:13:06,SC-01,smartphone,saudavel,saudavel,0.9202,agrosmart-v1,simulado,sim-2026-05
5013f0ac-086a-58f8-815c-23a1d0b5f8c0,BV-01_20260513_0015.jpg,2026-05-13 09:13:27,BV-01,smartphone,saudavel,saudavel,0.9356,agrosmart-v1,simulado,sim-2026-05
4d52669d-1aef-55fd-b982-9e9746ebf5ba,SC-03_20260513_0020.jpg,2026-05-13 09:13:43,SC-03,smartphone,saudavel,saudavel,0.7745,agrosmart-v1,simulado,sim-2026-05
43e0de8d-1630-5073-9d61-ce6de1799c99,BV-01_20260513_0016.jpg,2026-05-13 09:13:48,BV-01,smartphone,saudavel,saudavel,0.9095,agrosmart-v1,simulado,sim-2026-05
f8b53319-8766-5c1b-bb9a-3b3f8cfcefb8,SC-01_20260513_0010.jpg,2026-05-13 09:13:52,SC-01,smartphone,saudavel,saudavel,0.9699,agrosmart-v1,simulado,sim-2026-05
348c69e9-7b58-5e5b-b5ae-a35e3b3261d0,SC-03_20260513_0021.jpg,2026-05-13 09:14:00,SC-03,smartphone,saudavel,saudavel,0.9916,agrosmart-v1,simulado,sim-2026-05
654ad6f9-b459-5a55-9957-1d7bc38f79fb,BV-01_20260513_0017.jpg,2026-05-13 09:14:38,BV-01,smartphone,saudavel,saudavel,0.9514,agrosmart-v1,simulado,sim-2026-05
60c09241-0e57-5291-904c-3619f6f91e10,SC-01_20260513_0011.jpg,2026-05-13 09:14:42,SC-01,smartphone,saudavel,saudavel,0.9201,agrosmart-v1,simulado,sim-2026-05
2fa5779c-137e-5631-8957-1523ac83f942,TI-01_20260513_0001.jpg,2026-05-13 09:14:47,TI-01,drone,saudavel,saudavel,0.9889,agrosmart-v1,simulado,sim-2026-05
d4925e4e-26ac-5607-b5a8-64c7c4535052,SC-03_20260513_0022.jpg,2026-05-13 09:14:48,SC-03,smartphone,saudavel,saudavel,0.9335,agrosmart-v1,simulado,sim-2026-05
c6c84b1c-1c30-5ca6-acc6-52ad88633ed0,BV-01_20260513_0018.jpg,2026-05-13 09:15:06,BV-01,smartphone,saudavel,saudavel,0.9820,agrosmart-v1,simulado,sim-2026-05
c2d54dcc-beea-583e-96dc-ba56d4a2922c,SC-01_20260513_0012.jpg,2026-05-13 09:15:08,SC-01,smartphone,saudavel,saudavel,0.9727,agrosmart-v1,simulado,sim-2026-05
9647ff1b-9230-5136-a253-e34f9700952e,TI-01_20260513_0002.jpg,2026-05-13 09:15:20,TI-01,drone,saudavel,saudavel,0.8961,agrosmart-v1,simulado,sim-2026-05
d79c7a15-1409-5494-a638-1f13ff36d5b4,SC-03_20260513_0023.jpg,2026-05-13 09:15:24,SC-03,smartphone,saudavel,saudavel,0.9610,agrosmart-v1,simulado,sim-2026-05
9b186e1f-9b00-5ff5-afd6-1f9fe969d938,SC-01_20260513_0013.jpg,2026-05-13 09:15:43,SC-01,smartphone,saudavel,saudavel,0.9451,agrosmart-v1,simulado,sim-2026-05
8a305489-a985-5c66-a877-5a2c0af4aac6,BV-01_20260513_0019.jpg,2026-05-13 09:15:44,BV-01,smartphone,saudavel,saudavel,0.9383,agrosmart-v1,simulado,sim-2026-05
ae981183-87fd-5f36-9ee2-73cd4e8d62a2,SC-01_20260513_0014.jpg,2026-05-13 09:16:22,SC-01,smartphone,saudavel,saudavel,0.8324,agrosmart-v1,simulado,sim-2026-05
03c13bea-5662-5331-99ee-da49c81fc26c,SC-03_20260513_0024.jpg,2026-05-13 09:16:29,SC-03,smartphone,saudavel,saudavel,0.9565,agrosmart-v1,simulado,sim-2026-05
fd5675f8-986f-56ae-a946-39be72c56ab1,TI-01_20260513_0003.jpg,2026-05-13 09:16:29,TI-01,drone,saudavel,saudavel,0.9149,agrosmart-v1,simulado,sim-2026-05
c746837b-e57c-585f-a807-3fe7f1c56417,BV-01_20260513_0020.jpg,2026-05-13 09:16:37,BV-01,smartphone,saudavel,saudavel,0.9759,agrosmart-v1,simulado,sim-2026-05
d52cfa70-a751-5027-ab7f-78b0fd0e29ec,SC-03_20260513_0025.jpg,2026-05-13 09:16:48,SC-03,smartphone,saudavel,saudavel,0.9729,agrosmart-v1,simulado,sim-2026-05
c62e0e6a-564c-5e3f-aade-36e0bb1cfb5a,TI-01_20260513_0004.jpg,2026-05-13 09:16:54,TI-01,drone,saudavel,saudavel,0.8493,agrosmart-v1,simulado,sim-2026-05
98d7528a-f4fe-5ff2-96dd-0669f6e66869,BV-01_20260513_0021.jpg,2026-05-13 09:17:21,BV-01,smartphone,saudavel,saudavel,0.9925,agrosmart-v1,simulado,sim-2026-05
65182f19-a315-5555-8ee5-0e57baad2645,SC-03_20260513_0026.jpg,2026-05-13 09:17:26,SC-03,smartphone,saudavel,saudavel,0.9862,agrosmart-v1,simulado,sim-2026-05
255fafef-038a-5828-9efc-4af2ad8dcd67,SC-01_20260513_0015.jpg,2026-05-13 09:17:30,SC-01,smartphone,saudavel,saudavel,0.8639,agrosmart-v1,simulado,sim-2026-05
31883bcf-ea7d-53fc-9627-75b85ac68b70,TI-01_20260513_0005.jpg,2026-05-13 09:17:39,TI-01,drone,saudavel,saudavel,0.8604,agrosmart-v1,simulado,sim-2026-05
d801a697-6e84-5a68-a4ce-5ff082702e0a,BV-01_20260513_0022.jpg,2026-05-13 09:17:57,BV-01,smartphone,saudavel,saudavel,0.9753,agrosmart-v1,simulado,sim-2026-05
fbecd47b-8488-504d-9311-d6cbee0b2dc6,SC-01_20260513_0016.jpg,2026-05-13 09:18:02,SC-01,smartphone,saudavel,saudavel,0.9997,agrosmart-v1,simulado,sim-2026-05
8253b70f-2b46-57cc-ba82-8c6220a3f4ca,SC-03_20260513_0027.jpg,2026-05-13 09:18:09,SC-03,smartphone,saudavel,saudavel,0.9956,agrosmart-v1,simulado,sim-2026-05
925c3982-0756-5ce7-9c32-70f1bf49c35f,TI-01_20260513_0006.jpg,2026-05-13 09:18:25,TI-01,drone,saudavel,saudavel,0.9792,agrosmart-v1,simulado,sim-2026-05
bb2cb4ba-3107-59b1-bc59-db293a22c273,BV-01_20260513_0023.jpg,2026-05-13 09:18:28,BV-01,smartphone,saudavel,saudavel,0.9399,agrosmart-v1,simulado,sim-2026-05
0e880687-af28-5dca-8eec-05c29e2b25dd,SC-01_20260513_0017.jpg,2026-05-13 09:18:29,SC-01,smartphone,saudavel,saudavel,0.9794,agrosmart-v1,simulado,sim-2026-05
b8b4d59e-565c-52a3-a0bd-6ede7b0114b7,SC-03_20260513_0028.jpg,2026-05-13 09:18:57,SC-03,smartphone,saudavel,saudavel,0.8297,agrosmart-v1,simulado,sim-2026-05
c6b1528b-e5a2-54c6-a36f-66d6dc30681d,TI-01_20260513_0007.jpg,2026-05-13 09:19:00,TI-01,drone,saudavel,saudavel,0.9511,agrosmart-v1,simulado,sim-2026-05
cf24eed7-f32b-5220-b4c5-f9e55c8fc704,BV-01_20260513_0024.jpg,2026-05-13 09:19:12,BV-01,smartphone,saudavel,saudavel,0.8684,agrosmart-v1,simulado,sim-2026-05
73b8b31d-3493-5079-bcea-0e9482e3481a,SC-01_20260513_0018.jpg,2026-05-13 09:19:25,SC-01,smartphone,saudavel,saudavel,0.9502,agrosmart-v1,simulado,sim-2026-05
4e0970be-03ad-584e-82f2-203294cfe1d7,TI-01_20260513_0008.jpg,2026-05-13 09:19:27,TI-01,drone,saudavel,saudavel,0.8450,agrosmart-v1,simulado,sim-2026-05
37c42c32-a295-5b8b-8fb0-5e102ace8dc7,SC-01_20260513_0019.jpg,2026-05-13 09:19:44,SC-01,smartphone,saudavel,saudavel,0.8439,agrosmart-v1,simulado,sim-2026-05
d2395c7a-76e6-5496-b182-f2f34b47eea2,SC-03_20260513_0029.jpg,2026-05-13 09:19:48,SC-03,smartphone,saudavel,saudavel,0.9768,agrosmart-v1,simulado,sim-2026-05
7d5ac4ec-03a7-52b2-b59b-d2e94569cb19,BV-01_20260513_0025.jpg,2026-05-13 09:20:03,BV-01,smartphone,saudavel,saudavel,0.8896,agrosmart-v1,simulado,sim-2026-05
6446bf7d-0e88-54e3-9d3a-b6b29d1f343a,TI-01_20260513_0009.jpg,2026-05-13 09:20:08,TI-01,drone,saudavel,saudavel,0.9480,agrosmart-v1,simulado,sim-2026-05
aaa167ba-5ca4-5808-8367-5b3cf0141f1b,BV-01_20260513_0026.jpg,2026-05-13 09:20:23,BV-01,smartphone,saudavel,saudavel,0.9711,agrosmart-v1,simulado,sim-2026-05
0cfd042f-ff63-568f-9886-d4dfe1b43a91,SC-03_20260513_0030.jpg,2026-05-13 09:20:29,SC-03,smartphone,saudavel,saudavel,0.8868,agrosmart-v1,simulado,sim-2026-05
cae234a6-d376-547b-b354-e8f357bde847,SC-01_20260513_0020.jpg,2026-05-13 09:20:35,SC-01,smartphone,saudavel,saudavel,0.9940,agrosmart-v1,simulado,sim-2026-05
dc8b6648-ef58-5f83-84f4-ae4d263edde5,TI-01_20260513_0010.jpg,2026-05-13 09:20:44,TI-01,drone,saudavel,saudavel,0.9044,agrosmart-v1,simulado,sim-2026-05
605df44d-2c18-5434-9aea-e9180d50e1d4,SC-03_20260513_0031.jpg,2026-05-13 09:21:01,SC-03,smartphone,saudavel,saudavel,0.9457,agrosmart-v1,simulado,sim-2026-05
353dfe0c-1445-585a-910a-d6f21b676a93,SC-01_20260513_0021.jpg,2026-05-13 09:21:10,SC-01,smartphone,saudavel,saudavel,0.9915,agrosmart-v1,simulado,sim-2026-05
68a596c1-4d8e-5c4b-9b47-8ff6ca8d792a,BV-01_20260513_0027.jpg,2026-05-13 09:21:17,BV-01,smartphone,saudavel,saudavel,0.9156,agrosmart-v1,simulado,sim-2026-05
31ec003b-e6ac-57b7-8835-7b87cb66774a,TI-01_20260513_0011.jpg,2026-05-13 09:21:38,TI-01,drone,saudavel,saudavel,0.8662,agrosmart-v1,simulado,sim-2026-05
aafa2425-3273-5035-ade5-69f9f9664ec8,BV-01_20260513_0028.jpg,2026-05-13 09:21:52,BV-01,smartphone,saudavel,saudavel,1.0000,agrosmart-v1,simulado,sim-2026-05
c1e3058e-2df5-5060-b6ae-c66774efaac9,TI-01_20260513_0012.jpg,2026-05-13 09:22:04,TI-01,drone,saudavel,saudavel,0.8940,agrosmart-v1,simulado,sim-2026-05
0f79aebe-f5ba-5c81-bd3b-d43584f225a1,SC-01_20260513_0022.jpg,2026-05-13 09:22:06,SC-01,smartphone,saudavel,saudavel,0.8605,agrosmart-v1,simulado,sim-2026-05
2510aa72-41d7-5a59-9c09-6baadb039213,BV-01_20260513_0029.jpg,2026-05-13 09:22:24,BV-01,smartphone,saudavel,saudavel,0.9351,agrosmart-v1,simulado,sim-2026-05
219c9eb0-48a9-5dbd-ae5e-50e18f9d45bf,SC-01_20260513_0023.jpg,2026-05-13 09:22:45,SC-01,smartphone,saudavel,saudavel,0.9651,agrosmart-v1,simulado,sim-2026-05
ef3074e3-12a8-5132-bf9b-78c8e7785006,TI-01_20260513_0013.jpg,2026-05-13 09:22:53,TI-01,drone,saudavel,saudavel,0.8491,agrosmart-v1,simulado,sim-2026-05
27308b91-90da-584c-9f71-e23f46d057b7,BV-01_20260513_0030.jpg,2026-05-13 09:23:08,BV-01,smartphone,saudavel,saudavel,0.9988,agrosmart-v1,simulado,sim-2026-05
55a955cb-4673-58f2-8348-d53653d08cb3,SC-01_20260513_0024.jpg,2026-05-13 09:23:19,SC-01,smartphone,saudavel,saudavel,0.8998,agrosmart-v1,simulado,sim-2026-05
0fb99170-79d4-54d2-a0ea-bc37d95ad65d,TI-01_20260513_0014.jpg,2026-05-13 09:23:37,TI-01,drone,saudavel,saudavel,0.9886,agrosmart-v1,simulado,sim-2026-05
9fb32031-0849-557e-a67c-ebed2506d503,BV-01_20260513_0031.jpg,2026-05-13 09:23:52,BV-01,smartphone,saudavel,saudavel,0.9711,agrosmart-v1,simulado,sim-2026-05
e3f4f6d5-8b93-5524-9462-d4ad52fe6dc0,SC-01_20260513_0025.jpg,2026-05-13 09:24:06,SC-01,smartphone,saudavel,saudavel,0.9974,agrosmart-v1,simulado,sim-2026-05
ee823f15-3a64-5d2d-8160-f94a24899e67,TI-01_20260513_0015.jpg,2026-05-13 09:24:27,TI-01,drone,saudavel,saudavel,0.9829,agrosmart-v1,simulado,sim-2026-05
63a6dd52-0cdc-5eb0-87b0-e7302e4402f6,BV-01_20260513_0032.jpg,2026-05-13 09:24:29,BV-01,smartphone,saudavel,saudavel,0.9357,agrosmart-v1,simulado,sim-2026-05
62be746f-3b20-5a52-934d-1f230142bfe0,SC-01_20260513_0026.jpg,2026-05-13 09:24:32,SC-01,smartphone,doente,pinta_preta,0.6391,agrosmart-v1,simulado,sim-2026-05
20619600-7ea5-509e-aec4-96b333c2b909,SC-01_20260513_0027.jpg,2026-05-13 09:25:08,SC-01,smartphone,saudavel,saudavel,0.9290,agrosmart-v1,simulado,sim-2026-05
5913e9da-c2ac-53de-bc67-83bc86a4cf92,TI-01_20260513_0016.jpg,2026-05-13 09:25:10,TI-01,drone,saudavel,saudavel,0.9328,agrosmart-v1,simulado,sim-2026-05
fd2f4d44-7b7e-55ff-a81e-3cf9cb7b3665,TI-01_20260513_0017.jpg,2026-05-13 09:25:39,TI-01,drone,doente,pinta_preta,0.9630,agrosmart-v1,simulado,sim-2026-05
d54b1f8c-cd7f-598d-9b03-b2b0a0ec32b1,SC-01_20260513_0028.jpg,2026-05-13 09:26:02,SC-01,smartphone,saudavel,saudavel,0.8353,agrosmart-v1,simulado,sim-2026-05
b3e8d339-5944-5f2b-9695-e570013ef372,TI-01_20260513_0018.jpg,2026-05-13 09:26:05,TI-01,drone,saudavel,saudavel,0.8241,agrosmart-v1,simulado,sim-2026-05
3fd456da-22c8-53ef-9778-0519d0ca5361,SC-01_20260513_0029.jpg,2026-05-13 09:26:45,SC-01,smartphone,saudavel,saudavel,0.8876,agrosmart-v1,simulado,sim-2026-05
9d3938b0-98aa-54f5-bc94-cff38f631e93,TI-01_20260513_0019.jpg,2026-05-13 09:27:04,TI-01,drone,saudavel,saudavel,0.9016,agrosmart-v1,simulado,sim-2026-05
b119c99d-ffe5-5a5f-b85e-55fbae3baa3a,SC-01_20260513_0030.jpg,2026-05-13 09:27:06,SC-01,smartphone,saudavel,saudavel,0.9992,agrosmart-v1,simulado,sim-2026-05
11267edd-5597-5400-815e-d2b2ceabd4b1,TI-01_20260513_0020.jpg,2026-05-13 09:27:45,TI-01,drone,saudavel,saudavel,0.9827,agrosmart-v1,simulado,sim-2026-05
083075c4-f2f3-5302-bdef-c8b3b9a041bd,SC-01_20260513_0031.jpg,2026-05-13 09:27:55,SC-01,smartphone,saudavel,saudavel,0.8308,agrosmart-v1,simulado,sim-2026-05
e8d2c0aa-9f89-5233-ae8f-9697236cf939,SC-01_20260513_0032.jpg,2026-05-13 09:28:20,SC-01,smartphone,saudavel,saudavel,0.9437,agrosmart-v1,simulado,sim-2026-05
8f6d19c5-9d6f-5531-bb62-54e1509ef4ca,TI-01_20260513_0021.jpg,2026-05-13 09:28:23,TI-01,drone,saudavel,saudavel,0.8754,agrosmart-v1,simulado,sim-2026-05
ca9a5007-69d7-5414-821c-c781a1993a92,TI-01_20260513_0022.jpg,2026-05-13 09:28:43,TI-01,drone,doente,mosca_minadora,0.9999,agrosmart-v1,simulado,sim-2026-05
daf7dd25-bf7c-56e1-ad15-3ef3266d3dce,SC-01_20260513_0033.jpg,2026-05-13 09:29:14,SC-01,smartphone,saudavel,saudavel,0.9203,agrosmart-v1,simulado,sim-2026-05
2cc39ce1-1a8b-5c91-afef-58343fb84c81,TI-01_20260513_0023.jpg,2026-05-13 09:29:30,TI-01,drone,saudavel,saudavel,0.9947,agrosmart-v1,simulado,sim-2026-05
9acb0225-8523-541b-a1e6-b97add9ca92b,SC-01_20260513_0034.jpg,2026-05-13 09:29:51,SC-01,smartphone,saudavel,saudavel,0.9302,agrosmart-v1,simulado,sim-2026-05
4cd79b94-2964-553a-8a96-05a199158cb3,TI-01_20260513_0024.jpg,2026-05-13 09:30:04,TI-01,drone,saudavel,saudavel,0.9989,agrosmart-v1,simulado,sim-2026-05
be765cd9-1841-5df8-bdde-11a3cbf8ebbf,SC-01_20260513_0035.jpg,2026-05-13 09:30:34,SC-01,smartphone,saudavel,saudavel,0.8761,agrosmart-v1,simulado,sim-2026-05
d574919d-5649-529b-be37-c86e6e0275fb,TI-01_20260513_0025.jpg,2026-05-13 09:31:01,TI-01,drone,saudavel,saudavel,0.9957,agrosmart-v1,simulado,sim-2026-05
32931361-d8c2-5fbb-9e9a-209870df0c64,SC-01_20260513_0036.jpg,2026-05-13 09:31:04,SC-01,smartphone,saudavel,saudavel,0.8240,agrosmart-v1,simulado,sim-2026-05
cf0bafeb-f7a2-5a7f-9a6d-fcd0bb52c3c4,TI-01_20260513_0026.jpg,2026-05-13 09:31:49,TI-01,drone,saudavel,saudavel,0.9769,agrosmart-v1,simulado,sim-2026-05
9443dd9d-efd1-5346-8920-91a4e53d5554,TI-01_20260513_0027.jpg,2026-05-13 09:32:13,TI-01,drone,saudavel,saudavel,0.8971,agrosmart-v1,simulado,sim-2026-05
aedea7e5-7bb0-52c8-b422-6bf99eb3a871,TI-01_20260513_0028.jpg,2026-05-13 09:32:42,TI-01,drone,saudavel,saudavel,0.9839,agrosmart-v1,simulado,sim-2026-05
98391bff-fe7e-5705-8682-eb536b8906d3,TI-01_20260513_0029.jpg,2026-05-13 09:33:42,TI-01,drone,saudavel,saudavel,0.8417,agrosmart-v1,simulado,sim-2026-05
68a03b3c-35b7-5846-b507-e20a2f407e79,BV-02_20260513_0001.jpg,2026-05-13 09:33:45,BV-02,smartphone,saudavel,saudavel,1.0000,agrosmart-v1,simulado,sim-2026-05
4e157b2b-118d-51a7-b27b-208de1717cc1,BV-02_20260513_0002.jpg,2026-05-13 09:34:22,BV-02,smartphone,saudavel,saudavel,0.9992,agrosmart-v1,simulado,sim-2026-05
c1e2e565-3a1b-5c01-878e-21dd5ff08c31,TI-01_20260513_0030.jpg,2026-05-13 09:34:23,TI-01,drone,saudavel,saudavel,0.9949,agrosmart-v1,simulado,sim-2026-05
0b67b6b9-77eb-5f78-9491-d5cb085b71bc,TI-01_20260513_0031.jpg,2026-05-13 09:35:02,TI-01,drone,saudavel,saudavel,0.9701,agrosmart-v1,simulado,sim-2026-05
1f44c8b4-c6d7-5c90-a15c-6968acdf9611,BV-02_20260513_0003.jpg,2026-05-13 09:35:14,BV-02,smartphone,saudavel,saudavel,0.8681,agrosmart-v1,simulado,sim-2026-05
098ed43b-f82a-54c6-b226-8728821f3753,TI-01_20260513_0032.jpg,2026-05-13 09:35:37,TI-01,drone,saudavel,saudavel,0.9671,agrosmart-v1,simulado,sim-2026-05
d3d16c63-3e46-5393-8ff1-10d82978f277,BV-02_20260513_0004.jpg,2026-05-13 09:35:44,BV-02,smartphone,saudavel,saudavel,0.8821,agrosmart-v1,simulado,sim-2026-05
342c5db0-0822-5deb-808f-ec778f2082d8,TI-01_20260513_0033.jpg,2026-05-13 09:36:30,TI-01,drone,saudavel,saudavel,0.5905,agrosmart-v1,simulado,sim-2026-05
f3b3fc6f-2f84-5123-9633-0d3b3fff3248,BV-02_20260513_0005.jpg,2026-05-13 09:36:35,BV-02,smartphone,doente,requeima,0.8533,agrosmart-v1,simulado,sim-2026-05
850cb3e3-79ab-59f3-a448-c237981f6ca6,TI-01_20260513_0034.jpg,2026-05-13 09:36:59,TI-01,drone,saudavel,saudavel,0.8923,agrosmart-v1,simulado,sim-2026-05
8101c7aa-5443-525d-8f2a-c79017c444b8,BV-02_20260513_0006.jpg,2026-05-13 09:37:21,BV-02,smartphone,saudavel,saudavel,0.8352,agrosmart-v1,simulado,sim-2026-05
c9923936-a3c8-5e2f-832f-88245735c88d,BV-02_20260513_0007.jpg,2026-05-13 09:37:43,BV-02,smartphone,saudavel,saudavel,0.8991,agrosmart-v1,simulado,sim-2026-05
be839d5c-94f6-508c-bdec-dcf5520c2d0a,TI-01_20260513_0035.jpg,2026-05-13 09:37:43,TI-01,drone,saudavel,saudavel,0.8888,agrosmart-v1,simulado,sim-2026-05
999b6113-2a33-56aa-95ff-4ae43f7892cf,TI-01_20260513_0036.jpg,2026-05-13 09:38:19,TI-01,drone,saudavel,saudavel,0.8829,agrosmart-v1,simulado,sim-2026-05
1848efc6-8fa5-5bb2-9fcd-14052694c5bd,BV-02_20260513_0008.jpg,2026-05-13 09:38:26,BV-02,smartphone,saudavel,saudavel,0.9523,agrosmart-v1,simulado,sim-2026-05
cb959fe6-74ef-59dd-8b6d-c9b843ecfec7,BV-02_20260513_0009.jpg,2026-05-13 09:39:04,BV-02,smartphone,saudavel,saudavel,0.9988,agrosmart-v1,simulado,sim-2026-05
6af3931a-0ed4-5e02-953b-de56ca852c9c,TI-01_20260513_0037.jpg,2026-05-13 09:39:10,TI-01,drone,saudavel,saudavel,0.9356,agrosmart-v1,simulado,sim-2026-05
308a5552-3843-579c-815d-02f653146c10,TI-01_20260513_0038.jpg,2026-05-13 09:39:22,TI-01,drone,saudavel,saudavel,0.9344,agrosmart-v1,simulado,sim-2026-05
7b70cfbf-ac97-5ffa-b791-c154572b4c69,BV-02_20260513_0010.jpg,2026-05-13 09:39:52,BV-02,smartphone,saudavel,saudavel,0.9319,agrosmart-v1,simulado,sim-2026-05
83e14be4-f65d-5875-899e-aa7bb13e07cd,TI-01_20260513_0039.jpg,2026-05-13 09:40:03,TI-01,drone,saudavel,saudavel,0.9215,agrosmart-v1,simulado,sim-2026-05
eca65367-7778-53db-8d7c-a8c3831e8e1a,BV-02_20260513_0011.jpg,2026-05-13 09:40:28,BV-02,smartphone,saudavel,saudavel,0.9217,agrosmart-v1,simulado,sim-2026-05
a38a59fa-0e78-5324-8fbf-91534d8397ff,TI-01_20260513_0040.jpg,2026-05-13 09:41:05,TI-01,drone,saudavel,saudavel,0.9943,agrosmart-v1,simulado,sim-2026-05
ca34de97-8172-564a-9e6d-033aeb1092e8,BV-02_20260513_0012.jpg,2026-05-13 09:41:14,BV-02,smartphone,saudavel,saudavel,0.9513,agrosmart-v1,simulado,sim-2026-05
aa575e8e-5c88-5076-a955-eaae179b0d5c,TI-01_20260513_0041.jpg,2026-05-13 09:41:34,TI-01,drone,saudavel,saudavel,0.9972,agrosmart-v1,simulado,sim-2026-05
9075428c-9743-5e73-9b17-0b282d2faa24,TI-01_20260513_0042.jpg,2026-05-13 09:42:04,TI-01,drone,saudavel,saudavel,0.9458,agrosmart-v1,simulado,sim-2026-05
c84d6e22-3d75-5f9a-ac9c-374765a57469,BV-02_20260513_0013.jpg,2026-05-13 09:42:08,BV-02,smartphone,saudavel,saudavel,0.8544,agrosmart-v1,simulado,sim-2026-05
c79e3a00-50e0-500b-be57-e61c15d30beb,BV-02_20260513_0014.jpg,2026-05-13 09:42:31,BV-02,smartphone,saudavel,saudavel,0.9396,agrosmart-v1,simulado,sim-2026-05
e84b17cd-9b7c-5e88-8846-8b52619bb7ab,BV-02_20260513_0015.jpg,2026-05-13 09:43:01,BV-02,smartphone,saudavel,saudavel,0.8849,agrosmart-v1,simulado,sim-2026-05
f5e01f6b-6e9e-5f87-8d05-4191532cf27f,SC-02_20260513_0001.jpg,2026-05-13 09:43:50,SC-02,smartphone,saudavel,saudavel,1.0000,agrosmart-v1,simulado,sim-2026-05
91c44532-308d-5476-bece-0970037ed52a,BV-02_20260513_0016.jpg,2026-05-13 09:44:05,BV-02,smartphone,saudavel,saudavel,0.9940,agrosmart-v1,simulado,sim-2026-05
f14b7442-2b04-5442-82a0-da4fd93b5ac8,BV-02_20260513_0017.jpg,2026-05-13 09:44:21,BV-02,smartphone,saudavel,saudavel,0.9898,agrosmart-v1,simulado,sim-2026-05
5fec2daa-461f-5d60-a3d8-d774e58bac08,SC-02_20260513_0002.jpg,2026-05-13 09:44:37,SC-02,smartphone,saudavel,saudavel,0.9828,agrosmart-v1,simulado,sim-2026-05
4879350d-55a4-5b08-a907-a3b36c794013,BV-02_20260513_0018.jpg,2026-05-13 09:45:00,BV-02,smartphone,saudavel,saudavel,0.9579,agrosmart-v1,simulado,sim-2026-05
dcb5d543-d0dc-5cb6-bd49-7e769b12f248,SC-02_20260513_0003.jpg,2026-05-13 09:45:19,SC-02,smartphone,saudavel,saudavel,0.9867,agrosmart-v1,simulado,sim-2026-05
522aff65-c0be-5dd2-b101-c3cd303f46c1,SC-02_20260513_0004.jpg,2026-05-13 09:45:44,SC-02,smartphone,saudavel,saudavel,0.9148,agrosmart-v1,simulado,sim-2026-05
c863b05b-4853-536c-b1ac-6e6dbd71827a,BV-02_20260513_0019.jpg,2026-05-13 09:46:00,BV-02,smartphone,saudavel,saudavel,0.8304,agrosmart-v1,simulado,sim-2026-05
a55ec7d1-e8a0-5c2b-bd0c-7c1ae3d54c05,SC-02_20260513_0005.jpg,2026-05-13 09:46:20,SC-02,smartphone,saudavel,saudavel,0.8236,agrosmart-v1,simulado,sim-2026-05
51d0192c-447f-5487-a850-b3a004631dc8,BV-02_20260513_0020.jpg,2026-05-13 09:46:26,BV-02,smartphone,saudavel,saudavel,0.9876,agrosmart-v1,simulado,sim-2026-05
de2f81f0-04b2-59e4-89b3-8b76ae9d6f51,BV-02_20260513_0021.jpg,2026-05-13 09:47:23,BV-02,smartphone,saudavel,saudavel,0.8937,agrosmart-v1,simulado,sim-2026-05
91e5467d-6298-55d8-8f65-f411629a9426,SC-02_20260513_0006.jpg,2026-05-13 09:47:23,SC-02,smartphone,saudavel,saudavel,0.9979,agrosmart-v1,simulado,sim-2026-05
6743c721-59c9-5a8a-b3c8-17c3935381b4,BV-02_20260513_0022.jpg,2026-05-13 09:47:50,BV-02,smartphone,saudavel,saudavel,0.9938,agrosmart-v1,simulado,sim-2026-05
7c3590e0-0092-5813-b638-c6907e8483f1,SC-02_20260513_0007.jpg,2026-05-13 09:48:09,SC-02,smartphone,saudavel,saudavel,0.9599,agrosmart-v1,simulado,sim-2026-05
91eb149c-5bff-5398-a71c-b0b2eb783e63,SC-02_20260513_0008.jpg,2026-05-13 09:48:20,SC-02,smartphone,saudavel,saudavel,0.9789,agrosmart-v1,simulado,sim-2026-05
ae034d45-410f-542f-89c5-c1bc6412182c,BV-02_20260513_0023.jpg,2026-05-13 09:48:47,BV-02,smartphone,saudavel,saudavel,0.9458,agrosmart-v1,simulado,sim-2026-05
f901c243-de71-534d-abdf-074d252fd58e,SC-02_20260513_0009.jpg,2026-05-13 09:49:00,SC-02,smartphone,saudavel,saudavel,0.9896,agrosmart-v1,simulado,sim-2026-05
a455f03b-38e1-5b11-8411-b05105e32a96,BV-02_20260513_0024.jpg,2026-05-13 09:49:21,BV-02,smartphone,saudavel,saudavel,0.8951,agrosmart-v1,simulado,sim-2026-05
7cecb513-781a-5474-b752-4c92cd5e48c9,SC-02_20260513_0010.jpg,2026-05-13 09:50:03,SC-02,smartphone,saudavel,saudavel,0.9921,agrosmart-v1,simulado,sim-2026-05
c3de5c2f-2fc7-5a17-8494-df9a37358d09,BV-02_20260513_0025.jpg,2026-05-13 09:50:05,BV-02,smartphone,saudavel,saudavel,0.9257,agrosmart-v1,simulado,sim-2026-05
31d525fe-bf95-5af6-9689-4ff4fe5cd832,BV-02_20260513_0026.jpg,2026-05-13 09:50:24,BV-02,smartphone,saudavel,saudavel,0.8289,agrosmart-v1,simulado,sim-2026-05
a771e6b6-1345-5924-997d-a5fe137cf9de,SC-02_20260513_0011.jpg,2026-05-13 09:50:39,SC-02,smartphone,saudavel,saudavel,0.9729,agrosmart-v1,simulado,sim-2026-05
eb674c6d-5cd4-5a4c-afca-9765961ad94e,BV-02_20260513_0027.jpg,2026-05-13 09:51:03,BV-02,smartphone,saudavel,saudavel,0.9843,agrosmart-v1,simulado,sim-2026-05
0725ccf0-8eb6-5019-9149-dce172e1f34a,SC-02_20260513_0012.jpg,2026-05-13 09:51:10,SC-02,smartphone,doente,mosca_minadora,0.8936,agrosmart-v1,simulado,sim-2026-05
bfa52dcd-3676-5b58-9ffb-de431b753b3a,BV-02_20260513_0028.jpg,2026-05-13 09:51:49,BV-02,smartphone,saudavel,saudavel,0.9449,agrosmart-v1,simulado,sim-2026-05
6ace4c18-f58a-5c73-900d-5979d39ca21a,SC-02_20260513_0013.jpg,2026-05-13 09:51:51,SC-02,smartphone,saudavel,saudavel,0.9054,agrosmart-v1,simulado,sim-2026-05
b8560921-fbb1-5c3b-a7ff-701ee4ddddec,SC-02_20260513_0014.jpg,2026-05-13 09:52:24,SC-02,smartphone,saudavel,saudavel,0.9836,agrosmart-v1,simulado,sim-2026-05
64dbb9cd-40be-55a8-86b1-d10c27948037,BV-02_20260513_0029.jpg,2026-05-13 09:52:50,BV-02,smartphone,saudavel,saudavel,0.9541,agrosmart-v1,simulado,sim-2026-05
eb25bb96-2682-52dc-b443-2d8700c39a84,SC-02_20260513_0015.jpg,2026-05-13 09:53:12,SC-02,smartphone,saudavel,saudavel,0.9032,agrosmart-v1,simulado,sim-2026-05
99b20b33-279b-5b69-99b0-a4a7166ae7cb,BV-02_20260513_0030.jpg,2026-05-13 09:53:30,BV-02,smartphone,saudavel,saudavel,0.9530,agrosmart-v1,simulado,sim-2026-05
d5cab3c1-f865-5683-96c1-4cf0e75abc5b,BV-02_20260513_0031.jpg,2026-05-13 09:54:01,BV-02,smartphone,saudavel,saudavel,0.9999,agrosmart-v1,simulado,sim-2026-05
7f7bf52a-fa91-5112-9e6e-fe7ddd92f744,SC-02_20260513_0016.jpg,2026-05-13 09:54:02,SC-02,smartphone,saudavel,saudavel,0.8256,agrosmart-v1,simulado,sim-2026-05
4de7a9fa-e1e5-5705-9317-0dec385f9b30,SC-02_20260513_0017.jpg,2026-05-13 09:54:27,SC-02,smartphone,saudavel,saudavel,0.8925,agrosmart-v1,simulado,sim-2026-05
f7acb474-fe9f-53c4-bcae-8d785a8b6d71,BV-02_20260513_0032.jpg,2026-05-13 09:54:31,BV-02,smartphone,saudavel,saudavel,0.8905,agrosmart-v1,simulado,sim-2026-05
b743166d-597b-58f7-b407-ea2ae93a19f0,SC-02_20260513_0018.jpg,2026-05-13 09:55:00,SC-02,smartphone,saudavel,saudavel,0.9778,agrosmart-v1,simulado,sim-2026-05
e8d6c170-9d82-5630-99ff-79b3ae0deade,BV-02_20260513_0033.jpg,2026-05-13 09:55:16,BV-02,smartphone,saudavel,saudavel,0.8847,agrosmart-v1,simulado,sim-2026-05
9e5d5d71-39b4-5d1b-811b-6d4b5a284ca6,BV-02_20260513_0034.jpg,2026-05-13 09:55:47,BV-02,smartphone,saudavel,saudavel,0.8210,agrosmart-v1,simulado,sim-2026-05
cffdccb5-58d5-5a92-8dc0-37f42bea4ac0,SC-02_20260513_0019.jpg,2026-05-13 09:55:56,SC-02,smartphone,saudavel,saudavel,0.8955,agrosmart-v1,simulado,sim-2026-05
f02a60f9-4404-5cb4-8c65-910867ca73f6,SC-02_20260513_0020.jpg,2026-05-13 09:56:36,SC-02,smartphone,saudavel,saudavel,0.8890,agrosmart-v1,simulado,sim-2026-05
9fe3b2fd-1d29-5421-bc57-4d844f7d8c06,SC-02_20260513_0021.jpg,2026-05-13 09:57:27,SC-02,smartphone,saudavel,saudavel,0.7486,agrosmart-v1,simulado,sim-2026-05
e4b42ea8-9f01-5cba-ae38-3f0a90cd6771,SC-02_20260513_0022.jpg,2026-05-13 09:57:45,SC-02,smartphone,saudavel,saudavel,0.8759,agrosmart-v1,simulado,sim-2026-05
a2dde03b-4f4c-5679-8f1b-d9949e2a747c,SC-02_20260513_0023.jpg,2026-05-13 09:58:34,SC-02,smartphone,saudavel,saudavel,1.0000,agrosmart-v1,simulado,sim-2026-05
54200b2e-2666-55ce-ad14-eea76bc6b684,SC-02_20260513_0024.jpg,2026-05-13 09:59:17,SC-02,smartphone,saudavel,saudavel,0.9664,agrosmart-v1,simulado,sim-2026-05
8b5a0a7d-097b-5e25-95db-d19006e53db6,SC-02_20260513_0025.jpg,2026-05-13 10:00:00,SC-02,smartphone,saudavel,saudavel,0.8941,agrosmart-v1,simulado,sim-2026-05
2d76f3ae-b9ed-52bb-8dbd-3c666ea31144,SC-02_20260513_0026.jpg,2026-05-13 10:00:32,SC-02,smartphone,saudavel,saudavel,0.9274,agrosmart-v1,simulado,sim-2026-05
1b553943-5df6-5a5e-bcff-92b02de83e4f,SC-02_20260513_0027.jpg,2026-05-13 10:01:26,SC-02,smartphone,saudavel,saudavel,0.9846,agrosmart-v1,simulado,sim-2026-05
a7f0bacf-5634-5ff1-bf15-17f236c6ea46,SC-02_20260513_0028.jpg,2026-05-13 10:01:45,SC-02,smartphone,saudavel,saudavel,0.9170,agrosmart-v1,simulado,sim-2026-05
7e2e14e9-9d1b-543d-9f9f-fffc39507568,SC-02_20260513_0029.jpg,2026-05-13 10:02:34,SC-02,smartphone,saudavel,saudavel,0.5765,agrosmart-v1,simulado,sim-2026-05
69541122-ab98-5cb5-aa19-712bae2fae8b,BV-04_20260515_0001.jpg,2026-05-15 07:09:54,BV-04,smartphone,saudavel,saudavel,0.9248,agrosmart-v1,simulado,sim-2026-05
81af4303-bde8-52d9-bb4d-423a5eb4adab,BV-04_20260515_0002.jpg,2026-05-15 07:10:35,BV-04,smartphone,saudavel,saudavel,0.9116,agrosmart-v1,simulado,sim-2026-05
c434c1dd-da6a-5f59-b8e9-30219da4e0f1,BV-04_20260515_0003.jpg,2026-05-15 07:11:16,BV-04,smartphone,saudavel,saudavel,0.9168,agrosmart-v1,simulado,sim-2026-05
473efacf-f2d9-5242-a281-51878d0c1903,BV-04_20260515_0004.jpg,2026-05-15 07:12:02,BV-04,smartphone,saudavel,saudavel,0.8989,agrosmart-v1,simulado,sim-2026-05
54836c9a-4458-5a8b-925b-48abd2dd6c7f,BV-04_20260515_0005.jpg,2026-05-15 07:12:45,BV-04,smartphone,saudavel,saudavel,0.9205,agrosmart-v1,simulado,sim-2026-05
b2570840-163c-50f9-92e3-61ec5032077b,BV-04_20260515_0006.jpg,2026-05-15 07:13:29,BV-04,smartphone,saudavel,saudavel,0.9643,agrosmart-v1,simulado,sim-2026-05
5f1423ea-3f59-5cf5-8478-b532088bf5e1,BV-04_20260515_0007.jpg,2026-05-15 07:13:51,BV-04,smartphone,saudavel,saudavel,0.8875,agrosmart-v1,simulado,sim-2026-05
72c9ec86-f461-5482-a220-fc7d30c2551b,BV-04_20260515_0008.jpg,2026-05-15 07:14:27,BV-04,smartphone,saudavel,saudavel,0.9183,agrosmart-v1,simulado,sim-2026-05
662d9205-a54a-5bcc-a75f-1a10e6798cfe,BV-04_20260515_0009.jpg,2026-05-15 07:15:16,BV-04,smartphone,saudavel,saudavel,0.9996,agrosmart-v1,simulado,sim-2026-05
efcb3c63-3333-5f00-9ef7-6054641e7c71,BV-04_20260515_0010.jpg,2026-05-15 07:15:44,BV-04,smartphone,saudavel,saudavel,0.9478,agrosmart-v1,simulado,sim-2026-05
a2c4a5f6-bff4-57fb-ac3d-5aee5e6219c8,BV-04_20260515_0011.jpg,2026-05-15 07:16:22,BV-04,smartphone,saudavel,saudavel,0.9904,agrosmart-v1,simulado,sim-2026-05
f7f6bdb0-6331-54db-ba43-de87e38e166c,BV-04_20260515_0012.jpg,2026-05-15 07:17:03,BV-04,smartphone,saudavel,saudavel,0.9326,agrosmart-v1,simulado,sim-2026-05
44efdf46-9924-5333-98ee-d64e38a12d2a,BV-04_20260515_0013.jpg,2026-05-15 07:17:46,BV-04,smartphone,saudavel,saudavel,0.9606,agrosmart-v1,simulado,sim-2026-05
1bb06ff5-a590-5f42-8081-58914bcc2de6,BV-04_20260515_0014.jpg,2026-05-15 07:18:25,BV-04,smartphone,saudavel,saudavel,0.9827,agrosmart-v1,simulado,sim-2026-05
bd082634-f906-5491-95b7-6098dbf00167,BV-04_20260515_0015.jpg,2026-05-15 07:19:13,BV-04,smartphone,saudavel,saudavel,0.9186,agrosmart-v1,simulado,sim-2026-05
1fde3c73-696d-5367-90c3-45710111a4a6,BV-04_20260515_0016.jpg,2026-05-15 07:19:55,BV-04,smartphone,saudavel,saudavel,0.9048,agrosmart-v1,simulado,sim-2026-05
afbb8530-f791-5638-b9ec-7b93c7851bf4,BV-04_20260515_0017.jpg,2026-05-15 07:20:44,BV-04,smartphone,saudavel,saudavel,0.9993,agrosmart-v1,simulado,sim-2026-05
b3cd509b-9440-5ec2-8551-3f1f8185f991,BV-04_20260515_0018.jpg,2026-05-15 07:21:16,BV-04,smartphone,saudavel,saudavel,0.9931,agrosmart-v1,simulado,sim-2026-05
4540a836-ad3e-5b99-bb7a-8cdf2798fc47,BV-04_20260515_0019.jpg,2026-05-15 07:22:08,BV-04,smartphone,saudavel,saudavel,0.9206,agrosmart-v1,simulado,sim-2026-05
cc8cf1ff-2ae1-5ddc-9e8d-463f70ff5ea5,BV-04_20260515_0020.jpg,2026-05-15 07:22:41,BV-04,smartphone,saudavel,saudavel,0.8835,agrosmart-v1,simulado,sim-2026-05
13c91234-adf8-59f9-be69-bd4c6aff3614,BV-02_20260515_0001.jpg,2026-05-15 07:40:45,BV-02,smartphone,saudavel,saudavel,0.8672,agrosmart-v1,simulado,sim-2026-05
cda2b972-826d-50f9-9b9a-92b87b700288,BV-02_20260515_0002.jpg,2026-05-15 07:41:49,BV-02,smartphone,saudavel,saudavel,0.9958,agrosmart-v1,simulado,sim-2026-05
451d611c-559c-5a6d-bdef-1632d6badfd1,BV-02_20260515_0003.jpg,2026-05-15 07:42:19,BV-02,smartphone,saudavel,saudavel,0.9926,agrosmart-v1,simulado,sim-2026-05
72a58b47-6c99-5ac3-a714-6bf7d28d95d0,BV-02_20260515_0004.jpg,2026-05-15 07:43:10,BV-02,smartphone,saudavel,saudavel,0.9727,agrosmart-v1,simulado,sim-2026-05
e60a4334-f7a8-58ed-b6f5-95bafaf51b2b,BV-02_20260515_0005.jpg,2026-05-15 07:43:33,BV-02,smartphone,saudavel,saudavel,0.9606,agrosmart-v1,simulado,sim-2026-05
50103d0e-5761-584a-b4d7-ebf2ab210aa6,BV-02_20260515_0006.jpg,2026-05-15 07:44:30,BV-02,smartphone,saudavel,saudavel,0.9990,agrosmart-v1,simulado,sim-2026-05
4d4a2250-6d0e-5fce-9878-f866e88346e4,BV-02_20260515_0007.jpg,2026-05-15 07:45:01,BV-02,smartphone,saudavel,saudavel,0.8466,agrosmart-v1,simulado,sim-2026-05
5e20f4e0-9b96-553f-9d65-36a1227bea7f,BV-02_20260515_0008.jpg,2026-05-15 07:45:50,BV-02,smartphone,saudavel,saudavel,0.8973,agrosmart-v1,simulado,sim-2026-05
054b53a7-f8d6-52b1-99cd-cec920d2ee21,BV-02_20260515_0009.jpg,2026-05-15 07:46:15,BV-02,smartphone,saudavel,saudavel,0.8948,agrosmart-v1,simulado,sim-2026-05
4bd3f6a1-0e62-59a9-b825-efabcd53e529,BV-02_20260515_0010.jpg,2026-05-15 07:47:10,BV-02,smartphone,saudavel,saudavel,0.9724,agrosmart-v1,simulado,sim-2026-05
4fca32c8-cc03-5b2e-9b57-4c34a45c4375,BV-02_20260515_0011.jpg,2026-05-15 07:47:33,BV-02,smartphone,saudavel,saudavel,0.9933,agrosmart-v1,simulado,sim-2026-05
af0e3da8-94c1-54ea-b27a-160eb1f5e884,BV-02_20260515_0012.jpg,2026-05-15 07:48:02,BV-02,smartphone,saudavel,saudavel,0.8379,agrosmart-v1,simulado,sim-2026-05
429ed530-808b-584e-ba28-a6b3d16f6596,BV-02_20260515_0013.jpg,2026-05-15 07:48:52,BV-02,smartphone,saudavel,saudavel,0.9015,agrosmart-v1,simulado,sim-2026-05
eed9d0a3-4106-578d-ae1f-8906f294ac73,BV-02_20260515_0014.jpg,2026-05-15 07:49:24,BV-02,smartphone,saudavel,saudavel,0.9963,agrosmart-v1,simulado,sim-2026-05
c4e9f15f-5555-557f-8a70-6c4a4a9274d0,BV-02_20260515_0015.jpg,2026-05-15 07:50:10,BV-02,smartphone,saudavel,saudavel,0.5517,agrosmart-v1,simulado,sim-2026-05
84b85fb9-5cd9-51a8-8036-931e7ec5e0a3,BV-02_20260515_0016.jpg,2026-05-15 07:50:43,BV-02,smartphone,saudavel,saudavel,0.9355,agrosmart-v1,simulado,sim-2026-05
7775b82a-e30d-5784-9a7b-fd9617ba7d41,BV-02_20260515_0017.jpg,2026-05-15 07:51:34,BV-02,smartphone,saudavel,saudavel,0.9972,agrosmart-v1,simulado,sim-2026-05
c1481dc4-9430-5398-977e-a1e0174c2064,BV-02_20260515_0018.jpg,2026-05-15 07:52:14,BV-02,smartphone,saudavel,saudavel,0.8605,agrosmart-v1,simulado,sim-2026-05
83e36559-c669-5f87-9640-f3e28c6ffefa,BV-02_20260515_0019.jpg,2026-05-15 07:53:03,BV-02,smartphone,saudavel,saudavel,0.9867,agrosmart-v1,simulado,sim-2026-05
ac40950d-0fca-532e-9f0f-67fb2876191c,BV-02_20260515_0020.jpg,2026-05-15 07:53:32,BV-02,smartphone,saudavel,saudavel,0.9883,agrosmart-v1,simulado,sim-2026-05
791f28ba-b417-5bf4-b921-045d688b8128,BV-02_20260515_0021.jpg,2026-05-15 07:54:13,BV-02,smartphone,saudavel,saudavel,0.8618,agrosmart-v1,simulado,sim-2026-05
e0c6b87d-0542-539b-885c-e009badac8a1,BV-02_20260515_0022.jpg,2026-05-15 07:55:05,BV-02,smartphone,saudavel,saudavel,0.9847,agrosmart-v1,simulado,sim-2026-05
c87c7d50-3447-5c3b-9c9b-f447094df57a,BV-02_20260515_0023.jpg,2026-05-15 07:55:22,BV-02,smartphone,saudavel,saudavel,0.9345,agrosmart-v1,simulado,sim-2026-05
960f2b45-3624-50a8-8eb7-9f04896f8315,BV-02_20260515_0024.jpg,2026-05-15 07:56:11,BV-02,smartphone,saudavel,saudavel,0.8700,agrosmart-v1,simulado,sim-2026-05
1c49aeac-1bbd-57ea-b637-3a0fc890cdc6,BV-02_20260515_0025.jpg,2026-05-15 07:57:02,BV-02,smartphone,saudavel,saudavel,0.9680,agrosmart-v1,simulado,sim-2026-05
ab2b3c3a-98ed-5fac-8bc1-a1c0a9e2dde1,BV-02_20260515_0026.jpg,2026-05-15 07:57:47,BV-02,smartphone,saudavel,saudavel,0.8723,agrosmart-v1,simulado,sim-2026-05
e5b0ada0-8359-562a-8a01-a45666f27069,TI-03_20260515_0001.jpg,2026-05-15 07:57:48,TI-03,drone,saudavel,saudavel,0.8560,agrosmart-v1,simulado,sim-2026-05
de1a86d6-3625-5b36-b57b-ab5ab8345ad1,BV-02_20260515_0027.jpg,2026-05-15 07:58:28,BV-02,smartphone,saudavel,saudavel,0.9536,agrosmart-v1,simulado,sim-2026-05
dd1183ad-1b5c-58f5-a107-246e4f64fcd1,TI-03_20260515_0002.jpg,2026-05-15 07:58:28,TI-03,drone,saudavel,saudavel,0.8362,agrosmart-v1,simulado,sim-2026-05
6286145b-8e5f-5151-a4b9-c06bd5357d6c,BV-02_20260515_0028.jpg,2026-05-15 07:59:06,BV-02,smartphone,saudavel,saudavel,0.9771,agrosmart-v1,simulado,sim-2026-05
8834164a-db35-563d-a9a7-f85196b4b32c,TI-03_20260515_0003.jpg,2026-05-15 07:59:07,TI-03,drone,saudavel,saudavel,0.9596,agrosmart-v1,simulado,sim-2026-05
dafc4fb4-30a0-5ac3-a307-94b9cf11ee02,BV-02_20260515_0029.jpg,2026-05-15 07:59:42,BV-02,smartphone,doente,pinta_preta,0.9894,agrosmart-v1,simulado,sim-2026-05
acbef496-84b9-5024-b97b-bae3859ec480,TI-03_20260515_0004.jpg,2026-05-15 07:59:54,TI-03,drone,saudavel,saudavel,0.9453,agrosmart-v1,simulado,sim-2026-05
38ba4588-c11a-5bd1-aa07-117a03cf5648,BV-02_20260515_0030.jpg,2026-05-15 08:00:18,BV-02,smartphone,saudavel,saudavel,0.9873,agrosmart-v1,simulado,sim-2026-05
5e1db2f0-d3c3-5244-a6c4-25ac61ad74da,TI-03_20260515_0005.jpg,2026-05-15 08:00:25,TI-03,drone,saudavel,saudavel,0.8777,agrosmart-v1,simulado,sim-2026-05
e549ef4f-b47d-5edb-992e-7e161aae0cc5,BV-02_20260515_0031.jpg,2026-05-15 08:01:06,BV-02,smartphone,saudavel,saudavel,0.9434,agrosmart-v1,simulado,sim-2026-05
c6097cdb-1ef8-5a3b-8884-24d754df003a,TI-03_20260515_0006.jpg,2026-05-15 08:01:20,TI-03,drone,saudavel,saudavel,0.9763,agrosmart-v1,simulado,sim-2026-05
19c41e19-6dbe-5b12-8a17-f9e0b3d4f14e,BV-02_20260515_0032.jpg,2026-05-15 08:01:32,BV-02,smartphone,saudavel,saudavel,0.8636,agrosmart-v1,simulado,sim-2026-05
8e82e4bd-e391-5d3d-b42b-80b2f88553c2,TI-03_20260515_0007.jpg,2026-05-15 08:02:06,TI-03,drone,saudavel,saudavel,0.9519,agrosmart-v1,simulado,sim-2026-05
2e0f219b-2348-52ba-9bea-60b18521ab7e,TI-03_20260515_0008.jpg,2026-05-15 08:02:38,TI-03,drone,saudavel,saudavel,0.9464,agrosmart-v1,simulado,sim-2026-05
c8ed406b-ee5e-5722-b0e1-2cd99d73a249,TI-03_20260515_0009.jpg,2026-05-15 08:03:29,TI-03,drone,saudavel,saudavel,0.8842,agrosmart-v1,simulado,sim-2026-05
0963a9ba-42c2-546e-916d-328bfc475db8,TI-03_20260515_0010.jpg,2026-05-15 08:03:47,TI-03,drone,saudavel,saudavel,0.9047,agrosmart-v1,simulado,sim-2026-05
41735b45-a912-5660-b432-971e821919a9,TI-03_20260515_0011.jpg,2026-05-15 08:04:28,TI-03,drone,saudavel,saudavel,0.8951,agrosmart-v1,simulado,sim-2026-05
32618b1f-1353-5565-889c-bc42b9b7b00b,TI-03_20260515_0012.jpg,2026-05-15 08:05:02,TI-03,drone,saudavel,saudavel,0.9746,agrosmart-v1,simulado,sim-2026-05
dd8424e4-e241-5beb-b618-a968ccb38623,BV-03_20260515_0001.jpg,2026-05-15 08:05:09,BV-03,smartphone,saudavel,saudavel,0.9860,agrosmart-v1,simulado,sim-2026-05
341dc2be-3213-56bd-a608-77c23e382367,BV-03_20260515_0002.jpg,2026-05-15 08:05:23,BV-03,smartphone,saudavel,saudavel,0.9978,agrosmart-v1,simulado,sim-2026-05
dc7f1c1c-436c-5325-8c67-6c3288801fe2,TI-03_20260515_0013.jpg,2026-05-15 08:05:51,TI-03,drone,saudavel,saudavel,0.9238,agrosmart-v1,simulado,sim-2026-05
fb79fe04-eb27-505c-a551-163d3761e6c4,BV-03_20260515_0003.jpg,2026-05-15 08:06:25,BV-03,smartphone,saudavel,saudavel,0.9992,agrosmart-v1,simulado,sim-2026-05
83651bb6-6033-58be-9457-a09c252fdb9a,TI-03_20260515_0014.jpg,2026-05-15 08:06:32,TI-03,drone,saudavel,saudavel,0.9891,agrosmart-v1,simulado,sim-2026-05
b1edd6bc-6ca7-5eaa-9020-abe04b6bcdca,BV-03_20260515_0004.jpg,2026-05-15 08:06:54,BV-03,smartphone,saudavel,saudavel,0.9892,agrosmart-v1,simulado,sim-2026-05
7a7654b0-1ab8-5062-9a02-ab0158b8267c,TI-03_20260515_0015.jpg,2026-05-15 08:07:05,TI-03,drone,saudavel,saudavel,0.9706,agrosmart-v1,simulado,sim-2026-05
df541f36-4079-5330-918f-fc0bdcbc8c6a,BV-03_20260515_0005.jpg,2026-05-15 08:07:24,BV-03,smartphone,saudavel,saudavel,0.8961,agrosmart-v1,simulado,sim-2026-05
48b2a898-cc55-5809-952d-3d4bcc20af96,TI-03_20260515_0016.jpg,2026-05-15 08:07:53,TI-03,drone,saudavel,saudavel,0.8555,agrosmart-v1,simulado,sim-2026-05
6becd158-d09f-5c1a-a35b-3dc71682fed6,BV-03_20260515_0006.jpg,2026-05-15 08:08:25,BV-03,smartphone,saudavel,saudavel,0.9969,agrosmart-v1,simulado,sim-2026-05
f19761be-4183-5780-8420-c624de53a4b5,TI-03_20260515_0017.jpg,2026-05-15 08:08:38,TI-03,drone,saudavel,saudavel,0.9605,agrosmart-v1,simulado,sim-2026-05
e0bd58a2-85d4-5d30-ac19-248d3c4c408c,BV-03_20260515_0007.jpg,2026-05-15 08:08:42,BV-03,smartphone,saudavel,saudavel,1.0000,agrosmart-v1,simulado,sim-2026-05
1a8e3de3-b28e-5b31-8456-b36350a569a0,TI-01_20260515_0001.jpg,2026-05-15 08:08:55,TI-01,drone,saudavel,saudavel,0.9914,agrosmart-v1,simulado,sim-2026-05
a5b22e76-bdf8-5c41-9c35-d45df50d5d33,BV-03_20260515_0008.jpg,2026-05-15 08:09:26,BV-03,smartphone,saudavel,saudavel,0.9869,agrosmart-v1,simulado,sim-2026-05
0fad3d5a-2b45-5ef2-8ec1-d42f906aa0cb,TI-01_20260515_0002.jpg,2026-05-15 08:09:27,TI-01,drone,saudavel,saudavel,0.8883,agrosmart-v1,simulado,sim-2026-05
a8381259-2007-5d6d-8d8c-11745d0597dd,TI-03_20260515_0018.jpg,2026-05-15 08:09:30,TI-03,drone,saudavel,saudavel,0.9093,agrosmart-v1,simulado,sim-2026-05
3e597d24-5cbe-5ef8-84c3-a33f5756005a,TI-03_20260515_0019.jpg,2026-05-15 08:09:52,TI-03,drone,saudavel,saudavel,0.9897,agrosmart-v1,simulado,sim-2026-05
35f1900c-b7c1-5c0e-a972-cb1275e4343a,TI-01_20260515_0003.jpg,2026-05-15 08:10:20,TI-01,drone,saudavel,saudavel,0.9435,agrosmart-v1,simulado,sim-2026-05
e0ee654d-a457-54bd-aa41-4931c5b1f3e4,BV-03_20260515_0009.jpg,2026-05-15 08:10:30,BV-03,smartphone,saudavel,saudavel,0.8421,agrosmart-v1,simulado,sim-2026-05
064f0de3-591b-5b95-a29d-7d911567058b,TI-03_20260515_0020.jpg,2026-05-15 08:10:30,TI-03,drone,saudavel,saudavel,0.8730,agrosmart-v1,simulado,sim-2026-05
ff7802f5-20dc-5d88-981e-06a10433d1fa,BV-03_20260515_0010.jpg,2026-05-15 08:10:58,BV-03,smartphone,saudavel,saudavel,0.9009,agrosmart-v1,simulado,sim-2026-05
cc429cd3-e42e-5478-a99c-e728a7a9b71c,SC-01_20260515_0001.jpg,2026-05-15 08:11:03,SC-01,smartphone,saudavel,saudavel,0.9792,agrosmart-v1,simulado,sim-2026-05
9a39bdb3-5c68-5d6f-9918-403b21078d75,TI-01_20260515_0004.jpg,2026-05-15 08:11:10,TI-01,drone,saudavel,saudavel,0.8522,agrosmart-v1,simulado,sim-2026-05
fb4383a4-7b79-52c3-b47e-65b952359d00,TI-03_20260515_0021.jpg,2026-05-15 08:11:18,TI-03,drone,doente,requeima,0.8991,agrosmart-v1,simulado,sim-2026-05
68a7cc08-8119-5758-9ed0-5b2aa8f5b850,TI-01_20260515_0005.jpg,2026-05-15 08:11:41,TI-01,drone,saudavel,saudavel,0.9874,agrosmart-v1,simulado,sim-2026-05
5746b2a0-ffe3-50bb-9bd1-058c8cb0fb8d,SC-01_20260515_0002.jpg,2026-05-15 08:11:44,SC-01,smartphone,saudavel,saudavel,0.9142,agrosmart-v1,simulado,sim-2026-05
703c753d-a2a1-5639-971e-2944f1841b14,BV-03_20260515_0011.jpg,2026-05-15 08:11:46,BV-03,smartphone,saudavel,saudavel,0.9941,agrosmart-v1,simulado,sim-2026-05
f7761879-88f4-54ed-8129-1ba87c3b09c9,TI-03_20260515_0022.jpg,2026-05-15 08:11:56,TI-03,drone,saudavel,saudavel,0.9699,agrosmart-v1,simulado,sim-2026-05
c7186ab3-6d69-525e-b085-5676a8ab2cc3,BV-03_20260515_0012.jpg,2026-05-15 08:12:06,BV-03,smartphone,saudavel,saudavel,0.9681,agrosmart-v1,simulado,sim-2026-05
f78b636b-91e4-5f83-8b3a-e861316f7459,TI-01_20260515_0006.jpg,2026-05-15 08:12:10,TI-01,drone,saudavel,saudavel,0.9998,agrosmart-v1,simulado,sim-2026-05
fbe0a9b5-dedd-5c96-bf12-ee2d1ac3e8bc,SC-01_20260515_0003.jpg,2026-05-15 08:12:11,SC-01,smartphone,saudavel,saudavel,0.8762,agrosmart-v1,simulado,sim-2026-05
578eb02c-fa84-5e23-a598-b72f34c355e9,TI-03_20260515_0023.jpg,2026-05-15 08:12:29,TI-03,drone,saudavel,saudavel,0.8825,agrosmart-v1,simulado,sim-2026-05
30e47512-bdec-5d71-8d9e-d5560eafa0e3,BV-03_20260515_0013.jpg,2026-05-15 08:12:50,BV-03,smartphone,saudavel,saudavel,0.8467,agrosmart-v1,simulado,sim-2026-05
842ffb79-9af0-51a4-83fd-f62096928489,SC-01_20260515_0004.jpg,2026-05-15 08:12:56,SC-01,smartphone,saudavel,saudavel,0.9467,agrosmart-v1,simulado,sim-2026-05
f80969be-7fac-51ba-af0d-38695c1d5106,TI-01_20260515_0007.jpg,2026-05-15 08:12:59,TI-01,drone,saudavel,saudavel,0.8295,agrosmart-v1,simulado,sim-2026-05
de2ad035-b178-5dec-a9ba-640ee4a88801,TI-03_20260515_0024.jpg,2026-05-15 08:13:06,TI-03,drone,saudavel,saudavel,0.9169,agrosmart-v1,simulado,sim-2026-05
7650cf52-d2d1-5c7e-842e-979f06178074,BV-03_20260515_0014.jpg,2026-05-15 08:13:22,BV-03,smartphone,saudavel,saudavel,0.9346,agrosmart-v1,simulado,sim-2026-05
610b2f84-2caa-5743-8cd4-49bcdf94f883,TI-01_20260515_0008.jpg,2026-05-15 08:13:29,TI-01,drone,saudavel,saudavel,0.9944,agrosmart-v1,simulado,sim-2026-05
37ec7b70-d3ff-589f-9cd2-b4bfb15cc108,SC-01_20260515_0005.jpg,2026-05-15 08:13:39,SC-01,smartphone,doente,vaquinha,0.5607,agrosmart-v1,simulado,sim-2026-05
d9f2c305-dc4e-5c1a-ad85-18fda9093b1d,TI-03_20260515_0025.jpg,2026-05-15 08:13:51,TI-03,drone,saudavel,saudavel,0.9573,agrosmart-v1,simulado,sim-2026-05
b0ef9129-23b9-523a-93b0-a2f96d654a24,TI-01_20260515_0009.jpg,2026-05-15 08:14:02,TI-01,drone,saudavel,saudavel,0.9391,agrosmart-v1,simulado,sim-2026-05
173279a3-7195-56b7-aa8c-f849653f334b,BV-03_20260515_0015.jpg,2026-05-15 08:14:17,BV-03,smartphone,saudavel,saudavel,0.7821,agrosmart-v1,simulado,sim-2026-05
2251338c-8415-5174-a9c0-93d3b0474cbb,SC-01_20260515_0006.jpg,2026-05-15 08:14:20,SC-01,smartphone,doente,mosca_minadora,0.9987,agrosmart-v1,simulado,sim-2026-05
b2575ea1-cc83-5db6-9031-482a73ce3eba,TI-03_20260515_0026.jpg,2026-05-15 08:14:35,TI-03,drone,saudavel,saudavel,0.9418,agrosmart-v1,simulado,sim-2026-05
6574cf1c-cf26-50df-8913-d341bfb748a2,SC-01_20260515_0007.jpg,2026-05-15 08:15:04,SC-01,smartphone,saudavel,saudavel,0.9385,agrosmart-v1,simulado,sim-2026-05
3f4b5b71-0233-5ecf-a28e-3adb6cd5c933,BV-03_20260515_0016.jpg,2026-05-15 08:15:10,BV-03,smartphone,saudavel,saudavel,0.9138,agrosmart-v1,simulado,sim-2026-05
655f7451-1ed1-5d5f-9c72-ac5d90c39052,TI-01_20260515_0010.jpg,2026-05-15 08:15:10,TI-01,drone,saudavel,saudavel,0.8622,agrosmart-v1,simulado,sim-2026-05
fa7097f6-5820-5e84-ab12-5cb23cc7f8a6,TI-03_20260515_0027.jpg,2026-05-15 08:15:21,TI-03,drone,saudavel,saudavel,0.8636,agrosmart-v1,simulado,sim-2026-05
c5072b72-e890-5b31-8dda-4a4af6c4455a,TI-01_20260515_0011.jpg,2026-05-15 08:15:25,TI-01,drone,saudavel,saudavel,0.9628,agrosmart-v1,simulado,sim-2026-05
0344eddb-e9a1-5278-8d58-d8c0594dd411,SC-01_20260515_0008.jpg,2026-05-15 08:15:28,SC-01,smartphone,saudavel,saudavel,0.9892,agrosmart-v1,simulado,sim-2026-05
7f3fe2f8-5b81-52c9-9413-479ad79fd7d0,BV-03_20260515_0017.jpg,2026-05-15 08:15:31,BV-03,smartphone,saudavel,saudavel,0.9998,agrosmart-v1,simulado,sim-2026-05
205f66c6-8670-5515-a3ed-b0fb9e0029a9,TI-03_20260515_0028.jpg,2026-05-15 08:16:03,TI-03,drone,doente,pinta_preta,0.9842,agrosmart-v1,simulado,sim-2026-05
090605e7-0b7c-5c80-aca9-80dae82c4506,BV-03_20260515_0018.jpg,2026-05-15 08:16:18,BV-03,smartphone,saudavel,saudavel,0.9816,agrosmart-v1,simulado,sim-2026-05
aa399d1b-298c-578a-b3aa-d680a6cfa87a,TI-03_20260515_0029.jpg,2026-05-15 08:16:20,TI-03,drone,saudavel,saudavel,0.8910,agrosmart-v1,simulado,sim-2026-05
ef9b4bd0-1de7-5677-8843-53b132db7522,SC-01_20260515_0009.jpg,2026-05-15 08:16:22,SC-01,smartphone,saudavel,saudavel,0.9692,agrosmart-v1,simulado,sim-2026-05
53a9869d-be3e-50c0-b1b8-aee588a3e812,TI-01_20260515_0012.jpg,2026-05-15 08:16:30,TI-01,drone,saudavel,saudavel,0.8285,agrosmart-v1,simulado,sim-2026-05
c8fdc008-a235-5aaa-890b-84933b6a0860,TI-01_20260515_0013.jpg,2026-05-15 08:16:43,TI-01,drone,saudavel,saudavel,0.9492,agrosmart-v1,simulado,sim-2026-05
ba6ce106-3a2f-53cd-b3cc-da4bfb1af916,SC-01_20260515_0010.jpg,2026-05-15 08:16:47,SC-01,smartphone,saudavel,saudavel,0.8811,agrosmart-v1,simulado,sim-2026-05
914320a2-b885-50dc-92f8-e32041b75511,BV-03_20260515_0019.jpg,2026-05-15 08:16:58,BV-03,smartphone,saudavel,saudavel,0.9985,agrosmart-v1,simulado,sim-2026-05
cf955f24-82ef-5c78-96ca-622f5339a59a,TI-03_20260515_0030.jpg,2026-05-15 08:17:05,TI-03,drone,saudavel,saudavel,0.9235,agrosmart-v1,simulado,sim-2026-05
e7f77eed-1b40-555c-9d64-f35a63ac006a,BV-03_20260515_0020.jpg,2026-05-15 08:17:37,BV-03,smartphone,saudavel,saudavel,0.8224,agrosmart-v1,simulado,sim-2026-05
bf9a4982-5543-5729-8ab6-73d59942f804,TI-03_20260515_0031.jpg,2026-05-15 08:17:42,TI-03,drone,saudavel,saudavel,0.9922,agrosmart-v1,simulado,sim-2026-05
c5ddc606-f0ff-5447-9ecb-bc067934c9fd,SC-01_20260515_0011.jpg,2026-05-15 08:17:49,SC-01,smartphone,saudavel,saudavel,0.9299,agrosmart-v1,simulado,sim-2026-05
498e8d17-7510-5594-8c60-8daa2ef04f31,TI-01_20260515_0014.jpg,2026-05-15 08:17:50,TI-01,drone,saudavel,saudavel,0.9589,agrosmart-v1,simulado,sim-2026-05
f724e266-4488-5096-98de-1d0894010fe7,BV-03_20260515_0021.jpg,2026-05-15 08:18:23,BV-03,smartphone,saudavel,saudavel,0.9483,agrosmart-v1,simulado,sim-2026-05
ef26029d-8e2f-5770-bb2c-4b6eb08745c4,TI-03_20260515_0032.jpg,2026-05-15 08:18:25,TI-03,drone,saudavel,saudavel,0.9033,agrosmart-v1,simulado,sim-2026-05
15b8aac2-fefa-5ee9-859e-ab8b4a82eb5b,TI-01_20260515_0015.jpg,2026-05-15 08:18:27,TI-01,drone,saudavel,saudavel,1.0000,agrosmart-v1,simulado,sim-2026-05
5a22d15d-5fdc-5755-8fb0-27dc4b963b9b,SC-01_20260515_0012.jpg,2026-05-15 08:18:30,SC-01,smartphone,saudavel,saudavel,0.9619,agrosmart-v1,simulado,sim-2026-05
2dbad0f2-3725-55f1-88ec-c5ac1ff5aa5a,BV-03_20260515_0022.jpg,2026-05-15 08:18:55,BV-03,smartphone,saudavel,saudavel,0.8873,agrosmart-v1,simulado,sim-2026-05
1d77304d-2ac2-5dc2-a1fd-bccc81aeabcc,SC-01_20260515_0013.jpg,2026-05-15 08:18:59,SC-01,smartphone,saudavel,saudavel,0.5652,agrosmart-v1,simulado,sim-2026-05
22f7f608-5726-5a5a-92e1-00267c5cecc2,TI-01_20260515_0016.jpg,2026-05-15 08:19:06,TI-01,drone,saudavel,saudavel,0.8707,agrosmart-v1,simulado,sim-2026-05
0f67d8f3-adf1-55c0-b750-20f5f82eb1e3,TI-03_20260515_0033.jpg,2026-05-15 08:19:17,TI-03,drone,saudavel,saudavel,0.9254,agrosmart-v1,simulado,sim-2026-05
596763fe-487d-5dd3-8732-a15fc27a84b3,TI-01_20260515_0017.jpg,2026-05-15 08:19:28,TI-01,drone,saudavel,saudavel,0.7615,agrosmart-v1,simulado,sim-2026-05
4cd5ea7a-edd2-5de8-b5b0-657cbf1451c9,BV-03_20260515_0023.jpg,2026-05-15 08:19:36,BV-03,smartphone,saudavel,saudavel,0.9971,agrosmart-v1,simulado,sim-2026-05
682a9193-4a85-58fb-b123-b795d669af00,SC-01_20260515_0014.jpg,2026-05-15 08:19:49,SC-01,smartphone,doente,pinta_preta,0.9478,agrosmart-v1,simulado,sim-2026-05
4b86694d-1909-56cc-96e4-c89bd99fa592,BV-03_20260515_0024.jpg,2026-05-15 08:20:01,BV-03,smartphone,saudavel,saudavel,0.9550,agrosmart-v1,simulado,sim-2026-05
e9c039c8-5da8-5ab4-8360-611472fc1888,TI-03_20260515_0034.jpg,2026-05-15 08:20:04,TI-03,drone,saudavel,saudavel,0.8636,agrosmart-v1,simulado,sim-2026-05
91ab253f-cc3e-5f2e-905a-1fd80df59573,TI-01_20260515_0018.jpg,2026-05-15 08:20:13,TI-01,drone,saudavel,saudavel,0.9743,agrosmart-v1,simulado,sim-2026-05
5743ad08-98a4-54f7-8269-eb064ee45ee6,TI-03_20260515_0035.jpg,2026-05-15 08:20:22,TI-03,drone,saudavel,saudavel,0.8518,agrosmart-v1,simulado,sim-2026-05
9c19f5c5-3627-50bb-8dba-23eb3c63d99a,SC-01_20260515_0015.jpg,2026-05-15 08:20:27,SC-01,smartphone,saudavel,saudavel,0.6834,agrosmart-v1,simulado,sim-2026-05
84eb07de-9c72-5521-8437-771af5ea9aeb,BV-03_20260515_0025.jpg,2026-05-15 08:20:54,BV-03,smartphone,saudavel,saudavel,0.9530,agrosmart-v1,simulado,sim-2026-05
a1d6dc61-cb35-5c0f-a454-4c9e49999c45,SC-01_20260515_0016.jpg,2026-05-15 08:20:54,SC-01,smartphone,saudavel,saudavel,0.9948,agrosmart-v1,simulado,sim-2026-05
2cab5dc1-4565-517a-9e75-6462233c49d4,TI-01_20260515_0019.jpg,2026-05-15 08:20:59,TI-01,drone,saudavel,saudavel,0.8959,agrosmart-v1,simulado,sim-2026-05
a3b0fad3-bcec-5d3c-9d6b-5543f771e719,TI-03_20260515_0036.jpg,2026-05-15 08:21:09,TI-03,drone,saudavel,saudavel,0.9713,agrosmart-v1,simulado,sim-2026-05
6e939b3b-ac0a-5a15-9e2c-df65236e363b,SC-01_20260515_0017.jpg,2026-05-15 08:21:28,SC-01,smartphone,saudavel,saudavel,0.9912,agrosmart-v1,simulado,sim-2026-05
bb356836-d489-557b-b9e9-b9d48129076a,TI-01_20260515_0020.jpg,2026-05-15 08:21:31,TI-01,drone,saudavel,saudavel,0.9519,agrosmart-v1,simulado,sim-2026-05
4d402a91-79d9-51e8-a490-7cc68bf96ab2,TI-03_20260515_0037.jpg,2026-05-15 08:21:40,TI-03,drone,saudavel,saudavel,0.9931,agrosmart-v1,simulado,sim-2026-05
af6dc386-0b9b-52b8-b1a6-d69e5615c4dd,TI-01_20260515_0021.jpg,2026-05-15 08:22:06,TI-01,drone,saudavel,saudavel,0.8833,agrosmart-v1,simulado,sim-2026-05
a8d8f8e0-f969-55a5-ad28-b0e04ea1068c,SC-01_20260515_0018.jpg,2026-05-15 08:22:14,SC-01,smartphone,doente,mosca_minadora,0.9463,agrosmart-v1,simulado,sim-2026-05
2d21f527-5ce3-5881-b484-7b89cbc84434,TI-03_20260515_0038.jpg,2026-05-15 08:22:44,TI-03,drone,saudavel,saudavel,0.8849,agrosmart-v1,simulado,sim-2026-05
18edbb88-4ecb-58f1-b8c0-165317515cdf,SC-01_20260515_0019.jpg,2026-05-15 08:22:51,SC-01,smartphone,saudavel,saudavel,0.8901,agrosmart-v1,simulado,sim-2026-05
32c95f66-4bdc-51c9-baf2-6e728c18f919,TI-01_20260515_0022.jpg,2026-05-15 08:23:06,TI-01,drone,saudavel,saudavel,0.9712,agrosmart-v1,simulado,sim-2026-05
1a125455-488f-56e2-8d15-97d2a0e62713,TI-03_20260515_0039.jpg,2026-05-15 08:23:18,TI-03,drone,saudavel,saudavel,0.9995,agrosmart-v1,simulado,sim-2026-05
49e416a0-a37b-55b3-89e2-6448755d350f,TI-01_20260515_0023.jpg,2026-05-15 08:23:22,TI-01,drone,saudavel,saudavel,0.9646,agrosmart-v1,simulado,sim-2026-05
df8bc0ab-ed3a-573d-b2c7-fe437e0de6f3,TI-03_20260515_0040.jpg,2026-05-15 08:23:40,TI-03,drone,saudavel,saudavel,0.9601,agrosmart-v1,simulado,sim-2026-05
99550939-2f0c-5822-90de-10da015f6247,SC-01_20260515_0020.jpg,2026-05-15 08:23:41,SC-01,smartphone,saudavel,saudavel,0.8377,agrosmart-v1,simulado,sim-2026-05
8fd2de33-683e-5cae-9e8d-88f61483c32e,SC-01_20260515_0021.jpg,2026-05-15 08:24:10,SC-01,smartphone,doente,requeima,0.9983,agrosmart-v1,simulado,sim-2026-05
0fc8ca28-9149-5221-8617-4ba94f391abb,TI-01_20260515_0024.jpg,2026-05-15 08:24:11,TI-01,drone,saudavel,saudavel,0.9399,agrosmart-v1,simulado,sim-2026-05
1d678c06-9da5-530f-8698-2a7c70b7e749,TI-03_20260515_0041.jpg,2026-05-15 08:24:26,TI-03,drone,saudavel,saudavel,0.9925,agrosmart-v1,simulado,sim-2026-05
003d4bcd-b905-5f9a-87d3-d490c3544102,TI-01_20260515_0025.jpg,2026-05-15 08:24:48,TI-01,drone,saudavel,saudavel,0.9985,agrosmart-v1,simulado,sim-2026-05
b6d6017a-36e8-5541-b065-edf16f8aa919,SC-01_20260515_0022.jpg,2026-05-15 08:24:49,SC-01,smartphone,saudavel,saudavel,0.8514,agrosmart-v1,simulado,sim-2026-05
beefbd12-9d14-5d8a-812b-70cf44ef58dd,TI-03_20260515_0042.jpg,2026-05-15 08:25:15,TI-03,drone,saudavel,saudavel,0.8676,agrosmart-v1,simulado,sim-2026-05
77c46d8a-394d-50a8-b63f-784d3155bd32,SC-01_20260515_0023.jpg,2026-05-15 08:25:27,SC-01,smartphone,saudavel,saudavel,0.9304,agrosmart-v1,simulado,sim-2026-05
5b86134a-3dec-5172-868e-8d7a5f96332d,TI-03_20260515_0043.jpg,2026-05-15 08:25:43,TI-03,drone,saudavel,saudavel,0.9893,agrosmart-v1,simulado,sim-2026-05
d92b8928-efea-56d9-80b1-bf564b7d7c9b,TI-01_20260515_0026.jpg,2026-05-15 08:25:44,TI-01,drone,saudavel,saudavel,0.8801,agrosmart-v1,simulado,sim-2026-05
f8cb9cc8-d5ed-5886-8f6c-771df0ecd24a,SC-01_20260515_0024.jpg,2026-05-15 08:26:04,SC-01,smartphone,saudavel,saudavel,0.9547,agrosmart-v1,simulado,sim-2026-05
b27fc496-522a-5328-a232-4f426a08de43,TI-01_20260515_0027.jpg,2026-05-15 08:26:17,TI-01,drone,saudavel,saudavel,0.6435,agrosmart-v1,simulado,sim-2026-05
e23f3a18-b676-5815-bb07-d57e5aafaf33,SC-01_20260515_0025.jpg,2026-05-15 08:26:43,SC-01,smartphone,saudavel,saudavel,0.9972,agrosmart-v1,simulado,sim-2026-05
cc6828a3-121b-553e-be82-cc552045a7ad,TI-01_20260515_0028.jpg,2026-05-15 08:26:59,TI-01,drone,saudavel,saudavel,0.9157,agrosmart-v1,simulado,sim-2026-05
e882d7f1-e7dc-548e-be2a-22b3988c9df1,SC-01_20260515_0026.jpg,2026-05-15 08:27:24,SC-01,smartphone,saudavel,saudavel,0.8867,agrosmart-v1,simulado,sim-2026-05
e490a016-12c8-5890-8b46-51923b412915,TI-01_20260515_0029.jpg,2026-05-15 08:27:48,TI-01,drone,saudavel,saudavel,0.9957,agrosmart-v1,simulado,sim-2026-05
085d1fae-d61b-5988-9ec5-4945ec71278e,TI-01_20260515_0030.jpg,2026-05-15 08:28:16,TI-01,drone,saudavel,saudavel,0.8757,agrosmart-v1,simulado,sim-2026-05
db727030-f15b-5d5e-b85f-65435390dbd6,SC-01_20260515_0027.jpg,2026-05-15 08:28:20,SC-01,smartphone,saudavel,saudavel,0.8945,agrosmart-v1,simulado,sim-2026-05
164cd0a1-b1d8-59eb-8e72-cdc3fd4967da,SC-01_20260515_0028.jpg,2026-05-15 08:28:41,SC-01,smartphone,saudavel,saudavel,0.9146,agrosmart-v1,simulado,sim-2026-05
27620a1c-f42f-504f-81c8-04db6d05c7ec,TI-01_20260515_0031.jpg,2026-05-15 08:29:09,TI-01,drone,saudavel,saudavel,0.9553,agrosmart-v1,simulado,sim-2026-05
cc163169-447e-530f-b08a-7f4e721f174b,TI-01_20260515_0032.jpg,2026-05-15 08:29:20,TI-01,drone,saudavel,saudavel,0.9775,agrosmart-v1,simulado,sim-2026-05
901bf7f8-85c6-5aff-a86b-9d0dd99a0eed,SC-01_20260515_0029.jpg,2026-05-15 08:29:24,SC-01,smartphone,saudavel,saudavel,0.8616,agrosmart-v1,simulado,sim-2026-05
55e1ca78-6b8b-5ef3-a6ad-b1bc7b67809b,TI-01_20260515_0033.jpg,2026-05-15 08:30:01,TI-01,drone,saudavel,saudavel,0.9982,agrosmart-v1,simulado,sim-2026-05
7ee5fb5d-707d-533d-8342-63184bda8b3b,SC-01_20260515_0030.jpg,2026-05-15 08:30:06,SC-01,smartphone,saudavel,saudavel,0.9342,agrosmart-v1,simulado,sim-2026-05
2525a5ae-dd16-537f-a178-0dc4e34cf854,SC-01_20260515_0031.jpg,2026-05-15 08:30:58,SC-01,smartphone,saudavel,saudavel,0.9980,agrosmart-v1,simulado,sim-2026-05
619c36d8-60a5-5fa4-a29f-d6ead04ad9b2,TI-01_20260515_0034.jpg,2026-05-15 08:31:03,TI-01,drone,saudavel,saudavel,0.8256,agrosmart-v1,simulado,sim-2026-05
0e8ebc5d-aa05-5e38-a521-47399714fde4,TI-01_20260515_0035.jpg,2026-05-15 08:31:26,TI-01,drone,saudavel,saudavel,0.8451,agrosmart-v1,simulado,sim-2026-05
09e0dd63-2000-5bd4-bf9e-cfd322d3b17e,SC-01_20260515_0032.jpg,2026-05-15 08:31:49,SC-01,smartphone,saudavel,saudavel,0.8982,agrosmart-v1,simulado,sim-2026-05
c6d7bdb4-aad6-5b49-b726-2b2f210effa3,SC-01_20260515_0033.jpg,2026-05-15 08:32:08,SC-01,smartphone,saudavel,saudavel,0.9649,agrosmart-v1,simulado,sim-2026-05
123b6a12-7c3a-5548-b359-8886aadfb879,TI-01_20260515_0036.jpg,2026-05-15 08:32:12,TI-01,drone,saudavel,saudavel,0.9684,agrosmart-v1,simulado,sim-2026-05
9533aa68-225e-5cf4-af37-dc17a9c8b25a,TI-01_20260515_0037.jpg,2026-05-15 08:32:40,TI-01,drone,saudavel,saudavel,0.9995,agrosmart-v1,simulado,sim-2026-05
5e91f41c-4e5e-5bfd-a673-834b10a9f70c,SC-01_20260515_0034.jpg,2026-05-15 08:32:57,SC-01,smartphone,saudavel,saudavel,0.9131,agrosmart-v1,simulado,sim-2026-05
3cd7a1be-5770-519b-8a6c-1c1ab63c7046,TI-01_20260515_0038.jpg,2026-05-15 08:33:30,TI-01,drone,saudavel,saudavel,0.9181,agrosmart-v1,simulado,sim-2026-05
fb4edb52-cd7d-5738-91e5-d6a0e893e678,SC-01_20260515_0035.jpg,2026-05-15 08:33:43,SC-01,smartphone,saudavel,saudavel,0.8423,agrosmart-v1,simulado,sim-2026-05
06663576-9756-5217-8a11-ddc06473138d,TI-01_20260515_0039.jpg,2026-05-15 08:34:25,TI-01,drone,saudavel,saudavel,0.9442,agrosmart-v1,simulado,sim-2026-05
a1ae5248-b783-5007-9ed6-683c9aead819,SC-01_20260515_0036.jpg,2026-05-15 08:34:30,SC-01,smartphone,saudavel,saudavel,0.9822,agrosmart-v1,simulado,sim-2026-05
c1c0f49e-d4f8-5435-9673-2ce56f7984ff,SC-01_20260515_0037.jpg,2026-05-15 08:34:42,SC-01,smartphone,saudavel,saudavel,0.9987,agrosmart-v1,simulado,sim-2026-05
f00c494b-f281-5b1a-af41-facf9ab601bd,TI-01_20260515_0040.jpg,2026-05-15 08:35:03,TI-01,drone,saudavel,saudavel,0.8564,agrosmart-v1,simulado,sim-2026-05
faeaef14-1f29-553b-b6d4-57d8da23ca3d,TI-01_20260515_0041.jpg,2026-05-15 08:35:33,TI-01,drone,saudavel,saudavel,0.9440,agrosmart-v1,simulado,sim-2026-05
f2a98b44-bdc8-5b84-a8fd-0d6cf869b690,TI-01_20260515_0042.jpg,2026-05-15 08:36:09,TI-01,drone,saudavel,saudavel,0.8345,agrosmart-v1,simulado,sim-2026-05
4bcd1728-c0a4-5d42-8085-4378cd76e8be,TI-01_20260515_0043.jpg,2026-05-15 08:36:57,TI-01,drone,saudavel,saudavel,0.9980,agrosmart-v1,simulado,sim-2026-05
c88c1c11-697d-5be4-a735-e11257cef739,TI-04_20260515_0001.jpg,2026-05-15 08:49:07,TI-04,drone,saudavel,saudavel,0.9498,agrosmart-v1,simulado,sim-2026-05
598b5584-cb18-5d46-a92e-e3956531243e,TI-04_20260515_0002.jpg,2026-05-15 08:49:35,TI-04,drone,saudavel,saudavel,1.0000,agrosmart-v1,simulado,sim-2026-05
58d998f7-6005-540b-b5fc-3e687abe14b4,TI-04_20260515_0003.jpg,2026-05-15 08:50:18,TI-04,drone,saudavel,saudavel,0.9952,agrosmart-v1,simulado,sim-2026-05
b2bc3520-f57c-5f57-b1b7-3f387ab01ca3,TI-04_20260515_0004.jpg,2026-05-15 08:51:02,TI-04,drone,saudavel,saudavel,0.8999,agrosmart-v1,simulado,sim-2026-05
c05ed822-5014-5721-9b57-dd175084f685,TI-04_20260515_0005.jpg,2026-05-15 08:51:24,TI-04,drone,saudavel,saudavel,0.8983,agrosmart-v1,simulado,sim-2026-05
867a8759-f43a-50e1-8da1-e6452e1ed1a5,TI-04_20260515_0006.jpg,2026-05-15 08:52:24,TI-04,drone,saudavel,saudavel,0.6956,agrosmart-v1,simulado,sim-2026-05
d9b4118e-3120-5c45-9283-4d9a7a3137c1,TI-04_20260515_0007.jpg,2026-05-15 08:52:41,TI-04,drone,saudavel,saudavel,0.9889,agrosmart-v1,simulado,sim-2026-05
8a994ed7-ef01-5921-885c-5c6d244123e6,BV-01_20260515_0001.jpg,2026-05-15 08:53:07,BV-01,smartphone,doente,pinta_preta,0.8837,agrosmart-v1,simulado,sim-2026-05
0439e4c0-84d7-5500-ab65-7f09e5d4369d,BV-01_20260515_0002.jpg,2026-05-15 08:53:21,BV-01,smartphone,saudavel,saudavel,0.9531,agrosmart-v1,simulado,sim-2026-05
c375833d-227d-55f6-87cf-d3a81fe88d0b,TI-04_20260515_0008.jpg,2026-05-15 08:53:50,TI-04,drone,saudavel,saudavel,0.9762,agrosmart-v1,simulado,sim-2026-05
666a6335-9cbb-5527-bf1b-6a75052040ef,BV-01_20260515_0003.jpg,2026-05-15 08:54:19,BV-01,smartphone,saudavel,saudavel,0.9998,agrosmart-v1,simulado,sim-2026-05
dbc26dee-dd47-5d5d-a935-50a9e514be4c,TI-04_20260515_0009.jpg,2026-05-15 08:54:29,TI-04,drone,saudavel,saudavel,0.8731,agrosmart-v1,simulado,sim-2026-05
f0bd4600-06df-52d6-bbd2-130dd2ce744d,BV-01_20260515_0004.jpg,2026-05-15 08:54:40,BV-01,smartphone,saudavel,saudavel,0.9986,agrosmart-v1,simulado,sim-2026-05
3bd8ebfd-5b42-5f0a-a12f-5f1945f6a79c,TI-04_20260515_0010.jpg,2026-05-15 08:54:58,TI-04,drone,saudavel,saudavel,0.9760,agrosmart-v1,simulado,sim-2026-05
0e555785-0432-52e4-93e2-3453a7bff4e4,TI-04_20260515_0011.jpg,2026-05-15 08:55:23,TI-04,drone,saudavel,saudavel,0.9819,agrosmart-v1,simulado,sim-2026-05
aaf5d7d0-0163-52c0-b953-31f9c08ad204,BV-01_20260515_0005.jpg,2026-05-15 08:55:32,BV-01,smartphone,saudavel,saudavel,0.9719,agrosmart-v1,simulado,sim-2026-05
6f7c403f-7f74-585d-86e5-793cc60ef674,BV-01_20260515_0006.jpg,2026-05-15 08:56:16,BV-01,smartphone,saudavel,saudavel,0.7100,agrosmart-v1,simulado,sim-2026-05
81364d93-4317-53bc-9832-9957975570a8,TI-04_20260515_0012.jpg,2026-05-15 08:56:20,TI-04,drone,saudavel,saudavel,0.9952,agrosmart-v1,simulado,sim-2026-05
e5d8f083-d9dc-5c8a-a2b8-720ca126cb09,BV-01_20260515_0007.jpg,2026-05-15 08:56:57,BV-01,smartphone,saudavel,saudavel,0.8761,agrosmart-v1,simulado,sim-2026-05
9ea881b9-7eb2-526e-a0f3-29373f64cfd6,TI-04_20260515_0013.jpg,2026-05-15 08:56:58,TI-04,drone,saudavel,saudavel,0.9608,agrosmart-v1,simulado,sim-2026-05
9c668db4-5eca-5521-888b-a5c556eaa60d,TI-04_20260515_0014.jpg,2026-05-15 08:57:27,TI-04,drone,saudavel,saudavel,0.8578,agrosmart-v1,simulado,sim-2026-05
d85527a7-693f-54a0-afa3-21befaa534ab,BV-01_20260515_0008.jpg,2026-05-15 08:57:31,BV-01,smartphone,saudavel,saudavel,0.8803,agrosmart-v1,simulado,sim-2026-05
a50e1d9a-b0ed-5656-a982-734443645017,TI-04_20260515_0015.jpg,2026-05-15 08:58:25,TI-04,drone,saudavel,saudavel,0.8861,agrosmart-v1,simulado,sim-2026-05
1c8fc354-661c-523c-9f09-271a62c2ae70,BV-01_20260515_0009.jpg,2026-05-15 08:58:30,BV-01,smartphone,saudavel,saudavel,0.8444,agrosmart-v1,simulado,sim-2026-05
e9fa5239-2a67-5499-af63-cae1c2a93659,BV-01_20260515_0010.jpg,2026-05-15 08:58:48,BV-01,smartphone,saudavel,saudavel,0.9539,agrosmart-v1,simulado,sim-2026-05
b64af882-59e0-5a2f-938a-79ed3d67c24a,TI-04_20260515_0016.jpg,2026-05-15 08:58:52,TI-04,drone,saudavel,saudavel,0.9933,agrosmart-v1,simulado,sim-2026-05
7250b428-d3f1-5479-bf02-6b3fc226e96c,BV-01_20260515_0011.jpg,2026-05-15 08:59:36,BV-01,smartphone,saudavel,saudavel,0.8386,agrosmart-v1,simulado,sim-2026-05
3ba0e5f4-9ea6-5204-ab93-e204b3c99f23,TI-04_20260515_0017.jpg,2026-05-15 08:59:38,TI-04,drone,saudavel,saudavel,0.8995,agrosmart-v1,simulado,sim-2026-05
1b01dd2b-ef4f-5ef5-bf44-c8bdbe292bda,TI-04_20260515_0018.jpg,2026-05-15 09:00:23,TI-04,drone,saudavel,saudavel,0.9272,agrosmart-v1,simulado,sim-2026-05
caa28feb-142e-5891-932a-183aa00a65ad,BV-01_20260515_0012.jpg,2026-05-15 09:00:30,BV-01,smartphone,saudavel,saudavel,0.9479,agrosmart-v1,simulado,sim-2026-05
1318d74f-c818-53b8-810d-ae54c6944fcc,TI-04_20260515_0019.jpg,2026-05-15 09:00:44,TI-04,drone,saudavel,saudavel,0.9793,agrosmart-v1,simulado,sim-2026-05
f6e7526b-abda-59fc-ba1b-3e0376a1adfd,BV-01_20260515_0013.jpg,2026-05-15 09:00:48,BV-01,smartphone,saudavel,saudavel,0.8320,agrosmart-v1,simulado,sim-2026-05
ad1bc728-538f-541e-ba55-ad2c95b5f1a0,BV-01_20260515_0014.jpg,2026-05-15 09:01:44,BV-01,smartphone,saudavel,saudavel,0.9792,agrosmart-v1,simulado,sim-2026-05
a096d2d5-82e3-5bae-89e3-fe8a7f24953e,TI-04_20260515_0020.jpg,2026-05-15 09:01:45,TI-04,drone,saudavel,saudavel,0.9004,agrosmart-v1,simulado,sim-2026-05
a397eeb8-bca9-5767-a4f5-ea9558d9307d,TI-04_20260515_0021.jpg,2026-05-15 09:02:05,TI-04,drone,saudavel,saudavel,0.9084,agrosmart-v1,simulado,sim-2026-05
aad77a30-62bb-5520-a19f-d61d77f037d6,BV-01_20260515_0015.jpg,2026-05-15 09:02:21,BV-01,smartphone,saudavel,saudavel,0.9380,agrosmart-v1,simulado,sim-2026-05
b10b4d4d-afc2-5eaf-a746-81f20c518ff2,BV-01_20260515_0016.jpg,2026-05-15 09:02:43,BV-01,smartphone,doente,vaquinha,0.9736,agrosmart-v1,simulado,sim-2026-05
fac8aed2-c16e-53d8-9475-e2076191a987,TI-04_20260515_0022.jpg,2026-05-15 09:03:01,TI-04,drone,saudavel,saudavel,0.9828,agrosmart-v1,simulado,sim-2026-05
75c9e8fa-fd3f-5624-af9b-18d004db910d,TI-04_20260515_0023.jpg,2026-05-15 09:03:23,TI-04,drone,saudavel,saudavel,0.9367,agrosmart-v1,simulado,sim-2026-05
cbb93610-62bf-5951-8419-56219b40ccce,BV-01_20260515_0017.jpg,2026-05-15 09:03:27,BV-01,smartphone,saudavel,saudavel,0.9905,agrosmart-v1,simulado,sim-2026-05
c288e887-0f9d-5c35-8dbb-7362d7830944,BV-01_20260515_0018.jpg,2026-05-15 09:04:30,BV-01,smartphone,saudavel,saudavel,0.9484,agrosmart-v1,simulado,sim-2026-05
ce1ccde7-0d1f-56a1-becc-16e961450ef6,TI-04_20260515_0024.jpg,2026-05-15 09:04:30,TI-04,drone,saudavel,saudavel,0.9039,agrosmart-v1,simulado,sim-2026-05
8b0a69db-cdba-5fd6-8a45-d9085ffeaf61,TI-04_20260515_0025.jpg,2026-05-15 09:04:44,TI-04,drone,saudavel,saudavel,0.8920,agrosmart-v1,simulado,sim-2026-05
58304e65-8c27-5d1a-9c96-ceab751d29fd,BV-01_20260515_0019.jpg,2026-05-15 09:04:48,BV-01,smartphone,saudavel,saudavel,0.9984,agrosmart-v1,simulado,sim-2026-05
f4fce26d-c879-5ba3-b755-235c77073d50,TI-04_20260515_0026.jpg,2026-05-15 09:05:23,TI-04,drone,saudavel,saudavel,0.9546,agrosmart-v1,simulado,sim-2026-05
75793bce-5381-5288-9b20-146d0d04b0c0,BV-01_20260515_0020.jpg,2026-05-15 09:05:46,BV-01,smartphone,saudavel,saudavel,0.9446,agrosmart-v1,simulado,sim-2026-05
68097c74-e341-564e-8332-de6df88cbbeb,BV-01_20260515_0021.jpg,2026-05-15 09:06:10,BV-01,smartphone,saudavel,saudavel,0.8560,agrosmart-v1,simulado,sim-2026-05
bf7530d4-bb9d-5af6-9d12-29aebca3f8a8,TI-04_20260515_0027.jpg,2026-05-15 09:06:13,TI-04,drone,saudavel,saudavel,0.9803,agrosmart-v1,simulado,sim-2026-05
e166d71d-c87e-5a29-a431-9dedb0e8b96e,TI-04_20260515_0028.jpg,2026-05-15 09:06:44,TI-04,drone,saudavel,saudavel,0.9698,agrosmart-v1,simulado,sim-2026-05
b29f1f75-5787-5bc9-b1f7-f7548ef61ebc,BV-01_20260515_0022.jpg,2026-05-15 09:07:10,BV-01,smartphone,saudavel,saudavel,0.8442,agrosmart-v1,simulado,sim-2026-05
e84975b5-a9f5-58c4-bb89-6d4aa7b5302d,TI-04_20260515_0029.jpg,2026-05-15 09:07:21,TI-04,drone,saudavel,saudavel,0.8611,agrosmart-v1,simulado,sim-2026-05
fe8e1c7d-785f-504c-b492-fad3ca66e93d,BV-01_20260515_0023.jpg,2026-05-15 09:07:43,BV-01,smartphone,saudavel,saudavel,0.9026,agrosmart-v1,simulado,sim-2026-05
2ed65d3e-8d3a-518a-bceb-f58545ce427c,BV-01_20260515_0024.jpg,2026-05-15 09:08:06,BV-01,smartphone,saudavel,saudavel,0.8745,agrosmart-v1,simulado,sim-2026-05
0283be9c-7135-545d-93d9-5e2ed6fb5b69,TI-04_20260515_0030.jpg,2026-05-15 09:08:29,TI-04,drone,saudavel,saudavel,0.8255,agrosmart-v1,simulado,sim-2026-05
9c4e3bb5-23b2-5714-a50f-56761b7f8a5e,BV-01_20260515_0025.jpg,2026-05-15 09:08:51,BV-01,smartphone,saudavel,saudavel,0.9980,agrosmart-v1,simulado,sim-2026-05
8f780ee0-4a8f-5ef9-9385-b5247ea5a261,TI-04_20260515_0031.jpg,2026-05-15 09:09:07,TI-04,drone,saudavel,saudavel,0.9587,agrosmart-v1,simulado,sim-2026-05
6b90b88a-1c2e-583c-977d-d99356b8084e,TI-04_20260515_0032.jpg,2026-05-15 09:09:29,TI-04,drone,saudavel,saudavel,0.9560,agrosmart-v1,simulado,sim-2026-05
f87fc4c2-f05e-59a9-a6a7-0fb47c172675,BV-01_20260515_0026.jpg,2026-05-15 09:09:41,BV-01,smartphone,saudavel,saudavel,0.9563,agrosmart-v1,simulado,sim-2026-05
50059e98-8192-5b9c-93d4-3347bd2baa04,BV-01_20260515_0027.jpg,2026-05-15 09:10:27,BV-01,smartphone,doente,requeima,0.9997,agrosmart-v1,simulado,sim-2026-05
09a3181d-964c-5a07-801b-094f48fe319f,TI-04_20260515_0033.jpg,2026-05-15 09:10:27,TI-04,drone,saudavel,saudavel,0.9643,agrosmart-v1,simulado,sim-2026-05
ba0e7487-b2cb-5c8a-b494-67a146145ef9,BV-01_20260515_0028.jpg,2026-05-15 09:10:59,BV-01,smartphone,saudavel,saudavel,0.8548,agrosmart-v1,simulado,sim-2026-05
2c8f91a4-1d63-53ce-8a99-ce2b7a42cd1f,TI-04_20260515_0034.jpg,2026-05-15 09:11:04,TI-04,drone,saudavel,saudavel,0.9828,agrosmart-v1,simulado,sim-2026-05
43cf916c-7d0d-5bf3-98c6-7bca7e8c73a4,BV-01_20260515_0029.jpg,2026-05-15 09:11:38,BV-01,smartphone,saudavel,saudavel,0.9566,agrosmart-v1,simulado,sim-2026-05
2d819684-ba71-51b9-9037-6fe802c5818b,TI-04_20260515_0035.jpg,2026-05-15 09:11:47,TI-04,drone,saudavel,saudavel,0.9189,agrosmart-v1,simulado,sim-2026-05
34bb711f-06dc-54dd-82c1-a652bc6f8feb,TI-04_20260515_0036.jpg,2026-05-15 09:12:02,TI-04,drone,saudavel,saudavel,0.6273,agrosmart-v1,simulado,sim-2026-05
e006e0ba-9ac5-53d9-833a-6a73128d0f01,BV-01_20260515_0030.jpg,2026-05-15 09:12:29,BV-01,smartphone,saudavel,saudavel,0.9715,agrosmart-v1,simulado,sim-2026-05
ba383a53-897b-5384-8f1e-8313de8d9c6a,BV-01_20260515_0031.jpg,2026-05-15 09:12:44,BV-01,smartphone,saudavel,saudavel,0.8850,agrosmart-v1,simulado,sim-2026-05
5533e11d-23ef-55c2-bce5-28586d24d010,TI-04_20260515_0037.jpg,2026-05-15 09:12:50,TI-04,drone,saudavel,saudavel,0.9374,agrosmart-v1,simulado,sim-2026-05
a0b6dd41-084e-5479-9a4e-8b10cf486801,TI-04_20260515_0038.jpg,2026-05-15 09:13:43,TI-04,drone,saudavel,saudavel,0.8466,agrosmart-v1,simulado,sim-2026-05
a40dc7f7-785d-5921-b7cf-31f149437893,SC-04_20260515_0001.jpg,2026-05-15 09:23:06,SC-04,smartphone,saudavel,saudavel,0.9228,agrosmart-v1,simulado,sim-2026-05
6700dbbd-2161-565d-acca-614268048efc,SC-04_20260515_0002.jpg,2026-05-15 09:23:39,SC-04,smartphone,saudavel,saudavel,0.9993,agrosmart-v1,simulado,sim-2026-05
8c6e1850-a024-5b36-9b4b-852e667351e6,SC-04_20260515_0003.jpg,2026-05-15 09:24:10,SC-04,smartphone,saudavel,saudavel,0.9850,agrosmart-v1,simulado,sim-2026-05
9d819637-cf0f-52c6-8b7d-ba1c82e33aa0,SC-04_20260515_0004.jpg,2026-05-15 09:25:01,SC-04,smartphone,saudavel,saudavel,0.9999,agrosmart-v1,simulado,sim-2026-05
e1249917-2229-5a3f-b456-93b93ccfcc63,SC-04_20260515_0005.jpg,2026-05-15 09:25:38,SC-04,smartphone,saudavel,saudavel,0.9986,agrosmart-v1,simulado,sim-2026-05
62ebfd1a-1b60-5651-b72b-7e6e97626d3a,SC-04_20260515_0006.jpg,2026-05-15 09:26:20,SC-04,smartphone,saudavel,saudavel,0.9739,agrosmart-v1,simulado,sim-2026-05
4ab9411e-ac4a-5ac3-9666-8ff4d9e15ef2,SC-04_20260515_0007.jpg,2026-05-15 09:27:07,SC-04,smartphone,saudavel,saudavel,0.8718,agrosmart-v1,simulado,sim-2026-05
42ae00e9-424c-59f6-9b10-2d49f7e80d8c,SC-04_20260515_0008.jpg,2026-05-15 09:27:28,SC-04,smartphone,saudavel,saudavel,0.9994,agrosmart-v1,simulado,sim-2026-05
31952701-05cf-5f27-a8be-a0bd10938037,SC-04_20260515_0009.jpg,2026-05-15 09:28:03,SC-04,smartphone,saudavel,saudavel,0.9320,agrosmart-v1,simulado,sim-2026-05
fcd7db0e-ebab-52d1-9b2f-9edc4d54a7cc,SC-04_20260515_0010.jpg,2026-05-15 09:28:53,SC-04,smartphone,saudavel,saudavel,0.9622,agrosmart-v1,simulado,sim-2026-05
f62b2c90-46ae-5f8a-9fe3-2b979316502b,SC-04_20260515_0011.jpg,2026-05-15 09:29:50,SC-04,smartphone,saudavel,saudavel,0.9820,agrosmart-v1,simulado,sim-2026-05
d1ea6560-2a1f-5bbe-b341-d186c2302015,SC-04_20260515_0012.jpg,2026-05-15 09:30:06,SC-04,smartphone,doente,mosca_minadora,0.8900,agrosmart-v1,simulado,sim-2026-05
554d79da-ccd6-5559-8a47-42bd10b885bb,SC-04_20260515_0013.jpg,2026-05-15 09:31:03,SC-04,smartphone,saudavel,saudavel,0.9939,agrosmart-v1,simulado,sim-2026-05
2d2b7454-9e25-5a68-a876-b4f4d59e0512,SC-04_20260515_0014.jpg,2026-05-15 09:31:26,SC-04,smartphone,saudavel,saudavel,0.8907,agrosmart-v1,simulado,sim-2026-05
050b0f49-9196-5a3b-afa8-b65f43f2756d,SC-04_20260515_0015.jpg,2026-05-15 09:32:19,SC-04,smartphone,saudavel,saudavel,0.9984,agrosmart-v1,simulado,sim-2026-05
615cfe93-78ee-519d-bd5a-3abe259158a4,SC-04_20260515_0016.jpg,2026-05-15 09:33:08,SC-04,smartphone,saudavel,saudavel,0.9326,agrosmart-v1,simulado,sim-2026-05
473cb42c-547b-56bc-ae60-b64123f66091,SC-04_20260515_0017.jpg,2026-05-15 09:33:20,SC-04,smartphone,saudavel,saudavel,0.9679,agrosmart-v1,simulado,sim-2026-05
de237438-8829-5f2c-8e42-e7cd88437736,SC-04_20260515_0018.jpg,2026-05-15 09:34:11,SC-04,smartphone,saudavel,saudavel,0.9962,agrosmart-v1,simulado,sim-2026-05
7c721568-040e-5cf7-8e79-cad113cffa8b,SC-04_20260515_0019.jpg,2026-05-15 09:35:08,SC-04,smartphone,saudavel,saudavel,0.9993,agrosmart-v1,simulado,sim-2026-05
e459118d-bce8-5223-ada6-af246cd68414,SC-04_20260515_0020.jpg,2026-05-15 09:35:44,SC-04,smartphone,saudavel,saudavel,0.8429,agrosmart-v1,simulado,sim-2026-05
176bcf68-42e4-51c1-adea-6cc25bbc787f,SC-04_20260515_0021.jpg,2026-05-15 09:36:30,SC-04,smartphone,saudavel,saudavel,0.9926,agrosmart-v1,simulado,sim-2026-05
7cceb4c7-8164-52af-99b2-002fcacae1d3,SC-04_20260515_0022.jpg,2026-05-15 09:36:49,SC-04,smartphone,saudavel,saudavel,0.9723,agrosmart-v1,simulado,sim-2026-05
6b4b1952-99be-55d3-bbf4-f775d484b8a9,SC-04_20260515_0023.jpg,2026-05-15 09:37:28,SC-04,smartphone,saudavel,saudavel,0.6270,agrosmart-v1,simulado,sim-2026-05
a3e9582e-0f1d-5c7a-86ca-c98bc0257163,SC-04_20260515_0024.jpg,2026-05-15 09:38:05,SC-04,smartphone,saudavel,saudavel,0.9679,agrosmart-v1,simulado,sim-2026-05
7f16ad4f-cd33-566c-8164-5a6e73a0442a,SC-04_20260515_0025.jpg,2026-05-15 09:39:10,SC-04,smartphone,saudavel,saudavel,0.9780,agrosmart-v1,simulado,sim-2026-05
a31027f2-8cd5-5d16-9a5c-e0d72483411a,SC-04_20260515_0026.jpg,2026-05-15 09:39:45,SC-04,smartphone,saudavel,saudavel,0.9771,agrosmart-v1,simulado,sim-2026-05
147c89e4-63ed-5b37-85f2-669aa3e25fd4,SC-04_20260515_0027.jpg,2026-05-15 09:40:05,SC-04,smartphone,saudavel,saudavel,1.0000,agrosmart-v1,simulado,sim-2026-05
f44d81df-a94e-5a1e-a0fa-a1352abf9576,SC-04_20260515_0028.jpg,2026-05-15 09:41:07,SC-04,smartphone,saudavel,saudavel,0.9941,agrosmart-v1,simulado,sim-2026-05
cb303f03-bd7d-5c9e-8fd7-726dc5240d2c,SC-04_20260515_0029.jpg,2026-05-15 09:41:34,SC-04,smartphone,saudavel,saudavel,0.8856,agrosmart-v1,simulado,sim-2026-05
fab653eb-2ca7-5915-a932-54c4b7d764a5,SC-02_20260515_0001.jpg,2026-05-15 09:43:51,SC-02,smartphone,saudavel,saudavel,0.8782,agrosmart-v1,simulado,sim-2026-05
b2e42ecd-43c4-5ffd-93b6-684ccfdcd3e9,SC-02_20260515_0002.jpg,2026-05-15 09:44:38,SC-02,smartphone,saudavel,saudavel,0.9998,agrosmart-v1,simulado,sim-2026-05
5bddad50-0309-5e44-9f59-f2c7c3343bfc,SC-02_20260515_0003.jpg,2026-05-15 09:45:15,SC-02,smartphone,saudavel,saudavel,0.8266,agrosmart-v1,simulado,sim-2026-05
1fe6b33a-4ebb-5a26-9569-37ecb7b64c32,SC-02_20260515_0004.jpg,2026-05-15 09:45:41,SC-02,smartphone,saudavel,saudavel,0.8868,agrosmart-v1,simulado,sim-2026-05
3edd02ca-88b2-5156-8d35-78d54143be16,SC-02_20260515_0005.jpg,2026-05-15 09:46:21,SC-02,smartphone,saudavel,saudavel,0.8268,agrosmart-v1,simulado,sim-2026-05
3aaf7f9d-e9d3-5e55-ba94-cbac691995d2,SC-02_20260515_0006.jpg,2026-05-15 09:47:00,SC-02,smartphone,saudavel,saudavel,0.8772,agrosmart-v1,simulado,sim-2026-05
4aa4d130-ed0a-5f28-bed8-b01ffc08fe22,SC-02_20260515_0007.jpg,2026-05-15 09:47:48,SC-02,smartphone,saudavel,saudavel,0.9559,agrosmart-v1,simulado,sim-2026-05
481eb220-3230-581f-be37-d9e7e1bdc5a1,SC-02_20260515_0008.jpg,2026-05-15 09:48:21,SC-02,smartphone,saudavel,saudavel,0.9288,agrosmart-v1,simulado,sim-2026-05
3b79969d-9d10-5ba4-9f0b-5fcad0dc8c94,SC-02_20260515_0009.jpg,2026-05-15 09:49:28,SC-02,smartphone,saudavel,saudavel,1.0000,agrosmart-v1,simulado,sim-2026-05
c7c08a11-7c9e-5bb0-9d19-049c4a963646,SC-02_20260515_0010.jpg,2026-05-15 09:50:00,SC-02,smartphone,saudavel,saudavel,0.9579,agrosmart-v1,simulado,sim-2026-05
da30fbef-b38a-5eaf-95da-d7299934d183,SC-02_20260515_0011.jpg,2026-05-15 09:50:40,SC-02,smartphone,saudavel,saudavel,0.9186,agrosmart-v1,simulado,sim-2026-05
ff09494f-5a2d-5359-8b70-c05face11778,SC-02_20260515_0012.jpg,2026-05-15 09:51:05,SC-02,smartphone,saudavel,saudavel,0.9931,agrosmart-v1,simulado,sim-2026-05
5deaa1a6-d8f3-5c1a-b622-c1aa99addd77,TI-02_20260515_0001.jpg,2026-05-15 09:51:48,TI-02,drone,saudavel,saudavel,0.9983,agrosmart-v1,simulado,sim-2026-05
1e626fd9-c8d6-5ef5-8712-1e8a2be9f5b6,SC-02_20260515_0013.jpg,2026-05-15 09:52:09,SC-02,smartphone,saudavel,saudavel,0.9165,agrosmart-v1,simulado,sim-2026-05
f7755b59-d1f1-547b-bea9-c4c15bb83685,TI-02_20260515_0002.jpg,2026-05-15 09:52:23,TI-02,drone,saudavel,saudavel,0.9655,agrosmart-v1,simulado,sim-2026-05
2be9e244-0014-547b-a606-b08ab171fefb,SC-02_20260515_0014.jpg,2026-05-15 09:52:43,SC-02,smartphone,saudavel,saudavel,0.8832,agrosmart-v1,simulado,sim-2026-05
a3fcacdc-ee2d-55fd-9390-cf9a5666ee0a,SC-02_20260515_0015.jpg,2026-05-15 09:53:04,SC-02,smartphone,saudavel,saudavel,0.9988,agrosmart-v1,simulado,sim-2026-05
d1d4190e-2a8b-5d4d-86d7-461087b3ab77,TI-02_20260515_0003.jpg,2026-05-15 09:53:23,TI-02,drone,saudavel,saudavel,0.9963,agrosmart-v1,simulado,sim-2026-05
a168ce49-ca92-5c13-8253-76d5084d442c,SC-02_20260515_0016.jpg,2026-05-15 09:53:52,SC-02,smartphone,saudavel,saudavel,0.9682,agrosmart-v1,simulado,sim-2026-05
22f1ac17-7d24-5887-94b2-b824ea1db850,TI-02_20260515_0004.jpg,2026-05-15 09:53:58,TI-02,drone,saudavel,saudavel,0.9998,agrosmart-v1,simulado,sim-2026-05
a8e67149-8119-59dd-9ee5-be219030c14d,SC-02_20260515_0017.jpg,2026-05-15 09:54:20,SC-02,smartphone,saudavel,saudavel,0.9409,agrosmart-v1,simulado,sim-2026-05
aed63f1b-247e-5da6-8a88-803759b43f3a,TI-02_20260515_0005.jpg,2026-05-15 09:54:42,TI-02,drone,saudavel,saudavel,0.9049,agrosmart-v1,simulado,sim-2026-05
d1b6639c-0187-548b-ad68-0ad0046180bf,TI-02_20260515_0006.jpg,2026-05-15 09:55:02,TI-02,drone,saudavel,saudavel,0.8914,agrosmart-v1,simulado,sim-2026-05
e0e7b8dc-917d-5b43-b46a-81dff345088f,SC-02_20260515_0018.jpg,2026-05-15 09:55:14,SC-02,smartphone,saudavel,saudavel,0.9758,agrosmart-v1,simulado,sim-2026-05
a82179ee-6b10-559c-82ac-dbd2862affda,SC-02_20260515_0019.jpg,2026-05-15 09:56:02,SC-02,smartphone,saudavel,saudavel,0.5870,agrosmart-v1,simulado,sim-2026-05
5999ebd7-6320-5e07-92db-a77be245c3d6,TI-02_20260515_0007.jpg,2026-05-15 09:56:02,TI-02,drone,saudavel,saudavel,0.9880,agrosmart-v1,simulado,sim-2026-05
f9e980cb-c4ae-59fa-b36e-fccfaa6122c0,TI-02_20260515_0008.jpg,2026-05-15 09:56:46,TI-02,drone,saudavel,saudavel,0.9457,agrosmart-v1,simulado,sim-2026-05
122b99a8-1df7-51af-9330-2ea3491db410,SC-02_20260515_0020.jpg,2026-05-15 09:56:48,SC-02,smartphone,saudavel,saudavel,0.8984,agrosmart-v1,simulado,sim-2026-05
bb86008b-d76f-5608-b5fb-698c1a3fd463,SC-02_20260515_0021.jpg,2026-05-15 09:57:00,SC-02,smartphone,doente,pinta_preta,0.6243,agrosmart-v1,simulado,sim-2026-05
35b70466-7039-5079-b561-fe5edba8303b,TI-02_20260515_0009.jpg,2026-05-15 09:57:06,TI-02,drone,saudavel,saudavel,0.8652,agrosmart-v1,simulado,sim-2026-05
f13e5f64-9239-5f13-b60a-d5a47b411709,TI-02_20260515_0010.jpg,2026-05-15 09:57:52,TI-02,drone,saudavel,saudavel,0.9624,agrosmart-v1,simulado,sim-2026-05
31bbbcb4-0905-5c7f-a3bf-632e4d25e5ab,SC-02_20260515_0022.jpg,2026-05-15 09:57:56,SC-02,smartphone,saudavel,saudavel,0.9985,agrosmart-v1,simulado,sim-2026-05
17db00b4-6882-594a-b4a0-8236fc39449e,SC-02_20260515_0023.jpg,2026-05-15 09:58:38,SC-02,smartphone,saudavel,saudavel,0.9994,agrosmart-v1,simulado,sim-2026-05
c33af6ac-9421-5d7e-8048-df30b08afba5,TI-02_20260515_0011.jpg,2026-05-15 09:58:40,TI-02,drone,saudavel,saudavel,0.9950,agrosmart-v1,simulado,sim-2026-05
dd903cd4-4375-596c-ba80-b53831b1267e,SC-03_20260515_0001.jpg,2026-05-15 09:58:48,SC-03,smartphone,saudavel,saudavel,0.9420,agrosmart-v1,simulado,sim-2026-05
3923d452-5ad5-5c9d-8f5e-0654d86d6cf3,SC-02_20260515_0024.jpg,2026-05-15 09:59:09,SC-02,smartphone,saudavel,saudavel,0.9019,agrosmart-v1,simulado,sim-2026-05
787f6077-b6f6-5dd9-9052-3f24ea05e60a,TI-02_20260515_0012.jpg,2026-05-15 09:59:27,TI-02,drone,saudavel,saudavel,0.9900,agrosmart-v1,simulado,sim-2026-05
13725110-0ae1-5a0d-b3b5-24511e4cf037,SC-03_20260515_0002.jpg,2026-05-15 09:59:37,SC-03,smartphone,saudavel,saudavel,0.8707,agrosmart-v1,simulado,sim-2026-05
f9922e18-c6e3-58ba-898b-c98f359debd9,TI-02_20260515_0013.jpg,2026-05-15 09:59:41,TI-02,drone,saudavel,saudavel,0.5446,agrosmart-v1,simulado,sim-2026-05
9bde0644-8011-57be-944f-0e941a1a6cd9,SC-02_20260515_0025.jpg,2026-05-15 10:00:02,SC-02,smartphone,saudavel,saudavel,0.9920,agrosmart-v1,simulado,sim-2026-05
068ff8b5-046d-5365-b4f4-d6013773e468,SC-03_20260515_0003.jpg,2026-05-15 10:00:17,SC-03,smartphone,saudavel,saudavel,0.9985,agrosmart-v1,simulado,sim-2026-05
d8351c6b-ab7c-5c98-9eaa-39937fa60e90,TI-02_20260515_0014.jpg,2026-05-15 10:00:28,TI-02,drone,saudavel,saudavel,0.9989,agrosmart-v1,simulado,sim-2026-05
32cdaa09-2407-5c45-a9c0-c04aed936b12,SC-02_20260515_0026.jpg,2026-05-15 10:00:32,SC-02,smartphone,saudavel,saudavel,0.6001,agrosmart-v1,simulado,sim-2026-05
52ab6d95-b117-525b-8b9e-f8700af3389e,SC-03_20260515_0004.jpg,2026-05-15 10:00:45,SC-03,smartphone,saudavel,saudavel,0.9567,agrosmart-v1,simulado,sim-2026-05
ad890cfe-503f-5ee1-b8cc-8c614ed4484a,TI-02_20260515_0015.jpg,2026-05-15 10:01:04,TI-02,drone,saudavel,saudavel,0.9841,agrosmart-v1,simulado,sim-2026-05
ee201fbf-031c-5283-9e9b-4273ae9d30b9,SC-02_20260515_0027.jpg,2026-05-15 10:01:21,SC-02,smartphone,saudavel,saudavel,0.9715,agrosmart-v1,simulado,sim-2026-05
d646f79b-134a-5bd6-92c2-d84e4704b2b4,SC-03_20260515_0005.jpg,2026-05-15 10:01:30,SC-03,smartphone,saudavel,saudavel,0.9454,agrosmart-v1,simulado,sim-2026-05
0e77c548-86d2-53b6-8609-51ef8e45ec1c,TI-02_20260515_0016.jpg,2026-05-15 10:01:40,TI-02,drone,saudavel,saudavel,0.9999,agrosmart-v1,simulado,sim-2026-05
c97bd115-8d55-59df-8d69-45bee1edd000,SC-02_20260515_0028.jpg,2026-05-15 10:01:44,SC-02,smartphone,saudavel,saudavel,0.9837,agrosmart-v1,simulado,sim-2026-05
bcc23a8b-e5d6-5841-848e-18951b2d1da9,SC-03_20260515_0006.jpg,2026-05-15 10:02:12,SC-03,smartphone,saudavel,saudavel,0.8222,agrosmart-v1,simulado,sim-2026-05
7a70a987-6e7b-5c08-9e1a-5e4213ed897b,SC-02_20260515_0029.jpg,2026-05-15 10:02:28,SC-02,smartphone,saudavel,saudavel,0.9595,agrosmart-v1,simulado,sim-2026-05
dde8b9e7-21cc-5731-8c37-1d3afbfe849a,TI-02_20260515_0017.jpg,2026-05-15 10:02:34,TI-02,drone,saudavel,saudavel,0.9970,agrosmart-v1,simulado,sim-2026-05
d5199a3b-c214-59c1-ba1c-7c2119df99f6,SC-03_20260515_0007.jpg,2026-05-15 10:02:49,SC-03,smartphone,saudavel,saudavel,0.9588,agrosmart-v1,simulado,sim-2026-05
c5341a64-fcfe-53c5-b458-4780eaaffde3,SC-02_20260515_0030.jpg,2026-05-15 10:03:01,SC-02,smartphone,saudavel,saudavel,0.9993,agrosmart-v1,simulado,sim-2026-05
9b5e0bb8-1f7e-5b03-9e34-56d448709418,TI-02_20260515_0018.jpg,2026-05-15 10:03:09,TI-02,drone,saudavel,saudavel,0.9834,agrosmart-v1,simulado,sim-2026-05
ac27cecb-2eec-5f30-bb38-00f9729c36e2,SC-03_20260515_0008.jpg,2026-05-15 10:03:29,SC-03,smartphone,saudavel,saudavel,0.9701,agrosmart-v1,simulado,sim-2026-05
e749d7b2-c14f-5d96-b0fd-054c1f1328b0,TI-02_20260515_0019.jpg,2026-05-15 10:03:52,TI-02,drone,saudavel,saudavel,0.9687,agrosmart-v1,simulado,sim-2026-05
cc71cf68-3448-5917-8885-8853e06138da,SC-02_20260515_0031.jpg,2026-05-15 10:04:00,SC-02,smartphone,saudavel,saudavel,0.8516,agrosmart-v1,simulado,sim-2026-05
0bd9b2d1-bf75-5fb3-8400-049f7bbac8be,SC-03_20260515_0009.jpg,2026-05-15 10:04:14,SC-03,smartphone,saudavel,saudavel,0.9989,agrosmart-v1,simulado,sim-2026-05
e3c54590-e368-5729-b7fd-08fa053beb56,SC-03_20260515_0010.jpg,2026-05-15 10:04:40,SC-03,smartphone,saudavel,saudavel,0.9506,agrosmart-v1,simulado,sim-2026-05
e1b6e886-d276-509e-8def-d41fd5d435b8,TI-02_20260515_0020.jpg,2026-05-15 10:04:46,TI-02,drone,saudavel,saudavel,0.6943,agrosmart-v1,simulado,sim-2026-05
0ecb337f-ca45-56b4-8fd6-3fbc46d430c4,SC-02_20260515_0032.jpg,2026-05-15 10:04:48,SC-02,smartphone,saudavel,saudavel,0.9991,agrosmart-v1,simulado,sim-2026-05
c533b75e-c72b-5f59-93c3-8c33a92f79e7,SC-02_20260515_0033.jpg,2026-05-15 10:05:03,SC-02,smartphone,saudavel,saudavel,0.9621,agrosmart-v1,simulado,sim-2026-05
8195e4c7-a54b-50e0-904f-3076e1bcd37c,TI-02_20260515_0021.jpg,2026-05-15 10:05:04,TI-02,drone,saudavel,saudavel,0.8447,agrosmart-v1,simulado,sim-2026-05
1400cc23-f3be-5025-9442-06bc8425aab8,SC-02_20260515_0034.jpg,2026-05-15 10:05:40,SC-02,smartphone,saudavel,saudavel,0.9881,agrosmart-v1,simulado,sim-2026-05
bac6cc46-4d7c-5680-9e5f-305f29b1d8e6,SC-03_20260515_0011.jpg,2026-05-15 10:05:44,SC-03,smartphone,saudavel,saudavel,0.8361,agrosmart-v1,simulado,sim-2026-05
eafd280a-47e4-52ae-b5f3-a42d9b44e243,TI-02_20260515_0022.jpg,2026-05-15 10:05:54,TI-02,drone,saudavel,saudavel,0.9946,agrosmart-v1,simulado,sim-2026-05
d1510e6f-5611-5330-9c7d-767fe7bdd1b6,SC-03_20260515_0012.jpg,2026-05-15 10:06:15,SC-03,smartphone,saudavel,saudavel,0.8379,agrosmart-v1,simulado,sim-2026-05
a314207c-d20e-5812-af0f-d506694fb6dc,TI-02_20260515_0023.jpg,2026-05-15 10:06:32,TI-02,drone,saudavel,saudavel,0.8535,agrosmart-v1,simulado,sim-2026-05
80f3809a-debf-599e-8e60-ea5bf421fcf7,SC-02_20260515_0035.jpg,2026-05-15 10:06:50,SC-02,smartphone,saudavel,saudavel,0.9067,agrosmart-v1,simulado,sim-2026-05
e8b2fa6c-eb3b-5851-b056-ebc021041213,SC-03_20260515_0013.jpg,2026-05-15 10:07:07,SC-03,smartphone,saudavel,saudavel,0.9476,agrosmart-v1,simulado,sim-2026-05
4c602a7e-0411-5e29-982e-bb3c3742dbdd,TI-02_20260515_0024.jpg,2026-05-15 10:07:10,TI-02,drone,saudavel,saudavel,0.8773,agrosmart-v1,simulado,sim-2026-05
3a8d7cb0-976e-5345-b4b8-befc5af59383,SC-02_20260515_0036.jpg,2026-05-15 10:07:20,SC-02,smartphone,saudavel,saudavel,0.9993,agrosmart-v1,simulado,sim-2026-05
d469dd4f-a39a-5c61-9eba-28a18f37eb90,TI-02_20260515_0025.jpg,2026-05-15 10:07:40,TI-02,drone,saudavel,saudavel,0.9195,agrosmart-v1,simulado,sim-2026-05
4bee2eea-5a7d-57f3-a16d-ad462689d456,SC-03_20260515_0014.jpg,2026-05-15 10:07:41,SC-03,smartphone,saudavel,saudavel,0.9198,agrosmart-v1,simulado,sim-2026-05
7fccf1b9-2bce-5932-8d0b-5da24f228b42,SC-02_20260515_0037.jpg,2026-05-15 10:07:52,SC-02,smartphone,saudavel,saudavel,0.9268,agrosmart-v1,simulado,sim-2026-05
259a77fe-2a29-5237-8371-92b4d3854b67,SC-03_20260515_0015.jpg,2026-05-15 10:08:23,SC-03,smartphone,saudavel,saudavel,0.8370,agrosmart-v1,simulado,sim-2026-05
b470dc7d-2a07-5f84-99a1-1d665c6d7d29,TI-02_20260515_0026.jpg,2026-05-15 10:08:47,TI-02,drone,saudavel,saudavel,0.9752,agrosmart-v1,simulado,sim-2026-05
2614ea85-d0c9-5b31-aa3d-7dede2b6b08b,SC-03_20260515_0016.jpg,2026-05-15 10:09:02,SC-03,smartphone,saudavel,saudavel,0.8788,agrosmart-v1,simulado,sim-2026-05
f32baa2e-c6ec-5231-a8ce-3a7111009357,TI-02_20260515_0027.jpg,2026-05-15 10:09:22,TI-02,drone,saudavel,saudavel,0.5516,agrosmart-v1,simulado,sim-2026-05
7cbe0f2e-6777-5fa7-91d2-bde310f50066,SC-03_20260515_0017.jpg,2026-05-15 10:09:37,SC-03,smartphone,saudavel,saudavel,0.9707,agrosmart-v1,simulado,sim-2026-05
1f11f70a-aae9-5892-8bc6-ccb41ef1d0b2,TI-02_20260515_0028.jpg,2026-05-15 10:09:42,TI-02,drone,saudavel,saudavel,1.0000,agrosmart-v1,simulado,sim-2026-05
e65b1b07-c388-5c87-9237-16d32364d5d0,SC-03_20260515_0018.jpg,2026-05-15 10:10:02,SC-03,smartphone,saudavel,saudavel,0.9877,agrosmart-v1,simulado,sim-2026-05
88afa71f-c36f-5417-bdde-a051c3f77af2,SC-03_20260515_0019.jpg,2026-05-15 10:10:42,SC-03,smartphone,saudavel,saudavel,0.9705,agrosmart-v1,simulado,sim-2026-05
e90ae7aa-a76b-5d5a-8b31-2423fb589d5b,TI-02_20260515_0029.jpg,2026-05-15 10:10:47,TI-02,drone,saudavel,saudavel,0.8310,agrosmart-v1,simulado,sim-2026-05
c266c1e2-8031-55e4-a957-d7d3c317cfde,SC-03_20260515_0020.jpg,2026-05-15 10:11:23,SC-03,smartphone,saudavel,saudavel,0.9987,agrosmart-v1,simulado,sim-2026-05
bba20e6a-e793-5211-9294-c328dfdcd68a,TI-02_20260515_0030.jpg,2026-05-15 10:11:29,TI-02,drone,saudavel,saudavel,0.8941,agrosmart-v1,simulado,sim-2026-05
e5aaf5ac-fc95-59a2-9413-0f108e0b8e00,TI-02_20260515_0031.jpg,2026-05-15 10:11:42,TI-02,drone,saudavel,saudavel,0.9513,agrosmart-v1,simulado,sim-2026-05
8b657566-9154-5425-ba62-da8deea17afb,SC-03_20260515_0021.jpg,2026-05-15 10:12:28,SC-03,smartphone,saudavel,saudavel,0.8673,agrosmart-v1,simulado,sim-2026-05
356b84c2-9adf-58d7-a15d-bd68aaeca6dd,TI-02_20260515_0032.jpg,2026-05-15 10:12:36,TI-02,drone,saudavel,saudavel,0.8565,agrosmart-v1,simulado,sim-2026-05
30e43489-a686-5ebb-bcb6-66b9a85ad776,SC-03_20260515_0022.jpg,2026-05-15 10:12:44,SC-03,smartphone,saudavel,saudavel,0.9547,agrosmart-v1,simulado,sim-2026-05
beec4955-02e3-51de-b42e-8446655420dc,TI-02_20260515_0033.jpg,2026-05-15 10:13:27,TI-02,drone,saudavel,saudavel,0.8579,agrosmart-v1,simulado,sim-2026-05
c72fa5aa-32bc-5789-996f-867a68f40ba2,SC-03_20260515_0023.jpg,2026-05-15 10:13:39,SC-03,smartphone,saudavel,saudavel,0.8991,agrosmart-v1,simulado,sim-2026-05
e1b80d88-1fdc-5992-809a-d8fbd292bbb9,TI-02_20260515_0034.jpg,2026-05-15 10:13:41,TI-02,drone,saudavel,saudavel,0.9216,agrosmart-v1,simulado,sim-2026-05
d2a64f86-2dee-5839-ba3a-dc69cd4bf91f,SC-03_20260515_0024.jpg,2026-05-15 10:14:21,SC-03,smartphone,saudavel,saudavel,0.9821,agrosmart-v1,simulado,sim-2026-05
7cf3f555-932d-5de0-b366-5b324459b36a,TI-02_20260515_0035.jpg,2026-05-15 10:14:34,TI-02,drone,saudavel,saudavel,0.8829,agrosmart-v1,simulado,sim-2026-05
3c6a1a09-25d4-5c1b-8633-461c9b14e3ff,SC-03_20260515_0025.jpg,2026-05-15 10:15:00,SC-03,smartphone,saudavel,saudavel,0.8736,agrosmart-v1,simulado,sim-2026-05
2014bf4c-10c4-5189-8c85-c2812fc9942d,TI-02_20260515_0036.jpg,2026-05-15 10:15:03,TI-02,drone,saudavel,saudavel,0.9862,agrosmart-v1,simulado,sim-2026-05
8b97b1e0-8fb4-5d34-a021-4fcacd21fa47,SC-03_20260515_0026.jpg,2026-05-15 10:15:45,SC-03,smartphone,saudavel,saudavel,0.9560,agrosmart-v1,simulado,sim-2026-05
6295b8f7-c593-5321-8b31-7d282284f6b7,TI-02_20260515_0037.jpg,2026-05-15 10:15:58,TI-02,drone,saudavel,saudavel,0.8941,agrosmart-v1,simulado,sim-2026-05
cca4e339-51ab-599c-88a6-d866cb7e71ef,SC-03_20260515_0027.jpg,2026-05-15 10:16:23,SC-03,smartphone,saudavel,saudavel,0.9899,agrosmart-v1,simulado,sim-2026-05
47eb0c8b-d17d-5632-b0f3-040c3307d37b,SC-03_20260515_0028.jpg,2026-05-15 10:16:41,SC-03,smartphone,saudavel,saudavel,0.8550,agrosmart-v1,simulado,sim-2026-05
d8a3ebda-5586-5dbf-8de9-4e20a3990662,TI-02_20260515_0038.jpg,2026-05-15 10:16:48,TI-02,drone,saudavel,saudavel,0.9935,agrosmart-v1,simulado,sim-2026-05
6b87c74f-e352-5694-b65a-401e5339d6ad,TI-02_20260515_0039.jpg,2026-05-15 10:17:05,TI-02,drone,saudavel,saudavel,0.9986,agrosmart-v1,simulado,sim-2026-05
13b4b2a2-d653-5f4a-bbeb-4a764be891f1,SC-03_20260515_0029.jpg,2026-05-15 10:17:31,SC-03,smartphone,saudavel,saudavel,0.9951,agrosmart-v1,simulado,sim-2026-05
9035e082-7748-5f9a-aefc-c7460fef29b5,TI-02_20260515_0040.jpg,2026-05-15 10:17:58,TI-02,drone,saudavel,saudavel,0.9295,agrosmart-v1,simulado,sim-2026-05
06f814ce-4114-54a3-bc34-9d7f7f12cecd,TI-02_20260515_0041.jpg,2026-05-15 10:18:33,TI-02,drone,saudavel,saudavel,0.9975,agrosmart-v1,simulado,sim-2026-05
e26aab04-0a0d-5bd9-8a57-561cccbc6bcd,TI-02_20260515_0042.jpg,2026-05-15 10:19:01,TI-02,drone,saudavel,saudavel,0.8289,agrosmart-v1,simulado,sim-2026-05
264eb2b7-2a4f-58f9-ac91-6b861616faa2,TI-02_20260515_0043.jpg,2026-05-15 10:20:02,TI-02,drone,saudavel,saudavel,0.9960,agrosmart-v1,simulado,sim-2026-05
20bc2756-dd80-53bd-9da1-db39e598621f,SC-03_20260518_0001.jpg,2026-05-18 07:19:48,SC-03,smartphone,saudavel,saudavel,0.8352,agrosmart-v1,simulado,sim-2026-05
7ecc68e9-3a25-5a56-b1ac-788b27f611c2,SC-03_20260518_0002.jpg,2026-05-18 07:20:24,SC-03,smartphone,saudavel,saudavel,0.8426,agrosmart-v1,simulado,sim-2026-05
b52ba8df-eea5-5d8e-9819-258c5a1ec6d0,SC-03_20260518_0003.jpg,2026-05-18 07:21:22,SC-03,smartphone,saudavel,saudavel,0.9632,agrosmart-v1,simulado,sim-2026-05
650178a2-4342-5202-b6a2-0365ecf29a52,SC-03_20260518_0004.jpg,2026-05-18 07:22:09,SC-03,smartphone,saudavel,saudavel,0.9819,agrosmart-v1,simulado,sim-2026-05
053d345c-22b1-5222-a51d-0a668a78f494,SC-03_20260518_0005.jpg,2026-05-18 07:22:27,SC-03,smartphone,saudavel,saudavel,0.8407,agrosmart-v1,simulado,sim-2026-05
83fee208-5213-5cf6-b119-ca04bac37639,SC-03_20260518_0006.jpg,2026-05-18 07:23:25,SC-03,smartphone,saudavel,saudavel,0.9076,agrosmart-v1,simulado,sim-2026-05
b24a38b1-9041-5d3c-b988-d3d59d2c0280,SC-03_20260518_0007.jpg,2026-05-18 07:24:00,SC-03,smartphone,saudavel,saudavel,0.9995,agrosmart-v1,simulado,sim-2026-05
19847606-0cb0-596f-83af-133c5eb80598,SC-03_20260518_0008.jpg,2026-05-18 07:24:43,SC-03,smartphone,saudavel,saudavel,0.9515,agrosmart-v1,simulado,sim-2026-05
d00b8251-7f05-56d3-a870-f7dd5a73ac2f,SC-03_20260518_0009.jpg,2026-05-18 07:25:24,SC-03,smartphone,saudavel,saudavel,0.9884,agrosmart-v1,simulado,sim-2026-05
63db93d7-056d-5453-b653-9ac787bc3714,SC-03_20260518_0010.jpg,2026-05-18 07:25:50,SC-03,smartphone,saudavel,saudavel,0.9801,agrosmart-v1,simulado,sim-2026-05
b9b41703-b26f-58aa-ab1d-893ee061f110,SC-03_20260518_0011.jpg,2026-05-18 07:26:35,SC-03,smartphone,saudavel,saudavel,0.9151,agrosmart-v1,simulado,sim-2026-05
835d2af1-d0a1-55a1-8930-5eb323bd86da,SC-03_20260518_0012.jpg,2026-05-18 07:27:17,SC-03,smartphone,saudavel,saudavel,0.8595,agrosmart-v1,simulado,sim-2026-05
05c380a4-ac8b-5419-9515-53817b00902a,SC-03_20260518_0013.jpg,2026-05-18 07:27:44,SC-03,smartphone,saudavel,saudavel,0.9102,agrosmart-v1,simulado,sim-2026-05
d129e191-a6ab-52a4-9496-32c0e9bd3f54,SC-03_20260518_0014.jpg,2026-05-18 07:28:45,SC-03,smartphone,saudavel,saudavel,0.9895,agrosmart-v1,simulado,sim-2026-05
54153412-0df0-5631-8dbd-d20807bf8134,SC-03_20260518_0015.jpg,2026-05-18 07:29:25,SC-03,smartphone,saudavel,saudavel,0.9876,agrosmart-v1,simulado,sim-2026-05
36fc15f3-15c7-56b5-a115-9f36a28dec30,SC-03_20260518_0016.jpg,2026-05-18 07:29:51,SC-03,smartphone,saudavel,saudavel,0.9260,agrosmart-v1,simulado,sim-2026-05
8c52190c-26aa-58d5-8fab-da00d07bf3a8,SC-03_20260518_0017.jpg,2026-05-18 07:30:32,SC-03,smartphone,saudavel,saudavel,0.8810,agrosmart-v1,simulado,sim-2026-05
b1101fe5-19f2-54f2-b90f-acdf83f3423c,SC-03_20260518_0018.jpg,2026-05-18 07:31:04,SC-03,smartphone,saudavel,saudavel,0.8900,agrosmart-v1,simulado,sim-2026-05
939a9eb8-626f-55cc-868c-37714094b015,SC-03_20260518_0019.jpg,2026-05-18 07:31:56,SC-03,smartphone,saudavel,saudavel,0.9798,agrosmart-v1,simulado,sim-2026-05
e27ca4a4-f5c9-5920-a3b8-e85df671c9a7,SC-03_20260518_0020.jpg,2026-05-18 07:32:23,SC-03,smartphone,saudavel,saudavel,0.9935,agrosmart-v1,simulado,sim-2026-05
5d7e66c5-b89d-5f98-983e-2c9c608a72db,SC-03_20260518_0021.jpg,2026-05-18 07:33:04,SC-03,smartphone,saudavel,saudavel,0.9839,agrosmart-v1,simulado,sim-2026-05
ce0e52ab-21d0-5cbb-94f6-dfcfbc040fb8,SC-03_20260518_0022.jpg,2026-05-18 07:33:56,SC-03,smartphone,saudavel,saudavel,0.9427,agrosmart-v1,simulado,sim-2026-05
ee7544ab-73d1-5daa-afe3-ac06689d922b,SC-03_20260518_0023.jpg,2026-05-18 07:34:43,SC-03,smartphone,saudavel,saudavel,0.5365,agrosmart-v1,simulado,sim-2026-05
1c0d5fbf-7192-507e-b6c2-bf1378ff3259,SC-03_20260518_0024.jpg,2026-05-18 07:35:26,SC-03,smartphone,saudavel,saudavel,0.6002,agrosmart-v1,simulado,sim-2026-05
6a228bfb-4141-5d44-a269-497f7a2c0ce8,SC-03_20260518_0025.jpg,2026-05-18 07:35:41,SC-03,smartphone,saudavel,saudavel,0.9961,agrosmart-v1,simulado,sim-2026-05
0ab3d7b1-efe7-5c7f-8224-20584be9486d,SC-03_20260518_0026.jpg,2026-05-18 07:36:29,SC-03,smartphone,saudavel,saudavel,0.8254,agrosmart-v1,simulado,sim-2026-05
8fb980a7-a365-5ab8-8f73-51bc92da70ff,SC-03_20260518_0027.jpg,2026-05-18 07:37:17,SC-03,smartphone,saudavel,saudavel,0.9373,agrosmart-v1,simulado,sim-2026-05
02383825-a8a4-50b5-bd7d-6e5714959d74,SC-03_20260518_0028.jpg,2026-05-18 07:37:48,SC-03,smartphone,saudavel,saudavel,0.9837,agrosmart-v1,simulado,sim-2026-05
8c9c6602-43c6-54d1-9df4-d4a92a8b9aea,SC-03_20260518_0029.jpg,2026-05-18 07:38:27,SC-03,smartphone,saudavel,saudavel,0.9046,agrosmart-v1,simulado,sim-2026-05
b2907520-5b3a-572e-bcb8-f2ea22e4b763,SC-03_20260518_0030.jpg,2026-05-18 07:39:25,SC-03,smartphone,saudavel,saudavel,0.8447,agrosmart-v1,simulado,sim-2026-05
77b72fc1-8312-56f6-ac9b-3b3adba06739,BV-04_20260518_0001.jpg,2026-05-18 07:39:40,BV-04,smartphone,saudavel,saudavel,0.8291,agrosmart-v1,simulado,sim-2026-05
b78b9412-1b1d-5462-9ec8-31ef390e6eb9,SC-03_20260518_0031.jpg,2026-05-18 07:39:45,SC-03,smartphone,saudavel,saudavel,0.9382,agrosmart-v1,simulado,sim-2026-05
8dac07d2-0560-55cc-ae36-6240e621317d,BV-04_20260518_0002.jpg,2026-05-18 07:40:50,BV-04,smartphone,saudavel,saudavel,0.9690,agrosmart-v1,simulado,sim-2026-05
c263f749-a531-5f68-9fe0-19c5fb849882,BV-04_20260518_0003.jpg,2026-05-18 07:41:15,BV-04,smartphone,saudavel,saudavel,0.8389,agrosmart-v1,simulado,sim-2026-05
9e60b714-20f0-5fb0-a169-746de8e10019,BV-04_20260518_0004.jpg,2026-05-18 07:42:05,BV-04,smartphone,saudavel,saudavel,0.8586,agrosmart-v1,simulado,sim-2026-05
c558e19a-ac93-5274-9057-7b0bfca78049,BV-04_20260518_0005.jpg,2026-05-18 07:42:36,BV-04,smartphone,saudavel,saudavel,0.8413,agrosmart-v1,simulado,sim-2026-05
54595bfd-193d-5c82-8a72-de0bd1e68eba,BV-04_20260518_0006.jpg,2026-05-18 07:43:25,BV-04,smartphone,saudavel,saudavel,0.9970,agrosmart-v1,simulado,sim-2026-05
35f307c7-b8a2-5400-b105-d97ad23ccaea,BV-04_20260518_0007.jpg,2026-05-18 07:44:05,BV-04,smartphone,saudavel,saudavel,0.9875,agrosmart-v1,simulado,sim-2026-05
9d3ecdf3-37e1-5b9a-9ffd-7c97761a4e2e,BV-04_20260518_0008.jpg,2026-05-18 07:44:30,BV-04,smartphone,saudavel,saudavel,0.8833,agrosmart-v1,simulado,sim-2026-05
203f736e-1470-5202-81ca-98206c10ce17,BV-04_20260518_0009.jpg,2026-05-18 07:45:03,BV-04,smartphone,saudavel,saudavel,0.8877,agrosmart-v1,simulado,sim-2026-05
b9fcc33e-3f39-59b3-b034-f9f438575661,BV-04_20260518_0010.jpg,2026-05-18 07:46:05,BV-04,smartphone,saudavel,saudavel,0.8721,agrosmart-v1,simulado,sim-2026-05
4adaded9-7d77-535c-ac01-cd6df08a49f2,BV-04_20260518_0011.jpg,2026-05-18 07:46:47,BV-04,smartphone,saudavel,saudavel,0.8283,agrosmart-v1,simulado,sim-2026-05
8d464dbb-b26e-5ef4-87b3-438762e43f08,BV-04_20260518_0012.jpg,2026-05-18 07:47:14,BV-04,smartphone,saudavel,saudavel,0.9287,agrosmart-v1,simulado,sim-2026-05
0f95643e-f601-57b1-a904-a77b9c89e53d,BV-04_20260518_0013.jpg,2026-05-18 07:48:09,BV-04,smartphone,saudavel,saudavel,0.9917,agrosmart-v1,simulado,sim-2026-05
74b7fa53-0362-5c34-b197-2c8a012c3101,BV-04_20260518_0014.jpg,2026-05-18 07:48:46,BV-04,smartphone,saudavel,saudavel,0.9852,agrosmart-v1,simulado,sim-2026-05
2fa4797d-6ded-5f87-a678-5b4833a434e4,BV-04_20260518_0015.jpg,2026-05-18 07:49:16,BV-04,smartphone,saudavel,saudavel,0.8926,agrosmart-v1,simulado,sim-2026-05
95622967-f4d2-5f38-87ef-b67f31462996,BV-04_20260518_0016.jpg,2026-05-18 07:50:07,BV-04,smartphone,saudavel,saudavel,0.9127,agrosmart-v1,simulado,sim-2026-05
cd27017d-720f-5915-9f64-a9d5cac33d24,BV-04_20260518_0017.jpg,2026-05-18 07:50:32,BV-04,smartphone,saudavel,saudavel,0.9937,agrosmart-v1,simulado,sim-2026-05
186441b7-8bff-509c-9f5d-b80550724c67,BV-04_20260518_0018.jpg,2026-05-18 07:51:21,BV-04,smartphone,saudavel,saudavel,0.9994,agrosmart-v1,simulado,sim-2026-05
0f7b6e48-afa3-5364-b85c-55bdbbd4e064,BV-04_20260518_0019.jpg,2026-05-18 07:52:00,BV-04,smartphone,saudavel,saudavel,0.9982,agrosmart-v1,simulado,sim-2026-05
c7ab0bb1-3979-5282-9bd0-7a52f371dd6a,SC-02_20260518_0001.jpg,2026-05-18 08:24:51,SC-02,smartphone,saudavel,saudavel,0.9761,agrosmart-v1,simulado,sim-2026-05
438ff022-d0e8-50b3-ae4a-2a63096ec64b,SC-02_20260518_0002.jpg,2026-05-18 08:25:48,SC-02,smartphone,saudavel,saudavel,0.9037,agrosmart-v1,simulado,sim-2026-05
6f693257-00b8-5820-86a0-725bd4accca2,SC-02_20260518_0003.jpg,2026-05-18 08:26:14,SC-02,smartphone,saudavel,saudavel,0.9815,agrosmart-v1,simulado,sim-2026-05
e4cc972b-5b85-56fe-9d4a-59f636742aa5,SC-02_20260518_0004.jpg,2026-05-18 08:27:03,SC-02,smartphone,saudavel,saudavel,0.8938,agrosmart-v1,simulado,sim-2026-05
a9bfde86-fd26-5b08-960a-9068e77a54f4,SC-02_20260518_0005.jpg,2026-05-18 08:27:22,SC-02,smartphone,saudavel,saudavel,0.9999,agrosmart-v1,simulado,sim-2026-05
327b5e2c-8bb6-5119-aac1-e219301b6c5c,SC-02_20260518_0006.jpg,2026-05-18 08:28:19,SC-02,smartphone,saudavel,saudavel,0.9386,agrosmart-v1,simulado,sim-2026-05
cdb50599-9d37-5c5e-a1e6-c13cef884691,SC-02_20260518_0007.jpg,2026-05-18 08:29:03,SC-02,smartphone,saudavel,saudavel,0.9580,agrosmart-v1,simulado,sim-2026-05
f6d00471-db0b-59a8-9a5f-4b24cea04c14,SC-02_20260518_0008.jpg,2026-05-18 08:29:42,SC-02,smartphone,saudavel,saudavel,0.9822,agrosmart-v1,simulado,sim-2026-05
76291318-0396-53a1-9c96-ce6233a7524d,SC-02_20260518_0009.jpg,2026-05-18 08:30:01,SC-02,smartphone,saudavel,saudavel,0.9850,agrosmart-v1,simulado,sim-2026-05
55c5dddb-f098-5dad-8a7c-edc67dc5df99,SC-02_20260518_0010.jpg,2026-05-18 08:30:46,SC-02,smartphone,saudavel,saudavel,0.9919,agrosmart-v1,simulado,sim-2026-05
ce61d588-704e-51c5-8e07-f5b404050713,SC-02_20260518_0011.jpg,2026-05-18 08:31:46,SC-02,smartphone,saudavel,saudavel,0.9999,agrosmart-v1,simulado,sim-2026-05
92446949-5ec5-5c47-9909-11bfd39a46ce,SC-02_20260518_0012.jpg,2026-05-18 08:32:01,SC-02,smartphone,saudavel,saudavel,0.5616,agrosmart-v1,simulado,sim-2026-05
146364fc-bb83-5993-ad4e-1dee96eee736,SC-02_20260518_0013.jpg,2026-05-18 08:32:54,SC-02,smartphone,saudavel,saudavel,0.9877,agrosmart-v1,simulado,sim-2026-05
23ceffea-7d1a-5938-91b7-b93a45b0e80d,SC-02_20260518_0014.jpg,2026-05-18 08:33:45,SC-02,smartphone,saudavel,saudavel,0.9317,agrosmart-v1,simulado,sim-2026-05
47e23803-75db-5bed-95fb-4c4a2d43b7c1,SC-02_20260518_0015.jpg,2026-05-18 08:34:25,SC-02,smartphone,saudavel,saudavel,0.8381,agrosmart-v1,simulado,sim-2026-05
5534b71f-dfe8-5e53-afce-05be304aa6fe,SC-02_20260518_0016.jpg,2026-05-18 08:34:44,SC-02,smartphone,saudavel,saudavel,0.9980,agrosmart-v1,simulado,sim-2026-05
283468fb-7e4c-54d5-9376-53acc6215ca9,SC-02_20260518_0017.jpg,2026-05-18 08:35:24,SC-02,smartphone,saudavel,saudavel,0.9275,agrosmart-v1,simulado,sim-2026-05
b34ce5cc-cb84-57df-bcee-59c88fdc2860,SC-02_20260518_0018.jpg,2026-05-18 08:36:26,SC-02,smartphone,saudavel,saudavel,0.9537,agrosmart-v1,simulado,sim-2026-05
80083bb5-b61e-5153-b733-7dd14b1b33a4,SC-02_20260518_0019.jpg,2026-05-18 08:37:05,SC-02,smartphone,saudavel,saudavel,0.8265,agrosmart-v1,simulado,sim-2026-05
7e1f21b3-5819-5ffa-beea-9089e6b78d68,SC-02_20260518_0020.jpg,2026-05-18 08:37:41,SC-02,smartphone,saudavel,saudavel,0.9998,agrosmart-v1,simulado,sim-2026-05
54e35647-c53c-54ee-8593-912dbfde9dce,SC-02_20260518_0021.jpg,2026-05-18 08:38:01,SC-02,smartphone,saudavel,saudavel,0.8991,agrosmart-v1,simulado,sim-2026-05
8262ffae-4740-583d-8c72-5e3a33a363a3,TI-04_20260518_0001.jpg,2026-05-18 08:39:00,TI-04,drone,saudavel,saudavel,0.9956,agrosmart-v1,simulado,sim-2026-05
67cc9c4e-891b-5535-bc9a-d80e0d3506aa,SC-02_20260518_0022.jpg,2026-05-18 08:39:09,SC-02,smartphone,saudavel,saudavel,0.8808,agrosmart-v1,simulado,sim-2026-05
996caf46-5095-5310-bf33-0e43547e31e9,SC-02_20260518_0023.jpg,2026-05-18 08:39:20,SC-02,smartphone,saudavel,saudavel,0.9140,agrosmart-v1,simulado,sim-2026-05
201acfa5-acc8-5d5f-bcf7-20e327182df6,TI-04_20260518_0002.jpg,2026-05-18 08:39:37,TI-04,drone,saudavel,saudavel,0.9909,agrosmart-v1,simulado,sim-2026-05
9882d6b8-e9f7-53a5-8c5d-e251a4ddf388,TI-04_20260518_0003.jpg,2026-05-18 08:40:00,TI-04,drone,saudavel,saudavel,0.9356,agrosmart-v1,simulado,sim-2026-05
3ad9aace-79e0-51a0-8c00-b414d749dcec,SC-02_20260518_0024.jpg,2026-05-18 08:40:28,SC-02,smartphone,saudavel,saudavel,0.9979,agrosmart-v1,simulado,sim-2026-05
ba1b5b36-6533-5446-bf33-7531129c8f26,SC-02_20260518_0025.jpg,2026-05-18 08:40:56,SC-02,smartphone,saudavel,saudavel,0.6022,agrosmart-v1,simulado,sim-2026-05
316dbe25-7c60-5152-af92-1fb608035398,TI-04_20260518_0004.jpg,2026-05-18 08:40:56,TI-04,drone,doente,mosca_minadora,0.5790,agrosmart-v1,simulado,sim-2026-05
c26c7f11-84ac-5a57-828e-1a0e7fa8876b,SC-02_20260518_0026.jpg,2026-05-18 08:41:21,SC-02,smartphone,saudavel,saudavel,0.9817,agrosmart-v1,simulado,sim-2026-05
aa18f56a-0e20-5fd7-88ef-87b0e77fad07,TI-04_20260518_0005.jpg,2026-05-18 08:41:44,TI-04,drone,saudavel,saudavel,0.8209,agrosmart-v1,simulado,sim-2026-05
23c83075-30e3-5b2b-bfb4-fb1e313b9291,TI-04_20260518_0006.jpg,2026-05-18 08:42:11,TI-04,drone,saudavel,saudavel,0.9636,agrosmart-v1,simulado,sim-2026-05
3e748cee-c5c4-57ca-b7fb-f77b67f469d6,SC-02_20260518_0027.jpg,2026-05-18 08:42:14,SC-02,smartphone,saudavel,saudavel,0.9971,agrosmart-v1,simulado,sim-2026-05
807d1930-7233-551e-9168-63ccfed10243,TI-04_20260518_0007.jpg,2026-05-18 08:42:53,TI-04,drone,saudavel,saudavel,0.9720,agrosmart-v1,simulado,sim-2026-05
d82a8c55-ccae-5ed3-bd82-34ac86680ddc,SC-02_20260518_0028.jpg,2026-05-18 08:42:54,SC-02,smartphone,saudavel,saudavel,0.9705,agrosmart-v1,simulado,sim-2026-05
fc29ca45-0e92-5de3-b9c8-d61b5c3c0190,TI-04_20260518_0008.jpg,2026-05-18 08:43:20,TI-04,drone,saudavel,saudavel,0.9518,agrosmart-v1,simulado,sim-2026-05
d7abc151-2633-5466-ac5c-fd1ac769abcb,SC-02_20260518_0029.jpg,2026-05-18 08:43:38,SC-02,smartphone,saudavel,saudavel,0.9984,agrosmart-v1,simulado,sim-2026-05
23309bdd-4391-59ec-8b2c-e9a7bedc521e,TI-04_20260518_0009.jpg,2026-05-18 08:44:01,TI-04,drone,saudavel,saudavel,1.0000,agrosmart-v1,simulado,sim-2026-05
2eab5f2c-61a7-5b52-83d0-4982fb58a5c9,SC-02_20260518_0030.jpg,2026-05-18 08:44:21,SC-02,smartphone,saudavel,saudavel,0.8203,agrosmart-v1,simulado,sim-2026-05
7e635981-4877-5c17-9c27-407e1cf3d7ff,TI-04_20260518_0010.jpg,2026-05-18 08:44:46,TI-04,drone,saudavel,saudavel,0.9028,agrosmart-v1,simulado,sim-2026-05
2c8ee09d-44aa-5695-8e59-b46afc7cae61,SC-02_20260518_0031.jpg,2026-05-18 08:44:47,SC-02,smartphone,saudavel,saudavel,0.9970,agrosmart-v1,simulado,sim-2026-05
9c4bc7e3-6582-5650-815d-10dd817523b0,TI-04_20260518_0011.jpg,2026-05-18 08:45:29,TI-04,drone,saudavel,saudavel,0.9215,agrosmart-v1,simulado,sim-2026-05
62a12154-4116-53e7-a8e2-754d95d249a0,SC-02_20260518_0032.jpg,2026-05-18 08:45:49,SC-02,smartphone,saudavel,saudavel,0.9927,agrosmart-v1,simulado,sim-2026-05
1ba327de-9632-541a-bd74-dea043783cb1,SC-02_20260518_0033.jpg,2026-05-18 08:46:03,SC-02,smartphone,saudavel,saudavel,0.9632,agrosmart-v1,simulado,sim-2026-05
61f6a7aa-d973-5eef-9da8-dd70da0f59ca,TI-04_20260518_0012.jpg,2026-05-18 08:46:15,TI-04,drone,saudavel,saudavel,0.8624,agrosmart-v1,simulado,sim-2026-05
f4083751-0733-5537-b0f5-2735abf6c858,SC-02_20260518_0034.jpg,2026-05-18 08:46:52,SC-02,smartphone,doente,requeima,0.9502,agrosmart-v1,simulado,sim-2026-05
e71e95ac-2eff-59de-8c8c-ea2e2473e0f0,TI-04_20260518_0013.jpg,2026-05-18 08:47:02,TI-04,drone,saudavel,saudavel,0.9959,agrosmart-v1,simulado,sim-2026-05
20136d2f-e3e3-5222-b3d4-37445d8fba14,SC-02_20260518_0035.jpg,2026-05-18 08:47:33,SC-02,smartphone,saudavel,saudavel,0.8756,agrosmart-v1,simulado,sim-2026-05
c2855382-1d80-51f8-8212-b5a9cc668cdc,TI-04_20260518_0014.jpg,2026-05-18 08:47:44,TI-04,drone,saudavel,saudavel,0.9733,agrosmart-v1,simulado,sim-2026-05
7e96d8a5-15b1-5443-b741-9bd6993fadb8,TI-04_20260518_0015.jpg,2026-05-18 08:48:16,TI-04,drone,saudavel,saudavel,0.9986,agrosmart-v1,simulado,sim-2026-05
e58dd4dc-6d2e-574e-bfb8-0307a829e911,TI-04_20260518_0016.jpg,2026-05-18 08:48:47,TI-04,drone,saudavel,saudavel,0.8725,agrosmart-v1,simulado,sim-2026-05
febdb8cf-a1ef-576b-ac4f-c0be1506658b,TI-04_20260518_0017.jpg,2026-05-18 08:49:44,TI-04,drone,saudavel,saudavel,0.8485,agrosmart-v1,simulado,sim-2026-05
662ed472-01a7-573b-aa32-3e625140d0c8,TI-04_20260518_0018.jpg,2026-05-18 08:50:16,TI-04,drone,saudavel,saudavel,0.9586,agrosmart-v1,simulado,sim-2026-05
b3e3c553-bf23-527c-b56c-281938ceafcd,TI-04_20260518_0019.jpg,2026-05-18 08:50:53,TI-04,drone,saudavel,saudavel,0.9723,agrosmart-v1,simulado,sim-2026-05
80a98e0f-5ee8-576a-9418-3ff3d1ba0bae,TI-04_20260518_0020.jpg,2026-05-18 08:51:38,TI-04,drone,saudavel,saudavel,0.9780,agrosmart-v1,simulado,sim-2026-05
48ea775d-07f0-531f-984a-11e05264ec16,TI-04_20260518_0021.jpg,2026-05-18 08:52:10,TI-04,drone,doente,requeima,0.9607,agrosmart-v1,simulado,sim-2026-05
9537a845-8dc2-559e-b1b4-0be754a4be03,TI-04_20260518_0022.jpg,2026-05-18 08:53:00,TI-04,drone,saudavel,saudavel,0.8944,agrosmart-v1,simulado,sim-2026-05
fbfb4f4e-35bf-5a33-be86-8efaf7c62e3d,TI-04_20260518_0023.jpg,2026-05-18 08:53:30,TI-04,drone,saudavel,saudavel,0.9002,agrosmart-v1,simulado,sim-2026-05
ec553618-b75f-51cf-beab-b1b26205b961,TI-04_20260518_0024.jpg,2026-05-18 08:54:13,TI-04,drone,saudavel,saudavel,0.9673,agrosmart-v1,simulado,sim-2026-05
174ae658-a02a-535c-a1fa-b12298e0d981,TI-04_20260518_0025.jpg,2026-05-18 08:54:44,TI-04,drone,saudavel,saudavel,0.9185,agrosmart-v1,simulado,sim-2026-05
449db4c2-b82e-52b3-a58d-f676289f2378,TI-02_20260518_0001.jpg,2026-05-18 08:55:05,TI-02,drone,saudavel,saudavel,0.9101,agrosmart-v1,simulado,sim-2026-05
38b5fff1-8e3e-5b22-8ab5-83e73153bbbb,TI-04_20260518_0026.jpg,2026-05-18 08:55:35,TI-04,drone,saudavel,saudavel,0.9670,agrosmart-v1,simulado,sim-2026-05
f0f090e8-c934-58f4-88f1-7ebd2b43a167,TI-02_20260518_0002.jpg,2026-05-18 08:55:38,TI-02,drone,saudavel,saudavel,0.9554,agrosmart-v1,simulado,sim-2026-05
6efd5d46-e5b6-51b7-922b-eedc28a4f896,TI-04_20260518_0027.jpg,2026-05-18 08:56:07,TI-04,drone,saudavel,saudavel,0.9990,agrosmart-v1,simulado,sim-2026-05
34415162-3103-5e5b-b386-23ad07e9f717,TI-02_20260518_0003.jpg,2026-05-18 08:56:15,TI-02,drone,saudavel,saudavel,0.9995,agrosmart-v1,simulado,sim-2026-05
e81f55b2-f4c3-5a71-8fee-9d806ceba561,TI-02_20260518_0004.jpg,2026-05-18 08:56:44,TI-02,drone,saudavel,saudavel,0.9033,agrosmart-v1,simulado,sim-2026-05
5c389a4a-f55a-5a8e-a90a-9386ecabc1dd,TI-04_20260518_0028.jpg,2026-05-18 08:57:05,TI-04,drone,saudavel,saudavel,0.9737,agrosmart-v1,simulado,sim-2026-05
fa2443ec-d4f7-52d7-9e1f-d30471b3799e,TI-04_20260518_0029.jpg,2026-05-18 08:57:23,TI-04,drone,saudavel,saudavel,0.9975,agrosmart-v1,simulado,sim-2026-05
4deb2a5c-0054-5644-b727-8bca9966771f,TI-02_20260518_0005.jpg,2026-05-18 08:57:40,TI-02,drone,saudavel,saudavel,0.9732,agrosmart-v1,simulado,sim-2026-05
abbf0c04-ceae-543b-8792-f7e00adb4599,TI-04_20260518_0030.jpg,2026-05-18 08:58:01,TI-04,drone,saudavel,saudavel,0.8859,agrosmart-v1,simulado,sim-2026-05
8d5c86db-be45-54b3-be02-e54379b18242,TI-02_20260518_0006.jpg,2026-05-18 08:58:04,TI-02,drone,saudavel,saudavel,0.9080,agrosmart-v1,simulado,sim-2026-05
dae91f64-9efe-5426-94b4-d3fbc033d09b,TI-04_20260518_0031.jpg,2026-05-18 08:58:43,TI-04,drone,saudavel,saudavel,0.9376,agrosmart-v1,simulado,sim-2026-05
5757c93f-6b2f-5921-991a-b1bed6baa6e8,TI-02_20260518_0007.jpg,2026-05-18 08:59:06,TI-02,drone,saudavel,saudavel,0.9886,agrosmart-v1,simulado,sim-2026-05
5c7e0eff-43f9-54d5-9f5c-33382181fc46,TI-02_20260518_0008.jpg,2026-05-18 08:59:23,TI-02,drone,saudavel,saudavel,0.9852,agrosmart-v1,simulado,sim-2026-05
649a80b6-a133-56bc-bdd1-70276d0eb57b,TI-04_20260518_0032.jpg,2026-05-18 08:59:35,TI-04,drone,saudavel,saudavel,0.8989,agrosmart-v1,simulado,sim-2026-05
d39d1662-66f2-54e8-b916-5cc100d8a91c,TI-02_20260518_0009.jpg,2026-05-18 09:00:21,TI-02,drone,saudavel,saudavel,0.8743,agrosmart-v1,simulado,sim-2026-05
47db4680-d39e-59fe-acc4-68cef3ec3406,TI-04_20260518_0033.jpg,2026-05-18 09:00:22,TI-04,drone,saudavel,saudavel,0.9669,agrosmart-v1,simulado,sim-2026-05
1d21018d-2d05-5bbc-8c11-c73ac1260a26,TI-02_20260518_0010.jpg,2026-05-18 09:01:03,TI-02,drone,saudavel,saudavel,0.8819,agrosmart-v1,simulado,sim-2026-05
6438e8eb-eab5-5e7e-83be-e0d2218f37b3,TI-02_20260518_0011.jpg,2026-05-18 09:01:40,TI-02,drone,saudavel,saudavel,0.9714,agrosmart-v1,simulado,sim-2026-05
5c892581-72fd-5b46-ba49-1f60e002cacd,TI-02_20260518_0012.jpg,2026-05-18 09:02:18,TI-02,drone,saudavel,saudavel,0.9999,agrosmart-v1,simulado,sim-2026-05
295f313e-03de-509c-b220-cc23e8466df7,TI-02_20260518_0013.jpg,2026-05-18 09:02:56,TI-02,drone,saudavel,saudavel,0.9808,agrosmart-v1,simulado,sim-2026-05
45ea9052-88b0-58a2-a16e-ed6530cc4077,TI-02_20260518_0014.jpg,2026-05-18 09:03:27,TI-02,drone,saudavel,saudavel,0.8745,agrosmart-v1,simulado,sim-2026-05
0a3cf481-b4e7-53c8-bf1d-7dee4684d8d7,TI-02_20260518_0015.jpg,2026-05-18 09:04:08,TI-02,drone,saudavel,saudavel,0.8929,agrosmart-v1,simulado,sim-2026-05
977245c4-bd9c-51c5-84bc-63293d4da01a,TI-02_20260518_0016.jpg,2026-05-18 09:04:53,TI-02,drone,saudavel,saudavel,0.9831,agrosmart-v1,simulado,sim-2026-05
06e38af6-e06c-5a09-a981-4452d391ef77,TI-02_20260518_0017.jpg,2026-05-18 09:05:22,TI-02,drone,saudavel,saudavel,0.9177,agrosmart-v1,simulado,sim-2026-05
8de79c60-0e9e-56b4-92e0-5fdb977f9e6c,TI-02_20260518_0018.jpg,2026-05-18 09:06:14,TI-02,drone,saudavel,saudavel,0.9423,agrosmart-v1,simulado,sim-2026-05
b6ed7d89-1edd-5786-b408-af75048d7e95,TI-02_20260518_0019.jpg,2026-05-18 09:06:54,TI-02,drone,saudavel,saudavel,0.8445,agrosmart-v1,simulado,sim-2026-05
08b5f5eb-cba7-5216-8d3d-7419690a4897,TI-02_20260518_0020.jpg,2026-05-18 09:07:37,TI-02,drone,saudavel,saudavel,0.9950,agrosmart-v1,simulado,sim-2026-05
85a4ec8e-b9fb-54f2-bc04-77f8899a8f0f,TI-02_20260518_0021.jpg,2026-05-18 09:08:15,TI-02,drone,saudavel,saudavel,0.8710,agrosmart-v1,simulado,sim-2026-05
91605d6b-926b-5b41-ae0f-47f949c38d03,TI-02_20260518_0022.jpg,2026-05-18 09:09:10,TI-02,drone,saudavel,saudavel,0.9732,agrosmart-v1,simulado,sim-2026-05
7536d8cf-ab2d-506c-87c5-300c18c58234,TI-02_20260518_0023.jpg,2026-05-18 09:09:49,TI-02,drone,saudavel,saudavel,0.8310,agrosmart-v1,simulado,sim-2026-05
55a8ff76-af89-5fb1-8526-8dca442acb9f,TI-02_20260518_0024.jpg,2026-05-18 09:10:07,TI-02,drone,saudavel,saudavel,0.9799,agrosmart-v1,simulado,sim-2026-05
0557bfd1-acbd-5eaa-bf11-65b4ad5ced52,TI-02_20260518_0025.jpg,2026-05-18 09:10:52,TI-02,drone,saudavel,saudavel,0.8653,agrosmart-v1,simulado,sim-2026-05
098e8da2-3de2-5ec9-a722-a651f1ad995c,TI-02_20260518_0026.jpg,2026-05-18 09:11:21,TI-02,drone,saudavel,saudavel,0.9221,agrosmart-v1,simulado,sim-2026-05
43660a22-4ac5-53fe-a17e-984890e75f2f,TI-02_20260518_0027.jpg,2026-05-18 09:12:10,TI-02,drone,saudavel,saudavel,0.9160,agrosmart-v1,simulado,sim-2026-05
f002454f-fec1-5ebb-80e1-3a4bb183e505,TI-02_20260518_0028.jpg,2026-05-18 09:12:41,TI-02,drone,saudavel,saudavel,0.6479,agrosmart-v1,simulado,sim-2026-05
941bd2d8-2489-58c1-af69-984da14aae49,TI-02_20260518_0029.jpg,2026-05-18 09:13:31,TI-02,drone,saudavel,saudavel,0.9513,agrosmart-v1,simulado,sim-2026-05
f5f39782-3f06-56d4-8b67-6450b7c3b04c,TI-02_20260518_0030.jpg,2026-05-18 09:14:06,TI-02,drone,saudavel,saudavel,0.9987,agrosmart-v1,simulado,sim-2026-05
fb5aaa71-c156-5ca1-b30d-f3f47c612269,TI-02_20260518_0031.jpg,2026-05-18 09:14:51,TI-02,drone,saudavel,saudavel,0.6282,agrosmart-v1,simulado,sim-2026-05
52aaf80b-3050-50b6-9128-e9113f1c0a25,TI-02_20260518_0032.jpg,2026-05-18 09:15:26,TI-02,drone,saudavel,saudavel,0.8213,agrosmart-v1,simulado,sim-2026-05
094574c1-ba47-513f-b503-2435a90876a2,TI-02_20260518_0033.jpg,2026-05-18 09:16:23,TI-02,drone,saudavel,saudavel,0.9701,agrosmart-v1,simulado,sim-2026-05
b80a0ca7-e014-5b1b-89ad-f90d7b2d4155,TI-02_20260518_0034.jpg,2026-05-18 09:17:10,TI-02,drone,saudavel,saudavel,0.9981,agrosmart-v1,simulado,sim-2026-05
83d9ad1f-2df0-50b2-af4e-bd43b9b0ef97,TI-02_20260518_0035.jpg,2026-05-18 09:17:50,TI-02,drone,saudavel,saudavel,0.9792,agrosmart-v1,simulado,sim-2026-05
1a941afc-8959-517f-9089-2bb07913bc36,TI-03_20260518_0001.jpg,2026-05-18 09:17:52,TI-03,drone,saudavel,saudavel,0.9448,agrosmart-v1,simulado,sim-2026-05
a6eb44c8-6c89-5d1f-8343-6bcc5d3f438e,TI-02_20260518_0036.jpg,2026-05-18 09:18:17,TI-02,drone,saudavel,saudavel,0.8512,agrosmart-v1,simulado,sim-2026-05
65e3534d-94c2-50cc-972a-d37000a867f4,TI-03_20260518_0002.jpg,2026-05-18 09:18:49,TI-03,drone,saudavel,saudavel,0.9957,agrosmart-v1,simulado,sim-2026-05
77d6675d-3f11-5c8d-8f8e-6b8caa6c1107,BV-01_20260518_0001.jpg,2026-05-18 09:18:51,BV-01,smartphone,doente,vaquinha,0.9152,agrosmart-v1,simulado,sim-2026-05
780b5570-25da-5b47-b16d-c316c9633799,TI-02_20260518_0037.jpg,2026-05-18 09:18:53,TI-02,drone,saudavel,saudavel,0.8560,agrosmart-v1,simulado,sim-2026-05
175080e9-c62b-53c8-be60-17de8d1566f5,BV-01_20260518_0002.jpg,2026-05-18 09:19:23,BV-01,smartphone,saudavel,saudavel,0.9619,agrosmart-v1,simulado,sim-2026-05
57cfde8a-38f9-581e-8bb0-ed6889aae246,TI-03_20260518_0003.jpg,2026-05-18 09:19:30,TI-03,drone,saudavel,saudavel,0.8259,agrosmart-v1,simulado,sim-2026-05
9b09e9f9-8817-573e-9102-388fb8ad8aa4,TI-02_20260518_0038.jpg,2026-05-18 09:19:45,TI-02,drone,saudavel,saudavel,0.6571,agrosmart-v1,simulado,sim-2026-05
af6bddad-7a65-521b-a38d-c3c8bafedcb3,BV-01_20260518_0003.jpg,2026-05-18 09:20:00,BV-01,smartphone,saudavel,saudavel,0.9741,agrosmart-v1,simulado,sim-2026-05
74a62882-292d-5de4-87e5-66d32f272a81,TI-03_20260518_0004.jpg,2026-05-18 09:20:08,TI-03,drone,saudavel,saudavel,0.9907,agrosmart-v1,simulado,sim-2026-05
a6776918-cb90-575e-9f13-ae166c4c6954,TI-03_20260518_0005.jpg,2026-05-18 09:20:23,TI-03,drone,saudavel,saudavel,0.9440,agrosmart-v1,simulado,sim-2026-05
b2a26c52-f63c-5fd5-95b3-cdcfa692dbee,TI-02_20260518_0039.jpg,2026-05-18 09:20:29,TI-02,drone,saudavel,saudavel,0.8439,agrosmart-v1,simulado,sim-2026-05
17f6c993-35cb-585e-8366-35978f633261,BV-01_20260518_0004.jpg,2026-05-18 09:20:51,BV-01,smartphone,saudavel,saudavel,0.9879,agrosmart-v1,simulado,sim-2026-05
a2a4e56d-17e4-5699-bd0b-aeff52bb4e5a,TI-03_20260518_0006.jpg,2026-05-18 09:21:02,TI-03,drone,saudavel,saudavel,0.9569,agrosmart-v1,simulado,sim-2026-05
70488d11-bee5-5aa9-aad2-29fefccaf858,TI-02_20260518_0040.jpg,2026-05-18 09:21:09,TI-02,drone,saudavel,saudavel,0.9524,agrosmart-v1,simulado,sim-2026-05
6395cc47-386d-5974-b147-df1c2bfaa7ca,BV-01_20260518_0005.jpg,2026-05-18 09:21:27,BV-01,smartphone,saudavel,saudavel,0.8346,agrosmart-v1,simulado,sim-2026-05
b134ffaa-196b-56c4-b6eb-ac3b9b80e4eb,TI-02_20260518_0041.jpg,2026-05-18 09:21:45,TI-02,drone,saudavel,saudavel,0.9964,agrosmart-v1,simulado,sim-2026-05
3864e4e9-c09a-5421-b148-2ffdf1e8d59b,TI-03_20260518_0007.jpg,2026-05-18 09:21:51,TI-03,drone,saudavel,saudavel,0.9551,agrosmart-v1,simulado,sim-2026-05
8d2b403a-1c8d-5d32-b445-9d2723962b89,BV-01_20260518_0006.jpg,2026-05-18 09:22:05,BV-01,smartphone,saudavel,saudavel,0.9920,agrosmart-v1,simulado,sim-2026-05
91eb19d2-ecc6-5ea8-812e-e25aeed7d0d0,TI-02_20260518_0042.jpg,2026-05-18 09:22:05,TI-02,drone,saudavel,saudavel,0.9300,agrosmart-v1,simulado,sim-2026-05
27958b0d-8c66-568f-abf8-39d7b7aaa0f8,TI-03_20260518_0008.jpg,2026-05-18 09:22:48,TI-03,drone,saudavel,saudavel,0.9832,agrosmart-v1,simulado,sim-2026-05
a0b3857b-db05-573c-943f-36fac5359520,TI-02_20260518_0043.jpg,2026-05-18 09:22:50,TI-02,drone,saudavel,saudavel,0.9803,agrosmart-v1,simulado,sim-2026-05
e91cb085-152e-51e9-a879-95bcb955a69d,BV-01_20260518_0007.jpg,2026-05-18 09:22:51,BV-01,smartphone,saudavel,saudavel,0.9711,agrosmart-v1,simulado,sim-2026-05
b961709a-7430-515b-9958-7dd365b40524,TI-02_20260518_0044.jpg,2026-05-18 09:23:23,TI-02,drone,saudavel,saudavel,0.9863,agrosmart-v1,simulado,sim-2026-05
7f9d0541-ccac-5250-85f8-c0343879ad0c,TI-03_20260518_0009.jpg,2026-05-18 09:23:23,TI-03,drone,saudavel,saudavel,0.9839,agrosmart-v1,simulado,sim-2026-05
5f2c7957-7ee2-55d0-a548-a33318cd15a8,BV-01_20260518_0008.jpg,2026-05-18 09:23:38,BV-01,smartphone,saudavel,saudavel,0.9403,agrosmart-v1,simulado,sim-2026-05
c6f4e08f-bf3c-51ca-8761-dbd7d0fb6f21,TI-03_20260518_0010.jpg,2026-05-18 09:23:50,TI-03,drone,saudavel,saudavel,0.9633,agrosmart-v1,simulado,sim-2026-05
0deddbfb-031a-5614-848c-a03bf012771f,TI-02_20260518_0045.jpg,2026-05-18 09:24:01,TI-02,drone,saudavel,saudavel,0.9053,agrosmart-v1,simulado,sim-2026-05
c49d5bbf-c40f-5de0-9ce1-161c8ffba96a,BV-01_20260518_0009.jpg,2026-05-18 09:24:03,BV-01,smartphone,saudavel,saudavel,0.8836,agrosmart-v1,simulado,sim-2026-05
45d42242-cf3f-565d-99e2-fa64603b9e6f,TI-03_20260518_0011.jpg,2026-05-18 09:24:30,TI-03,drone,saudavel,saudavel,0.9841,agrosmart-v1,simulado,sim-2026-05
57d46c0c-0925-5ee0-9843-dc4699684ac8,TI-02_20260518_0046.jpg,2026-05-18 09:24:48,TI-02,drone,saudavel,saudavel,0.9995,agrosmart-v1,simulado,sim-2026-05
13729cd2-0f59-574f-9d03-e0a385d371be,BV-01_20260518_0010.jpg,2026-05-18 09:25:07,BV-01,smartphone,saudavel,saudavel,0.9962,agrosmart-v1,simulado,sim-2026-05
e9a158e0-6cae-5867-a50d-00309c26f7d4,TI-03_20260518_0012.jpg,2026-05-18 09:25:12,TI-03,drone,doente,mosca_minadora,0.9979,agrosmart-v1,simulado,sim-2026-05
f3efa48b-730e-50b4-9b6a-73154e4e5f0b,TI-02_20260518_0047.jpg,2026-05-18 09:25:20,TI-02,drone,saudavel,saudavel,0.9358,agrosmart-v1,simulado,sim-2026-05
abead0de-426a-585c-8de6-5fb272798d91,BV-01_20260518_0011.jpg,2026-05-18 09:25:24,BV-01,smartphone,saudavel,saudavel,1.0000,agrosmart-v1,simulado,sim-2026-05
355df0c8-0f98-5151-9c77-5168003ca99d,TI-03_20260518_0013.jpg,2026-05-18 09:25:48,TI-03,drone,saudavel,saudavel,0.9833,agrosmart-v1,simulado,sim-2026-05
67aa99d7-e11c-5a4d-8dfd-93bd59a48386,BV-01_20260518_0012.jpg,2026-05-18 09:26:04,BV-01,smartphone,saudavel,saudavel,0.8701,agrosmart-v1,simulado,sim-2026-05
352e8b2b-3507-505a-be9f-36ee1e07879c,TI-02_20260518_0048.jpg,2026-05-18 09:26:29,TI-02,drone,saudavel,saudavel,0.9409,agrosmart-v1,simulado,sim-2026-05
64b517e9-552e-576d-9a1b-aa094c839a87,TI-03_20260518_0014.jpg,2026-05-18 09:26:47,TI-03,drone,saudavel,saudavel,0.9999,agrosmart-v1,simulado,sim-2026-05
959a36eb-c5a4-5cb7-8c47-0b66b6b92b0a,BV-01_20260518_0013.jpg,2026-05-18 09:27:03,BV-01,smartphone,saudavel,saudavel,0.9574,agrosmart-v1,simulado,sim-2026-05
e27388b8-64a7-5a68-a77a-336d1e8875d2,TI-03_20260518_0015.jpg,2026-05-18 09:27:18,TI-03,drone,saudavel,saudavel,0.9209,agrosmart-v1,simulado,sim-2026-05
05794d93-695f-5bcb-ad04-6471e17e5abb,BV-01_20260518_0014.jpg,2026-05-18 09:27:47,BV-01,smartphone,saudavel,saudavel,0.9714,agrosmart-v1,simulado,sim-2026-05
68f45952-5308-512b-9104-b057156203f4,BV-01_20260518_0015.jpg,2026-05-18 09:28:01,BV-01,smartphone,saudavel,saudavel,0.9884,agrosmart-v1,simulado,sim-2026-05
5dc188a6-edba-5150-91a7-10e099670eea,TI-03_20260518_0016.jpg,2026-05-18 09:28:05,TI-03,drone,saudavel,saudavel,0.9542,agrosmart-v1,simulado,sim-2026-05
1dca045d-9a98-5d4c-8731-55266180fd13,TI-03_20260518_0017.jpg,2026-05-18 09:28:36,TI-03,drone,saudavel,saudavel,0.9427,agrosmart-v1,simulado,sim-2026-05
bfdf1e1c-42ad-577f-9f9e-439855b5e227,BV-01_20260518_0016.jpg,2026-05-18 09:28:43,BV-01,smartphone,saudavel,saudavel,0.9798,agrosmart-v1,simulado,sim-2026-05
f1ffdd3c-6a70-59f9-9c23-9a7a07ea4c78,TI-03_20260518_0018.jpg,2026-05-18 09:29:22,TI-03,drone,saudavel,saudavel,0.9215,agrosmart-v1,simulado,sim-2026-05
51d18f1e-2978-5e6e-a244-f4fd7137c3fb,BV-01_20260518_0017.jpg,2026-05-18 09:29:37,BV-01,smartphone,saudavel,saudavel,0.8819,agrosmart-v1,simulado,sim-2026-05
69ace740-ee5a-558b-a7e3-b3d06db9777e,TI-03_20260518_0019.jpg,2026-05-18 09:29:42,TI-03,drone,saudavel,saudavel,0.9229,agrosmart-v1,simulado,sim-2026-05
a66a36be-bcc2-5ca5-85e6-ac405b6b1d70,BV-01_20260518_0018.jpg,2026-05-18 09:30:13,BV-01,smartphone,saudavel,saudavel,0.8646,agrosmart-v1,simulado,sim-2026-05
2cf601f9-357b-52c9-a1e2-ff8ebed9b48e,TI-03_20260518_0020.jpg,2026-05-18 09:30:25,TI-03,drone,saudavel,saudavel,0.9073,agrosmart-v1,simulado,sim-2026-05
d3155866-27eb-5827-aa54-075e67729a89,BV-01_20260518_0019.jpg,2026-05-18 09:30:46,BV-01,smartphone,saudavel,saudavel,0.9240,agrosmart-v1,simulado,sim-2026-05
58dbf825-1306-5331-b814-8d0d61ac03fa,TI-03_20260518_0021.jpg,2026-05-18 09:31:28,TI-03,drone,saudavel,saudavel,0.9539,agrosmart-v1,simulado,sim-2026-05
53c2da47-7815-54c7-aa6e-84167bf04470,BV-01_20260518_0020.jpg,2026-05-18 09:31:44,BV-01,smartphone,saudavel,saudavel,0.9810,agrosmart-v1,simulado,sim-2026-05
bf86177b-71d0-5a93-89f4-ebdefebe2a19,TI-03_20260518_0022.jpg,2026-05-18 09:31:55,TI-03,drone,saudavel,saudavel,0.8776,agrosmart-v1,simulado,sim-2026-05
7dd7def3-e7c7-52e9-aeea-d1ac405f2be1,TI-03_20260518_0023.jpg,2026-05-18 09:32:23,TI-03,drone,saudavel,saudavel,0.9821,agrosmart-v1,simulado,sim-2026-05
a87d3ded-29f1-5eea-9e48-3f54d3f19c83,BV-01_20260518_0021.jpg,2026-05-18 09:32:24,BV-01,smartphone,saudavel,saudavel,0.8575,agrosmart-v1,simulado,sim-2026-05
b96c7353-1da0-5ed9-80b8-b999ebf93d42,BV-01_20260518_0022.jpg,2026-05-18 09:32:49,BV-01,smartphone,saudavel,saudavel,0.8353,agrosmart-v1,simulado,sim-2026-05
9a2214ed-6737-575b-9180-6483abdcf740,TI-03_20260518_0024.jpg,2026-05-18 09:33:11,TI-03,drone,doente,pinta_preta,0.9880,agrosmart-v1,simulado,sim-2026-05
c85113bb-62eb-5b99-9b82-b0a201186db5,BV-01_20260518_0023.jpg,2026-05-18 09:33:40,BV-01,smartphone,saudavel,saudavel,0.9795,agrosmart-v1,simulado,sim-2026-05
ba763d21-fd90-50b8-9374-fbaacb0085c0,TI-03_20260518_0025.jpg,2026-05-18 09:33:58,TI-03,drone,saudavel,saudavel,0.8596,agrosmart-v1,simulado,sim-2026-05
4bb3b606-6481-5cf4-8be7-d42321cd2fb1,TI-03_20260518_0026.jpg,2026-05-18 09:34:46,TI-03,drone,doente,mosca_minadora,0.8241,agrosmart-v1,simulado,sim-2026-05
479cdff7-ece7-5d80-b838-51f6b04762da,TI-03_20260518_0027.jpg,2026-05-18 09:35:14,TI-03,drone,saudavel,saudavel,0.9531,agrosmart-v1,simulado,sim-2026-05
cdea9b27-19aa-5ea9-8c91-ff517a715841,TI-03_20260518_0028.jpg,2026-05-18 09:35:40,TI-03,drone,saudavel,saudavel,0.8620,agrosmart-v1,simulado,sim-2026-05
59bd559e-8f57-536a-94a3-6590f3524b86,TI-03_20260518_0029.jpg,2026-05-18 09:36:23,TI-03,drone,saudavel,saudavel,0.9549,agrosmart-v1,simulado,sim-2026-05
4fecb069-0896-526e-ac68-dc26a6130511,TI-03_20260518_0030.jpg,2026-05-18 09:37:30,TI-03,drone,saudavel,saudavel,0.9897,agrosmart-v1,simulado,sim-2026-05
5e1cadc6-86fb-5565-a9dc-6f888cdea236,TI-03_20260518_0031.jpg,2026-05-18 09:37:56,TI-03,drone,saudavel,saudavel,0.9593,agrosmart-v1,simulado,sim-2026-05
67de1634-2165-57ee-b62b-715f0494c615,TI-03_20260518_0032.jpg,2026-05-18 09:38:26,TI-03,drone,saudavel,saudavel,0.8856,agrosmart-v1,simulado,sim-2026-05
e9120aa9-db23-551f-8c19-eb0efd0a8f76,TI-01_20260518_0001.jpg,2026-05-18 09:38:51,TI-01,drone,doente,mosca_minadora,0.9950,agrosmart-v1,simulado,sim-2026-05
b1f71174-19b7-5938-872e-1a63a5f7e07e,TI-03_20260518_0033.jpg,2026-05-18 09:39:09,TI-03,drone,saudavel,saudavel,0.9868,agrosmart-v1,simulado,sim-2026-05
03f29c5e-149f-5e9f-98ad-7b65968c9b13,TI-01_20260518_0002.jpg,2026-05-18 09:39:43,TI-01,drone,saudavel,saudavel,0.9471,agrosmart-v1,simulado,sim-2026-05
7bfd6eae-f834-5b6a-b9c8-c0c8ed7b40b6,TI-03_20260518_0034.jpg,2026-05-18 09:40:05,TI-03,drone,saudavel,saudavel,0.9968,agrosmart-v1,simulado,sim-2026-05
a844786a-f358-56ec-b915-4727364de1a1,TI-01_20260518_0003.jpg,2026-05-18 09:40:15,TI-01,drone,saudavel,saudavel,0.9477,agrosmart-v1,simulado,sim-2026-05
1c77795d-f28f-5639-b22d-3e86fa03a434,TI-03_20260518_0035.jpg,2026-05-18 09:40:41,TI-03,drone,saudavel,saudavel,0.9443,agrosmart-v1,simulado,sim-2026-05
3ed598da-4a0f-5468-87dd-a5d7d29c64d0,TI-01_20260518_0004.jpg,2026-05-18 09:40:46,TI-01,drone,saudavel,saudavel,0.9903,agrosmart-v1,simulado,sim-2026-05
3e4d27b2-133d-57ce-b70e-d4f86c437d83,TI-01_20260518_0005.jpg,2026-05-18 09:41:24,TI-01,drone,saudavel,saudavel,0.9977,agrosmart-v1,simulado,sim-2026-05
d88031a1-7c64-5d3f-9bd8-bcaa2d7b1e79,TI-01_20260518_0006.jpg,2026-05-18 09:42:14,TI-01,drone,saudavel,saudavel,0.9446,agrosmart-v1,simulado,sim-2026-05
9751ca8d-afdb-59b0-8c15-bd9894f392e9,TI-01_20260518_0007.jpg,2026-05-18 09:42:57,TI-01,drone,saudavel,saudavel,0.8467,agrosmart-v1,simulado,sim-2026-05
8052f736-d7f3-5e79-ae19-8566910b18b3,TI-01_20260518_0008.jpg,2026-05-18 09:43:32,TI-01,drone,saudavel,saudavel,0.9437,agrosmart-v1,simulado,sim-2026-05
a9c4ea76-4d48-5403-b2eb-168db0ec5d05,TI-01_20260518_0009.jpg,2026-05-18 09:44:16,TI-01,drone,saudavel,saudavel,0.8674,agrosmart-v1,simulado,sim-2026-05
4108f539-d05c-5e08-9960-206d16761eda,SC-01_20260518_0001.jpg,2026-05-18 09:44:53,SC-01,smartphone,saudavel,saudavel,0.9985,agrosmart-v1,simulado,sim-2026-05
61cdf17e-2a88-535f-8202-40bea0c6a507,BV-02_20260518_0001.jpg,2026-05-18 09:44:58,BV-02,smartphone,saudavel,saudavel,0.8318,agrosmart-v1,simulado,sim-2026-05
ee79b128-9072-55a9-8470-16c082b64b45,TI-01_20260518_0010.jpg,2026-05-18 09:45:02,TI-01,drone,saudavel,saudavel,0.9926,agrosmart-v1,simulado,sim-2026-05
cf252a10-48fe-5024-9731-3a5317aa380d,SC-01_20260518_0002.jpg,2026-05-18 09:45:27,SC-01,smartphone,saudavel,saudavel,0.9635,agrosmart-v1,simulado,sim-2026-05
8fe94895-98ce-57b4-b96b-51746d4b3a44,BV-02_20260518_0002.jpg,2026-05-18 09:45:38,BV-02,smartphone,saudavel,saudavel,0.8530,agrosmart-v1,simulado,sim-2026-05
738f5688-b92e-5b21-80c2-e5b6d152ac13,TI-01_20260518_0011.jpg,2026-05-18 09:45:43,TI-01,drone,saudavel,saudavel,0.9763,agrosmart-v1,simulado,sim-2026-05
cf03977f-0599-5365-9a50-f9b1cb02d856,SC-01_20260518_0003.jpg,2026-05-18 09:46:10,SC-01,smartphone,saudavel,saudavel,0.9598,agrosmart-v1,simulado,sim-2026-05
5501ef92-9f3f-50da-9c06-5bba25254e10,BV-02_20260518_0003.jpg,2026-05-18 09:46:12,BV-02,smartphone,saudavel,saudavel,0.9997,agrosmart-v1,simulado,sim-2026-05
245b4d9c-8b9d-5272-9f2a-bbdb0dec76c7,TI-01_20260518_0012.jpg,2026-05-18 09:46:25,TI-01,drone,saudavel,saudavel,0.8400,agrosmart-v1,simulado,sim-2026-05
0e3f3432-2173-580b-ba8b-f168aedbc6eb,SC-01_20260518_0004.jpg,2026-05-18 09:46:45,SC-01,smartphone,saudavel,saudavel,0.9919,agrosmart-v1,simulado,sim-2026-05
a33b225a-2154-593c-9d8a-1617cc3c5d28,BV-02_20260518_0004.jpg,2026-05-18 09:46:54,BV-02,smartphone,saudavel,saudavel,0.9408,agrosmart-v1,simulado,sim-2026-05
bbc5ec7f-684e-5d2c-b659-6c227895dd26,TI-01_20260518_0013.jpg,2026-05-18 09:47:02,TI-01,drone,saudavel,saudavel,0.8236,agrosmart-v1,simulado,sim-2026-05
690c195f-64fe-5584-a2fc-5a44593267f5,TI-01_20260518_0014.jpg,2026-05-18 09:47:24,TI-01,drone,saudavel,saudavel,0.9739,agrosmart-v1,simulado,sim-2026-05
8f60fbf7-eefc-5fc2-b195-3db9f1362f4a,SC-01_20260518_0005.jpg,2026-05-18 09:47:33,SC-01,smartphone,saudavel,saudavel,0.9771,agrosmart-v1,simulado,sim-2026-05
80a2022a-aa71-5e67-9358-c7e424ae2427,BV-02_20260518_0005.jpg,2026-05-18 09:47:50,BV-02,smartphone,saudavel,saudavel,0.8833,agrosmart-v1,simulado,sim-2026-05
e2315f65-0b17-5417-b191-521ecfcbca29,BV-02_20260518_0006.jpg,2026-05-18 09:48:13,BV-02,smartphone,saudavel,saudavel,0.9999,agrosmart-v1,simulado,sim-2026-05
7355ce53-c9ac-53fb-8790-623e452f27a1,SC-01_20260518_0006.jpg,2026-05-18 09:48:16,SC-01,smartphone,saudavel,saudavel,0.8456,agrosmart-v1,simulado,sim-2026-05
9fc379d7-cdc2-5273-97d6-1cc2558a7a9e,TI-01_20260518_0015.jpg,2026-05-18 09:48:22,TI-01,drone,saudavel,saudavel,0.9834,agrosmart-v1,simulado,sim-2026-05
c5d272c3-4373-520b-b91b-e2111aab17e0,BV-02_20260518_0007.jpg,2026-05-18 09:48:40,BV-02,smartphone,saudavel,saudavel,0.9805,agrosmart-v1,simulado,sim-2026-05
36b0a1d0-ef85-5bff-ae44-263821b749ea,BV-03_20260518_0001.jpg,2026-05-18 09:48:42,BV-03,smartphone,saudavel,saudavel,0.9978,agrosmart-v1,simulado,sim-2026-05
9db5f1d4-a4fd-5017-89ca-ab9db5c4df68,SC-01_20260518_0007.jpg,2026-05-18 09:48:47,SC-01,smartphone,saudavel,saudavel,0.9654,agrosmart-v1,simulado,sim-2026-05
8a36ea1e-5645-5512-aa37-87177eb81287,TI-01_20260518_0016.jpg,2026-05-18 09:49:06,TI-01,drone,saudavel,saudavel,0.9870,agrosmart-v1,simulado,sim-2026-05
8fb98b96-5629-5c69-a2d9-f49e5acdd0e4,BV-03_20260518_0002.jpg,2026-05-18 09:49:29,BV-03,smartphone,doente,requeima,0.9421,agrosmart-v1,simulado,sim-2026-05
81d93208-3954-5bd5-bffa-677879c66db8,BV-02_20260518_0008.jpg,2026-05-18 09:49:33,BV-02,smartphone,saudavel,saudavel,0.9043,agrosmart-v1,simulado,sim-2026-05
63a1a8d1-e3c2-54ef-8af2-ea85778c3352,SC-01_20260518_0008.jpg,2026-05-18 09:49:34,SC-01,smartphone,doente,pinta_preta,0.5306,agrosmart-v1,simulado,sim-2026-05
4457103f-ca80-515a-9fe7-1e3b1dc84be3,TI-01_20260518_0017.jpg,2026-05-18 09:49:47,TI-01,drone,saudavel,saudavel,0.9972,agrosmart-v1,simulado,sim-2026-05
6611facd-ba80-5c6b-aa08-653d44133f87,TI-01_20260518_0018.jpg,2026-05-18 09:50:03,TI-01,drone,saudavel,saudavel,0.9540,agrosmart-v1,simulado,sim-2026-05
9960d19a-ddc1-52c8-99f0-348fd5d6fbe5,SC-01_20260518_0009.jpg,2026-05-18 09:50:06,SC-01,smartphone,saudavel,saudavel,0.9992,agrosmart-v1,simulado,sim-2026-05
fb26cc6e-b16a-54ee-bc25-f8eece852e08,BV-02_20260518_0009.jpg,2026-05-18 09:50:08,BV-02,smartphone,saudavel,saudavel,0.9160,agrosmart-v1,simulado,sim-2026-05
5edef062-4f50-58e5-a6d5-21f1d148b7e0,BV-03_20260518_0003.jpg,2026-05-18 09:50:09,BV-03,smartphone,doente,requeima,0.6290,agrosmart-v1,simulado,sim-2026-05
dc5736bc-e4d8-5f3a-8524-1f2dec72cc73,TI-01_20260518_0019.jpg,2026-05-18 09:50:44,TI-01,drone,saudavel,saudavel,0.8835,agrosmart-v1,simulado,sim-2026-05
56024a8e-4b5a-54e4-a486-5cf6c3cbb7fe,SC-01_20260518_0010.jpg,2026-05-18 09:50:54,SC-01,smartphone,saudavel,saudavel,0.8887,agrosmart-v1,simulado,sim-2026-05
9daaebff-0708-5102-993b-632b98f6d397,BV-03_20260518_0004.jpg,2026-05-18 09:51:04,BV-03,smartphone,saudavel,saudavel,0.8778,agrosmart-v1,simulado,sim-2026-05
11a16bbd-1840-5a04-9628-9c5fc554f479,BV-02_20260518_0010.jpg,2026-05-18 09:51:10,BV-02,smartphone,saudavel,saudavel,0.9642,agrosmart-v1,simulado,sim-2026-05
23308213-5b1e-5ea1-a4a2-00464bdc4973,TI-01_20260518_0020.jpg,2026-05-18 09:51:23,TI-01,drone,saudavel,saudavel,0.9956,agrosmart-v1,simulado,sim-2026-05
5f4bb28f-3c9b-5094-beb7-82114bc9804b,BV-03_20260518_0005.jpg,2026-05-18 09:51:26,BV-03,smartphone,saudavel,saudavel,0.8334,agrosmart-v1,simulado,sim-2026-05
313ea404-d2ff-5d72-b537-0519b53c831f,SC-01_20260518_0011.jpg,2026-05-18 09:51:33,SC-01,smartphone,saudavel,saudavel,0.8533,agrosmart-v1,simulado,sim-2026-05
af14c9b5-d108-58dc-8125-68c01ca16aac,BV-02_20260518_0011.jpg,2026-05-18 09:51:34,BV-02,smartphone,saudavel,saudavel,0.9275,agrosmart-v1,simulado,sim-2026-05
f7ef61c8-b829-5779-bf7e-76b424ffb98e,SC-01_20260518_0012.jpg,2026-05-18 09:52:01,SC-01,smartphone,saudavel,saudavel,0.8923,agrosmart-v1,simulado,sim-2026-05
edf9c4af-e256-55a4-92f9-20f592e59a40,TI-01_20260518_0021.jpg,2026-05-18 09:52:01,TI-01,drone,saudavel,saudavel,0.9897,agrosmart-v1,simulado,sim-2026-05
d5644e23-b1d8-5af2-98ba-2e03c7f8e256,BV-02_20260518_0012.jpg,2026-05-18 09:52:05,BV-02,smartphone,saudavel,saudavel,0.8931,agrosmart-v1,simulado,sim-2026-05
9d696a68-a51a-5f82-bd38-5aeb642ea6ad,BV-03_20260518_0006.jpg,2026-05-18 09:52:26,BV-03,smartphone,saudavel,saudavel,0.9809,agrosmart-v1,simulado,sim-2026-05
fd899f01-f743-532a-ba1b-930e4b4e1b4c,SC-01_20260518_0013.jpg,2026-05-18 09:52:47,SC-01,smartphone,saudavel,saudavel,0.8380,agrosmart-v1,simulado,sim-2026-05
9643b183-6333-5a41-a2df-5df8ef849bb2,BV-02_20260518_0013.jpg,2026-05-18 09:52:50,BV-02,smartphone,saudavel,saudavel,0.8979,agrosmart-v1,simulado,sim-2026-05
f36a37b2-f79a-5896-8f00-19a9129b4354,TI-01_20260518_0022.jpg,2026-05-18 09:52:50,TI-01,drone,saudavel,saudavel,0.8928,agrosmart-v1,simulado,sim-2026-05
76014aa0-ec70-5e9d-947a-3a72aa8287f5,BV-03_20260518_0007.jpg,2026-05-18 09:52:57,BV-03,smartphone,saudavel,saudavel,0.9656,agrosmart-v1,simulado,sim-2026-05
0803e802-259e-5e4c-ba2e-90404d49f102,BV-02_20260518_0014.jpg,2026-05-18 09:53:25,BV-02,smartphone,saudavel,saudavel,0.8679,agrosmart-v1,simulado,sim-2026-05
3e9914f2-5c4b-5cae-98e4-8aa5d584499a,TI-01_20260518_0023.jpg,2026-05-18 09:53:42,TI-01,drone,saudavel,saudavel,0.9784,agrosmart-v1,simulado,sim-2026-05
71a1815b-7914-5be0-a909-ed9aacfcf079,BV-03_20260518_0008.jpg,2026-05-18 09:53:50,BV-03,smartphone,saudavel,saudavel,0.9955,agrosmart-v1,simulado,sim-2026-05
b3d223d7-b7d8-5c78-a839-bab4f4b372c8,SC-01_20260518_0014.jpg,2026-05-18 09:53:50,SC-01,smartphone,saudavel,saudavel,0.9789,agrosmart-v1,simulado,sim-2026-05
79c6f948-6950-5737-9acf-9e6b58c4b391,SC-01_20260518_0015.jpg,2026-05-18 09:54:04,SC-01,smartphone,saudavel,saudavel,0.8571,agrosmart-v1,simulado,sim-2026-05
eb902012-3f17-577e-89f0-5e038907fe4c,TI-01_20260518_0024.jpg,2026-05-18 09:54:05,TI-01,drone,saudavel,saudavel,0.9639,agrosmart-v1,simulado,sim-2026-05
acb70907-5738-5b5a-9de6-a81e1fa8734f,BV-02_20260518_0015.jpg,2026-05-18 09:54:19,BV-02,smartphone,saudavel,saudavel,0.8833,agrosmart-v1,simulado,sim-2026-05
6d216949-3406-5fc4-bfdd-2239f948e588,BV-03_20260518_0009.jpg,2026-05-18 09:54:30,BV-03,smartphone,saudavel,saudavel,0.9817,agrosmart-v1,simulado,sim-2026-05
1a9bdf0c-f451-5263-acb5-e05f2b73777c,SC-01_20260518_0016.jpg,2026-05-18 09:54:42,SC-01,smartphone,saudavel,saudavel,0.9888,agrosmart-v1,simulado,sim-2026-05
aae7e869-0f36-5a7c-a2ee-734aa0f90c40,BV-03_20260518_0010.jpg,2026-05-18 09:54:44,BV-03,smartphone,saudavel,saudavel,1.0000,agrosmart-v1,simulado,sim-2026-05
261f147f-7d93-56d4-a7bf-7d0ca850203f,BV-02_20260518_0016.jpg,2026-05-18 09:54:50,BV-02,smartphone,saudavel,saudavel,0.9982,agrosmart-v1,simulado,sim-2026-05
33a2c2bb-63e6-5add-be69-d9cb4195679d,TI-01_20260518_0025.jpg,2026-05-18 09:55:01,TI-01,drone,saudavel,saudavel,0.9942,agrosmart-v1,simulado,sim-2026-05
30bf7501-65e1-5a6e-ae82-5d2277b1ee8f,BV-03_20260518_0011.jpg,2026-05-18 09:55:25,BV-03,smartphone,doente,requeima,0.9049,agrosmart-v1,simulado,sim-2026-05
80e2d3df-3027-502f-a7ba-d7fad236101c,BV-02_20260518_0017.jpg,2026-05-18 09:55:40,BV-02,smartphone,saudavel,saudavel,0.9304,agrosmart-v1,simulado,sim-2026-05
72a35fc6-12f0-549e-b677-575bfbb0d8b8,SC-01_20260518_0017.jpg,2026-05-18 09:55:44,SC-01,smartphone,doente,mosca_minadora,0.9217,agrosmart-v1,simulado,sim-2026-05
877f68cb-051e-5f11-a122-1ef1f5b8b9e3,TI-01_20260518_0026.jpg,2026-05-18 09:55:46,TI-01,drone,saudavel,saudavel,0.7117,agrosmart-v1,simulado,sim-2026-05
18655a39-5396-51b5-a5a4-90720008a5ca,SC-01_20260518_0018.jpg,2026-05-18 09:56:11,SC-01,smartphone,saudavel,saudavel,0.9976,agrosmart-v1,simulado,sim-2026-05
22039cdb-63ff-5812-a0d1-3c30b4508fb3,TI-01_20260518_0027.jpg,2026-05-18 09:56:12,TI-01,drone,saudavel,saudavel,0.8208,agrosmart-v1,simulado,sim-2026-05
6ebb1860-a9a0-56b4-afa3-1a2561d38a79,BV-03_20260518_0012.jpg,2026-05-18 09:56:23,BV-03,smartphone,saudavel,saudavel,1.0000,agrosmart-v1,simulado,sim-2026-05
7dacbf72-85ee-507f-8a1c-305b50a2182f,BV-02_20260518_0018.jpg,2026-05-18 09:56:24,BV-02,smartphone,saudavel,saudavel,0.9874,agrosmart-v1,simulado,sim-2026-05
3458fb9c-a3e4-5691-934a-25fc3196c7c4,BV-03_20260518_0013.jpg,2026-05-18 09:56:40,BV-03,smartphone,saudavel,saudavel,0.8957,agrosmart-v1,simulado,sim-2026-05
08673864-5bca-523f-aaeb-dba9356143fe,TI-01_20260518_0028.jpg,2026-05-18 09:56:42,TI-01,drone,saudavel,saudavel,0.9600,agrosmart-v1,simulado,sim-2026-05
02048f0b-393d-5c18-a59f-12665a378f63,BV-02_20260518_0019.jpg,2026-05-18 09:56:51,BV-02,smartphone,saudavel,saudavel,0.9655,agrosmart-v1,simulado,sim-2026-05
5c9176ad-13b4-5771-b5c3-08460647a2ae,SC-01_20260518_0019.jpg,2026-05-18 09:57:02,SC-01,smartphone,saudavel,saudavel,0.9791,agrosmart-v1,simulado,sim-2026-05
838b5526-88a4-589e-9997-0a7ee9f4c000,BV-03_20260518_0014.jpg,2026-05-18 09:57:20,BV-03,smartphone,doente,requeima,0.6601,agrosmart-v1,simulado,sim-2026-05
74c47895-ac72-5ea4-92a4-46ce47492c74,SC-01_20260518_0020.jpg,2026-05-18 09:57:20,SC-01,smartphone,saudavel,saudavel,0.6657,agrosmart-v1,simulado,sim-2026-05
89c5ceb4-8f37-5a6b-b94a-7b7cb5b51efe,BV-02_20260518_0020.jpg,2026-05-18 09:57:25,BV-02,smartphone,saudavel,saudavel,0.9812,agrosmart-v1,simulado,sim-2026-05
f431db67-82d2-5e5d-8ff6-871d442402ea,TI-01_20260518_0029.jpg,2026-05-18 09:57:25,TI-01,drone,saudavel,saudavel,0.8300,agrosmart-v1,simulado,sim-2026-05
b1c83c84-b646-5ce6-9bd4-323b12b8b083,SC-01_20260518_0021.jpg,2026-05-18 09:58:00,SC-01,smartphone,saudavel,saudavel,0.9800,agrosmart-v1,simulado,sim-2026-05
6d3f50a6-0605-5043-86cc-9826a1875906,BV-03_20260518_0015.jpg,2026-05-18 09:58:09,BV-03,smartphone,saudavel,saudavel,0.8221,agrosmart-v1,simulado,sim-2026-05
75dd07e5-2083-59f0-a2a2-886b8cbd2dee,BV-02_20260518_0021.jpg,2026-05-18 09:58:18,BV-02,smartphone,saudavel,saudavel,0.9539,agrosmart-v1,simulado,sim-2026-05
30e09fd8-afa5-523e-b3dd-945a60cb22e9,TI-01_20260518_0030.jpg,2026-05-18 09:58:30,TI-01,drone,saudavel,saudavel,0.9096,agrosmart-v1,simulado,sim-2026-05
b5f4bf70-45d1-5583-af32-33be6911e533,BV-02_20260518_0022.jpg,2026-05-18 09:58:49,BV-02,smartphone,saudavel,saudavel,0.9479,agrosmart-v1,simulado,sim-2026-05
a197ad73-bb5c-592f-ad4a-f4119e34cb5b,SC-01_20260518_0022.jpg,2026-05-18 09:58:57,SC-01,smartphone,saudavel,saudavel,0.9232,agrosmart-v1,simulado,sim-2026-05
10c6b3e5-e4b6-53ee-a367-c6a15636d92d,BV-03_20260518_0016.jpg,2026-05-18 09:58:58,BV-03,smartphone,saudavel,saudavel,1.0000,agrosmart-v1,simulado,sim-2026-05
53c06cdc-d9a3-517d-b26c-1e2e869fd5e2,TI-01_20260518_0031.jpg,2026-05-18 09:59:05,TI-01,drone,saudavel,saudavel,0.9656,agrosmart-v1,simulado,sim-2026-05
d2cb9552-52b5-5726-a4fa-6eaeaea3efae,TI-01_20260518_0032.jpg,2026-05-18 09:59:32,TI-01,drone,saudavel,saudavel,0.9331,agrosmart-v1,simulado,sim-2026-05
b8f48f64-ea3d-582e-857c-e3c39172e18d,BV-03_20260518_0017.jpg,2026-05-18 09:59:38,BV-03,smartphone,saudavel,saudavel,0.9419,agrosmart-v1,simulado,sim-2026-05
cda03c60-51da-5ca6-8d9f-8c1763a18508,BV-02_20260518_0023.jpg,2026-05-18 09:59:42,BV-02,smartphone,saudavel,saudavel,0.9984,agrosmart-v1,simulado,sim-2026-05
06bb6746-e42a-5bdf-a30e-c8558d43082a,SC-01_20260518_0023.jpg,2026-05-18 09:59:50,SC-01,smartphone,saudavel,saudavel,0.9926,agrosmart-v1,simulado,sim-2026-05
a39ca01c-22a2-58c5-8b2f-36030871d0a3,SC-01_20260518_0024.jpg,2026-05-18 10:00:02,SC-01,smartphone,saudavel,saudavel,0.8287,agrosmart-v1,simulado,sim-2026-05
f81f1c37-c0e5-51b9-af5e-bb66a5dc0db4,TI-01_20260518_0033.jpg,2026-05-18 10:00:07,TI-01,drone,saudavel,saudavel,0.9932,agrosmart-v1,simulado,sim-2026-05
6acda67c-ba6d-53e4-84d1-b4e1563c2046,BV-03_20260518_0018.jpg,2026-05-18 10:00:08,BV-03,smartphone,doente,pinta_preta,0.8853,agrosmart-v1,simulado,sim-2026-05
0d997965-88f4-5bcc-82d3-52f9fc9dbb85,BV-02_20260518_0024.jpg,2026-05-18 10:00:29,BV-02,smartphone,saudavel,saudavel,0.9705,agrosmart-v1,simulado,sim-2026-05
570671e9-59c1-5d45-965a-1cc7c246a074,SC-01_20260518_0025.jpg,2026-05-18 10:00:52,SC-01,smartphone,saudavel,saudavel,0.9936,agrosmart-v1,simulado,sim-2026-05
3b6174f9-7380-506b-b919-6a8619d11e5c,BV-02_20260518_0025.jpg,2026-05-18 10:01:02,BV-02,smartphone,saudavel,saudavel,0.9775,agrosmart-v1,simulado,sim-2026-05
8bb14829-3c69-5d96-8967-4156b8a190b5,TI-01_20260518_0034.jpg,2026-05-18 10:01:09,TI-01,drone,saudavel,saudavel,0.9128,agrosmart-v1,simulado,sim-2026-05
e2abb878-7f02-543f-b876-d99a77327e6a,BV-03_20260518_0019.jpg,2026-05-18 10:01:10,BV-03,smartphone,doente,requeima,0.9985,agrosmart-v1,simulado,sim-2026-05
20f6fd48-149a-52b3-8a26-752be19304ac,SC-01_20260518_0026.jpg,2026-05-18 10:01:30,SC-01,smartphone,saudavel,saudavel,0.8422,agrosmart-v1,simulado,sim-2026-05
5f7f880d-2b7d-5ed2-884a-043bbe1cdb59,BV-02_20260518_0026.jpg,2026-05-18 10:01:32,BV-02,smartphone,saudavel,saudavel,0.8355,agrosmart-v1,simulado,sim-2026-05
cb5a1879-589b-5eb8-a247-013396e81c63,BV-03_20260518_0020.jpg,2026-05-18 10:01:43,BV-03,smartphone,saudavel,saudavel,0.8788,agrosmart-v1,simulado,sim-2026-05
e937c778-623e-5380-a388-8864e4431080,TI-01_20260518_0035.jpg,2026-05-18 10:01:43,TI-01,drone,saudavel,saudavel,0.9996,agrosmart-v1,simulado,sim-2026-05
94797501-e016-5544-9719-4ef5626427b3,BV-03_20260518_0021.jpg,2026-05-18 10:02:15,BV-03,smartphone,saudavel,saudavel,0.9624,agrosmart-v1,simulado,sim-2026-05
17cd647d-b8f1-5f05-a0aa-3257245e6e86,TI-01_20260518_0036.jpg,2026-05-18 10:02:23,TI-01,drone,saudavel,saudavel,0.9974,agrosmart-v1,simulado,sim-2026-05
f6697046-3e34-5822-b12e-5a470bee0103,BV-02_20260518_0027.jpg,2026-05-18 10:02:28,BV-02,smartphone,saudavel,saudavel,0.9323,agrosmart-v1,simulado,sim-2026-05
745f7795-eb15-5c3a-8a36-3ef1a06a2e30,SC-01_20260518_0027.jpg,2026-05-18 10:02:28,SC-01,smartphone,saudavel,saudavel,0.8207,agrosmart-v1,simulado,sim-2026-05
99354c78-391f-58ea-a805-d11b7674d5b8,TI-01_20260518_0037.jpg,2026-05-18 10:02:45,TI-01,drone,saudavel,saudavel,0.7177,agrosmart-v1,simulado,sim-2026-05
6a5b28af-c875-5eb8-9508-713d1c299c20,BV-02_20260518_0028.jpg,2026-05-18 10:02:50,BV-02,smartphone,saudavel,saudavel,0.9647,agrosmart-v1,simulado,sim-2026-05
88767c9d-ccd9-5034-b49e-4b8a03893145,BV-03_20260518_0022.jpg,2026-05-18 10:03:01,BV-03,smartphone,saudavel,saudavel,0.8924,agrosmart-v1,simulado,sim-2026-05
ea926fa6-4074-5023-b9b9-5a197be9534e,SC-01_20260518_0028.jpg,2026-05-18 10:03:03,SC-01,smartphone,saudavel,saudavel,0.8800,agrosmart-v1,simulado,sim-2026-05
7f1440e1-313c-595d-ad69-9ab0dac8b5ad,TI-01_20260518_0038.jpg,2026-05-18 10:03:25,TI-01,drone,saudavel,saudavel,0.9720,agrosmart-v1,simulado,sim-2026-05
ec422f0e-d3b9-58d1-9b91-39b52f2ee1ee,SC-01_20260518_0029.jpg,2026-05-18 10:03:35,SC-01,smartphone,doente,mosca_minadora,0.9673,agrosmart-v1,simulado,sim-2026-05
58113d24-53a7-5508-b7c0-b098e4dd2db9,BV-02_20260518_0029.jpg,2026-05-18 10:03:37,BV-02,smartphone,saudavel,saudavel,0.8226,agrosmart-v1,simulado,sim-2026-05
3b2ddb6e-794d-5a21-b2f6-fcee2226c446,BV-03_20260518_0023.jpg,2026-05-18 10:03:43,BV-03,smartphone,saudavel,saudavel,0.9996,agrosmart-v1,simulado,sim-2026-05
c3355c56-c004-5fe6-a751-b433cf0b939f,BV-02_20260518_0030.jpg,2026-05-18 10:04:07,BV-02,smartphone,doente,vaquinha,0.8260,agrosmart-v1,simulado,sim-2026-05
f647919f-3f2c-540e-b614-e3fae3105ab7,SC-01_20260518_0030.jpg,2026-05-18 10:04:08,SC-01,smartphone,doente,mosca_minadora,0.9982,agrosmart-v1,simulado,sim-2026-05
bc1af5df-38f3-5baf-b797-5dcc084603f5,TI-01_20260518_0039.jpg,2026-05-18 10:04:15,TI-01,drone,saudavel,saudavel,0.9175,agrosmart-v1,simulado,sim-2026-05
df3136e2-b26b-5bcc-b2fa-28e239ec67cb,BV-03_20260518_0024.jpg,2026-05-18 10:04:25,BV-03,smartphone,doente,requeima,0.9838,agrosmart-v1,simulado,sim-2026-05
58e47572-3f94-5338-95ee-efb447b3b0c3,BV-02_20260518_0031.jpg,2026-05-18 10:04:47,BV-02,smartphone,saudavel,saudavel,0.8815,agrosmart-v1,simulado,sim-2026-05
685a2b88-0d1f-50b3-838d-411645bfd955,SC-01_20260518_0031.jpg,2026-05-18 10:04:47,SC-01,smartphone,saudavel,saudavel,0.9643,agrosmart-v1,simulado,sim-2026-05
400f9056-4b9c-5df7-83ef-6707455f7e53,TI-01_20260518_0040.jpg,2026-05-18 10:04:59,TI-01,drone,saudavel,saudavel,0.8207,agrosmart-v1,simulado,sim-2026-05
d001b1f6-d45e-52d3-8ee2-1679d254f7f3,BV-03_20260518_0025.jpg,2026-05-18 10:05:10,BV-03,smartphone,saudavel,saudavel,0.8685,agrosmart-v1,simulado,sim-2026-05
01c4710b-2009-5933-a840-1782279f0987,BV-02_20260518_0032.jpg,2026-05-18 10:05:29,BV-02,smartphone,saudavel,saudavel,0.9999,agrosmart-v1,simulado,sim-2026-05
37969e31-17f0-5efe-a8f9-95a705c5cc26,BV-03_20260518_0026.jpg,2026-05-18 10:05:33,BV-03,smartphone,saudavel,saudavel,0.9880,agrosmart-v1,simulado,sim-2026-05
dcbd57cc-7298-5fd2-86bd-6154499ea6f7,TI-01_20260518_0041.jpg,2026-05-18 10:05:41,TI-01,drone,saudavel,saudavel,0.9910,agrosmart-v1,simulado,sim-2026-05
59c5c36d-cc70-572d-8d41-42cd10d49425,SC-01_20260518_0032.jpg,2026-05-18 10:05:45,SC-01,smartphone,saudavel,saudavel,0.9371,agrosmart-v1,simulado,sim-2026-05
13545721-3a5e-5cff-8aa8-c02c4cf57638,SC-01_20260518_0033.jpg,2026-05-18 10:06:21,SC-01,smartphone,saudavel,saudavel,0.9828,agrosmart-v1,simulado,sim-2026-05
57c549f8-b8d4-5ed0-831a-8fa53821c37f,BV-02_20260518_0033.jpg,2026-05-18 10:06:26,BV-02,smartphone,saudavel,saudavel,0.9443,agrosmart-v1,simulado,sim-2026-05
a03bbb25-e2f4-5af9-b6c9-e59f662ace1a,TI-01_20260518_0042.jpg,2026-05-18 10:06:26,TI-01,drone,saudavel,saudavel,0.7122,agrosmart-v1,simulado,sim-2026-05
d96b5618-8beb-5f09-be49-01ca118311dd,SC-01_20260518_0034.jpg,2026-05-18 10:06:46,SC-01,smartphone,saudavel,saudavel,0.9655,agrosmart-v1,simulado,sim-2026-05
93df6565-5113-573d-b3b8-d6007c42b1d3,TI-01_20260518_0043.jpg,2026-05-18 10:06:47,TI-01,drone,saudavel,saudavel,0.9657,agrosmart-v1,simulado,sim-2026-05
355f328f-0b04-5c6d-a53d-d54bcdcf18b9,SC-01_20260518_0035.jpg,2026-05-18 10:07:40,SC-01,smartphone,saudavel,saudavel,0.8532,agrosmart-v1,simulado,sim-2026-05
4a1ccab3-7c3d-56e3-9687-8bf9b9513d02,TI-01_20260518_0044.jpg,2026-05-18 10:07:45,TI-01,drone,saudavel,saudavel,0.8902,agrosmart-v1,simulado,sim-2026-05
a07c0dc1-ee8a-577b-be5b-cb99f54894a7,SC-01_20260518_0036.jpg,2026-05-18 10:08:29,SC-01,smartphone,saudavel,saudavel,0.9657,agrosmart-v1,simulado,sim-2026-05
0a01a06c-08ce-5cd1-9b7b-2f8aa7318d89,SC-01_20260518_0037.jpg,2026-05-18 10:09:09,SC-01,smartphone,saudavel,saudavel,0.9589,agrosmart-v1,simulado,sim-2026-05
570dd58c-f5c0-5f36-aaa4-f9e079c3acda,TI-03_20260520_0001.jpg,2026-05-20 07:12:46,TI-03,drone,saudavel,saudavel,0.9076,agrosmart-v1,simulado,sim-2026-05
e6af72fd-acda-580c-9031-1960094b90b3,TI-03_20260520_0002.jpg,2026-05-20 07:13:20,TI-03,drone,saudavel,saudavel,0.8562,agrosmart-v1,simulado,sim-2026-05
e687328e-1a0b-5ebe-8ac2-1f9419df8342,TI-03_20260520_0003.jpg,2026-05-20 07:14:07,TI-03,drone,saudavel,saudavel,0.8388,agrosmart-v1,simulado,sim-2026-05
987f3c87-a542-596b-a2a1-468705bd602a,TI-03_20260520_0004.jpg,2026-05-20 07:15:03,TI-03,drone,saudavel,saudavel,0.9635,agrosmart-v1,simulado,sim-2026-05
8c90d37c-1cf1-50f4-b4d6-60510aaa5d80,TI-03_20260520_0005.jpg,2026-05-20 07:15:39,TI-03,drone,saudavel,saudavel,0.6721,agrosmart-v1,simulado,sim-2026-05
5010be37-37dd-5f60-abc9-f1760a227bff,TI-03_20260520_0006.jpg,2026-05-20 07:16:30,TI-03,drone,saudavel,saudavel,0.9322,agrosmart-v1,simulado,sim-2026-05
829fbb65-e656-553f-a4ec-7ab917b3c616,TI-03_20260520_0007.jpg,2026-05-20 07:17:01,TI-03,drone,doente,vaquinha,0.9915,agrosmart-v1,simulado,sim-2026-05
80100a28-90b3-5a81-927d-03a2aa9bcea8,TI-03_20260520_0008.jpg,2026-05-20 07:17:47,TI-03,drone,doente,pinta_preta,0.9888,agrosmart-v1,simulado,sim-2026-05
60ff142b-f39f-507d-964b-96eb4511eae7,TI-03_20260520_0009.jpg,2026-05-20 07:18:17,TI-03,drone,saudavel,saudavel,0.9161,agrosmart-v1,simulado,sim-2026-05
9ef45aaf-8b10-59bb-9cc6-b25f3cd074b7,BV-01_20260520_0001.jpg,2026-05-20 07:18:50,BV-01,smartphone,saudavel,saudavel,0.9819,agrosmart-v1,simulado,sim-2026-05
1b6d1955-866d-54fe-a6bf-7dab8176b051,TI-03_20260520_0010.jpg,2026-05-20 07:19:00,TI-03,drone,saudavel,saudavel,0.9744,agrosmart-v1,simulado,sim-2026-05
9c2f8812-c1c1-5aa9-83fc-84973d7c42a8,BV-01_20260520_0002.jpg,2026-05-20 07:19:28,BV-01,smartphone,saudavel,saudavel,0.9719,agrosmart-v1,simulado,sim-2026-05
f7c5e8ad-1503-51e9-a7c4-e83a2bf15b21,TI-03_20260520_0011.jpg,2026-05-20 07:19:39,TI-03,drone,saudavel,saudavel,0.9975,agrosmart-v1,simulado,sim-2026-05
c912c012-014f-5d9a-a7d3-58f9f8f45d5a,TI-03_20260520_0012.jpg,2026-05-20 07:20:05,TI-03,drone,saudavel,saudavel,0.9682,agrosmart-v1,simulado,sim-2026-05
8860cf00-848d-530e-81fd-b80c02bcfa4d,BV-01_20260520_0003.jpg,2026-05-20 07:20:24,BV-01,smartphone,saudavel,saudavel,0.9763,agrosmart-v1,simulado,sim-2026-05
304647c2-87e7-5535-a30b-b02ee4195a0f,TI-03_20260520_0013.jpg,2026-05-20 07:20:51,TI-03,drone,saudavel,saudavel,0.9473,agrosmart-v1,simulado,sim-2026-05
08d18678-b564-5853-80f3-4b5f9198bc51,BV-01_20260520_0004.jpg,2026-05-20 07:21:10,BV-01,smartphone,saudavel,saudavel,0.9950,agrosmart-v1,simulado,sim-2026-05
a62ae955-146c-54dd-8af0-ee152910edd6,BV-01_20260520_0005.jpg,2026-05-20 07:21:24,BV-01,smartphone,saudavel,saudavel,0.9211,agrosmart-v1,simulado,sim-2026-05
ba5e5dc8-ed5d-549b-9d7a-5c8b6acfd086,TI-03_20260520_0014.jpg,2026-05-20 07:21:26,TI-03,drone,saudavel,saudavel,0.9814,agrosmart-v1,simulado,sim-2026-05
6efac727-344b-5ffb-a3b9-1a44f20f2d9c,BV-01_20260520_0006.jpg,2026-05-20 07:22:22,BV-01,smartphone,saudavel,saudavel,0.9920,agrosmart-v1,simulado,sim-2026-05
8aa1aed2-9f1d-5028-9fa0-c7a31c511c11,TI-03_20260520_0015.jpg,2026-05-20 07:22:23,TI-03,drone,saudavel,saudavel,0.9536,agrosmart-v1,simulado,sim-2026-05
50768c97-7e8d-589a-8faf-2513438c3f8d,BV-01_20260520_0007.jpg,2026-05-20 07:22:43,BV-01,smartphone,saudavel,saudavel,0.8610,agrosmart-v1,simulado,sim-2026-05
0c9a2411-101d-5259-9c2d-05a2dcb5ed88,TI-03_20260520_0016.jpg,2026-05-20 07:23:03,TI-03,drone,saudavel,saudavel,0.8614,agrosmart-v1,simulado,sim-2026-05
32f14b20-e4ee-564f-9cb7-8750b6c2d6be,BV-01_20260520_0008.jpg,2026-05-20 07:23:20,BV-01,smartphone,saudavel,saudavel,0.9506,agrosmart-v1,simulado,sim-2026-05
2352ab59-df0c-5560-9aee-c94e12e520df,TI-03_20260520_0017.jpg,2026-05-20 07:23:42,TI-03,drone,saudavel,saudavel,0.8712,agrosmart-v1,simulado,sim-2026-05
193b00c8-7081-5db8-b9a9-de1d117b869c,SC-03_20260520_0001.jpg,2026-05-20 07:23:44,SC-03,smartphone,saudavel,saudavel,0.9941,agrosmart-v1,simulado,sim-2026-05
36166d10-6992-5423-b563-60d5d25dacee,BV-01_20260520_0009.jpg,2026-05-20 07:24:03,BV-01,smartphone,saudavel,saudavel,0.9957,agrosmart-v1,simulado,sim-2026-05
850df504-d042-5b23-8a85-85208fab1412,TI-03_20260520_0018.jpg,2026-05-20 07:24:07,TI-03,drone,saudavel,saudavel,0.9452,agrosmart-v1,simulado,sim-2026-05
21da66f4-63fe-5c0b-8a8b-b7d5ad43ddc9,SC-03_20260520_0002.jpg,2026-05-20 07:24:30,SC-03,smartphone,saudavel,saudavel,0.8244,agrosmart-v1,simulado,sim-2026-05
a3514c1c-9139-510e-8a16-f0771de43789,BV-01_20260520_0010.jpg,2026-05-20 07:25:08,BV-01,smartphone,saudavel,saudavel,0.9905,agrosmart-v1,simulado,sim-2026-05
f8574e1d-e326-53c6-a15c-4488de2927bf,TI-03_20260520_0019.jpg,2026-05-20 07:25:08,TI-03,drone,saudavel,saudavel,0.9977,agrosmart-v1,simulado,sim-2026-05
3f259100-21d8-5c7d-9335-c7eddef9ffcb,SC-03_20260520_0003.jpg,2026-05-20 07:25:16,SC-03,smartphone,saudavel,saudavel,0.9920,agrosmart-v1,simulado,sim-2026-05
8009bc25-79c5-5878-8525-029b01a8d387,BV-01_20260520_0011.jpg,2026-05-20 07:25:34,BV-01,smartphone,saudavel,saudavel,0.9969,agrosmart-v1,simulado,sim-2026-05
47279b9b-e3e9-5f56-905c-6ff4e0bece40,SC-03_20260520_0004.jpg,2026-05-20 07:25:41,SC-03,smartphone,saudavel,saudavel,0.8729,agrosmart-v1,simulado,sim-2026-05
4bf85ccf-1c6b-5ea7-abaf-fcc26f09750f,TI-03_20260520_0020.jpg,2026-05-20 07:25:42,TI-03,drone,saudavel,saudavel,0.9628,agrosmart-v1,simulado,sim-2026-05
393ace51-b9b1-53b6-bad0-183ff140b931,BV-01_20260520_0012.jpg,2026-05-20 07:26:00,BV-01,smartphone,saudavel,saudavel,0.9771,agrosmart-v1,simulado,sim-2026-05
4a1e4330-5ee6-5169-b660-3f13b0fbce12,TI-03_20260520_0021.jpg,2026-05-20 07:26:19,TI-03,drone,saudavel,saudavel,0.9461,agrosmart-v1,simulado,sim-2026-05
3270ec1f-9ebd-5d54-908c-41d4c6ef0354,SC-03_20260520_0005.jpg,2026-05-20 07:26:41,SC-03,smartphone,saudavel,saudavel,0.8213,agrosmart-v1,simulado,sim-2026-05
829e2553-34c6-562f-b9ef-fdf349bc6f18,TI-03_20260520_0022.jpg,2026-05-20 07:26:57,TI-03,drone,saudavel,saudavel,0.9178,agrosmart-v1,simulado,sim-2026-05
088e7210-a0b8-5d9b-92f6-8874557e9740,SC-03_20260520_0006.jpg,2026-05-20 07:27:00,SC-03,smartphone,saudavel,saudavel,0.8670,agrosmart-v1,simulado,sim-2026-05
95fcdf21-412a-5ad9-aa4e-f2de7563b524,BV-01_20260520_0013.jpg,2026-05-20 07:27:07,BV-01,smartphone,saudavel,saudavel,0.8289,agrosmart-v1,simulado,sim-2026-05
98756a10-949f-575f-8134-1427eee60f4e,BV-01_20260520_0014.jpg,2026-05-20 07:27:28,BV-01,smartphone,saudavel,saudavel,0.9967,agrosmart-v1,simulado,sim-2026-05
1690be49-a653-5493-af06-fa7df9d80d27,TI-03_20260520_0023.jpg,2026-05-20 07:27:48,TI-03,drone,saudavel,saudavel,0.9444,agrosmart-v1,simulado,sim-2026-05
0e44412d-cd87-51f3-922a-74975fe021a0,SC-03_20260520_0007.jpg,2026-05-20 07:27:55,SC-03,smartphone,saudavel,saudavel,0.9320,agrosmart-v1,simulado,sim-2026-05
1f460e00-3fb0-5b4a-92ab-5acf75f0e285,TI-03_20260520_0024.jpg,2026-05-20 07:28:08,TI-03,drone,saudavel,saudavel,0.9957,agrosmart-v1,simulado,sim-2026-05
b123cc6b-1261-591c-9adf-1c775805d655,BV-01_20260520_0015.jpg,2026-05-20 07:28:17,BV-01,smartphone,saudavel,saudavel,0.9357,agrosmart-v1,simulado,sim-2026-05
f7d48e39-dc05-538b-b041-62658fb8aea3,SC-03_20260520_0008.jpg,2026-05-20 07:28:26,SC-03,smartphone,saudavel,saudavel,0.8327,agrosmart-v1,simulado,sim-2026-05
510e3711-542f-59df-9822-1dbb63420e04,TI-03_20260520_0025.jpg,2026-05-20 07:28:51,TI-03,drone,saudavel,saudavel,0.8249,agrosmart-v1,simulado,sim-2026-05
d6fd970d-f146-54a9-97b2-816973afd3ca,BV-01_20260520_0016.jpg,2026-05-20 07:29:00,BV-01,smartphone,saudavel,saudavel,0.9659,agrosmart-v1,simulado,sim-2026-05
e1dee0a7-2d7f-5e74-8664-bf95f5e1fece,SC-03_20260520_0009.jpg,2026-05-20 07:29:15,SC-03,smartphone,saudavel,saudavel,0.8960,agrosmart-v1,simulado,sim-2026-05
3dd8b184-2571-505e-8a2b-e93dd6a3876c,TI-03_20260520_0026.jpg,2026-05-20 07:29:23,TI-03,drone,saudavel,saudavel,0.9868,agrosmart-v1,simulado,sim-2026-05
0c15c53b-d679-5e75-97e2-1fd4591fd8cf,BV-01_20260520_0017.jpg,2026-05-20 07:29:37,BV-01,smartphone,saudavel,saudavel,0.9783,agrosmart-v1,simulado,sim-2026-05
37dd31f5-40ed-5fa0-b3d4-b81373ebb426,SC-03_20260520_0010.jpg,2026-05-20 07:30:03,SC-03,smartphone,saudavel,saudavel,0.9953,agrosmart-v1,simulado,sim-2026-05
c67293ce-8eed-577c-8829-da583b23ac68,TI-03_20260520_0027.jpg,2026-05-20 07:30:16,TI-03,drone,saudavel,saudavel,0.9974,agrosmart-v1,simulado,sim-2026-05
c9b9716e-1ce3-5818-a19f-c9682cda8b54,BV-01_20260520_0018.jpg,2026-05-20 07:30:25,BV-01,smartphone,saudavel,saudavel,0.9829,agrosmart-v1,simulado,sim-2026-05
57f6aedd-59b4-5da5-ac35-7138a3194464,SC-03_20260520_0011.jpg,2026-05-20 07:30:28,SC-03,smartphone,saudavel,saudavel,0.9827,agrosmart-v1,simulado,sim-2026-05
18efd5b7-0f51-517a-9286-106a75b652a5,BV-01_20260520_0019.jpg,2026-05-20 07:30:44,BV-01,smartphone,saudavel,saudavel,1.0000,agrosmart-v1,simulado,sim-2026-05
f400a380-ca1c-5aee-ab9c-9d42c52faf79,TI-03_20260520_0028.jpg,2026-05-20 07:31:09,TI-03,drone,saudavel,saudavel,0.8793,agrosmart-v1,simulado,sim-2026-05
8d63b7f2-99ac-5344-9d79-609cad9e4032,SC-03_20260520_0012.jpg,2026-05-20 07:31:20,SC-03,smartphone,saudavel,saudavel,0.8915,agrosmart-v1,simulado,sim-2026-05
b9edacf1-0b4e-5937-a6e7-ec4e64ff8c97,SC-03_20260520_0013.jpg,2026-05-20 07:31:46,SC-03,smartphone,saudavel,saudavel,0.8256,agrosmart-v1,simulado,sim-2026-05
b07dc4fd-6d63-597f-9440-7463efa213ef,BV-01_20260520_0020.jpg,2026-05-20 07:31:47,BV-01,smartphone,saudavel,saudavel,0.9852,agrosmart-v1,simulado,sim-2026-05
33bad402-a256-5236-a376-999a8d70eab1,TI-03_20260520_0029.jpg,2026-05-20 07:31:47,TI-03,drone,saudavel,saudavel,0.9438,agrosmart-v1,simulado,sim-2026-05
08b8a467-5be0-516d-a2b9-b4819aed8db9,TI-03_20260520_0030.jpg,2026-05-20 07:32:16,TI-03,drone,saudavel,saudavel,0.9009,agrosmart-v1,simulado,sim-2026-05
8ddcd097-fc4b-5b3e-919f-046aeca6e352,BV-01_20260520_0021.jpg,2026-05-20 07:32:22,BV-01,smartphone,saudavel,saudavel,0.8386,agrosmart-v1,simulado,sim-2026-05
b493a6c5-92d9-50a6-b70f-fe9bb8c64a4e,TI-03_20260520_0031.jpg,2026-05-20 07:32:40,TI-03,drone,saudavel,saudavel,0.9997,agrosmart-v1,simulado,sim-2026-05
4a917759-ef1e-50b5-bd18-33435a7a7e76,SC-03_20260520_0014.jpg,2026-05-20 07:32:41,SC-03,smartphone,saudavel,saudavel,0.8816,agrosmart-v1,simulado,sim-2026-05
afdb8559-6248-5fa5-a8b5-f94b745055d2,SC-03_20260520_0015.jpg,2026-05-20 07:33:22,SC-03,smartphone,saudavel,saudavel,0.8576,agrosmart-v1,simulado,sim-2026-05
1e85e93e-b27b-59b5-8215-513c9a97dfae,TI-03_20260520_0032.jpg,2026-05-20 07:33:48,TI-03,drone,saudavel,saudavel,0.9987,agrosmart-v1,simulado,sim-2026-05
65f9590d-e83d-5550-9d4c-b1a632ea8fe6,SC-03_20260520_0016.jpg,2026-05-20 07:34:03,SC-03,smartphone,saudavel,saudavel,0.9788,agrosmart-v1,simulado,sim-2026-05
8533d774-4803-51fd-915f-9be6a779d8fd,TI-03_20260520_0033.jpg,2026-05-20 07:34:08,TI-03,drone,saudavel,saudavel,0.9246,agrosmart-v1,simulado,sim-2026-05
126a4358-285d-5c4e-b59e-c38616c7fba1,SC-03_20260520_0017.jpg,2026-05-20 07:34:39,SC-03,smartphone,saudavel,saudavel,0.9005,agrosmart-v1,simulado,sim-2026-05
bf77a435-b097-5226-ae66-782ef5051797,TI-03_20260520_0034.jpg,2026-05-20 07:34:58,TI-03,drone,saudavel,saudavel,0.8466,agrosmart-v1,simulado,sim-2026-05
98998089-079d-59b3-8fed-030f8990df5e,SC-03_20260520_0018.jpg,2026-05-20 07:35:19,SC-03,smartphone,saudavel,saudavel,0.9683,agrosmart-v1,simulado,sim-2026-05
cbc05245-8a1a-5fbe-91fa-c7a8bb7df092,TI-03_20260520_0035.jpg,2026-05-20 07:35:26,TI-03,drone,saudavel,saudavel,0.9992,agrosmart-v1,simulado,sim-2026-05
27afe991-855a-5ddb-a9fe-9db8c4457c20,SC-03_20260520_0019.jpg,2026-05-20 07:35:48,SC-03,smartphone,saudavel,saudavel,0.8504,agrosmart-v1,simulado,sim-2026-05
81225bfe-6152-5236-b56d-fe9483a692eb,TI-01_20260520_0001.jpg,2026-05-20 07:35:58,TI-01,drone,saudavel,saudavel,0.8235,agrosmart-v1,simulado,sim-2026-05
ffe2c07a-38d3-5df6-ac2f-88c469eed857,SC-03_20260520_0020.jpg,2026-05-20 07:36:48,SC-03,smartphone,saudavel,saudavel,0.9772,agrosmart-v1,simulado,sim-2026-05
adb3ef72-8179-561b-b514-e1e646e6c083,TI-01_20260520_0002.jpg,2026-05-20 07:36:48,TI-01,drone,saudavel,saudavel,0.8791,agrosmart-v1,simulado,sim-2026-05
fa996e02-75e8-5d9f-9149-0099ee660bfa,TI-01_20260520_0003.jpg,2026-05-20 07:37:27,TI-01,drone,saudavel,saudavel,0.9862,agrosmart-v1,simulado,sim-2026-05
b24005a0-5064-5963-85a8-48abfdba2bab,SC-03_20260520_0021.jpg,2026-05-20 07:37:30,SC-03,smartphone,saudavel,saudavel,0.9323,agrosmart-v1,simulado,sim-2026-05
2a9aa9eb-fb65-57d0-9549-65c072e5e9eb,TI-01_20260520_0004.jpg,2026-05-20 07:37:53,TI-01,drone,saudavel,saudavel,0.9547,agrosmart-v1,simulado,sim-2026-05
008efe7d-d0c9-522e-9d1c-e2f85370575b,SC-03_20260520_0022.jpg,2026-05-20 07:37:59,SC-03,smartphone,saudavel,saudavel,0.9924,agrosmart-v1,simulado,sim-2026-05
ce2e415a-e9c4-58e5-bebb-8d373aa1e8ae,TI-01_20260520_0005.jpg,2026-05-20 07:38:22,TI-01,drone,saudavel,saudavel,0.9499,agrosmart-v1,simulado,sim-2026-05
db65265a-117b-5a60-852b-aeb5bfcbc91e,SC-03_20260520_0023.jpg,2026-05-20 07:38:23,SC-03,smartphone,saudavel,saudavel,0.9971,agrosmart-v1,simulado,sim-2026-05
caffd0cc-fdc8-5927-8da1-959015191081,TI-01_20260520_0006.jpg,2026-05-20 07:39:00,TI-01,drone,saudavel,saudavel,0.9911,agrosmart-v1,simulado,sim-2026-05
4c309514-d110-5af8-a3b0-7ccfd268475f,SC-03_20260520_0024.jpg,2026-05-20 07:39:10,SC-03,smartphone,saudavel,saudavel,0.9209,agrosmart-v1,simulado,sim-2026-05
8d8022b3-53d0-51c3-a598-c7aecd5ee510,SC-03_20260520_0025.jpg,2026-05-20 07:39:41,SC-03,smartphone,saudavel,saudavel,0.8755,agrosmart-v1,simulado,sim-2026-05
01c4b37a-7aef-59ed-bb45-9150e36effd8,TI-01_20260520_0007.jpg,2026-05-20 07:40:00,TI-01,drone,saudavel,saudavel,0.8980,agrosmart-v1,simulado,sim-2026-05
76817f31-bee3-5977-b0af-422692d635e8,TI-01_20260520_0008.jpg,2026-05-20 07:40:33,TI-01,drone,saudavel,saudavel,0.7374,agrosmart-v1,simulado,sim-2026-05
8119f51a-57e6-59ca-9299-e2792e9a179e,SC-03_20260520_0026.jpg,2026-05-20 07:40:43,SC-03,smartphone,saudavel,saudavel,0.9235,agrosmart-v1,simulado,sim-2026-05
ff79a75b-59c9-5692-937b-88b0db76f4fc,TI-01_20260520_0009.jpg,2026-05-20 07:41:24,TI-01,drone,saudavel,saudavel,0.9991,agrosmart-v1,simulado,sim-2026-05
45a35ddc-bc91-5355-86d4-543e846f4089,SC-03_20260520_0027.jpg,2026-05-20 07:41:26,SC-03,smartphone,saudavel,saudavel,0.9884,agrosmart-v1,simulado,sim-2026-05
278b3947-5d0e-5f03-9566-3b278a0a33db,SC-03_20260520_0028.jpg,2026-05-20 07:41:50,SC-03,smartphone,saudavel,saudavel,0.8773,agrosmart-v1,simulado,sim-2026-05
93a9a5fa-f292-5e3f-bdab-7b6456585f20,TI-01_20260520_0010.jpg,2026-05-20 07:42:01,TI-01,drone,saudavel,saudavel,0.8657,agrosmart-v1,simulado,sim-2026-05
93692f8e-16f6-5ac9-8616-d982c1ca1ca4,TI-01_20260520_0011.jpg,2026-05-20 07:42:25,TI-01,drone,saudavel,saudavel,0.9915,agrosmart-v1,simulado,sim-2026-05
62e4291a-3679-51d9-948d-9e6db206ed4d,SC-03_20260520_0029.jpg,2026-05-20 07:42:40,SC-03,smartphone,saudavel,saudavel,0.9655,agrosmart-v1,simulado,sim-2026-05
0772162d-5426-599b-91c0-bb2a0c525ec8,TI-01_20260520_0012.jpg,2026-05-20 07:43:17,TI-01,drone,saudavel,saudavel,0.9788,agrosmart-v1,simulado,sim-2026-05
815bad9a-f58b-5440-bc72-797781cecc03,SC-03_20260520_0030.jpg,2026-05-20 07:43:26,SC-03,smartphone,saudavel,saudavel,0.8824,agrosmart-v1,simulado,sim-2026-05
77ddffbf-ce3c-5676-88e2-d987590c2c18,SC-03_20260520_0031.jpg,2026-05-20 07:43:53,SC-03,smartphone,saudavel,saudavel,0.8749,agrosmart-v1,simulado,sim-2026-05
d205d1ab-fc7f-5e86-84ec-fa45b793ccc2,TI-01_20260520_0013.jpg,2026-05-20 07:44:01,TI-01,drone,saudavel,saudavel,0.9388,agrosmart-v1,simulado,sim-2026-05
d57fbcc0-b6a5-550d-9f34-14c792bddd86,SC-03_20260520_0032.jpg,2026-05-20 07:44:41,SC-03,smartphone,saudavel,saudavel,0.9840,agrosmart-v1,simulado,sim-2026-05
a6478cc1-29ad-5f4c-9ece-0a56ab244798,TI-01_20260520_0014.jpg,2026-05-20 07:44:46,TI-01,drone,saudavel,saudavel,0.8898,agrosmart-v1,simulado,sim-2026-05
3ed586de-9e98-5796-b72f-a264c4b1a781,TI-01_20260520_0015.jpg,2026-05-20 07:45:05,TI-01,drone,saudavel,saudavel,0.9494,agrosmart-v1,simulado,sim-2026-05
4c331a9d-6dd8-5753-9386-53835a957884,TI-01_20260520_0016.jpg,2026-05-20 07:45:58,TI-01,drone,saudavel,saudavel,0.9782,agrosmart-v1,simulado,sim-2026-05
a18ab6c1-b889-55e8-97ce-e0bae4283589,TI-01_20260520_0017.jpg,2026-05-20 07:46:44,TI-01,drone,saudavel,saudavel,0.9624,agrosmart-v1,simulado,sim-2026-05
f5bd8ddb-e80a-5521-bcd4-a0575e1bbed8,TI-01_20260520_0018.jpg,2026-05-20 07:47:04,TI-01,drone,saudavel,saudavel,0.9163,agrosmart-v1,simulado,sim-2026-05
f36f27d6-6c97-50a7-a8af-b3759c4b435e,TI-01_20260520_0019.jpg,2026-05-20 07:48:06,TI-01,drone,saudavel,saudavel,0.9006,agrosmart-v1,simulado,sim-2026-05
97a995e1-83c6-5a01-b825-9b28c212cba7,TI-01_20260520_0020.jpg,2026-05-20 07:48:20,TI-01,drone,doente,vaquinha,0.9980,agrosmart-v1,simulado,sim-2026-05
ea5c52bb-a0eb-5f01-b67a-7498030997a7,TI-01_20260520_0021.jpg,2026-05-20 07:49:12,TI-01,drone,saudavel,saudavel,0.8495,agrosmart-v1,simulado,sim-2026-05
babad2e2-f304-5540-93bd-00e0dc90e225,TI-01_20260520_0022.jpg,2026-05-20 07:50:02,TI-01,drone,saudavel,saudavel,0.9178,agrosmart-v1,simulado,sim-2026-05
dca85f59-db8b-50f6-840a-83ff8c6f5a95,BV-02_20260520_0001.jpg,2026-05-20 07:50:07,BV-02,smartphone,saudavel,saudavel,0.9713,agrosmart-v1,simulado,sim-2026-05
88148528-16ee-5a4d-a112-dacd9baf4a43,TI-01_20260520_0023.jpg,2026-05-20 07:50:38,TI-01,drone,saudavel,saudavel,0.9435,agrosmart-v1,simulado,sim-2026-05
213d8b1c-bcb2-5ec8-806a-8d723eb0f1af,BV-02_20260520_0002.jpg,2026-05-20 07:50:48,BV-02,smartphone,saudavel,saudavel,0.8996,agrosmart-v1,simulado,sim-2026-05
5bcf7d4c-ed31-566d-99fb-7c6008bf0438,BV-02_20260520_0003.jpg,2026-05-20 07:51:11,BV-02,smartphone,saudavel,saudavel,0.9875,agrosmart-v1,simulado,sim-2026-05
c8f75016-0b75-57ef-bf15-300372b85026,TI-01_20260520_0024.jpg,2026-05-20 07:51:29,TI-01,drone,saudavel,saudavel,0.9968,agrosmart-v1,simulado,sim-2026-05
1fdddfda-1ea5-58f5-a14f-ee5dd01f28fd,TI-01_20260520_0025.jpg,2026-05-20 07:51:51,TI-01,drone,saudavel,saudavel,0.9323,agrosmart-v1,simulado,sim-2026-05
6c16a135-fff2-5ee3-a8d4-65f25771d30a,BV-02_20260520_0004.jpg,2026-05-20 07:52:08,BV-02,smartphone,saudavel,saudavel,0.9901,agrosmart-v1,simulado,sim-2026-05
e7eb5030-4aab-5deb-b54a-bdc9e0ddd7cc,BV-02_20260520_0005.jpg,2026-05-20 07:52:22,BV-02,smartphone,saudavel,saudavel,0.9967,agrosmart-v1,simulado,sim-2026-05
e6142bb6-eb1a-58f0-a2ea-4403ef0f7311,TI-01_20260520_0026.jpg,2026-05-20 07:52:36,TI-01,drone,saudavel,saudavel,0.9829,agrosmart-v1,simulado,sim-2026-05
2cf20b65-d120-55cd-921c-5e1fcff65c95,TI-01_20260520_0027.jpg,2026-05-20 07:53:19,TI-01,drone,saudavel,saudavel,0.9730,agrosmart-v1,simulado,sim-2026-05
f2aeba00-6545-5a26-b352-370d8b457934,BV-02_20260520_0006.jpg,2026-05-20 07:53:22,BV-02,smartphone,saudavel,saudavel,0.9478,agrosmart-v1,simulado,sim-2026-05
4e26b2e3-d925-5ce1-bdfc-dabea4b0873d,TI-01_20260520_0028.jpg,2026-05-20 07:54:07,TI-01,drone,saudavel,saudavel,0.9890,agrosmart-v1,simulado,sim-2026-05
52d96dde-5b74-5d5d-b0ff-96e56ebd39d4,BV-02_20260520_0007.jpg,2026-05-20 07:54:09,BV-02,smartphone,saudavel,saudavel,0.9536,agrosmart-v1,simulado,sim-2026-05
d45205ac-d9f0-59fc-9fa9-e09caa01882f,TI-01_20260520_0029.jpg,2026-05-20 07:54:21,TI-01,drone,saudavel,saudavel,0.9730,agrosmart-v1,simulado,sim-2026-05
f46da950-4f34-58ff-bca1-b56a3fc04791,BV-02_20260520_0008.jpg,2026-05-20 07:54:30,BV-02,smartphone,saudavel,saudavel,0.8771,agrosmart-v1,simulado,sim-2026-05
1356be54-0449-5442-9a58-226f04bc4970,BV-02_20260520_0009.jpg,2026-05-20 07:55:11,BV-02,smartphone,saudavel,saudavel,0.9251,agrosmart-v1,simulado,sim-2026-05
40b6733f-b823-5224-9494-4c106aea4f72,TI-01_20260520_0030.jpg,2026-05-20 07:55:30,TI-01,drone,saudavel,saudavel,0.9368,agrosmart-v1,simulado,sim-2026-05
1ba9b8e9-c4fe-5318-bd31-93714ca3617d,BV-02_20260520_0010.jpg,2026-05-20 07:55:47,BV-02,smartphone,saudavel,saudavel,0.9406,agrosmart-v1,simulado,sim-2026-05
68663b6d-1eff-5996-87b4-283b5bc9ebf0,TI-01_20260520_0031.jpg,2026-05-20 07:56:08,TI-01,drone,saudavel,saudavel,0.9700,agrosmart-v1,simulado,sim-2026-05
02de601f-afa5-515b-8f3c-76a2aa624ae2,TI-01_20260520_0032.jpg,2026-05-20 07:56:32,TI-01,drone,saudavel,saudavel,0.9999,agrosmart-v1,simulado,sim-2026-05
b61e5ed5-209f-546c-8517-853379b268c0,BV-02_20260520_0011.jpg,2026-05-20 07:56:39,BV-02,smartphone,saudavel,saudavel,0.9371,agrosmart-v1,simulado,sim-2026-05
bc84ea52-56cb-52b2-a6be-0b1bea37e589,TI-01_20260520_0033.jpg,2026-05-20 07:57:02,TI-01,drone,saudavel,saudavel,0.9186,agrosmart-v1,simulado,sim-2026-05
9abbeb7b-a913-51f2-8f62-838175546109,BV-02_20260520_0012.jpg,2026-05-20 07:57:05,BV-02,smartphone,saudavel,saudavel,0.6411,agrosmart-v1,simulado,sim-2026-05
53bdc3de-4b5a-59db-826d-5d28c3a8084e,TI-01_20260520_0034.jpg,2026-05-20 07:57:49,TI-01,drone,saudavel,saudavel,0.8207,agrosmart-v1,simulado,sim-2026-05
aff3b3af-bc96-5c9c-b8f1-ef30e51f7a43,BV-02_20260520_0013.jpg,2026-05-20 07:58:08,BV-02,smartphone,saudavel,saudavel,0.8645,agrosmart-v1,simulado,sim-2026-05
6f8c84d2-1359-57ac-8ef6-669f632ecd59,TI-01_20260520_0035.jpg,2026-05-20 07:58:26,TI-01,drone,saudavel,saudavel,0.9997,agrosmart-v1,simulado,sim-2026-05
b745d3fe-60b3-5151-b456-aa4b42eaa799,BV-02_20260520_0014.jpg,2026-05-20 07:58:41,BV-02,smartphone,saudavel,saudavel,0.8359,agrosmart-v1,simulado,sim-2026-05
d240ce08-487f-5924-b09c-d114d9a0d5dd,BV-02_20260520_0015.jpg,2026-05-20 07:59:08,BV-02,smartphone,saudavel,saudavel,0.9047,agrosmart-v1,simulado,sim-2026-05
3d339a40-aba1-554d-8e07-dcf789fdad6a,TI-01_20260520_0036.jpg,2026-05-20 07:59:17,TI-01,drone,saudavel,saudavel,0.9652,agrosmart-v1,simulado,sim-2026-05
6302d6dd-7626-5028-b52e-d13829cead37,BV-02_20260520_0016.jpg,2026-05-20 07:59:55,BV-02,smartphone,saudavel,saudavel,0.8948,agrosmart-v1,simulado,sim-2026-05
0f08a5b5-2f65-5e01-9bfe-6c9c68ed4c7a,TI-01_20260520_0037.jpg,2026-05-20 08:00:04,TI-01,drone,saudavel,saudavel,0.8472,agrosmart-v1,simulado,sim-2026-05
eee68f8c-d810-5676-9e5d-6c59ca2457e8,BV-02_20260520_0017.jpg,2026-05-20 08:00:32,BV-02,smartphone,saudavel,saudavel,0.9632,agrosmart-v1,simulado,sim-2026-05
5d085807-8629-58af-8414-bcc84ef4a5e1,TI-01_20260520_0038.jpg,2026-05-20 08:00:37,TI-01,drone,saudavel,saudavel,0.9457,agrosmart-v1,simulado,sim-2026-05
5fb00a1a-8ce9-5540-bc0e-dbdc32090580,BV-02_20260520_0018.jpg,2026-05-20 08:01:21,BV-02,smartphone,saudavel,saudavel,0.9903,agrosmart-v1,simulado,sim-2026-05
31605fb3-2671-502c-9fc4-6135bce71f87,TI-01_20260520_0039.jpg,2026-05-20 08:01:22,TI-01,drone,saudavel,saudavel,0.9644,agrosmart-v1,simulado,sim-2026-05
6141d915-056a-53ea-860a-5ae7f425412e,TI-01_20260520_0040.jpg,2026-05-20 08:01:49,TI-01,drone,saudavel,saudavel,0.9972,agrosmart-v1,simulado,sim-2026-05
f4b3214e-d82d-56d2-8560-b279f7c72cd9,BV-02_20260520_0019.jpg,2026-05-20 08:01:56,BV-02,smartphone,saudavel,saudavel,0.9963,agrosmart-v1,simulado,sim-2026-05
262fa052-fc0d-512c-a7c4-6b68f9a268ab,TI-01_20260520_0041.jpg,2026-05-20 08:02:20,TI-01,drone,saudavel,saudavel,0.9531,agrosmart-v1,simulado,sim-2026-05
b6eec858-739f-5249-b213-4773b557677d,BV-02_20260520_0020.jpg,2026-05-20 08:02:41,BV-02,smartphone,saudavel,saudavel,0.8660,agrosmart-v1,simulado,sim-2026-05
87e4b082-a211-5b85-8087-45b108d0b856,BV-02_20260520_0021.jpg,2026-05-20 08:03:01,BV-02,smartphone,saudavel,saudavel,0.9769,agrosmart-v1,simulado,sim-2026-05
4e8b01aa-268d-56dc-b893-296e88fdbdbd,TI-01_20260520_0042.jpg,2026-05-20 08:03:06,TI-01,drone,saudavel,saudavel,0.8472,agrosmart-v1,simulado,sim-2026-05
d82bc96c-c849-592f-be80-eebd40be8790,BV-02_20260520_0022.jpg,2026-05-20 08:03:42,BV-02,smartphone,saudavel,saudavel,0.9495,agrosmart-v1,simulado,sim-2026-05
2cfc7d48-9c3b-575f-9f17-aedee5687392,TI-01_20260520_0043.jpg,2026-05-20 08:03:44,TI-01,drone,saudavel,saudavel,0.8684,agrosmart-v1,simulado,sim-2026-05
aa08de22-fa16-5f48-a4c1-639ef2dfc026,TI-01_20260520_0044.jpg,2026-05-20 08:04:35,TI-01,drone,saudavel,saudavel,0.8926,agrosmart-v1,simulado,sim-2026-05
524d8a27-e719-5515-9024-574cccac30c4,BV-02_20260520_0023.jpg,2026-05-20 08:04:43,BV-02,smartphone,saudavel,saudavel,0.8272,agrosmart-v1,simulado,sim-2026-05
c95cba38-605e-5c17-8d46-b1f51a306e47,BV-02_20260520_0024.jpg,2026-05-20 08:05:05,BV-02,smartphone,saudavel,saudavel,0.9998,agrosmart-v1,simulado,sim-2026-05
e2df9e77-48d6-5cd2-82a7-066ea8556039,TI-01_20260520_0045.jpg,2026-05-20 08:05:07,TI-01,drone,saudavel,saudavel,0.9836,agrosmart-v1,simulado,sim-2026-05
f12bdcc3-6ebf-5a7f-9d7b-ef9b570e2fa7,BV-02_20260520_0025.jpg,2026-05-20 08:06:03,BV-02,smartphone,saudavel,saudavel,0.9986,agrosmart-v1,simulado,sim-2026-05
a57bc99a-749b-5918-bd1d-146092148019,TI-01_20260520_0046.jpg,2026-05-20 08:06:09,TI-01,drone,saudavel,saudavel,0.6309,agrosmart-v1,simulado,sim-2026-05
6c321c92-d9dc-59a5-912b-a41e6ede9417,BV-02_20260520_0026.jpg,2026-05-20 08:06:38,BV-02,smartphone,saudavel,saudavel,0.9155,agrosmart-v1,simulado,sim-2026-05
8578de19-b135-52f5-859e-c449414c6bc3,TI-01_20260520_0047.jpg,2026-05-20 08:06:50,TI-01,drone,saudavel,saudavel,0.8501,agrosmart-v1,simulado,sim-2026-05
2be66feb-7f8c-538e-b9e0-ba19f24eb0a7,TI-01_20260520_0048.jpg,2026-05-20 08:07:05,TI-01,drone,saudavel,saudavel,0.9819,agrosmart-v1,simulado,sim-2026-05
da82b02e-7203-5102-8461-7a3f87231572,BV-02_20260520_0027.jpg,2026-05-20 08:07:12,BV-02,smartphone,saudavel,saudavel,0.9965,agrosmart-v1,simulado,sim-2026-05
16b26797-9268-5874-9184-07ddea5d428e,BV-02_20260520_0028.jpg,2026-05-20 08:07:43,BV-02,smartphone,saudavel,saudavel,0.9943,agrosmart-v1,simulado,sim-2026-05
aaa5947d-32f0-58ff-a753-9d2a85da94f2,BV-02_20260520_0029.jpg,2026-05-20 08:08:28,BV-02,smartphone,saudavel,saudavel,0.9939,agrosmart-v1,simulado,sim-2026-05
d683e1e6-0d86-5531-8b05-707dcfe9f1cf,BV-02_20260520_0030.jpg,2026-05-20 08:09:07,BV-02,smartphone,saudavel,saudavel,0.9246,agrosmart-v1,simulado,sim-2026-05
9534649d-6f25-5b1a-88ab-383d473719fc,BV-02_20260520_0031.jpg,2026-05-20 08:09:54,BV-02,smartphone,saudavel,saudavel,0.9506,agrosmart-v1,simulado,sim-2026-05
a14472fd-4215-5156-afc7-d315842a16ea,SC-01_20260520_0001.jpg,2026-05-20 08:18:03,SC-01,smartphone,saudavel,saudavel,0.8299,agrosmart-v1,simulado,sim-2026-05
abd189c0-65b4-5029-a70f-385b3b60062e,SC-01_20260520_0002.jpg,2026-05-20 08:18:33,SC-01,smartphone,saudavel,saudavel,0.9507,agrosmart-v1,simulado,sim-2026-05
613dff7d-1d95-5f77-982a-bfde94f35812,SC-01_20260520_0003.jpg,2026-05-20 08:19:17,SC-01,smartphone,saudavel,saudavel,0.9830,agrosmart-v1,simulado,sim-2026-05
16681a80-7c39-5d71-94b0-077965d045a4,SC-01_20260520_0004.jpg,2026-05-20 08:19:55,SC-01,smartphone,saudavel,saudavel,0.8599,agrosmart-v1,simulado,sim-2026-05
40430ee7-819a-5986-a666-316974d946cc,SC-01_20260520_0005.jpg,2026-05-20 08:20:28,SC-01,smartphone,saudavel,saudavel,0.9030,agrosmart-v1,simulado,sim-2026-05
a967d7f9-6169-5fce-a358-c5e8e6b2a7b0,SC-01_20260520_0006.jpg,2026-05-20 08:21:15,SC-01,smartphone,saudavel,saudavel,0.9923,agrosmart-v1,simulado,sim-2026-05
4a612a1d-2811-576d-9888-904a10233dc7,SC-01_20260520_0007.jpg,2026-05-20 08:21:58,SC-01,smartphone,saudavel,saudavel,0.9279,agrosmart-v1,simulado,sim-2026-05
37cfe57b-d51d-5ff4-88ef-994a1e9ecbb0,SC-01_20260520_0008.jpg,2026-05-20 08:22:42,SC-01,smartphone,saudavel,saudavel,0.8639,agrosmart-v1,simulado,sim-2026-05
1fe02ea5-0b8b-5113-83cd-7520bb1eaffc,SC-01_20260520_0009.jpg,2026-05-20 08:23:16,SC-01,smartphone,saudavel,saudavel,0.8798,agrosmart-v1,simulado,sim-2026-05
11ef5309-b8ab-5d49-8c50-14dc239e5cb7,SC-01_20260520_0010.jpg,2026-05-20 08:23:50,SC-01,smartphone,saudavel,saudavel,0.9999,agrosmart-v1,simulado,sim-2026-05
e8898097-3d31-54fd-81ec-2a3d26aad3ae,SC-01_20260520_0011.jpg,2026-05-20 08:24:46,SC-01,smartphone,saudavel,saudavel,0.8665,agrosmart-v1,simulado,sim-2026-05
107e8a26-94af-5b80-8a09-8bc15abe7c9a,SC-01_20260520_0012.jpg,2026-05-20 08:25:22,SC-01,smartphone,saudavel,saudavel,0.7140,agrosmart-v1,simulado,sim-2026-05
b7c70945-c556-5596-958f-5f4ab3329147,SC-01_20260520_0013.jpg,2026-05-20 08:25:48,SC-01,smartphone,saudavel,saudavel,0.9778,agrosmart-v1,simulado,sim-2026-05
2913c6a5-5613-5306-aeb5-e4d5f3863ccd,SC-01_20260520_0014.jpg,2026-05-20 08:26:45,SC-01,smartphone,saudavel,saudavel,0.9762,agrosmart-v1,simulado,sim-2026-05
1013c6e6-6ec3-5942-a025-882dc0dba12b,SC-01_20260520_0015.jpg,2026-05-20 08:27:08,SC-01,smartphone,saudavel,saudavel,0.8373,agrosmart-v1,simulado,sim-2026-05
a2ae7a4f-b98e-5d02-9f5d-44c9c284fcd5,SC-01_20260520_0016.jpg,2026-05-20 08:27:52,SC-01,smartphone,saudavel,saudavel,0.9842,agrosmart-v1,simulado,sim-2026-05
10f4be06-5c80-54dd-97ac-38c3fabfdf1f,SC-01_20260520_0017.jpg,2026-05-20 08:28:38,SC-01,smartphone,saudavel,saudavel,0.9401,agrosmart-v1,simulado,sim-2026-05
6ad1380c-e518-5a37-a760-ca34f623d747,SC-01_20260520_0018.jpg,2026-05-20 08:29:12,SC-01,smartphone,saudavel,saudavel,0.9018,agrosmart-v1,simulado,sim-2026-05
713b1331-2aa2-5f08-9ba7-5616c7599e15,SC-01_20260520_0019.jpg,2026-05-20 08:30:00,SC-01,smartphone,saudavel,saudavel,0.8474,agrosmart-v1,simulado,sim-2026-05
371cbce8-f71e-5ef4-a8a9-f8434e3f9a36,SC-01_20260520_0020.jpg,2026-05-20 08:30:50,SC-01,smartphone,saudavel,saudavel,0.8806,agrosmart-v1,simulado,sim-2026-05
58e9fde8-ccca-5e7b-b39a-3584f9615603,SC-01_20260520_0021.jpg,2026-05-20 08:31:26,SC-01,smartphone,saudavel,saudavel,0.9662,agrosmart-v1,simulado,sim-2026-05
df13583b-8a8d-55bc-84a5-025c7a147463,SC-01_20260520_0022.jpg,2026-05-20 08:31:48,SC-01,smartphone,saudavel,saudavel,0.9721,agrosmart-v1,simulado,sim-2026-05
b83e5198-48a8-5811-8531-89ee683f074e,SC-01_20260520_0023.jpg,2026-05-20 08:32:24,SC-01,smartphone,saudavel,saudavel,0.7012,agrosmart-v1,simulado,sim-2026-05
863ce44e-0734-514a-b20d-3da6df022603,SC-01_20260520_0024.jpg,2026-05-20 08:33:27,SC-01,smartphone,saudavel,saudavel,0.9382,agrosmart-v1,simulado,sim-2026-05
d836042d-ddb5-54dd-bc18-368c714ed7bf,SC-01_20260520_0025.jpg,2026-05-20 08:34:08,SC-01,smartphone,saudavel,saudavel,0.9938,agrosmart-v1,simulado,sim-2026-05
2686d351-5b10-5d15-a563-bee0efbb54b3,SC-01_20260520_0026.jpg,2026-05-20 08:34:21,SC-01,smartphone,saudavel,saudavel,0.9301,agrosmart-v1,simulado,sim-2026-05
4d05d5cf-c7b2-5613-85fc-26b5ebed8cbc,SC-01_20260520_0027.jpg,2026-05-20 08:35:16,SC-01,smartphone,saudavel,saudavel,0.9439,agrosmart-v1,simulado,sim-2026-05
33563e1f-1533-52f2-8f01-839273f4c822,SC-01_20260520_0028.jpg,2026-05-20 08:35:44,SC-01,smartphone,saudavel,saudavel,0.9839,agrosmart-v1,simulado,sim-2026-05
bea2c443-2c19-5c4f-84af-49185b7f02b5,SC-01_20260520_0029.jpg,2026-05-20 08:36:25,SC-01,smartphone,saudavel,saudavel,0.5408,agrosmart-v1,simulado,sim-2026-05
924b0ec7-84ca-5a9d-8f7a-ceef8f986391,SC-01_20260520_0030.jpg,2026-05-20 08:37:11,SC-01,smartphone,saudavel,saudavel,0.9691,agrosmart-v1,simulado,sim-2026-05
bc2056ba-b5be-55c0-9c77-5e69eab3ac16,SC-01_20260520_0031.jpg,2026-05-20 08:37:59,SC-01,smartphone,saudavel,saudavel,0.9607,agrosmart-v1,simulado,sim-2026-05
08f3af4b-66c4-5040-9b48-14b2301f549d,SC-01_20260520_0032.jpg,2026-05-20 08:38:40,SC-01,smartphone,saudavel,saudavel,0.8890,agrosmart-v1,simulado,sim-2026-05
8b038240-4e67-5feb-88f5-8a1dfc1e6987,BV-04_20260520_0001.jpg,2026-05-20 08:54:03,BV-04,smartphone,saudavel,saudavel,0.9837,agrosmart-v1,simulado,sim-2026-05
02aae338-ca31-5e4a-aaaa-fa579f5b9e59,BV-04_20260520_0002.jpg,2026-05-20 08:54:44,BV-04,smartphone,saudavel,saudavel,0.8663,agrosmart-v1,simulado,sim-2026-05
236a2db7-7619-5dc1-b5a0-996e0fd695e2,BV-04_20260520_0003.jpg,2026-05-20 08:55:08,BV-04,smartphone,saudavel,saudavel,0.9967,agrosmart-v1,simulado,sim-2026-05
91e68f17-7624-5cb6-bdd5-b6ba23d4c340,BV-04_20260520_0004.jpg,2026-05-20 08:55:42,BV-04,smartphone,doente,vaquinha,0.9509,agrosmart-v1,simulado,sim-2026-05
3bd7fd7d-05fe-592a-98f9-99108e4c1e42,BV-04_20260520_0005.jpg,2026-05-20 08:56:30,BV-04,smartphone,saudavel,saudavel,0.9994,agrosmart-v1,simulado,sim-2026-05
ede04e4d-93cc-5225-abd7-fb74fb43ac4a,BV-04_20260520_0006.jpg,2026-05-20 08:57:05,BV-04,smartphone,saudavel,saudavel,0.9472,agrosmart-v1,simulado,sim-2026-05
dacc1cd7-e0b2-52bf-ab8a-46f21082b772,BV-04_20260520_0007.jpg,2026-05-20 08:57:40,BV-04,smartphone,saudavel,saudavel,0.9535,agrosmart-v1,simulado,sim-2026-05
b5356200-ce23-5b5a-b7b0-ed51ff5f4a73,BV-04_20260520_0008.jpg,2026-05-20 08:58:32,BV-04,smartphone,saudavel,saudavel,0.9605,agrosmart-v1,simulado,sim-2026-05
833ed621-7017-5366-8bef-3de2c64eb80a,BV-04_20260520_0009.jpg,2026-05-20 08:59:23,BV-04,smartphone,saudavel,saudavel,0.8231,agrosmart-v1,simulado,sim-2026-05
9797979f-5b1c-5b40-97a0-e65f8174281b,BV-04_20260520_0010.jpg,2026-05-20 08:59:55,BV-04,smartphone,saudavel,saudavel,0.8302,agrosmart-v1,simulado,sim-2026-05
ed8879f1-8f92-53b0-add6-a5f5cc51e626,BV-04_20260520_0011.jpg,2026-05-20 09:00:34,BV-04,smartphone,saudavel,saudavel,0.9013,agrosmart-v1,simulado,sim-2026-05
b205c232-f0ba-597f-88ac-8f6df17a8e1f,BV-04_20260520_0012.jpg,2026-05-20 09:01:15,BV-04,smartphone,saudavel,saudavel,0.9580,agrosmart-v1,simulado,sim-2026-05
96e79c2a-5ded-5502-903d-431b7cabdadd,BV-04_20260520_0013.jpg,2026-05-20 09:02:00,BV-04,smartphone,saudavel,saudavel,0.8346,agrosmart-v1,simulado,sim-2026-05
2ed8f3e6-1844-5e81-8f75-ce84a3d77a3e,BV-04_20260520_0014.jpg,2026-05-20 09:02:21,BV-04,smartphone,saudavel,saudavel,0.9507,agrosmart-v1,simulado,sim-2026-05
56fbdf55-17aa-5ce1-9c58-90926c4070fe,BV-04_20260520_0015.jpg,2026-05-20 09:03:17,BV-04,smartphone,saudavel,saudavel,0.9838,agrosmart-v1,simulado,sim-2026-05
62705dc6-a7d9-565e-9446-36bc6d09b59e,BV-04_20260520_0016.jpg,2026-05-20 09:04:06,BV-04,smartphone,saudavel,saudavel,0.9996,agrosmart-v1,simulado,sim-2026-05
b68905b2-7a24-5036-8746-71724c5ce824,BV-04_20260520_0017.jpg,2026-05-20 09:04:41,BV-04,smartphone,saudavel,saudavel,0.8715,agrosmart-v1,simulado,sim-2026-05
3798f200-78d1-528d-8002-671079c8f000,BV-04_20260520_0018.jpg,2026-05-20 09:05:25,BV-04,smartphone,saudavel,saudavel,0.9320,agrosmart-v1,simulado,sim-2026-05
4cb05167-b7f4-522c-a9d4-190ce3429b32,BV-04_20260520_0019.jpg,2026-05-20 09:05:43,BV-04,smartphone,saudavel,saudavel,0.9988,agrosmart-v1,simulado,sim-2026-05
cd3602de-825e-5099-9f4f-de55adf409bd,BV-04_20260520_0020.jpg,2026-05-20 09:06:42,BV-04,smartphone,doente,mosca_minadora,0.8980,agrosmart-v1,simulado,sim-2026-05
77d9fd30-92bd-5920-81ee-a1b1932cfe0a,BV-04_20260520_0021.jpg,2026-05-20 09:07:00,BV-04,smartphone,saudavel,saudavel,0.8504,agrosmart-v1,simulado,sim-2026-05
9d101235-84eb-594c-8c2d-2f28825875cd,BV-04_20260520_0022.jpg,2026-05-20 09:07:58,BV-04,smartphone,saudavel,saudavel,0.9426,agrosmart-v1,simulado,sim-2026-05
77e63855-05e6-52dd-ae9e-c605670c1f54,BV-04_20260520_0023.jpg,2026-05-20 09:08:35,BV-04,smartphone,saudavel,saudavel,0.9905,agrosmart-v1,simulado,sim-2026-05
20633e00-8c43-5bec-82d2-ab855826495d,BV-04_20260520_0024.jpg,2026-05-20 09:09:26,BV-04,smartphone,saudavel,saudavel,0.9976,agrosmart-v1,simulado,sim-2026-05
83c310cb-fc33-5b91-8d21-03c251539a98,TI-04_20260520_0001.jpg,2026-05-20 09:14:58,TI-04,drone,saudavel,saudavel,0.9579,agrosmart-v1,simulado,sim-2026-05
6cc905d6-75d8-5d1b-baf4-e1c2bc27ef5f,TI-04_20260520_0002.jpg,2026-05-20 09:15:40,TI-04,drone,saudavel,saudavel,0.9763,agrosmart-v1,simulado,sim-2026-05
c96b9a2c-be7a-5afe-b41f-7bb6a8217f2d,TI-04_20260520_0003.jpg,2026-05-20 09:16:10,TI-04,drone,saudavel,saudavel,0.8516,agrosmart-v1,simulado,sim-2026-05
4bc0ad34-fd9c-5b28-a12b-272851c8f533,TI-04_20260520_0004.jpg,2026-05-20 09:16:47,TI-04,drone,saudavel,saudavel,0.9753,agrosmart-v1,simulado,sim-2026-05
9c473191-e667-5282-bc44-54232a63c635,TI-04_20260520_0005.jpg,2026-05-20 09:17:29,TI-04,drone,saudavel,saudavel,0.9933,agrosmart-v1,simulado,sim-2026-05
bc68ec55-9304-57b8-b2b8-ac3da9d42b24,TI-04_20260520_0006.jpg,2026-05-20 09:18:10,TI-04,drone,saudavel,saudavel,0.9940,agrosmart-v1,simulado,sim-2026-05
03a0d2c6-1d5b-5069-9552-365cf4ec03ee,TI-04_20260520_0007.jpg,2026-05-20 09:18:48,TI-04,drone,saudavel,saudavel,0.9975,agrosmart-v1,simulado,sim-2026-05
b002e2a6-476a-556f-b9f7-f481a4b0bdc3,TI-04_20260520_0008.jpg,2026-05-20 09:19:32,TI-04,drone,saudavel,saudavel,0.9600,agrosmart-v1,simulado,sim-2026-05
451d5795-a8c4-56c8-a5e9-488544748b2d,TI-04_20260520_0009.jpg,2026-05-20 09:20:28,TI-04,drone,saudavel,saudavel,0.8870,agrosmart-v1,simulado,sim-2026-05
1f4176d0-cfc9-587a-adff-1f19f3c1fa94,TI-04_20260520_0010.jpg,2026-05-20 09:21:10,TI-04,drone,saudavel,saudavel,0.8546,agrosmart-v1,simulado,sim-2026-05
7bfada17-a22f-57d5-8991-01acefde1bd0,TI-04_20260520_0011.jpg,2026-05-20 09:21:50,TI-04,drone,saudavel,saudavel,0.9277,agrosmart-v1,simulado,sim-2026-05
980b7b6b-e915-5b6a-93dd-85eed1e9d754,TI-04_20260520_0012.jpg,2026-05-20 09:22:04,TI-04,drone,saudavel,saudavel,0.9674,agrosmart-v1,simulado,sim-2026-05
8096e951-ca88-5784-b049-3948b0b7d5c4,TI-04_20260520_0013.jpg,2026-05-20 09:22:40,TI-04,drone,saudavel,saudavel,0.9953,agrosmart-v1,simulado,sim-2026-05
403d81c5-f519-58c4-a2f6-3e63c252f822,TI-04_20260520_0014.jpg,2026-05-20 09:23:34,TI-04,drone,saudavel,saudavel,0.9925,agrosmart-v1,simulado,sim-2026-05
2bfaae12-26ae-5b99-a9f4-355b13cfcbfd,TI-04_20260520_0015.jpg,2026-05-20 09:24:28,TI-04,drone,saudavel,saudavel,0.8965,agrosmart-v1,simulado,sim-2026-05
0aae8af1-a50a-5768-9235-c08fff5c92a9,TI-04_20260520_0016.jpg,2026-05-20 09:24:41,TI-04,drone,saudavel,saudavel,0.8572,agrosmart-v1,simulado,sim-2026-05
6f555197-f06a-5260-ab8c-0d01081674e5,TI-04_20260520_0017.jpg,2026-05-20 09:25:26,TI-04,drone,saudavel,saudavel,0.9999,agrosmart-v1,simulado,sim-2026-05
47ad352e-5cae-5394-8e3b-72e543194c0b,TI-04_20260520_0018.jpg,2026-05-20 09:26:12,TI-04,drone,saudavel,saudavel,0.9900,agrosmart-v1,simulado,sim-2026-05
9d74f1ec-c335-5369-ac93-0f7d64488d04,TI-04_20260520_0019.jpg,2026-05-20 09:26:55,TI-04,drone,saudavel,saudavel,0.9993,agrosmart-v1,simulado,sim-2026-05
2dee69f1-3a75-5709-b698-fe3fa53e65d4,TI-04_20260520_0020.jpg,2026-05-20 09:27:45,TI-04,drone,saudavel,saudavel,0.8623,agrosmart-v1,simulado,sim-2026-05
98664933-0c27-5133-bb70-62bbf7a43c0d,TI-04_20260520_0021.jpg,2026-05-20 09:28:11,TI-04,drone,saudavel,saudavel,0.9989,agrosmart-v1,simulado,sim-2026-05
4c8fe61a-1b57-592a-aa1e-a399ec897165,SC-04_20260520_0001.jpg,2026-05-20 09:28:51,SC-04,smartphone,saudavel,saudavel,0.9554,agrosmart-v1,simulado,sim-2026-05
9b2a9dcb-5715-55ff-b3b5-47adcc4c46d8,TI-04_20260520_0022.jpg,2026-05-20 09:29:10,TI-04,drone,saudavel,saudavel,0.9472,agrosmart-v1,simulado,sim-2026-05
67501ad8-226d-582f-9030-4cbb3e7c3682,SC-04_20260520_0002.jpg,2026-05-20 09:29:27,SC-04,smartphone,saudavel,saudavel,0.9201,agrosmart-v1,simulado,sim-2026-05
8f990c25-af6b-5794-b803-6d88b0394438,TI-04_20260520_0023.jpg,2026-05-20 09:29:41,TI-04,drone,saudavel,saudavel,0.9566,agrosmart-v1,simulado,sim-2026-05
3896dbb0-9a00-5308-9de0-b7389c7a2ccc,TI-04_20260520_0024.jpg,2026-05-20 09:30:07,TI-04,drone,saudavel,saudavel,0.9117,agrosmart-v1,simulado,sim-2026-05
5187d1ad-a799-585d-8d0f-3a7ee0db0201,SC-04_20260520_0003.jpg,2026-05-20 09:30:08,SC-04,smartphone,saudavel,saudavel,0.8881,agrosmart-v1,simulado,sim-2026-05
72995c90-cd3d-51f1-8c31-ce8f1998693c,SC-04_20260520_0004.jpg,2026-05-20 09:30:41,SC-04,smartphone,saudavel,saudavel,0.8938,agrosmart-v1,simulado,sim-2026-05
3990423d-4106-5877-a3a5-b268f7635db2,TI-04_20260520_0025.jpg,2026-05-20 09:30:52,TI-04,drone,saudavel,saudavel,0.9300,agrosmart-v1,simulado,sim-2026-05
16cd9f75-6cea-5f09-8a3e-56cb0d721db5,BV-03_20260520_0001.jpg,2026-05-20 09:31:01,BV-03,smartphone,saudavel,saudavel,0.9660,agrosmart-v1,simulado,sim-2026-05
6f5b1641-7cc7-50e8-a21c-e0e9cdf2952c,SC-04_20260520_0005.jpg,2026-05-20 09:31:20,SC-04,smartphone,saudavel,saudavel,0.9434,agrosmart-v1,simulado,sim-2026-05
a15f7530-3464-5247-8711-030cb7204605,TI-04_20260520_0026.jpg,2026-05-20 09:31:38,TI-04,drone,saudavel,saudavel,0.9896,agrosmart-v1,simulado,sim-2026-05
53ea8150-0749-5da1-a945-9cb4f58d065e,BV-03_20260520_0002.jpg,2026-05-20 09:31:43,BV-03,smartphone,saudavel,saudavel,0.8365,agrosmart-v1,simulado,sim-2026-05
d05f5ba8-22b6-5f9c-9d33-a8ecca07205a,BV-03_20260520_0003.jpg,2026-05-20 09:32:03,BV-03,smartphone,doente,requeima,0.9987,agrosmart-v1,simulado,sim-2026-05
0e87a18c-a1cf-5169-9441-496b28744ede,SC-04_20260520_0006.jpg,2026-05-20 09:32:08,SC-04,smartphone,saudavel,saudavel,0.8683,agrosmart-v1,simulado,sim-2026-05
f568d8ad-e6a1-5ebd-b7b2-acfe54ac2d35,TI-04_20260520_0027.jpg,2026-05-20 09:32:20,TI-04,drone,saudavel,saudavel,0.9722,agrosmart-v1,simulado,sim-2026-05
09c2c536-e120-5e0f-bb23-653b218df70a,SC-04_20260520_0007.jpg,2026-05-20 09:32:41,SC-04,smartphone,saudavel,saudavel,0.9397,agrosmart-v1,simulado,sim-2026-05
97f5e497-3549-511a-96eb-07a4f7da4878,BV-03_20260520_0004.jpg,2026-05-20 09:32:59,BV-03,smartphone,doente,requeima,0.9754,agrosmart-v1,simulado,sim-2026-05
6b562a9a-a661-5346-8962-c91fd2abb110,TI-04_20260520_0028.jpg,2026-05-20 09:33:00,TI-04,drone,saudavel,saudavel,0.8333,agrosmart-v1,simulado,sim-2026-05
a5b4d631-3ac9-521f-95f1-0878c2ceef33,SC-04_20260520_0008.jpg,2026-05-20 09:33:24,SC-04,smartphone,saudavel,saudavel,0.9967,agrosmart-v1,simulado,sim-2026-05
2cbfee81-000f-5ef5-846c-84302ea6f8b4,TI-04_20260520_0029.jpg,2026-05-20 09:33:25,TI-04,drone,saudavel,saudavel,0.9820,agrosmart-v1,simulado,sim-2026-05
270cf97c-8afe-5cb6-b095-2acd9705cd83,BV-03_20260520_0005.jpg,2026-05-20 09:33:36,BV-03,smartphone,saudavel,saudavel,0.9408,agrosmart-v1,simulado,sim-2026-05
8f463448-46e8-54fe-981d-8ee807e088b7,BV-03_20260520_0006.jpg,2026-05-20 09:34:04,BV-03,smartphone,saudavel,saudavel,0.9936,agrosmart-v1,simulado,sim-2026-05
11a97fab-4c95-5a8c-a030-3dce9c05f458,SC-04_20260520_0009.jpg,2026-05-20 09:34:24,SC-04,smartphone,saudavel,saudavel,0.9385,agrosmart-v1,simulado,sim-2026-05
f711c96e-bfd8-5e8a-9b55-348f057b3828,TI-04_20260520_0030.jpg,2026-05-20 09:34:26,TI-04,drone,saudavel,saudavel,0.9511,agrosmart-v1,simulado,sim-2026-05
c2e4791c-7d8c-5579-8199-3df9415e06bc,BV-03_20260520_0007.jpg,2026-05-20 09:35:07,BV-03,smartphone,saudavel,saudavel,0.9992,agrosmart-v1,simulado,sim-2026-05
409c4afe-eeab-5dae-9e25-b3fef9f3f0ca,TI-04_20260520_0031.jpg,2026-05-20 09:35:08,TI-04,drone,saudavel,saudavel,0.8421,agrosmart-v1,simulado,sim-2026-05
b0cd3083-c253-51fd-905f-34a8cfdca305,SC-04_20260520_0010.jpg,2026-05-20 09:35:09,SC-04,smartphone,saudavel,saudavel,0.8337,agrosmart-v1,simulado,sim-2026-05
e808a4b2-3b2e-5044-983d-3a343d56efc2,SC-04_20260520_0011.jpg,2026-05-20 09:35:39,SC-04,smartphone,saudavel,saudavel,0.8412,agrosmart-v1,simulado,sim-2026-05
65931f72-19c6-511b-91ca-b394eeb35218,BV-03_20260520_0008.jpg,2026-05-20 09:35:44,BV-03,smartphone,saudavel,saudavel,0.9693,agrosmart-v1,simulado,sim-2026-05
708108f2-d6ee-59bc-9bed-4ee7382d5181,TI-04_20260520_0032.jpg,2026-05-20 09:35:48,TI-04,drone,saudavel,saudavel,0.6973,agrosmart-v1,simulado,sim-2026-05
60382faf-5bc1-5c7e-9f84-97308ade43e5,SC-02_20260520_0001.jpg,2026-05-20 09:35:53,SC-02,smartphone,saudavel,saudavel,0.9797,agrosmart-v1,simulado,sim-2026-05
6d1ebe5d-7335-5afd-8e3f-dd4ad3b277a2,TI-04_20260520_0033.jpg,2026-05-20 09:36:08,TI-04,drone,saudavel,saudavel,0.9489,agrosmart-v1,simulado,sim-2026-05
898cdda3-6fa5-5161-9e5e-935d99a17a2c,BV-03_20260520_0009.jpg,2026-05-20 09:36:10,BV-03,smartphone,doente,requeima,0.9405,agrosmart-v1,simulado,sim-2026-05
7cbb7248-2c47-55a5-8064-543c0ea16c1e,SC-04_20260520_0012.jpg,2026-05-20 09:36:24,SC-04,smartphone,saudavel,saudavel,0.9962,agrosmart-v1,simulado,sim-2026-05
5d339d70-4e53-5493-9858-14231edf739f,SC-02_20260520_0002.jpg,2026-05-20 09:36:29,SC-02,smartphone,saudavel,saudavel,0.9788,agrosmart-v1,simulado,sim-2026-05
9699af65-2695-5046-8173-626688060476,BV-03_20260520_0010.jpg,2026-05-20 09:36:49,BV-03,smartphone,saudavel,saudavel,0.9108,agrosmart-v1,simulado,sim-2026-05
f38816cd-6ed7-5ae0-9e8a-c5807c6e71fe,TI-04_20260520_0034.jpg,2026-05-20 09:37:01,TI-04,drone,saudavel,saudavel,0.9152,agrosmart-v1,simulado,sim-2026-05
feadaf4b-29f5-558d-963f-3005716aa4d8,SC-04_20260520_0013.jpg,2026-05-20 09:37:03,SC-04,smartphone,saudavel,saudavel,0.9480,agrosmart-v1,simulado,sim-2026-05
b9b9be10-6c38-5b3a-bb21-22bf325b6d62,SC-02_20260520_0003.jpg,2026-05-20 09:37:14,SC-02,smartphone,saudavel,saudavel,0.9478,agrosmart-v1,simulado,sim-2026-05
505f62b9-8e8c-5cc2-99eb-0a0b575bac5a,SC-04_20260520_0014.jpg,2026-05-20 09:37:26,SC-04,smartphone,saudavel,saudavel,0.9430,agrosmart-v1,simulado,sim-2026-05
f4d6c38f-9918-5755-b172-b7dc24605e33,BV-03_20260520_0011.jpg,2026-05-20 09:37:33,BV-03,smartphone,saudavel,saudavel,0.9077,agrosmart-v1,simulado,sim-2026-05
5d97808f-7592-54aa-acf1-796b4eb0a07c,TI-04_20260520_0035.jpg,2026-05-20 09:37:33,TI-04,drone,saudavel,saudavel,0.8825,agrosmart-v1,simulado,sim-2026-05
ace2b142-e3a8-5472-acbb-f9e9ec2dd5fd,SC-02_20260520_0004.jpg,2026-05-20 09:38:00,SC-02,smartphone,saudavel,saudavel,0.9073,agrosmart-v1,simulado,sim-2026-05
8e8be3d9-e342-519c-b84e-f68de3716130,TI-04_20260520_0036.jpg,2026-05-20 09:38:00,TI-04,drone,saudavel,saudavel,0.9545,agrosmart-v1,simulado,sim-2026-05
c8d3c3cf-6334-5681-bd8d-96f0aa8c2859,SC-04_20260520_0015.jpg,2026-05-20 09:38:15,SC-04,smartphone,saudavel,saudavel,0.6716,agrosmart-v1,simulado,sim-2026-05
fe0a11f3-ea5c-5b25-8e19-fa6a08408c7d,BV-03_20260520_0012.jpg,2026-05-20 09:38:17,BV-03,smartphone,doente,requeima,0.8602,agrosmart-v1,simulado,sim-2026-05
2bd2ce04-66d1-5f5f-b69f-26ebd5796f87,SC-02_20260520_0005.jpg,2026-05-20 09:38:27,SC-02,smartphone,saudavel,saudavel,0.9410,agrosmart-v1,simulado,sim-2026-05
c4e491a4-4b8f-51e6-9402-535ce44c25cf,SC-04_20260520_0016.jpg,2026-05-20 09:38:55,SC-04,smartphone,saudavel,saudavel,0.9991,agrosmart-v1,simulado,sim-2026-05
40786a28-d425-5a03-b199-be09fdc2ace1,BV-03_20260520_0013.jpg,2026-05-20 09:39:05,BV-03,smartphone,saudavel,saudavel,0.8933,agrosmart-v1,simulado,sim-2026-05
5559ae4e-9184-5d6d-bcc0-828ad55d9d1a,SC-02_20260520_0006.jpg,2026-05-20 09:39:20,SC-02,smartphone,saudavel,saudavel,0.9998,agrosmart-v1,simulado,sim-2026-05
09031c62-163c-50a5-b8eb-4db967fbe166,BV-03_20260520_0014.jpg,2026-05-20 09:39:42,BV-03,smartphone,saudavel,saudavel,0.8474,agrosmart-v1,simulado,sim-2026-05
39c220c8-3849-5283-9164-c2a6deb13943,SC-04_20260520_0017.jpg,2026-05-20 09:39:48,SC-04,smartphone,saudavel,saudavel,0.9153,agrosmart-v1,simulado,sim-2026-05
43ce8057-7ae3-5ec5-a317-75c804bcffec,SC-02_20260520_0007.jpg,2026-05-20 09:40:01,SC-02,smartphone,saudavel,saudavel,0.9224,agrosmart-v1,simulado,sim-2026-05
9dd76cf3-56cf-52db-919e-9d57c3c03072,SC-04_20260520_0018.jpg,2026-05-20 09:40:09,SC-04,smartphone,saudavel,saudavel,0.9996,agrosmart-v1,simulado,sim-2026-05
e291a9db-bf74-51bb-b443-21a8c695844e,BV-03_20260520_0015.jpg,2026-05-20 09:40:16,BV-03,smartphone,saudavel,saudavel,0.8468,agrosmart-v1,simulado,sim-2026-05
5c3c9cce-c848-5888-bfd3-c64d84cc644a,SC-02_20260520_0008.jpg,2026-05-20 09:40:20,SC-02,smartphone,saudavel,saudavel,0.9177,agrosmart-v1,simulado,sim-2026-05
24d1ead8-987e-55d9-95dd-773c22d90594,BV-03_20260520_0016.jpg,2026-05-20 09:40:40,BV-03,smartphone,saudavel,saudavel,0.8572,agrosmart-v1,simulado,sim-2026-05
68f7c41d-2a11-5507-9a2a-70733ccf433e,SC-04_20260520_0019.jpg,2026-05-20 09:40:59,SC-04,smartphone,saudavel,saudavel,0.8815,agrosmart-v1,simulado,sim-2026-05
652b1960-39cd-518a-80ce-ff78a949d786,SC-02_20260520_0009.jpg,2026-05-20 09:41:19,SC-02,smartphone,doente,vaquinha,0.9248,agrosmart-v1,simulado,sim-2026-05
b15638fc-afa5-5b78-851e-ca685f0c7829,BV-03_20260520_0017.jpg,2026-05-20 09:41:36,BV-03,smartphone,doente,requeima,0.8583,agrosmart-v1,simulado,sim-2026-05
51050e83-91ed-5fc3-b3e9-ab203cf25f7b,SC-04_20260520_0020.jpg,2026-05-20 09:41:48,SC-04,smartphone,saudavel,saudavel,0.9706,agrosmart-v1,simulado,sim-2026-05
233daf65-b926-54f4-bebc-a2e485830d37,SC-02_20260520_0010.jpg,2026-05-20 09:41:54,SC-02,smartphone,saudavel,saudavel,0.8817,agrosmart-v1,simulado,sim-2026-05
9c510a77-bae5-57fa-91e3-7338b2430368,SC-04_20260520_0021.jpg,2026-05-20 09:42:08,SC-04,smartphone,saudavel,saudavel,0.9998,agrosmart-v1,simulado,sim-2026-05
d639de82-cc9e-55fd-9dc7-8b7689e3f9d2,BV-03_20260520_0018.jpg,2026-05-20 09:42:22,BV-03,smartphone,saudavel,saudavel,0.9967,agrosmart-v1,simulado,sim-2026-05
0e397df3-524e-59aa-89e5-fe35710eedff,SC-02_20260520_0011.jpg,2026-05-20 09:42:44,SC-02,smartphone,saudavel,saudavel,0.9330,agrosmart-v1,simulado,sim-2026-05
30edda70-79e2-5d42-9f07-2aac94ea021e,SC-04_20260520_0022.jpg,2026-05-20 09:43:03,SC-04,smartphone,saudavel,saudavel,0.8916,agrosmart-v1,simulado,sim-2026-05
f108f57d-f6be-5261-9026-78118c2e3565,BV-03_20260520_0019.jpg,2026-05-20 09:43:09,BV-03,smartphone,saudavel,saudavel,0.8303,agrosmart-v1,simulado,sim-2026-05
6d2db68f-d425-5bd5-a5ea-8e94b576ad61,SC-02_20260520_0012.jpg,2026-05-20 09:43:21,SC-02,smartphone,saudavel,saudavel,0.9911,agrosmart-v1,simulado,sim-2026-05
e84f170e-c446-58b7-9cee-c6b583fa3920,SC-04_20260520_0023.jpg,2026-05-20 09:43:24,SC-04,smartphone,saudavel,saudavel,0.8867,agrosmart-v1,simulado,sim-2026-05
6362c39d-f49b-58fa-985b-90e81c30d305,BV-03_20260520_0020.jpg,2026-05-20 09:43:25,BV-03,smartphone,saudavel,saudavel,0.9911,agrosmart-v1,simulado,sim-2026-05
37c60dd1-71ef-510c-932d-3dda0d341347,BV-03_20260520_0021.jpg,2026-05-20 09:44:00,BV-03,smartphone,saudavel,saudavel,0.5435,agrosmart-v1,simulado,sim-2026-05
b5bbe5c3-3dd8-5daf-acf5-f7f1f2cf4252,SC-02_20260520_0013.jpg,2026-05-20 09:44:00,SC-02,smartphone,saudavel,saudavel,0.8507,agrosmart-v1,simulado,sim-2026-05
30ff0d64-b1be-59c0-b9e3-2dafb58123f0,SC-04_20260520_0024.jpg,2026-05-20 09:44:03,SC-04,smartphone,saudavel,saudavel,0.9524,agrosmart-v1,simulado,sim-2026-05
4d645c51-6e0d-5e64-8ef2-6c488f34d9f4,SC-02_20260520_0014.jpg,2026-05-20 09:44:42,SC-02,smartphone,saudavel,saudavel,0.9990,agrosmart-v1,simulado,sim-2026-05
3c640df5-eeeb-5ccd-9fdf-2050d6134f28,BV-03_20260520_0022.jpg,2026-05-20 09:45:04,BV-03,smartphone,saudavel,saudavel,0.9965,agrosmart-v1,simulado,sim-2026-05
2f9f7a49-16f6-50c5-8e79-b81d1264c610,SC-02_20260520_0015.jpg,2026-05-20 09:45:20,SC-02,smartphone,saudavel,saudavel,0.9333,agrosmart-v1,simulado,sim-2026-05
2b14203b-c721-5158-af25-61c661a97a99,BV-03_20260520_0023.jpg,2026-05-20 09:45:23,BV-03,smartphone,saudavel,saudavel,0.9151,agrosmart-v1,simulado,sim-2026-05
ba32d105-6fad-52fa-9b3a-e3f629214884,SC-02_20260520_0016.jpg,2026-05-20 09:46:01,SC-02,smartphone,saudavel,saudavel,0.8673,agrosmart-v1,simulado,sim-2026-05
0e8eb7ea-045b-5619-bf95-f2b5976604ba,BV-03_20260520_0024.jpg,2026-05-20 09:46:20,BV-03,smartphone,saudavel,saudavel,0.9282,agrosmart-v1,simulado,sim-2026-05
161eb68c-d8d0-589a-877f-870756838b1e,SC-02_20260520_0017.jpg,2026-05-20 09:46:44,SC-02,smartphone,saudavel,saudavel,0.9847,agrosmart-v1,simulado,sim-2026-05
08c9090e-197b-5736-8ea1-85c1110d497b,BV-03_20260520_0025.jpg,2026-05-20 09:46:58,BV-03,smartphone,saudavel,saudavel,0.6997,agrosmart-v1,simulado,sim-2026-05
c88687ad-e58f-56cf-9ecf-5c26ed8b995c,BV-03_20260520_0026.jpg,2026-05-20 09:47:23,BV-03,smartphone,saudavel,saudavel,0.9993,agrosmart-v1,simulado,sim-2026-05
060ebe71-1911-5a83-8302-2d6d28c1b097,SC-02_20260520_0018.jpg,2026-05-20 09:47:29,SC-02,smartphone,saudavel,saudavel,0.9159,agrosmart-v1,simulado,sim-2026-05
c16f98d0-461f-5729-a64d-8728113c91e1,BV-03_20260520_0027.jpg,2026-05-20 09:48:07,BV-03,smartphone,saudavel,saudavel,0.9673,agrosmart-v1,simulado,sim-2026-05
da881b98-54a4-526d-ab5d-6baf13719e2c,SC-02_20260520_0019.jpg,2026-05-20 09:48:09,SC-02,smartphone,saudavel,saudavel,0.9999,agrosmart-v1,simulado,sim-2026-05
ad5cd296-4b15-587c-a7a0-96ce2c4a871d,BV-03_20260520_0028.jpg,2026-05-20 09:48:42,BV-03,smartphone,doente,requeima,0.9894,agrosmart-v1,simulado,sim-2026-05
8a1ef229-c17c-5c25-be56-eae2b940d889,SC-02_20260520_0020.jpg,2026-05-20 09:48:43,SC-02,smartphone,saudavel,saudavel,0.9986,agrosmart-v1,simulado,sim-2026-05
4da837f5-f283-5e97-aed4-d0669cb3b191,BV-03_20260520_0029.jpg,2026-05-20 09:49:22,BV-03,smartphone,doente,requeima,0.7153,agrosmart-v1,simulado,sim-2026-05
765d8f7c-eff7-556b-a9a6-36f0e3b4b200,SC-02_20260520_0021.jpg,2026-05-20 09:49:23,SC-02,smartphone,saudavel,saudavel,0.9995,agrosmart-v1,simulado,sim-2026-05
e899a440-58d9-5287-942f-5c7e1d471f4c,BV-03_20260520_0030.jpg,2026-05-20 09:50:05,BV-03,smartphone,saudavel,saudavel,0.8529,agrosmart-v1,simulado,sim-2026-05
089aa07d-8310-57ca-8d10-2ee751473b36,SC-02_20260520_0022.jpg,2026-05-20 09:50:09,SC-02,smartphone,saudavel,saudavel,0.8305,agrosmart-v1,simulado,sim-2026-05
9cc2727c-f8ff-5d23-b57e-3f93d4d1cb85,SC-02_20260520_0023.jpg,2026-05-20 09:50:21,SC-02,smartphone,saudavel,saudavel,0.9987,agrosmart-v1,simulado,sim-2026-05
e3921376-57a2-5c91-a054-fafb32542c4f,SC-02_20260520_0024.jpg,2026-05-20 09:51:08,SC-02,smartphone,saudavel,saudavel,0.9865,agrosmart-v1,simulado,sim-2026-05
36fb9fa6-6235-5727-993c-61d9c1792839,BV-03_20260520_0031.jpg,2026-05-20 09:51:09,BV-03,smartphone,saudavel,saudavel,0.9992,agrosmart-v1,simulado,sim-2026-05
3a28ef8b-a79a-5553-b764-8c7a85a01f9b,BV-03_20260520_0032.jpg,2026-05-20 09:51:20,BV-03,smartphone,doente,requeima,0.9874,agrosmart-v1,simulado,sim-2026-05
89f1acf4-4e85-5118-8f11-c9d34677a9b1,SC-02_20260520_0025.jpg,2026-05-20 09:51:53,SC-02,smartphone,saudavel,saudavel,0.9659,agrosmart-v1,simulado,sim-2026-05
eff13eb9-e369-5664-928b-8b00fe071b51,BV-03_20260520_0033.jpg,2026-05-20 09:52:11,BV-03,smartphone,saudavel,saudavel,0.7186,agrosmart-v1,simulado,sim-2026-05
93488a6e-f6b1-5121-8ebe-8af3cc7d1ad5,SC-02_20260520_0026.jpg,2026-05-20 09:52:49,SC-02,smartphone,saudavel,saudavel,0.9647,agrosmart-v1,simulado,sim-2026-05
69109c14-0436-5e90-8570-4fbf0613c98b,SC-02_20260520_0027.jpg,2026-05-20 09:53:24,SC-02,smartphone,saudavel,saudavel,0.9889,agrosmart-v1,simulado,sim-2026-05
1c2b4263-dbdb-59c2-bf20-bfac6de010fd,SC-02_20260520_0028.jpg,2026-05-20 09:53:49,SC-02,smartphone,saudavel,saudavel,0.9878,agrosmart-v1,simulado,sim-2026-05
45a31fdb-47a7-52aa-9341-909e9c12d14e,SC-02_20260520_0029.jpg,2026-05-20 09:54:34,SC-02,smartphone,saudavel,saudavel,0.9984,agrosmart-v1,simulado,sim-2026-05
b9426e3e-56cf-555d-9441-b3467a771132,SC-02_20260520_0030.jpg,2026-05-20 09:55:23,SC-02,smartphone,saudavel,saudavel,0.9999,agrosmart-v1,simulado,sim-2026-05
c2df30b9-5527-5900-b113-e9ab0e75ada8,BV-01_20260522_0001.jpg,2026-05-22 07:03:05,BV-01,smartphone,saudavel,saudavel,0.9904,agrosmart-v1,simulado,sim-2026-05
f0140f2d-d981-5553-b442-b493c1d8b207,BV-01_20260522_0002.jpg,2026-05-22 07:03:31,BV-01,smartphone,doente,requeima,0.8599,agrosmart-v1,simulado,sim-2026-05
e2b15f28-4c51-5b78-9839-e33eec1ebc1c,BV-01_20260522_0003.jpg,2026-05-22 07:04:07,BV-01,smartphone,saudavel,saudavel,0.9022,agrosmart-v1,simulado,sim-2026-05
680d81a9-9d25-5ebe-ba35-fbda3f7a19b4,BV-01_20260522_0004.jpg,2026-05-22 07:04:52,BV-01,smartphone,saudavel,saudavel,0.9989,agrosmart-v1,simulado,sim-2026-05
4ddd5c76-c567-5a74-96ec-f95088c29e39,BV-01_20260522_0005.jpg,2026-05-22 07:05:36,BV-01,smartphone,saudavel,saudavel,0.8510,agrosmart-v1,simulado,sim-2026-05
db8ef593-e633-5c52-9736-a6d012b87a56,BV-01_20260522_0006.jpg,2026-05-22 07:06:21,BV-01,smartphone,saudavel,saudavel,0.9243,agrosmart-v1,simulado,sim-2026-05
64071972-6a36-550b-8a8b-21d822451db6,BV-01_20260522_0007.jpg,2026-05-22 07:06:48,BV-01,smartphone,saudavel,saudavel,0.8689,agrosmart-v1,simulado,sim-2026-05
bd67b634-ed7d-5755-82b9-72e142ef8846,BV-01_20260522_0008.jpg,2026-05-22 07:07:29,BV-01,smartphone,saudavel,saudavel,0.9627,agrosmart-v1,simulado,sim-2026-05
8db594ac-f45b-5541-bb82-a64019dfbdbb,BV-01_20260522_0009.jpg,2026-05-22 07:08:22,BV-01,smartphone,saudavel,saudavel,0.9937,agrosmart-v1,simulado,sim-2026-05
79499381-f336-51fe-a36d-aff863613ede,BV-01_20260522_0010.jpg,2026-05-22 07:08:41,BV-01,smartphone,doente,requeima,0.9999,agrosmart-v1,simulado,sim-2026-05
84a5325b-2423-5957-8b3a-1e284eda287e,BV-01_20260522_0011.jpg,2026-05-22 07:09:29,BV-01,smartphone,saudavel,saudavel,0.9079,agrosmart-v1,simulado,sim-2026-05
7d3deadb-8a87-57b6-ac4c-d07e483b6960,BV-01_20260522_0012.jpg,2026-05-22 07:10:07,BV-01,smartphone,saudavel,saudavel,1.0000,agrosmart-v1,simulado,sim-2026-05
42a7c2c3-8866-59a4-8404-51fedac6a793,BV-01_20260522_0013.jpg,2026-05-22 07:10:53,BV-01,smartphone,saudavel,saudavel,0.8850,agrosmart-v1,simulado,sim-2026-05
32120561-296a-597a-85ce-da21c00c139d,BV-01_20260522_0014.jpg,2026-05-22 07:11:34,BV-01,smartphone,saudavel,saudavel,0.9998,agrosmart-v1,simulado,sim-2026-05
65eadbda-0dbd-5a96-b74b-cbc29dc00833,BV-01_20260522_0015.jpg,2026-05-22 07:12:24,BV-01,smartphone,doente,pinta_preta,0.9994,agrosmart-v1,simulado,sim-2026-05
0d2b8c7a-4e42-5c29-9697-7cddb9e8c66f,BV-01_20260522_0016.jpg,2026-05-22 07:12:42,BV-01,smartphone,saudavel,saudavel,0.9941,agrosmart-v1,simulado,sim-2026-05
f6da1e39-3590-5e36-8dce-f3a0f89d4131,BV-01_20260522_0017.jpg,2026-05-22 07:13:28,BV-01,smartphone,saudavel,saudavel,0.8765,agrosmart-v1,simulado,sim-2026-05
ab9a36a7-5cda-51af-b18b-24cba0d1e275,BV-01_20260522_0018.jpg,2026-05-22 07:14:24,BV-01,smartphone,saudavel,saudavel,0.9733,agrosmart-v1,simulado,sim-2026-05
450767df-bb30-5b4c-84d9-89a2a80b90b7,BV-01_20260522_0019.jpg,2026-05-22 07:14:47,BV-01,smartphone,saudavel,saudavel,0.9998,agrosmart-v1,simulado,sim-2026-05
bb4ea2d9-5828-54c1-813b-8969742d0154,BV-01_20260522_0020.jpg,2026-05-22 07:15:44,BV-01,smartphone,saudavel,saudavel,0.9202,agrosmart-v1,simulado,sim-2026-05
5512de52-b005-5d73-a5c5-0d31d7e261cc,BV-01_20260522_0021.jpg,2026-05-22 07:16:12,BV-01,smartphone,saudavel,saudavel,0.9825,agrosmart-v1,simulado,sim-2026-05
d8f4007c-a598-5734-8c1c-ca8967cbf50d,BV-01_20260522_0022.jpg,2026-05-22 07:17:00,BV-01,smartphone,saudavel,saudavel,0.9002,agrosmart-v1,simulado,sim-2026-05
cf7ce5f9-9e88-50e9-91b1-ae5bf545b179,BV-01_20260522_0023.jpg,2026-05-22 07:17:23,BV-01,smartphone,saudavel,saudavel,0.9266,agrosmart-v1,simulado,sim-2026-05
8948c685-4f90-518d-b894-a8557ee4f7f9,BV-01_20260522_0024.jpg,2026-05-22 07:18:28,BV-01,smartphone,saudavel,saudavel,0.9200,agrosmart-v1,simulado,sim-2026-05
96f94939-75d7-5dfe-95db-a7fadca17acb,BV-01_20260522_0025.jpg,2026-05-22 07:18:47,BV-01,smartphone,saudavel,saudavel,0.9810,agrosmart-v1,simulado,sim-2026-05
d323ed52-dd6a-51d8-9151-c27670432f47,TI-02_20260522_0001.jpg,2026-05-22 07:27:43,TI-02,drone,saudavel,saudavel,0.9152,agrosmart-v1,simulado,sim-2026-05
b4bafe25-75e8-5428-907f-3de4b345b6c2,TI-02_20260522_0002.jpg,2026-05-22 07:28:24,TI-02,drone,saudavel,saudavel,0.9937,agrosmart-v1,simulado,sim-2026-05
90db3a5e-63c7-53f9-aa27-d883a423a77a,TI-02_20260522_0003.jpg,2026-05-22 07:29:23,TI-02,drone,saudavel,saudavel,0.9017,agrosmart-v1,simulado,sim-2026-05
0da188de-7946-5c8a-8b27-d1b393fcc8fc,TI-02_20260522_0004.jpg,2026-05-22 07:30:07,TI-02,drone,saudavel,saudavel,0.9387,agrosmart-v1,simulado,sim-2026-05
627d0853-d88f-5f72-a7d8-5f68d19d9af3,TI-02_20260522_0005.jpg,2026-05-22 07:30:42,TI-02,drone,doente,pinta_preta,0.9390,agrosmart-v1,simulado,sim-2026-05
5f499eb9-7b15-5cf4-8374-cefac2735093,TI-02_20260522_0006.jpg,2026-05-22 07:31:30,TI-02,drone,saudavel,saudavel,0.9627,agrosmart-v1,simulado,sim-2026-05
2537ea2f-e9ea-5022-95fd-41773f997d5e,TI-02_20260522_0007.jpg,2026-05-22 07:32:10,TI-02,drone,saudavel,saudavel,0.9001,agrosmart-v1,simulado,sim-2026-05
44839b28-c442-580b-bd7e-bff938682254,TI-02_20260522_0008.jpg,2026-05-22 07:32:21,TI-02,drone,saudavel,saudavel,0.9327,agrosmart-v1,simulado,sim-2026-05
3d91a9f6-e552-53ab-a309-d80a4edb5a4b,TI-02_20260522_0009.jpg,2026-05-22 07:33:00,TI-02,drone,saudavel,saudavel,0.8441,agrosmart-v1,simulado,sim-2026-05
2805ad01-c6ac-519f-a6c8-a66b206c99b5,TI-02_20260522_0010.jpg,2026-05-22 07:33:42,TI-02,drone,saudavel,saudavel,0.9982,agrosmart-v1,simulado,sim-2026-05
b7c36375-9b12-53f9-ada6-5d3106f231dc,TI-02_20260522_0011.jpg,2026-05-22 07:34:38,TI-02,drone,saudavel,saudavel,0.9133,agrosmart-v1,simulado,sim-2026-05
84c71c62-d20e-57c9-8586-2e2bd8af2352,TI-02_20260522_0012.jpg,2026-05-22 07:35:11,TI-02,drone,saudavel,saudavel,0.9578,agrosmart-v1,simulado,sim-2026-05
71f5b1ea-6bfd-5cf7-aaa5-07b26200c8c2,TI-02_20260522_0013.jpg,2026-05-22 07:35:57,TI-02,drone,saudavel,saudavel,0.9761,agrosmart-v1,simulado,sim-2026-05
6290f713-2b89-5d28-be0e-33bac9161b49,SC-01_20260522_0001.jpg,2026-05-22 07:36:07,SC-01,smartphone,saudavel,saudavel,0.9926,agrosmart-v1,simulado,sim-2026-05
a6f7032c-c4e8-5668-8bc4-bd470bfbfb32,SC-01_20260522_0002.jpg,2026-05-22 07:36:25,SC-01,smartphone,saudavel,saudavel,0.9986,agrosmart-v1,simulado,sim-2026-05
ef7670d8-9429-5f86-ad9d-6e10c4cafd49,TI-02_20260522_0014.jpg,2026-05-22 07:36:38,TI-02,drone,saudavel,saudavel,0.9849,agrosmart-v1,simulado,sim-2026-05
66bf6526-6c90-5da0-90e6-8f1711afbb1b,SC-01_20260522_0003.jpg,2026-05-22 07:37:06,SC-01,smartphone,saudavel,saudavel,0.9127,agrosmart-v1,simulado,sim-2026-05
efe438ac-57f3-5eb0-b510-e5283957bbb9,TI-02_20260522_0015.jpg,2026-05-22 07:37:21,TI-02,drone,saudavel,saudavel,0.8501,agrosmart-v1,simulado,sim-2026-05
8a1da269-71fc-518b-9d41-580a8f4755dc,TI-02_20260522_0016.jpg,2026-05-22 07:37:43,TI-02,drone,saudavel,saudavel,0.9999,agrosmart-v1,simulado,sim-2026-05
ccada2e7-4b73-54ad-b20f-00dc325ddf92,SC-01_20260522_0004.jpg,2026-05-22 07:38:06,SC-01,smartphone,saudavel,saudavel,0.9895,agrosmart-v1,simulado,sim-2026-05
279c4ecd-ddc2-585a-bdc9-1e3c616ca37a,SC-01_20260522_0005.jpg,2026-05-22 07:38:22,SC-01,smartphone,doente,vaquinha,0.9977,agrosmart-v1,simulado,sim-2026-05
8d64d6d5-bc5b-52c9-9279-811804a02bd4,TI-02_20260522_0017.jpg,2026-05-22 07:38:40,TI-02,drone,saudavel,saudavel,0.9118,agrosmart-v1,simulado,sim-2026-05
39ec1bd9-ff1c-59ae-84f7-7ffcf3dde358,SC-01_20260522_0006.jpg,2026-05-22 07:39:08,SC-01,smartphone,saudavel,saudavel,0.9711,agrosmart-v1,simulado,sim-2026-05
5c584358-85f0-5864-beef-dd9e55341d35,TI-02_20260522_0018.jpg,2026-05-22 07:39:18,TI-02,drone,saudavel,saudavel,0.9588,agrosmart-v1,simulado,sim-2026-05
b6995611-8058-5b7a-b66f-c6eb3d74cccd,TI-02_20260522_0019.jpg,2026-05-22 07:39:49,TI-02,drone,saudavel,saudavel,0.9757,agrosmart-v1,simulado,sim-2026-05
07d7bf12-6c3e-5a35-8eb6-99afdb71d5b7,SC-01_20260522_0007.jpg,2026-05-22 07:39:57,SC-01,smartphone,saudavel,saudavel,0.9508,agrosmart-v1,simulado,sim-2026-05
78220ef4-8ab5-5acb-a97c-359c0938a6b6,SC-01_20260522_0008.jpg,2026-05-22 07:40:24,SC-01,smartphone,saudavel,saudavel,0.9773,agrosmart-v1,simulado,sim-2026-05
b7c21b8c-5d7e-5b89-bb3b-f2117d52399a,TI-02_20260522_0020.jpg,2026-05-22 07:40:29,TI-02,drone,saudavel,saudavel,0.9711,agrosmart-v1,simulado,sim-2026-05
8d5eeb58-9030-548f-b223-08e252d147bd,SC-01_20260522_0009.jpg,2026-05-22 07:41:03,SC-01,smartphone,saudavel,saudavel,0.9862,agrosmart-v1,simulado,sim-2026-05
5a62c946-cc5f-5728-9655-e9a40cf65119,TI-02_20260522_0021.jpg,2026-05-22 07:41:08,TI-02,drone,saudavel,saudavel,0.9979,agrosmart-v1,simulado,sim-2026-05
1dd013e1-04e3-548f-82ae-5f8180915c70,TI-02_20260522_0022.jpg,2026-05-22 07:41:52,TI-02,drone,saudavel,saudavel,0.8820,agrosmart-v1,simulado,sim-2026-05
971798c0-9bc8-5395-aa23-fc3c36b6964d,SC-01_20260522_0010.jpg,2026-05-22 07:41:54,SC-01,smartphone,saudavel,saudavel,0.9784,agrosmart-v1,simulado,sim-2026-05
6955da49-a6d9-59ee-a816-275d85d997b6,TI-02_20260522_0023.jpg,2026-05-22 07:42:29,TI-02,drone,saudavel,saudavel,0.9926,agrosmart-v1,simulado,sim-2026-05
79760306-2ca5-500c-9789-b5e91212b074,SC-01_20260522_0011.jpg,2026-05-22 07:42:36,SC-01,smartphone,saudavel,saudavel,0.9990,agrosmart-v1,simulado,sim-2026-05
c68756e6-aa5a-5da6-afbc-c2efc345838f,TI-02_20260522_0024.jpg,2026-05-22 07:43:00,TI-02,drone,saudavel,saudavel,0.9937,agrosmart-v1,simulado,sim-2026-05
fe42e41b-8886-5346-b593-7ecb0b9cc6cf,SC-01_20260522_0012.jpg,2026-05-22 07:43:18,SC-01,smartphone,saudavel,saudavel,0.9928,agrosmart-v1,simulado,sim-2026-05
9baf7562-d2ca-5740-8e92-c80bd2f2d726,TI-02_20260522_0025.jpg,2026-05-22 07:43:56,TI-02,drone,saudavel,saudavel,1.0000,agrosmart-v1,simulado,sim-2026-05
3e03787b-b3ac-5ce0-a4e0-d869eda13b13,SC-01_20260522_0013.jpg,2026-05-22 07:44:02,SC-01,smartphone,saudavel,saudavel,0.9224,agrosmart-v1,simulado,sim-2026-05
a1df77d0-8a71-5a94-9ac0-c765618da776,SC-01_20260522_0014.jpg,2026-05-22 07:44:32,SC-01,smartphone,saudavel,saudavel,0.8497,agrosmart-v1,simulado,sim-2026-05
b8320a41-2665-5cea-8d1d-47516dc1d510,TI-02_20260522_0026.jpg,2026-05-22 07:44:35,TI-02,drone,saudavel,saudavel,0.9951,agrosmart-v1,simulado,sim-2026-05
db3bf1cd-0070-5deb-a6dc-9430a2e920db,TI-02_20260522_0027.jpg,2026-05-22 07:45:26,TI-02,drone,saudavel,saudavel,0.9969,agrosmart-v1,simulado,sim-2026-05
7e1dca82-23f7-5299-8a93-ded2d9da5fcb,SC-01_20260522_0015.jpg,2026-05-22 07:45:28,SC-01,smartphone,saudavel,saudavel,0.8246,agrosmart-v1,simulado,sim-2026-05
58a3b15d-df01-5381-b767-0a749664ed2e,SC-01_20260522_0016.jpg,2026-05-22 07:45:57,SC-01,smartphone,saudavel,saudavel,0.9405,agrosmart-v1,simulado,sim-2026-05
01b446c4-be03-56fd-9b5c-145fa597c485,TI-02_20260522_0028.jpg,2026-05-22 07:46:10,TI-02,drone,saudavel,saudavel,0.9812,agrosmart-v1,simulado,sim-2026-05
e66419cc-2c28-5313-8872-ab1af9e5014f,TI-02_20260522_0029.jpg,2026-05-22 07:46:37,TI-02,drone,saudavel,saudavel,0.8452,agrosmart-v1,simulado,sim-2026-05
cd2a6e8b-b9d7-5873-a282-eef86900a385,SC-01_20260522_0017.jpg,2026-05-22 07:46:43,SC-01,smartphone,saudavel,saudavel,0.9206,agrosmart-v1,simulado,sim-2026-05
4a952a6d-27a3-542b-8cdd-745969de6b51,TI-02_20260522_0030.jpg,2026-05-22 07:47:05,TI-02,drone,saudavel,saudavel,0.9984,agrosmart-v1,simulado,sim-2026-05
7fcb8be5-e094-5d1f-a0b7-d7b7d418c252,SC-01_20260522_0018.jpg,2026-05-22 07:47:20,SC-01,smartphone,saudavel,saudavel,0.9964,agrosmart-v1,simulado,sim-2026-05
2b2e01ee-dc0d-5369-9293-01f415620fc0,SC-01_20260522_0019.jpg,2026-05-22 07:47:52,SC-01,smartphone,saudavel,saudavel,0.9137,agrosmart-v1,simulado,sim-2026-05
47ff281c-5b46-51c1-9697-2ae73960489f,TI-02_20260522_0031.jpg,2026-05-22 07:47:52,TI-02,drone,saudavel,saudavel,0.9357,agrosmart-v1,simulado,sim-2026-05
6e61c4e7-bc9b-5b2e-8470-9df2a8a33302,TI-02_20260522_0032.jpg,2026-05-22 07:48:39,TI-02,drone,saudavel,saudavel,0.9584,agrosmart-v1,simulado,sim-2026-05
465af023-8309-5b91-bc50-a7dcdb1b1eec,SC-01_20260522_0020.jpg,2026-05-22 07:48:43,SC-01,smartphone,saudavel,saudavel,0.9978,agrosmart-v1,simulado,sim-2026-05
c9274d79-1ac7-5f27-af1c-6d823209f8b7,TI-02_20260522_0033.jpg,2026-05-22 07:49:06,TI-02,drone,saudavel,saudavel,0.9904,agrosmart-v1,simulado,sim-2026-05
6bfddbbc-ddbc-5554-8e1b-f64c24b3b02c,SC-01_20260522_0021.jpg,2026-05-22 07:49:23,SC-01,smartphone,saudavel,saudavel,0.9875,agrosmart-v1,simulado,sim-2026-05
97ec130c-73a9-5de8-810f-03e734374ee8,SC-01_20260522_0022.jpg,2026-05-22 07:49:59,SC-01,smartphone,saudavel,saudavel,0.9601,agrosmart-v1,simulado,sim-2026-05
2bf91e3e-8a62-551b-8ea2-2259550a9947,TI-02_20260522_0034.jpg,2026-05-22 07:50:10,TI-02,drone,saudavel,saudavel,0.9774,agrosmart-v1,simulado,sim-2026-05
a28d0f27-d2f6-5293-9910-635658db8462,SC-01_20260522_0023.jpg,2026-05-22 07:50:25,SC-01,smartphone,saudavel,saudavel,0.9722,agrosmart-v1,simulado,sim-2026-05
831ece6c-bcac-5659-bf65-e5dcfc077a13,TI-02_20260522_0035.jpg,2026-05-22 07:50:41,TI-02,drone,saudavel,saudavel,0.8921,agrosmart-v1,simulado,sim-2026-05
6736ad1c-9362-5b38-b4db-3fe4dd0cd849,TI-02_20260522_0036.jpg,2026-05-22 07:51:27,TI-02,drone,saudavel,saudavel,0.9827,agrosmart-v1,simulado,sim-2026-05
1d3dc0d3-51b9-5040-b154-cf282cec8eee,SC-01_20260522_0024.jpg,2026-05-22 07:51:29,SC-01,smartphone,saudavel,saudavel,0.9966,agrosmart-v1,simulado,sim-2026-05
77143e8c-7e4b-5f44-9707-36d5962feb3e,TI-02_20260522_0037.jpg,2026-05-22 07:51:41,TI-02,drone,saudavel,saudavel,0.7524,agrosmart-v1,simulado,sim-2026-05
b8e94eee-6398-58eb-bb1a-8fc3f4140f40,SC-01_20260522_0025.jpg,2026-05-22 07:51:51,SC-01,smartphone,saudavel,saudavel,0.9576,agrosmart-v1,simulado,sim-2026-05
d43f3d54-17bc-5b05-8ff5-bfbadb6b61d4,SC-01_20260522_0026.jpg,2026-05-22 07:52:26,SC-01,smartphone,saudavel,saudavel,0.9426,agrosmart-v1,simulado,sim-2026-05
87cc15b4-5ef7-532b-89eb-96dc63ab9af4,TI-02_20260522_0038.jpg,2026-05-22 07:52:32,TI-02,drone,saudavel,saudavel,0.9999,agrosmart-v1,simulado,sim-2026-05
4132d6b8-2102-593c-89fa-b96d7dcee340,TI-02_20260522_0039.jpg,2026-05-22 07:53:02,TI-02,drone,saudavel,saudavel,0.9884,agrosmart-v1,simulado,sim-2026-05
25267e62-de84-53a1-ad48-4833b8a1c635,SC-01_20260522_0027.jpg,2026-05-22 07:53:28,SC-01,smartphone,saudavel,saudavel,0.9985,agrosmart-v1,simulado,sim-2026-05
4ac132c2-b2d5-5e21-9118-ae014b66a22f,SC-01_20260522_0028.jpg,2026-05-22 07:53:44,SC-01,smartphone,saudavel,saudavel,0.8441,agrosmart-v1,simulado,sim-2026-05
9d303452-f34e-57b0-abac-59d10bf8ad95,TI-02_20260522_0040.jpg,2026-05-22 07:54:10,TI-02,drone,saudavel,saudavel,0.9829,agrosmart-v1,simulado,sim-2026-05
e81a94c6-29ba-5b64-8b6c-547c17211d1a,SC-01_20260522_0029.jpg,2026-05-22 07:54:46,SC-01,smartphone,saudavel,saudavel,0.8963,agrosmart-v1,simulado,sim-2026-05
15249d40-eb6a-54b5-bb96-610f16ce7a40,TI-02_20260522_0041.jpg,2026-05-22 07:54:50,TI-02,drone,saudavel,saudavel,0.9539,agrosmart-v1,simulado,sim-2026-05
6f345f19-4f65-57b8-bcdd-dde0a51079ed,TI-02_20260522_0042.jpg,2026-05-22 07:55:13,TI-02,drone,saudavel,saudavel,0.9951,agrosmart-v1,simulado,sim-2026-05
d67f94f6-d8ea-5826-a7b4-30bcb3ec77cb,SC-01_20260522_0030.jpg,2026-05-22 07:55:19,SC-01,smartphone,saudavel,saudavel,0.9066,agrosmart-v1,simulado,sim-2026-05
a8e260b0-3ea7-59bd-8ceb-ce5f3f5eb229,SC-01_20260522_0031.jpg,2026-05-22 07:55:44,SC-01,smartphone,saudavel,saudavel,0.9936,agrosmart-v1,simulado,sim-2026-05
1f355936-024e-5158-8cbf-565401028bc1,TI-02_20260522_0043.jpg,2026-05-22 07:56:10,TI-02,drone,saudavel,saudavel,0.9581,agrosmart-v1,simulado,sim-2026-05
5c908ff5-09df-51e0-8db0-0d7fbf316d2c,SC-01_20260522_0032.jpg,2026-05-22 07:56:34,SC-01,smartphone,saudavel,saudavel,0.8493,agrosmart-v1,simulado,sim-2026-05
e7f2a93d-00db-52ff-a93e-5942713b8cd1,TI-02_20260522_0044.jpg,2026-05-22 07:56:47,TI-02,drone,saudavel,saudavel,0.9662,agrosmart-v1,simulado,sim-2026-05
fa7a8f8e-91d8-5892-9784-f971457c3d72,TI-02_20260522_0045.jpg,2026-05-22 07:57:19,TI-02,drone,saudavel,saudavel,0.9564,agrosmart-v1,simulado,sim-2026-05
4e996bd8-1ac9-54d0-a38a-5ebaf3befb2e,SC-01_20260522_0033.jpg,2026-05-22 07:57:27,SC-01,smartphone,saudavel,saudavel,0.9270,agrosmart-v1,simulado,sim-2026-05
65ee41e5-3b86-569a-b542-ba4e5915f683,TI-02_20260522_0046.jpg,2026-05-22 07:57:53,TI-02,drone,saudavel,saudavel,0.9682,agrosmart-v1,simulado,sim-2026-05
164457d0-1842-59df-9329-cca7d2f2ed1e,SC-01_20260522_0034.jpg,2026-05-22 07:58:00,SC-01,smartphone,saudavel,saudavel,0.9777,agrosmart-v1,simulado,sim-2026-05
c828cfa4-8844-59ab-98f1-567114d9502b,SC-01_20260522_0035.jpg,2026-05-22 07:58:25,SC-01,smartphone,saudavel,saudavel,0.8803,agrosmart-v1,simulado,sim-2026-05
a59bf74e-3ba7-5930-b5f8-4d0010260765,TI-02_20260522_0047.jpg,2026-05-22 07:58:30,TI-02,drone,saudavel,saudavel,0.9799,agrosmart-v1,simulado,sim-2026-05
4058d220-4ba3-56cc-bbe4-fbfd1a191f8b,SC-01_20260522_0036.jpg,2026-05-22 07:59:13,SC-01,smartphone,saudavel,saudavel,0.9959,agrosmart-v1,simulado,sim-2026-05
08209492-c994-53c1-b456-0ce746f83147,SC-01_20260522_0037.jpg,2026-05-22 07:59:50,SC-01,smartphone,saudavel,saudavel,0.9915,agrosmart-v1,simulado,sim-2026-05
5a790f9f-679e-5153-8e85-c5950c74a5f9,SC-01_20260522_0038.jpg,2026-05-22 08:00:39,SC-01,smartphone,saudavel,saudavel,0.9172,agrosmart-v1,simulado,sim-2026-05
97a72f10-012d-5c13-9e3d-83d4014eb1a3,SC-01_20260522_0039.jpg,2026-05-22 08:01:04,SC-01,smartphone,saudavel,saudavel,0.9036,agrosmart-v1,simulado,sim-2026-05
6424a994-418a-5bb6-96de-bde6f8933758,SC-01_20260522_0040.jpg,2026-05-22 08:01:50,SC-01,smartphone,saudavel,saudavel,0.9478,agrosmart-v1,simulado,sim-2026-05
655f41d8-11e5-5c18-ab6c-3effec29ccc9,SC-01_20260522_0041.jpg,2026-05-22 08:02:20,SC-01,smartphone,saudavel,saudavel,0.9255,agrosmart-v1,simulado,sim-2026-05
fb48a9fe-6243-5b6e-ba1c-c2fc36c2d0f8,SC-01_20260522_0042.jpg,2026-05-22 08:03:30,SC-01,smartphone,saudavel,saudavel,0.8969,agrosmart-v1,simulado,sim-2026-05
7efe0cf5-61ae-5adf-b33b-3594fb0c7c70,SC-03_20260522_0001.jpg,2026-05-22 08:16:03,SC-03,smartphone,saudavel,saudavel,0.8587,agrosmart-v1,simulado,sim-2026-05
48554740-8570-57f8-8b1f-66b1deedafc8,SC-03_20260522_0002.jpg,2026-05-22 08:16:28,SC-03,smartphone,saudavel,saudavel,0.9498,agrosmart-v1,simulado,sim-2026-05
d7853533-4148-5249-84e1-0ddfb935391b,SC-03_20260522_0003.jpg,2026-05-22 08:17:06,SC-03,smartphone,saudavel,saudavel,0.8826,agrosmart-v1,simulado,sim-2026-05
6768cc3f-d210-5b26-8584-b09929f3e2c1,SC-03_20260522_0004.jpg,2026-05-22 08:17:40,SC-03,smartphone,saudavel,saudavel,0.9784,agrosmart-v1,simulado,sim-2026-05
803be545-f23b-5999-8024-5f300951b232,SC-03_20260522_0005.jpg,2026-05-22 08:18:36,SC-03,smartphone,saudavel,saudavel,0.9967,agrosmart-v1,simulado,sim-2026-05
c21fb756-8dca-5169-88dd-1773430c509b,SC-03_20260522_0006.jpg,2026-05-22 08:19:05,SC-03,smartphone,saudavel,saudavel,0.9596,agrosmart-v1,simulado,sim-2026-05
a94c4c26-c87f-5018-9a84-684d24890e53,SC-03_20260522_0007.jpg,2026-05-22 08:19:45,SC-03,smartphone,saudavel,saudavel,0.9991,agrosmart-v1,simulado,sim-2026-05
c17a510a-6bad-53ec-9b91-a97e2536c63e,SC-03_20260522_0008.jpg,2026-05-22 08:20:29,SC-03,smartphone,saudavel,saudavel,0.8999,agrosmart-v1,simulado,sim-2026-05
5571df8c-ef1d-50ca-99b7-17c93c66952f,SC-03_20260522_0009.jpg,2026-05-22 08:21:17,SC-03,smartphone,saudavel,saudavel,0.8807,agrosmart-v1,simulado,sim-2026-05
e42c3df6-e0ac-511d-afc1-d84e5648769d,SC-03_20260522_0010.jpg,2026-05-22 08:21:56,SC-03,smartphone,saudavel,saudavel,0.9461,agrosmart-v1,simulado,sim-2026-05
3098db30-5d1d-5384-b262-2a9e87f7a3b7,SC-03_20260522_0011.jpg,2026-05-22 08:22:33,SC-03,smartphone,saudavel,saudavel,0.8431,agrosmart-v1,simulado,sim-2026-05
754b63fb-a0f3-52b1-bde6-dc5e56291cf2,SC-03_20260522_0012.jpg,2026-05-22 08:23:22,SC-03,smartphone,saudavel,saudavel,0.9417,agrosmart-v1,simulado,sim-2026-05
7b04bfd8-1069-5580-8c0b-96a94406f747,SC-03_20260522_0013.jpg,2026-05-22 08:23:52,SC-03,smartphone,saudavel,saudavel,0.8777,agrosmart-v1,simulado,sim-2026-05
38a908fe-9ff1-5ab3-97ed-feccd1655fe8,BV-03_20260522_0001.jpg,2026-05-22 08:24:06,BV-03,smartphone,doente,vaquinha,0.9039,agrosmart-v1,simulado,sim-2026-05
7daa41ca-f88b-576a-932c-53998e247cf2,BV-03_20260522_0002.jpg,2026-05-22 08:24:28,BV-03,smartphone,saudavel,saudavel,0.9053,agrosmart-v1,simulado,sim-2026-05
68a9c66e-0bfb-51d4-849f-a0965997dcb3,SC-03_20260522_0014.jpg,2026-05-22 08:24:39,SC-03,smartphone,saudavel,saudavel,0.7182,agrosmart-v1,simulado,sim-2026-05
32724109-5504-5e7d-9306-53348aedbe5d,BV-03_20260522_0003.jpg,2026-05-22 08:25:09,BV-03,smartphone,saudavel,saudavel,0.8562,agrosmart-v1,simulado,sim-2026-05
bdc537e9-80ca-5605-8201-e9e376817b68,SC-03_20260522_0015.jpg,2026-05-22 08:25:18,SC-03,smartphone,saudavel,saudavel,0.9209,agrosmart-v1,simulado,sim-2026-05
522cbd20-5542-54e2-98a1-709e9d5e51b6,SC-03_20260522_0016.jpg,2026-05-22 08:25:47,SC-03,smartphone,saudavel,saudavel,0.8218,agrosmart-v1,simulado,sim-2026-05
9f00d6f7-7a2c-5aba-a347-41f27f3f330c,BV-03_20260522_0004.jpg,2026-05-22 08:25:53,BV-03,smartphone,saudavel,saudavel,0.8693,agrosmart-v1,simulado,sim-2026-05
6dc078c3-7788-5aee-b06e-2ab19abf2ae7,SC-03_20260522_0017.jpg,2026-05-22 08:26:33,SC-03,smartphone,saudavel,saudavel,0.9392,agrosmart-v1,simulado,sim-2026-05
1347f66d-91d9-5660-ad2b-97ea2de16625,BV-03_20260522_0005.jpg,2026-05-22 08:26:46,BV-03,smartphone,saudavel,saudavel,0.9979,agrosmart-v1,simulado,sim-2026-05
bc39540b-0f3e-5778-bef7-8490c1aa2f1e,SC-03_20260522_0018.jpg,2026-05-22 08:27:05,SC-03,smartphone,saudavel,saudavel,0.9989,agrosmart-v1,simulado,sim-2026-05
d02d14ed-159c-58ae-a31f-364339f93384,BV-03_20260522_0006.jpg,2026-05-22 08:27:07,BV-03,smartphone,doente,requeima,0.6548,agrosmart-v1,simulado,sim-2026-05
671e1869-743e-515e-a8bf-5319409b8f22,BV-03_20260522_0007.jpg,2026-05-22 08:28:00,BV-03,smartphone,saudavel,saudavel,0.8327,agrosmart-v1,simulado,sim-2026-05
272ba6ee-55b8-58cf-a5ce-ccf6277451c7,SC-03_20260522_0019.jpg,2026-05-22 08:28:09,SC-03,smartphone,saudavel,saudavel,0.9600,agrosmart-v1,simulado,sim-2026-05
0a0ba4b4-e90d-537d-ac01-b3fbf6a46a33,BV-03_20260522_0008.jpg,2026-05-22 08:28:47,BV-03,smartphone,saudavel,saudavel,0.9901,agrosmart-v1,simulado,sim-2026-05
ec9015c4-a48b-513d-9012-3b60a2072d3b,SC-03_20260522_0020.jpg,2026-05-22 08:28:50,SC-03,smartphone,saudavel,saudavel,0.6651,agrosmart-v1,simulado,sim-2026-05
d5e27016-2489-5d8e-8535-de69f087f6bc,SC-03_20260522_0021.jpg,2026-05-22 08:29:04,SC-03,smartphone,saudavel,saudavel,0.9768,agrosmart-v1,simulado,sim-2026-05
39bcfc2d-e5ba-5800-bff5-4cf9bcf692e5,BV-03_20260522_0009.jpg,2026-05-22 08:29:13,BV-03,smartphone,saudavel,saudavel,0.8203,agrosmart-v1,simulado,sim-2026-05
1bd27478-fbc0-59b8-91d0-887755b3c126,BV-03_20260522_0010.jpg,2026-05-22 08:29:45,BV-03,smartphone,saudavel,saudavel,0.8969,agrosmart-v1,simulado,sim-2026-05
7039f203-45c6-5bfb-9302-5c8769b44554,SC-03_20260522_0022.jpg,2026-05-22 08:29:45,SC-03,smartphone,saudavel,saudavel,0.9381,agrosmart-v1,simulado,sim-2026-05
aa720bcb-5116-56ca-9710-b6e6d2d5804d,BV-03_20260522_0011.jpg,2026-05-22 08:30:24,BV-03,smartphone,saudavel,saudavel,0.9196,agrosmart-v1,simulado,sim-2026-05
78f40b81-bb47-5583-97a8-85a9cefc4a4b,SC-03_20260522_0023.jpg,2026-05-22 08:30:31,SC-03,smartphone,saudavel,saudavel,0.8943,agrosmart-v1,simulado,sim-2026-05
870b9cbc-943b-5ee7-93dc-d183e24ef98b,BV-03_20260522_0012.jpg,2026-05-22 08:31:14,BV-03,smartphone,doente,requeima,0.9533,agrosmart-v1,simulado,sim-2026-05
c33da925-4799-5630-ae62-e346bdea50ee,SC-03_20260522_0024.jpg,2026-05-22 08:31:16,SC-03,smartphone,saudavel,saudavel,0.9675,agrosmart-v1,simulado,sim-2026-05
7e205699-947c-518a-95b5-4a37e399bbee,SC-03_20260522_0025.jpg,2026-05-22 08:31:54,SC-03,smartphone,saudavel,saudavel,0.8702,agrosmart-v1,simulado,sim-2026-05
9d366ed3-3e6a-54a2-8161-70f81fd0e122,BV-03_20260522_0013.jpg,2026-05-22 08:32:02,BV-03,smartphone,saudavel,saudavel,0.8427,agrosmart-v1,simulado,sim-2026-05
050fa23f-ba12-5546-8d0a-9dd415b7eb50,BV-03_20260522_0014.jpg,2026-05-22 08:32:45,BV-03,smartphone,saudavel,saudavel,0.9958,agrosmart-v1,simulado,sim-2026-05
ae680591-17b1-5f1a-bb51-4ce462e5e0a5,BV-03_20260522_0015.jpg,2026-05-22 08:33:02,BV-03,smartphone,doente,requeima,0.9305,agrosmart-v1,simulado,sim-2026-05
29f94794-dde2-5a88-a393-70e3a4c12e7d,BV-03_20260522_0016.jpg,2026-05-22 08:33:53,BV-03,smartphone,saudavel,saudavel,0.9648,agrosmart-v1,simulado,sim-2026-05
01676cad-32d2-519c-bc11-02e838cd296e,BV-03_20260522_0017.jpg,2026-05-22 08:34:28,BV-03,smartphone,saudavel,saudavel,0.9845,agrosmart-v1,simulado,sim-2026-05
92da4e79-a5ae-56ce-8092-27c4a665cf28,BV-03_20260522_0018.jpg,2026-05-22 08:35:02,BV-03,smartphone,saudavel,saudavel,0.9398,agrosmart-v1,simulado,sim-2026-05
994a69bb-6caa-5e3c-b237-c0dcfd51bd63,BV-03_20260522_0019.jpg,2026-05-22 08:35:51,BV-03,smartphone,saudavel,saudavel,0.6315,agrosmart-v1,simulado,sim-2026-05
15eff2ed-b9d9-55bb-aec0-e74cd6584395,BV-03_20260522_0020.jpg,2026-05-22 08:36:45,BV-03,smartphone,saudavel,saudavel,0.9549,agrosmart-v1,simulado,sim-2026-05
61f5f1f4-8164-5519-ae55-4001b5950f1a,BV-03_20260522_0021.jpg,2026-05-22 08:37:09,BV-03,smartphone,saudavel,saudavel,0.9972,agrosmart-v1,simulado,sim-2026-05
96dc59c8-a808-5a37-bee0-952649f7ada2,BV-03_20260522_0022.jpg,2026-05-22 08:37:48,BV-03,smartphone,saudavel,saudavel,0.9830,agrosmart-v1,simulado,sim-2026-05
667cfe96-c660-5a26-94c9-11dab33b1f52,BV-03_20260522_0023.jpg,2026-05-22 08:38:33,BV-03,smartphone,saudavel,saudavel,0.8977,agrosmart-v1,simulado,sim-2026-05
fb40906c-7901-577b-9b0d-15402d7d33a9,BV-03_20260522_0024.jpg,2026-05-22 08:39:30,BV-03,smartphone,saudavel,saudavel,0.9986,agrosmart-v1,simulado,sim-2026-05
4ba12ee9-9dd2-51a2-a462-908ffa2772b2,BV-03_20260522_0025.jpg,2026-05-22 08:39:53,BV-03,smartphone,saudavel,saudavel,0.9342,agrosmart-v1,simulado,sim-2026-05
2c287a86-2868-58b7-9c95-07eb32b0dba4,BV-03_20260522_0026.jpg,2026-05-22 08:40:25,BV-03,smartphone,saudavel,saudavel,0.9405,agrosmart-v1,simulado,sim-2026-05
4b04b7df-2aee-57f2-816c-be1a7da30efe,BV-03_20260522_0027.jpg,2026-05-22 08:41:12,BV-03,smartphone,doente,requeima,0.9862,agrosmart-v1,simulado,sim-2026-05
c5be7ba1-3e33-5988-b321-9bb13c624167,BV-03_20260522_0028.jpg,2026-05-22 08:42:06,BV-03,smartphone,saudavel,saudavel,0.9972,agrosmart-v1,simulado,sim-2026-05
954a164e-afad-5dad-8283-c4d155c9cf52,SC-02_20260522_0001.jpg,2026-05-22 09:07:59,SC-02,smartphone,saudavel,saudavel,0.9965,agrosmart-v1,simulado,sim-2026-05
f4688e09-8a83-5ae4-a84b-7ddd77b8971e,SC-02_20260522_0002.jpg,2026-05-22 09:08:43,SC-02,smartphone,saudavel,saudavel,0.9580,agrosmart-v1,simulado,sim-2026-05
18ed4c2f-452d-52e4-905a-e37b9aa09e4d,SC-02_20260522_0003.jpg,2026-05-22 09:09:30,SC-02,smartphone,saudavel,saudavel,0.9387,agrosmart-v1,simulado,sim-2026-05
434e6581-c770-5d15-a1e2-9540ab5b0f87,SC-02_20260522_0004.jpg,2026-05-22 09:09:53,SC-02,smartphone,saudavel,saudavel,0.9435,agrosmart-v1,simulado,sim-2026-05
258cf5ca-73c4-5446-9996-7f49463c4a30,SC-02_20260522_0005.jpg,2026-05-22 09:10:37,SC-02,smartphone,saudavel,saudavel,0.9874,agrosmart-v1,simulado,sim-2026-05
21b83741-eb41-5d23-b0a7-310d6a4fc8cc,SC-02_20260522_0006.jpg,2026-05-22 09:11:12,SC-02,smartphone,saudavel,saudavel,0.9591,agrosmart-v1,simulado,sim-2026-05
4a067d22-2732-58c0-8b7e-ec6366292632,SC-02_20260522_0007.jpg,2026-05-22 09:11:43,SC-02,smartphone,saudavel,saudavel,0.9937,agrosmart-v1,simulado,sim-2026-05
5d4a2fa6-2c8a-5460-a59e-d81673bee167,SC-02_20260522_0008.jpg,2026-05-22 09:12:24,SC-02,smartphone,saudavel,saudavel,0.8372,agrosmart-v1,simulado,sim-2026-05
aaabf96f-7204-58c6-b80d-308f2109e73b,SC-02_20260522_0009.jpg,2026-05-22 09:13:14,SC-02,smartphone,saudavel,saudavel,0.9708,agrosmart-v1,simulado,sim-2026-05
f874b359-661d-523c-8f6c-c3664d6884f4,SC-02_20260522_0010.jpg,2026-05-22 09:13:48,SC-02,smartphone,saudavel,saudavel,0.9302,agrosmart-v1,simulado,sim-2026-05
84fb08f4-63f1-5aa3-8d55-479f8dc73069,SC-02_20260522_0011.jpg,2026-05-22 09:14:43,SC-02,smartphone,saudavel,saudavel,0.8476,agrosmart-v1,simulado,sim-2026-05
9c01421c-245c-5b1d-bfb8-21e85cb15488,SC-02_20260522_0012.jpg,2026-05-22 09:15:10,SC-02,smartphone,saudavel,saudavel,0.8700,agrosmart-v1,simulado,sim-2026-05
e405e637-14b7-5847-a5c6-6e89e4f87a3b,SC-02_20260522_0013.jpg,2026-05-22 09:15:52,SC-02,smartphone,saudavel,saudavel,0.9710,agrosmart-v1,simulado,sim-2026-05
e88e4c1b-1f36-5007-a625-926d2d889e8c,SC-02_20260522_0014.jpg,2026-05-22 09:16:50,SC-02,smartphone,saudavel,saudavel,0.9694,agrosmart-v1,simulado,sim-2026-05
c10da707-5996-568a-940c-4ddfce875bb9,SC-02_20260522_0015.jpg,2026-05-22 09:17:15,SC-02,smartphone,saudavel,saudavel,0.9617,agrosmart-v1,simulado,sim-2026-05
6569fc87-54ba-54b9-a7bb-ee3634af670f,SC-02_20260522_0016.jpg,2026-05-22 09:18:02,SC-02,smartphone,saudavel,saudavel,0.9288,agrosmart-v1,simulado,sim-2026-05
2b581fd8-88db-55a1-a6a3-e4b207a25005,SC-02_20260522_0017.jpg,2026-05-22 09:18:28,SC-02,smartphone,saudavel,saudavel,0.9998,agrosmart-v1,simulado,sim-2026-05
4317120a-a71c-5ceb-8a93-f5d35250fe1f,SC-02_20260522_0018.jpg,2026-05-22 09:19:10,SC-02,smartphone,saudavel,saudavel,0.5262,agrosmart-v1,simulado,sim-2026-05
f5a9a28a-3a17-5993-9824-2c71bc1f6dcb,SC-02_20260522_0019.jpg,2026-05-22 09:19:54,SC-02,smartphone,saudavel,saudavel,0.9801,agrosmart-v1,simulado,sim-2026-05
b408889f-1231-5dc7-ae6d-0f28fc3cdb27,SC-04_20260522_0001.jpg,2026-05-22 09:20:04,SC-04,smartphone,saudavel,saudavel,0.9998,agrosmart-v1,simulado,sim-2026-05
7096df35-1640-5875-90f1-1a8387570c8c,SC-02_20260522_0020.jpg,2026-05-22 09:20:21,SC-02,smartphone,saudavel,saudavel,0.9683,agrosmart-v1,simulado,sim-2026-05
41a61c79-b025-50a6-bba3-e77c707eada0,SC-04_20260522_0002.jpg,2026-05-22 09:20:29,SC-04,smartphone,saudavel,saudavel,0.8898,agrosmart-v1,simulado,sim-2026-05
3a54c64b-4cfc-514b-8098-fd6e08e82b0d,SC-02_20260522_0021.jpg,2026-05-22 09:21:16,SC-02,smartphone,saudavel,saudavel,0.9908,agrosmart-v1,simulado,sim-2026-05
ee730ca3-ec2c-5e40-a026-d563aeb5ee1e,SC-04_20260522_0003.jpg,2026-05-22 09:21:28,SC-04,smartphone,saudavel,saudavel,0.9803,agrosmart-v1,simulado,sim-2026-05
932313cd-5c14-5a1e-99bf-c9f4a407c0d1,SC-02_20260522_0022.jpg,2026-05-22 09:21:43,SC-02,smartphone,saudavel,saudavel,0.9658,agrosmart-v1,simulado,sim-2026-05
2d1f2ced-b91e-59bf-b2fd-ee5eb06357f8,SC-04_20260522_0004.jpg,2026-05-22 09:21:51,SC-04,smartphone,saudavel,saudavel,0.7533,agrosmart-v1,simulado,sim-2026-05
a466026f-d252-5501-a78e-157af60aec3a,BV-04_20260522_0001.jpg,2026-05-22 09:22:07,BV-04,smartphone,saudavel,saudavel,0.9407,agrosmart-v1,simulado,sim-2026-05
5d0d3f93-14a6-5661-ab17-ac6e77e3d988,BV-04_20260522_0002.jpg,2026-05-22 09:22:37,BV-04,smartphone,saudavel,saudavel,0.9724,agrosmart-v1,simulado,sim-2026-05
90ed51e6-3883-54ee-b58f-95773163260b,SC-02_20260522_0023.jpg,2026-05-22 09:22:44,SC-02,smartphone,saudavel,saudavel,0.9779,agrosmart-v1,simulado,sim-2026-05
34464347-c506-5ee8-bb9f-417b22da7f9a,SC-04_20260522_0005.jpg,2026-05-22 09:22:49,SC-04,smartphone,saudavel,saudavel,0.9769,agrosmart-v1,simulado,sim-2026-05
8717ad79-572e-571f-ab65-781de40fbaa8,SC-02_20260522_0024.jpg,2026-05-22 09:23:05,SC-02,smartphone,saudavel,saudavel,0.8626,agrosmart-v1,simulado,sim-2026-05
68e6ffa8-0e3b-5f57-8dbf-a4b01122d111,BV-04_20260522_0003.jpg,2026-05-22 09:23:14,BV-04,smartphone,saudavel,saudavel,0.9975,agrosmart-v1,simulado,sim-2026-05
05cefebc-f9cc-551c-bac5-9158f48f893b,SC-04_20260522_0006.jpg,2026-05-22 09:23:17,SC-04,smartphone,saudavel,saudavel,0.9717,agrosmart-v1,simulado,sim-2026-05
dbb79590-4502-5b67-a18f-d2243dba30bf,BV-04_20260522_0004.jpg,2026-05-22 09:23:47,BV-04,smartphone,saudavel,saudavel,0.9888,agrosmart-v1,simulado,sim-2026-05
e9f63b67-576f-55ca-a8ff-d4b5bcebbddc,SC-02_20260522_0025.jpg,2026-05-22 09:23:48,SC-02,smartphone,saudavel,saudavel,0.9852,agrosmart-v1,simulado,sim-2026-05
d111389b-5bb1-5e27-9b10-c38162fccff9,SC-04_20260522_0007.jpg,2026-05-22 09:23:57,SC-04,smartphone,saudavel,saudavel,0.8341,agrosmart-v1,simulado,sim-2026-05
5dd29561-895f-5962-b272-1f12f327e378,SC-04_20260522_0008.jpg,2026-05-22 09:24:37,SC-04,smartphone,saudavel,saudavel,0.8878,agrosmart-v1,simulado,sim-2026-05
40c7d51f-7086-5d08-96b6-b36e04b3a4c7,BV-04_20260522_0005.jpg,2026-05-22 09:24:43,BV-04,smartphone,saudavel,saudavel,0.8623,agrosmart-v1,simulado,sim-2026-05
a3267042-5aa5-553b-92e3-56215276bffd,SC-02_20260522_0026.jpg,2026-05-22 09:24:44,SC-02,smartphone,saudavel,saudavel,0.9975,agrosmart-v1,simulado,sim-2026-05
b197f33b-2f98-5060-81f2-1a571112f10e,BV-04_20260522_0006.jpg,2026-05-22 09:25:12,BV-04,smartphone,saudavel,saudavel,0.9964,agrosmart-v1,simulado,sim-2026-05
0ef38ae8-7886-5c55-8690-5de21249414d,SC-04_20260522_0009.jpg,2026-05-22 09:25:14,SC-04,smartphone,saudavel,saudavel,0.8606,agrosmart-v1,simulado,sim-2026-05
24182ab4-b0b7-5a3a-aeeb-edd6ace786b0,SC-02_20260522_0027.jpg,2026-05-22 09:25:21,SC-02,smartphone,saudavel,saudavel,0.9761,agrosmart-v1,simulado,sim-2026-05
20d73b30-c473-5ba3-aa06-15aa4a413b49,SC-02_20260522_0028.jpg,2026-05-22 09:25:43,SC-02,smartphone,saudavel,saudavel,0.9118,agrosmart-v1,simulado,sim-2026-05
94b9d085-3309-50b6-b636-93f7b64c17f0,SC-04_20260522_0010.jpg,2026-05-22 09:25:45,SC-04,smartphone,saudavel,saudavel,0.9714,agrosmart-v1,simulado,sim-2026-05
fe0dabdd-c595-560e-b812-311677167d9a,BV-04_20260522_0007.jpg,2026-05-22 09:25:58,BV-04,smartphone,saudavel,saudavel,0.8969,agrosmart-v1,simulado,sim-2026-05
066396f6-0201-56c1-8eb4-a5e2e6e18398,SC-04_20260522_0011.jpg,2026-05-22 09:26:25,SC-04,smartphone,saudavel,saudavel,1.0000,agrosmart-v1,simulado,sim-2026-05
71829eeb-b477-5b10-848c-47359a94c7bc,SC-02_20260522_0029.jpg,2026-05-22 09:26:33,SC-02,smartphone,saudavel,saudavel,0.9876,agrosmart-v1,simulado,sim-2026-05
0cece06f-0251-543c-979e-e79d34b1a806,BV-04_20260522_0008.jpg,2026-05-22 09:26:36,BV-04,smartphone,saudavel,saudavel,0.8869,agrosmart-v1,simulado,sim-2026-05
31e76675-abd4-512f-87f7-31c8cbbaa855,BV-04_20260522_0009.jpg,2026-05-22 09:27:04,BV-04,smartphone,saudavel,saudavel,0.8450,agrosmart-v1,simulado,sim-2026-05
39482046-1d7e-55c9-aef1-c737d91b4821,SC-02_20260522_0030.jpg,2026-05-22 09:27:24,SC-02,smartphone,saudavel,saudavel,0.9979,agrosmart-v1,simulado,sim-2026-05
e6f71978-ce26-535d-ae8f-8d8458600da3,SC-04_20260522_0012.jpg,2026-05-22 09:27:30,SC-04,smartphone,saudavel,saudavel,0.8438,agrosmart-v1,simulado,sim-2026-05
7fcffb0b-163b-5991-98f9-7373cce76c31,SC-02_20260522_0031.jpg,2026-05-22 09:27:49,SC-02,smartphone,saudavel,saudavel,0.9615,agrosmart-v1,simulado,sim-2026-05
f07c6977-3d08-5cd7-831e-b22bea007515,SC-04_20260522_0013.jpg,2026-05-22 09:28:03,SC-04,smartphone,saudavel,saudavel,0.9576,agrosmart-v1,simulado,sim-2026-05
552f8d78-4213-57c8-9020-65b0295d95da,BV-04_20260522_0010.jpg,2026-05-22 09:28:04,BV-04,smartphone,saudavel,saudavel,0.9465,agrosmart-v1,simulado,sim-2026-05
f0334123-1bae-52e2-8495-b14486d8bf0f,SC-04_20260522_0014.jpg,2026-05-22 09:28:31,SC-04,smartphone,saudavel,saudavel,0.9467,agrosmart-v1,simulado,sim-2026-05
ddab5e49-ccfe-5e03-9b9f-d7cb4c60b56f,SC-02_20260522_0032.jpg,2026-05-22 09:28:40,SC-02,smartphone,saudavel,saudavel,0.8585,agrosmart-v1,simulado,sim-2026-05
a1ffed09-3635-51d5-bd05-4526b9f24412,BV-04_20260522_0011.jpg,2026-05-22 09:28:46,BV-04,smartphone,saudavel,saudavel,0.9162,agrosmart-v1,simulado,sim-2026-05
0a530030-ad7f-5218-ab5c-4188a8138e8a,BV-04_20260522_0012.jpg,2026-05-22 09:29:02,BV-04,smartphone,saudavel,saudavel,0.6178,agrosmart-v1,simulado,sim-2026-05
a64e9ba3-590b-5fe3-b7a9-b7e56518206d,SC-04_20260522_0015.jpg,2026-05-22 09:29:09,SC-04,smartphone,saudavel,saudavel,0.8314,agrosmart-v1,simulado,sim-2026-05
099e76d9-0b61-57b1-bbce-5f5c9859b946,SC-02_20260522_0033.jpg,2026-05-22 09:29:26,SC-02,smartphone,saudavel,saudavel,0.8792,agrosmart-v1,simulado,sim-2026-05
0080ca5f-dc41-55e9-ae71-05b831733469,BV-04_20260522_0013.jpg,2026-05-22 09:30:05,BV-04,smartphone,saudavel,saudavel,0.9987,agrosmart-v1,simulado,sim-2026-05
05616f5b-4e85-53f9-84a7-759e31e8f692,SC-04_20260522_0016.jpg,2026-05-22 09:30:05,SC-04,smartphone,saudavel,saudavel,0.9959,agrosmart-v1,simulado,sim-2026-05
18c08d9c-b7f0-59f2-b042-30c4a62fca36,SC-04_20260522_0017.jpg,2026-05-22 09:30:22,SC-04,smartphone,saudavel,saudavel,0.9196,agrosmart-v1,simulado,sim-2026-05
b8ccc9d9-6747-5272-a88d-a790b35d7b4f,BV-04_20260522_0014.jpg,2026-05-22 09:30:49,BV-04,smartphone,saudavel,saudavel,0.9407,agrosmart-v1,simulado,sim-2026-05
7609d166-2cb1-5f45-a6fb-b41fee17f4f1,SC-04_20260522_0018.jpg,2026-05-22 09:31:05,SC-04,smartphone,saudavel,saudavel,0.9868,agrosmart-v1,simulado,sim-2026-05
497c1aa9-de66-5100-9824-7da6e7284853,BV-04_20260522_0015.jpg,2026-05-22 09:31:22,BV-04,smartphone,saudavel,saudavel,0.9999,agrosmart-v1,simulado,sim-2026-05
e73f011b-cd5c-5d7e-b1b9-b732f66f6cf2,BV-04_20260522_0016.jpg,2026-05-22 09:31:42,BV-04,smartphone,saudavel,saudavel,0.8518,agrosmart-v1,simulado,sim-2026-05
1a4be1b6-f2fb-5800-9f21-5a490cd1c5cd,SC-04_20260522_0019.jpg,2026-05-22 09:31:43,SC-04,smartphone,saudavel,saudavel,0.9980,agrosmart-v1,simulado,sim-2026-05
f3faabff-bd9f-5b3a-8202-f3a7963bdf57,SC-04_20260522_0020.jpg,2026-05-22 09:32:21,SC-04,smartphone,saudavel,saudavel,0.9943,agrosmart-v1,simulado,sim-2026-05
9a887246-ae03-5a51-9884-0b11c1b3c436,BV-04_20260522_0017.jpg,2026-05-22 09:32:24,BV-04,smartphone,saudavel,saudavel,0.9892,agrosmart-v1,simulado,sim-2026-05
5be95c88-289d-5663-87db-01d72d0f284d,BV-04_20260522_0018.jpg,2026-05-22 09:33:10,BV-04,smartphone,saudavel,saudavel,0.8370,agrosmart-v1,simulado,sim-2026-05
869de3aa-bc7b-5369-86f1-e45000164762,SC-04_20260522_0021.jpg,2026-05-22 09:33:18,SC-04,smartphone,saudavel,saudavel,0.9712,agrosmart-v1,simulado,sim-2026-05
d5498dd0-fdb6-5af4-894a-edcb8293415d,BV-04_20260522_0019.jpg,2026-05-22 09:33:55,BV-04,smartphone,saudavel,saudavel,1.0000,agrosmart-v1,simulado,sim-2026-05
0b52442e-73ac-5966-8fb3-8f979d4ea849,SC-04_20260522_0022.jpg,2026-05-22 09:34:03,SC-04,smartphone,saudavel,saudavel,0.9031,agrosmart-v1,simulado,sim-2026-05
426a17f1-c03c-553b-ac2a-29c67f66c2da,SC-04_20260522_0023.jpg,2026-05-22 09:34:37,SC-04,smartphone,saudavel,saudavel,0.9941,agrosmart-v1,simulado,sim-2026-05
71291e38-0ab8-527c-bf3d-123bfbdc8cd2,BV-04_20260522_0020.jpg,2026-05-22 09:34:45,BV-04,smartphone,saudavel,saudavel,0.9346,agrosmart-v1,simulado,sim-2026-05
f9d10e5a-b64e-5b98-9b6c-6ad7fee0ad9c,SC-04_20260522_0024.jpg,2026-05-22 09:35:01,SC-04,smartphone,doente,vaquinha,0.9991,agrosmart-v1,simulado,sim-2026-05
1f064d8f-ec69-5783-8acc-c418734e4100,BV-04_20260522_0021.jpg,2026-05-22 09:35:29,BV-04,smartphone,saudavel,saudavel,0.8678,agrosmart-v1,simulado,sim-2026-05
20980cda-5812-57f6-acec-5704c2898832,BV-04_20260522_0022.jpg,2026-05-22 09:35:46,BV-04,smartphone,saudavel,saudavel,0.9696,agrosmart-v1,simulado,sim-2026-05
6fb7fe8f-68d6-5135-8546-2956fb1fa0cf,SC-04_20260522_0025.jpg,2026-05-22 09:36:05,SC-04,smartphone,saudavel,saudavel,0.9370,agrosmart-v1,simulado,sim-2026-05
a06813c1-fa5c-59b1-a341-beac43810bc2,SC-04_20260522_0026.jpg,2026-05-22 09:36:26,SC-04,smartphone,saudavel,saudavel,0.9770,agrosmart-v1,simulado,sim-2026-05
7a069bd6-f227-5613-a12f-b201192b6069,SC-04_20260522_0027.jpg,2026-05-22 09:37:09,SC-04,smartphone,saudavel,saudavel,0.6129,agrosmart-v1,simulado,sim-2026-05
1afabb47-1087-5a81-ad95-e4e6768bd314,TI-04_20260522_0001.jpg,2026-05-22 09:37:49,TI-04,drone,saudavel,saudavel,0.9202,agrosmart-v1,simulado,sim-2026-05
fcae746d-6357-5312-b281-8feb1857051a,SC-04_20260522_0028.jpg,2026-05-22 09:37:56,SC-04,smartphone,saudavel,saudavel,0.9853,agrosmart-v1,simulado,sim-2026-05
6c453e2b-8a75-5a2a-846d-716db6742572,TI-04_20260522_0002.jpg,2026-05-22 09:38:31,TI-04,drone,saudavel,saudavel,0.8636,agrosmart-v1,simulado,sim-2026-05
86b84329-1547-5abb-bdfa-3d3629457acb,SC-04_20260522_0029.jpg,2026-05-22 09:38:45,SC-04,smartphone,saudavel,saudavel,0.9973,agrosmart-v1,simulado,sim-2026-05
9cfe97e5-5c1f-58fa-b3ed-733a264a2c01,TI-04_20260522_0003.jpg,2026-05-22 09:39:07,TI-04,drone,saudavel,saudavel,0.9422,agrosmart-v1,simulado,sim-2026-05
a1c4c25e-8f81-5f25-918f-b1e00314d91f,TI-04_20260522_0004.jpg,2026-05-22 09:40:01,TI-04,drone,doente,pinta_preta,0.9594,agrosmart-v1,simulado,sim-2026-05
335ad463-56b5-5315-9101-7f140eef99b2,TI-04_20260522_0005.jpg,2026-05-22 09:40:44,TI-04,drone,saudavel,saudavel,0.8561,agrosmart-v1,simulado,sim-2026-05
88e076b6-9e10-5e25-a31e-2fe837c82fc0,TI-04_20260522_0006.jpg,2026-05-22 09:41:09,TI-04,drone,saudavel,saudavel,0.9002,agrosmart-v1,simulado,sim-2026-05
0224233b-f2ff-5032-96aa-c3f7e10455b2,TI-04_20260522_0007.jpg,2026-05-22 09:41:51,TI-04,drone,saudavel,saudavel,0.9957,agrosmart-v1,simulado,sim-2026-05
4cf80d8a-b3b1-5da0-87d3-85441b2b25c4,TI-04_20260522_0008.jpg,2026-05-22 09:42:21,TI-04,drone,saudavel,saudavel,0.8448,agrosmart-v1,simulado,sim-2026-05
9ea06ce5-220d-50c4-9525-e2df246adf57,TI-04_20260522_0009.jpg,2026-05-22 09:43:20,TI-04,drone,saudavel,saudavel,0.9531,agrosmart-v1,simulado,sim-2026-05
fc76c621-e035-5edb-bd5e-5a21ed58e9c4,TI-04_20260522_0010.jpg,2026-05-22 09:43:55,TI-04,drone,saudavel,saudavel,0.9961,agrosmart-v1,simulado,sim-2026-05
b0693c09-9b77-583c-8f7c-40681373dc9f,TI-04_20260522_0011.jpg,2026-05-22 09:44:21,TI-04,drone,saudavel,saudavel,0.9167,agrosmart-v1,simulado,sim-2026-05
52d149a3-f048-5400-909c-ac8dee181869,TI-04_20260522_0012.jpg,2026-05-22 09:45:23,TI-04,drone,saudavel,saudavel,0.9933,agrosmart-v1,simulado,sim-2026-05
eaaf6204-c531-5489-83ce-215559d0a46f,TI-04_20260522_0013.jpg,2026-05-22 09:45:49,TI-04,drone,saudavel,saudavel,1.0000,agrosmart-v1,simulado,sim-2026-05
ec6e755d-a664-5098-8bbf-eca6a4d0fcd4,TI-04_20260522_0014.jpg,2026-05-22 09:46:35,TI-04,drone,saudavel,saudavel,0.9723,agrosmart-v1,simulado,sim-2026-05
493166f6-917b-5e38-ba07-ecbc49da28b3,TI-04_20260522_0015.jpg,2026-05-22 09:47:03,TI-04,drone,saudavel,saudavel,0.8577,agrosmart-v1,simulado,sim-2026-05
f703865f-8fbf-5af7-85f5-7d439fdcb48e,TI-04_20260522_0016.jpg,2026-05-22 09:47:54,TI-04,drone,saudavel,saudavel,0.8272,agrosmart-v1,simulado,sim-2026-05
56fdda17-d292-5e23-a105-c6782ce80810,TI-04_20260522_0017.jpg,2026-05-22 09:48:23,TI-04,drone,saudavel,saudavel,0.9920,agrosmart-v1,simulado,sim-2026-05
427fb0f5-1a7c-5328-9f88-2936145afa89,TI-04_20260522_0018.jpg,2026-05-22 09:49:09,TI-04,drone,saudavel,saudavel,0.9076,agrosmart-v1,simulado,sim-2026-05
92a570a0-d2cd-5e10-8bf6-ceadee4b4c38,TI-04_20260522_0019.jpg,2026-05-22 09:50:05,TI-04,drone,saudavel,saudavel,0.9809,agrosmart-v1,simulado,sim-2026-05
f5b58ebf-490b-5fa3-ad75-3efbc82637eb,TI-04_20260522_0020.jpg,2026-05-22 09:50:45,TI-04,drone,saudavel,saudavel,0.9413,agrosmart-v1,simulado,sim-2026-05
dc3121a6-02c3-519f-a8c1-f65ec9f0f9a2,TI-04_20260522_0021.jpg,2026-05-22 09:51:19,TI-04,drone,saudavel,saudavel,0.9787,agrosmart-v1,simulado,sim-2026-05
7e6ccb49-87cd-57a3-85e7-6ce34daf173a,TI-04_20260522_0022.jpg,2026-05-22 09:51:56,TI-04,drone,saudavel,saudavel,0.9106,agrosmart-v1,simulado,sim-2026-05
4e18473c-daa3-5b3d-a5c3-1af4e781f634,TI-04_20260522_0023.jpg,2026-05-22 09:52:43,TI-04,drone,saudavel,saudavel,0.8685,agrosmart-v1,simulado,sim-2026-05
77a9adec-829b-58b5-9604-5a984f8e47bb,TI-04_20260522_0024.jpg,2026-05-22 09:53:02,TI-04,drone,saudavel,saudavel,0.9993,agrosmart-v1,simulado,sim-2026-05
76516d49-f06a-58ae-93fb-83b34e84ff26,TI-04_20260522_0025.jpg,2026-05-22 09:53:48,TI-04,drone,saudavel,saudavel,0.9439,agrosmart-v1,simulado,sim-2026-05
4af76018-4acd-574a-b1bc-37300ea344b0,TI-01_20260522_0001.jpg,2026-05-22 09:54:09,TI-01,drone,saudavel,saudavel,0.5856,agrosmart-v1,simulado,sim-2026-05
2e762b97-ee84-5ed4-9a7b-cef69ba9e7a7,TI-01_20260522_0002.jpg,2026-05-22 09:54:21,TI-01,drone,saudavel,saudavel,0.9716,agrosmart-v1,simulado,sim-2026-05
4a36d9c9-ccf9-5ead-b1f9-2ded850607f9,TI-04_20260522_0026.jpg,2026-05-22 09:54:38,TI-04,drone,saudavel,saudavel,0.9728,agrosmart-v1,simulado,sim-2026-05
d8684472-5ee7-5ae1-a3ac-f5a58f3491b4,TI-01_20260522_0003.jpg,2026-05-22 09:55:00,TI-01,drone,doente,pinta_preta,0.9293,agrosmart-v1,simulado,sim-2026-05
69b42886-c7ca-5db5-8a66-8c56a4329068,TI-04_20260522_0027.jpg,2026-05-22 09:55:20,TI-04,drone,saudavel,saudavel,0.9499,agrosmart-v1,simulado,sim-2026-05
61ccce2f-16ec-5d1d-8774-5ddc05c43e07,TI-04_20260522_0028.jpg,2026-05-22 09:55:42,TI-04,drone,saudavel,saudavel,0.9982,agrosmart-v1,simulado,sim-2026-05
e227427f-e9c8-5825-841a-bb4442bb7615,TI-01_20260522_0004.jpg,2026-05-22 09:56:09,TI-01,drone,saudavel,saudavel,0.7180,agrosmart-v1,simulado,sim-2026-05
e320171a-c1ea-5ab1-956a-e2ef388fcc2c,TI-04_20260522_0029.jpg,2026-05-22 09:56:36,TI-04,drone,saudavel,saudavel,0.9995,agrosmart-v1,simulado,sim-2026-05
df6574e9-2c9a-53d8-8144-c45f74838263,TI-01_20260522_0005.jpg,2026-05-22 09:56:50,TI-01,drone,saudavel,saudavel,0.7627,agrosmart-v1,simulado,sim-2026-05
a7f522ce-cacc-5208-bc5b-b2fc4214b546,TI-04_20260522_0030.jpg,2026-05-22 09:57:06,TI-04,drone,saudavel,saudavel,0.9118,agrosmart-v1,simulado,sim-2026-05
ee216d06-f28b-59bd-ab21-57d7dd913c50,TI-01_20260522_0006.jpg,2026-05-22 09:57:10,TI-01,drone,saudavel,saudavel,0.6886,agrosmart-v1,simulado,sim-2026-05
3a4367a3-af3e-53b6-92fd-cdf97562bdca,TI-04_20260522_0031.jpg,2026-05-22 09:57:55,TI-04,drone,saudavel,saudavel,0.9045,agrosmart-v1,simulado,sim-2026-05
c859c017-570a-52a6-9f57-d250db64121b,TI-01_20260522_0007.jpg,2026-05-22 09:58:03,TI-01,drone,saudavel,saudavel,0.9719,agrosmart-v1,simulado,sim-2026-05
94d7f90d-3f88-5b2e-9187-bff38cec3e23,TI-01_20260522_0008.jpg,2026-05-22 09:58:24,TI-01,drone,saudavel,saudavel,0.9686,agrosmart-v1,simulado,sim-2026-05
58c2d857-00ed-5494-81a7-368313edbf1c,TI-04_20260522_0032.jpg,2026-05-22 09:58:34,TI-04,drone,saudavel,saudavel,0.8865,agrosmart-v1,simulado,sim-2026-05
6c1abad0-845a-54bd-a07b-91996960c46d,TI-04_20260522_0033.jpg,2026-05-22 09:59:19,TI-04,drone,saudavel,saudavel,0.9289,agrosmart-v1,simulado,sim-2026-05
e8ca2329-f6d8-5ce7-9814-4939b5813f8d,TI-01_20260522_0009.jpg,2026-05-22 09:59:25,TI-01,drone,saudavel,saudavel,1.0000,agrosmart-v1,simulado,sim-2026-05
300d5367-d42c-5202-8d58-bdd115322d1d,TI-04_20260522_0034.jpg,2026-05-22 10:00:07,TI-04,drone,saudavel,saudavel,0.8416,agrosmart-v1,simulado,sim-2026-05
212f7038-f6e3-54b2-870d-0080e4fa1213,TI-01_20260522_0010.jpg,2026-05-22 10:00:09,TI-01,drone,saudavel,saudavel,0.9039,agrosmart-v1,simulado,sim-2026-05
369db811-f09d-5ec7-a50e-3a4a77f5a4cf,TI-01_20260522_0011.jpg,2026-05-22 10:00:46,TI-01,drone,saudavel,saudavel,0.9755,agrosmart-v1,simulado,sim-2026-05
231d2c30-15cc-527b-a742-6eadff0d88b1,TI-01_20260522_0012.jpg,2026-05-22 10:01:05,TI-01,drone,saudavel,saudavel,0.9557,agrosmart-v1,simulado,sim-2026-05
c0d20219-f57d-5db9-81bd-83c72eb7ab2c,TI-01_20260522_0013.jpg,2026-05-22 10:02:05,TI-01,drone,saudavel,saudavel,0.9856,agrosmart-v1,simulado,sim-2026-05
0602aad2-91f3-5ebf-a0d5-8c3a1e6a7d37,TI-01_20260522_0014.jpg,2026-05-22 10:02:37,TI-01,drone,saudavel,saudavel,0.9298,agrosmart-v1,simulado,sim-2026-05
f4326c91-e06a-5875-abb4-642b99b5a51a,TI-01_20260522_0015.jpg,2026-05-22 10:03:10,TI-01,drone,saudavel,saudavel,0.8600,agrosmart-v1,simulado,sim-2026-05
fc43cd9b-b475-5b1a-be1a-28e971bde08b,TI-01_20260522_0016.jpg,2026-05-22 10:03:53,TI-01,drone,saudavel,saudavel,0.9986,agrosmart-v1,simulado,sim-2026-05
5169a36a-39dc-5529-8092-11bb10da058d,TI-01_20260522_0017.jpg,2026-05-22 10:04:33,TI-01,drone,saudavel,saudavel,0.9748,agrosmart-v1,simulado,sim-2026-05
49bf0ba5-7c0a-5307-a9ea-0a4136eb68b5,TI-01_20260522_0018.jpg,2026-05-22 10:05:23,TI-01,drone,saudavel,saudavel,0.9718,agrosmart-v1,simulado,sim-2026-05
f506f183-b151-54e2-b635-61745947498e,TI-01_20260522_0019.jpg,2026-05-22 10:05:45,TI-01,drone,saudavel,saudavel,0.9212,agrosmart-v1,simulado,sim-2026-05
e7568a6a-84ad-5f63-90b2-6423fa907b1b,TI-01_20260522_0020.jpg,2026-05-22 10:06:48,TI-01,drone,saudavel,saudavel,0.9485,agrosmart-v1,simulado,sim-2026-05
241d5ac8-0fd7-5951-bba2-681979f04831,TI-01_20260522_0021.jpg,2026-05-22 10:07:17,TI-01,drone,saudavel,saudavel,0.9327,agrosmart-v1,simulado,sim-2026-05
f26685e5-3d1d-534a-8fd7-5eed7db72299,TI-01_20260522_0022.jpg,2026-05-22 10:08:07,TI-01,drone,saudavel,saudavel,0.9971,agrosmart-v1,simulado,sim-2026-05
5ebc48d9-66ba-56e1-bd1c-4702b7fb836c,TI-01_20260522_0023.jpg,2026-05-22 10:08:42,TI-01,drone,saudavel,saudavel,0.9968,agrosmart-v1,simulado,sim-2026-05
c16d3f81-b629-5ba0-8a44-7f7bcf7fb152,TI-01_20260522_0024.jpg,2026-05-22 10:09:28,TI-01,drone,saudavel,saudavel,1.0000,agrosmart-v1,simulado,sim-2026-05
5cb94606-660d-58b8-a6f6-ad418016af79,TI-01_20260522_0025.jpg,2026-05-22 10:09:45,TI-01,drone,saudavel,saudavel,0.9983,agrosmart-v1,simulado,sim-2026-05
77305d4b-2abc-526c-b9d5-41b1e4ae2810,TI-01_20260522_0026.jpg,2026-05-22 10:10:41,TI-01,drone,saudavel,saudavel,0.9997,agrosmart-v1,simulado,sim-2026-05
9cc69e48-0712-5679-85c5-9cb95c586148,TI-01_20260522_0027.jpg,2026-05-22 10:11:11,TI-01,drone,saudavel,saudavel,1.0000,agrosmart-v1,simulado,sim-2026-05
f2ab60e3-9950-5ca3-9f13-1271d247860b,TI-01_20260522_0028.jpg,2026-05-22 10:12:10,TI-01,drone,saudavel,saudavel,0.9140,agrosmart-v1,simulado,sim-2026-05
355d69b1-2770-58d4-bba7-145c751a1c8d,TI-01_20260522_0029.jpg,2026-05-22 10:12:20,TI-01,drone,saudavel,saudavel,0.9191,agrosmart-v1,simulado,sim-2026-05
d343c74f-6859-57fd-9edd-c3c8a88ce618,TI-01_20260522_0030.jpg,2026-05-22 10:13:17,TI-01,drone,saudavel,saudavel,0.9588,agrosmart-v1,simulado,sim-2026-05
efee6ede-db6a-54e0-bb29-30cb423153f7,TI-01_20260522_0031.jpg,2026-05-22 10:13:50,TI-01,drone,saudavel,saudavel,0.9744,agrosmart-v1,simulado,sim-2026-05
6f7ea1b3-5359-5120-a149-0dc8cd7315a9,TI-01_20260522_0032.jpg,2026-05-22 10:14:38,TI-01,drone,saudavel,saudavel,0.9646,agrosmart-v1,simulado,sim-2026-05
0bee5ec4-607a-5649-9dfe-4bd63acb1b38,TI-01_20260522_0033.jpg,2026-05-22 10:15:23,TI-01,drone,saudavel,saudavel,0.9998,agrosmart-v1,simulado,sim-2026-05
e336692f-c056-56cc-823f-aab59fdf7278,TI-01_20260522_0034.jpg,2026-05-22 10:15:52,TI-01,drone,saudavel,saudavel,0.9975,agrosmart-v1,simulado,sim-2026-05
c169e7ba-03e6-55e1-8bc9-3488d301e290,TI-01_20260522_0035.jpg,2026-05-22 10:16:23,TI-01,drone,saudavel,saudavel,0.9499,agrosmart-v1,simulado,sim-2026-05
6a65804c-13dc-5e00-adfa-2ac64d4bc706,TI-01_20260522_0036.jpg,2026-05-22 10:17:26,TI-01,drone,saudavel,saudavel,0.9513,agrosmart-v1,simulado,sim-2026-05
07b90e6a-2055-5b68-8590-41d34d0f10e2,TI-01_20260522_0037.jpg,2026-05-22 10:17:42,TI-01,drone,saudavel,saudavel,0.9939,agrosmart-v1,simulado,sim-2026-05
32252658-9a53-5dd5-92fe-6cd5e84bad4a,TI-01_20260522_0038.jpg,2026-05-22 10:18:32,TI-01,drone,saudavel,saudavel,0.9591,agrosmart-v1,simulado,sim-2026-05
97fda9df-9649-587e-ab84-9b9bbfec795f,TI-01_20260522_0039.jpg,2026-05-22 10:19:04,TI-01,drone,saudavel,saudavel,0.9899,agrosmart-v1,simulado,sim-2026-05
4a39984a-e14b-5822-8754-5381ae8e6f78,TI-01_20260522_0040.jpg,2026-05-22 10:19:47,TI-01,drone,saudavel,saudavel,0.9494,agrosmart-v1,simulado,sim-2026-05
e214542e-db76-5b07-b950-1bacc8102359,TI-01_20260522_0041.jpg,2026-05-22 10:20:29,TI-01,drone,saudavel,saudavel,0.9825,agrosmart-v1,simulado,sim-2026-05
20dbb127-cb7c-5a61-adb1-d95ebd271225,TI-01_20260522_0042.jpg,2026-05-22 10:21:14,TI-01,drone,saudavel,saudavel,0.8965,agrosmart-v1,simulado,sim-2026-05
c45b337e-d4a6-5f0b-91b3-750b9154f22a,TI-01_20260522_0043.jpg,2026-05-22 10:21:59,TI-01,drone,saudavel,saudavel,0.8467,agrosmart-v1,simulado,sim-2026-05
6032aca1-4a3c-5385-a897-31557b783bac,TI-01_20260522_0044.jpg,2026-05-22 10:22:22,TI-01,drone,saudavel,saudavel,0.8780,agrosmart-v1,simulado,sim-2026-05
d042eccb-95af-5bfa-9a11-51bb8392498d,TI-01_20260522_0045.jpg,2026-05-22 10:23:00,TI-01,drone,saudavel,saudavel,0.8384,agrosmart-v1,simulado,sim-2026-05
c6ad8eb4-0f47-5d6f-90ba-fcfa02b8efc2,TI-01_20260522_0046.jpg,2026-05-22 10:23:49,TI-01,drone,saudavel,saudavel,0.9991,agrosmart-v1,simulado,sim-2026-05
48659135-7835-585c-accb-8db354d3864e,TI-01_20260522_0047.jpg,2026-05-22 10:24:32,TI-01,drone,saudavel,saudavel,0.9880,agrosmart-v1,simulado,sim-2026-05
edafac3e-693a-596c-b90a-cd66cc77e676,TI-01_20260522_0048.jpg,2026-05-22 10:25:21,TI-01,drone,saudavel,saudavel,0.8549,agrosmart-v1,simulado,sim-2026-05
05822aac-27aa-5670-b65c-781d6b6ea131,TI-01_20260522_0049.jpg,2026-05-22 10:26:08,TI-01,drone,saudavel,saudavel,0.9990,agrosmart-v1,simulado,sim-2026-05
ef7fb229-fb94-5f4a-947d-c4a6016cd5c9,BV-04_20260525_0001.jpg,2026-05-25 07:14:49,BV-04,smartphone,saudavel,saudavel,0.9884,agrosmart-v1,simulado,sim-2026-05
de841bcf-7df3-51eb-a373-0e3af471089c,BV-04_20260525_0002.jpg,2026-05-25 07:15:32,BV-04,smartphone,saudavel,saudavel,0.5452,agrosmart-v1,simulado,sim-2026-05
42b61aeb-7f29-50ac-bde2-fab643c354f9,BV-04_20260525_0003.jpg,2026-05-25 07:16:17,BV-04,smartphone,saudavel,saudavel,0.8958,agrosmart-v1,simulado,sim-2026-05
a379da82-2977-56d3-a7e4-efdeecbcc9d3,BV-04_20260525_0004.jpg,2026-05-25 07:16:58,BV-04,smartphone,saudavel,saudavel,0.9897,agrosmart-v1,simulado,sim-2026-05
ef7f04c6-ca46-5f09-9c81-046deba39345,SC-01_20260525_0001.jpg,2026-05-25 07:17:08,SC-01,smartphone,saudavel,saudavel,0.9964,agrosmart-v1,simulado,sim-2026-05
a53ffe36-234f-5154-a3df-069050242cb8,BV-04_20260525_0005.jpg,2026-05-25 07:17:28,BV-04,smartphone,saudavel,saudavel,0.9441,agrosmart-v1,simulado,sim-2026-05
659d2972-b44a-5a2d-9203-0f1d0f8ec1f2,SC-01_20260525_0002.jpg,2026-05-25 07:17:29,SC-01,smartphone,saudavel,saudavel,0.8382,agrosmart-v1,simulado,sim-2026-05
1c9e774d-1df6-5520-83e3-366f42da36e8,SC-01_20260525_0003.jpg,2026-05-25 07:18:08,SC-01,smartphone,saudavel,saudavel,0.8960,agrosmart-v1,simulado,sim-2026-05
cda056a6-8c63-5ad7-96c7-8c15bc56562f,BV-04_20260525_0006.jpg,2026-05-25 07:18:12,BV-04,smartphone,saudavel,saudavel,0.8651,agrosmart-v1,simulado,sim-2026-05
a23301c7-4815-5feb-ae2c-50b58e213ff5,BV-04_20260525_0007.jpg,2026-05-25 07:18:41,BV-04,smartphone,saudavel,saudavel,0.5956,agrosmart-v1,simulado,sim-2026-05
9cb1493b-4ae2-5e54-9382-5516544189d3,SC-01_20260525_0004.jpg,2026-05-25 07:18:46,SC-01,smartphone,saudavel,saudavel,0.9890,agrosmart-v1,simulado,sim-2026-05
a88ede4f-616b-577f-905a-464b28d762cd,SC-01_20260525_0005.jpg,2026-05-25 07:19:21,SC-01,smartphone,saudavel,saudavel,0.9264,agrosmart-v1,simulado,sim-2026-05
4afcfdc9-712d-519e-8c1b-608ebb59ebf9,BV-04_20260525_0008.jpg,2026-05-25 07:19:50,BV-04,smartphone,saudavel,saudavel,0.8721,agrosmart-v1,simulado,sim-2026-05
dc6cc7a1-c359-5e74-9e3b-54fe6bb6a935,SC-01_20260525_0006.jpg,2026-05-25 07:20:19,SC-01,smartphone,saudavel,saudavel,0.9999,agrosmart-v1,simulado,sim-2026-05
5e74be64-14b3-57ea-82bd-cbfce0aaeada,BV-04_20260525_0009.jpg,2026-05-25 07:20:25,BV-04,smartphone,saudavel,saudavel,0.9177,agrosmart-v1,simulado,sim-2026-05
1dfd62e3-ab79-5d44-b89e-5bb716dc557d,SC-01_20260525_0007.jpg,2026-05-25 07:20:40,SC-01,smartphone,saudavel,saudavel,0.8883,agrosmart-v1,simulado,sim-2026-05
5c3a0e32-c661-51d0-aae2-f0b0be46da0b,BV-04_20260525_0010.jpg,2026-05-25 07:20:47,BV-04,smartphone,saudavel,saudavel,0.9265,agrosmart-v1,simulado,sim-2026-05
69737778-c484-55f0-ae80-49901b404331,BV-04_20260525_0011.jpg,2026-05-25 07:21:27,BV-04,smartphone,saudavel,saudavel,0.9908,agrosmart-v1,simulado,sim-2026-05
e8ce4599-c798-5d06-8740-60653f364c49,SC-01_20260525_0008.jpg,2026-05-25 07:21:49,SC-01,smartphone,saudavel,saudavel,0.9606,agrosmart-v1,simulado,sim-2026-05
c063fd44-9009-53e6-88d1-dd20fbe03438,SC-01_20260525_0009.jpg,2026-05-25 07:22:17,SC-01,smartphone,saudavel,saudavel,0.9173,agrosmart-v1,simulado,sim-2026-05
46c87009-043c-52bc-810a-9c0d72593579,BV-04_20260525_0012.jpg,2026-05-25 07:22:25,BV-04,smartphone,saudavel,saudavel,0.8764,agrosmart-v1,simulado,sim-2026-05
bc2a6f19-69f4-5a87-8f10-7e76192f9929,SC-01_20260525_0010.jpg,2026-05-25 07:22:47,SC-01,smartphone,saudavel,saudavel,0.9970,agrosmart-v1,simulado,sim-2026-05
6f288744-08e9-53d9-b786-2966584b0800,BV-04_20260525_0013.jpg,2026-05-25 07:22:50,BV-04,smartphone,saudavel,saudavel,0.8258,agrosmart-v1,simulado,sim-2026-05
747ee028-96e3-5621-ac89-411a95f01a0c,BV-04_20260525_0014.jpg,2026-05-25 07:23:28,BV-04,smartphone,saudavel,saudavel,0.9792,agrosmart-v1,simulado,sim-2026-05
70925f18-351f-5c6d-8342-036ce09a4d23,SC-01_20260525_0011.jpg,2026-05-25 07:23:35,SC-01,smartphone,saudavel,saudavel,0.9912,agrosmart-v1,simulado,sim-2026-05
71622eda-2dff-5365-b398-fdb2f60d9eb5,BV-04_20260525_0015.jpg,2026-05-25 07:24:09,BV-04,smartphone,saudavel,saudavel,0.8552,agrosmart-v1,simulado,sim-2026-05
cb349191-e1cf-5434-9084-e508623cd372,SC-01_20260525_0012.jpg,2026-05-25 07:24:10,SC-01,smartphone,saudavel,saudavel,0.9715,agrosmart-v1,simulado,sim-2026-05
6c2a50e7-650b-5d7f-967f-4adff9f38ca7,SC-01_20260525_0013.jpg,2026-05-25 07:24:54,SC-01,smartphone,saudavel,saudavel,0.8386,agrosmart-v1,simulado,sim-2026-05
31b4a05d-1cf9-5a4c-bde9-daf2e1f0f0a9,BV-04_20260525_0016.jpg,2026-05-25 07:24:58,BV-04,smartphone,saudavel,saudavel,0.8627,agrosmart-v1,simulado,sim-2026-05
6f3b3710-1577-5ee4-8627-e6d37358c228,SC-01_20260525_0014.jpg,2026-05-25 07:25:29,SC-01,smartphone,saudavel,saudavel,0.9979,agrosmart-v1,simulado,sim-2026-05
017ff01a-c61e-53a2-8c19-be6d5addd5cf,BV-04_20260525_0017.jpg,2026-05-25 07:25:45,BV-04,smartphone,saudavel,saudavel,0.9975,agrosmart-v1,simulado,sim-2026-05
138a3f69-0a98-5bba-9294-210197d6e130,SC-01_20260525_0015.jpg,2026-05-25 07:26:03,SC-01,smartphone,saudavel,saudavel,0.9727,agrosmart-v1,simulado,sim-2026-05
63ece1dc-4427-5ac1-adcf-96be2e718924,BV-04_20260525_0018.jpg,2026-05-25 07:26:11,BV-04,smartphone,saudavel,saudavel,0.8680,agrosmart-v1,simulado,sim-2026-05
a0c41bd9-3555-58e1-bf3d-55463ab4abd1,BV-04_20260525_0019.jpg,2026-05-25 07:26:45,BV-04,smartphone,saudavel,saudavel,0.9627,agrosmart-v1,simulado,sim-2026-05
fbd576de-99e8-557e-be0b-a474607bbd63,SC-01_20260525_0016.jpg,2026-05-25 07:26:50,SC-01,smartphone,saudavel,saudavel,0.9890,agrosmart-v1,simulado,sim-2026-05
25decdf6-1c7d-5644-b76b-2ed8b6f7aedf,BV-04_20260525_0020.jpg,2026-05-25 07:27:38,BV-04,smartphone,saudavel,saudavel,0.9767,agrosmart-v1,simulado,sim-2026-05
6ed5f719-a9db-567b-84b2-308f8f4ef21b,SC-01_20260525_0017.jpg,2026-05-25 07:27:44,SC-01,smartphone,saudavel,saudavel,0.8638,agrosmart-v1,simulado,sim-2026-05
7ae649f3-c911-52aa-a19f-d191a0757e27,SC-01_20260525_0018.jpg,2026-05-25 07:28:05,SC-01,smartphone,saudavel,saudavel,0.9995,agrosmart-v1,simulado,sim-2026-05
39b7bccc-08fc-532c-b6c1-b91e8fb7c19d,BV-04_20260525_0021.jpg,2026-05-25 07:28:28,BV-04,smartphone,saudavel,saudavel,0.9590,agrosmart-v1,simulado,sim-2026-05
90b543d6-e827-5edd-8bec-3cc7c43eeded,SC-01_20260525_0019.jpg,2026-05-25 07:28:42,SC-01,smartphone,saudavel,saudavel,0.8431,agrosmart-v1,simulado,sim-2026-05
17530121-0dfe-587e-a203-066af136c644,BV-04_20260525_0022.jpg,2026-05-25 07:28:43,BV-04,smartphone,saudavel,saudavel,0.9578,agrosmart-v1,simulado,sim-2026-05
fb2a580a-193d-5ba4-bb0c-5e106a280d27,BV-04_20260525_0023.jpg,2026-05-25 07:29:35,BV-04,smartphone,saudavel,saudavel,0.8603,agrosmart-v1,simulado,sim-2026-05
6aff4204-23d3-586b-89f7-a8f46a2413e5,SC-01_20260525_0020.jpg,2026-05-25 07:29:48,SC-01,smartphone,saudavel,saudavel,0.8687,agrosmart-v1,simulado,sim-2026-05
87185c90-b3ee-5a3c-836d-d07d7fb24e3b,SC-01_20260525_0021.jpg,2026-05-25 07:30:18,SC-01,smartphone,saudavel,saudavel,0.9955,agrosmart-v1,simulado,sim-2026-05
34aa7a45-132f-5d03-b6fa-27c9fa6608c5,SC-01_20260525_0022.jpg,2026-05-25 07:31:03,SC-01,smartphone,saudavel,saudavel,0.9324,agrosmart-v1,simulado,sim-2026-05
1e2195fc-2000-5146-bb57-83e4d6554694,SC-01_20260525_0023.jpg,2026-05-25 07:31:36,SC-01,smartphone,saudavel,saudavel,0.9851,agrosmart-v1,simulado,sim-2026-05
244f76f0-da60-5903-82b8-bd4db24d799c,SC-01_20260525_0024.jpg,2026-05-25 07:32:06,SC-01,smartphone,saudavel,saudavel,0.8592,agrosmart-v1,simulado,sim-2026-05
2c009194-99ad-5a7d-98d8-48eb7773cd94,SC-01_20260525_0025.jpg,2026-05-25 07:33:06,SC-01,smartphone,saudavel,saudavel,0.8654,agrosmart-v1,simulado,sim-2026-05
b381b77e-16e6-55dd-8670-3056bb4709f7,SC-01_20260525_0026.jpg,2026-05-25 07:33:27,SC-01,smartphone,saudavel,saudavel,0.9977,agrosmart-v1,simulado,sim-2026-05
b3508368-dc5e-5ac3-b566-0f1d302d3063,SC-01_20260525_0027.jpg,2026-05-25 07:34:04,SC-01,smartphone,saudavel,saudavel,0.9784,agrosmart-v1,simulado,sim-2026-05
0fe32b83-707f-5003-8c61-db0e6398d719,SC-01_20260525_0028.jpg,2026-05-25 07:35:02,SC-01,smartphone,saudavel,saudavel,0.9821,agrosmart-v1,simulado,sim-2026-05
58abf37f-062c-5fa6-9be0-cb61754decf9,SC-01_20260525_0029.jpg,2026-05-25 07:35:22,SC-01,smartphone,saudavel,saudavel,0.8842,agrosmart-v1,simulado,sim-2026-05
d7710c08-d722-510c-a653-78862212a819,TI-02_20260525_0001.jpg,2026-05-25 07:35:47,TI-02,drone,saudavel,saudavel,0.9509,agrosmart-v1,simulado,sim-2026-05
c5232ccd-410c-58bf-b7d1-dbaf767f33ed,SC-01_20260525_0030.jpg,2026-05-25 07:36:23,SC-01,smartphone,saudavel,saudavel,0.8408,agrosmart-v1,simulado,sim-2026-05
29af05dc-fec7-5377-980d-ead37308ee19,SC-01_20260525_0031.jpg,2026-05-25 07:36:45,SC-01,smartphone,saudavel,saudavel,0.8456,agrosmart-v1,simulado,sim-2026-05
dca263c4-4158-5ebb-8dd3-97459290b0bd,TI-02_20260525_0002.jpg,2026-05-25 07:36:50,TI-02,drone,saudavel,saudavel,0.8601,agrosmart-v1,simulado,sim-2026-05
64361de9-da10-5f8a-bf5b-812e4e50e763,TI-02_20260525_0003.jpg,2026-05-25 07:37:19,TI-02,drone,saudavel,saudavel,0.8792,agrosmart-v1,simulado,sim-2026-05
2247ef9b-b6d0-56a9-922b-4abd9a0ddc51,SC-01_20260525_0032.jpg,2026-05-25 07:37:40,SC-01,smartphone,saudavel,saudavel,0.9810,agrosmart-v1,simulado,sim-2026-05
a94b1e88-28c7-5af3-8334-aec717ea9c40,SC-01_20260525_0033.jpg,2026-05-25 07:38:00,SC-01,smartphone,saudavel,saudavel,0.8748,agrosmart-v1,simulado,sim-2026-05
2e9cff7a-aefa-5947-abb8-668bcd4a1fc5,TI-02_20260525_0004.jpg,2026-05-25 07:38:08,TI-02,drone,saudavel,saudavel,0.8503,agrosmart-v1,simulado,sim-2026-05
baee5aa9-66c6-575e-b376-5f3977624104,SC-01_20260525_0034.jpg,2026-05-25 07:38:48,SC-01,smartphone,saudavel,saudavel,0.9723,agrosmart-v1,simulado,sim-2026-05
66e734aa-4842-5dd3-9f48-e357f2d0f759,TI-02_20260525_0005.jpg,2026-05-25 07:38:50,TI-02,drone,saudavel,saudavel,0.9586,agrosmart-v1,simulado,sim-2026-05
401002e5-56db-51a8-8826-7a1516ce617c,TI-02_20260525_0006.jpg,2026-05-25 07:39:00,TI-02,drone,saudavel,saudavel,0.9559,agrosmart-v1,simulado,sim-2026-05
90b9bdae-19a6-5678-9626-81ca10b81081,TI-01_20260525_0001.jpg,2026-05-25 07:39:01,TI-01,drone,saudavel,saudavel,0.9119,agrosmart-v1,simulado,sim-2026-05
c71b02a4-2d34-5f92-b962-1f045cbaa218,SC-01_20260525_0035.jpg,2026-05-25 07:39:26,SC-01,smartphone,saudavel,saudavel,0.8991,agrosmart-v1,simulado,sim-2026-05
e62b657a-e4af-521e-ba61-5b2e1b6b05fa,TI-01_20260525_0002.jpg,2026-05-25 07:39:45,TI-01,drone,saudavel,saudavel,0.8772,agrosmart-v1,simulado,sim-2026-05
6c0ab798-5234-5c7a-ad42-915881fb3dab,TI-02_20260525_0007.jpg,2026-05-25 07:40:08,TI-02,drone,saudavel,saudavel,0.8641,agrosmart-v1,simulado,sim-2026-05
269fcead-b821-5a06-b24d-736c65bb20af,TI-01_20260525_0003.jpg,2026-05-25 07:40:11,TI-01,drone,saudavel,saudavel,0.9979,agrosmart-v1,simulado,sim-2026-05
281dfe4f-cada-50db-8b94-63e54b4b0396,SC-01_20260525_0036.jpg,2026-05-25 07:40:25,SC-01,smartphone,saudavel,saudavel,0.9984,agrosmart-v1,simulado,sim-2026-05
ad31b9ab-5943-5d6a-a357-e8531072b896,TI-02_20260525_0008.jpg,2026-05-25 07:40:42,TI-02,drone,saudavel,saudavel,0.9097,agrosmart-v1,simulado,sim-2026-05
f93c211f-6070-55e9-b0a6-0882b5069eb5,SC-01_20260525_0037.jpg,2026-05-25 07:41:02,SC-01,smartphone,saudavel,saudavel,0.8466,agrosmart-v1,simulado,sim-2026-05
3820ca68-8760-5891-8559-1aaa04420dcb,TI-02_20260525_0009.jpg,2026-05-25 07:41:03,TI-02,drone,saudavel,saudavel,0.9989,agrosmart-v1,simulado,sim-2026-05
2ae87033-ff28-5ece-ab22-228be70e734e,TI-01_20260525_0004.jpg,2026-05-25 07:41:09,TI-01,drone,saudavel,saudavel,0.9664,agrosmart-v1,simulado,sim-2026-05
c2fedef7-bd55-5a82-b600-6300edd7dcc1,SC-01_20260525_0038.jpg,2026-05-25 07:41:21,SC-01,smartphone,doente,requeima,0.9959,agrosmart-v1,simulado,sim-2026-05
fa779814-48ed-5e96-b971-f1349f7fbeba,TI-01_20260525_0005.jpg,2026-05-25 07:41:32,TI-01,drone,saudavel,saudavel,0.8617,agrosmart-v1,simulado,sim-2026-05
264d2939-4e2d-5d97-a1d3-1bfb07bd71f8,TI-02_20260525_0010.jpg,2026-05-25 07:41:58,TI-02,drone,saudavel,saudavel,0.8619,agrosmart-v1,simulado,sim-2026-05
121632e8-123d-549d-a23b-b4f269f5bc5d,TI-01_20260525_0006.jpg,2026-05-25 07:42:28,TI-01,drone,saudavel,saudavel,0.8215,agrosmart-v1,simulado,sim-2026-05
f2e6e4bf-038d-5b55-a794-24c6517ef8bb,TI-01_20260525_0007.jpg,2026-05-25 07:42:41,TI-01,drone,saudavel,saudavel,0.9675,agrosmart-v1,simulado,sim-2026-05
72355d94-ab64-587c-9b80-453669bdbea9,TI-02_20260525_0011.jpg,2026-05-25 07:42:45,TI-02,drone,saudavel,saudavel,0.9896,agrosmart-v1,simulado,sim-2026-05
4e01cb18-d861-5f7f-ba29-35ea7bc05ace,TI-02_20260525_0012.jpg,2026-05-25 07:43:11,TI-02,drone,saudavel,saudavel,0.8664,agrosmart-v1,simulado,sim-2026-05
0355878f-26bd-5810-8747-956a8ed8ad19,TI-02_20260525_0013.jpg,2026-05-25 07:43:43,TI-02,drone,saudavel,saudavel,0.8656,agrosmart-v1,simulado,sim-2026-05
633b7223-b050-592c-9ee8-f45b12029015,TI-01_20260525_0008.jpg,2026-05-25 07:43:48,TI-01,drone,saudavel,saudavel,0.9453,agrosmart-v1,simulado,sim-2026-05
aaca3f69-c453-53f4-a4da-e2deecc0a8cf,TI-01_20260525_0009.jpg,2026-05-25 07:44:22,TI-01,drone,saudavel,saudavel,0.9844,agrosmart-v1,simulado,sim-2026-05
45c4794d-ed70-567d-a83c-e9c5a88f012a,TI-02_20260525_0014.jpg,2026-05-25 07:44:42,TI-02,drone,saudavel,saudavel,0.9727,agrosmart-v1,simulado,sim-2026-05
a2c0c7cc-f8ab-5c30-8f27-1204e440a7d0,TI-01_20260525_0010.jpg,2026-05-25 07:45:05,TI-01,drone,saudavel,saudavel,0.8616,agrosmart-v1,simulado,sim-2026-05
119c5458-a1bf-5919-962b-0728ea0cfe5e,TI-02_20260525_0015.jpg,2026-05-25 07:45:13,TI-02,drone,saudavel,saudavel,0.9009,agrosmart-v1,simulado,sim-2026-05
1db7450b-983e-5a78-9c09-70b353b3b67e,TI-01_20260525_0011.jpg,2026-05-25 07:45:45,TI-01,drone,saudavel,saudavel,0.9303,agrosmart-v1,simulado,sim-2026-05
2636b79d-d71e-5c3b-b035-bfaeee7ea2de,TI-02_20260525_0016.jpg,2026-05-25 07:46:08,TI-02,drone,saudavel,saudavel,0.8435,agrosmart-v1,simulado,sim-2026-05
5ffe19ef-46e3-54e9-af24-32dbc5a841a1,TI-01_20260525_0012.jpg,2026-05-25 07:46:28,TI-01,drone,saudavel,saudavel,0.9467,agrosmart-v1,simulado,sim-2026-05
750713cc-2ed4-5dc5-a2a4-f35e655b3d3e,TI-02_20260525_0017.jpg,2026-05-25 07:46:41,TI-02,drone,saudavel,saudavel,0.9330,agrosmart-v1,simulado,sim-2026-05
5848e4b7-4356-54af-baee-a4a83facd5cb,TI-01_20260525_0013.jpg,2026-05-25 07:46:53,TI-01,drone,saudavel,saudavel,0.9663,agrosmart-v1,simulado,sim-2026-05
124b0165-4907-5f84-aaf5-3f51fab20ba2,SC-03_20260525_0001.jpg,2026-05-25 07:46:54,SC-03,smartphone,saudavel,saudavel,0.8552,agrosmart-v1,simulado,sim-2026-05
e7d0d225-906a-5443-8fae-cb87e9190636,SC-03_20260525_0002.jpg,2026-05-25 07:47:23,SC-03,smartphone,saudavel,saudavel,0.8527,agrosmart-v1,simulado,sim-2026-05
18319c48-d01c-535f-a86c-17f6304939eb,TI-02_20260525_0018.jpg,2026-05-25 07:47:27,TI-02,drone,saudavel,saudavel,0.9976,agrosmart-v1,simulado,sim-2026-05
82ffb6db-0405-5b6c-982c-df4f6a4571c5,TI-01_20260525_0014.jpg,2026-05-25 07:47:45,TI-01,drone,saudavel,saudavel,0.9593,agrosmart-v1,simulado,sim-2026-05
1457f15d-8b9c-515a-925d-71bdde51fa8b,TI-02_20260525_0019.jpg,2026-05-25 07:47:45,TI-02,drone,saudavel,saudavel,1.0000,agrosmart-v1,simulado,sim-2026-05
28f2222e-c515-5532-94d8-38a0248386c1,SC-03_20260525_0003.jpg,2026-05-25 07:48:01,SC-03,smartphone,saudavel,saudavel,0.9684,agrosmart-v1,simulado,sim-2026-05
04f0e8c7-ece1-5ec0-9b30-10de90c716f7,TI-01_20260525_0015.jpg,2026-05-25 07:48:16,TI-01,drone,saudavel,saudavel,0.8862,agrosmart-v1,simulado,sim-2026-05
e9004fb6-b3ea-57cc-a2b6-42c414ed80ba,TI-02_20260525_0020.jpg,2026-05-25 07:48:28,TI-02,drone,saudavel,saudavel,0.9962,agrosmart-v1,simulado,sim-2026-05
a26f3b2d-26b2-5006-bf71-35f3e291901c,SC-03_20260525_0004.jpg,2026-05-25 07:48:52,SC-03,smartphone,saudavel,saudavel,0.9287,agrosmart-v1,simulado,sim-2026-05
1a309a48-abaf-51e6-b179-f92ee8058a39,TI-01_20260525_0016.jpg,2026-05-25 07:48:59,TI-01,drone,saudavel,saudavel,0.9838,agrosmart-v1,simulado,sim-2026-05
99f38aa5-da0a-5208-9af6-a9d47c101b9c,TI-02_20260525_0021.jpg,2026-05-25 07:49:02,TI-02,drone,saudavel,saudavel,0.8385,agrosmart-v1,simulado,sim-2026-05
79235588-6e57-5f93-bb77-084c1b869a42,SC-03_20260525_0005.jpg,2026-05-25 07:49:34,SC-03,smartphone,saudavel,saudavel,0.8908,agrosmart-v1,simulado,sim-2026-05
5e5bf19e-6bb2-58ce-b0f9-77a15d91ad44,TI-01_20260525_0017.jpg,2026-05-25 07:49:39,TI-01,drone,saudavel,saudavel,0.8325,agrosmart-v1,simulado,sim-2026-05
801bffc6-a140-5c62-97f1-df6f6606605e,TI-02_20260525_0022.jpg,2026-05-25 07:49:52,TI-02,drone,saudavel,saudavel,0.8369,agrosmart-v1,simulado,sim-2026-05
447cc253-e330-52c9-b2ad-7883f55cd4e0,TI-01_20260525_0018.jpg,2026-05-25 07:50:29,TI-01,drone,saudavel,saudavel,0.9392,agrosmart-v1,simulado,sim-2026-05
885d67f5-f355-5464-89a6-1646e80cbe10,SC-03_20260525_0006.jpg,2026-05-25 07:50:30,SC-03,smartphone,saudavel,saudavel,0.9974,agrosmart-v1,simulado,sim-2026-05
abad64c7-e60f-5e79-8ac1-71b73f4543cb,TI-02_20260525_0023.jpg,2026-05-25 07:50:30,TI-02,drone,saudavel,saudavel,0.9837,agrosmart-v1,simulado,sim-2026-05
8257e483-e160-5505-8b44-5ee3511341b4,TI-04_20260525_0001.jpg,2026-05-25 07:50:40,TI-04,drone,saudavel,saudavel,0.9686,agrosmart-v1,simulado,sim-2026-05
e390a9b7-606e-5524-a70a-13a830365d06,TI-01_20260525_0019.jpg,2026-05-25 07:50:47,TI-01,drone,saudavel,saudavel,0.8884,agrosmart-v1,simulado,sim-2026-05
8124c495-ca02-5c31-a4b1-5d07aa29f7b9,SC-03_20260525_0007.jpg,2026-05-25 07:51:06,SC-03,smartphone,doente,vaquinha,0.9995,agrosmart-v1,simulado,sim-2026-05
448f41b9-a3a3-59af-816f-01155c42fbb9,TI-02_20260525_0024.jpg,2026-05-25 07:51:12,TI-02,drone,saudavel,saudavel,0.9247,agrosmart-v1,simulado,sim-2026-05
7b726894-8c14-562a-a19b-c9f5c83343fb,TI-01_20260525_0020.jpg,2026-05-25 07:51:26,TI-01,drone,saudavel,saudavel,0.9986,agrosmart-v1,simulado,sim-2026-05
da6b673f-63da-53d5-8343-f62ab3cf26fe,TI-04_20260525_0002.jpg,2026-05-25 07:51:34,TI-04,drone,saudavel,saudavel,0.8983,agrosmart-v1,simulado,sim-2026-05
7ca84c43-7b6e-5b4b-9422-022ba2ecc4a3,TI-02_20260525_0025.jpg,2026-05-25 07:51:46,TI-02,drone,saudavel,saudavel,0.9076,agrosmart-v1,simulado,sim-2026-05
b56aadea-0d44-518c-a6f5-152e543061a2,SC-03_20260525_0008.jpg,2026-05-25 07:51:48,SC-03,smartphone,saudavel,saudavel,1.0000,agrosmart-v1,simulado,sim-2026-05
c4c86f7f-082e-5d43-b151-38b05cdaaeee,TI-01_20260525_0021.jpg,2026-05-25 07:52:12,TI-01,drone,saudavel,saudavel,0.9736,agrosmart-v1,simulado,sim-2026-05
aa661cf0-cc40-5bc7-98ff-06c898491232,TI-04_20260525_0003.jpg,2026-05-25 07:52:17,TI-04,drone,saudavel,saudavel,0.9317,agrosmart-v1,simulado,sim-2026-05
5590043c-ffd9-59af-b6cc-4008fe13be7c,SC-03_20260525_0009.jpg,2026-05-25 07:52:30,SC-03,smartphone,saudavel,saudavel,0.9009,agrosmart-v1,simulado,sim-2026-05
83b1944b-963f-5871-b2fb-3512734dcb47,TI-02_20260525_0026.jpg,2026-05-25 07:52:42,TI-02,drone,saudavel,saudavel,0.5752,agrosmart-v1,simulado,sim-2026-05
be573fd3-5394-5e04-87b3-815e02c1f4d3,TI-01_20260525_0022.jpg,2026-05-25 07:52:51,TI-01,drone,saudavel,saudavel,0.8585,agrosmart-v1,simulado,sim-2026-05
89cfa920-0609-5616-aa5c-b507b5bfa5ea,TI-04_20260525_0004.jpg,2026-05-25 07:53:09,TI-04,drone,saudavel,saudavel,0.9158,agrosmart-v1,simulado,sim-2026-05
a31af1b3-932f-56fd-9999-3ee28de5aea4,SC-03_20260525_0010.jpg,2026-05-25 07:53:10,SC-03,smartphone,saudavel,saudavel,0.9141,agrosmart-v1,simulado,sim-2026-05
33d69df3-4783-52c0-9d7f-765b0c5103ed,SC-03_20260525_0011.jpg,2026-05-25 07:53:24,SC-03,smartphone,saudavel,saudavel,0.9863,agrosmart-v1,simulado,sim-2026-05
3b6ca067-9dfc-57b8-90b2-98341c702f44,TI-02_20260525_0027.jpg,2026-05-25 07:53:30,TI-02,drone,saudavel,saudavel,1.0000,agrosmart-v1,simulado,sim-2026-05
ad16b987-b53d-5c8b-8cc5-157b0cae2872,TI-04_20260525_0005.jpg,2026-05-25 07:53:37,TI-04,drone,saudavel,saudavel,0.8345,agrosmart-v1,simulado,sim-2026-05
4053bc49-3598-5a12-bc1e-6e632c505c97,TI-01_20260525_0023.jpg,2026-05-25 07:53:44,TI-01,drone,saudavel,saudavel,0.9344,agrosmart-v1,simulado,sim-2026-05
45c8ebd8-e4b2-599b-9154-340f6ca8c2c3,TI-02_20260525_0028.jpg,2026-05-25 07:53:52,TI-02,drone,saudavel,saudavel,0.9995,agrosmart-v1,simulado,sim-2026-05
19c7cab7-6082-5a10-9065-20566aca5cb4,TI-04_20260525_0006.jpg,2026-05-25 07:54:06,TI-04,drone,saudavel,saudavel,0.9202,agrosmart-v1,simulado,sim-2026-05
f1aa85a0-d286-5f67-9cb9-b6002f84c30c,TI-01_20260525_0024.jpg,2026-05-25 07:54:09,TI-01,drone,saudavel,saudavel,0.9625,agrosmart-v1,simulado,sim-2026-05
0a03fb79-b205-5c45-a401-7d0b6a9d5762,SC-03_20260525_0012.jpg,2026-05-25 07:54:30,SC-03,smartphone,saudavel,saudavel,0.8808,agrosmart-v1,simulado,sim-2026-05
e914ecad-de90-5687-866b-2fd09341629f,TI-02_20260525_0029.jpg,2026-05-25 07:54:39,TI-02,drone,saudavel,saudavel,0.9997,agrosmart-v1,simulado,sim-2026-05
d9f7aeec-dced-5c53-ae55-a5da5dcd95a9,TI-04_20260525_0007.jpg,2026-05-25 07:54:53,TI-04,drone,saudavel,saudavel,0.9908,agrosmart-v1,simulado,sim-2026-05
e4dbfdb3-923d-599e-8edc-c68255a50b41,TI-01_20260525_0025.jpg,2026-05-25 07:54:55,TI-01,drone,saudavel,saudavel,0.9604,agrosmart-v1,simulado,sim-2026-05
a7bebc3a-643c-52b8-ac04-7f5ffe653f89,SC-03_20260525_0013.jpg,2026-05-25 07:55:00,SC-03,smartphone,saudavel,saudavel,0.9665,agrosmart-v1,simulado,sim-2026-05
7dee24af-8f6a-505f-b639-49bcce82fb29,TI-02_20260525_0030.jpg,2026-05-25 07:55:04,TI-02,drone,saudavel,saudavel,0.9762,agrosmart-v1,simulado,sim-2026-05
0288f5d2-72aa-5c90-8c1e-9e072d9648ff,TI-04_20260525_0008.jpg,2026-05-25 07:55:26,TI-04,drone,saudavel,saudavel,0.8489,agrosmart-v1,simulado,sim-2026-05
0798627b-0237-50a5-bd83-73f5cf66ae69,TI-01_20260525_0026.jpg,2026-05-25 07:55:31,TI-01,drone,saudavel,saudavel,0.9990,agrosmart-v1,simulado,sim-2026-05
5a27f670-38f5-514a-adfe-27c19ef1cfbb,SC-03_20260525_0014.jpg,2026-05-25 07:55:37,SC-03,smartphone,saudavel,saudavel,0.9608,agrosmart-v1,simulado,sim-2026-05
df7c6006-662c-5f51-b84a-39d83e363b8a,TI-02_20260525_0031.jpg,2026-05-25 07:56:06,TI-02,drone,saudavel,saudavel,0.9901,agrosmart-v1,simulado,sim-2026-05
3b57c61a-2a40-52b3-8c75-f9e42d10aeb2,TI-01_20260525_0027.jpg,2026-05-25 07:56:23,TI-01,drone,saudavel,saudavel,0.9937,agrosmart-v1,simulado,sim-2026-05
d0a061f0-08e9-5021-bcaa-85b18a5c0ce1,TI-04_20260525_0009.jpg,2026-05-25 07:56:24,TI-04,drone,saudavel,saudavel,0.8458,agrosmart-v1,simulado,sim-2026-05
dd204228-c1b7-5fe3-8c3d-12b4b8e959a5,SC-03_20260525_0015.jpg,2026-05-25 07:56:29,SC-03,smartphone,saudavel,saudavel,0.9088,agrosmart-v1,simulado,sim-2026-05
38c58627-4227-5bb3-9606-7eecda4ab23e,TI-02_20260525_0032.jpg,2026-05-25 07:56:44,TI-02,drone,saudavel,saudavel,0.9554,agrosmart-v1,simulado,sim-2026-05
476f50d3-08cc-5189-8ee4-a5e27abedc2e,TI-01_20260525_0028.jpg,2026-05-25 07:56:53,TI-01,drone,saudavel,saudavel,0.9981,agrosmart-v1,simulado,sim-2026-05
9305c7cf-d21e-5fb7-a8b8-9249e7e4398f,SC-03_20260525_0016.jpg,2026-05-25 07:57:07,SC-03,smartphone,saudavel,saudavel,0.9861,agrosmart-v1,simulado,sim-2026-05
f67d6e90-6620-54a9-b053-2057b733b70f,TI-04_20260525_0010.jpg,2026-05-25 07:57:09,TI-04,drone,saudavel,saudavel,0.9993,agrosmart-v1,simulado,sim-2026-05
77a085f1-14ae-548f-808c-088a7e05940d,TI-02_20260525_0033.jpg,2026-05-25 07:57:23,TI-02,drone,doente,mosca_minadora,0.8959,agrosmart-v1,simulado,sim-2026-05
0fb72d72-71a1-5d78-84d9-171f289ef928,TI-04_20260525_0011.jpg,2026-05-25 07:57:24,TI-04,drone,saudavel,saudavel,0.9906,agrosmart-v1,simulado,sim-2026-05
397439ce-eb2a-5bb9-9fec-58243ea537a6,SC-03_20260525_0017.jpg,2026-05-25 07:57:29,SC-03,smartphone,saudavel,saudavel,0.5214,agrosmart-v1,simulado,sim-2026-05
e2726f93-5fda-5fa2-a01b-d3e7117bd89d,TI-01_20260525_0029.jpg,2026-05-25 07:57:46,TI-01,drone,saudavel,saudavel,0.5598,agrosmart-v1,simulado,sim-2026-05
4c100a1e-b690-56d1-979f-b69182854c66,TI-02_20260525_0034.jpg,2026-05-25 07:57:47,TI-02,drone,saudavel,saudavel,0.9880,agrosmart-v1,simulado,sim-2026-05
effd2428-c791-5f96-8573-c420311db881,SC-03_20260525_0018.jpg,2026-05-25 07:58:00,SC-03,smartphone,saudavel,saudavel,0.9978,agrosmart-v1,simulado,sim-2026-05
acf7ae95-4d24-5e6e-9e35-286f3ac470d8,TI-01_20260525_0030.jpg,2026-05-25 07:58:22,TI-01,drone,saudavel,saudavel,0.8426,agrosmart-v1,simulado,sim-2026-05
f4719524-de91-5d68-a20b-266bbeafeda4,TI-04_20260525_0012.jpg,2026-05-25 07:58:27,TI-04,drone,saudavel,saudavel,0.9326,agrosmart-v1,simulado,sim-2026-05
9af189cc-9241-5fcd-8f89-015bc5919e55,TI-02_20260525_0035.jpg,2026-05-25 07:58:37,TI-02,drone,saudavel,saudavel,0.9012,agrosmart-v1,simulado,sim-2026-05
0399a1b4-e97e-5fc3-9b25-9858dd464d56,TI-04_20260525_0013.jpg,2026-05-25 07:58:42,TI-04,drone,saudavel,saudavel,0.9891,agrosmart-v1,simulado,sim-2026-05
3d6bdb3e-c8b5-5d20-a1c3-5dd3e69758a6,SC-03_20260525_0019.jpg,2026-05-25 07:59:10,SC-03,smartphone,saudavel,saudavel,0.9934,agrosmart-v1,simulado,sim-2026-05
879a25df-ba94-5b22-8bc7-3fb50912913a,TI-01_20260525_0031.jpg,2026-05-25 07:59:10,TI-01,drone,saudavel,saudavel,0.9552,agrosmart-v1,simulado,sim-2026-05
16a3f3bd-f6f0-5fcc-b205-5ee2fffee827,TI-02_20260525_0036.jpg,2026-05-25 07:59:27,TI-02,drone,saudavel,saudavel,0.9987,agrosmart-v1,simulado,sim-2026-05
b9982e22-ea6a-570e-b7df-54bcba9dcab5,TI-01_20260525_0032.jpg,2026-05-25 07:59:30,TI-01,drone,saudavel,saudavel,0.9727,agrosmart-v1,simulado,sim-2026-05
83ad2306-c626-5817-b991-7a7bfbf79453,SC-03_20260525_0020.jpg,2026-05-25 07:59:35,SC-03,smartphone,saudavel,saudavel,0.9999,agrosmart-v1,simulado,sim-2026-05
f38e69a0-7c08-538f-a0ba-710202670377,TI-04_20260525_0014.jpg,2026-05-25 07:59:36,TI-04,drone,saudavel,saudavel,0.9921,agrosmart-v1,simulado,sim-2026-05
544b3559-7628-5a06-ae0b-203b09fa32d7,TI-02_20260525_0037.jpg,2026-05-25 08:00:04,TI-02,drone,saudavel,saudavel,0.9419,agrosmart-v1,simulado,sim-2026-05
e00541c7-5d83-545a-a8c0-df71a55184e6,SC-03_20260525_0021.jpg,2026-05-25 08:00:16,SC-03,smartphone,saudavel,saudavel,0.9935,agrosmart-v1,simulado,sim-2026-05
4385c6f7-52e2-5e0b-b214-40fdb01301bf,TI-01_20260525_0033.jpg,2026-05-25 08:00:17,TI-01,drone,saudavel,saudavel,0.9551,agrosmart-v1,simulado,sim-2026-05
d75489a0-0bdc-587e-9dac-190b0ff2775b,TI-04_20260525_0015.jpg,2026-05-25 08:00:25,TI-04,drone,saudavel,saudavel,0.9995,agrosmart-v1,simulado,sim-2026-05
778463ca-ddc5-5cee-8859-87d00384fabe,TI-02_20260525_0038.jpg,2026-05-25 08:00:29,TI-02,drone,saudavel,saudavel,0.9969,agrosmart-v1,simulado,sim-2026-05
bda9c7f7-21a8-5468-bccf-745602297206,SC-03_20260525_0022.jpg,2026-05-25 08:00:50,SC-03,smartphone,saudavel,saudavel,0.8404,agrosmart-v1,simulado,sim-2026-05
64e78460-41ad-59f0-8f8e-dba52d6a39b8,TI-04_20260525_0016.jpg,2026-05-25 08:00:53,TI-04,drone,saudavel,saudavel,0.9876,agrosmart-v1,simulado,sim-2026-05
a5675708-3f30-50a7-93a7-81eac9523170,TI-01_20260525_0034.jpg,2026-05-25 08:00:59,TI-01,drone,saudavel,saudavel,0.9369,agrosmart-v1,simulado,sim-2026-05
1ed017e3-04b4-5b24-99ec-4f3624cd1bd6,TI-02_20260525_0039.jpg,2026-05-25 08:01:13,TI-02,drone,saudavel,saudavel,0.9711,agrosmart-v1,simulado,sim-2026-05
d7386186-da4c-5575-ae5c-efb8039d9eb2,TI-01_20260525_0035.jpg,2026-05-25 08:01:26,TI-01,drone,saudavel,saudavel,0.9716,agrosmart-v1,simulado,sim-2026-05
cc7f694b-4044-57e3-b8d3-85a389182a68,TI-04_20260525_0017.jpg,2026-05-25 08:01:27,TI-04,drone,saudavel,saudavel,0.9891,agrosmart-v1,simulado,sim-2026-05
6cd70861-c093-5040-b644-604c0facb3ce,SC-03_20260525_0023.jpg,2026-05-25 08:01:42,SC-03,smartphone,saudavel,saudavel,0.9584,agrosmart-v1,simulado,sim-2026-05
fbc7be50-368e-5bf1-a7bb-a68ad9e9f4fd,TI-02_20260525_0040.jpg,2026-05-25 08:01:46,TI-02,drone,saudavel,saudavel,0.8625,agrosmart-v1,simulado,sim-2026-05
af5fe2a3-efcf-5bf0-b679-d07779821fe2,TI-01_20260525_0036.jpg,2026-05-25 08:02:06,TI-01,drone,saudavel,saudavel,0.8800,agrosmart-v1,simulado,sim-2026-05
f5be6724-bfa5-5a4e-a44f-7939fb706e05,TI-04_20260525_0018.jpg,2026-05-25 08:02:11,TI-04,drone,saudavel,saudavel,0.9916,agrosmart-v1,simulado,sim-2026-05
c6397cfc-31d7-5f61-b3dc-425da62c6165,SC-03_20260525_0024.jpg,2026-05-25 08:02:28,SC-03,smartphone,saudavel,saudavel,0.9040,agrosmart-v1,simulado,sim-2026-05
43ef7ba3-6bb3-548d-ae2a-edddd06e82bc,TI-01_20260525_0037.jpg,2026-05-25 08:02:40,TI-01,drone,saudavel,saudavel,0.9825,agrosmart-v1,simulado,sim-2026-05
e4fc53ad-2e45-5057-b6cd-c6ef41b9d920,TI-04_20260525_0019.jpg,2026-05-25 08:02:40,TI-04,drone,saudavel,saudavel,0.8561,agrosmart-v1,simulado,sim-2026-05
b299981e-c643-5e1c-bedb-16442bdec9e9,BV-01_20260525_0001.jpg,2026-05-25 08:02:41,BV-01,smartphone,doente,requeima,0.9141,agrosmart-v1,simulado,sim-2026-05
f842fd57-e526-53c7-a650-69e4e930c7f6,TI-02_20260525_0041.jpg,2026-05-25 08:02:45,TI-02,drone,saudavel,saudavel,0.9565,agrosmart-v1,simulado,sim-2026-05
5a5eea45-7a2d-51f1-9c29-2dee38ee623c,SC-03_20260525_0025.jpg,2026-05-25 08:02:46,SC-03,smartphone,saudavel,saudavel,0.9870,agrosmart-v1,simulado,sim-2026-05
a6c02b3b-091c-5bef-ba76-2693f8c2447e,TI-02_20260525_0042.jpg,2026-05-25 08:03:10,TI-02,drone,saudavel,saudavel,0.8329,agrosmart-v1,simulado,sim-2026-05
8e0725ff-520a-5844-b1d4-062c43f3f6fb,TI-01_20260525_0038.jpg,2026-05-25 08:03:23,TI-01,drone,saudavel,saudavel,0.9155,agrosmart-v1,simulado,sim-2026-05
1fd8c131-605f-5530-93ba-63dd16cc149c,BV-01_20260525_0002.jpg,2026-05-25 08:03:24,BV-01,smartphone,saudavel,saudavel,0.9986,agrosmart-v1,simulado,sim-2026-05
6521472b-61dc-55e6-bc61-13afa3dfaae6,SC-03_20260525_0026.jpg,2026-05-25 08:03:30,SC-03,smartphone,saudavel,saudavel,0.9601,agrosmart-v1,simulado,sim-2026-05
e73404d2-41cc-560c-955f-6d16723045c4,TI-04_20260525_0020.jpg,2026-05-25 08:03:39,TI-04,drone,saudavel,saudavel,0.8516,agrosmart-v1,simulado,sim-2026-05
c7d409a9-7e2a-54aa-8919-5ce3be1dff2d,TI-02_20260525_0043.jpg,2026-05-25 08:03:58,TI-02,drone,doente,pinta_preta,0.9701,agrosmart-v1,simulado,sim-2026-05
aa5babb2-162e-50e7-bff4-b6af91f32e12,BV-01_20260525_0003.jpg,2026-05-25 08:04:02,BV-01,smartphone,saudavel,saudavel,0.9794,agrosmart-v1,simulado,sim-2026-05
cb18c130-5c65-54e4-9a95-9ff6923d646c,TI-04_20260525_0021.jpg,2026-05-25 08:04:09,TI-04,drone,saudavel,saudavel,0.8271,agrosmart-v1,simulado,sim-2026-05
5c093cf7-ad97-5b90-ba22-24ca179c4fff,SC-03_20260525_0027.jpg,2026-05-25 08:04:14,SC-03,smartphone,saudavel,saudavel,0.9680,agrosmart-v1,simulado,sim-2026-05
eaf5a31a-cb8b-5407-a52a-c56b2b5e94d0,TI-01_20260525_0039.jpg,2026-05-25 08:04:21,TI-01,drone,saudavel,saudavel,0.9220,agrosmart-v1,simulado,sim-2026-05
54714e8e-5892-5bcc-8077-25f67b8eb07c,SC-03_20260525_0028.jpg,2026-05-25 08:04:42,SC-03,smartphone,saudavel,saudavel,0.9236,agrosmart-v1,simulado,sim-2026-05
5e009b6d-4035-5307-b05a-4ceb6f8cf465,TI-04_20260525_0022.jpg,2026-05-25 08:04:47,TI-04,drone,saudavel,saudavel,0.9954,agrosmart-v1,simulado,sim-2026-05
56e396d8-7f51-5372-9492-34de9e70e089,TI-01_20260525_0040.jpg,2026-05-25 08:04:48,TI-01,drone,saudavel,saudavel,0.9866,agrosmart-v1,simulado,sim-2026-05
58c761be-a770-5c14-a135-b77939e81ac3,BV-01_20260525_0004.jpg,2026-05-25 08:05:04,BV-01,smartphone,saudavel,saudavel,0.9994,agrosmart-v1,simulado,sim-2026-05
bfb5cec7-69aa-565d-9c00-1019c20af4b0,BV-01_20260525_0005.jpg,2026-05-25 08:05:42,BV-01,smartphone,saudavel,saudavel,0.9979,agrosmart-v1,simulado,sim-2026-05
a515ab78-3c21-5601-bbad-059f3f5524f6,TI-01_20260525_0041.jpg,2026-05-25 08:05:42,TI-01,drone,saudavel,saudavel,0.9989,agrosmart-v1,simulado,sim-2026-05
21b9031d-fe46-5fef-84d8-cfa6e0d1ed8f,TI-04_20260525_0023.jpg,2026-05-25 08:05:44,TI-04,drone,saudavel,saudavel,0.9780,agrosmart-v1,simulado,sim-2026-05
9db953f2-4455-5018-94ae-999d76021a97,BV-01_20260525_0006.jpg,2026-05-25 08:06:10,BV-01,smartphone,saudavel,saudavel,0.8881,agrosmart-v1,simulado,sim-2026-05
5f026d8c-b669-5220-b93e-80b77155ac77,TI-04_20260525_0024.jpg,2026-05-25 08:06:20,TI-04,drone,saudavel,saudavel,0.9418,agrosmart-v1,simulado,sim-2026-05
5615b3bd-1229-5715-953f-2163da479f0a,BV-01_20260525_0007.jpg,2026-05-25 08:07:05,BV-01,smartphone,saudavel,saudavel,0.9032,agrosmart-v1,simulado,sim-2026-05
5d636be3-3891-5826-b553-5ca69a54b7ee,TI-04_20260525_0025.jpg,2026-05-25 08:07:05,TI-04,drone,doente,vaquinha,0.9265,agrosmart-v1,simulado,sim-2026-05
ea72d3be-1a14-5a3d-9e20-07bf0ef9ee19,BV-01_20260525_0008.jpg,2026-05-25 08:07:32,BV-01,smartphone,doente,requeima,0.9967,agrosmart-v1,simulado,sim-2026-05
017f767b-970b-557f-bbcf-c2d878817c4e,TI-04_20260525_0026.jpg,2026-05-25 08:07:36,TI-04,drone,saudavel,saudavel,0.9881,agrosmart-v1,simulado,sim-2026-05
1ba6b8db-e9c0-5d63-b487-5528bad0174f,BV-01_20260525_0009.jpg,2026-05-25 08:08:15,BV-01,smartphone,saudavel,saudavel,0.9437,agrosmart-v1,simulado,sim-2026-05
e211b9fa-4d4d-55f0-910a-745d03ea0c51,TI-04_20260525_0027.jpg,2026-05-25 08:08:29,TI-04,drone,saudavel,saudavel,0.8614,agrosmart-v1,simulado,sim-2026-05
a6d71e6f-013e-5b57-86d6-1fb1c1c0d1c3,TI-04_20260525_0028.jpg,2026-05-25 08:08:50,TI-04,drone,saudavel,saudavel,0.8725,agrosmart-v1,simulado,sim-2026-05
1ec95d9c-250f-5020-955b-b0003e64e439,BV-01_20260525_0010.jpg,2026-05-25 08:08:55,BV-01,smartphone,saudavel,saudavel,0.9937,agrosmart-v1,simulado,sim-2026-05
4d83ff0f-189f-58cd-92c4-242abdba0a05,TI-04_20260525_0029.jpg,2026-05-25 08:09:35,TI-04,drone,saudavel,saudavel,0.9215,agrosmart-v1,simulado,sim-2026-05
68e741a8-65b9-5a3a-b747-8be6f70a04d7,BV-01_20260525_0011.jpg,2026-05-25 08:09:43,BV-01,smartphone,saudavel,saudavel,0.8645,agrosmart-v1,simulado,sim-2026-05
df5cfd78-ebed-5bec-ae82-ade9bf52f635,BV-01_20260525_0012.jpg,2026-05-25 08:10:27,BV-01,smartphone,saudavel,saudavel,0.9991,agrosmart-v1,simulado,sim-2026-05
21422551-9f1c-524a-a8b1-067975cbd4fa,BV-01_20260525_0013.jpg,2026-05-25 08:10:49,BV-01,smartphone,saudavel,saudavel,0.9472,agrosmart-v1,simulado,sim-2026-05
7553ff80-f437-563b-beb2-be2e7594d9fd,BV-01_20260525_0014.jpg,2026-05-25 08:11:44,BV-01,smartphone,saudavel,saudavel,0.9741,agrosmart-v1,simulado,sim-2026-05
c75f16d9-b1cd-5268-97f9-b543c59c463e,BV-01_20260525_0015.jpg,2026-05-25 08:12:00,BV-01,smartphone,saudavel,saudavel,0.9761,agrosmart-v1,simulado,sim-2026-05
a72ae481-d453-5538-92c5-8318583e344c,BV-01_20260525_0016.jpg,2026-05-25 08:12:50,BV-01,smartphone,saudavel,saudavel,0.9220,agrosmart-v1,simulado,sim-2026-05
9e10e1fe-d8d3-5929-971f-6c645917d20f,SC-02_20260525_0001.jpg,2026-05-25 08:13:08,SC-02,smartphone,saudavel,saudavel,0.9182,agrosmart-v1,simulado,sim-2026-05
39ceb845-e2f4-59c0-b33f-917ba84f4e4f,BV-01_20260525_0017.jpg,2026-05-25 08:13:32,BV-01,smartphone,saudavel,saudavel,0.9160,agrosmart-v1,simulado,sim-2026-05
6aeff7e5-edad-5954-8242-72d7d162b0b3,SC-02_20260525_0002.jpg,2026-05-25 08:13:35,SC-02,smartphone,saudavel,saudavel,0.8585,agrosmart-v1,simulado,sim-2026-05
e0869201-10bc-571f-986d-530d1ebbbf88,BV-01_20260525_0018.jpg,2026-05-25 08:14:04,BV-01,smartphone,saudavel,saudavel,0.9813,agrosmart-v1,simulado,sim-2026-05
9413df3e-3692-581a-b4ab-26f327f9b194,SC-02_20260525_0003.jpg,2026-05-25 08:14:22,SC-02,smartphone,saudavel,saudavel,0.9814,agrosmart-v1,simulado,sim-2026-05
a3b9e798-af3c-522a-bb7a-e96137436c95,BV-01_20260525_0019.jpg,2026-05-25 08:14:43,BV-01,smartphone,saudavel,saudavel,0.9219,agrosmart-v1,simulado,sim-2026-05
93d2493b-1863-582d-b9f3-119c3fae5f82,SC-02_20260525_0004.jpg,2026-05-25 08:14:50,SC-02,smartphone,saudavel,saudavel,0.8749,agrosmart-v1,simulado,sim-2026-05
a4d9673e-df9c-59ac-9230-ae96321210bd,SC-02_20260525_0005.jpg,2026-05-25 08:15:38,SC-02,smartphone,doente,requeima,0.9634,agrosmart-v1,simulado,sim-2026-05
5ac74364-e5ab-58e6-891c-c84f34ef481a,BV-01_20260525_0020.jpg,2026-05-25 08:15:50,BV-01,smartphone,doente,requeima,0.8627,agrosmart-v1,simulado,sim-2026-05
0b131adc-925f-5bf8-ac4c-9a3d3b6d2066,BV-01_20260525_0021.jpg,2026-05-25 08:16:15,BV-01,smartphone,saudavel,saudavel,0.9998,agrosmart-v1,simulado,sim-2026-05
f5b40280-fe3c-577c-92f7-645e856ae3af,SC-02_20260525_0006.jpg,2026-05-25 08:16:18,SC-02,smartphone,saudavel,saudavel,0.9885,agrosmart-v1,simulado,sim-2026-05
8fc9af52-f0aa-5801-ab5a-41618450c805,SC-02_20260525_0007.jpg,2026-05-25 08:16:40,SC-02,smartphone,saudavel,saudavel,0.9999,agrosmart-v1,simulado,sim-2026-05
f83209dd-862c-5ebe-be98-845f71e6676a,BV-01_20260525_0022.jpg,2026-05-25 08:16:52,BV-01,smartphone,saudavel,saudavel,0.9502,agrosmart-v1,simulado,sim-2026-05
c9c0df91-9e96-5da7-8d5d-eba71fb4bd2b,BV-01_20260525_0023.jpg,2026-05-25 08:17:28,BV-01,smartphone,saudavel,saudavel,0.9912,agrosmart-v1,simulado,sim-2026-05
0f626ad1-351b-51fa-940c-246bf192474a,SC-02_20260525_0008.jpg,2026-05-25 08:17:48,SC-02,smartphone,saudavel,saudavel,0.9363,agrosmart-v1,simulado,sim-2026-05
40980101-a788-5109-899a-5be5b5fb43af,BV-01_20260525_0024.jpg,2026-05-25 08:18:00,BV-01,smartphone,saudavel,saudavel,0.9922,agrosmart-v1,simulado,sim-2026-05
2f617bc1-b1dd-5ffb-9ad6-db81297f8b9a,SC-02_20260525_0009.jpg,2026-05-25 08:18:18,SC-02,smartphone,saudavel,saudavel,0.8662,agrosmart-v1,simulado,sim-2026-05
e42f3016-345d-5d42-8ea9-56f1b474c9a6,SC-02_20260525_0010.jpg,2026-05-25 08:18:43,SC-02,smartphone,saudavel,saudavel,0.8950,agrosmart-v1,simulado,sim-2026-05
bd9dffc9-4fd5-5c74-a079-2db7968b7c4f,BV-01_20260525_0025.jpg,2026-05-25 08:19:08,BV-01,smartphone,saudavel,saudavel,0.9606,agrosmart-v1,simulado,sim-2026-05
0509e0be-2bb7-5426-8761-41dc2c4051ec,BV-01_20260525_0026.jpg,2026-05-25 08:19:31,BV-01,smartphone,saudavel,saudavel,0.8415,agrosmart-v1,simulado,sim-2026-05
16b804b7-6717-5c55-b561-086258e6173c,SC-02_20260525_0011.jpg,2026-05-25 08:19:43,SC-02,smartphone,saudavel,saudavel,0.9957,agrosmart-v1,simulado,sim-2026-05
69206613-d08a-505c-9023-7b1ed5b9600f,BV-01_20260525_0027.jpg,2026-05-25 08:20:11,BV-01,smartphone,saudavel,saudavel,0.9994,agrosmart-v1,simulado,sim-2026-05
75b6038d-a780-55d5-a38a-e1bcb82a5bac,SC-02_20260525_0012.jpg,2026-05-25 08:20:14,SC-02,smartphone,saudavel,saudavel,0.9813,agrosmart-v1,simulado,sim-2026-05
381b4b9b-c434-569a-8ba0-07e7d50a720e,BV-01_20260525_0028.jpg,2026-05-25 08:20:56,BV-01,smartphone,saudavel,saudavel,0.9991,agrosmart-v1,simulado,sim-2026-05
5f45895a-1a50-5fd2-be30-cc5b07a96862,SC-02_20260525_0013.jpg,2026-05-25 08:21:00,SC-02,smartphone,saudavel,saudavel,0.9631,agrosmart-v1,simulado,sim-2026-05
45648587-91a7-5890-a27a-80d449b1ce0e,SC-02_20260525_0014.jpg,2026-05-25 08:21:20,SC-02,smartphone,saudavel,saudavel,0.9898,agrosmart-v1,simulado,sim-2026-05
8dbc060f-1aff-5ac7-946d-1b0efe33e6f1,SC-02_20260525_0015.jpg,2026-05-25 08:22:10,SC-02,smartphone,saudavel,saudavel,0.8233,agrosmart-v1,simulado,sim-2026-05
abb9fad9-0ac6-57a5-ba7a-90cb02abfae0,SC-02_20260525_0016.jpg,2026-05-25 08:22:40,SC-02,smartphone,saudavel,saudavel,0.9760,agrosmart-v1,simulado,sim-2026-05
1c0a9be3-e5ca-5eac-bd1c-4e7614b296bf,SC-02_20260525_0017.jpg,2026-05-25 08:23:41,SC-02,smartphone,saudavel,saudavel,0.8659,agrosmart-v1,simulado,sim-2026-05
abd607e4-0129-5d6b-b996-e3e53897d455,SC-02_20260525_0018.jpg,2026-05-25 08:24:16,SC-02,smartphone,saudavel,saudavel,0.7087,agrosmart-v1,simulado,sim-2026-05
9744263b-1c71-582a-8964-7195850d827b,SC-02_20260525_0019.jpg,2026-05-25 08:24:50,SC-02,smartphone,doente,requeima,0.9626,agrosmart-v1,simulado,sim-2026-05
b51ed8a6-7177-576f-a4b0-aaeb677d9460,SC-02_20260525_0020.jpg,2026-05-25 08:25:32,SC-02,smartphone,saudavel,saudavel,0.9025,agrosmart-v1,simulado,sim-2026-05
b1c6e1e4-72ab-5c72-8ba7-14c31064b12a,SC-02_20260525_0021.jpg,2026-05-25 08:26:25,SC-02,smartphone,saudavel,saudavel,0.8709,agrosmart-v1,simulado,sim-2026-05
7c24558b-a086-56a6-af9d-86ba96262903,SC-02_20260525_0022.jpg,2026-05-25 08:27:09,SC-02,smartphone,saudavel,saudavel,0.9935,agrosmart-v1,simulado,sim-2026-05
bc63498c-8784-53af-a1e2-9095ac707c7b,SC-02_20260525_0023.jpg,2026-05-25 08:27:21,SC-02,smartphone,saudavel,saudavel,0.9470,agrosmart-v1,simulado,sim-2026-05
869feb86-3df2-57a6-b6c9-8c50c52df2ea,SC-02_20260525_0024.jpg,2026-05-25 08:28:13,SC-02,smartphone,saudavel,saudavel,0.9948,agrosmart-v1,simulado,sim-2026-05
632e24b3-5855-51fc-aa70-fa3f1b547334,SC-02_20260525_0025.jpg,2026-05-25 08:29:07,SC-02,smartphone,saudavel,saudavel,0.9607,agrosmart-v1,simulado,sim-2026-05
77c2345a-08c0-5eaa-87f9-33924380cfe5,SC-02_20260525_0026.jpg,2026-05-25 08:29:32,SC-02,smartphone,saudavel,saudavel,0.9759,agrosmart-v1,simulado,sim-2026-05
15281941-70f9-5a26-8ee3-c001ed196c1d,SC-02_20260525_0027.jpg,2026-05-25 08:30:27,SC-02,smartphone,saudavel,saudavel,0.9992,agrosmart-v1,simulado,sim-2026-05
1df89d18-03d1-53b5-b4f1-9c64f7040d6a,SC-02_20260525_0028.jpg,2026-05-25 08:30:57,SC-02,smartphone,saudavel,saudavel,1.0000,agrosmart-v1,simulado,sim-2026-05
0c0d077c-f890-54d1-8062-7838a8a073d4,SC-02_20260525_0029.jpg,2026-05-25 08:31:48,SC-02,smartphone,saudavel,saudavel,0.9031,agrosmart-v1,simulado,sim-2026-05
28ae6dde-83f1-5ae1-a5cf-1435033fef8d,SC-02_20260525_0030.jpg,2026-05-25 08:32:05,SC-02,smartphone,saudavel,saudavel,0.9132,agrosmart-v1,simulado,sim-2026-05
ef32555d-89ae-5717-874b-f24a02e7d157,SC-02_20260525_0031.jpg,2026-05-25 08:33:06,SC-02,smartphone,saudavel,saudavel,0.9211,agrosmart-v1,simulado,sim-2026-05
797a5d85-b7e9-5ac1-adf4-7ab8a0b66668,SC-02_20260525_0032.jpg,2026-05-25 08:33:30,SC-02,smartphone,saudavel,saudavel,0.8693,agrosmart-v1,simulado,sim-2026-05
655abdc8-b28d-5411-96c3-0a583a2bcf4d,SC-02_20260525_0033.jpg,2026-05-25 08:34:05,SC-02,smartphone,saudavel,saudavel,0.9726,agrosmart-v1,simulado,sim-2026-05
cd64d96e-d87c-56e2-a403-be1fa8b2289d,SC-02_20260525_0034.jpg,2026-05-25 08:35:04,SC-02,smartphone,saudavel,saudavel,0.8790,agrosmart-v1,simulado,sim-2026-05
8374457f-b953-5de3-b89d-f4e44a313555,BV-02_20260525_0001.jpg,2026-05-25 08:35:40,BV-02,smartphone,doente,mosca_minadora,0.9496,agrosmart-v1,simulado,sim-2026-05
726c4b35-f7f9-57e7-8fc8-ab23ec0d258c,BV-02_20260525_0002.jpg,2026-05-25 08:36:32,BV-02,smartphone,doente,requeima,0.8848,agrosmart-v1,simulado,sim-2026-05
238653f5-cf40-5593-aaeb-7f578bb2d2ab,BV-02_20260525_0003.jpg,2026-05-25 08:37:11,BV-02,smartphone,saudavel,saudavel,0.8356,agrosmart-v1,simulado,sim-2026-05
590f8d08-d566-5180-bdb2-addce4680205,BV-02_20260525_0004.jpg,2026-05-25 08:37:59,BV-02,smartphone,saudavel,saudavel,0.9484,agrosmart-v1,simulado,sim-2026-05
893b39cc-bd78-5742-8ebe-720fdd34a1bd,BV-02_20260525_0005.jpg,2026-05-25 08:38:23,BV-02,smartphone,saudavel,saudavel,0.8501,agrosmart-v1,simulado,sim-2026-05
7ce8365d-42a5-57ae-8481-e5bb3ba796d3,BV-02_20260525_0006.jpg,2026-05-25 08:39:18,BV-02,smartphone,saudavel,saudavel,0.9650,agrosmart-v1,simulado,sim-2026-05
2be79ac1-2fcf-5f1f-8ca0-7158158f4102,BV-02_20260525_0007.jpg,2026-05-25 08:40:04,BV-02,smartphone,saudavel,saudavel,0.9960,agrosmart-v1,simulado,sim-2026-05
03d0a4d5-c7b7-5743-8aaf-868228d92621,BV-02_20260525_0008.jpg,2026-05-25 08:40:20,BV-02,smartphone,saudavel,saudavel,0.8425,agrosmart-v1,simulado,sim-2026-05
e144be31-c054-54d7-b23b-a84d9961af4a,BV-02_20260525_0009.jpg,2026-05-25 08:41:25,BV-02,smartphone,saudavel,saudavel,0.8827,agrosmart-v1,simulado,sim-2026-05
d2a4f6f2-f72a-5789-91f4-6e9d164ded71,BV-02_20260525_0010.jpg,2026-05-25 08:41:49,BV-02,smartphone,saudavel,saudavel,0.9160,agrosmart-v1,simulado,sim-2026-05
826d349c-5a1b-59b4-b36f-c2e58f6020e2,BV-02_20260525_0011.jpg,2026-05-25 08:42:25,BV-02,smartphone,saudavel,saudavel,0.9554,agrosmart-v1,simulado,sim-2026-05
f9fcaf40-838b-57c1-8070-8b03a162bac4,BV-02_20260525_0012.jpg,2026-05-25 08:43:19,BV-02,smartphone,saudavel,saudavel,0.8417,agrosmart-v1,simulado,sim-2026-05
07d7b760-ff46-5ce1-9c3b-a7698800a9de,BV-02_20260525_0013.jpg,2026-05-25 08:43:57,BV-02,smartphone,saudavel,saudavel,0.8893,agrosmart-v1,simulado,sim-2026-05
def3c688-47b9-556c-8a58-acf590b4f12e,BV-02_20260525_0014.jpg,2026-05-25 08:44:41,BV-02,smartphone,saudavel,saudavel,0.9794,agrosmart-v1,simulado,sim-2026-05
4eae6371-f6a2-5fe6-ad44-a462dc6e79bc,BV-02_20260525_0015.jpg,2026-05-25 08:45:07,BV-02,smartphone,saudavel,saudavel,0.9566,agrosmart-v1,simulado,sim-2026-05
1c294a5b-1cae-53d1-93bb-19f3eb425ab8,BV-02_20260525_0016.jpg,2026-05-25 08:45:41,BV-02,smartphone,saudavel,saudavel,0.8488,agrosmart-v1,simulado,sim-2026-05
405b213e-2817-51ac-8af9-c6ed10fd7e36,BV-02_20260525_0017.jpg,2026-05-25 08:46:45,BV-02,smartphone,saudavel,saudavel,0.9217,agrosmart-v1,simulado,sim-2026-05
2bb7cf33-6e7d-59a0-8588-4135696e12f6,BV-02_20260525_0018.jpg,2026-05-25 08:47:18,BV-02,smartphone,saudavel,saudavel,0.9514,agrosmart-v1,simulado,sim-2026-05
44eb72bb-5aff-5d33-a71e-b23dc31a60fc,BV-02_20260525_0019.jpg,2026-05-25 08:47:50,BV-02,smartphone,saudavel,saudavel,0.9429,agrosmart-v1,simulado,sim-2026-05
e5954ec6-8700-56f2-a85a-e207c2cd92b5,BV-02_20260525_0020.jpg,2026-05-25 08:48:36,BV-02,smartphone,saudavel,saudavel,0.9463,agrosmart-v1,simulado,sim-2026-05
deb65d26-f00b-5324-a8af-1fdea2f2816b,BV-02_20260525_0021.jpg,2026-05-25 08:49:10,BV-02,smartphone,saudavel,saudavel,0.8951,agrosmart-v1,simulado,sim-2026-05
7bd743ea-5181-50c6-9599-af75388e158e,BV-02_20260525_0022.jpg,2026-05-25 08:50:00,BV-02,smartphone,saudavel,saudavel,0.9659,agrosmart-v1,simulado,sim-2026-05
9856eaf7-9cac-5dc7-aef4-3f88047b2036,BV-02_20260525_0023.jpg,2026-05-25 08:50:20,BV-02,smartphone,doente,pinta_preta,0.9814,agrosmart-v1,simulado,sim-2026-05
f64c1f19-a475-5505-a96c-a704ab66d59f,BV-02_20260525_0024.jpg,2026-05-25 08:51:12,BV-02,smartphone,saudavel,saudavel,0.8228,agrosmart-v1,simulado,sim-2026-05
60c2eb9c-3a9b-52bb-abf5-4bda0019b575,BV-02_20260525_0025.jpg,2026-05-25 08:52:04,BV-02,smartphone,saudavel,saudavel,0.9995,agrosmart-v1,simulado,sim-2026-05
6311238e-615d-5dcf-a696-4ff09dffc02a,BV-02_20260525_0026.jpg,2026-05-25 08:52:26,BV-02,smartphone,saudavel,saudavel,0.9830,agrosmart-v1,simulado,sim-2026-05
819610b7-fc6f-5df8-9090-235720f5f603,BV-02_20260525_0027.jpg,2026-05-25 08:53:28,BV-02,smartphone,saudavel,saudavel,0.9946,agrosmart-v1,simulado,sim-2026-05
54ea8837-55d1-5270-b67d-576c43dafe26,BV-02_20260525_0028.jpg,2026-05-25 08:53:41,BV-02,smartphone,saudavel,saudavel,0.9996,agrosmart-v1,simulado,sim-2026-05
3bd47547-d892-51f8-89bd-2b7ee24ef311,BV-02_20260525_0029.jpg,2026-05-25 08:54:26,BV-02,smartphone,saudavel,saudavel,0.9479,agrosmart-v1,simulado,sim-2026-05
ac3d6c9d-ed25-5273-9ad4-9aa9ae8771ef,BV-02_20260525_0030.jpg,2026-05-25 08:55:21,BV-02,smartphone,saudavel,saudavel,0.9018,agrosmart-v1,simulado,sim-2026-05
19f5e9d6-2ae7-5cf4-9d14-ad37ce69987e,BV-02_20260525_0031.jpg,2026-05-25 08:55:45,BV-02,smartphone,saudavel,saudavel,0.9165,agrosmart-v1,simulado,sim-2026-05
833b70bc-f192-5f1b-811c-076a1a7ef71a,BV-02_20260525_0032.jpg,2026-05-25 08:56:26,BV-02,smartphone,doente,requeima,0.8376,agrosmart-v1,simulado,sim-2026-05
d62dcb83-8f8f-59f1-8c54-83b93a7bed6a,SC-04_20260525_0001.jpg,2026-05-25 08:57:44,SC-04,smartphone,saudavel,saudavel,0.9180,agrosmart-v1,simulado,sim-2026-05
d5169742-e94c-5b10-9a60-14adf241b612,SC-04_20260525_0002.jpg,2026-05-25 08:58:47,SC-04,smartphone,saudavel,saudavel,0.9566,agrosmart-v1,simulado,sim-2026-05
d2b9689c-f250-5f9b-9f62-95a328ea22e2,SC-04_20260525_0003.jpg,2026-05-25 08:59:01,SC-04,smartphone,saudavel,saudavel,0.9727,agrosmart-v1,simulado,sim-2026-05
b4584777-1758-506b-9c4a-c9b84c9f988a,SC-04_20260525_0004.jpg,2026-05-25 08:59:54,SC-04,smartphone,doente,vaquinha,0.9851,agrosmart-v1,simulado,sim-2026-05
130b7fd2-991e-5102-a77f-8872e98d76b4,SC-04_20260525_0005.jpg,2026-05-25 09:00:22,SC-04,smartphone,saudavel,saudavel,0.9990,agrosmart-v1,simulado,sim-2026-05
a0cd195e-5bc2-55f2-97c1-0dfb2ad08120,SC-04_20260525_0006.jpg,2026-05-25 09:01:15,SC-04,smartphone,saudavel,saudavel,0.9122,agrosmart-v1,simulado,sim-2026-05
b72d5353-6baf-52ea-886a-397fa4cc72ed,SC-04_20260525_0007.jpg,2026-05-25 09:01:42,SC-04,smartphone,saudavel,saudavel,0.8368,agrosmart-v1,simulado,sim-2026-05
309cd1d3-4283-5c5b-bb8a-383d8b65873c,SC-04_20260525_0008.jpg,2026-05-25 09:02:20,SC-04,smartphone,saudavel,saudavel,0.9439,agrosmart-v1,simulado,sim-2026-05
6e7f2795-a790-53dc-9871-dea57de59340,SC-04_20260525_0009.jpg,2026-05-25 09:03:07,SC-04,smartphone,saudavel,saudavel,0.9207,agrosmart-v1,simulado,sim-2026-05
d7fcd255-9305-5a2f-9681-a14ef3e929c1,SC-04_20260525_0010.jpg,2026-05-25 09:03:59,SC-04,smartphone,saudavel,saudavel,0.9367,agrosmart-v1,simulado,sim-2026-05
18d51578-4369-52ad-ad5a-44620469359d,SC-04_20260525_0011.jpg,2026-05-25 09:04:26,SC-04,smartphone,saudavel,saudavel,0.9912,agrosmart-v1,simulado,sim-2026-05
49901bc8-7036-5be6-8438-a97cdc068142,SC-04_20260525_0012.jpg,2026-05-25 09:05:05,SC-04,smartphone,saudavel,saudavel,0.8698,agrosmart-v1,simulado,sim-2026-05
7b357701-55e3-5567-a4a2-17e45d382006,SC-04_20260525_0013.jpg,2026-05-25 09:05:48,SC-04,smartphone,saudavel,saudavel,0.9569,agrosmart-v1,simulado,sim-2026-05
756be8d9-4b93-5cf8-93d6-f36f8d74f604,SC-04_20260525_0014.jpg,2026-05-25 09:06:48,SC-04,smartphone,saudavel,saudavel,0.9197,agrosmart-v1,simulado,sim-2026-05
34d4a9d6-ef8c-5ea6-9d1a-8383aa0ce531,SC-04_20260525_0015.jpg,2026-05-25 09:07:26,SC-04,smartphone,saudavel,saudavel,0.9130,agrosmart-v1,simulado,sim-2026-05
58c1f4b6-9b45-55ac-a047-e00366ff7378,SC-04_20260525_0016.jpg,2026-05-25 09:08:04,SC-04,smartphone,saudavel,saudavel,0.9056,agrosmart-v1,simulado,sim-2026-05
69f29dfd-0ea8-50c0-ade7-3074a0447181,SC-04_20260525_0017.jpg,2026-05-25 09:08:45,SC-04,smartphone,saudavel,saudavel,0.7496,agrosmart-v1,simulado,sim-2026-05
94c2f738-377d-54de-a45f-6da19db1be51,SC-04_20260525_0018.jpg,2026-05-25 09:09:22,SC-04,smartphone,saudavel,saudavel,0.8782,agrosmart-v1,simulado,sim-2026-05
0be7ab74-ca91-551a-b25d-4c375bd422b6,SC-04_20260525_0019.jpg,2026-05-25 09:09:48,SC-04,smartphone,saudavel,saudavel,0.9858,agrosmart-v1,simulado,sim-2026-05
19b21dd1-474a-5947-9f2a-9b9f0814e6fb,SC-04_20260525_0020.jpg,2026-05-25 09:10:42,SC-04,smartphone,saudavel,saudavel,0.9762,agrosmart-v1,simulado,sim-2026-05
5e58064b-8d97-5168-b85f-351d68dd2936,SC-04_20260525_0021.jpg,2026-05-25 09:11:29,SC-04,smartphone,saudavel,saudavel,0.9344,agrosmart-v1,simulado,sim-2026-05
1461aa1a-cac7-54db-8365-0e210e8baef9,SC-04_20260525_0022.jpg,2026-05-25 09:11:56,SC-04,smartphone,saudavel,saudavel,0.9985,agrosmart-v1,simulado,sim-2026-05
a6c110d3-c89b-5397-af9d-4c7b62947462,SC-04_20260525_0023.jpg,2026-05-25 09:12:21,SC-04,smartphone,saudavel,saudavel,0.9895,agrosmart-v1,simulado,sim-2026-05
1716345d-730e-595e-8cc2-0f9e32b7d139,SC-04_20260525_0024.jpg,2026-05-25 09:13:15,SC-04,smartphone,saudavel,saudavel,0.9398,agrosmart-v1,simulado,sim-2026-05
8dd38cce-8b67-54d4-9198-227b2d28e94a,SC-04_20260525_0025.jpg,2026-05-25 09:13:59,SC-04,smartphone,saudavel,saudavel,0.9606,agrosmart-v1,simulado,sim-2026-05
d7a22779-9e2b-56d6-8152-c6cc3bb882c7,SC-04_20260525_0026.jpg,2026-05-25 09:14:34,SC-04,smartphone,saudavel,saudavel,0.9859,agrosmart-v1,simulado,sim-2026-05
0ecdb862-210b-5863-af1b-dcd22f3121ad,SC-04_20260525_0027.jpg,2026-05-25 09:15:15,SC-04,smartphone,saudavel,saudavel,0.8425,agrosmart-v1,simulado,sim-2026-05
44bb277e-0e4a-53b5-8d15-f878d6ee0a12,SC-04_20260525_0028.jpg,2026-05-25 09:16:10,SC-04,smartphone,saudavel,saudavel,0.9985,agrosmart-v1,simulado,sim-2026-05
28f9b902-9d17-54ab-afea-55294eccab7c,BV-03_20260525_0001.jpg,2026-05-25 09:19:56,BV-03,smartphone,saudavel,saudavel,0.9888,agrosmart-v1,simulado,sim-2026-05
b7e97d2a-a059-5483-8483-002a5a9c9426,BV-03_20260525_0002.jpg,2026-05-25 09:20:33,BV-03,smartphone,saudavel,saudavel,0.9909,agrosmart-v1,simulado,sim-2026-05
d47661ff-9499-58ad-99fa-2484b48d76a2,BV-03_20260525_0003.jpg,2026-05-25 09:21:25,BV-03,smartphone,saudavel,saudavel,0.8624,agrosmart-v1,simulado,sim-2026-05
da28b316-dfa4-535e-83a7-452bcd4320f2,BV-03_20260525_0004.jpg,2026-05-25 09:21:45,BV-03,smartphone,saudavel,saudavel,0.9498,agrosmart-v1,simulado,sim-2026-05
19121f95-c664-5302-97cf-49129ab34ef2,BV-03_20260525_0005.jpg,2026-05-25 09:22:45,BV-03,smartphone,saudavel,saudavel,0.9999,agrosmart-v1,simulado,sim-2026-05
a708b26f-85c4-5182-9e77-ff5ec0f9569b,BV-03_20260525_0006.jpg,2026-05-25 09:23:08,BV-03,smartphone,saudavel,saudavel,0.9999,agrosmart-v1,simulado,sim-2026-05
b2799d04-8c31-5f65-8e53-eaad08758c77,BV-03_20260525_0007.jpg,2026-05-25 09:24:06,BV-03,smartphone,saudavel,saudavel,0.9997,agrosmart-v1,simulado,sim-2026-05
ab8d7488-c598-530d-a143-c81c55a968ee,BV-03_20260525_0008.jpg,2026-05-25 09:24:46,BV-03,smartphone,doente,requeima,0.9826,agrosmart-v1,simulado,sim-2026-05
418cdda3-b633-55c8-a694-00b2a88810ff,BV-03_20260525_0009.jpg,2026-05-25 09:25:08,BV-03,smartphone,saudavel,saudavel,0.9051,agrosmart-v1,simulado,sim-2026-05
c0eba6fe-68de-5a6b-a7a2-30bfe98faa73,BV-03_20260525_0010.jpg,2026-05-25 09:25:40,BV-03,smartphone,doente,vaquinha,0.9710,agrosmart-v1,simulado,sim-2026-05
0382e355-d17c-50f2-873b-d16a669cec2e,BV-03_20260525_0011.jpg,2026-05-25 09:26:43,BV-03,smartphone,saudavel,saudavel,0.9677,agrosmart-v1,simulado,sim-2026-05
245f8166-711c-549b-9852-76d9b647c557,BV-03_20260525_0012.jpg,2026-05-25 09:27:07,BV-03,smartphone,saudavel,saudavel,0.9982,agrosmart-v1,simulado,sim-2026-05
77d38291-8ba8-51b6-80b4-cf40dd69bd0d,BV-03_20260525_0013.jpg,2026-05-25 09:28:07,BV-03,smartphone,saudavel,saudavel,0.9995,agrosmart-v1,simulado,sim-2026-05
3b03ecf9-fe18-5639-9e89-bd92177c55c5,BV-03_20260525_0014.jpg,2026-05-25 09:28:25,BV-03,smartphone,doente,requeima,0.7087,agrosmart-v1,simulado,sim-2026-05
1ebd9bdd-6387-5543-be3c-7536ea7c0a2b,BV-03_20260525_0015.jpg,2026-05-25 09:29:14,BV-03,smartphone,doente,requeima,0.9369,agrosmart-v1,simulado,sim-2026-05
23013ab3-530b-5142-adf8-5ce7908db085,BV-03_20260525_0016.jpg,2026-05-25 09:30:10,BV-03,smartphone,saudavel,saudavel,0.9986,agrosmart-v1,simulado,sim-2026-05
47887917-9261-5ff4-9532-736e2ee4834d,BV-03_20260525_0017.jpg,2026-05-25 09:30:50,BV-03,smartphone,saudavel,saudavel,0.6004,agrosmart-v1,simulado,sim-2026-05
83ea5368-0797-5850-a10b-10fc4915ba9b,BV-03_20260525_0018.jpg,2026-05-25 09:31:26,BV-03,smartphone,saudavel,saudavel,0.9979,agrosmart-v1,simulado,sim-2026-05
f0a673fb-a509-534c-a498-77c6809df324,BV-03_20260525_0019.jpg,2026-05-25 09:32:03,BV-03,smartphone,saudavel,saudavel,0.8782,agrosmart-v1,simulado,sim-2026-05
7021a43d-8f5e-5ca4-ab19-bb9fb9ed8e0d,TI-03_20260525_0001.jpg,2026-05-25 09:52:05,TI-03,drone,doente,mosca_minadora,0.9156,agrosmart-v1,simulado,sim-2026-05
ce97e315-d00f-566d-867d-77f793f67229,TI-03_20260525_0002.jpg,2026-05-25 09:52:35,TI-03,drone,saudavel,saudavel,0.9585,agrosmart-v1,simulado,sim-2026-05
1f2ca96c-3eb3-57e2-b36a-10894a6c0aa2,TI-03_20260525_0003.jpg,2026-05-25 09:53:18,TI-03,drone,saudavel,saudavel,0.8509,agrosmart-v1,simulado,sim-2026-05
89f486f0-ce44-5c0a-ad37-85e0ae27ab80,TI-03_20260525_0004.jpg,2026-05-25 09:53:43,TI-03,drone,saudavel,saudavel,0.9997,agrosmart-v1,simulado,sim-2026-05
3a80d770-36d1-5543-a5c2-d67390fde7d0,TI-03_20260525_0005.jpg,2026-05-25 09:54:22,TI-03,drone,saudavel,saudavel,0.9852,agrosmart-v1,simulado,sim-2026-05
e818f085-88c9-5065-aead-2f366e9c9ead,TI-03_20260525_0006.jpg,2026-05-25 09:55:24,TI-03,drone,saudavel,saudavel,0.9945,agrosmart-v1,simulado,sim-2026-05
76ba0f53-a508-50e8-a342-24e9aa88d59f,TI-03_20260525_0007.jpg,2026-05-25 09:55:45,TI-03,drone,doente,mosca_minadora,0.8416,agrosmart-v1,simulado,sim-2026-05
29f9f868-1432-5083-99ac-55b85f0bb362,TI-03_20260525_0008.jpg,2026-05-25 09:56:37,TI-03,drone,saudavel,saudavel,0.9888,agrosmart-v1,simulado,sim-2026-05
7fe8993a-f2e7-50f4-9f84-172d7978dc1e,TI-03_20260525_0009.jpg,2026-05-25 09:57:22,TI-03,drone,saudavel,saudavel,0.9599,agrosmart-v1,simulado,sim-2026-05
27c7c6c2-ce36-578e-8998-8e4fd882f264,TI-03_20260525_0010.jpg,2026-05-25 09:57:43,TI-03,drone,saudavel,saudavel,0.9159,agrosmart-v1,simulado,sim-2026-05
0bf5e306-e6f5-539a-8d1e-ec8b64071cad,TI-03_20260525_0011.jpg,2026-05-25 09:58:44,TI-03,drone,saudavel,saudavel,0.9701,agrosmart-v1,simulado,sim-2026-05
48ede9a8-e40e-59b4-b4d2-913a0ecb01c8,TI-03_20260525_0012.jpg,2026-05-25 09:59:03,TI-03,drone,saudavel,saudavel,0.9021,agrosmart-v1,simulado,sim-2026-05
383d574d-663e-5d9f-a37d-12452e1c3720,TI-03_20260525_0013.jpg,2026-05-25 09:59:55,TI-03,drone,doente,vaquinha,0.9988,agrosmart-v1,simulado,sim-2026-05
876343bd-84f8-5a10-a373-b1ee1f4793d2,TI-03_20260525_0014.jpg,2026-05-25 10:00:37,TI-03,drone,saudavel,saudavel,0.9907,agrosmart-v1,simulado,sim-2026-05
08d2c998-4f9d-5bcb-bd67-17aa9d28a928,TI-03_20260525_0015.jpg,2026-05-25 10:01:12,TI-03,drone,saudavel,saudavel,0.9991,agrosmart-v1,simulado,sim-2026-05
3ba815b2-d162-5bcb-96b7-8a907f4dff36,TI-03_20260525_0016.jpg,2026-05-25 10:01:54,TI-03,drone,saudavel,saudavel,0.8467,agrosmart-v1,simulado,sim-2026-05
9d6afeec-9131-5ee4-9274-c81072b8e9dc,TI-03_20260525_0017.jpg,2026-05-25 10:02:32,TI-03,drone,saudavel,saudavel,0.8493,agrosmart-v1,simulado,sim-2026-05
8f055436-49c4-579e-9efc-b8ebc360c3b1,TI-03_20260525_0018.jpg,2026-05-25 10:03:06,TI-03,drone,saudavel,saudavel,0.8393,agrosmart-v1,simulado,sim-2026-05
df84e43d-7fa5-5b87-acb8-0f0fff5c2b7d,TI-03_20260525_0019.jpg,2026-05-25 10:04:10,TI-03,drone,saudavel,saudavel,0.8730,agrosmart-v1,simulado,sim-2026-05
d92b102c-2996-56c0-afc7-7c1897511598,TI-03_20260525_0020.jpg,2026-05-25 10:04:47,TI-03,drone,saudavel,saudavel,0.8512,agrosmart-v1,simulado,sim-2026-05
074c13fc-8e6b-5fa0-89bd-3743bcafdd4b,TI-03_20260525_0021.jpg,2026-05-25 10:05:28,TI-03,drone,saudavel,saudavel,0.8324,agrosmart-v1,simulado,sim-2026-05
9a2ce83d-502c-55e2-a467-a33ce3562551,TI-03_20260525_0022.jpg,2026-05-25 10:06:06,TI-03,drone,saudavel,saudavel,0.9140,agrosmart-v1,simulado,sim-2026-05
1623471a-3a21-54f8-97b9-45bfe1dea7cf,TI-03_20260525_0023.jpg,2026-05-25 10:06:40,TI-03,drone,saudavel,saudavel,0.9412,agrosmart-v1,simulado,sim-2026-05
0f95331b-1823-576b-a897-712a1c2e0104,TI-03_20260525_0024.jpg,2026-05-25 10:07:18,TI-03,drone,saudavel,saudavel,0.8578,agrosmart-v1,simulado,sim-2026-05
2340282b-c0d1-50fa-8378-d7b4b98c5d93,TI-03_20260525_0025.jpg,2026-05-25 10:07:43,TI-03,drone,saudavel,saudavel,0.8848,agrosmart-v1,simulado,sim-2026-05
d327d955-f761-5c0a-9cef-e06db4126bb3,TI-03_20260525_0026.jpg,2026-05-25 10:08:33,TI-03,drone,saudavel,saudavel,0.9268,agrosmart-v1,simulado,sim-2026-05
9f0a6592-fd91-5f40-b5c2-1acdbab3c767,TI-03_20260525_0027.jpg,2026-05-25 10:09:03,TI-03,drone,saudavel,saudavel,0.9992,agrosmart-v1,simulado,sim-2026-05
ed497f20-30d8-56bc-838d-32e302a34855,TI-03_20260525_0028.jpg,2026-05-25 10:09:46,TI-03,drone,saudavel,saudavel,0.8562,agrosmart-v1,simulado,sim-2026-05
205b0ff0-4b85-5e26-aeed-b600f85e0adf,TI-03_20260525_0029.jpg,2026-05-25 10:10:41,TI-03,drone,saudavel,saudavel,0.9988,agrosmart-v1,simulado,sim-2026-05
463c7627-c824-5d50-8df3-4c49d733ef4d,TI-03_20260525_0030.jpg,2026-05-25 10:11:15,TI-03,drone,saudavel,saudavel,0.9016,agrosmart-v1,simulado,sim-2026-05
e1e73c22-f350-5be3-b6e4-434d29c76801,TI-03_20260525_0031.jpg,2026-05-25 10:11:44,TI-03,drone,saudavel,saudavel,0.9863,agrosmart-v1,simulado,sim-2026-05
896dfca6-a2de-5646-b829-51eef5fdf1c7,TI-03_20260525_0032.jpg,2026-05-25 10:12:46,TI-03,drone,saudavel,saudavel,0.9951,agrosmart-v1,simulado,sim-2026-05
3cb8f824-0222-5d28-a61c-be0cd5da59d8,TI-03_20260525_0033.jpg,2026-05-25 10:13:15,TI-03,drone,saudavel,saudavel,0.9337,agrosmart-v1,simulado,sim-2026-05
52392990-1f63-5d47-97ca-8316f1f03a5b,TI-03_20260525_0034.jpg,2026-05-25 10:13:41,TI-03,drone,saudavel,saudavel,1.0000,agrosmart-v1,simulado,sim-2026-05
d4381521-640e-58c8-8250-30997964fe7f,TI-03_20260525_0035.jpg,2026-05-25 10:14:30,TI-03,drone,saudavel,saudavel,0.6921,agrosmart-v1,simulado,sim-2026-05
9046ecf4-c8b2-57ef-bdbd-8fc0040a9672,TI-03_20260525_0036.jpg,2026-05-25 10:15:19,TI-03,drone,saudavel,saudavel,0.9197,agrosmart-v1,simulado,sim-2026-05
10b4c71c-6303-52b5-b2b7-9b089464a0b2,TI-03_20260525_0037.jpg,2026-05-25 10:15:54,TI-03,drone,saudavel,saudavel,0.9874,agrosmart-v1,simulado,sim-2026-05
daefa37f-dce3-5deb-ad03-eabe758e0512,TI-03_20260525_0038.jpg,2026-05-25 10:16:45,TI-03,drone,saudavel,saudavel,0.9136,agrosmart-v1,simulado,sim-2026-05
fc314e24-9c3b-5282-8e57-fccdfc929e53,TI-03_20260525_0039.jpg,2026-05-25 10:17:03,TI-03,drone,saudavel,saudavel,0.9992,agrosmart-v1,simulado,sim-2026-05
1815050b-edf9-530e-b255-1cd938dc7eec,TI-04_20260527_0001.jpg,2026-05-27 07:32:54,TI-04,drone,saudavel,saudavel,0.9993,agrosmart-v1,simulado,sim-2026-05
60b4928b-1309-531e-ada3-80ef3e6a4565,TI-04_20260527_0002.jpg,2026-05-27 07:33:41,TI-04,drone,saudavel,saudavel,0.9158,agrosmart-v1,simulado,sim-2026-05
262c0dc2-6102-5a52-982d-81b52759e7c8,TI-04_20260527_0003.jpg,2026-05-27 07:34:05,TI-04,drone,saudavel,saudavel,0.9896,agrosmart-v1,simulado,sim-2026-05
8503c01d-868f-5689-a5e5-21967f98f131,TI-04_20260527_0004.jpg,2026-05-27 07:34:54,TI-04,drone,saudavel,saudavel,0.9932,agrosmart-v1,simulado,sim-2026-05
3e8e57f4-6fa2-569c-b4f3-be3f6ecd8dd2,TI-04_20260527_0005.jpg,2026-05-27 07:35:43,TI-04,drone,saudavel,saudavel,0.9599,agrosmart-v1,simulado,sim-2026-05
d62bbd72-f8a6-59cc-9471-f93f32f4db3c,TI-04_20260527_0006.jpg,2026-05-27 07:36:28,TI-04,drone,saudavel,saudavel,0.9605,agrosmart-v1,simulado,sim-2026-05
86638efe-1225-5569-b2f2-622e1aa2272e,TI-04_20260527_0007.jpg,2026-05-27 07:37:05,TI-04,drone,saudavel,saudavel,0.9515,agrosmart-v1,simulado,sim-2026-05
d8ae0eb5-7c1e-5695-bc9f-03ae12b46c3e,TI-04_20260527_0008.jpg,2026-05-27 07:37:41,TI-04,drone,saudavel,saudavel,0.9444,agrosmart-v1,simulado,sim-2026-05
1be6415d-c7ed-5f10-8efe-c4d68470cd73,TI-04_20260527_0009.jpg,2026-05-27 07:38:26,TI-04,drone,saudavel,saudavel,0.9991,agrosmart-v1,simulado,sim-2026-05
d1c4a96c-c947-583d-b706-d20e3d042416,TI-04_20260527_0010.jpg,2026-05-27 07:39:00,TI-04,drone,doente,pinta_preta,0.9535,agrosmart-v1,simulado,sim-2026-05
1c67abc4-67f3-56f3-90a4-d8ce8f2e62ea,TI-04_20260527_0011.jpg,2026-05-27 07:39:31,TI-04,drone,saudavel,saudavel,0.8894,agrosmart-v1,simulado,sim-2026-05
c506349b-414a-5c8d-8df3-ce432dbf0f4f,TI-04_20260527_0012.jpg,2026-05-27 07:40:19,TI-04,drone,saudavel,saudavel,0.8581,agrosmart-v1,simulado,sim-2026-05
94bbfdcd-1cb9-56ba-8656-3d247b13e5a3,TI-04_20260527_0013.jpg,2026-05-27 07:40:43,TI-04,drone,saudavel,saudavel,0.9858,agrosmart-v1,simulado,sim-2026-05
4eebb6d3-c3ba-5a16-ae8b-8d2ba7f1ee65,TI-04_20260527_0014.jpg,2026-05-27 07:41:34,TI-04,drone,saudavel,saudavel,0.9669,agrosmart-v1,simulado,sim-2026-05
d172d7e7-64c9-59e7-ac71-63ddf461bc7d,TI-04_20260527_0015.jpg,2026-05-27 07:42:10,TI-04,drone,saudavel,saudavel,0.8818,agrosmart-v1,simulado,sim-2026-05
ee1ec87d-9789-5d79-a86d-cccfc999e837,TI-04_20260527_0016.jpg,2026-05-27 07:42:55,TI-04,drone,saudavel,saudavel,0.8575,agrosmart-v1,simulado,sim-2026-05
0a7c60bb-8fb9-5923-9ca9-c9721640de30,TI-04_20260527_0017.jpg,2026-05-27 07:43:22,TI-04,drone,saudavel,saudavel,0.9825,agrosmart-v1,simulado,sim-2026-05
830263a5-bc40-546d-a058-94030062c1b5,TI-04_20260527_0018.jpg,2026-05-27 07:44:06,TI-04,drone,saudavel,saudavel,0.8655,agrosmart-v1,simulado,sim-2026-05
3d91ad88-f290-58cf-9599-4a14337c0113,TI-04_20260527_0019.jpg,2026-05-27 07:45:01,TI-04,drone,saudavel,saudavel,0.8414,agrosmart-v1,simulado,sim-2026-05
1e5dd68f-9713-52f4-b82b-4c112ffbb944,TI-04_20260527_0020.jpg,2026-05-27 07:45:25,TI-04,drone,saudavel,saudavel,0.9615,agrosmart-v1,simulado,sim-2026-05
d7d5ba9f-b324-5eb1-b8c2-ec207a99e6d5,TI-04_20260527_0021.jpg,2026-05-27 07:46:26,TI-04,drone,saudavel,saudavel,0.8959,agrosmart-v1,simulado,sim-2026-05
5b4bcacf-f205-57ae-8fd4-2db4c63a01b8,TI-04_20260527_0022.jpg,2026-05-27 07:46:57,TI-04,drone,saudavel,saudavel,0.9366,agrosmart-v1,simulado,sim-2026-05
c5bc561a-a523-5297-8625-0e285fb46235,TI-04_20260527_0023.jpg,2026-05-27 07:47:29,TI-04,drone,saudavel,saudavel,0.9143,agrosmart-v1,simulado,sim-2026-05
2ae75ac4-f9d1-53d2-a771-fc2a751398ee,TI-04_20260527_0024.jpg,2026-05-27 07:48:08,TI-04,drone,saudavel,saudavel,0.9368,agrosmart-v1,simulado,sim-2026-05
2ef3bec0-5c5f-595f-a4a3-8ca0bc36fe45,TI-04_20260527_0025.jpg,2026-05-27 07:48:40,TI-04,drone,saudavel,saudavel,0.9972,agrosmart-v1,simulado,sim-2026-05
103dde64-6f3b-5e87-b09e-d2752e89552f,TI-02_20260527_0001.jpg,2026-05-27 07:49:43,TI-02,drone,saudavel,saudavel,0.8655,agrosmart-v1,simulado,sim-2026-05
7c438d7a-5f33-5906-9497-97f279e11eed,TI-04_20260527_0026.jpg,2026-05-27 07:49:43,TI-04,drone,saudavel,saudavel,0.9800,agrosmart-v1,simulado,sim-2026-05
711e3511-18e0-5c8d-8534-74dc8d0d963e,TI-04_20260527_0027.jpg,2026-05-27 07:50:29,TI-04,drone,saudavel,saudavel,0.9686,agrosmart-v1,simulado,sim-2026-05
67a9e65b-d029-5eee-a40f-828dc04142f5,TI-02_20260527_0002.jpg,2026-05-27 07:50:36,TI-02,drone,saudavel,saudavel,0.9883,agrosmart-v1,simulado,sim-2026-05
d40f0327-f817-5390-8a76-0e31ba68d1bf,TI-04_20260527_0028.jpg,2026-05-27 07:51:02,TI-04,drone,saudavel,saudavel,0.9526,agrosmart-v1,simulado,sim-2026-05
18b30ec0-beb5-559f-9654-31779f216a85,TI-02_20260527_0003.jpg,2026-05-27 07:51:27,TI-02,drone,saudavel,saudavel,0.9813,agrosmart-v1,simulado,sim-2026-05
72e77de3-bbd0-52f7-8e69-50243da41b45,TI-04_20260527_0029.jpg,2026-05-27 07:51:36,TI-04,drone,saudavel,saudavel,0.9829,agrosmart-v1,simulado,sim-2026-05
d59e5f1a-85ae-5824-b512-79538bc8e923,TI-02_20260527_0004.jpg,2026-05-27 07:51:42,TI-02,drone,saudavel,saudavel,0.8977,agrosmart-v1,simulado,sim-2026-05
333c7494-bb3b-5709-8ada-f3ae370afddc,TI-04_20260527_0030.jpg,2026-05-27 07:52:03,TI-04,drone,saudavel,saudavel,0.9071,agrosmart-v1,simulado,sim-2026-05
fdccba48-b11b-5b59-87dc-2b6178db65ef,TI-02_20260527_0005.jpg,2026-05-27 07:52:46,TI-02,drone,saudavel,saudavel,0.9085,agrosmart-v1,simulado,sim-2026-05
2701f74e-97fb-5262-bd10-edde6e5b8a5d,TI-02_20260527_0006.jpg,2026-05-27 07:53:04,TI-02,drone,saudavel,saudavel,0.9924,agrosmart-v1,simulado,sim-2026-05
5346cc0e-c3ab-5b37-a928-d0e354604467,TI-02_20260527_0007.jpg,2026-05-27 07:53:41,TI-02,drone,saudavel,saudavel,0.8271,agrosmart-v1,simulado,sim-2026-05
36511ae7-a4c7-5014-8c1e-290fc1294950,TI-02_20260527_0008.jpg,2026-05-27 07:54:31,TI-02,drone,saudavel,saudavel,0.9247,agrosmart-v1,simulado,sim-2026-05
b8b67e57-8e07-586c-b1ff-cbd08f61c5bf,TI-02_20260527_0009.jpg,2026-05-27 07:55:07,TI-02,drone,saudavel,saudavel,1.0000,agrosmart-v1,simulado,sim-2026-05
5937cef6-5684-5ec5-b17c-2437753f60da,BV-01_20260527_0001.jpg,2026-05-27 07:55:43,BV-01,smartphone,saudavel,saudavel,0.9904,agrosmart-v1,simulado,sim-2026-05
45e937d5-e243-54b9-b061-8ee1c6e63d38,TI-02_20260527_0010.jpg,2026-05-27 07:55:48,TI-02,drone,saudavel,saudavel,0.9835,agrosmart-v1,simulado,sim-2026-05
b70ae7b6-e70c-585d-bdbd-09d393a2bee2,BV-01_20260527_0002.jpg,2026-05-27 07:56:26,BV-01,smartphone,saudavel,saudavel,0.9889,agrosmart-v1,simulado,sim-2026-05
67bf3998-105d-5040-bcba-f04f439d69bb,TI-02_20260527_0011.jpg,2026-05-27 07:56:37,TI-02,drone,saudavel,saudavel,0.9388,agrosmart-v1,simulado,sim-2026-05
a83fcb0c-de20-544a-8c07-305fad61c427,BV-01_20260527_0003.jpg,2026-05-27 07:57:05,BV-01,smartphone,saudavel,saudavel,0.9439,agrosmart-v1,simulado,sim-2026-05
9bea8c03-3db0-5d78-a135-5de1bd81f297,TI-02_20260527_0012.jpg,2026-05-27 07:57:20,TI-02,drone,saudavel,saudavel,0.8441,agrosmart-v1,simulado,sim-2026-05
901d7e61-35bc-5715-9441-8f8a4f322f41,TI-02_20260527_0013.jpg,2026-05-27 07:57:53,TI-02,drone,saudavel,saudavel,0.8968,agrosmart-v1,simulado,sim-2026-05
561d9f93-da0d-531a-9cbb-3afe0d343b13,BV-01_20260527_0004.jpg,2026-05-27 07:58:04,BV-01,smartphone,saudavel,saudavel,0.9769,agrosmart-v1,simulado,sim-2026-05
a3b76135-4342-5fb9-b4a4-c18f63b94e0a,TI-02_20260527_0014.jpg,2026-05-27 07:58:40,TI-02,drone,saudavel,saudavel,0.9044,agrosmart-v1,simulado,sim-2026-05
c2f41ae5-1183-523e-82b6-7ea0e0d923f8,BV-01_20260527_0005.jpg,2026-05-27 07:58:41,BV-01,smartphone,saudavel,saudavel,0.9980,agrosmart-v1,simulado,sim-2026-05
7a1f298f-b3f1-55be-ae31-cb286898302e,BV-01_20260527_0006.jpg,2026-05-27 07:59:17,BV-01,smartphone,saudavel,saudavel,0.9795,agrosmart-v1,simulado,sim-2026-05
04278be2-5684-53a7-8828-ec1519beb105,TI-02_20260527_0015.jpg,2026-05-27 07:59:22,TI-02,drone,saudavel,saudavel,0.9356,agrosmart-v1,simulado,sim-2026-05
24a3dede-f038-5eb1-8d8d-0b040bb7d7c9,BV-01_20260527_0007.jpg,2026-05-27 07:59:59,BV-01,smartphone,saudavel,saudavel,0.9777,agrosmart-v1,simulado,sim-2026-05
58a386e8-c419-5ecc-bff4-9067387ac284,TI-02_20260527_0016.jpg,2026-05-27 08:00:04,TI-02,drone,saudavel,saudavel,0.9947,agrosmart-v1,simulado,sim-2026-05
f4395690-926a-5bfd-b0cb-5f4a11cb6223,BV-01_20260527_0008.jpg,2026-05-27 08:00:30,BV-01,smartphone,saudavel,saudavel,0.9694,agrosmart-v1,simulado,sim-2026-05
79e65c99-03d6-5044-b6e2-2b8ecc0f7d96,TI-02_20260527_0017.jpg,2026-05-27 08:00:43,TI-02,drone,doente,mosca_minadora,0.9446,agrosmart-v1,simulado,sim-2026-05
c92564ba-7f5f-5588-bacf-0b6ad6b251b7,TI-02_20260527_0018.jpg,2026-05-27 08:01:14,TI-02,drone,saudavel,saudavel,0.8305,agrosmart-v1,simulado,sim-2026-05
e80efa8d-8993-570b-b0ca-02fe1786f452,BV-01_20260527_0009.jpg,2026-05-27 08:01:26,BV-01,smartphone,saudavel,saudavel,0.9334,agrosmart-v1,simulado,sim-2026-05
3c169f06-b76c-5672-b40c-cfbb0ab5dc68,BV-01_20260527_0010.jpg,2026-05-27 08:01:46,BV-01,smartphone,saudavel,saudavel,0.9455,agrosmart-v1,simulado,sim-2026-05
86978626-c081-5b08-aeee-626b525101aa,TI-02_20260527_0019.jpg,2026-05-27 08:01:46,TI-02,drone,saudavel,saudavel,0.9738,agrosmart-v1,simulado,sim-2026-05
f0109b27-ee9f-552e-b030-88e52956d23a,BV-01_20260527_0011.jpg,2026-05-27 08:02:31,BV-01,smartphone,saudavel,saudavel,0.9640,agrosmart-v1,simulado,sim-2026-05
d47907ae-c836-5897-8402-30e05a24dbe0,TI-02_20260527_0020.jpg,2026-05-27 08:02:40,TI-02,drone,saudavel,saudavel,0.9379,agrosmart-v1,simulado,sim-2026-05
cc2b8e2c-3de2-555b-8f03-b8d9f02dee8d,TI-02_20260527_0021.jpg,2026-05-27 08:03:08,TI-02,drone,saudavel,saudavel,0.9368,agrosmart-v1,simulado,sim-2026-05
8b3f8288-3000-56d8-8eef-609322b904cc,BV-01_20260527_0012.jpg,2026-05-27 08:03:23,BV-01,smartphone,saudavel,saudavel,0.9854,agrosmart-v1,simulado,sim-2026-05
32a279b4-4964-5250-b36d-db691d729d34,BV-01_20260527_0013.jpg,2026-05-27 08:03:44,BV-01,smartphone,doente,requeima,0.9836,agrosmart-v1,simulado,sim-2026-05
da22af9e-4bb1-5c93-bf87-00bb09496b1a,TI-02_20260527_0022.jpg,2026-05-27 08:03:57,TI-02,drone,saudavel,saudavel,0.9957,agrosmart-v1,simulado,sim-2026-05
a1070009-c4d2-5c21-afc3-9a51a2067ade,BV-01_20260527_0014.jpg,2026-05-27 08:04:27,BV-01,smartphone,saudavel,saudavel,0.9822,agrosmart-v1,simulado,sim-2026-05
6e9b3786-7a06-55db-8cca-9a318056a365,TI-02_20260527_0023.jpg,2026-05-27 08:04:48,TI-02,drone,saudavel,saudavel,0.8542,agrosmart-v1,simulado,sim-2026-05
e1f08fd1-4925-542f-94a7-40a4c53f3398,TI-02_20260527_0024.jpg,2026-05-27 08:05:13,TI-02,drone,saudavel,saudavel,0.8860,agrosmart-v1,simulado,sim-2026-05
8fa1bf0c-dec0-5836-9683-55c66374bd5c,BV-01_20260527_0015.jpg,2026-05-27 08:05:30,BV-01,smartphone,saudavel,saudavel,0.9863,agrosmart-v1,simulado,sim-2026-05
64974939-68d1-5c26-9829-c5943467142a,TI-02_20260527_0025.jpg,2026-05-27 08:05:54,TI-02,drone,saudavel,saudavel,0.9124,agrosmart-v1,simulado,sim-2026-05
e3052130-83b1-53fc-aa0d-bb8f49b6c73a,BV-01_20260527_0016.jpg,2026-05-27 08:05:57,BV-01,smartphone,saudavel,saudavel,0.9412,agrosmart-v1,simulado,sim-2026-05
57395c11-9632-57e0-a093-e7aa7747734e,BV-01_20260527_0017.jpg,2026-05-27 08:06:34,BV-01,smartphone,doente,requeima,0.9966,agrosmart-v1,simulado,sim-2026-05
8045ae20-aaf3-557d-bba9-b2e60e874671,TI-02_20260527_0026.jpg,2026-05-27 08:06:41,TI-02,drone,saudavel,saudavel,0.8489,agrosmart-v1,simulado,sim-2026-05
b050e6ba-b9cb-575e-8219-7afb2f96f9b4,BV-01_20260527_0018.jpg,2026-05-27 08:07:18,BV-01,smartphone,saudavel,saudavel,0.9882,agrosmart-v1,simulado,sim-2026-05
9b9fd300-2134-56da-94b8-b2b540d3886f,TI-02_20260527_0027.jpg,2026-05-27 08:07:28,TI-02,drone,saudavel,saudavel,0.9095,agrosmart-v1,simulado,sim-2026-05
17b96f46-35f6-5025-a28a-9d609ef944b6,TI-02_20260527_0028.jpg,2026-05-27 08:07:51,TI-02,drone,saudavel,saudavel,0.9833,agrosmart-v1,simulado,sim-2026-05
19114648-2fb4-5900-8961-bab94c275c77,BV-01_20260527_0019.jpg,2026-05-27 08:07:58,BV-01,smartphone,saudavel,saudavel,0.8483,agrosmart-v1,simulado,sim-2026-05
c27ee6f3-aee0-506b-8f5d-4b2856a99f20,TI-02_20260527_0029.jpg,2026-05-27 08:08:22,TI-02,drone,saudavel,saudavel,0.8862,agrosmart-v1,simulado,sim-2026-05
129088d4-e211-5583-bf76-b4976d968d5f,BV-01_20260527_0020.jpg,2026-05-27 08:08:43,BV-01,smartphone,saudavel,saudavel,0.9581,agrosmart-v1,simulado,sim-2026-05
53e3bd64-563b-5f31-91f2-902353d219b9,BV-01_20260527_0021.jpg,2026-05-27 08:09:28,BV-01,smartphone,saudavel,saudavel,0.9402,agrosmart-v1,simulado,sim-2026-05
2516da2a-722b-5234-bbee-97dcd6407bdc,TI-02_20260527_0030.jpg,2026-05-27 08:09:30,TI-02,drone,saudavel,saudavel,0.9993,agrosmart-v1,simulado,sim-2026-05
d93c5b3d-10c3-5216-ad9b-0182fb5fab80,TI-02_20260527_0031.jpg,2026-05-27 08:09:43,TI-02,drone,saudavel,saudavel,0.8722,agrosmart-v1,simulado,sim-2026-05
71d6c270-9d65-56de-bdbc-1ca5a85f3cb5,BV-01_20260527_0022.jpg,2026-05-27 08:09:59,BV-01,smartphone,saudavel,saudavel,0.9997,agrosmart-v1,simulado,sim-2026-05
58d96525-71a4-53a4-aebf-ce71f034265b,TI-02_20260527_0032.jpg,2026-05-27 08:10:31,TI-02,drone,saudavel,saudavel,0.8722,agrosmart-v1,simulado,sim-2026-05
b8b2e5ab-5e75-532b-91dc-e593c436a97a,BV-01_20260527_0023.jpg,2026-05-27 08:10:32,BV-01,smartphone,saudavel,saudavel,0.9994,agrosmart-v1,simulado,sim-2026-05
1c987e7c-fd8a-5613-96ee-382ec8474373,BV-01_20260527_0024.jpg,2026-05-27 08:11:11,BV-01,smartphone,saudavel,saudavel,0.9660,agrosmart-v1,simulado,sim-2026-05
4d7b2fbc-157e-5d99-964a-b5bf22af53c4,TI-02_20260527_0033.jpg,2026-05-27 08:11:21,TI-02,drone,saudavel,saudavel,0.9425,agrosmart-v1,simulado,sim-2026-05
92f433b6-a3e2-51d5-bbb0-5c836360867a,BV-01_20260527_0025.jpg,2026-05-27 08:11:43,BV-01,smartphone,saudavel,saudavel,0.9907,agrosmart-v1,simulado,sim-2026-05
0994f6a1-a8d2-53e9-ad69-a7301b014bd9,TI-02_20260527_0034.jpg,2026-05-27 08:12:04,TI-02,drone,saudavel,saudavel,0.9916,agrosmart-v1,simulado,sim-2026-05
47320afd-7a5c-5977-a980-391b5a96818c,TI-02_20260527_0035.jpg,2026-05-27 08:12:36,TI-02,drone,saudavel,saudavel,0.9878,agrosmart-v1,simulado,sim-2026-05
3114e501-b45e-5949-bf0c-576969167adb,BV-01_20260527_0026.jpg,2026-05-27 08:12:39,BV-01,smartphone,saudavel,saudavel,0.9277,agrosmart-v1,simulado,sim-2026-05
b302f857-ef87-5e40-98fa-4671cbb62e4a,TI-03_20260527_0001.jpg,2026-05-27 08:12:49,TI-03,drone,saudavel,saudavel,0.9705,agrosmart-v1,simulado,sim-2026-05
659116a7-6a71-5399-8809-c162b7cb8baf,BV-01_20260527_0027.jpg,2026-05-27 08:13:01,BV-01,smartphone,saudavel,saudavel,0.9997,agrosmart-v1,simulado,sim-2026-05
e741395f-0808-547f-8751-1c7eb1465498,TI-02_20260527_0036.jpg,2026-05-27 08:13:18,TI-02,drone,saudavel,saudavel,0.8773,agrosmart-v1,simulado,sim-2026-05
e6e54f46-5b39-5ee1-9ee2-4361b2f0cece,TI-03_20260527_0002.jpg,2026-05-27 08:13:22,TI-03,drone,saudavel,saudavel,0.9180,agrosmart-v1,simulado,sim-2026-05
35294a51-53d7-5dc2-b764-aff68995414a,BV-01_20260527_0028.jpg,2026-05-27 08:13:44,BV-01,smartphone,saudavel,saudavel,0.9124,agrosmart-v1,simulado,sim-2026-05
2461d2e5-82e5-5cbc-97a7-dbc520b75e49,TI-02_20260527_0037.jpg,2026-05-27 08:13:59,TI-02,drone,saudavel,saudavel,0.8434,agrosmart-v1,simulado,sim-2026-05
03b8c050-3317-5567-bb3b-a308fda8fce4,TI-02_20260527_0038.jpg,2026-05-27 08:14:28,TI-02,drone,saudavel,saudavel,0.9988,agrosmart-v1,simulado,sim-2026-05
02a9855d-4cec-5411-92cf-cadeee5d5a18,TI-03_20260527_0003.jpg,2026-05-27 08:14:28,TI-03,drone,saudavel,saudavel,0.8381,agrosmart-v1,simulado,sim-2026-05
7bf2b0bd-54a7-5ae7-804a-23b7ddaf77a1,BV-01_20260527_0029.jpg,2026-05-27 08:14:41,BV-01,smartphone,saudavel,saudavel,0.9722,agrosmart-v1,simulado,sim-2026-05
48b9355f-a028-575f-9e25-d0cbd12a2a1e,TI-03_20260527_0004.jpg,2026-05-27 08:15:05,TI-03,drone,saudavel,saudavel,0.9082,agrosmart-v1,simulado,sim-2026-05
9d4014a6-19e1-52ad-a7fc-12d4cdd63485,TI-02_20260527_0039.jpg,2026-05-27 08:15:09,TI-02,drone,saudavel,saudavel,0.8247,agrosmart-v1,simulado,sim-2026-05
478eea43-40e0-548d-8480-a8201fb67936,BV-01_20260527_0030.jpg,2026-05-27 08:15:19,BV-01,smartphone,saudavel,saudavel,0.9985,agrosmart-v1,simulado,sim-2026-05
86e55f22-bf74-5c2c-a51d-bc930f7c7aff,TI-03_20260527_0005.jpg,2026-05-27 08:15:39,TI-03,drone,saudavel,saudavel,0.9772,agrosmart-v1,simulado,sim-2026-05
5bb767cd-58b2-5e95-a374-4c72bf5541bf,TI-02_20260527_0040.jpg,2026-05-27 08:15:46,TI-02,drone,saudavel,saudavel,0.8363,agrosmart-v1,simulado,sim-2026-05
ff42b799-dd23-5b09-9cf2-6aaecfaa6fd4,TI-03_20260527_0006.jpg,2026-05-27 08:16:05,TI-03,drone,saudavel,saudavel,0.7611,agrosmart-v1,simulado,sim-2026-05
c380e806-2afb-5313-96c0-526b8e2aca76,TI-03_20260527_0007.jpg,2026-05-27 08:16:57,TI-03,drone,saudavel,saudavel,0.9689,agrosmart-v1,simulado,sim-2026-05
f9ef8788-5c76-5a40-979a-6f9699e624d1,TI-03_20260527_0008.jpg,2026-05-27 08:17:49,TI-03,drone,saudavel,saudavel,0.9865,agrosmart-v1,simulado,sim-2026-05
e10ac990-a613-5107-8e6f-c88b4fb2390b,TI-03_20260527_0009.jpg,2026-05-27 08:18:20,TI-03,drone,saudavel,saudavel,0.9936,agrosmart-v1,simulado,sim-2026-05
0abf2717-c9c9-5911-b0c5-e14effb2c3e3,TI-03_20260527_0010.jpg,2026-05-27 08:18:43,TI-03,drone,doente,pinta_preta,0.9592,agrosmart-v1,simulado,sim-2026-05
0922cffe-e446-5f2b-8520-f99baf1fdd26,TI-03_20260527_0011.jpg,2026-05-27 08:19:30,TI-03,drone,saudavel,saudavel,0.9824,agrosmart-v1,simulado,sim-2026-05
a845ca82-fe5b-59ec-a9ad-d6ab0c196e4b,TI-03_20260527_0012.jpg,2026-05-27 08:20:29,TI-03,drone,saudavel,saudavel,0.9999,agrosmart-v1,simulado,sim-2026-05
b6ee3106-dbc6-5a25-80fb-381dc395ccd2,TI-03_20260527_0013.jpg,2026-05-27 08:20:57,TI-03,drone,saudavel,saudavel,0.9042,agrosmart-v1,simulado,sim-2026-05
61589b43-094c-5ac1-83aa-4657fa56f9aa,TI-03_20260527_0014.jpg,2026-05-27 08:21:34,TI-03,drone,saudavel,saudavel,0.9772,agrosmart-v1,simulado,sim-2026-05
2220a1e3-e3e5-54c9-898c-6434d4d166d9,BV-02_20260527_0001.jpg,2026-05-27 08:21:46,BV-02,smartphone,doente,requeima,0.9413,agrosmart-v1,simulado,sim-2026-05
a23d345a-18f9-5250-8f89-c6de5dc7103e,TI-03_20260527_0015.jpg,2026-05-27 08:22:07,TI-03,drone,saudavel,saudavel,0.9971,agrosmart-v1,simulado,sim-2026-05
f5fac987-7d74-5f08-a328-7cdbb7569858,BV-02_20260527_0002.jpg,2026-05-27 08:22:21,BV-02,smartphone,saudavel,saudavel,0.9924,agrosmart-v1,simulado,sim-2026-05
c2ddc723-fb38-560f-890e-bc74274d9ee3,TI-03_20260527_0016.jpg,2026-05-27 08:22:45,TI-03,drone,saudavel,saudavel,0.8935,agrosmart-v1,simulado,sim-2026-05
0c134d0c-f0b1-5599-9533-dea8d4a4ff81,TI-03_20260527_0017.jpg,2026-05-27 08:23:24,TI-03,drone,saudavel,saudavel,0.9568,agrosmart-v1,simulado,sim-2026-05
f8a4ca70-683d-5445-9950-d89d9eb18a3f,BV-02_20260527_0003.jpg,2026-05-27 08:23:29,BV-02,smartphone,saudavel,saudavel,0.8528,agrosmart-v1,simulado,sim-2026-05
494a594c-11ad-5e66-837f-4c9240466ce4,BV-02_20260527_0004.jpg,2026-05-27 08:24:09,BV-02,smartphone,saudavel,saudavel,0.8256,agrosmart-v1,simulado,sim-2026-05
ac8ce0bc-16f0-572a-a3bd-1e258a96ee61,TI-03_20260527_0018.jpg,2026-05-27 08:24:12,TI-03,drone,saudavel,saudavel,0.9167,agrosmart-v1,simulado,sim-2026-05
7bee3cc4-90a8-5a5e-9600-19d0026376b3,BV-02_20260527_0005.jpg,2026-05-27 08:24:46,BV-02,smartphone,saudavel,saudavel,0.8484,agrosmart-v1,simulado,sim-2026-05
56b14596-e56e-5ec2-915e-099e75bd0de5,TI-03_20260527_0019.jpg,2026-05-27 08:24:48,TI-03,drone,saudavel,saudavel,0.8383,agrosmart-v1,simulado,sim-2026-05
e36b7685-c465-5731-96d8-c19f5edd58a5,BV-02_20260527_0006.jpg,2026-05-27 08:25:04,BV-02,smartphone,saudavel,saudavel,0.9891,agrosmart-v1,simulado,sim-2026-05
8ed1151c-38d9-534d-be3f-bc8aba9e92d8,TI-03_20260527_0020.jpg,2026-05-27 08:25:30,TI-03,drone,saudavel,saudavel,0.9862,agrosmart-v1,simulado,sim-2026-05
22d09b73-1156-50f9-8682-9e235db5fcd1,BV-02_20260527_0007.jpg,2026-05-27 08:26:08,BV-02,smartphone,saudavel,saudavel,0.9167,agrosmart-v1,simulado,sim-2026-05
72d40604-f6c0-512a-8502-16717b8bbb0d,TI-03_20260527_0021.jpg,2026-05-27 08:26:13,TI-03,drone,saudavel,saudavel,0.8385,agrosmart-v1,simulado,sim-2026-05
c48b6a8b-1708-53b0-8bc4-e8f84cbc71e2,BV-02_20260527_0008.jpg,2026-05-27 08:26:48,BV-02,smartphone,saudavel,saudavel,0.9924,agrosmart-v1,simulado,sim-2026-05
29363d3e-fca0-5839-a7af-ee7f8708dc64,TI-03_20260527_0022.jpg,2026-05-27 08:27:02,TI-03,drone,saudavel,saudavel,0.9809,agrosmart-v1,simulado,sim-2026-05
d1fec6b3-6981-5020-9001-b0bca5e76066,BV-02_20260527_0009.jpg,2026-05-27 08:27:23,BV-02,smartphone,saudavel,saudavel,0.9699,agrosmart-v1,simulado,sim-2026-05
c72c3494-3a51-5742-bb85-25b26fd8c587,TI-03_20260527_0023.jpg,2026-05-27 08:27:48,TI-03,drone,saudavel,saudavel,0.8449,agrosmart-v1,simulado,sim-2026-05
99d4039b-a423-59c2-b974-21c84bf1866b,BV-04_20260527_0001.jpg,2026-05-27 08:27:56,BV-04,smartphone,saudavel,saudavel,0.9626,agrosmart-v1,simulado,sim-2026-05
4610454d-3f40-52fa-8dab-841494b606c4,BV-02_20260527_0010.jpg,2026-05-27 08:28:06,BV-02,smartphone,doente,requeima,0.9861,agrosmart-v1,simulado,sim-2026-05
449a0d38-1d8d-53e1-8b77-21da10dc011a,TI-03_20260527_0024.jpg,2026-05-27 08:28:29,TI-03,drone,saudavel,saudavel,0.9579,agrosmart-v1,simulado,sim-2026-05
62ee40b7-07dc-5c67-bca8-1ccfdf825ed9,BV-04_20260527_0002.jpg,2026-05-27 08:28:41,BV-04,smartphone,saudavel,saudavel,0.9842,agrosmart-v1,simulado,sim-2026-05
6c3926fc-f6a8-5bdf-892d-9f646e77509d,BV-02_20260527_0011.jpg,2026-05-27 08:28:46,BV-02,smartphone,saudavel,saudavel,0.9884,agrosmart-v1,simulado,sim-2026-05
46fea42e-07ea-5120-9b05-f31da9c097e8,TI-03_20260527_0025.jpg,2026-05-27 08:28:59,TI-03,drone,saudavel,saudavel,0.9933,agrosmart-v1,simulado,sim-2026-05
400cb0e9-b44a-5bb0-944a-8e9caaeae521,BV-02_20260527_0012.jpg,2026-05-27 08:29:22,BV-02,smartphone,doente,requeima,0.9128,agrosmart-v1,simulado,sim-2026-05
47aa3d52-11c6-5842-99a9-b25140df943c,BV-04_20260527_0003.jpg,2026-05-27 08:29:30,BV-04,smartphone,saudavel,saudavel,0.9999,agrosmart-v1,simulado,sim-2026-05
4c2d5ac5-258d-5c50-949d-3926492820e2,BV-04_20260527_0004.jpg,2026-05-27 08:29:40,BV-04,smartphone,saudavel,saudavel,0.9880,agrosmart-v1,simulado,sim-2026-05
aa2c7e86-db19-5b56-b4e7-f9f2e74f1ebf,TI-03_20260527_0026.jpg,2026-05-27 08:29:43,TI-03,drone,saudavel,saudavel,0.9643,agrosmart-v1,simulado,sim-2026-05
411b6795-f615-50d9-9ff9-ef5fd5333d2c,BV-02_20260527_0013.jpg,2026-05-27 08:30:01,BV-02,smartphone,saudavel,saudavel,0.9991,agrosmart-v1,simulado,sim-2026-05
6eaed2d1-5bae-57db-9915-c0a03b03460e,BV-02_20260527_0014.jpg,2026-05-27 08:30:25,BV-02,smartphone,saudavel,saudavel,0.9570,agrosmart-v1,simulado,sim-2026-05
130bc331-eec2-5d36-9aed-488b5918a1ee,TI-03_20260527_0027.jpg,2026-05-27 08:30:30,TI-03,drone,saudavel,saudavel,0.9976,agrosmart-v1,simulado,sim-2026-05
afebe91a-5ef4-5830-b8e2-c2777ddb00ee,BV-04_20260527_0005.jpg,2026-05-27 08:30:36,BV-04,smartphone,saudavel,saudavel,0.9010,agrosmart-v1,simulado,sim-2026-05
44662b12-0434-5567-ba2a-641f20d075ec,TI-03_20260527_0028.jpg,2026-05-27 08:30:44,TI-03,drone,saudavel,saudavel,0.8995,agrosmart-v1,simulado,sim-2026-05
1ebe74cc-5809-5990-bbf0-fa552e19b6ef,BV-02_20260527_0015.jpg,2026-05-27 08:31:10,BV-02,smartphone,saudavel,saudavel,0.9014,agrosmart-v1,simulado,sim-2026-05
00106c6f-d3d0-54bd-ab6b-e6009c162096,BV-04_20260527_0006.jpg,2026-05-27 08:31:13,BV-04,smartphone,doente,requeima,0.9373,agrosmart-v1,simulado,sim-2026-05
2966780e-301d-5e7f-bb87-cbaa9c00078f,TI-03_20260527_0029.jpg,2026-05-27 08:31:45,TI-03,drone,saudavel,saudavel,0.9839,agrosmart-v1,simulado,sim-2026-05
d3d6f223-edc0-537f-a56c-a4c1d1f5cd4d,BV-02_20260527_0016.jpg,2026-05-27 08:32:02,BV-02,smartphone,saudavel,saudavel,0.9715,agrosmart-v1,simulado,sim-2026-05
939b1aff-31ca-5e8b-9fba-b6904575ef34,TI-03_20260527_0030.jpg,2026-05-27 08:32:05,TI-03,drone,saudavel,saudavel,0.9510,agrosmart-v1,simulado,sim-2026-05
d5c4d2f0-b84b-5ce0-9129-fa72bd749272,BV-04_20260527_0007.jpg,2026-05-27 08:32:09,BV-04,smartphone,saudavel,saudavel,0.9240,agrosmart-v1,simulado,sim-2026-05
52bb27a7-3bea-5267-ba78-e9a9819ca9e3,BV-04_20260527_0008.jpg,2026-05-27 08:32:22,BV-04,smartphone,saudavel,saudavel,0.9969,agrosmart-v1,simulado,sim-2026-05
335d67f9-2403-5964-a117-f473e571f872,BV-02_20260527_0017.jpg,2026-05-27 08:32:29,BV-02,smartphone,saudavel,saudavel,0.9877,agrosmart-v1,simulado,sim-2026-05
1e99ace9-467e-5b0d-ad18-98385ade2c16,TI-03_20260527_0031.jpg,2026-05-27 08:32:44,TI-03,drone,saudavel,saudavel,0.9982,agrosmart-v1,simulado,sim-2026-05
c058f367-3df0-5e10-95e5-47132a3fd9de,BV-02_20260527_0018.jpg,2026-05-27 08:33:12,BV-02,smartphone,saudavel,saudavel,0.8593,agrosmart-v1,simulado,sim-2026-05
893b9661-04ae-518e-8446-376a23577396,BV-04_20260527_0009.jpg,2026-05-27 08:33:17,BV-04,smartphone,saudavel,saudavel,0.9297,agrosmart-v1,simulado,sim-2026-05
4897ef60-cda8-5363-a88f-9c0472c1b094,TI-03_20260527_0032.jpg,2026-05-27 08:33:24,TI-03,drone,saudavel,saudavel,0.9736,agrosmart-v1,simulado,sim-2026-05
6f45ac3e-432c-5a66-92c8-9bc6e4d608fa,BV-02_20260527_0019.jpg,2026-05-27 08:33:57,BV-02,smartphone,saudavel,saudavel,0.9927,agrosmart-v1,simulado,sim-2026-05
bda72b02-8c98-5cf3-b72d-c7fac7932447,BV-04_20260527_0010.jpg,2026-05-27 08:34:08,BV-04,smartphone,saudavel,saudavel,0.9625,agrosmart-v1,simulado,sim-2026-05
598d9583-9e8d-51f5-9e32-63a803d8404c,BV-02_20260527_0020.jpg,2026-05-27 08:34:21,BV-02,smartphone,saudavel,saudavel,0.9978,agrosmart-v1,simulado,sim-2026-05
1b40e83d-4fcb-5a5b-9c7f-508d472bfe28,TI-03_20260527_0033.jpg,2026-05-27 08:34:23,TI-03,drone,saudavel,saudavel,0.9596,agrosmart-v1,simulado,sim-2026-05
5f75e70c-2a21-5b46-8841-004b33ae1957,BV-04_20260527_0011.jpg,2026-05-27 08:34:34,BV-04,smartphone,saudavel,saudavel,0.9230,agrosmart-v1,simulado,sim-2026-05
dfbf641c-be0e-5f16-8689-a1dca3e1a7f0,TI-03_20260527_0034.jpg,2026-05-27 08:35:05,TI-03,drone,doente,requeima,0.8511,agrosmart-v1,simulado,sim-2026-05
c2e9c440-57f4-5388-9e19-82837fe5152a,BV-02_20260527_0021.jpg,2026-05-27 08:35:26,BV-02,smartphone,saudavel,saudavel,0.9987,agrosmart-v1,simulado,sim-2026-05
bbe45336-74e4-52ba-b843-3f29b9c3cedf,BV-04_20260527_0012.jpg,2026-05-27 08:35:28,BV-04,smartphone,saudavel,saudavel,0.9963,agrosmart-v1,simulado,sim-2026-05
79db3fbe-a403-57a1-a544-94ff0cbe483e,TI-03_20260527_0035.jpg,2026-05-27 08:35:31,TI-03,drone,saudavel,saudavel,0.9041,agrosmart-v1,simulado,sim-2026-05
bc7bacfd-96e9-5a27-8f7f-4025ecf8d434,BV-02_20260527_0022.jpg,2026-05-27 08:35:42,BV-02,smartphone,saudavel,saudavel,0.9318,agrosmart-v1,simulado,sim-2026-05
802a265a-1b95-5eff-9fa2-d1d3471dcdff,BV-04_20260527_0013.jpg,2026-05-27 08:35:54,BV-04,smartphone,saudavel,saudavel,0.8608,agrosmart-v1,simulado,sim-2026-05
525906de-39b7-51ea-8436-49bb12cfd120,TI-03_20260527_0036.jpg,2026-05-27 08:36:23,TI-03,drone,saudavel,saudavel,0.9996,agrosmart-v1,simulado,sim-2026-05
e40ef278-4c3c-53db-94c5-f68801bdbfaf,BV-02_20260527_0023.jpg,2026-05-27 08:36:24,BV-02,smartphone,saudavel,saudavel,0.8935,agrosmart-v1,simulado,sim-2026-05
5b1e8677-f482-5f9c-95f7-f589ecf4ee1d,BV-04_20260527_0014.jpg,2026-05-27 08:36:49,BV-04,smartphone,saudavel,saudavel,0.9192,agrosmart-v1,simulado,sim-2026-05
d0e09988-8934-5da0-ab2e-d364664212e8,TI-03_20260527_0037.jpg,2026-05-27 08:36:52,TI-03,drone,saudavel,saudavel,0.8603,agrosmart-v1,simulado,sim-2026-05
fb55960b-5f03-5053-a899-60a654a6f78e,BV-02_20260527_0024.jpg,2026-05-27 08:37:16,BV-02,smartphone,saudavel,saudavel,0.9936,agrosmart-v1,simulado,sim-2026-05
4b169d2f-7981-5bd1-9be2-11e82ee3b5ee,TI-03_20260527_0038.jpg,2026-05-27 08:37:22,TI-03,drone,saudavel,saudavel,0.9593,agrosmart-v1,simulado,sim-2026-05
feab9410-31a0-5481-a2e8-6c5729d5459b,BV-04_20260527_0015.jpg,2026-05-27 08:37:30,BV-04,smartphone,saudavel,saudavel,0.9898,agrosmart-v1,simulado,sim-2026-05
ea04236d-e548-55c1-a27e-e66e974ac393,BV-04_20260527_0016.jpg,2026-05-27 08:37:44,BV-04,smartphone,saudavel,saudavel,0.9683,agrosmart-v1,simulado,sim-2026-05
a250de75-63a4-5b87-ba99-95b7318ef86a,BV-02_20260527_0025.jpg,2026-05-27 08:37:50,BV-02,smartphone,saudavel,saudavel,1.0000,agrosmart-v1,simulado,sim-2026-05
24bb9fd0-2a52-5316-8340-822bd420bce7,TI-03_20260527_0039.jpg,2026-05-27 08:38:04,TI-03,drone,saudavel,saudavel,0.9879,agrosmart-v1,simulado,sim-2026-05
99296645-c7fc-5dc0-bfdf-1ef116dd15ea,BV-04_20260527_0017.jpg,2026-05-27 08:38:45,BV-04,smartphone,saudavel,saudavel,0.9476,agrosmart-v1,simulado,sim-2026-05
12af17d5-0bbf-5cfc-a55d-1458c11c4068,BV-02_20260527_0026.jpg,2026-05-27 08:38:47,BV-02,smartphone,saudavel,saudavel,0.8470,agrosmart-v1,simulado,sim-2026-05
e0d19f06-855d-5e9c-b74f-064aff6436e0,BV-02_20260527_0027.jpg,2026-05-27 08:39:06,BV-02,smartphone,saudavel,saudavel,0.9994,agrosmart-v1,simulado,sim-2026-05
7d2b7a5d-60aa-51be-8b92-d8a844e10bff,TI-03_20260527_0040.jpg,2026-05-27 08:39:10,TI-03,drone,saudavel,saudavel,0.9455,agrosmart-v1,simulado,sim-2026-05
9c913965-a326-5ee5-8eb3-014c1432a59e,BV-04_20260527_0018.jpg,2026-05-27 08:39:29,BV-04,smartphone,saudavel,saudavel,0.9927,agrosmart-v1,simulado,sim-2026-05
4dd34236-6acf-5e1e-9fc6-4579ed1bf3a6,BV-04_20260527_0019.jpg,2026-05-27 08:40:01,BV-04,smartphone,saudavel,saudavel,0.9895,agrosmart-v1,simulado,sim-2026-05
d7163330-cd76-5884-93f5-0ccbeb503e35,BV-02_20260527_0028.jpg,2026-05-27 08:40:10,BV-02,smartphone,saudavel,saudavel,0.9993,agrosmart-v1,simulado,sim-2026-05
d6555628-a7c1-575b-bc0e-ce48d7d0b425,BV-02_20260527_0029.jpg,2026-05-27 08:40:26,BV-02,smartphone,saudavel,saudavel,0.9064,agrosmart-v1,simulado,sim-2026-05
b7759d7c-97bf-527a-81a3-25490a11ab67,BV-04_20260527_0020.jpg,2026-05-27 08:40:26,BV-04,smartphone,saudavel,saudavel,0.8446,agrosmart-v1,simulado,sim-2026-05
e9853b8e-0041-5d35-a0d1-29e6b0db2a33,BV-04_20260527_0021.jpg,2026-05-27 08:41:12,BV-04,smartphone,saudavel,saudavel,0.6283,agrosmart-v1,simulado,sim-2026-05
beb8666d-4fda-5ee4-9bad-981647eac39a,BV-02_20260527_0030.jpg,2026-05-27 08:41:14,BV-02,smartphone,doente,requeima,0.5864,agrosmart-v1,simulado,sim-2026-05
204b10d5-345c-5050-be77-2b5e229d9668,BV-02_20260527_0031.jpg,2026-05-27 08:41:57,BV-02,smartphone,saudavel,saudavel,0.9461,agrosmart-v1,simulado,sim-2026-05
5e471a33-4b97-5744-a12b-b78092e8fcbc,SC-01_20260527_0001.jpg,2026-05-27 09:08:45,SC-01,smartphone,saudavel,saudavel,0.9996,agrosmart-v1,simulado,sim-2026-05
61fcc0a8-ea67-574b-bf37-1d90f57086f4,SC-01_20260527_0002.jpg,2026-05-27 09:09:48,SC-01,smartphone,saudavel,saudavel,0.9642,agrosmart-v1,simulado,sim-2026-05
1ae0833b-8ed1-5753-8bb1-78ef39316490,SC-01_20260527_0003.jpg,2026-05-27 09:10:21,SC-01,smartphone,saudavel,saudavel,0.9994,agrosmart-v1,simulado,sim-2026-05
10e8f19f-9fc2-537e-8bf5-f55e11369008,SC-01_20260527_0004.jpg,2026-05-27 09:10:46,SC-01,smartphone,saudavel,saudavel,0.9751,agrosmart-v1,simulado,sim-2026-05
d2539289-620a-5f6f-acb4-0f411f2fe49d,SC-04_20260527_0001.jpg,2026-05-27 09:11:09,SC-04,smartphone,saudavel,saudavel,0.8252,agrosmart-v1,simulado,sim-2026-05
d408a563-1d7e-5b2d-af48-a792662702ae,SC-01_20260527_0005.jpg,2026-05-27 09:11:21,SC-01,smartphone,saudavel,saudavel,0.8544,agrosmart-v1,simulado,sim-2026-05
d5049ee7-522c-5ea6-9402-e8bbd7c8dff0,SC-04_20260527_0002.jpg,2026-05-27 09:11:28,SC-04,smartphone,saudavel,saudavel,0.9919,agrosmart-v1,simulado,sim-2026-05
164c9e9d-5e54-5bcc-be3d-af38d6b46567,SC-04_20260527_0003.jpg,2026-05-27 09:12:04,SC-04,smartphone,saudavel,saudavel,0.9678,agrosmart-v1,simulado,sim-2026-05
1a8e1b5e-12b4-54b3-bb60-db1d9d86cc25,SC-01_20260527_0006.jpg,2026-05-27 09:12:06,SC-01,smartphone,saudavel,saudavel,0.9964,agrosmart-v1,simulado,sim-2026-05
979905ac-6a8e-5519-a3dd-2258da946bed,SC-04_20260527_0004.jpg,2026-05-27 09:13:03,SC-04,smartphone,saudavel,saudavel,0.9114,agrosmart-v1,simulado,sim-2026-05
782ce2d4-3703-5427-859d-a42348b89f67,SC-01_20260527_0007.jpg,2026-05-27 09:13:07,SC-01,smartphone,saudavel,saudavel,0.8350,agrosmart-v1,simulado,sim-2026-05
82e02477-1b97-5050-8018-7e753227c553,SC-04_20260527_0005.jpg,2026-05-27 09:13:29,SC-04,smartphone,saudavel,saudavel,0.9852,agrosmart-v1,simulado,sim-2026-05
c8e550a9-8e78-5421-8a8e-12a2140a9e3b,SC-01_20260527_0008.jpg,2026-05-27 09:13:48,SC-01,smartphone,saudavel,saudavel,0.9708,agrosmart-v1,simulado,sim-2026-05
b0cf07f6-c67a-56cf-a30c-76e24bccf01f,SC-01_20260527_0009.jpg,2026-05-27 09:14:03,SC-01,smartphone,saudavel,saudavel,0.9450,agrosmart-v1,simulado,sim-2026-05
9063fe14-9b07-5025-8a4b-c725034542fb,SC-04_20260527_0006.jpg,2026-05-27 09:14:03,SC-04,smartphone,saudavel,saudavel,0.9984,agrosmart-v1,simulado,sim-2026-05
a3a118f4-770a-57f4-8e20-fe25ba6df618,SC-01_20260527_0010.jpg,2026-05-27 09:14:54,SC-01,smartphone,saudavel,saudavel,0.9895,agrosmart-v1,simulado,sim-2026-05
bfdddd90-6529-5f8c-ae3a-f00e7571ea51,SC-04_20260527_0007.jpg,2026-05-27 09:14:58,SC-04,smartphone,doente,vaquinha,0.9821,agrosmart-v1,simulado,sim-2026-05
fcb3ce2d-ac6e-5f22-9fbf-5c09cbe8de1a,SC-01_20260527_0011.jpg,2026-05-27 09:15:33,SC-01,smartphone,saudavel,saudavel,0.9913,agrosmart-v1,simulado,sim-2026-05
a2160119-ec37-5e5f-99fc-a2b99f55a72a,SC-04_20260527_0008.jpg,2026-05-27 09:15:46,SC-04,smartphone,saudavel,saudavel,0.8721,agrosmart-v1,simulado,sim-2026-05
b466be88-c544-5068-9624-979c52a84795,SC-04_20260527_0009.jpg,2026-05-27 09:16:19,SC-04,smartphone,saudavel,saudavel,0.9934,agrosmart-v1,simulado,sim-2026-05
315652ca-94a5-533b-99b8-7459fe0693f6,SC-01_20260527_0012.jpg,2026-05-27 09:16:26,SC-01,smartphone,saudavel,saudavel,0.9243,agrosmart-v1,simulado,sim-2026-05
4734237e-b022-581b-a4ec-a888a8e6eedc,SC-01_20260527_0013.jpg,2026-05-27 09:17:01,SC-01,smartphone,saudavel,saudavel,0.8657,agrosmart-v1,simulado,sim-2026-05
c6aa9e35-df19-58f1-b077-18ffeffdf5cb,SC-04_20260527_0010.jpg,2026-05-27 09:17:04,SC-04,smartphone,saudavel,saudavel,0.9392,agrosmart-v1,simulado,sim-2026-05
5d5ef9a3-6e8b-5e49-8257-1948ecaa2503,SC-04_20260527_0011.jpg,2026-05-27 09:17:41,SC-04,smartphone,saudavel,saudavel,0.8520,agrosmart-v1,simulado,sim-2026-05
fae402e7-db0a-51bc-998f-18fb274b4c84,SC-01_20260527_0014.jpg,2026-05-27 09:17:46,SC-01,smartphone,saudavel,saudavel,0.9799,agrosmart-v1,simulado,sim-2026-05
8cf9cb3a-9940-56ba-9f96-c1220ca2224a,SC-04_20260527_0012.jpg,2026-05-27 09:18:11,SC-04,smartphone,saudavel,saudavel,0.9624,agrosmart-v1,simulado,sim-2026-05
0f7cdf16-e6e8-5841-813b-98e06c94f2c1,SC-01_20260527_0015.jpg,2026-05-27 09:18:23,SC-01,smartphone,saudavel,saudavel,0.9974,agrosmart-v1,simulado,sim-2026-05
f8fa8476-e535-57c9-9da6-e820d85c5dc6,SC-04_20260527_0013.jpg,2026-05-27 09:18:41,SC-04,smartphone,saudavel,saudavel,0.8234,agrosmart-v1,simulado,sim-2026-05
c763ebbd-5b51-5294-9bd3-e92bc26a649d,SC-01_20260527_0016.jpg,2026-05-27 09:18:46,SC-01,smartphone,saudavel,saudavel,0.8243,agrosmart-v1,simulado,sim-2026-05
abaa559c-66f7-5396-b2da-ee728bde7960,SC-04_20260527_0014.jpg,2026-05-27 09:19:28,SC-04,smartphone,saudavel,saudavel,0.9469,agrosmart-v1,simulado,sim-2026-05
2906070b-0ab6-5a7f-8f7c-9a8e475c2154,SC-01_20260527_0017.jpg,2026-05-27 09:19:36,SC-01,smartphone,saudavel,saudavel,0.8883,agrosmart-v1,simulado,sim-2026-05
5d86bca8-aaf4-5450-9592-98ca53500692,SC-04_20260527_0015.jpg,2026-05-27 09:20:01,SC-04,smartphone,saudavel,saudavel,0.9373,agrosmart-v1,simulado,sim-2026-05
65a42bc8-33fb-5c66-a03a-8690db36f8cb,SC-01_20260527_0018.jpg,2026-05-27 09:20:15,SC-01,smartphone,saudavel,saudavel,0.9181,agrosmart-v1,simulado,sim-2026-05
999c7273-6b73-5096-bf01-3f91d8c993b5,SC-01_20260527_0019.jpg,2026-05-27 09:21:06,SC-01,smartphone,saudavel,saudavel,0.8499,agrosmart-v1,simulado,sim-2026-05
6d240c9d-40d9-5bbb-a79c-f27fb6f4a865,SC-04_20260527_0016.jpg,2026-05-27 09:21:09,SC-04,smartphone,saudavel,saudavel,0.8204,agrosmart-v1,simulado,sim-2026-05
b4c0f982-f1ee-5b8f-84cb-bbae680fa655,SC-01_20260527_0020.jpg,2026-05-27 09:21:45,SC-01,smartphone,saudavel,saudavel,0.9997,agrosmart-v1,simulado,sim-2026-05
6ba1b4d9-9e9e-5eaa-a938-5f9170626036,SC-04_20260527_0017.jpg,2026-05-27 09:21:50,SC-04,smartphone,saudavel,saudavel,0.9921,agrosmart-v1,simulado,sim-2026-05
81de94cb-a9ef-542f-8e04-b1840d975613,SC-04_20260527_0018.jpg,2026-05-27 09:22:08,SC-04,smartphone,saudavel,saudavel,0.9053,agrosmart-v1,simulado,sim-2026-05
5ad6f4a5-c64a-53fb-91f1-bdebf8e33372,SC-01_20260527_0021.jpg,2026-05-27 09:22:29,SC-01,smartphone,saudavel,saudavel,0.8449,agrosmart-v1,simulado,sim-2026-05
255a4138-2af1-5d8b-b590-d931da86dedb,SC-04_20260527_0019.jpg,2026-05-27 09:22:49,SC-04,smartphone,saudavel,saudavel,0.9046,agrosmart-v1,simulado,sim-2026-05
d959b895-9d94-5569-96fc-26beca2567da,SC-01_20260527_0022.jpg,2026-05-27 09:22:54,SC-01,smartphone,saudavel,saudavel,0.9958,agrosmart-v1,simulado,sim-2026-05
d288d156-de7d-5509-8007-700587f8505d,BV-03_20260527_0001.jpg,2026-05-27 09:23:04,BV-03,smartphone,saudavel,saudavel,0.8591,agrosmart-v1,simulado,sim-2026-05
9fa6b56a-0299-522b-b645-4883d0270e29,SC-04_20260527_0020.jpg,2026-05-27 09:23:21,SC-04,smartphone,saudavel,saudavel,0.9434,agrosmart-v1,simulado,sim-2026-05
79c348cf-05fe-52f5-9464-b496f60611ab,SC-01_20260527_0023.jpg,2026-05-27 09:23:32,SC-01,smartphone,saudavel,saudavel,0.9521,agrosmart-v1,simulado,sim-2026-05
3a3e2a96-5cbd-511c-b7d8-79eba1e72f12,BV-03_20260527_0002.jpg,2026-05-27 09:23:48,BV-03,smartphone,saudavel,saudavel,0.8959,agrosmart-v1,simulado,sim-2026-05
0f14b844-b9e1-507c-b196-919dafdd83c8,SC-04_20260527_0021.jpg,2026-05-27 09:24:00,SC-04,smartphone,saudavel,saudavel,0.8234,agrosmart-v1,simulado,sim-2026-05
c63ee2d5-bdb8-5bb7-a53e-8b403bc4e5f1,SC-01_20260527_0024.jpg,2026-05-27 09:24:02,SC-01,smartphone,saudavel,saudavel,0.5631,agrosmart-v1,simulado,sim-2026-05
2d38b155-f36f-5afc-bdef-bd6e69d86f69,BV-03_20260527_0003.jpg,2026-05-27 09:24:21,BV-03,smartphone,saudavel,saudavel,0.8279,agrosmart-v1,simulado,sim-2026-05
a4b6d805-a15d-543b-a739-4da74991d9b4,SC-01_20260527_0025.jpg,2026-05-27 09:24:44,SC-01,smartphone,saudavel,saudavel,0.9035,agrosmart-v1,simulado,sim-2026-05
636325af-e7fb-55b0-bf70-ac2493c89869,BV-03_20260527_0004.jpg,2026-05-27 09:25:03,BV-03,smartphone,saudavel,saudavel,0.9983,agrosmart-v1,simulado,sim-2026-05
c044c4a0-fd96-5ba3-a50b-e08db1f68fb4,SC-04_20260527_0022.jpg,2026-05-27 09:25:05,SC-04,smartphone,saudavel,saudavel,0.8741,agrosmart-v1,simulado,sim-2026-05
18458840-c9ab-5aee-81e2-a45a0c3ccfa9,SC-01_20260527_0026.jpg,2026-05-27 09:25:35,SC-01,smartphone,saudavel,saudavel,0.9277,agrosmart-v1,simulado,sim-2026-05
1a6d9da8-b9b0-58c6-882e-77810e464634,BV-03_20260527_0005.jpg,2026-05-27 09:25:47,BV-03,smartphone,saudavel,saudavel,0.9608,agrosmart-v1,simulado,sim-2026-05
81f22a40-9ae6-58af-b4b9-c7ea202baae7,SC-04_20260527_0023.jpg,2026-05-27 09:25:49,SC-04,smartphone,saudavel,saudavel,0.9406,agrosmart-v1,simulado,sim-2026-05
1b1ada5f-408a-5b17-912f-74bd6d140614,SC-01_20260527_0027.jpg,2026-05-27 09:26:06,SC-01,smartphone,saudavel,saudavel,0.9969,agrosmart-v1,simulado,sim-2026-05
03475ebf-9ff0-5723-991b-526af945bcb7,SC-04_20260527_0024.jpg,2026-05-27 09:26:23,SC-04,smartphone,saudavel,saudavel,0.8918,agrosmart-v1,simulado,sim-2026-05
5b371711-59df-528b-8ea8-f0bf1e915fe4,BV-03_20260527_0006.jpg,2026-05-27 09:26:27,BV-03,smartphone,saudavel,saudavel,1.0000,agrosmart-v1,simulado,sim-2026-05
ecbdc993-1346-501e-8ab1-ac9f8d9615ea,SC-04_20260527_0025.jpg,2026-05-27 09:26:42,SC-04,smartphone,saudavel,saudavel,0.9652,agrosmart-v1,simulado,sim-2026-05
d96e4910-de9b-54cc-8303-d34829622890,BV-03_20260527_0007.jpg,2026-05-27 09:26:46,BV-03,smartphone,doente,requeima,0.9791,agrosmart-v1,simulado,sim-2026-05
2d92e32a-d815-5b09-bd9c-3de8c97a0004,SC-01_20260527_0028.jpg,2026-05-27 09:26:53,SC-01,smartphone,saudavel,saudavel,0.9991,agrosmart-v1,simulado,sim-2026-05
7723d863-5fe8-5f15-a698-02f2cd08a3e2,BV-03_20260527_0008.jpg,2026-05-27 09:27:25,BV-03,smartphone,saudavel,saudavel,0.9999,agrosmart-v1,simulado,sim-2026-05
ef12fe2e-123e-50b0-b0f2-86a139f0b849,SC-04_20260527_0026.jpg,2026-05-27 09:27:30,SC-04,smartphone,saudavel,saudavel,0.8843,agrosmart-v1,simulado,sim-2026-05
6c63920d-8767-599f-ace2-7542a4e636f9,SC-01_20260527_0029.jpg,2026-05-27 09:27:33,SC-01,smartphone,saudavel,saudavel,0.9994,agrosmart-v1,simulado,sim-2026-05
d4ee2a14-7e83-59d5-b9b9-216d9d2c1d99,SC-04_20260527_0027.jpg,2026-05-27 09:28:01,SC-04,smartphone,saudavel,saudavel,0.9987,agrosmart-v1,simulado,sim-2026-05
e7327960-3166-5006-84a8-5acf63598a3b,SC-01_20260527_0030.jpg,2026-05-27 09:28:15,SC-01,smartphone,saudavel,saudavel,0.9989,agrosmart-v1,simulado,sim-2026-05
a18f1842-54c2-5124-90e5-4fdfacdb709a,BV-03_20260527_0009.jpg,2026-05-27 09:28:17,BV-03,smartphone,saudavel,saudavel,0.8646,agrosmart-v1,simulado,sim-2026-05
9a87431f-9169-5d72-9339-7b78e31d4501,SC-01_20260527_0031.jpg,2026-05-27 09:28:44,SC-01,smartphone,saudavel,saudavel,0.9436,agrosmart-v1,simulado,sim-2026-05
313b977c-f4d3-5c44-8a7d-a5184a1e2b65,BV-03_20260527_0010.jpg,2026-05-27 09:29:03,BV-03,smartphone,saudavel,saudavel,0.5572,agrosmart-v1,simulado,sim-2026-05
2285b997-8969-5b26-8c54-c48da658c01c,SC-04_20260527_0028.jpg,2026-05-27 09:29:04,SC-04,smartphone,saudavel,saudavel,0.5551,agrosmart-v1,simulado,sim-2026-05
40ee9543-6225-5e26-9cc3-31c435e7d552,SC-04_20260527_0029.jpg,2026-05-27 09:29:27,SC-04,smartphone,saudavel,saudavel,0.9773,agrosmart-v1,simulado,sim-2026-05
d916ad8e-f551-5e3a-9312-c089e4b794d1,SC-01_20260527_0032.jpg,2026-05-27 09:29:39,SC-01,smartphone,saudavel,saudavel,0.9765,agrosmart-v1,simulado,sim-2026-05
d405c3d1-8483-52d4-a425-8fd2caaea126,BV-03_20260527_0011.jpg,2026-05-27 09:29:44,BV-03,smartphone,saudavel,saudavel,0.9907,agrosmart-v1,simulado,sim-2026-05
6d470547-11e0-5a77-bdb9-a96568489087,SC-01_20260527_0033.jpg,2026-05-27 09:30:09,SC-01,smartphone,saudavel,saudavel,0.9189,agrosmart-v1,simulado,sim-2026-05
370e59e4-b0e7-5009-91f1-76193f4472e9,BV-03_20260527_0012.jpg,2026-05-27 09:30:13,BV-03,smartphone,doente,requeima,0.9999,agrosmart-v1,simulado,sim-2026-05
89ff8246-9508-5bbc-bb2c-c4a3f3399556,BV-03_20260527_0013.jpg,2026-05-27 09:30:43,BV-03,smartphone,saudavel,saudavel,0.9602,agrosmart-v1,simulado,sim-2026-05
76267d16-1eb0-5537-973a-88b192cda1c9,SC-01_20260527_0034.jpg,2026-05-27 09:30:45,SC-01,smartphone,saudavel,saudavel,0.9755,agrosmart-v1,simulado,sim-2026-05
5349ba58-fbf8-51df-8dc4-90d1e7737dc5,BV-03_20260527_0014.jpg,2026-05-27 09:31:24,BV-03,smartphone,saudavel,saudavel,0.9175,agrosmart-v1,simulado,sim-2026-05
87bac338-933e-51d5-813e-0d076bc3d0bb,SC-01_20260527_0035.jpg,2026-05-27 09:31:41,SC-01,smartphone,saudavel,saudavel,0.8425,agrosmart-v1,simulado,sim-2026-05
31bb47a6-4325-529c-a7d3-a21321883c22,BV-03_20260527_0015.jpg,2026-05-27 09:32:18,BV-03,smartphone,saudavel,saudavel,0.9734,agrosmart-v1,simulado,sim-2026-05
cb0111a3-c4bc-5029-9da6-6e9775bfe51b,SC-01_20260527_0036.jpg,2026-05-27 09:32:28,SC-01,smartphone,saudavel,saudavel,0.9878,agrosmart-v1,simulado,sim-2026-05
3911207e-cf87-5c45-837a-78faf84affbb,SC-01_20260527_0037.jpg,2026-05-27 09:32:53,SC-01,smartphone,saudavel,saudavel,0.9198,agrosmart-v1,simulado,sim-2026-05
3df3a044-469b-5b91-995a-8caa37e2df6f,BV-03_20260527_0016.jpg,2026-05-27 09:33:04,BV-03,smartphone,saudavel,saudavel,0.9929,agrosmart-v1,simulado,sim-2026-05
7d8e6ee0-a14e-5f46-8da0-9317cc334830,SC-01_20260527_0038.jpg,2026-05-27 09:33:26,SC-01,smartphone,saudavel,saudavel,0.8473,agrosmart-v1,simulado,sim-2026-05
0473de9e-aaa8-574e-8d31-20f1133ba9dd,BV-03_20260527_0017.jpg,2026-05-27 09:33:27,BV-03,smartphone,saudavel,saudavel,0.8611,agrosmart-v1,simulado,sim-2026-05
6e808a1a-cbbc-5d1a-962f-2f5f36fc79c0,BV-03_20260527_0018.jpg,2026-05-27 09:34:03,BV-03,smartphone,saudavel,saudavel,1.0000,agrosmart-v1,simulado,sim-2026-05
65c37a01-5926-58ef-8722-4c796e51aeb8,SC-01_20260527_0039.jpg,2026-05-27 09:34:29,SC-01,smartphone,saudavel,saudavel,0.8205,agrosmart-v1,simulado,sim-2026-05
c10fe87a-fa50-504a-9116-5bd223adc9a9,BV-03_20260527_0019.jpg,2026-05-27 09:34:57,BV-03,smartphone,saudavel,saudavel,0.7152,agrosmart-v1,simulado,sim-2026-05
4c01f740-77fb-538f-9364-8b02977d75c7,BV-03_20260527_0020.jpg,2026-05-27 09:35:45,BV-03,smartphone,saudavel,saudavel,0.8647,agrosmart-v1,simulado,sim-2026-05
87db66e3-acdf-57fc-a47b-5dc240892575,SC-02_20260527_0001.jpg,2026-05-27 09:47:50,SC-02,smartphone,saudavel,saudavel,0.9986,agrosmart-v1,simulado,sim-2026-05
fa1b3963-5828-590a-9431-ea04789c0ef8,SC-02_20260527_0002.jpg,2026-05-27 09:48:44,SC-02,smartphone,saudavel,saudavel,0.9905,agrosmart-v1,simulado,sim-2026-05
2c64b477-b30b-5047-a734-67f3b574ccff,SC-02_20260527_0003.jpg,2026-05-27 09:49:11,SC-02,smartphone,saudavel,saudavel,0.9542,agrosmart-v1,simulado,sim-2026-05
023eafa5-93ad-50c8-93cc-846889e9bf47,SC-02_20260527_0004.jpg,2026-05-27 09:50:10,SC-02,smartphone,saudavel,saudavel,0.9522,agrosmart-v1,simulado,sim-2026-05
22375b18-de39-5ef0-9c15-ba77e57ab933,SC-02_20260527_0005.jpg,2026-05-27 09:50:32,SC-02,smartphone,saudavel,saudavel,0.9245,agrosmart-v1,simulado,sim-2026-05
6379d381-4f00-5aaa-8ecb-7f50683475d2,SC-02_20260527_0006.jpg,2026-05-27 09:51:03,SC-02,smartphone,saudavel,saudavel,0.9988,agrosmart-v1,simulado,sim-2026-05
d3e1e4cd-9ab6-57cd-9eee-128a47ec8119,SC-02_20260527_0007.jpg,2026-05-27 09:51:51,SC-02,smartphone,saudavel,saudavel,0.8509,agrosmart-v1,simulado,sim-2026-05
6f01fdce-7a52-5add-b1e0-536f38678209,SC-02_20260527_0008.jpg,2026-05-27 09:52:26,SC-02,smartphone,saudavel,saudavel,0.6918,agrosmart-v1,simulado,sim-2026-05
d22a4584-5c31-5c87-9aac-d64ae2544f8b,SC-02_20260527_0009.jpg,2026-05-27 09:53:02,SC-02,smartphone,saudavel,saudavel,0.9384,agrosmart-v1,simulado,sim-2026-05
683b8c9b-7470-57de-a88a-72ae8a7313d5,SC-02_20260527_0010.jpg,2026-05-27 09:53:41,SC-02,smartphone,saudavel,saudavel,0.8621,agrosmart-v1,simulado,sim-2026-05
864df856-3734-503f-98fb-0b3a69feb1e8,SC-02_20260527_0011.jpg,2026-05-27 09:54:49,SC-02,smartphone,saudavel,saudavel,0.9993,agrosmart-v1,simulado,sim-2026-05
2acb72c1-83f6-5ad0-8695-1266e2d3f8ef,SC-02_20260527_0012.jpg,2026-05-27 09:55:10,SC-02,smartphone,saudavel,saudavel,0.9956,agrosmart-v1,simulado,sim-2026-05
86112d17-7e4c-5314-b9f3-9d87ce424e48,SC-02_20260527_0013.jpg,2026-05-27 09:55:54,SC-02,smartphone,saudavel,saudavel,0.8488,agrosmart-v1,simulado,sim-2026-05
7f4a2bd1-c74b-5ff1-8295-1b9fa9e98d27,SC-02_20260527_0014.jpg,2026-05-27 09:56:43,SC-02,smartphone,saudavel,saudavel,0.9864,agrosmart-v1,simulado,sim-2026-05
13cd5f56-f333-5f06-82a0-ca003f33e113,SC-02_20260527_0015.jpg,2026-05-27 09:57:29,SC-02,smartphone,saudavel,saudavel,0.8820,agrosmart-v1,simulado,sim-2026-05
39ed8bb0-5346-5924-a5fc-12c156ab4128,SC-02_20260527_0016.jpg,2026-05-27 09:57:59,SC-02,smartphone,saudavel,saudavel,0.9597,agrosmart-v1,simulado,sim-2026-05
c8cd6ed9-23e9-53f5-b5db-e1ac4f8e2050,SC-02_20260527_0017.jpg,2026-05-27 09:58:28,SC-02,smartphone,saudavel,saudavel,0.9521,agrosmart-v1,simulado,sim-2026-05
71e6a3ce-d6ee-5905-b2c6-10eddfa79d4e,SC-02_20260527_0018.jpg,2026-05-27 09:59:15,SC-02,smartphone,saudavel,saudavel,0.9881,agrosmart-v1,simulado,sim-2026-05
fcb9aff6-c02e-5fa9-b794-17f0b502feec,SC-02_20260527_0019.jpg,2026-05-27 09:59:58,SC-02,smartphone,saudavel,saudavel,0.9681,agrosmart-v1,simulado,sim-2026-05
aab10439-a061-5f6b-9a0b-48cf75451569,SC-02_20260527_0020.jpg,2026-05-27 10:00:44,SC-02,smartphone,saudavel,saudavel,0.9715,agrosmart-v1,simulado,sim-2026-05
341c40e7-d23d-5e98-971e-c65405873f33,SC-02_20260527_0021.jpg,2026-05-27 10:01:26,SC-02,smartphone,saudavel,saudavel,0.7590,agrosmart-v1,simulado,sim-2026-05
0b6394b4-c24d-58fa-8f01-777d4eaf3ff6,SC-02_20260527_0022.jpg,2026-05-27 10:01:40,SC-02,smartphone,saudavel,saudavel,0.9441,agrosmart-v1,simulado,sim-2026-05
b1fda923-bd62-5b6d-9abb-88efe2a44241,SC-02_20260527_0023.jpg,2026-05-27 10:02:31,SC-02,smartphone,saudavel,saudavel,0.9999,agrosmart-v1,simulado,sim-2026-05
25dea6e8-5d2e-574a-802a-919057bf02b0,SC-02_20260527_0024.jpg,2026-05-27 10:03:15,SC-02,smartphone,saudavel,saudavel,0.9920,agrosmart-v1,simulado,sim-2026-05
5eb3ad15-95d0-53e8-9f05-1fc90b5d1f78,SC-02_20260527_0025.jpg,2026-05-27 10:04:01,SC-02,smartphone,saudavel,saudavel,0.9641,agrosmart-v1,simulado,sim-2026-05
51933bf1-ad04-5e4f-afb6-7aad673f73af,SC-02_20260527_0026.jpg,2026-05-27 10:04:41,SC-02,smartphone,saudavel,saudavel,0.9970,agrosmart-v1,simulado,sim-2026-05
f0fcdcc7-f2d0-5a40-a9dc-dcd3217e137d,SC-02_20260527_0027.jpg,2026-05-27 10:05:26,SC-02,smartphone,saudavel,saudavel,0.8962,agrosmart-v1,simulado,sim-2026-05
78a5e181-24e0-559f-a534-69a985bdbb5b,SC-02_20260527_0028.jpg,2026-05-27 10:05:53,SC-02,smartphone,saudavel,saudavel,0.9112,agrosmart-v1,simulado,sim-2026-05
634a20dc-a4ea-51ce-b3b3-321ef932dfc7,SC-02_20260529_0001.jpg,2026-05-29 07:03:50,SC-02,smartphone,doente,requeima,0.9431,agrosmart-v1,simulado,sim-2026-05
d61acf61-97bd-5f01-a8a8-e3c89b0250c4,SC-02_20260529_0002.jpg,2026-05-29 07:04:26,SC-02,smartphone,saudavel,saudavel,0.9958,agrosmart-v1,simulado,sim-2026-05
b8d3395b-be24-5060-b1c3-6fbc761dbfb2,SC-02_20260529_0003.jpg,2026-05-29 07:05:09,SC-02,smartphone,saudavel,saudavel,0.8267,agrosmart-v1,simulado,sim-2026-05
a7b7a8a4-1199-55cd-9aae-1e2af3eef5ae,SC-02_20260529_0004.jpg,2026-05-29 07:05:55,SC-02,smartphone,saudavel,saudavel,1.0000,agrosmart-v1,simulado,sim-2026-05
93cdacf2-e49a-5936-af92-d6ceeac4b36c,SC-02_20260529_0005.jpg,2026-05-29 07:06:31,SC-02,smartphone,saudavel,saudavel,0.9137,agrosmart-v1,simulado,sim-2026-05
e54658a9-6f9d-54d7-b93e-b8ace6d2a991,SC-02_20260529_0006.jpg,2026-05-29 07:07:20,SC-02,smartphone,saudavel,saudavel,0.9965,agrosmart-v1,simulado,sim-2026-05
5dadf542-cec5-5735-be27-c232519ae7d6,SC-02_20260529_0007.jpg,2026-05-29 07:08:04,SC-02,smartphone,saudavel,saudavel,0.9305,agrosmart-v1,simulado,sim-2026-05
471ae3fb-ac81-5f38-a79d-2fee43f82794,BV-04_20260529_0001.jpg,2026-05-29 07:08:10,BV-04,smartphone,saudavel,saudavel,0.9423,agrosmart-v1,simulado,sim-2026-05
8a96b641-f152-5dfb-84c7-7dd41baa4867,BV-04_20260529_0002.jpg,2026-05-29 07:08:42,BV-04,smartphone,saudavel,saudavel,0.8486,agrosmart-v1,simulado,sim-2026-05
36376209-4734-5240-8383-6b9aebc7196e,SC-02_20260529_0008.jpg,2026-05-29 07:08:50,SC-02,smartphone,saudavel,saudavel,0.9577,agrosmart-v1,simulado,sim-2026-05
07784466-1c01-5708-ab10-ccc097e517cc,SC-02_20260529_0009.jpg,2026-05-29 07:09:09,SC-02,smartphone,saudavel,saudavel,0.9578,agrosmart-v1,simulado,sim-2026-05
509024dd-03dd-5d4a-b6bd-9c96590f63dc,BV-04_20260529_0003.jpg,2026-05-29 07:09:11,BV-04,smartphone,saudavel,saudavel,0.9935,agrosmart-v1,simulado,sim-2026-05
06c28578-2375-5327-946e-3cd2b57b99d6,SC-02_20260529_0010.jpg,2026-05-29 07:09:47,SC-02,smartphone,saudavel,saudavel,0.8351,agrosmart-v1,simulado,sim-2026-05
81efed1a-9a12-5010-93fe-7fdc7f69138f,BV-04_20260529_0004.jpg,2026-05-29 07:10:08,BV-04,smartphone,saudavel,saudavel,0.8909,agrosmart-v1,simulado,sim-2026-05
876da249-70e6-5147-8278-6a1f58456b69,BV-04_20260529_0005.jpg,2026-05-29 07:10:22,BV-04,smartphone,saudavel,saudavel,0.9787,agrosmart-v1,simulado,sim-2026-05
01261280-a92c-516d-964e-8f9ef8c1841a,SC-02_20260529_0011.jpg,2026-05-29 07:10:37,SC-02,smartphone,saudavel,saudavel,0.9652,agrosmart-v1,simulado,sim-2026-05
37155f01-542b-5b39-8884-9dc7a9b4acea,SC-02_20260529_0012.jpg,2026-05-29 07:11:19,SC-02,smartphone,saudavel,saudavel,0.6869,agrosmart-v1,simulado,sim-2026-05
ad15ddb3-4c66-59b6-8acd-5a1c47df3ebd,BV-04_20260529_0006.jpg,2026-05-29 07:11:26,BV-04,smartphone,saudavel,saudavel,0.8889,agrosmart-v1,simulado,sim-2026-05
5039edb4-0d70-5888-a257-90f45dcd55fc,BV-04_20260529_0007.jpg,2026-05-29 07:11:48,BV-04,smartphone,saudavel,saudavel,0.8588,agrosmart-v1,simulado,sim-2026-05
c9cea518-856e-50f5-90ad-0b40da467e44,SC-02_20260529_0013.jpg,2026-05-29 07:12:01,SC-02,smartphone,saudavel,saudavel,0.9077,agrosmart-v1,simulado,sim-2026-05
918ed87f-8cbb-5e12-a907-736f024bbf6a,SC-02_20260529_0014.jpg,2026-05-29 07:12:27,SC-02,smartphone,saudavel,saudavel,0.9619,agrosmart-v1,simulado,sim-2026-05
b6cc3b0f-aee5-5b7c-8820-4027b2e04c04,BV-04_20260529_0008.jpg,2026-05-29 07:12:29,BV-04,smartphone,saudavel,saudavel,0.8905,agrosmart-v1,simulado,sim-2026-05
377afd6a-8f9a-5710-a7da-da9184dd2c72,BV-04_20260529_0009.jpg,2026-05-29 07:13:03,BV-04,smartphone,saudavel,saudavel,0.9397,agrosmart-v1,simulado,sim-2026-05
534f9fbe-b480-5668-bdf7-14fd57dfd015,SC-02_20260529_0015.jpg,2026-05-29 07:13:21,SC-02,smartphone,saudavel,saudavel,1.0000,agrosmart-v1,simulado,sim-2026-05
f087f5ae-1c9c-58a7-90fc-501e3e98cb18,SC-02_20260529_0016.jpg,2026-05-29 07:14:04,SC-02,smartphone,saudavel,saudavel,0.9173,agrosmart-v1,simulado,sim-2026-05
40dc130e-c0bc-5baa-92d7-0f866b5fe683,BV-04_20260529_0010.jpg,2026-05-29 07:14:05,BV-04,smartphone,saudavel,saudavel,1.0000,agrosmart-v1,simulado,sim-2026-05
353a2625-59ab-5bf5-94d7-a00bd0ef4c52,SC-02_20260529_0017.jpg,2026-05-29 07:14:20,SC-02,smartphone,saudavel,saudavel,0.8644,agrosmart-v1,simulado,sim-2026-05
cfe0bc2d-c551-58bf-9d9d-9ef75a5631d3,BV-04_20260529_0011.jpg,2026-05-29 07:14:31,BV-04,smartphone,saudavel,saudavel,0.8527,agrosmart-v1,simulado,sim-2026-05
878295ef-b5ce-57dd-ada4-50914c25550a,BV-04_20260529_0012.jpg,2026-05-29 07:15:00,BV-04,smartphone,saudavel,saudavel,0.8291,agrosmart-v1,simulado,sim-2026-05
1fce664d-7a9e-5321-a4d3-f9b9935da3bc,SC-02_20260529_0018.jpg,2026-05-29 07:15:11,SC-02,smartphone,saudavel,saudavel,0.9917,agrosmart-v1,simulado,sim-2026-05
7a68ef7d-66d0-5fee-91d4-c74ba0b6a1a9,BV-04_20260529_0013.jpg,2026-05-29 07:15:49,BV-04,smartphone,saudavel,saudavel,0.9760,agrosmart-v1,simulado,sim-2026-05
733a600b-d754-51bc-8409-05d6a5233137,SC-02_20260529_0019.jpg,2026-05-29 07:15:53,SC-02,smartphone,saudavel,saudavel,0.8920,agrosmart-v1,simulado,sim-2026-05
2bc7ea8c-0a2b-5d5d-a68f-974e54b86e87,BV-04_20260529_0014.jpg,2026-05-29 07:16:35,BV-04,smartphone,saudavel,saudavel,0.8303,agrosmart-v1,simulado,sim-2026-05
29ce16c0-4ce5-5ec5-bdad-307fb41f1ce4,SC-02_20260529_0020.jpg,2026-05-29 07:16:49,SC-02,smartphone,saudavel,saudavel,0.9585,agrosmart-v1,simulado,sim-2026-05
9d97416e-1103-5c3d-83be-59b6b39cee2c,SC-02_20260529_0021.jpg,2026-05-29 07:17:14,SC-02,smartphone,saudavel,saudavel,0.9770,agrosmart-v1,simulado,sim-2026-05
3bf9d278-13f8-53a6-bf92-6042ca511ab3,BV-04_20260529_0015.jpg,2026-05-29 07:17:16,BV-04,smartphone,saudavel,saudavel,0.9641,agrosmart-v1,simulado,sim-2026-05
e1c0c935-3817-54ea-95ef-951c27fe4ae2,SC-02_20260529_0022.jpg,2026-05-29 07:17:56,SC-02,smartphone,saudavel,saudavel,0.9811,agrosmart-v1,simulado,sim-2026-05
5ce7e935-479b-5fa8-bb32-4772d012fb70,BV-04_20260529_0016.jpg,2026-05-29 07:18:01,BV-04,smartphone,saudavel,saudavel,0.9906,agrosmart-v1,simulado,sim-2026-05
00a9db25-7fdf-56fc-86e5-53473819776d,BV-04_20260529_0017.jpg,2026-05-29 07:18:24,BV-04,smartphone,saudavel,saudavel,0.9888,agrosmart-v1,simulado,sim-2026-05
9570d1a2-9fec-534b-8f3b-cf0274048bc5,SC-02_20260529_0023.jpg,2026-05-29 07:18:37,SC-02,smartphone,saudavel,saudavel,0.9055,agrosmart-v1,simulado,sim-2026-05
a9cf9174-b179-59b5-a7be-cf9c906b9d09,SC-02_20260529_0024.jpg,2026-05-29 07:19:12,SC-02,smartphone,saudavel,saudavel,0.8314,agrosmart-v1,simulado,sim-2026-05
fc44afa8-34a9-5bc9-ba73-63e9097dfe5c,BV-04_20260529_0018.jpg,2026-05-29 07:19:15,BV-04,smartphone,saudavel,saudavel,0.8544,agrosmart-v1,simulado,sim-2026-05
9e6af7d4-c6cd-55bc-abb8-8acdc4822510,SC-02_20260529_0025.jpg,2026-05-29 07:19:45,SC-02,smartphone,saudavel,saudavel,0.9827,agrosmart-v1,simulado,sim-2026-05
d12269a5-e5d1-5786-b8a9-65e85be02cfb,BV-04_20260529_0019.jpg,2026-05-29 07:20:02,BV-04,smartphone,saudavel,saudavel,0.9435,agrosmart-v1,simulado,sim-2026-05
65c2b151-2fb1-5b31-a923-04dd02f03a61,SC-02_20260529_0026.jpg,2026-05-29 07:20:35,SC-02,smartphone,saudavel,saudavel,0.9996,agrosmart-v1,simulado,sim-2026-05
f4932fcb-206b-53bc-9dba-6a1fb0ecf257,BV-04_20260529_0020.jpg,2026-05-29 07:20:49,BV-04,smartphone,saudavel,saudavel,0.9369,agrosmart-v1,simulado,sim-2026-05
b1e59fb9-b314-5436-8e1d-92719a0ea812,SC-02_20260529_0027.jpg,2026-05-29 07:21:10,SC-02,smartphone,saudavel,saudavel,0.9704,agrosmart-v1,simulado,sim-2026-05
d55a8c3f-6f7c-5fea-9cfd-ee903a44bc51,SC-02_20260529_0028.jpg,2026-05-29 07:22:07,SC-02,smartphone,saudavel,saudavel,0.9853,agrosmart-v1,simulado,sim-2026-05
aee4cb0c-2b03-537d-8d0e-0863cc13ff73,TI-04_20260529_0001.jpg,2026-05-29 07:33:53,TI-04,drone,saudavel,saudavel,0.9849,agrosmart-v1,simulado,sim-2026-05
bb74c74d-de43-5536-bc4a-865b97b90249,TI-04_20260529_0002.jpg,2026-05-29 07:34:32,TI-04,drone,saudavel,saudavel,0.9295,agrosmart-v1,simulado,sim-2026-05
6b3ccabd-fffe-5b4e-b971-1edb7ae65506,TI-04_20260529_0003.jpg,2026-05-29 07:35:25,TI-04,drone,saudavel,saudavel,0.9249,agrosmart-v1,simulado,sim-2026-05
f951209c-b0ad-56ee-9d08-a20f5c86db52,TI-04_20260529_0004.jpg,2026-05-29 07:35:51,TI-04,drone,saudavel,saudavel,0.9731,agrosmart-v1,simulado,sim-2026-05
5ca55c69-a511-581b-869f-04f2da6c7219,TI-04_20260529_0005.jpg,2026-05-29 07:36:29,TI-04,drone,saudavel,saudavel,0.9629,agrosmart-v1,simulado,sim-2026-05
424a1967-1c8d-526f-bd82-5fb589832dd0,TI-04_20260529_0006.jpg,2026-05-29 07:37:25,TI-04,drone,saudavel,saudavel,0.9734,agrosmart-v1,simulado,sim-2026-05
fada661b-6490-5278-928e-c01f31063c44,TI-04_20260529_0007.jpg,2026-05-29 07:37:49,TI-04,drone,saudavel,saudavel,0.9633,agrosmart-v1,simulado,sim-2026-05
a4d6fd62-abf8-5ea1-a1e0-89a668be2db5,TI-04_20260529_0008.jpg,2026-05-29 07:38:41,TI-04,drone,saudavel,saudavel,0.9142,agrosmart-v1,simulado,sim-2026-05
de230e4e-489a-55eb-9797-c4abdb5a1f69,TI-04_20260529_0009.jpg,2026-05-29 07:39:07,TI-04,drone,saudavel,saudavel,0.9970,agrosmart-v1,simulado,sim-2026-05
b69849c8-d38c-5057-9fc2-64d315173e66,TI-04_20260529_0010.jpg,2026-05-29 07:39:57,TI-04,drone,saudavel,saudavel,0.9707,agrosmart-v1,simulado,sim-2026-05
55e4ae92-d842-5be4-98b8-f0f69b803298,TI-04_20260529_0011.jpg,2026-05-29 07:40:25,TI-04,drone,saudavel,saudavel,0.9412,agrosmart-v1,simulado,sim-2026-05
16743c18-30fe-5337-a1fd-90f27b39bbc3,TI-04_20260529_0012.jpg,2026-05-29 07:41:16,TI-04,drone,saudavel,saudavel,0.9235,agrosmart-v1,simulado,sim-2026-05
436ddf7e-d43d-5b54-94c1-ffa1385fa3fa,TI-04_20260529_0013.jpg,2026-05-29 07:42:04,TI-04,drone,saudavel,saudavel,0.9997,agrosmart-v1,simulado,sim-2026-05
c63f62e2-6949-59db-a75e-a1d3f029e8d4,TI-04_20260529_0014.jpg,2026-05-29 07:42:32,TI-04,drone,saudavel,saudavel,0.9833,agrosmart-v1,simulado,sim-2026-05
04751723-8953-5749-8ab4-0aed0af36eaf,TI-04_20260529_0015.jpg,2026-05-29 07:43:25,TI-04,drone,saudavel,saudavel,0.9963,agrosmart-v1,simulado,sim-2026-05
5154fb91-0a20-51ed-838e-8c2cac5f77a9,TI-04_20260529_0016.jpg,2026-05-29 07:43:58,TI-04,drone,saudavel,saudavel,0.9773,agrosmart-v1,simulado,sim-2026-05
83e7ee28-1225-5bc6-bfa9-491bcd52b366,TI-04_20260529_0017.jpg,2026-05-29 07:44:37,TI-04,drone,saudavel,saudavel,0.8623,agrosmart-v1,simulado,sim-2026-05
77e8e813-2814-51ba-8a63-5f2c957bd731,TI-04_20260529_0018.jpg,2026-05-29 07:45:05,TI-04,drone,saudavel,saudavel,0.9613,agrosmart-v1,simulado,sim-2026-05
119e1b93-5a87-537b-b634-e721ef4f2d6d,TI-04_20260529_0019.jpg,2026-05-29 07:45:45,TI-04,drone,saudavel,saudavel,0.8768,agrosmart-v1,simulado,sim-2026-05
7b27de09-6619-5fc8-bd94-59f5f54d3897,TI-04_20260529_0020.jpg,2026-05-29 07:46:48,TI-04,drone,saudavel,saudavel,0.8594,agrosmart-v1,simulado,sim-2026-05
a057e507-414c-56f0-aa4a-1c78aaec9061,TI-04_20260529_0021.jpg,2026-05-29 07:47:24,TI-04,drone,saudavel,saudavel,0.9559,agrosmart-v1,simulado,sim-2026-05
e4fb8ce4-8fdd-5ceb-a3d1-2ec73c3b6182,TI-04_20260529_0022.jpg,2026-05-29 07:48:06,TI-04,drone,saudavel,saudavel,0.9579,agrosmart-v1,simulado,sim-2026-05
ac302bcb-4497-5687-af97-fc41af2e25fc,TI-04_20260529_0023.jpg,2026-05-29 07:48:46,TI-04,drone,saudavel,saudavel,0.9991,agrosmart-v1,simulado,sim-2026-05
6f19e087-ab4d-53a8-b1c3-22512c9065e3,TI-04_20260529_0024.jpg,2026-05-29 07:49:24,TI-04,drone,saudavel,saudavel,0.8874,agrosmart-v1,simulado,sim-2026-05
59389902-3e05-5144-93e0-dd06c60ac26e,TI-04_20260529_0025.jpg,2026-05-29 07:49:40,TI-04,drone,saudavel,saudavel,0.9977,agrosmart-v1,simulado,sim-2026-05
28d2b1c6-02aa-5f33-b4f6-c428f0765f75,TI-04_20260529_0026.jpg,2026-05-29 07:50:45,TI-04,drone,doente,pinta_preta,0.9914,agrosmart-v1,simulado,sim-2026-05
c214929f-cf11-5cf2-b150-d8ac1d85277f,TI-04_20260529_0027.jpg,2026-05-29 07:51:02,TI-04,drone,saudavel,saudavel,0.9782,agrosmart-v1,simulado,sim-2026-05
e27af60b-6b72-567b-b88f-08e0a114b225,TI-04_20260529_0028.jpg,2026-05-29 07:51:53,TI-04,drone,saudavel,saudavel,0.8258,agrosmart-v1,simulado,sim-2026-05
277d4a31-c9cb-5a31-850a-8507ad4a2960,TI-04_20260529_0029.jpg,2026-05-29 07:52:42,TI-04,drone,saudavel,saudavel,0.9909,agrosmart-v1,simulado,sim-2026-05
73aa1770-9f11-518c-86cd-8245f7afe0bd,TI-04_20260529_0030.jpg,2026-05-29 07:53:29,TI-04,drone,saudavel,saudavel,0.9958,agrosmart-v1,simulado,sim-2026-05
a3b0a362-525a-5d92-aa4a-0a6b3bc3ce93,TI-04_20260529_0031.jpg,2026-05-29 07:53:47,TI-04,drone,saudavel,saudavel,0.8587,agrosmart-v1,simulado,sim-2026-05
67167f0a-ff78-5ada-965c-4f2d7d14c64e,TI-04_20260529_0032.jpg,2026-05-29 07:54:27,TI-04,drone,saudavel,saudavel,0.9714,agrosmart-v1,simulado,sim-2026-05
21a4783b-352d-5896-a775-76b7fa81093f,TI-04_20260529_0033.jpg,2026-05-29 07:55:11,TI-04,drone,saudavel,saudavel,0.9741,agrosmart-v1,simulado,sim-2026-05
c7714427-d571-5bc7-ac3a-957ede0f2674,TI-04_20260529_0034.jpg,2026-05-29 07:56:03,TI-04,drone,saudavel,saudavel,0.8694,agrosmart-v1,simulado,sim-2026-05
abce85d7-e0b8-505d-ada7-b4197e27e7ea,TI-04_20260529_0035.jpg,2026-05-29 07:56:30,TI-04,drone,saudavel,saudavel,0.8672,agrosmart-v1,simulado,sim-2026-05
5b8caa56-1176-5cf0-bb33-0a42c352dd2b,TI-04_20260529_0036.jpg,2026-05-29 07:57:04,TI-04,drone,saudavel,saudavel,0.9682,agrosmart-v1,simulado,sim-2026-05
ebd86719-abc3-5187-aa78-95a1e236ca47,TI-04_20260529_0037.jpg,2026-05-29 07:57:58,TI-04,drone,saudavel,saudavel,0.9980,agrosmart-v1,simulado,sim-2026-05
e33fee14-9c2d-5c32-bdca-24af5adabcad,TI-04_20260529_0038.jpg,2026-05-29 07:58:33,TI-04,drone,saudavel,saudavel,0.8505,agrosmart-v1,simulado,sim-2026-05
cadc0b11-d272-5357-9ec2-815d301522a6,SC-04_20260529_0001.jpg,2026-05-29 08:09:02,SC-04,smartphone,saudavel,saudavel,0.9974,agrosmart-v1,simulado,sim-2026-05
b8815d8d-3493-5961-ad94-97cad4b7f3bc,SC-04_20260529_0002.jpg,2026-05-29 08:09:46,SC-04,smartphone,saudavel,saudavel,0.9685,agrosmart-v1,simulado,sim-2026-05
a3e0f173-99c7-5dfd-9f57-57933d3ac0d8,SC-04_20260529_0003.jpg,2026-05-29 08:10:26,SC-04,smartphone,saudavel,saudavel,0.9465,agrosmart-v1,simulado,sim-2026-05
66fa508c-b110-5776-8ba5-42de51c3f3b0,SC-04_20260529_0004.jpg,2026-05-29 08:10:43,SC-04,smartphone,saudavel,saudavel,0.8670,agrosmart-v1,simulado,sim-2026-05
bc44c64b-6694-5223-9231-d0b58f408b18,SC-04_20260529_0005.jpg,2026-05-29 08:11:33,SC-04,smartphone,saudavel,saudavel,0.8374,agrosmart-v1,simulado,sim-2026-05
5e6e7924-359b-562b-81ad-93dc4e68b566,SC-04_20260529_0006.jpg,2026-05-29 08:12:03,SC-04,smartphone,saudavel,saudavel,0.9588,agrosmart-v1,simulado,sim-2026-05
338b1f7d-9d12-5eb4-b04d-221a7d6e2649,SC-04_20260529_0007.jpg,2026-05-29 08:12:51,SC-04,smartphone,saudavel,saudavel,0.8752,agrosmart-v1,simulado,sim-2026-05
50a03ee9-84ab-5ca3-ac3f-3975d025651b,SC-04_20260529_0008.jpg,2026-05-29 08:13:31,SC-04,smartphone,saudavel,saudavel,0.9925,agrosmart-v1,simulado,sim-2026-05
f017bd80-547a-5294-91dd-5f31fb94e651,SC-04_20260529_0009.jpg,2026-05-29 08:14:18,SC-04,smartphone,saudavel,saudavel,0.8453,agrosmart-v1,simulado,sim-2026-05
ea8b64d0-57ea-55dc-b0ac-e7bebc36d924,SC-04_20260529_0010.jpg,2026-05-29 08:14:46,SC-04,smartphone,saudavel,saudavel,0.9959,agrosmart-v1,simulado,sim-2026-05
2f861d7a-618a-5bf4-bd99-c92d67144890,SC-04_20260529_0011.jpg,2026-05-29 08:15:47,SC-04,smartphone,saudavel,saudavel,0.9990,agrosmart-v1,simulado,sim-2026-05
4eab9f36-9681-5a0b-a086-82c876e38975,SC-04_20260529_0012.jpg,2026-05-29 08:16:27,SC-04,smartphone,saudavel,saudavel,0.9930,agrosmart-v1,simulado,sim-2026-05
7a9f404a-ac84-5f38-9216-c73acb7c4fd0,SC-04_20260529_0013.jpg,2026-05-29 08:16:52,SC-04,smartphone,saudavel,saudavel,0.9729,agrosmart-v1,simulado,sim-2026-05
a2d4851f-0785-53af-b2b6-bd1177ccc605,SC-04_20260529_0014.jpg,2026-05-29 08:17:23,SC-04,smartphone,saudavel,saudavel,0.8470,agrosmart-v1,simulado,sim-2026-05
8c1e0441-0d2b-51d9-9be6-889f22ea6781,SC-04_20260529_0015.jpg,2026-05-29 08:18:05,SC-04,smartphone,saudavel,saudavel,0.9907,agrosmart-v1,simulado,sim-2026-05
712fe2ad-2674-5eeb-a26d-1161662f88cd,SC-04_20260529_0016.jpg,2026-05-29 08:19:07,SC-04,smartphone,saudavel,saudavel,0.8952,agrosmart-v1,simulado,sim-2026-05
b7d66fb2-01a1-54d2-bd92-766f4d080048,SC-04_20260529_0017.jpg,2026-05-29 08:19:46,SC-04,smartphone,doente,requeima,0.9684,agrosmart-v1,simulado,sim-2026-05
b8d07f5b-9de0-5d5a-9181-3b0cf9bccf20,TI-01_20260529_0001.jpg,2026-05-29 08:19:56,TI-01,drone,saudavel,saudavel,0.8762,agrosmart-v1,simulado,sim-2026-05
afb46f14-1268-5920-879e-c2afc3a15b41,SC-04_20260529_0018.jpg,2026-05-29 08:20:04,SC-04,smartphone,saudavel,saudavel,0.7140,agrosmart-v1,simulado,sim-2026-05
cb40eea2-df8f-5501-9dee-3c90471ee1b3,TI-01_20260529_0002.jpg,2026-05-29 08:20:32,TI-01,drone,saudavel,saudavel,0.9999,agrosmart-v1,simulado,sim-2026-05
f091e903-661f-516c-84f3-05cd24fec76f,SC-04_20260529_0019.jpg,2026-05-29 08:20:59,SC-04,smartphone,saudavel,saudavel,0.9880,agrosmart-v1,simulado,sim-2026-05
5f650c94-5779-5e2b-b5af-f28cc4ec846b,TI-01_20260529_0003.jpg,2026-05-29 08:21:07,TI-01,drone,saudavel,saudavel,0.9967,agrosmart-v1,simulado,sim-2026-05
b5473a66-7355-5754-aaec-7676174ac727,SC-04_20260529_0020.jpg,2026-05-29 08:21:27,SC-04,smartphone,saudavel,saudavel,0.9674,agrosmart-v1,simulado,sim-2026-05
fadf48d5-3842-50fd-97af-9358a4f3ff6e,TI-01_20260529_0004.jpg,2026-05-29 08:22:06,TI-01,drone,saudavel,saudavel,0.8221,agrosmart-v1,simulado,sim-2026-05
895a4590-a055-5328-bbfa-93f101524252,TI-01_20260529_0005.jpg,2026-05-29 08:22:42,TI-01,drone,saudavel,saudavel,0.9129,agrosmart-v1,simulado,sim-2026-05
a4073c08-f713-5a34-9c86-1bd02863c6f7,TI-01_20260529_0006.jpg,2026-05-29 08:23:25,TI-01,drone,saudavel,saudavel,0.9974,agrosmart-v1,simulado,sim-2026-05
c0e7ca65-bfcb-545b-bece-de466091dc94,TI-01_20260529_0007.jpg,2026-05-29 08:23:50,TI-01,drone,saudavel,saudavel,0.8598,agrosmart-v1,simulado,sim-2026-05
e07007ac-69a0-50f9-8594-cdb1e50880ea,TI-01_20260529_0008.jpg,2026-05-29 08:24:41,TI-01,drone,saudavel,saudavel,0.8769,agrosmart-v1,simulado,sim-2026-05
0e2d6c69-5205-5576-8e42-83c080cf45bf,TI-01_20260529_0009.jpg,2026-05-29 08:25:14,TI-01,drone,saudavel,saudavel,0.9880,agrosmart-v1,simulado,sim-2026-05
73a36ce7-6245-55c8-ab9d-32112189b315,TI-01_20260529_0010.jpg,2026-05-29 08:26:00,TI-01,drone,saudavel,saudavel,0.9861,agrosmart-v1,simulado,sim-2026-05
099cee3d-1ef1-589f-81a8-14687a2ae5b4,TI-01_20260529_0011.jpg,2026-05-29 08:26:25,TI-01,drone,saudavel,saudavel,0.8374,agrosmart-v1,simulado,sim-2026-05
47b08d02-3d7a-5c2c-9756-81f350cb25e5,BV-01_20260529_0001.jpg,2026-05-29 08:26:58,BV-01,smartphone,doente,requeima,0.9459,agrosmart-v1,simulado,sim-2026-05
69ffda63-6542-5793-84f3-ce249c48c694,TI-01_20260529_0012.jpg,2026-05-29 08:27:16,TI-01,drone,saudavel,saudavel,0.9774,agrosmart-v1,simulado,sim-2026-05
e5e7ead2-3fc6-5b55-bb01-c3333ed3d4a1,BV-01_20260529_0002.jpg,2026-05-29 08:27:32,BV-01,smartphone,saudavel,saudavel,0.8922,agrosmart-v1,simulado,sim-2026-05
5ff10b4d-42fb-52eb-998f-8e7888e242f1,BV-01_20260529_0003.jpg,2026-05-29 08:28:04,BV-01,smartphone,saudavel,saudavel,0.9929,agrosmart-v1,simulado,sim-2026-05
cfdcf99d-2e47-5595-845d-051cae00ec4b,TI-01_20260529_0013.jpg,2026-05-29 08:28:07,TI-01,drone,saudavel,saudavel,0.9994,agrosmart-v1,simulado,sim-2026-05
6190f040-7733-5908-a4f7-5eca45928a55,TI-01_20260529_0014.jpg,2026-05-29 08:28:49,TI-01,drone,saudavel,saudavel,0.8972,agrosmart-v1,simulado,sim-2026-05
81889413-8add-5980-a5f4-e64b7fa58db7,BV-01_20260529_0004.jpg,2026-05-29 08:28:58,BV-01,smartphone,saudavel,saudavel,0.9317,agrosmart-v1,simulado,sim-2026-05
f385d7d3-82fd-5992-a397-04b4c905fe0f,BV-01_20260529_0005.jpg,2026-05-29 08:29:27,BV-01,smartphone,saudavel,saudavel,0.9872,agrosmart-v1,simulado,sim-2026-05
3e0490cd-784c-51c2-aa62-613f4fe1df0b,TI-01_20260529_0015.jpg,2026-05-29 08:29:30,TI-01,drone,saudavel,saudavel,0.9071,agrosmart-v1,simulado,sim-2026-05
5d93d8cd-f3c2-5bf6-bf58-af82915e5558,TI-01_20260529_0016.jpg,2026-05-29 08:30:05,TI-01,drone,saudavel,saudavel,0.9233,agrosmart-v1,simulado,sim-2026-05
23d5dbbf-d8aa-57bb-8ba7-22adeb825b3f,BV-01_20260529_0006.jpg,2026-05-29 08:30:21,BV-01,smartphone,saudavel,saudavel,0.9986,agrosmart-v1,simulado,sim-2026-05
ec8e0f5a-9e73-54fb-a3ea-84370f5529fd,TI-01_20260529_0017.jpg,2026-05-29 08:30:31,TI-01,drone,doente,mosca_minadora,0.9245,agrosmart-v1,simulado,sim-2026-05
31c039be-8e98-58f9-a625-63477e41af98,BV-01_20260529_0007.jpg,2026-05-29 08:30:53,BV-01,smartphone,saudavel,saudavel,0.9935,agrosmart-v1,simulado,sim-2026-05
9b7341f4-ff02-5f44-8620-1fd561f35e0d,TI-01_20260529_0018.jpg,2026-05-29 08:31:12,TI-01,drone,saudavel,saudavel,0.9996,agrosmart-v1,simulado,sim-2026-05
8896a2f3-573b-5d61-9f72-6e1ea0fd99ac,BV-01_20260529_0008.jpg,2026-05-29 08:31:40,BV-01,smartphone,saudavel,saudavel,0.6023,agrosmart-v1,simulado,sim-2026-05
ffbc1221-1387-554d-9f62-cedd08928ce3,TI-01_20260529_0019.jpg,2026-05-29 08:31:53,TI-01,drone,saudavel,saudavel,0.9468,agrosmart-v1,simulado,sim-2026-05
c36267c8-f635-5bcb-b02f-60bf9c6851f9,BV-01_20260529_0009.jpg,2026-05-29 08:32:19,BV-01,smartphone,saudavel,saudavel,0.8840,agrosmart-v1,simulado,sim-2026-05
ff83bf5c-6de1-5b56-974c-b2fed37de620,TI-01_20260529_0020.jpg,2026-05-29 08:32:22,TI-01,drone,saudavel,saudavel,0.9954,agrosmart-v1,simulado,sim-2026-05
d4ece8a6-ec6b-59f0-ac81-53882d0e6032,BV-01_20260529_0010.jpg,2026-05-29 08:32:54,BV-01,smartphone,saudavel,saudavel,0.8795,agrosmart-v1,simulado,sim-2026-05
3349b699-ceed-5d37-88dd-9950531ea37f,TI-01_20260529_0021.jpg,2026-05-29 08:33:17,TI-01,drone,saudavel,saudavel,0.8969,agrosmart-v1,simulado,sim-2026-05
c7344888-e473-5b1e-902d-70c320df99e1,BV-01_20260529_0011.jpg,2026-05-29 08:33:31,BV-01,smartphone,saudavel,saudavel,0.9045,agrosmart-v1,simulado,sim-2026-05
5e33f4fd-2eaa-5495-9507-5c04f8da10b0,TI-01_20260529_0022.jpg,2026-05-29 08:33:47,TI-01,drone,saudavel,saudavel,0.9035,agrosmart-v1,simulado,sim-2026-05
94ec4e6e-c3ba-5e8a-8b7a-645af68a82b1,BV-01_20260529_0012.jpg,2026-05-29 08:34:23,BV-01,smartphone,doente,requeima,0.7762,agrosmart-v1,simulado,sim-2026-05
6f3a8bf4-8a9e-5784-98cd-24f5e4cd21d2,TI-01_20260529_0023.jpg,2026-05-29 08:34:37,TI-01,drone,saudavel,saudavel,0.9946,agrosmart-v1,simulado,sim-2026-05
5c923b71-f4ad-5977-973b-7c15f46185a4,BV-01_20260529_0013.jpg,2026-05-29 08:35:07,BV-01,smartphone,saudavel,saudavel,0.9851,agrosmart-v1,simulado,sim-2026-05
07273c8d-7e12-5b9d-87ef-d39cbba9ef73,TI-01_20260529_0024.jpg,2026-05-29 08:35:09,TI-01,drone,saudavel,saudavel,0.9563,agrosmart-v1,simulado,sim-2026-05
ffc6cc82-27e0-585a-b5dd-03420875493b,BV-01_20260529_0014.jpg,2026-05-29 08:35:45,BV-01,smartphone,saudavel,saudavel,0.9635,agrosmart-v1,simulado,sim-2026-05
f5d8a785-7f0e-5476-aeef-2aefa5be9dfb,TI-01_20260529_0025.jpg,2026-05-29 08:35:57,TI-01,drone,saudavel,saudavel,0.8262,agrosmart-v1,simulado,sim-2026-05
1a0ef13b-1ed7-5296-ae96-4e5649b23866,BV-01_20260529_0015.jpg,2026-05-29 08:36:06,BV-01,smartphone,doente,requeima,0.9919,agrosmart-v1,simulado,sim-2026-05
35308592-903b-5ff0-9b6e-11b14cc49333,TI-01_20260529_0026.jpg,2026-05-29 08:36:47,TI-01,drone,saudavel,saudavel,0.8608,agrosmart-v1,simulado,sim-2026-05
6e3fa575-2f52-5b6d-97e8-299ef996f411,BV-01_20260529_0016.jpg,2026-05-29 08:37:04,BV-01,smartphone,saudavel,saudavel,0.9580,agrosmart-v1,simulado,sim-2026-05
cddc5265-c53a-5367-9768-dfc9ace14f06,BV-01_20260529_0017.jpg,2026-05-29 08:37:24,BV-01,smartphone,saudavel,saudavel,0.9196,agrosmart-v1,simulado,sim-2026-05
cae625c3-ae19-5c0f-ba36-173b75172c89,TI-01_20260529_0027.jpg,2026-05-29 08:37:27,TI-01,drone,saudavel,saudavel,0.8438,agrosmart-v1,simulado,sim-2026-05
73526ba1-36ca-5714-b3dd-fdb2b450236e,TI-01_20260529_0028.jpg,2026-05-29 08:37:45,TI-01,drone,saudavel,saudavel,0.9985,agrosmart-v1,simulado,sim-2026-05
565d07b2-ede4-5d23-97c2-10f80f955464,BV-01_20260529_0018.jpg,2026-05-29 08:38:28,BV-01,smartphone,saudavel,saudavel,0.9997,agrosmart-v1,simulado,sim-2026-05
6679e6b3-0d7b-57cf-b8e0-739afd7dfade,TI-01_20260529_0029.jpg,2026-05-29 08:38:35,TI-01,drone,saudavel,saudavel,0.8970,agrosmart-v1,simulado,sim-2026-05
bdde77c6-debb-5f09-9150-d93c3233353b,BV-01_20260529_0019.jpg,2026-05-29 08:38:49,BV-01,smartphone,saudavel,saudavel,0.9127,agrosmart-v1,simulado,sim-2026-05
15efb5d6-dd09-5fcc-b367-e72a84871acc,TI-01_20260529_0030.jpg,2026-05-29 08:39:09,TI-01,drone,saudavel,saudavel,0.8793,agrosmart-v1,simulado,sim-2026-05
c9469821-c490-5703-8f5c-cd70f3571a70,BV-01_20260529_0020.jpg,2026-05-29 08:39:34,BV-01,smartphone,saudavel,saudavel,1.0000,agrosmart-v1,simulado,sim-2026-05
ad430447-c2b1-5aad-9b5e-ffd4dd13fc35,TI-01_20260529_0031.jpg,2026-05-29 08:40:01,TI-01,drone,saudavel,saudavel,0.9342,agrosmart-v1,simulado,sim-2026-05
69e82b70-afa6-58ed-8e02-6e821198dda0,BV-01_20260529_0021.jpg,2026-05-29 08:40:08,BV-01,smartphone,saudavel,saudavel,0.8500,agrosmart-v1,simulado,sim-2026-05
f8d0b018-1bf7-56ac-b7ec-c029ee25e5de,TI-01_20260529_0032.jpg,2026-05-29 08:40:28,TI-01,drone,saudavel,saudavel,0.9466,agrosmart-v1,simulado,sim-2026-05
b898e856-48f2-5745-99ca-2e4fd84547a1,BV-01_20260529_0022.jpg,2026-05-29 08:40:43,BV-01,smartphone,saudavel,saudavel,0.7542,agrosmart-v1,simulado,sim-2026-05
da5d978a-2a69-5203-a98a-7d0e1f14ef14,TI-01_20260529_0033.jpg,2026-05-29 08:41:05,TI-01,drone,saudavel,saudavel,0.9617,agrosmart-v1,simulado,sim-2026-05
efd86f17-5b81-5a04-b35d-de97aa9d8874,BV-01_20260529_0023.jpg,2026-05-29 08:41:27,BV-01,smartphone,saudavel,saudavel,0.9534,agrosmart-v1,simulado,sim-2026-05
cbc1ab74-83d5-51b4-879e-8c154bd9a881,TI-01_20260529_0034.jpg,2026-05-29 08:41:42,TI-01,drone,saudavel,saudavel,0.9134,agrosmart-v1,simulado,sim-2026-05
67b64bca-6da8-57ab-b8d9-8db438e44b8a,TI-01_20260529_0035.jpg,2026-05-29 08:42:21,TI-01,drone,saudavel,saudavel,0.9463,agrosmart-v1,simulado,sim-2026-05
d56cd6ed-a24a-55c1-badc-fa0015fc8b22,BV-01_20260529_0024.jpg,2026-05-29 08:42:28,BV-01,smartphone,saudavel,saudavel,0.8648,agrosmart-v1,simulado,sim-2026-05
6a10721c-2916-5e42-8b76-127b2b74bf6a,BV-01_20260529_0025.jpg,2026-05-29 08:42:45,BV-01,smartphone,saudavel,saudavel,0.8318,agrosmart-v1,simulado,sim-2026-05
512c8949-d4d3-5c23-8021-94d1a2f1b835,TI-01_20260529_0036.jpg,2026-05-29 08:43:29,TI-01,drone,saudavel,saudavel,0.9754,agrosmart-v1,simulado,sim-2026-05
17dc7f92-a8ec-5d84-8e1a-fb7d8e357d1d,BV-01_20260529_0026.jpg,2026-05-29 08:43:42,BV-01,smartphone,saudavel,saudavel,0.5868,agrosmart-v1,simulado,sim-2026-05
59774b4e-afce-52a8-9264-8148e9b817b9,TI-01_20260529_0037.jpg,2026-05-29 08:44:08,TI-01,drone,saudavel,saudavel,0.9996,agrosmart-v1,simulado,sim-2026-05
026ab8a1-464a-5970-9df4-b2027cdf74d1,BV-01_20260529_0027.jpg,2026-05-29 08:44:10,BV-01,smartphone,saudavel,saudavel,0.9003,agrosmart-v1,simulado,sim-2026-05
3e8f9e8e-6af4-5b39-a421-e3582a4ec261,TI-01_20260529_0038.jpg,2026-05-29 08:44:40,TI-01,drone,saudavel,saudavel,0.8872,agrosmart-v1,simulado,sim-2026-05
fb546cb2-bd8e-590f-91b2-1c27b7daf4d7,BV-01_20260529_0028.jpg,2026-05-29 08:45:01,BV-01,smartphone,doente,requeima,0.9296,agrosmart-v1,simulado,sim-2026-05
c7128400-988d-5d67-b9b5-9b444ee74cdc,TI-01_20260529_0039.jpg,2026-05-29 08:45:14,TI-01,drone,saudavel,saudavel,0.9114,agrosmart-v1,simulado,sim-2026-05
296d16c7-cbe3-5444-8540-13748166fa97,BV-01_20260529_0029.jpg,2026-05-29 08:45:36,BV-01,smartphone,saudavel,saudavel,0.9993,agrosmart-v1,simulado,sim-2026-05
452952b0-3ff0-5fe5-977b-03bd431274b1,TI-01_20260529_0040.jpg,2026-05-29 08:46:00,TI-01,drone,saudavel,saudavel,0.8414,agrosmart-v1,simulado,sim-2026-05
2fc0755b-2ef1-5d5a-bb1d-581febe879c7,TI-01_20260529_0041.jpg,2026-05-29 08:46:40,TI-01,drone,saudavel,saudavel,0.9745,agrosmart-v1,simulado,sim-2026-05
e1c9145a-a301-516c-ba89-a2d840507486,TI-01_20260529_0042.jpg,2026-05-29 08:47:21,TI-01,drone,saudavel,saudavel,0.9963,agrosmart-v1,simulado,sim-2026-05
61313c3b-84b1-592b-bfaa-4c6509fc77ef,TI-01_20260529_0043.jpg,2026-05-29 08:47:56,TI-01,drone,saudavel,saudavel,0.8514,agrosmart-v1,simulado,sim-2026-05
9961e5e2-58f9-54e3-a4c0-befab257917b,TI-01_20260529_0044.jpg,2026-05-29 08:48:50,TI-01,drone,saudavel,saudavel,0.9937,agrosmart-v1,simulado,sim-2026-05
8b0f0f8b-6aac-5b6b-b368-46960089e0d8,TI-01_20260529_0045.jpg,2026-05-29 08:49:26,TI-01,drone,saudavel,saudavel,0.9425,agrosmart-v1,simulado,sim-2026-05
c1c69c04-a744-5d0b-ade5-c9067b717fc5,TI-01_20260529_0046.jpg,2026-05-29 08:49:46,TI-01,drone,saudavel,saudavel,0.9122,agrosmart-v1,simulado,sim-2026-05
9f688c05-3aec-5311-a9fd-880b7c6d3bf1,TI-01_20260529_0047.jpg,2026-05-29 08:50:40,TI-01,drone,saudavel,saudavel,0.8870,agrosmart-v1,simulado,sim-2026-05
68d138d6-eea0-5718-b64e-a54fbff97ebb,SC-01_20260529_0001.jpg,2026-05-29 09:08:01,SC-01,smartphone,saudavel,saudavel,0.9995,agrosmart-v1,simulado,sim-2026-05
0201ffc0-1a2d-53ce-b749-5abd9ab8f6a7,SC-01_20260529_0002.jpg,2026-05-29 09:08:36,SC-01,smartphone,saudavel,saudavel,0.9834,agrosmart-v1,simulado,sim-2026-05
36c345ad-b239-5993-85aa-5faf2ffc7a99,TI-02_20260529_0001.jpg,2026-05-29 09:09:07,TI-02,drone,saudavel,saudavel,0.9778,agrosmart-v1,simulado,sim-2026-05
c1819055-058e-5025-b357-520cb44b2208,SC-01_20260529_0003.jpg,2026-05-29 09:09:12,SC-01,smartphone,saudavel,saudavel,0.9829,agrosmart-v1,simulado,sim-2026-05
6412cccd-0d9b-5c0d-b581-6235ea265e1f,TI-02_20260529_0002.jpg,2026-05-29 09:09:41,TI-02,drone,saudavel,saudavel,1.0000,agrosmart-v1,simulado,sim-2026-05
d806547a-75b5-592c-bb2d-7e28f92e44f0,SC-01_20260529_0004.jpg,2026-05-29 09:09:53,SC-01,smartphone,saudavel,saudavel,0.8791,agrosmart-v1,simulado,sim-2026-05
f3d667cd-ca02-56ce-b71c-67406b4a10e0,TI-02_20260529_0003.jpg,2026-05-29 09:10:21,TI-02,drone,saudavel,saudavel,0.9241,agrosmart-v1,simulado,sim-2026-05
452e499d-239c-505c-b2ba-fe96da2426fe,SC-01_20260529_0005.jpg,2026-05-29 09:10:38,SC-01,smartphone,saudavel,saudavel,0.9920,agrosmart-v1,simulado,sim-2026-05
889e6ecd-6915-5ef4-9a03-c6d94f7944dd,SC-01_20260529_0006.jpg,2026-05-29 09:11:05,SC-01,smartphone,saudavel,saudavel,0.9005,agrosmart-v1,simulado,sim-2026-05
71af2613-6a5d-5173-80fc-8d5fd2c7bd6b,TI-02_20260529_0004.jpg,2026-05-29 09:11:06,TI-02,drone,saudavel,saudavel,0.9027,agrosmart-v1,simulado,sim-2026-05
6b91c46c-e11e-56c1-ad43-4385e6b56617,TI-02_20260529_0005.jpg,2026-05-29 09:11:35,TI-02,drone,saudavel,saudavel,0.9216,agrosmart-v1,simulado,sim-2026-05
c8c06621-c74f-52bc-8a3f-1261bfeb34ef,SC-01_20260529_0007.jpg,2026-05-29 09:11:40,SC-01,smartphone,saudavel,saudavel,0.9798,agrosmart-v1,simulado,sim-2026-05
0922bd89-5c61-531c-bd2b-3e03d9c6ef1c,TI-02_20260529_0006.jpg,2026-05-29 09:12:20,TI-02,drone,saudavel,saudavel,0.8821,agrosmart-v1,simulado,sim-2026-05
4e6fe136-7ec3-5fb9-832d-3910a4294771,SC-01_20260529_0008.jpg,2026-05-29 09:12:45,SC-01,smartphone,saudavel,saudavel,0.9951,agrosmart-v1,simulado,sim-2026-05
ea3071fc-16eb-51d9-9174-e72a8455d49b,TI-02_20260529_0007.jpg,2026-05-29 09:12:52,TI-02,drone,saudavel,saudavel,0.9844,agrosmart-v1,simulado,sim-2026-05
6b349334-aa5c-5fc2-b92a-c4c64ca89a16,BV-02_20260529_0001.jpg,2026-05-29 09:12:59,BV-02,smartphone,saudavel,saudavel,0.9056,agrosmart-v1,simulado,sim-2026-05
62f2d636-9af3-5335-82f3-b764522342d0,SC-01_20260529_0009.jpg,2026-05-29 09:13:05,SC-01,smartphone,saudavel,saudavel,0.9424,agrosmart-v1,simulado,sim-2026-05
3bf173ff-0fd8-536f-b011-411e018b72b4,BV-02_20260529_0002.jpg,2026-05-29 09:13:21,BV-02,smartphone,saudavel,saudavel,0.9981,agrosmart-v1,simulado,sim-2026-05
91be0a0c-cbfe-5853-b38d-e434465bfc07,TI-02_20260529_0008.jpg,2026-05-29 09:13:39,TI-02,drone,saudavel,saudavel,0.9967,agrosmart-v1,simulado,sim-2026-05
cfab6a56-5fe0-5b48-8d4a-8173dce082bd,SC-01_20260529_0010.jpg,2026-05-29 09:13:46,SC-01,smartphone,saudavel,saudavel,0.8910,agrosmart-v1,simulado,sim-2026-05
a2258ab8-7558-5878-a048-74952319db48,TI-02_20260529_0009.jpg,2026-05-29 09:14:09,TI-02,drone,saudavel,saudavel,0.9323,agrosmart-v1,simulado,sim-2026-05
aa375e73-7349-5d99-8ff5-cc6ef335984c,BV-02_20260529_0003.jpg,2026-05-29 09:14:12,BV-02,smartphone,saudavel,saudavel,0.5358,agrosmart-v1,simulado,sim-2026-05
051caf05-4dd3-5455-8044-a54ed4a012e9,SC-01_20260529_0011.jpg,2026-05-29 09:14:43,SC-01,smartphone,saudavel,saudavel,0.9572,agrosmart-v1,simulado,sim-2026-05
fddcb749-dfdd-590a-b4be-9ac54114bbbf,TI-02_20260529_0010.jpg,2026-05-29 09:14:48,TI-02,drone,saudavel,saudavel,0.9242,agrosmart-v1,simulado,sim-2026-05
d197df04-263e-5f66-a92a-0ce6c523ab23,BV-02_20260529_0004.jpg,2026-05-29 09:14:58,BV-02,smartphone,saudavel,saudavel,0.9909,agrosmart-v1,simulado,sim-2026-05
8123f81a-6cc1-5d5b-8630-bc16b21d5ec0,SC-01_20260529_0012.jpg,2026-05-29 09:15:09,SC-01,smartphone,saudavel,saudavel,0.8600,agrosmart-v1,simulado,sim-2026-05
a0638121-9994-554d-9068-751d18e6506c,TI-02_20260529_0011.jpg,2026-05-29 09:15:22,TI-02,drone,doente,mosca_minadora,0.9316,agrosmart-v1,simulado,sim-2026-05
9284a930-3653-5991-9a76-60050ca72b93,BV-02_20260529_0005.jpg,2026-05-29 09:15:38,BV-02,smartphone,saudavel,saudavel,0.9999,agrosmart-v1,simulado,sim-2026-05
87122e7c-264c-55bf-b517-a3c1d09557e9,SC-01_20260529_0013.jpg,2026-05-29 09:16:06,SC-01,smartphone,saudavel,saudavel,0.9089,agrosmart-v1,simulado,sim-2026-05
2b6a0be1-ca58-5202-9e0c-46469d70aa0e,BV-02_20260529_0006.jpg,2026-05-29 09:16:15,BV-02,smartphone,saudavel,saudavel,0.9252,agrosmart-v1,simulado,sim-2026-05
edb3147f-1a51-585d-8ef7-322b98c79821,SC-01_20260529_0014.jpg,2026-05-29 09:16:21,SC-01,smartphone,saudavel,saudavel,0.9868,agrosmart-v1,simulado,sim-2026-05
903a92fd-93c5-5d5d-ad2a-aad209302da9,TI-02_20260529_0012.jpg,2026-05-29 09:16:25,TI-02,drone,saudavel,saudavel,0.9337,agrosmart-v1,simulado,sim-2026-05
23875191-e274-53a5-9790-6b871775c8ba,BV-02_20260529_0007.jpg,2026-05-29 09:16:59,BV-02,smartphone,saudavel,saudavel,0.8509,agrosmart-v1,simulado,sim-2026-05
6fd809ca-be53-55ea-9cca-bf9fa84649f2,TI-02_20260529_0013.jpg,2026-05-29 09:17:09,TI-02,drone,saudavel,saudavel,0.9802,agrosmart-v1,simulado,sim-2026-05
4899a458-ef0c-515d-ad65-88f126380755,SC-01_20260529_0015.jpg,2026-05-29 09:17:24,SC-01,smartphone,saudavel,saudavel,0.9895,agrosmart-v1,simulado,sim-2026-05
33d9d9cd-3012-542d-a2fa-07983a087c2d,BV-02_20260529_0008.jpg,2026-05-29 09:17:35,BV-02,smartphone,saudavel,saudavel,0.9786,agrosmart-v1,simulado,sim-2026-05
44301a3a-2441-506a-9276-a19bb8082f71,TI-02_20260529_0014.jpg,2026-05-29 09:17:48,TI-02,drone,saudavel,saudavel,0.8205,agrosmart-v1,simulado,sim-2026-05
878ae304-231e-56ef-84f2-14f413a80767,SC-01_20260529_0016.jpg,2026-05-29 09:18:08,SC-01,smartphone,saudavel,saudavel,0.9667,agrosmart-v1,simulado,sim-2026-05
62ec48b1-6c47-5578-8e5b-b938f9c86793,TI-02_20260529_0015.jpg,2026-05-29 09:18:11,TI-02,drone,saudavel,saudavel,0.9873,agrosmart-v1,simulado,sim-2026-05
ba8dc75c-07cb-5e4e-8d3b-9b8058cc22fa,BV-02_20260529_0009.jpg,2026-05-29 09:18:14,BV-02,smartphone,saudavel,saudavel,0.8547,agrosmart-v1,simulado,sim-2026-05
2eda9a1c-49c6-55e0-a36f-8209026ee4e1,SC-01_20260529_0017.jpg,2026-05-29 09:18:21,SC-01,smartphone,saudavel,saudavel,0.8419,agrosmart-v1,simulado,sim-2026-05
6f8acb87-9114-5e0b-b0ec-b6651c1b0261,TI-02_20260529_0016.jpg,2026-05-29 09:18:51,TI-02,drone,saudavel,saudavel,0.9998,agrosmart-v1,simulado,sim-2026-05
0832feeb-c6e6-562e-903e-b3a4628ce552,BV-02_20260529_0010.jpg,2026-05-29 09:19:08,BV-02,smartphone,saudavel,saudavel,0.9962,agrosmart-v1,simulado,sim-2026-05
6697a363-7b35-5a29-8a28-6afbaa6d9506,SC-01_20260529_0018.jpg,2026-05-29 09:19:23,SC-01,smartphone,saudavel,saudavel,0.9986,agrosmart-v1,simulado,sim-2026-05
04bc1569-e037-5066-baaa-6cc054339f14,BV-02_20260529_0011.jpg,2026-05-29 09:19:25,BV-02,smartphone,saudavel,saudavel,0.9728,agrosmart-v1,simulado,sim-2026-05
bd2a17b8-9aa1-511c-bd7c-a7834a792e1f,TI-02_20260529_0017.jpg,2026-05-29 09:19:37,TI-02,drone,saudavel,saudavel,0.8797,agrosmart-v1,simulado,sim-2026-05
01ba94ac-1c43-5c4c-90e0-43b0da225e12,SC-01_20260529_0019.jpg,2026-05-29 09:19:52,SC-01,smartphone,saudavel,saudavel,0.9718,agrosmart-v1,simulado,sim-2026-05
b3b27530-863a-54d8-a708-a27f1b458fb3,TI-02_20260529_0018.jpg,2026-05-29 09:20:00,TI-02,drone,saudavel,saudavel,0.8576,agrosmart-v1,simulado,sim-2026-05
56855884-7057-54ae-aa8a-95d166837ded,BV-02_20260529_0012.jpg,2026-05-29 09:20:05,BV-02,smartphone,saudavel,saudavel,0.9999,agrosmart-v1,simulado,sim-2026-05
6d8ce9dd-2a40-51c0-a5c8-1c89689370d8,SC-01_20260529_0020.jpg,2026-05-29 09:20:37,SC-01,smartphone,saudavel,saudavel,0.9017,agrosmart-v1,simulado,sim-2026-05
d9dddba5-c0ea-5852-b528-68966c845dd8,TI-02_20260529_0019.jpg,2026-05-29 09:20:40,TI-02,drone,saudavel,saudavel,0.9752,agrosmart-v1,simulado,sim-2026-05
ac7578f7-1ec2-52df-a0d0-fc642cada831,BV-02_20260529_0013.jpg,2026-05-29 09:20:44,BV-02,smartphone,saudavel,saudavel,0.9697,agrosmart-v1,simulado,sim-2026-05
b2652397-1b58-52bd-9e91-1125b6bdf6e7,SC-01_20260529_0021.jpg,2026-05-29 09:21:16,SC-01,smartphone,saudavel,saudavel,0.8401,agrosmart-v1,simulado,sim-2026-05
cc5be9c7-acb4-5c2d-9b2c-c6797b339c93,SC-01_20260529_0022.jpg,2026-05-29 09:21:45,SC-01,smartphone,saudavel,saudavel,0.9887,agrosmart-v1,simulado,sim-2026-05
8e2404a6-5efd-5345-b956-3ca50dbb5cc8,TI-02_20260529_0020.jpg,2026-05-29 09:21:46,TI-02,drone,saudavel,saudavel,0.9602,agrosmart-v1,simulado,sim-2026-05
eaddecf4-f614-5321-bdb6-1680bb78820d,BV-02_20260529_0014.jpg,2026-05-29 09:21:47,BV-02,smartphone,saudavel,saudavel,0.9709,agrosmart-v1,simulado,sim-2026-05
8df4f7e3-1719-5f39-a650-82849a5e7f94,BV-02_20260529_0015.jpg,2026-05-29 09:22:11,BV-02,smartphone,saudavel,saudavel,0.9704,agrosmart-v1,simulado,sim-2026-05
e6b65531-263f-5b53-b1a2-aea55a20778e,TI-02_20260529_0021.jpg,2026-05-29 09:22:19,TI-02,drone,saudavel,saudavel,0.9693,agrosmart-v1,simulado,sim-2026-05
66abba3e-5fd6-5ed9-b6b0-484b82fca378,SC-01_20260529_0023.jpg,2026-05-29 09:22:28,SC-01,smartphone,saudavel,saudavel,0.8977,agrosmart-v1,simulado,sim-2026-05
68eabc0a-fdc4-5c3d-9881-9e09f1580949,BV-02_20260529_0016.jpg,2026-05-29 09:22:54,BV-02,smartphone,saudavel,saudavel,0.9645,agrosmart-v1,simulado,sim-2026-05
3dbd7a8e-d5ae-5d98-bc82-424b837d9878,TI-02_20260529_0022.jpg,2026-05-29 09:22:55,TI-02,drone,saudavel,saudavel,0.8203,agrosmart-v1,simulado,sim-2026-05
bf77c8e6-ad73-58d4-b8d0-1a3195db4015,SC-01_20260529_0024.jpg,2026-05-29 09:23:25,SC-01,smartphone,saudavel,saudavel,0.9178,agrosmart-v1,simulado,sim-2026-05
84267b18-4d77-5e53-8cf2-7848520ff4a2,BV-02_20260529_0017.jpg,2026-05-29 09:23:31,BV-02,smartphone,saudavel,saudavel,0.9203,agrosmart-v1,simulado,sim-2026-05
a8529dce-0b42-56b4-9db7-dc7cd87c7472,SC-01_20260529_0025.jpg,2026-05-29 09:23:42,SC-01,smartphone,saudavel,saudavel,0.9671,agrosmart-v1,simulado,sim-2026-05
ef759f16-fa22-5284-8487-a026fcba0d60,TI-02_20260529_0023.jpg,2026-05-29 09:23:44,TI-02,drone,saudavel,saudavel,0.8910,agrosmart-v1,simulado,sim-2026-05
b45a3dd1-3c6b-56a3-8dea-59e0b8e50b3d,TI-02_20260529_0024.jpg,2026-05-29 09:24:03,TI-02,drone,saudavel,saudavel,0.9756,agrosmart-v1,simulado,sim-2026-05
c29526cd-733e-50af-ab85-6bbffe91f8bc,BV-02_20260529_0018.jpg,2026-05-29 09:24:16,BV-02,smartphone,saudavel,saudavel,0.9915,agrosmart-v1,simulado,sim-2026-05
4c7e71b0-49fd-53ec-b676-6b4efa3fa782,SC-01_20260529_0026.jpg,2026-05-29 09:24:33,SC-01,smartphone,saudavel,saudavel,0.9905,agrosmart-v1,simulado,sim-2026-05
7da4f768-d25f-50d3-94e6-f1b0c9bd6834,BV-02_20260529_0019.jpg,2026-05-29 09:24:46,BV-02,smartphone,saudavel,saudavel,0.9043,agrosmart-v1,simulado,sim-2026-05
32edd2d3-f83d-594f-be97-a96164d565ee,TI-02_20260529_0025.jpg,2026-05-29 09:24:53,TI-02,drone,saudavel,saudavel,0.5658,agrosmart-v1,simulado,sim-2026-05
a3b9ce7d-6015-525e-a549-9c333b61a915,SC-01_20260529_0027.jpg,2026-05-29 09:25:01,SC-01,smartphone,saudavel,saudavel,0.8289,agrosmart-v1,simulado,sim-2026-05
8fd42541-7165-579c-b111-89898c203589,BV-02_20260529_0020.jpg,2026-05-29 09:25:31,BV-02,smartphone,saudavel,saudavel,0.9459,agrosmart-v1,simulado,sim-2026-05
1a45b0ea-a4d6-56e8-bb33-3225155a1688,TI-02_20260529_0026.jpg,2026-05-29 09:25:33,TI-02,drone,saudavel,saudavel,0.9071,agrosmart-v1,simulado,sim-2026-05
d6d56ca4-5860-5b45-bd02-0026b8346060,SC-01_20260529_0028.jpg,2026-05-29 09:26:00,SC-01,smartphone,saudavel,saudavel,0.9981,agrosmart-v1,simulado,sim-2026-05
cc7958ed-27ca-5bbe-ab45-15ea8d48170c,BV-02_20260529_0021.jpg,2026-05-29 09:26:13,BV-02,smartphone,saudavel,saudavel,0.9830,agrosmart-v1,simulado,sim-2026-05
d420b67b-d684-5413-b72a-8758e1f9da23,TI-02_20260529_0027.jpg,2026-05-29 09:26:15,TI-02,drone,saudavel,saudavel,0.8768,agrosmart-v1,simulado,sim-2026-05
4395f037-8e32-5c27-8bed-6e2786d9886f,SC-01_20260529_0029.jpg,2026-05-29 09:26:20,SC-01,smartphone,saudavel,saudavel,0.9396,agrosmart-v1,simulado,sim-2026-05
7d5cbe1b-b01d-50b8-9707-02ed6b08946b,BV-02_20260529_0022.jpg,2026-05-29 09:26:55,BV-02,smartphone,saudavel,saudavel,0.9234,agrosmart-v1,simulado,sim-2026-05
00577ffa-560e-5795-a583-f2159deec802,TI-02_20260529_0028.jpg,2026-05-29 09:26:57,TI-02,drone,saudavel,saudavel,0.9929,agrosmart-v1,simulado,sim-2026-05
99cc063e-882f-55dd-88b1-56afc714118f,SC-01_20260529_0030.jpg,2026-05-29 09:27:15,SC-01,smartphone,saudavel,saudavel,0.9992,agrosmart-v1,simulado,sim-2026-05
ffae698e-b901-51ef-8ec0-a0f45a8639c2,BV-02_20260529_0023.jpg,2026-05-29 09:27:46,BV-02,smartphone,saudavel,saudavel,0.8637,agrosmart-v1,simulado,sim-2026-05
e1ee5afc-3ab8-5caa-a1d1-47b18f86b209,TI-02_20260529_0029.jpg,2026-05-29 09:27:47,TI-02,drone,saudavel,saudavel,0.8828,agrosmart-v1,simulado,sim-2026-05
34f32f3f-b42a-50f8-b93a-4d1c3dc28a6c,BV-02_20260529_0024.jpg,2026-05-29 09:28:06,BV-02,smartphone,saudavel,saudavel,0.9452,agrosmart-v1,simulado,sim-2026-05
da534fc7-b15e-5923-bf8d-6080c536cb75,SC-01_20260529_0031.jpg,2026-05-29 09:28:06,SC-01,smartphone,saudavel,saudavel,0.9925,agrosmart-v1,simulado,sim-2026-05
2c9606cb-de46-5a6d-959c-ac7c5f3dfea4,TI-02_20260529_0030.jpg,2026-05-29 09:28:07,TI-02,drone,saudavel,saudavel,0.9945,agrosmart-v1,simulado,sim-2026-05
732be7b5-e3e6-5dc1-b252-44b869a638e3,SC-01_20260529_0032.jpg,2026-05-29 09:28:39,SC-01,smartphone,saudavel,saudavel,0.9890,agrosmart-v1,simulado,sim-2026-05
6e9a3c05-d029-5b20-b245-ed90a466cf1f,BV-02_20260529_0025.jpg,2026-05-29 09:28:52,BV-02,smartphone,saudavel,saudavel,0.9664,agrosmart-v1,simulado,sim-2026-05
b5ae4f64-e7e3-54f6-920e-8b9e9b7ff09b,TI-02_20260529_0031.jpg,2026-05-29 09:29:09,TI-02,drone,saudavel,saudavel,0.9600,agrosmart-v1,simulado,sim-2026-05
b9b1ee3c-2242-59f4-a4b0-de485cd84530,SC-01_20260529_0033.jpg,2026-05-29 09:29:17,SC-01,smartphone,saudavel,saudavel,0.9985,agrosmart-v1,simulado,sim-2026-05
be0c88d1-7d04-5e20-bfb3-fd278c2d7e57,BV-02_20260529_0026.jpg,2026-05-29 09:29:20,BV-02,smartphone,saudavel,saudavel,0.9732,agrosmart-v1,simulado,sim-2026-05
04e0e21b-f5a6-578f-b8c8-b384694a73e1,TI-02_20260529_0032.jpg,2026-05-29 09:29:33,TI-02,drone,saudavel,saudavel,0.9996,agrosmart-v1,simulado,sim-2026-05
e1c5cd27-8e49-5f2a-878d-8b635ba593ba,SC-01_20260529_0034.jpg,2026-05-29 09:29:45,SC-01,smartphone,saudavel,saudavel,0.8849,agrosmart-v1,simulado,sim-2026-05
5faa73a2-9b33-59c9-b33d-baf48e9c067c,BV-02_20260529_0027.jpg,2026-05-29 09:30:08,BV-02,smartphone,saudavel,saudavel,0.9166,agrosmart-v1,simulado,sim-2026-05
ada543a0-cd9f-5f9a-aa47-52923e6d64cf,TI-02_20260529_0033.jpg,2026-05-29 09:30:13,TI-02,drone,saudavel,saudavel,0.9568,agrosmart-v1,simulado,sim-2026-05
6eaa2d1e-484e-5137-8407-9b0b2b7ac15f,TI-02_20260529_0034.jpg,2026-05-29 09:30:59,TI-02,drone,saudavel,saudavel,0.9812,agrosmart-v1,simulado,sim-2026-05
8314d76f-e71d-596a-82a6-e46c9439a4bb,BV-02_20260529_0028.jpg,2026-05-29 09:31:00,BV-02,smartphone,saudavel,saudavel,0.8900,agrosmart-v1,simulado,sim-2026-05
b1ed35ec-313e-55ea-8195-cdbaf4feb114,BV-02_20260529_0029.jpg,2026-05-29 09:31:33,BV-02,smartphone,saudavel,saudavel,0.9891,agrosmart-v1,simulado,sim-2026-05
8f2eafe7-7509-5942-be17-32e352073387,TI-02_20260529_0035.jpg,2026-05-29 09:31:38,TI-02,drone,saudavel,saudavel,0.8947,agrosmart-v1,simulado,sim-2026-05
ce6d0a90-5130-598b-90bd-58c8a73d3ff2,BV-02_20260529_0030.jpg,2026-05-29 09:32:24,BV-02,smartphone,saudavel,saudavel,0.9820,agrosmart-v1,simulado,sim-2026-05
9832dc13-eb6c-56da-a7c9-091328bf4af1,TI-02_20260529_0036.jpg,2026-05-29 09:32:28,TI-02,drone,saudavel,saudavel,0.9711,agrosmart-v1,simulado,sim-2026-05
53e4755d-8b1d-53ff-8cec-33bbd6ff4e02,BV-02_20260529_0031.jpg,2026-05-29 09:32:59,BV-02,smartphone,saudavel,saudavel,0.9290,agrosmart-v1,simulado,sim-2026-05
282dc165-f7ba-516d-9cdf-6842bdc3be67,BV-02_20260529_0032.jpg,2026-05-29 09:33:23,BV-02,smartphone,doente,requeima,0.9987,agrosmart-v1,simulado,sim-2026-05
c69757c2-814e-5253-a72e-dfa2228ef54e,SC-03_20260529_0001.jpg,2026-05-29 09:33:43,SC-03,smartphone,saudavel,saudavel,0.9738,agrosmart-v1,simulado,sim-2026-05
2cb1aca7-5fa9-5b44-b50d-b3c63cda0ac6,SC-03_20260529_0002.jpg,2026-05-29 09:34:28,SC-03,smartphone,saudavel,saudavel,0.8982,agrosmart-v1,simulado,sim-2026-05
f5f11d04-94d1-5025-ae13-64fbc1de137a,SC-03_20260529_0003.jpg,2026-05-29 09:35:20,SC-03,smartphone,saudavel,saudavel,0.8351,agrosmart-v1,simulado,sim-2026-05
709c73f1-d5d9-5c91-933e-1fcb8ce30481,SC-03_20260529_0004.jpg,2026-05-29 09:35:58,SC-03,smartphone,saudavel,saudavel,0.9994,agrosmart-v1,simulado,sim-2026-05
ba543dec-a68f-5e0a-9fa8-b86298a2d9b2,SC-03_20260529_0005.jpg,2026-05-29 09:36:38,SC-03,smartphone,saudavel,saudavel,0.9728,agrosmart-v1,simulado,sim-2026-05
b70ef181-8b8c-5522-a86b-83e23d90c866,SC-03_20260529_0006.jpg,2026-05-29 09:37:07,SC-03,smartphone,saudavel,saudavel,0.9816,agrosmart-v1,simulado,sim-2026-05
36a0b1f2-0ecc-5a52-bffc-0335f6955f9e,SC-03_20260529_0007.jpg,2026-05-29 09:38:00,SC-03,smartphone,saudavel,saudavel,0.9503,agrosmart-v1,simulado,sim-2026-05
b18d64b0-8dc3-5313-a52d-de12e7b2f676,SC-03_20260529_0008.jpg,2026-05-29 09:38:36,SC-03,smartphone,saudavel,saudavel,0.9553,agrosmart-v1,simulado,sim-2026-05
68ca3495-f008-5aea-875f-e1b138ca820e,SC-03_20260529_0009.jpg,2026-05-29 09:39:10,SC-03,smartphone,saudavel,saudavel,0.9144,agrosmart-v1,simulado,sim-2026-05
2ee7efb3-5682-5ac7-a9e5-0d2806e66b39,SC-03_20260529_0010.jpg,2026-05-29 09:40:09,SC-03,smartphone,saudavel,saudavel,0.9027,agrosmart-v1,simulado,sim-2026-05
9fb08b81-21fd-595b-aff0-a6922e8b21ba,SC-03_20260529_0011.jpg,2026-05-29 09:40:50,SC-03,smartphone,saudavel,saudavel,0.9995,agrosmart-v1,simulado,sim-2026-05
d12540fd-b35f-540d-b540-a034ae911030,SC-03_20260529_0012.jpg,2026-05-29 09:41:08,SC-03,smartphone,saudavel,saudavel,0.9729,agrosmart-v1,simulado,sim-2026-05
2ed70550-ecf3-5eb7-b59d-9060de1c72d7,SC-03_20260529_0013.jpg,2026-05-29 09:41:50,SC-03,smartphone,saudavel,saudavel,0.7003,agrosmart-v1,simulado,sim-2026-05
a1b4f9ae-07af-5c5e-a4ff-fcf2c2fd6f61,SC-03_20260529_0014.jpg,2026-05-29 09:42:22,SC-03,smartphone,saudavel,saudavel,0.9758,agrosmart-v1,simulado,sim-2026-05
117ff5d7-5dbe-58dc-a8a1-6c52f5b004ef,SC-03_20260529_0015.jpg,2026-05-29 09:43:21,SC-03,smartphone,saudavel,saudavel,0.9979,agrosmart-v1,simulado,sim-2026-05
83f14029-ea6f-5312-8f6b-71b312d054ff,SC-03_20260529_0016.jpg,2026-05-29 09:43:45,SC-03,smartphone,saudavel,saudavel,0.9953,agrosmart-v1,simulado,sim-2026-05
e19f3065-1567-52fe-a551-2491d1277e9b,SC-03_20260529_0017.jpg,2026-05-29 09:44:28,SC-03,smartphone,saudavel,saudavel,0.9630,agrosmart-v1,simulado,sim-2026-05
72ed3374-eabb-577f-9608-b54d4060a982,SC-03_20260529_0018.jpg,2026-05-29 09:45:27,SC-03,smartphone,saudavel,saudavel,0.8335,agrosmart-v1,simulado,sim-2026-05
9aa82898-1bd5-5ee1-9601-b0dddf143ca5,SC-03_20260529_0019.jpg,2026-05-29 09:45:47,SC-03,smartphone,saudavel,saudavel,0.9573,agrosmart-v1,simulado,sim-2026-05
835f4a94-e410-5448-bb1b-aadc73d29815,SC-03_20260529_0020.jpg,2026-05-29 09:46:21,SC-03,smartphone,saudavel,saudavel,0.9933,agrosmart-v1,simulado,sim-2026-05
86e681de-89ca-5c1d-9939-3a97562052da,SC-03_20260529_0021.jpg,2026-05-29 09:47:09,SC-03,smartphone,saudavel,saudavel,0.8771,agrosmart-v1,simulado,sim-2026-05
0148950f-ef63-5f16-8583-6adf1cbd0f72,SC-03_20260529_0022.jpg,2026-05-29 09:47:45,SC-03,smartphone,saudavel,saudavel,0.9902,agrosmart-v1,simulado,sim-2026-05
395654e1-7fd8-51a4-90a7-84c3402c8b6f,SC-03_20260529_0023.jpg,2026-05-29 09:48:37,SC-03,smartphone,saudavel,saudavel,0.9729,agrosmart-v1,simulado,sim-2026-05
a76d78a5-daa4-5768-9ddc-7f698a75e9f7,SC-03_20260529_0024.jpg,2026-05-29 09:49:15,SC-03,smartphone,saudavel,saudavel,0.9685,agrosmart-v1,simulado,sim-2026-05
4a5e5c35-fc2b-5a5b-aa04-3ec88dfb0c4d,SC-03_20260529_0025.jpg,2026-05-29 09:50:03,SC-03,smartphone,saudavel,saudavel,0.9109,agrosmart-v1,simulado,sim-2026-05
b6cd2b39-0296-543c-b022-9dec468eaf2c,SC-03_20260529_0026.jpg,2026-05-29 09:50:33,SC-03,smartphone,saudavel,saudavel,0.9837,agrosmart-v1,simulado,sim-2026-05
382b89d6-b1b9-59fc-b9c7-81ace0dbc660,SC-03_20260529_0027.jpg,2026-05-29 09:51:19,SC-03,smartphone,saudavel,saudavel,1.0000,agrosmart-v1,simulado,sim-2026-05
2bf8457d-3754-569f-8e52-7b7d3d87f34e,BV-03_20260529_0001.jpg,2026-05-29 09:51:46,BV-03,smartphone,saudavel,saudavel,0.9967,agrosmart-v1,simulado,sim-2026-05
ea8ef73b-7b5a-5083-a6e8-a750e335b2fe,SC-03_20260529_0028.jpg,2026-05-29 09:51:52,SC-03,smartphone,saudavel,saudavel,0.8728,agrosmart-v1,simulado,sim-2026-05
971ad23e-85e2-5ca8-bf32-8a9394ca490e,SC-03_20260529_0029.jpg,2026-05-29 09:52:43,SC-03,smartphone,saudavel,saudavel,0.9937,agrosmart-v1,simulado,sim-2026-05
a2786d86-1460-56a0-b5bd-6256942131b3,BV-03_20260529_0002.jpg,2026-05-29 09:52:50,BV-03,smartphone,saudavel,saudavel,0.8305,agrosmart-v1,simulado,sim-2026-05
14355eb8-7fe9-5abf-8dfe-1caa9cd33230,BV-03_20260529_0003.jpg,2026-05-29 09:53:18,BV-03,smartphone,doente,requeima,0.7882,agrosmart-v1,simulado,sim-2026-05
15791a16-edd2-5ed7-8604-ca87b2cfc2ab,SC-03_20260529_0030.jpg,2026-05-29 09:53:27,SC-03,smartphone,saudavel,saudavel,0.9999,agrosmart-v1,simulado,sim-2026-05
19666260-1b26-59f7-98da-ff537f8be33c,SC-03_20260529_0031.jpg,2026-05-29 09:53:56,SC-03,smartphone,saudavel,saudavel,0.9913,agrosmart-v1,simulado,sim-2026-05
9228b94b-88fa-50c4-ae49-b62b1bbceaa2,BV-03_20260529_0004.jpg,2026-05-29 09:54:04,BV-03,smartphone,saudavel,saudavel,0.9776,agrosmart-v1,simulado,sim-2026-05
6183f5ec-0026-5471-bcb4-df385ea1d87b,SC-03_20260529_0032.jpg,2026-05-29 09:54:27,SC-03,smartphone,saudavel,saudavel,0.6531,agrosmart-v1,simulado,sim-2026-05
a54badd6-453a-5151-8e9c-b137a546b7fe,BV-03_20260529_0005.jpg,2026-05-29 09:54:32,BV-03,smartphone,saudavel,saudavel,0.9999,agrosmart-v1,simulado,sim-2026-05
aad5e976-79b9-5e99-ab50-1128e0666516,SC-03_20260529_0033.jpg,2026-05-29 09:55:06,SC-03,smartphone,saudavel,saudavel,0.9929,agrosmart-v1,simulado,sim-2026-05
5fcc4a59-933b-5a65-b1fa-7d66378f129d,BV-03_20260529_0006.jpg,2026-05-29 09:55:21,BV-03,smartphone,saudavel,saudavel,0.9992,agrosmart-v1,simulado,sim-2026-05
0ec37caa-9bab-5ea2-b551-23052e8fa09f,BV-03_20260529_0007.jpg,2026-05-29 09:55:43,BV-03,smartphone,saudavel,saudavel,0.8700,agrosmart-v1,simulado,sim-2026-05
8f3b4773-ba33-59b9-b3ad-3e87f1446ade,SC-03_20260529_0034.jpg,2026-05-29 09:55:58,SC-03,smartphone,saudavel,saudavel,0.8395,agrosmart-v1,simulado,sim-2026-05
903f3b2c-0a36-5a47-ac81-66082abde243,BV-03_20260529_0008.jpg,2026-05-29 09:56:31,BV-03,smartphone,saudavel,saudavel,0.8411,agrosmart-v1,simulado,sim-2026-05
29b70ddc-e5fe-5819-b4ec-6edb4fb3e8eb,SC-03_20260529_0035.jpg,2026-05-29 09:56:38,SC-03,smartphone,saudavel,saudavel,0.9397,agrosmart-v1,simulado,sim-2026-05
233479a1-e218-5538-a612-8ceef0474ca3,BV-03_20260529_0009.jpg,2026-05-29 09:57:02,BV-03,smartphone,saudavel,saudavel,0.9025,agrosmart-v1,simulado,sim-2026-05
8b2b0cbb-078a-537b-bfe0-17fa35723546,SC-03_20260529_0036.jpg,2026-05-29 09:57:12,SC-03,smartphone,saudavel,saudavel,0.9594,agrosmart-v1,simulado,sim-2026-05
89354930-ddcb-5038-ae74-e2c667d7fd08,SC-03_20260529_0037.jpg,2026-05-29 09:57:57,SC-03,smartphone,saudavel,saudavel,0.9887,agrosmart-v1,simulado,sim-2026-05
cd463744-9dc5-5e0c-8ce0-3ff440d25968,BV-03_20260529_0010.jpg,2026-05-29 09:58:08,BV-03,smartphone,saudavel,saudavel,0.9962,agrosmart-v1,simulado,sim-2026-05
80804796-97c4-54ca-b8ae-dbecbcc44c07,BV-03_20260529_0011.jpg,2026-05-29 09:58:35,BV-03,smartphone,doente,requeima,0.9915,agrosmart-v1,simulado,sim-2026-05
72bda60b-1b11-5e22-bc07-e4fdf415dbe5,BV-03_20260529_0012.jpg,2026-05-29 09:59:30,BV-03,smartphone,saudavel,saudavel,0.9242,agrosmart-v1,simulado,sim-2026-05
2c6ad3fe-81f5-57b7-966e-e5fdd4362332,BV-03_20260529_0013.jpg,2026-05-29 10:00:08,BV-03,smartphone,saudavel,saudavel,0.9857,agrosmart-v1,simulado,sim-2026-05
1b0b54da-1d10-55a3-87ce-ba11113e232c,BV-03_20260529_0014.jpg,2026-05-29 10:00:43,BV-03,smartphone,saudavel,saudavel,0.9308,agrosmart-v1,simulado,sim-2026-05
687ef62e-be4f-5c15-9977-555a588ab724,TI-03_20260529_0001.jpg,2026-05-29 10:00:57,TI-03,drone,saudavel,saudavel,0.9832,agrosmart-v1,simulado,sim-2026-05
b3b4d4a8-294b-5c67-9090-3b4f4f4fb342,BV-03_20260529_0015.jpg,2026-05-29 10:01:18,BV-03,smartphone,saudavel,saudavel,0.9472,agrosmart-v1,simulado,sim-2026-05
8135aada-55dd-5e90-9ab5-09e637765016,TI-03_20260529_0002.jpg,2026-05-29 10:01:29,TI-03,drone,saudavel,saudavel,0.9687,agrosmart-v1,simulado,sim-2026-05
a1ac7901-a517-5ba3-808c-334ae4ed4136,BV-03_20260529_0016.jpg,2026-05-29 10:01:42,BV-03,smartphone,saudavel,saudavel,1.0000,agrosmart-v1,simulado,sim-2026-05
e696a497-89b2-5293-8c1e-7c23d4813785,TI-03_20260529_0003.jpg,2026-05-29 10:02:23,TI-03,drone,saudavel,saudavel,0.5408,agrosmart-v1,simulado,sim-2026-05
dedb385b-890a-5574-8824-189dac3087ce,BV-03_20260529_0017.jpg,2026-05-29 10:02:43,BV-03,smartphone,saudavel,saudavel,0.8821,agrosmart-v1,simulado,sim-2026-05
7a084375-1680-5a6e-ba09-cc805aceb146,TI-03_20260529_0004.jpg,2026-05-29 10:02:50,TI-03,drone,saudavel,saudavel,0.8662,agrosmart-v1,simulado,sim-2026-05
ff7dbb86-0101-5f71-850c-f09d27b42c86,BV-03_20260529_0018.jpg,2026-05-29 10:03:00,BV-03,smartphone,doente,requeima,0.9906,agrosmart-v1,simulado,sim-2026-05
eed31895-e68e-56ae-a3dc-2a4f9025304a,TI-03_20260529_0005.jpg,2026-05-29 10:03:35,TI-03,drone,saudavel,saudavel,0.8394,agrosmart-v1,simulado,sim-2026-05
d3dbeaf9-f5ab-57bb-ae66-855770a044ed,BV-03_20260529_0019.jpg,2026-05-29 10:03:51,BV-03,smartphone,doente,requeima,0.9744,agrosmart-v1,simulado,sim-2026-05
2bf5a3ec-c0f2-5cf5-9b90-6101785511e6,TI-03_20260529_0006.jpg,2026-05-29 10:04:05,TI-03,drone,saudavel,saudavel,0.9518,agrosmart-v1,simulado,sim-2026-05
a4bb7291-9f47-5348-85d4-19b4a44512e0,BV-03_20260529_0020.jpg,2026-05-29 10:04:44,BV-03,smartphone,saudavel,saudavel,0.9455,agrosmart-v1,simulado,sim-2026-05
6fafc0a2-096f-5d99-af96-3dbb6014935c,TI-03_20260529_0007.jpg,2026-05-29 10:04:58,TI-03,drone,saudavel,saudavel,1.0000,agrosmart-v1,simulado,sim-2026-05
357e42fa-faf9-5eb8-85d1-aa92582fcc88,BV-03_20260529_0021.jpg,2026-05-29 10:05:09,BV-03,smartphone,saudavel,saudavel,0.8865,agrosmart-v1,simulado,sim-2026-05
9bec33a5-30df-503b-bd1c-31f2728ae848,TI-03_20260529_0008.jpg,2026-05-29 10:05:31,TI-03,drone,saudavel,saudavel,0.9772,agrosmart-v1,simulado,sim-2026-05
97999ece-21b7-5c89-9ec7-33e8250af19f,BV-03_20260529_0022.jpg,2026-05-29 10:06:07,BV-03,smartphone,saudavel,saudavel,0.8661,agrosmart-v1,simulado,sim-2026-05
10a891f1-a3d4-584a-aa5d-ccc45242803e,TI-03_20260529_0009.jpg,2026-05-29 10:06:23,TI-03,drone,saudavel,saudavel,0.8796,agrosmart-v1,simulado,sim-2026-05
3acb6a11-3568-5122-a72c-7838f1173248,BV-03_20260529_0023.jpg,2026-05-29 10:06:37,BV-03,smartphone,saudavel,saudavel,1.0000,agrosmart-v1,simulado,sim-2026-05
643dbf5d-7fb8-52ab-b2f2-bb926d111290,TI-03_20260529_0010.jpg,2026-05-29 10:06:50,TI-03,drone,saudavel,saudavel,0.9681,agrosmart-v1,simulado,sim-2026-05
218e35ec-7dbc-5018-8d98-ba60a25c2086,BV-03_20260529_0024.jpg,2026-05-29 10:07:03,BV-03,smartphone,doente,requeima,0.9863,agrosmart-v1,simulado,sim-2026-05
01933ebf-698a-5fb0-bb7a-26b6292991d9,TI-03_20260529_0011.jpg,2026-05-29 10:07:37,TI-03,drone,saudavel,saudavel,0.9739,agrosmart-v1,simulado,sim-2026-05
ecacd089-95a6-535f-8bb7-a2218aed594a,BV-03_20260529_0025.jpg,2026-05-29 10:07:48,BV-03,smartphone,saudavel,saudavel,0.9956,agrosmart-v1,simulado,sim-2026-05
c8ef636d-4c6b-5b31-adfa-83af15f536c7,TI-03_20260529_0012.jpg,2026-05-29 10:08:22,TI-03,drone,saudavel,saudavel,0.9819,agrosmart-v1,simulado,sim-2026-05
47f26ccb-225c-5102-8196-36597a3fdd8a,BV-03_20260529_0026.jpg,2026-05-29 10:08:45,BV-03,smartphone,saudavel,saudavel,0.9676,agrosmart-v1,simulado,sim-2026-05
13bc1578-2407-5c08-b4b3-957ac0626c93,TI-03_20260529_0013.jpg,2026-05-29 10:08:53,TI-03,drone,saudavel,saudavel,0.9996,agrosmart-v1,simulado,sim-2026-05
bd0690b3-6278-51de-8564-ea9d67b66116,BV-03_20260529_0027.jpg,2026-05-29 10:09:10,BV-03,smartphone,saudavel,saudavel,0.9452,agrosmart-v1,simulado,sim-2026-05
e0f2952c-f232-516e-80e9-6fba2e6d1f80,TI-03_20260529_0014.jpg,2026-05-29 10:09:21,TI-03,drone,saudavel,saudavel,0.9731,agrosmart-v1,simulado,sim-2026-05
558725b6-35d3-5bfa-83ae-fd21469710fd,BV-03_20260529_0028.jpg,2026-05-29 10:10:04,BV-03,smartphone,saudavel,saudavel,0.9978,agrosmart-v1,simulado,sim-2026-05
5c66dd2b-6439-5c58-9d73-ed14359b8f95,TI-03_20260529_0015.jpg,2026-05-29 10:10:13,TI-03,drone,saudavel,saudavel,0.8618,agrosmart-v1,simulado,sim-2026-05
c4b38e2a-f779-5de0-a77f-6a475201595c,BV-03_20260529_0029.jpg,2026-05-29 10:10:22,BV-03,smartphone,saudavel,saudavel,0.8517,agrosmart-v1,simulado,sim-2026-05
e9c67ee6-a991-5089-ab28-6a9604f84bff,TI-03_20260529_0016.jpg,2026-05-29 10:10:47,TI-03,drone,saudavel,saudavel,0.9923,agrosmart-v1,simulado,sim-2026-05
a8a63574-5665-5781-b7df-427b57a3916a,BV-03_20260529_0030.jpg,2026-05-29 10:11:03,BV-03,smartphone,saudavel,saudavel,0.9369,agrosmart-v1,simulado,sim-2026-05
c39ddc72-234f-5c96-af42-0f6b22171ce3,TI-03_20260529_0017.jpg,2026-05-29 10:11:49,TI-03,drone,saudavel,saudavel,0.8824,agrosmart-v1,simulado,sim-2026-05
cd715fa9-f201-5db9-8b94-3c682d8be360,TI-03_20260529_0018.jpg,2026-05-29 10:12:19,TI-03,drone,saudavel,saudavel,0.9999,agrosmart-v1,simulado,sim-2026-05
5739683e-f562-5e08-80f0-61103d80e7ed,TI-03_20260529_0019.jpg,2026-05-29 10:12:48,TI-03,drone,saudavel,saudavel,0.8984,agrosmart-v1,simulado,sim-2026-05
208c3526-00bb-5b82-a850-238ebb6285aa,TI-03_20260529_0020.jpg,2026-05-29 10:13:40,TI-03,drone,saudavel,saudavel,0.9820,agrosmart-v1,simulado,sim-2026-05
ece5672c-3be8-5698-8c0a-324a7e9f15b1,TI-03_20260529_0021.jpg,2026-05-29 10:14:28,TI-03,drone,saudavel,saudavel,0.9999,agrosmart-v1,simulado,sim-2026-05
c5986bde-d32d-5c45-b59c-fa5306e8f40c,TI-03_20260529_0022.jpg,2026-05-29 10:14:54,TI-03,drone,saudavel,saudavel,0.8831,agrosmart-v1,simulado,sim-2026-05
abdf371d-1724-5c1a-8999-706e6d7b2f3a,TI-03_20260529_0023.jpg,2026-05-29 10:15:43,TI-03,drone,saudavel,saudavel,0.9408,agrosmart-v1,simulado,sim-2026-05
15008260-cec8-563d-bd2f-0995f2149886,TI-03_20260529_0024.jpg,2026-05-29 10:16:06,TI-03,drone,saudavel,saudavel,0.9737,agrosmart-v1,simulado,sim-2026-05
d360869d-a6ce-5775-9317-3797256d083b,TI-03_20260529_0025.jpg,2026-05-29 10:16:48,TI-03,drone,saudavel,saudavel,0.9280,agrosmart-v1,simulado,sim-2026-05
aa174a5d-04d0-50de-9065-234d0cc22e1b,TI-03_20260529_0026.jpg,2026-05-29 10:17:22,TI-03,drone,saudavel,saudavel,0.9940,agrosmart-v1,simulado,sim-2026-05
826351a2-aab6-533d-ab56-af9829cf535a,TI-03_20260529_0027.jpg,2026-05-29 10:18:27,TI-03,drone,saudavel,saudavel,0.8710,agrosmart-v1,simulado,sim-2026-05
dcb5dd51-4a8a-5572-9341-5040fb89f701,TI-03_20260529_0028.jpg,2026-05-29 10:18:55,TI-03,drone,saudavel,saudavel,0.9562,agrosmart-v1,simulado,sim-2026-05
dc668663-cd14-5073-b71c-ef995e48974e,TI-03_20260529_0029.jpg,2026-05-29 10:19:28,TI-03,drone,saudavel,saudavel,0.8978,agrosmart-v1,simulado,sim-2026-05
59192381-08c0-502d-b8ed-bbf9274643ff,TI-03_20260529_0030.jpg,2026-05-29 10:20:24,TI-03,drone,saudavel,saudavel,0.8939,agrosmart-v1,simulado,sim-2026-05
0f95c6eb-a828-56c8-a507-ae75b08cee18,TI-03_20260529_0031.jpg,2026-05-29 10:20:43,TI-03,drone,saudavel,saudavel,0.9999,agrosmart-v1,simulado,sim-2026-05
cb9c2a44-9ae6-5caa-8e71-5ed028d7f134,TI-03_20260529_0032.jpg,2026-05-29 10:21:48,TI-03,drone,saudavel,saudavel,0.9972,agrosmart-v1,simulado,sim-2026-05
ec027b28-6fc9-5c9e-98f6-cc2db910035f,TI-03_20260529_0033.jpg,2026-05-29 10:22:17,TI-03,drone,saudavel,saudavel,0.8919,agrosmart-v1,simulado,sim-2026-05
af58149e-a4f3-5832-a97d-3bcafe0f16cb,TI-03_20260529_0034.jpg,2026-05-29 10:22:46,TI-03,drone,saudavel,saudavel,0.9033,agrosmart-v1,simulado,sim-2026-05
a82c9ee6-8286-5f27-b6e1-851fde82526c,TI-03_20260529_0035.jpg,2026-05-29 10:23:37,TI-03,drone,saudavel,saudavel,0.9987,agrosmart-v1,simulado,sim-2026-05
c81e8ba4-b289-5c6b-9d52-dc793e2ad450,TI-03_20260529_0036.jpg,2026-05-29 10:24:16,TI-03,drone,saudavel,saudavel,0.9350,agrosmart-v1,simulado,sim-2026-05
b45d6310-c055-5d09-b7d8-670991daf1bd,TI-03_20260529_0037.jpg,2026-05-29 10:24:58,TI-03,drone,saudavel,saudavel,0.8368,agrosmart-v1,simulado,sim-2026-05
fbb61024-157e-5199-8a39-c8d21ff1ef70,TI-03_20260529_0038.jpg,2026-05-29 10:25:50,TI-03,drone,saudavel,saudavel,0.9862,agrosmart-v1,simulado,sim-2026-05
967f5ab7-817d-5adb-91fe-f2a92d12b966,TI-03_20260529_0039.jpg,2026-05-29 10:26:21,TI-03,drone,saudavel,saudavel,0.8588,agrosmart-v1,simulado,sim-2026-05
1ebc845a-867a-5c34-a5ad-a05ab9bce419,TI-03_20260529_0040.jpg,2026-05-29 10:27:02,TI-03,drone,saudavel,saudavel,0.8579,agrosmart-v1,simulado,sim-2026-05
4379c9cf-b01a-54bd-b986-03286aba68bc,BV-04_20260417_0017.jpg,2026-04-17 09:58:44,BV-04,smartphone,saudavel,saudavel,0.9247,agrosmart-v1,simulado,sim-2026-05
ed8981ce-1d1a-5204-9c2a-6d8633b3032d,BV-02_20260424_0029.jpg,2026-04-24 08:32:29,BV-02,smartphone,saudavel,saudavel,0.9900,agrosmart-v1,simulado,sim-2026-05
71d20ae5-e756-59f7-b242-c01e960fc42f,SC-02_20260413_0031.jpg,2026-04-13 08:45:57,SC-02,smartphone,saudavel,saudavel,0.9853,agrosmart-v1,simulado,sim-2026-05
5e7b308f-b5da-54fc-bf93-1decd38f01a5,SC-02_20260401_0024.jpg,2026-04-01 09:29:04,SC-02,smartphone,saudavel,saudavel,0.9248,agrosmart-v1,simulado,sim-2026-05
2956c3cf-c513-5941-bbc4-1bd2b6734e96,SC-01_20260424_0017.jpg,2026-04-24 08:36:49,SC-01,smartphone,saudavel,saudavel,0.8843,agrosmart-v1,simulado,sim-2026-05
1f8db9f6-b2a8-5ab2-b0b2-fe854772a3e9,TI-01_20260420_0018.jpg,2026-04-20 08:22:07,TI-01,drone,saudavel,saudavel,0.8548,agrosmart-v1,simulado,sim-2026-05
b47d2da5-2674-51f4-8276-d9ea0bef3ec6,TI-02_20260429_0021.jpg,2026-04-29 09:03:21,TI-02,drone,saudavel,saudavel,0.8478,agrosmart-v1,simulado,sim-2026-05
1e5577d0-5ee4-5466-b9a9-520caaae831b,SC-04_20260511_0003.jpg,2026-05-11 09:50:03,SC-04,smartphone,saudavel,saudavel,,agrosmart-v1,simulado,sim-2026-05
