id_imagem,nome_imagem,data_captura,talhao_id,origem,categoria,tipo_anomalia,confianca,modelo_versao,fonte,lote_id
169b63fd-6675-53b0-9a5b-cb5caccbb410,SC-02_20260601_0001.jpg,2026-06-01 08:29:48,SC-02,smartphone,saudavel,saudavel,0.8286,agrosmart-v1,simulado,sim-2026-06
0b01a5a4-8bf1-526d-b609-400a85130c44,TI-04_20260601_0001.jpg,2026-06-01 08:30:05,TI-04,drone,saudavel,saudavel,0.9994,agrosmart-v1,simulado,sim-2026-06
99925668-558b-5032-aaa9-5aa9f55edc03,TI-04_20260601_0002.jpg,2026-06-01 08:30:21,TI-04,drone,saudavel,saudavel,0.8983,agrosmart-v1,simulado,sim-2026-06
2d129fdb-6fd7-5088-8322-26cacdf1e883,SC-02_20260601_0002.jpg,2026-06-01 08:30:34,SC-02,smartphone,saudavel,saudavel,0.7409,agrosmart-v1,simulado,sim-2026-06
076fc9af-fdc1-5499-987e-e5ec77120f64,SC-02_20260601_0003.jpg,2026-06-01 08:31:09,SC-02,smartphone,saudavel,saudavel,0.9805,agrosmart-v1,simulado,sim-2026-06
c4a424a2-3cc2-5a38-b710-ea1d1929cee1,TI-04_20260601_0003.jpg,2026-06-01 08:31:21,TI-04,drone,saudavel,saudavel,0.8696,agrosmart-v1,simulado,sim-2026-06
aa889108-e13a-5c1a-9848-767fca7f1c40,SC-02_20260601_0004.jpg,2026-06-01 08:31:46,SC-02,smartphone,saudavel,saudavel,0.9581,agrosmart-v1,simulado,sim-2026-06
90b63c61-3220-537a-95b5-f39c1fd057f1,TI-04_20260601_0004.jpg,2026-06-01 08:31:48,TI-04,drone,saudavel,saudavel,0.9998,agrosmart-v1,simulado,sim-2026-06
d2212607-aa1a-5b3c-9ee8-791e54525efc,TI-04_20260601_0005.jpg,2026-06-01 08:32:24,TI-04,drone,saudavel,saudavel,0.8578,agrosmart-v1,simulado,sim-2026-06
5221e2d6-a170-57b3-918f-b7baa1499222,SC-02_20260601_0005.jpg,2026-06-01 08:32:49,SC-02,smartphone,saudavel,saudavel,0.9980,agrosmart-v1,simulado,sim-2026-06
e27d96be-7366-5eaf-93c3-69b5469aa397,SC-02_20260601_0006.jpg,2026-06-01 08:33:03,SC-02,smartphone,saudavel,saudavel,0.9243,agrosmart-v1,simulado,sim-2026-06
00824bfd-c5dc-5689-bcca-c8bb0adc64c6,TI-04_20260601_0006.jpg,2026-06-01 08:33:19,TI-04,drone,saudavel,saudavel,0.9699,agrosmart-v1,simulado,sim-2026-06
abf5e9cf-cf61-5225-a169-6ae77993312e,TI-04_20260601_0007.jpg,2026-06-01 08:33:58,TI-04,drone,saudavel,saudavel,0.9905,agrosmart-v1,simulado,sim-2026-06
94f3f000-fe09-5c20-82a4-62c6fdd9a829,SC-02_20260601_0007.jpg,2026-06-01 08:34:00,SC-02,smartphone,saudavel,saudavel,0.8623,agrosmart-v1,simulado,sim-2026-06
016eed8d-c92b-549a-a3ec-5c1a08df2105,TI-04_20260601_0008.jpg,2026-06-01 08:34:29,TI-04,drone,saudavel,saudavel,0.9802,agrosmart-v1,simulado,sim-2026-06
de11d9e3-1770-556a-9a5a-f5b75c098799,SC-02_20260601_0008.jpg,2026-06-01 08:34:31,SC-02,smartphone,saudavel,saudavel,0.9859,agrosmart-v1,simulado,sim-2026-06
91de52ab-76eb-5461-8d7b-8bfd334284d5,TI-04_20260601_0009.jpg,2026-06-01 08:35:11,TI-04,drone,saudavel,saudavel,0.8608,agrosmart-v1,simulado,sim-2026-06
76d62b8f-9f1d-5408-a117-fdbdb703b73d,SC-02_20260601_0009.jpg,2026-06-01 08:35:16,SC-02,smartphone,saudavel,saudavel,0.9204,agrosmart-v1,simulado,sim-2026-06
c49786e9-50ae-5e9f-817d-3ac77def84e8,TI-04_20260601_0010.jpg,2026-06-01 08:35:53,TI-04,drone,saudavel,saudavel,0.6583,agrosmart-v1,simulado,sim-2026-06
a510aed2-b7d9-5557-9b19-839d61139720,SC-02_20260601_0010.jpg,2026-06-01 08:36:09,SC-02,smartphone,saudavel,saudavel,0.9850,agrosmart-v1,simulado,sim-2026-06
f1cdb26b-9ae7-5503-a710-3d1957d12b2b,SC-02_20260601_0011.jpg,2026-06-01 08:36:39,SC-02,smartphone,saudavel,saudavel,0.8335,agrosmart-v1,simulado,sim-2026-06
64bdd262-8be4-566f-90db-8ae007973e50,TI-04_20260601_0011.jpg,2026-06-01 08:36:41,TI-04,drone,saudavel,saudavel,0.6953,agrosmart-v1,simulado,sim-2026-06
6f6db8d6-42b0-55c0-99a7-44183ffafa70,SC-02_20260601_0012.jpg,2026-06-01 08:37:02,SC-02,smartphone,saudavel,saudavel,1.0000,agrosmart-v1,simulado,sim-2026-06
f8cd3394-85dc-5ab2-910b-4a6a85164f2f,TI-04_20260601_0012.jpg,2026-06-01 08:37:29,TI-04,drone,saudavel,saudavel,0.8872,agrosmart-v1,simulado,sim-2026-06
55ec9539-305a-52a5-9d4c-ea4b6d93a229,SC-03_20260601_0001.jpg,2026-06-01 08:38:01,SC-03,smartphone,saudavel,saudavel,0.9946,agrosmart-v1,simulado,sim-2026-06
5d66c207-7e6b-58fd-9bd5-06526c5ffcc5,SC-02_20260601_0013.jpg,2026-06-01 08:38:02,SC-02,smartphone,saudavel,saudavel,0.9125,agrosmart-v1,simulado,sim-2026-06
070e90e3-96c7-5c32-bf97-8b58165e664a,TI-04_20260601_0013.jpg,2026-06-01 08:38:03,TI-04,drone,saudavel,saudavel,0.9450,agrosmart-v1,simulado,sim-2026-06
9ae56f70-b20a-5670-ab83-71f8b5b6fde8,TI-04_20260601_0014.jpg,2026-06-01 08:38:31,TI-04,drone,saudavel,saudavel,0.9378,agrosmart-v1,simulado,sim-2026-06
881c5806-9a6e-5613-ad0d-9d0ff8c46546,SC-03_20260601_0002.jpg,2026-06-01 08:38:46,SC-03,smartphone,saudavel,saudavel,0.8571,agrosmart-v1,simulado,sim-2026-06
b6db90d9-8ec6-5838-82cb-5513ec38c736,SC-02_20260601_0014.jpg,2026-06-01 08:38:50,SC-02,smartphone,saudavel,saudavel,0.9741,agrosmart-v1,simulado,sim-2026-06
5dbcf41f-6943-5a5e-9550-6045034858dd,TI-01_20260601_0001.jpg,2026-06-01 08:38:57,TI-01,drone,saudavel,saudavel,0.9524,agrosmart-v1,simulado,sim-2026-06
438a3df5-d2cf-59c7-b761-3886a6af2038,SC-03_20260601_0003.jpg,2026-06-01 08:39:04,SC-03,smartphone,saudavel,saudavel,0.9788,agrosmart-v1,simulado,sim-2026-06
e14b6d99-9b59-50a1-9476-dcba10a6acd1,TI-04_20260601_0015.jpg,2026-06-01 08:39:04,TI-04,drone,saudavel,saudavel,0.8583,agrosmart-v1,simulado,sim-2026-06
bea67d02-6397-58dd-8859-f0092383b27a,SC-02_20260601_0015.jpg,2026-06-01 08:39:17,SC-02,smartphone,saudavel,saudavel,1.0000,agrosmart-v1,simulado,sim-2026-06
a631a151-b0dc-5ac6-984a-88c9c247997f,TI-01_20260601_0002.jpg,2026-06-01 08:39:30,TI-01,drone,saudavel,saudavel,0.9998,agrosmart-v1,simulado,sim-2026-06
cea8203c-25ec-55af-bbfb-b5274dec0da3,SC-03_20260601_0004.jpg,2026-06-01 08:39:41,SC-03,smartphone,saudavel,saudavel,0.7359,agrosmart-v1,simulado,sim-2026-06
c26a1e80-d1b3-572e-954e-843f6fa6ca42,SC-02_20260601_0016.jpg,2026-06-01 08:39:50,SC-02,smartphone,saudavel,saudavel,0.9654,agrosmart-v1,simulado,sim-2026-06
1ebddf69-69be-5c59-90cb-2983c5b1f65d,BV-01_20260601_0001.jpg,2026-06-01 08:40:06,BV-01,smartphone,saudavel,saudavel,0.8395,agrosmart-v1,simulado,sim-2026-06
42d1c501-c197-56bd-b1a4-fa685c4dcc8e,TI-04_20260601_0016.jpg,2026-06-01 08:40:09,TI-04,drone,saudavel,saudavel,0.8544,agrosmart-v1,simulado,sim-2026-06
af8ecaa6-6f6f-5a29-a468-ad0e1502d6d6,TI-01_20260601_0003.jpg,2026-06-01 08:40:15,TI-01,drone,saudavel,saudavel,0.9504,agrosmart-v1,simulado,sim-2026-06
940c7a27-2cb4-5a30-ae44-684f3d10d369,SC-03_20260601_0005.jpg,2026-06-01 08:40:21,SC-03,smartphone,saudavel,saudavel,0.9098,agrosmart-v1,simulado,sim-2026-06
5928d348-a333-5001-a5a3-bdfe5e09e7e3,BV-01_20260601_0002.jpg,2026-06-01 08:40:27,BV-01,smartphone,saudavel,saudavel,0.8551,agrosmart-v1,simulado,sim-2026-06
90196302-2d55-5808-8d53-c25552fd17a2,SC-02_20260601_0017.jpg,2026-06-01 08:40:27,SC-02,smartphone,saudavel,saudavel,0.9408,agrosmart-v1,simulado,sim-2026-06
2fcee5eb-570a-513c-87f9-1a5cd837a00b,TI-04_20260601_0017.jpg,2026-06-01 08:40:45,TI-04,drone,saudavel,saudavel,0.9921,agrosmart-v1,simulado,sim-2026-06
ad91136a-2c28-5940-bd8e-589c30e561c9,TI-01_20260601_0004.jpg,2026-06-01 08:41:01,TI-01,drone,saudavel,saudavel,0.9964,agrosmart-v1,simulado,sim-2026-06
f969ead9-a739-5aca-bf82-66f09e73db53,BV-01_20260601_0003.jpg,2026-06-01 08:41:02,BV-01,smartphone,saudavel,saudavel,0.9512,agrosmart-v1,simulado,sim-2026-06
ec3d27fc-9750-5373-98cd-15c67575ffe2,SC-02_20260601_0018.jpg,2026-06-01 08:41:08,SC-02,smartphone,saudavel,saudavel,0.9924,agrosmart-v1,simulado,sim-2026-06
d083d80a-e205-56f8-b745-b6769f6d6a61,SC-03_20260601_0006.jpg,2026-06-01 08:41:11,SC-03,smartphone,saudavel,saudavel,0.8251,agrosmart-v1,simulado,sim-2026-06
448a8ad0-d93d-5566-b420-f13825bb8568,TI-04_20260601_0018.jpg,2026-06-01 08:41:18,TI-04,drone,doente,vaquinha,0.9709,agrosmart-v1,simulado,sim-2026-06
dd3850ee-d6a7-5ac6-a594-db0566aab0b8,TI-01_20260601_0005.jpg,2026-06-01 08:41:42,TI-01,drone,saudavel,saudavel,0.9107,agrosmart-v1,simulado,sim-2026-06
0c6281f0-6256-52f5-9efd-2cf2616439a0,TI-04_20260601_0019.jpg,2026-06-01 08:41:54,TI-04,drone,saudavel,saudavel,0.8801,agrosmart-v1,simulado,sim-2026-06
118af505-70c3-5dca-9c36-f4065354f2a9,SC-03_20260601_0007.jpg,2026-06-01 08:42:03,SC-03,smartphone,saudavel,saudavel,0.9983,agrosmart-v1,simulado,sim-2026-06
6539be5f-fda9-51c9-81e4-47448964f5eb,SC-02_20260601_0019.jpg,2026-06-01 08:42:04,SC-02,smartphone,saudavel,saudavel,0.9125,agrosmart-v1,simulado,sim-2026-06
87480c21-8a12-5be6-a247-1891be7ffc65,BV-01_20260601_0004.jpg,2026-06-01 08:42:07,BV-01,smartphone,saudavel,saudavel,0.9907,agrosmart-v1,simulado,sim-2026-06
19df55a9-9e12-5f84-8daa-4ef6edbf3905,TI-01_20260601_0006.jpg,2026-06-01 08:42:13,TI-01,drone,saudavel,saudavel,0.9551,agrosmart-v1,simulado,sim-2026-06
8dccb687-de72-5693-b64d-d39cc7ae1e7a,SC-03_20260601_0008.jpg,2026-06-01 08:42:21,SC-03,smartphone,saudavel,saudavel,0.9782,agrosmart-v1,simulado,sim-2026-06
1c00dd0d-b1bd-559b-95ba-8c413a9040a3,BV-01_20260601_0005.jpg,2026-06-01 08:42:24,BV-01,smartphone,saudavel,saudavel,0.9824,agrosmart-v1,simulado,sim-2026-06
04699fe4-bdaa-5a16-b38e-170bf4448d2d,TI-04_20260601_0020.jpg,2026-06-01 08:42:30,TI-04,drone,saudavel,saudavel,0.9840,agrosmart-v1,simulado,sim-2026-06
246466fb-1fa1-5985-92ba-37697a155655,SC-02_20260601_0020.jpg,2026-06-01 08:42:38,SC-02,smartphone,saudavel,saudavel,0.9540,agrosmart-v1,simulado,sim-2026-06
03c1a48b-8f4b-501b-9f7d-5ca51849e336,TI-01_20260601_0007.jpg,2026-06-01 08:43:01,TI-01,drone,saudavel,saudavel,0.9821,agrosmart-v1,simulado,sim-2026-06
5a4bf460-3cc1-5ccd-bf10-3a08c54aec5a,BV-01_20260601_0006.jpg,2026-06-01 08:43:14,BV-01,smartphone,saudavel,saudavel,0.9923,agrosmart-v1,simulado,sim-2026-06
7262b36f-3eb1-5d9a-b93b-f0b08db9d500,SC-03_20260601_0009.jpg,2026-06-01 08:43:17,SC-03,smartphone,saudavel,saudavel,0.9896,agrosmart-v1,simulado,sim-2026-06
8ef11bb2-b40f-5862-9c92-8b4df61bfeb1,SC-02_20260601_0021.jpg,2026-06-01 08:43:20,SC-02,smartphone,saudavel,saudavel,0.9116,agrosmart-v1,simulado,sim-2026-06
d14bc2af-c819-520b-8838-71e33c291a66,TI-04_20260601_0021.jpg,2026-06-01 08:43:24,TI-04,drone,saudavel,saudavel,0.9998,agrosmart-v1,simulado,sim-2026-06
2643de37-f7d4-5e71-a5d1-8ce76fea4f6f,TI-01_20260601_0008.jpg,2026-06-01 08:43:47,TI-01,drone,saudavel,saudavel,0.8580,agrosmart-v1,simulado,sim-2026-06
0bdf3029-ee07-5c4a-aa32-8d14a40a86ba,TI-04_20260601_0022.jpg,2026-06-01 08:43:54,TI-04,drone,saudavel,saudavel,0.8824,agrosmart-v1,simulado,sim-2026-06
218a3aac-cd30-5f49-925f-1bbf0fd4eef6,SC-02_20260601_0022.jpg,2026-06-01 08:43:55,SC-02,smartphone,saudavel,saudavel,0.9736,agrosmart-v1,simulado,sim-2026-06
ded39180-1001-5fd0-9265-5ea9996fe585,BV-01_20260601_0007.jpg,2026-06-01 08:43:57,BV-01,smartphone,saudavel,saudavel,0.9926,agrosmart-v1,simulado,sim-2026-06
71992a6e-a41c-5abb-808e-2d5cab2d777e,SC-03_20260601_0010.jpg,2026-06-01 08:43:59,SC-03,smartphone,saudavel,saudavel,0.8532,agrosmart-v1,simulado,sim-2026-06
29247e85-416a-550c-9331-92dc799b3d3f,TI-01_20260601_0009.jpg,2026-06-01 08:44:12,TI-01,drone,saudavel,saudavel,0.9521,agrosmart-v1,simulado,sim-2026-06
98dfa585-dc00-525b-be27-91f14e1a6c08,SC-03_20260601_0011.jpg,2026-06-01 08:44:25,SC-03,smartphone,saudavel,saudavel,0.8713,agrosmart-v1,simulado,sim-2026-06
668ecad3-c33b-5e62-9ec9-8e5de76b0ef5,TI-04_20260601_0023.jpg,2026-06-01 08:44:28,TI-04,drone,saudavel,saudavel,0.9921,agrosmart-v1,simulado,sim-2026-06
33683562-8e03-5f63-8d45-c6788c2d5fd2,SC-02_20260601_0023.jpg,2026-06-01 08:44:30,SC-02,smartphone,saudavel,saudavel,0.9994,agrosmart-v1,simulado,sim-2026-06
141ae330-68c6-52ec-b353-7e763388cbd4,BV-01_20260601_0008.jpg,2026-06-01 08:44:42,BV-01,smartphone,saudavel,saudavel,0.9506,agrosmart-v1,simulado,sim-2026-06
d6faaafe-e383-5591-898e-66729f302205,SC-02_20260601_0024.jpg,2026-06-01 08:45:02,SC-02,smartphone,saudavel,saudavel,0.9691,agrosmart-v1,simulado,sim-2026-06
e0067e5d-5672-5960-b1d3-713d5310824a,TI-01_20260601_0010.jpg,2026-06-01 08:45:04,TI-01,drone,saudavel,saudavel,0.9531,agrosmart-v1,simulado,sim-2026-06
a40b63ec-66be-554f-895f-2d79ba0b1adf,TI-04_20260601_0024.jpg,2026-06-01 08:45:06,TI-04,drone,saudavel,saudavel,0.9447,agrosmart-v1,simulado,sim-2026-06
3398d3d9-0562-59af-8079-d394910e8e85,SC-03_20260601_0012.jpg,2026-06-01 08:45:14,SC-03,smartphone,saudavel,saudavel,0.9921,agrosmart-v1,simulado,sim-2026-06
21b6ec9e-0500-5364-b37f-68a9d48004fe,TI-01_20260601_0011.jpg,2026-06-01 08:45:20,TI-01,drone,saudavel,saudavel,0.8436,agrosmart-v1,simulado,sim-2026-06
dc955f1e-7b44-5be5-b46e-2acf05334966,BV-01_20260601_0009.jpg,2026-06-01 08:45:29,BV-01,smartphone,saudavel,saudavel,0.9962,agrosmart-v1,simulado,sim-2026-06
e4ebf169-eab8-558c-ad65-767cd7d26850,TI-04_20260601_0025.jpg,2026-06-01 08:45:43,TI-04,drone,saudavel,saudavel,0.9028,agrosmart-v1,simulado,sim-2026-06
23cecbc3-071b-5fcd-b577-078766e25a6e,SC-03_20260601_0013.jpg,2026-06-01 08:45:58,SC-03,smartphone,saudavel,saudavel,0.9294,agrosmart-v1,simulado,sim-2026-06
0e9d7fc2-fb0e-59ea-bdd9-37f481b2e295,SC-02_20260601_0025.jpg,2026-06-01 08:46:03,SC-02,smartphone,saudavel,saudavel,0.9132,agrosmart-v1,simulado,sim-2026-06
ae6f902d-4114-5e52-aba0-3dcfcb770b75,BV-01_20260601_0010.jpg,2026-06-01 08:46:09,BV-01,smartphone,saudavel,saudavel,0.9992,agrosmart-v1,simulado,sim-2026-06
1c10715d-40ed-572c-9f7b-26a1c152a38b,TI-01_20260601_0012.jpg,2026-06-01 08:46:18,TI-01,drone,saudavel,saudavel,0.9552,agrosmart-v1,simulado,sim-2026-06
81c5646a-e94b-5464-9651-2f6398562303,TI-04_20260601_0026.jpg,2026-06-01 08:46:28,TI-04,drone,saudavel,saudavel,0.9577,agrosmart-v1,simulado,sim-2026-06
43b59108-ff0d-5eb1-881b-1d962192bb78,TI-01_20260601_0013.jpg,2026-06-01 08:46:41,TI-01,drone,saudavel,saudavel,0.9824,agrosmart-v1,simulado,sim-2026-06
603c722f-3034-5246-a570-615db8d4f0e9,BV-01_20260601_0011.jpg,2026-06-01 08:46:43,BV-01,smartphone,saudavel,saudavel,0.9818,agrosmart-v1,simulado,sim-2026-06
43cc96fd-471a-53e7-9170-82b598a63606,SC-02_20260601_0026.jpg,2026-06-01 08:46:43,SC-02,smartphone,saudavel,saudavel,0.8882,agrosmart-v1,simulado,sim-2026-06
9d5e1f3c-00b3-56cd-9885-f5aca525d86e,SC-03_20260601_0014.jpg,2026-06-01 08:46:50,SC-03,smartphone,saudavel,saudavel,0.9989,agrosmart-v1,simulado,sim-2026-06
de2a9f94-7337-564c-a961-d627f30c6c88,SC-02_20260601_0027.jpg,2026-06-01 08:47:06,SC-02,smartphone,saudavel,saudavel,0.9968,agrosmart-v1,simulado,sim-2026-06
84faa826-35a0-5048-b7c1-41c0014465a3,SC-03_20260601_0015.jpg,2026-06-01 08:47:12,SC-03,smartphone,saudavel,saudavel,0.9987,agrosmart-v1,simulado,sim-2026-06
d58982c5-5ab6-5b26-ab00-13c2d17cdc1b,TI-04_20260601_0027.jpg,2026-06-01 08:47:21,TI-04,drone,saudavel,saudavel,0.9990,agrosmart-v1,simulado,sim-2026-06
2693f50c-bbf2-50eb-8b6e-38cf56d12f1a,BV-01_20260601_0012.jpg,2026-06-01 08:47:23,BV-01,smartphone,saudavel,saudavel,0.6060,agrosmart-v1,simulado,sim-2026-06
a5b308c0-44e0-575e-a16a-984e3f0179df,TI-01_20260601_0014.jpg,2026-06-01 08:47:45,TI-01,drone,saudavel,saudavel,0.8516,agrosmart-v1,simulado,sim-2026-06
8ba0acfa-29e4-549d-8b7a-2b968ffefe31,SC-02_20260601_0028.jpg,2026-06-01 08:47:51,SC-02,smartphone,saudavel,saudavel,0.8712,agrosmart-v1,simulado,sim-2026-06
662ed7e4-71fa-588d-a3fe-7a107c62d90b,SC-03_20260601_0016.jpg,2026-06-01 08:47:54,SC-03,smartphone,saudavel,saudavel,0.9974,agrosmart-v1,simulado,sim-2026-06
a87f2e5a-3127-5b37-b879-3145aec90f8a,TI-04_20260601_0028.jpg,2026-06-01 08:47:56,TI-04,drone,saudavel,saudavel,0.9980,agrosmart-v1,simulado,sim-2026-06
2e4c2a06-4c12-52da-8539-7a650a8f51ed,BV-01_20260601_0013.jpg,2026-06-01 08:48:10,BV-01,smartphone,saudavel,saudavel,0.9647,agrosmart-v1,simulado,sim-2026-06
d57bf42e-db2d-5c58-8f29-d7ac3d471516,TI-01_20260601_0015.jpg,2026-06-01 08:48:14,TI-01,drone,saudavel,saudavel,0.9965,agrosmart-v1,simulado,sim-2026-06
096c0e79-afa0-5d03-ba48-907503c20468,SC-03_20260601_0017.jpg,2026-06-01 08:48:21,SC-03,smartphone,saudavel,saudavel,0.8326,agrosmart-v1,simulado,sim-2026-06
8589604c-9e09-5df2-a0ee-1603cdf9cfc1,SC-02_20260601_0029.jpg,2026-06-01 08:48:24,SC-02,smartphone,saudavel,saudavel,0.8218,agrosmart-v1,simulado,sim-2026-06
4d05c17b-f923-58e2-98c4-afe3f2784465,TI-01_20260601_0016.jpg,2026-06-01 08:48:42,TI-01,drone,saudavel,saudavel,0.9067,agrosmart-v1,simulado,sim-2026-06
356ca684-3253-5d42-912f-b2117850f9b0,BV-01_20260601_0014.jpg,2026-06-01 08:48:48,BV-01,smartphone,saudavel,saudavel,0.9019,agrosmart-v1,simulado,sim-2026-06
033148b5-544b-57fa-bddf-58badbb531d2,BV-01_20260601_0015.jpg,2026-06-01 08:49:06,BV-01,smartphone,saudavel,saudavel,0.9939,agrosmart-v1,simulado,sim-2026-06
913aec45-fd25-58b8-b640-92c43ce1e237,SC-03_20260601_0018.jpg,2026-06-01 08:49:07,SC-03,smartphone,saudavel,saudavel,0.9553,agrosmart-v1,simulado,sim-2026-06
1018007c-c82a-558c-8c8b-ed70ea08c314,SC-02_20260601_0030.jpg,2026-06-01 08:49:29,SC-02,smartphone,saudavel,saudavel,0.9797,agrosmart-v1,simulado,sim-2026-06
c1a40419-1c8e-5199-b9ec-4ab82067bda7,TI-01_20260601_0017.jpg,2026-06-01 08:49:33,TI-01,drone,saudavel,saudavel,0.9730,agrosmart-v1,simulado,sim-2026-06
c8afcf54-b1ec-57b2-a5cd-6c0598dbcc1f,BV-01_20260601_0016.jpg,2026-06-01 08:49:59,BV-01,smartphone,saudavel,saudavel,0.9340,agrosmart-v1,simulado,sim-2026-06
21644f7d-faad-507f-965c-807c96dfd7a4,TI-02_20260601_0001.jpg,2026-06-01 08:50:02,TI-02,drone,saudavel,saudavel,0.9815,agrosmart-v1,simulado,sim-2026-06
69fdb912-c447-50ca-ae2b-b47fcfa86e29,SC-02_20260601_0031.jpg,2026-06-01 08:50:04,SC-02,smartphone,saudavel,saudavel,0.9649,agrosmart-v1,simulado,sim-2026-06
eed306a4-b718-5ab2-ac2b-e5d48d8db83b,SC-03_20260601_0019.jpg,2026-06-01 08:50:04,SC-03,smartphone,saudavel,saudavel,0.9980,agrosmart-v1,simulado,sim-2026-06
c9c39cc7-29e4-598f-9ff8-b9e4e64254bb,SC-03_20260601_0020.jpg,2026-06-01 08:50:22,SC-03,smartphone,saudavel,saudavel,0.9265,agrosmart-v1,simulado,sim-2026-06
9295a201-01ad-596e-a68c-fad7bf9bee57,TI-01_20260601_0018.jpg,2026-06-01 08:50:23,TI-01,drone,saudavel,saudavel,0.7593,agrosmart-v1,simulado,sim-2026-06
2dc736aa-2d9d-51bb-ba00-9820a7fb6805,TI-02_20260601_0002.jpg,2026-06-01 08:50:26,TI-02,drone,saudavel,saudavel,0.9277,agrosmart-v1,simulado,sim-2026-06
5b87aa87-426f-58d6-8538-ffcb878b33ca,SC-02_20260601_0032.jpg,2026-06-01 08:50:31,SC-02,smartphone,saudavel,saudavel,0.8730,agrosmart-v1,simulado,sim-2026-06
44e9d269-0ff2-5200-9639-147abbd7e197,BV-01_20260601_0017.jpg,2026-06-01 08:50:39,BV-01,smartphone,saudavel,saudavel,0.9150,agrosmart-v1,simulado,sim-2026-06
ff7a81f2-3a8a-57c2-a862-085356253ca5,TI-01_20260601_0019.jpg,2026-06-01 08:50:49,TI-01,drone,saudavel,saudavel,0.9969,agrosmart-v1,simulado,sim-2026-06
18ceb65b-417d-579c-9102-526574958417,SC-02_20260601_0033.jpg,2026-06-01 08:51:13,SC-02,smartphone,saudavel,saudavel,0.9907,agrosmart-v1,simulado,sim-2026-06
4c480424-ab5c-5281-9475-a305993ba77e,BV-01_20260601_0018.jpg,2026-06-01 08:51:22,BV-01,smartphone,saudavel,saudavel,0.9968,agrosmart-v1,simulado,sim-2026-06
055f0c5d-b2a8-5705-8353-54e0f2a944ca,TI-02_20260601_0003.jpg,2026-06-01 08:51:23,TI-02,drone,saudavel,saudavel,0.9966,agrosmart-v1,simulado,sim-2026-06
ade3fac8-6249-5064-94e9-ff2735beb90d,SC-03_20260601_0021.jpg,2026-06-01 08:51:25,SC-03,smartphone,doente,requeima,0.7229,agrosmart-v1,simulado,sim-2026-06
25034c92-0304-514b-9b09-24ae0f28df35,TI-01_20260601_0020.jpg,2026-06-01 08:51:38,TI-01,drone,saudavel,saudavel,0.8664,agrosmart-v1,simulado,sim-2026-06
8b0fb43e-4726-5a45-8cee-a70d3b63fb72,SC-03_20260601_0022.jpg,2026-06-01 08:51:42,SC-03,smartphone,saudavel,saudavel,0.9994,agrosmart-v1,simulado,sim-2026-06
76adb622-d34b-56f5-8c11-41c2f949f5a4,SC-02_20260601_0034.jpg,2026-06-01 08:51:47,SC-02,smartphone,saudavel,saudavel,0.9921,agrosmart-v1,simulado,sim-2026-06
4c669ef4-2a71-51dd-b67f-11b5b686b9a1,BV-01_20260601_0019.jpg,2026-06-01 08:51:55,BV-01,smartphone,saudavel,saudavel,0.9748,agrosmart-v1,simulado,sim-2026-06
329848ed-dd19-5ecc-8520-b38363a6a7c3,TI-02_20260601_0004.jpg,2026-06-01 08:52:09,TI-02,drone,saudavel,saudavel,0.9605,agrosmart-v1,simulado,sim-2026-06
27f68147-6550-57ce-93d7-9d5d1b75c234,TI-01_20260601_0021.jpg,2026-06-01 08:52:20,TI-01,drone,saudavel,saudavel,0.8208,agrosmart-v1,simulado,sim-2026-06
8a4bfcda-5ccd-54ad-9b7c-4f4c969538d3,TI-02_20260601_0005.jpg,2026-06-01 08:52:32,TI-02,drone,saudavel,saudavel,0.9996,agrosmart-v1,simulado,sim-2026-06
affe0ba5-bae0-5e40-b6f1-532227b577ba,BV-01_20260601_0020.jpg,2026-06-01 08:52:35,BV-01,smartphone,saudavel,saudavel,0.9952,agrosmart-v1,simulado,sim-2026-06
0975f9fa-d9c9-53d5-bdcf-755ff5df0678,SC-03_20260601_0023.jpg,2026-06-01 08:52:40,SC-03,smartphone,saudavel,saudavel,0.9975,agrosmart-v1,simulado,sim-2026-06
86b6f484-ec10-55fc-9c31-140c34862dc5,SC-02_20260601_0035.jpg,2026-06-01 08:52:42,SC-02,smartphone,saudavel,saudavel,0.9781,agrosmart-v1,simulado,sim-2026-06
008eb6c3-74e0-549d-ab24-0373c139c7a0,TI-01_20260601_0022.jpg,2026-06-01 08:53:01,TI-01,drone,saudavel,saudavel,0.9981,agrosmart-v1,simulado,sim-2026-06
747033e1-efa7-56ab-92ca-bb45b32f1e21,BV-01_20260601_0021.jpg,2026-06-01 08:53:13,BV-01,smartphone,saudavel,saudavel,1.0000,agrosmart-v1,simulado,sim-2026-06
a1cb03e8-cf83-5ccf-a7c8-edf11f024d6d,SC-03_20260601_0024.jpg,2026-06-01 08:53:18,SC-03,smartphone,saudavel,saudavel,0.7672,agrosmart-v1,simulado,sim-2026-06
05cf05f6-8967-58a9-8f07-fc2e0bf9e912,TI-02_20260601_0006.jpg,2026-06-01 08:53:25,TI-02,drone,saudavel,saudavel,0.8410,agrosmart-v1,simulado,sim-2026-06
7caf6a6f-327d-5f50-9dd0-b674057301a7,TI-01_20260601_0023.jpg,2026-06-01 08:53:43,TI-01,drone,saudavel,saudavel,0.9261,agrosmart-v1,simulado,sim-2026-06
5c8a24e9-1ae6-54cd-852b-63127f1c1adc,BV-01_20260601_0022.jpg,2026-06-01 08:53:53,BV-01,smartphone,saudavel,saudavel,0.9189,agrosmart-v1,simulado,sim-2026-06
5264e050-9d72-532e-bd8c-ec83c20daf45,TI-02_20260601_0007.jpg,2026-06-01 08:53:54,TI-02,drone,doente,vaquinha,0.8987,agrosmart-v1,simulado,sim-2026-06
463f4281-d959-5c46-987c-c7c9ed614009,SC-03_20260601_0025.jpg,2026-06-01 08:54:03,SC-03,smartphone,saudavel,saudavel,0.9890,agrosmart-v1,simulado,sim-2026-06
b9dcaeea-93ae-50f7-8837-c14629d6ce60,TI-01_20260601_0024.jpg,2026-06-01 08:54:08,TI-01,drone,saudavel,saudavel,0.8348,agrosmart-v1,simulado,sim-2026-06
b22e82c6-e83e-513c-83fd-bba37240bf28,BV-01_20260601_0023.jpg,2026-06-01 08:54:26,BV-01,smartphone,saudavel,saudavel,0.8453,agrosmart-v1,simulado,sim-2026-06
134191e9-2c74-5f49-a240-4e83c29902ae,TI-02_20260601_0008.jpg,2026-06-01 08:54:34,TI-02,drone,saudavel,saudavel,0.9683,agrosmart-v1,simulado,sim-2026-06
1ead52ed-ec15-5559-8c2b-d314f1d057f0,SC-03_20260601_0026.jpg,2026-06-01 08:54:40,SC-03,smartphone,saudavel,saudavel,0.9979,agrosmart-v1,simulado,sim-2026-06
40c0816c-f71e-51e4-9f93-55116b08d865,TI-02_20260601_0009.jpg,2026-06-01 08:55:02,TI-02,drone,saudavel,saudavel,0.8310,agrosmart-v1,simulado,sim-2026-06
b0f387b1-5867-5d93-84b5-412c3381a353,TI-01_20260601_0025.jpg,2026-06-01 08:55:09,TI-01,drone,saudavel,saudavel,0.9817,agrosmart-v1,simulado,sim-2026-06
2899f346-ff35-5a8b-ad77-5c375fee9033,SC-03_20260601_0027.jpg,2026-06-01 08:55:17,SC-03,smartphone,saudavel,saudavel,0.8607,agrosmart-v1,simulado,sim-2026-06
7b331bbe-82a2-5504-aea6-f72240416345,BV-01_20260601_0024.jpg,2026-06-01 08:55:27,BV-01,smartphone,saudavel,saudavel,0.9148,agrosmart-v1,simulado,sim-2026-06
b5fb4927-e85d-56da-b46a-c7f3916df467,TI-01_20260601_0026.jpg,2026-06-01 08:55:37,TI-01,drone,saudavel,saudavel,0.8407,agrosmart-v1,simulado,sim-2026-06
4a7acd16-6c2e-54a6-86a5-6d934be0a63a,TI-02_20260601_0010.jpg,2026-06-01 08:55:50,TI-02,drone,saudavel,saudavel,0.9398,agrosmart-v1,simulado,sim-2026-06
fb9eac85-04d5-5ffd-ba8c-a137901e6730,SC-03_20260601_0028.jpg,2026-06-01 08:55:54,SC-03,smartphone,saudavel,saudavel,0.8413,agrosmart-v1,simulado,sim-2026-06
876729e2-96c8-5516-a5da-32ca053c4976,BV-01_20260601_0025.jpg,2026-06-01 08:56:08,BV-01,smartphone,saudavel,saudavel,0.9705,agrosmart-v1,simulado,sim-2026-06
8e4b217c-3540-5b66-a526-58493f96a092,TI-01_20260601_0027.jpg,2026-06-01 08:56:26,TI-01,drone,saudavel,saudavel,0.9941,agrosmart-v1,simulado,sim-2026-06
103a10c0-13b2-5687-a8b2-f411654dd9b9,SC-03_20260601_0029.jpg,2026-06-01 08:56:27,SC-03,smartphone,saudavel,saudavel,0.9091,agrosmart-v1,simulado,sim-2026-06
7ae8af5b-8cc7-58be-b615-bf790cd59626,BV-01_20260601_0026.jpg,2026-06-01 08:56:43,BV-01,smartphone,doente,requeima,0.9066,agrosmart-v1,simulado,sim-2026-06
0140fd10-817a-586e-9c31-04a2d84e3689,TI-02_20260601_0011.jpg,2026-06-01 08:56:49,TI-02,drone,saudavel,saudavel,0.9875,agrosmart-v1,simulado,sim-2026-06
d780db12-0838-5a4c-92f6-b37753f5af4c,TI-01_20260601_0028.jpg,2026-06-01 08:56:50,TI-01,drone,saudavel,saudavel,0.9249,agrosmart-v1,simulado,sim-2026-06
a7c71552-3379-5cd8-ba21-8b9b8fac3721,TI-02_20260601_0012.jpg,2026-06-01 08:57:05,TI-02,drone,saudavel,saudavel,0.9987,agrosmart-v1,simulado,sim-2026-06
259595f0-a7f9-5a57-96ab-b6dbb4b3ac50,TI-01_20260601_0029.jpg,2026-06-01 08:57:42,TI-01,drone,saudavel,saudavel,0.9464,agrosmart-v1,simulado,sim-2026-06
31615a70-56cf-5ffb-9656-6e637258a75b,TI-02_20260601_0013.jpg,2026-06-01 08:58:09,TI-02,drone,saudavel,saudavel,0.9711,agrosmart-v1,simulado,sim-2026-06
805cdde7-c618-5aba-acb3-97482077f0d3,TI-01_20260601_0030.jpg,2026-06-01 08:58:13,TI-01,drone,saudavel,saudavel,0.9826,agrosmart-v1,simulado,sim-2026-06
f5204453-c5ee-57b5-8107-46834f46e376,TI-01_20260601_0031.jpg,2026-06-01 08:58:41,TI-01,drone,saudavel,saudavel,0.9457,agrosmart-v1,simulado,sim-2026-06
616c04ee-f861-5e45-ab5f-ed51f693fedd,TI-02_20260601_0014.jpg,2026-06-01 08:58:46,TI-02,drone,saudavel,saudavel,0.8877,agrosmart-v1,simulado,sim-2026-06
448a56f7-2319-5cbe-b52a-729dfbbed10a,TI-02_20260601_0015.jpg,2026-06-01 08:59:23,TI-02,drone,saudavel,saudavel,0.9881,agrosmart-v1,simulado,sim-2026-06
a2e3d174-8bb2-54f6-9193-f95f6bfda04a,TI-01_20260601_0032.jpg,2026-06-01 08:59:29,TI-01,drone,saudavel,saudavel,0.9810,agrosmart-v1,simulado,sim-2026-06
eb81570e-8a96-52c7-9504-0ff7d3ae3115,TI-02_20260601_0016.jpg,2026-06-01 08:59:54,TI-02,drone,saudavel,saudavel,0.9365,agrosmart-v1,simulado,sim-2026-06
c383099f-7ccf-57b2-b041-27caf79d508f,TI-01_20260601_0033.jpg,2026-06-01 09:00:15,TI-01,drone,saudavel,saudavel,1.0000,agrosmart-v1,simulado,sim-2026-06
38023ab4-63d1-504f-8130-c27f1e46ec76,TI-01_20260601_0034.jpg,2026-06-01 09:00:41,TI-01,drone,saudavel,saudavel,0.9601,agrosmart-v1,simulado,sim-2026-06
4bae362b-80dc-51c4-8835-861df1b4d88c,TI-02_20260601_0017.jpg,2026-06-01 09:00:49,TI-02,drone,saudavel,saudavel,0.9997,agrosmart-v1,simulado,sim-2026-06
6ee2e749-0358-5c06-872c-6d5113fbbfa8,TI-02_20260601_0018.jpg,2026-06-01 09:01:06,TI-02,drone,saudavel,saudavel,0.8963,agrosmart-v1,simulado,sim-2026-06
3b8877c3-2fe1-5b2e-ac64-c17059f24c8b,TI-01_20260601_0035.jpg,2026-06-01 09:01:26,TI-01,drone,saudavel,saudavel,0.9981,agrosmart-v1,simulado,sim-2026-06
8c02d95e-d6b4-599e-8232-930d14430bb5,TI-02_20260601_0019.jpg,2026-06-01 09:01:47,TI-02,drone,saudavel,saudavel,0.8972,agrosmart-v1,simulado,sim-2026-06
71895d77-1c7a-523a-8f11-3599777a5f3a,TI-01_20260601_0036.jpg,2026-06-01 09:02:17,TI-01,drone,saudavel,saudavel,0.9765,agrosmart-v1,simulado,sim-2026-06
b025d83b-41f7-5c98-aafe-be8ea4a7c91b,TI-02_20260601_0020.jpg,2026-06-01 09:02:48,TI-02,drone,saudavel,saudavel,0.9335,agrosmart-v1,simulado,sim-2026-06
05fdc8de-32c1-50c7-98f3-891b3d507637,TI-01_20260601_0037.jpg,2026-06-01 09:03:01,TI-01,drone,saudavel,saudavel,0.9784,agrosmart-v1,simulado,sim-2026-06
aec83698-5ca7-5522-afd3-59d298c04505,TI-02_20260601_0021.jpg,2026-06-01 09:03:13,TI-02,drone,saudavel,saudavel,0.9586,agrosmart-v1,simulado,sim-2026-06
9b6d2c3f-15e1-512d-9dbd-7e8d1a345642,TI-01_20260601_0038.jpg,2026-06-01 09:03:43,TI-01,drone,saudavel,saudavel,0.9664,agrosmart-v1,simulado,sim-2026-06
cc5235d8-a173-55eb-8898-6b7a9f086ac0,TI-02_20260601_0022.jpg,2026-06-01 09:03:54,TI-02,drone,saudavel,saudavel,0.9998,agrosmart-v1,simulado,sim-2026-06
4b65b8f0-685e-5f0b-ae4f-53724226b34e,TI-01_20260601_0039.jpg,2026-06-01 09:04:13,TI-01,drone,saudavel,saudavel,0.8980,agrosmart-v1,simulado,sim-2026-06
8cbdad27-396b-5ab5-b593-689b564b30ff,TI-01_20260601_0040.jpg,2026-06-01 09:04:40,TI-01,drone,saudavel,saudavel,0.9512,agrosmart-v1,simulado,sim-2026-06
4ed0e533-242e-5d11-9e2f-e72d1ea50854,TI-02_20260601_0023.jpg,2026-06-01 09:04:46,TI-02,drone,saudavel,saudavel,0.8655,agrosmart-v1,simulado,sim-2026-06
d6ed9952-1f28-53a4-9ceb-cf419e78c018,TI-02_20260601_0024.jpg,2026-06-01 09:05:07,TI-02,drone,saudavel,saudavel,0.9092,agrosmart-v1,simulado,sim-2026-06
4baac786-4d23-531b-92c9-9f6b1725eec9,TI-01_20260601_0041.jpg,2026-06-01 09:05:41,TI-01,drone,saudavel,saudavel,0.9635,agrosmart-v1,simulado,sim-2026-06
c379f126-d167-520e-9611-4cfbeab8165d,TI-02_20260601_0025.jpg,2026-06-01 09:05:57,TI-02,drone,saudavel,saudavel,0.9965,agrosmart-v1,simulado,sim-2026-06
0cdcea42-e69b-59b1-acd2-d9ff13909931,TI-02_20260601_0026.jpg,2026-06-01 09:06:46,TI-02,drone,saudavel,saudavel,0.9086,agrosmart-v1,simulado,sim-2026-06
c43cfd06-ecc4-5de8-8ba5-5f13cc6bcf03,TI-02_20260601_0027.jpg,2026-06-01 09:07:25,TI-02,drone,saudavel,saudavel,0.9945,agrosmart-v1,simulado,sim-2026-06
e2911ec5-5e75-57cb-baec-7d1476e6421b,BV-03_20260601_0001.jpg,2026-06-01 09:07:50,BV-03,smartphone,saudavel,saudavel,0.9957,agrosmart-v1,simulado,sim-2026-06
718e6b85-d65d-51db-b388-6d1a69f8d65c,TI-02_20260601_0028.jpg,2026-06-01 09:07:53,TI-02,drone,saudavel,saudavel,0.9404,agrosmart-v1,simulado,sim-2026-06
086f5a11-b2b4-5436-b595-268d6d01f097,TI-02_20260601_0029.jpg,2026-06-01 09:08:20,TI-02,drone,saudavel,saudavel,0.9826,agrosmart-v1,simulado,sim-2026-06
ca3f741f-26fd-53a9-8a52-df88543a018c,BV-03_20260601_0002.jpg,2026-06-01 09:08:40,BV-03,smartphone,saudavel,saudavel,0.9188,agrosmart-v1,simulado,sim-2026-06
3be8ef6e-724f-5de1-ac73-d03e4c242916,BV-03_20260601_0003.jpg,2026-06-01 09:09:05,BV-03,smartphone,saudavel,saudavel,0.9735,agrosmart-v1,simulado,sim-2026-06
4a8f3927-b1a1-58d6-b45a-2897ec3f6924,TI-02_20260601_0030.jpg,2026-06-01 09:09:18,TI-02,drone,saudavel,saudavel,0.9649,agrosmart-v1,simulado,sim-2026-06
63abfa04-6472-57f6-8969-57f3274c44b0,TI-02_20260601_0031.jpg,2026-06-01 09:09:59,TI-02,drone,saudavel,saudavel,0.8575,agrosmart-v1,simulado,sim-2026-06
826e2d65-8cca-5ba5-a822-0e76ccccb786,BV-03_20260601_0004.jpg,2026-06-01 09:10:05,BV-03,smartphone,doente,mosca_minadora,0.8965,agrosmart-v1,simulado,sim-2026-06
2d7e2a40-22eb-5ce6-affa-aa3531304b80,BV-03_20260601_0005.jpg,2026-06-01 09:10:31,BV-03,smartphone,saudavel,saudavel,0.9678,agrosmart-v1,simulado,sim-2026-06
6461cfca-94ec-50cc-ac28-30e9427796b2,TI-03_20260601_0001.jpg,2026-06-01 09:10:48,TI-03,drone,saudavel,saudavel,0.9875,agrosmart-v1,simulado,sim-2026-06
c4ef9b6d-17a2-5353-898c-7b76d6358a01,TI-02_20260601_0032.jpg,2026-06-01 09:10:50,TI-02,drone,saudavel,saudavel,0.9729,agrosmart-v1,simulado,sim-2026-06
22da229d-2e94-518f-97d5-00418cb5abb5,BV-03_20260601_0006.jpg,2026-06-01 09:11:04,BV-03,smartphone,saudavel,saudavel,0.9992,agrosmart-v1,simulado,sim-2026-06
7f69d555-cd76-5892-ac31-1302373e208c,TI-03_20260601_0002.jpg,2026-06-01 09:11:27,TI-03,drone,saudavel,saudavel,0.8327,agrosmart-v1,simulado,sim-2026-06
49370adf-54ff-5bc2-93aa-8c3a82ebbd14,TI-02_20260601_0033.jpg,2026-06-01 09:11:29,TI-02,drone,saudavel,saudavel,0.9981,agrosmart-v1,simulado,sim-2026-06
3992fc68-d7a8-5f16-a585-2f66459212c3,BV-03_20260601_0007.jpg,2026-06-01 09:11:54,BV-03,smartphone,doente,requeima,0.8769,agrosmart-v1,simulado,sim-2026-06
c4d675fe-1453-5fb2-bb3b-ee36b4219d70,TI-02_20260601_0034.jpg,2026-06-01 09:12:07,TI-02,drone,saudavel,saudavel,0.9983,agrosmart-v1,simulado,sim-2026-06
b4ad498a-6928-5c8a-8e77-eef225f8fbd6,TI-03_20260601_0003.jpg,2026-06-01 09:12:24,TI-03,drone,saudavel,saudavel,0.8534,agrosmart-v1,simulado,sim-2026-06
787d445b-a672-5e6f-aa5d-2fbfbafb8c15,TI-02_20260601_0035.jpg,2026-06-01 09:12:26,TI-02,drone,saudavel,saudavel,0.9782,agrosmart-v1,simulado,sim-2026-06
24b01cca-90b8-53ae-a2a1-8e1a9ccad450,BV-03_20260601_0008.jpg,2026-06-01 09:12:31,BV-03,smartphone,saudavel,saudavel,0.9875,agrosmart-v1,simulado,sim-2026-06
0120d800-7451-574c-a1b1-fc413445d824,TI-03_20260601_0004.jpg,2026-06-01 09:12:51,TI-03,drone,saudavel,saudavel,0.8921,agrosmart-v1,simulado,sim-2026-06
8d72fe68-f64e-530f-97c9-db176a742e02,BV-03_20260601_0009.jpg,2026-06-01 09:13:17,BV-03,smartphone,saudavel,saudavel,0.8980,agrosmart-v1,simulado,sim-2026-06
743a9518-20b2-56a3-89dc-bbacf7f14916,TI-03_20260601_0005.jpg,2026-06-01 09:13:47,TI-03,drone,saudavel,saudavel,0.8802,agrosmart-v1,simulado,sim-2026-06
74a8b044-6793-5745-ab6e-f0d01d745cd3,BV-03_20260601_0010.jpg,2026-06-01 09:14:03,BV-03,smartphone,saudavel,saudavel,0.9983,agrosmart-v1,simulado,sim-2026-06
5e9772e0-4ba6-5c39-afd7-80a429458927,TI-03_20260601_0006.jpg,2026-06-01 09:14:12,TI-03,drone,saudavel,saudavel,0.9511,agrosmart-v1,simulado,sim-2026-06
e6989149-a00e-56f5-a4f6-7a460522c1cb,BV-03_20260601_0011.jpg,2026-06-01 09:14:27,BV-03,smartphone,saudavel,saudavel,0.8915,agrosmart-v1,simulado,sim-2026-06
0b6d41a5-acc7-54a7-a783-4bd22b9bf3e2,TI-03_20260601_0007.jpg,2026-06-01 09:15:01,TI-03,drone,saudavel,saudavel,0.9232,agrosmart-v1,simulado,sim-2026-06
89998d41-8455-584e-ae7e-d49315d041eb,BV-03_20260601_0012.jpg,2026-06-01 09:15:09,BV-03,smartphone,saudavel,saudavel,0.8728,agrosmart-v1,simulado,sim-2026-06
a5a5c93f-ceaf-5fad-bb90-f022a406e114,TI-03_20260601_0008.jpg,2026-06-01 09:15:27,TI-03,drone,saudavel,saudavel,0.9599,agrosmart-v1,simulado,sim-2026-06
726609fd-86b5-5c42-93ad-139200faa5bd,BV-03_20260601_0013.jpg,2026-06-01 09:15:50,BV-03,smartphone,saudavel,saudavel,0.9188,agrosmart-v1,simulado,sim-2026-06
5ad15587-e7ad-5907-92e3-0993f10312a0,TI-03_20260601_0009.jpg,2026-06-01 09:16:12,TI-03,drone,saudavel,saudavel,0.8309,agrosmart-v1,simulado,sim-2026-06
1feb06a9-460a-5b3d-b061-05973a68791e,BV-03_20260601_0014.jpg,2026-06-01 09:16:25,BV-03,smartphone,saudavel,saudavel,0.9801,agrosmart-v1,simulado,sim-2026-06
39a06657-13ab-5a75-9748-01300559b4e2,TI-03_20260601_0010.jpg,2026-06-01 09:16:47,TI-03,drone,saudavel,saudavel,0.9342,agrosmart-v1,simulado,sim-2026-06
966aff0f-8efa-5662-9f3f-388de18f6a35,BV-03_20260601_0015.jpg,2026-06-01 09:17:12,BV-03,smartphone,saudavel,saudavel,0.9708,agrosmart-v1,simulado,sim-2026-06
50a33b15-310f-599b-8b5c-5cd66a5543f3,TI-03_20260601_0011.jpg,2026-06-01 09:17:48,TI-03,drone,saudavel,saudavel,0.9221,agrosmart-v1,simulado,sim-2026-06
f896bb6e-c92e-5a9a-b432-ffafaea887ca,BV-03_20260601_0016.jpg,2026-06-01 09:17:54,BV-03,smartphone,doente,vaquinha,0.9520,agrosmart-v1,simulado,sim-2026-06
52abdc2c-6bc8-51eb-b6d0-8e32bd07c849,TI-03_20260601_0012.jpg,2026-06-01 09:18:18,TI-03,drone,saudavel,saudavel,0.8464,agrosmart-v1,simulado,sim-2026-06
3f97096d-cd45-57f7-8233-9bccb75aa242,BV-03_20260601_0017.jpg,2026-06-01 09:18:21,BV-03,smartphone,saudavel,saudavel,0.9669,agrosmart-v1,simulado,sim-2026-06
8841169f-bfdc-5649-b541-bb360e1cf6d1,TI-03_20260601_0013.jpg,2026-06-01 09:18:47,TI-03,drone,saudavel,saudavel,0.9731,agrosmart-v1,simulado,sim-2026-06
486c33ce-a313-51d6-8762-8b555c3b1e75,BV-03_20260601_0018.jpg,2026-06-01 09:19:14,BV-03,smartphone,doente,pinta_preta,0.9744,agrosmart-v1,simulado,sim-2026-06
0b13e7e6-b774-5b71-8e98-4e19ff0a0cb6,TI-03_20260601_0014.jpg,2026-06-01 09:19:45,TI-03,drone,saudavel,saudavel,0.9257,agrosmart-v1,simulado,sim-2026-06
61e0b510-2605-5ea8-abb5-11a0ba6056ec,BV-03_20260601_0019.jpg,2026-06-01 09:19:55,BV-03,smartphone,saudavel,saudavel,0.8670,agrosmart-v1,simulado,sim-2026-06
fcc953a2-c258-5ad5-a86c-b4efbd79b62c,TI-03_20260601_0015.jpg,2026-06-01 09:20:21,TI-03,drone,saudavel,saudavel,0.8212,agrosmart-v1,simulado,sim-2026-06
4181ee30-5830-54dc-b374-3fdc037df056,TI-03_20260601_0016.jpg,2026-06-01 09:20:47,TI-03,drone,saudavel,saudavel,0.9235,agrosmart-v1,simulado,sim-2026-06
9f08ccbc-0d17-532c-8337-57d192b69684,BV-03_20260601_0020.jpg,2026-06-01 09:20:50,BV-03,smartphone,saudavel,saudavel,0.9050,agrosmart-v1,simulado,sim-2026-06
7ad68a50-ad6b-59b8-8269-39c0f1fadc3f,BV-03_20260601_0021.jpg,2026-06-01 09:21:12,BV-03,smartphone,saudavel,saudavel,0.9139,agrosmart-v1,simulado,sim-2026-06
66e02efb-bdb8-5a22-9df1-2faf581029c6,BV-03_20260601_0022.jpg,2026-06-01 09:21:44,BV-03,smartphone,saudavel,saudavel,0.9496,agrosmart-v1,simulado,sim-2026-06
1750537f-0fd6-533f-89d3-4fccf5171584,TI-03_20260601_0017.jpg,2026-06-01 09:21:49,TI-03,drone,saudavel,saudavel,0.8635,agrosmart-v1,simulado,sim-2026-06
2d96b226-b009-51e4-906b-5cafacd12d16,TI-03_20260601_0018.jpg,2026-06-01 09:22:14,TI-03,drone,saudavel,saudavel,0.9276,agrosmart-v1,simulado,sim-2026-06
6a9a918c-63e7-5032-bc12-39a5f9a65966,BV-03_20260601_0023.jpg,2026-06-01 09:22:46,BV-03,smartphone,saudavel,saudavel,0.9995,agrosmart-v1,simulado,sim-2026-06
cdf46302-3a56-569c-97e1-3c91af7a4ab1,TI-03_20260601_0019.jpg,2026-06-01 09:23:00,TI-03,drone,saudavel,saudavel,0.9271,agrosmart-v1,simulado,sim-2026-06
9ca169bf-504b-5a03-bfb8-f845ce2c7520,BV-03_20260601_0024.jpg,2026-06-01 09:23:22,BV-03,smartphone,saudavel,saudavel,0.9875,agrosmart-v1,simulado,sim-2026-06
425cefde-bcc0-5d03-90a4-cff84d930ea5,TI-03_20260601_0020.jpg,2026-06-01 09:23:28,TI-03,drone,saudavel,saudavel,0.9575,agrosmart-v1,simulado,sim-2026-06
e7855077-8c2c-5855-935b-bc1a463a2bd4,BV-03_20260601_0025.jpg,2026-06-01 09:23:56,BV-03,smartphone,saudavel,saudavel,0.9371,agrosmart-v1,simulado,sim-2026-06
b6a92a3d-dc2a-5a7f-93f5-9c783120c24d,TI-03_20260601_0021.jpg,2026-06-01 09:24:05,TI-03,drone,saudavel,saudavel,0.9910,agrosmart-v1,simulado,sim-2026-06
b1c37544-e64c-50ea-a8b9-b8a028fe9786,BV-04_20260601_0001.jpg,2026-06-01 09:24:55,BV-04,smartphone,saudavel,saudavel,0.8588,agrosmart-v1,simulado,sim-2026-06
49b74cdf-e55d-54f7-bfdb-98f1794587f1,TI-03_20260601_0022.jpg,2026-06-01 09:24:55,TI-03,drone,saudavel,saudavel,0.8602,agrosmart-v1,simulado,sim-2026-06
28b5363c-b810-5c62-8cbc-1fedd4f776bd,TI-03_20260601_0023.jpg,2026-06-01 09:25:28,TI-03,drone,saudavel,saudavel,0.9593,agrosmart-v1,simulado,sim-2026-06
40ca7244-1a8f-588e-8fc7-b7737c00734c,BV-04_20260601_0002.jpg,2026-06-01 09:25:46,BV-04,smartphone,saudavel,saudavel,0.9990,agrosmart-v1,simulado,sim-2026-06
e21e4a3e-da42-554a-8059-8022afc0256a,TI-03_20260601_0024.jpg,2026-06-01 09:26:24,TI-03,drone,saudavel,saudavel,1.0000,agrosmart-v1,simulado,sim-2026-06
bbe4c0e9-1506-5f5f-95a8-ae1e958079e9,BV-04_20260601_0003.jpg,2026-06-01 09:26:25,BV-04,smartphone,saudavel,saudavel,0.9764,agrosmart-v1,simulado,sim-2026-06
923a282e-3c03-596c-9613-6240f688ebe1,BV-04_20260601_0004.jpg,2026-06-01 09:26:58,BV-04,smartphone,saudavel,saudavel,0.9596,agrosmart-v1,simulado,sim-2026-06
555f00f4-cc22-59ed-a023-b4a68c60eed8,TI-03_20260601_0025.jpg,2026-06-01 09:27:01,TI-03,drone,saudavel,saudavel,0.9962,agrosmart-v1,simulado,sim-2026-06
9019a935-be72-5519-8b8c-96b98899ca8a,BV-04_20260601_0005.jpg,2026-06-01 09:27:32,BV-04,smartphone,saudavel,saudavel,0.9976,agrosmart-v1,simulado,sim-2026-06
574e2de3-ffec-536f-b0b3-7d2b5f8210e3,TI-03_20260601_0026.jpg,2026-06-01 09:27:41,TI-03,drone,saudavel,saudavel,0.8443,agrosmart-v1,simulado,sim-2026-06
6dc845aa-f3ed-56a6-bbee-ee5c97546814,BV-04_20260601_0006.jpg,2026-06-01 09:28:06,BV-04,smartphone,doente,requeima,0.9471,agrosmart-v1,simulado,sim-2026-06
c37f52f1-b035-511d-9c4a-6ef3b9a23c39,TI-03_20260601_0027.jpg,2026-06-01 09:28:18,TI-03,drone,saudavel,saudavel,0.6628,agrosmart-v1,simulado,sim-2026-06
59cd6051-ecfc-5c29-8cb6-53137c073b11,TI-03_20260601_0028.jpg,2026-06-01 09:28:40,TI-03,drone,saudavel,saudavel,0.9787,agrosmart-v1,simulado,sim-2026-06
aac41322-8284-59c1-a701-63a468c19612,BV-04_20260601_0007.jpg,2026-06-01 09:28:55,BV-04,smartphone,saudavel,saudavel,0.6075,agrosmart-v1,simulado,sim-2026-06
01daa905-560a-50e1-b869-8b7a1ae2c2c2,BV-04_20260601_0008.jpg,2026-06-01 09:29:25,BV-04,smartphone,saudavel,saudavel,0.9825,agrosmart-v1,simulado,sim-2026-06
8dad8c7f-13de-531e-8a8c-7e273e62a603,TI-03_20260601_0029.jpg,2026-06-01 09:29:32,TI-03,drone,saudavel,saudavel,0.9805,agrosmart-v1,simulado,sim-2026-06
658a27e0-76ce-54f2-ba5c-d0ec9a0232e7,BV-04_20260601_0009.jpg,2026-06-01 09:30:04,BV-04,smartphone,saudavel,saudavel,0.9961,agrosmart-v1,simulado,sim-2026-06
de22e056-db8d-571b-aaa6-683a6eb83b11,TI-03_20260601_0030.jpg,2026-06-01 09:30:07,TI-03,drone,saudavel,saudavel,0.8706,agrosmart-v1,simulado,sim-2026-06
be4244ed-039f-5a43-9214-0b42cdeab8fb,TI-03_20260601_0031.jpg,2026-06-01 09:30:52,TI-03,drone,saudavel,saudavel,0.9759,agrosmart-v1,simulado,sim-2026-06
68d816d9-8a68-51ed-b7ee-725ae50c4a0f,BV-04_20260601_0010.jpg,2026-06-01 09:31:02,BV-04,smartphone,saudavel,saudavel,1.0000,agrosmart-v1,simulado,sim-2026-06
43e2e520-661f-5b47-a447-4503827d1315,BV-04_20260601_0011.jpg,2026-06-01 09:31:35,BV-04,smartphone,saudavel,saudavel,0.9758,agrosmart-v1,simulado,sim-2026-06
53b80210-e50d-544c-a5f5-82a1ffaa2430,TI-03_20260601_0032.jpg,2026-06-01 09:31:40,TI-03,drone,saudavel,saudavel,0.9204,agrosmart-v1,simulado,sim-2026-06
c8ce79e2-78af-5272-acc6-af2a1ff70f0e,BV-04_20260601_0012.jpg,2026-06-01 09:32:12,BV-04,smartphone,saudavel,saudavel,0.9553,agrosmart-v1,simulado,sim-2026-06
3ab74759-31ff-5255-aec4-b21888db3b06,BV-04_20260601_0013.jpg,2026-06-01 09:33:07,BV-04,smartphone,saudavel,saudavel,0.9994,agrosmart-v1,simulado,sim-2026-06
d29540db-fea7-5c89-ba0c-be09a72e3e33,BV-04_20260601_0014.jpg,2026-06-01 09:33:32,BV-04,smartphone,saudavel,saudavel,0.8624,agrosmart-v1,simulado,sim-2026-06
1d2c1bef-4b5a-5750-b96c-095ecd890925,BV-04_20260601_0015.jpg,2026-06-01 09:34:23,BV-04,smartphone,saudavel,saudavel,0.5464,agrosmart-v1,simulado,sim-2026-06
5ee14a2a-d7b1-5304-a512-efb87c2a0e13,BV-04_20260601_0016.jpg,2026-06-01 09:35:01,BV-04,smartphone,saudavel,saudavel,0.9640,agrosmart-v1,simulado,sim-2026-06
97c29f09-2a79-5b52-b78b-c25499db99e0,BV-04_20260601_0017.jpg,2026-06-01 09:35:46,BV-04,smartphone,saudavel,saudavel,0.8645,agrosmart-v1,simulado,sim-2026-06
97a24a49-a291-5665-b36d-b4a458b2d2a6,BV-04_20260601_0018.jpg,2026-06-01 09:36:15,BV-04,smartphone,saudavel,saudavel,0.8941,agrosmart-v1,simulado,sim-2026-06
43bf78db-b2ed-5542-8980-0392ecd88812,BV-04_20260601_0019.jpg,2026-06-01 09:36:57,BV-04,smartphone,saudavel,saudavel,0.8834,agrosmart-v1,simulado,sim-2026-06
ecfc194c-711a-5d87-aa1e-ffe0c761508b,BV-04_20260601_0020.jpg,2026-06-01 09:37:38,BV-04,smartphone,saudavel,saudavel,0.9536,agrosmart-v1,simulado,sim-2026-06
e97ce331-c4bc-53b5-a7b8-300889c28b8a,BV-04_20260601_0021.jpg,2026-06-01 09:38:28,BV-04,smartphone,saudavel,saudavel,0.9445,agrosmart-v1,simulado,sim-2026-06
436eb74b-100c-5f66-978e-c690098dc7bd,BV-04_20260601_0022.jpg,2026-06-01 09:39:02,BV-04,smartphone,saudavel,saudavel,0.9673,agrosmart-v1,simulado,sim-2026-06
55bb1178-f8c3-506d-acac-20d9ff406ed8,BV-04_20260601_0023.jpg,2026-06-01 09:39:47,BV-04,smartphone,saudavel,saudavel,0.9643,agrosmart-v1,simulado,sim-2026-06
abbb144a-8a15-57dc-a420-39cffcde7c36,BV-04_20260601_0024.jpg,2026-06-01 09:40:07,BV-04,smartphone,saudavel,saudavel,0.9576,agrosmart-v1,simulado,sim-2026-06
9c520391-d7a9-5b2d-b74b-fb64b2b22aec,BV-04_20260601_0025.jpg,2026-06-01 09:41:01,BV-04,smartphone,saudavel,saudavel,0.9550,agrosmart-v1,simulado,sim-2026-06
f910389e-c097-572c-a65c-40e530cefd0d,BV-04_20260601_0026.jpg,2026-06-01 09:41:40,BV-04,smartphone,saudavel,saudavel,0.9984,agrosmart-v1,simulado,sim-2026-06
ac2165d7-04bd-551d-afc1-bb58e97ee0e7,BV-04_20260601_0027.jpg,2026-06-01 09:42:03,BV-04,smartphone,saudavel,saudavel,0.9557,agrosmart-v1,simulado,sim-2026-06
bf3f4e24-e4c1-5277-afc1-cbd7881785f0,BV-04_20260601_0028.jpg,2026-06-01 09:42:55,BV-04,smartphone,saudavel,saudavel,0.9999,agrosmart-v1,simulado,sim-2026-06
49aaadc3-54fc-5537-9dbe-bb9ed1d0492e,SC-01_20260603_0001.jpg,2026-06-03 07:07:44,SC-01,smartphone,doente,requeima,0.9982,agrosmart-v1,simulado,sim-2026-06
2362da76-67cf-5c63-8927-6127ddccd7c7,SC-01_20260603_0002.jpg,2026-06-03 07:08:22,SC-01,smartphone,saudavel,saudavel,0.9894,agrosmart-v1,simulado,sim-2026-06
9b587b4b-98e4-5ad8-a36c-1d8c25522fef,SC-01_20260603_0003.jpg,2026-06-03 07:09:20,SC-01,smartphone,saudavel,saudavel,0.9915,agrosmart-v1,simulado,sim-2026-06
dedd6f70-233a-5692-9a3c-0440b5787f33,SC-01_20260603_0004.jpg,2026-06-03 07:10:04,SC-01,smartphone,saudavel,saudavel,0.6694,agrosmart-v1,simulado,sim-2026-06
3f59c249-829f-50a9-8009-5a0835c7b170,SC-01_20260603_0005.jpg,2026-06-03 07:10:35,SC-01,smartphone,saudavel,saudavel,0.9892,agrosmart-v1,simulado,sim-2026-06
429713c0-a27c-5a15-9003-c9910ce81541,SC-01_20260603_0006.jpg,2026-06-03 07:11:29,SC-01,smartphone,saudavel,saudavel,0.9937,agrosmart-v1,simulado,sim-2026-06
05a79e23-49e9-5423-9a06-df40ea2291ff,SC-01_20260603_0007.jpg,2026-06-03 07:11:45,SC-01,smartphone,saudavel,saudavel,0.9342,agrosmart-v1,simulado,sim-2026-06
3bf5e990-1d57-5a5a-a018-7ba683fa70fd,SC-01_20260603_0008.jpg,2026-06-03 07:12:50,SC-01,smartphone,saudavel,saudavel,0.9209,agrosmart-v1,simulado,sim-2026-06
f7d66d75-19fc-527b-ad26-348932b2a341,SC-01_20260603_0009.jpg,2026-06-03 07:13:20,SC-01,smartphone,saudavel,saudavel,0.8529,agrosmart-v1,simulado,sim-2026-06
e093bacc-8fc3-58d1-b4c7-846c51000c56,SC-01_20260603_0010.jpg,2026-06-03 07:13:40,SC-01,smartphone,saudavel,saudavel,0.5215,agrosmart-v1,simulado,sim-2026-06
e9f34f98-49b0-58cd-b15f-770dbbc8842a,BV-02_20260603_0001.jpg,2026-06-03 07:13:42,BV-02,smartphone,saudavel,saudavel,0.8536,agrosmart-v1,simulado,sim-2026-06
5da123d6-3df4-52f7-a0a6-7b5406ff13c9,BV-02_20260603_0002.jpg,2026-06-03 07:14:24,BV-02,smartphone,saudavel,saudavel,0.9830,agrosmart-v1,simulado,sim-2026-06
67cd1c38-114b-565b-82e9-084fdac7d183,SC-01_20260603_0011.jpg,2026-06-03 07:14:38,SC-01,smartphone,saudavel,saudavel,0.8983,agrosmart-v1,simulado,sim-2026-06
8a02f449-087b-5d36-9cfd-177276219d0d,SC-01_20260603_0012.jpg,2026-06-03 07:15:14,SC-01,smartphone,saudavel,saudavel,0.9789,agrosmart-v1,simulado,sim-2026-06
0a72efd6-e193-5890-bb1e-c03b0523a21a,BV-02_20260603_0003.jpg,2026-06-03 07:15:19,BV-02,smartphone,saudavel,saudavel,0.9387,agrosmart-v1,simulado,sim-2026-06
a1dcdead-699b-57f6-953b-9b5fd9ec144b,SC-01_20260603_0013.jpg,2026-06-03 07:15:46,SC-01,smartphone,saudavel,saudavel,0.9945,agrosmart-v1,simulado,sim-2026-06
6eca3fa2-9a51-591d-8133-c2500f1fdaf8,BV-02_20260603_0004.jpg,2026-06-03 07:15:55,BV-02,smartphone,saudavel,saudavel,0.9945,agrosmart-v1,simulado,sim-2026-06
d5f9a9ba-a8c3-5b71-8301-140ff9ebac3c,SC-01_20260603_0014.jpg,2026-06-03 07:16:29,SC-01,smartphone,saudavel,saudavel,0.9881,agrosmart-v1,simulado,sim-2026-06
4bd96733-f74d-53d4-b8e8-f57e4cf0b381,BV-02_20260603_0005.jpg,2026-06-03 07:16:45,BV-02,smartphone,saudavel,saudavel,0.8539,agrosmart-v1,simulado,sim-2026-06
652fefb9-103c-5777-98a3-6919afcafef7,BV-02_20260603_0006.jpg,2026-06-03 07:17:13,BV-02,smartphone,saudavel,saudavel,0.8509,agrosmart-v1,simulado,sim-2026-06
42e4fecd-572a-573e-b0d9-8f0b64792dfa,SC-01_20260603_0015.jpg,2026-06-03 07:17:27,SC-01,smartphone,saudavel,saudavel,0.8910,agrosmart-v1,simulado,sim-2026-06
deaa1ebe-39f9-5d07-969b-dae6553c6fef,BV-02_20260603_0007.jpg,2026-06-03 07:17:57,BV-02,smartphone,saudavel,saudavel,0.9603,agrosmart-v1,simulado,sim-2026-06
2faf945c-6244-5dbb-9ca6-3c4a567a924a,SC-01_20260603_0016.jpg,2026-06-03 07:18:09,SC-01,smartphone,saudavel,saudavel,0.9854,agrosmart-v1,simulado,sim-2026-06
81aacb42-4b0c-556c-970c-c58e956f229d,SC-01_20260603_0017.jpg,2026-06-03 07:18:33,SC-01,smartphone,saudavel,saudavel,0.9977,agrosmart-v1,simulado,sim-2026-06
c329f982-77ac-529d-8e1f-c7612e8790f8,BV-04_20260603_0001.jpg,2026-06-03 07:18:41,BV-04,smartphone,saudavel,saudavel,0.9431,agrosmart-v1,simulado,sim-2026-06
678adac4-8539-58c4-91c7-3ac969f5195d,BV-02_20260603_0008.jpg,2026-06-03 07:18:42,BV-02,smartphone,saudavel,saudavel,0.9888,agrosmart-v1,simulado,sim-2026-06
8d0997a5-f97f-5413-acfa-029da8269296,SC-01_20260603_0018.jpg,2026-06-03 07:19:01,SC-01,smartphone,saudavel,saudavel,0.9143,agrosmart-v1,simulado,sim-2026-06
f0bc81e0-7098-5107-8046-50e90d357edc,BV-02_20260603_0009.jpg,2026-06-03 07:19:30,BV-02,smartphone,saudavel,saudavel,0.9644,agrosmart-v1,simulado,sim-2026-06
dc7eba55-e9d3-5199-b17b-99137b381ef7,BV-04_20260603_0002.jpg,2026-06-03 07:19:43,BV-04,smartphone,saudavel,saudavel,0.9898,agrosmart-v1,simulado,sim-2026-06
4d32ea3d-8c93-5c13-acbe-da228ba6658c,BV-02_20260603_0010.jpg,2026-06-03 07:19:44,BV-02,smartphone,saudavel,saudavel,0.9598,agrosmart-v1,simulado,sim-2026-06
ee5d994d-db16-57f7-a0be-1aeb2f076d16,SC-01_20260603_0019.jpg,2026-06-03 07:19:44,SC-01,smartphone,saudavel,saudavel,0.9489,agrosmart-v1,simulado,sim-2026-06
524c09ac-5798-5f70-856d-d47f1d2efee1,BV-04_20260603_0003.jpg,2026-06-03 07:20:18,BV-04,smartphone,saudavel,saudavel,1.0000,agrosmart-v1,simulado,sim-2026-06
c108269d-4033-55ce-ba6f-686d95ce665c,SC-01_20260603_0020.jpg,2026-06-03 07:20:21,SC-01,smartphone,saudavel,saudavel,0.9995,agrosmart-v1,simulado,sim-2026-06
5754f1eb-6b06-5f9b-8230-7312b985ab13,BV-02_20260603_0011.jpg,2026-06-03 07:20:44,BV-02,smartphone,saudavel,saudavel,0.7058,agrosmart-v1,simulado,sim-2026-06
e2bb70df-8c3f-5472-a9d2-7bf178b1e29c,BV-04_20260603_0004.jpg,2026-06-03 07:21:00,BV-04,smartphone,saudavel,saudavel,0.8977,agrosmart-v1,simulado,sim-2026-06
dafc75a6-e619-524d-9599-3408073b2a1d,SC-01_20260603_0021.jpg,2026-06-03 07:21:21,SC-01,smartphone,saudavel,saudavel,0.9069,agrosmart-v1,simulado,sim-2026-06
ca4b401e-7c1f-5b12-b48d-8c4b72ac3497,BV-02_20260603_0012.jpg,2026-06-03 07:21:29,BV-02,smartphone,saudavel,saudavel,0.9411,agrosmart-v1,simulado,sim-2026-06
b5d283a4-fa84-5fdc-a659-842757649f21,BV-04_20260603_0005.jpg,2026-06-03 07:21:36,BV-04,smartphone,saudavel,saudavel,0.8511,agrosmart-v1,simulado,sim-2026-06
318121d4-7459-58bb-bb68-3cf0e37c4ded,BV-02_20260603_0013.jpg,2026-06-03 07:21:40,BV-02,smartphone,saudavel,saudavel,0.8387,agrosmart-v1,simulado,sim-2026-06
5e8dc6db-6a0b-5093-8e08-05f3189b5ade,SC-01_20260603_0022.jpg,2026-06-03 07:22:07,SC-01,smartphone,doente,requeima,0.9048,agrosmart-v1,simulado,sim-2026-06
78ada725-3c7a-5ad1-90ac-089229682f1a,BV-04_20260603_0006.jpg,2026-06-03 07:22:30,BV-04,smartphone,saudavel,saudavel,0.8514,agrosmart-v1,simulado,sim-2026-06
1de67939-8f3a-592b-b712-991b72a2e7ee,SC-01_20260603_0023.jpg,2026-06-03 07:22:42,SC-01,smartphone,saudavel,saudavel,0.9977,agrosmart-v1,simulado,sim-2026-06
102f59c5-5946-5c3f-9ef6-524eb98615eb,BV-02_20260603_0014.jpg,2026-06-03 07:22:48,BV-02,smartphone,saudavel,saudavel,0.9987,agrosmart-v1,simulado,sim-2026-06
81f38508-7a1b-5de4-8e97-cbf357d6ece6,BV-02_20260603_0015.jpg,2026-06-03 07:23:05,BV-02,smartphone,saudavel,saudavel,0.9838,agrosmart-v1,simulado,sim-2026-06
18b16cb3-07ab-5c97-b9ef-b9ae7f2e440d,BV-04_20260603_0007.jpg,2026-06-03 07:23:05,BV-04,smartphone,saudavel,saudavel,0.9668,agrosmart-v1,simulado,sim-2026-06
75850709-11fa-5237-aa0b-d59237cd5b63,SC-01_20260603_0024.jpg,2026-06-03 07:23:05,SC-01,smartphone,saudavel,saudavel,0.9201,agrosmart-v1,simulado,sim-2026-06
6dc5c9bc-d039-5477-8270-4ffdea1747a9,BV-04_20260603_0008.jpg,2026-06-03 07:23:39,BV-04,smartphone,saudavel,saudavel,0.9988,agrosmart-v1,simulado,sim-2026-06
4e56f8da-e4ed-5e01-b42e-fdd56be3d96d,BV-02_20260603_0016.jpg,2026-06-03 07:23:44,BV-02,smartphone,saudavel,saudavel,0.8426,agrosmart-v1,simulado,sim-2026-06
e241c687-33f6-58d7-be4c-d7fcf3eb1aa5,SC-01_20260603_0025.jpg,2026-06-03 07:23:51,SC-01,smartphone,doente,pinta_preta,0.8636,agrosmart-v1,simulado,sim-2026-06
8387c221-2051-5b41-97ec-dc25d1d4c37a,BV-04_20260603_0009.jpg,2026-06-03 07:24:00,BV-04,smartphone,saudavel,saudavel,0.9608,agrosmart-v1,simulado,sim-2026-06
0d19a6bd-a0dc-5a35-a8a6-0b1941e76d26,BV-02_20260603_0017.jpg,2026-06-03 07:24:26,BV-02,smartphone,saudavel,saudavel,0.9815,agrosmart-v1,simulado,sim-2026-06
7b90d4cd-96ac-5204-9c92-19436c7ccbe1,SC-01_20260603_0026.jpg,2026-06-03 07:24:28,SC-01,smartphone,saudavel,saudavel,0.9463,agrosmart-v1,simulado,sim-2026-06
844a3bd3-c92f-5a19-a1a5-3e5c17ff8a3e,BV-04_20260603_0010.jpg,2026-06-03 07:24:54,BV-04,smartphone,saudavel,saudavel,0.8671,agrosmart-v1,simulado,sim-2026-06
b6d9031d-5c2e-58bd-86d7-6e2964c95065,SC-01_20260603_0027.jpg,2026-06-03 07:25:23,SC-01,smartphone,saudavel,saudavel,0.9937,agrosmart-v1,simulado,sim-2026-06
ddd7c21e-5e11-5596-a8f9-86cf787cd7af,BV-02_20260603_0018.jpg,2026-06-03 07:25:30,BV-02,smartphone,saudavel,saudavel,0.9774,agrosmart-v1,simulado,sim-2026-06
3474fd68-5299-5302-9e19-2cea3b7c0306,SC-01_20260603_0028.jpg,2026-06-03 07:25:45,SC-01,smartphone,saudavel,saudavel,0.9226,agrosmart-v1,simulado,sim-2026-06
b342574b-c0d4-5c97-9bf9-4334134a1e8d,BV-04_20260603_0011.jpg,2026-06-03 07:25:50,BV-04,smartphone,saudavel,saudavel,0.9939,agrosmart-v1,simulado,sim-2026-06
a8b14a0a-c9e1-5920-a514-da4f21bf0a43,BV-02_20260603_0019.jpg,2026-06-03 07:25:55,BV-02,smartphone,saudavel,saudavel,0.7606,agrosmart-v1,simulado,sim-2026-06
2d254d9c-7f22-5c5b-ad09-ff8c03e497a4,BV-04_20260603_0012.jpg,2026-06-03 07:26:14,BV-04,smartphone,saudavel,saudavel,0.9389,agrosmart-v1,simulado,sim-2026-06
b2e710a2-f15d-5097-89be-81585cc4aba6,BV-02_20260603_0020.jpg,2026-06-03 07:26:25,BV-02,smartphone,saudavel,saudavel,0.9885,agrosmart-v1,simulado,sim-2026-06
e7193bed-5e2d-5552-9d9f-56e7a5f2323d,SC-01_20260603_0029.jpg,2026-06-03 07:26:25,SC-01,smartphone,saudavel,saudavel,0.9978,agrosmart-v1,simulado,sim-2026-06
937b2020-bdf4-514c-9595-73c89a462097,BV-04_20260603_0013.jpg,2026-06-03 07:26:44,BV-04,smartphone,saudavel,saudavel,0.9989,agrosmart-v1,simulado,sim-2026-06
f0a32091-0f85-5036-b393-776b9d35ea8a,BV-02_20260603_0021.jpg,2026-06-03 07:27:16,BV-02,smartphone,saudavel,saudavel,0.9999,agrosmart-v1,simulado,sim-2026-06
e99c7a89-ed5c-51ab-9e95-c56cc30ac7d3,SC-01_20260603_0030.jpg,2026-06-03 07:27:18,SC-01,smartphone,saudavel,saudavel,0.9848,agrosmart-v1,simulado,sim-2026-06
93706d6f-7a26-539a-9580-b36cd19a34f8,BV-04_20260603_0014.jpg,2026-06-03 07:27:27,BV-04,smartphone,saudavel,saudavel,0.9943,agrosmart-v1,simulado,sim-2026-06
5571c067-f18a-51c4-b857-6f6150eba65f,BV-02_20260603_0022.jpg,2026-06-03 07:27:45,BV-02,smartphone,saudavel,saudavel,0.9897,agrosmart-v1,simulado,sim-2026-06
7206bd3b-a150-5f7f-bb42-3238571110a4,SC-01_20260603_0031.jpg,2026-06-03 07:28:08,SC-01,smartphone,saudavel,saudavel,0.9950,agrosmart-v1,simulado,sim-2026-06
f9b4e6eb-31da-5f0c-afaf-e169cad77632,BV-04_20260603_0015.jpg,2026-06-03 07:28:30,BV-04,smartphone,saudavel,saudavel,0.8872,agrosmart-v1,simulado,sim-2026-06
1c253597-2ca1-5a65-86e1-ed12344bdb7b,BV-02_20260603_0023.jpg,2026-06-03 07:28:34,BV-02,smartphone,saudavel,saudavel,0.9795,agrosmart-v1,simulado,sim-2026-06
e421ad86-dbdd-57b1-b970-335a743933bc,SC-01_20260603_0032.jpg,2026-06-03 07:28:41,SC-01,smartphone,saudavel,saudavel,0.7223,agrosmart-v1,simulado,sim-2026-06
62ebd122-8756-5846-9a28-50596d339425,BV-04_20260603_0016.jpg,2026-06-03 07:28:54,BV-04,smartphone,saudavel,saudavel,0.8463,agrosmart-v1,simulado,sim-2026-06
d48a6e1b-9b0e-58b8-b782-bf15a78ab3a9,BV-02_20260603_0024.jpg,2026-06-03 07:29:24,BV-02,smartphone,saudavel,saudavel,0.9217,agrosmart-v1,simulado,sim-2026-06
b112441d-a220-54c9-9098-ed0f8e58e434,BV-02_20260603_0025.jpg,2026-06-03 07:29:41,BV-02,smartphone,saudavel,saudavel,0.8277,agrosmart-v1,simulado,sim-2026-06
e2d1191d-c189-5c5f-b511-d8e1f08f51c1,BV-04_20260603_0017.jpg,2026-06-03 07:29:45,BV-04,smartphone,saudavel,saudavel,0.9947,agrosmart-v1,simulado,sim-2026-06
23995f9a-8d29-5765-9ceb-a84152682f7c,BV-04_20260603_0018.jpg,2026-06-03 07:30:09,BV-04,smartphone,saudavel,saudavel,0.9832,agrosmart-v1,simulado,sim-2026-06
1bf7aa05-fe76-5a34-a292-7834f235e20f,BV-02_20260603_0026.jpg,2026-06-03 07:30:43,BV-02,smartphone,saudavel,saudavel,0.9835,agrosmart-v1,simulado,sim-2026-06
ce588976-474a-56ed-930a-4be182e4e429,BV-04_20260603_0019.jpg,2026-06-03 07:30:50,BV-04,smartphone,saudavel,saudavel,0.9302,agrosmart-v1,simulado,sim-2026-06
f49bde1a-0dbd-5bed-88e6-98d163b2a2c5,BV-02_20260603_0027.jpg,2026-06-03 07:31:15,BV-02,smartphone,saudavel,saudavel,0.9998,agrosmart-v1,simulado,sim-2026-06
13dbfd93-27f0-5314-9b51-8ad8792f5194,BV-04_20260603_0020.jpg,2026-06-03 07:31:35,BV-04,smartphone,saudavel,saudavel,0.8291,agrosmart-v1,simulado,sim-2026-06
4f6b75ff-528f-5815-876c-9d875247bb64,BV-02_20260603_0028.jpg,2026-06-03 07:32:02,BV-02,smartphone,saudavel,saudavel,0.9758,agrosmart-v1,simulado,sim-2026-06
17dcbbde-8cea-5f6f-ac20-131e8b1c2311,BV-04_20260603_0021.jpg,2026-06-03 07:32:15,BV-04,smartphone,saudavel,saudavel,0.8529,agrosmart-v1,simulado,sim-2026-06
858bf194-3614-5cec-b445-4fed0afcf920,BV-02_20260603_0029.jpg,2026-06-03 07:32:45,BV-02,smartphone,saudavel,saudavel,0.9100,agrosmart-v1,simulado,sim-2026-06
e7c4aadd-79fc-5599-8dfb-caa460e5d3a6,BV-04_20260603_0022.jpg,2026-06-03 07:33:07,BV-04,smartphone,saudavel,saudavel,0.8560,agrosmart-v1,simulado,sim-2026-06
a7694f11-ac2c-5dd1-83ae-8a3bd26a19bf,BV-02_20260603_0030.jpg,2026-06-03 07:33:11,BV-02,smartphone,saudavel,saudavel,0.9451,agrosmart-v1,simulado,sim-2026-06
f349abf4-1c86-576e-839e-429d26cbbdf1,BV-04_20260603_0023.jpg,2026-06-03 07:33:40,BV-04,smartphone,saudavel,saudavel,0.9956,agrosmart-v1,simulado,sim-2026-06
86b9ba70-91e5-53f9-84ea-785e0e382a7f,BV-02_20260603_0031.jpg,2026-06-03 07:33:48,BV-02,smartphone,saudavel,saudavel,0.9636,agrosmart-v1,simulado,sim-2026-06
addce805-43f7-5839-a7ab-5a899ad368e7,TI-01_20260603_0001.jpg,2026-06-03 07:33:58,TI-01,drone,saudavel,saudavel,0.9060,agrosmart-v1,simulado,sim-2026-06
1755f81a-9af9-531f-8219-4e98509e178f,BV-04_20260603_0024.jpg,2026-06-03 07:34:01,BV-04,smartphone,saudavel,saudavel,0.9908,agrosmart-v1,simulado,sim-2026-06
910817e3-8186-556c-b5d7-c5fe5c79bca2,BV-02_20260603_0032.jpg,2026-06-03 07:34:45,BV-02,smartphone,saudavel,saudavel,0.9817,agrosmart-v1,simulado,sim-2026-06
4ea67ab4-aaf0-55ff-8166-c2883925f3a2,TI-01_20260603_0002.jpg,2026-06-03 07:34:45,TI-01,drone,saudavel,saudavel,0.9979,agrosmart-v1,simulado,sim-2026-06
c2b016be-4319-5910-8878-13cab58a85b3,BV-04_20260603_0025.jpg,2026-06-03 07:35:00,BV-04,smartphone,saudavel,saudavel,0.6001,agrosmart-v1,simulado,sim-2026-06
4e446e0d-1609-5835-acea-a5d60ef4c492,TI-01_20260603_0003.jpg,2026-06-03 07:35:13,TI-01,drone,saudavel,saudavel,0.9651,agrosmart-v1,simulado,sim-2026-06
0a35cff4-b135-5f4a-9890-50d38761490d,BV-04_20260603_0026.jpg,2026-06-03 07:35:38,BV-04,smartphone,saudavel,saudavel,0.8338,agrosmart-v1,simulado,sim-2026-06
be3e3c1f-a8bc-5b3a-b43d-fd3e75419e21,TI-01_20260603_0004.jpg,2026-06-03 07:35:49,TI-01,drone,saudavel,saudavel,0.9218,agrosmart-v1,simulado,sim-2026-06
ae44fa72-8bf7-5949-bdd3-6b1f4c798f2b,BV-04_20260603_0027.jpg,2026-06-03 07:36:23,BV-04,smartphone,saudavel,saudavel,0.9852,agrosmart-v1,simulado,sim-2026-06
87dff942-c92a-5f81-87d4-5dd4a3728883,TI-01_20260603_0005.jpg,2026-06-03 07:36:41,TI-01,drone,saudavel,saudavel,0.9106,agrosmart-v1,simulado,sim-2026-06
c7a9870f-d5bf-5a05-9b91-6387a9c76066,BV-04_20260603_0028.jpg,2026-06-03 07:36:53,BV-04,smartphone,saudavel,saudavel,0.9580,agrosmart-v1,simulado,sim-2026-06
2dbe9e02-fac8-5227-a146-2aa7089c9512,TI-01_20260603_0006.jpg,2026-06-03 07:37:20,TI-01,drone,saudavel,saudavel,1.0000,agrosmart-v1,simulado,sim-2026-06
967d5d3a-9047-5e14-b2d1-6d064707d140,TI-01_20260603_0007.jpg,2026-06-03 07:38:00,TI-01,drone,doente,pinta_preta,0.8423,agrosmart-v1,simulado,sim-2026-06
3eb23023-484b-5fe0-a5df-570e25637945,TI-01_20260603_0008.jpg,2026-06-03 07:38:45,TI-01,drone,saudavel,saudavel,0.9246,agrosmart-v1,simulado,sim-2026-06
ce772afe-b991-5c4c-88b8-3b0fd46a648a,TI-01_20260603_0009.jpg,2026-06-03 07:39:18,TI-01,drone,saudavel,saudavel,0.8999,agrosmart-v1,simulado,sim-2026-06
049a15c9-e8d8-509a-b01e-59830466134d,TI-01_20260603_0010.jpg,2026-06-03 07:39:58,TI-01,drone,saudavel,saudavel,0.9646,agrosmart-v1,simulado,sim-2026-06
27795d64-b11e-5d3d-b3f1-3ec2c5ca047e,TI-01_20260603_0011.jpg,2026-06-03 07:40:28,TI-01,drone,saudavel,saudavel,0.8505,agrosmart-v1,simulado,sim-2026-06
3745c3e6-68cd-5a54-96ef-13cea150cfc5,TI-01_20260603_0012.jpg,2026-06-03 07:41:08,TI-01,drone,saudavel,saudavel,0.9736,agrosmart-v1,simulado,sim-2026-06
f5363a86-02e5-513a-b6e4-75a50638a1f6,TI-01_20260603_0013.jpg,2026-06-03 07:42:08,TI-01,drone,saudavel,saudavel,0.7024,agrosmart-v1,simulado,sim-2026-06
ef18685a-3843-51b5-ad99-c68cfc70b3a4,TI-01_20260603_0014.jpg,2026-06-03 07:42:25,TI-01,drone,saudavel,saudavel,0.8956,agrosmart-v1,simulado,sim-2026-06
4b337d54-23b7-5598-b763-7c63d0ad05ee,TI-01_20260603_0015.jpg,2026-06-03 07:43:01,TI-01,drone,saudavel,saudavel,0.9269,agrosmart-v1,simulado,sim-2026-06
83e5fe9e-6e35-5e02-ad9a-b0f8358f6657,TI-01_20260603_0016.jpg,2026-06-03 07:43:56,TI-01,drone,saudavel,saudavel,0.8830,agrosmart-v1,simulado,sim-2026-06
b226da6f-df8c-5d73-972f-286018225478,TI-01_20260603_0017.jpg,2026-06-03 07:44:40,TI-01,drone,saudavel,saudavel,0.9625,agrosmart-v1,simulado,sim-2026-06
d4ef5e8a-9995-585e-a680-82c0ce03afb7,TI-01_20260603_0018.jpg,2026-06-03 07:45:09,TI-01,drone,saudavel,saudavel,0.9819,agrosmart-v1,simulado,sim-2026-06
3cddb9af-bb5a-5786-adcd-0b052b77bfec,TI-01_20260603_0019.jpg,2026-06-03 07:45:52,TI-01,drone,saudavel,saudavel,0.9709,agrosmart-v1,simulado,sim-2026-06
f4363a0d-f893-54d3-90bd-efdb55da628e,TI-01_20260603_0020.jpg,2026-06-03 07:46:50,TI-01,drone,saudavel,saudavel,0.6428,agrosmart-v1,simulado,sim-2026-06
c2ef0bfa-7d67-5971-96ba-e4eb6a4912f6,TI-01_20260603_0021.jpg,2026-06-03 07:47:22,TI-01,drone,saudavel,saudavel,0.9629,agrosmart-v1,simulado,sim-2026-06
16bdb2c4-0286-5681-a93d-69cb62983aae,TI-01_20260603_0022.jpg,2026-06-03 07:48:10,TI-01,drone,saudavel,saudavel,0.8810,agrosmart-v1,simulado,sim-2026-06
48e8c68b-7200-5a62-83de-1380431889d1,TI-01_20260603_0023.jpg,2026-06-03 07:48:20,TI-01,drone,saudavel,saudavel,0.9561,agrosmart-v1,simulado,sim-2026-06
3ca891bc-723f-52cd-841c-361630ff30eb,TI-01_20260603_0024.jpg,2026-06-03 07:49:27,TI-01,drone,saudavel,saudavel,0.9529,agrosmart-v1,simulado,sim-2026-06
b8a78029-9511-5faa-89cd-4789b58025ee,TI-01_20260603_0025.jpg,2026-06-03 07:49:40,TI-01,drone,saudavel,saudavel,0.9992,agrosmart-v1,simulado,sim-2026-06
f8d13685-45e6-5084-b83c-2e60cd916e6d,TI-01_20260603_0026.jpg,2026-06-03 07:50:41,TI-01,drone,saudavel,saudavel,0.8832,agrosmart-v1,simulado,sim-2026-06
ebe0dc45-dc81-5722-8a75-f55a94280d1f,TI-01_20260603_0027.jpg,2026-06-03 07:51:30,TI-01,drone,saudavel,saudavel,0.9972,agrosmart-v1,simulado,sim-2026-06
be6993ee-4fa1-53ba-966c-e4748d7f383c,TI-01_20260603_0028.jpg,2026-06-03 07:51:53,TI-01,drone,saudavel,saudavel,0.8227,agrosmart-v1,simulado,sim-2026-06
c6eca707-79dd-5523-9c93-1e73ecfd7a54,TI-01_20260603_0029.jpg,2026-06-03 07:52:33,TI-01,drone,saudavel,saudavel,0.8680,agrosmart-v1,simulado,sim-2026-06
158ed19e-c2d0-51c3-890e-23bef619e98c,TI-01_20260603_0030.jpg,2026-06-03 07:53:07,TI-01,drone,saudavel,saudavel,0.8553,agrosmart-v1,simulado,sim-2026-06
c58f3574-4164-53a1-a2f3-a97e6a899e07,TI-01_20260603_0031.jpg,2026-06-03 07:54:03,TI-01,drone,saudavel,saudavel,0.9624,agrosmart-v1,simulado,sim-2026-06
a22df3da-30d2-5e5c-a059-6b7ff9d8c5d9,TI-01_20260603_0032.jpg,2026-06-03 07:54:37,TI-01,drone,saudavel,saudavel,0.9451,agrosmart-v1,simulado,sim-2026-06
d5126bca-d538-55cd-8141-0aafb7be9f0b,TI-01_20260603_0033.jpg,2026-06-03 07:55:16,TI-01,drone,saudavel,saudavel,0.9882,agrosmart-v1,simulado,sim-2026-06
83285514-8599-541e-9f27-c0c5d600a0df,TI-01_20260603_0034.jpg,2026-06-03 07:55:49,TI-01,drone,saudavel,saudavel,0.9740,agrosmart-v1,simulado,sim-2026-06
5c198768-4b4d-5997-b0a2-2b38fb72bff3,TI-01_20260603_0035.jpg,2026-06-03 07:56:41,TI-01,drone,saudavel,saudavel,0.9998,agrosmart-v1,simulado,sim-2026-06
b2401b35-e2e7-5a1d-a78f-1d17368f090b,TI-01_20260603_0036.jpg,2026-06-03 07:57:24,TI-01,drone,saudavel,saudavel,0.8896,agrosmart-v1,simulado,sim-2026-06
51bd912f-cec7-5dad-8e9e-529331e0fd6a,TI-01_20260603_0037.jpg,2026-06-03 07:57:53,TI-01,drone,saudavel,saudavel,0.9674,agrosmart-v1,simulado,sim-2026-06
caddeae0-3298-5e1f-ad0c-e8c5f39b9998,TI-01_20260603_0038.jpg,2026-06-03 07:58:22,TI-01,drone,saudavel,saudavel,0.9702,agrosmart-v1,simulado,sim-2026-06
272aa08d-8b6d-5bb8-a241-c051bbd9c367,TI-01_20260603_0039.jpg,2026-06-03 07:59:02,TI-01,drone,saudavel,saudavel,0.9876,agrosmart-v1,simulado,sim-2026-06
340d1ef0-fc53-5865-8296-706d9ee0858d,TI-01_20260603_0040.jpg,2026-06-03 07:59:48,TI-01,drone,saudavel,saudavel,0.9184,agrosmart-v1,simulado,sim-2026-06
b4f83e81-b275-50e8-ba9a-fe4db059c15d,TI-01_20260603_0041.jpg,2026-06-03 08:00:24,TI-01,drone,saudavel,saudavel,0.8514,agrosmart-v1,simulado,sim-2026-06
6485e3a0-bacd-5dd8-90da-15c389706619,SC-02_20260603_0001.jpg,2026-06-03 08:07:02,SC-02,smartphone,saudavel,saudavel,0.9944,agrosmart-v1,simulado,sim-2026-06
4eec2d2f-cb90-51ec-83a7-63cd2345542a,SC-02_20260603_0002.jpg,2026-06-03 08:07:36,SC-02,smartphone,saudavel,saudavel,0.8990,agrosmart-v1,simulado,sim-2026-06
6f0e907c-c0dd-55af-8d61-98b382dbb53e,SC-02_20260603_0003.jpg,2026-06-03 08:08:10,SC-02,smartphone,saudavel,saudavel,0.9989,agrosmart-v1,simulado,sim-2026-06
515e0837-6935-5085-9c03-6749e0bf3141,SC-02_20260603_0004.jpg,2026-06-03 08:08:52,SC-02,smartphone,saudavel,saudavel,0.8816,agrosmart-v1,simulado,sim-2026-06
d572019d-c1f7-5f11-bac6-cb48493cbe1b,SC-02_20260603_0005.jpg,2026-06-03 08:09:44,SC-02,smartphone,saudavel,saudavel,0.9981,agrosmart-v1,simulado,sim-2026-06
83185170-b8dd-5665-b240-e21c8c55f664,SC-02_20260603_0006.jpg,2026-06-03 08:10:19,SC-02,smartphone,saudavel,saudavel,0.8785,agrosmart-v1,simulado,sim-2026-06
28d39cbf-59a2-5386-be38-4938e4f30608,SC-02_20260603_0007.jpg,2026-06-03 08:10:55,SC-02,smartphone,saudavel,saudavel,0.9957,agrosmart-v1,simulado,sim-2026-06
3c4d6ed0-4561-5981-9e9c-35fc0971c54a,SC-02_20260603_0008.jpg,2026-06-03 08:11:28,SC-02,smartphone,saudavel,saudavel,0.8352,agrosmart-v1,simulado,sim-2026-06
b83b837e-7ada-5614-9876-befb2b73ad97,SC-02_20260603_0009.jpg,2026-06-03 08:12:23,SC-02,smartphone,saudavel,saudavel,0.8333,agrosmart-v1,simulado,sim-2026-06
fd035c78-2f09-55e1-a7a3-c7bc877a5d1d,SC-02_20260603_0010.jpg,2026-06-03 08:13:00,SC-02,smartphone,doente,requeima,0.9729,agrosmart-v1,simulado,sim-2026-06
b0ee02d5-3da0-56a2-bbd6-28a440cff6bd,SC-02_20260603_0011.jpg,2026-06-03 08:13:28,SC-02,smartphone,saudavel,saudavel,0.9859,agrosmart-v1,simulado,sim-2026-06
20a1bd5a-0b85-543e-8d1f-2c7c13851713,SC-02_20260603_0012.jpg,2026-06-03 08:14:05,SC-02,smartphone,saudavel,saudavel,0.8319,agrosmart-v1,simulado,sim-2026-06
01ad09fa-087f-5cee-8003-d0b5319ed6f8,SC-02_20260603_0013.jpg,2026-06-03 08:15:10,SC-02,smartphone,saudavel,saudavel,0.9055,agrosmart-v1,simulado,sim-2026-06
ebd759a4-c70d-54c9-9c57-54030f66f465,SC-02_20260603_0014.jpg,2026-06-03 08:15:22,SC-02,smartphone,saudavel,saudavel,0.9267,agrosmart-v1,simulado,sim-2026-06
1769532e-825a-5e55-8a20-57187e4ea965,SC-02_20260603_0015.jpg,2026-06-03 08:16:17,SC-02,smartphone,saudavel,saudavel,0.9558,agrosmart-v1,simulado,sim-2026-06
aa2f3180-b98b-5eb1-862d-8fe63a28741c,SC-02_20260603_0016.jpg,2026-06-03 08:16:50,SC-02,smartphone,saudavel,saudavel,0.9767,agrosmart-v1,simulado,sim-2026-06
0ee564d5-7b2f-5ce1-b5cb-79fbaa3b949b,SC-02_20260603_0017.jpg,2026-06-03 08:17:22,SC-02,smartphone,saudavel,saudavel,0.9263,agrosmart-v1,simulado,sim-2026-06
ad19ec7d-82e5-524f-8b6b-0775f75e0956,SC-02_20260603_0018.jpg,2026-06-03 08:18:30,SC-02,smartphone,saudavel,saudavel,0.8630,agrosmart-v1,simulado,sim-2026-06
64513fe5-d77c-5ac6-821d-bfb77ee774d0,SC-02_20260603_0019.jpg,2026-06-03 08:19:00,SC-02,smartphone,saudavel,saudavel,0.9738,agrosmart-v1,simulado,sim-2026-06
0f5be9b4-71c1-512e-bf94-1d412c4baa28,SC-02_20260603_0020.jpg,2026-06-03 08:19:21,SC-02,smartphone,saudavel,saudavel,0.9002,agrosmart-v1,simulado,sim-2026-06
b17bb691-903b-59e8-aaa3-59a7dceac81f,SC-02_20260603_0021.jpg,2026-06-03 08:20:17,SC-02,smartphone,saudavel,saudavel,0.9728,agrosmart-v1,simulado,sim-2026-06
bfa29076-0f0e-50f6-889a-ea441b185588,SC-02_20260603_0022.jpg,2026-06-03 08:21:04,SC-02,smartphone,saudavel,saudavel,0.9061,agrosmart-v1,simulado,sim-2026-06
1b26ffb6-e98d-595b-8f61-93ffffea582e,SC-02_20260603_0023.jpg,2026-06-03 08:21:29,SC-02,smartphone,saudavel,saudavel,0.9957,agrosmart-v1,simulado,sim-2026-06
34fde835-d578-56ab-9f2a-b98f4692e5cf,SC-02_20260603_0024.jpg,2026-06-03 08:22:01,SC-02,smartphone,saudavel,saudavel,0.8451,agrosmart-v1,simulado,sim-2026-06
225f5f78-0404-5e7f-8619-37c6ed132d3e,SC-03_20260603_0001.jpg,2026-06-03 08:22:56,SC-03,smartphone,saudavel,saudavel,0.9010,agrosmart-v1,simulado,sim-2026-06
48a7ec62-b527-51ca-985b-dd2990616207,SC-02_20260603_0025.jpg,2026-06-03 08:23:05,SC-02,smartphone,saudavel,saudavel,0.9899,agrosmart-v1,simulado,sim-2026-06
9cbf195e-30a0-5d02-8470-bc9ee8e2bc86,SC-03_20260603_0002.jpg,2026-06-03 08:23:33,SC-03,smartphone,saudavel,saudavel,0.8576,agrosmart-v1,simulado,sim-2026-06
b1056397-6030-5b4f-892c-562784409104,SC-02_20260603_0026.jpg,2026-06-03 08:23:48,SC-02,smartphone,saudavel,saudavel,0.9976,agrosmart-v1,simulado,sim-2026-06
8851f9dc-4c0f-5d27-8017-6cf86d4aa18e,SC-02_20260603_0027.jpg,2026-06-03 08:24:00,SC-02,smartphone,saudavel,saudavel,0.6187,agrosmart-v1,simulado,sim-2026-06
0c525287-8b63-511d-921b-fa8f042c2270,SC-03_20260603_0003.jpg,2026-06-03 08:24:22,SC-03,smartphone,saudavel,saudavel,0.9003,agrosmart-v1,simulado,sim-2026-06
36750ebe-7c88-5767-8b26-891c233f961e,SC-02_20260603_0028.jpg,2026-06-03 08:24:59,SC-02,smartphone,saudavel,saudavel,0.9762,agrosmart-v1,simulado,sim-2026-06
2b62d760-3a70-5696-87d2-b7a66fabbdfb,SC-03_20260603_0004.jpg,2026-06-03 08:25:09,SC-03,smartphone,saudavel,saudavel,0.9806,agrosmart-v1,simulado,sim-2026-06
c34ed67b-337c-5938-bc09-6d8fa2439a9e,SC-02_20260603_0029.jpg,2026-06-03 08:25:26,SC-02,smartphone,saudavel,saudavel,0.9538,agrosmart-v1,simulado,sim-2026-06
b0b3adcf-89ca-50cc-b431-0429ba155cbc,SC-03_20260603_0005.jpg,2026-06-03 08:25:29,SC-03,smartphone,saudavel,saudavel,0.9996,agrosmart-v1,simulado,sim-2026-06
4ea60198-f3fc-53dc-8e36-817abc4bbcdf,SC-02_20260603_0030.jpg,2026-06-03 08:26:11,SC-02,smartphone,saudavel,saudavel,0.8863,agrosmart-v1,simulado,sim-2026-06
b4de05a1-0924-5c6a-874f-b9a238793dae,SC-03_20260603_0006.jpg,2026-06-03 08:26:30,SC-03,smartphone,saudavel,saudavel,0.9847,agrosmart-v1,simulado,sim-2026-06
68ae4942-6ede-5db6-ba5b-f7c18a1438d1,SC-02_20260603_0031.jpg,2026-06-03 08:27:01,SC-02,smartphone,saudavel,saudavel,0.9799,agrosmart-v1,simulado,sim-2026-06
349b8560-3d9c-54f5-a0ce-83d879f224dd,SC-03_20260603_0007.jpg,2026-06-03 08:27:02,SC-03,smartphone,saudavel,saudavel,0.9938,agrosmart-v1,simulado,sim-2026-06
420108a5-39d7-5c42-a11f-c60a3a0d083d,SC-02_20260603_0032.jpg,2026-06-03 08:27:32,SC-02,smartphone,saudavel,saudavel,0.9753,agrosmart-v1,simulado,sim-2026-06
efa35402-2bf2-5174-b3e0-835247f536f2,SC-03_20260603_0008.jpg,2026-06-03 08:27:44,SC-03,smartphone,saudavel,saudavel,0.6579,agrosmart-v1,simulado,sim-2026-06
6a21d795-77b9-5081-b9a9-f5fc0cd50cfc,SC-02_20260603_0033.jpg,2026-06-03 08:28:16,SC-02,smartphone,saudavel,saudavel,0.9442,agrosmart-v1,simulado,sim-2026-06
257091a4-e12f-536a-b300-62453d07bd68,SC-03_20260603_0009.jpg,2026-06-03 08:28:30,SC-03,smartphone,saudavel,saudavel,0.9969,agrosmart-v1,simulado,sim-2026-06
57656e9f-71b2-5d04-9fe9-f89179a060b5,SC-03_20260603_0010.jpg,2026-06-03 08:28:51,SC-03,smartphone,saudavel,saudavel,0.9422,agrosmart-v1,simulado,sim-2026-06
01e4ff6a-029b-56c5-93c4-c12fde9d503e,SC-02_20260603_0034.jpg,2026-06-03 08:28:59,SC-02,smartphone,saudavel,saudavel,0.9653,agrosmart-v1,simulado,sim-2026-06
c9f41c58-3ec2-5487-b109-ae3dfe62fff5,SC-02_20260603_0035.jpg,2026-06-03 08:29:32,SC-02,smartphone,saudavel,saudavel,0.9997,agrosmart-v1,simulado,sim-2026-06
d8b29509-bd1d-5013-8494-7bce4c1f5f6f,SC-03_20260603_0011.jpg,2026-06-03 08:29:45,SC-03,smartphone,saudavel,saudavel,0.9742,agrosmart-v1,simulado,sim-2026-06
b58b038b-4fd9-5c7a-ad34-0c61ac1dcd62,SC-03_20260603_0012.jpg,2026-06-03 08:30:04,SC-03,smartphone,saudavel,saudavel,0.9695,agrosmart-v1,simulado,sim-2026-06
57285e35-d053-593c-beab-9034d48db9dd,SC-02_20260603_0036.jpg,2026-06-03 08:30:22,SC-02,smartphone,saudavel,saudavel,0.9089,agrosmart-v1,simulado,sim-2026-06
29cd20b5-78fe-5bbc-839a-cf4dc458dd1f,SC-03_20260603_0013.jpg,2026-06-03 08:30:43,SC-03,smartphone,saudavel,saudavel,0.8712,agrosmart-v1,simulado,sim-2026-06
75b0cf67-9050-5842-9d17-34a535bd4f90,SC-02_20260603_0037.jpg,2026-06-03 08:31:07,SC-02,smartphone,saudavel,saudavel,0.8518,agrosmart-v1,simulado,sim-2026-06
cd3c41f0-9b2b-5166-af36-3f55d94f88b4,SC-02_20260603_0038.jpg,2026-06-03 08:31:39,SC-02,smartphone,doente,requeima,0.8308,agrosmart-v1,simulado,sim-2026-06
7cae6bf0-9392-5752-97a3-5bdc105d4c2c,SC-03_20260603_0014.jpg,2026-06-03 08:31:47,SC-03,smartphone,saudavel,saudavel,0.9074,agrosmart-v1,simulado,sim-2026-06
fffee629-3b5b-5e69-92ab-aa39488ba9e1,SC-03_20260603_0015.jpg,2026-06-03 08:32:14,SC-03,smartphone,saudavel,saudavel,0.9180,agrosmart-v1,simulado,sim-2026-06
a6a2f166-7f63-5327-b4d8-fbebf48c3217,SC-03_20260603_0016.jpg,2026-06-03 08:33:00,SC-03,smartphone,saudavel,saudavel,0.8892,agrosmart-v1,simulado,sim-2026-06
12cadc19-b952-557e-a97e-b5fc9eed3276,SC-03_20260603_0017.jpg,2026-06-03 08:33:49,SC-03,smartphone,saudavel,saudavel,0.9842,agrosmart-v1,simulado,sim-2026-06
a23f5d28-f317-5b19-ac5e-6e9983ed506f,SC-03_20260603_0018.jpg,2026-06-03 08:34:13,SC-03,smartphone,saudavel,saudavel,0.9358,agrosmart-v1,simulado,sim-2026-06
f3512e7e-eabc-5a76-b02c-6ec2c86cfce1,BV-03_20260603_0001.jpg,2026-06-03 08:34:48,BV-03,smartphone,saudavel,saudavel,0.7328,agrosmart-v1,simulado,sim-2026-06
47766672-5630-56b9-a8f4-460e6790490d,SC-03_20260603_0019.jpg,2026-06-03 08:35:10,SC-03,smartphone,saudavel,saudavel,0.8514,agrosmart-v1,simulado,sim-2026-06
40e9b479-7ce2-5187-aaf5-5cea3190a441,SC-03_20260603_0020.jpg,2026-06-03 08:35:33,SC-03,smartphone,saudavel,saudavel,0.9138,agrosmart-v1,simulado,sim-2026-06
8c73a0e9-8a14-54e7-9caa-13b8bbc3b549,BV-03_20260603_0002.jpg,2026-06-03 08:35:50,BV-03,smartphone,saudavel,saudavel,0.8927,agrosmart-v1,simulado,sim-2026-06
fc7ec055-24d2-5750-b4da-766229b9236c,BV-03_20260603_0003.jpg,2026-06-03 08:36:18,BV-03,smartphone,saudavel,saudavel,0.9987,agrosmart-v1,simulado,sim-2026-06
ff05fbe5-d944-5935-b635-d2ec6d5b29cc,SC-03_20260603_0021.jpg,2026-06-03 08:36:20,SC-03,smartphone,saudavel,saudavel,0.9997,agrosmart-v1,simulado,sim-2026-06
5e6bfbf4-5fcc-53d7-93c2-8d7c35da6f6f,SC-03_20260603_0022.jpg,2026-06-03 08:36:41,SC-03,smartphone,saudavel,saudavel,0.9695,agrosmart-v1,simulado,sim-2026-06
0ebec01c-95cc-568c-93e5-0dab9c3783e8,BV-03_20260603_0004.jpg,2026-06-03 08:36:59,BV-03,smartphone,saudavel,saudavel,0.9669,agrosmart-v1,simulado,sim-2026-06
dd0127cc-ead4-5912-b2f5-1947da8f868c,BV-03_20260603_0005.jpg,2026-06-03 08:37:20,BV-03,smartphone,saudavel,saudavel,0.9163,agrosmart-v1,simulado,sim-2026-06
e1e29b6b-ca83-54d0-bd75-eb734f39444a,SC-03_20260603_0023.jpg,2026-06-03 08:37:40,SC-03,smartphone,saudavel,saudavel,0.8904,agrosmart-v1,simulado,sim-2026-06
aa2ea85a-d0e9-5bb1-a7c8-bd944bf6a71a,BV-03_20260603_0006.jpg,2026-06-03 08:38:13,BV-03,smartphone,saudavel,saudavel,0.9023,agrosmart-v1,simulado,sim-2026-06
bdb117b3-90d3-542c-8c9e-a0e8e3845659,SC-03_20260603_0024.jpg,2026-06-03 08:38:28,SC-03,smartphone,saudavel,saudavel,0.9897,agrosmart-v1,simulado,sim-2026-06
f8cb71b9-6efc-5830-890c-da40d3ca9640,SC-03_20260603_0025.jpg,2026-06-03 08:38:49,SC-03,smartphone,saudavel,saudavel,0.8455,agrosmart-v1,simulado,sim-2026-06
13ad01d2-0bb5-5df1-a893-98c7e20e142f,BV-03_20260603_0007.jpg,2026-06-03 08:39:08,BV-03,smartphone,saudavel,saudavel,0.9091,agrosmart-v1,simulado,sim-2026-06
d3f193e3-b8b0-5b5e-8ae3-8d6c6fa39f26,BV-03_20260603_0008.jpg,2026-06-03 08:39:25,BV-03,smartphone,saudavel,saudavel,0.9989,agrosmart-v1,simulado,sim-2026-06
16711255-730e-562c-8a83-1c4651001f35,SC-03_20260603_0026.jpg,2026-06-03 08:39:33,SC-03,smartphone,saudavel,saudavel,0.9550,agrosmart-v1,simulado,sim-2026-06
277aaa8d-4050-58f9-b2b5-7a8b3e2557eb,BV-03_20260603_0009.jpg,2026-06-03 08:40:00,BV-03,smartphone,saudavel,saudavel,0.8901,agrosmart-v1,simulado,sim-2026-06
53ff3c58-2039-58d4-8523-f5811f3841d5,SC-03_20260603_0027.jpg,2026-06-03 08:40:14,SC-03,smartphone,saudavel,saudavel,0.9891,agrosmart-v1,simulado,sim-2026-06
5ad3c19e-13c2-5886-b0be-e30a2a577d05,BV-03_20260603_0010.jpg,2026-06-03 08:41:07,BV-03,smartphone,saudavel,saudavel,0.9921,agrosmart-v1,simulado,sim-2026-06
f0958eac-8c03-5683-abcc-fecb845cdfae,SC-03_20260603_0028.jpg,2026-06-03 08:41:08,SC-03,smartphone,saudavel,saudavel,0.9877,agrosmart-v1,simulado,sim-2026-06
a4a8cfb7-4d12-5dce-8487-cc6c4378357e,SC-03_20260603_0029.jpg,2026-06-03 08:41:43,SC-03,smartphone,saudavel,saudavel,0.9767,agrosmart-v1,simulado,sim-2026-06
06f260e9-54cf-51fa-8330-d28c77265e45,BV-03_20260603_0011.jpg,2026-06-03 08:41:46,BV-03,smartphone,saudavel,saudavel,0.9044,agrosmart-v1,simulado,sim-2026-06
43770c76-1530-535b-92d0-6d75721b2e67,SC-03_20260603_0030.jpg,2026-06-03 08:42:14,SC-03,smartphone,saudavel,saudavel,0.8413,agrosmart-v1,simulado,sim-2026-06
baa83c3a-4fe5-5a75-8890-42fcc3d04833,BV-03_20260603_0012.jpg,2026-06-03 08:42:22,BV-03,smartphone,saudavel,saudavel,0.8397,agrosmart-v1,simulado,sim-2026-06
99029272-5042-5594-b8b8-6ca56fc0e3c1,BV-03_20260603_0013.jpg,2026-06-03 08:42:43,BV-03,smartphone,saudavel,saudavel,0.9990,agrosmart-v1,simulado,sim-2026-06
97d7616c-64d7-58b6-900b-0cf2ddcb8465,SC-03_20260603_0031.jpg,2026-06-03 08:42:47,SC-03,smartphone,saudavel,saudavel,0.9267,agrosmart-v1,simulado,sim-2026-06
184880ac-d0fa-57ca-8216-e99fadbb8aca,BV-03_20260603_0014.jpg,2026-06-03 08:43:31,BV-03,smartphone,saudavel,saudavel,0.9568,agrosmart-v1,simulado,sim-2026-06
d73b3f3d-6326-574c-8241-e5265aa0f73b,SC-03_20260603_0032.jpg,2026-06-03 08:43:34,SC-03,smartphone,saudavel,saudavel,0.9387,agrosmart-v1,simulado,sim-2026-06
4f1e8cad-e665-5442-8697-8d11db5f6a5d,SC-03_20260603_0033.jpg,2026-06-03 08:44:16,SC-03,smartphone,saudavel,saudavel,1.0000,agrosmart-v1,simulado,sim-2026-06
f63b2ad2-7415-5bac-87f6-5f3b35e71172,BV-03_20260603_0015.jpg,2026-06-03 08:44:30,BV-03,smartphone,saudavel,saudavel,0.9678,agrosmart-v1,simulado,sim-2026-06
f7500882-6211-5bd4-a496-ceb68fccf0a5,BV-03_20260603_0016.jpg,2026-06-03 08:44:49,BV-03,smartphone,doente,requeima,0.8596,agrosmart-v1,simulado,sim-2026-06
c40707bd-3ff5-58fb-b9ef-76dbd3a686a7,SC-03_20260603_0034.jpg,2026-06-03 08:45:02,SC-03,smartphone,saudavel,saudavel,0.8401,agrosmart-v1,simulado,sim-2026-06
6d4ddf7a-e42f-5c4e-ba51-1e48241c3d19,BV-03_20260603_0017.jpg,2026-06-03 08:45:29,BV-03,smartphone,saudavel,saudavel,0.9451,agrosmart-v1,simulado,sim-2026-06
7da33b01-8c42-5cc3-83cd-d1e79841c6b6,SC-03_20260603_0035.jpg,2026-06-03 08:45:46,SC-03,smartphone,saudavel,saudavel,0.8913,agrosmart-v1,simulado,sim-2026-06
9d51c2d8-97dc-5437-8cf7-1e5cd3992058,BV-03_20260603_0018.jpg,2026-06-03 08:46:07,BV-03,smartphone,saudavel,saudavel,0.9944,agrosmart-v1,simulado,sim-2026-06
871be452-859e-5dcc-83fb-bb6b98edce22,BV-03_20260603_0019.jpg,2026-06-03 08:46:53,BV-03,smartphone,doente,vaquinha,1.0000,agrosmart-v1,simulado,sim-2026-06
1e53e3f3-0242-561e-bc6e-149123b30228,BV-03_20260603_0020.jpg,2026-06-03 08:47:45,BV-03,smartphone,saudavel,saudavel,0.9998,agrosmart-v1,simulado,sim-2026-06
a34a183a-a2be-54a9-a045-86e6b50ca2d2,BV-03_20260603_0021.jpg,2026-06-03 08:48:13,BV-03,smartphone,saudavel,saudavel,0.8257,agrosmart-v1,simulado,sim-2026-06
c6575668-c24f-5d1c-8295-f98c63e57859,BV-03_20260603_0022.jpg,2026-06-03 08:48:40,BV-03,smartphone,saudavel,saudavel,0.8274,agrosmart-v1,simulado,sim-2026-06
019028cb-ed04-5a7e-b7aa-df67aaaf187f,BV-03_20260603_0023.jpg,2026-06-03 08:49:41,BV-03,smartphone,saudavel,saudavel,0.9558,agrosmart-v1,simulado,sim-2026-06
d942d554-9f8a-575a-88e2-e33a5c3303d9,BV-03_20260603_0024.jpg,2026-06-03 08:50:13,BV-03,smartphone,doente,requeima,0.8643,agrosmart-v1,simulado,sim-2026-06
0e36975a-f533-53f1-91f4-df3391a09357,BV-03_20260603_0025.jpg,2026-06-03 08:51:08,BV-03,smartphone,saudavel,saudavel,0.9999,agrosmart-v1,simulado,sim-2026-06
9c38393e-1eab-5ede-867f-40dc8518299a,BV-03_20260603_0026.jpg,2026-06-03 08:51:22,BV-03,smartphone,saudavel,saudavel,0.9932,agrosmart-v1,simulado,sim-2026-06
a7be4899-a33e-5773-b136-0cf48c1d04e5,BV-03_20260603_0027.jpg,2026-06-03 08:52:01,BV-03,smartphone,saudavel,saudavel,0.9155,agrosmart-v1,simulado,sim-2026-06
1d0cce73-d0fc-57c3-8f84-fde125808cf6,BV-03_20260603_0028.jpg,2026-06-03 08:52:49,BV-03,smartphone,saudavel,saudavel,0.9922,agrosmart-v1,simulado,sim-2026-06
51d39302-938d-5f61-8b4b-3b3beabedb63,TI-02_20260603_0001.jpg,2026-06-03 09:06:51,TI-02,drone,saudavel,saudavel,0.9963,agrosmart-v1,simulado,sim-2026-06
d210c6e7-2661-52cf-87b7-cad42aab519d,TI-02_20260603_0002.jpg,2026-06-03 09:07:22,TI-02,drone,saudavel,saudavel,0.7607,agrosmart-v1,simulado,sim-2026-06
67a6f317-f3e9-51f9-bc2b-822431bc4351,TI-02_20260603_0003.jpg,2026-06-03 09:08:21,TI-02,drone,saudavel,saudavel,0.9484,agrosmart-v1,simulado,sim-2026-06
7c2b7960-8ff6-5549-937a-dedbf157908a,TI-02_20260603_0004.jpg,2026-06-03 09:08:59,TI-02,drone,saudavel,saudavel,0.9642,agrosmart-v1,simulado,sim-2026-06
b27c5a89-5248-5b45-8d68-0630b5e55642,TI-02_20260603_0005.jpg,2026-06-03 09:09:37,TI-02,drone,saudavel,saudavel,0.9334,agrosmart-v1,simulado,sim-2026-06
d0946561-b060-5885-8210-d749cbc7150d,TI-02_20260603_0006.jpg,2026-06-03 09:10:11,TI-02,drone,saudavel,saudavel,0.9731,agrosmart-v1,simulado,sim-2026-06
fa5b8ec0-1f3f-5358-936e-06899c8800f3,TI-02_20260603_0007.jpg,2026-06-03 09:11:01,TI-02,drone,saudavel,saudavel,0.9518,agrosmart-v1,simulado,sim-2026-06
97c024c0-c6b8-5606-8e54-dd80b7825590,TI-02_20260603_0008.jpg,2026-06-03 09:11:37,TI-02,drone,saudavel,saudavel,0.9701,agrosmart-v1,simulado,sim-2026-06
d24e9555-6dce-5c21-b23a-8362b1e818a1,TI-02_20260603_0009.jpg,2026-06-03 09:12:23,TI-02,drone,saudavel,saudavel,0.9710,agrosmart-v1,simulado,sim-2026-06
f84a78a4-4fe0-53f4-b7c8-a9dc02c1f864,SC-04_20260603_0001.jpg,2026-06-03 09:12:46,SC-04,smartphone,saudavel,saudavel,0.9936,agrosmart-v1,simulado,sim-2026-06
93c0b68b-2a16-56ca-b1e6-cc6c3b1c14b3,TI-02_20260603_0010.jpg,2026-06-03 09:13:04,TI-02,drone,saudavel,saudavel,0.9831,agrosmart-v1,simulado,sim-2026-06
be819199-28b5-5248-ad65-71e73404a31b,TI-02_20260603_0011.jpg,2026-06-03 09:13:40,TI-02,drone,saudavel,saudavel,0.9606,agrosmart-v1,simulado,sim-2026-06
a0eb7c25-972d-5830-a72b-48723604f67b,SC-04_20260603_0002.jpg,2026-06-03 09:13:50,SC-04,smartphone,saudavel,saudavel,0.8368,agrosmart-v1,simulado,sim-2026-06
1ee4b3a9-cb96-5d3b-bb84-c82c651e7f37,SC-04_20260603_0003.jpg,2026-06-03 09:14:08,SC-04,smartphone,saudavel,saudavel,0.9647,agrosmart-v1,simulado,sim-2026-06
259117d8-0d9c-5815-92dd-40f5fb9e9854,TI-02_20260603_0012.jpg,2026-06-03 09:14:28,TI-02,drone,saudavel,saudavel,0.9987,agrosmart-v1,simulado,sim-2026-06
646bc19f-c873-5926-a00a-6b81a7b75d2d,SC-04_20260603_0004.jpg,2026-06-03 09:14:40,SC-04,smartphone,saudavel,saudavel,0.9638,agrosmart-v1,simulado,sim-2026-06
afb9508b-4365-5a10-8b85-e69dcea3b583,TI-02_20260603_0013.jpg,2026-06-03 09:15:00,TI-02,drone,saudavel,saudavel,0.9924,agrosmart-v1,simulado,sim-2026-06
20b98fde-efc3-5614-9474-077c4a69c2ab,TI-02_20260603_0014.jpg,2026-06-03 09:15:28,TI-02,drone,saudavel,saudavel,0.9972,agrosmart-v1,simulado,sim-2026-06
932d4195-d0d5-5b2f-8ce1-a05a95e7eb3a,SC-04_20260603_0005.jpg,2026-06-03 09:15:31,SC-04,smartphone,saudavel,saudavel,0.9797,agrosmart-v1,simulado,sim-2026-06
e0305b71-a567-54bc-a781-eda343db99a8,TI-02_20260603_0015.jpg,2026-06-03 09:16:09,TI-02,drone,saudavel,saudavel,0.9601,agrosmart-v1,simulado,sim-2026-06
ab44f7b2-7983-5c21-aef0-1c704434e6d7,SC-04_20260603_0006.jpg,2026-06-03 09:16:16,SC-04,smartphone,saudavel,saudavel,0.9539,agrosmart-v1,simulado,sim-2026-06
105e2339-df20-58f9-a419-c5c112147d10,TI-02_20260603_0016.jpg,2026-06-03 09:16:58,TI-02,drone,saudavel,saudavel,0.9494,agrosmart-v1,simulado,sim-2026-06
b135d49f-ebe1-5e92-9880-4b578fbead0f,SC-04_20260603_0007.jpg,2026-06-03 09:17:09,SC-04,smartphone,saudavel,saudavel,0.8821,agrosmart-v1,simulado,sim-2026-06
d1e1f058-00f6-5225-a28c-f08d902eec0d,SC-04_20260603_0008.jpg,2026-06-03 09:17:26,SC-04,smartphone,saudavel,saudavel,0.9168,agrosmart-v1,simulado,sim-2026-06
4c0085a3-e05d-5090-b164-e440bce8ae73,TI-02_20260603_0017.jpg,2026-06-03 09:17:37,TI-02,drone,saudavel,saudavel,0.9478,agrosmart-v1,simulado,sim-2026-06
fb7493f6-721a-547e-a719-e82d9aa32723,BV-01_20260603_0001.jpg,2026-06-03 09:18:08,BV-01,smartphone,saudavel,saudavel,0.9997,agrosmart-v1,simulado,sim-2026-06
72524cca-8457-5085-9d7f-391ec3d05bfd,SC-04_20260603_0009.jpg,2026-06-03 09:18:15,SC-04,smartphone,saudavel,saudavel,0.8468,agrosmart-v1,simulado,sim-2026-06
499a15a1-5d3f-53ea-8718-57d24de6cd00,TI-02_20260603_0018.jpg,2026-06-03 09:18:17,TI-02,drone,saudavel,saudavel,0.9726,agrosmart-v1,simulado,sim-2026-06
53b025d4-849c-5ede-89c8-cd394b73c0c7,BV-01_20260603_0002.jpg,2026-06-03 09:18:34,BV-01,smartphone,saudavel,saudavel,0.9997,agrosmart-v1,simulado,sim-2026-06
07ec4a42-369d-58e2-8233-92eb81200c69,TI-02_20260603_0019.jpg,2026-06-03 09:18:42,TI-02,drone,saudavel,saudavel,0.9487,agrosmart-v1,simulado,sim-2026-06
980ed751-5981-576f-999b-b44ebbc63a51,SC-04_20260603_0010.jpg,2026-06-03 09:19:05,SC-04,smartphone,doente,requeima,0.9112,agrosmart-v1,simulado,sim-2026-06
83814a9f-8480-560f-88a8-c8b06b97654a,BV-01_20260603_0003.jpg,2026-06-03 09:19:16,BV-01,smartphone,saudavel,saudavel,0.8258,agrosmart-v1,simulado,sim-2026-06
bc02e741-6da2-5cd7-b36a-7270fa2e15f1,TI-02_20260603_0020.jpg,2026-06-03 09:19:22,TI-02,drone,saudavel,saudavel,0.9910,agrosmart-v1,simulado,sim-2026-06
2ab9c215-09d5-5376-b6ba-cd58453b48e3,SC-04_20260603_0011.jpg,2026-06-03 09:19:35,SC-04,smartphone,saudavel,saudavel,0.9424,agrosmart-v1,simulado,sim-2026-06
5c082c49-7e5e-52c7-b296-bae62dd0949b,BV-01_20260603_0004.jpg,2026-06-03 09:19:52,BV-01,smartphone,doente,requeima,0.9284,agrosmart-v1,simulado,sim-2026-06
32bc4301-c813-53ff-bd0b-72fc637e1ff5,TI-02_20260603_0021.jpg,2026-06-03 09:20:20,TI-02,drone,saudavel,saudavel,0.9918,agrosmart-v1,simulado,sim-2026-06
11cb2b4e-c0ce-5641-9341-16bbfd261868,SC-04_20260603_0012.jpg,2026-06-03 09:20:21,SC-04,smartphone,saudavel,saudavel,0.9731,agrosmart-v1,simulado,sim-2026-06
01bd4249-77d3-57ed-b32a-c361140ee224,BV-01_20260603_0005.jpg,2026-06-03 09:20:29,BV-01,smartphone,doente,pinta_preta,0.8592,agrosmart-v1,simulado,sim-2026-06
b7d5fc59-fb69-59b0-b846-4baf1fe5bd53,SC-04_20260603_0013.jpg,2026-06-03 09:20:52,SC-04,smartphone,saudavel,saudavel,0.9648,agrosmart-v1,simulado,sim-2026-06
ca90aa0e-ae05-5979-96c2-8b991fc05b7f,TI-02_20260603_0022.jpg,2026-06-03 09:21:06,TI-02,drone,saudavel,saudavel,0.8633,agrosmart-v1,simulado,sim-2026-06
c91b5fa7-dd84-5fbd-947d-737d3b776542,BV-01_20260603_0006.jpg,2026-06-03 09:21:09,BV-01,smartphone,saudavel,saudavel,0.9679,agrosmart-v1,simulado,sim-2026-06
34db731b-2e94-5aee-a087-9e8c822ac946,TI-02_20260603_0023.jpg,2026-06-03 09:21:31,TI-02,drone,saudavel,saudavel,1.0000,agrosmart-v1,simulado,sim-2026-06
9e2bdf27-5571-5028-b048-518f1320fc12,BV-01_20260603_0007.jpg,2026-06-03 09:21:41,BV-01,smartphone,saudavel,saudavel,0.8530,agrosmart-v1,simulado,sim-2026-06
b97c46a3-5d74-55c8-bcc2-523715b7afb3,SC-04_20260603_0014.jpg,2026-06-03 09:21:49,SC-04,smartphone,saudavel,saudavel,0.9348,agrosmart-v1,simulado,sim-2026-06
d13db89f-8f7e-5c3e-bc34-51fa31e79eba,SC-04_20260603_0015.jpg,2026-06-03 09:22:05,SC-04,smartphone,saudavel,saudavel,0.9717,agrosmart-v1,simulado,sim-2026-06
98aedbce-d1f8-5f9b-8e25-4e5c7c8af4be,TI-02_20260603_0024.jpg,2026-06-03 09:22:12,TI-02,drone,saudavel,saudavel,0.9014,agrosmart-v1,simulado,sim-2026-06
eb91929c-e2e9-50d0-8dc2-bd389a80f558,BV-01_20260603_0008.jpg,2026-06-03 09:22:40,BV-01,smartphone,saudavel,saudavel,0.9060,agrosmart-v1,simulado,sim-2026-06
f6a51087-3cbc-5e54-8d40-dd351eea65c8,SC-04_20260603_0016.jpg,2026-06-03 09:22:58,SC-04,smartphone,saudavel,saudavel,0.9830,agrosmart-v1,simulado,sim-2026-06
a2a5c4c4-7a3e-549b-b931-74b6a1b64aef,TI-02_20260603_0025.jpg,2026-06-03 09:23:06,TI-02,drone,saudavel,saudavel,0.9091,agrosmart-v1,simulado,sim-2026-06
ad514c15-a728-50a9-887d-2d3f7b1853bc,BV-01_20260603_0009.jpg,2026-06-03 09:23:24,BV-01,smartphone,saudavel,saudavel,0.8560,agrosmart-v1,simulado,sim-2026-06
18ad3f4d-72f0-51c0-9139-9b91ce2e6a0d,SC-04_20260603_0017.jpg,2026-06-03 09:23:41,SC-04,smartphone,doente,vaquinha,0.5425,agrosmart-v1,simulado,sim-2026-06
99132ead-df5c-5c48-a0bf-d53ec7a39efa,TI-02_20260603_0026.jpg,2026-06-03 09:23:41,TI-02,drone,saudavel,saudavel,0.9343,agrosmart-v1,simulado,sim-2026-06
7ab3d09b-4e16-5f55-8130-d7666b7b6ad8,BV-01_20260603_0010.jpg,2026-06-03 09:23:52,BV-01,smartphone,saudavel,saudavel,0.9634,agrosmart-v1,simulado,sim-2026-06
a06724dc-5d67-5e66-b718-4ea88e17f5d4,TI-02_20260603_0027.jpg,2026-06-03 09:24:09,TI-02,drone,saudavel,saudavel,0.9170,agrosmart-v1,simulado,sim-2026-06
0125bf55-c1d1-59c1-9d99-301cedcd3096,SC-04_20260603_0018.jpg,2026-06-03 09:24:22,SC-04,smartphone,saudavel,saudavel,0.8775,agrosmart-v1,simulado,sim-2026-06
a7b081cb-b3af-5abc-b866-8bc97b98d640,BV-01_20260603_0011.jpg,2026-06-03 09:24:38,BV-01,smartphone,saudavel,saudavel,0.8556,agrosmart-v1,simulado,sim-2026-06
03fbbe5e-1a21-5bfa-82fb-bf69fd019993,TI-02_20260603_0028.jpg,2026-06-03 09:24:50,TI-02,drone,saudavel,saudavel,0.9428,agrosmart-v1,simulado,sim-2026-06
d86e48db-f831-5ef3-8e13-2bc7c637c37f,BV-01_20260603_0012.jpg,2026-06-03 09:25:02,BV-01,smartphone,saudavel,saudavel,0.9139,agrosmart-v1,simulado,sim-2026-06
5dad8802-b5d4-5e99-8f94-25ae7c5e1fa8,SC-04_20260603_0019.jpg,2026-06-03 09:25:08,SC-04,smartphone,saudavel,saudavel,0.9415,agrosmart-v1,simulado,sim-2026-06
df30ca81-5374-5838-baaa-32dc8e01de3c,SC-04_20260603_0020.jpg,2026-06-03 09:25:34,SC-04,smartphone,saudavel,saudavel,0.9529,agrosmart-v1,simulado,sim-2026-06
d83d2eaf-118c-5ed9-95d1-64b6502248f5,TI-02_20260603_0029.jpg,2026-06-03 09:25:44,TI-02,drone,saudavel,saudavel,0.7749,agrosmart-v1,simulado,sim-2026-06
591bc252-bc02-53ad-b4ce-a0aa0f78aeb6,SC-04_20260603_0021.jpg,2026-06-03 09:26:04,SC-04,smartphone,saudavel,saudavel,0.9489,agrosmart-v1,simulado,sim-2026-06
0e6e0e46-70d3-586f-afcf-a958a99c640c,BV-01_20260603_0013.jpg,2026-06-03 09:26:05,BV-01,smartphone,saudavel,saudavel,0.9032,agrosmart-v1,simulado,sim-2026-06
91c1085d-e503-5ede-9c25-e44f6984973b,TI-02_20260603_0030.jpg,2026-06-03 09:26:16,TI-02,drone,saudavel,saudavel,0.8994,agrosmart-v1,simulado,sim-2026-06
87f9d68a-3703-5ba2-9142-3b239cd478a4,BV-01_20260603_0014.jpg,2026-06-03 09:26:42,BV-01,smartphone,saudavel,saudavel,0.9763,agrosmart-v1,simulado,sim-2026-06
309296e2-b8f1-52e8-9538-fad9ccbef991,SC-04_20260603_0022.jpg,2026-06-03 09:27:04,SC-04,smartphone,saudavel,saudavel,0.9687,agrosmart-v1,simulado,sim-2026-06
885c0cee-f50b-510b-a16b-3b862f252078,TI-02_20260603_0031.jpg,2026-06-03 09:27:06,TI-02,drone,saudavel,saudavel,0.8891,agrosmart-v1,simulado,sim-2026-06
5de61f85-36b0-5009-9bde-6ecf1ada995f,BV-01_20260603_0015.jpg,2026-06-03 09:27:12,BV-01,smartphone,saudavel,saudavel,0.8288,agrosmart-v1,simulado,sim-2026-06
7f3f177a-1d24-5e87-a491-b9b264fff3a9,TI-02_20260603_0032.jpg,2026-06-03 09:27:42,TI-02,drone,saudavel,saudavel,0.9204,agrosmart-v1,simulado,sim-2026-06
1c0df992-b5f9-5a5a-90a1-470a9bc81d93,SC-04_20260603_0023.jpg,2026-06-03 09:27:44,SC-04,smartphone,saudavel,saudavel,1.0000,agrosmart-v1,simulado,sim-2026-06
f0b38fde-e82c-5820-9820-964ec8f1d7c2,BV-01_20260603_0016.jpg,2026-06-03 09:27:45,BV-01,smartphone,saudavel,saudavel,0.9739,agrosmart-v1,simulado,sim-2026-06
6e559f91-74fb-5d36-87b9-f034196a0aee,SC-04_20260603_0024.jpg,2026-06-03 09:28:17,SC-04,smartphone,saudavel,saudavel,0.9857,agrosmart-v1,simulado,sim-2026-06
4ef7d3e5-bb1f-589f-b3b6-efa1f54b4d18,TI-02_20260603_0033.jpg,2026-06-03 09:28:25,TI-02,drone,saudavel,saudavel,0.9499,agrosmart-v1,simulado,sim-2026-06
b97abb2e-d492-5c1a-b615-ad5f4658053a,TI-02_20260603_0034.jpg,2026-06-03 09:28:47,TI-02,drone,saudavel,saudavel,0.9995,agrosmart-v1,simulado,sim-2026-06
4a45fb2f-78c5-5e5d-a07b-393b7a91fa3f,BV-01_20260603_0017.jpg,2026-06-03 09:28:49,BV-01,smartphone,saudavel,saudavel,0.8633,agrosmart-v1,simulado,sim-2026-06
ebc8eebc-6fc2-590a-b4a0-06d5ac263da2,BV-01_20260603_0018.jpg,2026-06-03 09:29:05,BV-01,smartphone,saudavel,saudavel,0.9942,agrosmart-v1,simulado,sim-2026-06
fe84905b-c9b7-5992-bfbe-b3e7cf39810c,SC-04_20260603_0025.jpg,2026-06-03 09:29:09,SC-04,smartphone,saudavel,saudavel,0.5958,agrosmart-v1,simulado,sim-2026-06
d67edb12-0761-5bab-b972-c3e03571b203,SC-04_20260603_0026.jpg,2026-06-03 09:29:27,SC-04,smartphone,saudavel,saudavel,0.9509,agrosmart-v1,simulado,sim-2026-06
4b907700-aa76-51b9-bb47-ca38402cd67a,TI-02_20260603_0035.jpg,2026-06-03 09:29:33,TI-02,drone,saudavel,saudavel,0.9841,agrosmart-v1,simulado,sim-2026-06
d6835110-bdf0-5675-a625-d2d509ee3f7e,BV-01_20260603_0019.jpg,2026-06-03 09:29:53,BV-01,smartphone,saudavel,saudavel,0.9040,agrosmart-v1,simulado,sim-2026-06
fe2ba35c-9a5d-59cc-a87e-889675cb0504,TI-02_20260603_0036.jpg,2026-06-03 09:30:15,TI-02,drone,saudavel,saudavel,0.9900,agrosmart-v1,simulado,sim-2026-06
52f57b56-bef8-57fb-a7cc-18ea8966b726,SC-04_20260603_0027.jpg,2026-06-03 09:30:19,SC-04,smartphone,saudavel,saudavel,0.8865,agrosmart-v1,simulado,sim-2026-06
df5ca21e-4df2-5609-9d9f-f2f3393e1890,BV-01_20260603_0020.jpg,2026-06-03 09:30:29,BV-01,smartphone,saudavel,saudavel,0.9975,agrosmart-v1,simulado,sim-2026-06
e0f68a2a-2ca8-54be-8451-2758a0fd37d5,TI-02_20260603_0037.jpg,2026-06-03 09:30:59,TI-02,drone,saudavel,saudavel,0.9917,agrosmart-v1,simulado,sim-2026-06
0224ed37-de67-5461-88dc-898c3fbccf59,SC-04_20260603_0028.jpg,2026-06-03 09:31:03,SC-04,smartphone,saudavel,saudavel,0.9969,agrosmart-v1,simulado,sim-2026-06
50860261-e188-5ccc-be57-cef36b97c5f2,BV-01_20260603_0021.jpg,2026-06-03 09:31:06,BV-01,smartphone,saudavel,saudavel,0.7267,agrosmart-v1,simulado,sim-2026-06
94f59478-de6b-54f2-a33b-35ea0d837c0d,TI-02_20260603_0038.jpg,2026-06-03 09:31:40,TI-02,drone,saudavel,saudavel,0.9552,agrosmart-v1,simulado,sim-2026-06
bbb8a09b-2522-58d0-a5e9-cb1e8cba17a1,SC-04_20260603_0029.jpg,2026-06-03 09:31:44,SC-04,smartphone,saudavel,saudavel,0.9463,agrosmart-v1,simulado,sim-2026-06
7dbf2d5f-fb4b-563b-9928-e1f6205e3d19,BV-01_20260603_0022.jpg,2026-06-03 09:31:55,BV-01,smartphone,doente,requeima,0.9468,agrosmart-v1,simulado,sim-2026-06
c1fb9661-3f53-595e-a850-da2242bf04b6,TI-02_20260603_0039.jpg,2026-06-03 09:32:17,TI-02,drone,saudavel,saudavel,0.9315,agrosmart-v1,simulado,sim-2026-06
134fe5f8-a480-5902-8308-c4b4a524e61a,SC-04_20260603_0030.jpg,2026-06-03 09:32:24,SC-04,smartphone,saudavel,saudavel,0.9372,agrosmart-v1,simulado,sim-2026-06
f39b3d5c-a9f6-5eec-87e7-25640da4d46e,TI-02_20260603_0040.jpg,2026-06-03 09:32:45,TI-02,drone,saudavel,saudavel,0.9931,agrosmart-v1,simulado,sim-2026-06
f44a75ba-eb42-5ad5-a7a1-8808b91a02d5,BV-01_20260603_0023.jpg,2026-06-03 09:32:48,BV-01,smartphone,doente,requeima,0.9915,agrosmart-v1,simulado,sim-2026-06
73b5e4d7-866f-5a38-991f-0176292241f0,SC-04_20260603_0031.jpg,2026-06-03 09:33:06,SC-04,smartphone,saudavel,saudavel,0.8855,agrosmart-v1,simulado,sim-2026-06
5f3df229-2533-5fd0-bf50-a9445b99476d,BV-01_20260603_0024.jpg,2026-06-03 09:33:14,BV-01,smartphone,saudavel,saudavel,0.9989,agrosmart-v1,simulado,sim-2026-06
a7b80385-1867-5fd7-9026-b1e9808cae0b,TI-02_20260603_0041.jpg,2026-06-03 09:33:29,TI-02,drone,saudavel,saudavel,0.8335,agrosmart-v1,simulado,sim-2026-06
fae5aa7f-738c-53e5-a6b9-f37163f30d58,BV-01_20260603_0025.jpg,2026-06-03 09:33:47,BV-01,smartphone,saudavel,saudavel,0.9861,agrosmart-v1,simulado,sim-2026-06
8a584bf5-5902-58e8-9fd6-99975ec07d80,TI-02_20260603_0042.jpg,2026-06-03 09:34:13,TI-02,drone,saudavel,saudavel,0.8492,agrosmart-v1,simulado,sim-2026-06
63ad51d4-d2b7-5215-90a7-93ac1f25064b,BV-01_20260603_0026.jpg,2026-06-03 09:34:46,BV-01,smartphone,saudavel,saudavel,0.9996,agrosmart-v1,simulado,sim-2026-06
81ec592a-a87b-52c6-8e44-600c3ee8b8a5,TI-02_20260603_0043.jpg,2026-06-03 09:35:03,TI-02,drone,saudavel,saudavel,0.8860,agrosmart-v1,simulado,sim-2026-06
06a84669-35ab-5a88-85d4-684d77abb28e,BV-01_20260603_0027.jpg,2026-06-03 09:35:20,BV-01,smartphone,saudavel,saudavel,0.9962,agrosmart-v1,simulado,sim-2026-06
cb529127-8bae-5ba4-9073-0e3c62a22fa6,TI-02_20260603_0044.jpg,2026-06-03 09:35:34,TI-02,drone,saudavel,saudavel,0.9206,agrosmart-v1,simulado,sim-2026-06
a3466f88-893e-58d3-b845-2461323a380c,BV-01_20260603_0028.jpg,2026-06-03 09:35:58,BV-01,smartphone,doente,requeima,0.9840,agrosmart-v1,simulado,sim-2026-06
61c31124-1648-5ce9-81ea-c75b0795d357,TI-02_20260603_0045.jpg,2026-06-03 09:36:16,TI-02,drone,saudavel,saudavel,0.8473,agrosmart-v1,simulado,sim-2026-06
998b4fb6-3edd-5d61-9b2d-6f57ec03cb15,BV-01_20260603_0029.jpg,2026-06-03 09:36:21,BV-01,smartphone,saudavel,saudavel,0.8222,agrosmart-v1,simulado,sim-2026-06
e74d9da5-e0de-547c-8fc7-287cc5bd717a,TI-02_20260603_0046.jpg,2026-06-03 09:36:46,TI-02,drone,saudavel,saudavel,0.9018,agrosmart-v1,simulado,sim-2026-06
1849ef8d-0b6d-5705-83c4-2a808302b317,BV-01_20260603_0030.jpg,2026-06-03 09:37:09,BV-01,smartphone,saudavel,saudavel,0.9139,agrosmart-v1,simulado,sim-2026-06
489be2d8-6cf9-5cca-bd3a-879f4c4d8d04,TI-02_20260603_0047.jpg,2026-06-03 09:37:45,TI-02,drone,saudavel,saudavel,0.8498,agrosmart-v1,simulado,sim-2026-06
03b1d6d7-342e-52f3-8b45-443ff1ef7007,BV-01_20260603_0031.jpg,2026-06-03 09:38:05,BV-01,smartphone,saudavel,saudavel,0.8319,agrosmart-v1,simulado,sim-2026-06
0282149e-f4fe-5075-8d2d-c117d8dae8ca,BV-01_20260603_0032.jpg,2026-06-03 09:38:31,BV-01,smartphone,saudavel,saudavel,0.9984,agrosmart-v1,simulado,sim-2026-06
d677c4a9-69ad-59a2-8d0a-6b69047448aa,BV-01_20260603_0033.jpg,2026-06-03 09:39:11,BV-01,smartphone,saudavel,saudavel,0.8789,agrosmart-v1,simulado,sim-2026-06
9969adb3-4af4-56a9-b6a2-5d6822c1e218,BV-02_20260605_0001.jpg,2026-06-05 07:27:45,BV-02,smartphone,saudavel,saudavel,0.9957,agrosmart-v1,simulado,sim-2026-06
769fd78c-47f4-569a-adf6-2ef47c22d66f,BV-02_20260605_0002.jpg,2026-06-05 07:28:44,BV-02,smartphone,saudavel,saudavel,0.9990,agrosmart-v1,simulado,sim-2026-06
37f4186d-e0ea-536b-99c6-805dfd6f94a3,BV-02_20260605_0003.jpg,2026-06-05 07:29:23,BV-02,smartphone,saudavel,saudavel,0.8637,agrosmart-v1,simulado,sim-2026-06
15fb2334-5839-5487-858a-2a571d695351,BV-02_20260605_0004.jpg,2026-06-05 07:29:44,BV-02,smartphone,saudavel,saudavel,0.8322,agrosmart-v1,simulado,sim-2026-06
904cd6a7-17a9-56b9-880f-89db7c72c878,BV-02_20260605_0005.jpg,2026-06-05 07:30:40,BV-02,smartphone,saudavel,saudavel,0.8888,agrosmart-v1,simulado,sim-2026-06
df3e581f-d3a7-5965-a9f4-01057d1d31e0,BV-02_20260605_0006.jpg,2026-06-05 07:31:03,BV-02,smartphone,saudavel,saudavel,0.9965,agrosmart-v1,simulado,sim-2026-06
5d9b021f-18a5-599f-a450-d0f8570dcd90,BV-02_20260605_0007.jpg,2026-06-05 07:32:09,BV-02,smartphone,saudavel,saudavel,0.9985,agrosmart-v1,simulado,sim-2026-06
23b8aea4-45e9-5c8c-809d-747c2b9e3f94,BV-02_20260605_0008.jpg,2026-06-05 07:32:20,BV-02,smartphone,saudavel,saudavel,0.9154,agrosmart-v1,simulado,sim-2026-06
2fe4ec0c-0fce-5edb-a54f-9be8aa4b44a5,BV-02_20260605_0009.jpg,2026-06-05 07:33:22,BV-02,smartphone,saudavel,saudavel,0.9815,agrosmart-v1,simulado,sim-2026-06
c51cdb9d-d65e-5443-a595-4c651fe317f0,BV-02_20260605_0010.jpg,2026-06-05 07:33:55,BV-02,smartphone,saudavel,saudavel,0.9097,agrosmart-v1,simulado,sim-2026-06
7a541e5e-1911-5826-a539-b620a89cf32b,BV-02_20260605_0011.jpg,2026-06-05 07:34:42,BV-02,smartphone,saudavel,saudavel,0.9851,agrosmart-v1,simulado,sim-2026-06
9a38db49-d4e6-526d-8ea3-e24a0b1f08b2,BV-02_20260605_0012.jpg,2026-06-05 07:35:27,BV-02,smartphone,saudavel,saudavel,0.9648,agrosmart-v1,simulado,sim-2026-06
cb87d12a-2500-5ecb-9fc3-98daf5506495,BV-02_20260605_0013.jpg,2026-06-05 07:35:42,BV-02,smartphone,saudavel,saudavel,0.9930,agrosmart-v1,simulado,sim-2026-06
3b82e8a5-045f-5bab-85cb-5dcaafe228ca,BV-02_20260605_0014.jpg,2026-06-05 07:36:37,BV-02,smartphone,saudavel,saudavel,0.9935,agrosmart-v1,simulado,sim-2026-06
24aa55b6-4e98-5d57-a2ba-335fa3492675,BV-02_20260605_0015.jpg,2026-06-05 07:37:24,BV-02,smartphone,saudavel,saudavel,0.9937,agrosmart-v1,simulado,sim-2026-06
f9ebea08-2e18-5304-a396-90101baabcd8,BV-02_20260605_0016.jpg,2026-06-05 07:37:47,BV-02,smartphone,saudavel,saudavel,0.9274,agrosmart-v1,simulado,sim-2026-06
f0bc7a48-0105-54e6-9e99-8c918f55d738,BV-02_20260605_0017.jpg,2026-06-05 07:38:39,BV-02,smartphone,saudavel,saudavel,0.9261,agrosmart-v1,simulado,sim-2026-06
b0595230-1c8e-5093-a260-b159454f6894,BV-02_20260605_0018.jpg,2026-06-05 07:39:08,BV-02,smartphone,saudavel,saudavel,0.9026,agrosmart-v1,simulado,sim-2026-06
525b3d95-eaf8-5e9e-948a-dac36bc999b2,BV-02_20260605_0019.jpg,2026-06-05 07:40:00,BV-02,smartphone,saudavel,saudavel,0.9159,agrosmart-v1,simulado,sim-2026-06
447fb32e-0c51-56b7-896a-ff1d4b395ca2,BV-02_20260605_0020.jpg,2026-06-05 07:40:25,BV-02,smartphone,saudavel,saudavel,0.9993,agrosmart-v1,simulado,sim-2026-06
7ef67048-7961-53eb-8249-4e26a3245120,BV-02_20260605_0021.jpg,2026-06-05 07:41:23,BV-02,smartphone,saudavel,saudavel,0.8972,agrosmart-v1,simulado,sim-2026-06
6a468006-867e-543a-9275-235c5953550d,BV-02_20260605_0022.jpg,2026-06-05 07:42:01,BV-02,smartphone,saudavel,saudavel,0.9077,agrosmart-v1,simulado,sim-2026-06
8dfc5e0e-a641-5c9f-9a78-d07dae84a421,BV-02_20260605_0023.jpg,2026-06-05 07:42:43,BV-02,smartphone,doente,pinta_preta,0.9818,agrosmart-v1,simulado,sim-2026-06
351d5b78-59a1-5710-9d74-1f47710d3b0e,BV-02_20260605_0024.jpg,2026-06-05 07:43:29,BV-02,smartphone,saudavel,saudavel,0.9165,agrosmart-v1,simulado,sim-2026-06
2104cea8-0890-5b76-9897-35c736c05f16,BV-02_20260605_0025.jpg,2026-06-05 07:43:42,BV-02,smartphone,saudavel,saudavel,0.9048,agrosmart-v1,simulado,sim-2026-06
0f58c269-2944-55c1-9bdb-18c5c0af69c7,BV-02_20260605_0026.jpg,2026-06-05 07:44:31,BV-02,smartphone,saudavel,saudavel,0.9585,agrosmart-v1,simulado,sim-2026-06
a791431c-b875-5601-a0c6-5834046d5bc0,BV-02_20260605_0027.jpg,2026-06-05 07:45:24,BV-02,smartphone,saudavel,saudavel,0.9464,agrosmart-v1,simulado,sim-2026-06
0307db4f-f64b-5387-84f1-321211c548da,BV-02_20260605_0028.jpg,2026-06-05 07:45:47,BV-02,smartphone,saudavel,saudavel,0.9997,agrosmart-v1,simulado,sim-2026-06
33e29455-ba1c-5ced-9b30-0d8944588ef1,BV-02_20260605_0029.jpg,2026-06-05 07:46:34,BV-02,smartphone,saudavel,saudavel,0.9811,agrosmart-v1,simulado,sim-2026-06
574fa784-e48d-5787-81c9-235521d0cdf1,BV-02_20260605_0030.jpg,2026-06-05 07:47:30,BV-02,smartphone,saudavel,saudavel,0.9613,agrosmart-v1,simulado,sim-2026-06
aa279cfd-94de-59ad-9909-36b78d5bcfcf,BV-02_20260605_0031.jpg,2026-06-05 07:47:54,BV-02,smartphone,saudavel,saudavel,0.9020,agrosmart-v1,simulado,sim-2026-06
491ed866-79e1-5c22-ac8c-1adc4feca34d,BV-02_20260605_0032.jpg,2026-06-05 07:48:50,BV-02,smartphone,saudavel,saudavel,0.5576,agrosmart-v1,simulado,sim-2026-06
d8ab3c3e-8774-58a8-a357-5d6d9f51a9dd,BV-02_20260605_0033.jpg,2026-06-05 07:49:27,BV-02,smartphone,saudavel,saudavel,0.9713,agrosmart-v1,simulado,sim-2026-06
87193c2a-a54c-51c8-8b5e-d1d84b8a2795,BV-02_20260605_0034.jpg,2026-06-05 07:50:05,BV-02,smartphone,doente,pinta_preta,0.8525,agrosmart-v1,simulado,sim-2026-06
21984190-1f7a-5a81-b434-873a4ba8877d,BV-02_20260605_0035.jpg,2026-06-05 07:50:50,BV-02,smartphone,saudavel,saudavel,0.9984,agrosmart-v1,simulado,sim-2026-06
56415097-403f-55ca-a661-2efb0c50cc1e,BV-02_20260605_0036.jpg,2026-06-05 07:51:04,BV-02,smartphone,saudavel,saudavel,0.9930,agrosmart-v1,simulado,sim-2026-06
547a6d70-47cf-530f-a5ca-d22c43d61a49,TI-01_20260605_0001.jpg,2026-06-05 07:51:44,TI-01,drone,saudavel,saudavel,0.8548,agrosmart-v1,simulado,sim-2026-06
cd4f6e73-75ba-5f25-8846-87e3d9366d4e,TI-01_20260605_0002.jpg,2026-06-05 07:52:39,TI-01,drone,saudavel,saudavel,0.8830,agrosmart-v1,simulado,sim-2026-06
70ce9464-cad6-59f5-a97e-bdb383f9e109,TI-01_20260605_0003.jpg,2026-06-05 07:53:30,TI-01,drone,doente,pinta_preta,0.9919,agrosmart-v1,simulado,sim-2026-06
180a2c87-9c0e-547d-a0ee-5a7f3aadfb5b,TI-01_20260605_0004.jpg,2026-06-05 07:53:44,TI-01,drone,saudavel,saudavel,0.9997,agrosmart-v1,simulado,sim-2026-06
6806d7d4-d25c-5aec-896f-46276eb51d6f,TI-01_20260605_0005.jpg,2026-06-05 07:54:35,TI-01,drone,saudavel,saudavel,0.9479,agrosmart-v1,simulado,sim-2026-06
9ec4a5c3-befd-5d46-af26-61917b2f9230,TI-01_20260605_0006.jpg,2026-06-05 07:55:12,TI-01,drone,saudavel,saudavel,0.9992,agrosmart-v1,simulado,sim-2026-06
0f1aefb7-1002-515e-803e-05073fa6a3c1,TI-01_20260605_0007.jpg,2026-06-05 07:55:46,TI-01,drone,saudavel,saudavel,0.9729,agrosmart-v1,simulado,sim-2026-06
adfed1f2-13cc-57c7-8acc-e8abe42ac99f,SC-03_20260605_0001.jpg,2026-06-05 07:55:56,SC-03,smartphone,saudavel,saudavel,0.9553,agrosmart-v1,simulado,sim-2026-06
05cd8d2f-c2ba-53bc-8174-4299a9d31e93,TI-01_20260605_0008.jpg,2026-06-05 07:56:20,TI-01,drone,saudavel,saudavel,0.9299,agrosmart-v1,simulado,sim-2026-06
570dcea1-918f-59a1-ad0e-896348e13f32,SC-03_20260605_0002.jpg,2026-06-05 07:56:34,SC-03,smartphone,saudavel,saudavel,0.9390,agrosmart-v1,simulado,sim-2026-06
90e46806-1e03-528b-97ab-4214e881d9ea,TI-01_20260605_0009.jpg,2026-06-05 07:57:05,TI-01,drone,saudavel,saudavel,0.9306,agrosmart-v1,simulado,sim-2026-06
f65153cf-536e-5b60-9dc8-0a928cdc04b5,SC-03_20260605_0003.jpg,2026-06-05 07:57:22,SC-03,smartphone,saudavel,saudavel,0.8894,agrosmart-v1,simulado,sim-2026-06
0214944e-ef76-5469-9520-c7bf07fd5a97,SC-03_20260605_0004.jpg,2026-06-05 07:57:44,SC-03,smartphone,doente,pinta_preta,0.9211,agrosmart-v1,simulado,sim-2026-06
6ed64436-07cf-530e-9229-b0c461d28df0,TI-01_20260605_0010.jpg,2026-06-05 07:57:49,TI-01,drone,saudavel,saudavel,0.9466,agrosmart-v1,simulado,sim-2026-06
4b402efd-7521-5355-b836-790925597f84,TI-01_20260605_0011.jpg,2026-06-05 07:58:34,TI-01,drone,saudavel,saudavel,0.8793,agrosmart-v1,simulado,sim-2026-06
84ed3054-bf11-53ef-90ce-08063180870d,SC-03_20260605_0005.jpg,2026-06-05 07:58:43,SC-03,smartphone,saudavel,saudavel,0.8925,agrosmart-v1,simulado,sim-2026-06
9a383171-cc7d-5cf5-b9ff-98eb01e92ecc,SC-03_20260605_0006.jpg,2026-06-05 07:59:02,SC-03,smartphone,saudavel,saudavel,0.9564,agrosmart-v1,simulado,sim-2026-06
3d5623d4-1673-5a5c-9548-d5233209e1ff,TI-01_20260605_0012.jpg,2026-06-05 07:59:07,TI-01,drone,saudavel,saudavel,0.7695,agrosmart-v1,simulado,sim-2026-06
bf7fa0bb-ac91-5d27-93c7-015747577b59,SC-03_20260605_0007.jpg,2026-06-05 07:59:54,SC-03,smartphone,saudavel,saudavel,0.6674,agrosmart-v1,simulado,sim-2026-06
56b888be-5dad-57fa-928e-fd0607bfa84b,TI-01_20260605_0013.jpg,2026-06-05 08:00:06,TI-01,drone,saudavel,saudavel,0.8228,agrosmart-v1,simulado,sim-2026-06
73cfada2-e041-5b06-9887-25db5a92ff24,SC-03_20260605_0008.jpg,2026-06-05 08:00:37,SC-03,smartphone,saudavel,saudavel,0.9571,agrosmart-v1,simulado,sim-2026-06
e056085b-c9bc-529b-83cd-4500992310b0,TI-01_20260605_0014.jpg,2026-06-05 08:00:48,TI-01,drone,saudavel,saudavel,0.9668,agrosmart-v1,simulado,sim-2026-06
a3cf9638-7bd0-5ca7-a67c-42e95afda7de,SC-03_20260605_0009.jpg,2026-06-05 08:01:14,SC-03,smartphone,saudavel,saudavel,0.9955,agrosmart-v1,simulado,sim-2026-06
55c10e7f-05b8-59cf-a2da-fc466dafa87b,TI-01_20260605_0015.jpg,2026-06-05 08:01:15,TI-01,drone,saudavel,saudavel,0.9779,agrosmart-v1,simulado,sim-2026-06
d563d4d8-eb7a-5468-a991-9c451596a597,SC-03_20260605_0010.jpg,2026-06-05 08:02:00,SC-03,smartphone,saudavel,saudavel,0.9382,agrosmart-v1,simulado,sim-2026-06
df945d39-58ee-5e2a-a23c-eed231d88109,TI-01_20260605_0016.jpg,2026-06-05 08:02:00,TI-01,drone,saudavel,saudavel,0.9434,agrosmart-v1,simulado,sim-2026-06
da948a22-c9fd-51db-9400-829b75abf0e1,SC-03_20260605_0011.jpg,2026-06-05 08:02:26,SC-03,smartphone,saudavel,saudavel,0.8759,agrosmart-v1,simulado,sim-2026-06
75b5fc3c-b8f5-5581-9afc-9e85b9439a89,TI-01_20260605_0017.jpg,2026-06-05 08:02:42,TI-01,drone,saudavel,saudavel,0.9571,agrosmart-v1,simulado,sim-2026-06
345ad3b9-23a3-59d8-b87d-447755d8d137,TI-01_20260605_0018.jpg,2026-06-05 08:03:23,TI-01,drone,saudavel,saudavel,0.9842,agrosmart-v1,simulado,sim-2026-06
ebbbb1fe-77a5-5980-a563-419688c87b7e,SC-03_20260605_0012.jpg,2026-06-05 08:03:27,SC-03,smartphone,saudavel,saudavel,0.9315,agrosmart-v1,simulado,sim-2026-06
a336e854-9009-5f6e-811d-5123cb7046f2,TI-01_20260605_0019.jpg,2026-06-05 08:03:42,TI-01,drone,saudavel,saudavel,0.9997,agrosmart-v1,simulado,sim-2026-06
0785893f-bbb9-56f8-9b4f-599b121ca850,SC-03_20260605_0013.jpg,2026-06-05 08:04:09,SC-03,smartphone,saudavel,saudavel,0.9128,agrosmart-v1,simulado,sim-2026-06
17e68863-47df-5fec-ac26-5d147bc392a4,SC-03_20260605_0014.jpg,2026-06-05 08:04:32,SC-03,smartphone,saudavel,saudavel,0.9943,agrosmart-v1,simulado,sim-2026-06
fcb77548-8a98-5562-9afa-7bb928cca870,TI-01_20260605_0020.jpg,2026-06-05 08:04:34,TI-01,drone,saudavel,saudavel,0.9755,agrosmart-v1,simulado,sim-2026-06
73997ca7-c0fd-50c2-8f29-db3a14b6f994,TI-01_20260605_0021.jpg,2026-06-05 08:05:13,TI-01,drone,saudavel,saudavel,0.8473,agrosmart-v1,simulado,sim-2026-06
5237c5ce-b457-56bb-bf98-8e25fb1c0899,SC-03_20260605_0015.jpg,2026-06-05 08:05:19,SC-03,smartphone,doente,pinta_preta,0.9436,agrosmart-v1,simulado,sim-2026-06
a1a0377f-7357-5a6e-ba1b-50a16161c33a,SC-03_20260605_0016.jpg,2026-06-05 08:05:42,SC-03,smartphone,saudavel,saudavel,0.9891,agrosmart-v1,simulado,sim-2026-06
3bd206e7-c763-5751-a75d-566d50a3ae92,TI-01_20260605_0022.jpg,2026-06-05 08:06:07,TI-01,drone,saudavel,saudavel,0.9483,agrosmart-v1,simulado,sim-2026-06
18881a8a-a824-517f-8373-eca8a0850b95,TI-01_20260605_0023.jpg,2026-06-05 08:06:24,TI-01,drone,saudavel,saudavel,0.8245,agrosmart-v1,simulado,sim-2026-06
fdc6b4aa-84a5-5492-b930-0c19e6e9e08c,SC-03_20260605_0017.jpg,2026-06-05 08:06:31,SC-03,smartphone,saudavel,saudavel,0.9715,agrosmart-v1,simulado,sim-2026-06
d27909b4-b1fa-5dec-a4e4-281f6a4c6282,SC-03_20260605_0018.jpg,2026-06-05 08:07:02,SC-03,smartphone,saudavel,saudavel,0.9309,agrosmart-v1,simulado,sim-2026-06
3d656102-af5e-58ae-ac05-fa66b263dbc5,TI-01_20260605_0024.jpg,2026-06-05 08:07:08,TI-01,drone,saudavel,saudavel,0.8491,agrosmart-v1,simulado,sim-2026-06
99f00d4f-ac50-53f8-968e-aa2ecc1494d9,SC-03_20260605_0019.jpg,2026-06-05 08:07:43,SC-03,smartphone,saudavel,saudavel,1.0000,agrosmart-v1,simulado,sim-2026-06
971e8b5a-0ee2-51ea-b8cf-46ebd4a0a113,TI-01_20260605_0025.jpg,2026-06-05 08:07:51,TI-01,drone,saudavel,saudavel,0.8530,agrosmart-v1,simulado,sim-2026-06
5909d324-c5b0-5016-ae81-ddb613ba6d0a,TI-01_20260605_0026.jpg,2026-06-05 08:08:25,TI-01,drone,saudavel,saudavel,0.9612,agrosmart-v1,simulado,sim-2026-06
aa498b2c-e504-5e2f-a790-612a3d3032b3,SC-03_20260605_0020.jpg,2026-06-05 08:08:42,SC-03,smartphone,saudavel,saudavel,0.8842,agrosmart-v1,simulado,sim-2026-06
d8f09970-1f53-557d-8256-1fc60d6bf3d6,TI-01_20260605_0027.jpg,2026-06-05 08:09:01,TI-01,drone,saudavel,saudavel,0.9371,agrosmart-v1,simulado,sim-2026-06
2c03e3b4-2abb-55ad-8ece-35cf69768832,SC-03_20260605_0021.jpg,2026-06-05 08:09:28,SC-03,smartphone,saudavel,saudavel,0.8819,agrosmart-v1,simulado,sim-2026-06
e53e0788-22d5-5b1b-80c5-ff1905041a2c,TI-01_20260605_0028.jpg,2026-06-05 08:09:52,TI-01,drone,saudavel,saudavel,0.9325,agrosmart-v1,simulado,sim-2026-06
e3e8e2d9-85ea-5c44-9ab8-b1203b822672,SC-03_20260605_0022.jpg,2026-06-05 08:10:07,SC-03,smartphone,saudavel,saudavel,0.8431,agrosmart-v1,simulado,sim-2026-06
62260fd8-18ca-5f0b-ab53-5c2cb6a0bcab,SC-03_20260605_0023.jpg,2026-06-05 08:10:24,SC-03,smartphone,saudavel,saudavel,0.9894,agrosmart-v1,simulado,sim-2026-06
7c016646-89b9-5617-bba1-f80d1ef34145,TI-01_20260605_0029.jpg,2026-06-05 08:10:39,TI-01,drone,saudavel,saudavel,0.9924,agrosmart-v1,simulado,sim-2026-06
8e11a537-a975-56e0-afdc-13cfe00940e9,SC-03_20260605_0024.jpg,2026-06-05 08:11:18,SC-03,smartphone,saudavel,saudavel,0.9998,agrosmart-v1,simulado,sim-2026-06
0c1b2514-9699-5458-a132-5a83bff59f20,TI-01_20260605_0030.jpg,2026-06-05 08:11:29,TI-01,drone,saudavel,saudavel,0.9991,agrosmart-v1,simulado,sim-2026-06
d47ab1f4-7f6c-5c32-9dec-af07d87eac4b,TI-01_20260605_0031.jpg,2026-06-05 08:11:43,TI-01,drone,saudavel,saudavel,0.9998,agrosmart-v1,simulado,sim-2026-06
dfaadaaa-6086-5167-8e1b-5b145a61d211,TI-01_20260605_0032.jpg,2026-06-05 08:12:49,TI-01,drone,saudavel,saudavel,0.9823,agrosmart-v1,simulado,sim-2026-06
285c1d17-f565-5c4c-80be-966829baf711,TI-01_20260605_0033.jpg,2026-06-05 08:13:03,TI-01,drone,saudavel,saudavel,0.9925,agrosmart-v1,simulado,sim-2026-06
127338a9-98ff-5117-8702-59033b4abe12,TI-01_20260605_0034.jpg,2026-06-05 08:13:54,TI-01,drone,saudavel,saudavel,0.9915,agrosmart-v1,simulado,sim-2026-06
158f27aa-70d5-5720-9cf3-49623d6432e8,TI-01_20260605_0035.jpg,2026-06-05 08:14:24,TI-01,drone,saudavel,saudavel,0.9981,agrosmart-v1,simulado,sim-2026-06
d91e6218-08f8-5b4e-9fe4-877e3e2d96b3,TI-01_20260605_0036.jpg,2026-06-05 08:15:08,TI-01,drone,saudavel,saudavel,0.8839,agrosmart-v1,simulado,sim-2026-06
1d0f6aaa-8205-5698-98dc-c5de0cbf056c,TI-01_20260605_0037.jpg,2026-06-05 08:15:48,TI-01,drone,saudavel,saudavel,0.9841,agrosmart-v1,simulado,sim-2026-06
2569b2c0-d8fc-5f05-a73b-0d6553e4c101,TI-01_20260605_0038.jpg,2026-06-05 08:16:45,TI-01,drone,saudavel,saudavel,0.9968,agrosmart-v1,simulado,sim-2026-06
e0e84b55-bc1b-599c-b744-db59e2c1ca2d,TI-01_20260605_0039.jpg,2026-06-05 08:17:27,TI-01,drone,saudavel,saudavel,0.8961,agrosmart-v1,simulado,sim-2026-06
0e6b8c13-c6d8-52ca-a451-a35b14fe2a25,TI-01_20260605_0040.jpg,2026-06-05 08:18:06,TI-01,drone,saudavel,saudavel,0.9639,agrosmart-v1,simulado,sim-2026-06
75a6a737-dc47-581d-b363-583d603ce014,TI-01_20260605_0041.jpg,2026-06-05 08:18:42,TI-01,drone,saudavel,saudavel,0.9214,agrosmart-v1,simulado,sim-2026-06
3f9237dc-b2bc-50d9-80eb-7e57756abddf,SC-02_20260605_0001.jpg,2026-06-05 08:40:01,SC-02,smartphone,doente,requeima,0.9834,agrosmart-v1,simulado,sim-2026-06
ecab9f33-da1f-5d4b-84eb-8b48ed19a69d,SC-02_20260605_0002.jpg,2026-06-05 08:40:49,SC-02,smartphone,saudavel,saudavel,0.9981,agrosmart-v1,simulado,sim-2026-06
89ae39ea-f665-551e-8e14-d4226443dbe9,SC-02_20260605_0003.jpg,2026-06-05 08:41:00,SC-02,smartphone,saudavel,saudavel,0.9169,agrosmart-v1,simulado,sim-2026-06
def86e31-d3c0-5bca-8afa-3b4485088010,SC-02_20260605_0004.jpg,2026-06-05 08:42:05,SC-02,smartphone,saudavel,saudavel,0.9362,agrosmart-v1,simulado,sim-2026-06
eafd220e-5cfa-553a-8de1-d76e245689aa,SC-02_20260605_0005.jpg,2026-06-05 08:42:50,SC-02,smartphone,saudavel,saudavel,0.9250,agrosmart-v1,simulado,sim-2026-06
cf170342-f860-5ef5-98d8-6e90171415b3,SC-02_20260605_0006.jpg,2026-06-05 08:43:29,SC-02,smartphone,saudavel,saudavel,0.9372,agrosmart-v1,simulado,sim-2026-06
59dc581c-2a39-5c48-8474-aa2f4bc0427d,SC-02_20260605_0007.jpg,2026-06-05 08:44:03,SC-02,smartphone,saudavel,saudavel,0.9968,agrosmart-v1,simulado,sim-2026-06
c58d1556-de98-5f6b-9122-3267e1d62539,BV-04_20260605_0001.jpg,2026-06-05 08:44:04,BV-04,smartphone,saudavel,saudavel,0.8750,agrosmart-v1,simulado,sim-2026-06
21b481a3-8702-5b63-b82d-0f5ab92125c9,BV-04_20260605_0002.jpg,2026-06-05 08:44:28,BV-04,smartphone,saudavel,saudavel,0.8467,agrosmart-v1,simulado,sim-2026-06
890387e4-c6f5-5012-9d6a-8db5a24ad2e6,SC-02_20260605_0008.jpg,2026-06-05 08:44:29,SC-02,smartphone,saudavel,saudavel,0.9886,agrosmart-v1,simulado,sim-2026-06
a255aba1-68ed-59f6-a822-2f344d2ab995,SC-02_20260605_0009.jpg,2026-06-05 08:45:12,SC-02,smartphone,doente,vaquinha,0.9993,agrosmart-v1,simulado,sim-2026-06
1ea8cf3b-2d2e-5f91-b53f-f1d604121974,BV-04_20260605_0003.jpg,2026-06-05 08:45:25,BV-04,smartphone,saudavel,saudavel,0.9995,agrosmart-v1,simulado,sim-2026-06
e9bcc509-b480-567d-94d0-e0627acc0509,SC-02_20260605_0010.jpg,2026-06-05 08:45:41,SC-02,smartphone,saudavel,saudavel,0.8692,agrosmart-v1,simulado,sim-2026-06
09e7ef10-b108-5fbc-a171-27f838ddd97b,BV-04_20260605_0004.jpg,2026-06-05 08:46:02,BV-04,smartphone,saudavel,saudavel,0.8467,agrosmart-v1,simulado,sim-2026-06
b3852932-37b3-5a11-8d71-05c8fb64e7e2,BV-04_20260605_0005.jpg,2026-06-05 08:46:21,BV-04,smartphone,saudavel,saudavel,0.9171,agrosmart-v1,simulado,sim-2026-06
0ee3438d-f0a3-51e8-922b-33a620c8ea8e,SC-02_20260605_0011.jpg,2026-06-05 08:46:47,SC-02,smartphone,saudavel,saudavel,0.8706,agrosmart-v1,simulado,sim-2026-06
7d2eb882-662c-5eb4-b45b-a84aa45f1ecc,BV-04_20260605_0006.jpg,2026-06-05 08:47:07,BV-04,smartphone,saudavel,saudavel,0.9091,agrosmart-v1,simulado,sim-2026-06
5c5b2455-dfd4-5b3e-9edd-9a22f8593b0f,SC-02_20260605_0012.jpg,2026-06-05 08:47:07,SC-02,smartphone,saudavel,saudavel,0.9989,agrosmart-v1,simulado,sim-2026-06
10ec7702-e682-5676-af38-29e1934bb6b7,BV-04_20260605_0007.jpg,2026-06-05 08:47:45,BV-04,smartphone,saudavel,saudavel,0.9718,agrosmart-v1,simulado,sim-2026-06
140751a9-588a-5cd2-a381-bcb70029f137,SC-02_20260605_0013.jpg,2026-06-05 08:48:05,SC-02,smartphone,saudavel,saudavel,0.9837,agrosmart-v1,simulado,sim-2026-06
8db241dc-5d7d-5e9e-8734-3d10f16cbf52,BV-04_20260605_0008.jpg,2026-06-05 08:48:28,BV-04,smartphone,saudavel,saudavel,0.8649,agrosmart-v1,simulado,sim-2026-06
bbaf5731-74a6-5092-aa34-5b049ad73a32,SC-02_20260605_0014.jpg,2026-06-05 08:48:46,SC-02,smartphone,saudavel,saudavel,0.8741,agrosmart-v1,simulado,sim-2026-06
98376a7d-f40c-51d3-9808-3c26d5afe881,SC-04_20260605_0001.jpg,2026-06-05 08:49:02,SC-04,smartphone,saudavel,saudavel,0.9308,agrosmart-v1,simulado,sim-2026-06
47563a07-76bf-5e98-b7f4-f0dc6b454eb8,SC-02_20260605_0015.jpg,2026-06-05 08:49:03,SC-02,smartphone,saudavel,saudavel,0.9962,agrosmart-v1,simulado,sim-2026-06
90cfe20f-a6c0-5daa-b957-578a5c3c83c0,BV-04_20260605_0009.jpg,2026-06-05 08:49:25,BV-04,smartphone,saudavel,saudavel,0.5231,agrosmart-v1,simulado,sim-2026-06
2f7eacc0-0cd6-5397-9f26-4af679228edf,SC-04_20260605_0002.jpg,2026-06-05 08:49:38,SC-04,smartphone,saudavel,saudavel,0.8469,agrosmart-v1,simulado,sim-2026-06
fb076bd3-2c39-5974-b721-7b5cb9aa57a1,BV-04_20260605_0010.jpg,2026-06-05 08:49:48,BV-04,smartphone,saudavel,saudavel,0.9329,agrosmart-v1,simulado,sim-2026-06
8d557434-ec14-5c33-a40e-e8371a1d3365,SC-02_20260605_0016.jpg,2026-06-05 08:49:53,SC-02,smartphone,saudavel,saudavel,0.8489,agrosmart-v1,simulado,sim-2026-06
a72d0419-348f-5a0c-b1eb-9e409b8087bd,SC-04_20260605_0003.jpg,2026-06-05 08:50:21,SC-04,smartphone,saudavel,saudavel,0.9860,agrosmart-v1,simulado,sim-2026-06
f7f64933-93ee-5ee7-b55d-f9bf0dbe0a98,SC-02_20260605_0017.jpg,2026-06-05 08:50:28,SC-02,smartphone,saudavel,saudavel,0.7283,agrosmart-v1,simulado,sim-2026-06
e54ec8d0-f7e8-5be2-b7fa-14a15ca2f1f8,BV-04_20260605_0011.jpg,2026-06-05 08:50:30,BV-04,smartphone,saudavel,saudavel,0.8253,agrosmart-v1,simulado,sim-2026-06
709deb39-eb33-5af9-b7f3-ceb19852d331,TI-03_20260605_0001.jpg,2026-06-05 08:50:55,TI-03,drone,saudavel,saudavel,0.9914,agrosmart-v1,simulado,sim-2026-06
49cc467c-7a22-5064-95d2-e57a19532b2f,SC-04_20260605_0004.jpg,2026-06-05 08:51:05,SC-04,smartphone,saudavel,saudavel,0.9076,agrosmart-v1,simulado,sim-2026-06
eef72985-3e8d-5cb5-b0df-5a0720c0965b,SC-04_20260605_0005.jpg,2026-06-05 08:51:20,SC-04,smartphone,saudavel,saudavel,0.9207,agrosmart-v1,simulado,sim-2026-06
b93cbdc4-251d-57b0-b27d-0809cdf8a0f0,TI-03_20260605_0002.jpg,2026-06-05 08:51:20,TI-03,drone,saudavel,saudavel,0.9055,agrosmart-v1,simulado,sim-2026-06
8868e3d3-b7b3-51cb-bd1f-3aa53b9c0581,BV-04_20260605_0012.jpg,2026-06-05 08:51:25,BV-04,smartphone,saudavel,saudavel,0.9955,agrosmart-v1,simulado,sim-2026-06
f664fb7a-e37a-5267-959e-9fbb45a8df90,SC-02_20260605_0018.jpg,2026-06-05 08:51:29,SC-02,smartphone,saudavel,saudavel,0.9967,agrosmart-v1,simulado,sim-2026-06
b16dfefe-843d-597c-9272-8903ccd9db60,BV-04_20260605_0013.jpg,2026-06-05 08:51:47,BV-04,smartphone,saudavel,saudavel,0.8331,agrosmart-v1,simulado,sim-2026-06
c5cde9f5-6c9d-5ac7-95de-186e0eb0e18f,SC-02_20260605_0019.jpg,2026-06-05 08:51:59,SC-02,smartphone,saudavel,saudavel,0.9851,agrosmart-v1,simulado,sim-2026-06
dfdb87b0-9379-509c-a23b-ff6d51e3f3bd,TI-03_20260605_0003.jpg,2026-06-05 08:52:10,TI-03,drone,saudavel,saudavel,0.8995,agrosmart-v1,simulado,sim-2026-06
bb8104d5-e2da-50e1-8621-a6e0762b20c9,SC-04_20260605_0006.jpg,2026-06-05 08:52:26,SC-04,smartphone,saudavel,saudavel,0.9695,agrosmart-v1,simulado,sim-2026-06
d813ec5f-4fee-5e78-a6dd-be0140f7eda5,SC-02_20260605_0020.jpg,2026-06-05 08:52:27,SC-02,smartphone,doente,vaquinha,0.8922,agrosmart-v1,simulado,sim-2026-06
a843665e-16ec-5fba-bd44-c45de7a7fcda,BV-04_20260605_0014.jpg,2026-06-05 08:52:30,BV-04,smartphone,saudavel,saudavel,0.9157,agrosmart-v1,simulado,sim-2026-06
198f8ebe-68bd-5737-9eba-1da7fad81108,SC-04_20260605_0007.jpg,2026-06-05 08:52:52,SC-04,smartphone,saudavel,saudavel,0.9940,agrosmart-v1,simulado,sim-2026-06
fdae19c1-ca2d-5284-96d3-fce7d8751eba,SC-02_20260605_0021.jpg,2026-06-05 08:53:00,SC-02,smartphone,saudavel,saudavel,0.9970,agrosmart-v1,simulado,sim-2026-06
11f63c77-380b-54b4-b14b-063da9703e74,TI-03_20260605_0004.jpg,2026-06-05 08:53:03,TI-03,drone,saudavel,saudavel,0.8355,agrosmart-v1,simulado,sim-2026-06
9884a3e2-690a-5592-a16e-199c156f63b8,BV-04_20260605_0015.jpg,2026-06-05 08:53:15,BV-04,smartphone,saudavel,saudavel,0.8856,agrosmart-v1,simulado,sim-2026-06
4e54a9e9-f5e6-5dee-9c22-aa43fee13bf2,TI-03_20260605_0005.jpg,2026-06-05 08:53:34,TI-03,drone,saudavel,saudavel,0.8772,agrosmart-v1,simulado,sim-2026-06
77c6cf2e-ecb5-5497-87a1-1d157dc09487,SC-04_20260605_0008.jpg,2026-06-05 08:53:39,SC-04,smartphone,saudavel,saudavel,0.8456,agrosmart-v1,simulado,sim-2026-06
d905ccca-45c3-59dc-ab99-fb788f855715,BV-04_20260605_0016.jpg,2026-06-05 08:53:51,BV-04,smartphone,saudavel,saudavel,0.9362,agrosmart-v1,simulado,sim-2026-06
46d5983c-095e-51a4-950e-ceb2c5d68f98,SC-02_20260605_0022.jpg,2026-06-05 08:53:59,SC-02,smartphone,saudavel,saudavel,0.9218,agrosmart-v1,simulado,sim-2026-06
a86aac4a-e01c-5f2c-b67e-0ab44551571d,TI-03_20260605_0006.jpg,2026-06-05 08:54:09,TI-03,drone,saudavel,saudavel,0.8972,agrosmart-v1,simulado,sim-2026-06
b54fa406-4031-5aa9-ae53-615e22ddc90f,SC-04_20260605_0009.jpg,2026-06-05 08:54:20,SC-04,smartphone,saudavel,saudavel,0.9261,agrosmart-v1,simulado,sim-2026-06
2a2975b0-e9f1-5fc1-9062-3a570aadfff1,BV-04_20260605_0017.jpg,2026-06-05 08:54:25,BV-04,smartphone,saudavel,saudavel,0.8500,agrosmart-v1,simulado,sim-2026-06
e5f79a62-ae83-5751-89d5-8fbc8a4eb5be,TI-03_20260605_0007.jpg,2026-06-05 08:54:40,TI-03,drone,saudavel,saudavel,0.9735,agrosmart-v1,simulado,sim-2026-06
9d0179c8-47d0-53af-8c7e-236eeaae3576,SC-02_20260605_0023.jpg,2026-06-05 08:54:41,SC-02,smartphone,saudavel,saudavel,0.9993,agrosmart-v1,simulado,sim-2026-06
af90c758-8bea-525a-b444-da86ed673c79,SC-01_20260605_0001.jpg,2026-06-05 08:54:43,SC-01,smartphone,saudavel,saudavel,0.8246,agrosmart-v1,simulado,sim-2026-06
8006659e-46f1-51e7-9f85-905d117a406d,SC-04_20260605_0010.jpg,2026-06-05 08:55:09,SC-04,smartphone,saudavel,saudavel,0.8747,agrosmart-v1,simulado,sim-2026-06
527969b8-2fd7-5872-928f-279e9202426d,BV-04_20260605_0018.jpg,2026-06-05 08:55:14,BV-04,smartphone,saudavel,saudavel,0.9900,agrosmart-v1,simulado,sim-2026-06
5a3b27c0-049a-5dd8-8cf4-5166809cff84,SC-02_20260605_0024.jpg,2026-06-05 08:55:15,SC-02,smartphone,saudavel,saudavel,0.9082,agrosmart-v1,simulado,sim-2026-06
848f4fb9-e020-53f2-b4eb-ee0f8209839b,TI-03_20260605_0008.jpg,2026-06-05 08:55:27,TI-03,drone,saudavel,saudavel,0.8214,agrosmart-v1,simulado,sim-2026-06
0160ef5d-833a-5b3b-bfb7-54c38e7ca8b4,SC-04_20260605_0011.jpg,2026-06-05 08:55:34,SC-04,smartphone,saudavel,saudavel,0.9423,agrosmart-v1,simulado,sim-2026-06
106aac2b-42dc-52e4-8821-bece4b58782a,BV-04_20260605_0019.jpg,2026-06-05 08:55:41,BV-04,smartphone,saudavel,saudavel,0.9963,agrosmart-v1,simulado,sim-2026-06
a77e0437-31c3-5646-ac71-17871d3ea97c,SC-01_20260605_0002.jpg,2026-06-05 08:55:46,SC-01,smartphone,saudavel,saudavel,0.9695,agrosmart-v1,simulado,sim-2026-06
a9b8868f-194e-5ce4-8f63-0678ef202fbf,SC-02_20260605_0025.jpg,2026-06-05 08:55:47,SC-02,smartphone,saudavel,saudavel,0.9343,agrosmart-v1,simulado,sim-2026-06
6c4d31d0-4983-57a2-8ac9-e4b4df814871,TI-03_20260605_0009.jpg,2026-06-05 08:56:11,TI-03,drone,saudavel,saudavel,0.9800,agrosmart-v1,simulado,sim-2026-06
d27b5e97-8601-533b-98b7-ca21cddf5464,SC-01_20260605_0003.jpg,2026-06-05 08:56:19,SC-01,smartphone,saudavel,saudavel,0.6064,agrosmart-v1,simulado,sim-2026-06
3e644b01-97a9-54f1-a5d2-698e1316301e,SC-04_20260605_0012.jpg,2026-06-05 08:56:19,SC-04,smartphone,saudavel,saudavel,0.9276,agrosmart-v1,simulado,sim-2026-06
471204ab-b6ab-5472-96a9-a57a08919ce9,SC-02_20260605_0026.jpg,2026-06-05 08:56:23,SC-02,smartphone,saudavel,saudavel,0.9577,agrosmart-v1,simulado,sim-2026-06
85766c2f-aa8b-5f56-872b-4a98aa3da635,BV-04_20260605_0020.jpg,2026-06-05 08:56:38,BV-04,smartphone,saudavel,saudavel,0.8302,agrosmart-v1,simulado,sim-2026-06
e43bfb29-5270-5c26-8fbc-19de4e2b0857,TI-03_20260605_0010.jpg,2026-06-05 08:56:52,TI-03,drone,saudavel,saudavel,0.9364,agrosmart-v1,simulado,sim-2026-06
ffd3afea-9738-50f5-96a5-8dc2030ff4ac,SC-01_20260605_0004.jpg,2026-06-05 08:56:56,SC-01,smartphone,saudavel,saudavel,0.9881,agrosmart-v1,simulado,sim-2026-06
51e28fc4-658d-52b5-a5e1-0d734d6855eb,SC-04_20260605_0013.jpg,2026-06-05 08:56:58,SC-04,smartphone,saudavel,saudavel,0.8764,agrosmart-v1,simulado,sim-2026-06
536a4f4d-3f17-5141-971e-ea3f2265a074,BV-04_20260605_0021.jpg,2026-06-05 08:57:09,BV-04,smartphone,saudavel,saudavel,0.9702,agrosmart-v1,simulado,sim-2026-06
d1579409-0046-5b63-b6cd-a58298333a67,SC-02_20260605_0027.jpg,2026-06-05 08:57:18,SC-02,smartphone,saudavel,saudavel,0.9024,agrosmart-v1,simulado,sim-2026-06
f654aab7-a6bb-5a98-b72a-5037009c0f55,SC-04_20260605_0014.jpg,2026-06-05 08:57:29,SC-04,smartphone,saudavel,saudavel,0.9643,agrosmart-v1,simulado,sim-2026-06
907ec878-1f5a-5885-874d-0843ffe98ba2,SC-01_20260605_0005.jpg,2026-06-05 08:57:34,SC-01,smartphone,saudavel,saudavel,1.0000,agrosmart-v1,simulado,sim-2026-06
f2c380b8-5d19-5070-923b-d5748db5ca39,TI-03_20260605_0011.jpg,2026-06-05 08:57:49,TI-03,drone,saudavel,saudavel,0.8202,agrosmart-v1,simulado,sim-2026-06
0699d10c-dfe5-5aa2-9b1f-cf6171f91806,SC-02_20260605_0028.jpg,2026-06-05 08:57:53,SC-02,smartphone,saudavel,saudavel,0.8848,agrosmart-v1,simulado,sim-2026-06
d9da9597-9d7b-545f-90ca-592ee1576b5c,BV-04_20260605_0022.jpg,2026-06-05 08:58:00,BV-04,smartphone,saudavel,saudavel,0.9962,agrosmart-v1,simulado,sim-2026-06
82cfeba7-14b8-5dbc-8756-a13d97684b72,SC-04_20260605_0015.jpg,2026-06-05 08:58:03,SC-04,smartphone,saudavel,saudavel,0.9546,agrosmart-v1,simulado,sim-2026-06
e1965059-7329-5d5f-9d24-873a731d23f7,BV-03_20260605_0001.jpg,2026-06-05 08:58:09,BV-03,smartphone,saudavel,saudavel,0.9400,agrosmart-v1,simulado,sim-2026-06
dc2d68f6-7c07-52e7-a478-3cfd81754491,TI-03_20260605_0012.jpg,2026-06-05 08:58:14,TI-03,drone,saudavel,saudavel,0.9721,agrosmart-v1,simulado,sim-2026-06
2a1f2e9c-7922-597d-8c69-8ec527999152,SC-01_20260605_0006.jpg,2026-06-05 08:58:19,SC-01,smartphone,saudavel,saudavel,0.9987,agrosmart-v1,simulado,sim-2026-06
f4eea0aa-d363-5a44-9efb-24eebfc47bae,BV-04_20260605_0023.jpg,2026-06-05 08:58:27,BV-04,smartphone,saudavel,saudavel,0.9104,agrosmart-v1,simulado,sim-2026-06
4d600bf6-fffb-53cc-9705-ac271dd1a6b5,TI-03_20260605_0013.jpg,2026-06-05 08:58:40,TI-03,drone,saudavel,saudavel,0.8679,agrosmart-v1,simulado,sim-2026-06
e2f47df4-d6c3-5702-8930-1ca75e70c52f,BV-03_20260605_0002.jpg,2026-06-05 08:58:47,BV-03,smartphone,saudavel,saudavel,0.9954,agrosmart-v1,simulado,sim-2026-06
5b3041d8-e597-56ae-b7d5-15f9fa594d90,SC-02_20260605_0029.jpg,2026-06-05 08:58:48,SC-02,smartphone,saudavel,saudavel,0.8978,agrosmart-v1,simulado,sim-2026-06
fb0bee90-3f45-5080-bd46-384d5c2c4cb9,SC-04_20260605_0016.jpg,2026-06-05 08:58:49,SC-04,smartphone,saudavel,saudavel,0.8923,agrosmart-v1,simulado,sim-2026-06
3c6c174c-c3ea-55ed-bef9-9a85cf48a215,SC-01_20260605_0007.jpg,2026-06-05 08:59:09,SC-01,smartphone,saudavel,saudavel,0.9922,agrosmart-v1,simulado,sim-2026-06
47b150c4-5402-56cf-ab02-2b5f8ba02140,BV-03_20260605_0003.jpg,2026-06-05 08:59:14,BV-03,smartphone,saudavel,saudavel,0.9895,agrosmart-v1,simulado,sim-2026-06
9f150c2f-2f86-55c2-8ea1-849247a9155a,SC-02_20260605_0030.jpg,2026-06-05 08:59:19,SC-02,smartphone,saudavel,saudavel,0.9622,agrosmart-v1,simulado,sim-2026-06
59b12ca7-b462-5bbc-98c1-9c51b06507e4,BV-04_20260605_0024.jpg,2026-06-05 08:59:21,BV-04,smartphone,saudavel,saudavel,0.9081,agrosmart-v1,simulado,sim-2026-06
4b9346cd-5316-51a7-b031-f665be8e2e2c,TI-03_20260605_0014.jpg,2026-06-05 08:59:23,TI-03,drone,saudavel,saudavel,0.9733,agrosmart-v1,simulado,sim-2026-06
b3ff83d8-627b-54fd-91b5-7efb57e785a0,SC-01_20260605_0008.jpg,2026-06-05 08:59:29,SC-01,smartphone,saudavel,saudavel,1.0000,agrosmart-v1,simulado,sim-2026-06
930e79c9-eac2-534b-899b-e9767d5d3364,SC-04_20260605_0017.jpg,2026-06-05 08:59:34,SC-04,smartphone,saudavel,saudavel,1.0000,agrosmart-v1,simulado,sim-2026-06
b96d1127-366e-5124-bd33-92b559d782fc,SC-02_20260605_0031.jpg,2026-06-05 08:59:46,SC-02,smartphone,saudavel,saudavel,0.8525,agrosmart-v1,simulado,sim-2026-06
2afeeb85-6ae2-5cff-a3cb-d896a70f46b7,BV-03_20260605_0004.jpg,2026-06-05 08:59:57,BV-03,smartphone,saudavel,saudavel,0.9430,agrosmart-v1,simulado,sim-2026-06
58eb1b0d-1241-52b6-bffa-98b4af59427d,BV-04_20260605_0025.jpg,2026-06-05 09:00:00,BV-04,smartphone,saudavel,saudavel,0.9711,agrosmart-v1,simulado,sim-2026-06
bd62b32e-97c2-581c-b43a-8ca001e8b80d,SC-01_20260605_0009.jpg,2026-06-05 09:00:02,SC-01,smartphone,saudavel,saudavel,0.9858,agrosmart-v1,simulado,sim-2026-06
9b939c57-f574-5f2f-acfd-75c53f9da52b,TI-03_20260605_0015.jpg,2026-06-05 09:00:02,TI-03,drone,saudavel,saudavel,0.9454,agrosmart-v1,simulado,sim-2026-06
c67ba350-774a-553f-b1c5-77fdc7248cb8,SC-04_20260605_0018.jpg,2026-06-05 09:00:06,SC-04,smartphone,saudavel,saudavel,0.9370,agrosmart-v1,simulado,sim-2026-06
a99d7c83-6f07-56e4-9fce-5fcadc07453e,BV-04_20260605_0026.jpg,2026-06-05 09:00:24,BV-04,smartphone,saudavel,saudavel,0.8988,agrosmart-v1,simulado,sim-2026-06
488feacd-af34-5b3d-9a73-d1ac65ec0b86,SC-02_20260605_0032.jpg,2026-06-05 09:00:26,SC-02,smartphone,doente,requeima,0.6455,agrosmart-v1,simulado,sim-2026-06
860a02a1-c58f-5f9c-b9e7-b6beeb24208a,BV-03_20260605_0005.jpg,2026-06-05 09:00:44,BV-03,smartphone,saudavel,saudavel,0.9878,agrosmart-v1,simulado,sim-2026-06
e9666f9d-c201-5e73-af9c-dd7a48ba4004,TI-03_20260605_0016.jpg,2026-06-05 09:00:44,TI-03,drone,saudavel,saudavel,0.9479,agrosmart-v1,simulado,sim-2026-06
7bc064e9-cbe9-52f0-b894-c04f04e085d3,SC-04_20260605_0019.jpg,2026-06-05 09:00:55,SC-04,smartphone,saudavel,saudavel,0.9776,agrosmart-v1,simulado,sim-2026-06
1131f115-a969-5e5c-b21e-f1b480eb737d,SC-01_20260605_0010.jpg,2026-06-05 09:01:01,SC-01,smartphone,saudavel,saudavel,0.9640,agrosmart-v1,simulado,sim-2026-06
da23ed50-ad8c-5e3d-a513-6e9cb38c957d,BV-03_20260605_0006.jpg,2026-06-05 09:01:11,BV-03,smartphone,saudavel,saudavel,0.9324,agrosmart-v1,simulado,sim-2026-06
596e434c-c9af-5110-816f-a3f5806d54a6,SC-02_20260605_0033.jpg,2026-06-05 09:01:12,SC-02,smartphone,saudavel,saudavel,0.8444,agrosmart-v1,simulado,sim-2026-06
aa1e37c8-55c2-54c5-b848-ffe5d8f1ab66,BV-04_20260605_0027.jpg,2026-06-05 09:01:14,BV-04,smartphone,saudavel,saudavel,0.8815,agrosmart-v1,simulado,sim-2026-06
d580da65-8b98-5a8c-a655-583b6382de7f,SC-01_20260605_0011.jpg,2026-06-05 09:01:20,SC-01,smartphone,saudavel,saudavel,0.9547,agrosmart-v1,simulado,sim-2026-06
16c0db84-5a58-50fd-a2ba-68d277b86e19,SC-04_20260605_0020.jpg,2026-06-05 09:01:24,SC-04,smartphone,saudavel,saudavel,0.9520,agrosmart-v1,simulado,sim-2026-06
5c5687f4-b9fa-50db-aa57-1435b9e7efa0,TI-03_20260605_0017.jpg,2026-06-05 09:01:32,TI-03,drone,saudavel,saudavel,0.9180,agrosmart-v1,simulado,sim-2026-06
d3d25121-c40b-5779-8ce2-b1013cde8147,SC-02_20260605_0034.jpg,2026-06-05 09:01:44,SC-02,smartphone,saudavel,saudavel,0.9937,agrosmart-v1,simulado,sim-2026-06
ad5c273e-6f20-5042-9c59-188004812cd0,BV-03_20260605_0007.jpg,2026-06-05 09:01:50,BV-03,smartphone,saudavel,saudavel,0.9344,agrosmart-v1,simulado,sim-2026-06
03922f22-98d6-5c88-a911-a9cd64c30076,BV-04_20260605_0028.jpg,2026-06-05 09:01:58,BV-04,smartphone,saudavel,saudavel,0.9931,agrosmart-v1,simulado,sim-2026-06
2a00cca0-8370-5972-afe3-ba88af63019a,SC-01_20260605_0012.jpg,2026-06-05 09:02:09,SC-01,smartphone,saudavel,saudavel,0.9569,agrosmart-v1,simulado,sim-2026-06
80981ebc-5a42-53ef-8c64-7b074e2f22f5,TI-03_20260605_0018.jpg,2026-06-05 09:02:19,TI-03,drone,saudavel,saudavel,0.6126,agrosmart-v1,simulado,sim-2026-06
99bef25f-c5ee-5e00-a62d-8bebbf8b4d28,BV-03_20260605_0008.jpg,2026-06-05 09:02:27,BV-03,smartphone,saudavel,saudavel,0.9116,agrosmart-v1,simulado,sim-2026-06
72f1d94c-45d8-53f5-9af6-70dcdff7179f,SC-04_20260605_0021.jpg,2026-06-05 09:02:29,SC-04,smartphone,saudavel,saudavel,0.8366,agrosmart-v1,simulado,sim-2026-06
e13481ab-4f5b-5656-9f2a-aecc852c7b0f,SC-02_20260605_0035.jpg,2026-06-05 09:02:30,SC-02,smartphone,saudavel,saudavel,0.8731,agrosmart-v1,simulado,sim-2026-06
2a6f5800-92ab-5fe8-99f7-4ab99ea4af8f,BV-04_20260605_0029.jpg,2026-06-05 09:02:41,BV-04,smartphone,saudavel,saudavel,0.9379,agrosmart-v1,simulado,sim-2026-06
92416daa-06fe-5822-a78e-4ae244043bda,TI-03_20260605_0019.jpg,2026-06-05 09:02:49,TI-03,drone,saudavel,saudavel,0.9519,agrosmart-v1,simulado,sim-2026-06
83b11c57-3f97-55c5-ba62-e2a64f09fe10,SC-04_20260605_0022.jpg,2026-06-05 09:03:00,SC-04,smartphone,saudavel,saudavel,0.8711,agrosmart-v1,simulado,sim-2026-06
5bd68e0c-ec8c-59e6-aa5b-b0f9b3faa5b4,SC-02_20260605_0036.jpg,2026-06-05 09:03:02,SC-02,smartphone,saudavel,saudavel,0.8435,agrosmart-v1,simulado,sim-2026-06
c196cc01-24f1-5ad6-ac23-52077ec7152c,SC-01_20260605_0013.jpg,2026-06-05 09:03:05,SC-01,smartphone,saudavel,saudavel,0.9887,agrosmart-v1,simulado,sim-2026-06
17e331b6-73e0-52b8-89a6-53f617195706,BV-03_20260605_0009.jpg,2026-06-05 09:03:15,BV-03,smartphone,saudavel,saudavel,0.8665,agrosmart-v1,simulado,sim-2026-06
d2a5e203-06a1-5ad3-8c2b-9fe398b65192,SC-04_20260605_0023.jpg,2026-06-05 09:03:30,SC-04,smartphone,saudavel,saudavel,0.9985,agrosmart-v1,simulado,sim-2026-06
cef7cdfc-0a80-5bba-bc76-bcf2757c45fa,SC-01_20260605_0014.jpg,2026-06-05 09:03:35,SC-01,smartphone,saudavel,saudavel,1.0000,agrosmart-v1,simulado,sim-2026-06
cdc98b51-8f7e-5643-bc13-62de1f214436,TI-03_20260605_0020.jpg,2026-06-05 09:03:43,TI-03,drone,saudavel,saudavel,0.9471,agrosmart-v1,simulado,sim-2026-06
dec51516-91d7-5af7-897a-4046654b3d04,SC-02_20260605_0037.jpg,2026-06-05 09:03:53,SC-02,smartphone,saudavel,saudavel,0.9962,agrosmart-v1,simulado,sim-2026-06
42d05755-f591-5530-a8d0-a1a7f3bdd749,BV-03_20260605_0010.jpg,2026-06-05 09:03:58,BV-03,smartphone,saudavel,saudavel,0.9730,agrosmart-v1,simulado,sim-2026-06
1f91d334-9f39-5a8d-8553-ec5068cc3279,TI-03_20260605_0021.jpg,2026-06-05 09:04:06,TI-03,drone,saudavel,saudavel,0.9997,agrosmart-v1,simulado,sim-2026-06
57fb64b7-90e3-555d-96b4-7d0b61c9c7f8,SC-01_20260605_0015.jpg,2026-06-05 09:04:07,SC-01,smartphone,saudavel,saudavel,0.9239,agrosmart-v1,simulado,sim-2026-06
b9c5a6c3-427c-556c-a552-76ab1181c594,SC-04_20260605_0024.jpg,2026-06-05 09:04:17,SC-04,smartphone,saudavel,saudavel,0.9335,agrosmart-v1,simulado,sim-2026-06
25d34cbe-a1a5-51d2-87e2-f1e5f3440bc6,BV-03_20260605_0011.jpg,2026-06-05 09:04:21,BV-03,smartphone,saudavel,saudavel,0.8926,agrosmart-v1,simulado,sim-2026-06
5053d017-5c26-5254-a3f0-96e42c16b782,SC-04_20260605_0025.jpg,2026-06-05 09:04:45,SC-04,smartphone,saudavel,saudavel,0.8769,agrosmart-v1,simulado,sim-2026-06
9cead26a-a25a-5773-b747-e77920370a23,BV-03_20260605_0012.jpg,2026-06-05 09:05:01,BV-03,smartphone,saudavel,saudavel,0.9666,agrosmart-v1,simulado,sim-2026-06
b1c2bc6c-f337-5754-8a7d-ce1b8a5f1590,SC-01_20260605_0016.jpg,2026-06-05 09:05:01,SC-01,smartphone,saudavel,saudavel,0.9997,agrosmart-v1,simulado,sim-2026-06
1a84010a-3198-5e5b-b0de-460cdaf50c39,TI-03_20260605_0022.jpg,2026-06-05 09:05:07,TI-03,drone,doente,pinta_preta,0.9094,agrosmart-v1,simulado,sim-2026-06
dc4c97ae-8ce1-5e41-a802-50c18fb3c149,SC-01_20260605_0017.jpg,2026-06-05 09:05:27,SC-01,smartphone,saudavel,saudavel,0.9072,agrosmart-v1,simulado,sim-2026-06
95f2e9c1-04cd-5b1f-8137-32a2ca827da6,TI-03_20260605_0023.jpg,2026-06-05 09:05:43,TI-03,drone,saudavel,saudavel,0.9921,agrosmart-v1,simulado,sim-2026-06
93a701ae-f1ae-5ea4-bc60-1b3b56c79821,BV-03_20260605_0013.jpg,2026-06-05 09:05:52,BV-03,smartphone,saudavel,saudavel,0.8778,agrosmart-v1,simulado,sim-2026-06
c072ce8f-f33b-57bf-a870-bcf1e483e1f4,TI-03_20260605_0024.jpg,2026-06-05 09:06:09,TI-03,drone,saudavel,saudavel,0.9265,agrosmart-v1,simulado,sim-2026-06
c3dd6258-8211-510f-a14e-776592aef19c,SC-01_20260605_0018.jpg,2026-06-05 09:06:15,SC-01,smartphone,doente,requeima,0.9649,agrosmart-v1,simulado,sim-2026-06
f3f80546-11c4-5e46-8f19-a5e2791ab2f5,BV-03_20260605_0014.jpg,2026-06-05 09:06:25,BV-03,smartphone,saudavel,saudavel,0.9834,agrosmart-v1,simulado,sim-2026-06
c3dcf486-e1f2-53f4-9a35-2f7fc3d49119,SC-01_20260605_0019.jpg,2026-06-05 09:06:59,SC-01,smartphone,saudavel,saudavel,0.9894,agrosmart-v1,simulado,sim-2026-06
7046d53b-28ff-55f7-a7e2-be08af20ba26,TI-03_20260605_0025.jpg,2026-06-05 09:07:06,TI-03,drone,saudavel,saudavel,0.9768,agrosmart-v1,simulado,sim-2026-06
66b9a056-4a5f-5763-ad98-aec2f5ec19f6,BV-03_20260605_0015.jpg,2026-06-05 09:07:18,BV-03,smartphone,saudavel,saudavel,0.9300,agrosmart-v1,simulado,sim-2026-06
391a6e35-4690-55f1-9eb4-c58c2a4f1593,SC-01_20260605_0020.jpg,2026-06-05 09:07:37,SC-01,smartphone,saudavel,saudavel,0.9999,agrosmart-v1,simulado,sim-2026-06
0e236de4-fcb3-528c-972c-fe339d25b23a,TI-03_20260605_0026.jpg,2026-06-05 09:07:39,TI-03,drone,saudavel,saudavel,0.8318,agrosmart-v1,simulado,sim-2026-06
c36d738a-a494-5f41-96f2-360f734a4ec5,BV-03_20260605_0016.jpg,2026-06-05 09:07:51,BV-03,smartphone,saudavel,saudavel,0.7152,agrosmart-v1,simulado,sim-2026-06
f4ee4b16-1cf8-5bc5-866f-838b88dbad6b,TI-03_20260605_0027.jpg,2026-06-05 09:08:02,TI-03,drone,saudavel,saudavel,0.9726,agrosmart-v1,simulado,sim-2026-06
06ed819a-eca7-5f1d-879c-fb493d125648,SC-01_20260605_0021.jpg,2026-06-05 09:08:17,SC-01,smartphone,saudavel,saudavel,0.9969,agrosmart-v1,simulado,sim-2026-06
1d3b64c8-fca4-5b3a-ac79-ae5ee82c5737,BV-03_20260605_0017.jpg,2026-06-05 09:08:37,BV-03,smartphone,saudavel,saudavel,0.8801,agrosmart-v1,simulado,sim-2026-06
5e9e6d9c-084d-584c-8ed8-5eb0ae6587e4,SC-01_20260605_0022.jpg,2026-06-05 09:08:42,SC-01,smartphone,saudavel,saudavel,0.9993,agrosmart-v1,simulado,sim-2026-06
36a7462e-e75d-57ca-bc41-6f396f0e3385,TI-03_20260605_0028.jpg,2026-06-05 09:08:46,TI-03,drone,saudavel,saudavel,0.9383,agrosmart-v1,simulado,sim-2026-06
6811c6e0-1ff8-510d-b6f8-1ff8b2bc5803,BV-03_20260605_0018.jpg,2026-06-05 09:09:15,BV-03,smartphone,saudavel,saudavel,0.8978,agrosmart-v1,simulado,sim-2026-06
f9b37940-eea7-55a6-be71-1968dce901c6,SC-01_20260605_0023.jpg,2026-06-05 09:09:20,SC-01,smartphone,saudavel,saudavel,0.9931,agrosmart-v1,simulado,sim-2026-06
195e46e5-a2f2-5d14-a95c-9b7da0bbee6b,TI-03_20260605_0029.jpg,2026-06-05 09:09:35,TI-03,drone,saudavel,saudavel,0.8563,agrosmart-v1,simulado,sim-2026-06
7bd22124-10c4-5d28-91f2-c6177661332a,BV-03_20260605_0019.jpg,2026-06-05 09:09:40,BV-03,smartphone,saudavel,saudavel,0.9464,agrosmart-v1,simulado,sim-2026-06
1b60819e-0d6d-549c-9eb5-a6e5618c2b5e,SC-01_20260605_0024.jpg,2026-06-05 09:10:00,SC-01,smartphone,saudavel,saudavel,0.9313,agrosmart-v1,simulado,sim-2026-06
202bca69-f40d-53ce-a3dd-789cef5a137f,TI-03_20260605_0030.jpg,2026-06-05 09:10:16,TI-03,drone,saudavel,saudavel,0.8515,agrosmart-v1,simulado,sim-2026-06
72fd260c-8b08-5700-b7c8-e7036218c010,SC-01_20260605_0025.jpg,2026-06-05 09:10:40,SC-01,smartphone,saudavel,saudavel,0.9997,agrosmart-v1,simulado,sim-2026-06
523db31e-d1b1-5332-b494-38ed31b7061c,BV-03_20260605_0020.jpg,2026-06-05 09:10:49,BV-03,smartphone,saudavel,saudavel,0.8342,agrosmart-v1,simulado,sim-2026-06
e02bec44-1c43-5a7c-9d48-b4ec79ecc98e,TI-03_20260605_0031.jpg,2026-06-05 09:10:51,TI-03,drone,saudavel,saudavel,0.8414,agrosmart-v1,simulado,sim-2026-06
5e154dab-5430-5365-9b27-78807e87646e,BV-03_20260605_0021.jpg,2026-06-05 09:11:19,BV-03,smartphone,saudavel,saudavel,0.9938,agrosmart-v1,simulado,sim-2026-06
77cf02d3-e5fd-5969-a4ad-d6664d141907,SC-01_20260605_0026.jpg,2026-06-05 09:11:22,SC-01,smartphone,saudavel,saudavel,0.9267,agrosmart-v1,simulado,sim-2026-06
c0eb3881-fe54-5b97-949c-84bb2ae4a2be,TI-03_20260605_0032.jpg,2026-06-05 09:11:41,TI-03,drone,saudavel,saudavel,0.9755,agrosmart-v1,simulado,sim-2026-06
6a6e082f-9539-520e-9cd3-bc3f2947f9cf,BV-03_20260605_0022.jpg,2026-06-05 09:11:51,BV-03,smartphone,doente,mosca_minadora,0.8394,agrosmart-v1,simulado,sim-2026-06
baecacff-4d26-5425-8937-5ceed1902985,TI-03_20260605_0033.jpg,2026-06-05 09:12:14,TI-03,drone,saudavel,saudavel,0.8769,agrosmart-v1,simulado,sim-2026-06
22d7f67a-df53-56f1-a69b-2951c6996ebe,BV-03_20260605_0023.jpg,2026-06-05 09:12:27,BV-03,smartphone,saudavel,saudavel,0.9859,agrosmart-v1,simulado,sim-2026-06
2161212c-2825-5594-a6d3-e0b39349f435,SC-01_20260605_0027.jpg,2026-06-05 09:12:27,SC-01,smartphone,saudavel,saudavel,0.8842,agrosmart-v1,simulado,sim-2026-06
703d041b-ec10-5c60-af49-eb6a02631112,SC-01_20260605_0028.jpg,2026-06-05 09:12:54,SC-01,smartphone,saudavel,saudavel,0.9722,agrosmart-v1,simulado,sim-2026-06
b31e9f2e-dcc4-5cd8-91a4-0af9967ff849,BV-03_20260605_0024.jpg,2026-06-05 09:13:29,BV-03,smartphone,saudavel,saudavel,0.9909,agrosmart-v1,simulado,sim-2026-06
6f25555a-22c7-509b-bf5d-d47388858624,SC-01_20260605_0029.jpg,2026-06-05 09:13:50,SC-01,smartphone,saudavel,saudavel,0.9652,agrosmart-v1,simulado,sim-2026-06
1a1f448f-83e7-55df-8591-51f6bb158bf3,BV-03_20260605_0025.jpg,2026-06-05 09:13:51,BV-03,smartphone,saudavel,saudavel,0.9890,agrosmart-v1,simulado,sim-2026-06
41975ddd-400b-54a5-a52f-dbc99aedc06d,SC-01_20260605_0030.jpg,2026-06-05 09:14:16,SC-01,smartphone,saudavel,saudavel,0.8368,agrosmart-v1,simulado,sim-2026-06
fb9f750d-8812-5a7d-b7e4-8f2bfd3f8cf4,SC-01_20260605_0031.jpg,2026-06-05 09:14:42,SC-01,smartphone,saudavel,saudavel,0.8357,agrosmart-v1,simulado,sim-2026-06
9caf7bf5-5bcb-58fa-9bcc-fd70722b62e3,BV-03_20260605_0026.jpg,2026-06-05 09:14:50,BV-03,smartphone,saudavel,saudavel,0.9770,agrosmart-v1,simulado,sim-2026-06
096ce17e-0920-5823-961f-16eb306860af,SC-01_20260605_0032.jpg,2026-06-05 09:15:46,SC-01,smartphone,saudavel,saudavel,0.9019,agrosmart-v1,simulado,sim-2026-06
1d892bfa-6268-5bab-932c-1428f5979ed4,SC-01_20260605_0033.jpg,2026-06-05 09:16:09,SC-01,smartphone,saudavel,saudavel,0.9469,agrosmart-v1,simulado,sim-2026-06
6a6c67e3-1106-5fb4-a981-598a2c7c4afc,SC-01_20260605_0034.jpg,2026-06-05 09:16:47,SC-01,smartphone,saudavel,saudavel,0.9222,agrosmart-v1,simulado,sim-2026-06
c1d32aa6-952c-5429-96bb-eebcf5f714f2,SC-01_20260605_0035.jpg,2026-06-05 09:17:21,SC-01,smartphone,saudavel,saudavel,0.9982,agrosmart-v1,simulado,sim-2026-06
17c3cc23-3845-58ae-b4a0-2e232e21968b,BV-01_20260605_0001.jpg,2026-06-05 09:20:55,BV-01,smartphone,saudavel,saudavel,0.9132,agrosmart-v1,simulado,sim-2026-06
876e170f-aebc-5c31-bc2f-46e563746044,BV-01_20260605_0002.jpg,2026-06-05 09:21:36,BV-01,smartphone,saudavel,saudavel,0.9921,agrosmart-v1,simulado,sim-2026-06
d470d711-6853-540f-a191-48bc1a622efa,BV-01_20260605_0003.jpg,2026-06-05 09:22:01,BV-01,smartphone,saudavel,saudavel,0.9041,agrosmart-v1,simulado,sim-2026-06
0b60c66c-e54c-57e6-afc3-6bae1a351dec,BV-01_20260605_0004.jpg,2026-06-05 09:22:42,BV-01,smartphone,saudavel,saudavel,0.9146,agrosmart-v1,simulado,sim-2026-06
e48ca31b-d613-51e5-9233-65b0bc7f396a,BV-01_20260605_0005.jpg,2026-06-05 09:23:42,BV-01,smartphone,saudavel,saudavel,0.9333,agrosmart-v1,simulado,sim-2026-06
fb650f3b-3b1e-59ea-aa7f-6cb40e911e9d,BV-01_20260605_0006.jpg,2026-06-05 09:24:16,BV-01,smartphone,saudavel,saudavel,0.9301,agrosmart-v1,simulado,sim-2026-06
392fe845-7558-54dc-b618-4236087b6a77,BV-01_20260605_0007.jpg,2026-06-05 09:24:59,BV-01,smartphone,saudavel,saudavel,0.9514,agrosmart-v1,simulado,sim-2026-06
a2f57fd2-e045-5ee7-8b94-eeb2e606299e,BV-01_20260605_0008.jpg,2026-06-05 09:25:35,BV-01,smartphone,saudavel,saudavel,0.8594,agrosmart-v1,simulado,sim-2026-06
c93cc13b-eced-5db6-a131-5bc51f897591,BV-01_20260605_0009.jpg,2026-06-05 09:26:09,BV-01,smartphone,saudavel,saudavel,1.0000,agrosmart-v1,simulado,sim-2026-06
ba6b6e84-decc-57e6-bd3f-4360f7200665,BV-01_20260605_0010.jpg,2026-06-05 09:27:00,BV-01,smartphone,doente,pinta_preta,0.9021,agrosmart-v1,simulado,sim-2026-06
053253f5-66ff-5612-b362-92841e45f1b1,BV-01_20260605_0011.jpg,2026-06-05 09:27:39,BV-01,smartphone,saudavel,saudavel,0.9691,agrosmart-v1,simulado,sim-2026-06
75484143-c7f7-5d4a-9f25-b9322c59075b,BV-01_20260605_0012.jpg,2026-06-05 09:28:17,BV-01,smartphone,saudavel,saudavel,0.9919,agrosmart-v1,simulado,sim-2026-06
58a96145-6993-5d23-91f2-0d8fa71fc323,BV-01_20260605_0013.jpg,2026-06-05 09:29:02,BV-01,smartphone,saudavel,saudavel,0.8876,agrosmart-v1,simulado,sim-2026-06
d309db80-ee19-5000-ac0e-8a1746bb8008,BV-01_20260605_0014.jpg,2026-06-05 09:29:36,BV-01,smartphone,saudavel,saudavel,0.8941,agrosmart-v1,simulado,sim-2026-06
4978cdb8-b7e7-59d5-bb6a-0099c1da64f4,BV-01_20260605_0015.jpg,2026-06-05 09:30:10,BV-01,smartphone,saudavel,saudavel,0.9055,agrosmart-v1,simulado,sim-2026-06
939f1ba7-8bc6-519f-858b-acabed9daf5a,BV-01_20260605_0016.jpg,2026-06-05 09:30:40,BV-01,smartphone,saudavel,saudavel,0.9932,agrosmart-v1,simulado,sim-2026-06
2a818227-c4db-59c3-b310-08c623641bd5,BV-01_20260605_0017.jpg,2026-06-05 09:31:49,BV-01,smartphone,saudavel,saudavel,0.8489,agrosmart-v1,simulado,sim-2026-06
956d915c-2e42-50f9-b1d6-8d6092679a6e,BV-01_20260605_0018.jpg,2026-06-05 09:32:20,BV-01,smartphone,saudavel,saudavel,0.9957,agrosmart-v1,simulado,sim-2026-06
d59f7b4c-5ed9-5f0d-9831-e4b58f4fa246,BV-01_20260605_0019.jpg,2026-06-05 09:33:07,BV-01,smartphone,saudavel,saudavel,0.9798,agrosmart-v1,simulado,sim-2026-06
d742ce31-e7c0-5c41-9edb-2aa46e8f1612,BV-01_20260605_0020.jpg,2026-06-05 09:33:33,BV-01,smartphone,saudavel,saudavel,0.9994,agrosmart-v1,simulado,sim-2026-06
890d5022-ca7c-5a73-b458-6748430a9c38,BV-01_20260605_0021.jpg,2026-06-05 09:34:18,BV-01,smartphone,saudavel,saudavel,0.9821,agrosmart-v1,simulado,sim-2026-06
facfc2f0-e586-5768-9199-8fc5b5bea035,BV-01_20260605_0022.jpg,2026-06-05 09:34:46,BV-01,smartphone,saudavel,saudavel,0.9802,agrosmart-v1,simulado,sim-2026-06
6e1cc536-394d-58a0-840c-2ef46db877ca,BV-01_20260605_0023.jpg,2026-06-05 09:35:45,BV-01,smartphone,saudavel,saudavel,0.8308,agrosmart-v1,simulado,sim-2026-06
3b02d120-b393-5339-86d7-f754cba84a4d,BV-01_20260605_0024.jpg,2026-06-05 09:36:00,BV-01,smartphone,saudavel,saudavel,0.9747,agrosmart-v1,simulado,sim-2026-06
95470ba8-ec97-5f85-bdf4-25cd8486536e,BV-01_20260605_0025.jpg,2026-06-05 09:36:45,BV-01,smartphone,saudavel,saudavel,0.9727,agrosmart-v1,simulado,sim-2026-06
01680e4f-c376-5634-a122-66fa53052aee,BV-01_20260605_0026.jpg,2026-06-05 09:37:47,BV-01,smartphone,saudavel,saudavel,0.9829,agrosmart-v1,simulado,sim-2026-06
20f2ab88-8d3f-5387-bc9d-399ff5914df2,BV-01_20260608_0001.jpg,2026-06-08 07:22:47,BV-01,smartphone,saudavel,saudavel,0.8762,agrosmart-v1,simulado,sim-2026-06
9f8c0ab6-e36f-572c-8fc5-98641937855d,BV-01_20260608_0002.jpg,2026-06-08 07:23:36,BV-01,smartphone,saudavel,saudavel,0.9977,agrosmart-v1,simulado,sim-2026-06
699ce712-1c24-56a3-bdc5-08716e66ce37,BV-01_20260608_0003.jpg,2026-06-08 07:24:24,BV-01,smartphone,saudavel,saudavel,0.9985,agrosmart-v1,simulado,sim-2026-06
fc769479-ebeb-5d79-b54a-79b69841bcd8,BV-01_20260608_0004.jpg,2026-06-08 07:25:05,BV-01,smartphone,saudavel,saudavel,0.9550,agrosmart-v1,simulado,sim-2026-06
ef78f6cf-ea95-52cb-9093-ff4ff19181b3,BV-01_20260608_0005.jpg,2026-06-08 07:25:49,BV-01,smartphone,saudavel,saudavel,0.8625,agrosmart-v1,simulado,sim-2026-06
813ea719-07dc-5207-bf04-b2aff0079ad2,BV-01_20260608_0006.jpg,2026-06-08 07:26:10,BV-01,smartphone,saudavel,saudavel,0.8632,agrosmart-v1,simulado,sim-2026-06
91caa07b-34d2-52e0-89f2-c32982a7c2d4,BV-01_20260608_0007.jpg,2026-06-08 07:27:10,BV-01,smartphone,saudavel,saudavel,0.8226,agrosmart-v1,simulado,sim-2026-06
a6f71630-cc3f-5453-add9-7572c635a52d,BV-01_20260608_0008.jpg,2026-06-08 07:27:21,BV-01,smartphone,saudavel,saudavel,0.9083,agrosmart-v1,simulado,sim-2026-06
d3250ea7-f588-5196-bed0-03a3caf2ef8f,BV-01_20260608_0009.jpg,2026-06-08 07:28:00,BV-01,smartphone,saudavel,saudavel,0.9997,agrosmart-v1,simulado,sim-2026-06
72118c55-c65f-586e-abf6-6d92cfde5d74,BV-01_20260608_0010.jpg,2026-06-08 07:29:07,BV-01,smartphone,saudavel,saudavel,0.9608,agrosmart-v1,simulado,sim-2026-06
705079f5-e70c-5736-84c0-b9aafa80f14f,BV-01_20260608_0011.jpg,2026-06-08 07:29:36,BV-01,smartphone,saudavel,saudavel,0.8999,agrosmart-v1,simulado,sim-2026-06
0ed8929d-8c61-5189-bd16-5d475baddde4,BV-01_20260608_0012.jpg,2026-06-08 07:30:24,BV-01,smartphone,doente,vaquinha,0.8567,agrosmart-v1,simulado,sim-2026-06
e0209e5c-76c6-5eae-b1af-dd5c06c02929,BV-01_20260608_0013.jpg,2026-06-08 07:30:46,BV-01,smartphone,saudavel,saudavel,0.9490,agrosmart-v1,simulado,sim-2026-06
75b6969b-c842-5713-8ef1-4f4b19e8dcc5,BV-01_20260608_0014.jpg,2026-06-08 07:31:41,BV-01,smartphone,saudavel,saudavel,0.9960,agrosmart-v1,simulado,sim-2026-06
4ae31c2b-d8f9-56ec-917a-5abb6b6ed9c3,BV-01_20260608_0015.jpg,2026-06-08 07:32:00,BV-01,smartphone,saudavel,saudavel,0.9436,agrosmart-v1,simulado,sim-2026-06
fdd94826-0395-5701-a53a-6a49b772183e,BV-01_20260608_0016.jpg,2026-06-08 07:32:57,BV-01,smartphone,saudavel,saudavel,0.9817,agrosmart-v1,simulado,sim-2026-06
24b02815-7149-576a-98cf-e3cece498922,BV-01_20260608_0017.jpg,2026-06-08 07:33:42,BV-01,smartphone,saudavel,saudavel,0.9407,agrosmart-v1,simulado,sim-2026-06
965fd078-bf7e-5ce7-adeb-dd96a688678b,BV-01_20260608_0018.jpg,2026-06-08 07:34:09,BV-01,smartphone,saudavel,saudavel,0.9793,agrosmart-v1,simulado,sim-2026-06
7bb32fc2-5800-5e8d-9890-d320454255af,BV-01_20260608_0019.jpg,2026-06-08 07:34:44,BV-01,smartphone,saudavel,saudavel,0.7639,agrosmart-v1,simulado,sim-2026-06
8a1e68aa-e512-5fd7-a85b-d99b00f6ee25,BV-01_20260608_0020.jpg,2026-06-08 07:35:32,BV-01,smartphone,saudavel,saudavel,0.9673,agrosmart-v1,simulado,sim-2026-06
a5ee9e8a-0582-52e2-80c7-d155bf0a46ad,BV-01_20260608_0021.jpg,2026-06-08 07:36:19,BV-01,smartphone,saudavel,saudavel,0.9287,agrosmart-v1,simulado,sim-2026-06
87f5d903-d1a1-5148-b5a8-9ba36dc24970,BV-01_20260608_0022.jpg,2026-06-08 07:36:54,BV-01,smartphone,saudavel,saudavel,0.9824,agrosmart-v1,simulado,sim-2026-06
9c32ae97-e227-5087-a738-d7efa1591e2b,BV-01_20260608_0023.jpg,2026-06-08 07:37:42,BV-01,smartphone,saudavel,saudavel,0.8821,agrosmart-v1,simulado,sim-2026-06
5a4a8c50-2989-539c-9cb3-108b81dc8a96,BV-01_20260608_0024.jpg,2026-06-08 07:38:29,BV-01,smartphone,saudavel,saudavel,0.9610,agrosmart-v1,simulado,sim-2026-06
24a7813d-f8d9-5d97-b21a-57d6dd23c5a1,BV-01_20260608_0025.jpg,2026-06-08 07:39:06,BV-01,smartphone,saudavel,saudavel,0.9122,agrosmart-v1,simulado,sim-2026-06
37485f17-19ac-5edd-8fb9-f446818509bd,BV-01_20260608_0026.jpg,2026-06-08 07:39:29,BV-01,smartphone,saudavel,saudavel,0.9092,agrosmart-v1,simulado,sim-2026-06
918a4518-02d1-5efd-b9a7-a5be2a7b0a2c,BV-01_20260608_0027.jpg,2026-06-08 07:40:07,BV-01,smartphone,saudavel,saudavel,0.9963,agrosmart-v1,simulado,sim-2026-06
c2adcdf8-f7ff-5a82-9f10-6870931dc1ad,BV-01_20260608_0028.jpg,2026-06-08 07:40:48,BV-01,smartphone,saudavel,saudavel,0.9723,agrosmart-v1,simulado,sim-2026-06
6a39b3cb-049e-5c82-8e49-75f94018cc21,BV-02_20260608_0001.jpg,2026-06-08 07:41:10,BV-02,smartphone,saudavel,saudavel,0.9861,agrosmart-v1,simulado,sim-2026-06
38b8530d-ece8-5952-a6e1-920e9952c606,BV-02_20260608_0002.jpg,2026-06-08 07:41:39,BV-02,smartphone,saudavel,saudavel,0.9663,agrosmart-v1,simulado,sim-2026-06
b39b4669-b8fb-527d-992c-d74eb32a70e6,BV-02_20260608_0003.jpg,2026-06-08 07:42:05,BV-02,smartphone,saudavel,saudavel,0.9202,agrosmart-v1,simulado,sim-2026-06
de3f9dfa-34e3-5749-ae12-fae9b6fa6dba,BV-02_20260608_0004.jpg,2026-06-08 07:42:43,BV-02,smartphone,saudavel,saudavel,0.9812,agrosmart-v1,simulado,sim-2026-06
6173bce6-d3dc-5716-9cc9-4c18d6fe17b4,BV-02_20260608_0005.jpg,2026-06-08 07:43:29,BV-02,smartphone,saudavel,saudavel,0.9516,agrosmart-v1,simulado,sim-2026-06
0b33e416-6d42-5b85-972f-ec1011b94a7f,BV-02_20260608_0006.jpg,2026-06-08 07:44:06,BV-02,smartphone,saudavel,saudavel,1.0000,agrosmart-v1,simulado,sim-2026-06
4476cc9a-f019-5148-ac6e-a9c2038387aa,BV-02_20260608_0007.jpg,2026-06-08 07:44:45,BV-02,smartphone,saudavel,saudavel,0.9826,agrosmart-v1,simulado,sim-2026-06
ae8cb491-5db7-5490-9a3d-581d5045f7ba,BV-02_20260608_0008.jpg,2026-06-08 07:45:39,BV-02,smartphone,saudavel,saudavel,0.9970,agrosmart-v1,simulado,sim-2026-06
69904647-7c32-5c00-b854-6111dabbaaa7,BV-02_20260608_0009.jpg,2026-06-08 07:46:23,BV-02,smartphone,saudavel,saudavel,0.9147,agrosmart-v1,simulado,sim-2026-06
24e0413b-9407-5947-a77b-5d94ecb3e08b,BV-02_20260608_0010.jpg,2026-06-08 07:46:58,BV-02,smartphone,saudavel,saudavel,0.9993,agrosmart-v1,simulado,sim-2026-06
360e789b-7101-59e5-afdb-49f7076a6f38,BV-02_20260608_0011.jpg,2026-06-08 07:47:33,BV-02,smartphone,saudavel,saudavel,0.8394,agrosmart-v1,simulado,sim-2026-06
83dd9ed6-b73c-509c-b980-e586e2fe6145,BV-02_20260608_0012.jpg,2026-06-08 07:48:29,BV-02,smartphone,saudavel,saudavel,0.9824,agrosmart-v1,simulado,sim-2026-06
e3d296cb-ea87-5a25-9e76-d9efc90fe113,BV-02_20260608_0013.jpg,2026-06-08 07:48:55,BV-02,smartphone,saudavel,saudavel,0.9446,agrosmart-v1,simulado,sim-2026-06
284d6b00-ef88-599a-a30c-df2ab414f10b,BV-02_20260608_0014.jpg,2026-06-08 07:49:30,BV-02,smartphone,saudavel,saudavel,0.8536,agrosmart-v1,simulado,sim-2026-06
b6a555bf-49be-525e-94cb-d9a97382b285,BV-02_20260608_0015.jpg,2026-06-08 07:50:25,BV-02,smartphone,saudavel,saudavel,0.8302,agrosmart-v1,simulado,sim-2026-06
2d51147f-8b35-548c-a284-257210fdb4fa,BV-02_20260608_0016.jpg,2026-06-08 07:50:58,BV-02,smartphone,saudavel,saudavel,0.8809,agrosmart-v1,simulado,sim-2026-06
cfbe42d3-9200-5656-82fb-2f1665b4e7ec,BV-02_20260608_0017.jpg,2026-06-08 07:51:38,BV-02,smartphone,saudavel,saudavel,0.9999,agrosmart-v1,simulado,sim-2026-06
09cf9a48-8c8b-5163-9502-414615352da2,BV-02_20260608_0018.jpg,2026-06-08 07:52:03,BV-02,smartphone,saudavel,saudavel,0.9960,agrosmart-v1,simulado,sim-2026-06
1e9b2b99-bd69-593f-a0ab-671cd61563ed,BV-02_20260608_0019.jpg,2026-06-08 07:52:56,BV-02,smartphone,saudavel,saudavel,0.9346,agrosmart-v1,simulado,sim-2026-06
2ce31071-6175-5088-91da-59d6748c4d05,BV-02_20260608_0020.jpg,2026-06-08 07:53:50,BV-02,smartphone,saudavel,saudavel,0.9992,agrosmart-v1,simulado,sim-2026-06
84a934bd-956f-5355-8eec-1ef0b9089453,BV-02_20260608_0021.jpg,2026-06-08 07:54:06,BV-02,smartphone,saudavel,saudavel,0.9863,agrosmart-v1,simulado,sim-2026-06
4d90f925-8e29-561b-be47-06120ddbd84d,BV-04_20260608_0001.jpg,2026-06-08 07:55:01,BV-04,smartphone,saudavel,saudavel,0.9940,agrosmart-v1,simulado,sim-2026-06
67ef8597-3053-5dbb-93b5-bd38a48599e1,BV-02_20260608_0022.jpg,2026-06-08 07:55:07,BV-02,smartphone,saudavel,saudavel,0.9596,agrosmart-v1,simulado,sim-2026-06
dd1ba126-42de-5ca9-98be-38bdf1915d25,BV-02_20260608_0023.jpg,2026-06-08 07:55:20,BV-02,smartphone,saudavel,saudavel,0.8775,agrosmart-v1,simulado,sim-2026-06
c16fbee5-dc94-5092-9fe7-12ef1a6d1f3a,BV-04_20260608_0002.jpg,2026-06-08 07:55:31,BV-04,smartphone,saudavel,saudavel,0.9604,agrosmart-v1,simulado,sim-2026-06
c0ebdbc8-cb08-5a67-97bc-e0cc1d19c2e2,BV-02_20260608_0024.jpg,2026-06-08 07:56:04,BV-02,smartphone,saudavel,saudavel,0.8353,agrosmart-v1,simulado,sim-2026-06
044ccbed-7bf3-54d8-9313-d2507435b146,BV-04_20260608_0003.jpg,2026-06-08 07:56:10,BV-04,smartphone,saudavel,saudavel,0.9889,agrosmart-v1,simulado,sim-2026-06
4d6473f1-3205-5bbe-8b35-b5205dca994f,BV-02_20260608_0025.jpg,2026-06-08 07:56:50,BV-02,smartphone,saudavel,saudavel,0.9482,agrosmart-v1,simulado,sim-2026-06
b4f118da-64de-5952-b9fc-be44c30b57ea,BV-04_20260608_0004.jpg,2026-06-08 07:56:56,BV-04,smartphone,saudavel,saudavel,0.9912,agrosmart-v1,simulado,sim-2026-06
93fd5d46-daa8-5f45-97b2-95fac4505b75,BV-04_20260608_0005.jpg,2026-06-08 07:57:35,BV-04,smartphone,doente,pinta_preta,0.9791,agrosmart-v1,simulado,sim-2026-06
9b132e97-2cdb-577b-8222-7b47143e5235,BV-02_20260608_0026.jpg,2026-06-08 07:57:40,BV-02,smartphone,saudavel,saudavel,0.8464,agrosmart-v1,simulado,sim-2026-06
0afe0b58-663b-51ac-a809-a127c981ad69,BV-02_20260608_0027.jpg,2026-06-08 07:58:09,BV-02,smartphone,saudavel,saudavel,0.9026,agrosmart-v1,simulado,sim-2026-06
2d3c230a-c69f-5847-a820-2fe48905ac45,BV-04_20260608_0006.jpg,2026-06-08 07:58:26,BV-04,smartphone,saudavel,saudavel,0.9995,agrosmart-v1,simulado,sim-2026-06
5a3d797d-9ad5-52ed-ba97-1124fa5848de,BV-04_20260608_0007.jpg,2026-06-08 07:58:53,BV-04,smartphone,saudavel,saudavel,0.8714,agrosmart-v1,simulado,sim-2026-06
984ffce5-9b53-53fb-bb3e-84ae0a8e389f,BV-02_20260608_0028.jpg,2026-06-08 07:59:05,BV-02,smartphone,saudavel,saudavel,0.9889,agrosmart-v1,simulado,sim-2026-06
7bc8682a-a2d8-5688-bfc9-8716f3e7e799,BV-02_20260608_0029.jpg,2026-06-08 07:59:42,BV-02,smartphone,saudavel,saudavel,1.0000,agrosmart-v1,simulado,sim-2026-06
3b3d2be5-8cae-5720-97de-ab5a451551b9,BV-04_20260608_0008.jpg,2026-06-08 07:59:44,BV-04,smartphone,saudavel,saudavel,0.9884,agrosmart-v1,simulado,sim-2026-06
63fa890d-a5ec-50bd-ab6a-7fadb63efd8f,BV-02_20260608_0030.jpg,2026-06-08 08:00:04,BV-02,smartphone,saudavel,saudavel,0.9999,agrosmart-v1,simulado,sim-2026-06
e2864cb4-a7a8-56cb-a684-68c3f4e7fe83,BV-04_20260608_0009.jpg,2026-06-08 08:00:17,BV-04,smartphone,saudavel,saudavel,0.9081,agrosmart-v1,simulado,sim-2026-06
99b21b81-83ad-5762-a10a-bf052d65fbcc,BV-04_20260608_0010.jpg,2026-06-08 08:00:41,BV-04,smartphone,saudavel,saudavel,0.9783,agrosmart-v1,simulado,sim-2026-06
583f81e1-e828-55b7-b545-d0faedc2dff0,BV-02_20260608_0031.jpg,2026-06-08 08:00:53,BV-02,smartphone,saudavel,saudavel,0.9611,agrosmart-v1,simulado,sim-2026-06
1d410de7-8caf-594a-9c42-06ac4373b4f3,BV-04_20260608_0011.jpg,2026-06-08 08:01:22,BV-04,smartphone,saudavel,saudavel,0.9972,agrosmart-v1,simulado,sim-2026-06
5ffc765c-90c2-5e5e-be74-564a678e7e22,BV-02_20260608_0032.jpg,2026-06-08 08:01:24,BV-02,smartphone,saudavel,saudavel,0.9737,agrosmart-v1,simulado,sim-2026-06
63eeeb06-e7d1-5856-b3e9-9914729266d5,BV-04_20260608_0012.jpg,2026-06-08 08:02:10,BV-04,smartphone,saudavel,saudavel,0.9999,agrosmart-v1,simulado,sim-2026-06
a912e923-7b5c-52f5-a4be-cd116107944c,BV-02_20260608_0033.jpg,2026-06-08 08:02:14,BV-02,smartphone,saudavel,saudavel,0.9979,agrosmart-v1,simulado,sim-2026-06
f42e56f4-ea6e-5272-ad32-6a034f54aa0d,BV-02_20260608_0034.jpg,2026-06-08 08:02:48,BV-02,smartphone,saudavel,saudavel,0.9338,agrosmart-v1,simulado,sim-2026-06
94159143-8f12-59b7-9299-95ba871e281c,BV-04_20260608_0013.jpg,2026-06-08 08:02:51,BV-04,smartphone,saudavel,saudavel,0.9811,agrosmart-v1,simulado,sim-2026-06
da312001-664b-542b-a2fc-cb03cc5055a3,BV-04_20260608_0014.jpg,2026-06-08 08:03:21,BV-04,smartphone,saudavel,saudavel,0.8355,agrosmart-v1,simulado,sim-2026-06
43e1dc9d-f001-5256-bea3-e54cc7f9c82a,BV-02_20260608_0035.jpg,2026-06-08 08:03:38,BV-02,smartphone,saudavel,saudavel,0.8355,agrosmart-v1,simulado,sim-2026-06
3590d06d-c8a2-55c6-99da-f0d14ad7bc3a,TI-04_20260608_0001.jpg,2026-06-08 08:04:08,TI-04,drone,saudavel,saudavel,0.9991,agrosmart-v1,simulado,sim-2026-06
75a903a3-bc5b-5330-ac88-89cdea6f7102,BV-04_20260608_0015.jpg,2026-06-08 08:04:22,BV-04,smartphone,saudavel,saudavel,0.9958,agrosmart-v1,simulado,sim-2026-06
950c94d2-2e69-5b37-bdf0-9f75913aad5b,TI-04_20260608_0002.jpg,2026-06-08 08:04:49,TI-04,drone,saudavel,saudavel,0.9471,agrosmart-v1,simulado,sim-2026-06
8ebbde65-365b-5cc7-9cef-5d76ebbc20a5,BV-04_20260608_0016.jpg,2026-06-08 08:05:06,BV-04,smartphone,saudavel,saudavel,0.9839,agrosmart-v1,simulado,sim-2026-06
cd521eda-8632-578f-8c45-36c73785a961,TI-04_20260608_0003.jpg,2026-06-08 08:05:22,TI-04,drone,saudavel,saudavel,0.9983,agrosmart-v1,simulado,sim-2026-06
34832715-d10b-531e-b6d9-b1fb42699305,BV-04_20260608_0017.jpg,2026-06-08 08:05:29,BV-04,smartphone,saudavel,saudavel,0.9365,agrosmart-v1,simulado,sim-2026-06
094233e8-27e9-504c-bcc2-723808be16bf,TI-04_20260608_0004.jpg,2026-06-08 08:05:55,TI-04,drone,saudavel,saudavel,0.8794,agrosmart-v1,simulado,sim-2026-06
8c0313cd-3542-5fbf-ac6e-691b77cf4e06,BV-04_20260608_0018.jpg,2026-06-08 08:06:26,BV-04,smartphone,saudavel,saudavel,0.9986,agrosmart-v1,simulado,sim-2026-06
219187b9-1a45-59a5-99ca-b28346c79826,TI-04_20260608_0005.jpg,2026-06-08 08:06:27,TI-04,drone,saudavel,saudavel,0.8820,agrosmart-v1,simulado,sim-2026-06
c4e31c9c-be19-597e-be8b-cd46080e846b,BV-04_20260608_0019.jpg,2026-06-08 08:06:56,BV-04,smartphone,saudavel,saudavel,0.9998,agrosmart-v1,simulado,sim-2026-06
b1aa25ab-e033-53a8-9b13-53488e3ef22e,TI-04_20260608_0006.jpg,2026-06-08 08:07:21,TI-04,drone,saudavel,saudavel,0.9129,agrosmart-v1,simulado,sim-2026-06
d5255f47-0e41-533f-8c6c-a9616d5887ff,BV-04_20260608_0020.jpg,2026-06-08 08:07:36,BV-04,smartphone,saudavel,saudavel,0.9985,agrosmart-v1,simulado,sim-2026-06
5c4b5c3a-b787-54b4-a456-47a4af9c0675,TI-04_20260608_0007.jpg,2026-06-08 08:08:02,TI-04,drone,saudavel,saudavel,0.9667,agrosmart-v1,simulado,sim-2026-06
bbdfa45e-6229-5bdf-99a4-16e1d5b320a9,BV-04_20260608_0021.jpg,2026-06-08 08:08:23,BV-04,smartphone,saudavel,saudavel,0.9785,agrosmart-v1,simulado,sim-2026-06
9fd080d7-0b92-529c-b490-0cf2d4cc0585,TI-04_20260608_0008.jpg,2026-06-08 08:08:23,TI-04,drone,saudavel,saudavel,0.8247,agrosmart-v1,simulado,sim-2026-06
d55a082c-25ba-59b7-88cc-7b203f92f7bb,BV-04_20260608_0022.jpg,2026-06-08 08:09:02,BV-04,smartphone,doente,pinta_preta,0.9043,agrosmart-v1,simulado,sim-2026-06
0167d6e2-5141-50de-b5d3-0fbb9cb14a2e,TI-04_20260608_0009.jpg,2026-06-08 08:09:03,TI-04,drone,saudavel,saudavel,0.8319,agrosmart-v1,simulado,sim-2026-06
4872d7a5-84ad-509a-a49b-c9616feb48c8,BV-04_20260608_0023.jpg,2026-06-08 08:09:50,BV-04,smartphone,saudavel,saudavel,0.8955,agrosmart-v1,simulado,sim-2026-06
f3003360-395b-572e-8691-6bebdd053a19,TI-04_20260608_0010.jpg,2026-06-08 08:09:57,TI-04,drone,saudavel,saudavel,0.9996,agrosmart-v1,simulado,sim-2026-06
f0aa5bac-7be8-52a5-a4f3-cd4b6bbd1f1e,BV-04_20260608_0024.jpg,2026-06-08 08:10:22,BV-04,smartphone,saudavel,saudavel,0.9978,agrosmart-v1,simulado,sim-2026-06
0b378bb4-074a-55fe-8106-e23039f71fa9,TI-04_20260608_0011.jpg,2026-06-08 08:10:46,TI-04,drone,saudavel,saudavel,0.8356,agrosmart-v1,simulado,sim-2026-06
3ba9c8f8-a88f-518f-8998-b1ac16d6f497,BV-04_20260608_0025.jpg,2026-06-08 08:11:07,BV-04,smartphone,saudavel,saudavel,0.9769,agrosmart-v1,simulado,sim-2026-06
f4fc2654-2dc1-55c6-b9e1-064207f871e7,TI-04_20260608_0012.jpg,2026-06-08 08:11:17,TI-04,drone,saudavel,saudavel,0.9837,agrosmart-v1,simulado,sim-2026-06
237568c7-0100-5c2d-990e-34d5e8194d0b,BV-04_20260608_0026.jpg,2026-06-08 08:11:48,BV-04,smartphone,saudavel,saudavel,0.9664,agrosmart-v1,simulado,sim-2026-06
1b198e79-292e-5f3a-965b-a3f30414b2ac,TI-04_20260608_0013.jpg,2026-06-08 08:11:52,TI-04,drone,saudavel,saudavel,0.9177,agrosmart-v1,simulado,sim-2026-06
0e7e352a-2aae-5d00-805d-5061c3a696f8,TI-04_20260608_0014.jpg,2026-06-08 08:12:25,TI-04,drone,saudavel,saudavel,0.9355,agrosmart-v1,simulado,sim-2026-06
0078f39a-c8c1-5e28-80ba-1f28e47d3deb,BV-04_20260608_0027.jpg,2026-06-08 08:12:30,BV-04,smartphone,saudavel,saudavel,0.9240,agrosmart-v1,simulado,sim-2026-06
68f0537c-5421-55ad-97c6-c982aaafee31,BV-04_20260608_0028.jpg,2026-06-08 08:12:53,BV-04,smartphone,saudavel,saudavel,0.8730,agrosmart-v1,simulado,sim-2026-06
f759b5cc-37b6-545f-8ced-1e06d5c92852,TI-04_20260608_0015.jpg,2026-06-08 08:13:13,TI-04,drone,saudavel,saudavel,0.8511,agrosmart-v1,simulado,sim-2026-06
be9c81cf-af8a-5da5-ad01-f92928b0355c,BV-04_20260608_0029.jpg,2026-06-08 08:13:43,BV-04,smartphone,saudavel,saudavel,0.8714,agrosmart-v1,simulado,sim-2026-06
017ed825-4d4f-5ecd-92f7-987ac28954a0,TI-04_20260608_0016.jpg,2026-06-08 08:13:56,TI-04,drone,saudavel,saudavel,0.9468,agrosmart-v1,simulado,sim-2026-06
ef6e7412-435c-5d09-9160-c72027d34e8f,TI-04_20260608_0017.jpg,2026-06-08 08:14:26,TI-04,drone,saudavel,saudavel,0.9912,agrosmart-v1,simulado,sim-2026-06
098a8e1d-3422-5e3d-9d85-77fcecb26250,TI-04_20260608_0018.jpg,2026-06-08 08:15:05,TI-04,drone,saudavel,saudavel,0.9565,agrosmart-v1,simulado,sim-2026-06
d3f3fe94-a40b-5c7e-bfd1-461a083eb1b5,TI-04_20260608_0019.jpg,2026-06-08 08:15:59,TI-04,drone,saudavel,saudavel,0.9982,agrosmart-v1,simulado,sim-2026-06
8402cf87-b9f8-5333-bdde-a5983048a16d,TI-04_20260608_0020.jpg,2026-06-08 08:16:45,TI-04,drone,saudavel,saudavel,0.9822,agrosmart-v1,simulado,sim-2026-06
844057d5-f905-573d-855f-c434deb01480,TI-04_20260608_0021.jpg,2026-06-08 08:17:25,TI-04,drone,saudavel,saudavel,0.9739,agrosmart-v1,simulado,sim-2026-06
b804d59f-664f-5b02-83d0-e53b101d063f,TI-04_20260608_0022.jpg,2026-06-08 08:17:48,TI-04,drone,saudavel,saudavel,0.8278,agrosmart-v1,simulado,sim-2026-06
bc4015f0-5697-59c1-8fb9-c7d69d62e64a,TI-04_20260608_0023.jpg,2026-06-08 08:18:28,TI-04,drone,saudavel,saudavel,0.9111,agrosmart-v1,simulado,sim-2026-06
880c8d4a-f7a5-5970-83d2-84ec48973b86,SC-04_20260608_0001.jpg,2026-06-08 08:19:00,SC-04,smartphone,saudavel,saudavel,0.8817,agrosmart-v1,simulado,sim-2026-06
ef2c70ab-c889-5733-8b52-b043d34d9dbc,TI-04_20260608_0024.jpg,2026-06-08 08:19:13,TI-04,drone,saudavel,saudavel,0.9997,agrosmart-v1,simulado,sim-2026-06
76d23940-d912-5249-91b1-ae82b921ceb4,SC-04_20260608_0002.jpg,2026-06-08 08:19:50,SC-04,smartphone,saudavel,saudavel,0.9051,agrosmart-v1,simulado,sim-2026-06
45122ca3-5a5b-5b90-8bf4-75d03db4769d,TI-04_20260608_0025.jpg,2026-06-08 08:20:02,TI-04,drone,saudavel,saudavel,0.8680,agrosmart-v1,simulado,sim-2026-06
379aabd8-e837-5591-a624-d8f0955b6015,SC-04_20260608_0003.jpg,2026-06-08 08:20:10,SC-04,smartphone,saudavel,saudavel,0.9543,agrosmart-v1,simulado,sim-2026-06
47713e50-a3c3-52a3-a0ab-9dfd8bb88e44,TI-04_20260608_0026.jpg,2026-06-08 08:20:21,TI-04,drone,saudavel,saudavel,0.9814,agrosmart-v1,simulado,sim-2026-06
a5f38967-eb75-57f8-a293-b158bc06faa7,SC-04_20260608_0004.jpg,2026-06-08 08:20:55,SC-04,smartphone,saudavel,saudavel,0.6439,agrosmart-v1,simulado,sim-2026-06
d8e4ce73-aa16-53ec-98dd-7b2414298693,SC-04_20260608_0005.jpg,2026-06-08 08:21:26,SC-04,smartphone,saudavel,saudavel,0.8950,agrosmart-v1,simulado,sim-2026-06
aadd7e81-a4d1-5195-a194-1f516c9847cd,TI-04_20260608_0027.jpg,2026-06-08 08:21:28,TI-04,drone,saudavel,saudavel,0.9349,agrosmart-v1,simulado,sim-2026-06
7db05a55-9af7-57ff-b2b3-5264fdf540ab,TI-04_20260608_0028.jpg,2026-06-08 08:21:45,TI-04,drone,saudavel,saudavel,0.9606,agrosmart-v1,simulado,sim-2026-06
18ddffd5-e469-5c21-8150-bfbd14682aca,SC-04_20260608_0006.jpg,2026-06-08 08:22:05,SC-04,smartphone,saudavel,saudavel,0.9744,agrosmart-v1,simulado,sim-2026-06
476e446f-6459-54a5-b558-4142667b2bc3,TI-04_20260608_0029.jpg,2026-06-08 08:22:21,TI-04,drone,saudavel,saudavel,0.9206,agrosmart-v1,simulado,sim-2026-06
416f1dc6-e095-516e-8f18-62f671c75a09,SC-04_20260608_0007.jpg,2026-06-08 08:22:43,SC-04,smartphone,saudavel,saudavel,0.9966,agrosmart-v1,simulado,sim-2026-06
94b64da6-2f2e-584b-bcbf-bab85798617f,SC-04_20260608_0008.jpg,2026-06-08 08:23:27,SC-04,smartphone,saudavel,saudavel,0.8257,agrosmart-v1,simulado,sim-2026-06
8806f2fd-e5e2-5a36-9a13-37a2ef74d044,TI-04_20260608_0030.jpg,2026-06-08 08:23:28,TI-04,drone,saudavel,saudavel,0.9833,agrosmart-v1,simulado,sim-2026-06
d4d7497b-fb5b-5fb8-aab9-b6a54f5bbaff,TI-04_20260608_0031.jpg,2026-06-08 08:23:55,TI-04,drone,doente,vaquinha,0.9992,agrosmart-v1,simulado,sim-2026-06
110042bb-16ab-50ef-9d81-5b2d23fab0e8,TI-04_20260608_0032.jpg,2026-06-08 08:24:21,TI-04,drone,saudavel,saudavel,0.9128,agrosmart-v1,simulado,sim-2026-06
0ebeb744-c5e5-5538-8f33-00a997b9e375,SC-04_20260608_0009.jpg,2026-06-08 08:24:24,SC-04,smartphone,saudavel,saudavel,0.8931,agrosmart-v1,simulado,sim-2026-06
f5dd925b-318f-5309-8e92-de7cedc965c8,SC-04_20260608_0010.jpg,2026-06-08 08:25:01,SC-04,smartphone,saudavel,saudavel,0.8249,agrosmart-v1,simulado,sim-2026-06
2f32c160-4ceb-5c9b-a06c-6293f1c0866c,TI-04_20260608_0033.jpg,2026-06-08 08:25:13,TI-04,drone,saudavel,saudavel,0.9186,agrosmart-v1,simulado,sim-2026-06
868a7811-e904-58d0-ad63-4471dd0030f6,SC-04_20260608_0011.jpg,2026-06-08 08:25:22,SC-04,smartphone,saudavel,saudavel,0.8677,agrosmart-v1,simulado,sim-2026-06
a73c1f2f-f683-5e87-bf5a-3532a156a0ed,TI-04_20260608_0034.jpg,2026-06-08 08:25:42,TI-04,drone,saudavel,saudavel,0.9794,agrosmart-v1,simulado,sim-2026-06
2983cbd9-a226-5cf0-8c44-0bc6451a1b20,SC-01_20260608_0001.jpg,2026-06-08 08:25:55,SC-01,smartphone,saudavel,saudavel,0.9709,agrosmart-v1,simulado,sim-2026-06
f635d6d6-6eff-5c22-a8a4-9bd483d7ac13,SC-04_20260608_0012.jpg,2026-06-08 08:26:30,SC-04,smartphone,saudavel,saudavel,0.9940,agrosmart-v1,simulado,sim-2026-06
d13036ff-18f4-5016-836c-1d5b4530c4e6,TI-04_20260608_0035.jpg,2026-06-08 08:26:38,TI-04,drone,saudavel,saudavel,0.9448,agrosmart-v1,simulado,sim-2026-06
a890085b-43af-52f7-a8cd-34cd9f3c2fe1,SC-04_20260608_0013.jpg,2026-06-08 08:26:44,SC-04,smartphone,saudavel,saudavel,0.9759,agrosmart-v1,simulado,sim-2026-06
7a102835-6524-5fc9-8669-50c0439c225d,SC-01_20260608_0002.jpg,2026-06-08 08:26:48,SC-01,smartphone,saudavel,saudavel,0.8667,agrosmart-v1,simulado,sim-2026-06
a9c450c1-b5be-5e12-a47c-eebbb84e2f72,SC-01_20260608_0003.jpg,2026-06-08 08:27:18,SC-01,smartphone,saudavel,saudavel,0.9998,agrosmart-v1,simulado,sim-2026-06
5449f1ae-6d49-5879-ae0f-ed670888b929,SC-04_20260608_0014.jpg,2026-06-08 08:27:34,SC-04,smartphone,saudavel,saudavel,0.8788,agrosmart-v1,simulado,sim-2026-06
022f4987-10ad-594f-8f72-83082524ec65,SC-01_20260608_0004.jpg,2026-06-08 08:27:58,SC-01,smartphone,saudavel,saudavel,0.9984,agrosmart-v1,simulado,sim-2026-06
c16942a0-1843-5a72-a3f4-49c6d587c164,SC-04_20260608_0015.jpg,2026-06-08 08:28:02,SC-04,smartphone,saudavel,saudavel,0.9419,agrosmart-v1,simulado,sim-2026-06
dd031dcd-2b6c-5e01-8212-f0d809dae2ab,SC-01_20260608_0005.jpg,2026-06-08 08:28:30,SC-01,smartphone,saudavel,saudavel,0.8544,agrosmart-v1,simulado,sim-2026-06
5fc3193d-5cae-5914-89b9-d3737661e83d,SC-04_20260608_0016.jpg,2026-06-08 08:28:56,SC-04,smartphone,saudavel,saudavel,0.8316,agrosmart-v1,simulado,sim-2026-06
0c877103-99ac-50f2-8c77-53727d22b50c,TI-03_20260608_0001.jpg,2026-06-08 08:29:00,TI-03,drone,saudavel,saudavel,0.9250,agrosmart-v1,simulado,sim-2026-06
983a3ca9-feae-52d9-b353-aaeed41a57bc,SC-01_20260608_0006.jpg,2026-06-08 08:29:14,SC-01,smartphone,saudavel,saudavel,0.9997,agrosmart-v1,simulado,sim-2026-06
3a135866-148e-5e0b-98c7-f4e3887bc0f7,SC-04_20260608_0017.jpg,2026-06-08 08:29:31,SC-04,smartphone,saudavel,saudavel,0.9948,agrosmart-v1,simulado,sim-2026-06
1ddc4c23-267b-5e35-a1bb-e433d41d290b,TI-03_20260608_0002.jpg,2026-06-08 08:29:42,TI-03,drone,saudavel,saudavel,0.9005,agrosmart-v1,simulado,sim-2026-06
5438536b-dfc0-5f84-96de-4571ea254988,SC-01_20260608_0007.jpg,2026-06-08 08:30:01,SC-01,smartphone,saudavel,saudavel,1.0000,agrosmart-v1,simulado,sim-2026-06
e0344bee-938a-5e5b-bce7-c777bd240cf6,SC-04_20260608_0018.jpg,2026-06-08 08:30:14,SC-04,smartphone,saudavel,saudavel,0.9998,agrosmart-v1,simulado,sim-2026-06
f26d52b9-f4c9-5e2f-930b-684288141a32,TI-03_20260608_0003.jpg,2026-06-08 08:30:21,TI-03,drone,saudavel,saudavel,0.9228,agrosmart-v1,simulado,sim-2026-06
07ea1b34-159a-5032-95c2-11c975673ade,SC-01_20260608_0008.jpg,2026-06-08 08:30:31,SC-01,smartphone,saudavel,saudavel,0.9832,agrosmart-v1,simulado,sim-2026-06
3ce19a0f-1e63-5445-bd79-bf4c1cb5c6f7,TI-03_20260608_0004.jpg,2026-06-08 08:30:40,TI-03,drone,saudavel,saudavel,0.8884,agrosmart-v1,simulado,sim-2026-06
6aaf2560-0461-5ec6-911b-c943f6da16fa,SC-04_20260608_0019.jpg,2026-06-08 08:30:58,SC-04,smartphone,saudavel,saudavel,0.9855,agrosmart-v1,simulado,sim-2026-06
e200fb24-7aa2-5158-993d-2926c48317f2,SC-01_20260608_0009.jpg,2026-06-08 08:31:05,SC-01,smartphone,saudavel,saudavel,0.9223,agrosmart-v1,simulado,sim-2026-06
4367b1ca-4166-5e13-ab9f-cb991090ccf8,SC-04_20260608_0020.jpg,2026-06-08 08:31:30,SC-04,smartphone,saudavel,saudavel,0.8724,agrosmart-v1,simulado,sim-2026-06
4f26b85c-7f66-5dac-8dd5-2fad0b8598a0,SC-01_20260608_0010.jpg,2026-06-08 08:31:46,SC-01,smartphone,saudavel,saudavel,0.9994,agrosmart-v1,simulado,sim-2026-06
31020306-eda8-5ed6-8b59-91fbf54ef5bf,TI-03_20260608_0005.jpg,2026-06-08 08:31:49,TI-03,drone,saudavel,saudavel,0.9652,agrosmart-v1,simulado,sim-2026-06
162268f5-8955-5051-8a70-5a6bae65e95a,TI-03_20260608_0006.jpg,2026-06-08 08:32:07,TI-03,drone,saudavel,saudavel,0.9627,agrosmart-v1,simulado,sim-2026-06
ecf9e323-1d08-5894-a23e-93da4f1519a4,SC-04_20260608_0021.jpg,2026-06-08 08:32:26,SC-04,smartphone,saudavel,saudavel,0.9844,agrosmart-v1,simulado,sim-2026-06
1ed1a15c-88e6-5a3e-a648-94b6e05136bd,SC-01_20260608_0011.jpg,2026-06-08 08:32:40,SC-01,smartphone,saudavel,saudavel,0.9144,agrosmart-v1,simulado,sim-2026-06
5c693876-ef7c-582e-a1b5-d924560ae67d,TI-03_20260608_0007.jpg,2026-06-08 08:32:40,TI-03,drone,saudavel,saudavel,0.8372,agrosmart-v1,simulado,sim-2026-06
3d210380-1c9d-57a2-8337-04c39c6cb202,SC-04_20260608_0022.jpg,2026-06-08 08:33:03,SC-04,smartphone,saudavel,saudavel,0.8432,agrosmart-v1,simulado,sim-2026-06
31e7cf9c-0e2e-5dd8-9c86-55b500294cff,SC-01_20260608_0012.jpg,2026-06-08 08:33:16,SC-01,smartphone,saudavel,saudavel,0.9595,agrosmart-v1,simulado,sim-2026-06
3ec66056-f4b7-55ee-a80e-14c186675e19,TI-03_20260608_0008.jpg,2026-06-08 08:33:27,TI-03,drone,saudavel,saudavel,0.9495,agrosmart-v1,simulado,sim-2026-06
66496e1a-ef86-5c1e-a80d-69f73bc902ce,SC-04_20260608_0023.jpg,2026-06-08 08:33:47,SC-04,smartphone,saudavel,saudavel,0.9978,agrosmart-v1,simulado,sim-2026-06
30def3b8-ec0f-5807-b61b-c7409c2f3bdf,SC-01_20260608_0013.jpg,2026-06-08 08:34:02,SC-01,smartphone,saudavel,saudavel,0.9945,agrosmart-v1,simulado,sim-2026-06
7699cd17-c869-5753-a206-c4dcda06bd3a,SC-04_20260608_0024.jpg,2026-06-08 08:34:21,SC-04,smartphone,saudavel,saudavel,0.9161,agrosmart-v1,simulado,sim-2026-06
d62edab5-795c-51e2-b1d2-596e65d9b3e8,TI-03_20260608_0009.jpg,2026-06-08 08:34:21,TI-03,drone,saudavel,saudavel,0.9819,agrosmart-v1,simulado,sim-2026-06
20547e51-9273-5784-9550-3949cfeb4c3f,SC-01_20260608_0014.jpg,2026-06-08 08:34:25,SC-01,smartphone,saudavel,saudavel,0.8617,agrosmart-v1,simulado,sim-2026-06
93ff05d8-55a3-58eb-86dd-abada17fb2fc,SC-04_20260608_0025.jpg,2026-06-08 08:34:47,SC-04,smartphone,saudavel,saudavel,0.9759,agrosmart-v1,simulado,sim-2026-06
2ad7756f-9409-5df8-876c-fb572ab02547,TI-03_20260608_0010.jpg,2026-06-08 08:35:03,TI-03,drone,saudavel,saudavel,0.9927,agrosmart-v1,simulado,sim-2026-06
3afbfd89-9c4d-5285-815b-83b4c9a03c2c,SC-01_20260608_0015.jpg,2026-06-08 08:35:20,SC-01,smartphone,saudavel,saudavel,0.9117,agrosmart-v1,simulado,sim-2026-06
4d877a70-cebf-596e-a944-c6c85b8d3948,TI-03_20260608_0011.jpg,2026-06-08 08:35:26,TI-03,drone,saudavel,saudavel,0.9031,agrosmart-v1,simulado,sim-2026-06
1c89590c-fa25-5cae-af2c-8bc35bfb21b2,SC-04_20260608_0026.jpg,2026-06-08 08:35:27,SC-04,smartphone,saudavel,saudavel,0.8718,agrosmart-v1,simulado,sim-2026-06
8e13a33e-01ab-520c-9bcb-fbb2944affba,TI-02_20260608_0001.jpg,2026-06-08 08:35:51,TI-02,drone,saudavel,saudavel,0.9996,agrosmart-v1,simulado,sim-2026-06
0570b81b-6918-59bb-a2d2-fdee4c215790,SC-01_20260608_0016.jpg,2026-06-08 08:36:00,SC-01,smartphone,saudavel,saudavel,0.7090,agrosmart-v1,simulado,sim-2026-06
9b644f37-1091-5ec9-bacb-2b04481b975b,SC-04_20260608_0027.jpg,2026-06-08 08:36:06,SC-04,smartphone,saudavel,saudavel,0.9995,agrosmart-v1,simulado,sim-2026-06
352e809c-07ca-51ba-883b-94e5e72a4c59,TI-03_20260608_0012.jpg,2026-06-08 08:36:30,TI-03,drone,saudavel,saudavel,0.9961,agrosmart-v1,simulado,sim-2026-06
a3e53c5e-fc3b-5335-918f-67c9f120c006,SC-01_20260608_0017.jpg,2026-06-08 08:36:48,SC-01,smartphone,saudavel,saudavel,0.9894,agrosmart-v1,simulado,sim-2026-06
1b5ca939-c89d-5503-bbdc-269b2d54a970,TI-02_20260608_0002.jpg,2026-06-08 08:36:48,TI-02,drone,saudavel,saudavel,0.9636,agrosmart-v1,simulado,sim-2026-06
b29871c7-b9e8-5a8b-a79c-426fee791777,SC-04_20260608_0028.jpg,2026-06-08 08:36:54,SC-04,smartphone,saudavel,saudavel,0.8289,agrosmart-v1,simulado,sim-2026-06
d130ed4d-258e-5fac-9485-1f20e4d09b69,TI-03_20260608_0013.jpg,2026-06-08 08:37:03,TI-03,drone,saudavel,saudavel,0.9358,agrosmart-v1,simulado,sim-2026-06
fce6bcd1-9c77-5dfe-887d-9b44c0b6cf00,SC-01_20260608_0018.jpg,2026-06-08 08:37:21,SC-01,smartphone,saudavel,saudavel,0.9083,agrosmart-v1,simulado,sim-2026-06
f177c08e-464b-54ec-b91d-4cb9bbd21886,TI-02_20260608_0003.jpg,2026-06-08 08:37:27,TI-02,drone,saudavel,saudavel,0.9608,agrosmart-v1,simulado,sim-2026-06
31c8fad3-4840-5aab-80ea-c077526f9d0d,TI-03_20260608_0014.jpg,2026-06-08 08:37:37,TI-03,drone,saudavel,saudavel,0.9820,agrosmart-v1,simulado,sim-2026-06
fe788fd3-11b7-5769-bc80-9eb140eceb03,TI-02_20260608_0004.jpg,2026-06-08 08:37:46,TI-02,drone,saudavel,saudavel,0.8647,agrosmart-v1,simulado,sim-2026-06
d4d6488d-97aa-55e9-9ffa-22dfbdc7a811,SC-01_20260608_0019.jpg,2026-06-08 08:37:49,SC-01,smartphone,saudavel,saudavel,0.9853,agrosmart-v1,simulado,sim-2026-06
f64cc68b-4533-5021-8cda-888b016e3367,TI-03_20260608_0015.jpg,2026-06-08 08:38:00,TI-03,drone,saudavel,saudavel,0.8782,agrosmart-v1,simulado,sim-2026-06
5df10017-8260-5d50-8ba8-34724c5f739a,SC-01_20260608_0020.jpg,2026-06-08 08:38:24,SC-01,smartphone,saudavel,saudavel,0.9889,agrosmart-v1,simulado,sim-2026-06
49fd5fb7-bf55-5f21-ac90-5f918dd19768,TI-02_20260608_0005.jpg,2026-06-08 08:38:45,TI-02,drone,saudavel,saudavel,0.8471,agrosmart-v1,simulado,sim-2026-06
5d3f490c-7144-5f53-a831-823d824c1b4a,TI-03_20260608_0016.jpg,2026-06-08 08:39:06,TI-03,drone,saudavel,saudavel,0.9658,agrosmart-v1,simulado,sim-2026-06
c6288d41-fdc9-568e-83f9-a69a0adb7842,SC-01_20260608_0021.jpg,2026-06-08 08:39:10,SC-01,smartphone,saudavel,saudavel,0.9722,agrosmart-v1,simulado,sim-2026-06
5ea135dd-84c5-587f-a1e2-d57baa8eaa38,TI-02_20260608_0006.jpg,2026-06-08 08:39:16,TI-02,drone,saudavel,saudavel,0.9421,agrosmart-v1,simulado,sim-2026-06
4bbebcf4-e5bf-54f1-b70d-dab2035ecb42,TI-03_20260608_0017.jpg,2026-06-08 08:39:31,TI-03,drone,saudavel,saudavel,0.9517,agrosmart-v1,simulado,sim-2026-06
125042c6-d94e-5085-816e-d90ee524cc8d,SC-01_20260608_0022.jpg,2026-06-08 08:39:44,SC-01,smartphone,saudavel,saudavel,0.9346,agrosmart-v1,simulado,sim-2026-06
67797eb0-feb3-5d2a-a0c2-5f19b771477e,TI-02_20260608_0007.jpg,2026-06-08 08:39:55,TI-02,drone,saudavel,saudavel,0.9916,agrosmart-v1,simulado,sim-2026-06
35dad700-b818-5c18-b783-63d31e5f5944,TI-03_20260608_0018.jpg,2026-06-08 08:40:20,TI-03,drone,saudavel,saudavel,0.8549,agrosmart-v1,simulado,sim-2026-06
8632132a-028c-5aac-9e41-a5f926582f93,SC-01_20260608_0023.jpg,2026-06-08 08:40:37,SC-01,smartphone,saudavel,saudavel,0.9629,agrosmart-v1,simulado,sim-2026-06
16b0ee1b-b6f9-5d68-877d-b2574f26c63b,TI-02_20260608_0008.jpg,2026-06-08 08:40:45,TI-02,drone,saudavel,saudavel,0.9936,agrosmart-v1,simulado,sim-2026-06
dbc57d85-61e4-53a4-82a8-81a1dba705d2,TI-03_20260608_0019.jpg,2026-06-08 08:40:56,TI-03,drone,saudavel,saudavel,0.8970,agrosmart-v1,simulado,sim-2026-06
7f08f6b1-c4bf-5c42-b225-2290221fcb2c,SC-01_20260608_0024.jpg,2026-06-08 08:41:04,SC-01,smartphone,saudavel,saudavel,0.9800,agrosmart-v1,simulado,sim-2026-06
306e1aa1-f0c3-5913-b299-dd7420643061,TI-02_20260608_0009.jpg,2026-06-08 08:41:13,TI-02,drone,saudavel,saudavel,0.9949,agrosmart-v1,simulado,sim-2026-06
c1931953-faad-5b62-86c5-6abe3c0ffba9,TI-03_20260608_0020.jpg,2026-06-08 08:41:44,TI-03,drone,saudavel,saudavel,0.9939,agrosmart-v1,simulado,sim-2026-06
d7139b5b-cb7c-51a3-8de8-fab035267e61,SC-01_20260608_0025.jpg,2026-06-08 08:41:47,SC-01,smartphone,saudavel,saudavel,0.8678,agrosmart-v1,simulado,sim-2026-06
97a60d83-92c7-564e-baaa-f41c9d64c0f4,TI-02_20260608_0010.jpg,2026-06-08 08:41:58,TI-02,drone,saudavel,saudavel,0.9529,agrosmart-v1,simulado,sim-2026-06
1a64c044-3983-5fd9-94b7-4b5a57322e47,TI-03_20260608_0021.jpg,2026-06-08 08:42:11,TI-03,drone,saudavel,saudavel,0.9347,agrosmart-v1,simulado,sim-2026-06
bf8a9c95-67a4-558c-b925-b440b3b36e84,TI-02_20260608_0011.jpg,2026-06-08 08:42:34,TI-02,drone,saudavel,saudavel,0.8550,agrosmart-v1,simulado,sim-2026-06
2de2ffc7-b43c-562b-b38a-f15a5a56be6d,TI-03_20260608_0022.jpg,2026-06-08 08:42:41,TI-03,drone,saudavel,saudavel,0.8993,agrosmart-v1,simulado,sim-2026-06
775a2f41-2470-5c03-a860-bdabf03a7d17,SC-01_20260608_0026.jpg,2026-06-08 08:42:50,SC-01,smartphone,saudavel,saudavel,0.9955,agrosmart-v1,simulado,sim-2026-06
654308f3-df22-5105-b281-1ce9d88948cd,SC-01_20260608_0027.jpg,2026-06-08 08:43:13,SC-01,smartphone,saudavel,saudavel,0.9891,agrosmart-v1,simulado,sim-2026-06
88fd6254-493c-5a6a-929e-9b32cae5b3eb,TI-02_20260608_0012.jpg,2026-06-08 08:43:15,TI-02,drone,saudavel,saudavel,0.8464,agrosmart-v1,simulado,sim-2026-06
e808877a-c5d4-5670-a477-ad8d1e1607d2,SC-01_20260608_0028.jpg,2026-06-08 08:43:43,SC-01,smartphone,saudavel,saudavel,0.8614,agrosmart-v1,simulado,sim-2026-06
2188c7cb-221c-5e7a-bbf2-fde8ec555d96,TI-03_20260608_0023.jpg,2026-06-08 08:43:45,TI-03,drone,saudavel,saudavel,0.8961,agrosmart-v1,simulado,sim-2026-06
38863dd5-3ee5-5eba-973f-db03e1741569,TI-02_20260608_0013.jpg,2026-06-08 08:44:06,TI-02,drone,saudavel,saudavel,0.8336,agrosmart-v1,simulado,sim-2026-06
1da872a6-9d66-58c7-9a89-eaffb1898fbe,TI-03_20260608_0024.jpg,2026-06-08 08:44:30,TI-03,drone,saudavel,saudavel,0.9949,agrosmart-v1,simulado,sim-2026-06
7cf844df-5570-509d-acd9-b2eb66cdd528,SC-01_20260608_0029.jpg,2026-06-08 08:44:32,SC-01,smartphone,saudavel,saudavel,0.9883,agrosmart-v1,simulado,sim-2026-06
1cb583dc-19ed-55be-b354-04c98ccd2d43,TI-02_20260608_0014.jpg,2026-06-08 08:44:40,TI-02,drone,saudavel,saudavel,0.9912,agrosmart-v1,simulado,sim-2026-06
02c69bd2-654e-56a9-a891-0e0de930917b,TI-03_20260608_0025.jpg,2026-06-08 08:44:58,TI-03,drone,saudavel,saudavel,0.9310,agrosmart-v1,simulado,sim-2026-06
9fffcd0d-a3d5-5fed-aefb-b25e24250712,SC-01_20260608_0030.jpg,2026-06-08 08:45:10,SC-01,smartphone,saudavel,saudavel,0.8626,agrosmart-v1,simulado,sim-2026-06
39e638e7-a854-5aa6-bd3c-775884b08f98,TI-02_20260608_0015.jpg,2026-06-08 08:45:18,TI-02,drone,saudavel,saudavel,0.8527,agrosmart-v1,simulado,sim-2026-06
47b0fed6-6fbf-5f76-9ab4-e6d089c15b09,TI-03_20260608_0026.jpg,2026-06-08 08:45:40,TI-03,drone,saudavel,saudavel,0.9693,agrosmart-v1,simulado,sim-2026-06
6148f22b-afa6-5183-a47c-c1e4d444d61e,SC-01_20260608_0031.jpg,2026-06-08 08:45:45,SC-01,smartphone,saudavel,saudavel,0.9498,agrosmart-v1,simulado,sim-2026-06
48d6e4a4-b692-563b-aaf2-714d390e81e6,TI-02_20260608_0016.jpg,2026-06-08 08:45:48,TI-02,drone,saudavel,saudavel,0.9792,agrosmart-v1,simulado,sim-2026-06
71b91016-a999-53b1-96cc-08c4088d7760,TI-03_20260608_0027.jpg,2026-06-08 08:46:11,TI-03,drone,doente,pinta_preta,0.9977,agrosmart-v1,simulado,sim-2026-06
c609d14c-552e-50ee-bcd9-02fd6b24938f,TI-02_20260608_0017.jpg,2026-06-08 08:46:40,TI-02,drone,saudavel,saudavel,0.9199,agrosmart-v1,simulado,sim-2026-06
e6175825-bf2b-5a7c-93ad-da6dce702597,SC-01_20260608_0032.jpg,2026-06-08 08:46:48,SC-01,smartphone,saudavel,saudavel,0.9761,agrosmart-v1,simulado,sim-2026-06
7525933a-0c74-54d7-aa0f-07ff3c506670,TI-03_20260608_0028.jpg,2026-06-08 08:47:05,TI-03,drone,saudavel,saudavel,0.8251,agrosmart-v1,simulado,sim-2026-06
f99b76a3-7ddc-5608-967a-03ee886cc481,SC-01_20260608_0033.jpg,2026-06-08 08:47:08,SC-01,smartphone,saudavel,saudavel,0.9763,agrosmart-v1,simulado,sim-2026-06
4621585e-791b-569e-b482-d10f399625d6,TI-02_20260608_0018.jpg,2026-06-08 08:47:12,TI-02,drone,saudavel,saudavel,0.9228,agrosmart-v1,simulado,sim-2026-06
d10ebd79-67e0-5253-9253-b9fead7905b5,TI-03_20260608_0029.jpg,2026-06-08 08:47:28,TI-03,drone,saudavel,saudavel,0.8406,agrosmart-v1,simulado,sim-2026-06
9d69fd49-da5a-5e44-9e39-4281cdad4752,TI-02_20260608_0019.jpg,2026-06-08 08:47:56,TI-02,drone,saudavel,saudavel,0.9571,agrosmart-v1,simulado,sim-2026-06
9dad313d-a4e4-5835-b5d6-cbfc281134b3,SC-01_20260608_0034.jpg,2026-06-08 08:48:03,SC-01,smartphone,saudavel,saudavel,0.9234,agrosmart-v1,simulado,sim-2026-06
7c87bb4b-0787-5aba-b162-32decae32593,TI-03_20260608_0030.jpg,2026-06-08 08:48:18,TI-03,drone,saudavel,saudavel,0.9655,agrosmart-v1,simulado,sim-2026-06
9c1e175e-f96f-59ee-88ae-cf38d0ec0f6b,SC-01_20260608_0035.jpg,2026-06-08 08:48:28,SC-01,smartphone,saudavel,saudavel,0.8430,agrosmart-v1,simulado,sim-2026-06
6c35f982-4b2e-588b-bad4-ac5e0199b48c,TI-02_20260608_0020.jpg,2026-06-08 08:48:34,TI-02,drone,saudavel,saudavel,0.9019,agrosmart-v1,simulado,sim-2026-06
911a895b-e2f0-5f46-8ca6-1010d88314b5,TI-03_20260608_0031.jpg,2026-06-08 08:48:53,TI-03,drone,saudavel,saudavel,0.9864,agrosmart-v1,simulado,sim-2026-06
08dd0337-9bbf-5afe-9e81-96da403aea94,TI-02_20260608_0021.jpg,2026-06-08 08:49:01,TI-02,drone,saudavel,saudavel,0.9669,agrosmart-v1,simulado,sim-2026-06
0f26b676-a133-566a-9bd7-6f89609da0ba,SC-01_20260608_0036.jpg,2026-06-08 08:49:03,SC-01,smartphone,saudavel,saudavel,0.9873,agrosmart-v1,simulado,sim-2026-06
d022cfc3-6560-5225-a5b0-6f46348ad56c,TI-03_20260608_0032.jpg,2026-06-08 08:49:25,TI-03,drone,saudavel,saudavel,0.9717,agrosmart-v1,simulado,sim-2026-06
e067cb89-b0c0-581b-91ac-3a568ca2f278,TI-02_20260608_0022.jpg,2026-06-08 08:49:44,TI-02,drone,saudavel,saudavel,0.9135,agrosmart-v1,simulado,sim-2026-06
e3f45a55-d6e9-5c31-9e7b-68e45e5afae6,SC-01_20260608_0037.jpg,2026-06-08 08:49:49,SC-01,smartphone,saudavel,saudavel,0.9801,agrosmart-v1,simulado,sim-2026-06
7a46a873-640f-5f7f-8946-b9c88c0fa6ae,TI-03_20260608_0033.jpg,2026-06-08 08:50:03,TI-03,drone,doente,requeima,0.9159,agrosmart-v1,simulado,sim-2026-06
f38dd9bf-05c1-5a25-9d63-c2a3414b73cf,SC-01_20260608_0038.jpg,2026-06-08 08:50:25,SC-01,smartphone,saudavel,saudavel,0.9988,agrosmart-v1,simulado,sim-2026-06
81037ef3-77a8-5d12-b7c4-b10f1eec8c97,TI-02_20260608_0023.jpg,2026-06-08 08:50:37,TI-02,drone,saudavel,saudavel,0.8615,agrosmart-v1,simulado,sim-2026-06
01d3c95e-ebd3-54ab-965a-b9faafb191e3,TI-03_20260608_0034.jpg,2026-06-08 08:50:53,TI-03,drone,saudavel,saudavel,0.8397,agrosmart-v1,simulado,sim-2026-06
7e37049a-d200-5f35-9449-8e2923cb596d,TI-02_20260608_0024.jpg,2026-06-08 08:51:06,TI-02,drone,saudavel,saudavel,0.8957,agrosmart-v1,simulado,sim-2026-06
6de1d344-b449-5c4c-9542-88159d474e83,SC-01_20260608_0039.jpg,2026-06-08 08:51:22,SC-01,smartphone,saudavel,saudavel,0.8680,agrosmart-v1,simulado,sim-2026-06
25ccc48b-e438-5c34-97ce-731a2199a5ec,TI-03_20260608_0035.jpg,2026-06-08 08:51:35,TI-03,drone,saudavel,saudavel,0.8848,agrosmart-v1,simulado,sim-2026-06
0b69f212-0a06-5e5a-b105-8bc5cae98f26,SC-01_20260608_0040.jpg,2026-06-08 08:51:52,SC-01,smartphone,saudavel,saudavel,0.9978,agrosmart-v1,simulado,sim-2026-06
3208787a-06c5-55f8-9a9f-9f17d45075b4,TI-02_20260608_0025.jpg,2026-06-08 08:52:02,TI-02,drone,saudavel,saudavel,0.9876,agrosmart-v1,simulado,sim-2026-06
bbb89024-f4b5-5649-ad2d-871ca4feb2ba,TI-03_20260608_0036.jpg,2026-06-08 08:52:20,TI-03,drone,saudavel,saudavel,0.9585,agrosmart-v1,simulado,sim-2026-06
ed1d81de-ba0b-5613-b467-4eb2d308b7dc,TI-02_20260608_0026.jpg,2026-06-08 08:52:41,TI-02,drone,saudavel,saudavel,0.8737,agrosmart-v1,simulado,sim-2026-06
a92e941b-6288-5480-9b0b-21f744f26948,TI-03_20260608_0037.jpg,2026-06-08 08:52:45,TI-03,drone,saudavel,saudavel,1.0000,agrosmart-v1,simulado,sim-2026-06
86f6079d-5ffc-5445-b48c-fd141dfb7318,TI-02_20260608_0027.jpg,2026-06-08 08:53:07,TI-02,drone,saudavel,saudavel,0.9765,agrosmart-v1,simulado,sim-2026-06
f3570790-7168-57f4-91d3-c403cf4aea70,TI-03_20260608_0038.jpg,2026-06-08 08:53:29,TI-03,drone,saudavel,saudavel,0.9761,agrosmart-v1,simulado,sim-2026-06
52b1a21a-49ec-5974-90c0-6d3d54b01098,TI-02_20260608_0028.jpg,2026-06-08 08:54:01,TI-02,drone,saudavel,saudavel,0.9690,agrosmart-v1,simulado,sim-2026-06
f92f4046-ffae-5cab-be62-47837a712a3b,TI-03_20260608_0039.jpg,2026-06-08 08:54:01,TI-03,drone,saudavel,saudavel,0.8871,agrosmart-v1,simulado,sim-2026-06
3f6e8f2e-07f0-50e1-bd07-7f533d9c696c,TI-02_20260608_0029.jpg,2026-06-08 08:54:38,TI-02,drone,saudavel,saudavel,0.9592,agrosmart-v1,simulado,sim-2026-06
d2b553b7-cb48-500d-8c9f-d038de52a045,TI-02_20260608_0030.jpg,2026-06-08 08:55:00,TI-02,drone,saudavel,saudavel,0.8963,agrosmart-v1,simulado,sim-2026-06
aa7d7806-4f10-5d9b-a94a-3e8932f6d7a8,TI-03_20260608_0040.jpg,2026-06-08 08:55:10,TI-03,drone,saudavel,saudavel,0.9119,agrosmart-v1,simulado,sim-2026-06
07076bbe-4d62-5fff-b410-a766db5d20b4,TI-02_20260608_0031.jpg,2026-06-08 08:56:09,TI-02,drone,saudavel,saudavel,0.9045,agrosmart-v1,simulado,sim-2026-06
9965732a-aab9-5090-ac6d-02ce5e97544d,TI-02_20260608_0032.jpg,2026-06-08 08:56:50,TI-02,drone,saudavel,saudavel,0.9310,agrosmart-v1,simulado,sim-2026-06
449156aa-7fc5-5dba-979d-fb356d72c06d,TI-02_20260608_0033.jpg,2026-06-08 08:57:30,TI-02,drone,saudavel,saudavel,0.9993,agrosmart-v1,simulado,sim-2026-06
7902ba3d-41eb-5a5c-a426-026542f54d93,TI-02_20260608_0034.jpg,2026-06-08 08:57:44,TI-02,drone,saudavel,saudavel,0.9789,agrosmart-v1,simulado,sim-2026-06
28a78241-5e3f-592a-9438-d4e6780f2c19,TI-02_20260608_0035.jpg,2026-06-08 08:58:31,TI-02,drone,saudavel,saudavel,0.9964,agrosmart-v1,simulado,sim-2026-06
8d16cf61-f708-5517-8d8d-7350e2b4a60a,TI-02_20260608_0036.jpg,2026-06-08 08:59:22,TI-02,drone,saudavel,saudavel,0.9748,agrosmart-v1,simulado,sim-2026-06
dab8da55-76c1-5a44-b742-77fdab34125f,TI-02_20260608_0037.jpg,2026-06-08 09:00:01,TI-02,drone,saudavel,saudavel,0.9759,agrosmart-v1,simulado,sim-2026-06
1b460fea-fa4f-58af-b6e6-c61b45e8dc1f,TI-02_20260608_0038.jpg,2026-06-08 09:00:24,TI-02,drone,saudavel,saudavel,0.8517,agrosmart-v1,simulado,sim-2026-06
c5d34cce-2874-5285-8bea-9800a27bc618,TI-02_20260608_0039.jpg,2026-06-08 09:01:01,TI-02,drone,saudavel,saudavel,0.9919,agrosmart-v1,simulado,sim-2026-06
14c52ae8-118f-59df-9e6b-6daea37429f3,SC-02_20260608_0001.jpg,2026-06-08 09:01:07,SC-02,smartphone,saudavel,saudavel,0.9468,agrosmart-v1,simulado,sim-2026-06
40969727-ca26-5e80-b854-750f4ec87111,TI-02_20260608_0040.jpg,2026-06-08 09:01:40,TI-02,drone,saudavel,saudavel,0.8845,agrosmart-v1,simulado,sim-2026-06
0cd83025-22c0-5493-be10-ad4a36bacf1f,SC-02_20260608_0002.jpg,2026-06-08 09:01:42,SC-02,smartphone,saudavel,saudavel,0.8388,agrosmart-v1,simulado,sim-2026-06
032635ed-5224-53ab-9788-77644c99a03c,SC-02_20260608_0003.jpg,2026-06-08 09:02:08,SC-02,smartphone,saudavel,saudavel,0.9365,agrosmart-v1,simulado,sim-2026-06
f6f00526-7ce8-547c-81fe-8bb4f49ed89f,TI-02_20260608_0041.jpg,2026-06-08 09:02:39,TI-02,drone,saudavel,saudavel,0.9996,agrosmart-v1,simulado,sim-2026-06
2dd961f6-bda9-54f4-83dd-c14cda1332c0,SC-02_20260608_0004.jpg,2026-06-08 09:02:45,SC-02,smartphone,saudavel,saudavel,0.8687,agrosmart-v1,simulado,sim-2026-06
3915063d-34fd-5023-baca-36b404c2a8f0,SC-02_20260608_0005.jpg,2026-06-08 09:03:43,SC-02,smartphone,saudavel,saudavel,0.9930,agrosmart-v1,simulado,sim-2026-06
62a8e33b-76a0-5988-82b6-2f2ceb2d1310,SC-02_20260608_0006.jpg,2026-06-08 09:04:10,SC-02,smartphone,saudavel,saudavel,0.9952,agrosmart-v1,simulado,sim-2026-06
28c2cf18-a2e6-5920-962c-5c03e34cca95,SC-02_20260608_0007.jpg,2026-06-08 09:04:40,SC-02,smartphone,saudavel,saudavel,0.9576,agrosmart-v1,simulado,sim-2026-06
df864632-5d19-5fa6-b6ca-7cfdda189873,SC-02_20260608_0008.jpg,2026-06-08 09:05:38,SC-02,smartphone,doente,mosca_minadora,0.9847,agrosmart-v1,simulado,sim-2026-06
80b489d1-a19e-50e3-a7a0-d1df3928a4d9,SC-02_20260608_0009.jpg,2026-06-08 09:06:27,SC-02,smartphone,saudavel,saudavel,0.9069,agrosmart-v1,simulado,sim-2026-06
9b6a6a17-09ad-5c30-8576-fbf495a958d1,SC-02_20260608_0010.jpg,2026-06-08 09:06:48,SC-02,smartphone,saudavel,saudavel,0.9947,agrosmart-v1,simulado,sim-2026-06
335cb683-42dd-5104-a7a7-8e6afe80226e,SC-02_20260608_0011.jpg,2026-06-08 09:07:25,SC-02,smartphone,saudavel,saudavel,0.8245,agrosmart-v1,simulado,sim-2026-06
445f081c-e944-5920-a7f1-303836b08729,SC-02_20260608_0012.jpg,2026-06-08 09:08:11,SC-02,smartphone,saudavel,saudavel,0.9179,agrosmart-v1,simulado,sim-2026-06
d335189d-0714-508e-bb23-9f427febf171,SC-02_20260608_0013.jpg,2026-06-08 09:09:06,SC-02,smartphone,saudavel,saudavel,0.9912,agrosmart-v1,simulado,sim-2026-06
cc7e140b-7c4f-566b-9e54-a42a7020789f,SC-02_20260608_0014.jpg,2026-06-08 09:09:48,SC-02,smartphone,saudavel,saudavel,0.9253,agrosmart-v1,simulado,sim-2026-06
008cbf6d-1fa7-51ec-81e0-f999810858da,SC-02_20260608_0015.jpg,2026-06-08 09:10:13,SC-02,smartphone,saudavel,saudavel,0.9133,agrosmart-v1,simulado,sim-2026-06
91d40362-0f17-5654-911e-11cdb0ea73e7,SC-02_20260608_0016.jpg,2026-06-08 09:10:46,SC-02,smartphone,saudavel,saudavel,0.8360,agrosmart-v1,simulado,sim-2026-06
37034bef-4892-5981-8ccd-b91230bfe0ee,SC-02_20260608_0017.jpg,2026-06-08 09:11:31,SC-02,smartphone,saudavel,saudavel,0.8672,agrosmart-v1,simulado,sim-2026-06
9d45df37-d1c0-56a6-a306-1796672e8e63,SC-02_20260608_0018.jpg,2026-06-08 09:12:25,SC-02,smartphone,saudavel,saudavel,0.8446,agrosmart-v1,simulado,sim-2026-06
7e012460-7310-5284-8529-1c0833c2bc91,SC-02_20260608_0019.jpg,2026-06-08 09:13:02,SC-02,smartphone,saudavel,saudavel,0.9535,agrosmart-v1,simulado,sim-2026-06
1f3bc9c3-5c34-5916-b187-32cf8185ae35,SC-02_20260608_0020.jpg,2026-06-08 09:13:31,SC-02,smartphone,saudavel,saudavel,0.9989,agrosmart-v1,simulado,sim-2026-06
15587761-3868-5c6e-be05-72f929b7b4cd,SC-02_20260608_0021.jpg,2026-06-08 09:14:29,SC-02,smartphone,saudavel,saudavel,0.9791,agrosmart-v1,simulado,sim-2026-06
ff30d69a-415c-5b20-bb84-97c41228e2fe,SC-02_20260608_0022.jpg,2026-06-08 09:14:58,SC-02,smartphone,saudavel,saudavel,0.9871,agrosmart-v1,simulado,sim-2026-06
58d7513e-3c53-5161-9ba8-c49edcff1c0e,SC-02_20260608_0023.jpg,2026-06-08 09:15:31,SC-02,smartphone,saudavel,saudavel,0.9994,agrosmart-v1,simulado,sim-2026-06
4be5e52f-1ea6-5707-928b-6dda719010ad,SC-02_20260608_0024.jpg,2026-06-08 09:16:05,SC-02,smartphone,saudavel,saudavel,0.8512,agrosmart-v1,simulado,sim-2026-06
bcd86f73-11fe-5181-9106-824b92e4389b,SC-02_20260608_0025.jpg,2026-06-08 09:16:45,SC-02,smartphone,saudavel,saudavel,0.9165,agrosmart-v1,simulado,sim-2026-06
46d51747-64ca-5029-995b-21572e218421,SC-02_20260608_0026.jpg,2026-06-08 09:17:35,SC-02,smartphone,doente,pinta_preta,0.6338,agrosmart-v1,simulado,sim-2026-06
4297f498-49ce-58f7-b256-96139662f97b,SC-02_20260608_0027.jpg,2026-06-08 09:18:17,SC-02,smartphone,saudavel,saudavel,0.8809,agrosmart-v1,simulado,sim-2026-06
1c5ab25d-54dc-55b1-9b2d-e5fe1829b738,SC-02_20260608_0028.jpg,2026-06-08 09:18:49,SC-02,smartphone,saudavel,saudavel,0.9625,agrosmart-v1,simulado,sim-2026-06
87fe2da3-e3db-54a2-a38e-f0379af7edbf,TI-01_20260608_0001.jpg,2026-06-08 09:37:10,TI-01,drone,saudavel,saudavel,0.8231,agrosmart-v1,simulado,sim-2026-06
9b8d5c26-9fa5-51b2-bc65-4607ee3021ae,TI-01_20260608_0002.jpg,2026-06-08 09:37:31,TI-01,drone,saudavel,saudavel,0.9037,agrosmart-v1,simulado,sim-2026-06
950c2db6-0f5a-5087-b1f4-83543028a0a6,TI-01_20260608_0003.jpg,2026-06-08 09:38:12,TI-01,drone,saudavel,saudavel,0.8302,agrosmart-v1,simulado,sim-2026-06
f36b688e-1648-509c-85f6-dd9c3b8ce566,TI-01_20260608_0004.jpg,2026-06-08 09:38:52,TI-01,drone,saudavel,saudavel,0.9974,agrosmart-v1,simulado,sim-2026-06
390b18a9-56a4-5136-a871-c8e6780316cb,TI-01_20260608_0005.jpg,2026-06-08 09:39:32,TI-01,drone,saudavel,saudavel,0.9502,agrosmart-v1,simulado,sim-2026-06
c99f0c57-b941-5fc2-aaa6-640d185938f1,TI-01_20260608_0006.jpg,2026-06-08 09:40:11,TI-01,drone,saudavel,saudavel,0.9784,agrosmart-v1,simulado,sim-2026-06
77547f51-ed57-5a1d-983d-4a1bb350463a,TI-01_20260608_0007.jpg,2026-06-08 09:40:47,TI-01,drone,saudavel,saudavel,0.9754,agrosmart-v1,simulado,sim-2026-06
975f8f6f-9bd7-57b1-ac81-d9b0d544e171,TI-01_20260608_0008.jpg,2026-06-08 09:41:47,TI-01,drone,saudavel,saudavel,0.9994,agrosmart-v1,simulado,sim-2026-06
4c1dd740-46f2-5d60-9765-e4f2fd2aee72,TI-01_20260608_0009.jpg,2026-06-08 09:42:21,TI-01,drone,saudavel,saudavel,0.9688,agrosmart-v1,simulado,sim-2026-06
c9168e65-929b-5589-a663-f31a84b732a5,TI-01_20260608_0010.jpg,2026-06-08 09:42:51,TI-01,drone,saudavel,saudavel,0.9158,agrosmart-v1,simulado,sim-2026-06
0c200805-9ad1-51f8-8557-1aa4ed376d38,TI-01_20260608_0011.jpg,2026-06-08 09:43:35,TI-01,drone,saudavel,saudavel,0.9938,agrosmart-v1,simulado,sim-2026-06
8b9901ef-7e32-59c7-b97d-c0b29a31c512,TI-01_20260608_0012.jpg,2026-06-08 09:44:30,TI-01,drone,saudavel,saudavel,0.9997,agrosmart-v1,simulado,sim-2026-06
693e4568-6528-5f8b-b997-23124a77a27e,TI-01_20260608_0013.jpg,2026-06-08 09:45:03,TI-01,drone,saudavel,saudavel,0.9918,agrosmart-v1,simulado,sim-2026-06
eab87b70-b094-584a-8986-00269cde71ea,TI-01_20260608_0014.jpg,2026-06-08 09:45:20,TI-01,drone,saudavel,saudavel,0.9675,agrosmart-v1,simulado,sim-2026-06
84ded9c4-9ab5-5fc7-b870-c62c0662199b,TI-01_20260608_0015.jpg,2026-06-08 09:46:19,TI-01,drone,saudavel,saudavel,0.9901,agrosmart-v1,simulado,sim-2026-06
dc1eb9b0-ce55-5147-96f2-f8acd68da0b0,TI-01_20260608_0016.jpg,2026-06-08 09:47:04,TI-01,drone,saudavel,saudavel,0.9893,agrosmart-v1,simulado,sim-2026-06
5ab99902-8a36-50d8-832c-fbf611c56ff1,TI-01_20260608_0017.jpg,2026-06-08 09:47:50,TI-01,drone,saudavel,saudavel,0.9345,agrosmart-v1,simulado,sim-2026-06
3a2fef8e-f173-591f-9d6c-32497cf738bf,TI-01_20260608_0018.jpg,2026-06-08 09:48:28,TI-01,drone,saudavel,saudavel,0.9499,agrosmart-v1,simulado,sim-2026-06
c73afa7e-c158-56bd-a2bb-a46d8c5cdca2,TI-01_20260608_0019.jpg,2026-06-08 09:49:08,TI-01,drone,saudavel,saudavel,0.9982,agrosmart-v1,simulado,sim-2026-06
c46ab2af-c080-50f7-8388-172de87c18bf,TI-01_20260608_0020.jpg,2026-06-08 09:49:41,TI-01,drone,saudavel,saudavel,0.6983,agrosmart-v1,simulado,sim-2026-06
7713af4a-5073-5a7c-b975-9ccc2068f589,TI-01_20260608_0021.jpg,2026-06-08 09:50:03,TI-01,drone,saudavel,saudavel,0.9985,agrosmart-v1,simulado,sim-2026-06
1acca3f6-9a9a-58d2-b526-bb9fa7581cd1,TI-01_20260608_0022.jpg,2026-06-08 09:50:40,TI-01,drone,saudavel,saudavel,0.9583,agrosmart-v1,simulado,sim-2026-06
ccd46fa7-2f8a-52c8-a82d-71945643fbab,TI-01_20260608_0023.jpg,2026-06-08 09:51:26,TI-01,drone,saudavel,saudavel,0.8575,agrosmart-v1,simulado,sim-2026-06
3682c4ef-84aa-5c75-9139-0bc3789c27b0,TI-01_20260608_0024.jpg,2026-06-08 09:52:19,TI-01,drone,saudavel,saudavel,0.9534,agrosmart-v1,simulado,sim-2026-06
0b374f99-5319-536f-8b0c-38d9e9687862,TI-01_20260608_0025.jpg,2026-06-08 09:52:55,TI-01,drone,saudavel,saudavel,0.8543,agrosmart-v1,simulado,sim-2026-06
87440347-d966-5886-91b4-79117c59052c,TI-01_20260608_0026.jpg,2026-06-08 09:53:41,TI-01,drone,doente,pinta_preta,0.8414,agrosmart-v1,simulado,sim-2026-06
54958faf-8f7c-5d21-988a-c7abeb38a4c7,TI-01_20260608_0027.jpg,2026-06-08 09:54:11,TI-01,drone,saudavel,saudavel,0.7593,agrosmart-v1,simulado,sim-2026-06
573854ab-a304-5208-b81a-b5dcd6b6826d,TI-01_20260608_0028.jpg,2026-06-08 09:54:54,TI-01,drone,saudavel,saudavel,0.9397,agrosmart-v1,simulado,sim-2026-06
1a83ecdb-2fa0-53d6-8eb6-3f2f2bbaaca5,TI-01_20260608_0029.jpg,2026-06-08 09:55:21,TI-01,drone,saudavel,saudavel,0.8442,agrosmart-v1,simulado,sim-2026-06
212fd259-5600-580a-b58b-0e9c962f63be,TI-01_20260608_0030.jpg,2026-06-08 09:56:24,TI-01,drone,saudavel,saudavel,0.9909,agrosmart-v1,simulado,sim-2026-06
5fa76d98-22b6-59fd-b42a-8e6beb476d1b,TI-01_20260608_0031.jpg,2026-06-08 09:57:01,TI-01,drone,saudavel,saudavel,0.8840,agrosmart-v1,simulado,sim-2026-06
b8db0b3d-ee9e-5572-941e-591b473928f8,TI-01_20260608_0032.jpg,2026-06-08 09:57:28,TI-01,drone,saudavel,saudavel,0.9152,agrosmart-v1,simulado,sim-2026-06
182f0012-8a75-5f82-ac40-7273748dde6f,TI-01_20260608_0033.jpg,2026-06-08 09:58:20,TI-01,drone,saudavel,saudavel,0.8468,agrosmart-v1,simulado,sim-2026-06
630d2fe2-c754-5f84-b632-531dfbe7a7df,TI-01_20260608_0034.jpg,2026-06-08 09:58:46,TI-01,drone,saudavel,saudavel,0.9964,agrosmart-v1,simulado,sim-2026-06
06951aeb-6225-5157-b106-8bf702533313,TI-01_20260608_0035.jpg,2026-06-08 09:59:40,TI-01,drone,saudavel,saudavel,0.9891,agrosmart-v1,simulado,sim-2026-06
3d435cf3-acaf-5011-99ed-bd7bd3ffb920,TI-01_20260608_0036.jpg,2026-06-08 10:00:12,TI-01,drone,doente,vaquinha,0.9897,agrosmart-v1,simulado,sim-2026-06
8f93cb45-a195-5468-a6c0-48fa66a4287d,TI-01_20260608_0037.jpg,2026-06-08 10:00:55,TI-01,drone,saudavel,saudavel,0.9030,agrosmart-v1,simulado,sim-2026-06
a1c398b6-614b-5044-8ad3-851c1903a2ca,TI-01_20260608_0038.jpg,2026-06-08 10:01:28,TI-01,drone,doente,pinta_preta,0.9183,agrosmart-v1,simulado,sim-2026-06
c000ea0b-2d6c-5d71-9efb-94815b2c60af,TI-01_20260608_0039.jpg,2026-06-08 10:02:20,TI-01,drone,saudavel,saudavel,0.9556,agrosmart-v1,simulado,sim-2026-06
2bd7eeee-4599-5156-a28d-4f67b2b347b2,TI-01_20260608_0040.jpg,2026-06-08 10:02:47,TI-01,drone,saudavel,saudavel,0.6909,agrosmart-v1,simulado,sim-2026-06
8521c79a-0a92-5f33-87b8-0f16bcb42647,TI-01_20260608_0041.jpg,2026-06-08 10:03:23,TI-01,drone,saudavel,saudavel,0.8731,agrosmart-v1,simulado,sim-2026-06
4c937322-3048-5f93-a00d-ee8691d4ddea,TI-01_20260608_0042.jpg,2026-06-08 10:04:20,TI-01,drone,saudavel,saudavel,1.0000,agrosmart-v1,simulado,sim-2026-06
ce46e4e9-4dbe-51d3-a91f-a21f97d63224,TI-01_20260608_0043.jpg,2026-06-08 10:04:57,TI-01,drone,saudavel,saudavel,0.8775,agrosmart-v1,simulado,sim-2026-06
91babd7f-92af-577e-ad7d-942c259b0deb,TI-01_20260608_0044.jpg,2026-06-08 10:05:29,TI-01,drone,saudavel,saudavel,0.8246,agrosmart-v1,simulado,sim-2026-06
0083bfd4-0fe4-5e7b-91b1-bd61b2a5aaaf,TI-01_20260608_0045.jpg,2026-06-08 10:06:20,TI-01,drone,saudavel,saudavel,0.9043,agrosmart-v1,simulado,sim-2026-06
3aab4e25-3fdb-5f88-a3da-ae1c0ce4d4d1,TI-01_20260608_0046.jpg,2026-06-08 10:07:04,TI-01,drone,saudavel,saudavel,0.9841,agrosmart-v1,simulado,sim-2026-06
421720c1-e1f0-566e-a392-ac635247b65b,TI-01_20260608_0047.jpg,2026-06-08 10:07:44,TI-01,drone,saudavel,saudavel,0.9990,agrosmart-v1,simulado,sim-2026-06
1f0ae0d2-6f07-53cd-ac4b-372192185050,TI-01_20260608_0048.jpg,2026-06-08 10:08:21,TI-01,drone,saudavel,saudavel,0.9930,agrosmart-v1,simulado,sim-2026-06
1d21cd9d-8a43-5f71-8235-904261084510,TI-01_20260610_0001.jpg,2026-06-10 07:21:46,TI-01,drone,saudavel,saudavel,0.8218,agrosmart-v1,simulado,sim-2026-06
43307222-cffb-54e0-a2d5-ba8d02725348,TI-01_20260610_0002.jpg,2026-06-10 07:22:20,TI-01,drone,doente,mosca_minadora,0.9912,agrosmart-v1,simulado,sim-2026-06
80b27d5c-507d-5299-91c1-2eb78a46db94,TI-01_20260610_0003.jpg,2026-06-10 07:23:29,TI-01,drone,saudavel,saudavel,0.8547,agrosmart-v1,simulado,sim-2026-06
1e0de319-af50-526a-8ffc-5c976ad1a2e7,TI-01_20260610_0004.jpg,2026-06-10 07:23:43,TI-01,drone,saudavel,saudavel,0.8849,agrosmart-v1,simulado,sim-2026-06
2cfc4b19-5602-5762-b3a7-522ec9803be1,TI-01_20260610_0005.jpg,2026-06-10 07:24:44,TI-01,drone,saudavel,saudavel,0.8975,agrosmart-v1,simulado,sim-2026-06
bccb7635-2e07-50f2-a2fe-a51875f4d521,TI-01_20260610_0006.jpg,2026-06-10 07:25:27,TI-01,drone,saudavel,saudavel,0.8478,agrosmart-v1,simulado,sim-2026-06
cd7cc701-4ab7-55e0-b3e1-6664f06d7848,TI-01_20260610_0007.jpg,2026-06-10 07:25:47,TI-01,drone,saudavel,saudavel,0.8638,agrosmart-v1,simulado,sim-2026-06
c436978c-f5bd-5a0b-b203-1d98bf972705,TI-01_20260610_0008.jpg,2026-06-10 07:26:47,TI-01,drone,saudavel,saudavel,0.9892,agrosmart-v1,simulado,sim-2026-06
8e4a3488-0dcd-5268-8661-1ddc8be31237,TI-01_20260610_0009.jpg,2026-06-10 07:27:04,TI-01,drone,saudavel,saudavel,0.8893,agrosmart-v1,simulado,sim-2026-06
1ab32108-8e4f-5770-b493-7df2827cec7a,TI-01_20260610_0010.jpg,2026-06-10 07:27:54,TI-01,drone,doente,pinta_preta,0.9937,agrosmart-v1,simulado,sim-2026-06
8961ca6b-23b7-56dd-8d14-a37a0695f235,TI-01_20260610_0011.jpg,2026-06-10 07:28:48,TI-01,drone,saudavel,saudavel,0.9969,agrosmart-v1,simulado,sim-2026-06
d7a02755-20cc-51a3-a9cd-3d8712f47981,TI-01_20260610_0012.jpg,2026-06-10 07:29:04,TI-01,drone,saudavel,saudavel,0.9612,agrosmart-v1,simulado,sim-2026-06
3add321f-b38f-51f3-a10b-1afba94fe9a3,TI-01_20260610_0013.jpg,2026-06-10 07:29:59,TI-01,drone,saudavel,saudavel,1.0000,agrosmart-v1,simulado,sim-2026-06
233739b6-8f8b-593d-a3c7-04bb7b2c1eb2,TI-01_20260610_0014.jpg,2026-06-10 07:30:35,TI-01,drone,saudavel,saudavel,0.8709,agrosmart-v1,simulado,sim-2026-06
00bb7e34-3863-5003-90a5-6ae95e9c1a62,TI-01_20260610_0015.jpg,2026-06-10 07:31:24,TI-01,drone,saudavel,saudavel,0.9899,agrosmart-v1,simulado,sim-2026-06
2bbf197a-d91b-51de-a73c-4846f22eb8df,TI-01_20260610_0016.jpg,2026-06-10 07:32:02,TI-01,drone,saudavel,saudavel,1.0000,agrosmart-v1,simulado,sim-2026-06
7e91758f-5c21-5ea0-9440-fe458cde7574,TI-01_20260610_0017.jpg,2026-06-10 07:32:38,TI-01,drone,saudavel,saudavel,0.9686,agrosmart-v1,simulado,sim-2026-06
1d6fb1c8-3d56-5fe0-9f51-cc65b3fc6f49,TI-01_20260610_0018.jpg,2026-06-10 07:33:17,TI-01,drone,saudavel,saudavel,0.9769,agrosmart-v1,simulado,sim-2026-06
253cdb8e-675c-568f-b0e1-0c791b83ce6e,TI-01_20260610_0019.jpg,2026-06-10 07:34:08,TI-01,drone,saudavel,saudavel,0.9338,agrosmart-v1,simulado,sim-2026-06
3ba5368c-5e14-5722-951a-64dc06c5a624,TI-01_20260610_0020.jpg,2026-06-10 07:34:36,TI-01,drone,saudavel,saudavel,0.8964,agrosmart-v1,simulado,sim-2026-06
5b394099-7ddc-57f8-9fce-953ec6830d1c,TI-01_20260610_0021.jpg,2026-06-10 07:35:06,TI-01,drone,saudavel,saudavel,0.9997,agrosmart-v1,simulado,sim-2026-06
156b2789-0620-51d9-b00a-367fe1cc6710,TI-01_20260610_0022.jpg,2026-06-10 07:35:58,TI-01,drone,saudavel,saudavel,0.9434,agrosmart-v1,simulado,sim-2026-06
a6c29e2b-864c-52c7-a51f-fe575b2d692e,TI-01_20260610_0023.jpg,2026-06-10 07:36:43,TI-01,drone,saudavel,saudavel,0.9919,agrosmart-v1,simulado,sim-2026-06
07bf317a-19b4-5461-8ab1-c34d93a9281a,TI-01_20260610_0024.jpg,2026-06-10 07:37:06,TI-01,drone,saudavel,saudavel,0.9984,agrosmart-v1,simulado,sim-2026-06
16e4fcbb-0bcf-52da-a89e-44f1c6bcf95d,TI-01_20260610_0025.jpg,2026-06-10 07:38:06,TI-01,drone,saudavel,saudavel,0.9997,agrosmart-v1,simulado,sim-2026-06
0df77eb9-c54a-5773-bbd9-2ca16ea84ed1,TI-01_20260610_0026.jpg,2026-06-10 07:38:21,TI-01,drone,saudavel,saudavel,0.8480,agrosmart-v1,simulado,sim-2026-06
ee5f234a-6958-590f-b009-5431e1de219b,TI-01_20260610_0027.jpg,2026-06-10 07:39:12,TI-01,drone,saudavel,saudavel,0.5278,agrosmart-v1,simulado,sim-2026-06
5335b375-e389-5211-ae3e-1f6c4dd3723a,TI-01_20260610_0028.jpg,2026-06-10 07:39:46,TI-01,drone,saudavel,saudavel,0.9392,agrosmart-v1,simulado,sim-2026-06
37f1245b-5f6b-5650-8248-ad71aae7521e,TI-01_20260610_0029.jpg,2026-06-10 07:40:35,TI-01,drone,saudavel,saudavel,0.9999,agrosmart-v1,simulado,sim-2026-06
6e922621-426c-5fbd-becc-dd55f8c8d674,TI-01_20260610_0030.jpg,2026-06-10 07:41:14,TI-01,drone,doente,mosca_minadora,0.9995,agrosmart-v1,simulado,sim-2026-06
52378d6b-a642-5653-9a3a-7559da882028,SC-01_20260610_0001.jpg,2026-06-10 07:41:43,SC-01,smartphone,saudavel,saudavel,0.9701,agrosmart-v1,simulado,sim-2026-06
10a11d3f-f4a6-5ab5-a48c-3782ba8657c4,TI-01_20260610_0031.jpg,2026-06-10 07:41:45,TI-01,drone,saudavel,saudavel,0.9722,agrosmart-v1,simulado,sim-2026-06
a46fb26a-fdae-556d-9478-42a09d5e41df,TI-01_20260610_0032.jpg,2026-06-10 07:42:36,TI-01,drone,saudavel,saudavel,1.0000,agrosmart-v1,simulado,sim-2026-06
5f7da233-c5a4-5f1b-8431-6080e846784c,SC-01_20260610_0002.jpg,2026-06-10 07:42:40,SC-01,smartphone,saudavel,saudavel,0.8535,agrosmart-v1,simulado,sim-2026-06
946d9112-af1a-5d3a-bdff-b8e3b3aaf89a,TI-01_20260610_0033.jpg,2026-06-10 07:43:07,TI-01,drone,saudavel,saudavel,0.8882,agrosmart-v1,simulado,sim-2026-06
63ceff24-6f74-51d0-9d76-f009e3a1a0ae,SC-01_20260610_0003.jpg,2026-06-10 07:43:09,SC-01,smartphone,saudavel,saudavel,0.9360,agrosmart-v1,simulado,sim-2026-06
c07b561c-0957-535f-a52e-d70e6e58981b,SC-01_20260610_0004.jpg,2026-06-10 07:43:54,SC-01,smartphone,saudavel,saudavel,0.9650,agrosmart-v1,simulado,sim-2026-06
addedee2-e202-5173-b067-6d049c58c1d5,TI-01_20260610_0034.jpg,2026-06-10 07:43:56,TI-01,drone,saudavel,saudavel,0.9836,agrosmart-v1,simulado,sim-2026-06
cff1841d-9853-504e-a37c-b3267ecc7c82,SC-01_20260610_0005.jpg,2026-06-10 07:44:26,SC-01,smartphone,saudavel,saudavel,0.9304,agrosmart-v1,simulado,sim-2026-06
57dbdd2c-a9a8-526d-93aa-1de8b9a32141,TI-01_20260610_0035.jpg,2026-06-10 07:44:27,TI-01,drone,saudavel,saudavel,0.5816,agrosmart-v1,simulado,sim-2026-06
9787b858-1765-52b7-bf44-76874d634172,TI-01_20260610_0036.jpg,2026-06-10 07:45:13,TI-01,drone,saudavel,saudavel,0.9571,agrosmart-v1,simulado,sim-2026-06
aa767444-96d7-50a9-aad9-de21896acc2c,SC-01_20260610_0006.jpg,2026-06-10 07:45:15,SC-01,smartphone,saudavel,saudavel,0.9251,agrosmart-v1,simulado,sim-2026-06
7da6ce38-8146-5750-88e5-5d5fa3093fa3,TI-01_20260610_0037.jpg,2026-06-10 07:45:41,TI-01,drone,saudavel,saudavel,0.8242,agrosmart-v1,simulado,sim-2026-06
0305787c-e6ac-535c-8e24-b862cd50f28d,SC-01_20260610_0007.jpg,2026-06-10 07:45:51,SC-01,smartphone,saudavel,saudavel,1.0000,agrosmart-v1,simulado,sim-2026-06
09a74718-6e2f-5b04-89b0-ed69adb3df57,TI-01_20260610_0038.jpg,2026-06-10 07:46:44,TI-01,drone,saudavel,saudavel,0.8926,agrosmart-v1,simulado,sim-2026-06
5dc27304-78a8-5e53-aade-4cd919aec5f0,SC-01_20260610_0008.jpg,2026-06-10 07:46:45,SC-01,smartphone,saudavel,saudavel,0.9755,agrosmart-v1,simulado,sim-2026-06
668f766c-8db5-56d3-bd27-3a0a0a3801ca,SC-01_20260610_0009.jpg,2026-06-10 07:47:02,SC-01,smartphone,saudavel,saudavel,0.9913,agrosmart-v1,simulado,sim-2026-06
492a787a-bc66-58c1-b772-0fe8edbfc152,TI-01_20260610_0039.jpg,2026-06-10 07:47:04,TI-01,drone,saudavel,saudavel,0.9893,agrosmart-v1,simulado,sim-2026-06
3d512ac1-efef-5397-91bc-7b923c7677b1,TI-01_20260610_0040.jpg,2026-06-10 07:47:52,TI-01,drone,saudavel,saudavel,0.8932,agrosmart-v1,simulado,sim-2026-06
ce8d62e0-717b-5a19-969c-431cb7849a8a,SC-01_20260610_0010.jpg,2026-06-10 07:48:08,SC-01,smartphone,saudavel,saudavel,0.8485,agrosmart-v1,simulado,sim-2026-06
1dc59ab1-6e5b-57bd-9c16-44ca132dd8c7,SC-01_20260610_0011.jpg,2026-06-10 07:48:21,SC-01,smartphone,saudavel,saudavel,0.9610,agrosmart-v1,simulado,sim-2026-06
332f79e4-b4fa-5dca-a609-3e1dbd5ef4f7,TI-01_20260610_0041.jpg,2026-06-10 07:48:22,TI-01,drone,saudavel,saudavel,0.9398,agrosmart-v1,simulado,sim-2026-06
c7aa6214-f140-5599-b52a-19b787ef4038,SC-01_20260610_0012.jpg,2026-06-10 07:49:05,SC-01,smartphone,saudavel,saudavel,0.9014,agrosmart-v1,simulado,sim-2026-06
af940603-ea4e-58f8-9df6-0df10451d694,SC-01_20260610_0013.jpg,2026-06-10 07:49:40,SC-01,smartphone,saudavel,saudavel,0.9985,agrosmart-v1,simulado,sim-2026-06
f4715c5d-b1b8-5dfb-8279-9a998cd008ea,SC-01_20260610_0014.jpg,2026-06-10 07:50:29,SC-01,smartphone,saudavel,saudavel,0.9898,agrosmart-v1,simulado,sim-2026-06
a04a654f-a0a4-594e-bfe9-4a5cc4d71062,SC-01_20260610_0015.jpg,2026-06-10 07:51:20,SC-01,smartphone,saudavel,saudavel,0.8277,agrosmart-v1,simulado,sim-2026-06
61d4c3b8-9d83-5f0c-9431-1d3c99c07188,SC-01_20260610_0016.jpg,2026-06-10 07:51:49,SC-01,smartphone,saudavel,saudavel,0.9996,agrosmart-v1,simulado,sim-2026-06
6276bd9f-c59f-582d-ac81-918aa0f218f5,SC-01_20260610_0017.jpg,2026-06-10 07:52:22,SC-01,smartphone,saudavel,saudavel,0.9281,agrosmart-v1,simulado,sim-2026-06
3d9cddc8-fbf6-55bf-842b-07dfd477107a,SC-01_20260610_0018.jpg,2026-06-10 07:53:13,SC-01,smartphone,doente,pinta_preta,0.9373,agrosmart-v1,simulado,sim-2026-06
7b4c389f-56d7-5859-ad37-20ae3ed88adf,SC-01_20260610_0019.jpg,2026-06-10 07:53:40,SC-01,smartphone,saudavel,saudavel,0.8653,agrosmart-v1,simulado,sim-2026-06
b5228e2e-479f-54dd-ba9d-4c00949c5468,SC-01_20260610_0020.jpg,2026-06-10 07:54:27,SC-01,smartphone,saudavel,saudavel,0.8499,agrosmart-v1,simulado,sim-2026-06
b92bc0c4-9abb-5646-b2b3-153de02d6d01,SC-01_20260610_0021.jpg,2026-06-10 07:55:28,SC-01,smartphone,saudavel,saudavel,0.8851,agrosmart-v1,simulado,sim-2026-06
e2bef0fb-b468-5fa9-896a-4f24be749ea6,SC-01_20260610_0022.jpg,2026-06-10 07:55:56,SC-01,smartphone,saudavel,saudavel,0.9357,agrosmart-v1,simulado,sim-2026-06
11621ab7-2013-58f2-9b1f-1bf856ef7081,SC-01_20260610_0023.jpg,2026-06-10 07:56:21,SC-01,smartphone,saudavel,saudavel,1.0000,agrosmart-v1,simulado,sim-2026-06
9766b650-b4ac-51ad-9a54-1ba800b1c219,SC-01_20260610_0024.jpg,2026-06-10 07:57:24,SC-01,smartphone,saudavel,saudavel,0.9987,agrosmart-v1,simulado,sim-2026-06
097ebb6b-856e-5f80-8ad2-1173a40579cd,SC-01_20260610_0025.jpg,2026-06-10 07:57:43,SC-01,smartphone,saudavel,saudavel,0.9951,agrosmart-v1,simulado,sim-2026-06
f518b9e3-7aa6-5f3d-aa3e-6e395bb35491,SC-01_20260610_0026.jpg,2026-06-10 07:58:43,SC-01,smartphone,doente,requeima,0.9988,agrosmart-v1,simulado,sim-2026-06
adb99bb5-3462-515b-9ce7-cd008a4a3f79,SC-01_20260610_0027.jpg,2026-06-10 07:59:29,SC-01,smartphone,saudavel,saudavel,0.9995,agrosmart-v1,simulado,sim-2026-06
61c3094c-7b0b-5eef-b22d-3de2f2092e01,SC-01_20260610_0028.jpg,2026-06-10 07:59:55,SC-01,smartphone,saudavel,saudavel,0.8449,agrosmart-v1,simulado,sim-2026-06
f434186d-4e89-5bc4-8600-ecf28b999b29,SC-01_20260610_0029.jpg,2026-06-10 08:00:33,SC-01,smartphone,saudavel,saudavel,0.8333,agrosmart-v1,simulado,sim-2026-06
1ded44ff-dcca-590b-80f2-cd95050a1162,TI-02_20260610_0001.jpg,2026-06-10 08:00:46,TI-02,drone,saudavel,saudavel,0.8901,agrosmart-v1,simulado,sim-2026-06
e51c45c9-079a-5e5e-b672-dc124bcab6a5,TI-02_20260610_0002.jpg,2026-06-10 08:01:30,TI-02,drone,saudavel,saudavel,0.9691,agrosmart-v1,simulado,sim-2026-06
967c124b-2dea-5044-b6e8-dcdd7b055238,TI-02_20260610_0003.jpg,2026-06-10 08:02:17,TI-02,drone,saudavel,saudavel,0.6238,agrosmart-v1,simulado,sim-2026-06
9e7f21a1-4b46-58e0-b4fb-ab6b42cef918,TI-02_20260610_0004.jpg,2026-06-10 08:02:48,TI-02,drone,saudavel,saudavel,0.9899,agrosmart-v1,simulado,sim-2026-06
2b2b720f-00ed-5969-a8d4-315340e26ae1,TI-02_20260610_0005.jpg,2026-06-10 08:03:38,TI-02,drone,saudavel,saudavel,0.9750,agrosmart-v1,simulado,sim-2026-06
7227c3aa-0f12-5b1f-866a-ac05ba365c12,TI-02_20260610_0006.jpg,2026-06-10 08:04:11,TI-02,drone,saudavel,saudavel,1.0000,agrosmart-v1,simulado,sim-2026-06
117f595a-6ba7-5ad9-aae4-72d8d8ee73b4,TI-02_20260610_0007.jpg,2026-06-10 08:05:04,TI-02,drone,saudavel,saudavel,0.9950,agrosmart-v1,simulado,sim-2026-06
10ad0c77-e46b-5d82-81be-64e5322e0d0e,TI-02_20260610_0008.jpg,2026-06-10 08:05:31,TI-02,drone,saudavel,saudavel,0.8832,agrosmart-v1,simulado,sim-2026-06
5fd1908a-4074-5365-a91e-d0989ba03057,TI-02_20260610_0009.jpg,2026-06-10 08:06:16,TI-02,drone,saudavel,saudavel,0.9610,agrosmart-v1,simulado,sim-2026-06
fc2f8d7b-4f61-5d78-a71d-a1aedb309b4e,TI-02_20260610_0010.jpg,2026-06-10 08:06:50,TI-02,drone,saudavel,saudavel,0.9554,agrosmart-v1,simulado,sim-2026-06
3c39e87d-5f6c-528c-8994-b0f1d7c9544c,TI-02_20260610_0011.jpg,2026-06-10 08:07:33,TI-02,drone,saudavel,saudavel,0.9886,agrosmart-v1,simulado,sim-2026-06
fb47158b-9651-5f68-8db9-b995fd223973,TI-02_20260610_0012.jpg,2026-06-10 08:08:12,TI-02,drone,saudavel,saudavel,1.0000,agrosmart-v1,simulado,sim-2026-06
96fb275a-0321-5697-a297-2709a812bb45,TI-02_20260610_0013.jpg,2026-06-10 08:09:04,TI-02,drone,saudavel,saudavel,0.9988,agrosmart-v1,simulado,sim-2026-06
6cb52f38-e6bc-5e5d-b445-f082b7eee4e2,TI-02_20260610_0014.jpg,2026-06-10 08:09:20,TI-02,drone,saudavel,saudavel,0.9938,agrosmart-v1,simulado,sim-2026-06
fc6b75ee-9863-5116-8b07-7ef38376813a,TI-02_20260610_0015.jpg,2026-06-10 08:10:30,TI-02,drone,saudavel,saudavel,0.9644,agrosmart-v1,simulado,sim-2026-06
d56608eb-b128-5b60-9339-fcd22a2ecdd7,TI-02_20260610_0016.jpg,2026-06-10 08:11:09,TI-02,drone,saudavel,saudavel,0.9745,agrosmart-v1,simulado,sim-2026-06
cdf1f7c5-1718-562a-9637-673f493de082,TI-02_20260610_0017.jpg,2026-06-10 08:11:24,TI-02,drone,saudavel,saudavel,0.5457,agrosmart-v1,simulado,sim-2026-06
2b9d3c42-5763-560a-b582-8318c0c37867,TI-02_20260610_0018.jpg,2026-06-10 08:12:19,TI-02,drone,saudavel,saudavel,0.9931,agrosmart-v1,simulado,sim-2026-06
c544662e-1635-529a-8dfa-64414efc839d,TI-02_20260610_0019.jpg,2026-06-10 08:13:05,TI-02,drone,saudavel,saudavel,0.9944,agrosmart-v1,simulado,sim-2026-06
c0967597-bd98-54ad-98d9-1dc2268da84a,TI-02_20260610_0020.jpg,2026-06-10 08:13:37,TI-02,drone,saudavel,saudavel,0.9941,agrosmart-v1,simulado,sim-2026-06
9243dcdf-fa8e-5ae1-8f1e-52ed2a74d486,TI-02_20260610_0021.jpg,2026-06-10 08:14:29,TI-02,drone,saudavel,saudavel,0.8901,agrosmart-v1,simulado,sim-2026-06
b84ebc1e-119c-50c6-81ab-e537a4684030,TI-02_20260610_0022.jpg,2026-06-10 08:14:42,TI-02,drone,saudavel,saudavel,0.9798,agrosmart-v1,simulado,sim-2026-06
d5925596-c3ea-56da-bdcc-8f2e74b895cd,TI-02_20260610_0023.jpg,2026-06-10 08:15:40,TI-02,drone,saudavel,saudavel,0.9515,agrosmart-v1,simulado,sim-2026-06
b46830e2-d4bb-5ba3-9764-bcfe3bf5300a,TI-02_20260610_0024.jpg,2026-06-10 08:16:23,TI-02,drone,saudavel,saudavel,0.9180,agrosmart-v1,simulado,sim-2026-06
8cb236fc-a2ae-5058-be5c-431d712839a3,TI-02_20260610_0025.jpg,2026-06-10 08:17:00,TI-02,drone,saudavel,saudavel,0.9432,agrosmart-v1,simulado,sim-2026-06
c1cc3b80-3a51-5ca4-a89c-b4ac4ad09bcb,TI-02_20260610_0026.jpg,2026-06-10 08:17:39,TI-02,drone,saudavel,saudavel,0.9928,agrosmart-v1,simulado,sim-2026-06
28a07a13-82b4-595f-9159-ebd032f11bcc,TI-02_20260610_0027.jpg,2026-06-10 08:18:30,TI-02,drone,saudavel,saudavel,0.8839,agrosmart-v1,simulado,sim-2026-06
76ba2618-a897-5e85-9dbf-d42f1af5fffc,TI-02_20260610_0028.jpg,2026-06-10 08:19:09,TI-02,drone,saudavel,saudavel,0.8374,agrosmart-v1,simulado,sim-2026-06
ddde37cc-5ad7-5d2e-8cd7-72c7fe33ddc4,TI-02_20260610_0029.jpg,2026-06-10 08:19:21,TI-02,drone,doente,requeima,0.5956,agrosmart-v1,simulado,sim-2026-06
a8c1ec34-0f6f-5efb-bfea-30923e0ac9e0,TI-02_20260610_0030.jpg,2026-06-10 08:20:16,TI-02,drone,saudavel,saudavel,0.8308,agrosmart-v1,simulado,sim-2026-06
b931533e-8bf1-5b91-b65f-5e90d7018875,TI-02_20260610_0031.jpg,2026-06-10 08:21:07,TI-02,drone,saudavel,saudavel,0.9253,agrosmart-v1,simulado,sim-2026-06
a3aabe7a-1998-52b8-995e-ce36f8eb102b,TI-02_20260610_0032.jpg,2026-06-10 08:21:33,TI-02,drone,saudavel,saudavel,0.9124,agrosmart-v1,simulado,sim-2026-06
b3f0dfc9-28cc-5d8f-b15e-0edb59d5920f,TI-02_20260610_0033.jpg,2026-06-10 08:22:23,TI-02,drone,saudavel,saudavel,0.9013,agrosmart-v1,simulado,sim-2026-06
3ccb5941-5447-5576-be4a-2ca1a1ed7d4d,TI-02_20260610_0034.jpg,2026-06-10 08:22:41,TI-02,drone,saudavel,saudavel,0.9394,agrosmart-v1,simulado,sim-2026-06
5ee59e0a-4d38-5d63-9d78-9f40a82f5b36,TI-02_20260610_0035.jpg,2026-06-10 08:23:21,TI-02,drone,saudavel,saudavel,0.9354,agrosmart-v1,simulado,sim-2026-06
95ae3eb3-1c79-5916-a3b3-64f9a87348a0,TI-02_20260610_0036.jpg,2026-06-10 08:24:01,TI-02,drone,saudavel,saudavel,0.9130,agrosmart-v1,simulado,sim-2026-06
f4c882b0-f376-5108-b0de-1dd995ecaf89,TI-02_20260610_0037.jpg,2026-06-10 08:24:43,TI-02,drone,saudavel,saudavel,0.9638,agrosmart-v1,simulado,sim-2026-06
146f7ea1-2928-5e9e-9cdb-5d439987e799,TI-02_20260610_0038.jpg,2026-06-10 08:25:23,TI-02,drone,saudavel,saudavel,0.9127,agrosmart-v1,simulado,sim-2026-06
c8ff1100-937d-5fb4-a154-a6e56419a563,TI-02_20260610_0039.jpg,2026-06-10 08:26:23,TI-02,drone,saudavel,saudavel,0.8428,agrosmart-v1,simulado,sim-2026-06
b55d22b8-371f-5057-ace1-7d75690f756e,TI-02_20260610_0040.jpg,2026-06-10 08:26:53,TI-02,drone,saudavel,saudavel,0.9607,agrosmart-v1,simulado,sim-2026-06
de7c5d36-f117-5036-b374-57760bbb5811,TI-02_20260610_0041.jpg,2026-06-10 08:27:28,TI-02,drone,saudavel,saudavel,0.9355,agrosmart-v1,simulado,sim-2026-06
cc5dd5a0-935e-5409-b292-c9227228ac02,TI-02_20260610_0042.jpg,2026-06-10 08:28:09,TI-02,drone,saudavel,saudavel,0.9693,agrosmart-v1,simulado,sim-2026-06
0efaea06-85e0-5bdd-8a11-2263cdab1ae8,BV-03_20260610_0001.jpg,2026-06-10 08:28:41,BV-03,smartphone,saudavel,saudavel,0.8591,agrosmart-v1,simulado,sim-2026-06
4ecd9dd0-f7e2-549e-ac2b-4d20531e7d41,TI-02_20260610_0043.jpg,2026-06-10 08:28:44,TI-02,drone,saudavel,saudavel,0.9966,agrosmart-v1,simulado,sim-2026-06
2a824e57-8d63-5abf-ad9f-d0366482f3f9,BV-03_20260610_0002.jpg,2026-06-10 08:29:30,BV-03,smartphone,saudavel,saudavel,0.8859,agrosmart-v1,simulado,sim-2026-06
3d23be12-e287-5c32-bf82-9b21200b6689,BV-03_20260610_0003.jpg,2026-06-10 08:30:01,BV-03,smartphone,saudavel,saudavel,0.9705,agrosmart-v1,simulado,sim-2026-06
34eceb02-14fc-5aa2-8a61-e73675915d31,BV-03_20260610_0004.jpg,2026-06-10 08:30:57,BV-03,smartphone,saudavel,saudavel,0.9854,agrosmart-v1,simulado,sim-2026-06
974ccaab-dae0-5919-ab50-d7a29a8bd608,BV-03_20260610_0005.jpg,2026-06-10 08:31:39,BV-03,smartphone,saudavel,saudavel,0.8917,agrosmart-v1,simulado,sim-2026-06
702a816f-9325-5b6b-a907-df302b6a108b,BV-03_20260610_0006.jpg,2026-06-10 08:32:05,BV-03,smartphone,saudavel,saudavel,0.9891,agrosmart-v1,simulado,sim-2026-06
a1585310-c5a2-5f2f-9549-2e724bbd5772,BV-03_20260610_0007.jpg,2026-06-10 08:32:58,BV-03,smartphone,saudavel,saudavel,1.0000,agrosmart-v1,simulado,sim-2026-06
ae464b72-f6aa-52b8-93c2-0235f26e28de,BV-03_20260610_0008.jpg,2026-06-10 08:33:31,BV-03,smartphone,saudavel,saudavel,0.9013,agrosmart-v1,simulado,sim-2026-06
4b67cefd-3163-5d8a-ad77-aebeb2652f4c,BV-03_20260610_0009.jpg,2026-06-10 08:34:07,BV-03,smartphone,saudavel,saudavel,0.8755,agrosmart-v1,simulado,sim-2026-06
57b6b979-a29f-5cdb-9266-56c6490281c3,BV-03_20260610_0010.jpg,2026-06-10 08:35:04,BV-03,smartphone,saudavel,saudavel,0.9953,agrosmart-v1,simulado,sim-2026-06
a8e8b0ab-b970-5715-9a1f-b02aaaf02652,BV-02_20260610_0001.jpg,2026-06-10 08:35:06,BV-02,smartphone,saudavel,saudavel,0.9455,agrosmart-v1,simulado,sim-2026-06
0384e90a-b110-54cf-85dd-923fca933205,BV-03_20260610_0011.jpg,2026-06-10 08:35:34,BV-03,smartphone,saudavel,saudavel,0.8984,agrosmart-v1,simulado,sim-2026-06
053c6887-0463-59b7-8883-a5d4aa59ef43,BV-02_20260610_0002.jpg,2026-06-10 08:35:40,BV-02,smartphone,saudavel,saudavel,0.9943,agrosmart-v1,simulado,sim-2026-06
8d22d39c-9989-5dd6-a1e3-2fdc61bcfbe0,BV-02_20260610_0003.jpg,2026-06-10 08:36:24,BV-02,smartphone,saudavel,saudavel,0.9856,agrosmart-v1,simulado,sim-2026-06
074da308-0e7a-5a50-a2bd-36b69e8c1ecf,BV-03_20260610_0012.jpg,2026-06-10 08:36:29,BV-03,smartphone,saudavel,saudavel,0.9350,agrosmart-v1,simulado,sim-2026-06
1261f52a-976c-527c-93c9-2c46979b0640,BV-03_20260610_0013.jpg,2026-06-10 08:36:41,BV-03,smartphone,saudavel,saudavel,0.9894,agrosmart-v1,simulado,sim-2026-06
bb99ff5c-590b-535a-a1f5-d56a4537a26c,BV-02_20260610_0004.jpg,2026-06-10 08:36:58,BV-02,smartphone,saudavel,saudavel,0.9529,agrosmart-v1,simulado,sim-2026-06
53e02115-767e-5844-91f1-ed793ca9fd5c,BV-03_20260610_0014.jpg,2026-06-10 08:37:26,BV-03,smartphone,saudavel,saudavel,0.9619,agrosmart-v1,simulado,sim-2026-06
a9446f6b-7bd2-5009-967a-438241dd2078,BV-02_20260610_0005.jpg,2026-06-10 08:37:42,BV-02,smartphone,saudavel,saudavel,0.9993,agrosmart-v1,simulado,sim-2026-06
c4ecf69e-5658-50bf-bf79-a27fbc88034b,BV-02_20260610_0006.jpg,2026-06-10 08:38:04,BV-02,smartphone,saudavel,saudavel,0.9952,agrosmart-v1,simulado,sim-2026-06
720f6f69-5439-5bb9-bacf-37c737513851,BV-03_20260610_0015.jpg,2026-06-10 08:38:08,BV-03,smartphone,saudavel,saudavel,0.8521,agrosmart-v1,simulado,sim-2026-06
2e6dc84a-16dd-5896-bf2e-f891def1fd08,BV-02_20260610_0007.jpg,2026-06-10 08:38:42,BV-02,smartphone,saudavel,saudavel,0.8298,agrosmart-v1,simulado,sim-2026-06
f8ef7a64-b660-5fb8-ae89-894148bf4fce,BV-03_20260610_0016.jpg,2026-06-10 08:38:59,BV-03,smartphone,saudavel,saudavel,0.9871,agrosmart-v1,simulado,sim-2026-06
439fe689-40b1-5223-a204-6618e7b9ce47,SC-03_20260610_0001.jpg,2026-06-10 08:39:09,SC-03,smartphone,saudavel,saudavel,0.9596,agrosmart-v1,simulado,sim-2026-06
1dbf8770-0884-5d80-9c70-74a381e355ed,BV-03_20260610_0017.jpg,2026-06-10 08:39:26,BV-03,smartphone,saudavel,saudavel,0.9790,agrosmart-v1,simulado,sim-2026-06
7c2c8ad1-7e9f-5b8c-b6bb-413f3ddd7eef,BV-02_20260610_0008.jpg,2026-06-10 08:39:33,BV-02,smartphone,saudavel,saudavel,0.9991,agrosmart-v1,simulado,sim-2026-06
f405e098-6cc2-5eda-8871-6367e686db7f,SC-03_20260610_0002.jpg,2026-06-10 08:39:50,SC-03,smartphone,saudavel,saudavel,0.8545,agrosmart-v1,simulado,sim-2026-06
1ca34970-f1a5-5b56-ada0-b426610a5621,BV-02_20260610_0009.jpg,2026-06-10 08:40:01,BV-02,smartphone,saudavel,saudavel,0.9259,agrosmart-v1,simulado,sim-2026-06
40d96403-5f90-56b1-8f07-c42667c2ff28,SC-03_20260610_0003.jpg,2026-06-10 08:40:02,SC-03,smartphone,saudavel,saudavel,0.8744,agrosmart-v1,simulado,sim-2026-06
4371dea1-d6bf-5564-8fe6-3117ac6ee740,BV-03_20260610_0018.jpg,2026-06-10 08:40:03,BV-03,smartphone,saudavel,saudavel,0.9941,agrosmart-v1,simulado,sim-2026-06
27eec4d7-72fd-5aa8-8257-f930fbc7c7cb,BV-02_20260610_0010.jpg,2026-06-10 08:40:44,BV-02,smartphone,saudavel,saudavel,0.9986,agrosmart-v1,simulado,sim-2026-06
f15aebd1-181e-5b6e-abb5-7b05da1d9fb0,SC-03_20260610_0004.jpg,2026-06-10 08:40:49,SC-03,smartphone,saudavel,saudavel,0.8829,agrosmart-v1,simulado,sim-2026-06
5aadb3ba-36f3-51ae-9dfd-db9eb7064a9d,BV-03_20260610_0019.jpg,2026-06-10 08:41:02,BV-03,smartphone,saudavel,saudavel,0.9582,agrosmart-v1,simulado,sim-2026-06
1eb298b4-1109-5603-a6ef-085e5d65bd45,BV-02_20260610_0011.jpg,2026-06-10 08:41:25,BV-02,smartphone,saudavel,saudavel,0.8505,agrosmart-v1,simulado,sim-2026-06
306c69ae-fae4-5f5d-a0db-9929ef55b4f1,SC-03_20260610_0005.jpg,2026-06-10 08:41:27,SC-03,smartphone,saudavel,saudavel,0.8431,agrosmart-v1,simulado,sim-2026-06
7592defb-4af6-544f-8768-2b15fa772ad0,BV-03_20260610_0020.jpg,2026-06-10 08:41:32,BV-03,smartphone,saudavel,saudavel,0.9677,agrosmart-v1,simulado,sim-2026-06
3c3a9c8c-fc73-5932-8c54-038ed7229c00,BV-02_20260610_0012.jpg,2026-06-10 08:42:07,BV-02,smartphone,saudavel,saudavel,0.9159,agrosmart-v1,simulado,sim-2026-06
8b8bf533-c3c0-57a1-9d7b-e79cda0832e6,BV-03_20260610_0021.jpg,2026-06-10 08:42:15,BV-03,smartphone,saudavel,saudavel,0.9197,agrosmart-v1,simulado,sim-2026-06
b83270c0-c9b7-5114-95e5-f5f604d281e1,SC-03_20260610_0006.jpg,2026-06-10 08:42:18,SC-03,smartphone,saudavel,saudavel,0.8866,agrosmart-v1,simulado,sim-2026-06
bdbc17f7-2c79-58f8-a23c-31a9515dca69,BV-02_20260610_0013.jpg,2026-06-10 08:43:00,BV-02,smartphone,doente,vaquinha,0.9908,agrosmart-v1,simulado,sim-2026-06
24faabc5-d8d0-5ba9-a7b2-f1dfb307c42d,SC-03_20260610_0007.jpg,2026-06-10 08:43:03,SC-03,smartphone,saudavel,saudavel,0.9781,agrosmart-v1,simulado,sim-2026-06
8130010e-9bd5-5bdf-8558-5dbcb6eb128b,BV-03_20260610_0022.jpg,2026-06-10 08:43:09,BV-03,smartphone,saudavel,saudavel,0.9736,agrosmart-v1,simulado,sim-2026-06
da987b5a-dd4d-51a6-a32b-7a313d99d41f,TI-03_20260610_0001.jpg,2026-06-10 08:43:10,TI-03,drone,saudavel,saudavel,0.9577,agrosmart-v1,simulado,sim-2026-06
41044195-3550-52c0-a92d-37dffc033b27,BV-03_20260610_0023.jpg,2026-06-10 08:43:24,BV-03,smartphone,saudavel,saudavel,0.8573,agrosmart-v1,simulado,sim-2026-06
d7d5c986-349a-512d-b54f-27069f1f0211,SC-03_20260610_0008.jpg,2026-06-10 08:43:26,SC-03,smartphone,saudavel,saudavel,0.5730,agrosmart-v1,simulado,sim-2026-06
6b2f2b0c-d65d-5ac8-88c7-53330d1fbcd1,BV-02_20260610_0014.jpg,2026-06-10 08:43:27,BV-02,smartphone,saudavel,saudavel,0.8376,agrosmart-v1,simulado,sim-2026-06
38c2dd69-e0e8-54a0-9f86-e19180fb13db,TI-03_20260610_0002.jpg,2026-06-10 08:43:38,TI-03,drone,saudavel,saudavel,0.8715,agrosmart-v1,simulado,sim-2026-06
1e7fcbcd-795c-5152-b9c1-fe5ebf9afb3e,BV-02_20260610_0015.jpg,2026-06-10 08:44:04,BV-02,smartphone,saudavel,saudavel,0.9812,agrosmart-v1,simulado,sim-2026-06
836523b8-42b7-5d9f-b524-a6aa4b78a63a,TI-03_20260610_0003.jpg,2026-06-10 08:44:07,TI-03,drone,saudavel,saudavel,0.9372,agrosmart-v1,simulado,sim-2026-06
e95951c0-821a-5f4d-aeda-d71f95616a8b,BV-03_20260610_0024.jpg,2026-06-10 08:44:14,BV-03,smartphone,saudavel,saudavel,0.9906,agrosmart-v1,simulado,sim-2026-06
ac233327-7972-5d8e-8146-9d56db6a3245,SC-03_20260610_0009.jpg,2026-06-10 08:44:16,SC-03,smartphone,saudavel,saudavel,0.9830,agrosmart-v1,simulado,sim-2026-06
8d1ea212-b96d-5425-8b1b-78df030a507a,SC-03_20260610_0010.jpg,2026-06-10 08:44:40,SC-03,smartphone,saudavel,saudavel,0.8419,agrosmart-v1,simulado,sim-2026-06
0ea422cb-3c80-575f-9051-9f3f38179178,TI-03_20260610_0004.jpg,2026-06-10 08:44:46,TI-03,drone,saudavel,saudavel,0.9524,agrosmart-v1,simulado,sim-2026-06
aeed42e5-201b-5303-a83c-1e14d8dc42e1,BV-03_20260610_0025.jpg,2026-06-10 08:44:58,BV-03,smartphone,doente,requeima,0.9009,agrosmart-v1,simulado,sim-2026-06
5ff22df0-54d8-5608-a063-ba28a9fff066,BV-02_20260610_0016.jpg,2026-06-10 08:45:01,BV-02,smartphone,saudavel,saudavel,0.9531,agrosmart-v1,simulado,sim-2026-06
37ae3397-1a7a-51d3-9fd2-7c485f27d3af,BV-02_20260610_0017.jpg,2026-06-10 08:45:20,BV-02,smartphone,saudavel,saudavel,0.9125,agrosmart-v1,simulado,sim-2026-06
f38f39bb-14a8-55f2-9b56-225bba369dfd,BV-03_20260610_0026.jpg,2026-06-10 08:45:28,BV-03,smartphone,saudavel,saudavel,0.9966,agrosmart-v1,simulado,sim-2026-06
6aa2da32-b92f-5de5-b185-07092a45f49f,SC-03_20260610_0011.jpg,2026-06-10 08:45:30,SC-03,smartphone,saudavel,saudavel,0.8838,agrosmart-v1,simulado,sim-2026-06
4eac5700-6497-5eb3-af8d-5335be0b10b9,TI-03_20260610_0005.jpg,2026-06-10 08:45:35,TI-03,drone,saudavel,saudavel,0.9963,agrosmart-v1,simulado,sim-2026-06
62c701b9-6329-546b-bfe2-78362f266463,SC-03_20260610_0012.jpg,2026-06-10 08:46:00,SC-03,smartphone,saudavel,saudavel,0.9422,agrosmart-v1,simulado,sim-2026-06
b2f88119-d1e6-5948-8004-886abf70b259,BV-02_20260610_0018.jpg,2026-06-10 08:46:01,BV-02,smartphone,saudavel,saudavel,0.9998,agrosmart-v1,simulado,sim-2026-06
a87aa115-62df-59d6-8f94-09865dd791b9,BV-03_20260610_0027.jpg,2026-06-10 08:46:05,BV-03,smartphone,saudavel,saudavel,0.9993,agrosmart-v1,simulado,sim-2026-06
05263167-c81e-5de6-8f48-c6cfbb371c1a,TI-03_20260610_0006.jpg,2026-06-10 08:46:13,TI-03,drone,saudavel,saudavel,0.9686,agrosmart-v1,simulado,sim-2026-06
8e5bfdc1-3d62-5ffd-936a-0c33e7f20d84,SC-03_20260610_0013.jpg,2026-06-10 08:46:47,SC-03,smartphone,saudavel,saudavel,0.9617,agrosmart-v1,simulado,sim-2026-06
0f05c0ca-520b-5706-8e40-0a8f280e2276,BV-02_20260610_0019.jpg,2026-06-10 08:46:55,BV-02,smartphone,saudavel,saudavel,0.7095,agrosmart-v1,simulado,sim-2026-06
bc8f0cda-dadc-55cf-bc2f-cfbe96699b95,BV-03_20260610_0028.jpg,2026-06-10 08:47:07,BV-03,smartphone,saudavel,saudavel,1.0000,agrosmart-v1,simulado,sim-2026-06
992d8a89-cdee-54dc-8016-bb0009184c6f,TI-03_20260610_0007.jpg,2026-06-10 08:47:07,TI-03,drone,saudavel,saudavel,1.0000,agrosmart-v1,simulado,sim-2026-06
f1717eb1-6c4f-5ad8-b9aa-c021d87fdadd,BV-03_20260610_0029.jpg,2026-06-10 08:47:26,BV-03,smartphone,saudavel,saudavel,0.9965,agrosmart-v1,simulado,sim-2026-06
1db2054c-42bc-5bb1-ac24-827cb4b0e4f6,BV-02_20260610_0020.jpg,2026-06-10 08:47:31,BV-02,smartphone,saudavel,saudavel,0.8763,agrosmart-v1,simulado,sim-2026-06
160e4e1b-5bfc-5155-9b53-ffd4f07fc401,TI-03_20260610_0008.jpg,2026-06-10 08:47:35,TI-03,drone,saudavel,saudavel,0.9417,agrosmart-v1,simulado,sim-2026-06
092f9203-927b-538d-b8fd-fce7a5e85eaa,SC-03_20260610_0014.jpg,2026-06-10 08:47:40,SC-03,smartphone,saudavel,saudavel,0.9672,agrosmart-v1,simulado,sim-2026-06
f7e78328-7530-59c6-8feb-d5d2bdb01d13,BV-03_20260610_0030.jpg,2026-06-10 08:48:03,BV-03,smartphone,saudavel,saudavel,0.9201,agrosmart-v1,simulado,sim-2026-06
0a18592b-40ec-55a9-8021-e11f5fca7e82,BV-02_20260610_0021.jpg,2026-06-10 08:48:04,BV-02,smartphone,saudavel,saudavel,0.8492,agrosmart-v1,simulado,sim-2026-06
6c47955a-72cf-5587-8a51-f8d3f459dd17,SC-03_20260610_0015.jpg,2026-06-10 08:48:24,SC-03,smartphone,saudavel,saudavel,0.9576,agrosmart-v1,simulado,sim-2026-06
7b1f8cb7-b285-5f61-b7c9-02ef6aee3452,TI-03_20260610_0009.jpg,2026-06-10 08:48:28,TI-03,drone,doente,vaquinha,0.9980,agrosmart-v1,simulado,sim-2026-06
bea4cae8-ebcf-5c62-82d6-6ffbac0ab391,BV-02_20260610_0022.jpg,2026-06-10 08:48:49,BV-02,smartphone,saudavel,saudavel,0.9748,agrosmart-v1,simulado,sim-2026-06
a3fa0e2f-05b6-5e39-ac23-061a16a4f86f,TI-03_20260610_0010.jpg,2026-06-10 08:49:05,TI-03,drone,saudavel,saudavel,0.9472,agrosmart-v1,simulado,sim-2026-06
9ef46607-7664-54ac-8e0f-2b7d2cc3ed00,SC-03_20260610_0016.jpg,2026-06-10 08:49:06,SC-03,smartphone,saudavel,saudavel,0.9874,agrosmart-v1,simulado,sim-2026-06
23a36514-821f-53b1-bc16-006e1cb42fc6,BV-03_20260610_0031.jpg,2026-06-10 08:49:07,BV-03,smartphone,saudavel,saudavel,0.8485,agrosmart-v1,simulado,sim-2026-06
46eef500-0e5a-5087-a94b-dec27fc899c4,SC-03_20260610_0017.jpg,2026-06-10 08:49:30,SC-03,smartphone,saudavel,saudavel,0.8382,agrosmart-v1,simulado,sim-2026-06
d496b2ce-54be-53fb-a586-a0870cbd312a,TI-03_20260610_0011.jpg,2026-06-10 08:49:44,TI-03,drone,saudavel,saudavel,0.9144,agrosmart-v1,simulado,sim-2026-06
54a0dc09-f5d6-511a-8a27-20dbb3439eb0,BV-02_20260610_0023.jpg,2026-06-10 08:49:46,BV-02,smartphone,saudavel,saudavel,0.9335,agrosmart-v1,simulado,sim-2026-06
bb4c42e5-81cd-5958-96f5-bbcd396835d9,BV-02_20260610_0024.jpg,2026-06-10 08:50:10,BV-02,smartphone,saudavel,saudavel,0.9723,agrosmart-v1,simulado,sim-2026-06
efc0d4b1-0f3b-588a-bdc4-ab4dc820a693,TI-03_20260610_0012.jpg,2026-06-10 08:50:15,TI-03,drone,saudavel,saudavel,0.8797,agrosmart-v1,simulado,sim-2026-06
7efd790c-56b7-5b8c-b6a2-ea0983221bce,SC-03_20260610_0018.jpg,2026-06-10 08:50:29,SC-03,smartphone,saudavel,saudavel,0.8930,agrosmart-v1,simulado,sim-2026-06
3faee939-2d37-5aea-91c4-450f71b62eb6,BV-02_20260610_0025.jpg,2026-06-10 08:50:54,BV-02,smartphone,saudavel,saudavel,0.6829,agrosmart-v1,simulado,sim-2026-06
4ef488db-51eb-57ac-9ec1-dc70830517ee,TI-03_20260610_0013.jpg,2026-06-10 08:50:59,TI-03,drone,doente,vaquinha,0.8402,agrosmart-v1,simulado,sim-2026-06
b51964b9-a157-5347-b2cd-051ed67a5f51,SC-03_20260610_0019.jpg,2026-06-10 08:51:06,SC-03,smartphone,saudavel,saudavel,0.9784,agrosmart-v1,simulado,sim-2026-06
601719cc-da88-5887-a365-9f6b0f62d008,SC-03_20260610_0020.jpg,2026-06-10 08:51:20,SC-03,smartphone,doente,mosca_minadora,0.9931,agrosmart-v1,simulado,sim-2026-06
b10d9692-b8ba-57f0-ba93-2c97265d29cf,BV-02_20260610_0026.jpg,2026-06-10 08:51:36,BV-02,smartphone,saudavel,saudavel,0.9925,agrosmart-v1,simulado,sim-2026-06
782c272a-036d-54b2-8b70-4b4bd4fbca4c,TI-03_20260610_0014.jpg,2026-06-10 08:51:43,TI-03,drone,saudavel,saudavel,0.9861,agrosmart-v1,simulado,sim-2026-06
556d59c2-48a2-518b-8764-1162ad3760db,TI-03_20260610_0015.jpg,2026-06-10 08:52:02,TI-03,drone,saudavel,saudavel,0.9816,agrosmart-v1,simulado,sim-2026-06
01fba30d-4645-5ceb-b1dd-7d8e89903231,TI-04_20260610_0001.jpg,2026-06-10 08:52:04,TI-04,drone,saudavel,saudavel,0.8596,agrosmart-v1,simulado,sim-2026-06
17d9c5cf-755c-519c-ae0d-f728612a8ccc,BV-02_20260610_0027.jpg,2026-06-10 08:52:12,BV-02,smartphone,saudavel,saudavel,0.9007,agrosmart-v1,simulado,sim-2026-06
74629735-7305-53cc-8887-9b6b8fe44ca1,SC-03_20260610_0021.jpg,2026-06-10 08:52:24,SC-03,smartphone,saudavel,saudavel,0.9512,agrosmart-v1,simulado,sim-2026-06
81ad8827-07d4-5162-92fa-08e16654daf6,TI-04_20260610_0002.jpg,2026-06-10 08:52:38,TI-04,drone,saudavel,saudavel,0.9978,agrosmart-v1,simulado,sim-2026-06
e3f2c86c-3375-5ff4-9a79-17cb7013cb77,TI-03_20260610_0016.jpg,2026-06-10 08:52:41,TI-03,drone,saudavel,saudavel,0.6432,agrosmart-v1,simulado,sim-2026-06
58879a6b-e7a0-5843-a9e2-c9bfee8c2222,BV-02_20260610_0028.jpg,2026-06-10 08:52:46,BV-02,smartphone,saudavel,saudavel,0.9026,agrosmart-v1,simulado,sim-2026-06
c7756bdf-e97c-5e7e-8221-54581d47e046,SC-03_20260610_0022.jpg,2026-06-10 08:53:08,SC-03,smartphone,saudavel,saudavel,0.9922,agrosmart-v1,simulado,sim-2026-06
9484bddf-a0d3-51ee-8a0e-635b24be84b6,TI-04_20260610_0003.jpg,2026-06-10 08:53:19,TI-04,drone,saudavel,saudavel,0.8858,agrosmart-v1,simulado,sim-2026-06
0371651d-5b2e-5aad-8767-597652cc1069,TI-03_20260610_0017.jpg,2026-06-10 08:53:41,TI-03,drone,saudavel,saudavel,0.9417,agrosmart-v1,simulado,sim-2026-06
a7a0299c-fc7e-5855-bfa5-cccc1149623e,BV-02_20260610_0029.jpg,2026-06-10 08:53:42,BV-02,smartphone,saudavel,saudavel,0.8585,agrosmart-v1,simulado,sim-2026-06
048d38f4-cb9b-56d6-b7b8-53069e309d37,SC-03_20260610_0023.jpg,2026-06-10 08:53:42,SC-03,smartphone,saudavel,saudavel,0.9036,agrosmart-v1,simulado,sim-2026-06
4d98adf8-d5bf-5081-b483-ef9d2575fb31,TI-04_20260610_0004.jpg,2026-06-10 08:53:44,TI-04,drone,saudavel,saudavel,0.8680,agrosmart-v1,simulado,sim-2026-06
20844f56-0079-5886-a8d2-7d1a8af9e1b5,BV-02_20260610_0030.jpg,2026-06-10 08:54:11,BV-02,smartphone,saudavel,saudavel,0.9245,agrosmart-v1,simulado,sim-2026-06
8e2a7e1d-c1a9-52df-89df-29f055911f06,TI-03_20260610_0018.jpg,2026-06-10 08:54:11,TI-03,drone,saudavel,saudavel,0.9645,agrosmart-v1,simulado,sim-2026-06
c023e01e-4fde-5664-98fc-b445c9804424,SC-03_20260610_0024.jpg,2026-06-10 08:54:24,SC-03,smartphone,saudavel,saudavel,0.9962,agrosmart-v1,simulado,sim-2026-06
6e144a16-26e5-5701-9aec-3a792872e659,TI-04_20260610_0005.jpg,2026-06-10 08:54:26,TI-04,drone,saudavel,saudavel,0.9681,agrosmart-v1,simulado,sim-2026-06
82e59ee1-c8f0-535f-b1ea-ea86230946cf,SC-03_20260610_0025.jpg,2026-06-10 08:54:41,SC-03,smartphone,saudavel,saudavel,0.9312,agrosmart-v1,simulado,sim-2026-06
f93fb9cb-6f50-5f56-baee-64b3c12a0bb3,TI-03_20260610_0019.jpg,2026-06-10 08:54:58,TI-03,drone,saudavel,saudavel,0.9663,agrosmart-v1,simulado,sim-2026-06
0ea17351-5121-58b6-bd74-7db91b6df0ee,BV-02_20260610_0031.jpg,2026-06-10 08:55:08,BV-02,smartphone,saudavel,saudavel,0.9885,agrosmart-v1,simulado,sim-2026-06
3e2ae8a0-6477-59a2-8ec6-77c2c2c4c3b7,TI-04_20260610_0006.jpg,2026-06-10 08:55:26,TI-04,drone,saudavel,saudavel,0.9951,agrosmart-v1,simulado,sim-2026-06
ddc7f0d6-c5c8-5172-8a17-7a4611ba7a10,BV-02_20260610_0032.jpg,2026-06-10 08:55:29,BV-02,smartphone,saudavel,saudavel,0.7440,agrosmart-v1,simulado,sim-2026-06
5609c0ce-d060-535f-9312-ccf99a354ab1,TI-03_20260610_0020.jpg,2026-06-10 08:55:43,TI-03,drone,saudavel,saudavel,0.8346,agrosmart-v1,simulado,sim-2026-06
98e3533a-9f9f-5345-93d3-1cd981ba392f,SC-03_20260610_0026.jpg,2026-06-10 08:55:47,SC-03,smartphone,saudavel,saudavel,0.8944,agrosmart-v1,simulado,sim-2026-06
81942bb8-05bb-53e4-bd35-bdae4cffec22,TI-04_20260610_0007.jpg,2026-06-10 08:55:57,TI-04,drone,saudavel,saudavel,0.9947,agrosmart-v1,simulado,sim-2026-06
25e70cad-02f7-5f16-806f-1c76e8d3d48e,BV-02_20260610_0033.jpg,2026-06-10 08:56:06,BV-02,smartphone,saudavel,saudavel,0.9067,agrosmart-v1,simulado,sim-2026-06
1d2e01c7-9fb4-568f-a9ce-f5529dccd202,SC-03_20260610_0027.jpg,2026-06-10 08:56:24,SC-03,smartphone,saudavel,saudavel,0.8980,agrosmart-v1,simulado,sim-2026-06
023700d2-7b8f-5340-ac3c-3c00a15d4b27,TI-03_20260610_0021.jpg,2026-06-10 08:56:26,TI-03,drone,saudavel,saudavel,0.9945,agrosmart-v1,simulado,sim-2026-06
89dc0dea-51e6-5342-9cc1-aed280feba9e,TI-04_20260610_0008.jpg,2026-06-10 08:56:43,TI-04,drone,saudavel,saudavel,0.9858,agrosmart-v1,simulado,sim-2026-06
23a19867-7cf9-5886-b6f4-db1b77889244,SC-03_20260610_0028.jpg,2026-06-10 08:56:48,SC-03,smartphone,saudavel,saudavel,0.9089,agrosmart-v1,simulado,sim-2026-06
428aae2a-9a92-5538-acc1-7cdae8ef5dec,TI-03_20260610_0022.jpg,2026-06-10 08:56:51,TI-03,drone,saudavel,saudavel,0.9023,agrosmart-v1,simulado,sim-2026-06
5b2392e8-4f69-5eee-a7de-3eb0f6a9baec,BV-02_20260610_0034.jpg,2026-06-10 08:56:54,BV-02,smartphone,saudavel,saudavel,0.9348,agrosmart-v1,simulado,sim-2026-06
9e89d371-6e7e-5dbc-bfd2-6d8cd4594205,TI-04_20260610_0009.jpg,2026-06-10 08:57:02,TI-04,drone,saudavel,saudavel,0.7159,agrosmart-v1,simulado,sim-2026-06
9449a576-a186-53f7-8084-e25ab8300e3e,TI-03_20260610_0023.jpg,2026-06-10 08:57:28,TI-03,drone,saudavel,saudavel,0.8764,agrosmart-v1,simulado,sim-2026-06
7ee6de3e-dd6f-5e58-80ad-fd5f2d02312b,SC-03_20260610_0029.jpg,2026-06-10 08:57:37,SC-03,smartphone,saudavel,saudavel,0.8846,agrosmart-v1,simulado,sim-2026-06
a0d729d1-888e-526a-8ca8-aac0f82479a2,TI-04_20260610_0010.jpg,2026-06-10 08:58:00,TI-04,drone,saudavel,saudavel,0.9480,agrosmart-v1,simulado,sim-2026-06
6073f98c-7873-5eb7-a548-c9aed0ac6446,SC-03_20260610_0030.jpg,2026-06-10 08:58:11,SC-03,smartphone,saudavel,saudavel,0.9340,agrosmart-v1,simulado,sim-2026-06
600f3a56-8b3f-55dc-8f56-cdff97259859,TI-03_20260610_0024.jpg,2026-06-10 08:58:30,TI-03,drone,saudavel,saudavel,0.9984,agrosmart-v1,simulado,sim-2026-06
77c3b2dc-0ff1-5edc-8d31-53e5997ae199,TI-04_20260610_0011.jpg,2026-06-10 08:58:42,TI-04,drone,saudavel,saudavel,0.9174,agrosmart-v1,simulado,sim-2026-06
d086c582-1a27-5e6e-8335-37f90d3fae95,TI-03_20260610_0025.jpg,2026-06-10 08:59:02,TI-03,drone,saudavel,saudavel,0.9999,agrosmart-v1,simulado,sim-2026-06
8f8f7085-5f69-5704-8aef-a233a7999a31,TI-04_20260610_0012.jpg,2026-06-10 08:59:14,TI-04,drone,saudavel,saudavel,0.9598,agrosmart-v1,simulado,sim-2026-06
bbef5208-5b23-55ca-a20e-3faf5437e8a0,TI-03_20260610_0026.jpg,2026-06-10 08:59:24,TI-03,drone,saudavel,saudavel,0.9655,agrosmart-v1,simulado,sim-2026-06
e7ef1381-ad96-5df4-b3ec-b772971355b7,TI-04_20260610_0013.jpg,2026-06-10 08:59:50,TI-04,drone,saudavel,saudavel,0.8231,agrosmart-v1,simulado,sim-2026-06
113b0fdc-8cf5-5b50-a780-5e6322e3ac74,TI-03_20260610_0027.jpg,2026-06-10 09:00:02,TI-03,drone,saudavel,saudavel,0.8407,agrosmart-v1,simulado,sim-2026-06
3cdb7105-4674-5f73-b6ac-b0c932ab30d3,TI-04_20260610_0014.jpg,2026-06-10 09:00:38,TI-04,drone,saudavel,saudavel,1.0000,agrosmart-v1,simulado,sim-2026-06
9af8fa23-eca6-5348-946e-0a46d3fbdfd5,TI-03_20260610_0028.jpg,2026-06-10 09:00:56,TI-03,drone,saudavel,saudavel,0.9339,agrosmart-v1,simulado,sim-2026-06
b4604ab9-816c-5622-8eca-69f53df259d0,TI-04_20260610_0015.jpg,2026-06-10 09:01:23,TI-04,drone,saudavel,saudavel,0.9783,agrosmart-v1,simulado,sim-2026-06
4ba45215-8086-5464-a15f-45b69adad7b0,TI-03_20260610_0029.jpg,2026-06-10 09:01:44,TI-03,drone,saudavel,saudavel,0.9380,agrosmart-v1,simulado,sim-2026-06
2ba15901-ba74-5bbb-ba11-d484a64870e2,TI-04_20260610_0016.jpg,2026-06-10 09:02:04,TI-04,drone,saudavel,saudavel,0.9915,agrosmart-v1,simulado,sim-2026-06
82875c52-3368-5945-bf16-77848420cf27,TI-03_20260610_0030.jpg,2026-06-10 09:02:20,TI-03,drone,saudavel,saudavel,0.9356,agrosmart-v1,simulado,sim-2026-06
ad0001a2-907a-5786-ad10-29bbb0b10245,TI-04_20260610_0017.jpg,2026-06-10 09:02:39,TI-04,drone,saudavel,saudavel,0.9950,agrosmart-v1,simulado,sim-2026-06
a1f41c9a-9296-5326-8d1e-de2bcf2fa279,TI-03_20260610_0031.jpg,2026-06-10 09:02:44,TI-03,drone,saudavel,saudavel,1.0000,agrosmart-v1,simulado,sim-2026-06
6e2e83ed-8057-5fe8-a57c-98cb8efbf930,SC-04_20260610_0001.jpg,2026-06-10 09:02:46,SC-04,smartphone,saudavel,saudavel,0.8594,agrosmart-v1,simulado,sim-2026-06
77d8bdbf-ee48-5aa9-936e-dcb7d8127f60,TI-04_20260610_0018.jpg,2026-06-10 09:03:18,TI-04,drone,saudavel,saudavel,0.9631,agrosmart-v1,simulado,sim-2026-06
8f3868fd-2e4c-5930-9a3d-d4f05abad75f,SC-04_20260610_0002.jpg,2026-06-10 09:03:23,SC-04,smartphone,saudavel,saudavel,0.9692,agrosmart-v1,simulado,sim-2026-06
391edebf-1514-5c60-a999-c58943ca8e24,TI-03_20260610_0032.jpg,2026-06-10 09:03:48,TI-03,drone,saudavel,saudavel,0.9028,agrosmart-v1,simulado,sim-2026-06
1ea89a1d-11ca-5242-a34f-a64a27ca262f,TI-04_20260610_0019.jpg,2026-06-10 09:03:54,TI-04,drone,saudavel,saudavel,0.9755,agrosmart-v1,simulado,sim-2026-06
871f5a59-abfd-50f7-9685-326639419de9,SC-04_20260610_0003.jpg,2026-06-10 09:04:11,SC-04,smartphone,saudavel,saudavel,0.9273,agrosmart-v1,simulado,sim-2026-06
ce5fa9ec-305f-5648-a6e5-cf5cbf4d134c,TI-03_20260610_0033.jpg,2026-06-10 09:04:13,TI-03,drone,saudavel,saudavel,0.8688,agrosmart-v1,simulado,sim-2026-06
57b48221-cc0c-5d9c-a067-89426e5337c2,TI-04_20260610_0020.jpg,2026-06-10 09:04:27,TI-04,drone,saudavel,saudavel,0.9565,agrosmart-v1,simulado,sim-2026-06
3753de83-5802-5322-ad66-b0558029f792,TI-03_20260610_0034.jpg,2026-06-10 09:04:42,TI-03,drone,saudavel,saudavel,0.8697,agrosmart-v1,simulado,sim-2026-06
028b7484-c09c-5f31-8a58-61e85dff55a7,SC-04_20260610_0004.jpg,2026-06-10 09:04:48,SC-04,smartphone,saudavel,saudavel,0.9017,agrosmart-v1,simulado,sim-2026-06
50b6e1b4-32ca-5ad8-b814-4f88ccb50f13,TI-03_20260610_0035.jpg,2026-06-10 09:05:28,TI-03,drone,saudavel,saudavel,0.9587,agrosmart-v1,simulado,sim-2026-06
ca0c75e2-70aa-512b-95d8-b373ad0157b6,SC-04_20260610_0005.jpg,2026-06-10 09:05:29,SC-04,smartphone,saudavel,saudavel,0.9995,agrosmart-v1,simulado,sim-2026-06
a61b2b6f-3edd-5442-b081-d1432f3fe590,TI-04_20260610_0021.jpg,2026-06-10 09:05:30,TI-04,drone,saudavel,saudavel,0.8236,agrosmart-v1,simulado,sim-2026-06
05dd0b89-099e-5151-bb88-183669f30de8,TI-04_20260610_0022.jpg,2026-06-10 09:05:59,TI-04,drone,saudavel,saudavel,0.8658,agrosmart-v1,simulado,sim-2026-06
d4e52945-8915-543d-9eae-59433dc36968,SC-04_20260610_0006.jpg,2026-06-10 09:06:06,SC-04,smartphone,saudavel,saudavel,0.9893,agrosmart-v1,simulado,sim-2026-06
726abe52-a574-558b-9f4e-97dbc92907cb,TI-03_20260610_0036.jpg,2026-06-10 09:06:18,TI-03,drone,saudavel,saudavel,0.8958,agrosmart-v1,simulado,sim-2026-06
1f0cf58d-622f-56fa-acac-22ae2297ddf4,TI-04_20260610_0023.jpg,2026-06-10 09:06:25,TI-04,drone,saudavel,saudavel,0.8804,agrosmart-v1,simulado,sim-2026-06
0cb23107-3bdc-5b43-b9e6-9aa98f589eee,TI-03_20260610_0037.jpg,2026-06-10 09:06:51,TI-03,drone,saudavel,saudavel,0.9929,agrosmart-v1,simulado,sim-2026-06
caca30f4-28b6-5df2-8cdd-bccd1a07c1fe,SC-04_20260610_0007.jpg,2026-06-10 09:06:53,SC-04,smartphone,saudavel,saudavel,0.9995,agrosmart-v1,simulado,sim-2026-06
4249ac47-1e15-5b4b-ba10-119b83571831,TI-04_20260610_0024.jpg,2026-06-10 09:07:13,TI-04,drone,saudavel,saudavel,0.8946,agrosmart-v1,simulado,sim-2026-06
9086d568-43bc-5337-9458-6c20c162d5d7,TI-03_20260610_0038.jpg,2026-06-10 09:07:23,TI-03,drone,doente,mosca_minadora,0.9299,agrosmart-v1,simulado,sim-2026-06
8cdd99a1-ace8-597e-ae21-5e7480fcb787,SC-04_20260610_0008.jpg,2026-06-10 09:07:36,SC-04,smartphone,saudavel,saudavel,0.9976,agrosmart-v1,simulado,sim-2026-06
501f4630-ca8d-520e-9cee-a0ced7190c37,TI-04_20260610_0025.jpg,2026-06-10 09:07:58,TI-04,drone,saudavel,saudavel,0.8412,agrosmart-v1,simulado,sim-2026-06
fa07dc1d-ef6c-502b-a855-f84ce810bc0b,TI-03_20260610_0039.jpg,2026-06-10 09:08:06,TI-03,drone,saudavel,saudavel,0.9848,agrosmart-v1,simulado,sim-2026-06
a798327a-440d-5aa3-8fce-fc1987d1ef43,SC-04_20260610_0009.jpg,2026-06-10 09:08:29,SC-04,smartphone,saudavel,saudavel,0.8516,agrosmart-v1,simulado,sim-2026-06
92a104a5-728d-5fce-9424-38c34497d46a,TI-04_20260610_0026.jpg,2026-06-10 09:08:46,TI-04,drone,saudavel,saudavel,0.9758,agrosmart-v1,simulado,sim-2026-06
a11afe3d-305a-5c12-85c0-2e47fc841d5b,SC-04_20260610_0010.jpg,2026-06-10 09:08:47,SC-04,smartphone,doente,vaquinha,0.9992,agrosmart-v1,simulado,sim-2026-06
af33474f-055f-547b-857a-121a7ff883aa,TI-03_20260610_0040.jpg,2026-06-10 09:08:50,TI-03,drone,saudavel,saudavel,0.9999,agrosmart-v1,simulado,sim-2026-06
a3e5617c-3c0f-5ee4-b59a-98a35118bb4e,TI-04_20260610_0027.jpg,2026-06-10 09:09:07,TI-04,drone,saudavel,saudavel,0.9994,agrosmart-v1,simulado,sim-2026-06
357815eb-5c7a-5712-a712-4e92ebb8ab73,SC-04_20260610_0011.jpg,2026-06-10 09:09:33,SC-04,smartphone,saudavel,saudavel,0.9809,agrosmart-v1,simulado,sim-2026-06
37f0428f-d2c5-51db-9558-b164b1131bca,TI-03_20260610_0041.jpg,2026-06-10 09:09:43,TI-03,drone,saudavel,saudavel,0.8823,agrosmart-v1,simulado,sim-2026-06
aaaa2e6d-f8a8-50fb-b52f-6ed0036ee9c2,TI-04_20260610_0028.jpg,2026-06-10 09:10:01,TI-04,drone,saudavel,saudavel,0.8316,agrosmart-v1,simulado,sim-2026-06
b55fd06f-ece8-5b24-8cb7-65e0ebb5fdb2,SC-04_20260610_0012.jpg,2026-06-10 09:10:16,SC-04,smartphone,saudavel,saudavel,0.9726,agrosmart-v1,simulado,sim-2026-06
fdab357c-375e-5451-be9e-9a91c2173ae5,TI-04_20260610_0029.jpg,2026-06-10 09:10:23,TI-04,drone,saudavel,saudavel,0.6234,agrosmart-v1,simulado,sim-2026-06
ff5a8f2c-059c-5a3f-97e3-36c658cf7f01,TI-03_20260610_0042.jpg,2026-06-10 09:10:29,TI-03,drone,saudavel,saudavel,1.0000,agrosmart-v1,simulado,sim-2026-06
693d9451-e048-59ca-86b5-9870cf734ee1,SC-04_20260610_0013.jpg,2026-06-10 09:10:45,SC-04,smartphone,saudavel,saudavel,0.8585,agrosmart-v1,simulado,sim-2026-06
aec9a36a-4ebe-52a3-b4d0-fd2c822fefc8,TI-04_20260610_0030.jpg,2026-06-10 09:11:06,TI-04,drone,saudavel,saudavel,0.9978,agrosmart-v1,simulado,sim-2026-06
f70ec776-6267-5db9-a656-358e276ba763,SC-04_20260610_0014.jpg,2026-06-10 09:11:27,SC-04,smartphone,saudavel,saudavel,0.9985,agrosmart-v1,simulado,sim-2026-06
9a9ecd2e-7123-5c07-8e3a-c2780cd11a21,TI-04_20260610_0031.jpg,2026-06-10 09:11:51,TI-04,drone,saudavel,saudavel,0.9489,agrosmart-v1,simulado,sim-2026-06
5a5754e3-b4bd-5d98-b699-543ef2bc74d7,SC-04_20260610_0015.jpg,2026-06-10 09:12:27,SC-04,smartphone,saudavel,saudavel,0.8860,agrosmart-v1,simulado,sim-2026-06
36d49939-0147-505e-a7f1-fc56a6712c27,SC-04_20260610_0016.jpg,2026-06-10 09:12:56,SC-04,smartphone,saudavel,saudavel,0.8729,agrosmart-v1,simulado,sim-2026-06
132dd1ea-3ffe-5104-92d7-73bfc2b1af7b,SC-04_20260610_0017.jpg,2026-06-10 09:13:35,SC-04,smartphone,saudavel,saudavel,0.9377,agrosmart-v1,simulado,sim-2026-06
bc6c8883-a72b-5dc3-af6b-955d009ac88b,SC-04_20260610_0018.jpg,2026-06-10 09:14:22,SC-04,smartphone,saudavel,saudavel,0.9880,agrosmart-v1,simulado,sim-2026-06
bdab2a00-1fa0-58f6-b91b-cdbcba3eff4a,SC-04_20260610_0019.jpg,2026-06-10 09:15:10,SC-04,smartphone,doente,pinta_preta,0.9344,agrosmart-v1,simulado,sim-2026-06
15af806b-3271-5d26-95bb-ffcd15940bd4,SC-04_20260610_0020.jpg,2026-06-10 09:15:28,SC-04,smartphone,saudavel,saudavel,0.8211,agrosmart-v1,simulado,sim-2026-06
72bb9d05-0250-5901-a764-dba5952939c2,SC-04_20260610_0021.jpg,2026-06-10 09:16:30,SC-04,smartphone,saudavel,saudavel,0.9216,agrosmart-v1,simulado,sim-2026-06
7d7a7a3c-797d-543a-899a-b91bcd088013,SC-04_20260610_0022.jpg,2026-06-10 09:16:45,SC-04,smartphone,saudavel,saudavel,0.9906,agrosmart-v1,simulado,sim-2026-06
eac88636-8e43-5429-b5cf-972f4e76fd89,SC-04_20260610_0023.jpg,2026-06-10 09:17:33,SC-04,smartphone,saudavel,saudavel,0.9810,agrosmart-v1,simulado,sim-2026-06
ad676e04-3390-5fb7-9343-f7f55106fed6,SC-04_20260610_0024.jpg,2026-06-10 09:18:20,SC-04,smartphone,saudavel,saudavel,0.8747,agrosmart-v1,simulado,sim-2026-06
e060f6da-d385-5367-8b84-69e3c55c613d,SC-04_20260610_0025.jpg,2026-06-10 09:18:40,SC-04,smartphone,saudavel,saudavel,0.8384,agrosmart-v1,simulado,sim-2026-06
03ac63d9-888e-52bc-9368-e5cc316d8a7b,SC-04_20260610_0026.jpg,2026-06-10 09:19:41,SC-04,smartphone,saudavel,saudavel,0.9995,agrosmart-v1,simulado,sim-2026-06
ab216f08-76e9-5d92-84f0-dd994538555e,SC-04_20260610_0027.jpg,2026-06-10 09:20:02,SC-04,smartphone,saudavel,saudavel,0.8461,agrosmart-v1,simulado,sim-2026-06
5db62f0e-4071-5fc6-b19e-d489db6e07ee,SC-04_20260610_0028.jpg,2026-06-10 09:21:00,SC-04,smartphone,saudavel,saudavel,0.9364,agrosmart-v1,simulado,sim-2026-06
6b3f2e26-ea6f-597d-a68e-4d3548174ec5,SC-04_20260610_0029.jpg,2026-06-10 09:21:22,SC-04,smartphone,saudavel,saudavel,0.9268,agrosmart-v1,simulado,sim-2026-06
e3bf3be3-93e2-55cc-ba94-40ff78540b8c,SC-04_20260610_0030.jpg,2026-06-10 09:22:21,SC-04,smartphone,saudavel,saudavel,0.9973,agrosmart-v1,simulado,sim-2026-06
6df30ba1-b8c6-5ff6-a5d7-e6a804f7e847,SC-02_20260610_0001.jpg,2026-06-10 09:41:45,SC-02,smartphone,saudavel,saudavel,0.9983,agrosmart-v1,simulado,sim-2026-06
06729bdf-e57e-59fc-89d5-e41b24d59939,SC-02_20260610_0002.jpg,2026-06-10 09:42:43,SC-02,smartphone,saudavel,saudavel,0.9248,agrosmart-v1,simulado,sim-2026-06
c388c498-e9bd-5289-bc92-e63aa2976e3a,SC-02_20260610_0003.jpg,2026-06-10 09:43:01,SC-02,smartphone,saudavel,saudavel,0.8930,agrosmart-v1,simulado,sim-2026-06
e913c0d4-2813-5ed2-8da9-ddbea0955489,SC-02_20260610_0004.jpg,2026-06-10 09:44:01,SC-02,smartphone,saudavel,saudavel,0.9622,agrosmart-v1,simulado,sim-2026-06
0f52c784-8443-54e6-abf7-9a792171b714,SC-02_20260610_0005.jpg,2026-06-10 09:44:49,SC-02,smartphone,saudavel,saudavel,0.8998,agrosmart-v1,simulado,sim-2026-06
5202c1b0-779b-52a5-98dd-cf0bd0ed62c7,SC-02_20260610_0006.jpg,2026-06-10 09:45:04,SC-02,smartphone,saudavel,saudavel,0.9755,agrosmart-v1,simulado,sim-2026-06
5d3c7045-4d75-5276-b2b0-5faa0074c5e8,SC-02_20260610_0007.jpg,2026-06-10 09:46:01,SC-02,smartphone,saudavel,saudavel,0.8567,agrosmart-v1,simulado,sim-2026-06
f17959cd-eed8-5c20-8ee0-c05acba0668d,SC-02_20260610_0008.jpg,2026-06-10 09:46:23,SC-02,smartphone,saudavel,saudavel,0.9993,agrosmart-v1,simulado,sim-2026-06
848b2eb8-7f39-52d9-9cfb-c6e3c1c7504f,SC-02_20260610_0009.jpg,2026-06-10 09:47:11,SC-02,smartphone,saudavel,saudavel,0.9697,agrosmart-v1,simulado,sim-2026-06
a258e10a-1bae-54fa-9a4d-66e2240dfeca,SC-02_20260610_0010.jpg,2026-06-10 09:47:42,SC-02,smartphone,saudavel,saudavel,0.9217,agrosmart-v1,simulado,sim-2026-06
7e47f7e9-bac0-58d6-82ec-8eec1fa7cd7a,SC-02_20260610_0011.jpg,2026-06-10 09:48:48,SC-02,smartphone,saudavel,saudavel,0.9999,agrosmart-v1,simulado,sim-2026-06
cf505a73-24ce-5554-aa23-857e100fabf7,SC-02_20260610_0012.jpg,2026-06-10 09:49:18,SC-02,smartphone,saudavel,saudavel,0.8377,agrosmart-v1,simulado,sim-2026-06
5f995f11-e756-52d4-82f1-a9fd18c1a7ad,SC-02_20260610_0013.jpg,2026-06-10 09:49:58,SC-02,smartphone,saudavel,saudavel,0.9579,agrosmart-v1,simulado,sim-2026-06
74d2e822-9049-5ff0-9d65-f9c4727c66ff,SC-02_20260610_0014.jpg,2026-06-10 09:50:33,SC-02,smartphone,saudavel,saudavel,0.9948,agrosmart-v1,simulado,sim-2026-06
25cd115d-c6a4-58d0-ba27-5340eb1753d6,BV-01_20260610_0001.jpg,2026-06-10 09:51:07,BV-01,smartphone,saudavel,saudavel,0.9630,agrosmart-v1,simulado,sim-2026-06
736b45eb-e451-5f9f-8ac6-fa8f1e1efc02,SC-02_20260610_0015.jpg,2026-06-10 09:51:24,SC-02,smartphone,saudavel,saudavel,0.9929,agrosmart-v1,simulado,sim-2026-06
e37d66bd-26b0-5cf1-9865-6497c64ecc5c,BV-01_20260610_0002.jpg,2026-06-10 09:51:35,BV-01,smartphone,doente,mosca_minadora,0.9588,agrosmart-v1,simulado,sim-2026-06
e5f66e85-b105-51c8-97ff-b3c3d2a7af51,SC-02_20260610_0016.jpg,2026-06-10 09:51:40,SC-02,smartphone,saudavel,saudavel,0.9868,agrosmart-v1,simulado,sim-2026-06
29331bd1-fd79-5afe-a0f8-c74e236fb9da,BV-01_20260610_0003.jpg,2026-06-10 09:52:09,BV-01,smartphone,saudavel,saudavel,0.9342,agrosmart-v1,simulado,sim-2026-06
cd9aa7e4-87bd-582c-91cc-dbda5e8dd646,SC-02_20260610_0017.jpg,2026-06-10 09:52:27,SC-02,smartphone,saudavel,saudavel,0.9700,agrosmart-v1,simulado,sim-2026-06
0678e7e7-26f5-52d8-805f-0edb54ee43eb,BV-01_20260610_0004.jpg,2026-06-10 09:52:43,BV-01,smartphone,saudavel,saudavel,0.9082,agrosmart-v1,simulado,sim-2026-06
77900acc-05ff-5c23-9ec1-bc4867dd679c,SC-02_20260610_0018.jpg,2026-06-10 09:53:07,SC-02,smartphone,saudavel,saudavel,0.9994,agrosmart-v1,simulado,sim-2026-06
088d7b1d-79d3-519c-b8c5-787231e3d49a,BV-01_20260610_0005.jpg,2026-06-10 09:53:37,BV-01,smartphone,saudavel,saudavel,0.8870,agrosmart-v1,simulado,sim-2026-06
1c3e6c38-89ac-5e33-ab22-c3fd3adcb215,SC-02_20260610_0019.jpg,2026-06-10 09:54:08,SC-02,smartphone,saudavel,saudavel,0.8218,agrosmart-v1,simulado,sim-2026-06
16403e56-5c51-5efa-8b22-1d70ac3bbb33,BV-01_20260610_0006.jpg,2026-06-10 09:54:12,BV-01,smartphone,saudavel,saudavel,0.9898,agrosmart-v1,simulado,sim-2026-06
e75954d3-3ea8-5906-a698-22e8c31d78af,SC-02_20260610_0020.jpg,2026-06-10 09:54:22,SC-02,smartphone,saudavel,saudavel,0.8575,agrosmart-v1,simulado,sim-2026-06
0518709e-7900-5b36-a41e-cd866807ac76,BV-01_20260610_0007.jpg,2026-06-10 09:54:45,BV-01,smartphone,saudavel,saudavel,0.9735,agrosmart-v1,simulado,sim-2026-06
8c85047c-763a-5277-9b83-f12855125776,SC-02_20260610_0021.jpg,2026-06-10 09:55:06,SC-02,smartphone,saudavel,saudavel,0.9997,agrosmart-v1,simulado,sim-2026-06
5e299519-f9b5-5336-bb2d-f7b471c1dc32,BV-01_20260610_0008.jpg,2026-06-10 09:55:46,BV-01,smartphone,saudavel,saudavel,0.9665,agrosmart-v1,simulado,sim-2026-06
843f2e17-932a-5690-9a7e-9c3ef13116f1,SC-02_20260610_0022.jpg,2026-06-10 09:56:01,SC-02,smartphone,saudavel,saudavel,0.9696,agrosmart-v1,simulado,sim-2026-06
df006b16-fe6a-5f5e-81ed-b5ec207946b0,BV-01_20260610_0009.jpg,2026-06-10 09:56:18,BV-01,smartphone,saudavel,saudavel,0.9466,agrosmart-v1,simulado,sim-2026-06
b35e7741-86b7-5dd7-a594-ffa88729a9a6,SC-02_20260610_0023.jpg,2026-06-10 09:56:49,SC-02,smartphone,saudavel,saudavel,0.8497,agrosmart-v1,simulado,sim-2026-06
200bde72-faa6-5c11-ac78-12f4b1ae9adb,BV-01_20260610_0010.jpg,2026-06-10 09:57:01,BV-01,smartphone,saudavel,saudavel,0.9016,agrosmart-v1,simulado,sim-2026-06
a38a85a1-a4b3-515a-a98a-91d4e06065d3,SC-02_20260610_0024.jpg,2026-06-10 09:57:07,SC-02,smartphone,saudavel,saudavel,0.8382,agrosmart-v1,simulado,sim-2026-06
d82c8936-2e6e-59e0-beb4-3e54e94a7d6d,SC-02_20260610_0025.jpg,2026-06-10 09:57:45,SC-02,smartphone,saudavel,saudavel,0.9762,agrosmart-v1,simulado,sim-2026-06
22b8f593-148c-506a-ace8-a651c2a8d04e,BV-01_20260610_0011.jpg,2026-06-10 09:57:46,BV-01,smartphone,saudavel,saudavel,0.9369,agrosmart-v1,simulado,sim-2026-06
6bbb0eba-309d-5b91-9d70-bbfb3addcbd5,BV-01_20260610_0012.jpg,2026-06-10 09:58:17,BV-01,smartphone,saudavel,saudavel,0.9643,agrosmart-v1,simulado,sim-2026-06
9089e142-8b61-5077-ada5-76b1aeedf9ef,SC-02_20260610_0026.jpg,2026-06-10 09:58:44,SC-02,smartphone,saudavel,saudavel,0.9381,agrosmart-v1,simulado,sim-2026-06
e96e8231-69ca-5e45-9236-84169932cc1d,BV-01_20260610_0013.jpg,2026-06-10 09:58:52,BV-01,smartphone,saudavel,saudavel,0.9979,agrosmart-v1,simulado,sim-2026-06
e8fdd0c4-1820-51ff-8e26-b7bffc17aa2e,SC-02_20260610_0027.jpg,2026-06-10 09:59:17,SC-02,smartphone,saudavel,saudavel,0.9660,agrosmart-v1,simulado,sim-2026-06
4a1624f3-f99c-5a60-9c73-548eb64ff109,BV-01_20260610_0014.jpg,2026-06-10 09:59:44,BV-01,smartphone,saudavel,saudavel,0.9807,agrosmart-v1,simulado,sim-2026-06
d7e6c6c2-1512-50ff-826a-bc4a1a2c10ab,BV-01_20260610_0015.jpg,2026-06-10 10:00:01,BV-01,smartphone,saudavel,saudavel,0.8798,agrosmart-v1,simulado,sim-2026-06
5bb7e09b-02ef-5780-a533-19aa48d043be,SC-02_20260610_0028.jpg,2026-06-10 10:00:01,SC-02,smartphone,saudavel,saudavel,0.9857,agrosmart-v1,simulado,sim-2026-06
60bf3c2c-e6cd-5a41-9f20-a8d084260158,SC-02_20260610_0029.jpg,2026-06-10 10:00:40,SC-02,smartphone,saudavel,saudavel,0.9902,agrosmart-v1,simulado,sim-2026-06
4368ef22-f6f3-5b36-8955-7f41ac443794,BV-01_20260610_0016.jpg,2026-06-10 10:01:08,BV-01,smartphone,saudavel,saudavel,0.8819,agrosmart-v1,simulado,sim-2026-06
ab875a52-8f2a-5254-9119-12da1659efc7,SC-02_20260610_0030.jpg,2026-06-10 10:01:21,SC-02,smartphone,saudavel,saudavel,0.9619,agrosmart-v1,simulado,sim-2026-06
b192b9b9-15e5-54b2-aecf-28602dda30e0,BV-01_20260610_0017.jpg,2026-06-10 10:01:41,BV-01,smartphone,saudavel,saudavel,0.9492,agrosmart-v1,simulado,sim-2026-06
8b9d3804-4575-5a1d-8417-b279eefabda4,BV-01_20260610_0018.jpg,2026-06-10 10:02:18,BV-01,smartphone,saudavel,saudavel,0.9924,agrosmart-v1,simulado,sim-2026-06
5d2247e4-a6fe-5e34-8aab-d9080f8139f0,BV-01_20260610_0019.jpg,2026-06-10 10:02:49,BV-01,smartphone,saudavel,saudavel,0.8499,agrosmart-v1,simulado,sim-2026-06
206559ae-68f5-5ca2-8060-d0df05063444,BV-01_20260610_0020.jpg,2026-06-10 10:03:50,BV-01,smartphone,saudavel,saudavel,0.9073,agrosmart-v1,simulado,sim-2026-06
b02f5c5d-853a-5dab-aff0-fdd3e139ca88,BV-01_20260610_0021.jpg,2026-06-10 10:04:02,BV-01,smartphone,saudavel,saudavel,0.9327,agrosmart-v1,simulado,sim-2026-06
7a62cd69-ddf1-5ad7-b99d-13c31d04d43a,BV-01_20260610_0022.jpg,2026-06-10 10:05:07,BV-01,smartphone,saudavel,saudavel,0.9844,agrosmart-v1,simulado,sim-2026-06
3e402104-7ae0-5d9d-946f-573791a3538b,BV-01_20260610_0023.jpg,2026-06-10 10:05:37,BV-01,smartphone,saudavel,saudavel,1.0000,agrosmart-v1,simulado,sim-2026-06
441b8eec-f500-568e-91b6-b389758826bd,BV-01_20260610_0024.jpg,2026-06-10 10:06:11,BV-01,smartphone,saudavel,saudavel,0.9857,agrosmart-v1,simulado,sim-2026-06
4a7e5139-5b84-5a29-85f4-a059f88cf1ff,BV-01_20260610_0025.jpg,2026-06-10 10:06:53,BV-01,smartphone,doente,mosca_minadora,0.9720,agrosmart-v1,simulado,sim-2026-06
fab82ae0-c156-53bf-88a0-63c7323ed4cc,BV-03_20260612_0001.jpg,2026-06-12 07:35:59,BV-03,smartphone,saudavel,saudavel,0.9748,agrosmart-v1,simulado,sim-2026-06
0fd1a6f0-f86b-54d7-9bf9-6757196f1558,BV-03_20260612_0002.jpg,2026-06-12 07:36:47,BV-03,smartphone,saudavel,saudavel,0.8304,agrosmart-v1,simulado,sim-2026-06
0fb092ff-5517-5218-b5e8-7e098afb5dbd,TI-04_20260612_0001.jpg,2026-06-12 07:37:04,TI-04,drone,saudavel,saudavel,0.9992,agrosmart-v1,simulado,sim-2026-06
eb077176-889e-5079-842c-0244fd4a604b,BV-03_20260612_0003.jpg,2026-06-12 07:37:07,BV-03,smartphone,saudavel,saudavel,0.9884,agrosmart-v1,simulado,sim-2026-06
f89ccb3a-1a56-5d5f-93c3-354521a7d9ee,TI-04_20260612_0002.jpg,2026-06-12 07:37:23,TI-04,drone,saudavel,saudavel,0.9198,agrosmart-v1,simulado,sim-2026-06
d379e0f2-b169-5abd-9104-fe7820e6cf89,BV-03_20260612_0004.jpg,2026-06-12 07:37:50,BV-03,smartphone,saudavel,saudavel,0.9476,agrosmart-v1,simulado,sim-2026-06
23b5ea36-e2db-5b6c-a8e1-1802a7567656,SC-04_20260612_0001.jpg,2026-06-12 07:38:07,SC-04,smartphone,saudavel,saudavel,0.9807,agrosmart-v1,simulado,sim-2026-06
9c4851f3-d740-5903-bcb0-9e833db45c4d,TI-04_20260612_0003.jpg,2026-06-12 07:38:08,TI-04,drone,saudavel,saudavel,0.8473,agrosmart-v1,simulado,sim-2026-06
85c341f4-ef70-582d-9459-a030ecde1a00,BV-03_20260612_0005.jpg,2026-06-12 07:38:25,BV-03,smartphone,saudavel,saudavel,0.8309,agrosmart-v1,simulado,sim-2026-06
5a6627ef-8f9a-5efe-978a-adfa63de319d,SC-04_20260612_0002.jpg,2026-06-12 07:38:46,SC-04,smartphone,saudavel,saudavel,0.9426,agrosmart-v1,simulado,sim-2026-06
4b2e26de-53f7-5ab6-b68d-540025adcd42,TI-04_20260612_0004.jpg,2026-06-12 07:39:06,TI-04,drone,saudavel,saudavel,0.9998,agrosmart-v1,simulado,sim-2026-06
eb8133cf-d511-5d44-a909-38087608e197,BV-03_20260612_0006.jpg,2026-06-12 07:39:17,BV-03,smartphone,saudavel,saudavel,0.9997,agrosmart-v1,simulado,sim-2026-06
efda90c6-a856-5130-bf5d-fc71b55d7e9c,SC-04_20260612_0003.jpg,2026-06-12 07:39:25,SC-04,smartphone,doente,mosca_minadora,0.8892,agrosmart-v1,simulado,sim-2026-06
128bf521-126c-50cd-a090-6ff038604df4,TI-04_20260612_0005.jpg,2026-06-12 07:39:26,TI-04,drone,saudavel,saudavel,0.9660,agrosmart-v1,simulado,sim-2026-06
3fd09077-249b-5739-8bb4-3b7dabcf6ef1,BV-03_20260612_0007.jpg,2026-06-12 07:39:52,BV-03,smartphone,saudavel,saudavel,0.9929,agrosmart-v1,simulado,sim-2026-06
9b862bdd-199d-5a4a-86e9-fcb7c610100a,SC-04_20260612_0004.jpg,2026-06-12 07:40:07,SC-04,smartphone,saudavel,saudavel,0.8675,agrosmart-v1,simulado,sim-2026-06
71f4e1c6-69e6-5c0d-813f-f871feb26678,TI-04_20260612_0006.jpg,2026-06-12 07:40:17,TI-04,drone,saudavel,saudavel,0.9543,agrosmart-v1,simulado,sim-2026-06
63b9eb8e-d4f4-5c16-9a66-6d006e5cd59a,BV-03_20260612_0008.jpg,2026-06-12 07:40:27,BV-03,smartphone,saudavel,saudavel,0.9376,agrosmart-v1,simulado,sim-2026-06
19559b24-6531-54e9-b9a5-8c51c241c9fc,SC-04_20260612_0005.jpg,2026-06-12 07:40:32,SC-04,smartphone,saudavel,saudavel,1.0000,agrosmart-v1,simulado,sim-2026-06
fa370353-ce6e-51ef-b487-a2fe840b5475,TI-04_20260612_0007.jpg,2026-06-12 07:41:09,TI-04,drone,saudavel,saudavel,0.8711,agrosmart-v1,simulado,sim-2026-06
c8a73096-a349-50c8-b25e-4e86450bcfdc,BV-03_20260612_0009.jpg,2026-06-12 07:41:13,BV-03,smartphone,saudavel,saudavel,0.9769,agrosmart-v1,simulado,sim-2026-06
e85456c4-3f2e-57f4-865c-0cd4354a5d1f,SC-04_20260612_0006.jpg,2026-06-12 07:41:28,SC-04,smartphone,saudavel,saudavel,0.8953,agrosmart-v1,simulado,sim-2026-06
e4a10505-6f0e-52f3-bca6-fd5319d9e4f8,BV-03_20260612_0010.jpg,2026-06-12 07:41:41,BV-03,smartphone,saudavel,saudavel,0.9607,agrosmart-v1,simulado,sim-2026-06
29c5bda7-2bc4-5b63-86f7-6bd6dcc03ac6,TI-04_20260612_0008.jpg,2026-06-12 07:41:50,TI-04,drone,saudavel,saudavel,0.9098,agrosmart-v1,simulado,sim-2026-06
6fc735ad-374c-56ab-adf4-9fe46ee10a3e,SC-04_20260612_0007.jpg,2026-06-12 07:42:09,SC-04,smartphone,saudavel,saudavel,0.8618,agrosmart-v1,simulado,sim-2026-06
572fec65-c848-500b-98aa-d8b64b52772e,TI-04_20260612_0009.jpg,2026-06-12 07:42:14,TI-04,drone,saudavel,saudavel,0.8228,agrosmart-v1,simulado,sim-2026-06
46c3b3f2-318a-582d-99c6-338bcaeb37df,BV-03_20260612_0011.jpg,2026-06-12 07:42:29,BV-03,smartphone,saudavel,saudavel,0.9864,agrosmart-v1,simulado,sim-2026-06
c4a1fbaf-615f-5505-834c-b27beda15c3f,SC-04_20260612_0008.jpg,2026-06-12 07:42:29,SC-04,smartphone,saudavel,saudavel,0.5458,agrosmart-v1,simulado,sim-2026-06
1a0005f6-cd7d-5368-b254-e1e6b95a3450,TI-04_20260612_0010.jpg,2026-06-12 07:42:57,TI-04,drone,saudavel,saudavel,0.7486,agrosmart-v1,simulado,sim-2026-06
45dc340a-179f-5677-b942-426e1f678b01,TI-02_20260612_0001.jpg,2026-06-12 07:43:01,TI-02,drone,saudavel,saudavel,0.9965,agrosmart-v1,simulado,sim-2026-06
388708c0-1f4b-508f-967d-def76900b8a8,SC-04_20260612_0009.jpg,2026-06-12 07:43:05,SC-04,smartphone,saudavel,saudavel,0.9863,agrosmart-v1,simulado,sim-2026-06
7a5bcd0c-279b-50e6-8dc5-138e176f4fd6,BV-03_20260612_0012.jpg,2026-06-12 07:43:10,BV-03,smartphone,saudavel,saudavel,0.8889,agrosmart-v1,simulado,sim-2026-06
445d8ad2-4e3b-577c-8a42-a9b690d63001,TI-04_20260612_0011.jpg,2026-06-12 07:43:30,TI-04,drone,saudavel,saudavel,0.9318,agrosmart-v1,simulado,sim-2026-06
4677c3c1-0cb1-51cf-bf44-39371cca95a5,TI-02_20260612_0002.jpg,2026-06-12 07:43:44,TI-02,drone,saudavel,saudavel,0.6548,agrosmart-v1,simulado,sim-2026-06
d8420f3a-08a3-55e3-a474-90baa17d8165,BV-03_20260612_0013.jpg,2026-06-12 07:43:56,BV-03,smartphone,saudavel,saudavel,0.8761,agrosmart-v1,simulado,sim-2026-06
87c5c391-864e-5286-a886-8a0686df326a,SC-04_20260612_0010.jpg,2026-06-12 07:44:03,SC-04,smartphone,saudavel,saudavel,0.9845,agrosmart-v1,simulado,sim-2026-06
c6536c87-7363-5010-8a81-c48025ad03e0,TI-02_20260612_0003.jpg,2026-06-12 07:44:04,TI-02,drone,saudavel,saudavel,0.9970,agrosmart-v1,simulado,sim-2026-06
9a2efb95-1e00-5298-96a0-8aae7e59e22b,TI-04_20260612_0012.jpg,2026-06-12 07:44:13,TI-04,drone,saudavel,saudavel,0.9476,agrosmart-v1,simulado,sim-2026-06
1ab35205-35d3-57d7-98f2-5e5bc8c4f18a,SC-04_20260612_0011.jpg,2026-06-12 07:44:34,SC-04,smartphone,saudavel,saudavel,0.9865,agrosmart-v1,simulado,sim-2026-06
9b97c4a1-72e1-5ef4-8d37-89180e09d0bf,BV-03_20260612_0014.jpg,2026-06-12 07:44:44,BV-03,smartphone,saudavel,saudavel,0.9656,agrosmart-v1,simulado,sim-2026-06
3670542c-f686-5292-915e-141521a50c34,SC-01_20260612_0001.jpg,2026-06-12 07:44:52,SC-01,smartphone,saudavel,saudavel,0.9874,agrosmart-v1,simulado,sim-2026-06
fa07896c-c4db-56b2-8a06-d51da73ae9e8,TI-02_20260612_0004.jpg,2026-06-12 07:44:53,TI-02,drone,saudavel,saudavel,0.8915,agrosmart-v1,simulado,sim-2026-06
ee20c941-37d4-5959-a30b-a19330f9ab22,TI-04_20260612_0013.jpg,2026-06-12 07:44:57,TI-04,drone,saudavel,saudavel,0.8231,agrosmart-v1,simulado,sim-2026-06
2240ce93-9d62-5b09-a514-def3be42fd40,BV-03_20260612_0015.jpg,2026-06-12 07:45:04,BV-03,smartphone,saudavel,saudavel,0.9947,agrosmart-v1,simulado,sim-2026-06
72e7211e-0af6-598c-8ead-42347decbfdd,SC-04_20260612_0012.jpg,2026-06-12 07:45:18,SC-04,smartphone,saudavel,saudavel,0.8798,agrosmart-v1,simulado,sim-2026-06
144fbd6b-b687-5af0-9528-b257c76277d0,SC-01_20260612_0002.jpg,2026-06-12 07:45:37,SC-01,smartphone,saudavel,saudavel,0.9751,agrosmart-v1,simulado,sim-2026-06
8ee72b92-2afc-538c-b606-da322ade9d35,TI-02_20260612_0005.jpg,2026-06-12 07:45:40,TI-02,drone,saudavel,saudavel,0.9718,agrosmart-v1,simulado,sim-2026-06
7f3d1435-1f12-5797-bb76-2ee21a4e9246,TI-04_20260612_0014.jpg,2026-06-12 07:45:42,TI-04,drone,saudavel,saudavel,0.8300,agrosmart-v1,simulado,sim-2026-06
c4856558-498c-5741-9b18-3859025c9292,SC-04_20260612_0013.jpg,2026-06-12 07:45:43,SC-04,smartphone,saudavel,saudavel,0.9018,agrosmart-v1,simulado,sim-2026-06
59db2015-4b7c-5066-8578-88ceb8dccf61,BV-03_20260612_0016.jpg,2026-06-12 07:45:48,BV-03,smartphone,saudavel,saudavel,0.9972,agrosmart-v1,simulado,sim-2026-06
6dcaa576-74cd-56d2-8a54-58665a6a78dd,SC-01_20260612_0003.jpg,2026-06-12 07:46:19,SC-01,smartphone,saudavel,saudavel,0.9739,agrosmart-v1,simulado,sim-2026-06
a212065c-adc4-5812-8b5c-eb345c1358d5,TI-02_20260612_0006.jpg,2026-06-12 07:46:22,TI-02,drone,saudavel,saudavel,0.8875,agrosmart-v1,simulado,sim-2026-06
70d2a25a-fa32-569e-80b3-fedf4120d4e4,BV-03_20260612_0017.jpg,2026-06-12 07:46:25,BV-03,smartphone,saudavel,saudavel,0.8463,agrosmart-v1,simulado,sim-2026-06
4c8ddff2-5cb9-5700-bc12-244d4afde7a1,TI-04_20260612_0015.jpg,2026-06-12 07:46:27,TI-04,drone,saudavel,saudavel,0.9914,agrosmart-v1,simulado,sim-2026-06
0e71277b-d124-5d78-a325-b4faa0fce1d4,SC-04_20260612_0014.jpg,2026-06-12 07:46:33,SC-04,smartphone,saudavel,saudavel,0.8535,agrosmart-v1,simulado,sim-2026-06
9d9b7e42-99d1-550b-99ad-cd899f4c2507,TI-02_20260612_0007.jpg,2026-06-12 07:46:54,TI-02,drone,saudavel,saudavel,0.8305,agrosmart-v1,simulado,sim-2026-06
fc2cba0f-533f-5b14-aad6-e67d77f84197,TI-04_20260612_0016.jpg,2026-06-12 07:46:54,TI-04,drone,saudavel,saudavel,0.9679,agrosmart-v1,simulado,sim-2026-06
1eb9ceaa-e3bf-574c-8e23-47445cd51676,SC-01_20260612_0004.jpg,2026-06-12 07:47:00,SC-01,smartphone,saudavel,saudavel,0.9631,agrosmart-v1,simulado,sim-2026-06
abb007ae-8bb6-5d4d-bf83-bf386785637d,SC-04_20260612_0015.jpg,2026-06-12 07:47:04,SC-04,smartphone,saudavel,saudavel,0.9094,agrosmart-v1,simulado,sim-2026-06
3554d510-f549-5f88-ad69-e7e3771c7d7d,BV-03_20260612_0018.jpg,2026-06-12 07:47:20,BV-03,smartphone,saudavel,saudavel,0.9022,agrosmart-v1,simulado,sim-2026-06
282acee2-ccec-53b8-82ad-a449c18d8378,SC-01_20260612_0005.jpg,2026-06-12 07:47:25,SC-01,smartphone,saudavel,saudavel,0.9993,agrosmart-v1,simulado,sim-2026-06
fdcaabec-5e7f-5918-812a-f90b029117cc,TI-04_20260612_0017.jpg,2026-06-12 07:47:27,TI-04,drone,saudavel,saudavel,0.9304,agrosmart-v1,simulado,sim-2026-06
a7add4ac-42bc-5ad1-af9d-dde71dcca07a,TI-02_20260612_0008.jpg,2026-06-12 07:47:46,TI-02,drone,saudavel,saudavel,0.9873,agrosmart-v1,simulado,sim-2026-06
3bf25234-cab1-57d1-996b-0eacc2d26417,BV-03_20260612_0019.jpg,2026-06-12 07:47:58,BV-03,smartphone,saudavel,saudavel,0.9445,agrosmart-v1,simulado,sim-2026-06
6ab85092-0a5d-54ce-92ff-2841a8b8bfea,TI-02_20260612_0009.jpg,2026-06-12 07:48:01,TI-02,drone,saudavel,saudavel,0.8957,agrosmart-v1,simulado,sim-2026-06
80ebf001-a868-55f6-a447-443212b60858,SC-01_20260612_0006.jpg,2026-06-12 07:48:02,SC-01,smartphone,saudavel,saudavel,0.9869,agrosmart-v1,simulado,sim-2026-06
4e91c096-2d18-58f5-a8ed-f7b04718a91f,SC-04_20260612_0016.jpg,2026-06-12 07:48:09,SC-04,smartphone,saudavel,saudavel,0.9845,agrosmart-v1,simulado,sim-2026-06
8124406a-0017-547d-8d69-7f9741656d00,TI-04_20260612_0018.jpg,2026-06-12 07:48:16,TI-04,drone,saudavel,saudavel,0.9917,agrosmart-v1,simulado,sim-2026-06
7fa98978-f242-5f26-9cb7-54918709e65e,SC-01_20260612_0007.jpg,2026-06-12 07:48:40,SC-01,smartphone,saudavel,saudavel,0.9911,agrosmart-v1,simulado,sim-2026-06
0e4eeab2-b83e-585b-acaa-2b2c857b73c6,TI-02_20260612_0010.jpg,2026-06-12 07:48:46,TI-02,drone,saudavel,saudavel,0.9797,agrosmart-v1,simulado,sim-2026-06
ccf9a6f9-f9f5-5aae-9bc9-65142416ec34,BV-03_20260612_0020.jpg,2026-06-12 07:48:47,BV-03,smartphone,saudavel,saudavel,0.8974,agrosmart-v1,simulado,sim-2026-06
2aecb152-182a-58e7-be96-f149621ab277,SC-04_20260612_0017.jpg,2026-06-12 07:48:49,SC-04,smartphone,saudavel,saudavel,0.9690,agrosmart-v1,simulado,sim-2026-06
14bbd340-a816-5b90-afe2-bc37a8224bfd,SC-04_20260612_0018.jpg,2026-06-12 07:49:04,SC-04,smartphone,saudavel,saudavel,0.9734,agrosmart-v1,simulado,sim-2026-06
3c580d0d-db5c-5a96-b6fe-f07cd5f9d571,TI-04_20260612_0019.jpg,2026-06-12 07:49:10,TI-04,drone,saudavel,saudavel,0.8648,agrosmart-v1,simulado,sim-2026-06
9bbfcf7c-b945-5ff8-8ee1-684147ce9d47,BV-03_20260612_0021.jpg,2026-06-12 07:49:11,BV-03,smartphone,saudavel,saudavel,0.9207,agrosmart-v1,simulado,sim-2026-06
28dff686-8940-5798-b883-18ef7838aff4,SC-01_20260612_0008.jpg,2026-06-12 07:49:27,SC-01,smartphone,saudavel,saudavel,0.9488,agrosmart-v1,simulado,sim-2026-06
fc99d977-aba2-59fc-8151-58faee4e5876,TI-02_20260612_0011.jpg,2026-06-12 07:49:28,TI-02,drone,saudavel,saudavel,0.8964,agrosmart-v1,simulado,sim-2026-06
3d0ec901-e3e4-5f24-a9cb-a46cb2e59f7e,TI-04_20260612_0020.jpg,2026-06-12 07:49:38,TI-04,drone,saudavel,saudavel,0.9973,agrosmart-v1,simulado,sim-2026-06
232e9c99-1b54-5bb8-aa1f-857b192fa31f,SC-04_20260612_0019.jpg,2026-06-12 07:49:47,SC-04,smartphone,saudavel,saudavel,0.9272,agrosmart-v1,simulado,sim-2026-06
80d02ae4-8fb2-524b-aedb-188d077d95c8,TI-02_20260612_0012.jpg,2026-06-12 07:50:04,TI-02,drone,saudavel,saudavel,1.0000,agrosmart-v1,simulado,sim-2026-06
a3d917cf-0ba1-5ff6-9872-5c43c69d5f18,TI-04_20260612_0021.jpg,2026-06-12 07:50:06,TI-04,drone,saudavel,saudavel,0.9729,agrosmart-v1,simulado,sim-2026-06
dc863109-b9e6-5219-ac53-cfdd3feef782,SC-01_20260612_0009.jpg,2026-06-12 07:50:22,SC-01,smartphone,saudavel,saudavel,0.9397,agrosmart-v1,simulado,sim-2026-06
a99e4f6f-cb50-5a8b-b247-958583210d7f,SC-04_20260612_0020.jpg,2026-06-12 07:50:37,SC-04,smartphone,saudavel,saudavel,0.8330,agrosmart-v1,simulado,sim-2026-06
e2a81eb5-df37-55c9-8e80-98d08ae53465,TI-02_20260612_0013.jpg,2026-06-12 07:50:48,TI-02,drone,saudavel,saudavel,0.8394,agrosmart-v1,simulado,sim-2026-06
71b37ec2-ee9c-5b8e-9ace-e54d1dd08d91,TI-04_20260612_0022.jpg,2026-06-12 07:51:00,TI-04,drone,saudavel,saudavel,0.9614,agrosmart-v1,simulado,sim-2026-06
fe410bea-e158-5e5b-81be-0eb44dbbf4e8,SC-01_20260612_0010.jpg,2026-06-12 07:51:02,SC-01,smartphone,saudavel,saudavel,0.9813,agrosmart-v1,simulado,sim-2026-06
b1f26abf-3a0a-50ca-8197-861186d42bc1,SC-04_20260612_0021.jpg,2026-06-12 07:51:19,SC-04,smartphone,saudavel,saudavel,0.9549,agrosmart-v1,simulado,sim-2026-06
47cb4b8b-3f12-57b0-9981-0391f0e7913d,TI-04_20260612_0023.jpg,2026-06-12 07:51:31,TI-04,drone,saudavel,saudavel,0.6823,agrosmart-v1,simulado,sim-2026-06
cfcdb083-a9af-59ff-b99d-e49b0feb7748,SC-04_20260612_0022.jpg,2026-06-12 07:51:40,SC-04,smartphone,saudavel,saudavel,0.9699,agrosmart-v1,simulado,sim-2026-06
284f29f8-fba9-5aef-a358-fad78c49658b,TI-02_20260612_0014.jpg,2026-06-12 07:51:46,TI-02,drone,saudavel,saudavel,0.9901,agrosmart-v1,simulado,sim-2026-06
b186100c-3184-5d1f-9e3f-fb5e86ec001f,SC-01_20260612_0011.jpg,2026-06-12 07:51:47,SC-01,smartphone,saudavel,saudavel,0.9624,agrosmart-v1,simulado,sim-2026-06
d35f897f-da12-53c7-ac61-362a18269013,SC-01_20260612_0012.jpg,2026-06-12 07:52:15,SC-01,smartphone,saudavel,saudavel,0.9918,agrosmart-v1,simulado,sim-2026-06
8bd1e106-4fce-51be-9625-cb10eab5186a,TI-02_20260612_0015.jpg,2026-06-12 07:52:23,TI-02,drone,saudavel,saudavel,0.8791,agrosmart-v1,simulado,sim-2026-06
e4c476ad-906d-5424-8e85-1c58b627b908,TI-04_20260612_0024.jpg,2026-06-12 07:52:25,TI-04,drone,saudavel,saudavel,0.9494,agrosmart-v1,simulado,sim-2026-06
b627cad4-b9cd-5965-8069-aa35937db66a,SC-04_20260612_0023.jpg,2026-06-12 07:52:39,SC-04,smartphone,saudavel,saudavel,0.8973,agrosmart-v1,simulado,sim-2026-06
c332cd5b-37f2-5c37-aa00-78ebd4852dcf,TI-04_20260612_0025.jpg,2026-06-12 07:52:48,TI-04,drone,saudavel,saudavel,0.9808,agrosmart-v1,simulado,sim-2026-06
00414052-717d-5672-9cc8-329788c472fc,SC-01_20260612_0013.jpg,2026-06-12 07:52:55,SC-01,smartphone,saudavel,saudavel,0.9333,agrosmart-v1,simulado,sim-2026-06
0edff023-7d78-5922-af59-227f638843d3,TI-02_20260612_0016.jpg,2026-06-12 07:52:57,TI-02,drone,saudavel,saudavel,0.9947,agrosmart-v1,simulado,sim-2026-06
9e1cebe1-ec39-5bdf-aa23-6621a073a1df,TI-04_20260612_0026.jpg,2026-06-12 07:53:24,TI-04,drone,saudavel,saudavel,0.8257,agrosmart-v1,simulado,sim-2026-06
4dc34062-327e-56e2-945b-80b67f13ceed,TI-02_20260612_0017.jpg,2026-06-12 07:53:25,TI-02,drone,saudavel,saudavel,0.8612,agrosmart-v1,simulado,sim-2026-06
2cf7dfb7-1855-5ecc-bb31-977cfa76873e,SC-01_20260612_0014.jpg,2026-06-12 07:53:27,SC-01,smartphone,saudavel,saudavel,0.6049,agrosmart-v1,simulado,sim-2026-06
2996882d-120f-5f07-bf8c-62dbe3b29e25,SC-04_20260612_0024.jpg,2026-06-12 07:53:27,SC-04,smartphone,saudavel,saudavel,0.9995,agrosmart-v1,simulado,sim-2026-06
d15a1736-5820-5879-86c7-100aa7d1b633,SC-04_20260612_0025.jpg,2026-06-12 07:53:46,SC-04,smartphone,saudavel,saudavel,0.9309,agrosmart-v1,simulado,sim-2026-06
92196736-40f3-586c-8e6a-48dd492860a5,TI-02_20260612_0018.jpg,2026-06-12 07:54:11,TI-02,drone,saudavel,saudavel,0.9755,agrosmart-v1,simulado,sim-2026-06
5f57e1c8-a05b-5326-b066-3725baf7f9fd,SC-01_20260612_0015.jpg,2026-06-12 07:54:15,SC-01,smartphone,saudavel,saudavel,0.9350,agrosmart-v1,simulado,sim-2026-06
dc6524a7-2316-561a-a305-46dfe7ac2082,TI-04_20260612_0027.jpg,2026-06-12 07:54:19,TI-04,drone,saudavel,saudavel,0.9441,agrosmart-v1,simulado,sim-2026-06
559dd1f7-91be-5ac1-9617-824faaf1d636,TI-04_20260612_0028.jpg,2026-06-12 07:54:40,TI-04,drone,saudavel,saudavel,0.9973,agrosmart-v1,simulado,sim-2026-06
d9fd5474-76b7-5f92-a2cb-bb2b0d3fafb9,SC-04_20260612_0026.jpg,2026-06-12 07:54:41,SC-04,smartphone,saudavel,saudavel,0.9804,agrosmart-v1,simulado,sim-2026-06
3acce593-b8fa-518c-b699-fcb934371c23,TI-02_20260612_0019.jpg,2026-06-12 07:54:47,TI-02,drone,saudavel,saudavel,0.9681,agrosmart-v1,simulado,sim-2026-06
b20668f9-d780-589a-a3ca-5e25cffb74fd,SC-01_20260612_0016.jpg,2026-06-12 07:55:06,SC-01,smartphone,saudavel,saudavel,0.9646,agrosmart-v1,simulado,sim-2026-06
828ef68e-a0fa-57d3-98ef-177cb39e1b3b,TI-04_20260612_0029.jpg,2026-06-12 07:55:22,TI-04,drone,saudavel,saudavel,0.9517,agrosmart-v1,simulado,sim-2026-06
448efbeb-eea0-5849-955a-da44f3c08d60,SC-01_20260612_0017.jpg,2026-06-12 07:55:29,SC-01,smartphone,doente,pinta_preta,0.9982,agrosmart-v1,simulado,sim-2026-06
9b0fbc51-f4c6-5c6a-a5b3-d6e407e9072e,TI-02_20260612_0020.jpg,2026-06-12 07:55:49,TI-02,drone,saudavel,saudavel,0.9985,agrosmart-v1,simulado,sim-2026-06
1d3e18e0-351b-5bf5-91bf-a112fc42e2c5,SC-01_20260612_0018.jpg,2026-06-12 07:56:06,SC-01,smartphone,saudavel,saudavel,0.9041,agrosmart-v1,simulado,sim-2026-06
4180781c-4789-561b-93fd-aea296e67b04,TI-04_20260612_0030.jpg,2026-06-12 07:56:23,TI-04,drone,saudavel,saudavel,0.9591,agrosmart-v1,simulado,sim-2026-06
5fb7f231-819a-5902-aa68-711973738830,TI-02_20260612_0021.jpg,2026-06-12 07:56:24,TI-02,drone,saudavel,saudavel,0.9998,agrosmart-v1,simulado,sim-2026-06
dddf5ab1-59a7-513c-916b-6df8e8487dd0,TI-02_20260612_0022.jpg,2026-06-12 07:56:42,TI-02,drone,saudavel,saudavel,0.9961,agrosmart-v1,simulado,sim-2026-06
9eda7dc3-f147-5dcf-a357-efdc60a0f849,SC-01_20260612_0019.jpg,2026-06-12 07:56:50,SC-01,smartphone,saudavel,saudavel,0.5958,agrosmart-v1,simulado,sim-2026-06
7fea8187-74de-5fe3-a57c-5c74cab7b255,TI-04_20260612_0031.jpg,2026-06-12 07:57:05,TI-04,drone,saudavel,saudavel,0.9877,agrosmart-v1,simulado,sim-2026-06
6296da76-bb61-5f06-9e8b-9daa756a8b81,TI-04_20260612_0032.jpg,2026-06-12 07:57:36,TI-04,drone,saudavel,saudavel,0.8934,agrosmart-v1,simulado,sim-2026-06
303d3c42-e770-53b5-97f6-093787f86328,SC-01_20260612_0020.jpg,2026-06-12 07:57:38,SC-01,smartphone,saudavel,saudavel,0.9899,agrosmart-v1,simulado,sim-2026-06
aa1d5697-73d7-578a-ad87-a0b4d77385fd,TI-02_20260612_0023.jpg,2026-06-12 07:57:48,TI-02,drone,saudavel,saudavel,0.9911,agrosmart-v1,simulado,sim-2026-06
0560e132-0eb4-542c-a1a8-daf379196471,TI-02_20260612_0024.jpg,2026-06-12 07:58:02,TI-02,drone,saudavel,saudavel,0.9371,agrosmart-v1,simulado,sim-2026-06
7f8b4b8a-4181-555a-bb01-2ab6e5622e3a,TI-04_20260612_0033.jpg,2026-06-12 07:58:05,TI-04,drone,saudavel,saudavel,0.9636,agrosmart-v1,simulado,sim-2026-06
bb8f267c-8c85-5a5c-a6d3-d34a01e8fcc4,SC-01_20260612_0021.jpg,2026-06-12 07:58:13,SC-01,smartphone,saudavel,saudavel,0.8623,agrosmart-v1,simulado,sim-2026-06
fb2ae2d5-701b-50d0-919d-a3501d1f4023,TI-04_20260612_0034.jpg,2026-06-12 07:58:56,TI-04,drone,saudavel,saudavel,0.8528,agrosmart-v1,simulado,sim-2026-06
74f800bf-39fe-5b74-878f-aa9ed4ae777c,TI-02_20260612_0025.jpg,2026-06-12 07:59:01,TI-02,drone,doente,vaquinha,0.9132,agrosmart-v1,simulado,sim-2026-06
b8657857-a98f-5f8e-9623-4bee381aed48,SC-01_20260612_0022.jpg,2026-06-12 07:59:04,SC-01,smartphone,saudavel,saudavel,0.9698,agrosmart-v1,simulado,sim-2026-06
144aeaec-11c7-55ce-963b-baf3ef8fa0f8,TI-02_20260612_0026.jpg,2026-06-12 07:59:21,TI-02,drone,saudavel,saudavel,0.9660,agrosmart-v1,simulado,sim-2026-06
964184d3-ede7-555d-8f39-6a7c295ca73f,SC-01_20260612_0023.jpg,2026-06-12 07:59:32,SC-01,smartphone,saudavel,saudavel,1.0000,agrosmart-v1,simulado,sim-2026-06
c9caa3f4-d6d7-57db-8497-55693a77f171,TI-04_20260612_0035.jpg,2026-06-12 07:59:49,TI-04,drone,saudavel,saudavel,0.8436,agrosmart-v1,simulado,sim-2026-06
a6677e3f-137a-592b-b613-1991a7e1ce89,SC-01_20260612_0024.jpg,2026-06-12 08:00:06,SC-01,smartphone,saudavel,saudavel,0.9176,agrosmart-v1,simulado,sim-2026-06
6ced13c4-dd0c-57d1-98d6-c1117900701c,TI-02_20260612_0027.jpg,2026-06-12 08:00:28,TI-02,drone,saudavel,saudavel,0.9785,agrosmart-v1,simulado,sim-2026-06
8bf35857-9125-515b-b98b-97ab0c3075b4,TI-02_20260612_0028.jpg,2026-06-12 08:00:45,TI-02,drone,saudavel,saudavel,0.8637,agrosmart-v1,simulado,sim-2026-06
ade90876-1f7a-53ed-b26b-f6bd0fd8625b,SC-01_20260612_0025.jpg,2026-06-12 08:00:52,SC-01,smartphone,saudavel,saudavel,0.6513,agrosmart-v1,simulado,sim-2026-06
8f1ae361-5394-51ed-a929-be4434d304dd,TI-02_20260612_0029.jpg,2026-06-12 08:01:33,TI-02,drone,saudavel,saudavel,0.9831,agrosmart-v1,simulado,sim-2026-06
e8e59c35-ff6c-5a81-98ee-2029f0916962,SC-01_20260612_0026.jpg,2026-06-12 08:01:45,SC-01,smartphone,saudavel,saudavel,0.9994,agrosmart-v1,simulado,sim-2026-06
94d433f0-92fd-580f-a12b-5b28cc2df06e,SC-01_20260612_0027.jpg,2026-06-12 08:02:04,SC-01,smartphone,saudavel,saudavel,0.9208,agrosmart-v1,simulado,sim-2026-06
39cb6081-47a0-593f-8a41-a8c1f4ff3355,TI-02_20260612_0030.jpg,2026-06-12 08:02:07,TI-02,drone,saudavel,saudavel,0.9958,agrosmart-v1,simulado,sim-2026-06
9eb1ba1c-89f6-5273-a0b4-d0fb104e36ff,TI-02_20260612_0031.jpg,2026-06-12 08:02:44,TI-02,drone,saudavel,saudavel,0.8753,agrosmart-v1,simulado,sim-2026-06
a38bf152-70a4-5873-9315-f90a0e74100f,SC-01_20260612_0028.jpg,2026-06-12 08:03:06,SC-01,smartphone,saudavel,saudavel,0.8493,agrosmart-v1,simulado,sim-2026-06
e3ea863c-b7bb-5d1e-bc11-6654514d3239,TI-02_20260612_0032.jpg,2026-06-12 08:03:25,TI-02,drone,saudavel,saudavel,0.9632,agrosmart-v1,simulado,sim-2026-06
d128d52b-98b2-5994-8fb7-551aeb740c14,SC-01_20260612_0029.jpg,2026-06-12 08:03:48,SC-01,smartphone,saudavel,saudavel,0.8685,agrosmart-v1,simulado,sim-2026-06
97a59a72-ca34-5f82-b172-d6e376e50ff3,SC-01_20260612_0030.jpg,2026-06-12 08:04:09,SC-01,smartphone,saudavel,saudavel,0.9781,agrosmart-v1,simulado,sim-2026-06
b00c8a78-d4de-5866-bf40-8cc117fc98d3,TI-02_20260612_0033.jpg,2026-06-12 08:04:11,TI-02,drone,saudavel,saudavel,0.8303,agrosmart-v1,simulado,sim-2026-06
18313b6d-6c66-5473-bbda-fae95a4b52a1,SC-01_20260612_0031.jpg,2026-06-12 08:05:00,SC-01,smartphone,saudavel,saudavel,0.9704,agrosmart-v1,simulado,sim-2026-06
1c1fde5a-0fc8-5c15-9f3e-515fc70f5041,SC-01_20260612_0032.jpg,2026-06-12 08:05:25,SC-01,smartphone,saudavel,saudavel,0.9261,agrosmart-v1,simulado,sim-2026-06
74a729cb-1c7d-5d3b-97ef-f50b92599585,SC-01_20260612_0033.jpg,2026-06-12 08:06:14,SC-01,smartphone,saudavel,saudavel,0.8392,agrosmart-v1,simulado,sim-2026-06
22a06c5c-00f6-5f97-8599-c44e850b60f6,SC-01_20260612_0034.jpg,2026-06-12 08:07:06,SC-01,smartphone,saudavel,saudavel,0.8560,agrosmart-v1,simulado,sim-2026-06
d7ba22c9-a4ee-53c4-af6c-44d13d59a14d,SC-01_20260612_0035.jpg,2026-06-12 08:07:49,SC-01,smartphone,saudavel,saudavel,0.8921,agrosmart-v1,simulado,sim-2026-06
e7efe5f5-3492-59ce-9878-7314d1277f79,SC-01_20260612_0036.jpg,2026-06-12 08:08:07,SC-01,smartphone,saudavel,saudavel,0.8670,agrosmart-v1,simulado,sim-2026-06
7bbd5076-e76a-5e22-82cc-a80126fbed9d,TI-03_20260612_0001.jpg,2026-06-12 08:40:08,TI-03,drone,saudavel,saudavel,0.9033,agrosmart-v1,simulado,sim-2026-06
8cee0d02-8012-5551-80ff-3785d7c06175,TI-03_20260612_0002.jpg,2026-06-12 08:40:21,TI-03,drone,saudavel,saudavel,0.9267,agrosmart-v1,simulado,sim-2026-06
523101af-dc27-5a18-b6a5-90d297521127,TI-03_20260612_0003.jpg,2026-06-12 08:41:18,TI-03,drone,saudavel,saudavel,0.9502,agrosmart-v1,simulado,sim-2026-06
16f19e65-70f8-5909-9258-b35e2101f62a,TI-03_20260612_0004.jpg,2026-06-12 08:41:40,TI-03,drone,saudavel,saudavel,0.9830,agrosmart-v1,simulado,sim-2026-06
e6cb4240-d0af-54bd-b18e-a82a5d1eaf13,TI-03_20260612_0005.jpg,2026-06-12 08:42:36,TI-03,drone,saudavel,saudavel,0.9975,agrosmart-v1,simulado,sim-2026-06
294cc2b4-c77e-57e2-b90a-1c12813e15a5,TI-03_20260612_0006.jpg,2026-06-12 08:43:07,TI-03,drone,saudavel,saudavel,0.9731,agrosmart-v1,simulado,sim-2026-06
e4989ba6-d541-5cc2-b5c2-c954bf95e82a,TI-03_20260612_0007.jpg,2026-06-12 08:43:50,TI-03,drone,saudavel,saudavel,0.9913,agrosmart-v1,simulado,sim-2026-06
f70e10a9-2f35-5835-9ad8-a05cf5e4475d,TI-03_20260612_0008.jpg,2026-06-12 08:44:33,TI-03,drone,saudavel,saudavel,0.9666,agrosmart-v1,simulado,sim-2026-06
2f2df51b-9886-55a3-98cc-8cc3ec667725,TI-03_20260612_0009.jpg,2026-06-12 08:45:05,TI-03,drone,saudavel,saudavel,0.6407,agrosmart-v1,simulado,sim-2026-06
31b7ff18-82b2-50d6-8948-db9e8ed9bb96,TI-03_20260612_0010.jpg,2026-06-12 08:45:44,TI-03,drone,saudavel,saudavel,0.9783,agrosmart-v1,simulado,sim-2026-06
a9bf1313-cb1e-5311-bb33-eeaf7d088e93,TI-03_20260612_0011.jpg,2026-06-12 08:46:43,TI-03,drone,saudavel,saudavel,0.8668,agrosmart-v1,simulado,sim-2026-06
2a354aa8-2c2a-5c08-be0c-f10699955419,TI-03_20260612_0012.jpg,2026-06-12 08:47:04,TI-03,drone,saudavel,saudavel,0.9859,agrosmart-v1,simulado,sim-2026-06
61c8ee9c-9350-5117-8082-bda4c4c21a3c,TI-03_20260612_0013.jpg,2026-06-12 08:47:52,TI-03,drone,saudavel,saudavel,0.8216,agrosmart-v1,simulado,sim-2026-06
e5fe13f4-4055-5b53-b47c-5a6cbb4b5891,TI-03_20260612_0014.jpg,2026-06-12 08:48:47,TI-03,drone,saudavel,saudavel,0.9630,agrosmart-v1,simulado,sim-2026-06
23670927-608c-51df-9ca7-581f77691599,TI-03_20260612_0015.jpg,2026-06-12 08:49:13,TI-03,drone,saudavel,saudavel,0.6517,agrosmart-v1,simulado,sim-2026-06
074f96f3-ad33-5b5d-ae03-e088a169a33c,TI-03_20260612_0016.jpg,2026-06-12 08:49:59,TI-03,drone,saudavel,saudavel,0.9999,agrosmart-v1,simulado,sim-2026-06
e2c08485-ed5d-50d8-9472-4ff780e0c480,BV-04_20260612_0001.jpg,2026-06-12 08:50:44,BV-04,smartphone,saudavel,saudavel,0.7304,agrosmart-v1,simulado,sim-2026-06
e4343b8d-2ee0-5536-a45c-05d6d201fa26,TI-03_20260612_0017.jpg,2026-06-12 08:50:48,TI-03,drone,saudavel,saudavel,1.0000,agrosmart-v1,simulado,sim-2026-06
b7be3a42-1a79-51c0-bef2-4158e85fefa4,TI-03_20260612_0018.jpg,2026-06-12 08:51:10,TI-03,drone,saudavel,saudavel,1.0000,agrosmart-v1,simulado,sim-2026-06
8e23c988-01ff-55e6-bffc-db49026613e6,TI-03_20260612_0019.jpg,2026-06-12 08:51:43,TI-03,drone,saudavel,saudavel,0.9066,agrosmart-v1,simulado,sim-2026-06
f97625b2-7284-5e0f-9bb8-ad239807e5e3,BV-04_20260612_0002.jpg,2026-06-12 08:51:50,BV-04,smartphone,saudavel,saudavel,0.9997,agrosmart-v1,simulado,sim-2026-06
c683c116-4e61-5938-8302-adf6eda9ed63,BV-04_20260612_0003.jpg,2026-06-12 08:52:10,BV-04,smartphone,saudavel,saudavel,0.9217,agrosmart-v1,simulado,sim-2026-06
efa91eed-425a-5c93-9160-5619c2b19b99,TI-03_20260612_0020.jpg,2026-06-12 08:52:46,TI-03,drone,saudavel,saudavel,0.9987,agrosmart-v1,simulado,sim-2026-06
63609d52-7d1e-561c-9da5-3354372d3689,BV-04_20260612_0004.jpg,2026-06-12 08:52:51,BV-04,smartphone,saudavel,saudavel,0.9682,agrosmart-v1,simulado,sim-2026-06
469aada3-2d98-50d6-9637-5dca68a3a110,TI-03_20260612_0021.jpg,2026-06-12 08:53:10,TI-03,drone,saudavel,saudavel,0.5505,agrosmart-v1,simulado,sim-2026-06
6fe7324b-f18e-5454-97a3-bb64a5525998,BV-04_20260612_0005.jpg,2026-06-12 08:53:48,BV-04,smartphone,saudavel,saudavel,0.9935,agrosmart-v1,simulado,sim-2026-06
c30ce87b-8df4-563b-a144-00d244d1634f,TI-03_20260612_0022.jpg,2026-06-12 08:53:56,TI-03,drone,saudavel,saudavel,0.9966,agrosmart-v1,simulado,sim-2026-06
392f36b9-7b26-5bad-a258-bb35e8d68093,BV-04_20260612_0006.jpg,2026-06-12 08:54:30,BV-04,smartphone,saudavel,saudavel,0.8500,agrosmart-v1,simulado,sim-2026-06
d78a25ab-00b0-5441-ba69-26d86d798008,TI-03_20260612_0023.jpg,2026-06-12 08:54:36,TI-03,drone,saudavel,saudavel,0.9101,agrosmart-v1,simulado,sim-2026-06
0e902fd4-316d-53f7-b34d-a6cc901ee768,BV-04_20260612_0007.jpg,2026-06-12 08:55:03,BV-04,smartphone,saudavel,saudavel,0.9997,agrosmart-v1,simulado,sim-2026-06
34dabeec-0466-5e0d-b0aa-d1c4f3d0e7c1,TI-03_20260612_0024.jpg,2026-06-12 08:55:05,TI-03,drone,saudavel,saudavel,0.9270,agrosmart-v1,simulado,sim-2026-06
55673f94-617f-5890-9aee-65307f6b77e9,BV-04_20260612_0008.jpg,2026-06-12 08:55:49,BV-04,smartphone,saudavel,saudavel,0.8976,agrosmart-v1,simulado,sim-2026-06
74e86140-0a25-5da9-851b-c684ff3b65ff,TI-03_20260612_0025.jpg,2026-06-12 08:56:02,TI-03,drone,saudavel,saudavel,0.9332,agrosmart-v1,simulado,sim-2026-06
0a50dc70-eaa2-5941-9145-b4f3babcce94,BV-04_20260612_0009.jpg,2026-06-12 08:56:27,BV-04,smartphone,saudavel,saudavel,0.9916,agrosmart-v1,simulado,sim-2026-06
79c25773-fcfa-5e6b-b4d4-e044c4353ac0,TI-03_20260612_0026.jpg,2026-06-12 08:56:33,TI-03,drone,saudavel,saudavel,0.7708,agrosmart-v1,simulado,sim-2026-06
b4ca294f-2fa1-55f6-9538-f96aefa23926,BV-04_20260612_0010.jpg,2026-06-12 08:57:06,BV-04,smartphone,saudavel,saudavel,0.9548,agrosmart-v1,simulado,sim-2026-06
d7ebb404-1ed0-559f-a7a9-2cc7363be3dd,TI-03_20260612_0027.jpg,2026-06-12 08:57:26,TI-03,drone,saudavel,saudavel,0.9253,agrosmart-v1,simulado,sim-2026-06
45764cff-d751-565e-a979-172b925b83b5,BV-04_20260612_0011.jpg,2026-06-12 08:57:39,BV-04,smartphone,saudavel,saudavel,0.9858,agrosmart-v1,simulado,sim-2026-06
78b95acb-b5cb-5e12-9388-adafe4b8188d,TI-03_20260612_0028.jpg,2026-06-12 08:58:10,TI-03,drone,saudavel,saudavel,0.9791,agrosmart-v1,simulado,sim-2026-06
e95a69f8-9a96-52eb-a1bb-6995427f254f,BV-04_20260612_0012.jpg,2026-06-12 08:58:12,BV-04,smartphone,saudavel,saudavel,0.9732,agrosmart-v1,simulado,sim-2026-06
3f1eab50-aec0-5ec4-82b5-4194c43aef04,TI-03_20260612_0029.jpg,2026-06-12 08:58:22,TI-03,drone,saudavel,saudavel,0.8392,agrosmart-v1,simulado,sim-2026-06
85c34f47-07d1-51f4-b95b-60226d45b7b4,BV-04_20260612_0013.jpg,2026-06-12 08:58:56,BV-04,smartphone,saudavel,saudavel,0.8317,agrosmart-v1,simulado,sim-2026-06
b55ed571-4d6a-5d6e-aebc-22e9f5f35073,TI-03_20260612_0030.jpg,2026-06-12 08:59:29,TI-03,drone,saudavel,saudavel,0.8468,agrosmart-v1,simulado,sim-2026-06
4ccaa2d1-c791-5e00-9fe6-99403803d03d,BV-04_20260612_0014.jpg,2026-06-12 08:59:37,BV-04,smartphone,saudavel,saudavel,0.9986,agrosmart-v1,simulado,sim-2026-06
2644c2be-54f0-5941-bc05-5d8b25100499,TI-03_20260612_0031.jpg,2026-06-12 09:00:09,TI-03,drone,saudavel,saudavel,0.9995,agrosmart-v1,simulado,sim-2026-06
977e5575-240b-57e2-a161-c3b5ce191560,BV-04_20260612_0015.jpg,2026-06-12 09:00:11,BV-04,smartphone,saudavel,saudavel,0.8440,agrosmart-v1,simulado,sim-2026-06
6955e7b3-1e08-5306-9bb2-6a90247bb949,TI-03_20260612_0032.jpg,2026-06-12 09:00:41,TI-03,drone,saudavel,saudavel,0.9864,agrosmart-v1,simulado,sim-2026-06
14638e55-cc2f-5b29-8de9-db71aadd0076,BV-04_20260612_0016.jpg,2026-06-12 09:00:51,BV-04,smartphone,saudavel,saudavel,0.9214,agrosmart-v1,simulado,sim-2026-06
46e32973-a035-5163-9d5e-0e9f730a419f,TI-03_20260612_0033.jpg,2026-06-12 09:01:25,TI-03,drone,saudavel,saudavel,0.9750,agrosmart-v1,simulado,sim-2026-06
7e6c8249-2e28-5464-a01e-264e2581682b,BV-04_20260612_0017.jpg,2026-06-12 09:01:32,BV-04,smartphone,saudavel,saudavel,0.9482,agrosmart-v1,simulado,sim-2026-06
5a0e4b39-86f2-57fa-ada8-8807dcf58dae,TI-03_20260612_0034.jpg,2026-06-12 09:01:43,TI-03,drone,saudavel,saudavel,0.8705,agrosmart-v1,simulado,sim-2026-06
4ddfe2cd-59a6-567b-8b92-335f469b3733,BV-04_20260612_0018.jpg,2026-06-12 09:02:15,BV-04,smartphone,saudavel,saudavel,0.9998,agrosmart-v1,simulado,sim-2026-06
e9306fd1-67a0-57c5-a88d-a8db1bffbcf7,BV-04_20260612_0019.jpg,2026-06-12 09:02:44,BV-04,smartphone,saudavel,saudavel,0.9956,agrosmart-v1,simulado,sim-2026-06
6a57ddcf-07ff-5158-827b-770641a9a01b,TI-03_20260612_0035.jpg,2026-06-12 09:02:47,TI-03,drone,saudavel,saudavel,0.9704,agrosmart-v1,simulado,sim-2026-06
c30efab4-176e-52b0-b7af-421ec8e80e2a,TI-03_20260612_0036.jpg,2026-06-12 09:03:21,TI-03,drone,saudavel,saudavel,0.9877,agrosmart-v1,simulado,sim-2026-06
d99bf704-a5d2-52e8-b91e-f90bb05750f7,TI-03_20260612_0037.jpg,2026-06-12 09:03:50,TI-03,drone,doente,mosca_minadora,0.9546,agrosmart-v1,simulado,sim-2026-06
bf4da2e0-e0fb-5eac-82d1-6ad8fdabe753,TI-03_20260612_0038.jpg,2026-06-12 09:04:49,TI-03,drone,saudavel,saudavel,0.8600,agrosmart-v1,simulado,sim-2026-06
1d50b5f0-159b-5723-98da-18e79fb88e03,TI-03_20260612_0039.jpg,2026-06-12 09:05:26,TI-03,drone,saudavel,saudavel,0.9739,agrosmart-v1,simulado,sim-2026-06
1f11fb83-2175-52ab-95a4-fb35033a7896,TI-03_20260612_0040.jpg,2026-06-12 09:05:45,TI-03,drone,saudavel,saudavel,0.9250,agrosmart-v1,simulado,sim-2026-06
f612366b-5c99-50a9-9195-24c014111dc0,BV-02_20260612_0001.jpg,2026-06-12 09:05:59,BV-02,smartphone,saudavel,saudavel,0.8247,agrosmart-v1,simulado,sim-2026-06
b1546883-a584-5b68-958a-4104650e5b92,BV-02_20260612_0002.jpg,2026-06-12 09:06:27,BV-02,smartphone,saudavel,saudavel,0.9979,agrosmart-v1,simulado,sim-2026-06
22de531d-2059-5181-b9d9-3208dd5bf340,TI-03_20260612_0041.jpg,2026-06-12 09:06:34,TI-03,drone,saudavel,saudavel,0.9734,agrosmart-v1,simulado,sim-2026-06
04bfd082-3c8c-5032-9065-814081398771,BV-02_20260612_0003.jpg,2026-06-12 09:07:00,BV-02,smartphone,doente,requeima,0.8677,agrosmart-v1,simulado,sim-2026-06
30a2c351-1b8e-52cb-b2a6-63fe4bb07f7d,TI-03_20260612_0042.jpg,2026-06-12 09:07:15,TI-03,drone,saudavel,saudavel,0.9641,agrosmart-v1,simulado,sim-2026-06
12b425d1-3808-57f5-a047-34913a156d4b,TI-03_20260612_0043.jpg,2026-06-12 09:07:50,TI-03,drone,saudavel,saudavel,0.9890,agrosmart-v1,simulado,sim-2026-06
d45405c7-b011-5589-8df9-9ac7d70d9f45,TI-01_20260612_0001.jpg,2026-06-12 09:07:52,TI-01,drone,saudavel,saudavel,0.9827,agrosmart-v1,simulado,sim-2026-06
0265b22a-a347-55ac-a230-9e4fee696785,BV-02_20260612_0004.jpg,2026-06-12 09:08:09,BV-02,smartphone,saudavel,saudavel,0.6402,agrosmart-v1,simulado,sim-2026-06
d69a9470-7bc9-5857-b330-8201a80a99c1,TI-01_20260612_0002.jpg,2026-06-12 09:08:27,TI-01,drone,saudavel,saudavel,0.9841,agrosmart-v1,simulado,sim-2026-06
bd66ff1c-e4ff-5610-9102-ea0a77d2f3af,BV-02_20260612_0005.jpg,2026-06-12 09:08:50,BV-02,smartphone,saudavel,saudavel,0.9995,agrosmart-v1,simulado,sim-2026-06
733d8904-faf6-545e-94c2-3a5ff042153d,BV-02_20260612_0006.jpg,2026-06-12 09:09:06,BV-02,smartphone,saudavel,saudavel,0.9009,agrosmart-v1,simulado,sim-2026-06
ec7a7f5f-0c88-5512-bef0-0f17a3db4179,TI-01_20260612_0003.jpg,2026-06-12 09:09:18,TI-01,drone,saudavel,saudavel,0.9600,agrosmart-v1,simulado,sim-2026-06
404ec7e5-350d-549c-a065-d0a54b27903a,TI-01_20260612_0004.jpg,2026-06-12 09:09:45,TI-01,drone,saudavel,saudavel,0.9756,agrosmart-v1,simulado,sim-2026-06
ff67e213-0fac-59bf-9f4b-49a7600bce60,BV-02_20260612_0007.jpg,2026-06-12 09:09:48,BV-02,smartphone,saudavel,saudavel,0.9999,agrosmart-v1,simulado,sim-2026-06
9ace8817-c9c8-55ef-b113-13917dae9d4c,TI-01_20260612_0005.jpg,2026-06-12 09:10:26,TI-01,drone,saudavel,saudavel,0.9616,agrosmart-v1,simulado,sim-2026-06
e2fae395-1a1f-555f-b249-ce769e329875,BV-02_20260612_0008.jpg,2026-06-12 09:10:48,BV-02,smartphone,saudavel,saudavel,0.9964,agrosmart-v1,simulado,sim-2026-06
52f95743-8f94-56e7-b564-58365c5b8f88,TI-01_20260612_0006.jpg,2026-06-12 09:11:18,TI-01,drone,saudavel,saudavel,0.8337,agrosmart-v1,simulado,sim-2026-06
6f0625c4-44a4-5ff0-a1b0-542fea634875,BV-02_20260612_0009.jpg,2026-06-12 09:11:29,BV-02,smartphone,saudavel,saudavel,0.8846,agrosmart-v1,simulado,sim-2026-06
fd645174-a24c-568a-955b-a94e822bab1a,TI-01_20260612_0007.jpg,2026-06-12 09:12:08,TI-01,drone,saudavel,saudavel,0.8871,agrosmart-v1,simulado,sim-2026-06
9bb6b047-797b-5231-8f88-60d939bb107c,BV-02_20260612_0010.jpg,2026-06-12 09:12:09,BV-02,smartphone,saudavel,saudavel,0.8367,agrosmart-v1,simulado,sim-2026-06
e5ae8e57-8295-50c9-a368-7514f45f4540,TI-01_20260612_0008.jpg,2026-06-12 09:12:37,TI-01,drone,saudavel,saudavel,0.8676,agrosmart-v1,simulado,sim-2026-06
8f6b5ca4-efad-5e21-8ac0-60db8d023760,BV-02_20260612_0011.jpg,2026-06-12 09:12:48,BV-02,smartphone,saudavel,saudavel,0.9591,agrosmart-v1,simulado,sim-2026-06
5b12d0d8-dee2-5269-ba97-dcfa92655244,BV-02_20260612_0012.jpg,2026-06-12 09:13:02,BV-02,smartphone,doente,pinta_preta,0.9627,agrosmart-v1,simulado,sim-2026-06
c68b51e5-eb83-5c20-9811-26b547f4bdf0,TI-01_20260612_0009.jpg,2026-06-12 09:13:13,TI-01,drone,saudavel,saudavel,0.9547,agrosmart-v1,simulado,sim-2026-06
3ed1ca74-4373-5cd9-bbb8-4db3c0286d7d,TI-01_20260612_0010.jpg,2026-06-12 09:13:57,TI-01,drone,saudavel,saudavel,0.9960,agrosmart-v1,simulado,sim-2026-06
e84b7278-c24c-5652-ae94-8c1eaa383f5b,BV-02_20260612_0013.jpg,2026-06-12 09:14:02,BV-02,smartphone,saudavel,saudavel,0.9869,agrosmart-v1,simulado,sim-2026-06
560d2f28-19e6-59c0-bcdd-074d79a754ba,TI-01_20260612_0011.jpg,2026-06-12 09:14:21,TI-01,drone,saudavel,saudavel,0.9852,agrosmart-v1,simulado,sim-2026-06
2e47ad05-c1f9-5835-a74f-13e0f3e3d347,BV-02_20260612_0014.jpg,2026-06-12 09:14:35,BV-02,smartphone,saudavel,saudavel,0.9139,agrosmart-v1,simulado,sim-2026-06
392884c7-172c-516c-b888-196b39817874,TI-01_20260612_0012.jpg,2026-06-12 09:15:08,TI-01,drone,saudavel,saudavel,0.8576,agrosmart-v1,simulado,sim-2026-06
a42e544b-e402-5309-ad5f-c7b6d6716c62,BV-02_20260612_0015.jpg,2026-06-12 09:15:12,BV-02,smartphone,saudavel,saudavel,0.9998,agrosmart-v1,simulado,sim-2026-06
61005564-4b63-5b40-93a1-ab7d68375d9a,TI-01_20260612_0013.jpg,2026-06-12 09:16:02,TI-01,drone,saudavel,saudavel,0.8528,agrosmart-v1,simulado,sim-2026-06
a83f32af-2090-566c-8613-73b813dc840b,BV-02_20260612_0016.jpg,2026-06-12 09:16:06,BV-02,smartphone,saudavel,saudavel,0.9945,agrosmart-v1,simulado,sim-2026-06
dc2a048a-ec31-5a9e-baaa-c0d3e6e910f4,TI-01_20260612_0014.jpg,2026-06-12 09:16:47,TI-01,drone,saudavel,saudavel,0.9474,agrosmart-v1,simulado,sim-2026-06
31e8bf28-1d79-56cc-bdb4-d2b99fc3dbff,BV-02_20260612_0017.jpg,2026-06-12 09:16:48,BV-02,smartphone,doente,pinta_preta,0.5370,agrosmart-v1,simulado,sim-2026-06
132b5416-7e79-5c7f-a57b-5265398dbc72,TI-01_20260612_0015.jpg,2026-06-12 09:17:01,TI-01,drone,saudavel,saudavel,0.8743,agrosmart-v1,simulado,sim-2026-06
7ce9176c-9dcf-515f-9016-a706ea6d872d,BV-02_20260612_0018.jpg,2026-06-12 09:17:08,BV-02,smartphone,saudavel,saudavel,0.9070,agrosmart-v1,simulado,sim-2026-06
e0e0efab-01a2-515f-bcb4-0e1fb78b1079,BV-02_20260612_0019.jpg,2026-06-12 09:17:48,BV-02,smartphone,saudavel,saudavel,0.5934,agrosmart-v1,simulado,sim-2026-06
e0d8b98b-30eb-59c9-92fc-0ced82c36218,TI-01_20260612_0016.jpg,2026-06-12 09:17:56,TI-01,drone,saudavel,saudavel,0.9897,agrosmart-v1,simulado,sim-2026-06
b1ec9f46-a5c1-5846-aacf-548a78caca6a,TI-01_20260612_0017.jpg,2026-06-12 09:18:21,TI-01,drone,saudavel,saudavel,0.9459,agrosmart-v1,simulado,sim-2026-06
062a6576-b56c-54a5-8f2e-ff02ee84186c,BV-02_20260612_0020.jpg,2026-06-12 09:18:27,BV-02,smartphone,saudavel,saudavel,0.8818,agrosmart-v1,simulado,sim-2026-06
940c8bc8-9a4e-56dc-b481-57c3e56b6ae9,BV-02_20260612_0021.jpg,2026-06-12 09:19:01,BV-02,smartphone,saudavel,saudavel,0.8744,agrosmart-v1,simulado,sim-2026-06
3bd2094d-d42b-540f-8991-305ea73fef51,TI-01_20260612_0018.jpg,2026-06-12 09:19:17,TI-01,drone,saudavel,saudavel,0.9951,agrosmart-v1,simulado,sim-2026-06
895a9b30-f02f-5796-9b5c-03223d5ae029,BV-01_20260612_0001.jpg,2026-06-12 09:19:45,BV-01,smartphone,saudavel,saudavel,0.9936,agrosmart-v1,simulado,sim-2026-06
04552a36-2045-5e23-ab8c-b929b0c2eb9c,TI-01_20260612_0019.jpg,2026-06-12 09:20:07,TI-01,drone,saudavel,saudavel,0.9874,agrosmart-v1,simulado,sim-2026-06
4e3e8ad6-aee6-5f6a-8aff-8dcaacd7aed8,BV-02_20260612_0022.jpg,2026-06-12 09:20:10,BV-02,smartphone,saudavel,saudavel,0.8871,agrosmart-v1,simulado,sim-2026-06
d52f0187-4d98-57da-b64d-71f0676bd773,BV-02_20260612_0023.jpg,2026-06-12 09:20:43,BV-02,smartphone,saudavel,saudavel,0.9761,agrosmart-v1,simulado,sim-2026-06
06564ece-e80e-5899-bd12-63518f5b29e0,TI-01_20260612_0020.jpg,2026-06-12 09:20:45,TI-01,drone,saudavel,saudavel,0.9404,agrosmart-v1,simulado,sim-2026-06
6fe547fd-577b-5030-9cb3-1fa555b6386d,BV-01_20260612_0002.jpg,2026-06-12 09:20:49,BV-01,smartphone,saudavel,saudavel,0.9687,agrosmart-v1,simulado,sim-2026-06
43b5e394-a9c7-5a11-99b4-78927d11e4ff,BV-02_20260612_0024.jpg,2026-06-12 09:21:14,BV-02,smartphone,saudavel,saudavel,0.9466,agrosmart-v1,simulado,sim-2026-06
1ee29842-5396-526a-847f-9ea7918bc541,BV-01_20260612_0003.jpg,2026-06-12 09:21:27,BV-01,smartphone,saudavel,saudavel,0.9968,agrosmart-v1,simulado,sim-2026-06
c5a23fce-3ca0-5fd9-9366-7535f99a168b,TI-01_20260612_0021.jpg,2026-06-12 09:21:28,TI-01,drone,saudavel,saudavel,0.9991,agrosmart-v1,simulado,sim-2026-06
b8c1d79c-aa87-525b-a635-6ad60ca36186,BV-01_20260612_0004.jpg,2026-06-12 09:21:40,BV-01,smartphone,saudavel,saudavel,0.8591,agrosmart-v1,simulado,sim-2026-06
9694768f-23c3-5182-ac87-3601ffb7ad6c,TI-01_20260612_0022.jpg,2026-06-12 09:21:52,TI-01,drone,saudavel,saudavel,0.9088,agrosmart-v1,simulado,sim-2026-06
1e17fccf-25a2-5ac5-812f-038d21aa658a,BV-02_20260612_0025.jpg,2026-06-12 09:22:08,BV-02,smartphone,saudavel,saudavel,0.9453,agrosmart-v1,simulado,sim-2026-06
ca99aea6-bcd6-5add-857d-32d979b66490,BV-01_20260612_0005.jpg,2026-06-12 09:22:24,BV-01,smartphone,saudavel,saudavel,0.9258,agrosmart-v1,simulado,sim-2026-06
e8a71caa-65b4-501b-8ade-817c4720f5f3,TI-01_20260612_0023.jpg,2026-06-12 09:22:24,TI-01,drone,saudavel,saudavel,0.9155,agrosmart-v1,simulado,sim-2026-06
74e8e89f-78bc-550a-b7ec-773e2c4412c8,BV-02_20260612_0026.jpg,2026-06-12 09:22:43,BV-02,smartphone,saudavel,saudavel,0.9702,agrosmart-v1,simulado,sim-2026-06
9457d596-c825-5e75-b00b-a370108e8536,TI-01_20260612_0024.jpg,2026-06-12 09:23:05,TI-01,drone,saudavel,saudavel,0.9800,agrosmart-v1,simulado,sim-2026-06
b25fe6a2-37cf-5347-9397-631afe5382fc,BV-02_20260612_0027.jpg,2026-06-12 09:23:11,BV-02,smartphone,saudavel,saudavel,0.9783,agrosmart-v1,simulado,sim-2026-06
07484c98-98f2-5c64-9a56-4d41b25e8e48,BV-01_20260612_0006.jpg,2026-06-12 09:23:14,BV-01,smartphone,saudavel,saudavel,0.9130,agrosmart-v1,simulado,sim-2026-06
16af2085-0bb8-528c-ab3d-38d8412a26a5,TI-01_20260612_0025.jpg,2026-06-12 09:23:51,TI-01,drone,saudavel,saudavel,0.9223,agrosmart-v1,simulado,sim-2026-06
85a9cc21-0eff-598a-bae1-32f32b14d7be,BV-01_20260612_0007.jpg,2026-06-12 09:23:59,BV-01,smartphone,saudavel,saudavel,0.9533,agrosmart-v1,simulado,sim-2026-06
2fd81cfc-8961-519f-998f-62a1d4fa8d94,BV-01_20260612_0008.jpg,2026-06-12 09:24:34,BV-01,smartphone,saudavel,saudavel,0.9908,agrosmart-v1,simulado,sim-2026-06
9d31e7dd-1c03-5ec2-8317-a013c670e68f,TI-01_20260612_0026.jpg,2026-06-12 09:24:45,TI-01,drone,saudavel,saudavel,0.9794,agrosmart-v1,simulado,sim-2026-06
8fa030ad-253e-57ea-89f2-ca5c0ba9bb6b,BV-01_20260612_0009.jpg,2026-06-12 09:25:00,BV-01,smartphone,saudavel,saudavel,0.8709,agrosmart-v1,simulado,sim-2026-06
d1292707-15d0-5d81-8d9c-c42f6f629de7,TI-01_20260612_0027.jpg,2026-06-12 09:25:02,TI-01,drone,saudavel,saudavel,0.9969,agrosmart-v1,simulado,sim-2026-06
9e926799-3b16-57ac-93c9-f4129c7013e6,BV-01_20260612_0010.jpg,2026-06-12 09:25:56,BV-01,smartphone,saudavel,saudavel,0.8455,agrosmart-v1,simulado,sim-2026-06
ef12b852-b5da-5963-8ffd-a574e7462257,TI-01_20260612_0028.jpg,2026-06-12 09:26:02,TI-01,drone,saudavel,saudavel,0.9627,agrosmart-v1,simulado,sim-2026-06
987ef086-bc43-5039-b1a8-c0f30de99ebb,BV-01_20260612_0011.jpg,2026-06-12 09:26:21,BV-01,smartphone,saudavel,saudavel,0.9419,agrosmart-v1,simulado,sim-2026-06
8e7bcd93-6228-58c8-94df-946f96f200b1,TI-01_20260612_0029.jpg,2026-06-12 09:26:25,TI-01,drone,saudavel,saudavel,0.8578,agrosmart-v1,simulado,sim-2026-06
bfc3f41d-308e-5ac1-8154-1e35ec657a35,BV-01_20260612_0012.jpg,2026-06-12 09:27:03,BV-01,smartphone,saudavel,saudavel,0.8335,agrosmart-v1,simulado,sim-2026-06
2765fb91-b7a5-5858-9c7b-7831cf0a1455,TI-01_20260612_0030.jpg,2026-06-12 09:27:08,TI-01,drone,saudavel,saudavel,0.8477,agrosmart-v1,simulado,sim-2026-06
56c4f013-544b-5809-94e8-4d709340a6fd,TI-01_20260612_0031.jpg,2026-06-12 09:27:54,TI-01,drone,saudavel,saudavel,0.9908,agrosmart-v1,simulado,sim-2026-06
ac603538-9515-5d54-81e9-946114c9065b,BV-01_20260612_0013.jpg,2026-06-12 09:28:03,BV-01,smartphone,saudavel,saudavel,0.8259,agrosmart-v1,simulado,sim-2026-06
e8b91efe-38f8-559e-98f8-cfdcb86aad98,TI-01_20260612_0032.jpg,2026-06-12 09:28:42,TI-01,drone,saudavel,saudavel,0.8395,agrosmart-v1,simulado,sim-2026-06
d0da3f55-72d5-56b2-93b7-945f9d39d1e8,BV-01_20260612_0014.jpg,2026-06-12 09:28:44,BV-01,smartphone,saudavel,saudavel,0.9519,agrosmart-v1,simulado,sim-2026-06
07704d78-6567-5c17-aa19-57ff3c76e156,BV-01_20260612_0015.jpg,2026-06-12 09:29:19,BV-01,smartphone,saudavel,saudavel,0.9598,agrosmart-v1,simulado,sim-2026-06
8ed66915-4022-596c-8210-608c48328f37,TI-01_20260612_0033.jpg,2026-06-12 09:29:21,TI-01,drone,saudavel,saudavel,0.7153,agrosmart-v1,simulado,sim-2026-06
60fa3912-ce10-5b24-be0d-b95318dc8f14,TI-01_20260612_0034.jpg,2026-06-12 09:29:40,TI-01,drone,saudavel,saudavel,0.9993,agrosmart-v1,simulado,sim-2026-06
bc85a3d7-cdbf-58f6-86d8-085ce7fec349,BV-01_20260612_0016.jpg,2026-06-12 09:30:10,BV-01,smartphone,saudavel,saudavel,0.9158,agrosmart-v1,simulado,sim-2026-06
c31c7cf6-f70b-5505-b292-f7ad29b47b65,TI-01_20260612_0035.jpg,2026-06-12 09:30:20,TI-01,drone,saudavel,saudavel,0.9537,agrosmart-v1,simulado,sim-2026-06
41009eea-0f30-574b-b51b-a1777f6a2b50,BV-01_20260612_0017.jpg,2026-06-12 09:30:38,BV-01,smartphone,saudavel,saudavel,0.9995,agrosmart-v1,simulado,sim-2026-06
d1201a6a-9a42-5efd-9ca7-6e7046e6bcd6,TI-01_20260612_0036.jpg,2026-06-12 09:31:01,TI-01,drone,saudavel,saudavel,0.7834,agrosmart-v1,simulado,sim-2026-06
4da1cc45-9271-5451-917e-5c1f6acf5794,BV-01_20260612_0018.jpg,2026-06-12 09:31:24,BV-01,smartphone,saudavel,saudavel,0.6426,agrosmart-v1,simulado,sim-2026-06
bb26cc75-3c1d-5f0d-b570-01f15fef9e10,TI-01_20260612_0037.jpg,2026-06-12 09:31:42,TI-01,drone,saudavel,saudavel,0.9669,agrosmart-v1,simulado,sim-2026-06
4185f6e5-0dab-5c94-83dc-39e86c0168de,BV-01_20260612_0019.jpg,2026-06-12 09:31:58,BV-01,smartphone,saudavel,saudavel,0.9681,agrosmart-v1,simulado,sim-2026-06
d392e00d-fb00-5b80-8d1c-d99e23a7df4a,TI-01_20260612_0038.jpg,2026-06-12 09:32:21,TI-01,drone,saudavel,saudavel,0.9962,agrosmart-v1,simulado,sim-2026-06
79878986-afae-5095-a747-57c118e18ca7,BV-01_20260612_0020.jpg,2026-06-12 09:32:45,BV-01,smartphone,saudavel,saudavel,0.9949,agrosmart-v1,simulado,sim-2026-06
744ebf46-0558-58c2-a1f2-e9d600118490,BV-01_20260612_0021.jpg,2026-06-12 09:33:19,BV-01,smartphone,saudavel,saudavel,0.9049,agrosmart-v1,simulado,sim-2026-06
509b9688-8ffd-5997-9501-8d01a93fdbad,TI-01_20260612_0039.jpg,2026-06-12 09:33:30,TI-01,drone,saudavel,saudavel,0.8976,agrosmart-v1,simulado,sim-2026-06
2a9ad076-81ce-5395-b4a9-c9e925195a4a,BV-01_20260612_0022.jpg,2026-06-12 09:33:41,BV-01,smartphone,saudavel,saudavel,0.9398,agrosmart-v1,simulado,sim-2026-06
75cf1d60-ad6c-5d09-8b07-22befbe44ed1,TI-01_20260612_0040.jpg,2026-06-12 09:33:59,TI-01,drone,saudavel,saudavel,0.8532,agrosmart-v1,simulado,sim-2026-06
24164e12-70d4-59b9-9424-c60ceb5eda7c,TI-01_20260612_0041.jpg,2026-06-12 09:34:21,TI-01,drone,saudavel,saudavel,0.9484,agrosmart-v1,simulado,sim-2026-06
b383489f-5049-5f04-bdd5-d19d21cddb2a,BV-01_20260612_0023.jpg,2026-06-12 09:34:41,BV-01,smartphone,saudavel,saudavel,0.8822,agrosmart-v1,simulado,sim-2026-06
6ddf22ad-2ed3-5596-b54a-3752671deeb0,TI-01_20260612_0042.jpg,2026-06-12 09:35:03,TI-01,drone,saudavel,saudavel,0.9837,agrosmart-v1,simulado,sim-2026-06
c064654c-5b99-5c21-ae89-f5b5abbee120,BV-01_20260612_0024.jpg,2026-06-12 09:35:09,BV-01,smartphone,saudavel,saudavel,0.9971,agrosmart-v1,simulado,sim-2026-06
d63cc0dc-76e3-5b92-b464-006d23c9c0d6,TI-01_20260612_0043.jpg,2026-06-12 09:35:49,TI-01,drone,saudavel,saudavel,0.8414,agrosmart-v1,simulado,sim-2026-06
97fad95a-2bc8-5ad4-ae03-d3d79de72a2a,BV-01_20260612_0025.jpg,2026-06-12 09:36:05,BV-01,smartphone,saudavel,saudavel,0.9968,agrosmart-v1,simulado,sim-2026-06
663236a4-c46c-554b-af14-a2134952814e,TI-01_20260612_0044.jpg,2026-06-12 09:36:22,TI-01,drone,saudavel,saudavel,0.9941,agrosmart-v1,simulado,sim-2026-06
6751a6a2-b382-56fa-bd09-63078dd9cd18,TI-01_20260612_0045.jpg,2026-06-12 09:37:05,TI-01,drone,saudavel,saudavel,0.9355,agrosmart-v1,simulado,sim-2026-06
850ae0bb-14bc-5af8-96f9-54a2ebed96dc,TI-01_20260612_0046.jpg,2026-06-12 09:37:41,TI-01,drone,saudavel,saudavel,0.9308,agrosmart-v1,simulado,sim-2026-06
26bc996a-0f9c-54e7-9c1f-b2a4748fce33,TI-01_20260612_0047.jpg,2026-06-12 09:38:37,TI-01,drone,saudavel,saudavel,0.9038,agrosmart-v1,simulado,sim-2026-06
6c6105d7-4838-54ea-b67f-7faa09a14605,SC-03_20260612_0001.jpg,2026-06-12 09:53:44,SC-03,smartphone,saudavel,saudavel,0.8795,agrosmart-v1,simulado,sim-2026-06
532f8d7c-e0fc-5449-8766-ba661084377f,SC-03_20260612_0002.jpg,2026-06-12 09:54:24,SC-03,smartphone,saudavel,saudavel,0.8212,agrosmart-v1,simulado,sim-2026-06
1d28b172-0803-5e50-b30b-c1c498936365,SC-03_20260612_0003.jpg,2026-06-12 09:55:17,SC-03,smartphone,saudavel,saudavel,0.9569,agrosmart-v1,simulado,sim-2026-06
57bf9989-ddaf-5eb5-b160-e7cfe91a127e,SC-03_20260612_0004.jpg,2026-06-12 09:55:43,SC-03,smartphone,saudavel,saudavel,0.8660,agrosmart-v1,simulado,sim-2026-06
1f49bfa4-af34-52f0-aa26-94aed9fcb577,SC-03_20260612_0005.jpg,2026-06-12 09:56:42,SC-03,smartphone,saudavel,saudavel,0.9407,agrosmart-v1,simulado,sim-2026-06
8c07a5ce-995e-5b46-9d23-c17f10bd9196,SC-03_20260612_0006.jpg,2026-06-12 09:57:16,SC-03,smartphone,saudavel,saudavel,0.8509,agrosmart-v1,simulado,sim-2026-06
6a4e353b-9097-536e-8d5f-33d0239c2842,SC-03_20260612_0007.jpg,2026-06-12 09:58:08,SC-03,smartphone,saudavel,saudavel,0.5668,agrosmart-v1,simulado,sim-2026-06
23a04ef6-1888-5721-94d7-fc8018db0cef,SC-03_20260612_0008.jpg,2026-06-12 09:58:37,SC-03,smartphone,saudavel,saudavel,0.9919,agrosmart-v1,simulado,sim-2026-06
6cffd9fb-1836-51dd-8b60-b1d3cc794062,SC-03_20260612_0009.jpg,2026-06-12 09:59:20,SC-03,smartphone,saudavel,saudavel,0.9870,agrosmart-v1,simulado,sim-2026-06
423ed9d6-524e-5236-93d1-ab47c918c132,SC-03_20260612_0010.jpg,2026-06-12 09:59:55,SC-03,smartphone,saudavel,saudavel,0.9562,agrosmart-v1,simulado,sim-2026-06
08fa194d-76a7-5059-9dae-abea3e48fb50,SC-03_20260612_0011.jpg,2026-06-12 10:00:41,SC-03,smartphone,saudavel,saudavel,0.9657,agrosmart-v1,simulado,sim-2026-06
6b90747e-952b-5bf5-b103-7be5d02b0e1a,SC-03_20260612_0012.jpg,2026-06-12 10:01:25,SC-03,smartphone,saudavel,saudavel,0.9598,agrosmart-v1,simulado,sim-2026-06
b0b547d8-e495-56e1-8649-52a0115a6966,SC-03_20260612_0013.jpg,2026-06-12 10:02:09,SC-03,smartphone,saudavel,saudavel,0.9899,agrosmart-v1,simulado,sim-2026-06
1b7e1152-ded3-534d-a7f5-3730f287e1cc,SC-03_20260612_0014.jpg,2026-06-12 10:02:42,SC-03,smartphone,saudavel,saudavel,0.9973,agrosmart-v1,simulado,sim-2026-06
ff9c02b8-1cf1-508d-aa6d-6ea2ec27448e,SC-03_20260612_0015.jpg,2026-06-12 10:03:11,SC-03,smartphone,saudavel,saudavel,0.8523,agrosmart-v1,simulado,sim-2026-06
f2a87a02-e20f-5b0a-b50a-4991a3c8e1df,SC-03_20260612_0016.jpg,2026-06-12 10:03:53,SC-03,smartphone,saudavel,saudavel,0.8976,agrosmart-v1,simulado,sim-2026-06
d7e26045-6472-5340-a634-34514c61ec28,SC-03_20260612_0017.jpg,2026-06-12 10:04:43,SC-03,smartphone,saudavel,saudavel,0.9826,agrosmart-v1,simulado,sim-2026-06
90f55002-ef08-5993-958a-e5d58c6a718d,SC-03_20260612_0018.jpg,2026-06-12 10:05:26,SC-03,smartphone,saudavel,saudavel,0.8929,agrosmart-v1,simulado,sim-2026-06
6e88e6a6-913f-5afa-8ef9-212da34508fc,SC-03_20260612_0019.jpg,2026-06-12 10:06:09,SC-03,smartphone,saudavel,saudavel,0.9406,agrosmart-v1,simulado,sim-2026-06
2cdfa4ff-bf3e-5907-aa0c-f4ca5310c453,SC-03_20260612_0020.jpg,2026-06-12 10:06:45,SC-03,smartphone,saudavel,saudavel,0.9556,agrosmart-v1,simulado,sim-2026-06
a58db4f4-4717-5db1-b296-a320507dfe90,SC-03_20260612_0021.jpg,2026-06-12 10:07:13,SC-03,smartphone,saudavel,saudavel,0.9491,agrosmart-v1,simulado,sim-2026-06
9646e08b-a604-5f77-8703-285617abf5bc,SC-03_20260612_0022.jpg,2026-06-12 10:07:45,SC-03,smartphone,saudavel,saudavel,0.9238,agrosmart-v1,simulado,sim-2026-06
59ae3659-da47-51b1-8085-90183e5a8b81,SC-03_20260612_0023.jpg,2026-06-12 10:08:32,SC-03,smartphone,saudavel,saudavel,0.8811,agrosmart-v1,simulado,sim-2026-06
dd926a95-43a4-5058-8a7d-572dca6732f7,SC-03_20260612_0024.jpg,2026-06-12 10:09:06,SC-03,smartphone,saudavel,saudavel,0.9357,agrosmart-v1,simulado,sim-2026-06
b9a1c606-5127-5cf7-8372-79b4caa63dc2,SC-03_20260612_0025.jpg,2026-06-12 10:09:56,SC-03,smartphone,doente,requeima,0.9257,agrosmart-v1,simulado,sim-2026-06
bb76b31d-df85-585d-82f2-5843d8705531,SC-03_20260612_0026.jpg,2026-06-12 10:10:42,SC-03,smartphone,saudavel,saudavel,0.8569,agrosmart-v1,simulado,sim-2026-06
098e94cb-e6ef-559a-a7cf-03b2d8ec279e,SC-03_20260612_0027.jpg,2026-06-12 10:11:14,SC-03,smartphone,saudavel,saudavel,0.9964,agrosmart-v1,simulado,sim-2026-06
610d5c35-aad5-525e-b49f-70d610e9b06d,SC-03_20260612_0028.jpg,2026-06-12 10:11:46,SC-03,smartphone,saudavel,saudavel,0.8348,agrosmart-v1,simulado,sim-2026-06
bb26161f-7529-582f-88f2-07e75a8d7cad,SC-03_20260612_0029.jpg,2026-06-12 10:12:47,SC-03,smartphone,saudavel,saudavel,0.9631,agrosmart-v1,simulado,sim-2026-06
1014e46d-4ebf-593e-a750-0801ab127496,SC-03_20260612_0030.jpg,2026-06-12 10:13:23,SC-03,smartphone,saudavel,saudavel,0.9527,agrosmart-v1,simulado,sim-2026-06
5e912404-d8ee-5a26-8231-3ceb500d05e3,SC-03_20260612_0031.jpg,2026-06-12 10:13:50,SC-03,smartphone,saudavel,saudavel,0.9845,agrosmart-v1,simulado,sim-2026-06
a5b48480-446c-51e0-b83d-bc2326e36d3b,TI-03_20260615_0001.jpg,2026-06-15 07:14:43,TI-03,drone,saudavel,saudavel,0.9871,agrosmart-v1,simulado,sim-2026-06
81e0cdc0-cc85-5e14-8259-4eb85f484dd2,TI-03_20260615_0002.jpg,2026-06-15 07:15:27,TI-03,drone,saudavel,saudavel,0.9917,agrosmart-v1,simulado,sim-2026-06
f8ad215d-f410-5396-a2b7-21feb5205b3f,TI-03_20260615_0003.jpg,2026-06-15 07:16:10,TI-03,drone,saudavel,saudavel,0.8380,agrosmart-v1,simulado,sim-2026-06
43fd13fa-aa3d-5475-83fa-bdceebdd3a49,TI-03_20260615_0004.jpg,2026-06-15 07:16:53,TI-03,drone,saudavel,saudavel,0.9507,agrosmart-v1,simulado,sim-2026-06
10f15638-40e7-59f0-b317-72bef1c315bb,TI-03_20260615_0005.jpg,2026-06-15 07:17:43,TI-03,drone,saudavel,saudavel,0.9666,agrosmart-v1,simulado,sim-2026-06
1cb73758-954c-5a43-b341-d6517016bf24,TI-03_20260615_0006.jpg,2026-06-15 07:18:23,TI-03,drone,doente,pinta_preta,0.9596,agrosmart-v1,simulado,sim-2026-06
ce4f9d49-57fb-5e7d-9d8b-61fef9db6dd2,TI-03_20260615_0007.jpg,2026-06-15 07:19:06,TI-03,drone,saudavel,saudavel,0.8233,agrosmart-v1,simulado,sim-2026-06
013ab358-672d-5d74-8c0e-9e253994f21c,TI-03_20260615_0008.jpg,2026-06-15 07:19:27,TI-03,drone,saudavel,saudavel,0.9999,agrosmart-v1,simulado,sim-2026-06
6bbfa6a2-c586-564e-9eac-6a513ec8ecff,TI-03_20260615_0009.jpg,2026-06-15 07:20:11,TI-03,drone,saudavel,saudavel,0.8284,agrosmart-v1,simulado,sim-2026-06
ba9463b2-6244-5699-8e9d-414d8f44225e,TI-03_20260615_0010.jpg,2026-06-15 07:20:46,TI-03,drone,saudavel,saudavel,1.0000,agrosmart-v1,simulado,sim-2026-06
b78c641e-6b5a-5712-ab3e-2bd0dbbd07a7,TI-03_20260615_0011.jpg,2026-06-15 07:21:35,TI-03,drone,saudavel,saudavel,0.9182,agrosmart-v1,simulado,sim-2026-06
771aada5-8dfb-5eb2-bef0-adf384c4775b,TI-03_20260615_0012.jpg,2026-06-15 07:22:30,TI-03,drone,saudavel,saudavel,0.9489,agrosmart-v1,simulado,sim-2026-06
f6c5ed4d-960c-59aa-bf77-e2b11bcb8ec0,TI-03_20260615_0013.jpg,2026-06-15 07:23:01,TI-03,drone,saudavel,saudavel,0.9273,agrosmart-v1,simulado,sim-2026-06
891f6663-fd32-58ea-914b-8bacf9be8d25,TI-03_20260615_0014.jpg,2026-06-15 07:23:50,TI-03,drone,saudavel,saudavel,0.9899,agrosmart-v1,simulado,sim-2026-06
b18d3958-d1a1-560f-869d-44d861d7835f,TI-03_20260615_0015.jpg,2026-06-15 07:24:23,TI-03,drone,saudavel,saudavel,0.9206,agrosmart-v1,simulado,sim-2026-06
27d7dacc-e43f-5b87-aa53-0eeaccd2388c,TI-03_20260615_0016.jpg,2026-06-15 07:25:05,TI-03,drone,saudavel,saudavel,0.9980,agrosmart-v1,simulado,sim-2026-06
cdc60a57-311b-5739-a9f1-78bc2ad21079,TI-03_20260615_0017.jpg,2026-06-15 07:25:39,TI-03,drone,saudavel,saudavel,0.9587,agrosmart-v1,simulado,sim-2026-06
08920913-fff1-5e66-aa4a-23218d53aa50,TI-03_20260615_0018.jpg,2026-06-15 07:26:02,TI-03,drone,saudavel,saudavel,0.9908,agrosmart-v1,simulado,sim-2026-06
e7eb5835-e55d-5f09-aa58-c71d34548164,TI-03_20260615_0019.jpg,2026-06-15 07:27:04,TI-03,drone,saudavel,saudavel,0.9327,agrosmart-v1,simulado,sim-2026-06
8ddb3140-a822-5e76-8191-403818435ab2,TI-03_20260615_0020.jpg,2026-06-15 07:27:33,TI-03,drone,saudavel,saudavel,0.9120,agrosmart-v1,simulado,sim-2026-06
321f086d-ea71-50df-8a14-06eb43178157,TI-03_20260615_0021.jpg,2026-06-15 07:28:15,TI-03,drone,saudavel,saudavel,0.9970,agrosmart-v1,simulado,sim-2026-06
eff11f58-9b31-5dbf-beab-1e2d3ce461ae,TI-03_20260615_0022.jpg,2026-06-15 07:28:47,TI-03,drone,saudavel,saudavel,0.9997,agrosmart-v1,simulado,sim-2026-06
5079a3cb-f91b-5279-8546-b7580ba18480,TI-03_20260615_0023.jpg,2026-06-15 07:29:26,TI-03,drone,saudavel,saudavel,0.8848,agrosmart-v1,simulado,sim-2026-06
4d61dbaa-0b6a-5d16-ae71-aaad3b9f4ce9,TI-03_20260615_0024.jpg,2026-06-15 07:30:00,TI-03,drone,saudavel,saudavel,0.9947,agrosmart-v1,simulado,sim-2026-06
45f385b6-9323-5b8c-a69d-f310cce8493a,TI-03_20260615_0025.jpg,2026-06-15 07:30:44,TI-03,drone,saudavel,saudavel,0.9709,agrosmart-v1,simulado,sim-2026-06
73a849ba-e9a9-53d2-9e9c-175f2937a053,TI-03_20260615_0026.jpg,2026-06-15 07:31:38,TI-03,drone,doente,vaquinha,0.8759,agrosmart-v1,simulado,sim-2026-06
39bd5c25-9c5f-5aff-b1b5-cfe5061d49cf,TI-03_20260615_0027.jpg,2026-06-15 07:32:25,TI-03,drone,saudavel,saudavel,0.9982,agrosmart-v1,simulado,sim-2026-06
1a205247-53d0-519c-b97c-ddc4edac1a8b,TI-03_20260615_0028.jpg,2026-06-15 07:32:57,TI-03,drone,saudavel,saudavel,0.9595,agrosmart-v1,simulado,sim-2026-06
c6ede642-08f6-5122-91df-21d5ca1e3816,TI-03_20260615_0029.jpg,2026-06-15 07:33:50,TI-03,drone,saudavel,saudavel,0.8829,agrosmart-v1,simulado,sim-2026-06
3b7bb538-8bb3-502b-a8b3-1cc793d2b37f,TI-03_20260615_0030.jpg,2026-06-15 07:34:20,TI-03,drone,saudavel,saudavel,0.8648,agrosmart-v1,simulado,sim-2026-06
2954c907-bf0c-5098-94e0-4a6319de9daf,TI-03_20260615_0031.jpg,2026-06-15 07:34:45,TI-03,drone,saudavel,saudavel,0.9913,agrosmart-v1,simulado,sim-2026-06
234fe26a-f2c7-5c5e-b3cb-e838c589421e,TI-03_20260615_0032.jpg,2026-06-15 07:35:50,TI-03,drone,saudavel,saudavel,0.5707,agrosmart-v1,simulado,sim-2026-06
910469f8-7f71-50a3-a332-4cd5c0589e52,TI-03_20260615_0033.jpg,2026-06-15 07:36:09,TI-03,drone,saudavel,saudavel,0.8329,agrosmart-v1,simulado,sim-2026-06
c843b75f-0cec-500a-a60c-02cc1eb025bf,TI-03_20260615_0034.jpg,2026-06-15 07:37:05,TI-03,drone,saudavel,saudavel,0.8515,agrosmart-v1,simulado,sim-2026-06
5dafcf6a-4f62-5658-9344-a8e0b5366800,TI-03_20260615_0035.jpg,2026-06-15 07:37:44,TI-03,drone,saudavel,saudavel,0.9677,agrosmart-v1,simulado,sim-2026-06
3def4b3f-c7d8-5932-9858-07c9365a049a,TI-03_20260615_0036.jpg,2026-06-15 07:38:20,TI-03,drone,saudavel,saudavel,0.9116,agrosmart-v1,simulado,sim-2026-06
0909d38b-5b3b-50f5-b26f-891eadf15179,TI-03_20260615_0037.jpg,2026-06-15 07:39:02,TI-03,drone,saudavel,saudavel,0.9625,agrosmart-v1,simulado,sim-2026-06
5a5e1e85-ba64-500a-aa87-bf86ee2a8a2b,TI-03_20260615_0038.jpg,2026-06-15 07:39:49,TI-03,drone,saudavel,saudavel,0.5487,agrosmart-v1,simulado,sim-2026-06
58254f43-a647-530e-bd63-837e52a8aea4,TI-03_20260615_0039.jpg,2026-06-15 07:40:25,TI-03,drone,saudavel,saudavel,0.9410,agrosmart-v1,simulado,sim-2026-06
d95dae17-cd20-5bfb-bcca-04ffbc30d5e7,TI-01_20260615_0001.jpg,2026-06-15 07:40:59,TI-01,drone,saudavel,saudavel,0.9963,agrosmart-v1,simulado,sim-2026-06
5a0ac0ee-108f-52cd-821a-e30edca91688,TI-03_20260615_0040.jpg,2026-06-15 07:41:05,TI-03,drone,saudavel,saudavel,0.8605,agrosmart-v1,simulado,sim-2026-06
234b6a29-b0f4-5bc3-b3a7-343c9bbd1529,TI-01_20260615_0002.jpg,2026-06-15 07:41:33,TI-01,drone,saudavel,saudavel,0.9519,agrosmart-v1,simulado,sim-2026-06
7722479f-e160-5573-a7b6-3a0daf0050f6,TI-01_20260615_0003.jpg,2026-06-15 07:42:25,TI-01,drone,saudavel,saudavel,0.9393,agrosmart-v1,simulado,sim-2026-06
75e12fcf-34cc-5fe7-9681-6d1190004446,TI-01_20260615_0004.jpg,2026-06-15 07:42:53,TI-01,drone,saudavel,saudavel,0.9695,agrosmart-v1,simulado,sim-2026-06
044f1260-74aa-54ca-a0c7-d30ebb8322a5,TI-01_20260615_0005.jpg,2026-06-15 07:43:29,TI-01,drone,saudavel,saudavel,0.9442,agrosmart-v1,simulado,sim-2026-06
efc75c47-f1fd-517a-a908-d8e3b102cc8f,TI-01_20260615_0006.jpg,2026-06-15 07:44:17,TI-01,drone,saudavel,saudavel,0.9259,agrosmart-v1,simulado,sim-2026-06
d8864db7-c7b6-5d91-8024-703878c02eff,TI-01_20260615_0007.jpg,2026-06-15 07:44:50,TI-01,drone,saudavel,saudavel,0.9644,agrosmart-v1,simulado,sim-2026-06
bf315995-d140-585f-8d8d-bea6e48e34a6,TI-01_20260615_0008.jpg,2026-06-15 07:45:46,TI-01,drone,saudavel,saudavel,0.8933,agrosmart-v1,simulado,sim-2026-06
89397494-d774-5591-be04-63a925669c8b,TI-01_20260615_0009.jpg,2026-06-15 07:46:15,TI-01,drone,saudavel,saudavel,0.9857,agrosmart-v1,simulado,sim-2026-06
174217da-bd3c-5a28-aeef-02a68b27ab78,TI-01_20260615_0010.jpg,2026-06-15 07:46:43,TI-01,drone,saudavel,saudavel,0.9646,agrosmart-v1,simulado,sim-2026-06
c53a98ec-235d-5e88-a4b3-a6925f5c0231,TI-01_20260615_0011.jpg,2026-06-15 07:47:26,TI-01,drone,saudavel,saudavel,0.9287,agrosmart-v1,simulado,sim-2026-06
bfd94624-6e35-53b9-af3b-2ddfa02a553d,TI-01_20260615_0012.jpg,2026-06-15 07:48:08,TI-01,drone,saudavel,saudavel,0.9958,agrosmart-v1,simulado,sim-2026-06
171011e5-82f1-5d80-80a3-021db0bfaea8,TI-01_20260615_0013.jpg,2026-06-15 07:49:04,TI-01,drone,saudavel,saudavel,0.9919,agrosmart-v1,simulado,sim-2026-06
48f11707-39ed-560c-b4c8-6895783c4a08,TI-01_20260615_0014.jpg,2026-06-15 07:49:43,TI-01,drone,saudavel,saudavel,0.9901,agrosmart-v1,simulado,sim-2026-06
94c42382-ab3f-53c6-af91-5396cd4505ec,TI-01_20260615_0015.jpg,2026-06-15 07:50:30,TI-01,drone,saudavel,saudavel,0.9318,agrosmart-v1,simulado,sim-2026-06
764d20b3-e5e3-5cf8-aef0-3be817d1b59f,TI-01_20260615_0016.jpg,2026-06-15 07:50:41,TI-01,drone,saudavel,saudavel,0.9724,agrosmart-v1,simulado,sim-2026-06
25d9afc5-9440-5ae2-9b5e-beaf218555d0,TI-01_20260615_0017.jpg,2026-06-15 07:51:40,TI-01,drone,saudavel,saudavel,0.8384,agrosmart-v1,simulado,sim-2026-06
cd708e19-4d7f-5ed5-95bf-3ef8297cafae,TI-01_20260615_0018.jpg,2026-06-15 07:52:30,TI-01,drone,saudavel,saudavel,0.9998,agrosmart-v1,simulado,sim-2026-06
e86bf1b8-300f-5cbd-80d7-a88ad3d2dd55,TI-01_20260615_0019.jpg,2026-06-15 07:52:58,TI-01,drone,saudavel,saudavel,0.9813,agrosmart-v1,simulado,sim-2026-06
1c40514b-6579-538d-bbcb-42ed20aab2b2,TI-01_20260615_0020.jpg,2026-06-15 07:53:25,TI-01,drone,saudavel,saudavel,0.9860,agrosmart-v1,simulado,sim-2026-06
f33ebd2d-1042-5aa3-a77c-51c4ae77f271,TI-01_20260615_0021.jpg,2026-06-15 07:54:29,TI-01,drone,saudavel,saudavel,0.9859,agrosmart-v1,simulado,sim-2026-06
c857d901-9ebd-5e21-a8b8-80330b554bed,TI-01_20260615_0022.jpg,2026-06-15 07:55:03,TI-01,drone,saudavel,saudavel,0.9970,agrosmart-v1,simulado,sim-2026-06
746d804a-f283-5eaa-af7a-379e3b2f32be,TI-01_20260615_0023.jpg,2026-06-15 07:55:22,TI-01,drone,saudavel,saudavel,0.9160,agrosmart-v1,simulado,sim-2026-06
0ad0af85-ac6a-5a6c-b0af-96469fb4b48e,TI-01_20260615_0024.jpg,2026-06-15 07:56:02,TI-01,drone,saudavel,saudavel,0.9512,agrosmart-v1,simulado,sim-2026-06
e693da25-c90b-51f3-acde-aea50c19fe84,TI-01_20260615_0025.jpg,2026-06-15 07:57:07,TI-01,drone,saudavel,saudavel,0.8914,agrosmart-v1,simulado,sim-2026-06
d298b393-a998-55aa-9e7d-8886bdc655c2,TI-01_20260615_0026.jpg,2026-06-15 07:57:41,TI-01,drone,saudavel,saudavel,0.9887,agrosmart-v1,simulado,sim-2026-06
6c94ed11-10e8-50b5-9d1b-3520c348e199,TI-01_20260615_0027.jpg,2026-06-15 07:58:17,TI-01,drone,saudavel,saudavel,0.9785,agrosmart-v1,simulado,sim-2026-06
5fb700f5-1652-5cda-bc31-ad60393fe4eb,TI-01_20260615_0028.jpg,2026-06-15 07:59:09,TI-01,drone,saudavel,saudavel,0.8386,agrosmart-v1,simulado,sim-2026-06
8724f761-acc6-5e01-8487-821afa14b58b,TI-01_20260615_0029.jpg,2026-06-15 07:59:44,TI-01,drone,saudavel,saudavel,0.8279,agrosmart-v1,simulado,sim-2026-06
7b8271f3-708e-5f1e-a3bd-3229e3ba2d6c,TI-01_20260615_0030.jpg,2026-06-15 08:00:01,TI-01,drone,saudavel,saudavel,0.9135,agrosmart-v1,simulado,sim-2026-06
f22798fb-bee7-5d66-9a8c-a6d1a58ed6e2,TI-01_20260615_0031.jpg,2026-06-15 08:00:58,TI-01,drone,saudavel,saudavel,0.8201,agrosmart-v1,simulado,sim-2026-06
399b810c-8449-5ff1-b952-0dc3fda844a1,TI-01_20260615_0032.jpg,2026-06-15 08:01:41,TI-01,drone,saudavel,saudavel,0.9072,agrosmart-v1,simulado,sim-2026-06
39fac9b4-6d69-5afc-b697-2f18895910ac,TI-01_20260615_0033.jpg,2026-06-15 08:02:09,TI-01,drone,saudavel,saudavel,0.9958,agrosmart-v1,simulado,sim-2026-06
a4578cc8-7c72-5a64-8423-48be7c8ceff3,TI-01_20260615_0034.jpg,2026-06-15 08:03:06,TI-01,drone,saudavel,saudavel,0.8592,agrosmart-v1,simulado,sim-2026-06
72132fdf-542b-5989-a6c9-f89602ae192e,TI-01_20260615_0035.jpg,2026-06-15 08:03:21,TI-01,drone,saudavel,saudavel,0.9642,agrosmart-v1,simulado,sim-2026-06
0bdee24d-d34f-5179-a471-ddd9e7d09b3a,TI-01_20260615_0036.jpg,2026-06-15 08:04:20,TI-01,drone,saudavel,saudavel,0.9351,agrosmart-v1,simulado,sim-2026-06
e4ab7c7d-3a78-50f6-aea8-acf0b711ea95,TI-01_20260615_0037.jpg,2026-06-15 08:04:49,TI-01,drone,saudavel,saudavel,0.9718,agrosmart-v1,simulado,sim-2026-06
ef5ea7ee-c487-5810-a10b-6f6e2b6949ee,SC-04_20260615_0001.jpg,2026-06-15 08:05:06,SC-04,smartphone,saudavel,saudavel,0.9244,agrosmart-v1,simulado,sim-2026-06
ffbfb9f7-63b3-5919-acdb-9abf1eac40bb,SC-04_20260615_0002.jpg,2026-06-15 08:05:28,SC-04,smartphone,saudavel,saudavel,1.0000,agrosmart-v1,simulado,sim-2026-06
244a1753-b245-5d96-84b3-b8922f2660e6,TI-01_20260615_0038.jpg,2026-06-15 08:05:35,TI-01,drone,saudavel,saudavel,0.9256,agrosmart-v1,simulado,sim-2026-06
925c4d92-9d3f-5046-ae81-68d24b1284a4,BV-01_20260615_0001.jpg,2026-06-15 08:05:43,BV-01,smartphone,doente,pinta_preta,0.8509,agrosmart-v1,simulado,sim-2026-06
42187031-e8f1-5930-8456-a2a6b777e716,SC-04_20260615_0003.jpg,2026-06-15 08:06:17,SC-04,smartphone,saudavel,saudavel,0.9628,agrosmart-v1,simulado,sim-2026-06
34679bde-3656-522d-8aea-239e8a29b4fd,TI-01_20260615_0039.jpg,2026-06-15 08:06:27,TI-01,drone,saudavel,saudavel,0.9946,agrosmart-v1,simulado,sim-2026-06
5a0853bf-078c-5a03-8a55-650e585b9416,BV-01_20260615_0002.jpg,2026-06-15 08:06:41,BV-01,smartphone,saudavel,saudavel,0.8825,agrosmart-v1,simulado,sim-2026-06
b10786f1-62d9-56dd-81d0-644a69a19aa5,TI-01_20260615_0040.jpg,2026-06-15 08:06:42,TI-01,drone,saudavel,saudavel,0.8370,agrosmart-v1,simulado,sim-2026-06
da79e9ec-0b70-51ba-85d8-618e1b1abbc7,SC-04_20260615_0004.jpg,2026-06-15 08:06:48,SC-04,smartphone,saudavel,saudavel,0.9237,agrosmart-v1,simulado,sim-2026-06
c47077e7-de35-5814-a12e-0fb7119c6cdd,BV-01_20260615_0003.jpg,2026-06-15 08:07:22,BV-01,smartphone,saudavel,saudavel,0.9941,agrosmart-v1,simulado,sim-2026-06
bc951b47-2c11-5989-a786-6d82af7caa1e,BV-01_20260615_0004.jpg,2026-06-15 08:07:41,BV-01,smartphone,saudavel,saudavel,0.9987,agrosmart-v1,simulado,sim-2026-06
3b0505e2-81d6-5674-81db-bb275c40b0bb,SC-04_20260615_0005.jpg,2026-06-15 08:07:45,SC-04,smartphone,saudavel,saudavel,0.8987,agrosmart-v1,simulado,sim-2026-06
5d18ef01-8145-5c10-bc88-a600373ccb08,TI-01_20260615_0041.jpg,2026-06-15 08:07:50,TI-01,drone,saudavel,saudavel,0.8931,agrosmart-v1,simulado,sim-2026-06
4df4f090-2cf4-55d2-8fad-317663afed7b,TI-01_20260615_0042.jpg,2026-06-15 08:08:23,TI-01,drone,saudavel,saudavel,0.9178,agrosmart-v1,simulado,sim-2026-06
6401c5d0-6f01-5a46-87fc-82601c838752,SC-04_20260615_0006.jpg,2026-06-15 08:08:26,SC-04,smartphone,saudavel,saudavel,0.9976,agrosmart-v1,simulado,sim-2026-06
9e895507-6421-5b49-a113-a13cced532a1,BV-01_20260615_0005.jpg,2026-06-15 08:08:49,BV-01,smartphone,saudavel,saudavel,0.8737,agrosmart-v1,simulado,sim-2026-06
932f13d6-2d2a-5488-9fcc-4158c2d75a1e,SC-04_20260615_0007.jpg,2026-06-15 08:08:49,SC-04,smartphone,saudavel,saudavel,0.8777,agrosmart-v1,simulado,sim-2026-06
503e4591-9f58-5c3d-ac46-dc2748a50f65,BV-01_20260615_0006.jpg,2026-06-15 08:09:13,BV-01,smartphone,saudavel,saudavel,0.9898,agrosmart-v1,simulado,sim-2026-06
d8093d3c-3482-5368-a55c-d33e49db769f,SC-04_20260615_0008.jpg,2026-06-15 08:09:21,SC-04,smartphone,saudavel,saudavel,0.9180,agrosmart-v1,simulado,sim-2026-06
4cbf4844-f349-52a1-b37d-3e823f19c501,BV-01_20260615_0007.jpg,2026-06-15 08:10:00,BV-01,smartphone,saudavel,saudavel,0.9399,agrosmart-v1,simulado,sim-2026-06
0aa514ee-0820-5ca0-a4ff-17771225827b,SC-04_20260615_0009.jpg,2026-06-15 08:10:13,SC-04,smartphone,saudavel,saudavel,0.5403,agrosmart-v1,simulado,sim-2026-06
cc0f5c69-1ace-556e-a296-eca2636cde24,BV-01_20260615_0008.jpg,2026-06-15 08:10:21,BV-01,smartphone,saudavel,saudavel,0.8973,agrosmart-v1,simulado,sim-2026-06
89d6b951-2b04-59ae-b7a2-2c56a8c316e0,SC-04_20260615_0010.jpg,2026-06-15 08:10:47,SC-04,smartphone,saudavel,saudavel,0.8745,agrosmart-v1,simulado,sim-2026-06
43ed246d-ab0b-51cf-8dc1-4a4446688898,BV-01_20260615_0009.jpg,2026-06-15 08:11:05,BV-01,smartphone,saudavel,saudavel,0.9592,agrosmart-v1,simulado,sim-2026-06
1363472d-3426-5afc-a954-797a3611c5b7,SC-04_20260615_0011.jpg,2026-06-15 08:11:21,SC-04,smartphone,saudavel,saudavel,0.8891,agrosmart-v1,simulado,sim-2026-06
f3e96b54-6e0d-5d9f-af98-d25976fe5598,BV-01_20260615_0010.jpg,2026-06-15 08:12:10,BV-01,smartphone,saudavel,saudavel,0.9490,agrosmart-v1,simulado,sim-2026-06
ff32107e-7752-58d6-8e84-3e871dc22622,SC-04_20260615_0012.jpg,2026-06-15 08:12:22,SC-04,smartphone,saudavel,saudavel,0.9983,agrosmart-v1,simulado,sim-2026-06
69ea03d6-9655-535f-8bda-254322c1242f,BV-01_20260615_0011.jpg,2026-06-15 08:12:42,BV-01,smartphone,saudavel,saudavel,0.9876,agrosmart-v1,simulado,sim-2026-06
05517316-45ad-5b62-854a-cbe540c2db96,SC-04_20260615_0013.jpg,2026-06-15 08:12:47,SC-04,smartphone,saudavel,saudavel,0.9995,agrosmart-v1,simulado,sim-2026-06
b89de512-797c-590e-89ca-49b141a3f32e,BV-01_20260615_0012.jpg,2026-06-15 08:13:13,BV-01,smartphone,saudavel,saudavel,0.7704,agrosmart-v1,simulado,sim-2026-06
38ed0d11-da02-5d23-b969-92519f6d4e60,SC-04_20260615_0014.jpg,2026-06-15 08:13:29,SC-04,smartphone,saudavel,saudavel,0.9534,agrosmart-v1,simulado,sim-2026-06
8976832e-a511-5616-819a-99c9ccf5a958,BV-01_20260615_0013.jpg,2026-06-15 08:14:01,BV-01,smartphone,saudavel,saudavel,0.9494,agrosmart-v1,simulado,sim-2026-06
852e21f7-e001-59b8-9247-3ce04ddd76db,SC-04_20260615_0015.jpg,2026-06-15 08:14:08,SC-04,smartphone,saudavel,saudavel,0.9885,agrosmart-v1,simulado,sim-2026-06
9047fda2-f454-5fc4-be83-88286a991424,BV-01_20260615_0014.jpg,2026-06-15 08:14:23,BV-01,smartphone,saudavel,saudavel,0.9269,agrosmart-v1,simulado,sim-2026-06
d25ef63d-0c33-5426-b8fa-6b1e6723e562,SC-04_20260615_0016.jpg,2026-06-15 08:15:08,SC-04,smartphone,saudavel,saudavel,0.8231,agrosmart-v1,simulado,sim-2026-06
4ef9378a-491b-519d-8012-dd69f83b1357,BV-01_20260615_0015.jpg,2026-06-15 08:15:13,BV-01,smartphone,saudavel,saudavel,0.9235,agrosmart-v1,simulado,sim-2026-06
153a6f89-cf03-52bf-bb8a-d30affaee75c,SC-04_20260615_0017.jpg,2026-06-15 08:15:31,SC-04,smartphone,saudavel,saudavel,0.9968,agrosmart-v1,simulado,sim-2026-06
326ea967-66cb-50ce-b652-e3714b3a8896,BV-01_20260615_0016.jpg,2026-06-15 08:15:48,BV-01,smartphone,saudavel,saudavel,0.9983,agrosmart-v1,simulado,sim-2026-06
ee5588cc-3a03-5ea3-8424-eab329b3febd,SC-04_20260615_0018.jpg,2026-06-15 08:16:29,SC-04,smartphone,saudavel,saudavel,0.9430,agrosmart-v1,simulado,sim-2026-06
61045abe-1551-59f1-a936-6f64f9fa0dd8,BV-01_20260615_0017.jpg,2026-06-15 08:16:32,BV-01,smartphone,saudavel,saudavel,0.9179,agrosmart-v1,simulado,sim-2026-06
70f58c3a-cdbc-58c6-8530-668c8a383b9f,SC-04_20260615_0019.jpg,2026-06-15 08:16:42,SC-04,smartphone,saudavel,saudavel,0.9987,agrosmart-v1,simulado,sim-2026-06
bf27377b-487c-534b-9a12-789c277e1e30,BV-03_20260615_0001.jpg,2026-06-15 08:16:57,BV-03,smartphone,saudavel,saudavel,0.9376,agrosmart-v1,simulado,sim-2026-06
3684fef4-d77f-5e2e-b7e2-d2bbafec4736,BV-01_20260615_0018.jpg,2026-06-15 08:17:21,BV-01,smartphone,saudavel,saudavel,0.9932,agrosmart-v1,simulado,sim-2026-06
70cfca16-25ed-51dc-a0b1-1526b1e70cdd,BV-03_20260615_0002.jpg,2026-06-15 08:17:25,BV-03,smartphone,saudavel,saudavel,0.9985,agrosmart-v1,simulado,sim-2026-06
a7aac556-00bc-5b90-a1be-6a59ead4caf8,SC-04_20260615_0020.jpg,2026-06-15 08:17:31,SC-04,smartphone,saudavel,saudavel,0.9170,agrosmart-v1,simulado,sim-2026-06
658882d5-63c1-59eb-a81a-2ee4921f5ff3,BV-01_20260615_0019.jpg,2026-06-15 08:18:02,BV-01,smartphone,saudavel,saudavel,0.9823,agrosmart-v1,simulado,sim-2026-06
ed1c3c89-38d5-5847-a899-365b67b129f8,SC-04_20260615_0021.jpg,2026-06-15 08:18:11,SC-04,smartphone,saudavel,saudavel,0.9503,agrosmart-v1,simulado,sim-2026-06
76338d52-bf12-5be5-b02e-9ae5b7c06186,BV-01_20260615_0020.jpg,2026-06-15 08:18:20,BV-01,smartphone,doente,pinta_preta,1.0000,agrosmart-v1,simulado,sim-2026-06
e667b7b8-6d97-50ba-8f04-b55caae66707,BV-03_20260615_0003.jpg,2026-06-15 08:18:25,BV-03,smartphone,saudavel,saudavel,0.8470,agrosmart-v1,simulado,sim-2026-06
3348086c-1d1c-5360-ab06-d65f5b3b499a,SC-04_20260615_0022.jpg,2026-06-15 08:18:42,SC-04,smartphone,saudavel,saudavel,0.9771,agrosmart-v1,simulado,sim-2026-06
25a0eadd-65f8-52e3-a9ab-3f216ef7d82b,BV-03_20260615_0004.jpg,2026-06-15 08:18:58,BV-03,smartphone,saudavel,saudavel,0.9365,agrosmart-v1,simulado,sim-2026-06
3691e504-7124-51bc-875e-1ddca81af8a3,BV-01_20260615_0021.jpg,2026-06-15 08:19:03,BV-01,smartphone,saudavel,saudavel,0.9778,agrosmart-v1,simulado,sim-2026-06
6a69ec2e-d582-565a-a69a-5907e9293fda,SC-04_20260615_0023.jpg,2026-06-15 08:19:33,SC-04,smartphone,saudavel,saudavel,0.8613,agrosmart-v1,simulado,sim-2026-06
71d80e0f-0ff0-55cd-9797-e449e32aeaaf,BV-03_20260615_0005.jpg,2026-06-15 08:19:39,BV-03,smartphone,saudavel,saudavel,0.9686,agrosmart-v1,simulado,sim-2026-06
594f55a2-0150-5a19-84c4-8cafc697fab5,BV-01_20260615_0022.jpg,2026-06-15 08:19:48,BV-01,smartphone,saudavel,saudavel,0.9999,agrosmart-v1,simulado,sim-2026-06
4f6f05d6-33d4-5cf6-a023-1e9e86b41eeb,SC-04_20260615_0024.jpg,2026-06-15 08:20:00,SC-04,smartphone,doente,pinta_preta,0.7900,agrosmart-v1,simulado,sim-2026-06
8e3d855f-2cb9-5946-a79f-d1b91fb03e73,BV-03_20260615_0006.jpg,2026-06-15 08:20:22,BV-03,smartphone,saudavel,saudavel,0.9967,agrosmart-v1,simulado,sim-2026-06
e81b3957-deb2-5ed5-9979-b14cb2a2dbc7,BV-03_20260615_0007.jpg,2026-06-15 08:20:48,BV-03,smartphone,saudavel,saudavel,0.8568,agrosmart-v1,simulado,sim-2026-06
d1f67907-da23-5913-b142-5a4dacbbfc77,BV-01_20260615_0023.jpg,2026-06-15 08:20:50,BV-01,smartphone,saudavel,saudavel,0.8561,agrosmart-v1,simulado,sim-2026-06
0709bd06-584f-5c9c-9ad3-a4d2d729af24,SC-04_20260615_0025.jpg,2026-06-15 08:20:56,SC-04,smartphone,saudavel,saudavel,0.8481,agrosmart-v1,simulado,sim-2026-06
a874ba4d-4160-5b75-a470-484b9012625c,BV-01_20260615_0024.jpg,2026-06-15 08:21:19,BV-01,smartphone,saudavel,saudavel,0.9098,agrosmart-v1,simulado,sim-2026-06
44748d8d-2db3-579d-8614-2a5887109593,BV-03_20260615_0008.jpg,2026-06-15 08:21:21,BV-03,smartphone,saudavel,saudavel,0.9765,agrosmart-v1,simulado,sim-2026-06
b6d31180-7377-52e8-9bcd-23c967a017f8,SC-04_20260615_0026.jpg,2026-06-15 08:21:29,SC-04,smartphone,saudavel,saudavel,0.9979,agrosmart-v1,simulado,sim-2026-06
07ca9028-94aa-5676-b565-33a9a74a40d8,BV-03_20260615_0009.jpg,2026-06-15 08:22:02,BV-03,smartphone,saudavel,saudavel,0.9854,agrosmart-v1,simulado,sim-2026-06
9261fe56-dcc9-560f-9bdf-1f1411c930c9,BV-01_20260615_0025.jpg,2026-06-15 08:22:07,BV-01,smartphone,saudavel,saudavel,0.9746,agrosmart-v1,simulado,sim-2026-06
76679c38-7bb0-5d50-96f1-fc06f0604e03,SC-04_20260615_0027.jpg,2026-06-15 08:22:28,SC-04,smartphone,saudavel,saudavel,0.9954,agrosmart-v1,simulado,sim-2026-06
648e1807-d554-570e-8a7a-eb8eb2a87fa7,BV-01_20260615_0026.jpg,2026-06-15 08:22:40,BV-01,smartphone,saudavel,saudavel,0.8316,agrosmart-v1,simulado,sim-2026-06
eb96e1b1-8be3-5955-b7ab-bf45a233eeb9,SC-04_20260615_0028.jpg,2026-06-15 08:22:50,SC-04,smartphone,saudavel,saudavel,0.9668,agrosmart-v1,simulado,sim-2026-06
fb0c06c6-54f6-5239-aad8-9e1ca3ac4ed7,BV-03_20260615_0010.jpg,2026-06-15 08:23:02,BV-03,smartphone,saudavel,saudavel,0.9990,agrosmart-v1,simulado,sim-2026-06
86f4dc0b-3ea5-516e-bf7a-5f30e91b9b57,BV-01_20260615_0027.jpg,2026-06-15 08:23:22,BV-01,smartphone,saudavel,saudavel,0.9844,agrosmart-v1,simulado,sim-2026-06
4095694f-f036-5d15-8c05-bf97448030d6,BV-03_20260615_0011.jpg,2026-06-15 08:23:22,BV-03,smartphone,saudavel,saudavel,0.9891,agrosmart-v1,simulado,sim-2026-06
9f784e59-ef0e-51ff-955b-b78442fb0609,BV-01_20260615_0028.jpg,2026-06-15 08:23:42,BV-01,smartphone,saudavel,saudavel,0.8468,agrosmart-v1,simulado,sim-2026-06
56d89380-0335-5101-a533-5c9c1f56e6f7,SC-04_20260615_0029.jpg,2026-06-15 08:23:43,SC-04,smartphone,saudavel,saudavel,0.9989,agrosmart-v1,simulado,sim-2026-06
a7cdb02a-d764-5337-807f-d7ec055ec963,BV-03_20260615_0012.jpg,2026-06-15 08:24:17,BV-03,smartphone,saudavel,saudavel,0.9967,agrosmart-v1,simulado,sim-2026-06
10c3fdc6-c42f-5d38-8a8f-7caa4858b70a,BV-01_20260615_0029.jpg,2026-06-15 08:24:33,BV-01,smartphone,saudavel,saudavel,0.9198,agrosmart-v1,simulado,sim-2026-06
21e42a85-72fd-598f-b2d0-293814820cfc,BV-03_20260615_0013.jpg,2026-06-15 08:24:54,BV-03,smartphone,saudavel,saudavel,0.8377,agrosmart-v1,simulado,sim-2026-06
f2ab2d3d-089a-5d9f-924e-ecd8d18a94b0,BV-01_20260615_0030.jpg,2026-06-15 08:25:08,BV-01,smartphone,saudavel,saudavel,0.9990,agrosmart-v1,simulado,sim-2026-06
e7a179dd-e714-5492-8820-f864954f06a2,BV-03_20260615_0014.jpg,2026-06-15 08:25:47,BV-03,smartphone,saudavel,saudavel,0.5326,agrosmart-v1,simulado,sim-2026-06
7a3a310f-da08-5a18-904a-debe42890b44,BV-01_20260615_0031.jpg,2026-06-15 08:25:52,BV-01,smartphone,saudavel,saudavel,0.8215,agrosmart-v1,simulado,sim-2026-06
a7aa419c-137d-5724-b2de-d4a8ebc19d48,BV-03_20260615_0015.jpg,2026-06-15 08:26:29,BV-03,smartphone,saudavel,saudavel,0.9617,agrosmart-v1,simulado,sim-2026-06
6ffed657-fe5b-58ed-be59-97cc946e7595,BV-03_20260615_0016.jpg,2026-06-15 08:26:50,BV-03,smartphone,saudavel,saudavel,0.9712,agrosmart-v1,simulado,sim-2026-06
6c55770b-1aa9-5caa-ab50-9245d8085927,BV-03_20260615_0017.jpg,2026-06-15 08:27:43,BV-03,smartphone,saudavel,saudavel,0.8728,agrosmart-v1,simulado,sim-2026-06
68f2cc91-2462-5b43-b06a-8a30fc434d3b,BV-03_20260615_0018.jpg,2026-06-15 08:28:13,BV-03,smartphone,saudavel,saudavel,0.9725,agrosmart-v1,simulado,sim-2026-06
0651301d-df4d-5d4f-b85a-db1b2e49f45b,BV-03_20260615_0019.jpg,2026-06-15 08:28:56,BV-03,smartphone,saudavel,saudavel,0.9774,agrosmart-v1,simulado,sim-2026-06
dbd1ee97-28af-55e9-9b2d-81f01c4e652d,BV-03_20260615_0020.jpg,2026-06-15 08:29:30,BV-03,smartphone,doente,pinta_preta,0.9946,agrosmart-v1,simulado,sim-2026-06
185d0123-49d9-5c88-a644-41b091f52b99,BV-03_20260615_0021.jpg,2026-06-15 08:30:02,BV-03,smartphone,saudavel,saudavel,0.9674,agrosmart-v1,simulado,sim-2026-06
7a087f6e-d4a7-58e7-a64a-985ee8528277,BV-03_20260615_0022.jpg,2026-06-15 08:30:47,BV-03,smartphone,saudavel,saudavel,0.9924,agrosmart-v1,simulado,sim-2026-06
0c51ea3c-2870-5e79-b79b-4c6ca812351a,SC-01_20260615_0001.jpg,2026-06-15 08:31:03,SC-01,smartphone,saudavel,saudavel,0.9990,agrosmart-v1,simulado,sim-2026-06
4687ef14-b578-50d5-950f-a1975127144f,BV-03_20260615_0023.jpg,2026-06-15 08:31:26,BV-03,smartphone,saudavel,saudavel,0.9976,agrosmart-v1,simulado,sim-2026-06
b6961023-131a-519f-8c1b-04d2411ea24e,SC-01_20260615_0002.jpg,2026-06-15 08:31:30,SC-01,smartphone,saudavel,saudavel,0.9002,agrosmart-v1,simulado,sim-2026-06
4fc3c89b-78fc-507e-8380-9cef0df69ff8,SC-01_20260615_0003.jpg,2026-06-15 08:32:13,SC-01,smartphone,saudavel,saudavel,0.9368,agrosmart-v1,simulado,sim-2026-06
dd8e157c-499a-5c84-ba69-634323d7cd8d,BV-03_20260615_0024.jpg,2026-06-15 08:32:25,BV-03,smartphone,saudavel,saudavel,0.9856,agrosmart-v1,simulado,sim-2026-06
9a703d14-391c-56a3-8678-4f618ac67f99,SC-01_20260615_0004.jpg,2026-06-15 08:32:42,SC-01,smartphone,saudavel,saudavel,0.8832,agrosmart-v1,simulado,sim-2026-06
e6195789-f64f-5657-bb36-a368e6feeadd,BV-03_20260615_0025.jpg,2026-06-15 08:32:53,BV-03,smartphone,saudavel,saudavel,0.8414,agrosmart-v1,simulado,sim-2026-06
c509c7a1-42e4-5a83-8511-31b54644d09d,BV-03_20260615_0026.jpg,2026-06-15 08:33:32,BV-03,smartphone,saudavel,saudavel,0.8542,agrosmart-v1,simulado,sim-2026-06
b2d3bb01-a2e0-58fc-8cd7-cbce71ef33b0,SC-01_20260615_0005.jpg,2026-06-15 08:33:47,SC-01,smartphone,saudavel,saudavel,0.9585,agrosmart-v1,simulado,sim-2026-06
1d1b5cfb-0481-5497-ae99-9e782c331513,BV-03_20260615_0027.jpg,2026-06-15 08:34:29,BV-03,smartphone,saudavel,saudavel,0.9620,agrosmart-v1,simulado,sim-2026-06
998b03f6-3468-571c-9464-2eabd41a2e24,SC-01_20260615_0006.jpg,2026-06-15 08:34:29,SC-01,smartphone,saudavel,saudavel,0.9865,agrosmart-v1,simulado,sim-2026-06
cc03c5be-8d2a-52c0-b0ab-8d718f4ef20b,BV-03_20260615_0028.jpg,2026-06-15 08:35:01,BV-03,smartphone,saudavel,saudavel,0.9507,agrosmart-v1,simulado,sim-2026-06
086d5970-a56b-51a5-881a-c16dbb1892e8,SC-01_20260615_0007.jpg,2026-06-15 08:35:07,SC-01,smartphone,saudavel,saudavel,0.9807,agrosmart-v1,simulado,sim-2026-06
af8d96a3-e65f-5040-b119-f83189a920dc,BV-03_20260615_0029.jpg,2026-06-15 08:35:33,BV-03,smartphone,saudavel,saudavel,0.8982,agrosmart-v1,simulado,sim-2026-06
de10f794-0263-55d1-8fd1-b9734ad6d020,SC-01_20260615_0008.jpg,2026-06-15 08:35:45,SC-01,smartphone,saudavel,saudavel,0.9557,agrosmart-v1,simulado,sim-2026-06
f5c24236-b3d1-5058-be6a-8df4454b259c,SC-01_20260615_0009.jpg,2026-06-15 08:36:18,SC-01,smartphone,saudavel,saudavel,0.9428,agrosmart-v1,simulado,sim-2026-06
337d3694-0cb3-56f3-b507-02368f3b2524,SC-01_20260615_0010.jpg,2026-06-15 08:36:41,SC-01,smartphone,saudavel,saudavel,0.9205,agrosmart-v1,simulado,sim-2026-06
9712d1df-67ff-5c4f-81f6-467d33ed646c,SC-01_20260615_0011.jpg,2026-06-15 08:37:21,SC-01,smartphone,saudavel,saudavel,0.9994,agrosmart-v1,simulado,sim-2026-06
d3d4d22a-27e6-57b7-92a8-baa43e7cee83,SC-01_20260615_0012.jpg,2026-06-15 08:38:02,SC-01,smartphone,saudavel,saudavel,0.9081,agrosmart-v1,simulado,sim-2026-06
a2b36270-48ff-50d6-a4e8-f1835fa49817,SC-01_20260615_0013.jpg,2026-06-15 08:38:49,SC-01,smartphone,saudavel,saudavel,0.9427,agrosmart-v1,simulado,sim-2026-06
6bb99a1f-3e26-5612-8ad8-403bb3dd2e2a,SC-01_20260615_0014.jpg,2026-06-15 08:39:48,SC-01,smartphone,saudavel,saudavel,0.8739,agrosmart-v1,simulado,sim-2026-06
f1fc1213-54df-5471-bcbd-998850e49532,SC-01_20260615_0015.jpg,2026-06-15 08:40:02,SC-01,smartphone,saudavel,saudavel,0.9927,agrosmart-v1,simulado,sim-2026-06
93f08734-7fd7-5f94-93cc-7c422c062ebd,SC-01_20260615_0016.jpg,2026-06-15 08:41:07,SC-01,smartphone,saudavel,saudavel,0.9104,agrosmart-v1,simulado,sim-2026-06
f6eaf4b2-bf02-547c-a3ae-e828a0b5b8f2,SC-01_20260615_0017.jpg,2026-06-15 08:41:39,SC-01,smartphone,saudavel,saudavel,0.9991,agrosmart-v1,simulado,sim-2026-06
fd4ff18e-cc3c-5d17-8aaf-cb53f9bf12f0,SC-01_20260615_0018.jpg,2026-06-15 08:42:13,SC-01,smartphone,saudavel,saudavel,0.9999,agrosmart-v1,simulado,sim-2026-06
1d61db65-b156-5105-8fd0-727e07a8c006,SC-01_20260615_0019.jpg,2026-06-15 08:42:51,SC-01,smartphone,saudavel,saudavel,0.9715,agrosmart-v1,simulado,sim-2026-06
006c21c4-c689-5ee8-aa3c-cc62ce4cdfa7,SC-01_20260615_0020.jpg,2026-06-15 08:43:28,SC-01,smartphone,saudavel,saudavel,0.9990,agrosmart-v1,simulado,sim-2026-06
7e3db726-f9eb-5254-b7df-c7dcfa521587,SC-01_20260615_0021.jpg,2026-06-15 08:44:15,SC-01,smartphone,saudavel,saudavel,0.9936,agrosmart-v1,simulado,sim-2026-06
42faf58f-c8e9-527d-941a-3c84b75dac37,SC-01_20260615_0022.jpg,2026-06-15 08:44:45,SC-01,smartphone,saudavel,saudavel,0.8536,agrosmart-v1,simulado,sim-2026-06
8fc1d56a-a5b3-5691-9ee3-b32a12c45d26,SC-01_20260615_0023.jpg,2026-06-15 08:45:48,SC-01,smartphone,saudavel,saudavel,0.9218,agrosmart-v1,simulado,sim-2026-06
85cf764d-6689-5706-a493-6833c7fa56a8,SC-01_20260615_0024.jpg,2026-06-15 08:46:01,SC-01,smartphone,saudavel,saudavel,0.9088,agrosmart-v1,simulado,sim-2026-06
591165e3-04d6-583d-8364-b53d1e6022f9,SC-01_20260615_0025.jpg,2026-06-15 08:46:55,SC-01,smartphone,saudavel,saudavel,0.8592,agrosmart-v1,simulado,sim-2026-06
b8bde104-7003-519a-bdf1-d51a896d9da1,SC-01_20260615_0026.jpg,2026-06-15 08:47:27,SC-01,smartphone,saudavel,saudavel,0.8765,agrosmart-v1,simulado,sim-2026-06
58fbf79e-ccfe-5902-a133-916dd0c8e48a,SC-01_20260615_0027.jpg,2026-06-15 08:48:07,SC-01,smartphone,saudavel,saudavel,0.8804,agrosmart-v1,simulado,sim-2026-06
08427b58-5193-5349-a326-3888d4cf6a97,SC-01_20260615_0028.jpg,2026-06-15 08:48:42,SC-01,smartphone,saudavel,saudavel,0.9837,agrosmart-v1,simulado,sim-2026-06
7ed43062-a4a3-536c-854a-b6f277a9a799,SC-01_20260615_0029.jpg,2026-06-15 08:49:45,SC-01,smartphone,saudavel,saudavel,0.9995,agrosmart-v1,simulado,sim-2026-06
daeab6c7-aaa9-565e-a0fd-0c5ba0b83da6,SC-01_20260615_0030.jpg,2026-06-15 08:50:00,SC-01,smartphone,saudavel,saudavel,0.8483,agrosmart-v1,simulado,sim-2026-06
00125cdf-0c18-5e81-ad62-daae14316951,SC-01_20260615_0031.jpg,2026-06-15 08:50:55,SC-01,smartphone,saudavel,saudavel,0.9475,agrosmart-v1,simulado,sim-2026-06
374cf564-86bc-5d39-8aff-5671178581bd,SC-01_20260615_0032.jpg,2026-06-15 08:51:41,SC-01,smartphone,saudavel,saudavel,0.9998,agrosmart-v1,simulado,sim-2026-06
b190cd31-8ef6-5b6f-97db-a546ff2b13d3,SC-01_20260615_0033.jpg,2026-06-15 08:52:13,SC-01,smartphone,saudavel,saudavel,0.8284,agrosmart-v1,simulado,sim-2026-06
bd6c3efa-ab31-52be-bb8c-c58e0175c921,SC-01_20260615_0034.jpg,2026-06-15 08:52:55,SC-01,smartphone,saudavel,saudavel,0.8896,agrosmart-v1,simulado,sim-2026-06
a956633e-fc1c-5d86-be17-7f394fd1d09b,SC-01_20260615_0035.jpg,2026-06-15 08:53:47,SC-01,smartphone,saudavel,saudavel,0.8946,agrosmart-v1,simulado,sim-2026-06
714d8406-dc9f-5203-9439-a30519e18b21,SC-01_20260615_0036.jpg,2026-06-15 08:54:09,SC-01,smartphone,saudavel,saudavel,0.9839,agrosmart-v1,simulado,sim-2026-06
86c362f7-7875-5d84-a847-38fc6760f91c,SC-01_20260615_0037.jpg,2026-06-15 08:54:41,SC-01,smartphone,saudavel,saudavel,0.8544,agrosmart-v1,simulado,sim-2026-06
1c31e95d-a2c6-52e6-8d22-d173c23cc875,SC-01_20260615_0038.jpg,2026-06-15 08:55:39,SC-01,smartphone,saudavel,saudavel,0.8666,agrosmart-v1,simulado,sim-2026-06
6dcced87-3d14-5947-b067-042503d14e85,BV-02_20260615_0001.jpg,2026-06-15 09:06:53,BV-02,smartphone,saudavel,saudavel,0.9665,agrosmart-v1,simulado,sim-2026-06
1649f414-3e4d-5e57-aefc-837f04e638f3,BV-02_20260615_0002.jpg,2026-06-15 09:07:48,BV-02,smartphone,saudavel,saudavel,0.8461,agrosmart-v1,simulado,sim-2026-06
8b32e715-3c74-5a30-bcd8-be0ca17fad4c,BV-02_20260615_0003.jpg,2026-06-15 09:08:14,BV-02,smartphone,saudavel,saudavel,0.8663,agrosmart-v1,simulado,sim-2026-06
4758d606-0fb4-5c84-81f0-3b2382095f40,BV-02_20260615_0004.jpg,2026-06-15 09:08:41,BV-02,smartphone,saudavel,saudavel,0.8482,agrosmart-v1,simulado,sim-2026-06
e8ae628b-1c9e-5d7d-8b21-0f67310b8ba9,BV-02_20260615_0005.jpg,2026-06-15 09:09:24,BV-02,smartphone,saudavel,saudavel,0.9475,agrosmart-v1,simulado,sim-2026-06
2dcda55c-3811-5871-b3e6-3ad89b517a71,BV-02_20260615_0006.jpg,2026-06-15 09:10:05,BV-02,smartphone,saudavel,saudavel,0.9408,agrosmart-v1,simulado,sim-2026-06
8d2d4378-d08e-57e8-894f-b4f385d96ddb,BV-02_20260615_0007.jpg,2026-06-15 09:11:05,BV-02,smartphone,saudavel,saudavel,0.9135,agrosmart-v1,simulado,sim-2026-06
35b16d8d-cde5-5791-9bd3-7b08aae67364,BV-02_20260615_0008.jpg,2026-06-15 09:11:33,BV-02,smartphone,saudavel,saudavel,0.8234,agrosmart-v1,simulado,sim-2026-06
e8a7cb87-fef4-59ea-b613-9918e67bbdec,TI-02_20260615_0001.jpg,2026-06-15 09:11:44,TI-02,drone,saudavel,saudavel,0.9746,agrosmart-v1,simulado,sim-2026-06
2b6b9154-11e9-5bac-9011-622e258b77ed,BV-02_20260615_0009.jpg,2026-06-15 09:12:16,BV-02,smartphone,saudavel,saudavel,1.0000,agrosmart-v1,simulado,sim-2026-06
ff21d4cf-dc64-5c75-b2c0-e51ec39094aa,TI-02_20260615_0002.jpg,2026-06-15 09:12:33,TI-02,drone,saudavel,saudavel,0.9972,agrosmart-v1,simulado,sim-2026-06
2adeb10c-1988-570d-8332-ce6faa73c23f,TI-02_20260615_0003.jpg,2026-06-15 09:13:00,TI-02,drone,saudavel,saudavel,0.9695,agrosmart-v1,simulado,sim-2026-06
b6176028-4e5c-5908-a1d1-3c4235e62f79,BV-02_20260615_0010.jpg,2026-06-15 09:13:01,BV-02,smartphone,saudavel,saudavel,0.9015,agrosmart-v1,simulado,sim-2026-06
a7a0f1c7-69db-52e4-8fd9-ef4894eae958,BV-02_20260615_0011.jpg,2026-06-15 09:13:45,BV-02,smartphone,saudavel,saudavel,0.9975,agrosmart-v1,simulado,sim-2026-06
210237ef-d92a-5233-adb0-cf12c37fba6b,TI-02_20260615_0004.jpg,2026-06-15 09:14:04,TI-02,drone,saudavel,saudavel,0.9951,agrosmart-v1,simulado,sim-2026-06
9e8fb98f-a10d-599e-82cb-e99cd53f0065,SC-03_20260615_0001.jpg,2026-06-15 09:14:10,SC-03,smartphone,saudavel,saudavel,0.9859,agrosmart-v1,simulado,sim-2026-06
1da50461-2603-52a8-ba28-e34ec5ed4f4c,SC-03_20260615_0002.jpg,2026-06-15 09:14:20,SC-03,smartphone,saudavel,saudavel,0.9610,agrosmart-v1,simulado,sim-2026-06
92bede6e-e7ac-5a5d-8e8c-54590043ebea,BV-02_20260615_0012.jpg,2026-06-15 09:14:25,BV-02,smartphone,saudavel,saudavel,0.8420,agrosmart-v1,simulado,sim-2026-06
f36beb3f-2c37-59ed-8634-2b235da90834,TI-02_20260615_0005.jpg,2026-06-15 09:14:27,TI-02,drone,saudavel,saudavel,0.9599,agrosmart-v1,simulado,sim-2026-06
fcc0aa5a-fb72-5ef7-bcf4-178f09499132,BV-02_20260615_0013.jpg,2026-06-15 09:15:06,BV-02,smartphone,saudavel,saudavel,0.9401,agrosmart-v1,simulado,sim-2026-06
9a54424b-53fe-5576-86d2-703c20447603,TI-02_20260615_0006.jpg,2026-06-15 09:15:13,TI-02,drone,saudavel,saudavel,0.8986,agrosmart-v1,simulado,sim-2026-06
9b6faf07-eaa3-5d43-b8ff-a8dffdbc98ad,SC-03_20260615_0003.jpg,2026-06-15 09:15:14,SC-03,smartphone,saudavel,saudavel,0.9917,agrosmart-v1,simulado,sim-2026-06
70ca7ad7-925a-5196-8e3f-f92ae5ff4965,SC-03_20260615_0004.jpg,2026-06-15 09:15:40,SC-03,smartphone,saudavel,saudavel,0.9381,agrosmart-v1,simulado,sim-2026-06
80e075b0-0cdc-55cc-89ba-d7a37651ad63,BV-02_20260615_0014.jpg,2026-06-15 09:15:42,BV-02,smartphone,saudavel,saudavel,0.9980,agrosmart-v1,simulado,sim-2026-06
1c464b4b-5efc-513c-ab9d-72ea419b8a99,TI-02_20260615_0007.jpg,2026-06-15 09:16:07,TI-02,drone,saudavel,saudavel,0.9920,agrosmart-v1,simulado,sim-2026-06
75ea6e94-2216-591c-8e55-2f0f8f06d37f,BV-02_20260615_0015.jpg,2026-06-15 09:16:14,BV-02,smartphone,saudavel,saudavel,0.9133,agrosmart-v1,simulado,sim-2026-06
dc717863-9dd9-554e-a2b5-ee972283a7e9,SC-03_20260615_0005.jpg,2026-06-15 09:16:21,SC-03,smartphone,saudavel,saudavel,0.9814,agrosmart-v1,simulado,sim-2026-06
3c09a7a5-529f-5c65-87c9-9bb13bb808a6,TI-02_20260615_0008.jpg,2026-06-15 09:16:28,TI-02,drone,saudavel,saudavel,0.9986,agrosmart-v1,simulado,sim-2026-06
a8f9abba-1bde-5d8b-8a17-4ea7d02fea21,BV-02_20260615_0016.jpg,2026-06-15 09:17:02,BV-02,smartphone,saudavel,saudavel,0.7343,agrosmart-v1,simulado,sim-2026-06
9908e2c7-b90f-580d-8eff-38ab49b93fd8,SC-03_20260615_0006.jpg,2026-06-15 09:17:06,SC-03,smartphone,saudavel,saudavel,0.9890,agrosmart-v1,simulado,sim-2026-06
c925ffe3-9080-571e-bd1f-3df5b7cf2a34,TI-02_20260615_0009.jpg,2026-06-15 09:17:10,TI-02,drone,saudavel,saudavel,0.8718,agrosmart-v1,simulado,sim-2026-06
0280ca5f-8fed-5d9c-93ec-a8f06459e2c5,BV-02_20260615_0017.jpg,2026-06-15 09:17:23,BV-02,smartphone,saudavel,saudavel,0.8490,agrosmart-v1,simulado,sim-2026-06
599625d4-5da0-57ea-bbbc-2d7e082d6e60,SC-03_20260615_0007.jpg,2026-06-15 09:17:49,SC-03,smartphone,saudavel,saudavel,0.9209,agrosmart-v1,simulado,sim-2026-06
2c689eb4-e300-53b6-8141-8db9026bf113,TI-02_20260615_0010.jpg,2026-06-15 09:17:59,TI-02,drone,saudavel,saudavel,0.9553,agrosmart-v1,simulado,sim-2026-06
0fdabfcb-26d0-5dd4-97a7-6e32355009e2,BV-02_20260615_0018.jpg,2026-06-15 09:18:09,BV-02,smartphone,saudavel,saudavel,0.9703,agrosmart-v1,simulado,sim-2026-06
20162988-9d3e-5f62-b5d8-39b0de1d4ab9,SC-03_20260615_0008.jpg,2026-06-15 09:18:28,SC-03,smartphone,saudavel,saudavel,0.9975,agrosmart-v1,simulado,sim-2026-06
149748ca-162a-507f-9a03-a7934fa86f96,TI-02_20260615_0011.jpg,2026-06-15 09:18:32,TI-02,drone,saudavel,saudavel,0.9229,agrosmart-v1,simulado,sim-2026-06
6d934004-595f-5be1-aa4f-d92923c3b576,BV-02_20260615_0019.jpg,2026-06-15 09:18:57,BV-02,smartphone,saudavel,saudavel,0.8370,agrosmart-v1,simulado,sim-2026-06
49fc1f2a-237d-5eb9-8225-9387dc7dd8af,TI-02_20260615_0012.jpg,2026-06-15 09:19:01,TI-02,drone,saudavel,saudavel,0.9727,agrosmart-v1,simulado,sim-2026-06
6e238514-997d-531c-be20-f2b18a238353,SC-03_20260615_0009.jpg,2026-06-15 09:19:11,SC-03,smartphone,saudavel,saudavel,1.0000,agrosmart-v1,simulado,sim-2026-06
d01b2311-d59e-50da-a90d-eec44476abd6,BV-02_20260615_0020.jpg,2026-06-15 09:19:20,BV-02,smartphone,saudavel,saudavel,0.9974,agrosmart-v1,simulado,sim-2026-06
831f7a79-49f7-5a81-9094-9ddc3487b9d6,SC-03_20260615_0010.jpg,2026-06-15 09:20:02,SC-03,smartphone,saudavel,saudavel,0.9580,agrosmart-v1,simulado,sim-2026-06
f5a4fb18-cf04-5ae6-b8a3-53f1e0514430,TI-02_20260615_0013.jpg,2026-06-15 09:20:03,TI-02,drone,saudavel,saudavel,0.8747,agrosmart-v1,simulado,sim-2026-06
13c5a32e-451f-5ada-b6af-fe13b1675f69,BV-02_20260615_0021.jpg,2026-06-15 09:20:24,BV-02,smartphone,saudavel,saudavel,0.9992,agrosmart-v1,simulado,sim-2026-06
acc9410d-ffc4-5f9a-8dd1-6f62ad0f7582,SC-03_20260615_0011.jpg,2026-06-15 09:20:28,SC-03,smartphone,saudavel,saudavel,0.9075,agrosmart-v1,simulado,sim-2026-06
db6cf8c0-b3e2-5ad8-baf2-a7e3ed6a229d,TI-02_20260615_0014.jpg,2026-06-15 09:20:32,TI-02,drone,saudavel,saudavel,0.9684,agrosmart-v1,simulado,sim-2026-06
36c93746-3046-55b7-9631-6ee4f311f6ca,BV-02_20260615_0022.jpg,2026-06-15 09:20:43,BV-02,smartphone,saudavel,saudavel,0.9770,agrosmart-v1,simulado,sim-2026-06
156205b8-adc9-558d-af82-0d4954e52424,SC-03_20260615_0012.jpg,2026-06-15 09:21:23,SC-03,smartphone,saudavel,saudavel,0.9635,agrosmart-v1,simulado,sim-2026-06
5e5ffee5-ab3c-54d6-8ae3-31f8f9980d5a,TI-02_20260615_0015.jpg,2026-06-15 09:21:23,TI-02,drone,saudavel,saudavel,0.9931,agrosmart-v1,simulado,sim-2026-06
96e7cac7-22af-5ddc-b326-e761b3a7371d,BV-02_20260615_0023.jpg,2026-06-15 09:21:42,BV-02,smartphone,saudavel,saudavel,0.9788,agrosmart-v1,simulado,sim-2026-06
5bc5d230-c21b-5ed9-ae81-70408de3fb11,TI-02_20260615_0016.jpg,2026-06-15 09:21:42,TI-02,drone,saudavel,saudavel,0.8275,agrosmart-v1,simulado,sim-2026-06
70511e3c-a551-52f3-9ed6-321d5d49a09a,SC-03_20260615_0013.jpg,2026-06-15 09:21:53,SC-03,smartphone,saudavel,saudavel,0.8872,agrosmart-v1,simulado,sim-2026-06
ce0f6e2d-29bf-59fc-a11f-ef22f155e3b9,BV-02_20260615_0024.jpg,2026-06-15 09:22:09,BV-02,smartphone,saudavel,saudavel,0.9374,agrosmart-v1,simulado,sim-2026-06
62500e1b-862d-5291-8561-0ff9be21b979,TI-02_20260615_0017.jpg,2026-06-15 09:22:22,TI-02,drone,saudavel,saudavel,0.9413,agrosmart-v1,simulado,sim-2026-06
6f0a65bf-8ec3-5d0c-8aba-dc952536c552,SC-03_20260615_0014.jpg,2026-06-15 09:22:42,SC-03,smartphone,doente,requeima,0.9946,agrosmart-v1,simulado,sim-2026-06
798fea27-64c2-552f-9a53-36324eb0630a,BV-02_20260615_0025.jpg,2026-06-15 09:22:59,BV-02,smartphone,saudavel,saudavel,0.9170,agrosmart-v1,simulado,sim-2026-06
45fe4d72-2eb0-5d66-b642-47b0cea4a205,SC-03_20260615_0015.jpg,2026-06-15 09:23:06,SC-03,smartphone,doente,mosca_minadora,0.9638,agrosmart-v1,simulado,sim-2026-06
b26cfe8e-f296-5ffc-a029-1e953c2f74a2,TI-02_20260615_0018.jpg,2026-06-15 09:23:26,TI-02,drone,saudavel,saudavel,0.7076,agrosmart-v1,simulado,sim-2026-06
092880fb-2721-5207-b22c-732557d96361,BV-02_20260615_0026.jpg,2026-06-15 09:23:35,BV-02,smartphone,saudavel,saudavel,0.9998,agrosmart-v1,simulado,sim-2026-06
8eccb33d-308b-556c-9588-56cca2e4415d,SC-03_20260615_0016.jpg,2026-06-15 09:23:48,SC-03,smartphone,saudavel,saudavel,0.9854,agrosmart-v1,simulado,sim-2026-06
6b97ec7f-84d0-543b-9df3-d9683db30032,TI-02_20260615_0019.jpg,2026-06-15 09:24:10,TI-02,drone,saudavel,saudavel,0.9200,agrosmart-v1,simulado,sim-2026-06
a6275fc5-78e5-5bb9-aab7-7fc7dcca33e1,SC-03_20260615_0017.jpg,2026-06-15 09:24:25,SC-03,smartphone,saudavel,saudavel,0.9887,agrosmart-v1,simulado,sim-2026-06
fbe123a7-041b-55aa-a218-cd4afcefd441,BV-02_20260615_0027.jpg,2026-06-15 09:24:27,BV-02,smartphone,saudavel,saudavel,0.8980,agrosmart-v1,simulado,sim-2026-06
7df49930-73c3-5790-a7d8-84d60204df88,TI-02_20260615_0020.jpg,2026-06-15 09:24:30,TI-02,drone,saudavel,saudavel,0.9941,agrosmart-v1,simulado,sim-2026-06
c0e4c88b-c2af-5a75-b8fb-92749eaf39b9,BV-02_20260615_0028.jpg,2026-06-15 09:24:53,BV-02,smartphone,saudavel,saudavel,0.9308,agrosmart-v1,simulado,sim-2026-06
bb2e80c3-b64e-55f5-83d5-b12edf0cec5f,SC-03_20260615_0018.jpg,2026-06-15 09:25:13,SC-03,smartphone,saudavel,saudavel,0.9947,agrosmart-v1,simulado,sim-2026-06
4cdcb46c-0982-59aa-80a7-421e50ce9079,TI-02_20260615_0021.jpg,2026-06-15 09:25:17,TI-02,drone,saudavel,saudavel,0.6116,agrosmart-v1,simulado,sim-2026-06
740df851-72eb-5a45-90ff-0554561466bd,BV-02_20260615_0029.jpg,2026-06-15 09:25:41,BV-02,smartphone,saudavel,saudavel,0.9999,agrosmart-v1,simulado,sim-2026-06
eb1dde09-0123-509a-a3fd-b2ab14467532,TI-02_20260615_0022.jpg,2026-06-15 09:25:55,TI-02,drone,saudavel,saudavel,0.9987,agrosmart-v1,simulado,sim-2026-06
3abdd91a-b855-5a3f-92d0-2f4ae55d1595,SC-03_20260615_0019.jpg,2026-06-15 09:26:04,SC-03,smartphone,saudavel,saudavel,0.9172,agrosmart-v1,simulado,sim-2026-06
f244212c-9825-599e-ace2-2300a595c2c6,BV-02_20260615_0030.jpg,2026-06-15 09:26:15,BV-02,smartphone,saudavel,saudavel,0.9986,agrosmart-v1,simulado,sim-2026-06
592725db-7c8e-536a-84a8-29c79fb5f2fb,BV-02_20260615_0031.jpg,2026-06-15 09:26:42,BV-02,smartphone,saudavel,saudavel,0.9056,agrosmart-v1,simulado,sim-2026-06
120aa4ba-d697-5790-9d4f-84527ea7b616,SC-03_20260615_0020.jpg,2026-06-15 09:26:44,SC-03,smartphone,doente,requeima,0.9968,agrosmart-v1,simulado,sim-2026-06
df96a71f-fa92-5b0f-be66-8222fb6aa452,TI-02_20260615_0023.jpg,2026-06-15 09:26:48,TI-02,drone,saudavel,saudavel,0.9959,agrosmart-v1,simulado,sim-2026-06
05121abd-f6cb-5a84-9006-8a49979f0004,TI-02_20260615_0024.jpg,2026-06-15 09:27:03,TI-02,drone,saudavel,saudavel,0.9216,agrosmart-v1,simulado,sim-2026-06
fb2909fd-75f8-5223-a0f2-497b7255b674,SC-03_20260615_0021.jpg,2026-06-15 09:27:17,SC-03,smartphone,saudavel,saudavel,0.9534,agrosmart-v1,simulado,sim-2026-06
e41efe15-1b40-52d8-8954-d2ef44230b30,BV-02_20260615_0032.jpg,2026-06-15 09:27:49,BV-02,smartphone,saudavel,saudavel,0.9740,agrosmart-v1,simulado,sim-2026-06
f2b9a56c-efac-5c63-aeda-be4dc6d7dd52,TI-02_20260615_0025.jpg,2026-06-15 09:27:54,TI-02,drone,saudavel,saudavel,0.9235,agrosmart-v1,simulado,sim-2026-06
019c40fa-65ec-5b0a-8738-32ddb8fb55c1,SC-03_20260615_0022.jpg,2026-06-15 09:27:55,SC-03,smartphone,doente,vaquinha,0.8688,agrosmart-v1,simulado,sim-2026-06
dd53003f-b219-5aba-92b0-c9cdc634ca94,BV-02_20260615_0033.jpg,2026-06-15 09:28:19,BV-02,smartphone,saudavel,saudavel,0.9998,agrosmart-v1,simulado,sim-2026-06
d70fbf96-d076-5712-b26e-2dfa2ab535bf,TI-02_20260615_0026.jpg,2026-06-15 09:28:34,TI-02,drone,saudavel,saudavel,0.8542,agrosmart-v1,simulado,sim-2026-06
4004a776-e61c-5df2-a21b-0e1c08827fd5,SC-03_20260615_0023.jpg,2026-06-15 09:28:36,SC-03,smartphone,saudavel,saudavel,0.9947,agrosmart-v1,simulado,sim-2026-06
f334dd80-fd66-521e-967c-379d41b8ddf8,SC-03_20260615_0024.jpg,2026-06-15 09:29:26,SC-03,smartphone,saudavel,saudavel,0.9944,agrosmart-v1,simulado,sim-2026-06
a83e86d4-73d8-550a-ab91-b95d259be362,TI-02_20260615_0027.jpg,2026-06-15 09:29:29,TI-02,drone,saudavel,saudavel,0.8482,agrosmart-v1,simulado,sim-2026-06
b36dfda3-3b35-5767-92db-29367633a0aa,TI-02_20260615_0028.jpg,2026-06-15 09:29:45,TI-02,drone,saudavel,saudavel,0.9269,agrosmart-v1,simulado,sim-2026-06
656a843d-4e44-5df3-b462-45e7e0ef1982,SC-03_20260615_0025.jpg,2026-06-15 09:30:00,SC-03,smartphone,saudavel,saudavel,0.9366,agrosmart-v1,simulado,sim-2026-06
f73caa87-a6a1-5b22-a725-2b937a10dc32,TI-02_20260615_0029.jpg,2026-06-15 09:30:24,TI-02,drone,saudavel,saudavel,0.8965,agrosmart-v1,simulado,sim-2026-06
7c74b8d8-8113-5c6f-b0a3-6d0925a943bc,SC-03_20260615_0026.jpg,2026-06-15 09:30:26,SC-03,smartphone,saudavel,saudavel,0.9171,agrosmart-v1,simulado,sim-2026-06
f37f9b70-b010-5d3b-ac52-f84f17afe65d,SC-03_20260615_0027.jpg,2026-06-15 09:31:02,SC-03,smartphone,saudavel,saudavel,0.9041,agrosmart-v1,simulado,sim-2026-06
e7e70b0c-6ce8-5445-8bae-a535bc44d4e9,TI-02_20260615_0030.jpg,2026-06-15 09:31:02,TI-02,drone,saudavel,saudavel,0.9083,agrosmart-v1,simulado,sim-2026-06
09ca23e5-eb81-5fb9-a241-c43f4231eaff,TI-02_20260615_0031.jpg,2026-06-15 09:31:58,TI-02,drone,saudavel,saudavel,0.9494,agrosmart-v1,simulado,sim-2026-06
0c981dfd-8c70-5338-8845-14c7a941c82d,TI-02_20260615_0032.jpg,2026-06-15 09:32:31,TI-02,drone,saudavel,saudavel,0.9457,agrosmart-v1,simulado,sim-2026-06
2ab6d746-f232-55c3-9cc1-a6af3d2a246f,TI-02_20260615_0033.jpg,2026-06-15 09:33:01,TI-02,drone,saudavel,saudavel,0.8607,agrosmart-v1,simulado,sim-2026-06
61c23105-0c34-5368-9433-9d91132dfd73,TI-02_20260615_0034.jpg,2026-06-15 09:34:04,TI-02,drone,saudavel,saudavel,0.9977,agrosmart-v1,simulado,sim-2026-06
5f90f6b1-2e1c-545b-a42b-42a0af7cd7a6,TI-02_20260615_0035.jpg,2026-06-15 09:34:44,TI-02,drone,saudavel,saudavel,0.8728,agrosmart-v1,simulado,sim-2026-06
0b128cb6-1c9c-5965-afe4-820cb54b58ec,TI-02_20260615_0036.jpg,2026-06-15 09:35:03,TI-02,drone,saudavel,saudavel,0.8536,agrosmart-v1,simulado,sim-2026-06
45647a74-cfff-57ec-9c54-a19c499cc873,TI-02_20260615_0037.jpg,2026-06-15 09:35:53,TI-02,drone,saudavel,saudavel,0.9432,agrosmart-v1,simulado,sim-2026-06
dd0a16b5-ca88-5faa-bbf2-170ff8310ef4,TI-02_20260615_0038.jpg,2026-06-15 09:36:33,TI-02,drone,saudavel,saudavel,0.9218,agrosmart-v1,simulado,sim-2026-06
70161d04-eecd-5a44-af80-f4215651bf73,TI-02_20260615_0039.jpg,2026-06-15 09:37:08,TI-02,drone,saudavel,saudavel,0.7106,agrosmart-v1,simulado,sim-2026-06
2e938610-14e2-54fe-8d7c-d07095c896cf,TI-04_20260615_0001.jpg,2026-06-15 09:51:02,TI-04,drone,saudavel,saudavel,0.9488,agrosmart-v1,simulado,sim-2026-06
547ab80c-0da0-5547-83cc-270065f3e309,TI-04_20260615_0002.jpg,2026-06-15 09:51:47,TI-04,drone,saudavel,saudavel,0.9277,agrosmart-v1,simulado,sim-2026-06
b6e42327-cf4c-5ea7-aad4-c1b111b05b42,TI-04_20260615_0003.jpg,2026-06-15 09:52:01,TI-04,drone,saudavel,saudavel,0.8709,agrosmart-v1,simulado,sim-2026-06
5227934d-93cd-5c94-b32c-c9baa0efcb1b,TI-04_20260615_0004.jpg,2026-06-15 09:53:07,TI-04,drone,saudavel,saudavel,0.9857,agrosmart-v1,simulado,sim-2026-06
2256e76f-0366-596e-a754-38e25e3aa93c,TI-04_20260615_0005.jpg,2026-06-15 09:53:26,TI-04,drone,saudavel,saudavel,0.9685,agrosmart-v1,simulado,sim-2026-06
d6ada768-3617-5052-a4ed-6b196fe0d423,TI-04_20260615_0006.jpg,2026-06-15 09:54:11,TI-04,drone,saudavel,saudavel,0.9996,agrosmart-v1,simulado,sim-2026-06
7043a6c0-2093-5361-ad19-cf26d0cfc605,TI-04_20260615_0007.jpg,2026-06-15 09:55:03,TI-04,drone,saudavel,saudavel,0.9997,agrosmart-v1,simulado,sim-2026-06
7c2b96fd-e9a1-581b-8f0e-5c13adccfe4d,TI-04_20260615_0008.jpg,2026-06-15 09:55:41,TI-04,drone,saudavel,saudavel,1.0000,agrosmart-v1,simulado,sim-2026-06
ea28147c-3475-56de-a0d2-9ff03cd13394,TI-04_20260615_0009.jpg,2026-06-15 09:56:18,TI-04,drone,saudavel,saudavel,0.9473,agrosmart-v1,simulado,sim-2026-06
512f34a4-a820-544b-b688-b821d795d4c8,TI-04_20260615_0010.jpg,2026-06-15 09:56:46,TI-04,drone,saudavel,saudavel,0.9386,agrosmart-v1,simulado,sim-2026-06
38488a3a-5511-54e5-b03d-e8f024629d34,TI-04_20260615_0011.jpg,2026-06-15 09:57:31,TI-04,drone,saudavel,saudavel,0.9771,agrosmart-v1,simulado,sim-2026-06
c560e72c-407a-5e04-a9f7-38850cfb7230,TI-04_20260615_0012.jpg,2026-06-15 09:58:04,TI-04,drone,saudavel,saudavel,0.9948,agrosmart-v1,simulado,sim-2026-06
10639d02-327a-51d0-92cf-52bf3771b466,TI-04_20260615_0013.jpg,2026-06-15 09:59:06,TI-04,drone,saudavel,saudavel,0.9464,agrosmart-v1,simulado,sim-2026-06
4168fbf1-df31-5a2c-8f67-34f966696a89,TI-04_20260615_0014.jpg,2026-06-15 09:59:43,TI-04,drone,saudavel,saudavel,0.9948,agrosmart-v1,simulado,sim-2026-06
867296b9-f8bb-540e-a2c2-319e30501f1c,TI-04_20260615_0015.jpg,2026-06-15 10:00:01,TI-04,drone,saudavel,saudavel,0.5431,agrosmart-v1,simulado,sim-2026-06
11e3ebf9-cfc3-52f4-9c6e-37ffc2e5d3c8,TI-04_20260615_0016.jpg,2026-06-15 10:00:56,TI-04,drone,doente,vaquinha,0.9986,agrosmart-v1,simulado,sim-2026-06
3a80569f-f806-56ff-80ec-a1c8668aae14,TI-04_20260615_0017.jpg,2026-06-15 10:01:22,TI-04,drone,saudavel,saudavel,0.8950,agrosmart-v1,simulado,sim-2026-06
a7e1f62f-32b9-5d45-9fd1-89ab67a74bd1,TI-04_20260615_0018.jpg,2026-06-15 10:02:22,TI-04,drone,saudavel,saudavel,0.9989,agrosmart-v1,simulado,sim-2026-06
1a9dc405-f3f8-5c61-9564-907dcfead5bf,TI-04_20260615_0019.jpg,2026-06-15 10:02:56,TI-04,drone,saudavel,saudavel,0.9998,agrosmart-v1,simulado,sim-2026-06
00fd2042-d6b2-5808-a8ee-6d1758f550e3,TI-04_20260615_0020.jpg,2026-06-15 10:03:24,TI-04,drone,saudavel,saudavel,0.9028,agrosmart-v1,simulado,sim-2026-06
7964f031-f71d-5f3c-941e-f863855c4839,TI-04_20260615_0021.jpg,2026-06-15 10:04:29,TI-04,drone,saudavel,saudavel,0.9578,agrosmart-v1,simulado,sim-2026-06
4b72e6ac-cf7d-5f08-9a1c-c45babf1903e,TI-04_20260615_0022.jpg,2026-06-15 10:04:41,TI-04,drone,saudavel,saudavel,0.8500,agrosmart-v1,simulado,sim-2026-06
d1cf75c3-a6d3-54ce-bc11-94ddd0088985,TI-04_20260615_0023.jpg,2026-06-15 10:05:28,TI-04,drone,saudavel,saudavel,0.9799,agrosmart-v1,simulado,sim-2026-06
665c8167-5ac4-5674-98f3-1c117b1f3964,TI-04_20260615_0024.jpg,2026-06-15 10:06:17,TI-04,drone,saudavel,saudavel,0.9016,agrosmart-v1,simulado,sim-2026-06
7255a73a-5af8-5787-ac96-a5853a04b02f,TI-04_20260615_0025.jpg,2026-06-15 10:06:57,TI-04,drone,doente,vaquinha,0.9717,agrosmart-v1,simulado,sim-2026-06
426c8b86-7e94-5466-aae1-f8fc0b3985cd,TI-04_20260615_0026.jpg,2026-06-15 10:07:28,TI-04,drone,saudavel,saudavel,0.9940,agrosmart-v1,simulado,sim-2026-06
4e32ec26-1535-5e40-83c6-2a36e297620b,BV-01_20260617_0001.jpg,2026-06-17 07:18:09,BV-01,smartphone,saudavel,saudavel,0.9723,agrosmart-v1,simulado,sim-2026-06
5ed435a2-cb9f-5947-a07a-0911df1a6582,BV-01_20260617_0002.jpg,2026-06-17 07:18:23,BV-01,smartphone,saudavel,saudavel,0.8936,agrosmart-v1,simulado,sim-2026-06
e9bc4aea-2cbe-5935-852d-ef5db720e547,BV-01_20260617_0003.jpg,2026-06-17 07:19:20,BV-01,smartphone,saudavel,saudavel,0.9649,agrosmart-v1,simulado,sim-2026-06
35af0039-7391-50ce-9b23-6cb84ed420eb,BV-01_20260617_0004.jpg,2026-06-17 07:19:41,BV-01,smartphone,saudavel,saudavel,0.9412,agrosmart-v1,simulado,sim-2026-06
1c123324-132f-5c7b-8747-2b367e6b7cd9,BV-01_20260617_0005.jpg,2026-06-17 07:20:34,BV-01,smartphone,saudavel,saudavel,0.6544,agrosmart-v1,simulado,sim-2026-06
379d5532-bc66-5a7f-99aa-6b3afd6c50c5,BV-01_20260617_0006.jpg,2026-06-17 07:21:00,BV-01,smartphone,saudavel,saudavel,0.9205,agrosmart-v1,simulado,sim-2026-06
05ca27d5-73d4-5d98-9188-adb28d42bfe0,BV-01_20260617_0007.jpg,2026-06-17 07:22:02,BV-01,smartphone,saudavel,saudavel,0.9724,agrosmart-v1,simulado,sim-2026-06
b3c026d3-71f9-5aee-9b13-fd0e259dac57,BV-01_20260617_0008.jpg,2026-06-17 07:22:42,BV-01,smartphone,doente,requeima,0.9567,agrosmart-v1,simulado,sim-2026-06
9771fdd7-f893-5285-b4d5-8326ccbf58dd,BV-01_20260617_0009.jpg,2026-06-17 07:23:27,BV-01,smartphone,saudavel,saudavel,0.8812,agrosmart-v1,simulado,sim-2026-06
baf4b421-b3f8-5b12-9d69-0b8d426976f0,BV-01_20260617_0010.jpg,2026-06-17 07:23:47,BV-01,smartphone,saudavel,saudavel,0.7776,agrosmart-v1,simulado,sim-2026-06
51bbb224-1a3e-50d8-a4ad-2ea438f1e0de,BV-01_20260617_0011.jpg,2026-06-17 07:24:35,BV-01,smartphone,saudavel,saudavel,0.9484,agrosmart-v1,simulado,sim-2026-06
cc9bc218-c212-5733-812d-50b1b163d4a0,BV-01_20260617_0012.jpg,2026-06-17 07:25:10,BV-01,smartphone,saudavel,saudavel,0.9711,agrosmart-v1,simulado,sim-2026-06
8cac2f26-39b5-5b08-a706-f2e4556719c3,BV-01_20260617_0013.jpg,2026-06-17 07:26:10,BV-01,smartphone,saudavel,saudavel,0.9760,agrosmart-v1,simulado,sim-2026-06
cea997bf-22c6-52e1-ae45-39334a68eba4,BV-01_20260617_0014.jpg,2026-06-17 07:26:30,BV-01,smartphone,saudavel,saudavel,0.9620,agrosmart-v1,simulado,sim-2026-06
ecc1d4b1-21f4-51f6-a187-8f7479509206,BV-01_20260617_0015.jpg,2026-06-17 07:27:20,BV-01,smartphone,saudavel,saudavel,0.9447,agrosmart-v1,simulado,sim-2026-06
08dbb575-a53f-5bc6-b1a2-a653777bc1f4,BV-01_20260617_0016.jpg,2026-06-17 07:28:01,BV-01,smartphone,saudavel,saudavel,0.9128,agrosmart-v1,simulado,sim-2026-06
7983e45b-fdc8-511f-acba-0271f4916492,BV-01_20260617_0017.jpg,2026-06-17 07:28:40,BV-01,smartphone,saudavel,saudavel,0.9574,agrosmart-v1,simulado,sim-2026-06
ed14da03-3e0d-50e1-ab56-8a13150283d9,SC-01_20260617_0001.jpg,2026-06-17 07:28:41,SC-01,smartphone,saudavel,saudavel,0.9299,agrosmart-v1,simulado,sim-2026-06
6fbbcd4d-00cc-58e5-bf50-58cbb568ef66,BV-01_20260617_0018.jpg,2026-06-17 07:29:14,BV-01,smartphone,saudavel,saudavel,0.9965,agrosmart-v1,simulado,sim-2026-06
908ece58-bf13-5c07-b3a1-f2e94a991f33,SC-01_20260617_0002.jpg,2026-06-17 07:29:31,SC-01,smartphone,saudavel,saudavel,0.8782,agrosmart-v1,simulado,sim-2026-06
eb65e2fe-a194-5ea9-8ba2-bb9d2c19c0c0,BV-01_20260617_0019.jpg,2026-06-17 07:30:03,BV-01,smartphone,saudavel,saudavel,0.9898,agrosmart-v1,simulado,sim-2026-06
d550e8fc-77f6-5bfc-b641-541f40752c3d,SC-01_20260617_0003.jpg,2026-06-17 07:30:23,SC-01,smartphone,saudavel,saudavel,0.9934,agrosmart-v1,simulado,sim-2026-06
ba3ab09d-7fe9-52af-acad-34129a135eb5,BV-01_20260617_0020.jpg,2026-06-17 07:30:45,BV-01,smartphone,saudavel,saudavel,0.9830,agrosmart-v1,simulado,sim-2026-06
e83dafd3-0f17-55ff-8059-1e12259d87a8,SC-01_20260617_0004.jpg,2026-06-17 07:31:00,SC-01,smartphone,saudavel,saudavel,0.9988,agrosmart-v1,simulado,sim-2026-06
ccdfdb4d-0919-55b8-b1ba-c3b1dc384d23,BV-01_20260617_0021.jpg,2026-06-17 07:31:26,BV-01,smartphone,saudavel,saudavel,0.8318,agrosmart-v1,simulado,sim-2026-06
df6f1c32-8c02-5ebb-92fb-46394e5c9d50,SC-01_20260617_0005.jpg,2026-06-17 07:31:43,SC-01,smartphone,saudavel,saudavel,0.9826,agrosmart-v1,simulado,sim-2026-06
992b75da-17f5-5a48-a486-ee645b2166fa,BV-01_20260617_0022.jpg,2026-06-17 07:31:50,BV-01,smartphone,doente,pinta_preta,0.7327,agrosmart-v1,simulado,sim-2026-06
509421a6-4757-51f8-888d-2c952c79ec21,SC-01_20260617_0006.jpg,2026-06-17 07:32:10,SC-01,smartphone,saudavel,saudavel,0.8889,agrosmart-v1,simulado,sim-2026-06
a6fe30c0-8044-5359-b147-a2f76a855a35,BV-01_20260617_0023.jpg,2026-06-17 07:32:23,BV-01,smartphone,saudavel,saudavel,0.9230,agrosmart-v1,simulado,sim-2026-06
f9ffc7d1-48df-5053-bea0-176ed392e6d1,SC-01_20260617_0007.jpg,2026-06-17 07:32:44,SC-01,smartphone,saudavel,saudavel,0.9999,agrosmart-v1,simulado,sim-2026-06
46e5939b-412d-5a5b-abbb-1cc4492f48e6,BV-01_20260617_0024.jpg,2026-06-17 07:33:30,BV-01,smartphone,saudavel,saudavel,0.8624,agrosmart-v1,simulado,sim-2026-06
2ba84208-8614-581d-9384-9b4444b10b71,SC-01_20260617_0008.jpg,2026-06-17 07:33:45,SC-01,smartphone,saudavel,saudavel,0.9732,agrosmart-v1,simulado,sim-2026-06
c15b1ebc-6daa-51f1-ae31-77866ffb2015,BV-01_20260617_0025.jpg,2026-06-17 07:33:58,BV-01,smartphone,saudavel,saudavel,0.9991,agrosmart-v1,simulado,sim-2026-06
c56603a7-5f51-5e06-b13e-87686f545292,SC-01_20260617_0009.jpg,2026-06-17 07:34:03,SC-01,smartphone,saudavel,saudavel,0.8203,agrosmart-v1,simulado,sim-2026-06
bcd76444-aee4-5134-bd73-a0ea37c4b0b4,BV-01_20260617_0026.jpg,2026-06-17 07:34:35,BV-01,smartphone,saudavel,saudavel,0.9600,agrosmart-v1,simulado,sim-2026-06
a76b4648-fb80-5c64-805c-982bee1ee838,SC-01_20260617_0010.jpg,2026-06-17 07:34:49,SC-01,smartphone,saudavel,saudavel,0.9537,agrosmart-v1,simulado,sim-2026-06
7890cdce-e7e2-5359-9a78-baabf52513f4,BV-01_20260617_0027.jpg,2026-06-17 07:35:01,BV-01,smartphone,saudavel,saudavel,0.9242,agrosmart-v1,simulado,sim-2026-06
1dc81531-17b9-59af-a6c0-77fdab0016fd,SC-01_20260617_0011.jpg,2026-06-17 07:35:23,SC-01,smartphone,saudavel,saudavel,0.8527,agrosmart-v1,simulado,sim-2026-06
d5ab263a-0ada-53f3-aa87-675e1dea0c95,BV-01_20260617_0028.jpg,2026-06-17 07:36:00,BV-01,smartphone,doente,pinta_preta,0.6030,agrosmart-v1,simulado,sim-2026-06
98597d36-b068-5e73-8bc0-6929af236db9,SC-01_20260617_0012.jpg,2026-06-17 07:36:09,SC-01,smartphone,saudavel,saudavel,0.9892,agrosmart-v1,simulado,sim-2026-06
30806732-6c4d-5e42-9c0c-9beed3817d4c,BV-01_20260617_0029.jpg,2026-06-17 07:36:34,BV-01,smartphone,saudavel,saudavel,0.8744,agrosmart-v1,simulado,sim-2026-06
fbc5f34c-2413-500a-8060-453ed3803464,SC-01_20260617_0013.jpg,2026-06-17 07:37:01,SC-01,smartphone,saudavel,saudavel,0.9125,agrosmart-v1,simulado,sim-2026-06
2f746291-8cbd-51da-bcd0-7cc965fb8cf9,SC-01_20260617_0014.jpg,2026-06-17 07:37:38,SC-01,smartphone,saudavel,saudavel,0.9995,agrosmart-v1,simulado,sim-2026-06
7250501f-a4ca-5981-874b-b5abc85c64a1,SC-01_20260617_0015.jpg,2026-06-17 07:38:01,SC-01,smartphone,saudavel,saudavel,0.9807,agrosmart-v1,simulado,sim-2026-06
fbc2011f-e023-538b-b521-bb94bc6af2b7,SC-01_20260617_0016.jpg,2026-06-17 07:38:45,SC-01,smartphone,saudavel,saudavel,0.9200,agrosmart-v1,simulado,sim-2026-06
3da60861-497f-5a9a-9d2b-b8ac6deed428,SC-01_20260617_0017.jpg,2026-06-17 07:39:43,SC-01,smartphone,saudavel,saudavel,0.8349,agrosmart-v1,simulado,sim-2026-06
7a595ecc-0e09-57f0-aa52-283b2b708a18,SC-01_20260617_0018.jpg,2026-06-17 07:40:06,SC-01,smartphone,saudavel,saudavel,0.8937,agrosmart-v1,simulado,sim-2026-06
1b95a793-ad3e-5ba7-98a4-74b4b4f8fb1a,SC-01_20260617_0019.jpg,2026-06-17 07:40:57,SC-01,smartphone,saudavel,saudavel,0.9874,agrosmart-v1,simulado,sim-2026-06
f2d35e88-db43-5d4d-9ebb-bb1651ebacae,SC-01_20260617_0020.jpg,2026-06-17 07:41:37,SC-01,smartphone,saudavel,saudavel,0.9987,agrosmart-v1,simulado,sim-2026-06
1beb391c-3e37-5def-ad61-7bd3560d8808,SC-01_20260617_0021.jpg,2026-06-17 07:42:26,SC-01,smartphone,saudavel,saudavel,0.8363,agrosmart-v1,simulado,sim-2026-06
1c551bbe-a727-5e3d-9f39-b7cf11dcdd4c,SC-01_20260617_0022.jpg,2026-06-17 07:42:59,SC-01,smartphone,saudavel,saudavel,0.9988,agrosmart-v1,simulado,sim-2026-06
9e684f10-e2f3-5022-a026-a759b4b5ec97,SC-01_20260617_0023.jpg,2026-06-17 07:43:30,SC-01,smartphone,saudavel,saudavel,0.9992,agrosmart-v1,simulado,sim-2026-06
53c359dc-bcb2-5e0d-86b1-350554ba3254,SC-01_20260617_0024.jpg,2026-06-17 07:44:18,SC-01,smartphone,saudavel,saudavel,0.8741,agrosmart-v1,simulado,sim-2026-06
bdf84620-ec02-55dd-9a1b-29e6beb3bdf7,SC-01_20260617_0025.jpg,2026-06-17 07:44:49,SC-01,smartphone,saudavel,saudavel,0.9663,agrosmart-v1,simulado,sim-2026-06
3f5d59ee-7c73-521a-9b13-b84a1ca9029a,SC-01_20260617_0026.jpg,2026-06-17 07:45:24,SC-01,smartphone,saudavel,saudavel,0.9386,agrosmart-v1,simulado,sim-2026-06
0461b51f-4bbc-5a50-914a-64c282113cee,TI-02_20260617_0001.jpg,2026-06-17 07:46:01,TI-02,drone,saudavel,saudavel,0.8836,agrosmart-v1,simulado,sim-2026-06
35e140b8-cd10-5d63-b36a-62ad4d7e0230,SC-01_20260617_0027.jpg,2026-06-17 07:46:02,SC-01,smartphone,saudavel,saudavel,0.9948,agrosmart-v1,simulado,sim-2026-06
4231cba9-40f0-525a-989b-044e94bcf59f,TI-02_20260617_0002.jpg,2026-06-17 07:46:25,TI-02,drone,saudavel,saudavel,0.9557,agrosmart-v1,simulado,sim-2026-06
56f0c7f3-e5de-503b-b4dc-012b4b96e5a4,SC-01_20260617_0028.jpg,2026-06-17 07:47:08,SC-01,smartphone,saudavel,saudavel,0.9021,agrosmart-v1,simulado,sim-2026-06
4264b8fe-ca91-5ce5-93c2-4b9e718cd1e5,TI-02_20260617_0003.jpg,2026-06-17 07:47:24,TI-02,drone,saudavel,saudavel,0.7315,agrosmart-v1,simulado,sim-2026-06
98d46c71-3e52-5372-8a45-d0e1939b87ff,SC-01_20260617_0029.jpg,2026-06-17 07:47:37,SC-01,smartphone,saudavel,saudavel,0.9882,agrosmart-v1,simulado,sim-2026-06
b20f62ac-1069-5aa4-b68c-bcc89be3c863,TI-02_20260617_0004.jpg,2026-06-17 07:48:10,TI-02,drone,saudavel,saudavel,0.9642,agrosmart-v1,simulado,sim-2026-06
7a707b48-7baf-5ffa-847d-f858177ff44a,SC-01_20260617_0030.jpg,2026-06-17 07:48:25,SC-01,smartphone,saudavel,saudavel,0.9378,agrosmart-v1,simulado,sim-2026-06
d48f04fa-733e-5557-bdb9-2289c054237f,TI-02_20260617_0005.jpg,2026-06-17 07:48:41,TI-02,drone,saudavel,saudavel,0.9325,agrosmart-v1,simulado,sim-2026-06
ad099509-f851-5f04-9d8c-2894d03af217,SC-01_20260617_0031.jpg,2026-06-17 07:48:59,SC-01,smartphone,saudavel,saudavel,0.8948,agrosmart-v1,simulado,sim-2026-06
2bddb148-0af7-5368-b830-879aaf4a7b0f,TI-02_20260617_0006.jpg,2026-06-17 07:49:06,TI-02,drone,saudavel,saudavel,0.8981,agrosmart-v1,simulado,sim-2026-06
d26aef36-7227-54c1-9d09-dd03effa989f,TI-02_20260617_0007.jpg,2026-06-17 07:49:57,TI-02,drone,saudavel,saudavel,0.9086,agrosmart-v1,simulado,sim-2026-06
7e32c3c8-b0b0-5988-b1ef-0aa4d9cb2f93,TI-02_20260617_0008.jpg,2026-06-17 07:50:21,TI-02,drone,saudavel,saudavel,0.9528,agrosmart-v1,simulado,sim-2026-06
de289cf8-eb4d-5fcf-9b52-2a790e5dee30,TI-02_20260617_0009.jpg,2026-06-17 07:51:11,TI-02,drone,saudavel,saudavel,0.9953,agrosmart-v1,simulado,sim-2026-06
af626711-ad1e-5a5c-adc0-05558d20b897,TI-02_20260617_0010.jpg,2026-06-17 07:51:54,TI-02,drone,saudavel,saudavel,0.9771,agrosmart-v1,simulado,sim-2026-06
99908e3b-5d91-560b-964e-228ea5cac329,TI-02_20260617_0011.jpg,2026-06-17 07:52:21,TI-02,drone,saudavel,saudavel,0.8467,agrosmart-v1,simulado,sim-2026-06
282ec2e2-9437-58eb-9bcc-05a5bc820252,TI-02_20260617_0012.jpg,2026-06-17 07:53:02,TI-02,drone,saudavel,saudavel,0.9990,agrosmart-v1,simulado,sim-2026-06
500c1415-667f-58d3-96e4-960703287c17,TI-02_20260617_0013.jpg,2026-06-17 07:53:59,TI-02,drone,saudavel,saudavel,0.9830,agrosmart-v1,simulado,sim-2026-06
73fa1e40-da89-5c9b-a0ab-8d88bf3e3e6b,TI-02_20260617_0014.jpg,2026-06-17 07:54:33,TI-02,drone,saudavel,saudavel,0.9820,agrosmart-v1,simulado,sim-2026-06
637d5ca1-3299-5242-bc23-ad569716a31a,TI-02_20260617_0015.jpg,2026-06-17 07:55:10,TI-02,drone,saudavel,saudavel,0.8696,agrosmart-v1,simulado,sim-2026-06
5335fe1d-537c-5635-afb3-4e161b7d5762,TI-02_20260617_0016.jpg,2026-06-17 07:55:59,TI-02,drone,saudavel,saudavel,0.9772,agrosmart-v1,simulado,sim-2026-06
e2f5cd5e-c703-5837-9e8a-ce896a393b8d,TI-02_20260617_0017.jpg,2026-06-17 07:56:29,TI-02,drone,saudavel,saudavel,0.9995,agrosmart-v1,simulado,sim-2026-06
a90efc01-00f3-51d9-b356-bfad9a1099d6,TI-02_20260617_0018.jpg,2026-06-17 07:57:11,TI-02,drone,saudavel,saudavel,0.9886,agrosmart-v1,simulado,sim-2026-06
a0e32f30-47c0-58d5-a1a5-1c110e42c7e9,TI-02_20260617_0019.jpg,2026-06-17 07:57:48,TI-02,drone,saudavel,saudavel,0.8724,agrosmart-v1,simulado,sim-2026-06
dbf5bd8d-a17f-561d-a1ef-c75d278308c4,TI-02_20260617_0020.jpg,2026-06-17 07:58:25,TI-02,drone,saudavel,saudavel,0.9627,agrosmart-v1,simulado,sim-2026-06
7f043157-ce83-5ad8-92c5-12ffa838580b,TI-02_20260617_0021.jpg,2026-06-17 07:59:22,TI-02,drone,saudavel,saudavel,0.8227,agrosmart-v1,simulado,sim-2026-06
faecc6e3-237b-5cbc-8462-2d95ca3e0c85,TI-02_20260617_0022.jpg,2026-06-17 08:00:06,TI-02,drone,doente,pinta_preta,0.9733,agrosmart-v1,simulado,sim-2026-06
b5ff6a61-461d-5ca2-a0ef-b86fdb049cad,TI-02_20260617_0023.jpg,2026-06-17 08:00:31,TI-02,drone,saudavel,saudavel,0.9990,agrosmart-v1,simulado,sim-2026-06
d3084933-9b15-5f1d-9267-fce72a0164ef,TI-02_20260617_0024.jpg,2026-06-17 08:01:00,TI-02,drone,saudavel,saudavel,0.9352,agrosmart-v1,simulado,sim-2026-06
6e45e915-688a-5d3f-9664-d73f7f941897,TI-02_20260617_0025.jpg,2026-06-17 08:01:45,TI-02,drone,saudavel,saudavel,0.9965,agrosmart-v1,simulado,sim-2026-06
38a69ad7-d98c-5b8f-8167-d1921d67845a,TI-02_20260617_0026.jpg,2026-06-17 08:02:50,TI-02,drone,saudavel,saudavel,0.9881,agrosmart-v1,simulado,sim-2026-06
a93f6a3b-97ac-571f-b901-a381a89c192c,TI-02_20260617_0027.jpg,2026-06-17 08:03:21,TI-02,drone,saudavel,saudavel,0.9401,agrosmart-v1,simulado,sim-2026-06
d325fc88-bb84-5fef-99ad-ebe21fd0c73f,TI-02_20260617_0028.jpg,2026-06-17 08:03:53,TI-02,drone,saudavel,saudavel,0.9963,agrosmart-v1,simulado,sim-2026-06
688697bc-0a29-542b-a8f9-a7a2a187ecab,TI-02_20260617_0029.jpg,2026-06-17 08:04:26,TI-02,drone,saudavel,saudavel,0.9883,agrosmart-v1,simulado,sim-2026-06
235a2909-840f-5498-9e6c-65a7a0048296,TI-04_20260617_0001.jpg,2026-06-17 08:05:07,TI-04,drone,saudavel,saudavel,0.9103,agrosmart-v1,simulado,sim-2026-06
1c956ae0-f8fc-5f13-9718-f2b6ca39ae61,TI-02_20260617_0030.jpg,2026-06-17 08:05:11,TI-02,drone,saudavel,saudavel,0.9954,agrosmart-v1,simulado,sim-2026-06
e6c0d97f-7469-502a-8b03-5fff90dc69aa,TI-04_20260617_0002.jpg,2026-06-17 08:05:22,TI-04,drone,saudavel,saudavel,0.9794,agrosmart-v1,simulado,sim-2026-06
c4e7a8e2-6e8c-55d8-aa72-c439ef17fd38,TI-02_20260617_0031.jpg,2026-06-17 08:05:59,TI-02,drone,saudavel,saudavel,0.9161,agrosmart-v1,simulado,sim-2026-06
44592cc8-bf5c-5f42-bb37-cfe6eb65c4c1,TI-04_20260617_0003.jpg,2026-06-17 08:06:23,TI-04,drone,saudavel,saudavel,0.9937,agrosmart-v1,simulado,sim-2026-06
14694294-b4ef-57ff-809b-c508813fd0de,TI-02_20260617_0032.jpg,2026-06-17 08:06:33,TI-02,drone,saudavel,saudavel,0.9857,agrosmart-v1,simulado,sim-2026-06
ba988039-c524-5860-8301-e48be0363710,TI-04_20260617_0004.jpg,2026-06-17 08:06:43,TI-04,drone,saudavel,saudavel,0.9894,agrosmart-v1,simulado,sim-2026-06
1afddb43-802d-5f72-a122-2b9acc9e8dad,TI-02_20260617_0033.jpg,2026-06-17 08:07:11,TI-02,drone,saudavel,saudavel,0.9764,agrosmart-v1,simulado,sim-2026-06
e068af84-b34b-5607-a7f1-b99dc1b90ca7,TI-04_20260617_0005.jpg,2026-06-17 08:07:43,TI-04,drone,saudavel,saudavel,0.8598,agrosmart-v1,simulado,sim-2026-06
662f190b-d381-542b-b270-9a16f07b4e56,TI-02_20260617_0034.jpg,2026-06-17 08:07:46,TI-02,drone,saudavel,saudavel,0.9888,agrosmart-v1,simulado,sim-2026-06
bd0f411f-253e-50df-8024-e77d708fce0a,TI-02_20260617_0035.jpg,2026-06-17 08:08:27,TI-02,drone,saudavel,saudavel,0.9961,agrosmart-v1,simulado,sim-2026-06
1775ee3c-a168-54f3-ad91-416b3633de6f,TI-04_20260617_0006.jpg,2026-06-17 08:08:28,TI-04,drone,saudavel,saudavel,0.9386,agrosmart-v1,simulado,sim-2026-06
3e2e3eac-e929-5bdd-bd46-ce9b6875d6ff,TI-04_20260617_0007.jpg,2026-06-17 08:08:43,TI-04,drone,saudavel,saudavel,0.9985,agrosmart-v1,simulado,sim-2026-06
bba39f0a-a15e-5e9e-93c0-e5f90670a508,TI-02_20260617_0036.jpg,2026-06-17 08:09:04,TI-02,drone,saudavel,saudavel,0.9790,agrosmart-v1,simulado,sim-2026-06
db8e7e35-1051-5136-a28b-fe7fb989adf7,TI-04_20260617_0008.jpg,2026-06-17 08:09:23,TI-04,drone,saudavel,saudavel,0.9639,agrosmart-v1,simulado,sim-2026-06
456cc145-8ff1-5a5b-878c-82cffaea22cd,TI-02_20260617_0037.jpg,2026-06-17 08:09:52,TI-02,drone,saudavel,saudavel,0.9074,agrosmart-v1,simulado,sim-2026-06
2b0bae2a-1174-5a21-aa33-9a2f2ff979c0,TI-04_20260617_0009.jpg,2026-06-17 08:10:30,TI-04,drone,saudavel,saudavel,0.9045,agrosmart-v1,simulado,sim-2026-06
85bb6e4b-75b5-59cc-82f8-bea355d15fea,TI-02_20260617_0038.jpg,2026-06-17 08:10:35,TI-02,drone,saudavel,saudavel,0.9116,agrosmart-v1,simulado,sim-2026-06
233d5bcb-141b-5095-a253-a8d7531a0104,TI-04_20260617_0010.jpg,2026-06-17 08:10:55,TI-04,drone,saudavel,saudavel,0.9089,agrosmart-v1,simulado,sim-2026-06
f987e3f4-d4db-53f8-843c-e9314fbc169f,TI-02_20260617_0039.jpg,2026-06-17 08:11:16,TI-02,drone,saudavel,saudavel,0.8563,agrosmart-v1,simulado,sim-2026-06
3484f3f3-57e8-5d20-9250-3420d83169c7,TI-04_20260617_0011.jpg,2026-06-17 08:11:43,TI-04,drone,saudavel,saudavel,0.9025,agrosmart-v1,simulado,sim-2026-06
e1bb48ad-b646-54c7-b480-03b1f69b9f38,TI-02_20260617_0040.jpg,2026-06-17 08:11:44,TI-02,drone,saudavel,saudavel,0.9822,agrosmart-v1,simulado,sim-2026-06
a9454b4d-5ffe-5db5-a9c0-3df65983109f,TI-04_20260617_0012.jpg,2026-06-17 08:12:11,TI-04,drone,saudavel,saudavel,0.9156,agrosmart-v1,simulado,sim-2026-06
1e97b48c-ef23-50ec-a60e-b07558aff962,TI-02_20260617_0041.jpg,2026-06-17 08:12:26,TI-02,drone,saudavel,saudavel,0.9892,agrosmart-v1,simulado,sim-2026-06
68a875fc-fd00-5143-88cd-ad5b31424945,TI-04_20260617_0013.jpg,2026-06-17 08:13:02,TI-04,drone,saudavel,saudavel,0.9360,agrosmart-v1,simulado,sim-2026-06
11dad24d-aaf9-5fa7-b86f-9a59f79d8cfe,TI-02_20260617_0042.jpg,2026-06-17 08:13:20,TI-02,drone,saudavel,saudavel,0.8664,agrosmart-v1,simulado,sim-2026-06
b71635a3-a7f4-505f-8f95-8f747188fd7b,TI-04_20260617_0014.jpg,2026-06-17 08:13:32,TI-04,drone,saudavel,saudavel,0.9739,agrosmart-v1,simulado,sim-2026-06
af25dd38-034a-568e-96d0-7d0177df7716,TI-02_20260617_0043.jpg,2026-06-17 08:13:56,TI-02,drone,saudavel,saudavel,0.8614,agrosmart-v1,simulado,sim-2026-06
cf650d20-17c2-532c-944b-3de29d7bb27b,TI-04_20260617_0015.jpg,2026-06-17 08:14:03,TI-04,drone,saudavel,saudavel,0.9831,agrosmart-v1,simulado,sim-2026-06
cecfdf48-04eb-5c3d-93c8-cb60d169dc2c,TI-02_20260617_0044.jpg,2026-06-17 08:14:38,TI-02,drone,saudavel,saudavel,0.8834,agrosmart-v1,simulado,sim-2026-06
68db28b6-8976-5bf4-bea8-73af9c5db897,TI-04_20260617_0016.jpg,2026-06-17 08:14:52,TI-04,drone,doente,pinta_preta,0.9677,agrosmart-v1,simulado,sim-2026-06
5092d36d-b3a8-5b06-93c5-78d335a7602d,TI-04_20260617_0017.jpg,2026-06-17 08:15:28,TI-04,drone,saudavel,saudavel,0.9971,agrosmart-v1,simulado,sim-2026-06
d5adfd88-3610-54e7-be70-54b6827fefcb,TI-04_20260617_0018.jpg,2026-06-17 08:16:14,TI-04,drone,saudavel,saudavel,0.9803,agrosmart-v1,simulado,sim-2026-06
ece36648-93c1-53dd-adad-7132f04c28cb,TI-04_20260617_0019.jpg,2026-06-17 08:16:48,TI-04,drone,saudavel,saudavel,0.9344,agrosmart-v1,simulado,sim-2026-06
ad86e919-a696-5da2-9a21-92a4b4b354e2,TI-04_20260617_0020.jpg,2026-06-17 08:17:48,TI-04,drone,saudavel,saudavel,0.9023,agrosmart-v1,simulado,sim-2026-06
214e5359-bebc-54ec-943a-7681196ecc65,TI-04_20260617_0021.jpg,2026-06-17 08:18:17,TI-04,drone,saudavel,saudavel,0.8535,agrosmart-v1,simulado,sim-2026-06
9cfa64e9-5b15-5512-9110-ea80a9c5758f,TI-04_20260617_0022.jpg,2026-06-17 08:19:02,TI-04,drone,saudavel,saudavel,0.9689,agrosmart-v1,simulado,sim-2026-06
7762e317-04e3-5421-8ab9-b4d0325ac2b1,TI-04_20260617_0023.jpg,2026-06-17 08:19:20,TI-04,drone,saudavel,saudavel,0.9335,agrosmart-v1,simulado,sim-2026-06
fec18d61-81b9-530a-9dde-4141d2368adb,TI-04_20260617_0024.jpg,2026-06-17 08:20:03,TI-04,drone,saudavel,saudavel,0.8933,agrosmart-v1,simulado,sim-2026-06
c6b4a7e4-76c3-526c-a23f-58cd86bcd518,TI-04_20260617_0025.jpg,2026-06-17 08:20:43,TI-04,drone,saudavel,saudavel,0.9073,agrosmart-v1,simulado,sim-2026-06
010cba8c-e777-51a0-b20c-65a2c1f19820,TI-01_20260617_0001.jpg,2026-06-17 08:20:52,TI-01,drone,saudavel,saudavel,0.5265,agrosmart-v1,simulado,sim-2026-06
296a1e5d-30cb-5a97-85f3-27a7b0344511,TI-04_20260617_0026.jpg,2026-06-17 08:21:29,TI-04,drone,saudavel,saudavel,0.9671,agrosmart-v1,simulado,sim-2026-06
6f63d5fa-ea6e-5989-bef8-6049bd100ffa,TI-01_20260617_0002.jpg,2026-06-17 08:21:35,TI-01,drone,saudavel,saudavel,0.9583,agrosmart-v1,simulado,sim-2026-06
72081d3c-e452-56dc-afdf-008c49021467,TI-01_20260617_0003.jpg,2026-06-17 08:22:18,TI-01,drone,saudavel,saudavel,0.9850,agrosmart-v1,simulado,sim-2026-06
e1c0b9db-8d5f-530b-901f-4558bebdc55f,TI-04_20260617_0027.jpg,2026-06-17 08:22:30,TI-04,drone,saudavel,saudavel,0.9507,agrosmart-v1,simulado,sim-2026-06
2f6594d6-ea45-5804-9b4c-2bf60cabdbc3,TI-04_20260617_0028.jpg,2026-06-17 08:22:44,TI-04,drone,saudavel,saudavel,0.9164,agrosmart-v1,simulado,sim-2026-06
5176b299-82a5-5d6d-b66e-b2580f431096,TI-01_20260617_0004.jpg,2026-06-17 08:22:54,TI-01,drone,doente,vaquinha,0.9256,agrosmart-v1,simulado,sim-2026-06
3a9f7a5c-814b-52d0-80b7-a3712a870f63,TI-01_20260617_0005.jpg,2026-06-17 08:23:26,TI-01,drone,saudavel,saudavel,0.9778,agrosmart-v1,simulado,sim-2026-06
e795f2a7-2c1a-5e22-8843-15b69e927e70,TI-04_20260617_0029.jpg,2026-06-17 08:23:28,TI-04,drone,saudavel,saudavel,0.9983,agrosmart-v1,simulado,sim-2026-06
56c9b0a6-cdb2-5c5c-872f-3d73ee197f41,TI-01_20260617_0006.jpg,2026-06-17 08:24:24,TI-01,drone,saudavel,saudavel,0.8803,agrosmart-v1,simulado,sim-2026-06
9dad8097-9e87-5834-adf6-ec7513f8f883,TI-04_20260617_0030.jpg,2026-06-17 08:24:30,TI-04,drone,saudavel,saudavel,0.9982,agrosmart-v1,simulado,sim-2026-06
65e37191-9a0e-5609-a5bf-c478a7233a41,TI-01_20260617_0007.jpg,2026-06-17 08:24:55,TI-01,drone,saudavel,saudavel,0.8256,agrosmart-v1,simulado,sim-2026-06
7a8f4012-d7b7-5dcd-aea7-c6b4bfd1c16e,TI-04_20260617_0031.jpg,2026-06-17 08:24:56,TI-04,drone,saudavel,saudavel,0.9503,agrosmart-v1,simulado,sim-2026-06
274c8036-9c23-58c9-9c53-bdf28db78de2,TI-04_20260617_0032.jpg,2026-06-17 08:25:26,TI-04,drone,saudavel,saudavel,0.9957,agrosmart-v1,simulado,sim-2026-06
9d9df284-2269-5291-adf9-e938feeb95df,TI-01_20260617_0008.jpg,2026-06-17 08:25:43,TI-01,drone,saudavel,saudavel,0.8562,agrosmart-v1,simulado,sim-2026-06
482ed5a0-de89-5326-9566-c2370969443e,TI-04_20260617_0033.jpg,2026-06-17 08:26:03,TI-04,drone,saudavel,saudavel,0.9619,agrosmart-v1,simulado,sim-2026-06
c8b9587c-8d28-56c0-ac85-f86b74a4b584,TI-01_20260617_0009.jpg,2026-06-17 08:26:22,TI-01,drone,saudavel,saudavel,0.9756,agrosmart-v1,simulado,sim-2026-06
0e28d176-a5a7-50e4-bb87-c4727de05bd2,TI-01_20260617_0010.jpg,2026-06-17 08:26:57,TI-01,drone,saudavel,saudavel,0.9714,agrosmart-v1,simulado,sim-2026-06
3ddfcfa6-cbbf-5423-9420-7d1ef89b3067,TI-01_20260617_0011.jpg,2026-06-17 08:27:32,TI-01,drone,saudavel,saudavel,0.9794,agrosmart-v1,simulado,sim-2026-06
364fea24-f553-5b55-b5d0-8bcb01ca413a,TI-01_20260617_0012.jpg,2026-06-17 08:28:24,TI-01,drone,doente,vaquinha,0.9405,agrosmart-v1,simulado,sim-2026-06
d830d4e3-4047-5744-b291-06dbdc98687d,TI-01_20260617_0013.jpg,2026-06-17 08:29:03,TI-01,drone,doente,pinta_preta,0.8370,agrosmart-v1,simulado,sim-2026-06
e44348e8-64ee-5c4f-9cdf-9248bc3b4a18,TI-01_20260617_0014.jpg,2026-06-17 08:29:27,TI-01,drone,saudavel,saudavel,0.8795,agrosmart-v1,simulado,sim-2026-06
774cb95e-4bf9-5343-bcb9-a3d3e791822f,TI-01_20260617_0015.jpg,2026-06-17 08:30:23,TI-01,drone,saudavel,saudavel,0.9828,agrosmart-v1,simulado,sim-2026-06
83b46504-02ae-52e5-955c-8b447ce65e98,TI-01_20260617_0016.jpg,2026-06-17 08:31:00,TI-01,drone,saudavel,saudavel,0.9497,agrosmart-v1,simulado,sim-2026-06
22fe8bc4-cc9e-5471-a680-a6c58174a010,TI-01_20260617_0017.jpg,2026-06-17 08:31:35,TI-01,drone,saudavel,saudavel,0.8818,agrosmart-v1,simulado,sim-2026-06
9db15c6e-bda7-5645-b1d5-b02d80e62ec0,TI-01_20260617_0018.jpg,2026-06-17 08:32:22,TI-01,drone,saudavel,saudavel,0.9099,agrosmart-v1,simulado,sim-2026-06
f77573c9-60aa-5043-b6d3-7f58d9f4066c,TI-01_20260617_0019.jpg,2026-06-17 08:33:04,TI-01,drone,saudavel,saudavel,0.8300,agrosmart-v1,simulado,sim-2026-06
62971d9e-d6df-533a-b085-f067b787edd1,TI-01_20260617_0020.jpg,2026-06-17 08:33:50,TI-01,drone,saudavel,saudavel,0.9131,agrosmart-v1,simulado,sim-2026-06
e0a116a3-22ee-5fe2-b458-e47824c7eb62,TI-01_20260617_0021.jpg,2026-06-17 08:34:15,TI-01,drone,saudavel,saudavel,0.9657,agrosmart-v1,simulado,sim-2026-06
6b945067-6e92-5e43-9b0d-c95763afcc1e,TI-01_20260617_0022.jpg,2026-06-17 08:34:50,TI-01,drone,saudavel,saudavel,0.8594,agrosmart-v1,simulado,sim-2026-06
d16128ca-34e1-5ea6-84ee-9ddc7dcc0fb2,TI-01_20260617_0023.jpg,2026-06-17 08:35:49,TI-01,drone,saudavel,saudavel,0.8844,agrosmart-v1,simulado,sim-2026-06
e203d083-0a22-5d54-b54c-15cb22bfbe44,TI-01_20260617_0024.jpg,2026-06-17 08:36:18,TI-01,drone,saudavel,saudavel,0.9860,agrosmart-v1,simulado,sim-2026-06
f77e92f3-a4fa-5516-beb2-9fc73b4740a7,TI-01_20260617_0025.jpg,2026-06-17 08:36:59,TI-01,drone,saudavel,saudavel,0.9999,agrosmart-v1,simulado,sim-2026-06
efff3172-11d6-5b25-b191-8aad75c1b1a2,TI-01_20260617_0026.jpg,2026-06-17 08:37:26,TI-01,drone,saudavel,saudavel,0.9594,agrosmart-v1,simulado,sim-2026-06
0e6670aa-ba45-59d6-a1ac-1df98ef25eaf,TI-01_20260617_0027.jpg,2026-06-17 08:38:12,TI-01,drone,saudavel,saudavel,0.9526,agrosmart-v1,simulado,sim-2026-06
c0fdb149-6b17-5f34-beb1-9061d5cda053,TI-01_20260617_0028.jpg,2026-06-17 08:38:45,TI-01,drone,saudavel,saudavel,0.9714,agrosmart-v1,simulado,sim-2026-06
b0d52efc-46fe-5763-80ec-e932ae46197e,TI-01_20260617_0029.jpg,2026-06-17 08:39:33,TI-01,drone,saudavel,saudavel,0.8709,agrosmart-v1,simulado,sim-2026-06
9ff08e51-f227-540e-9ec5-ff8b9ce69af5,TI-01_20260617_0030.jpg,2026-06-17 08:40:24,TI-01,drone,saudavel,saudavel,0.7236,agrosmart-v1,simulado,sim-2026-06
f5510187-44d3-52dd-a744-9aaec18d8d72,TI-01_20260617_0031.jpg,2026-06-17 08:40:53,TI-01,drone,saudavel,saudavel,0.9243,agrosmart-v1,simulado,sim-2026-06
7fd4de63-a023-570e-9364-03ae19f0be39,TI-01_20260617_0032.jpg,2026-06-17 08:41:20,TI-01,drone,saudavel,saudavel,0.9012,agrosmart-v1,simulado,sim-2026-06
ff924e0c-afc7-5723-ab9f-b3e0234b8eca,TI-01_20260617_0033.jpg,2026-06-17 08:42:01,TI-01,drone,saudavel,saudavel,0.9957,agrosmart-v1,simulado,sim-2026-06
c4711a34-4034-5ce9-ace3-4230ef845c93,TI-01_20260617_0034.jpg,2026-06-17 08:42:51,TI-01,drone,saudavel,saudavel,0.9858,agrosmart-v1,simulado,sim-2026-06
2fd7e512-493f-5a64-98ad-899af352eabc,TI-01_20260617_0035.jpg,2026-06-17 08:43:36,TI-01,drone,saudavel,saudavel,0.9795,agrosmart-v1,simulado,sim-2026-06
83cecf22-14ec-590f-9dd1-b9207874beb4,TI-01_20260617_0036.jpg,2026-06-17 08:44:08,TI-01,drone,saudavel,saudavel,0.8337,agrosmart-v1,simulado,sim-2026-06
9d03b26c-4a61-56c9-bbdb-5e7168ecf94e,TI-01_20260617_0037.jpg,2026-06-17 08:45:04,TI-01,drone,saudavel,saudavel,0.9464,agrosmart-v1,simulado,sim-2026-06
1641bc17-1947-524e-bce0-0640324e2694,TI-01_20260617_0038.jpg,2026-06-17 08:45:37,TI-01,drone,saudavel,saudavel,0.9070,agrosmart-v1,simulado,sim-2026-06
05a14085-e17d-5f16-87e8-6246e913e637,TI-01_20260617_0039.jpg,2026-06-17 08:46:11,TI-01,drone,saudavel,saudavel,0.9723,agrosmart-v1,simulado,sim-2026-06
56ff39e3-f87d-5923-a533-7d8eccc6b743,TI-01_20260617_0040.jpg,2026-06-17 08:46:47,TI-01,drone,saudavel,saudavel,0.9994,agrosmart-v1,simulado,sim-2026-06
1a2c1db1-b0a9-5158-8f8c-6b9c30287ded,TI-01_20260617_0041.jpg,2026-06-17 08:47:44,TI-01,drone,saudavel,saudavel,0.9587,agrosmart-v1,simulado,sim-2026-06
bbc0158e-f539-5ebe-a6bd-6505f581cf3a,TI-01_20260617_0042.jpg,2026-06-17 08:48:18,TI-01,drone,saudavel,saudavel,0.8696,agrosmart-v1,simulado,sim-2026-06
dc10dab4-9393-5abb-b0f1-51b75a7b324a,TI-01_20260617_0043.jpg,2026-06-17 08:49:02,TI-01,drone,saudavel,saudavel,0.9995,agrosmart-v1,simulado,sim-2026-06
b8b3a378-86ab-54e8-9040-82f4a5b28d66,TI-01_20260617_0044.jpg,2026-06-17 08:49:23,TI-01,drone,saudavel,saudavel,0.7747,agrosmart-v1,simulado,sim-2026-06
8ba9bb75-d25f-57ac-acf0-a0bcf087a23d,TI-01_20260617_0045.jpg,2026-06-17 08:50:26,TI-01,drone,saudavel,saudavel,0.9999,agrosmart-v1,simulado,sim-2026-06
1e2bc2ff-e957-5012-b856-0e648f7d9262,TI-01_20260617_0046.jpg,2026-06-17 08:50:43,TI-01,drone,saudavel,saudavel,0.9189,agrosmart-v1,simulado,sim-2026-06
d02f804f-19ee-5aea-849a-1f7ad60675ba,TI-01_20260617_0047.jpg,2026-06-17 08:51:36,TI-01,drone,saudavel,saudavel,0.8664,agrosmart-v1,simulado,sim-2026-06
372b7af6-a00d-5b27-83c2-aa9cf247f27d,TI-03_20260617_0001.jpg,2026-06-17 09:21:45,TI-03,drone,saudavel,saudavel,0.9716,agrosmart-v1,simulado,sim-2026-06
109e69ca-48a6-5cbe-a15a-c5c508c21d6f,BV-04_20260617_0001.jpg,2026-06-17 09:22:01,BV-04,smartphone,saudavel,saudavel,0.9848,agrosmart-v1,simulado,sim-2026-06
aa79e4fc-4571-59e0-bf30-b9738911bc7e,BV-04_20260617_0002.jpg,2026-06-17 09:22:26,BV-04,smartphone,saudavel,saudavel,0.9777,agrosmart-v1,simulado,sim-2026-06
bef820b9-e8e9-501c-9a47-9888ec575ecf,TI-03_20260617_0002.jpg,2026-06-17 09:22:50,TI-03,drone,saudavel,saudavel,0.9537,agrosmart-v1,simulado,sim-2026-06
51b2bb85-9102-501e-b45b-82a511fb2679,BV-04_20260617_0003.jpg,2026-06-17 09:23:14,BV-04,smartphone,saudavel,saudavel,0.9048,agrosmart-v1,simulado,sim-2026-06
79db0e28-5e97-55d1-bec0-d25278b46ea2,TI-03_20260617_0003.jpg,2026-06-17 09:23:27,TI-03,drone,saudavel,saudavel,0.9285,agrosmart-v1,simulado,sim-2026-06
16ffe347-3df2-54c0-874e-47afdf44669d,BV-04_20260617_0004.jpg,2026-06-17 09:23:40,BV-04,smartphone,saudavel,saudavel,0.9911,agrosmart-v1,simulado,sim-2026-06
7c8ff000-4eae-5832-b690-276d9c6050f5,TI-03_20260617_0004.jpg,2026-06-17 09:23:41,TI-03,drone,saudavel,saudavel,0.9788,agrosmart-v1,simulado,sim-2026-06
e004aac2-3d9b-5fc7-bad0-edaae54bf290,BV-04_20260617_0005.jpg,2026-06-17 09:24:39,BV-04,smartphone,saudavel,saudavel,0.8592,agrosmart-v1,simulado,sim-2026-06
9f304b15-f3cc-59f6-b367-2430c4f08451,TI-03_20260617_0005.jpg,2026-06-17 09:24:48,TI-03,drone,saudavel,saudavel,0.8449,agrosmart-v1,simulado,sim-2026-06
10940a50-e48d-5db0-a285-849fba1490a0,SC-04_20260617_0001.jpg,2026-06-17 09:24:49,SC-04,smartphone,saudavel,saudavel,0.9991,agrosmart-v1,simulado,sim-2026-06
96684239-a8ab-5b73-a075-f1422ebc5c26,TI-03_20260617_0006.jpg,2026-06-17 09:25:04,TI-03,drone,saudavel,saudavel,0.9998,agrosmart-v1,simulado,sim-2026-06
b857844a-6490-50e8-b024-34507462179a,BV-04_20260617_0006.jpg,2026-06-17 09:25:18,BV-04,smartphone,saudavel,saudavel,0.9416,agrosmart-v1,simulado,sim-2026-06
6f6dbd11-0a45-5866-9e96-1b329b505c2c,TI-03_20260617_0007.jpg,2026-06-17 09:25:43,TI-03,drone,saudavel,saudavel,0.9946,agrosmart-v1,simulado,sim-2026-06
70598fdd-fd14-548b-ad98-3e7d3d15bdb2,BV-04_20260617_0007.jpg,2026-06-17 09:25:48,BV-04,smartphone,saudavel,saudavel,0.9855,agrosmart-v1,simulado,sim-2026-06
d91039a0-9a3f-55ef-b449-1ec108471728,SC-04_20260617_0002.jpg,2026-06-17 09:25:49,SC-04,smartphone,saudavel,saudavel,0.9963,agrosmart-v1,simulado,sim-2026-06
25d358b6-dcb3-502d-8a5c-cd1d179a5672,SC-04_20260617_0003.jpg,2026-06-17 09:26:29,SC-04,smartphone,saudavel,saudavel,0.8696,agrosmart-v1,simulado,sim-2026-06
b07463e1-0d98-572e-a69d-7d94bcb879f1,BV-04_20260617_0008.jpg,2026-06-17 09:26:33,BV-04,smartphone,saudavel,saudavel,0.9989,agrosmart-v1,simulado,sim-2026-06
3640729c-5c6e-5704-bb5b-4d828b7de907,TI-03_20260617_0008.jpg,2026-06-17 09:26:33,TI-03,drone,saudavel,saudavel,0.9842,agrosmart-v1,simulado,sim-2026-06
a33ac538-ccfe-59c3-a1a4-4f1bdba35a49,SC-04_20260617_0004.jpg,2026-06-17 09:26:59,SC-04,smartphone,saudavel,saudavel,0.9899,agrosmart-v1,simulado,sim-2026-06
f2ee8d91-e558-5af7-98d5-84a7b9966107,BV-04_20260617_0009.jpg,2026-06-17 09:27:08,BV-04,smartphone,saudavel,saudavel,0.8397,agrosmart-v1,simulado,sim-2026-06
9d30c01d-bd6e-5c7d-b33b-ff0a186e084d,TI-03_20260617_0009.jpg,2026-06-17 09:27:16,TI-03,drone,saudavel,saudavel,0.9993,agrosmart-v1,simulado,sim-2026-06
e3a92f71-cde5-5a0c-a2c5-f4aa2ec9b8b5,SC-04_20260617_0005.jpg,2026-06-17 09:27:34,SC-04,smartphone,saudavel,saudavel,0.9983,agrosmart-v1,simulado,sim-2026-06
28060dbc-f8f7-54c6-b51a-1eed9b3fdba0,BV-04_20260617_0010.jpg,2026-06-17 09:27:56,BV-04,smartphone,saudavel,saudavel,0.9636,agrosmart-v1,simulado,sim-2026-06
87bcea9e-bd74-58f8-a520-cb595a90a96f,TI-03_20260617_0010.jpg,2026-06-17 09:27:57,TI-03,drone,saudavel,saudavel,0.9951,agrosmart-v1,simulado,sim-2026-06
67288f86-7164-5bfd-8e1e-2e58c76ee583,SC-04_20260617_0006.jpg,2026-06-17 09:28:26,SC-04,smartphone,saudavel,saudavel,0.9142,agrosmart-v1,simulado,sim-2026-06
d3121099-9471-5a19-b4f3-c6ef64bf7f71,BV-04_20260617_0011.jpg,2026-06-17 09:28:37,BV-04,smartphone,saudavel,saudavel,0.9565,agrosmart-v1,simulado,sim-2026-06
3e32eaa5-7bf1-5b33-aade-88f525013ec6,TI-03_20260617_0011.jpg,2026-06-17 09:28:46,TI-03,drone,saudavel,saudavel,0.9905,agrosmart-v1,simulado,sim-2026-06
07f616c9-539a-53db-ab05-35d733abc79c,SC-03_20260617_0001.jpg,2026-06-17 09:28:50,SC-03,smartphone,doente,pinta_preta,1.0000,agrosmart-v1,simulado,sim-2026-06
a3baf1ed-f0a5-516c-a24f-49cf48ccc48a,SC-04_20260617_0007.jpg,2026-06-17 09:28:54,SC-04,smartphone,saudavel,saudavel,0.9818,agrosmart-v1,simulado,sim-2026-06
ff7d0387-d234-5a40-8a6d-f4d79047da47,BV-04_20260617_0012.jpg,2026-06-17 09:29:13,BV-04,smartphone,saudavel,saudavel,0.9665,agrosmart-v1,simulado,sim-2026-06
5cfcf28a-baae-536f-a748-0564b17858ed,TI-03_20260617_0012.jpg,2026-06-17 09:29:14,TI-03,drone,doente,vaquinha,0.9609,agrosmart-v1,simulado,sim-2026-06
e1fea4ae-c6c1-5ef4-8b4b-5607af6d72dc,SC-03_20260617_0002.jpg,2026-06-17 09:29:25,SC-03,smartphone,saudavel,saudavel,0.9357,agrosmart-v1,simulado,sim-2026-06
b5c3c993-a03b-5194-86af-0d28582e617b,SC-04_20260617_0008.jpg,2026-06-17 09:29:27,SC-04,smartphone,saudavel,saudavel,0.8412,agrosmart-v1,simulado,sim-2026-06
633ca407-859d-597b-b2e9-2819373903cc,TI-03_20260617_0013.jpg,2026-06-17 09:29:49,TI-03,drone,saudavel,saudavel,0.9610,agrosmart-v1,simulado,sim-2026-06
3f59090e-3714-556f-b4ff-3175a2d967ed,BV-04_20260617_0013.jpg,2026-06-17 09:29:59,BV-04,smartphone,saudavel,saudavel,0.8787,agrosmart-v1,simulado,sim-2026-06
5d51719c-278e-5884-82e6-e1e6d9d706e4,SC-03_20260617_0003.jpg,2026-06-17 09:30:04,SC-03,smartphone,saudavel,saudavel,0.8737,agrosmart-v1,simulado,sim-2026-06
9c4e7683-ae5c-5b1d-9546-782e37fe52b5,SC-04_20260617_0009.jpg,2026-06-17 09:30:22,SC-04,smartphone,saudavel,saudavel,0.9199,agrosmart-v1,simulado,sim-2026-06
8f6a4a13-d1af-536b-aebf-bbcf9a8f4372,BV-04_20260617_0014.jpg,2026-06-17 09:30:29,BV-04,smartphone,saudavel,saudavel,0.8986,agrosmart-v1,simulado,sim-2026-06
14071d69-a540-554e-a59a-56aae823523d,TI-03_20260617_0014.jpg,2026-06-17 09:30:29,TI-03,drone,saudavel,saudavel,0.5721,agrosmart-v1,simulado,sim-2026-06
2380b727-0abd-5f59-a0c1-5b7db907140a,SC-04_20260617_0010.jpg,2026-06-17 09:30:58,SC-04,smartphone,saudavel,saudavel,0.9206,agrosmart-v1,simulado,sim-2026-06
690d8c0a-7519-5273-83f1-659ec1871f92,SC-03_20260617_0004.jpg,2026-06-17 09:31:05,SC-03,smartphone,saudavel,saudavel,0.9527,agrosmart-v1,simulado,sim-2026-06
6f77d77e-0f17-5eaf-88af-4f4e670e3888,TI-03_20260617_0015.jpg,2026-06-17 09:31:26,TI-03,drone,doente,pinta_preta,0.9246,agrosmart-v1,simulado,sim-2026-06
80cbcecd-a689-5f61-b570-d856e39714eb,BV-04_20260617_0015.jpg,2026-06-17 09:31:29,BV-04,smartphone,saudavel,saudavel,0.9653,agrosmart-v1,simulado,sim-2026-06
0aa510b5-17e3-529c-881b-925689fe9ce6,SC-03_20260617_0005.jpg,2026-06-17 09:31:30,SC-03,smartphone,saudavel,saudavel,0.9140,agrosmart-v1,simulado,sim-2026-06
7b1acf71-b8fd-5fa0-9062-add969f5b987,BV-04_20260617_0016.jpg,2026-06-17 09:31:44,BV-04,smartphone,saudavel,saudavel,0.5287,agrosmart-v1,simulado,sim-2026-06
319b44ec-34d9-55d5-a73a-e3783d76acfa,TI-03_20260617_0016.jpg,2026-06-17 09:31:44,TI-03,drone,saudavel,saudavel,0.9829,agrosmart-v1,simulado,sim-2026-06
0deffca9-c5ca-598e-9098-a82a095f60ff,SC-04_20260617_0011.jpg,2026-06-17 09:31:49,SC-04,smartphone,saudavel,saudavel,0.8635,agrosmart-v1,simulado,sim-2026-06
76a37f40-f169-59f0-9760-0033ee6ca4d0,SC-04_20260617_0012.jpg,2026-06-17 09:32:07,SC-04,smartphone,saudavel,saudavel,0.8926,agrosmart-v1,simulado,sim-2026-06
6e704841-9cc2-517d-89eb-d5fd5cd8f1d7,SC-03_20260617_0006.jpg,2026-06-17 09:32:08,SC-03,smartphone,saudavel,saudavel,0.9949,agrosmart-v1,simulado,sim-2026-06
5e5663d1-f848-5213-92c9-e6ba8e1a7edc,BV-04_20260617_0017.jpg,2026-06-17 09:32:46,BV-04,smartphone,saudavel,saudavel,0.9669,agrosmart-v1,simulado,sim-2026-06
4b9334ef-1af3-5e9f-a067-049af845a57d,SC-03_20260617_0007.jpg,2026-06-17 09:32:47,SC-03,smartphone,saudavel,saudavel,0.9948,agrosmart-v1,simulado,sim-2026-06
113c13fc-2662-52fe-a13e-83673d5d587b,TI-03_20260617_0017.jpg,2026-06-17 09:32:48,TI-03,drone,saudavel,saudavel,0.8965,agrosmart-v1,simulado,sim-2026-06
08299f33-a437-5a97-9462-0a83a2f4af5a,BV-04_20260617_0018.jpg,2026-06-17 09:33:06,BV-04,smartphone,saudavel,saudavel,0.9603,agrosmart-v1,simulado,sim-2026-06
19aa0575-9506-572b-a45a-77044cd0ce85,TI-03_20260617_0018.jpg,2026-06-17 09:33:08,TI-03,drone,saudavel,saudavel,0.9992,agrosmart-v1,simulado,sim-2026-06
5da3f8eb-618a-592b-9657-be2ad7b5dc40,SC-04_20260617_0013.jpg,2026-06-17 09:33:09,SC-04,smartphone,saudavel,saudavel,0.9482,agrosmart-v1,simulado,sim-2026-06
f291a63b-9b67-5ace-b5d1-ac0355b88c56,SC-03_20260617_0008.jpg,2026-06-17 09:33:20,SC-03,smartphone,saudavel,saudavel,0.9606,agrosmart-v1,simulado,sim-2026-06
8bb6b2da-6f93-5f92-a88e-848bb8a34da9,SC-04_20260617_0014.jpg,2026-06-17 09:33:36,SC-04,smartphone,saudavel,saudavel,0.9962,agrosmart-v1,simulado,sim-2026-06
78192cca-d757-5da5-92de-a94fc68f7671,TI-03_20260617_0019.jpg,2026-06-17 09:33:40,TI-03,drone,saudavel,saudavel,0.8229,agrosmart-v1,simulado,sim-2026-06
dadd1a65-d3f9-5048-9f39-a97791bdca45,SC-03_20260617_0009.jpg,2026-06-17 09:34:00,SC-03,smartphone,saudavel,saudavel,0.8927,agrosmart-v1,simulado,sim-2026-06
cd7e44f6-d11e-500d-8faf-ccf73f6647ca,BV-04_20260617_0019.jpg,2026-06-17 09:34:05,BV-04,smartphone,saudavel,saudavel,0.9175,agrosmart-v1,simulado,sim-2026-06
12b84d37-210a-5240-a48e-1757f87a2664,SC-04_20260617_0015.jpg,2026-06-17 09:34:23,SC-04,smartphone,saudavel,saudavel,0.9653,agrosmart-v1,simulado,sim-2026-06
be563cf3-5aaa-5daf-812d-32629b09c98c,TI-03_20260617_0020.jpg,2026-06-17 09:34:28,TI-03,drone,saudavel,saudavel,0.9904,agrosmart-v1,simulado,sim-2026-06
cf371d59-5a88-5415-9938-b4aa49b3d38c,BV-04_20260617_0020.jpg,2026-06-17 09:34:35,BV-04,smartphone,saudavel,saudavel,0.9583,agrosmart-v1,simulado,sim-2026-06
2b1cfbcf-3577-5999-b91d-3d31ae1820aa,SC-03_20260617_0010.jpg,2026-06-17 09:34:43,SC-03,smartphone,saudavel,saudavel,0.9996,agrosmart-v1,simulado,sim-2026-06
09c849b2-5dac-59e1-b8c8-5a12a6889178,SC-04_20260617_0016.jpg,2026-06-17 09:35:04,SC-04,smartphone,saudavel,saudavel,0.9811,agrosmart-v1,simulado,sim-2026-06
22eb5044-201f-5f09-b4f4-17b10d8b254c,BV-04_20260617_0021.jpg,2026-06-17 09:35:05,BV-04,smartphone,saudavel,saudavel,0.9979,agrosmart-v1,simulado,sim-2026-06
70caf8a1-0de1-5f9b-8c6a-b057a96f882c,TI-03_20260617_0021.jpg,2026-06-17 09:35:18,TI-03,drone,saudavel,saudavel,0.9967,agrosmart-v1,simulado,sim-2026-06
72af56fb-b8b5-5e38-ba2d-94178bdd61a0,SC-03_20260617_0011.jpg,2026-06-17 09:35:30,SC-03,smartphone,saudavel,saudavel,0.9738,agrosmart-v1,simulado,sim-2026-06
170869a3-eec8-5421-b88b-be0c7b03f6f1,SC-04_20260617_0017.jpg,2026-06-17 09:35:38,SC-04,smartphone,saudavel,saudavel,0.8568,agrosmart-v1,simulado,sim-2026-06
8a2e405b-6c18-5f17-a35d-da156e8d944f,BV-04_20260617_0022.jpg,2026-06-17 09:35:55,BV-04,smartphone,saudavel,saudavel,1.0000,agrosmart-v1,simulado,sim-2026-06
15f377c2-a653-501d-a780-7083e9a9525f,TI-03_20260617_0022.jpg,2026-06-17 09:36:05,TI-03,drone,saudavel,saudavel,0.9980,agrosmart-v1,simulado,sim-2026-06
39b1ee03-b829-53f9-a6f4-8b46681aa721,SC-04_20260617_0018.jpg,2026-06-17 09:36:20,SC-04,smartphone,saudavel,saudavel,0.9614,agrosmart-v1,simulado,sim-2026-06
341fa8c7-ab74-5d26-adc2-f8fab6545788,SC-03_20260617_0012.jpg,2026-06-17 09:36:28,SC-03,smartphone,saudavel,saudavel,0.8859,agrosmart-v1,simulado,sim-2026-06
2a4f0e1f-ba32-5fee-afa3-0aa677ae7053,TI-03_20260617_0023.jpg,2026-06-17 09:36:40,TI-03,drone,doente,mosca_minadora,0.9983,agrosmart-v1,simulado,sim-2026-06
ece4253f-4f34-5727-a871-84fb169ce8f9,SC-04_20260617_0019.jpg,2026-06-17 09:36:48,SC-04,smartphone,saudavel,saudavel,0.9910,agrosmart-v1,simulado,sim-2026-06
50871b06-21fa-593c-baad-6dec0a7a7b78,SC-03_20260617_0013.jpg,2026-06-17 09:36:58,SC-03,smartphone,saudavel,saudavel,0.9181,agrosmart-v1,simulado,sim-2026-06
764e5f3c-ac33-51e9-aa7d-00a66f4605d7,TI-03_20260617_0024.jpg,2026-06-17 09:37:22,TI-03,drone,saudavel,saudavel,0.8557,agrosmart-v1,simulado,sim-2026-06
687d501c-2149-50a4-a651-4b37c1ae0554,SC-03_20260617_0014.jpg,2026-06-17 09:37:23,SC-03,smartphone,saudavel,saudavel,0.9987,agrosmart-v1,simulado,sim-2026-06
89e11ebe-c416-5163-b72f-64ee378273ea,SC-04_20260617_0020.jpg,2026-06-17 09:37:34,SC-04,smartphone,saudavel,saudavel,0.9077,agrosmart-v1,simulado,sim-2026-06
493477a7-d58c-5044-8206-4bb5b1487717,TI-03_20260617_0025.jpg,2026-06-17 09:37:59,TI-03,drone,saudavel,saudavel,0.5680,agrosmart-v1,simulado,sim-2026-06
ce6e2869-2e5c-5d76-9212-344791c43ab6,SC-03_20260617_0015.jpg,2026-06-17 09:38:20,SC-03,smartphone,saudavel,saudavel,0.9688,agrosmart-v1,simulado,sim-2026-06
ecdcacf5-2924-590a-88a6-12c6676b6191,SC-04_20260617_0021.jpg,2026-06-17 09:38:22,SC-04,smartphone,saudavel,saudavel,0.8730,agrosmart-v1,simulado,sim-2026-06
989cafca-495c-53a1-af07-2f1b8a146666,SC-03_20260617_0016.jpg,2026-06-17 09:38:41,SC-03,smartphone,saudavel,saudavel,0.6746,agrosmart-v1,simulado,sim-2026-06
63af4467-b729-5772-8fde-5ba1e51c9ac4,TI-03_20260617_0026.jpg,2026-06-17 09:38:48,TI-03,drone,saudavel,saudavel,0.6742,agrosmart-v1,simulado,sim-2026-06
3bd77051-c3d7-5cb3-b0aa-94d97208b667,SC-04_20260617_0022.jpg,2026-06-17 09:38:58,SC-04,smartphone,saudavel,saudavel,0.9998,agrosmart-v1,simulado,sim-2026-06
0fb1fe99-7eac-5648-87d5-8665875cd21e,TI-03_20260617_0027.jpg,2026-06-17 09:39:12,TI-03,drone,saudavel,saudavel,0.9164,agrosmart-v1,simulado,sim-2026-06
ce26c893-a0c8-53a1-88b6-6901f9c18b81,SC-03_20260617_0017.jpg,2026-06-17 09:39:34,SC-03,smartphone,saudavel,saudavel,0.9849,agrosmart-v1,simulado,sim-2026-06
8bf69847-7ff7-5b54-bea8-196019b582bd,SC-04_20260617_0023.jpg,2026-06-17 09:39:35,SC-04,smartphone,saudavel,saudavel,0.9944,agrosmart-v1,simulado,sim-2026-06
01da09a2-130e-5aa5-8c57-5c99b20ac531,TI-03_20260617_0028.jpg,2026-06-17 09:39:49,TI-03,drone,saudavel,saudavel,0.8324,agrosmart-v1,simulado,sim-2026-06
37ad29b6-d480-5d0c-a5bd-7fbfb6c7bfdb,SC-03_20260617_0018.jpg,2026-06-17 09:40:03,SC-03,smartphone,saudavel,saudavel,0.9648,agrosmart-v1,simulado,sim-2026-06
0a05f2f5-ecaa-5f09-af51-21187b2ece58,SC-04_20260617_0024.jpg,2026-06-17 09:40:06,SC-04,smartphone,saudavel,saudavel,0.8860,agrosmart-v1,simulado,sim-2026-06
59464b32-76f9-53b0-bd4f-55093fbdf941,SC-04_20260617_0025.jpg,2026-06-17 09:40:46,SC-04,smartphone,saudavel,saudavel,0.9766,agrosmart-v1,simulado,sim-2026-06
17db1421-329e-58ec-9ce5-d1570142b2ea,TI-03_20260617_0029.jpg,2026-06-17 09:40:50,TI-03,drone,saudavel,saudavel,0.9749,agrosmart-v1,simulado,sim-2026-06
f2f98fba-0eaf-58ae-a129-fd6d504074bc,SC-03_20260617_0019.jpg,2026-06-17 09:40:58,SC-03,smartphone,saudavel,saudavel,0.9901,agrosmart-v1,simulado,sim-2026-06
6445eb9a-5293-543d-a679-3c50950ce13e,TI-03_20260617_0030.jpg,2026-06-17 09:41:10,TI-03,drone,saudavel,saudavel,0.8951,agrosmart-v1,simulado,sim-2026-06
aa97842b-c1ec-5c02-818a-01219668f6c2,SC-04_20260617_0026.jpg,2026-06-17 09:41:24,SC-04,smartphone,saudavel,saudavel,0.8692,agrosmart-v1,simulado,sim-2026-06
0398715b-b4ab-53df-9638-7dbc1400fa7c,SC-03_20260617_0020.jpg,2026-06-17 09:41:49,SC-03,smartphone,saudavel,saudavel,0.9571,agrosmart-v1,simulado,sim-2026-06
d5e2d463-3ec0-51f5-8e73-89b744771934,TI-03_20260617_0031.jpg,2026-06-17 09:42:06,TI-03,drone,saudavel,saudavel,0.9158,agrosmart-v1,simulado,sim-2026-06
b2b9d715-f29d-58e5-9dcd-83683df12340,SC-03_20260617_0021.jpg,2026-06-17 09:42:22,SC-03,smartphone,saudavel,saudavel,0.9184,agrosmart-v1,simulado,sim-2026-06
bff68d49-fce7-5dc9-8d8e-ce5bf2140e6a,SC-03_20260617_0022.jpg,2026-06-17 09:42:40,SC-03,smartphone,saudavel,saudavel,0.9962,agrosmart-v1,simulado,sim-2026-06
c431d878-33c6-5c1d-9a84-d5404ad3d3d0,TI-03_20260617_0032.jpg,2026-06-17 09:42:49,TI-03,drone,saudavel,saudavel,0.8407,agrosmart-v1,simulado,sim-2026-06
0245964f-4b6f-5a39-9e96-b9754bd347cd,TI-03_20260617_0033.jpg,2026-06-17 09:43:20,TI-03,drone,saudavel,saudavel,0.8320,agrosmart-v1,simulado,sim-2026-06
dc728352-5f1c-56c5-b33a-5734348d7bb5,SC-03_20260617_0023.jpg,2026-06-17 09:43:33,SC-03,smartphone,saudavel,saudavel,0.9511,agrosmart-v1,simulado,sim-2026-06
1b0f4dbf-b36e-587e-9459-2acfbfd13140,TI-03_20260617_0034.jpg,2026-06-17 09:43:42,TI-03,drone,saudavel,saudavel,0.9951,agrosmart-v1,simulado,sim-2026-06
d985e85a-a966-5c43-9363-eae4bccc1379,SC-03_20260617_0024.jpg,2026-06-17 09:44:24,SC-03,smartphone,saudavel,saudavel,0.9967,agrosmart-v1,simulado,sim-2026-06
f27123dd-5af0-567e-aee4-365e3a2c0f6e,TI-03_20260617_0035.jpg,2026-06-17 09:44:33,TI-03,drone,saudavel,saudavel,0.9377,agrosmart-v1,simulado,sim-2026-06
fb0c0ba3-3187-5fc6-a676-2ef976e8656d,SC-03_20260617_0025.jpg,2026-06-17 09:45:01,SC-03,smartphone,saudavel,saudavel,0.9473,agrosmart-v1,simulado,sim-2026-06
93541345-c162-5851-a605-a9f75de842c4,TI-03_20260617_0036.jpg,2026-06-17 09:45:14,TI-03,drone,saudavel,saudavel,0.9766,agrosmart-v1,simulado,sim-2026-06
a62c7fdf-9b2a-5bc9-96e6-919a61cb78b6,SC-03_20260617_0026.jpg,2026-06-17 09:45:40,SC-03,smartphone,saudavel,saudavel,0.9798,agrosmart-v1,simulado,sim-2026-06
a68761dd-5d64-5cf1-9b44-985ee3b6ae4b,TI-03_20260617_0037.jpg,2026-06-17 09:45:46,TI-03,drone,saudavel,saudavel,0.9995,agrosmart-v1,simulado,sim-2026-06
7c31f41a-3458-58d8-a2cb-51a33e9b2926,SC-03_20260617_0027.jpg,2026-06-17 09:46:21,SC-03,smartphone,saudavel,saudavel,0.8821,agrosmart-v1,simulado,sim-2026-06
ab8ef1c1-923e-5423-a773-5a261f4c6017,TI-03_20260617_0038.jpg,2026-06-17 09:46:45,TI-03,drone,saudavel,saudavel,0.8209,agrosmart-v1,simulado,sim-2026-06
4c27f15c-41a9-5871-88be-2dd21dbbdcba,SC-03_20260617_0028.jpg,2026-06-17 09:46:58,SC-03,smartphone,saudavel,saudavel,0.8551,agrosmart-v1,simulado,sim-2026-06
efacb9ca-8646-5ce6-9c89-a7db8d6b4b35,SC-03_20260617_0029.jpg,2026-06-17 09:47:49,SC-03,smartphone,saudavel,saudavel,0.8963,agrosmart-v1,simulado,sim-2026-06
7bb247c2-23f5-5989-8a6a-c8a0220b8229,SC-03_20260617_0030.jpg,2026-06-17 09:48:15,SC-03,smartphone,saudavel,saudavel,0.9391,agrosmart-v1,simulado,sim-2026-06
a430770c-6f7c-5895-a723-c2b2505b975e,BV-03_20260617_0001.jpg,2026-06-17 09:57:48,BV-03,smartphone,saudavel,saudavel,0.9942,agrosmart-v1,simulado,sim-2026-06
7ef13c8f-dab9-59b6-a344-88c5d8a03ab3,BV-03_20260617_0002.jpg,2026-06-17 09:58:46,BV-03,smartphone,saudavel,saudavel,0.9669,agrosmart-v1,simulado,sim-2026-06
692f9583-cdeb-5769-8119-8af7dcb716ca,BV-03_20260617_0003.jpg,2026-06-17 09:59:10,BV-03,smartphone,saudavel,saudavel,0.9982,agrosmart-v1,simulado,sim-2026-06
b79aa728-d23a-5547-a7f1-1b90d8e1bfbb,BV-03_20260617_0004.jpg,2026-06-17 09:59:40,BV-03,smartphone,saudavel,saudavel,0.8742,agrosmart-v1,simulado,sim-2026-06
515bc3a3-37ef-53af-8c32-c575d5fa9f15,BV-03_20260617_0005.jpg,2026-06-17 10:00:39,BV-03,smartphone,saudavel,saudavel,0.9946,agrosmart-v1,simulado,sim-2026-06
7aa70789-d40c-502f-b16f-b1b24711c95b,BV-02_20260617_0001.jpg,2026-06-17 10:00:46,BV-02,smartphone,saudavel,saudavel,0.9984,agrosmart-v1,simulado,sim-2026-06
0d52b005-5cae-5c71-87fa-62811a32d9d8,BV-03_20260617_0006.jpg,2026-06-17 10:01:01,BV-03,smartphone,saudavel,saudavel,0.9852,agrosmart-v1,simulado,sim-2026-06
773eed0e-dd1a-589a-b723-3ec573b0b839,BV-02_20260617_0002.jpg,2026-06-17 10:01:38,BV-02,smartphone,saudavel,saudavel,0.8903,agrosmart-v1,simulado,sim-2026-06
1c363748-3681-5c6d-8ec4-d6978af5514d,BV-03_20260617_0007.jpg,2026-06-17 10:01:49,BV-03,smartphone,saudavel,saudavel,0.9871,agrosmart-v1,simulado,sim-2026-06
08b29747-f7db-5dd2-a1c0-cf33b3d10209,BV-02_20260617_0003.jpg,2026-06-17 10:02:14,BV-02,smartphone,saudavel,saudavel,0.9941,agrosmart-v1,simulado,sim-2026-06
b87a5016-44a3-5d25-b9a5-5e1b4943c4f6,BV-03_20260617_0008.jpg,2026-06-17 10:02:25,BV-03,smartphone,saudavel,saudavel,0.9785,agrosmart-v1,simulado,sim-2026-06
79fcd194-5d71-5822-aeab-04f7766752ac,BV-02_20260617_0004.jpg,2026-06-17 10:02:58,BV-02,smartphone,saudavel,saudavel,0.8460,agrosmart-v1,simulado,sim-2026-06
dd1cf195-808c-5ae1-872a-bd2cdfa8c743,BV-02_20260617_0005.jpg,2026-06-17 10:03:21,BV-02,smartphone,saudavel,saudavel,0.9975,agrosmart-v1,simulado,sim-2026-06
da6981e4-91c4-579c-84f2-1f1e0b839899,BV-03_20260617_0009.jpg,2026-06-17 10:03:25,BV-03,smartphone,saudavel,saudavel,0.8778,agrosmart-v1,simulado,sim-2026-06
e51a4db7-120c-56b7-a205-c10c185d5da9,BV-03_20260617_0010.jpg,2026-06-17 10:03:54,BV-03,smartphone,saudavel,saudavel,0.8209,agrosmart-v1,simulado,sim-2026-06
49b5af9d-1ba0-519b-a46a-9242abeba151,BV-02_20260617_0006.jpg,2026-06-17 10:04:05,BV-02,smartphone,saudavel,saudavel,0.9845,agrosmart-v1,simulado,sim-2026-06
82992345-4b28-53a5-a654-b08f180fa209,BV-03_20260617_0011.jpg,2026-06-17 10:04:47,BV-03,smartphone,saudavel,saudavel,0.9483,agrosmart-v1,simulado,sim-2026-06
917329b6-ed13-5cbf-9067-e45688441b04,BV-02_20260617_0007.jpg,2026-06-17 10:04:49,BV-02,smartphone,saudavel,saudavel,0.9672,agrosmart-v1,simulado,sim-2026-06
13dd28d8-5deb-5187-89b4-e5c8b98d31d7,BV-03_20260617_0012.jpg,2026-06-17 10:05:12,BV-03,smartphone,saudavel,saudavel,0.9966,agrosmart-v1,simulado,sim-2026-06
ba9d22c4-e214-5063-a553-4bf39b7dd46e,BV-03_20260617_0013.jpg,2026-06-17 10:05:41,BV-03,smartphone,saudavel,saudavel,0.9606,agrosmart-v1,simulado,sim-2026-06
9cf8fe67-de4a-52ed-bd5f-21676bb2ab40,BV-02_20260617_0008.jpg,2026-06-17 10:05:50,BV-02,smartphone,saudavel,saudavel,0.9929,agrosmart-v1,simulado,sim-2026-06
f5e71a72-ffc3-519f-98f4-b89278de23c4,BV-02_20260617_0009.jpg,2026-06-17 10:06:00,BV-02,smartphone,saudavel,saudavel,0.9002,agrosmart-v1,simulado,sim-2026-06
5736992a-3b2d-5994-8d2c-d81f9b2b7fb9,BV-03_20260617_0014.jpg,2026-06-17 10:06:33,BV-03,smartphone,saudavel,saudavel,0.9872,agrosmart-v1,simulado,sim-2026-06
ff888dcd-e9c4-59cf-ad57-a7145bc831e9,BV-02_20260617_0010.jpg,2026-06-17 10:06:45,BV-02,smartphone,saudavel,saudavel,0.9997,agrosmart-v1,simulado,sim-2026-06
0c6e1263-9de1-58f3-9aa8-ecc7268d10e9,BV-02_20260617_0011.jpg,2026-06-17 10:07:30,BV-02,smartphone,saudavel,saudavel,0.9387,agrosmart-v1,simulado,sim-2026-06
46eb0247-3069-5e01-bee1-09329c17324f,BV-03_20260617_0015.jpg,2026-06-17 10:07:30,BV-03,smartphone,saudavel,saudavel,0.6115,agrosmart-v1,simulado,sim-2026-06
e40f893f-c358-5b90-97e3-58906d3325d8,BV-03_20260617_0016.jpg,2026-06-17 10:07:50,BV-03,smartphone,saudavel,saudavel,0.9824,agrosmart-v1,simulado,sim-2026-06
cbc5d01e-5a84-5e76-95fc-b5823349b01b,BV-02_20260617_0012.jpg,2026-06-17 10:08:22,BV-02,smartphone,saudavel,saudavel,0.9116,agrosmart-v1,simulado,sim-2026-06
e1eb3ee1-6ff3-56c5-a88f-0580bdb7f1ac,BV-03_20260617_0017.jpg,2026-06-17 10:08:28,BV-03,smartphone,saudavel,saudavel,0.9725,agrosmart-v1,simulado,sim-2026-06
98a0b38d-e857-5a2f-a2ec-f4099bc19037,BV-02_20260617_0013.jpg,2026-06-17 10:08:43,BV-02,smartphone,saudavel,saudavel,0.9969,agrosmart-v1,simulado,sim-2026-06
d7d92635-900a-59dc-814a-7442de706124,BV-03_20260617_0018.jpg,2026-06-17 10:09:10,BV-03,smartphone,saudavel,saudavel,0.9345,agrosmart-v1,simulado,sim-2026-06
98edfd61-f97c-583e-acb6-ce9de7695a71,BV-02_20260617_0014.jpg,2026-06-17 10:09:39,BV-02,smartphone,saudavel,saudavel,0.9655,agrosmart-v1,simulado,sim-2026-06
32bade85-4e06-557d-81e3-7f76c6998596,BV-03_20260617_0019.jpg,2026-06-17 10:09:41,BV-03,smartphone,saudavel,saudavel,0.9913,agrosmart-v1,simulado,sim-2026-06
beef3803-3ce6-51ed-8055-ac64db8494ae,BV-02_20260617_0015.jpg,2026-06-17 10:10:22,BV-02,smartphone,saudavel,saudavel,0.9097,agrosmart-v1,simulado,sim-2026-06
8a36272a-49d1-59d9-9435-d3045527fde3,BV-03_20260617_0020.jpg,2026-06-17 10:10:28,BV-03,smartphone,saudavel,saudavel,0.9996,agrosmart-v1,simulado,sim-2026-06
bebbfdba-eb20-5d48-bf65-99e50d533dcc,BV-02_20260617_0016.jpg,2026-06-17 10:10:51,BV-02,smartphone,saudavel,saudavel,0.9980,agrosmart-v1,simulado,sim-2026-06
0cf598e3-5116-54e4-a147-2c36f536bec2,BV-03_20260617_0021.jpg,2026-06-17 10:11:20,BV-03,smartphone,saudavel,saudavel,0.9022,agrosmart-v1,simulado,sim-2026-06
dd9c4585-45c8-51d0-8f94-d5756a4b32d4,BV-02_20260617_0017.jpg,2026-06-17 10:11:28,BV-02,smartphone,saudavel,saudavel,0.9113,agrosmart-v1,simulado,sim-2026-06
546eabd0-b5df-5735-823a-0b653875bcc5,BV-03_20260617_0022.jpg,2026-06-17 10:11:54,BV-03,smartphone,saudavel,saudavel,0.8521,agrosmart-v1,simulado,sim-2026-06
4486811b-7f0d-5e57-bf5a-1c8ea2bab6bc,BV-02_20260617_0018.jpg,2026-06-17 10:12:02,BV-02,smartphone,saudavel,saudavel,0.8380,agrosmart-v1,simulado,sim-2026-06
cbb08b1b-c52e-517c-ac15-df6e484597ba,BV-03_20260617_0023.jpg,2026-06-17 10:12:26,BV-03,smartphone,saudavel,saudavel,0.9717,agrosmart-v1,simulado,sim-2026-06
e40e1363-37d5-5e94-8a11-67457b5c9372,BV-02_20260617_0019.jpg,2026-06-17 10:12:52,BV-02,smartphone,saudavel,saudavel,0.9894,agrosmart-v1,simulado,sim-2026-06
a9460039-c449-5d79-9947-5b77dbe38dd0,BV-03_20260617_0024.jpg,2026-06-17 10:13:17,BV-03,smartphone,saudavel,saudavel,0.8720,agrosmart-v1,simulado,sim-2026-06
f0c8118b-79c7-5767-bb0d-9e5cb0815474,BV-02_20260617_0020.jpg,2026-06-17 10:13:24,BV-02,smartphone,saudavel,saudavel,0.9953,agrosmart-v1,simulado,sim-2026-06
fa70b841-147e-53ca-b103-fa1ef7c84af8,BV-03_20260617_0025.jpg,2026-06-17 10:13:51,BV-03,smartphone,saudavel,saudavel,0.9882,agrosmart-v1,simulado,sim-2026-06
bf811ca9-7592-5c38-bb08-fb3f1ce78c04,BV-02_20260617_0021.jpg,2026-06-17 10:14:21,BV-02,smartphone,saudavel,saudavel,0.9216,agrosmart-v1,simulado,sim-2026-06
08f97e62-568f-551a-86a3-f38956dc6e53,BV-03_20260617_0026.jpg,2026-06-17 10:14:34,BV-03,smartphone,saudavel,saudavel,0.8616,agrosmart-v1,simulado,sim-2026-06
7ce2c357-1be5-59ab-923c-0fcb06724a76,BV-02_20260617_0022.jpg,2026-06-17 10:14:57,BV-02,smartphone,saudavel,saudavel,0.9992,agrosmart-v1,simulado,sim-2026-06
8fbee4e9-487b-5716-aa5c-0e2298e45ad7,BV-03_20260617_0027.jpg,2026-06-17 10:15:12,BV-03,smartphone,saudavel,saudavel,0.8822,agrosmart-v1,simulado,sim-2026-06
1f776c73-86cd-5c8d-94b6-c3edfc485fd0,BV-02_20260617_0023.jpg,2026-06-17 10:15:25,BV-02,smartphone,saudavel,saudavel,0.9976,agrosmart-v1,simulado,sim-2026-06
285b8ad2-e3d0-56f1-b0e0-7586afbd4506,BV-03_20260617_0028.jpg,2026-06-17 10:15:42,BV-03,smartphone,saudavel,saudavel,0.9841,agrosmart-v1,simulado,sim-2026-06
c53a89c3-b550-5d0f-8fc8-93adbe9cacc8,BV-02_20260617_0024.jpg,2026-06-17 10:16:06,BV-02,smartphone,saudavel,saudavel,0.9968,agrosmart-v1,simulado,sim-2026-06
f8f7b018-704e-5c82-a051-b009756fbef4,BV-03_20260617_0029.jpg,2026-06-17 10:16:36,BV-03,smartphone,saudavel,saudavel,0.9518,agrosmart-v1,simulado,sim-2026-06
d952e394-f2d6-5c42-99c0-97ec9de24f53,BV-02_20260617_0025.jpg,2026-06-17 10:16:40,BV-02,smartphone,saudavel,saudavel,0.9531,agrosmart-v1,simulado,sim-2026-06
713540d4-dc8a-5491-ad82-9d844c1acca5,BV-03_20260617_0030.jpg,2026-06-17 10:17:01,BV-03,smartphone,saudavel,saudavel,0.9960,agrosmart-v1,simulado,sim-2026-06
69ee7090-211b-5c91-a197-42574dc393ef,BV-03_20260617_0031.jpg,2026-06-17 10:18:02,BV-03,smartphone,saudavel,saudavel,0.8720,agrosmart-v1,simulado,sim-2026-06
9dbd7dac-3c78-5820-a56a-379592965df5,BV-03_20260617_0032.jpg,2026-06-17 10:18:36,BV-03,smartphone,doente,pinta_preta,0.9997,agrosmart-v1,simulado,sim-2026-06
e835bad7-c421-5d82-b154-10aae78436c7,TI-03_20260619_0001.jpg,2026-06-19 07:03:03,TI-03,drone,saudavel,saudavel,0.6854,agrosmart-v1,simulado,sim-2026-06
6bd5332b-59b7-5134-b075-ac6c0ae028ff,TI-03_20260619_0002.jpg,2026-06-19 07:03:38,TI-03,drone,saudavel,saudavel,0.8835,agrosmart-v1,simulado,sim-2026-06
650b047e-3357-5f18-a04c-7d5e8d8801ab,TI-03_20260619_0003.jpg,2026-06-19 07:04:03,TI-03,drone,saudavel,saudavel,0.9592,agrosmart-v1,simulado,sim-2026-06
76e72d41-c818-51bb-b2cc-60dba05a1612,TI-03_20260619_0004.jpg,2026-06-19 07:04:59,TI-03,drone,saudavel,saudavel,0.9973,agrosmart-v1,simulado,sim-2026-06
a4175269-54c7-5867-9dc2-40dd8dfc9758,TI-03_20260619_0005.jpg,2026-06-19 07:05:22,TI-03,drone,saudavel,saudavel,0.9997,agrosmart-v1,simulado,sim-2026-06
a42f18c3-5890-54b8-953a-b0fbc92112d0,BV-03_20260619_0001.jpg,2026-06-19 07:05:47,BV-03,smartphone,saudavel,saudavel,0.8980,agrosmart-v1,simulado,sim-2026-06
52ea1de4-ef86-5c73-9d90-2a2fd2c1aba4,TI-03_20260619_0006.jpg,2026-06-19 07:06:19,TI-03,drone,saudavel,saudavel,0.8854,agrosmart-v1,simulado,sim-2026-06
65fab82c-dd15-5170-abbb-a8fcf833e706,BV-03_20260619_0002.jpg,2026-06-19 07:06:30,BV-03,smartphone,saudavel,saudavel,0.9907,agrosmart-v1,simulado,sim-2026-06
d6e63bb3-5e43-5c78-b7f2-95547a1893e2,TI-03_20260619_0007.jpg,2026-06-19 07:06:41,TI-03,drone,doente,mosca_minadora,0.9999,agrosmart-v1,simulado,sim-2026-06
d7c45889-bdcb-56f4-8c45-0eee8b179330,BV-03_20260619_0003.jpg,2026-06-19 07:07:08,BV-03,smartphone,saudavel,saudavel,0.9369,agrosmart-v1,simulado,sim-2026-06
7c57a2eb-ea75-5fb6-889f-fa8bebde9563,BV-03_20260619_0004.jpg,2026-06-19 07:07:40,BV-03,smartphone,saudavel,saudavel,0.9252,agrosmart-v1,simulado,sim-2026-06
86696c85-ca8c-53cb-8862-bfd3691a17aa,TI-03_20260619_0008.jpg,2026-06-19 07:07:43,TI-03,drone,saudavel,saudavel,0.8676,agrosmart-v1,simulado,sim-2026-06
ec48512c-1936-5002-beca-6dc31d5e2075,TI-03_20260619_0009.jpg,2026-06-19 07:08:06,TI-03,drone,saudavel,saudavel,0.9997,agrosmart-v1,simulado,sim-2026-06
87726bdb-cdbd-577d-9269-44652baeeb22,BV-03_20260619_0005.jpg,2026-06-19 07:08:20,BV-03,smartphone,saudavel,saudavel,0.9601,agrosmart-v1,simulado,sim-2026-06
562fc913-20fd-5bfc-9a59-dcdbc5c5b2de,TI-03_20260619_0010.jpg,2026-06-19 07:08:53,TI-03,drone,saudavel,saudavel,0.9998,agrosmart-v1,simulado,sim-2026-06
a1e92fa5-f621-529e-b035-88b2a8d87492,BV-03_20260619_0006.jpg,2026-06-19 07:09:28,BV-03,smartphone,saudavel,saudavel,0.8433,agrosmart-v1,simulado,sim-2026-06
fc86f09e-7d2b-50f5-8e6c-7a79ef8c6556,TI-03_20260619_0011.jpg,2026-06-19 07:09:37,TI-03,drone,saudavel,saudavel,0.8813,agrosmart-v1,simulado,sim-2026-06
8e30ea34-1421-5b58-af82-9f1547c8e58b,BV-03_20260619_0007.jpg,2026-06-19 07:09:45,BV-03,smartphone,saudavel,saudavel,0.8581,agrosmart-v1,simulado,sim-2026-06
fb26fa0c-1cf9-57f0-ac8b-c5f8fc0d2120,TI-03_20260619_0012.jpg,2026-06-19 07:10:20,TI-03,drone,saudavel,saudavel,0.9914,agrosmart-v1,simulado,sim-2026-06
0af59780-9d1f-5229-93a5-e89e8535db73,BV-03_20260619_0008.jpg,2026-06-19 07:10:38,BV-03,smartphone,saudavel,saudavel,0.8916,agrosmart-v1,simulado,sim-2026-06
4d27b55e-d06c-552d-b52f-58b00b97b05c,TI-03_20260619_0013.jpg,2026-06-19 07:11:00,TI-03,drone,saudavel,saudavel,0.9994,agrosmart-v1,simulado,sim-2026-06
1cfb4fd9-d639-52d5-95e5-a4748c193ff9,BV-03_20260619_0009.jpg,2026-06-19 07:11:24,BV-03,smartphone,saudavel,saudavel,0.9535,agrosmart-v1,simulado,sim-2026-06
7912f3ea-8916-5299-96c4-6393ba89f74a,TI-03_20260619_0014.jpg,2026-06-19 07:11:27,TI-03,drone,saudavel,saudavel,0.9728,agrosmart-v1,simulado,sim-2026-06
f266bbe6-6b06-5734-995f-467c14721f5a,BV-03_20260619_0010.jpg,2026-06-19 07:11:50,BV-03,smartphone,saudavel,saudavel,0.8961,agrosmart-v1,simulado,sim-2026-06
4b96fa5d-6aa4-5ae5-b875-d9fcd5904146,TI-03_20260619_0015.jpg,2026-06-19 07:12:22,TI-03,drone,saudavel,saudavel,0.9975,agrosmart-v1,simulado,sim-2026-06
4a2f9777-2564-5679-b624-6e2765ed9a51,TI-03_20260619_0016.jpg,2026-06-19 07:12:41,TI-03,drone,saudavel,saudavel,0.9961,agrosmart-v1,simulado,sim-2026-06
a1ac8f5d-d66f-5df9-90ed-9857a6afcfb6,BV-03_20260619_0011.jpg,2026-06-19 07:12:45,BV-03,smartphone,saudavel,saudavel,0.9730,agrosmart-v1,simulado,sim-2026-06
1cc2068e-3a8a-5c1a-bc3d-e94939995514,BV-03_20260619_0012.jpg,2026-06-19 07:13:18,BV-03,smartphone,saudavel,saudavel,0.9833,agrosmart-v1,simulado,sim-2026-06
f07b5388-eb15-5682-9cbe-9eb649a7b346,TI-03_20260619_0017.jpg,2026-06-19 07:13:24,TI-03,drone,saudavel,saudavel,0.9046,agrosmart-v1,simulado,sim-2026-06
9ca9436a-6d6d-5382-9959-8412cc18ac2b,BV-03_20260619_0013.jpg,2026-06-19 07:14:02,BV-03,smartphone,saudavel,saudavel,0.9313,agrosmart-v1,simulado,sim-2026-06
76b7c79c-a45f-5295-97a3-b29179d1b99b,TI-03_20260619_0018.jpg,2026-06-19 07:14:19,TI-03,drone,saudavel,saudavel,0.8417,agrosmart-v1,simulado,sim-2026-06
744a418a-5c62-536a-a45c-54fa0b974d27,BV-03_20260619_0014.jpg,2026-06-19 07:14:44,BV-03,smartphone,saudavel,saudavel,0.9712,agrosmart-v1,simulado,sim-2026-06
56fa87ec-e710-5fd1-8b11-247310f28a35,TI-03_20260619_0019.jpg,2026-06-19 07:14:52,TI-03,drone,saudavel,saudavel,0.8582,agrosmart-v1,simulado,sim-2026-06
640e74d8-45cf-5c9f-ade0-a33e053ad833,BV-03_20260619_0015.jpg,2026-06-19 07:15:10,BV-03,smartphone,saudavel,saudavel,0.9268,agrosmart-v1,simulado,sim-2026-06
9a4d123a-c8be-5ddd-b694-b6721d49d84f,TI-03_20260619_0020.jpg,2026-06-19 07:15:32,TI-03,drone,saudavel,saudavel,0.9990,agrosmart-v1,simulado,sim-2026-06
ec77233b-df79-5d4b-b9f7-b0c55d4d69ca,TI-01_20260619_0001.jpg,2026-06-19 07:16:05,TI-01,drone,saudavel,saudavel,0.8679,agrosmart-v1,simulado,sim-2026-06
e812efb8-23d1-5cf3-a8c1-9b110d2b4bc5,BV-03_20260619_0016.jpg,2026-06-19 07:16:07,BV-03,smartphone,saudavel,saudavel,0.9835,agrosmart-v1,simulado,sim-2026-06
0471f832-5d3a-59a4-a5f6-ea784a6b3c70,TI-03_20260619_0021.jpg,2026-06-19 07:16:11,TI-03,drone,saudavel,saudavel,0.8442,agrosmart-v1,simulado,sim-2026-06
f6e425e7-39a3-5add-8a9e-ee6c31358ec3,TI-01_20260619_0002.jpg,2026-06-19 07:16:45,TI-01,drone,saudavel,saudavel,0.9352,agrosmart-v1,simulado,sim-2026-06
401989cc-1575-581a-a79c-47da0aa5512d,BV-03_20260619_0017.jpg,2026-06-19 07:16:46,BV-03,smartphone,saudavel,saudavel,0.9627,agrosmart-v1,simulado,sim-2026-06
0e731eba-9701-5b14-8c37-50aef0f6dabe,TI-03_20260619_0022.jpg,2026-06-19 07:17:02,TI-03,drone,saudavel,saudavel,0.9126,agrosmart-v1,simulado,sim-2026-06
b781ad03-a844-5069-afb7-79e322c51df4,TI-01_20260619_0003.jpg,2026-06-19 07:17:19,TI-01,drone,saudavel,saudavel,0.9860,agrosmart-v1,simulado,sim-2026-06
e15554d8-333b-51d2-8ef8-e1221926c3a7,TI-03_20260619_0023.jpg,2026-06-19 07:17:24,TI-03,drone,saudavel,saudavel,0.8550,agrosmart-v1,simulado,sim-2026-06
491164ad-4857-55b7-bc64-cbffc58ebb43,BV-03_20260619_0018.jpg,2026-06-19 07:17:27,BV-03,smartphone,saudavel,saudavel,0.8947,agrosmart-v1,simulado,sim-2026-06
7aa7e71a-6bdd-5b9f-a9d6-5160aafd9994,BV-03_20260619_0019.jpg,2026-06-19 07:17:57,BV-03,smartphone,saudavel,saudavel,0.9161,agrosmart-v1,simulado,sim-2026-06
85a706b6-8a7a-584d-9aa8-1b0ff6dba5ba,TI-01_20260619_0004.jpg,2026-06-19 07:17:59,TI-01,drone,saudavel,saudavel,0.9152,agrosmart-v1,simulado,sim-2026-06
7baa73dc-23c0-51e8-bb32-e6ce00a70d13,TI-03_20260619_0024.jpg,2026-06-19 07:18:28,TI-03,drone,saudavel,saudavel,0.9868,agrosmart-v1,simulado,sim-2026-06
674d962e-42fa-5c71-a47b-c9136d2d955d,BV-03_20260619_0020.jpg,2026-06-19 07:18:33,BV-03,smartphone,saudavel,saudavel,0.9937,agrosmart-v1,simulado,sim-2026-06
44da530b-10a2-5d5d-844f-4d577fcbca9e,TI-01_20260619_0005.jpg,2026-06-19 07:18:48,TI-01,drone,saudavel,saudavel,0.7815,agrosmart-v1,simulado,sim-2026-06
c5e12bce-4cff-5358-a781-8a4011977f28,TI-03_20260619_0025.jpg,2026-06-19 07:18:54,TI-03,drone,saudavel,saudavel,0.9075,agrosmart-v1,simulado,sim-2026-06
a69dbc25-d721-59b9-b0f0-e0a1e4d1215b,BV-03_20260619_0021.jpg,2026-06-19 07:19:02,BV-03,smartphone,saudavel,saudavel,0.9952,agrosmart-v1,simulado,sim-2026-06
cbe4b2cd-5704-5782-823d-d45ac78d719b,TI-01_20260619_0006.jpg,2026-06-19 07:19:16,TI-01,drone,saudavel,saudavel,0.9859,agrosmart-v1,simulado,sim-2026-06
da33eb01-8961-5ec3-af34-5d91ae22b1aa,TI-03_20260619_0026.jpg,2026-06-19 07:19:21,TI-03,drone,saudavel,saudavel,0.9704,agrosmart-v1,simulado,sim-2026-06
dde96b87-0ed8-5a2f-8f3f-015a2823ef7f,TI-01_20260619_0007.jpg,2026-06-19 07:19:59,TI-01,drone,saudavel,saudavel,0.9260,agrosmart-v1,simulado,sim-2026-06
0de3af52-44a4-5daa-b25e-dbf26779d97c,BV-03_20260619_0022.jpg,2026-06-19 07:20:01,BV-03,smartphone,saudavel,saudavel,1.0000,agrosmart-v1,simulado,sim-2026-06
6c5d29f3-e54f-5d9f-9b16-d90ee0f78b63,TI-03_20260619_0027.jpg,2026-06-19 07:20:11,TI-03,drone,saudavel,saudavel,0.9979,agrosmart-v1,simulado,sim-2026-06
d26719a7-aa05-5986-8181-ffabd14a9c5f,TI-03_20260619_0028.jpg,2026-06-19 07:20:42,TI-03,drone,saudavel,saudavel,0.9898,agrosmart-v1,simulado,sim-2026-06
2cc01972-6503-55ec-ba35-926bfe0a488b,BV-03_20260619_0023.jpg,2026-06-19 07:20:45,BV-03,smartphone,saudavel,saudavel,0.9943,agrosmart-v1,simulado,sim-2026-06
36df301a-7d7f-5b2b-99d4-19fde73bbc4f,TI-01_20260619_0008.jpg,2026-06-19 07:20:49,TI-01,drone,saudavel,saudavel,0.8529,agrosmart-v1,simulado,sim-2026-06
3065cc4f-9ab4-5746-bd47-dc80ad81a95a,TI-01_20260619_0009.jpg,2026-06-19 07:21:20,TI-01,drone,saudavel,saudavel,0.9276,agrosmart-v1,simulado,sim-2026-06
8747456d-09cb-5a59-b21d-d60c8a579b79,BV-03_20260619_0024.jpg,2026-06-19 07:21:26,BV-03,smartphone,saudavel,saudavel,0.9185,agrosmart-v1,simulado,sim-2026-06
67930414-d533-5e24-ba8f-aadad3e7971a,TI-01_20260619_0010.jpg,2026-06-19 07:21:53,TI-01,drone,doente,pinta_preta,0.7619,agrosmart-v1,simulado,sim-2026-06
0cce2e57-6b79-513b-8793-64b7198032b8,BV-03_20260619_0025.jpg,2026-06-19 07:21:57,BV-03,smartphone,saudavel,saudavel,0.9567,agrosmart-v1,simulado,sim-2026-06
ead09c21-4196-5c62-aeb1-d489ee89c726,TI-01_20260619_0011.jpg,2026-06-19 07:22:24,TI-01,drone,saudavel,saudavel,0.8955,agrosmart-v1,simulado,sim-2026-06
69092fd6-ac74-5c6c-95ae-995f41984f79,BV-03_20260619_0026.jpg,2026-06-19 07:22:33,BV-03,smartphone,saudavel,saudavel,0.8321,agrosmart-v1,simulado,sim-2026-06
3de2009e-ca1f-522b-a7f6-f675d1ec59d2,TI-01_20260619_0012.jpg,2026-06-19 07:23:06,TI-01,drone,saudavel,saudavel,0.9100,agrosmart-v1,simulado,sim-2026-06
8862619c-5b8e-5ba2-a908-66738a618630,BV-03_20260619_0027.jpg,2026-06-19 07:23:24,BV-03,smartphone,saudavel,saudavel,0.9613,agrosmart-v1,simulado,sim-2026-06
7ec82031-bdab-561b-93fa-9e49a4aa6c3a,TI-01_20260619_0013.jpg,2026-06-19 07:23:51,TI-01,drone,saudavel,saudavel,0.9819,agrosmart-v1,simulado,sim-2026-06
b07770d7-d3db-5d75-b781-8681cf900b36,TI-01_20260619_0014.jpg,2026-06-19 07:24:24,TI-01,drone,saudavel,saudavel,0.9998,agrosmart-v1,simulado,sim-2026-06
608c2d3d-ea30-594a-8e39-c729e8b0b298,TI-01_20260619_0015.jpg,2026-06-19 07:25:24,TI-01,drone,saudavel,saudavel,0.9999,agrosmart-v1,simulado,sim-2026-06
d3ae9624-ad6a-5304-8569-dd52485e5bbd,TI-01_20260619_0016.jpg,2026-06-19 07:25:57,TI-01,drone,saudavel,saudavel,0.9286,agrosmart-v1,simulado,sim-2026-06
4cb64a2c-0a4e-514e-b490-9dca23952c28,TI-01_20260619_0017.jpg,2026-06-19 07:26:24,TI-01,drone,saudavel,saudavel,0.9315,agrosmart-v1,simulado,sim-2026-06
e588e0e2-53f0-5e75-ac03-59d37327eb0f,TI-01_20260619_0018.jpg,2026-06-19 07:27:24,TI-01,drone,saudavel,saudavel,0.9649,agrosmart-v1,simulado,sim-2026-06
22b53009-7ffc-5285-8ebf-fd3c44999c20,TI-01_20260619_0019.jpg,2026-06-19 07:28:10,TI-01,drone,saudavel,saudavel,0.8581,agrosmart-v1,simulado,sim-2026-06
9632b06b-61e9-5ba3-a402-ccd2bca73257,TI-01_20260619_0020.jpg,2026-06-19 07:28:45,TI-01,drone,saudavel,saudavel,0.9973,agrosmart-v1,simulado,sim-2026-06
dd581c51-065d-5571-9cd3-d8da5a54a8a0,TI-01_20260619_0021.jpg,2026-06-19 07:29:16,TI-01,drone,saudavel,saudavel,0.8798,agrosmart-v1,simulado,sim-2026-06
4f78bfc1-1de4-5694-a933-fc1abc53e7de,TI-01_20260619_0022.jpg,2026-06-19 07:29:59,TI-01,drone,saudavel,saudavel,1.0000,agrosmart-v1,simulado,sim-2026-06
3b0b2ab3-2d4d-565e-960a-d21562fe1721,TI-01_20260619_0023.jpg,2026-06-19 07:30:42,TI-01,drone,saudavel,saudavel,0.9970,agrosmart-v1,simulado,sim-2026-06
bccf2ef1-21be-5d00-9e19-c8bdfe4bb841,TI-01_20260619_0024.jpg,2026-06-19 07:31:16,TI-01,drone,saudavel,saudavel,0.8216,agrosmart-v1,simulado,sim-2026-06
cf2a0fc2-bccc-5c9e-bcd0-57787be2e386,TI-01_20260619_0025.jpg,2026-06-19 07:31:49,TI-01,drone,saudavel,saudavel,0.8925,agrosmart-v1,simulado,sim-2026-06
2b5a37e6-4f72-5edc-a42d-9e4a9559d6e2,TI-01_20260619_0026.jpg,2026-06-19 07:32:27,TI-01,drone,saudavel,saudavel,0.8684,agrosmart-v1,simulado,sim-2026-06
8c49435c-c662-5a18-a444-89da249510d5,TI-01_20260619_0027.jpg,2026-06-19 07:33:13,TI-01,drone,saudavel,saudavel,0.9421,agrosmart-v1,simulado,sim-2026-06
df7a3fb1-807f-5edc-91ef-946be8dbb4d1,TI-01_20260619_0028.jpg,2026-06-19 07:33:55,TI-01,drone,saudavel,saudavel,1.0000,agrosmart-v1,simulado,sim-2026-06
092a6689-be30-512a-9c0d-aca1ed8c93fc,TI-01_20260619_0029.jpg,2026-06-19 07:34:22,TI-01,drone,saudavel,saudavel,0.8602,agrosmart-v1,simulado,sim-2026-06
e4cb1d9d-6377-5b7e-ae77-bbf09a2cc17d,TI-01_20260619_0030.jpg,2026-06-19 07:35:08,TI-01,drone,saudavel,saudavel,0.9439,agrosmart-v1,simulado,sim-2026-06
6a743164-0b58-5c8d-904b-c2f976ed8902,TI-01_20260619_0031.jpg,2026-06-19 07:35:51,TI-01,drone,doente,requeima,0.9991,agrosmart-v1,simulado,sim-2026-06
012af347-439c-5979-81c9-2955d39f611f,TI-01_20260619_0032.jpg,2026-06-19 07:36:20,TI-01,drone,saudavel,saudavel,0.6173,agrosmart-v1,simulado,sim-2026-06
737fa91a-5228-5856-92be-28f2c698e823,TI-01_20260619_0033.jpg,2026-06-19 07:37:11,TI-01,drone,saudavel,saudavel,0.9835,agrosmart-v1,simulado,sim-2026-06
b0e52e48-667e-5458-b337-602403629607,TI-01_20260619_0034.jpg,2026-06-19 07:38:00,TI-01,drone,saudavel,saudavel,0.9845,agrosmart-v1,simulado,sim-2026-06
1d346b5d-151b-5774-b436-b2196ce65627,TI-01_20260619_0035.jpg,2026-06-19 07:38:30,TI-01,drone,saudavel,saudavel,0.9863,agrosmart-v1,simulado,sim-2026-06
82d35f3f-0d83-5fa4-8348-25fd91aa8cc7,TI-01_20260619_0036.jpg,2026-06-19 07:39:02,TI-01,drone,saudavel,saudavel,0.9649,agrosmart-v1,simulado,sim-2026-06
f141d460-09f2-5d69-8e01-048990aa8003,TI-01_20260619_0037.jpg,2026-06-19 07:39:46,TI-01,drone,saudavel,saudavel,0.8657,agrosmart-v1,simulado,sim-2026-06
e7ce2945-599b-52ec-9fbe-9270d5e4348e,TI-01_20260619_0038.jpg,2026-06-19 07:40:20,TI-01,drone,saudavel,saudavel,0.9510,agrosmart-v1,simulado,sim-2026-06
09037c9a-3619-56b6-88eb-3cd34cd02eed,TI-01_20260619_0039.jpg,2026-06-19 07:41:05,TI-01,drone,saudavel,saudavel,0.9589,agrosmart-v1,simulado,sim-2026-06
711cc30b-6212-523b-8200-aac381f50424,TI-01_20260619_0040.jpg,2026-06-19 07:41:43,TI-01,drone,saudavel,saudavel,0.9734,agrosmart-v1,simulado,sim-2026-06
79cf2935-11b3-59e6-a6d8-93f1582cab16,TI-01_20260619_0041.jpg,2026-06-19 07:42:41,TI-01,drone,saudavel,saudavel,0.9252,agrosmart-v1,simulado,sim-2026-06
7bcc5a7e-8efa-5e8f-b2a6-f423fb92d56c,TI-01_20260619_0042.jpg,2026-06-19 07:43:08,TI-01,drone,saudavel,saudavel,0.9702,agrosmart-v1,simulado,sim-2026-06
746f860b-154e-5e76-9c6a-4d07c9e0db5e,TI-01_20260619_0043.jpg,2026-06-19 07:43:46,TI-01,drone,saudavel,saudavel,0.9671,agrosmart-v1,simulado,sim-2026-06
1f012a08-ae3a-533b-86d4-d9c232ed1d7f,TI-01_20260619_0044.jpg,2026-06-19 07:44:42,TI-01,drone,saudavel,saudavel,0.9410,agrosmart-v1,simulado,sim-2026-06
563676e3-6cda-5103-bf9d-dfc8c4da463e,TI-01_20260619_0045.jpg,2026-06-19 07:45:08,TI-01,drone,saudavel,saudavel,0.9166,agrosmart-v1,simulado,sim-2026-06
5c9c3d2d-0658-581d-8698-f684f8230d63,SC-04_20260619_0001.jpg,2026-06-19 07:47:01,SC-04,smartphone,saudavel,saudavel,0.9509,agrosmart-v1,simulado,sim-2026-06
19406d7b-7ac1-5351-8249-815b7983e1fc,SC-04_20260619_0002.jpg,2026-06-19 07:47:25,SC-04,smartphone,saudavel,saudavel,0.9873,agrosmart-v1,simulado,sim-2026-06
8140ff6b-cd31-5813-9a07-535f94c232f6,SC-04_20260619_0003.jpg,2026-06-19 07:48:27,SC-04,smartphone,saudavel,saudavel,0.8825,agrosmart-v1,simulado,sim-2026-06
14c0ce4a-013a-59ee-ae32-f49f837ed9f1,SC-04_20260619_0004.jpg,2026-06-19 07:48:57,SC-04,smartphone,saudavel,saudavel,0.9152,agrosmart-v1,simulado,sim-2026-06
6cdc521a-5dfd-5dda-932f-636d90cfbd43,SC-04_20260619_0005.jpg,2026-06-19 07:49:46,SC-04,smartphone,saudavel,saudavel,0.6967,agrosmart-v1,simulado,sim-2026-06
5a78cf1b-de41-506f-beff-c8bf300a08b5,SC-04_20260619_0006.jpg,2026-06-19 07:50:21,SC-04,smartphone,saudavel,saudavel,0.9539,agrosmart-v1,simulado,sim-2026-06
a96f7d8e-7ae3-57ab-9d52-ca1fe10544af,SC-04_20260619_0007.jpg,2026-06-19 07:51:09,SC-04,smartphone,saudavel,saudavel,0.9340,agrosmart-v1,simulado,sim-2026-06
8cc2b3e8-2844-5bae-9b74-25750ac47eee,SC-04_20260619_0008.jpg,2026-06-19 07:51:27,SC-04,smartphone,saudavel,saudavel,0.9991,agrosmart-v1,simulado,sim-2026-06
0940785e-1919-5a8e-ad83-fe558e8052bb,SC-04_20260619_0009.jpg,2026-06-19 07:52:26,SC-04,smartphone,saudavel,saudavel,0.9905,agrosmart-v1,simulado,sim-2026-06
20f21131-b593-56ca-b668-b95098e6d286,SC-04_20260619_0010.jpg,2026-06-19 07:53:09,SC-04,smartphone,saudavel,saudavel,0.9971,agrosmart-v1,simulado,sim-2026-06
ba976b2f-bf67-5f4e-aaf1-522706e1ee04,SC-04_20260619_0011.jpg,2026-06-19 07:53:30,SC-04,smartphone,saudavel,saudavel,0.9838,agrosmart-v1,simulado,sim-2026-06
f94d8d17-3e6c-587e-be76-1edabace84fe,SC-04_20260619_0012.jpg,2026-06-19 07:54:24,SC-04,smartphone,saudavel,saudavel,0.9886,agrosmart-v1,simulado,sim-2026-06
aba10df2-b357-5768-aa42-7ce9625f02d5,SC-04_20260619_0013.jpg,2026-06-19 07:54:40,SC-04,smartphone,saudavel,saudavel,0.9690,agrosmart-v1,simulado,sim-2026-06
9d390f59-afaf-5098-9989-4cceb3efcd37,SC-04_20260619_0014.jpg,2026-06-19 07:55:47,SC-04,smartphone,saudavel,saudavel,0.9155,agrosmart-v1,simulado,sim-2026-06
3c7c0d45-4d01-5ad7-8069-6f8bdf48b7d0,SC-04_20260619_0015.jpg,2026-06-19 07:56:20,SC-04,smartphone,saudavel,saudavel,0.8546,agrosmart-v1,simulado,sim-2026-06
94010470-6a1e-5cd9-84cb-dea95d87ab0d,SC-04_20260619_0016.jpg,2026-06-19 07:56:46,SC-04,smartphone,saudavel,saudavel,0.9054,agrosmart-v1,simulado,sim-2026-06
7c27c10f-1ebe-5744-9e89-8e80a9110c4d,SC-04_20260619_0017.jpg,2026-06-19 07:57:44,SC-04,smartphone,saudavel,saudavel,0.8977,agrosmart-v1,simulado,sim-2026-06
4141c62c-e333-5cc0-8a16-0663de1ced4c,SC-04_20260619_0018.jpg,2026-06-19 07:58:15,SC-04,smartphone,saudavel,saudavel,0.9993,agrosmart-v1,simulado,sim-2026-06
b9bd55ca-3ede-5232-84a2-de566e272df6,SC-04_20260619_0019.jpg,2026-06-19 07:58:58,SC-04,smartphone,saudavel,saudavel,0.7836,agrosmart-v1,simulado,sim-2026-06
4216472f-1707-5c49-97d3-8766ef59be51,SC-04_20260619_0020.jpg,2026-06-19 07:59:28,SC-04,smartphone,saudavel,saudavel,0.9975,agrosmart-v1,simulado,sim-2026-06
601da3fe-e8d4-5d02-9470-0539efa7c263,SC-04_20260619_0021.jpg,2026-06-19 08:00:01,SC-04,smartphone,saudavel,saudavel,0.8626,agrosmart-v1,simulado,sim-2026-06
a21bad0c-c15f-59a3-b319-00c450cf7ef1,SC-04_20260619_0022.jpg,2026-06-19 08:00:51,SC-04,smartphone,saudavel,saudavel,0.8968,agrosmart-v1,simulado,sim-2026-06
64d621f8-f30c-5afa-b444-f80adc9c5513,SC-04_20260619_0023.jpg,2026-06-19 08:01:46,SC-04,smartphone,doente,mosca_minadora,0.9809,agrosmart-v1,simulado,sim-2026-06
cdeec963-6d02-5ec9-90af-5d66f873542c,SC-04_20260619_0024.jpg,2026-06-19 08:02:00,SC-04,smartphone,saudavel,saudavel,0.9055,agrosmart-v1,simulado,sim-2026-06
d5af7013-b87e-5e07-8684-9791413cb2e3,SC-04_20260619_0025.jpg,2026-06-19 08:02:43,SC-04,smartphone,saudavel,saudavel,0.9995,agrosmart-v1,simulado,sim-2026-06
4cff6b2c-11a5-58f8-9ec3-59db39517eba,SC-04_20260619_0026.jpg,2026-06-19 08:03:36,SC-04,smartphone,saudavel,saudavel,0.7387,agrosmart-v1,simulado,sim-2026-06
5ae9c89e-a73e-5e96-8823-ae855d33ccd6,SC-04_20260619_0027.jpg,2026-06-19 08:04:30,SC-04,smartphone,saudavel,saudavel,0.9805,agrosmart-v1,simulado,sim-2026-06
179ce5b3-4ada-5a0b-8bd7-46d65650da30,SC-04_20260619_0028.jpg,2026-06-19 08:05:04,SC-04,smartphone,doente,vaquinha,0.9137,agrosmart-v1,simulado,sim-2026-06
e3326921-72f2-52dd-b27c-47b65a8fd1dd,SC-04_20260619_0029.jpg,2026-06-19 08:05:24,SC-04,smartphone,saudavel,saudavel,0.8746,agrosmart-v1,simulado,sim-2026-06
53f4d808-633e-5434-9c35-6f14f1ce003a,TI-02_20260619_0001.jpg,2026-06-19 08:11:00,TI-02,drone,saudavel,saudavel,0.9953,agrosmart-v1,simulado,sim-2026-06
b37291de-c762-52e9-ac96-229a79366b76,TI-02_20260619_0002.jpg,2026-06-19 08:11:34,TI-02,drone,saudavel,saudavel,0.9454,agrosmart-v1,simulado,sim-2026-06
4a099b40-41dc-58b7-b153-da473a423b00,TI-02_20260619_0003.jpg,2026-06-19 08:12:10,TI-02,drone,saudavel,saudavel,0.9376,agrosmart-v1,simulado,sim-2026-06
fa780226-d2cd-51d8-90c8-987439bdd915,TI-02_20260619_0004.jpg,2026-06-19 08:13:06,TI-02,drone,saudavel,saudavel,0.8672,agrosmart-v1,simulado,sim-2026-06
969b7590-0209-5c1a-84e0-718867b9b139,TI-02_20260619_0005.jpg,2026-06-19 08:13:49,TI-02,drone,saudavel,saudavel,0.9562,agrosmart-v1,simulado,sim-2026-06
eff74259-67c2-5ddb-b46e-fd4f7fcd89ce,TI-02_20260619_0006.jpg,2026-06-19 08:14:20,TI-02,drone,saudavel,saudavel,0.9936,agrosmart-v1,simulado,sim-2026-06
d41c78d2-976b-555c-a8ea-1d65ad491b92,TI-02_20260619_0007.jpg,2026-06-19 08:14:48,TI-02,drone,saudavel,saudavel,0.8780,agrosmart-v1,simulado,sim-2026-06
2bd10b8e-97bd-527b-bec0-89e2abb7a81e,TI-02_20260619_0008.jpg,2026-06-19 08:15:43,TI-02,drone,saudavel,saudavel,0.9915,agrosmart-v1,simulado,sim-2026-06
3009e4a2-bc5f-5f92-a89c-4ea907a5f41c,TI-02_20260619_0009.jpg,2026-06-19 08:16:16,TI-02,drone,saudavel,saudavel,0.8420,agrosmart-v1,simulado,sim-2026-06
92eb837f-e9f5-5116-a8f9-c89223e6e00e,TI-02_20260619_0010.jpg,2026-06-19 08:16:41,TI-02,drone,saudavel,saudavel,0.9158,agrosmart-v1,simulado,sim-2026-06
6674ed6e-6351-58bd-92bc-cf760f346509,TI-02_20260619_0011.jpg,2026-06-19 08:17:50,TI-02,drone,saudavel,saudavel,0.8883,agrosmart-v1,simulado,sim-2026-06
c9ff9bc7-5e3a-5c37-8857-254b2ca31e89,TI-02_20260619_0012.jpg,2026-06-19 08:18:27,TI-02,drone,saudavel,saudavel,0.9813,agrosmart-v1,simulado,sim-2026-06
88accb9c-b0e2-5101-a8e6-bdc4c271cbac,TI-02_20260619_0013.jpg,2026-06-19 08:18:54,TI-02,drone,saudavel,saudavel,0.5893,agrosmart-v1,simulado,sim-2026-06
2614d665-0c69-5521-9cce-ebbc0cd0b07b,TI-02_20260619_0014.jpg,2026-06-19 08:19:46,TI-02,drone,saudavel,saudavel,0.9086,agrosmart-v1,simulado,sim-2026-06
cd6b19ed-dba3-50f4-8061-a2bc7598e928,TI-02_20260619_0015.jpg,2026-06-19 08:20:27,TI-02,drone,saudavel,saudavel,0.8845,agrosmart-v1,simulado,sim-2026-06
fb2505a0-0a6f-5f6a-9663-20f3b00b8ccf,TI-02_20260619_0016.jpg,2026-06-19 08:20:49,TI-02,drone,saudavel,saudavel,0.9348,agrosmart-v1,simulado,sim-2026-06
379ee453-2739-5bce-ab79-feb8d5748a26,TI-02_20260619_0017.jpg,2026-06-19 08:21:37,TI-02,drone,saudavel,saudavel,0.8783,agrosmart-v1,simulado,sim-2026-06
d62e0bf6-ff89-5e55-afb2-53c6bd73e7c6,TI-02_20260619_0018.jpg,2026-06-19 08:22:05,TI-02,drone,saudavel,saudavel,0.9628,agrosmart-v1,simulado,sim-2026-06
22d26169-a232-5e7b-ba5e-e653ca90daa2,TI-02_20260619_0019.jpg,2026-06-19 08:22:59,TI-02,drone,saudavel,saudavel,0.9328,agrosmart-v1,simulado,sim-2026-06
4fed2017-a9ff-51fe-8bf1-01a774b791d2,TI-02_20260619_0020.jpg,2026-06-19 08:23:46,TI-02,drone,saudavel,saudavel,0.9916,agrosmart-v1,simulado,sim-2026-06
c3591e15-7b98-5128-a58e-c2af2fe1ef5f,TI-02_20260619_0021.jpg,2026-06-19 08:24:23,TI-02,drone,saudavel,saudavel,0.9965,agrosmart-v1,simulado,sim-2026-06
a76481c9-0284-5990-88a7-783609ada237,TI-02_20260619_0022.jpg,2026-06-19 08:24:42,TI-02,drone,saudavel,saudavel,0.9937,agrosmart-v1,simulado,sim-2026-06
f469b29a-cf8e-5607-8c50-b5837cd05fb2,TI-02_20260619_0023.jpg,2026-06-19 08:25:46,TI-02,drone,saudavel,saudavel,0.9991,agrosmart-v1,simulado,sim-2026-06
46db1fda-bc5c-5ab6-8de7-3bf2775fbe25,TI-02_20260619_0024.jpg,2026-06-19 08:26:05,TI-02,drone,saudavel,saudavel,0.9478,agrosmart-v1,simulado,sim-2026-06
e01938c0-fe59-53ec-8723-3970eee1d5c9,TI-02_20260619_0025.jpg,2026-06-19 08:27:02,TI-02,drone,saudavel,saudavel,1.0000,agrosmart-v1,simulado,sim-2026-06
21556747-9eaa-5508-87d8-ec9788bf98eb,TI-02_20260619_0026.jpg,2026-06-19 08:27:28,TI-02,drone,saudavel,saudavel,0.9565,agrosmart-v1,simulado,sim-2026-06
d2a13bca-54ba-5a07-86ce-cbd9d26a09f0,TI-02_20260619_0027.jpg,2026-06-19 08:28:15,TI-02,drone,doente,vaquinha,0.8220,agrosmart-v1,simulado,sim-2026-06
6dcbb28f-c53e-56f7-bd3f-4633d83ec7fb,TI-02_20260619_0028.jpg,2026-06-19 08:28:48,TI-02,drone,saudavel,saudavel,0.9991,agrosmart-v1,simulado,sim-2026-06
d202049b-58ac-516e-bddc-2a6280c9664d,TI-02_20260619_0029.jpg,2026-06-19 08:29:41,TI-02,drone,saudavel,saudavel,0.9563,agrosmart-v1,simulado,sim-2026-06
c525bff6-4f97-5300-aebb-4f3b937ed5ee,TI-02_20260619_0030.jpg,2026-06-19 08:30:02,TI-02,drone,saudavel,saudavel,0.9925,agrosmart-v1,simulado,sim-2026-06
7f1480f5-e54a-54a2-b406-520f14e8fe82,TI-02_20260619_0031.jpg,2026-06-19 08:31:00,TI-02,drone,saudavel,saudavel,0.9671,agrosmart-v1,simulado,sim-2026-06
a6ee3e86-3c2d-5351-a0ce-42ecf4c04c2d,TI-02_20260619_0032.jpg,2026-06-19 08:31:21,TI-02,drone,saudavel,saudavel,0.8740,agrosmart-v1,simulado,sim-2026-06
d2639e0c-5920-5a4b-971b-f3e3773e67a8,TI-02_20260619_0033.jpg,2026-06-19 08:32:09,TI-02,drone,saudavel,saudavel,0.8947,agrosmart-v1,simulado,sim-2026-06
12cea199-31f1-5c00-b346-f4745f2a7787,TI-02_20260619_0034.jpg,2026-06-19 08:32:43,TI-02,drone,saudavel,saudavel,0.9616,agrosmart-v1,simulado,sim-2026-06
0ee32ebc-ecf8-5130-98f9-5fed523b3246,TI-02_20260619_0035.jpg,2026-06-19 08:33:38,TI-02,drone,saudavel,saudavel,0.9920,agrosmart-v1,simulado,sim-2026-06
39e36140-1b81-5811-9654-10df3e7f9ddc,TI-02_20260619_0036.jpg,2026-06-19 08:34:00,TI-02,drone,saudavel,saudavel,0.8924,agrosmart-v1,simulado,sim-2026-06
226c5fc2-809d-5699-a0c9-13aa0da8834a,TI-02_20260619_0037.jpg,2026-06-19 08:35:02,TI-02,drone,saudavel,saudavel,0.9467,agrosmart-v1,simulado,sim-2026-06
2204ebf8-6097-508d-841e-8221c4f928b1,BV-04_20260619_0001.jpg,2026-06-19 08:35:49,BV-04,smartphone,saudavel,saudavel,0.9999,agrosmart-v1,simulado,sim-2026-06
6b09aebe-55db-5da5-a331-9a67823d7fe9,BV-04_20260619_0002.jpg,2026-06-19 08:36:30,BV-04,smartphone,saudavel,saudavel,0.8227,agrosmart-v1,simulado,sim-2026-06
4f06341f-882b-52b2-bccf-85f817697721,BV-04_20260619_0003.jpg,2026-06-19 08:37:23,BV-04,smartphone,saudavel,saudavel,0.9202,agrosmart-v1,simulado,sim-2026-06
105e3419-8f65-5ac0-b896-f8caed145cad,BV-04_20260619_0004.jpg,2026-06-19 08:37:57,BV-04,smartphone,saudavel,saudavel,0.9419,agrosmart-v1,simulado,sim-2026-06
d9c260ad-0a2d-56ed-a29f-1caa8632cbde,BV-04_20260619_0005.jpg,2026-06-19 08:38:40,BV-04,smartphone,saudavel,saudavel,0.9512,agrosmart-v1,simulado,sim-2026-06
6b269b2a-c9c9-5db1-9866-a95f408ec364,BV-04_20260619_0006.jpg,2026-06-19 08:39:09,BV-04,smartphone,saudavel,saudavel,0.9724,agrosmart-v1,simulado,sim-2026-06
20867234-30f9-5aee-9971-23dbf64d8c09,BV-04_20260619_0007.jpg,2026-06-19 08:40:05,BV-04,smartphone,doente,pinta_preta,0.9857,agrosmart-v1,simulado,sim-2026-06
c8f2eece-710d-5e56-be90-3e2d6d43c0cd,BV-04_20260619_0008.jpg,2026-06-19 08:40:44,BV-04,smartphone,saudavel,saudavel,0.9999,agrosmart-v1,simulado,sim-2026-06
59ba693f-f2a4-598c-98dc-fede3ebdf7cb,BV-04_20260619_0009.jpg,2026-06-19 08:41:09,BV-04,smartphone,saudavel,saudavel,0.9955,agrosmart-v1,simulado,sim-2026-06
7080f5f6-5f56-5a2a-ab58-6b2e3bd27410,BV-04_20260619_0010.jpg,2026-06-19 08:42:09,BV-04,smartphone,saudavel,saudavel,0.9999,agrosmart-v1,simulado,sim-2026-06
6dd60e22-ccf8-5f27-94ae-4a5d80bdab88,BV-04_20260619_0011.jpg,2026-06-19 08:42:42,BV-04,smartphone,saudavel,saudavel,0.9655,agrosmart-v1,simulado,sim-2026-06
436f8901-601e-5dbb-8db7-d55736bd4773,BV-04_20260619_0012.jpg,2026-06-19 08:43:30,BV-04,smartphone,saudavel,saudavel,0.9822,agrosmart-v1,simulado,sim-2026-06
42d2fee0-61aa-5565-a024-304eb60e6f1b,BV-04_20260619_0013.jpg,2026-06-19 08:44:04,BV-04,smartphone,saudavel,saudavel,0.9528,agrosmart-v1,simulado,sim-2026-06
dad9be64-0fc2-5361-a0c9-399d11a67c33,BV-04_20260619_0014.jpg,2026-06-19 08:44:26,BV-04,smartphone,saudavel,saudavel,0.9510,agrosmart-v1,simulado,sim-2026-06
8477acc2-0d26-50d4-be2d-84fbce3a30bd,BV-04_20260619_0015.jpg,2026-06-19 08:45:05,BV-04,smartphone,saudavel,saudavel,0.9957,agrosmart-v1,simulado,sim-2026-06
796772eb-ee9e-53ad-9bd7-9c34fc578003,BV-04_20260619_0016.jpg,2026-06-19 08:46:00,BV-04,smartphone,saudavel,saudavel,1.0000,agrosmart-v1,simulado,sim-2026-06
4110b871-181f-5f6e-9661-cd6ff34e5949,BV-04_20260619_0017.jpg,2026-06-19 08:46:21,BV-04,smartphone,saudavel,saudavel,0.8553,agrosmart-v1,simulado,sim-2026-06
1be814c9-abda-530c-b54a-484289e2ed45,BV-04_20260619_0018.jpg,2026-06-19 08:47:11,BV-04,smartphone,saudavel,saudavel,0.9606,agrosmart-v1,simulado,sim-2026-06
3ccc8d78-915b-5388-9664-312154e8a21d,BV-04_20260619_0019.jpg,2026-06-19 08:48:10,BV-04,smartphone,saudavel,saudavel,0.9767,agrosmart-v1,simulado,sim-2026-06
618b50b2-d441-5e7e-a0b5-7210c034f17e,BV-04_20260619_0020.jpg,2026-06-19 08:48:36,BV-04,smartphone,saudavel,saudavel,0.9997,agrosmart-v1,simulado,sim-2026-06
9915a3cb-db90-594c-93c2-a362c840eebb,BV-04_20260619_0021.jpg,2026-06-19 08:49:29,BV-04,smartphone,saudavel,saudavel,0.9288,agrosmart-v1,simulado,sim-2026-06
2f804d52-ac21-5eaa-8d4a-2d0aabe2e4aa,BV-04_20260619_0022.jpg,2026-06-19 08:49:56,BV-04,smartphone,saudavel,saudavel,1.0000,agrosmart-v1,simulado,sim-2026-06
b580d806-ee2b-5c4b-9f7f-fff0c66359ad,BV-04_20260619_0023.jpg,2026-06-19 08:50:32,BV-04,smartphone,saudavel,saudavel,0.9094,agrosmart-v1,simulado,sim-2026-06
279f43aa-d25d-53ef-84f7-51b312dfd9ff,SC-03_20260619_0001.jpg,2026-06-19 09:47:41,SC-03,smartphone,saudavel,saudavel,0.9986,agrosmart-v1,simulado,sim-2026-06
b78f8692-c447-51a2-9842-1865699677b9,SC-03_20260619_0002.jpg,2026-06-19 09:48:43,SC-03,smartphone,saudavel,saudavel,0.9002,agrosmart-v1,simulado,sim-2026-06
50f5cd17-044b-5754-8060-26b9ad674dfd,SC-03_20260619_0003.jpg,2026-06-19 09:49:11,SC-03,smartphone,saudavel,saudavel,0.9710,agrosmart-v1,simulado,sim-2026-06
b3ccd95e-139d-566b-a436-aad952ec340e,SC-03_20260619_0004.jpg,2026-06-19 09:49:51,SC-03,smartphone,saudavel,saudavel,0.9976,agrosmart-v1,simulado,sim-2026-06
bcacd87a-c019-5095-81d7-903a25692404,SC-03_20260619_0005.jpg,2026-06-19 09:50:25,SC-03,smartphone,saudavel,saudavel,1.0000,agrosmart-v1,simulado,sim-2026-06
6a52cd7e-1ba9-54bd-b6b0-c54e768a519e,SC-03_20260619_0006.jpg,2026-06-19 09:51:20,SC-03,smartphone,saudavel,saudavel,0.9815,agrosmart-v1,simulado,sim-2026-06
57abf9e8-72a4-56aa-9c3f-dbc2fea87821,SC-03_20260619_0007.jpg,2026-06-19 09:52:09,SC-03,smartphone,saudavel,saudavel,0.8249,agrosmart-v1,simulado,sim-2026-06
b36f38f4-3d62-5dd5-ad8a-d68015e5e4e9,TI-04_20260619_0001.jpg,2026-06-19 09:52:41,TI-04,drone,saudavel,saudavel,0.9006,agrosmart-v1,simulado,sim-2026-06
23e9434a-3701-57a5-b691-ae77bf4da3f8,SC-03_20260619_0008.jpg,2026-06-19 09:52:46,SC-03,smartphone,saudavel,saudavel,0.8259,agrosmart-v1,simulado,sim-2026-06
050976f5-a9bf-509e-9694-097f07d7d260,SC-03_20260619_0009.jpg,2026-06-19 09:53:21,SC-03,smartphone,saudavel,saudavel,0.9609,agrosmart-v1,simulado,sim-2026-06
28fef2b1-b1ee-53a3-80a5-0d320e05f014,SC-03_20260619_0010.jpg,2026-06-19 09:53:42,SC-03,smartphone,saudavel,saudavel,0.9962,agrosmart-v1,simulado,sim-2026-06
e13cd470-51b6-58c3-8c49-3574a4eeadf1,TI-04_20260619_0002.jpg,2026-06-19 09:53:47,TI-04,drone,doente,requeima,0.9914,agrosmart-v1,simulado,sim-2026-06
0b18b8db-cfe0-5cd6-9158-3c5c7bdf7ad8,TI-04_20260619_0003.jpg,2026-06-19 09:54:09,TI-04,drone,saudavel,saudavel,0.9931,agrosmart-v1,simulado,sim-2026-06
05abeeb3-82a7-5dfc-8b19-95d095de80bb,SC-03_20260619_0011.jpg,2026-06-19 09:54:23,SC-03,smartphone,saudavel,saudavel,0.8542,agrosmart-v1,simulado,sim-2026-06
28075133-e628-550c-a136-f174384b35c9,TI-04_20260619_0004.jpg,2026-06-19 09:54:50,TI-04,drone,saudavel,saudavel,0.8432,agrosmart-v1,simulado,sim-2026-06
10e08c4c-4f61-51d1-af86-3aefebe52957,SC-03_20260619_0012.jpg,2026-06-19 09:55:16,SC-03,smartphone,saudavel,saudavel,0.9794,agrosmart-v1,simulado,sim-2026-06
98f1e1be-fba6-5f72-9f1c-39622d059b22,TI-04_20260619_0005.jpg,2026-06-19 09:55:28,TI-04,drone,doente,pinta_preta,0.7634,agrosmart-v1,simulado,sim-2026-06
44caa830-f972-5130-98bd-46968729e378,SC-01_20260619_0001.jpg,2026-06-19 09:55:54,SC-01,smartphone,saudavel,saudavel,0.8991,agrosmart-v1,simulado,sim-2026-06
45b542d0-db00-5518-bf8f-3f7e3003a517,SC-03_20260619_0013.jpg,2026-06-19 09:56:02,SC-03,smartphone,saudavel,saudavel,0.9299,agrosmart-v1,simulado,sim-2026-06
49e428e7-563b-5d4a-bcd7-18a2e0b9f3a6,TI-04_20260619_0006.jpg,2026-06-19 09:56:06,TI-04,drone,saudavel,saudavel,0.8295,agrosmart-v1,simulado,sim-2026-06
0bece4c6-a55d-5268-b758-eb99ce36a0d5,SC-03_20260619_0014.jpg,2026-06-19 09:56:32,SC-03,smartphone,saudavel,saudavel,0.9393,agrosmart-v1,simulado,sim-2026-06
6c0b2e24-2642-5a94-bf1e-43a3bebacbdd,SC-01_20260619_0002.jpg,2026-06-19 09:56:44,SC-01,smartphone,saudavel,saudavel,0.9568,agrosmart-v1,simulado,sim-2026-06
7f2363b5-dda9-56d9-a906-0a005fd59a00,SC-03_20260619_0015.jpg,2026-06-19 09:57:06,SC-03,smartphone,saudavel,saudavel,0.9230,agrosmart-v1,simulado,sim-2026-06
dccecc6b-7af9-57de-af68-1bd2804b9585,TI-04_20260619_0007.jpg,2026-06-19 09:57:07,TI-04,drone,saudavel,saudavel,0.8367,agrosmart-v1,simulado,sim-2026-06
c16e73d5-f3af-50ce-88d8-ca73ef6fac54,TI-04_20260619_0008.jpg,2026-06-19 09:57:26,TI-04,drone,saudavel,saudavel,0.8398,agrosmart-v1,simulado,sim-2026-06
d3a1f68f-cac8-5c75-bf49-7481a4d59d42,SC-01_20260619_0003.jpg,2026-06-19 09:57:30,SC-01,smartphone,saudavel,saudavel,0.9996,agrosmart-v1,simulado,sim-2026-06
9bb04b67-2a6e-5050-a8a1-f9035fcde9c5,SC-01_20260619_0004.jpg,2026-06-19 09:57:56,SC-01,smartphone,saudavel,saudavel,0.9994,agrosmart-v1,simulado,sim-2026-06
8c7769e5-86f6-5e70-8326-54e075dc5cb9,SC-03_20260619_0016.jpg,2026-06-19 09:57:57,SC-03,smartphone,saudavel,saudavel,0.9910,agrosmart-v1,simulado,sim-2026-06
c97460f5-bcbf-53d2-9e4c-3ec564b9e0aa,TI-04_20260619_0009.jpg,2026-06-19 09:58:03,TI-04,drone,saudavel,saudavel,0.9836,agrosmart-v1,simulado,sim-2026-06
dddb87eb-74a9-5a16-9656-71fdd2e45b52,SC-03_20260619_0017.jpg,2026-06-19 09:58:34,SC-03,smartphone,saudavel,saudavel,0.9999,agrosmart-v1,simulado,sim-2026-06
61cedb35-3536-586c-aed4-a1c95c324a46,SC-01_20260619_0005.jpg,2026-06-19 09:58:41,SC-01,smartphone,saudavel,saudavel,0.9579,agrosmart-v1,simulado,sim-2026-06
8e8713b8-ebab-5278-9a0f-6ac4c6fe6b17,SC-03_20260619_0018.jpg,2026-06-19 09:59:00,SC-03,smartphone,saudavel,saudavel,0.9422,agrosmart-v1,simulado,sim-2026-06
f453cfb3-9cf6-5aac-b68d-2cbc33e2cf87,TI-04_20260619_0010.jpg,2026-06-19 09:59:10,TI-04,drone,saudavel,saudavel,0.8978,agrosmart-v1,simulado,sim-2026-06
6360658c-ffd3-5e43-83e6-1f9c8382e3d5,TI-04_20260619_0011.jpg,2026-06-19 09:59:21,TI-04,drone,saudavel,saudavel,0.8835,agrosmart-v1,simulado,sim-2026-06
b62200b3-fbe8-5235-af52-088a74bb6395,SC-01_20260619_0006.jpg,2026-06-19 09:59:26,SC-01,smartphone,saudavel,saudavel,0.9895,agrosmart-v1,simulado,sim-2026-06
0db30a94-27ab-5417-a74e-059834a8657b,SC-03_20260619_0019.jpg,2026-06-19 09:59:43,SC-03,smartphone,saudavel,saudavel,1.0000,agrosmart-v1,simulado,sim-2026-06
ba7d0c53-6434-533d-a525-efeec1268507,SC-01_20260619_0007.jpg,2026-06-19 09:59:53,SC-01,smartphone,saudavel,saudavel,0.9889,agrosmart-v1,simulado,sim-2026-06
e798a02a-0936-5676-9799-35c866cc9bda,TI-04_20260619_0012.jpg,2026-06-19 10:00:20,TI-04,drone,saudavel,saudavel,0.9433,agrosmart-v1,simulado,sim-2026-06
23ab7895-9979-57df-be79-e3a04a34b1bf,SC-01_20260619_0008.jpg,2026-06-19 10:00:27,SC-01,smartphone,saudavel,saudavel,1.0000,agrosmart-v1,simulado,sim-2026-06
1ad98487-70cd-5e49-906d-2a28e80f0ca2,SC-03_20260619_0020.jpg,2026-06-19 10:00:37,SC-03,smartphone,saudavel,saudavel,0.9865,agrosmart-v1,simulado,sim-2026-06
70aa03a7-a0d0-55f9-b299-61ade072d87b,TI-04_20260619_0013.jpg,2026-06-19 10:01:04,TI-04,drone,saudavel,saudavel,0.9904,agrosmart-v1,simulado,sim-2026-06
1fd40d72-53c9-5922-8651-ee8b37baf171,SC-03_20260619_0021.jpg,2026-06-19 10:01:05,SC-03,smartphone,saudavel,saudavel,0.8924,agrosmart-v1,simulado,sim-2026-06
669434b9-4dcd-5847-8398-0038604be225,SC-01_20260619_0009.jpg,2026-06-19 10:01:19,SC-01,smartphone,saudavel,saudavel,0.9155,agrosmart-v1,simulado,sim-2026-06
29c28808-44b6-5efb-bc00-c1b15fd64f75,TI-04_20260619_0014.jpg,2026-06-19 10:01:45,TI-04,drone,saudavel,saudavel,0.9474,agrosmart-v1,simulado,sim-2026-06
cd47198d-dd16-5c64-b2c2-59a35e04a150,SC-03_20260619_0022.jpg,2026-06-19 10:01:58,SC-03,smartphone,saudavel,saudavel,0.9822,agrosmart-v1,simulado,sim-2026-06
69ccaafb-582b-5939-8799-9cb5ef4322a9,SC-01_20260619_0010.jpg,2026-06-19 10:02:08,SC-01,smartphone,saudavel,saudavel,0.9583,agrosmart-v1,simulado,sim-2026-06
f94069ef-7f05-5f42-8250-f04f3935ebef,TI-04_20260619_0015.jpg,2026-06-19 10:02:24,TI-04,drone,saudavel,saudavel,0.9654,agrosmart-v1,simulado,sim-2026-06
eca884d5-3ab4-5cd8-9f8b-031f57121168,SC-01_20260619_0011.jpg,2026-06-19 10:02:35,SC-01,smartphone,saudavel,saudavel,0.9245,agrosmart-v1,simulado,sim-2026-06
8bf3254c-bdd0-5931-b8ad-6e03bd500545,SC-03_20260619_0023.jpg,2026-06-19 10:02:39,SC-03,smartphone,saudavel,saudavel,0.9548,agrosmart-v1,simulado,sim-2026-06
1cb6e53c-884e-562d-8fa0-3e810695abcd,TI-04_20260619_0016.jpg,2026-06-19 10:02:45,TI-04,drone,saudavel,saudavel,0.8211,agrosmart-v1,simulado,sim-2026-06
207ecc70-78d1-5dab-ba46-22fe2ee3fe4f,SC-03_20260619_0024.jpg,2026-06-19 10:03:15,SC-03,smartphone,saudavel,saudavel,0.9207,agrosmart-v1,simulado,sim-2026-06
98e7b9d4-9811-5743-8bbb-96c74bb38ede,SC-01_20260619_0012.jpg,2026-06-19 10:03:22,SC-01,smartphone,saudavel,saudavel,0.8625,agrosmart-v1,simulado,sim-2026-06
c1391eac-e802-56dc-bde8-b83e5539ac59,TI-04_20260619_0017.jpg,2026-06-19 10:03:30,TI-04,drone,saudavel,saudavel,0.9664,agrosmart-v1,simulado,sim-2026-06
9a59d7b8-fc06-5af4-8356-4f9af4547a99,SC-03_20260619_0025.jpg,2026-06-19 10:03:42,SC-03,smartphone,saudavel,saudavel,0.9356,agrosmart-v1,simulado,sim-2026-06
237d89ca-4716-516d-a16a-69ac92a63049,TI-04_20260619_0018.jpg,2026-06-19 10:04:01,TI-04,drone,saudavel,saudavel,0.9261,agrosmart-v1,simulado,sim-2026-06
4796a6f5-a7c9-5a45-aaa0-5aff2cbe55c5,SC-01_20260619_0013.jpg,2026-06-19 10:04:04,SC-01,smartphone,saudavel,saudavel,0.9713,agrosmart-v1,simulado,sim-2026-06
03ec8b00-ca50-5bb0-8d1b-a5b1e5488fa8,SC-01_20260619_0014.jpg,2026-06-19 10:04:36,SC-01,smartphone,saudavel,saudavel,0.9985,agrosmart-v1,simulado,sim-2026-06
e7e527b1-043e-59ea-a53c-90adc5f67752,TI-04_20260619_0019.jpg,2026-06-19 10:04:41,TI-04,drone,saudavel,saudavel,0.9900,agrosmart-v1,simulado,sim-2026-06
f4698fcc-fb2d-54bc-8649-6b6186c5ea15,SC-03_20260619_0026.jpg,2026-06-19 10:04:47,SC-03,smartphone,saudavel,saudavel,0.9396,agrosmart-v1,simulado,sim-2026-06
035f46f0-191f-561a-811e-671f8bda99f4,SC-01_20260619_0015.jpg,2026-06-19 10:05:01,SC-01,smartphone,saudavel,saudavel,0.8592,agrosmart-v1,simulado,sim-2026-06
21bc031c-d423-5933-a7a6-e9d69bd61a8e,SC-03_20260619_0027.jpg,2026-06-19 10:05:01,SC-03,smartphone,saudavel,saudavel,0.8548,agrosmart-v1,simulado,sim-2026-06
19bf556a-0637-5512-aae0-f889f5666792,TI-04_20260619_0020.jpg,2026-06-19 10:05:21,TI-04,drone,doente,vaquinha,0.9971,agrosmart-v1,simulado,sim-2026-06
7cb4c6fe-2e92-5509-86bf-f1da4c283bea,SC-01_20260619_0016.jpg,2026-06-19 10:05:56,SC-01,smartphone,saudavel,saudavel,0.9769,agrosmart-v1,simulado,sim-2026-06
cd5d7bbc-2692-5263-af4d-5ea2d56c1329,TI-04_20260619_0021.jpg,2026-06-19 10:06:04,TI-04,drone,saudavel,saudavel,0.8793,agrosmart-v1,simulado,sim-2026-06
15e0b488-8d5d-50ab-a216-3ef6275b8646,SC-01_20260619_0017.jpg,2026-06-19 10:06:42,SC-01,smartphone,saudavel,saudavel,0.8742,agrosmart-v1,simulado,sim-2026-06
c0cba12c-8958-5836-8aca-46f337b95259,SC-01_20260619_0018.jpg,2026-06-19 10:07:02,SC-01,smartphone,saudavel,saudavel,0.9691,agrosmart-v1,simulado,sim-2026-06
48408992-653a-54b0-b1cd-d915a60c2d4e,TI-04_20260619_0022.jpg,2026-06-19 10:07:10,TI-04,drone,saudavel,saudavel,0.8417,agrosmart-v1,simulado,sim-2026-06
3d86e006-5974-585b-ac70-e8945f2bdce6,TI-04_20260619_0023.jpg,2026-06-19 10:07:25,TI-04,drone,saudavel,saudavel,0.8787,agrosmart-v1,simulado,sim-2026-06
12f79205-77da-5980-babd-8f9b7386c9fb,SC-01_20260619_0019.jpg,2026-06-19 10:08:08,SC-01,smartphone,saudavel,saudavel,0.9997,agrosmart-v1,simulado,sim-2026-06
f0b7271a-b9ea-531f-8664-9df40483bcc1,TI-04_20260619_0024.jpg,2026-06-19 10:08:11,TI-04,drone,saudavel,saudavel,0.9367,agrosmart-v1,simulado,sim-2026-06
55bdbca8-6823-5a9b-8b4c-20340ece35f8,SC-01_20260619_0020.jpg,2026-06-19 10:08:49,SC-01,smartphone,saudavel,saudavel,0.9729,agrosmart-v1,simulado,sim-2026-06
4cf07f13-ea9a-520f-b7df-59b13df4d173,SC-01_20260619_0021.jpg,2026-06-19 10:09:00,SC-01,smartphone,saudavel,saudavel,0.8598,agrosmart-v1,simulado,sim-2026-06
163800fb-42bf-5120-a8a9-9be3633c5d28,TI-04_20260619_0025.jpg,2026-06-19 10:09:08,TI-04,drone,saudavel,saudavel,0.8899,agrosmart-v1,simulado,sim-2026-06
ddc9afa4-6b9a-53f6-a443-1bb1d8bd4b40,TI-04_20260619_0026.jpg,2026-06-19 10:09:20,TI-04,drone,saudavel,saudavel,0.9986,agrosmart-v1,simulado,sim-2026-06
b99e5d07-4f6d-50de-8808-a7cb1370914f,SC-01_20260619_0022.jpg,2026-06-19 10:10:02,SC-01,smartphone,saudavel,saudavel,0.8657,agrosmart-v1,simulado,sim-2026-06
76a119ea-fae2-5295-b643-d87b7fefc4da,SC-01_20260619_0023.jpg,2026-06-19 10:10:26,SC-01,smartphone,saudavel,saudavel,0.9690,agrosmart-v1,simulado,sim-2026-06
d0df0812-8903-509f-881e-093b9531163d,SC-01_20260619_0024.jpg,2026-06-19 10:11:04,SC-01,smartphone,saudavel,saudavel,0.9752,agrosmart-v1,simulado,sim-2026-06
b6310e18-b87c-5d30-ab24-e25617470519,SC-01_20260619_0025.jpg,2026-06-19 10:11:44,SC-01,smartphone,saudavel,saudavel,0.9337,agrosmart-v1,simulado,sim-2026-06
22f243c8-ee00-5c7c-b292-0e06e048c208,SC-01_20260619_0026.jpg,2026-06-19 10:12:24,SC-01,smartphone,saudavel,saudavel,0.9962,agrosmart-v1,simulado,sim-2026-06
bc11fe00-6f19-5e9f-8a98-8c4d7bc91df5,SC-01_20260619_0027.jpg,2026-06-19 10:13:28,SC-01,smartphone,saudavel,saudavel,0.8713,agrosmart-v1,simulado,sim-2026-06
4f046db6-635b-54f1-a8fb-aa11975f1969,SC-01_20260619_0028.jpg,2026-06-19 10:13:57,SC-01,smartphone,saudavel,saudavel,0.9119,agrosmart-v1,simulado,sim-2026-06
ee68ec28-51ac-5899-a73a-3ed9f51444ac,SC-01_20260619_0029.jpg,2026-06-19 10:14:35,SC-01,smartphone,saudavel,saudavel,0.9503,agrosmart-v1,simulado,sim-2026-06
f00db61a-fa89-5501-a96e-8a84959eb287,SC-01_20260619_0030.jpg,2026-06-19 10:15:26,SC-01,smartphone,saudavel,saudavel,0.9338,agrosmart-v1,simulado,sim-2026-06
0e9afc04-ebde-5f17-9a53-71efc00d7de0,SC-01_20260619_0031.jpg,2026-06-19 10:15:46,SC-01,smartphone,saudavel,saudavel,0.9675,agrosmart-v1,simulado,sim-2026-06
c63f3fb8-7d18-5680-805d-ef31d38a4609,SC-01_20260619_0032.jpg,2026-06-19 10:16:31,SC-01,smartphone,saudavel,saudavel,0.9292,agrosmart-v1,simulado,sim-2026-06
ef6d75ae-2a78-589e-8ef6-38e1362b64aa,SC-01_20260619_0033.jpg,2026-06-19 10:17:06,SC-01,smartphone,saudavel,saudavel,0.8622,agrosmart-v1,simulado,sim-2026-06
4d34dd1c-48ca-57ab-86b0-f43facfbacdf,SC-01_20260619_0034.jpg,2026-06-19 10:17:45,SC-01,smartphone,saudavel,saudavel,0.8808,agrosmart-v1,simulado,sim-2026-06
3ad6c55b-2dbd-5137-938c-b804e0620101,SC-01_20260619_0035.jpg,2026-06-19 10:18:33,SC-01,smartphone,saudavel,saudavel,0.9901,agrosmart-v1,simulado,sim-2026-06
ce896617-b8c0-5543-b01f-7d52c0571762,SC-01_20260619_0036.jpg,2026-06-19 10:19:04,SC-01,smartphone,saudavel,saudavel,0.9704,agrosmart-v1,simulado,sim-2026-06
aa0309db-d36d-524c-adb0-6886482dfda5,SC-01_20260619_0037.jpg,2026-06-19 10:20:04,SC-01,smartphone,saudavel,saudavel,0.6517,agrosmart-v1,simulado,sim-2026-06
e28d692b-5455-50c8-9fa8-45c23e7590c8,SC-01_20260619_0038.jpg,2026-06-19 10:20:23,SC-01,smartphone,saudavel,saudavel,0.9985,agrosmart-v1,simulado,sim-2026-06
18a2dbc9-6722-5091-ac62-4b5310fc0e6c,SC-01_20260619_0039.jpg,2026-06-19 10:21:27,SC-01,smartphone,saudavel,saudavel,0.9608,agrosmart-v1,simulado,sim-2026-06
33cc2ce0-0702-59e0-849b-b03063491552,SC-01_20260619_0040.jpg,2026-06-19 10:21:40,SC-01,smartphone,saudavel,saudavel,0.9763,agrosmart-v1,simulado,sim-2026-06
65636ef7-f8bf-569d-99f8-c52de273221b,SC-01_20260619_0041.jpg,2026-06-19 10:22:45,SC-01,smartphone,saudavel,saudavel,0.9682,agrosmart-v1,simulado,sim-2026-06
f4aa69e2-0f62-5241-8953-dbd58c65f9f8,BV-03_20260622_0001.jpg,2026-06-22 07:02:06,BV-03,smartphone,saudavel,saudavel,0.9329,agrosmart-v1,simulado,sim-2026-06
09d65fcd-0171-56f4-bafb-d8cdf764a297,BV-03_20260622_0002.jpg,2026-06-22 07:02:38,BV-03,smartphone,saudavel,saudavel,0.9998,agrosmart-v1,simulado,sim-2026-06
428e2297-8906-5444-bb86-2d3a1488df15,BV-03_20260622_0003.jpg,2026-06-22 07:03:18,BV-03,smartphone,saudavel,saudavel,0.8363,agrosmart-v1,simulado,sim-2026-06
87c98494-d9a8-5c6e-a918-bf760cd3b225,BV-03_20260622_0004.jpg,2026-06-22 07:04:08,BV-03,smartphone,saudavel,saudavel,0.8930,agrosmart-v1,simulado,sim-2026-06
c29e5350-c54c-5dcf-8925-42cdb2fee0a4,BV-03_20260622_0005.jpg,2026-06-22 07:04:29,BV-03,smartphone,saudavel,saudavel,0.9263,agrosmart-v1,simulado,sim-2026-06
1f90b708-5c5d-5482-86ed-969c1d73040a,BV-03_20260622_0006.jpg,2026-06-22 07:05:03,BV-03,smartphone,saudavel,saudavel,0.8919,agrosmart-v1,simulado,sim-2026-06
b2061d0b-eb99-5ede-bdbb-b46516f7e42b,BV-03_20260622_0007.jpg,2026-06-22 07:05:53,BV-03,smartphone,saudavel,saudavel,0.8222,agrosmart-v1,simulado,sim-2026-06
d1d4bbc8-3889-5d07-aed3-94c64b4149a3,BV-03_20260622_0008.jpg,2026-06-22 07:06:22,BV-03,smartphone,saudavel,saudavel,0.8791,agrosmart-v1,simulado,sim-2026-06
adf3fc53-9d5a-5fa8-a74e-64adfe47c2d9,BV-03_20260622_0009.jpg,2026-06-22 07:07:00,BV-03,smartphone,saudavel,saudavel,0.8214,agrosmart-v1,simulado,sim-2026-06
309133b6-15ea-5e69-b1d8-bf2eb31afa30,BV-03_20260622_0010.jpg,2026-06-22 07:08:10,BV-03,smartphone,saudavel,saudavel,0.9903,agrosmart-v1,simulado,sim-2026-06
5b28af4b-2a9e-5619-98a2-b74d5f11d314,BV-03_20260622_0011.jpg,2026-06-22 07:08:43,BV-03,smartphone,saudavel,saudavel,0.9219,agrosmart-v1,simulado,sim-2026-06
3a7ea165-8a19-548f-8936-75d77a8a8547,BV-03_20260622_0012.jpg,2026-06-22 07:09:01,BV-03,smartphone,saudavel,saudavel,0.8897,agrosmart-v1,simulado,sim-2026-06
c8473446-e8a8-5149-b6fa-e3e74d2a2a8f,BV-03_20260622_0013.jpg,2026-06-22 07:10:06,BV-03,smartphone,saudavel,saudavel,0.9609,agrosmart-v1,simulado,sim-2026-06
dc6ddf02-7fc6-5369-954e-ce00e34de6d0,BV-03_20260622_0014.jpg,2026-06-22 07:10:33,BV-03,smartphone,saudavel,saudavel,0.8669,agrosmart-v1,simulado,sim-2026-06
8e864c43-0f56-543c-ab4d-b0a3e84b8e02,BV-03_20260622_0015.jpg,2026-06-22 07:11:20,BV-03,smartphone,doente,requeima,0.9261,agrosmart-v1,simulado,sim-2026-06
81eb80fd-6d3d-568d-8ef6-b4b8ba5f1fd9,BV-03_20260622_0016.jpg,2026-06-22 07:12:01,BV-03,smartphone,saudavel,saudavel,0.8596,agrosmart-v1,simulado,sim-2026-06
65e352ee-4e7a-5c9c-937b-e85697f2a0b0,BV-03_20260622_0017.jpg,2026-06-22 07:12:47,BV-03,smartphone,saudavel,saudavel,0.8532,agrosmart-v1,simulado,sim-2026-06
db0d85bb-1ae3-5496-b1e6-8e881daf7665,BV-03_20260622_0018.jpg,2026-06-22 07:13:12,BV-03,smartphone,saudavel,saudavel,0.9885,agrosmart-v1,simulado,sim-2026-06
4033fce4-4828-5a91-8bc0-2e1c91b4565f,BV-03_20260622_0019.jpg,2026-06-22 07:14:09,BV-03,smartphone,saudavel,saudavel,0.9964,agrosmart-v1,simulado,sim-2026-06
315511f7-8b1e-5c66-9bd5-bc1960667a58,BV-03_20260622_0020.jpg,2026-06-22 07:14:36,BV-03,smartphone,saudavel,saudavel,1.0000,agrosmart-v1,simulado,sim-2026-06
40a6f133-53dd-519e-a91b-a647e9649061,TI-03_20260622_0001.jpg,2026-06-22 07:24:07,TI-03,drone,saudavel,saudavel,0.9404,agrosmart-v1,simulado,sim-2026-06
170d2868-374c-5aa7-8b91-f539ee8f1fbe,TI-03_20260622_0002.jpg,2026-06-22 07:24:44,TI-03,drone,saudavel,saudavel,0.8639,agrosmart-v1,simulado,sim-2026-06
9bee5d9c-7492-5337-af1f-8a5900a1cdd9,TI-03_20260622_0003.jpg,2026-06-22 07:25:09,TI-03,drone,saudavel,saudavel,0.8270,agrosmart-v1,simulado,sim-2026-06
a6d4ece7-dd23-5579-a51f-f054e7325606,TI-03_20260622_0004.jpg,2026-06-22 07:25:51,TI-03,drone,saudavel,saudavel,0.9588,agrosmart-v1,simulado,sim-2026-06
abf45fc8-cfdf-5be6-8556-c8078048dbbd,TI-03_20260622_0005.jpg,2026-06-22 07:26:33,TI-03,drone,saudavel,saudavel,0.9704,agrosmart-v1,simulado,sim-2026-06
bb36ec6e-f6c5-5dbd-8332-36805493bedc,TI-03_20260622_0006.jpg,2026-06-22 07:27:03,TI-03,drone,saudavel,saudavel,0.9588,agrosmart-v1,simulado,sim-2026-06
e551706c-84ed-5021-8fc0-ff141db37c22,TI-03_20260622_0007.jpg,2026-06-22 07:27:46,TI-03,drone,saudavel,saudavel,0.9991,agrosmart-v1,simulado,sim-2026-06
e7c07341-744b-5b06-948c-c5fe270ab846,TI-03_20260622_0008.jpg,2026-06-22 07:28:40,TI-03,drone,saudavel,saudavel,0.9098,agrosmart-v1,simulado,sim-2026-06
9bc05c80-47b5-53d4-8063-4c4649a80317,TI-03_20260622_0009.jpg,2026-06-22 07:29:07,TI-03,drone,saudavel,saudavel,0.9191,agrosmart-v1,simulado,sim-2026-06
e6119425-bc91-5003-b6b5-2be5561069c8,TI-03_20260622_0010.jpg,2026-06-22 07:29:51,TI-03,drone,saudavel,saudavel,0.9952,agrosmart-v1,simulado,sim-2026-06
0aa592f5-70bc-5e6a-8aee-786b38b3868c,BV-01_20260622_0001.jpg,2026-06-22 07:30:05,BV-01,smartphone,saudavel,saudavel,0.9993,agrosmart-v1,simulado,sim-2026-06
5994ac42-efa7-5519-a5aa-4b835cfc6195,TI-03_20260622_0011.jpg,2026-06-22 07:30:20,TI-03,drone,saudavel,saudavel,0.9740,agrosmart-v1,simulado,sim-2026-06
04270d15-d825-5583-b63c-143234a91162,BV-01_20260622_0002.jpg,2026-06-22 07:30:30,BV-01,smartphone,saudavel,saudavel,0.8264,agrosmart-v1,simulado,sim-2026-06
5aec5b39-dbe1-5e4a-96b2-85502df2e8ab,TI-03_20260622_0012.jpg,2026-06-22 07:31:07,TI-03,drone,saudavel,saudavel,0.9977,agrosmart-v1,simulado,sim-2026-06
21366843-0dff-54ce-ada5-a8c760fea7d0,BV-01_20260622_0003.jpg,2026-06-22 07:31:10,BV-01,smartphone,saudavel,saudavel,0.9158,agrosmart-v1,simulado,sim-2026-06
3b4c18fc-fd38-5751-b9e4-9611f36830da,BV-01_20260622_0004.jpg,2026-06-22 07:31:50,BV-01,smartphone,saudavel,saudavel,0.8868,agrosmart-v1,simulado,sim-2026-06
c07d4957-cafb-516e-a75b-a1f412c4b031,TI-03_20260622_0013.jpg,2026-06-22 07:31:56,TI-03,drone,saudavel,saudavel,0.9595,agrosmart-v1,simulado,sim-2026-06
49e27879-e1ba-5d1b-b64e-4a3ef5533719,TI-03_20260622_0014.jpg,2026-06-22 07:32:25,TI-03,drone,saudavel,saudavel,0.9845,agrosmart-v1,simulado,sim-2026-06
ae08e3b0-1b8d-5122-8f63-aeeb9b36e261,BV-01_20260622_0005.jpg,2026-06-22 07:32:38,BV-01,smartphone,saudavel,saudavel,0.9993,agrosmart-v1,simulado,sim-2026-06
179e5f5a-1bef-5a09-ad83-b5c8971ef56f,BV-01_20260622_0006.jpg,2026-06-22 07:33:24,BV-01,smartphone,saudavel,saudavel,0.9127,agrosmart-v1,simulado,sim-2026-06
6cd04317-a549-5073-84f7-81ae20076d19,TI-03_20260622_0015.jpg,2026-06-22 07:33:25,TI-03,drone,saudavel,saudavel,0.8559,agrosmart-v1,simulado,sim-2026-06
bdfcbfb0-cb34-558f-9659-d06baeaeba91,BV-01_20260622_0007.jpg,2026-06-22 07:33:54,BV-01,smartphone,saudavel,saudavel,0.9390,agrosmart-v1,simulado,sim-2026-06
f4b029ee-d13f-5c82-bfdf-7be2c106d4a6,TI-03_20260622_0016.jpg,2026-06-22 07:33:56,TI-03,drone,saudavel,saudavel,0.6558,agrosmart-v1,simulado,sim-2026-06
5719bbfc-3b94-5110-88dd-712b31b02b3d,TI-03_20260622_0017.jpg,2026-06-22 07:34:32,TI-03,drone,saudavel,saudavel,0.9406,agrosmart-v1,simulado,sim-2026-06
ae0d3004-e096-5adf-bb7f-a7f6c48251b4,BV-01_20260622_0008.jpg,2026-06-22 07:34:45,BV-01,smartphone,saudavel,saudavel,0.9325,agrosmart-v1,simulado,sim-2026-06
56aac752-daa8-5bc5-bc49-136cf69f7721,BV-01_20260622_0009.jpg,2026-06-22 07:35:00,BV-01,smartphone,saudavel,saudavel,0.9988,agrosmart-v1,simulado,sim-2026-06
5a0f610d-7af9-58a5-8777-f7c14e89901f,TI-03_20260622_0018.jpg,2026-06-22 07:35:10,TI-03,drone,saudavel,saudavel,0.8824,agrosmart-v1,simulado,sim-2026-06
1ff9e9e2-af9e-56f5-bc97-b03719e9c271,TI-03_20260622_0019.jpg,2026-06-22 07:35:49,TI-03,drone,saudavel,saudavel,0.9452,agrosmart-v1,simulado,sim-2026-06
8010a86e-61cd-5275-958b-fc7d21024c43,BV-01_20260622_0010.jpg,2026-06-22 07:36:09,BV-01,smartphone,doente,requeima,0.9235,agrosmart-v1,simulado,sim-2026-06
6a4badd8-752e-5a25-8f8d-719505b320f2,TI-03_20260622_0020.jpg,2026-06-22 07:36:26,TI-03,drone,saudavel,saudavel,0.9746,agrosmart-v1,simulado,sim-2026-06
897c9a22-bba2-566a-828a-e480ef18c212,BV-01_20260622_0011.jpg,2026-06-22 07:36:33,BV-01,smartphone,saudavel,saudavel,0.8870,agrosmart-v1,simulado,sim-2026-06
6dae8d8a-1669-5ab0-9378-b04b1fd01848,BV-01_20260622_0012.jpg,2026-06-22 07:37:04,BV-01,smartphone,saudavel,saudavel,0.9263,agrosmart-v1,simulado,sim-2026-06
b1a9c0bb-b977-5528-b841-57a6142f4a68,TI-03_20260622_0021.jpg,2026-06-22 07:37:22,TI-03,drone,saudavel,saudavel,0.9868,agrosmart-v1,simulado,sim-2026-06
54b72986-c204-5629-af4a-498bda846007,BV-01_20260622_0013.jpg,2026-06-22 07:37:53,BV-01,smartphone,saudavel,saudavel,0.9945,agrosmart-v1,simulado,sim-2026-06
7f8375d3-72a4-5dec-b191-92ceed7e1b6f,TI-03_20260622_0022.jpg,2026-06-22 07:38:04,TI-03,drone,saudavel,saudavel,0.9948,agrosmart-v1,simulado,sim-2026-06
aa1615b3-1bab-5ebe-b24b-b74ee50c3d21,BV-01_20260622_0014.jpg,2026-06-22 07:38:39,BV-01,smartphone,saudavel,saudavel,0.9550,agrosmart-v1,simulado,sim-2026-06
7140fa23-da09-5a99-8a9c-2f0feb6563bc,TI-03_20260622_0023.jpg,2026-06-22 07:38:49,TI-03,drone,saudavel,saudavel,0.9290,agrosmart-v1,simulado,sim-2026-06
e43d2f67-13be-5405-a2e3-ddd4b6221615,BV-01_20260622_0015.jpg,2026-06-22 07:39:20,BV-01,smartphone,saudavel,saudavel,0.9837,agrosmart-v1,simulado,sim-2026-06
2fd78db8-d067-52eb-a8ca-9cb83ff4777c,TI-03_20260622_0024.jpg,2026-06-22 07:39:27,TI-03,drone,saudavel,saudavel,0.8459,agrosmart-v1,simulado,sim-2026-06
91d209cf-0651-5e5b-8e8a-ad69a53194d4,TI-03_20260622_0025.jpg,2026-06-22 07:39:50,TI-03,drone,doente,pinta_preta,0.9952,agrosmart-v1,simulado,sim-2026-06
f5e78c1e-16f9-50dd-b5da-1dd44ee7a7ac,BV-01_20260622_0016.jpg,2026-06-22 07:39:57,BV-01,smartphone,saudavel,saudavel,0.9975,agrosmart-v1,simulado,sim-2026-06
3b37efa1-a1ce-509c-ad73-364660ca5c34,BV-01_20260622_0017.jpg,2026-06-22 07:40:23,BV-01,smartphone,saudavel,saudavel,0.8660,agrosmart-v1,simulado,sim-2026-06
5e101b3c-6103-555d-9c70-48aba8ea48a5,TI-03_20260622_0026.jpg,2026-06-22 07:40:50,TI-03,drone,saudavel,saudavel,0.8329,agrosmart-v1,simulado,sim-2026-06
22fb116a-24ec-5d8f-9470-f043ef7aa666,BV-01_20260622_0018.jpg,2026-06-22 07:41:16,BV-01,smartphone,saudavel,saudavel,0.8932,agrosmart-v1,simulado,sim-2026-06
7c496c44-4da1-5028-8f3a-dae31fae986f,TI-03_20260622_0027.jpg,2026-06-22 07:41:25,TI-03,drone,saudavel,saudavel,0.6841,agrosmart-v1,simulado,sim-2026-06
4e82224c-4d44-54a7-be8c-7bd45accd7e6,BV-01_20260622_0019.jpg,2026-06-22 07:41:48,BV-01,smartphone,saudavel,saudavel,0.9977,agrosmart-v1,simulado,sim-2026-06
7101604e-83b1-54fb-a551-b5548f724f54,TI-03_20260622_0028.jpg,2026-06-22 07:42:00,TI-03,drone,saudavel,saudavel,0.9901,agrosmart-v1,simulado,sim-2026-06
edd418d5-655b-5674-a57a-2e9976826d05,TI-03_20260622_0029.jpg,2026-06-22 07:42:34,TI-03,drone,saudavel,saudavel,0.9184,agrosmart-v1,simulado,sim-2026-06
1244ae17-96ef-5da0-ae8d-fd708e3441ed,BV-01_20260622_0020.jpg,2026-06-22 07:42:47,BV-01,smartphone,saudavel,saudavel,0.9595,agrosmart-v1,simulado,sim-2026-06
13e838a4-0c7c-51f1-b62e-fd9cf489b52f,TI-03_20260622_0030.jpg,2026-06-22 07:43:06,TI-03,drone,saudavel,saudavel,0.9284,agrosmart-v1,simulado,sim-2026-06
30743e26-3213-5098-af62-2d1242121714,BV-01_20260622_0021.jpg,2026-06-22 07:43:21,BV-01,smartphone,saudavel,saudavel,0.9995,agrosmart-v1,simulado,sim-2026-06
8699034c-0d66-55e1-a6c1-0db356dd5236,BV-01_20260622_0022.jpg,2026-06-22 07:43:46,BV-01,smartphone,saudavel,saudavel,0.9799,agrosmart-v1,simulado,sim-2026-06
f753b71a-b774-566a-8fc1-f4db58ba22be,TI-03_20260622_0031.jpg,2026-06-22 07:44:03,TI-03,drone,saudavel,saudavel,0.9739,agrosmart-v1,simulado,sim-2026-06
826588f0-a82f-56be-8210-a16af843cdda,TI-03_20260622_0032.jpg,2026-06-22 07:44:27,TI-03,drone,saudavel,saudavel,0.9901,agrosmart-v1,simulado,sim-2026-06
89a80a65-1d26-509a-96da-3411956ba0f8,BV-01_20260622_0023.jpg,2026-06-22 07:44:44,BV-01,smartphone,saudavel,saudavel,0.9980,agrosmart-v1,simulado,sim-2026-06
8e689770-0f07-5b4a-a601-8596a979f95a,TI-03_20260622_0033.jpg,2026-06-22 07:45:08,TI-03,drone,saudavel,saudavel,0.9138,agrosmart-v1,simulado,sim-2026-06
526ceb26-de23-5519-8482-a6004deadc31,BV-01_20260622_0024.jpg,2026-06-22 07:45:17,BV-01,smartphone,saudavel,saudavel,0.8889,agrosmart-v1,simulado,sim-2026-06
7a89929e-f19c-5fb6-9fae-619351cc8865,TI-03_20260622_0034.jpg,2026-06-22 07:45:42,TI-03,drone,saudavel,saudavel,1.0000,agrosmart-v1,simulado,sim-2026-06
dcb3d761-e6fd-5d80-b368-b1ae4fb8ed68,BV-01_20260622_0025.jpg,2026-06-22 07:45:43,BV-01,smartphone,saudavel,saudavel,0.9900,agrosmart-v1,simulado,sim-2026-06
1aa96d82-ce97-5b38-86dd-87b548e919af,TI-03_20260622_0035.jpg,2026-06-22 07:46:28,TI-03,drone,saudavel,saudavel,0.9909,agrosmart-v1,simulado,sim-2026-06
5d7a875e-b442-5634-91ef-44794a4fa3b0,BV-01_20260622_0026.jpg,2026-06-22 07:46:38,BV-01,smartphone,saudavel,saudavel,0.9929,agrosmart-v1,simulado,sim-2026-06
364ad921-f1ce-5e6c-ab46-c2a514caba77,BV-04_20260622_0001.jpg,2026-06-22 07:46:44,BV-04,smartphone,saudavel,saudavel,0.9449,agrosmart-v1,simulado,sim-2026-06
73087eaa-7de4-50fa-81b4-089b43760eee,TI-03_20260622_0036.jpg,2026-06-22 07:47:13,TI-03,drone,saudavel,saudavel,0.9953,agrosmart-v1,simulado,sim-2026-06
dca936dd-4dba-5fde-ad8a-301f73682535,BV-04_20260622_0002.jpg,2026-06-22 07:47:35,BV-04,smartphone,saudavel,saudavel,0.9998,agrosmart-v1,simulado,sim-2026-06
080292b1-b86c-582a-9965-dee8042de465,TI-03_20260622_0037.jpg,2026-06-22 07:47:56,TI-03,drone,saudavel,saudavel,0.9459,agrosmart-v1,simulado,sim-2026-06
181a772e-887a-5776-b30f-992dd28c002a,BV-04_20260622_0003.jpg,2026-06-22 07:48:25,BV-04,smartphone,saudavel,saudavel,0.9988,agrosmart-v1,simulado,sim-2026-06
76d745ea-2aa1-53f5-aef8-95f8f2d0f0e4,TI-02_20260622_0001.jpg,2026-06-22 07:48:44,TI-02,drone,saudavel,saudavel,0.9013,agrosmart-v1,simulado,sim-2026-06
7a829798-07d0-583a-bc0e-46ec8e34697d,TI-03_20260622_0038.jpg,2026-06-22 07:48:50,TI-03,drone,saudavel,saudavel,0.9034,agrosmart-v1,simulado,sim-2026-06
01410281-2b2e-5459-8c1e-1ba5cb533ebb,BV-04_20260622_0004.jpg,2026-06-22 07:48:52,BV-04,smartphone,saudavel,saudavel,0.8763,agrosmart-v1,simulado,sim-2026-06
2720a0f3-dde6-5215-b5c5-0f279411b85e,TI-03_20260622_0039.jpg,2026-06-22 07:49:19,TI-03,drone,saudavel,saudavel,0.9351,agrosmart-v1,simulado,sim-2026-06
50bac959-28e8-5d9e-8c61-5f17112f10a7,TI-02_20260622_0002.jpg,2026-06-22 07:49:23,TI-02,drone,saudavel,saudavel,0.9082,agrosmart-v1,simulado,sim-2026-06
9742d0c9-3dbc-5e17-a973-b8844d9da765,BV-04_20260622_0005.jpg,2026-06-22 07:49:47,BV-04,smartphone,saudavel,saudavel,0.9835,agrosmart-v1,simulado,sim-2026-06
afa69665-c2cc-56d1-8d79-8cd4716bf0cd,TI-03_20260622_0040.jpg,2026-06-22 07:49:50,TI-03,drone,saudavel,saudavel,0.9842,agrosmart-v1,simulado,sim-2026-06
1ceb0895-59e4-5f2f-85af-2094dc115d02,TI-02_20260622_0003.jpg,2026-06-22 07:50:00,TI-02,drone,saudavel,saudavel,0.9627,agrosmart-v1,simulado,sim-2026-06
4689871b-7d38-5828-a108-0df301968265,BV-04_20260622_0006.jpg,2026-06-22 07:50:04,BV-04,smartphone,saudavel,saudavel,0.8282,agrosmart-v1,simulado,sim-2026-06
03c5dbb2-3153-5a36-a150-a1af3cb7ebe1,TI-03_20260622_0041.jpg,2026-06-22 07:50:31,TI-03,drone,saudavel,saudavel,0.9982,agrosmart-v1,simulado,sim-2026-06
b4ec7192-a682-5753-97f1-300f8849ba82,BV-04_20260622_0007.jpg,2026-06-22 07:50:44,BV-04,smartphone,saudavel,saudavel,0.9467,agrosmart-v1,simulado,sim-2026-06
fe523dd9-cf59-50e3-a029-2d47bd8d1928,TI-02_20260622_0004.jpg,2026-06-22 07:50:44,TI-02,drone,saudavel,saudavel,0.8772,agrosmart-v1,simulado,sim-2026-06
55c2ce03-180c-58fa-ac23-1c2a67152a36,TI-03_20260622_0042.jpg,2026-06-22 07:51:02,TI-03,drone,saudavel,saudavel,0.9976,agrosmart-v1,simulado,sim-2026-06
7a19a2a8-3524-5cc1-ae6e-0a0c7e9740f4,TI-02_20260622_0005.jpg,2026-06-22 07:51:27,TI-02,drone,saudavel,saudavel,0.8869,agrosmart-v1,simulado,sim-2026-06
ed6d2726-8e06-5bcf-a93e-cce655c596a5,BV-04_20260622_0008.jpg,2026-06-22 07:51:43,BV-04,smartphone,saudavel,saudavel,0.8643,agrosmart-v1,simulado,sim-2026-06
4ddedd28-ac2f-5444-8f4f-0e35a2ce17f4,TI-02_20260622_0006.jpg,2026-06-22 07:52:00,TI-02,drone,saudavel,saudavel,0.9078,agrosmart-v1,simulado,sim-2026-06
c22540e0-382d-5e68-b3fa-a38dffa85793,BV-04_20260622_0009.jpg,2026-06-22 07:52:02,BV-04,smartphone,saudavel,saudavel,0.9997,agrosmart-v1,simulado,sim-2026-06
57d8be88-607a-5226-a183-e2bb494d9706,TI-02_20260622_0007.jpg,2026-06-22 07:52:43,TI-02,drone,saudavel,saudavel,0.9921,agrosmart-v1,simulado,sim-2026-06
22d026c3-cec1-5331-acf9-8b423c36f3d5,BV-04_20260622_0010.jpg,2026-06-22 07:53:06,BV-04,smartphone,saudavel,saudavel,0.9978,agrosmart-v1,simulado,sim-2026-06
c9a77a8d-635a-5ec4-9ed8-e207d11ee510,BV-04_20260622_0011.jpg,2026-06-22 07:53:42,BV-04,smartphone,saudavel,saudavel,0.9170,agrosmart-v1,simulado,sim-2026-06
9f41ba35-e2d3-5298-bf1f-2bf04d48fe08,TI-02_20260622_0008.jpg,2026-06-22 07:53:44,TI-02,drone,saudavel,saudavel,0.9394,agrosmart-v1,simulado,sim-2026-06
75237a6d-e085-5525-b5b1-8175b5313152,BV-04_20260622_0012.jpg,2026-06-22 07:54:25,BV-04,smartphone,saudavel,saudavel,0.9875,agrosmart-v1,simulado,sim-2026-06
d276170a-0cd0-5465-9631-876d44c3f0e6,TI-02_20260622_0009.jpg,2026-06-22 07:54:30,TI-02,drone,saudavel,saudavel,0.8331,agrosmart-v1,simulado,sim-2026-06
832f986d-fe0c-58d2-8c2f-008699a2d1dc,TI-02_20260622_0010.jpg,2026-06-22 07:54:46,TI-02,drone,saudavel,saudavel,0.9784,agrosmart-v1,simulado,sim-2026-06
6fd67bd8-7465-5ff7-bef9-a9aec569b6ba,BV-04_20260622_0013.jpg,2026-06-22 07:55:04,BV-04,smartphone,saudavel,saudavel,0.9407,agrosmart-v1,simulado,sim-2026-06
974a63d7-6611-588b-ad33-e24949d5dd32,BV-04_20260622_0014.jpg,2026-06-22 07:55:22,BV-04,smartphone,doente,requeima,0.6426,agrosmart-v1,simulado,sim-2026-06
804c31b9-f657-50a3-8e27-33a4ec4f7fac,TI-02_20260622_0011.jpg,2026-06-22 07:55:33,TI-02,drone,saudavel,saudavel,0.9104,agrosmart-v1,simulado,sim-2026-06
e93549a8-2f0f-59ed-905d-69bb1dd41525,BV-04_20260622_0015.jpg,2026-06-22 07:56:02,BV-04,smartphone,saudavel,saudavel,0.9420,agrosmart-v1,simulado,sim-2026-06
dd1689b7-f532-57c6-9cc0-69f08f42e785,TI-02_20260622_0012.jpg,2026-06-22 07:56:29,TI-02,drone,saudavel,saudavel,0.9598,agrosmart-v1,simulado,sim-2026-06
cec80ac0-5789-5bb8-a9dc-092637331443,TI-02_20260622_0013.jpg,2026-06-22 07:57:02,TI-02,drone,saudavel,saudavel,0.9956,agrosmart-v1,simulado,sim-2026-06
3bfdc541-eb8c-5cb7-b20b-6336f32f93e0,BV-04_20260622_0016.jpg,2026-06-22 07:57:06,BV-04,smartphone,saudavel,saudavel,0.9394,agrosmart-v1,simulado,sim-2026-06
8e9edea6-5b82-5d8c-b9a6-f06ac416fb55,BV-04_20260622_0017.jpg,2026-06-22 07:57:24,BV-04,smartphone,saudavel,saudavel,0.8709,agrosmart-v1,simulado,sim-2026-06
c11d801b-5bf9-5a20-b0f9-3859d4b21807,TI-02_20260622_0014.jpg,2026-06-22 07:57:44,TI-02,drone,saudavel,saudavel,0.9798,agrosmart-v1,simulado,sim-2026-06
f273ce1c-52be-5e25-903e-c8ab1daea47b,TI-02_20260622_0015.jpg,2026-06-22 07:58:14,TI-02,drone,saudavel,saudavel,0.9091,agrosmart-v1,simulado,sim-2026-06
b32385d4-cb9b-5f14-b43e-ee2194011146,BV-04_20260622_0018.jpg,2026-06-22 07:58:21,BV-04,smartphone,saudavel,saudavel,0.9963,agrosmart-v1,simulado,sim-2026-06
76e03cc2-a985-5e9c-b6ec-8f36e0538b7e,TI-02_20260622_0016.jpg,2026-06-22 07:58:51,TI-02,drone,saudavel,saudavel,1.0000,agrosmart-v1,simulado,sim-2026-06
cd45453a-f0d4-5035-87ba-da2b8d7696f5,BV-04_20260622_0019.jpg,2026-06-22 07:58:55,BV-04,smartphone,saudavel,saudavel,0.9451,agrosmart-v1,simulado,sim-2026-06
da5de70e-31f7-5d53-bbd7-9e9409bfc1b7,BV-04_20260622_0020.jpg,2026-06-22 07:59:29,BV-04,smartphone,saudavel,saudavel,0.9996,agrosmart-v1,simulado,sim-2026-06
5b6cba30-1e86-5e3c-8b7a-e39cfcb3041b,TI-02_20260622_0017.jpg,2026-06-22 07:59:37,TI-02,drone,saudavel,saudavel,0.9149,agrosmart-v1,simulado,sim-2026-06
593906cd-c080-57c0-82e2-daae7a5f9145,BV-04_20260622_0021.jpg,2026-06-22 08:00:08,BV-04,smartphone,saudavel,saudavel,0.8972,agrosmart-v1,simulado,sim-2026-06
db05324a-08f3-5bad-87c0-9ef1bb6f56d9,TI-02_20260622_0018.jpg,2026-06-22 08:00:30,TI-02,drone,saudavel,saudavel,0.9626,agrosmart-v1,simulado,sim-2026-06
95780a9f-342b-5089-a1dc-4a9e15d50cde,BV-04_20260622_0022.jpg,2026-06-22 08:00:43,BV-04,smartphone,saudavel,saudavel,0.8202,agrosmart-v1,simulado,sim-2026-06
6c281e0f-0613-5c4c-b375-8264d8b23bb1,TI-02_20260622_0019.jpg,2026-06-22 08:00:56,TI-02,drone,saudavel,saudavel,0.9512,agrosmart-v1,simulado,sim-2026-06
a7075fb4-5433-5a7f-9096-0b70b8c15a90,BV-04_20260622_0023.jpg,2026-06-22 08:01:23,BV-04,smartphone,saudavel,saudavel,0.8380,agrosmart-v1,simulado,sim-2026-06
317b5e47-d418-55c8-bd74-46139866a28e,TI-02_20260622_0020.jpg,2026-06-22 08:01:25,TI-02,drone,saudavel,saudavel,0.9945,agrosmart-v1,simulado,sim-2026-06
85c3bf84-d230-5be1-b1c4-38a6c8e858e9,BV-04_20260622_0024.jpg,2026-06-22 08:02:02,BV-04,smartphone,saudavel,saudavel,0.9904,agrosmart-v1,simulado,sim-2026-06
a491cbe2-2ee1-5694-a3ce-51db92076ad3,TI-02_20260622_0021.jpg,2026-06-22 08:02:28,TI-02,drone,doente,vaquinha,0.8842,agrosmart-v1,simulado,sim-2026-06
37e74208-8de8-5d48-a70c-f52df1d7678e,TI-02_20260622_0022.jpg,2026-06-22 08:03:02,TI-02,drone,saudavel,saudavel,0.9528,agrosmart-v1,simulado,sim-2026-06
3705d9a1-e829-579d-bb7a-0e626097bd18,TI-02_20260622_0023.jpg,2026-06-22 08:03:50,TI-02,drone,saudavel,saudavel,0.9781,agrosmart-v1,simulado,sim-2026-06
3b1bb4fb-ef44-5a80-88a7-aad76980a321,TI-02_20260622_0024.jpg,2026-06-22 08:04:13,TI-02,drone,saudavel,saudavel,0.9822,agrosmart-v1,simulado,sim-2026-06
93feffff-4d8c-5ede-8a80-95366b8f8c27,TI-02_20260622_0025.jpg,2026-06-22 08:04:56,TI-02,drone,saudavel,saudavel,0.8919,agrosmart-v1,simulado,sim-2026-06
62bef0a7-23ec-5abe-918f-16b833f8d05f,TI-02_20260622_0026.jpg,2026-06-22 08:05:49,TI-02,drone,saudavel,saudavel,0.8843,agrosmart-v1,simulado,sim-2026-06
91458136-9c54-5385-b3de-f2a70908bc18,TI-02_20260622_0027.jpg,2026-06-22 08:06:10,TI-02,drone,saudavel,saudavel,0.8582,agrosmart-v1,simulado,sim-2026-06
9d424620-5ea4-5896-a4ca-ca6b18b8f4ac,TI-02_20260622_0028.jpg,2026-06-22 08:06:44,TI-02,drone,saudavel,saudavel,0.9517,agrosmart-v1,simulado,sim-2026-06
c1d140a8-4ba9-5189-827d-ac9a2da531f1,TI-02_20260622_0029.jpg,2026-06-22 08:07:32,TI-02,drone,saudavel,saudavel,0.8876,agrosmart-v1,simulado,sim-2026-06
5740b2ee-7b94-5101-a5fa-727e03072907,TI-02_20260622_0030.jpg,2026-06-22 08:08:03,TI-02,drone,saudavel,saudavel,0.8389,agrosmart-v1,simulado,sim-2026-06
cb196001-cc63-551c-9a06-0bf27960664a,TI-02_20260622_0031.jpg,2026-06-22 08:09:01,TI-02,drone,saudavel,saudavel,0.9544,agrosmart-v1,simulado,sim-2026-06
46403447-fe7b-58a2-8eb5-afc8db5b75d1,TI-02_20260622_0032.jpg,2026-06-22 08:09:33,TI-02,drone,saudavel,saudavel,0.9782,agrosmart-v1,simulado,sim-2026-06
3fb2ad8a-1b78-54ae-8d49-3131fa7c9bb0,TI-02_20260622_0033.jpg,2026-06-22 08:10:01,TI-02,drone,saudavel,saudavel,1.0000,agrosmart-v1,simulado,sim-2026-06
2015d68f-e8f2-5090-bc5d-60c528bcee18,TI-02_20260622_0034.jpg,2026-06-22 08:10:58,TI-02,drone,saudavel,saudavel,0.9924,agrosmart-v1,simulado,sim-2026-06
d2f9ee2e-4890-5025-bb1f-e643e91804d3,TI-02_20260622_0035.jpg,2026-06-22 08:11:50,TI-02,drone,saudavel,saudavel,0.9274,agrosmart-v1,simulado,sim-2026-06
a4ecf428-b205-582f-a8c4-aab2b21586de,TI-02_20260622_0036.jpg,2026-06-22 08:12:19,TI-02,drone,saudavel,saudavel,0.9990,agrosmart-v1,simulado,sim-2026-06
213a6f15-f855-5fa2-a41d-556f3624029c,TI-02_20260622_0037.jpg,2026-06-22 08:12:48,TI-02,drone,saudavel,saudavel,0.9491,agrosmart-v1,simulado,sim-2026-06
c1b31a25-9750-586c-9adc-f1234682562d,TI-02_20260622_0038.jpg,2026-06-22 08:13:44,TI-02,drone,saudavel,saudavel,0.9082,agrosmart-v1,simulado,sim-2026-06
bcd5e2ab-7450-5a23-bfe4-e6125d7fdfff,BV-02_20260622_0001.jpg,2026-06-22 08:17:44,BV-02,smartphone,saudavel,saudavel,0.9893,agrosmart-v1,simulado,sim-2026-06
fdcd076c-bf6e-5d90-9fb5-b24abc979573,BV-02_20260622_0002.jpg,2026-06-22 08:18:26,BV-02,smartphone,saudavel,saudavel,0.9594,agrosmart-v1,simulado,sim-2026-06
1ca5d051-f277-5605-9b9b-2a3b5d5dfa81,BV-02_20260622_0003.jpg,2026-06-22 08:19:03,BV-02,smartphone,saudavel,saudavel,0.9449,agrosmart-v1,simulado,sim-2026-06
d235ad53-adab-5088-aeeb-b3e4a5770036,BV-02_20260622_0004.jpg,2026-06-22 08:20:07,BV-02,smartphone,saudavel,saudavel,0.9962,agrosmart-v1,simulado,sim-2026-06
df250002-a3ad-54f3-adc1-b249220cc60b,BV-02_20260622_0005.jpg,2026-06-22 08:20:36,BV-02,smartphone,saudavel,saudavel,0.8959,agrosmart-v1,simulado,sim-2026-06
8f344b4e-86bf-5851-93d7-fcc44ead7f4d,BV-02_20260622_0006.jpg,2026-06-22 08:21:02,BV-02,smartphone,saudavel,saudavel,0.9890,agrosmart-v1,simulado,sim-2026-06
9a1fbc13-1339-5770-b8cf-60e4a1a5f5d0,BV-02_20260622_0007.jpg,2026-06-22 08:22:06,BV-02,smartphone,saudavel,saudavel,0.8418,agrosmart-v1,simulado,sim-2026-06
2f8fa7a4-3de9-51f0-86b1-1da1d8fb3e00,BV-02_20260622_0008.jpg,2026-06-22 08:22:33,BV-02,smartphone,saudavel,saudavel,0.9664,agrosmart-v1,simulado,sim-2026-06
224578a2-c8c1-5ec7-ace7-1938970eb746,BV-02_20260622_0009.jpg,2026-06-22 08:23:24,BV-02,smartphone,saudavel,saudavel,0.9933,agrosmart-v1,simulado,sim-2026-06
92434ee0-9123-5c2e-b8b1-bc7926e98d88,BV-02_20260622_0010.jpg,2026-06-22 08:23:51,BV-02,smartphone,saudavel,saudavel,0.9338,agrosmart-v1,simulado,sim-2026-06
f0fddc8c-7a81-52ae-8ab2-86624f40cb4a,BV-02_20260622_0011.jpg,2026-06-22 08:24:43,BV-02,smartphone,saudavel,saudavel,0.9586,agrosmart-v1,simulado,sim-2026-06
c6e5a4d3-bbcf-5c98-81d4-9f4c9014722a,BV-02_20260622_0012.jpg,2026-06-22 08:25:16,BV-02,smartphone,saudavel,saudavel,0.9249,agrosmart-v1,simulado,sim-2026-06
6960ee97-19b2-51e4-93c0-e45d1c27f821,BV-02_20260622_0013.jpg,2026-06-22 08:25:45,BV-02,smartphone,saudavel,saudavel,0.9511,agrosmart-v1,simulado,sim-2026-06
94d4cba2-9b9c-5645-9fb0-4933e0aa872e,BV-02_20260622_0014.jpg,2026-06-22 08:26:22,BV-02,smartphone,saudavel,saudavel,0.9998,agrosmart-v1,simulado,sim-2026-06
418e0d0d-79c1-566a-8777-1726bdbaee35,BV-02_20260622_0015.jpg,2026-06-22 08:27:02,BV-02,smartphone,saudavel,saudavel,0.8913,agrosmart-v1,simulado,sim-2026-06
b1e35016-3021-5013-aa02-640a2cd27020,BV-02_20260622_0016.jpg,2026-06-22 08:27:41,BV-02,smartphone,saudavel,saudavel,0.9722,agrosmart-v1,simulado,sim-2026-06
bd6af849-d7a5-57fa-952b-9843bbf29b8c,TI-04_20260622_0001.jpg,2026-06-22 08:27:52,TI-04,drone,saudavel,saudavel,0.8765,agrosmart-v1,simulado,sim-2026-06
4535c61f-d7b0-58d8-98b4-33dc53e6ebaa,BV-02_20260622_0017.jpg,2026-06-22 08:28:45,BV-02,smartphone,saudavel,saudavel,0.9790,agrosmart-v1,simulado,sim-2026-06
fdcf5438-55d7-509b-9220-66c43ee104fc,TI-04_20260622_0002.jpg,2026-06-22 08:28:49,TI-04,drone,saudavel,saudavel,0.9496,agrosmart-v1,simulado,sim-2026-06
9fa945ce-ca09-584f-966b-3a75d05897df,TI-04_20260622_0003.jpg,2026-06-22 08:29:06,TI-04,drone,saudavel,saudavel,0.9151,agrosmart-v1,simulado,sim-2026-06
5ea1fbf6-0f84-5528-bdca-6c37a3fb7a16,BV-02_20260622_0018.jpg,2026-06-22 08:29:19,BV-02,smartphone,saudavel,saudavel,0.9829,agrosmart-v1,simulado,sim-2026-06
e95d6446-6eb0-5d66-b0f2-ba8718fe1304,TI-04_20260622_0004.jpg,2026-06-22 08:29:45,TI-04,drone,saudavel,saudavel,0.9883,agrosmart-v1,simulado,sim-2026-06
95711bf5-3ddb-5e2f-8602-0fa288f2246e,SC-01_20260622_0001.jpg,2026-06-22 08:29:46,SC-01,smartphone,saudavel,saudavel,0.9776,agrosmart-v1,simulado,sim-2026-06
d6958338-70c8-5ddb-8f86-5029b550d30c,BV-02_20260622_0019.jpg,2026-06-22 08:29:56,BV-02,smartphone,saudavel,saudavel,0.8967,agrosmart-v1,simulado,sim-2026-06
f0bca7aa-4cfa-517e-9c25-9e2ded5854e9,SC-01_20260622_0002.jpg,2026-06-22 08:30:32,SC-01,smartphone,saudavel,saudavel,0.9849,agrosmart-v1,simulado,sim-2026-06
de7b8468-5b1d-5bd8-89fe-6cad2805954e,BV-02_20260622_0020.jpg,2026-06-22 08:30:38,BV-02,smartphone,saudavel,saudavel,0.8465,agrosmart-v1,simulado,sim-2026-06
12c810b1-4377-5326-b7fa-de6c1315e6c2,TI-04_20260622_0005.jpg,2026-06-22 08:30:45,TI-04,drone,saudavel,saudavel,0.8499,agrosmart-v1,simulado,sim-2026-06
d2cb2da8-f071-58ae-855a-10eb6f3f1c72,SC-01_20260622_0003.jpg,2026-06-22 08:31:16,SC-01,smartphone,saudavel,saudavel,0.9992,agrosmart-v1,simulado,sim-2026-06
69b0b88b-242c-5060-ab98-96d4c7b1e201,TI-04_20260622_0006.jpg,2026-06-22 08:31:18,TI-04,drone,saudavel,saudavel,0.8432,agrosmart-v1,simulado,sim-2026-06
4409b57a-88b9-5193-a1f7-2d3d4ee282f8,BV-02_20260622_0021.jpg,2026-06-22 08:31:21,BV-02,smartphone,saudavel,saudavel,0.9966,agrosmart-v1,simulado,sim-2026-06
b5ba4b8f-00a8-59f0-9287-cd5bd493b650,TI-04_20260622_0007.jpg,2026-06-22 08:31:53,TI-04,drone,saudavel,saudavel,0.8879,agrosmart-v1,simulado,sim-2026-06
eb3f93f9-effe-5bce-805d-4161949be787,BV-02_20260622_0022.jpg,2026-06-22 08:32:02,BV-02,smartphone,saudavel,saudavel,0.9789,agrosmart-v1,simulado,sim-2026-06
131fb505-dc38-5a64-b4ce-6e99167564ff,SC-01_20260622_0004.jpg,2026-06-22 08:32:08,SC-01,smartphone,saudavel,saudavel,0.7831,agrosmart-v1,simulado,sim-2026-06
e84e5548-4589-5d96-b709-821b7950ff03,TI-04_20260622_0008.jpg,2026-06-22 08:32:29,TI-04,drone,doente,mosca_minadora,0.9831,agrosmart-v1,simulado,sim-2026-06
52e76a41-c233-5374-bc14-cc826895a48e,BV-02_20260622_0023.jpg,2026-06-22 08:32:40,BV-02,smartphone,saudavel,saudavel,0.9288,agrosmart-v1,simulado,sim-2026-06
b4792323-b007-5c3b-bd68-fda4953bd240,SC-01_20260622_0005.jpg,2026-06-22 08:32:47,SC-01,smartphone,doente,requeima,0.9604,agrosmart-v1,simulado,sim-2026-06
d7faf428-62fa-51b1-80ec-7a4cecd67326,SC-01_20260622_0006.jpg,2026-06-22 08:33:24,SC-01,smartphone,doente,requeima,0.8941,agrosmart-v1,simulado,sim-2026-06
0bfe48a8-18d6-5e56-a539-320d36d0d762,BV-02_20260622_0024.jpg,2026-06-22 08:33:27,BV-02,smartphone,saudavel,saudavel,0.9525,agrosmart-v1,simulado,sim-2026-06
0c9a7eaf-60aa-5e59-8e1e-3b8e7f4b3a43,TI-04_20260622_0009.jpg,2026-06-22 08:33:27,TI-04,drone,saudavel,saudavel,0.9996,agrosmart-v1,simulado,sim-2026-06
810ddb37-cf48-5cd8-b68a-5fddcdc26e44,TI-04_20260622_0010.jpg,2026-06-22 08:33:46,TI-04,drone,saudavel,saudavel,0.9359,agrosmart-v1,simulado,sim-2026-06
0dccbb9b-dabf-5b4c-b6ab-04f01140ae2b,SC-01_20260622_0007.jpg,2026-06-22 08:33:54,SC-01,smartphone,saudavel,saudavel,0.9131,agrosmart-v1,simulado,sim-2026-06
3216049a-542f-50bc-9a3c-e235f4f4896c,BV-02_20260622_0025.jpg,2026-06-22 08:34:08,BV-02,smartphone,saudavel,saudavel,0.9897,agrosmart-v1,simulado,sim-2026-06
a1e01f5a-71c0-5c96-8f3f-b3035e940e65,BV-02_20260622_0026.jpg,2026-06-22 08:34:29,BV-02,smartphone,saudavel,saudavel,0.9798,agrosmart-v1,simulado,sim-2026-06
92fca99a-2e9b-5af8-ae5e-51edd18df605,TI-04_20260622_0011.jpg,2026-06-22 08:34:34,TI-04,drone,saudavel,saudavel,0.9922,agrosmart-v1,simulado,sim-2026-06
2e0e0ce7-b496-5824-bd3f-5067f26dd4db,SC-01_20260622_0008.jpg,2026-06-22 08:34:43,SC-01,smartphone,saudavel,saudavel,0.9971,agrosmart-v1,simulado,sim-2026-06
2ecedde1-0cf7-5373-9e56-9bcc9d334540,TI-04_20260622_0012.jpg,2026-06-22 08:35:06,TI-04,drone,doente,mosca_minadora,0.8383,agrosmart-v1,simulado,sim-2026-06
07490652-4ff5-5b35-b7ac-d9a2872d733b,BV-02_20260622_0027.jpg,2026-06-22 08:35:08,BV-02,smartphone,saudavel,saudavel,0.9677,agrosmart-v1,simulado,sim-2026-06
21b8be0a-6180-537f-bfb4-670a68a38ebd,SC-01_20260622_0009.jpg,2026-06-22 08:35:25,SC-01,smartphone,saudavel,saudavel,0.9693,agrosmart-v1,simulado,sim-2026-06
9da49291-dda9-5914-aaa3-1486e2e92c7b,TI-04_20260622_0013.jpg,2026-06-22 08:35:47,TI-04,drone,saudavel,saudavel,0.9469,agrosmart-v1,simulado,sim-2026-06
fde695fc-d20e-5477-91ad-ceb997eb5260,SC-01_20260622_0010.jpg,2026-06-22 08:35:56,SC-01,smartphone,saudavel,saudavel,0.9959,agrosmart-v1,simulado,sim-2026-06
c4eb6040-a769-5252-a83f-2b20bd5ecba3,BV-02_20260622_0028.jpg,2026-06-22 08:36:04,BV-02,smartphone,saudavel,saudavel,0.8885,agrosmart-v1,simulado,sim-2026-06
44e9d8bf-76dd-5986-be2b-6a54f52e97c6,TI-04_20260622_0014.jpg,2026-06-22 08:36:21,TI-04,drone,doente,pinta_preta,0.9037,agrosmart-v1,simulado,sim-2026-06
14e0f82a-f5ec-5804-851b-06be8d36b7f8,BV-02_20260622_0029.jpg,2026-06-22 08:36:42,BV-02,smartphone,saudavel,saudavel,0.9150,agrosmart-v1,simulado,sim-2026-06
f96cc6c5-5066-5d3f-9994-5a1c1673236f,SC-01_20260622_0011.jpg,2026-06-22 08:36:46,SC-01,smartphone,saudavel,saudavel,1.0000,agrosmart-v1,simulado,sim-2026-06
c490535e-2eab-5c50-8b12-cdfc76cdd230,BV-02_20260622_0030.jpg,2026-06-22 08:37:17,BV-02,smartphone,saudavel,saudavel,0.9925,agrosmart-v1,simulado,sim-2026-06
a64bd933-accb-50e4-92ad-89d9b00ba3c3,TI-04_20260622_0015.jpg,2026-06-22 08:37:25,TI-04,drone,saudavel,saudavel,0.9789,agrosmart-v1,simulado,sim-2026-06
1032b876-b340-5cb4-83b5-4c5c1c4f6555,SC-01_20260622_0012.jpg,2026-06-22 08:37:27,SC-01,smartphone,saudavel,saudavel,0.9109,agrosmart-v1,simulado,sim-2026-06
ed3a3eb4-1f1f-5a5c-ac69-5c7c936f154b,TI-04_20260622_0016.jpg,2026-06-22 08:37:50,TI-04,drone,saudavel,saudavel,0.9303,agrosmart-v1,simulado,sim-2026-06
ee211c9e-e48a-51ec-b0eb-208a6f4a95c8,SC-01_20260622_0013.jpg,2026-06-22 08:37:56,SC-01,smartphone,saudavel,saudavel,0.9693,agrosmart-v1,simulado,sim-2026-06
527b3b56-ed0b-5be4-b7d3-a616b4aabd68,SC-01_20260622_0014.jpg,2026-06-22 08:38:22,SC-01,smartphone,saudavel,saudavel,0.9928,agrosmart-v1,simulado,sim-2026-06
dcfbbe1e-da31-5a84-b2fa-af14146a5831,TI-04_20260622_0017.jpg,2026-06-22 08:38:44,TI-04,drone,saudavel,saudavel,0.9796,agrosmart-v1,simulado,sim-2026-06
6396b42f-3f1d-5bdd-87fc-6597f9a6bfc4,TI-04_20260622_0018.jpg,2026-06-22 08:39:06,TI-04,drone,saudavel,saudavel,0.9996,agrosmart-v1,simulado,sim-2026-06
22db87d5-621b-57b2-a882-edcfb0ca3f92,SC-01_20260622_0015.jpg,2026-06-22 08:39:21,SC-01,smartphone,saudavel,saudavel,0.9092,agrosmart-v1,simulado,sim-2026-06
b8f0a932-f079-592d-948b-06b2202b4619,TI-04_20260622_0019.jpg,2026-06-22 08:40:01,TI-04,drone,saudavel,saudavel,0.9482,agrosmart-v1,simulado,sim-2026-06
4cc102fa-74e8-5584-969d-7329a2c718b4,SC-01_20260622_0016.jpg,2026-06-22 08:40:09,SC-01,smartphone,saudavel,saudavel,0.8955,agrosmart-v1,simulado,sim-2026-06
1c0a18bf-250a-55a1-86e6-936ae644f2b3,TI-04_20260622_0020.jpg,2026-06-22 08:40:36,TI-04,drone,saudavel,saudavel,0.8694,agrosmart-v1,simulado,sim-2026-06
a279a176-43d6-5c60-b564-d2a953bf93e9,SC-01_20260622_0017.jpg,2026-06-22 08:40:45,SC-01,smartphone,saudavel,saudavel,0.8820,agrosmart-v1,simulado,sim-2026-06
3857a998-2f20-526e-8912-dd10edd84cb3,SC-04_20260622_0001.jpg,2026-06-22 08:40:47,SC-04,smartphone,saudavel,saudavel,0.9821,agrosmart-v1,simulado,sim-2026-06
aa53fd44-48e3-54d9-862b-9f721f078b5a,SC-01_20260622_0018.jpg,2026-06-22 08:41:12,SC-01,smartphone,saudavel,saudavel,0.9722,agrosmart-v1,simulado,sim-2026-06
d1a9a948-68a6-56bd-88e5-fb82859de32e,TI-04_20260622_0021.jpg,2026-06-22 08:41:26,TI-04,drone,saudavel,saudavel,0.9431,agrosmart-v1,simulado,sim-2026-06
47056945-782e-5c46-a009-8cb777040c20,SC-04_20260622_0002.jpg,2026-06-22 08:41:42,SC-04,smartphone,saudavel,saudavel,0.9657,agrosmart-v1,simulado,sim-2026-06
6a043afe-5886-5070-a60a-636cc87bfd92,SC-01_20260622_0019.jpg,2026-06-22 08:42:03,SC-01,smartphone,saudavel,saudavel,0.9834,agrosmart-v1,simulado,sim-2026-06
0d3e4521-3f75-52db-a3e6-09ce44219517,TI-04_20260622_0022.jpg,2026-06-22 08:42:07,TI-04,drone,saudavel,saudavel,0.8773,agrosmart-v1,simulado,sim-2026-06
706c06bc-0c78-5306-bad5-3a7c57ee844d,SC-01_20260622_0020.jpg,2026-06-22 08:42:22,SC-01,smartphone,saudavel,saudavel,0.9955,agrosmart-v1,simulado,sim-2026-06
15aa0e63-e218-5bff-8ccf-69440ec578da,SC-04_20260622_0003.jpg,2026-06-22 08:42:23,SC-04,smartphone,saudavel,saudavel,0.9998,agrosmart-v1,simulado,sim-2026-06
fdbee3f8-f94c-555f-97eb-41569a149404,TI-04_20260622_0023.jpg,2026-06-22 08:42:35,TI-04,drone,saudavel,saudavel,0.9864,agrosmart-v1,simulado,sim-2026-06
d7d8c950-7416-548e-a7c6-906fac5cef99,SC-04_20260622_0004.jpg,2026-06-22 08:43:05,SC-04,smartphone,saudavel,saudavel,0.8963,agrosmart-v1,simulado,sim-2026-06
58589c65-3fac-5e0c-b4d0-cace479ffbfe,SC-01_20260622_0021.jpg,2026-06-22 08:43:10,SC-01,smartphone,saudavel,saudavel,0.9859,agrosmart-v1,simulado,sim-2026-06
d63911f8-9049-5871-bd72-04424c867749,TI-04_20260622_0024.jpg,2026-06-22 08:43:18,TI-04,drone,saudavel,saudavel,0.9396,agrosmart-v1,simulado,sim-2026-06
787b5d78-0589-5d69-a146-ecbe8ea2e688,SC-04_20260622_0005.jpg,2026-06-22 08:43:42,SC-04,smartphone,saudavel,saudavel,0.9728,agrosmart-v1,simulado,sim-2026-06
43515457-d446-5fa4-bc58-8f26f7b3ae85,SC-01_20260622_0022.jpg,2026-06-22 08:43:46,SC-01,smartphone,doente,requeima,0.9565,agrosmart-v1,simulado,sim-2026-06
b2dfd8c8-cd7d-5e06-9d69-8e6a1bb22852,TI-04_20260622_0025.jpg,2026-06-22 08:44:10,TI-04,drone,doente,pinta_preta,0.9982,agrosmart-v1,simulado,sim-2026-06
ba69ae15-b830-5e39-ba2a-6297c9de7fd1,SC-01_20260622_0023.jpg,2026-06-22 08:44:25,SC-01,smartphone,doente,pinta_preta,0.9349,agrosmart-v1,simulado,sim-2026-06
30f85807-dbb7-5203-8c4b-3537e939a3d4,SC-04_20260622_0006.jpg,2026-06-22 08:44:28,SC-04,smartphone,saudavel,saudavel,0.8718,agrosmart-v1,simulado,sim-2026-06
20ed4e77-d2a2-535e-9dd1-d8f38fecd421,SC-04_20260622_0007.jpg,2026-06-22 08:44:43,SC-04,smartphone,saudavel,saudavel,0.9992,agrosmart-v1,simulado,sim-2026-06
9272b509-ac80-53cd-99e8-be3ad42bcc1c,TI-04_20260622_0026.jpg,2026-06-22 08:44:50,TI-04,drone,saudavel,saudavel,0.9228,agrosmart-v1,simulado,sim-2026-06
cd585e74-88c2-599f-852a-d73b5f65dc3f,SC-01_20260622_0024.jpg,2026-06-22 08:45:00,SC-01,smartphone,saudavel,saudavel,0.9567,agrosmart-v1,simulado,sim-2026-06
93ce4514-4356-5b73-95c8-6369222fa791,TI-04_20260622_0027.jpg,2026-06-22 08:45:15,TI-04,drone,saudavel,saudavel,0.9802,agrosmart-v1,simulado,sim-2026-06
16c83229-3b0e-5329-9f25-3a0abdf9f532,SC-04_20260622_0008.jpg,2026-06-22 08:45:47,SC-04,smartphone,saudavel,saudavel,0.9704,agrosmart-v1,simulado,sim-2026-06
58f2fe3b-8389-5289-92f9-58d0ccf9050a,TI-04_20260622_0028.jpg,2026-06-22 08:45:51,TI-04,drone,saudavel,saudavel,0.9970,agrosmart-v1,simulado,sim-2026-06
eb6b7d57-2899-56c9-ba01-c3a69886b81d,SC-01_20260622_0025.jpg,2026-06-22 08:46:00,SC-01,smartphone,saudavel,saudavel,0.9201,agrosmart-v1,simulado,sim-2026-06
44429397-b198-5cb6-8e30-1f2d01d2de2d,SC-04_20260622_0009.jpg,2026-06-22 08:46:16,SC-04,smartphone,saudavel,saudavel,0.9993,agrosmart-v1,simulado,sim-2026-06
e2468dce-494d-54e0-adbf-d33f616b46ab,SC-01_20260622_0026.jpg,2026-06-22 08:46:26,SC-01,smartphone,saudavel,saudavel,0.9887,agrosmart-v1,simulado,sim-2026-06
1ea1161d-e932-576f-b5e7-2bf39d40c231,TI-04_20260622_0029.jpg,2026-06-22 08:46:43,TI-04,drone,saudavel,saudavel,0.8899,agrosmart-v1,simulado,sim-2026-06
f6dff310-5f49-5b2a-81cc-1a9e8ca39fe3,SC-04_20260622_0010.jpg,2026-06-22 08:46:56,SC-04,smartphone,saudavel,saudavel,0.9121,agrosmart-v1,simulado,sim-2026-06
43fa882c-bade-5ac9-b3a4-3b165b4d84dd,TI-04_20260622_0030.jpg,2026-06-22 08:47:00,TI-04,drone,saudavel,saudavel,0.8351,agrosmart-v1,simulado,sim-2026-06
05ef0dc8-9d58-57cf-b250-a1d2e1a43b4e,SC-01_20260622_0027.jpg,2026-06-22 08:47:27,SC-01,smartphone,saudavel,saudavel,0.8366,agrosmart-v1,simulado,sim-2026-06
1d072e3f-c361-5405-9b3b-a81768e71d8e,SC-04_20260622_0011.jpg,2026-06-22 08:47:35,SC-04,smartphone,saudavel,saudavel,0.9999,agrosmart-v1,simulado,sim-2026-06
ad799dab-4175-5c6b-853f-242b5e024b35,SC-01_20260622_0028.jpg,2026-06-22 08:47:54,SC-01,smartphone,saudavel,saudavel,0.9390,agrosmart-v1,simulado,sim-2026-06
dbe2018e-6ebd-5ac0-a972-dd5a3980a338,TI-04_20260622_0031.jpg,2026-06-22 08:47:54,TI-04,drone,saudavel,saudavel,0.8847,agrosmart-v1,simulado,sim-2026-06
57d570b6-61c0-5aa7-b45f-e8720aa0c0e4,SC-04_20260622_0012.jpg,2026-06-22 08:48:13,SC-04,smartphone,saudavel,saudavel,0.9234,agrosmart-v1,simulado,sim-2026-06
e010433b-d8a0-52e2-82fd-7698b78f36e4,TI-04_20260622_0032.jpg,2026-06-22 08:48:29,TI-04,drone,saudavel,saudavel,0.9813,agrosmart-v1,simulado,sim-2026-06
0273f35b-709b-5da5-bae2-62c3cecea8cc,SC-01_20260622_0029.jpg,2026-06-22 08:48:46,SC-01,smartphone,saudavel,saudavel,0.8895,agrosmart-v1,simulado,sim-2026-06
75d6ea2a-af4d-57ba-a588-aba3ae9dded9,SC-04_20260622_0013.jpg,2026-06-22 08:48:48,SC-04,smartphone,saudavel,saudavel,0.9891,agrosmart-v1,simulado,sim-2026-06
b506ae79-2518-53fe-97a6-42eab066004e,SC-01_20260622_0030.jpg,2026-06-22 08:49:11,SC-01,smartphone,saudavel,saudavel,0.9628,agrosmart-v1,simulado,sim-2026-06
ee347088-2416-5ad8-88b4-d4662f3448ee,TI-04_20260622_0033.jpg,2026-06-22 08:49:14,TI-04,drone,saudavel,saudavel,0.9962,agrosmart-v1,simulado,sim-2026-06
5b7efcd9-0590-50d7-a6eb-a38835dbc3bf,SC-04_20260622_0014.jpg,2026-06-22 08:49:30,SC-04,smartphone,saudavel,saudavel,0.9116,agrosmart-v1,simulado,sim-2026-06
ec96b3d2-21d2-58bc-a9df-82b45c08846b,TI-04_20260622_0034.jpg,2026-06-22 08:49:45,TI-04,drone,saudavel,saudavel,0.9270,agrosmart-v1,simulado,sim-2026-06
1fac63f8-ad97-5793-89b7-738b95366341,SC-01_20260622_0031.jpg,2026-06-22 08:50:05,SC-01,smartphone,doente,vaquinha,0.7093,agrosmart-v1,simulado,sim-2026-06
e64bee99-b540-5081-9f7b-9ec19278da13,SC-04_20260622_0015.jpg,2026-06-22 08:50:06,SC-04,smartphone,saudavel,saudavel,0.8602,agrosmart-v1,simulado,sim-2026-06
4dbc26be-c702-502d-8b19-9539bc429d9e,TI-04_20260622_0035.jpg,2026-06-22 08:50:22,TI-04,drone,saudavel,saudavel,0.9062,agrosmart-v1,simulado,sim-2026-06
74609735-b69d-5133-93b9-04ae03db88c0,SC-01_20260622_0032.jpg,2026-06-22 08:50:30,SC-01,smartphone,saudavel,saudavel,0.8702,agrosmart-v1,simulado,sim-2026-06
2da0f250-ea6d-5b03-af76-5551c1cab788,SC-04_20260622_0016.jpg,2026-06-22 08:51:06,SC-04,smartphone,saudavel,saudavel,0.9167,agrosmart-v1,simulado,sim-2026-06
b87ebdf2-f6fa-514f-9c6b-3192956acd12,TI-04_20260622_0036.jpg,2026-06-22 08:51:19,TI-04,drone,saudavel,saudavel,0.8210,agrosmart-v1,simulado,sim-2026-06
a35ae267-5a02-5bd1-9999-d2922a20e8bb,SC-01_20260622_0033.jpg,2026-06-22 08:51:25,SC-01,smartphone,saudavel,saudavel,0.9991,agrosmart-v1,simulado,sim-2026-06
044624c8-edcf-57e8-910a-01a81bd14b7f,SC-04_20260622_0017.jpg,2026-06-22 08:51:48,SC-04,smartphone,saudavel,saudavel,0.9963,agrosmart-v1,simulado,sim-2026-06
f59ce855-f14f-51b5-9ada-bf7441e6be9d,SC-01_20260622_0034.jpg,2026-06-22 08:52:05,SC-01,smartphone,saudavel,saudavel,0.8354,agrosmart-v1,simulado,sim-2026-06
3c56a8b1-9b45-5b55-89f4-e060d08dc315,SC-04_20260622_0018.jpg,2026-06-22 08:52:29,SC-04,smartphone,saudavel,saudavel,0.9976,agrosmart-v1,simulado,sim-2026-06
56072b6a-4b78-5276-b842-ecc484fdc6e8,SC-01_20260622_0035.jpg,2026-06-22 08:52:36,SC-01,smartphone,saudavel,saudavel,0.8512,agrosmart-v1,simulado,sim-2026-06
9bd78a20-2d6d-5b63-8dcb-ab961571273c,SC-01_20260622_0036.jpg,2026-06-22 08:53:02,SC-01,smartphone,saudavel,saudavel,0.9862,agrosmart-v1,simulado,sim-2026-06
8bcca722-db14-58ee-b3be-03f805eac71e,SC-04_20260622_0019.jpg,2026-06-22 08:53:10,SC-04,smartphone,saudavel,saudavel,0.9047,agrosmart-v1,simulado,sim-2026-06
04d597ef-0067-5074-aa8d-fa8ae88dd60d,SC-04_20260622_0020.jpg,2026-06-22 08:53:27,SC-04,smartphone,saudavel,saudavel,0.6703,agrosmart-v1,simulado,sim-2026-06
f3e5a20d-54ab-5acc-b4d7-f67e06153fb3,SC-01_20260622_0037.jpg,2026-06-22 08:53:55,SC-01,smartphone,saudavel,saudavel,0.9406,agrosmart-v1,simulado,sim-2026-06
94918ea5-baca-58e8-b5dc-270524eeef76,SC-02_20260622_0001.jpg,2026-06-22 09:14:51,SC-02,smartphone,saudavel,saudavel,0.9262,agrosmart-v1,simulado,sim-2026-06
96e1146a-ed1a-5f86-a691-0a24cfcdca28,SC-02_20260622_0002.jpg,2026-06-22 09:15:23,SC-02,smartphone,saudavel,saudavel,0.9533,agrosmart-v1,simulado,sim-2026-06
e7ba20ab-2e22-56ce-bc05-3fbb904d3a58,SC-02_20260622_0003.jpg,2026-06-22 09:16:18,SC-02,smartphone,saudavel,saudavel,0.9999,agrosmart-v1,simulado,sim-2026-06
2aa05774-9216-5e50-a72f-c1e347b760c7,SC-02_20260622_0004.jpg,2026-06-22 09:16:42,SC-02,smartphone,saudavel,saudavel,0.9221,agrosmart-v1,simulado,sim-2026-06
d396cb4e-1504-5448-b039-2610deddda27,SC-02_20260622_0005.jpg,2026-06-22 09:17:21,SC-02,smartphone,saudavel,saudavel,0.9121,agrosmart-v1,simulado,sim-2026-06
a8963e2c-a2b0-558a-b6cc-480173561a85,SC-02_20260622_0006.jpg,2026-06-22 09:18:23,SC-02,smartphone,saudavel,saudavel,0.9845,agrosmart-v1,simulado,sim-2026-06
c0b69bf3-e073-5c49-90df-db5b9e451b7f,SC-02_20260622_0007.jpg,2026-06-22 09:18:40,SC-02,smartphone,saudavel,saudavel,0.9350,agrosmart-v1,simulado,sim-2026-06
a7693f7b-f912-54bd-9b82-b3d0e4b1836c,SC-02_20260622_0008.jpg,2026-06-22 09:19:50,SC-02,smartphone,doente,requeima,0.9994,agrosmart-v1,simulado,sim-2026-06
e222d91c-860d-5076-807c-f40f107caef7,SC-02_20260622_0009.jpg,2026-06-22 09:20:04,SC-02,smartphone,saudavel,saudavel,0.9622,agrosmart-v1,simulado,sim-2026-06
47d89ee5-46e4-503e-aa06-6e2fa9515d75,SC-02_20260622_0010.jpg,2026-06-22 09:20:48,SC-02,smartphone,saudavel,saudavel,0.9923,agrosmart-v1,simulado,sim-2026-06
7273199f-0089-57ac-9a11-0ddff526856c,SC-02_20260622_0011.jpg,2026-06-22 09:21:31,SC-02,smartphone,doente,requeima,1.0000,agrosmart-v1,simulado,sim-2026-06
661bc821-fff7-59b8-b36c-cbdc988fbae7,SC-02_20260622_0012.jpg,2026-06-22 09:22:23,SC-02,smartphone,doente,requeima,0.9626,agrosmart-v1,simulado,sim-2026-06
7f71b13d-6905-5231-8f50-054e5576707d,SC-02_20260622_0013.jpg,2026-06-22 09:22:52,SC-02,smartphone,saudavel,saudavel,0.8931,agrosmart-v1,simulado,sim-2026-06
9d535420-32a2-5e17-beb3-f851d43d8afc,SC-02_20260622_0014.jpg,2026-06-22 09:23:45,SC-02,smartphone,saudavel,saudavel,0.9976,agrosmart-v1,simulado,sim-2026-06
755cbfe7-c55b-5d46-bdfd-929e4aa39043,SC-02_20260622_0015.jpg,2026-06-22 09:24:16,SC-02,smartphone,doente,requeima,0.8419,agrosmart-v1,simulado,sim-2026-06
1967c5a8-b23d-5d96-b32f-3f61a960d18b,SC-02_20260622_0016.jpg,2026-06-22 09:24:40,SC-02,smartphone,saudavel,saudavel,0.9974,agrosmart-v1,simulado,sim-2026-06
809d3aac-63c6-5818-aabc-9c85ed1732f5,SC-02_20260622_0017.jpg,2026-06-22 09:25:49,SC-02,smartphone,saudavel,saudavel,0.9995,agrosmart-v1,simulado,sim-2026-06
052b3321-8330-52a5-b27c-6339a9ad6074,SC-02_20260622_0018.jpg,2026-06-22 09:26:10,SC-02,smartphone,doente,requeima,0.9475,agrosmart-v1,simulado,sim-2026-06
f4f7fa57-9438-5b93-b8ed-c3db545f4e61,TI-01_20260622_0001.jpg,2026-06-22 09:27:03,TI-01,drone,saudavel,saudavel,0.9406,agrosmart-v1,simulado,sim-2026-06
b5af3efe-5952-5ffa-9b82-9c8954219f67,SC-02_20260622_0019.jpg,2026-06-22 09:27:10,SC-02,smartphone,doente,requeima,0.9975,agrosmart-v1,simulado,sim-2026-06
2d6ceddd-874d-59db-8f3c-2c68bbc5cf60,SC-02_20260622_0020.jpg,2026-06-22 09:27:33,SC-02,smartphone,saudavel,saudavel,0.9054,agrosmart-v1,simulado,sim-2026-06
8f904c62-8a92-5960-bd0e-77270ff6d101,TI-01_20260622_0002.jpg,2026-06-22 09:27:43,TI-01,drone,saudavel,saudavel,0.9848,agrosmart-v1,simulado,sim-2026-06
8e9bde74-129c-593e-9717-33012c2638f2,SC-02_20260622_0021.jpg,2026-06-22 09:28:08,SC-02,smartphone,saudavel,saudavel,0.9754,agrosmart-v1,simulado,sim-2026-06
cc2752c3-827f-5769-9520-b30d8cd8e728,TI-01_20260622_0003.jpg,2026-06-22 09:28:08,TI-01,drone,saudavel,saudavel,0.9830,agrosmart-v1,simulado,sim-2026-06
6f2cf5c4-1e4c-50e1-862f-1ae0e2c0fc08,SC-02_20260622_0022.jpg,2026-06-22 09:28:43,SC-02,smartphone,doente,requeima,0.5484,agrosmart-v1,simulado,sim-2026-06
5836af1c-9fc5-5b65-b459-cc3aa99dc82e,TI-01_20260622_0004.jpg,2026-06-22 09:28:55,TI-01,drone,saudavel,saudavel,0.8770,agrosmart-v1,simulado,sim-2026-06
c0943f53-a775-5de8-beff-46a7d8fe00ca,TI-01_20260622_0005.jpg,2026-06-22 09:29:25,TI-01,drone,saudavel,saudavel,0.9773,agrosmart-v1,simulado,sim-2026-06
7a0ab017-80b3-59a6-9fbd-9900a127da71,SC-02_20260622_0023.jpg,2026-06-22 09:29:50,SC-02,smartphone,saudavel,saudavel,0.9281,agrosmart-v1,simulado,sim-2026-06
7d1c6a20-b3ad-5796-a9ff-42bda9d5c868,SC-02_20260622_0024.jpg,2026-06-22 09:30:27,SC-02,smartphone,saudavel,saudavel,0.8386,agrosmart-v1,simulado,sim-2026-06
c2cd5d3e-d2f4-5e89-b7f1-b60a7e1289f9,TI-01_20260622_0006.jpg,2026-06-22 09:30:30,TI-01,drone,saudavel,saudavel,0.9708,agrosmart-v1,simulado,sim-2026-06
09788d0b-582e-5ff0-96c2-77c136737b62,SC-02_20260622_0025.jpg,2026-06-22 09:30:43,SC-02,smartphone,saudavel,saudavel,0.9998,agrosmart-v1,simulado,sim-2026-06
af305176-8587-58d0-974b-4dcea02c81c3,TI-01_20260622_0007.jpg,2026-06-22 09:30:44,TI-01,drone,saudavel,saudavel,0.9089,agrosmart-v1,simulado,sim-2026-06
18adf4ba-7282-5f84-b5d3-d0237f631510,TI-01_20260622_0008.jpg,2026-06-22 09:31:43,TI-01,drone,saudavel,saudavel,0.9286,agrosmart-v1,simulado,sim-2026-06
0dfeedb0-d22b-5466-ac8a-68039188212a,SC-02_20260622_0026.jpg,2026-06-22 09:31:48,SC-02,smartphone,doente,pinta_preta,0.5593,agrosmart-v1,simulado,sim-2026-06
c2b43728-850a-5299-985d-2ef92f838dbe,TI-01_20260622_0009.jpg,2026-06-22 09:32:01,TI-01,drone,saudavel,saudavel,0.9478,agrosmart-v1,simulado,sim-2026-06
4ad1ec36-fb00-580e-84dd-6df2071d4dcf,SC-02_20260622_0027.jpg,2026-06-22 09:32:10,SC-02,smartphone,saudavel,saudavel,0.9464,agrosmart-v1,simulado,sim-2026-06
793fff91-b973-595d-a837-44aeca620022,SC-03_20260622_0001.jpg,2026-06-22 09:32:49,SC-03,smartphone,saudavel,saudavel,0.9996,agrosmart-v1,simulado,sim-2026-06
90ecde1e-7c47-5304-92bd-2adc1c6f6dc4,SC-02_20260622_0028.jpg,2026-06-22 09:32:50,SC-02,smartphone,saudavel,saudavel,0.8994,agrosmart-v1,simulado,sim-2026-06
c4452125-3796-5a1e-aea1-045cf781d33f,TI-01_20260622_0010.jpg,2026-06-22 09:32:51,TI-01,drone,saudavel,saudavel,0.9159,agrosmart-v1,simulado,sim-2026-06
32635beb-1c2a-538d-8015-164eae3237fd,SC-02_20260622_0029.jpg,2026-06-22 09:33:20,SC-02,smartphone,saudavel,saudavel,0.9656,agrosmart-v1,simulado,sim-2026-06
7c75448c-f3e7-5766-998e-33aabe5698a6,TI-01_20260622_0011.jpg,2026-06-22 09:33:34,TI-01,drone,saudavel,saudavel,0.9359,agrosmart-v1,simulado,sim-2026-06
f5683dd7-6487-5d23-b562-df04c39475f4,SC-03_20260622_0002.jpg,2026-06-22 09:33:48,SC-03,smartphone,saudavel,saudavel,0.8355,agrosmart-v1,simulado,sim-2026-06
3b71b316-7202-51e1-a2ba-71a8f2c76a73,TI-01_20260622_0012.jpg,2026-06-22 09:34:05,TI-01,drone,saudavel,saudavel,0.9264,agrosmart-v1,simulado,sim-2026-06
2b3f2fa8-ed05-5306-ad9e-b3933b4d5d63,SC-03_20260622_0003.jpg,2026-06-22 09:34:10,SC-03,smartphone,saudavel,saudavel,0.9473,agrosmart-v1,simulado,sim-2026-06
16e01a9a-9b79-5e88-8303-b0e90dc0eec7,SC-02_20260622_0030.jpg,2026-06-22 09:34:23,SC-02,smartphone,saudavel,saudavel,0.9182,agrosmart-v1,simulado,sim-2026-06
d873f771-a64c-5c2a-9d94-fb128fdc7f1b,TI-01_20260622_0013.jpg,2026-06-22 09:34:54,TI-01,drone,saudavel,saudavel,0.7262,agrosmart-v1,simulado,sim-2026-06
df9ae01f-5eb0-5588-ab2e-16ad72c73f8a,SC-03_20260622_0004.jpg,2026-06-22 09:35:02,SC-03,smartphone,saudavel,saudavel,0.8428,agrosmart-v1,simulado,sim-2026-06
74f18995-d535-5b8d-b481-73fe3d234435,SC-02_20260622_0031.jpg,2026-06-22 09:35:04,SC-02,smartphone,doente,requeima,0.8812,agrosmart-v1,simulado,sim-2026-06
dc9c6564-53e2-5397-8b31-c08ba61d9e13,SC-02_20260622_0032.jpg,2026-06-22 09:35:23,SC-02,smartphone,saudavel,saudavel,0.8467,agrosmart-v1,simulado,sim-2026-06
c2b0cf78-f55f-540b-a43a-6902e5436183,SC-03_20260622_0005.jpg,2026-06-22 09:35:26,SC-03,smartphone,saudavel,saudavel,0.9601,agrosmart-v1,simulado,sim-2026-06
014ac280-c061-532c-adb8-56283c00ed79,TI-01_20260622_0014.jpg,2026-06-22 09:35:47,TI-01,drone,saudavel,saudavel,0.9879,agrosmart-v1,simulado,sim-2026-06
925604c2-ae7d-5e71-912a-b9439819a5fd,SC-03_20260622_0006.jpg,2026-06-22 09:36:05,SC-03,smartphone,saudavel,saudavel,0.9733,agrosmart-v1,simulado,sim-2026-06
636cfa56-2f36-5bef-b45a-247659ec1ecf,TI-01_20260622_0015.jpg,2026-06-22 09:36:08,TI-01,drone,saudavel,saudavel,0.8862,agrosmart-v1,simulado,sim-2026-06
a9eeb05b-70e5-5024-8e59-d6290561d9e2,SC-02_20260622_0033.jpg,2026-06-22 09:36:20,SC-02,smartphone,saudavel,saudavel,0.9898,agrosmart-v1,simulado,sim-2026-06
fbc7d1a6-2f0e-5bc1-888a-ccdbc6abfbeb,SC-02_20260622_0034.jpg,2026-06-22 09:37:07,SC-02,smartphone,doente,requeima,0.9983,agrosmart-v1,simulado,sim-2026-06
9da196ea-5ea5-5674-81db-700aa198554e,TI-01_20260622_0016.jpg,2026-06-22 09:37:08,TI-01,drone,doente,vaquinha,0.9811,agrosmart-v1,simulado,sim-2026-06
4540e711-d929-54f9-a803-8ebef3022617,SC-03_20260622_0007.jpg,2026-06-22 09:37:09,SC-03,smartphone,doente,requeima,0.9898,agrosmart-v1,simulado,sim-2026-06
05408fdb-63cc-589a-b303-d4940500b044,SC-03_20260622_0008.jpg,2026-06-22 09:37:31,SC-03,smartphone,saudavel,saudavel,0.6723,agrosmart-v1,simulado,sim-2026-06
0f9fa008-44a1-53f5-bed5-78404f6dde4d,TI-01_20260622_0017.jpg,2026-06-22 09:37:31,TI-01,drone,saudavel,saudavel,0.8770,agrosmart-v1,simulado,sim-2026-06
df8ae10c-f146-5161-9d0c-3f49db611e71,SC-02_20260622_0035.jpg,2026-06-22 09:37:46,SC-02,smartphone,saudavel,saudavel,0.9994,agrosmart-v1,simulado,sim-2026-06
c04830c8-270f-5c40-bf2b-5a02e69be87f,SC-03_20260622_0009.jpg,2026-06-22 09:38:00,SC-03,smartphone,saudavel,saudavel,0.9666,agrosmart-v1,simulado,sim-2026-06
017d3f7b-120e-5c55-ba63-ffb4dfd6e0e8,TI-01_20260622_0018.jpg,2026-06-22 09:38:06,TI-01,drone,saudavel,saudavel,0.9913,agrosmart-v1,simulado,sim-2026-06
b36709c8-2b8e-5a07-b29c-dfbe3baa8c1b,SC-02_20260622_0036.jpg,2026-06-22 09:38:19,SC-02,smartphone,saudavel,saudavel,0.9976,agrosmart-v1,simulado,sim-2026-06
dc53b5c9-731d-5b7f-b44d-9cf174de86b5,SC-03_20260622_0010.jpg,2026-06-22 09:38:43,SC-03,smartphone,doente,requeima,0.6408,agrosmart-v1,simulado,sim-2026-06
20d27db0-7e7d-527a-a87c-74e771f16fdd,TI-01_20260622_0019.jpg,2026-06-22 09:38:45,TI-01,drone,saudavel,saudavel,0.9714,agrosmart-v1,simulado,sim-2026-06
2453bfb8-75ae-59f2-8515-0b6d0915373a,SC-02_20260622_0037.jpg,2026-06-22 09:39:07,SC-02,smartphone,saudavel,saudavel,0.8404,agrosmart-v1,simulado,sim-2026-06
65922298-3a51-5e58-9237-93fa7a77313b,SC-03_20260622_0011.jpg,2026-06-22 09:39:23,SC-03,smartphone,saudavel,saudavel,0.9746,agrosmart-v1,simulado,sim-2026-06
73d082b4-5f06-53a0-af8b-6defcf47e0d1,TI-01_20260622_0020.jpg,2026-06-22 09:39:31,TI-01,drone,saudavel,saudavel,0.8260,agrosmart-v1,simulado,sim-2026-06
a2835f14-976c-5b1b-a066-edaa19d88957,SC-02_20260622_0038.jpg,2026-06-22 09:39:45,SC-02,smartphone,doente,requeima,0.9212,agrosmart-v1,simulado,sim-2026-06
b583ec4f-683a-5458-8ce6-90c0bee3d85c,SC-02_20260622_0039.jpg,2026-06-22 09:40:20,SC-02,smartphone,saudavel,saudavel,0.9512,agrosmart-v1,simulado,sim-2026-06
7c9072e2-24a9-59b4-9c32-b2110de5a118,TI-01_20260622_0021.jpg,2026-06-22 09:40:24,TI-01,drone,saudavel,saudavel,0.8870,agrosmart-v1,simulado,sim-2026-06
a732ad75-21a3-5f2d-806c-cd8d2f988f20,SC-03_20260622_0012.jpg,2026-06-22 09:40:25,SC-03,smartphone,saudavel,saudavel,0.9809,agrosmart-v1,simulado,sim-2026-06
a9e0c9de-ccd3-55e7-84cf-81c1e28e3040,TI-01_20260622_0022.jpg,2026-06-22 09:40:43,TI-01,drone,saudavel,saudavel,0.9176,agrosmart-v1,simulado,sim-2026-06
2d0594de-9f18-5ec9-9da1-380b3f08098e,SC-02_20260622_0040.jpg,2026-06-22 09:40:49,SC-02,smartphone,saudavel,saudavel,0.9797,agrosmart-v1,simulado,sim-2026-06
ffbc35a0-1da2-51b3-b0ba-339a49fbcfb6,SC-03_20260622_0013.jpg,2026-06-22 09:41:06,SC-03,smartphone,saudavel,saudavel,0.6233,agrosmart-v1,simulado,sim-2026-06
179ff409-ab8b-5e10-b5b3-f1fa908872cd,TI-01_20260622_0023.jpg,2026-06-22 09:41:27,TI-01,drone,saudavel,saudavel,0.9819,agrosmart-v1,simulado,sim-2026-06
542b2556-5a2d-5fcc-809d-c1dd2829c8f9,SC-03_20260622_0014.jpg,2026-06-22 09:41:35,SC-03,smartphone,saudavel,saudavel,0.9867,agrosmart-v1,simulado,sim-2026-06
5ed35af8-7264-5333-b3ee-cb168ab17f46,SC-02_20260622_0041.jpg,2026-06-22 09:41:48,SC-02,smartphone,saudavel,saudavel,0.9959,agrosmart-v1,simulado,sim-2026-06
095bb979-3353-56db-b154-5d672c5360af,SC-02_20260622_0042.jpg,2026-06-22 09:42:20,SC-02,smartphone,saudavel,saudavel,0.9099,agrosmart-v1,simulado,sim-2026-06
b6a97d32-5d91-575d-be83-e43750e2c779,SC-03_20260622_0015.jpg,2026-06-22 09:42:22,SC-03,smartphone,saudavel,saudavel,0.9365,agrosmart-v1,simulado,sim-2026-06
7bfb8d4c-d911-5064-96c7-78ee022b4af8,TI-01_20260622_0024.jpg,2026-06-22 09:42:26,TI-01,drone,saudavel,saudavel,0.9362,agrosmart-v1,simulado,sim-2026-06
a1590792-1273-5293-97d4-71f2c9025427,SC-02_20260622_0043.jpg,2026-06-22 09:42:44,SC-02,smartphone,saudavel,saudavel,0.9878,agrosmart-v1,simulado,sim-2026-06
268c63ed-71b6-5d76-a06e-30764b7cf21b,SC-03_20260622_0016.jpg,2026-06-22 09:42:51,SC-03,smartphone,saudavel,saudavel,0.9039,agrosmart-v1,simulado,sim-2026-06
323ba1ad-0972-5df7-bc04-5e6e932dad39,TI-01_20260622_0025.jpg,2026-06-22 09:42:59,TI-01,drone,saudavel,saudavel,0.9611,agrosmart-v1,simulado,sim-2026-06
84434dd9-c94a-5ecc-9f4e-2bb82bf0ea13,TI-01_20260622_0026.jpg,2026-06-22 09:43:20,TI-01,drone,saudavel,saudavel,0.9890,agrosmart-v1,simulado,sim-2026-06
a1d259c9-ff6c-5021-86b5-34383af5d901,SC-03_20260622_0017.jpg,2026-06-22 09:43:42,SC-03,smartphone,saudavel,saudavel,0.8592,agrosmart-v1,simulado,sim-2026-06
f0d52424-b7b6-505a-a309-787b160af064,SC-03_20260622_0018.jpg,2026-06-22 09:44:08,SC-03,smartphone,saudavel,saudavel,0.8357,agrosmart-v1,simulado,sim-2026-06
57283fd1-a941-5b1e-8815-eb4deccaf032,TI-01_20260622_0027.jpg,2026-06-22 09:44:19,TI-01,drone,saudavel,saudavel,0.8892,agrosmart-v1,simulado,sim-2026-06
636398f7-2c3e-5aa9-95ad-770d1e09b8e0,SC-03_20260622_0019.jpg,2026-06-22 09:44:44,SC-03,smartphone,saudavel,saudavel,0.9697,agrosmart-v1,simulado,sim-2026-06
886502a9-f32d-5b76-85fb-b09b1d1e5e16,TI-01_20260622_0028.jpg,2026-06-22 09:44:46,TI-01,drone,saudavel,saudavel,0.9728,agrosmart-v1,simulado,sim-2026-06
a5cdfc7d-974c-549d-b6ee-b5102c8b18db,TI-01_20260622_0029.jpg,2026-06-22 09:45:21,TI-01,drone,saudavel,saudavel,0.8560,agrosmart-v1,simulado,sim-2026-06
1e5b06ba-6526-52c0-a89d-86891d66d8dc,SC-03_20260622_0020.jpg,2026-06-22 09:45:43,SC-03,smartphone,saudavel,saudavel,0.9604,agrosmart-v1,simulado,sim-2026-06
a80cff8b-300e-56fa-9a08-e2616e6011a1,SC-03_20260622_0021.jpg,2026-06-22 09:46:20,SC-03,smartphone,saudavel,saudavel,0.8628,agrosmart-v1,simulado,sim-2026-06
89d65d1d-6220-5fb6-9074-3e02c4ab2e74,TI-01_20260622_0030.jpg,2026-06-22 09:46:29,TI-01,drone,saudavel,saudavel,0.9927,agrosmart-v1,simulado,sim-2026-06
090243c0-793b-5568-9572-2a3fb720aea6,TI-01_20260622_0031.jpg,2026-06-22 09:46:57,TI-01,drone,saudavel,saudavel,0.9984,agrosmart-v1,simulado,sim-2026-06
52e3a991-022b-5956-95a2-ec5b11d90e2a,SC-03_20260622_0022.jpg,2026-06-22 09:47:02,SC-03,smartphone,saudavel,saudavel,0.9898,agrosmart-v1,simulado,sim-2026-06
34952f96-92bc-5c84-a602-890915cb84fa,TI-01_20260622_0032.jpg,2026-06-22 09:47:28,TI-01,drone,saudavel,saudavel,0.9487,agrosmart-v1,simulado,sim-2026-06
d504debb-eebb-5e1e-b763-734b60174b4a,SC-03_20260622_0023.jpg,2026-06-22 09:47:39,SC-03,smartphone,saudavel,saudavel,0.9290,agrosmart-v1,simulado,sim-2026-06
96a4886d-86cb-55c2-a50e-be726b645f40,TI-01_20260622_0033.jpg,2026-06-22 09:48:11,TI-01,drone,saudavel,saudavel,0.9982,agrosmart-v1,simulado,sim-2026-06
0b9bd3be-e7c6-50b7-8d39-2e75b1c4f8c0,SC-03_20260622_0024.jpg,2026-06-22 09:48:15,SC-03,smartphone,saudavel,saudavel,0.9503,agrosmart-v1,simulado,sim-2026-06
a0932c8d-f121-59e2-a7e0-c933a71d5ab8,TI-01_20260622_0034.jpg,2026-06-22 09:48:49,TI-01,drone,saudavel,saudavel,0.9999,agrosmart-v1,simulado,sim-2026-06
f1b6fca8-5379-5502-958d-25abb0827b38,SC-03_20260622_0025.jpg,2026-06-22 09:48:53,SC-03,smartphone,saudavel,saudavel,0.8324,agrosmart-v1,simulado,sim-2026-06
6d99dbb4-e874-5562-92e4-af7acb5290b7,TI-01_20260622_0035.jpg,2026-06-22 09:49:25,TI-01,drone,saudavel,saudavel,0.9814,agrosmart-v1,simulado,sim-2026-06
14e2d8d0-8f13-5798-ab9c-94c6bbd2d74e,SC-03_20260622_0026.jpg,2026-06-22 09:49:30,SC-03,smartphone,saudavel,saudavel,0.9467,agrosmart-v1,simulado,sim-2026-06
d3581d4e-f45b-515b-8db9-abbd9f5bd653,TI-01_20260622_0036.jpg,2026-06-22 09:50:16,TI-01,drone,saudavel,saudavel,0.8647,agrosmart-v1,simulado,sim-2026-06
acc46bd5-d6cd-5e09-9039-bacbc5a2eae8,SC-03_20260622_0027.jpg,2026-06-22 09:50:23,SC-03,smartphone,saudavel,saudavel,0.9304,agrosmart-v1,simulado,sim-2026-06
0ebcaeaf-33d0-5970-aa07-fc1a9c1bc408,TI-01_20260622_0037.jpg,2026-06-22 09:50:43,TI-01,drone,saudavel,saudavel,0.9999,agrosmart-v1,simulado,sim-2026-06
8e134d68-b27a-5801-b297-5f265f108b61,TI-01_20260622_0038.jpg,2026-06-22 09:51:45,TI-01,drone,saudavel,saudavel,0.9903,agrosmart-v1,simulado,sim-2026-06
589cfee0-cb84-59d4-9fe6-81004855ebb0,TI-01_20260622_0039.jpg,2026-06-22 09:52:07,TI-01,drone,saudavel,saudavel,0.9784,agrosmart-v1,simulado,sim-2026-06
249ba682-34b3-5251-b31f-a4abba992c52,TI-01_20260622_0040.jpg,2026-06-22 09:53:05,TI-01,drone,saudavel,saudavel,0.9902,agrosmart-v1,simulado,sim-2026-06
a03a0915-6538-542d-b362-a20ed44f4500,TI-01_20260622_0041.jpg,2026-06-22 09:53:28,TI-01,drone,saudavel,saudavel,1.0000,agrosmart-v1,simulado,sim-2026-06
46ab82da-3a6c-52ba-94f6-7ec77ba590da,TI-01_20260622_0042.jpg,2026-06-22 09:54:13,TI-01,drone,saudavel,saudavel,0.8861,agrosmart-v1,simulado,sim-2026-06
2cb94987-2264-5f27-a6bb-d69169be5fb8,TI-01_20260622_0043.jpg,2026-06-22 09:54:54,TI-01,drone,saudavel,saudavel,0.9765,agrosmart-v1,simulado,sim-2026-06
fe5217bd-eba8-576c-8522-ef5c577977e4,TI-01_20260622_0044.jpg,2026-06-22 09:55:42,TI-01,drone,saudavel,saudavel,0.9998,agrosmart-v1,simulado,sim-2026-06
c965deaf-57f1-5eb0-941a-52aadd329732,TI-01_20260622_0045.jpg,2026-06-22 09:56:07,TI-01,drone,saudavel,saudavel,0.9991,agrosmart-v1,simulado,sim-2026-06
5199c8ec-bd73-55e0-8e6d-4a8fb2992020,TI-01_20260622_0046.jpg,2026-06-22 09:56:51,TI-01,drone,saudavel,saudavel,0.9816,agrosmart-v1,simulado,sim-2026-06
73870440-2093-5583-957e-5a4c9704a24e,TI-01_20260622_0047.jpg,2026-06-22 09:57:42,TI-01,drone,doente,vaquinha,0.8211,agrosmart-v1,simulado,sim-2026-06
fa5e6f1f-ee70-5c20-a469-d328c1e6e554,TI-01_20260622_0048.jpg,2026-06-22 09:58:26,TI-01,drone,saudavel,saudavel,0.9711,agrosmart-v1,simulado,sim-2026-06
33566b32-ffa4-5b31-8230-b5f28387b0de,TI-01_20260622_0049.jpg,2026-06-22 09:59:08,TI-01,drone,saudavel,saudavel,0.8823,agrosmart-v1,simulado,sim-2026-06
45773353-9e71-5318-9c22-fe8502cb5986,TI-01_20260622_0050.jpg,2026-06-22 09:59:25,TI-01,drone,saudavel,saudavel,0.9950,agrosmart-v1,simulado,sim-2026-06
55f39686-3c80-5283-bb0f-d65ab0905d0f,TI-01_20260622_0051.jpg,2026-06-22 10:00:25,TI-01,drone,saudavel,saudavel,0.8429,agrosmart-v1,simulado,sim-2026-06
a4d43c5d-66b0-5021-8b49-105556197f87,TI-01_20260622_0052.jpg,2026-06-22 10:00:45,TI-01,drone,saudavel,saudavel,0.8669,agrosmart-v1,simulado,sim-2026-06
39993a30-961d-548b-943d-9507578dd870,TI-01_20260622_0053.jpg,2026-06-22 10:01:45,TI-01,drone,saudavel,saudavel,0.9581,agrosmart-v1,simulado,sim-2026-06
8a5d2983-c872-5552-bf3b-9b26b3e79247,TI-03_20260624_0001.jpg,2026-06-24 07:01:55,TI-03,drone,saudavel,saudavel,0.8995,agrosmart-v1,simulado,sim-2026-06
12a8a58e-973c-51bd-81fb-96e42d838260,TI-03_20260624_0002.jpg,2026-06-24 07:02:27,TI-03,drone,saudavel,saudavel,0.9800,agrosmart-v1,simulado,sim-2026-06
e10beded-1bba-5201-bed0-6f13f8b68c23,TI-03_20260624_0003.jpg,2026-06-24 07:03:15,TI-03,drone,saudavel,saudavel,0.9539,agrosmart-v1,simulado,sim-2026-06
23638136-c194-581d-a382-ba5acad11687,TI-03_20260624_0004.jpg,2026-06-24 07:03:52,TI-03,drone,saudavel,saudavel,0.8650,agrosmart-v1,simulado,sim-2026-06
f0374244-8379-55ad-bb51-e9c6d819d47d,TI-03_20260624_0005.jpg,2026-06-24 07:04:40,TI-03,drone,saudavel,saudavel,0.8475,agrosmart-v1,simulado,sim-2026-06
6ab68d95-6ded-5985-b79a-44ef12f34e67,TI-03_20260624_0006.jpg,2026-06-24 07:05:14,TI-03,drone,saudavel,saudavel,0.5934,agrosmart-v1,simulado,sim-2026-06
f6c4e0a1-394a-5e6a-8b2c-5d36d498f2b2,TI-03_20260624_0007.jpg,2026-06-24 07:05:45,TI-03,drone,saudavel,saudavel,0.9995,agrosmart-v1,simulado,sim-2026-06
645e57f7-b1cd-51ab-906e-6f47eefd1c97,TI-03_20260624_0008.jpg,2026-06-24 07:06:28,TI-03,drone,saudavel,saudavel,0.9975,agrosmart-v1,simulado,sim-2026-06
41605327-e178-5204-9b7d-ae53fb4478e4,TI-03_20260624_0009.jpg,2026-06-24 07:07:03,TI-03,drone,saudavel,saudavel,0.9996,agrosmart-v1,simulado,sim-2026-06
9aa31b7a-0372-545a-b14a-2b3224abcf3b,TI-03_20260624_0010.jpg,2026-06-24 07:08:00,TI-03,drone,saudavel,saudavel,0.8984,agrosmart-v1,simulado,sim-2026-06
9e020705-c9db-5bbf-9d36-c035004c5660,TI-03_20260624_0011.jpg,2026-06-24 07:08:24,TI-03,drone,saudavel,saudavel,0.8586,agrosmart-v1,simulado,sim-2026-06
6dc2e67b-6cea-5912-861c-52c4c64d7f16,TI-03_20260624_0012.jpg,2026-06-24 07:09:17,TI-03,drone,saudavel,saudavel,0.8264,agrosmart-v1,simulado,sim-2026-06
c6bcba3f-dbf5-56a2-96c1-8843b32703fa,TI-03_20260624_0013.jpg,2026-06-24 07:10:01,TI-03,drone,saudavel,saudavel,0.9835,agrosmart-v1,simulado,sim-2026-06
67fa1f4c-a206-5c62-866f-c081f4585391,TI-03_20260624_0014.jpg,2026-06-24 07:10:22,TI-03,drone,saudavel,saudavel,0.8646,agrosmart-v1,simulado,sim-2026-06
5cc8face-011b-50ad-9fa7-8fb061efef7d,TI-03_20260624_0015.jpg,2026-06-24 07:11:04,TI-03,drone,saudavel,saudavel,0.9397,agrosmart-v1,simulado,sim-2026-06
977d77b2-95df-5265-bd96-31254ad8687d,TI-03_20260624_0016.jpg,2026-06-24 07:11:44,TI-03,drone,saudavel,saudavel,0.9760,agrosmart-v1,simulado,sim-2026-06
5f4f04d7-938c-5873-9b21-34f4b4d4be6e,TI-03_20260624_0017.jpg,2026-06-24 07:12:23,TI-03,drone,saudavel,saudavel,0.9853,agrosmart-v1,simulado,sim-2026-06
df8e3fdd-c736-5b2d-8300-5b3edfde2cef,TI-03_20260624_0018.jpg,2026-06-24 07:13:26,TI-03,drone,saudavel,saudavel,0.8393,agrosmart-v1,simulado,sim-2026-06
20bb12bc-b5e4-5e43-9181-be36d2737c6d,BV-03_20260624_0001.jpg,2026-06-24 07:13:44,BV-03,smartphone,saudavel,saudavel,0.9840,agrosmart-v1,simulado,sim-2026-06
3940ce9b-8592-5934-947b-8f5cadb981e0,TI-03_20260624_0019.jpg,2026-06-24 07:13:47,TI-03,drone,saudavel,saudavel,0.9951,agrosmart-v1,simulado,sim-2026-06
9df69a96-61c3-5307-a6ef-020d6a6c2049,BV-03_20260624_0002.jpg,2026-06-24 07:14:21,BV-03,smartphone,saudavel,saudavel,0.9526,agrosmart-v1,simulado,sim-2026-06
5f743309-87e0-5738-bbd6-5852a6f730e6,TI-03_20260624_0020.jpg,2026-06-24 07:14:32,TI-03,drone,saudavel,saudavel,0.9557,agrosmart-v1,simulado,sim-2026-06
9e255c34-aaee-5191-9a40-644eaf18bdcc,TI-03_20260624_0021.jpg,2026-06-24 07:15:03,TI-03,drone,saudavel,saudavel,0.9489,agrosmart-v1,simulado,sim-2026-06
136b02a4-61a2-5740-bd84-93b562cc563e,BV-03_20260624_0003.jpg,2026-06-24 07:15:16,BV-03,smartphone,saudavel,saudavel,0.8650,agrosmart-v1,simulado,sim-2026-06
077e3f57-b01d-5b6e-9acf-dce582800dc2,TI-03_20260624_0022.jpg,2026-06-24 07:15:40,TI-03,drone,saudavel,saudavel,0.9559,agrosmart-v1,simulado,sim-2026-06
55709dab-aa5b-55a8-80a0-23587eb6e590,BV-03_20260624_0004.jpg,2026-06-24 07:15:54,BV-03,smartphone,saudavel,saudavel,0.9959,agrosmart-v1,simulado,sim-2026-06
55853810-20de-506f-abca-f3950ef2f238,TI-03_20260624_0023.jpg,2026-06-24 07:16:28,TI-03,drone,saudavel,saudavel,0.9992,agrosmart-v1,simulado,sim-2026-06
ac64e4b7-6505-523a-9015-53a015f9bbe8,BV-03_20260624_0005.jpg,2026-06-24 07:16:50,BV-03,smartphone,saudavel,saudavel,0.9946,agrosmart-v1,simulado,sim-2026-06
46c3aa91-5b42-5609-84d8-5121a6044419,BV-03_20260624_0006.jpg,2026-06-24 07:17:09,BV-03,smartphone,saudavel,saudavel,0.8723,agrosmart-v1,simulado,sim-2026-06
365dcaa1-5b05-526a-ba34-876a2bab3147,TI-03_20260624_0024.jpg,2026-06-24 07:17:22,TI-03,drone,saudavel,saudavel,0.9967,agrosmart-v1,simulado,sim-2026-06
15baa569-b2bd-5dcb-932b-4099df877fd7,TI-03_20260624_0025.jpg,2026-06-24 07:18:09,TI-03,drone,saudavel,saudavel,1.0000,agrosmart-v1,simulado,sim-2026-06
2611d74f-a039-5180-8d45-26bc1398d6a5,BV-03_20260624_0007.jpg,2026-06-24 07:18:10,BV-03,smartphone,saudavel,saudavel,0.8697,agrosmart-v1,simulado,sim-2026-06
94105940-4cbe-5da3-a26f-197c10d7bd69,BV-03_20260624_0008.jpg,2026-06-24 07:18:36,BV-03,smartphone,saudavel,saudavel,0.9396,agrosmart-v1,simulado,sim-2026-06
64e000f6-1909-5294-917d-417ea5ba7461,TI-03_20260624_0026.jpg,2026-06-24 07:18:43,TI-03,drone,saudavel,saudavel,0.9561,agrosmart-v1,simulado,sim-2026-06
c9e36463-95f0-522e-b735-2715308d3ffd,BV-03_20260624_0009.jpg,2026-06-24 07:19:18,BV-03,smartphone,saudavel,saudavel,0.9247,agrosmart-v1,simulado,sim-2026-06
c9ff3117-a99d-5bcb-9cb5-a189dc475993,TI-03_20260624_0027.jpg,2026-06-24 07:19:23,TI-03,drone,saudavel,saudavel,0.9883,agrosmart-v1,simulado,sim-2026-06
5ce5fa59-a706-59b2-9389-c9644ac9f335,BV-03_20260624_0010.jpg,2026-06-24 07:19:42,BV-03,smartphone,saudavel,saudavel,0.9475,agrosmart-v1,simulado,sim-2026-06
d39c2c34-df0c-5ed2-99bf-69bec5d3fa1b,TI-03_20260624_0028.jpg,2026-06-24 07:19:42,TI-03,drone,saudavel,saudavel,0.8941,agrosmart-v1,simulado,sim-2026-06
352ee6ff-dbf1-5f5d-8a51-453cc55f675c,TI-03_20260624_0029.jpg,2026-06-24 07:20:34,TI-03,drone,saudavel,saudavel,0.9210,agrosmart-v1,simulado,sim-2026-06
5cce6c00-5c95-5efd-aeeb-01d68d22bae9,BV-03_20260624_0011.jpg,2026-06-24 07:20:38,BV-03,smartphone,saudavel,saudavel,0.9069,agrosmart-v1,simulado,sim-2026-06
976ddb54-5946-5d2d-8af3-9337f00b00d2,BV-03_20260624_0012.jpg,2026-06-24 07:21:12,BV-03,smartphone,saudavel,saudavel,0.9947,agrosmart-v1,simulado,sim-2026-06
8a892896-9dd9-509c-8b02-c0f0a6d8ad82,TI-03_20260624_0030.jpg,2026-06-24 07:21:17,TI-03,drone,saudavel,saudavel,0.9132,agrosmart-v1,simulado,sim-2026-06
d74a2aaa-eecb-57e1-8806-71c2fb31611c,SC-01_20260624_0001.jpg,2026-06-24 07:21:51,SC-01,smartphone,saudavel,saudavel,0.8733,agrosmart-v1,simulado,sim-2026-06
e5cbb93c-5f33-5cae-b051-3f428849409d,BV-03_20260624_0013.jpg,2026-06-24 07:21:52,BV-03,smartphone,saudavel,saudavel,0.9441,agrosmart-v1,simulado,sim-2026-06
51559402-e875-50a3-9591-de249480a330,TI-03_20260624_0031.jpg,2026-06-24 07:22:10,TI-03,drone,saudavel,saudavel,0.8748,agrosmart-v1,simulado,sim-2026-06
6c79931b-daad-5185-a501-47a354400821,BV-03_20260624_0014.jpg,2026-06-24 07:22:46,BV-03,smartphone,saudavel,saudavel,0.6887,agrosmart-v1,simulado,sim-2026-06
9b67a7ae-b1ea-54b2-a1fd-8115f6b2c3a9,TI-03_20260624_0032.jpg,2026-06-24 07:22:47,TI-03,drone,saudavel,saudavel,0.9288,agrosmart-v1,simulado,sim-2026-06
61645bd2-0901-5a26-9bac-d6ee8466cb9b,SC-01_20260624_0002.jpg,2026-06-24 07:22:48,SC-01,smartphone,saudavel,saudavel,0.8345,agrosmart-v1,simulado,sim-2026-06
3563891a-3afd-59d4-81ff-2b90592dec61,TI-03_20260624_0033.jpg,2026-06-24 07:23:16,TI-03,drone,saudavel,saudavel,0.9835,agrosmart-v1,simulado,sim-2026-06
05934245-05fc-5395-a979-72bf85af2b7c,BV-03_20260624_0015.jpg,2026-06-24 07:23:20,BV-03,smartphone,saudavel,saudavel,0.9945,agrosmart-v1,simulado,sim-2026-06
cfb3a320-a4b5-5a1f-bb66-2d30e3f87b77,SC-01_20260624_0003.jpg,2026-06-24 07:23:25,SC-01,smartphone,saudavel,saudavel,0.9979,agrosmart-v1,simulado,sim-2026-06
a643f8ca-6314-55a7-ac5c-91037f61cee2,TI-03_20260624_0034.jpg,2026-06-24 07:23:43,TI-03,drone,saudavel,saudavel,0.8358,agrosmart-v1,simulado,sim-2026-06
52bac456-a193-5937-b4cf-d5863fea009e,BV-03_20260624_0016.jpg,2026-06-24 07:23:46,BV-03,smartphone,saudavel,saudavel,0.8599,agrosmart-v1,simulado,sim-2026-06
9fbd92e1-e9f2-576d-bef8-b30a3dd850af,SC-01_20260624_0004.jpg,2026-06-24 07:23:50,SC-01,smartphone,saudavel,saudavel,0.9097,agrosmart-v1,simulado,sim-2026-06
1604f6c2-512b-5f6b-8626-0f6725df6579,BV-03_20260624_0017.jpg,2026-06-24 07:24:26,BV-03,smartphone,saudavel,saudavel,0.9363,agrosmart-v1,simulado,sim-2026-06
dcae607a-5f98-5165-bf04-f5f415ebc59b,TI-03_20260624_0035.jpg,2026-06-24 07:24:36,TI-03,drone,saudavel,saudavel,0.8686,agrosmart-v1,simulado,sim-2026-06
98c43f5e-1e87-5763-86c2-8082c7b1f3a9,SC-01_20260624_0005.jpg,2026-06-24 07:24:46,SC-01,smartphone,saudavel,saudavel,0.7515,agrosmart-v1,simulado,sim-2026-06
41d63dd8-6c77-5c21-92de-16ed15a90006,BV-03_20260624_0018.jpg,2026-06-24 07:25:05,BV-03,smartphone,saudavel,saudavel,0.9799,agrosmart-v1,simulado,sim-2026-06
c43a7e29-d450-5d18-8541-5b5403d2163e,SC-01_20260624_0006.jpg,2026-06-24 07:25:09,SC-01,smartphone,saudavel,saudavel,0.9875,agrosmart-v1,simulado,sim-2026-06
fee2b485-2825-5569-b287-b9996d9fcb6e,TI-03_20260624_0036.jpg,2026-06-24 07:25:16,TI-03,drone,saudavel,saudavel,0.9384,agrosmart-v1,simulado,sim-2026-06
ae21da61-9272-5616-adb8-5b360bf08b2e,SC-01_20260624_0007.jpg,2026-06-24 07:25:46,SC-01,smartphone,saudavel,saudavel,0.9002,agrosmart-v1,simulado,sim-2026-06
8f0a3cf5-b27f-55c1-9760-2cbe02fe8560,TI-03_20260624_0037.jpg,2026-06-24 07:25:53,TI-03,drone,saudavel,saudavel,0.9252,agrosmart-v1,simulado,sim-2026-06
4b5cac64-dc78-59b1-8d0c-03e0781e6f8c,BV-03_20260624_0019.jpg,2026-06-24 07:26:06,BV-03,smartphone,saudavel,saudavel,0.8542,agrosmart-v1,simulado,sim-2026-06
aeeae776-2473-5302-9630-6db637008cf1,BV-03_20260624_0020.jpg,2026-06-24 07:26:20,BV-03,smartphone,saudavel,saudavel,0.9843,agrosmart-v1,simulado,sim-2026-06
e3f018c8-a5a2-52b0-bf40-df32ea43b308,TI-03_20260624_0038.jpg,2026-06-24 07:26:43,TI-03,drone,saudavel,saudavel,0.9041,agrosmart-v1,simulado,sim-2026-06
00e129aa-8fb1-512d-8685-0d5319ee4c47,SC-01_20260624_0008.jpg,2026-06-24 07:26:47,SC-01,smartphone,saudavel,saudavel,0.9585,agrosmart-v1,simulado,sim-2026-06
dcfdb7be-bb94-524d-b0d6-fa4755575a2a,SC-01_20260624_0009.jpg,2026-06-24 07:27:13,SC-01,smartphone,saudavel,saudavel,0.9989,agrosmart-v1,simulado,sim-2026-06
2da974e9-acc0-5f45-86fe-c0fa62424ad7,TI-03_20260624_0039.jpg,2026-06-24 07:27:15,TI-03,drone,saudavel,saudavel,0.8861,agrosmart-v1,simulado,sim-2026-06
81b290e2-1884-55e8-9a7e-4af42c6cba15,BV-03_20260624_0021.jpg,2026-06-24 07:27:21,BV-03,smartphone,saudavel,saudavel,0.9953,agrosmart-v1,simulado,sim-2026-06
d8871e7d-41c2-500d-b3d4-2b98d05d325d,BV-03_20260624_0022.jpg,2026-06-24 07:27:46,BV-03,smartphone,saudavel,saudavel,0.9999,agrosmart-v1,simulado,sim-2026-06
21704145-37c2-5a28-89c7-4df1fe7a214d,TI-03_20260624_0040.jpg,2026-06-24 07:27:46,TI-03,drone,saudavel,saudavel,0.8860,agrosmart-v1,simulado,sim-2026-06
74ea18f7-e40b-563c-8a20-73a45d9d40c4,SC-01_20260624_0010.jpg,2026-06-24 07:28:09,SC-01,smartphone,saudavel,saudavel,0.8717,agrosmart-v1,simulado,sim-2026-06
6a7a5892-90ae-59ae-a747-2e0c81ed770e,SC-01_20260624_0011.jpg,2026-06-24 07:28:30,SC-01,smartphone,saudavel,saudavel,0.7189,agrosmart-v1,simulado,sim-2026-06
3aac659a-7fe2-5c98-91ac-2a203afe73e5,BV-03_20260624_0023.jpg,2026-06-24 07:28:49,BV-03,smartphone,saudavel,saudavel,0.9911,agrosmart-v1,simulado,sim-2026-06
4df18eec-2520-5f9d-87d7-2929beed96fe,BV-03_20260624_0024.jpg,2026-06-24 07:29:00,BV-03,smartphone,saudavel,saudavel,0.8511,agrosmart-v1,simulado,sim-2026-06
fa2455df-e674-58eb-ac15-542c2de490c4,SC-01_20260624_0012.jpg,2026-06-24 07:29:01,SC-01,smartphone,saudavel,saudavel,0.9389,agrosmart-v1,simulado,sim-2026-06
9dff7ef9-46d9-5d0d-b280-7bf14ad729de,SC-01_20260624_0013.jpg,2026-06-24 07:29:51,SC-01,smartphone,doente,requeima,0.9066,agrosmart-v1,simulado,sim-2026-06
5f401beb-e49f-51fb-a01b-bc53078f4042,BV-03_20260624_0025.jpg,2026-06-24 07:29:52,BV-03,smartphone,saudavel,saudavel,0.8454,agrosmart-v1,simulado,sim-2026-06
8079163e-5756-5ff7-9f07-2f33c8cf48e9,SC-01_20260624_0014.jpg,2026-06-24 07:30:36,SC-01,smartphone,saudavel,saudavel,0.8389,agrosmart-v1,simulado,sim-2026-06
0aa89496-37a3-5d36-9ddd-43684c86bd43,SC-01_20260624_0015.jpg,2026-06-24 07:31:20,SC-01,smartphone,saudavel,saudavel,0.8893,agrosmart-v1,simulado,sim-2026-06
731f30f5-8e64-5697-8b80-1f5334e7a25f,SC-01_20260624_0016.jpg,2026-06-24 07:32:09,SC-01,smartphone,saudavel,saudavel,0.8970,agrosmart-v1,simulado,sim-2026-06
90f38c4a-f5f6-57b7-843d-19f1c5196f6a,SC-01_20260624_0017.jpg,2026-06-24 07:32:20,SC-01,smartphone,saudavel,saudavel,0.9396,agrosmart-v1,simulado,sim-2026-06
951097e8-afda-5192-8dde-9bbc48096771,SC-01_20260624_0018.jpg,2026-06-24 07:33:04,SC-01,smartphone,saudavel,saudavel,0.9998,agrosmart-v1,simulado,sim-2026-06
06ac6521-5840-52f0-8666-b23a279b7560,SC-01_20260624_0019.jpg,2026-06-24 07:33:57,SC-01,smartphone,saudavel,saudavel,0.9189,agrosmart-v1,simulado,sim-2026-06
b9d08328-91cb-5587-bc2d-e058f58712db,SC-01_20260624_0020.jpg,2026-06-24 07:34:42,SC-01,smartphone,saudavel,saudavel,0.9485,agrosmart-v1,simulado,sim-2026-06
d4a42a17-f671-57b8-bd2f-04070f8f6e53,SC-01_20260624_0021.jpg,2026-06-24 07:35:14,SC-01,smartphone,saudavel,saudavel,0.9195,agrosmart-v1,simulado,sim-2026-06
de339b12-16ff-5ed8-af02-09f1725e8582,SC-01_20260624_0022.jpg,2026-06-24 07:36:07,SC-01,smartphone,doente,requeima,0.8455,agrosmart-v1,simulado,sim-2026-06
16e0ba47-006f-5d80-9265-cfe4c9417aba,SC-01_20260624_0023.jpg,2026-06-24 07:36:37,SC-01,smartphone,saudavel,saudavel,0.9982,agrosmart-v1,simulado,sim-2026-06
b0eacc69-f4a2-5504-b38a-89088a6e953e,SC-01_20260624_0024.jpg,2026-06-24 07:37:00,SC-01,smartphone,doente,requeima,0.9399,agrosmart-v1,simulado,sim-2026-06
876848d4-9b6f-5c54-ab87-60dc26fccca6,SC-01_20260624_0025.jpg,2026-06-24 07:38:07,SC-01,smartphone,saudavel,saudavel,0.8277,agrosmart-v1,simulado,sim-2026-06
1f7dae67-d9c6-5c8e-acd3-68b71a700930,SC-01_20260624_0026.jpg,2026-06-24 07:38:50,SC-01,smartphone,saudavel,saudavel,0.6947,agrosmart-v1,simulado,sim-2026-06
8ddaece8-d991-5db2-ac96-4b4dc86c514a,SC-01_20260624_0027.jpg,2026-06-24 07:39:24,SC-01,smartphone,saudavel,saudavel,0.9910,agrosmart-v1,simulado,sim-2026-06
4d8e0d49-3cff-5969-9175-2fd3a6f9e765,SC-01_20260624_0028.jpg,2026-06-24 07:39:51,SC-01,smartphone,saudavel,saudavel,1.0000,agrosmart-v1,simulado,sim-2026-06
8e297a0d-3760-5d71-b0aa-a8680e4672bb,SC-01_20260624_0029.jpg,2026-06-24 07:40:38,SC-01,smartphone,saudavel,saudavel,1.0000,agrosmart-v1,simulado,sim-2026-06
7ff23615-ea23-50e6-b772-bf5118ec02b9,SC-01_20260624_0030.jpg,2026-06-24 07:41:27,SC-01,smartphone,saudavel,saudavel,0.8832,agrosmart-v1,simulado,sim-2026-06
af45362b-628c-519f-a560-bf74af758d10,SC-01_20260624_0031.jpg,2026-06-24 07:42:07,SC-01,smartphone,saudavel,saudavel,0.9700,agrosmart-v1,simulado,sim-2026-06
9846bc86-5a47-5f5f-bfbd-825d8a5a04f4,SC-01_20260624_0032.jpg,2026-06-24 07:42:30,SC-01,smartphone,saudavel,saudavel,0.8794,agrosmart-v1,simulado,sim-2026-06
f772be24-02b9-50d9-b10e-081f64457936,SC-01_20260624_0033.jpg,2026-06-24 07:43:07,SC-01,smartphone,saudavel,saudavel,0.9886,agrosmart-v1,simulado,sim-2026-06
76326b57-7c94-5106-a4fb-52bb16be2c4c,SC-01_20260624_0034.jpg,2026-06-24 07:43:58,SC-01,smartphone,saudavel,saudavel,0.8220,agrosmart-v1,simulado,sim-2026-06
c62b8685-ce12-5b93-9b0b-c3774f2b1fad,SC-01_20260624_0035.jpg,2026-06-24 07:44:33,SC-01,smartphone,saudavel,saudavel,0.9231,agrosmart-v1,simulado,sim-2026-06
1bc9e52a-42ca-5af0-bbf0-9527da21f285,SC-01_20260624_0036.jpg,2026-06-24 07:45:30,SC-01,smartphone,saudavel,saudavel,0.9213,agrosmart-v1,simulado,sim-2026-06
62b611e7-e479-5b05-bb21-8ee8b2592282,SC-01_20260624_0037.jpg,2026-06-24 07:45:56,SC-01,smartphone,saudavel,saudavel,0.9669,agrosmart-v1,simulado,sim-2026-06
b5350560-373e-526e-8bc3-be0bda7b3308,SC-01_20260624_0038.jpg,2026-06-24 07:46:47,SC-01,smartphone,saudavel,saudavel,0.9919,agrosmart-v1,simulado,sim-2026-06
249f4109-c93b-5552-b207-b4fc0b1a3641,SC-01_20260624_0039.jpg,2026-06-24 07:47:30,SC-01,smartphone,doente,requeima,0.9944,agrosmart-v1,simulado,sim-2026-06
45b3a8df-3fa7-51a0-98af-8b6a5d0625fe,TI-04_20260624_0001.jpg,2026-06-24 08:00:51,TI-04,drone,saudavel,saudavel,0.9852,agrosmart-v1,simulado,sim-2026-06
966884b5-c4dd-5267-86bf-f50cad498b8e,TI-04_20260624_0002.jpg,2026-06-24 08:01:44,TI-04,drone,saudavel,saudavel,0.9400,agrosmart-v1,simulado,sim-2026-06
1aa34396-3ad1-56da-a6e1-b952f27aefd4,TI-04_20260624_0003.jpg,2026-06-24 08:02:18,TI-04,drone,saudavel,saudavel,0.8453,agrosmart-v1,simulado,sim-2026-06
24c1ef62-14d9-5d1e-9df3-1a2af5f66d29,TI-04_20260624_0004.jpg,2026-06-24 08:02:42,TI-04,drone,saudavel,saudavel,1.0000,agrosmart-v1,simulado,sim-2026-06
70d6df99-01b6-55dc-83c5-825d44a97d45,SC-02_20260624_0001.jpg,2026-06-24 08:03:02,SC-02,smartphone,saudavel,saudavel,0.9362,agrosmart-v1,simulado,sim-2026-06
6441c680-bb80-55db-b4ad-1611f4c19e1a,TI-04_20260624_0005.jpg,2026-06-24 08:03:24,TI-04,drone,saudavel,saudavel,0.9881,agrosmart-v1,simulado,sim-2026-06
474b1b37-b1ef-5bb8-bb0a-a596e2bd57e6,SC-02_20260624_0002.jpg,2026-06-24 08:03:33,SC-02,smartphone,saudavel,saudavel,0.9458,agrosmart-v1,simulado,sim-2026-06
de10d5d1-111c-526a-8184-e18f833b9167,SC-02_20260624_0003.jpg,2026-06-24 08:04:01,SC-02,smartphone,saudavel,saudavel,0.8368,agrosmart-v1,simulado,sim-2026-06
0d47457c-cfba-5438-bebd-f06af8636a41,TI-04_20260624_0006.jpg,2026-06-24 08:04:14,TI-04,drone,saudavel,saudavel,0.9320,agrosmart-v1,simulado,sim-2026-06
2c9ad02d-3f29-50b9-a150-db9e7c1b9629,TI-04_20260624_0007.jpg,2026-06-24 08:04:55,TI-04,drone,doente,mosca_minadora,0.9484,agrosmart-v1,simulado,sim-2026-06
fac689df-3992-5bd1-b582-24eb4728ee47,SC-02_20260624_0004.jpg,2026-06-24 08:05:00,SC-02,smartphone,doente,requeima,0.9121,agrosmart-v1,simulado,sim-2026-06
9f337b1a-cf75-5cd1-8759-d29b40cbb31d,TI-04_20260624_0008.jpg,2026-06-24 08:05:44,TI-04,drone,saudavel,saudavel,0.9735,agrosmart-v1,simulado,sim-2026-06
3a646f10-d3ad-52ed-9c40-1a97d0e73526,SC-02_20260624_0005.jpg,2026-06-24 08:05:46,SC-02,smartphone,saudavel,saudavel,0.9999,agrosmart-v1,simulado,sim-2026-06
d72c723f-2b1d-5406-914d-19b7482957c6,TI-04_20260624_0009.jpg,2026-06-24 08:06:01,TI-04,drone,saudavel,saudavel,0.8665,agrosmart-v1,simulado,sim-2026-06
53fbf206-513a-5651-8f39-eccbc58219c7,SC-02_20260624_0006.jpg,2026-06-24 08:06:15,SC-02,smartphone,saudavel,saudavel,0.9520,agrosmart-v1,simulado,sim-2026-06
7e681449-7b1d-5902-8f8d-6e49105c8f0d,TI-04_20260624_0010.jpg,2026-06-24 08:06:48,TI-04,drone,saudavel,saudavel,0.8302,agrosmart-v1,simulado,sim-2026-06
35e63632-1006-59c5-99c0-adeff6af65f3,SC-02_20260624_0007.jpg,2026-06-24 08:06:54,SC-02,smartphone,saudavel,saudavel,0.9992,agrosmart-v1,simulado,sim-2026-06
9b03c8c8-f682-5d48-b620-1109444e1594,SC-02_20260624_0008.jpg,2026-06-24 08:07:36,SC-02,smartphone,saudavel,saudavel,0.9967,agrosmart-v1,simulado,sim-2026-06
e61ea2ed-d821-5570-8c5e-a161a1586371,TI-04_20260624_0011.jpg,2026-06-24 08:07:48,TI-04,drone,saudavel,saudavel,0.9811,agrosmart-v1,simulado,sim-2026-06
5c983721-6c7e-5dd4-a994-177fcfebaa68,TI-04_20260624_0012.jpg,2026-06-24 08:08:01,TI-04,drone,saudavel,saudavel,0.8722,agrosmart-v1,simulado,sim-2026-06
98c02a34-16fd-5737-8913-68d1702a91d2,SC-02_20260624_0009.jpg,2026-06-24 08:08:16,SC-02,smartphone,saudavel,saudavel,0.9910,agrosmart-v1,simulado,sim-2026-06
667854c2-c3ff-5ac1-9630-f404505a24c0,TI-04_20260624_0013.jpg,2026-06-24 08:08:57,TI-04,drone,saudavel,saudavel,0.9918,agrosmart-v1,simulado,sim-2026-06
d053ea3a-06a6-5da2-99b4-1a78d5e5de80,SC-02_20260624_0010.jpg,2026-06-24 08:09:02,SC-02,smartphone,saudavel,saudavel,0.8586,agrosmart-v1,simulado,sim-2026-06
0723afb3-c167-5ec9-9ed7-a033d305ad63,TI-04_20260624_0014.jpg,2026-06-24 08:09:33,TI-04,drone,saudavel,saudavel,0.9995,agrosmart-v1,simulado,sim-2026-06
9bea365a-8f68-53ea-bbdc-7ff1e1e2b9a7,SC-02_20260624_0011.jpg,2026-06-24 08:09:44,SC-02,smartphone,doente,requeima,0.9773,agrosmart-v1,simulado,sim-2026-06
2989dcb8-b6a8-5bda-ba68-3b927a49eecd,SC-02_20260624_0012.jpg,2026-06-24 08:10:01,SC-02,smartphone,saudavel,saudavel,0.9188,agrosmart-v1,simulado,sim-2026-06
33b4f9c6-a471-5564-9910-d0aa4182a4aa,TI-04_20260624_0015.jpg,2026-06-24 08:10:11,TI-04,drone,saudavel,saudavel,0.9654,agrosmart-v1,simulado,sim-2026-06
96e74e7c-58a6-53a6-981a-3d0c679a9c9f,TI-04_20260624_0016.jpg,2026-06-24 08:10:47,TI-04,drone,saudavel,saudavel,0.9817,agrosmart-v1,simulado,sim-2026-06
efab03c4-321a-51e6-8003-c15776abc610,SC-02_20260624_0013.jpg,2026-06-24 08:10:52,SC-02,smartphone,saudavel,saudavel,0.9091,agrosmart-v1,simulado,sim-2026-06
5ae27cf9-3a8e-5579-8ac0-4ddb734e16db,SC-02_20260624_0014.jpg,2026-06-24 08:11:20,SC-02,smartphone,saudavel,saudavel,0.8771,agrosmart-v1,simulado,sim-2026-06
24fb7f6e-d548-53a7-b18d-e01b796244bd,TI-04_20260624_0017.jpg,2026-06-24 08:11:49,TI-04,drone,saudavel,saudavel,0.9715,agrosmart-v1,simulado,sim-2026-06
060e33dc-ed4b-5e77-8094-d422691b9960,SC-02_20260624_0015.jpg,2026-06-24 08:12:18,SC-02,smartphone,saudavel,saudavel,0.9809,agrosmart-v1,simulado,sim-2026-06
93553283-1b41-561e-9acd-61e328a3e835,TI-04_20260624_0018.jpg,2026-06-24 08:12:19,TI-04,drone,saudavel,saudavel,0.9930,agrosmart-v1,simulado,sim-2026-06
3ab7eb8b-63cf-5bcd-8585-7c84e4ded6e5,SC-02_20260624_0016.jpg,2026-06-24 08:12:44,SC-02,smartphone,doente,requeima,0.8722,agrosmart-v1,simulado,sim-2026-06
c0d0ce28-4d26-5ea7-a6b0-e1a8221de002,TI-04_20260624_0019.jpg,2026-06-24 08:13:08,TI-04,drone,saudavel,saudavel,0.9911,agrosmart-v1,simulado,sim-2026-06
4895dabb-648f-5082-a7ca-ab20dcedd037,TI-04_20260624_0020.jpg,2026-06-24 08:13:25,TI-04,drone,saudavel,saudavel,0.9415,agrosmart-v1,simulado,sim-2026-06
fdabb0e4-f2bc-567f-870e-fd7d7777cfe6,SC-02_20260624_0017.jpg,2026-06-24 08:13:48,SC-02,smartphone,saudavel,saudavel,0.8489,agrosmart-v1,simulado,sim-2026-06
7cbc983b-e3d5-55e7-8f17-597b12a6ad8b,SC-02_20260624_0018.jpg,2026-06-24 08:14:18,SC-02,smartphone,saudavel,saudavel,0.9978,agrosmart-v1,simulado,sim-2026-06
3ebe735d-c92e-5d2d-92a1-0b7f862b5697,TI-04_20260624_0021.jpg,2026-06-24 08:14:18,TI-04,drone,saudavel,saudavel,0.9972,agrosmart-v1,simulado,sim-2026-06
e71a658a-6be1-576e-9a86-a2a0ed8cf36b,TI-04_20260624_0022.jpg,2026-06-24 08:14:54,TI-04,drone,saudavel,saudavel,0.8890,agrosmart-v1,simulado,sim-2026-06
3c04b7ca-41af-5c95-82d1-5e0c01df68d7,SC-02_20260624_0019.jpg,2026-06-24 08:15:10,SC-02,smartphone,doente,requeima,0.5931,agrosmart-v1,simulado,sim-2026-06
ec771b1f-32be-5b95-b1b0-4e335a42bd7f,TI-04_20260624_0023.jpg,2026-06-24 08:15:31,TI-04,drone,doente,pinta_preta,0.8629,agrosmart-v1,simulado,sim-2026-06
e5133b72-3483-5d29-897b-6ff0b94bf473,SC-02_20260624_0020.jpg,2026-06-24 08:15:39,SC-02,smartphone,saudavel,saudavel,0.6734,agrosmart-v1,simulado,sim-2026-06
f68f91cf-9e9e-5320-b880-80887d753d5e,TI-04_20260624_0024.jpg,2026-06-24 08:16:14,TI-04,drone,saudavel,saudavel,0.9659,agrosmart-v1,simulado,sim-2026-06
056a7275-1a19-55e5-a611-e87566af2504,SC-02_20260624_0021.jpg,2026-06-24 08:16:21,SC-02,smartphone,saudavel,saudavel,0.9590,agrosmart-v1,simulado,sim-2026-06
c495e41a-20de-53ec-97eb-d50447efc5f5,SC-02_20260624_0022.jpg,2026-06-24 08:16:46,SC-02,smartphone,saudavel,saudavel,0.9999,agrosmart-v1,simulado,sim-2026-06
65263cdb-79c2-53f3-a2d7-2f68eead319e,TI-04_20260624_0025.jpg,2026-06-24 08:17:05,TI-04,drone,saudavel,saudavel,0.9218,agrosmart-v1,simulado,sim-2026-06
23df2a4e-0332-5f79-a8c1-fef4164204c9,TI-04_20260624_0026.jpg,2026-06-24 08:17:20,TI-04,drone,saudavel,saudavel,0.9348,agrosmart-v1,simulado,sim-2026-06
c8f5ef37-f654-5aaf-91cc-c22e644ab1b9,SC-02_20260624_0023.jpg,2026-06-24 08:17:27,SC-02,smartphone,saudavel,saudavel,0.9923,agrosmart-v1,simulado,sim-2026-06
bbede93e-07d0-5547-b323-73e321d74f71,TI-04_20260624_0027.jpg,2026-06-24 08:18:02,TI-04,drone,saudavel,saudavel,0.9192,agrosmart-v1,simulado,sim-2026-06
747178da-a4ab-5c85-957f-0dff8670a5ce,SC-02_20260624_0024.jpg,2026-06-24 08:18:19,SC-02,smartphone,saudavel,saudavel,0.9784,agrosmart-v1,simulado,sim-2026-06
8a4e6655-7099-5a67-bbde-080850050477,TI-04_20260624_0028.jpg,2026-06-24 08:18:56,TI-04,drone,saudavel,saudavel,0.8508,agrosmart-v1,simulado,sim-2026-06
7a65e531-f09f-5ddb-91a0-263ac55b793a,SC-02_20260624_0025.jpg,2026-06-24 08:19:02,SC-02,smartphone,saudavel,saudavel,0.8209,agrosmart-v1,simulado,sim-2026-06
a97951e5-3d38-501f-8739-9f0369e65db3,TI-04_20260624_0029.jpg,2026-06-24 08:19:23,TI-04,drone,saudavel,saudavel,0.8566,agrosmart-v1,simulado,sim-2026-06
96b04a01-3c10-5d1c-835d-814c19d1e15c,SC-02_20260624_0026.jpg,2026-06-24 08:19:45,SC-02,smartphone,saudavel,saudavel,0.9774,agrosmart-v1,simulado,sim-2026-06
61b2c170-1a4f-5fff-9229-0e4a8e376abc,SC-02_20260624_0027.jpg,2026-06-24 08:20:00,SC-02,smartphone,saudavel,saudavel,0.9792,agrosmart-v1,simulado,sim-2026-06
f8f21ce5-0ad8-54ab-9fcb-3ab9d12dd758,TI-04_20260624_0030.jpg,2026-06-24 08:20:10,TI-04,drone,saudavel,saudavel,0.9559,agrosmart-v1,simulado,sim-2026-06
a34cd2c5-2807-568e-afe3-3d9cf5be3923,TI-04_20260624_0031.jpg,2026-06-24 08:20:40,TI-04,drone,saudavel,saudavel,0.9680,agrosmart-v1,simulado,sim-2026-06
4280c651-3eae-500d-878f-aa7eeda8407f,SC-02_20260624_0028.jpg,2026-06-24 08:21:01,SC-02,smartphone,saudavel,saudavel,0.9459,agrosmart-v1,simulado,sim-2026-06
9f5bb86b-e5b3-5a92-9f2a-b97d8b359fea,SC-02_20260624_0029.jpg,2026-06-24 08:21:40,SC-02,smartphone,doente,requeima,0.9766,agrosmart-v1,simulado,sim-2026-06
e51cf1d0-d63f-5aa9-bbe9-b370a990dcdc,TI-04_20260624_0032.jpg,2026-06-24 08:21:49,TI-04,drone,saudavel,saudavel,0.9998,agrosmart-v1,simulado,sim-2026-06
c18f362d-952a-58cd-b9f8-7561cdd0fe28,TI-04_20260624_0033.jpg,2026-06-24 08:22:09,TI-04,drone,saudavel,saudavel,0.8379,agrosmart-v1,simulado,sim-2026-06
36747298-7c13-5fa7-bc22-de7965d9527f,SC-02_20260624_0030.jpg,2026-06-24 08:22:18,SC-02,smartphone,saudavel,saudavel,0.8762,agrosmart-v1,simulado,sim-2026-06
eca5913f-e53b-51d2-bd27-95d7dd465930,TI-04_20260624_0034.jpg,2026-06-24 08:23:00,TI-04,drone,saudavel,saudavel,0.9633,agrosmart-v1,simulado,sim-2026-06
f96c0415-2d1f-5ed2-9e9f-6370d8793e54,SC-02_20260624_0031.jpg,2026-06-24 08:23:10,SC-02,smartphone,saudavel,saudavel,0.9666,agrosmart-v1,simulado,sim-2026-06
23dc1122-d8f1-543d-bb44-5d270dad28b3,SC-02_20260624_0032.jpg,2026-06-24 08:23:45,SC-02,smartphone,doente,requeima,0.6750,agrosmart-v1,simulado,sim-2026-06
a99da8dc-2686-5711-92f4-1f86e756e388,BV-01_20260624_0001.jpg,2026-06-24 08:23:47,BV-01,smartphone,saudavel,saudavel,0.8638,agrosmart-v1,simulado,sim-2026-06
44890154-8fa6-580b-b50a-377dc1b4ee4c,TI-04_20260624_0035.jpg,2026-06-24 08:23:48,TI-04,drone,saudavel,saudavel,0.9378,agrosmart-v1,simulado,sim-2026-06
1383fff9-f5e5-5b19-b352-66e3fa055177,TI-04_20260624_0036.jpg,2026-06-24 08:24:08,TI-04,drone,saudavel,saudavel,0.5431,agrosmart-v1,simulado,sim-2026-06
56053021-31f2-57c2-986b-8c55441a8f02,BV-01_20260624_0002.jpg,2026-06-24 08:24:27,BV-01,smartphone,saudavel,saudavel,0.9384,agrosmart-v1,simulado,sim-2026-06
ccdf5e31-5a6a-5d57-a832-69dbb5897b37,TI-04_20260624_0037.jpg,2026-06-24 08:25:01,TI-04,drone,saudavel,saudavel,0.9988,agrosmart-v1,simulado,sim-2026-06
62024cd5-0e19-5318-bf6c-bdd226773ffe,BV-01_20260624_0003.jpg,2026-06-24 08:25:13,BV-01,smartphone,saudavel,saudavel,0.8450,agrosmart-v1,simulado,sim-2026-06
96442481-96b2-59c6-9255-6e8540e83063,BV-01_20260624_0004.jpg,2026-06-24 08:25:52,BV-01,smartphone,saudavel,saudavel,0.9623,agrosmart-v1,simulado,sim-2026-06
ed5f178f-ff40-5d1b-8f10-42f1ae6a6e70,BV-01_20260624_0005.jpg,2026-06-24 08:26:31,BV-01,smartphone,saudavel,saudavel,0.9926,agrosmart-v1,simulado,sim-2026-06
2bb9d198-2c2c-5fae-83e9-7dc6cd6bc252,BV-01_20260624_0006.jpg,2026-06-24 08:27:22,BV-01,smartphone,saudavel,saudavel,0.9858,agrosmart-v1,simulado,sim-2026-06
0be3cd81-d957-513d-8a9b-77f5845104ce,BV-01_20260624_0007.jpg,2026-06-24 08:27:54,BV-01,smartphone,saudavel,saudavel,0.9947,agrosmart-v1,simulado,sim-2026-06
c2eaff0c-d97e-545b-a76c-748199bf1d97,BV-01_20260624_0008.jpg,2026-06-24 08:28:48,BV-01,smartphone,saudavel,saudavel,0.9956,agrosmart-v1,simulado,sim-2026-06
79ec641c-4572-5b29-924e-99f90bbc2929,BV-01_20260624_0009.jpg,2026-06-24 08:29:30,BV-01,smartphone,saudavel,saudavel,0.9948,agrosmart-v1,simulado,sim-2026-06
69f3a3c9-ebe7-5754-bcfa-906f68eeead0,BV-01_20260624_0010.jpg,2026-06-24 08:30:07,BV-01,smartphone,saudavel,saudavel,0.9695,agrosmart-v1,simulado,sim-2026-06
61cbbd1f-f43d-5778-a7b9-a23525580cb3,BV-01_20260624_0011.jpg,2026-06-24 08:30:47,BV-01,smartphone,saudavel,saudavel,0.9370,agrosmart-v1,simulado,sim-2026-06
b18ecb87-6231-5df6-8e23-93bd3c6d6449,BV-01_20260624_0012.jpg,2026-06-24 08:31:08,BV-01,smartphone,saudavel,saudavel,0.6356,agrosmart-v1,simulado,sim-2026-06
4c5650fd-d703-5597-800e-067a9f680acc,BV-01_20260624_0013.jpg,2026-06-24 08:31:47,BV-01,smartphone,saudavel,saudavel,0.9396,agrosmart-v1,simulado,sim-2026-06
cc1a5c9e-6aff-557c-afc7-c2ee1b355c3d,BV-01_20260624_0014.jpg,2026-06-24 08:32:38,BV-01,smartphone,saudavel,saudavel,0.8497,agrosmart-v1,simulado,sim-2026-06
f00c6e7e-fdf9-5c29-875c-37a733d44bea,BV-01_20260624_0015.jpg,2026-06-24 08:33:13,BV-01,smartphone,saudavel,saudavel,0.9997,agrosmart-v1,simulado,sim-2026-06
a6031acd-dce9-5238-81e1-527a8e7d10cd,BV-01_20260624_0016.jpg,2026-06-24 08:34:04,BV-01,smartphone,saudavel,saudavel,0.9674,agrosmart-v1,simulado,sim-2026-06
1c407caa-321e-5e11-9571-bacafb8fd450,BV-01_20260624_0017.jpg,2026-06-24 08:34:45,BV-01,smartphone,saudavel,saudavel,0.8786,agrosmart-v1,simulado,sim-2026-06
7c7909ae-c784-5d6c-9f88-79786cb3b210,BV-01_20260624_0018.jpg,2026-06-24 08:35:07,BV-01,smartphone,saudavel,saudavel,0.8979,agrosmart-v1,simulado,sim-2026-06
0fba8aaf-3df8-5e2c-9385-97df0121998c,BV-01_20260624_0019.jpg,2026-06-24 08:35:53,BV-01,smartphone,saudavel,saudavel,0.9968,agrosmart-v1,simulado,sim-2026-06
d7ffd9b8-8480-56a1-ad9c-a4a9cb32bba8,BV-01_20260624_0020.jpg,2026-06-24 08:36:40,BV-01,smartphone,saudavel,saudavel,1.0000,agrosmart-v1,simulado,sim-2026-06
40ddb888-7dc6-55a2-b9d0-24ff8622a1ba,BV-01_20260624_0021.jpg,2026-06-24 08:37:05,BV-01,smartphone,saudavel,saudavel,0.8675,agrosmart-v1,simulado,sim-2026-06
b8300f32-b8a4-539d-9a42-d206dc7d6344,BV-01_20260624_0022.jpg,2026-06-24 08:37:40,BV-01,smartphone,saudavel,saudavel,0.9613,agrosmart-v1,simulado,sim-2026-06
ed6e45f1-4a82-55cd-8c64-81b95f07f9e5,SC-04_20260624_0001.jpg,2026-06-24 08:37:49,SC-04,smartphone,saudavel,saudavel,0.7691,agrosmart-v1,simulado,sim-2026-06
d57f16ab-3db1-5025-9126-def01f9c8371,SC-04_20260624_0002.jpg,2026-06-24 08:38:20,SC-04,smartphone,saudavel,saudavel,0.9998,agrosmart-v1,simulado,sim-2026-06
f3fee81e-a6a5-5ffd-826e-5cb68ece7e1e,BV-01_20260624_0023.jpg,2026-06-24 08:38:42,BV-01,smartphone,saudavel,saudavel,0.8877,agrosmart-v1,simulado,sim-2026-06
4f936cfd-120f-5f9b-a2e9-52c6615bf612,BV-01_20260624_0024.jpg,2026-06-24 08:39:14,BV-01,smartphone,saudavel,saudavel,1.0000,agrosmart-v1,simulado,sim-2026-06
8a385735-a54c-50ab-8a8c-eb284333e719,SC-04_20260624_0003.jpg,2026-06-24 08:39:29,SC-04,smartphone,saudavel,saudavel,0.9992,agrosmart-v1,simulado,sim-2026-06
32c26954-0346-51c2-8f74-554e4f526ce2,BV-01_20260624_0025.jpg,2026-06-24 08:39:52,BV-01,smartphone,saudavel,saudavel,0.9801,agrosmart-v1,simulado,sim-2026-06
688c3584-9be6-58b9-8af8-6372e896a6dc,SC-04_20260624_0004.jpg,2026-06-24 08:39:56,SC-04,smartphone,saudavel,saudavel,0.8868,agrosmart-v1,simulado,sim-2026-06
1b9559b2-7edf-525b-96fb-15a254503e4b,SC-04_20260624_0005.jpg,2026-06-24 08:40:39,SC-04,smartphone,saudavel,saudavel,0.9960,agrosmart-v1,simulado,sim-2026-06
abe16038-e9da-59ce-b9c9-2582f16f311d,SC-04_20260624_0006.jpg,2026-06-24 08:41:13,SC-04,smartphone,saudavel,saudavel,0.8209,agrosmart-v1,simulado,sim-2026-06
ee2f433e-b017-50ad-9d00-4d771a7f4d05,SC-04_20260624_0007.jpg,2026-06-24 08:42:04,SC-04,smartphone,saudavel,saudavel,0.9771,agrosmart-v1,simulado,sim-2026-06
4a5bb507-69e2-5dbb-91a3-3b297b5a1f9c,SC-04_20260624_0008.jpg,2026-06-24 08:42:37,SC-04,smartphone,saudavel,saudavel,0.9586,agrosmart-v1,simulado,sim-2026-06
d67631b1-1acb-5bbe-8923-33f779cce615,SC-04_20260624_0009.jpg,2026-06-24 08:43:01,SC-04,smartphone,saudavel,saudavel,0.8806,agrosmart-v1,simulado,sim-2026-06
8355ef52-0c31-537e-9708-63bca3c37c15,SC-04_20260624_0010.jpg,2026-06-24 08:44:02,SC-04,smartphone,saudavel,saudavel,0.9248,agrosmart-v1,simulado,sim-2026-06
d7847ac5-0809-5f44-8196-d0e2c330f81c,SC-04_20260624_0011.jpg,2026-06-24 08:44:22,SC-04,smartphone,saudavel,saudavel,0.8966,agrosmart-v1,simulado,sim-2026-06
a5453965-1810-5ab7-be92-a139a62ab2b6,SC-04_20260624_0012.jpg,2026-06-24 08:45:22,SC-04,smartphone,saudavel,saudavel,0.9983,agrosmart-v1,simulado,sim-2026-06
1e608c06-e40a-55c1-a575-27552291763d,SC-04_20260624_0013.jpg,2026-06-24 08:45:56,SC-04,smartphone,saudavel,saudavel,0.9176,agrosmart-v1,simulado,sim-2026-06
d078ac8f-d52f-5a30-a419-dbb34fd38bba,SC-04_20260624_0014.jpg,2026-06-24 08:46:22,SC-04,smartphone,saudavel,saudavel,0.9082,agrosmart-v1,simulado,sim-2026-06
4ab4c4ba-421c-5d6c-b1e6-85ac242e72ac,SC-04_20260624_0015.jpg,2026-06-24 08:47:02,SC-04,smartphone,saudavel,saudavel,0.8876,agrosmart-v1,simulado,sim-2026-06
87daa0da-6d46-5c17-91f9-9482530ab604,SC-04_20260624_0016.jpg,2026-06-24 08:48:05,SC-04,smartphone,saudavel,saudavel,0.9463,agrosmart-v1,simulado,sim-2026-06
89d62795-6845-5f0a-a15a-a17626805c1a,SC-04_20260624_0017.jpg,2026-06-24 08:48:21,SC-04,smartphone,saudavel,saudavel,0.9997,agrosmart-v1,simulado,sim-2026-06
8b736232-69ae-5c9d-b0c8-76a7d230fecb,SC-04_20260624_0018.jpg,2026-06-24 08:49:05,SC-04,smartphone,saudavel,saudavel,0.8850,agrosmart-v1,simulado,sim-2026-06
ec76d4c9-b4cf-5a50-ba2a-abeb55339ea7,SC-04_20260624_0019.jpg,2026-06-24 08:49:59,SC-04,smartphone,saudavel,saudavel,0.9133,agrosmart-v1,simulado,sim-2026-06
616de126-6f52-5417-9747-3c4082d84207,SC-04_20260624_0020.jpg,2026-06-24 08:50:27,SC-04,smartphone,saudavel,saudavel,0.8309,agrosmart-v1,simulado,sim-2026-06
81ab32f4-9e0a-5634-bc7c-81357b673371,SC-04_20260624_0021.jpg,2026-06-24 08:51:30,SC-04,smartphone,saudavel,saudavel,0.9142,agrosmart-v1,simulado,sim-2026-06
37935e2b-6ac8-5139-9395-3fb3f680190e,SC-04_20260624_0022.jpg,2026-06-24 08:51:49,SC-04,smartphone,saudavel,saudavel,0.9999,agrosmart-v1,simulado,sim-2026-06
4fcd823d-a842-5d5f-9414-f3ab1e073a53,SC-04_20260624_0023.jpg,2026-06-24 08:52:29,SC-04,smartphone,saudavel,saudavel,0.9998,agrosmart-v1,simulado,sim-2026-06
52221327-d57b-53d2-acc7-b57f40cc7d6a,SC-03_20260624_0001.jpg,2026-06-24 08:52:43,SC-03,smartphone,saudavel,saudavel,0.8696,agrosmart-v1,simulado,sim-2026-06
bf81d7da-7a74-5d71-95f6-1fbafad764fb,SC-04_20260624_0024.jpg,2026-06-24 08:53:24,SC-04,smartphone,saudavel,saudavel,0.8234,agrosmart-v1,simulado,sim-2026-06
a434600a-cbe3-5cae-8cb1-8ce50f339bd1,SC-03_20260624_0002.jpg,2026-06-24 08:53:34,SC-03,smartphone,saudavel,saudavel,0.8670,agrosmart-v1,simulado,sim-2026-06
8f4b6ed9-0583-5905-bc4d-663f5ce07fa2,TI-01_20260624_0001.jpg,2026-06-24 08:53:40,TI-01,drone,saudavel,saudavel,0.9839,agrosmart-v1,simulado,sim-2026-06
75b06cca-2cff-574e-9417-24f864d58f31,SC-04_20260624_0025.jpg,2026-06-24 08:53:46,SC-04,smartphone,saudavel,saudavel,0.9876,agrosmart-v1,simulado,sim-2026-06
8ec0d6d8-b685-5bea-8833-905993307da1,SC-03_20260624_0003.jpg,2026-06-24 08:54:08,SC-03,smartphone,saudavel,saudavel,0.9660,agrosmart-v1,simulado,sim-2026-06
3d518772-f4a6-5d45-9287-1c40e2d0efcb,TI-01_20260624_0002.jpg,2026-06-24 08:54:21,TI-01,drone,saudavel,saudavel,0.7880,agrosmart-v1,simulado,sim-2026-06
35d3dd9a-823a-5569-adc9-6bec80f01648,SC-04_20260624_0026.jpg,2026-06-24 08:54:22,SC-04,smartphone,saudavel,saudavel,0.9899,agrosmart-v1,simulado,sim-2026-06
1ef7b7b9-43ca-5150-8974-8585b4ad469c,SC-03_20260624_0004.jpg,2026-06-24 08:54:40,SC-03,smartphone,saudavel,saudavel,0.8638,agrosmart-v1,simulado,sim-2026-06
9bcc1f28-ef4c-5ff5-ab88-01840fe4cb07,TI-01_20260624_0003.jpg,2026-06-24 08:55:10,TI-01,drone,saudavel,saudavel,0.8486,agrosmart-v1,simulado,sim-2026-06
2ae62081-69a2-5665-8f37-9e4ef37896be,SC-04_20260624_0027.jpg,2026-06-24 08:55:18,SC-04,smartphone,doente,pinta_preta,0.8588,agrosmart-v1,simulado,sim-2026-06
85180c11-4516-5f44-bdca-489e190eb25a,SC-03_20260624_0005.jpg,2026-06-24 08:55:45,SC-03,smartphone,saudavel,saudavel,0.9334,agrosmart-v1,simulado,sim-2026-06
27eff291-a87a-53cb-bfeb-0efc33cc87a2,SC-04_20260624_0028.jpg,2026-06-24 08:55:50,SC-04,smartphone,saudavel,saudavel,0.9082,agrosmart-v1,simulado,sim-2026-06
711b7fba-5a6e-518a-866f-0ff84c415e52,TI-01_20260624_0004.jpg,2026-06-24 08:55:54,TI-01,drone,saudavel,saudavel,0.9800,agrosmart-v1,simulado,sim-2026-06
71ac8921-3220-59b0-94eb-495e0a0e3f87,SC-03_20260624_0006.jpg,2026-06-24 08:56:10,SC-03,smartphone,saudavel,saudavel,0.9939,agrosmart-v1,simulado,sim-2026-06
6f770674-543c-50b6-814e-d66a2bf6166d,SC-04_20260624_0029.jpg,2026-06-24 08:56:31,SC-04,smartphone,saudavel,saudavel,0.8346,agrosmart-v1,simulado,sim-2026-06
b969d85b-44c2-5d01-a3d9-3e4c2bab0c51,TI-01_20260624_0005.jpg,2026-06-24 08:56:41,TI-01,drone,saudavel,saudavel,0.9463,agrosmart-v1,simulado,sim-2026-06
cf8c5bd6-4b2f-5c26-9cd8-97f74f08c8c5,SC-03_20260624_0007.jpg,2026-06-24 08:57:07,SC-03,smartphone,saudavel,saudavel,0.9837,agrosmart-v1,simulado,sim-2026-06
b468d951-a710-5561-aba7-080f18b23945,SC-04_20260624_0030.jpg,2026-06-24 08:57:08,SC-04,smartphone,saudavel,saudavel,0.9949,agrosmart-v1,simulado,sim-2026-06
c1528533-023a-5bae-b8c4-d9004855706f,TI-01_20260624_0006.jpg,2026-06-24 08:57:19,TI-01,drone,saudavel,saudavel,0.9929,agrosmart-v1,simulado,sim-2026-06
0e7de9b3-98fb-5919-b0bb-88aebf16bd19,SC-03_20260624_0008.jpg,2026-06-24 08:57:38,SC-03,smartphone,saudavel,saudavel,0.8851,agrosmart-v1,simulado,sim-2026-06
e064248e-e56b-52ea-be84-e408eba46293,TI-01_20260624_0007.jpg,2026-06-24 08:58:06,TI-01,drone,saudavel,saudavel,0.8603,agrosmart-v1,simulado,sim-2026-06
cda5ab82-96da-5fa1-8dd5-50012c612714,SC-04_20260624_0031.jpg,2026-06-24 08:58:07,SC-04,smartphone,saudavel,saudavel,0.9879,agrosmart-v1,simulado,sim-2026-06
8f27f25b-7e94-529b-af2a-ce637add644a,SC-03_20260624_0009.jpg,2026-06-24 08:58:12,SC-03,smartphone,saudavel,saudavel,0.9408,agrosmart-v1,simulado,sim-2026-06
02ee7d61-dbab-51b1-9dab-ffd38e1ced4b,SC-03_20260624_0010.jpg,2026-06-24 08:58:40,SC-03,smartphone,saudavel,saudavel,0.9992,agrosmart-v1,simulado,sim-2026-06
20526c8c-fc2b-5c17-8540-45e502822541,TI-01_20260624_0008.jpg,2026-06-24 08:58:40,TI-01,drone,saudavel,saudavel,0.9999,agrosmart-v1,simulado,sim-2026-06
74be937f-1eb2-518c-83a6-fbb4754f5e5e,TI-01_20260624_0009.jpg,2026-06-24 08:59:24,TI-01,drone,saudavel,saudavel,0.9683,agrosmart-v1,simulado,sim-2026-06
1677b603-7f27-5e3c-9dc6-e43849953f05,SC-03_20260624_0011.jpg,2026-06-24 08:59:42,SC-03,smartphone,saudavel,saudavel,0.9136,agrosmart-v1,simulado,sim-2026-06
d001dc8c-e9cb-5c77-b864-f51f5dec0c22,TI-01_20260624_0010.jpg,2026-06-24 08:59:51,TI-01,drone,saudavel,saudavel,0.9740,agrosmart-v1,simulado,sim-2026-06
3b5a2d68-5b5c-558b-9c52-1e0f16186a78,SC-03_20260624_0012.jpg,2026-06-24 09:00:00,SC-03,smartphone,saudavel,saudavel,0.8440,agrosmart-v1,simulado,sim-2026-06
5e3e36b3-bb4a-5c81-b4c1-2e2022fd305e,TI-01_20260624_0011.jpg,2026-06-24 09:00:35,TI-01,drone,saudavel,saudavel,0.8710,agrosmart-v1,simulado,sim-2026-06
5dbaa481-2141-5cc4-aae2-63543db840b0,SC-03_20260624_0013.jpg,2026-06-24 09:01:07,SC-03,smartphone,saudavel,saudavel,0.9948,agrosmart-v1,simulado,sim-2026-06
a4671548-42f9-5e3f-806c-73084f89e8d5,TI-01_20260624_0012.jpg,2026-06-24 09:01:27,TI-01,drone,saudavel,saudavel,0.8312,agrosmart-v1,simulado,sim-2026-06
61127ac0-d051-565a-8bc0-54e0c7dfb604,SC-03_20260624_0014.jpg,2026-06-24 09:01:31,SC-03,smartphone,saudavel,saudavel,0.9978,agrosmart-v1,simulado,sim-2026-06
1b5b492b-8082-5bda-a4bf-f63782fe38cf,TI-01_20260624_0013.jpg,2026-06-24 09:01:45,TI-01,drone,saudavel,saudavel,0.9810,agrosmart-v1,simulado,sim-2026-06
ebaa1f9a-188b-56a7-bafa-5b035ea55181,SC-03_20260624_0015.jpg,2026-06-24 09:02:17,SC-03,smartphone,saudavel,saudavel,0.9319,agrosmart-v1,simulado,sim-2026-06
932a3972-afb7-5a7f-80f0-a67cf09d5a95,TI-01_20260624_0014.jpg,2026-06-24 09:02:25,TI-01,drone,saudavel,saudavel,0.8801,agrosmart-v1,simulado,sim-2026-06
5b378db9-e365-592d-a112-135199d6ceec,SC-03_20260624_0016.jpg,2026-06-24 09:03:10,SC-03,smartphone,saudavel,saudavel,0.9915,agrosmart-v1,simulado,sim-2026-06
366158e9-434a-5d92-aab1-471f2deb7d0a,TI-01_20260624_0015.jpg,2026-06-24 09:03:19,TI-01,drone,saudavel,saudavel,0.8875,agrosmart-v1,simulado,sim-2026-06
d5b6a8df-9043-59ee-bb8d-1a7afa7990b9,SC-03_20260624_0017.jpg,2026-06-24 09:03:48,SC-03,smartphone,saudavel,saudavel,0.9185,agrosmart-v1,simulado,sim-2026-06
286e53a2-3cc5-5368-befe-0d36fa414c0d,TI-01_20260624_0016.jpg,2026-06-24 09:04:10,TI-01,drone,saudavel,saudavel,0.9847,agrosmart-v1,simulado,sim-2026-06
56241408-4b25-5add-86f2-5ffa01cbe773,SC-03_20260624_0018.jpg,2026-06-24 09:04:12,SC-03,smartphone,saudavel,saudavel,0.9709,agrosmart-v1,simulado,sim-2026-06
c0f2488b-65b3-58f2-9af9-d3f9e79323d4,TI-01_20260624_0017.jpg,2026-06-24 09:04:31,TI-01,drone,saudavel,saudavel,0.9334,agrosmart-v1,simulado,sim-2026-06
3d4182b9-3632-5075-9b1d-40fa07644994,SC-03_20260624_0019.jpg,2026-06-24 09:04:44,SC-03,smartphone,saudavel,saudavel,0.9253,agrosmart-v1,simulado,sim-2026-06
3ea6d939-8d90-5cd7-a49e-575a8058a684,TI-01_20260624_0018.jpg,2026-06-24 09:05:06,TI-01,drone,saudavel,saudavel,0.9893,agrosmart-v1,simulado,sim-2026-06
77d9d7a2-54f0-5145-a181-aba3408af65c,SC-03_20260624_0020.jpg,2026-06-24 09:05:50,SC-03,smartphone,saudavel,saudavel,0.9981,agrosmart-v1,simulado,sim-2026-06
f238ca21-9792-5dc1-bed2-d13135082818,TI-01_20260624_0019.jpg,2026-06-24 09:05:57,TI-01,drone,saudavel,saudavel,0.9340,agrosmart-v1,simulado,sim-2026-06
fe02ad0f-4a4e-56a3-bfef-1e205faf5126,SC-03_20260624_0021.jpg,2026-06-24 09:06:10,SC-03,smartphone,saudavel,saudavel,0.9365,agrosmart-v1,simulado,sim-2026-06
b5bb11f3-80f3-5620-bea0-8ce77a0eaef9,TI-01_20260624_0020.jpg,2026-06-24 09:06:27,TI-01,drone,saudavel,saudavel,0.9083,agrosmart-v1,simulado,sim-2026-06
1bfb106c-dd9e-5746-9ddf-7b47e5829eb9,TI-01_20260624_0021.jpg,2026-06-24 09:07:04,TI-01,drone,saudavel,saudavel,0.9296,agrosmart-v1,simulado,sim-2026-06
eb776a7f-f712-5313-b6e0-0c8c135afca6,SC-03_20260624_0022.jpg,2026-06-24 09:07:09,SC-03,smartphone,doente,requeima,0.8895,agrosmart-v1,simulado,sim-2026-06
1f891cda-b1a4-5c49-8b61-c5365cc575e4,SC-03_20260624_0023.jpg,2026-06-24 09:07:24,SC-03,smartphone,doente,vaquinha,0.8968,agrosmart-v1,simulado,sim-2026-06
084c5868-804f-520a-ad4e-af470017ae42,TI-01_20260624_0022.jpg,2026-06-24 09:07:47,TI-01,drone,saudavel,saudavel,0.8417,agrosmart-v1,simulado,sim-2026-06
b023fac9-6164-5308-a1e2-54977e761e16,SC-03_20260624_0024.jpg,2026-06-24 09:08:14,SC-03,smartphone,saudavel,saudavel,0.9659,agrosmart-v1,simulado,sim-2026-06
6daa80e0-a620-5f3a-a1f0-1ee2d12ab44e,TI-01_20260624_0023.jpg,2026-06-24 09:08:23,TI-01,drone,saudavel,saudavel,0.9982,agrosmart-v1,simulado,sim-2026-06
7583a57b-c88f-5fc5-be76-d19d0e0e8c9b,SC-03_20260624_0025.jpg,2026-06-24 09:09:01,SC-03,smartphone,saudavel,saudavel,0.9680,agrosmart-v1,simulado,sim-2026-06
30e2bdfe-5d0a-5e6f-9f8d-52fe30c5b5af,TI-01_20260624_0024.jpg,2026-06-24 09:09:11,TI-01,drone,saudavel,saudavel,0.9370,agrosmart-v1,simulado,sim-2026-06
de0715aa-0fdb-5efc-8b15-35f1a322cfd1,TI-01_20260624_0025.jpg,2026-06-24 09:09:40,TI-01,drone,saudavel,saudavel,0.9995,agrosmart-v1,simulado,sim-2026-06
fc742ed6-8ca5-5196-b04b-a41e0c29698e,SC-03_20260624_0026.jpg,2026-06-24 09:09:47,SC-03,smartphone,saudavel,saudavel,0.9965,agrosmart-v1,simulado,sim-2026-06
b816a266-8e51-5133-9408-3455323bc1a6,SC-03_20260624_0027.jpg,2026-06-24 09:10:03,SC-03,smartphone,saudavel,saudavel,0.9685,agrosmart-v1,simulado,sim-2026-06
2ca568f1-f2c9-5d16-921e-9cc2c3fec47a,TI-01_20260624_0026.jpg,2026-06-24 09:10:45,TI-01,drone,saudavel,saudavel,0.8977,agrosmart-v1,simulado,sim-2026-06
9f7b1d4b-5fb3-53f3-aabb-db69892f15fb,SC-03_20260624_0028.jpg,2026-06-24 09:11:07,SC-03,smartphone,saudavel,saudavel,0.9249,agrosmart-v1,simulado,sim-2026-06
e2da8267-3258-5f0b-8437-55806ce106e4,TI-01_20260624_0027.jpg,2026-06-24 09:11:16,TI-01,drone,saudavel,saudavel,0.8793,agrosmart-v1,simulado,sim-2026-06
60ee3572-6361-5268-97c0-16e116dfffde,TI-01_20260624_0028.jpg,2026-06-24 09:11:45,TI-01,drone,saudavel,saudavel,0.8727,agrosmart-v1,simulado,sim-2026-06
f7577af4-e80e-513c-b875-0585c5b08816,TI-01_20260624_0029.jpg,2026-06-24 09:12:26,TI-01,drone,saudavel,saudavel,0.8218,agrosmart-v1,simulado,sim-2026-06
23589dbb-b9a1-593f-ba68-d877ba74923b,TI-01_20260624_0030.jpg,2026-06-24 09:13:25,TI-01,drone,saudavel,saudavel,0.9960,agrosmart-v1,simulado,sim-2026-06
206700dc-f93a-5740-b5ac-578e8e712217,BV-02_20260624_0001.jpg,2026-06-24 09:14:03,BV-02,smartphone,saudavel,saudavel,0.9847,agrosmart-v1,simulado,sim-2026-06
fdb70c33-ec5e-591b-aa23-030af6981f83,TI-01_20260624_0031.jpg,2026-06-24 09:14:04,TI-01,drone,saudavel,saudavel,0.8854,agrosmart-v1,simulado,sim-2026-06
301cb49b-c690-5c53-9fbe-c018180086c3,TI-01_20260624_0032.jpg,2026-06-24 09:14:26,TI-01,drone,doente,pinta_preta,0.8283,agrosmart-v1,simulado,sim-2026-06
e4c20fdc-4788-503d-8a4d-1466cc0e9634,BV-02_20260624_0002.jpg,2026-06-24 09:14:39,BV-02,smartphone,saudavel,saudavel,0.8759,agrosmart-v1,simulado,sim-2026-06
1e47e378-24d9-5932-a9ed-c8deadc4263b,BV-02_20260624_0003.jpg,2026-06-24 09:15:20,BV-02,smartphone,saudavel,saudavel,0.9747,agrosmart-v1,simulado,sim-2026-06
90ed2431-15ee-520c-b23d-e6f3334a314f,TI-01_20260624_0033.jpg,2026-06-24 09:15:25,TI-01,drone,saudavel,saudavel,0.9978,agrosmart-v1,simulado,sim-2026-06
15f6fe10-0120-558c-82c9-0f7f9cd32bcf,TI-01_20260624_0034.jpg,2026-06-24 09:15:54,TI-01,drone,saudavel,saudavel,0.8781,agrosmart-v1,simulado,sim-2026-06
9b8ab240-6188-50f0-a447-a7ac20691bac,BV-02_20260624_0004.jpg,2026-06-24 09:16:02,BV-02,smartphone,saudavel,saudavel,0.9419,agrosmart-v1,simulado,sim-2026-06
8fecabf3-9840-56a3-9c01-61b4eadf6a0d,BV-02_20260624_0005.jpg,2026-06-24 09:16:24,BV-02,smartphone,saudavel,saudavel,0.9991,agrosmart-v1,simulado,sim-2026-06
b27e41fe-424c-5f11-b18f-b240faa74397,TI-01_20260624_0035.jpg,2026-06-24 09:16:30,TI-01,drone,saudavel,saudavel,0.8729,agrosmart-v1,simulado,sim-2026-06
d5647836-042e-5db2-86fe-057990ac1635,TI-01_20260624_0036.jpg,2026-06-24 09:17:04,TI-01,drone,saudavel,saudavel,0.9987,agrosmart-v1,simulado,sim-2026-06
9e2b2502-6ef7-5724-b8ee-5d937fe6326f,BV-02_20260624_0006.jpg,2026-06-24 09:17:12,BV-02,smartphone,saudavel,saudavel,0.8258,agrosmart-v1,simulado,sim-2026-06
790210b0-d710-5da8-bc96-ea5014112bd8,BV-02_20260624_0007.jpg,2026-06-24 09:17:46,BV-02,smartphone,doente,requeima,0.9883,agrosmart-v1,simulado,sim-2026-06
abbd6d11-cb4b-503e-a5e3-03d6521b9657,TI-01_20260624_0037.jpg,2026-06-24 09:17:57,TI-01,drone,saudavel,saudavel,0.9975,agrosmart-v1,simulado,sim-2026-06
144dcf43-47e4-5428-b566-cf5eaf018b98,TI-01_20260624_0038.jpg,2026-06-24 09:18:20,TI-01,drone,saudavel,saudavel,0.8864,agrosmart-v1,simulado,sim-2026-06
6a63ad33-8f16-5e9d-b30b-3d7325ee2e1a,BV-02_20260624_0008.jpg,2026-06-24 09:18:49,BV-02,smartphone,saudavel,saudavel,0.9387,agrosmart-v1,simulado,sim-2026-06
e482a174-e8e6-5396-b1ab-6a9295ce221e,TI-01_20260624_0039.jpg,2026-06-24 09:19:04,TI-01,drone,saudavel,saudavel,0.8681,agrosmart-v1,simulado,sim-2026-06
228a383b-6055-565f-9828-949f6997689d,BV-02_20260624_0009.jpg,2026-06-24 09:19:18,BV-02,smartphone,saudavel,saudavel,0.9873,agrosmart-v1,simulado,sim-2026-06
f9f2b3b6-3d9d-5b31-9fed-93edf1d479e5,TI-01_20260624_0040.jpg,2026-06-24 09:19:41,TI-01,drone,saudavel,saudavel,0.8972,agrosmart-v1,simulado,sim-2026-06
0893c8e9-816a-5722-803f-c35dde88b821,BV-02_20260624_0010.jpg,2026-06-24 09:20:00,BV-02,smartphone,saudavel,saudavel,0.9362,agrosmart-v1,simulado,sim-2026-06
2f50dfdd-4933-5439-aa62-0831c58530f4,BV-02_20260624_0011.jpg,2026-06-24 09:20:32,BV-02,smartphone,saudavel,saudavel,0.9965,agrosmart-v1,simulado,sim-2026-06
6d3f0454-57b6-567f-9c7f-cae0c64f5f14,TI-01_20260624_0041.jpg,2026-06-24 09:20:32,TI-01,drone,saudavel,saudavel,0.9333,agrosmart-v1,simulado,sim-2026-06
a9b740bb-b404-5d9a-9fdb-a64da645089c,BV-02_20260624_0012.jpg,2026-06-24 09:21:24,BV-02,smartphone,saudavel,saudavel,0.9995,agrosmart-v1,simulado,sim-2026-06
c6444b30-0e41-57a3-82b3-daef95ccc8ae,TI-01_20260624_0042.jpg,2026-06-24 09:21:25,TI-01,drone,saudavel,saudavel,0.9701,agrosmart-v1,simulado,sim-2026-06
43e53118-72ed-557f-b29a-61cf20a43451,BV-02_20260624_0013.jpg,2026-06-24 09:21:48,BV-02,smartphone,saudavel,saudavel,0.9484,agrosmart-v1,simulado,sim-2026-06
22a0b769-208a-52fd-b1de-2725c8ce29ef,TI-01_20260624_0043.jpg,2026-06-24 09:21:55,TI-01,drone,saudavel,saudavel,1.0000,agrosmart-v1,simulado,sim-2026-06
75a33fc8-e708-5d3e-9fb9-9afbab6d6849,BV-02_20260624_0014.jpg,2026-06-24 09:22:23,BV-02,smartphone,saudavel,saudavel,0.9151,agrosmart-v1,simulado,sim-2026-06
8f77972c-9a32-50f0-bd1e-e0204632d791,TI-01_20260624_0044.jpg,2026-06-24 09:22:29,TI-01,drone,doente,vaquinha,0.9945,agrosmart-v1,simulado,sim-2026-06
73f86f4d-0ecc-5463-8e85-63ad4af6cda1,TI-01_20260624_0045.jpg,2026-06-24 09:23:10,TI-01,drone,saudavel,saudavel,0.8553,agrosmart-v1,simulado,sim-2026-06
a99df385-8e3a-5bac-a4ad-e8cec47e5fd6,BV-02_20260624_0015.jpg,2026-06-24 09:23:28,BV-02,smartphone,saudavel,saudavel,0.9994,agrosmart-v1,simulado,sim-2026-06
bb41d407-6ed4-5dd9-baae-e1a823db7e9a,BV-02_20260624_0016.jpg,2026-06-24 09:23:59,BV-02,smartphone,saudavel,saudavel,0.9855,agrosmart-v1,simulado,sim-2026-06
0c1a248f-f5c7-54c3-8287-cb922d5aa5e9,TI-01_20260624_0046.jpg,2026-06-24 09:24:07,TI-01,drone,saudavel,saudavel,0.9416,agrosmart-v1,simulado,sim-2026-06
26e298c0-1aa1-5943-ba98-d6576e99db93,BV-02_20260624_0017.jpg,2026-06-24 09:24:27,BV-02,smartphone,saudavel,saudavel,0.9414,agrosmart-v1,simulado,sim-2026-06
e773db00-6d90-5aa1-aa10-8a495d2d2ba2,TI-01_20260624_0047.jpg,2026-06-24 09:24:48,TI-01,drone,saudavel,saudavel,0.9577,agrosmart-v1,simulado,sim-2026-06
cd423e76-4406-525a-9834-eb7d23cd04d8,BV-02_20260624_0018.jpg,2026-06-24 09:25:17,BV-02,smartphone,saudavel,saudavel,0.9899,agrosmart-v1,simulado,sim-2026-06
217fc207-1095-5435-a1cd-33957783be28,TI-01_20260624_0048.jpg,2026-06-24 09:25:25,TI-01,drone,saudavel,saudavel,0.9976,agrosmart-v1,simulado,sim-2026-06
adce130f-33bf-5349-adb6-d70e74a9f24f,BV-02_20260624_0019.jpg,2026-06-24 09:25:58,BV-02,smartphone,doente,vaquinha,0.9913,agrosmart-v1,simulado,sim-2026-06
7df1c7dc-279c-5f59-8ac9-1b01cddda14e,BV-02_20260624_0020.jpg,2026-06-24 09:26:46,BV-02,smartphone,saudavel,saudavel,0.9472,agrosmart-v1,simulado,sim-2026-06
6f1ec69e-2d76-5726-86fa-ff819787eee4,BV-02_20260624_0021.jpg,2026-06-24 09:27:05,BV-02,smartphone,doente,pinta_preta,0.9013,agrosmart-v1,simulado,sim-2026-06
b56059a6-ea98-5b35-8b5c-2c5dbc831891,BV-02_20260624_0022.jpg,2026-06-24 09:27:48,BV-02,smartphone,saudavel,saudavel,0.9972,agrosmart-v1,simulado,sim-2026-06
f382033a-1792-595e-8ca1-d683efa6b569,BV-02_20260624_0023.jpg,2026-06-24 09:28:33,BV-02,smartphone,saudavel,saudavel,0.9620,agrosmart-v1,simulado,sim-2026-06
3abfa7f7-72e3-52c7-b8af-262960c3d03e,BV-02_20260624_0024.jpg,2026-06-24 09:29:05,BV-02,smartphone,saudavel,saudavel,0.9859,agrosmart-v1,simulado,sim-2026-06
a96a3b8a-73c7-5046-ae6c-ad3d4571264b,BV-02_20260624_0025.jpg,2026-06-24 09:30:01,BV-02,smartphone,doente,requeima,0.9395,agrosmart-v1,simulado,sim-2026-06
54dbe432-6d62-55f2-a0af-30ad0a9ffa8e,BV-02_20260624_0026.jpg,2026-06-24 09:30:32,BV-02,smartphone,saudavel,saudavel,0.9903,agrosmart-v1,simulado,sim-2026-06
5427000a-a064-5e89-aa7b-85d73bd622a0,BV-02_20260624_0027.jpg,2026-06-24 09:31:13,BV-02,smartphone,saudavel,saudavel,0.9648,agrosmart-v1,simulado,sim-2026-06
fd603381-2f6a-51cd-af91-6665c972ac7e,BV-02_20260624_0028.jpg,2026-06-24 09:31:52,BV-02,smartphone,saudavel,saudavel,0.8986,agrosmart-v1,simulado,sim-2026-06
e40e7821-14e7-5c4e-bd4c-bb22a57a2075,BV-02_20260624_0029.jpg,2026-06-24 09:32:44,BV-02,smartphone,doente,vaquinha,0.8600,agrosmart-v1,simulado,sim-2026-06
f0db4353-ce47-5aeb-a4ae-e746475a47fb,BV-02_20260624_0030.jpg,2026-06-24 09:33:25,BV-02,smartphone,saudavel,saudavel,0.9789,agrosmart-v1,simulado,sim-2026-06
1efbc16a-c833-5d21-a01b-6ff507d27687,BV-02_20260624_0031.jpg,2026-06-24 09:33:56,BV-02,smartphone,doente,pinta_preta,0.8735,agrosmart-v1,simulado,sim-2026-06
f0aae01c-c1fe-5674-9a04-37b75818e6b2,BV-02_20260624_0032.jpg,2026-06-24 09:34:31,BV-02,smartphone,saudavel,saudavel,0.9989,agrosmart-v1,simulado,sim-2026-06
4e1d728e-e9f0-52df-978f-fb34f071939e,BV-02_20260624_0033.jpg,2026-06-24 09:35:21,BV-02,smartphone,saudavel,saudavel,0.8882,agrosmart-v1,simulado,sim-2026-06
18d3ddc0-0fff-5772-afd0-1577fb0c3927,BV-02_20260624_0034.jpg,2026-06-24 09:35:50,BV-02,smartphone,saudavel,saudavel,0.9865,agrosmart-v1,simulado,sim-2026-06
5d407c59-d85b-5c07-87a3-23e03cab2df9,BV-02_20260624_0035.jpg,2026-06-24 09:36:48,BV-02,smartphone,saudavel,saudavel,0.9351,agrosmart-v1,simulado,sim-2026-06
532f055a-3687-5b81-918b-9a8e41921e49,BV-02_20260624_0036.jpg,2026-06-24 09:37:00,BV-02,smartphone,saudavel,saudavel,0.9429,agrosmart-v1,simulado,sim-2026-06
217c32b3-682f-5456-b21b-4735d867f0ce,BV-04_20260624_0001.jpg,2026-06-24 09:51:49,BV-04,smartphone,doente,requeima,0.9546,agrosmart-v1,simulado,sim-2026-06
a663697e-8564-5900-88d5-d512c8ff584d,BV-04_20260624_0002.jpg,2026-06-24 09:52:38,BV-04,smartphone,saudavel,saudavel,0.8870,agrosmart-v1,simulado,sim-2026-06
5866fe3e-940c-5855-99e6-abdf4b0d0e4e,BV-04_20260624_0003.jpg,2026-06-24 09:53:28,BV-04,smartphone,saudavel,saudavel,0.9982,agrosmart-v1,simulado,sim-2026-06
a4140665-8fa2-5282-9688-836662b0003c,BV-04_20260624_0004.jpg,2026-06-24 09:53:56,BV-04,smartphone,saudavel,saudavel,0.9919,agrosmart-v1,simulado,sim-2026-06
a9926bef-4e18-5ae6-90d9-14bcdb9e9d05,BV-04_20260624_0005.jpg,2026-06-24 09:54:23,BV-04,smartphone,doente,pinta_preta,0.8827,agrosmart-v1,simulado,sim-2026-06
316aad1d-4906-5b56-9a1c-97cb60dce3c3,BV-04_20260624_0006.jpg,2026-06-24 09:55:12,BV-04,smartphone,saudavel,saudavel,0.9596,agrosmart-v1,simulado,sim-2026-06
a4299de9-cbe3-5c45-851a-9a96a8a132ef,BV-04_20260624_0007.jpg,2026-06-24 09:55:44,BV-04,smartphone,saudavel,saudavel,0.9213,agrosmart-v1,simulado,sim-2026-06
40c12d5f-dfe9-5e7a-835e-4606f2f668bd,BV-04_20260624_0008.jpg,2026-06-24 09:56:28,BV-04,smartphone,saudavel,saudavel,0.9627,agrosmart-v1,simulado,sim-2026-06
8fd94955-6059-5335-96e6-0729628cabc4,BV-04_20260624_0009.jpg,2026-06-24 09:57:07,BV-04,smartphone,saudavel,saudavel,0.8225,agrosmart-v1,simulado,sim-2026-06
29ce3d2b-d647-5894-868f-c57ea1f7746d,BV-04_20260624_0010.jpg,2026-06-24 09:57:48,BV-04,smartphone,saudavel,saudavel,0.9393,agrosmart-v1,simulado,sim-2026-06
3eca5504-d4b1-5056-a043-8871e1a7a5d2,BV-04_20260624_0011.jpg,2026-06-24 09:58:36,BV-04,smartphone,saudavel,saudavel,0.9343,agrosmart-v1,simulado,sim-2026-06
0856d223-78f1-5c16-94e0-141167d58c4a,BV-04_20260624_0012.jpg,2026-06-24 09:59:19,BV-04,smartphone,saudavel,saudavel,0.9906,agrosmart-v1,simulado,sim-2026-06
6ff3c483-582c-5850-8f98-a2f506792992,BV-04_20260624_0013.jpg,2026-06-24 09:59:59,BV-04,smartphone,saudavel,saudavel,0.9938,agrosmart-v1,simulado,sim-2026-06
7b641d3e-030a-589a-8207-202fd36024ca,BV-04_20260624_0014.jpg,2026-06-24 10:00:50,BV-04,smartphone,saudavel,saudavel,1.0000,agrosmart-v1,simulado,sim-2026-06
930681a8-0f1a-5268-be11-450016ab4614,BV-04_20260624_0015.jpg,2026-06-24 10:01:07,BV-04,smartphone,saudavel,saudavel,0.8963,agrosmart-v1,simulado,sim-2026-06
b4db2b27-7e08-5d89-ab76-98fd38fb4bf9,BV-04_20260624_0016.jpg,2026-06-24 10:01:47,BV-04,smartphone,saudavel,saudavel,0.9111,agrosmart-v1,simulado,sim-2026-06
c97569b2-ba73-5a27-875b-b3a0634d782c,BV-04_20260624_0017.jpg,2026-06-24 10:02:31,BV-04,smartphone,saudavel,saudavel,0.8382,agrosmart-v1,simulado,sim-2026-06
94f61cc5-629f-514a-9fbb-3009aa9b8d6e,BV-04_20260624_0018.jpg,2026-06-24 10:03:21,BV-04,smartphone,saudavel,saudavel,0.9988,agrosmart-v1,simulado,sim-2026-06
e14a3931-e171-51c8-87cc-a57d51c154ec,BV-04_20260624_0019.jpg,2026-06-24 10:03:59,BV-04,smartphone,saudavel,saudavel,0.9801,agrosmart-v1,simulado,sim-2026-06
2b7ee23c-4a94-5ceb-9f4c-3c7cff8e19fb,BV-04_20260624_0020.jpg,2026-06-24 10:04:23,BV-04,smartphone,saudavel,saudavel,0.9908,agrosmart-v1,simulado,sim-2026-06
b4358b7f-d94e-5575-9004-13a8f5b640d9,BV-04_20260624_0021.jpg,2026-06-24 10:05:29,BV-04,smartphone,saudavel,saudavel,0.9993,agrosmart-v1,simulado,sim-2026-06
ca06cf9c-6b0c-50f0-b508-83aba328a6a2,BV-04_20260624_0022.jpg,2026-06-24 10:06:10,BV-04,smartphone,saudavel,saudavel,0.9613,agrosmart-v1,simulado,sim-2026-06
6856d266-abc8-5b81-8d39-e0725c27dce4,BV-04_20260624_0023.jpg,2026-06-24 10:06:37,BV-04,smartphone,saudavel,saudavel,0.9273,agrosmart-v1,simulado,sim-2026-06
c53b1cbd-6f15-55e2-bfb5-96c7dcf6865a,BV-04_20260624_0024.jpg,2026-06-24 10:07:16,BV-04,smartphone,saudavel,saudavel,0.9534,agrosmart-v1,simulado,sim-2026-06
3094e225-8eeb-5de4-a89e-6f984497efca,BV-04_20260624_0025.jpg,2026-06-24 10:07:54,BV-04,smartphone,saudavel,saudavel,0.6954,agrosmart-v1,simulado,sim-2026-06
db618ee9-6e6f-5e37-b44a-69ec001002f4,BV-04_20260624_0026.jpg,2026-06-24 10:08:23,BV-04,smartphone,saudavel,saudavel,0.5345,agrosmart-v1,simulado,sim-2026-06
f055ad14-542d-50d8-ab08-bb7d8a138b76,BV-04_20260624_0027.jpg,2026-06-24 10:09:25,BV-04,smartphone,saudavel,saudavel,0.8978,agrosmart-v1,simulado,sim-2026-06
4c4532c3-df7b-5ef8-a291-a6fa33c37099,BV-04_20260624_0028.jpg,2026-06-24 10:10:10,BV-04,smartphone,saudavel,saudavel,0.8664,agrosmart-v1,simulado,sim-2026-06
6ca77053-d262-59b8-b589-05b6bd619937,BV-04_20260624_0029.jpg,2026-06-24 10:10:30,BV-04,smartphone,saudavel,saudavel,0.9827,agrosmart-v1,simulado,sim-2026-06
38b6e1f4-ee04-58a9-9e32-33fab2702d81,BV-02_20260626_0001.jpg,2026-06-26 07:05:51,BV-02,smartphone,saudavel,saudavel,0.9999,agrosmart-v1,simulado,sim-2026-06
3e0aecec-4ad5-55b7-affd-8c630aec00b7,BV-02_20260626_0002.jpg,2026-06-26 07:06:34,BV-02,smartphone,saudavel,saudavel,0.9986,agrosmart-v1,simulado,sim-2026-06
b7aa885b-85f3-58c7-92e3-117d3b4bc543,BV-02_20260626_0003.jpg,2026-06-26 07:07:07,BV-02,smartphone,saudavel,saudavel,0.8504,agrosmart-v1,simulado,sim-2026-06
00921d49-e16a-5230-baa3-a6c4d3b20d6d,BV-02_20260626_0004.jpg,2026-06-26 07:07:45,BV-02,smartphone,saudavel,saudavel,0.8688,agrosmart-v1,simulado,sim-2026-06
d3f14c30-d547-5387-953d-d7e3ee7af2e9,BV-02_20260626_0005.jpg,2026-06-26 07:08:39,BV-02,smartphone,saudavel,saudavel,0.9931,agrosmart-v1,simulado,sim-2026-06
ae4fcfb1-9364-58bc-bb41-2947dfb17580,BV-02_20260626_0006.jpg,2026-06-26 07:09:12,BV-02,smartphone,saudavel,saudavel,0.8958,agrosmart-v1,simulado,sim-2026-06
b5e379f3-8d56-5e02-9dc8-d67bcece2072,BV-02_20260626_0007.jpg,2026-06-26 07:10:09,BV-02,smartphone,saudavel,saudavel,0.9318,agrosmart-v1,simulado,sim-2026-06
2bb4ce11-3697-52ba-ace0-435023337e93,BV-02_20260626_0008.jpg,2026-06-26 07:10:28,BV-02,smartphone,saudavel,saudavel,0.8436,agrosmart-v1,simulado,sim-2026-06
e00de53f-a8a2-5666-89a5-0b4ffb3b2cf9,BV-02_20260626_0009.jpg,2026-06-26 07:11:09,BV-02,smartphone,saudavel,saudavel,0.9658,agrosmart-v1,simulado,sim-2026-06
2c7f50e0-f774-5fb9-b31f-33fcaf33a651,BV-02_20260626_0010.jpg,2026-06-26 07:11:45,BV-02,smartphone,saudavel,saudavel,0.9825,agrosmart-v1,simulado,sim-2026-06
32c6f397-7156-5668-b595-7e41513f17aa,BV-02_20260626_0011.jpg,2026-06-26 07:12:27,BV-02,smartphone,saudavel,saudavel,0.9306,agrosmart-v1,simulado,sim-2026-06
2085f088-66be-56ac-8f1a-e5b1e1046dac,BV-02_20260626_0012.jpg,2026-06-26 07:13:25,BV-02,smartphone,saudavel,saudavel,0.8362,agrosmart-v1,simulado,sim-2026-06
bb5de6e0-2866-5015-80de-f1742f4f98af,BV-02_20260626_0013.jpg,2026-06-26 07:13:45,BV-02,smartphone,saudavel,saudavel,0.9602,agrosmart-v1,simulado,sim-2026-06
dcd07a14-28d6-51c9-b3f1-1abf867fdebd,BV-02_20260626_0014.jpg,2026-06-26 07:14:25,BV-02,smartphone,saudavel,saudavel,0.8826,agrosmart-v1,simulado,sim-2026-06
71304cf7-7067-5ff6-b561-d3197bedd979,BV-02_20260626_0015.jpg,2026-06-26 07:15:22,BV-02,smartphone,saudavel,saudavel,0.8925,agrosmart-v1,simulado,sim-2026-06
6b8e15aa-bc32-59d1-bd95-48441a9598ee,BV-02_20260626_0016.jpg,2026-06-26 07:16:05,BV-02,smartphone,saudavel,saudavel,0.9972,agrosmart-v1,simulado,sim-2026-06
79f1a3c4-10ea-5874-8832-c61999eb84a3,BV-02_20260626_0017.jpg,2026-06-26 07:16:44,BV-02,smartphone,saudavel,saudavel,0.9942,agrosmart-v1,simulado,sim-2026-06
b8714e6b-8ef6-557f-bbdd-99465397404f,BV-02_20260626_0018.jpg,2026-06-26 07:17:05,BV-02,smartphone,saudavel,saudavel,1.0000,agrosmart-v1,simulado,sim-2026-06
4ce81cc8-0c08-5849-ad99-6261ffbd6203,BV-02_20260626_0019.jpg,2026-06-26 07:18:04,BV-02,smartphone,saudavel,saudavel,0.8809,agrosmart-v1,simulado,sim-2026-06
f9388f65-fa94-56e3-923c-4f7e464477bb,BV-02_20260626_0020.jpg,2026-06-26 07:18:48,BV-02,smartphone,saudavel,saudavel,0.9967,agrosmart-v1,simulado,sim-2026-06
7c4501b9-3bfc-5ec0-afc2-a38bafde86cd,BV-02_20260626_0021.jpg,2026-06-26 07:19:04,BV-02,smartphone,saudavel,saudavel,0.9895,agrosmart-v1,simulado,sim-2026-06
b6b7e7a2-6529-5d25-96bc-e386ae3558d4,BV-02_20260626_0022.jpg,2026-06-26 07:19:51,BV-02,smartphone,saudavel,saudavel,0.9860,agrosmart-v1,simulado,sim-2026-06
1d00c7cb-af66-5446-aa66-b214ffee5aa0,BV-02_20260626_0023.jpg,2026-06-26 07:20:25,BV-02,smartphone,saudavel,saudavel,0.9084,agrosmart-v1,simulado,sim-2026-06
02cf7101-5dd7-5b47-86bb-35a622247ccc,BV-02_20260626_0024.jpg,2026-06-26 07:21:19,BV-02,smartphone,saudavel,saudavel,0.9992,agrosmart-v1,simulado,sim-2026-06
79c5a1b6-4b2a-58fe-b56e-2ea58c36e6de,BV-02_20260626_0025.jpg,2026-06-26 07:21:40,BV-02,smartphone,saudavel,saudavel,0.9496,agrosmart-v1,simulado,sim-2026-06
3098e3d4-a415-5070-992f-681197a1c36f,BV-02_20260626_0026.jpg,2026-06-26 07:22:44,BV-02,smartphone,saudavel,saudavel,0.9472,agrosmart-v1,simulado,sim-2026-06
e16dd6e6-3c4b-59a2-8015-b1e841c165a9,BV-02_20260626_0027.jpg,2026-06-26 07:23:16,BV-02,smartphone,saudavel,saudavel,0.9246,agrosmart-v1,simulado,sim-2026-06
2ec2ad5e-ed34-542e-8c64-b02ed4303b83,BV-02_20260626_0028.jpg,2026-06-26 07:24:05,BV-02,smartphone,saudavel,saudavel,0.9071,agrosmart-v1,simulado,sim-2026-06
756b2add-fb9b-5f71-a6a1-0cafca03645f,BV-02_20260626_0029.jpg,2026-06-26 07:24:44,BV-02,smartphone,saudavel,saudavel,0.8420,agrosmart-v1,simulado,sim-2026-06
47529fb9-0c71-58c2-86e4-73151175314f,BV-02_20260626_0030.jpg,2026-06-26 07:25:27,BV-02,smartphone,saudavel,saudavel,0.8834,agrosmart-v1,simulado,sim-2026-06
840ae599-b93c-58dc-b720-b31e960cc807,BV-02_20260626_0031.jpg,2026-06-26 07:25:59,BV-02,smartphone,saudavel,saudavel,0.8724,agrosmart-v1,simulado,sim-2026-06
61570ad9-7b1f-5e61-b2ff-80af1ba70e79,BV-02_20260626_0032.jpg,2026-06-26 07:26:48,BV-02,smartphone,saudavel,saudavel,0.9746,agrosmart-v1,simulado,sim-2026-06
467bdfc9-2d0f-5a72-8455-eb516b9764e9,BV-02_20260626_0033.jpg,2026-06-26 07:27:10,BV-02,smartphone,saudavel,saudavel,0.8987,agrosmart-v1,simulado,sim-2026-06
a58b0161-8bee-5364-96af-17274415a903,BV-02_20260626_0034.jpg,2026-06-26 07:28:04,BV-02,smartphone,saudavel,saudavel,0.9961,agrosmart-v1,simulado,sim-2026-06
405385fd-2e1d-5090-b9c6-4e4534575387,BV-02_20260626_0035.jpg,2026-06-26 07:28:45,BV-02,smartphone,saudavel,saudavel,0.9965,agrosmart-v1,simulado,sim-2026-06
2b2acc5e-5ef9-54fb-a79c-f94f1c9a73cb,BV-02_20260626_0036.jpg,2026-06-26 07:29:12,BV-02,smartphone,saudavel,saudavel,1.0000,agrosmart-v1,simulado,sim-2026-06
7826452f-46c7-55b4-ba16-bedd3390a24c,BV-02_20260626_0037.jpg,2026-06-26 07:29:54,BV-02,smartphone,saudavel,saudavel,0.9713,agrosmart-v1,simulado,sim-2026-06
7060323d-f744-5286-bda2-c89a23615c6f,TI-02_20260626_0001.jpg,2026-06-26 07:50:01,TI-02,drone,saudavel,saudavel,0.9996,agrosmart-v1,simulado,sim-2026-06
70ba67a0-6eb9-5dbc-86d1-e6e008675c29,TI-02_20260626_0002.jpg,2026-06-26 07:50:32,TI-02,drone,saudavel,saudavel,0.8495,agrosmart-v1,simulado,sim-2026-06
e2c46880-9f00-518c-bfc3-84915ad0f5e3,TI-02_20260626_0003.jpg,2026-06-26 07:51:10,TI-02,drone,saudavel,saudavel,0.8849,agrosmart-v1,simulado,sim-2026-06
3833d278-76b2-5565-ba6f-43378d0927f7,TI-02_20260626_0004.jpg,2026-06-26 07:51:57,TI-02,drone,saudavel,saudavel,0.9103,agrosmart-v1,simulado,sim-2026-06
57fd751e-a26c-5351-b1e2-d9eff6f6858a,BV-04_20260626_0001.jpg,2026-06-26 07:52:09,BV-04,smartphone,saudavel,saudavel,0.9499,agrosmart-v1,simulado,sim-2026-06
cc96b5ed-7864-5b58-ada1-46fffb5f0ae8,TI-02_20260626_0005.jpg,2026-06-26 07:52:36,TI-02,drone,saudavel,saudavel,0.8748,agrosmart-v1,simulado,sim-2026-06
fed804fb-c163-5d77-8957-2f54119aba63,BV-04_20260626_0002.jpg,2026-06-26 07:52:48,BV-04,smartphone,saudavel,saudavel,0.9980,agrosmart-v1,simulado,sim-2026-06
e1104bb9-71a0-5011-908d-4c3dee3e3b84,TI-02_20260626_0006.jpg,2026-06-26 07:53:00,TI-02,drone,saudavel,saudavel,0.6292,agrosmart-v1,simulado,sim-2026-06
bdb26b76-1138-5804-945d-fd3f9b23e85d,BV-04_20260626_0003.jpg,2026-06-26 07:53:13,BV-04,smartphone,saudavel,saudavel,0.8226,agrosmart-v1,simulado,sim-2026-06
c1dbaf37-ed42-5f01-92c4-3044369f07b7,BV-04_20260626_0004.jpg,2026-06-26 07:53:40,BV-04,smartphone,saudavel,saudavel,0.9984,agrosmart-v1,simulado,sim-2026-06
3ffeeff5-9f22-52c2-abea-c6c8c22d41ea,TI-02_20260626_0007.jpg,2026-06-26 07:54:10,TI-02,drone,saudavel,saudavel,0.9966,agrosmart-v1,simulado,sim-2026-06
5fba040d-fa45-57d3-b264-358d7b65c571,BV-04_20260626_0005.jpg,2026-06-26 07:54:22,BV-04,smartphone,saudavel,saudavel,0.8819,agrosmart-v1,simulado,sim-2026-06
4f052037-0605-5345-b681-3cdedfc3f7d2,TI-02_20260626_0008.jpg,2026-06-26 07:54:23,TI-02,drone,saudavel,saudavel,1.0000,agrosmart-v1,simulado,sim-2026-06
80f96e6d-39fa-52ad-803c-3c09b961dba7,SC-02_20260626_0001.jpg,2026-06-26 07:54:52,SC-02,smartphone,saudavel,saudavel,1.0000,agrosmart-v1,simulado,sim-2026-06
0bed396a-7496-5ce9-a755-c207fa12ada1,BV-04_20260626_0006.jpg,2026-06-26 07:55:18,BV-04,smartphone,saudavel,saudavel,0.9860,agrosmart-v1,simulado,sim-2026-06
569600a5-c348-542f-bc80-90a555ed29cc,TI-02_20260626_0009.jpg,2026-06-26 07:55:30,TI-02,drone,saudavel,saudavel,0.8663,agrosmart-v1,simulado,sim-2026-06
4559b212-d239-576a-914e-6bf333223473,SC-02_20260626_0002.jpg,2026-06-26 07:55:40,SC-02,smartphone,doente,requeima,0.9385,agrosmart-v1,simulado,sim-2026-06
4a7c6767-a023-54fb-8a6e-205b0d1478db,TI-02_20260626_0010.jpg,2026-06-26 07:55:58,TI-02,drone,saudavel,saudavel,0.9874,agrosmart-v1,simulado,sim-2026-06
610fd68f-cb92-5c7c-b1e6-8d44c2d3ac6a,BV-04_20260626_0007.jpg,2026-06-26 07:56:01,BV-04,smartphone,saudavel,saudavel,0.9835,agrosmart-v1,simulado,sim-2026-06
f1dc02cf-bd08-5200-abf0-b74bb21c7001,SC-02_20260626_0003.jpg,2026-06-26 07:56:14,SC-02,smartphone,saudavel,saudavel,0.9392,agrosmart-v1,simulado,sim-2026-06
ea1079e4-aaa2-56c6-983a-d804d0d61861,BV-04_20260626_0008.jpg,2026-06-26 07:56:33,BV-04,smartphone,saudavel,saudavel,0.8458,agrosmart-v1,simulado,sim-2026-06
4618b31c-e411-53dc-866a-1d54d98ed6ae,TI-02_20260626_0011.jpg,2026-06-26 07:56:50,TI-02,drone,saudavel,saudavel,0.9882,agrosmart-v1,simulado,sim-2026-06
21880d25-a957-506e-8240-f9e49014dbd2,SC-02_20260626_0004.jpg,2026-06-26 07:56:56,SC-02,smartphone,saudavel,saudavel,0.8548,agrosmart-v1,simulado,sim-2026-06
791f63d4-a9a7-59d0-8cf1-fc66e41f6356,BV-04_20260626_0009.jpg,2026-06-26 07:57:05,BV-04,smartphone,saudavel,saudavel,0.8251,agrosmart-v1,simulado,sim-2026-06
ce70ea9e-2b15-5759-aa14-7e5495375cbb,TI-02_20260626_0012.jpg,2026-06-26 07:57:28,TI-02,drone,saudavel,saudavel,0.9950,agrosmart-v1,simulado,sim-2026-06
d7c3e368-06bd-5777-a6f0-88b9f56fcf16,SC-02_20260626_0005.jpg,2026-06-26 07:57:48,SC-02,smartphone,doente,requeima,0.9693,agrosmart-v1,simulado,sim-2026-06
5467cd4a-e5b4-529f-955b-5de40040459d,TI-02_20260626_0013.jpg,2026-06-26 07:57:48,TI-02,drone,saudavel,saudavel,0.9005,agrosmart-v1,simulado,sim-2026-06
23a77ded-4db3-5e49-9165-ec175816a85d,BV-04_20260626_0010.jpg,2026-06-26 07:58:01,BV-04,smartphone,saudavel,saudavel,0.5770,agrosmart-v1,simulado,sim-2026-06
7541463e-6e31-50e9-9bce-56c726f9b6b3,SC-02_20260626_0006.jpg,2026-06-26 07:58:19,SC-02,smartphone,saudavel,saudavel,0.5562,agrosmart-v1,simulado,sim-2026-06
d25f4392-4073-5a3f-8991-c6a689a37821,BV-04_20260626_0011.jpg,2026-06-26 07:58:27,BV-04,smartphone,saudavel,saudavel,0.8617,agrosmart-v1,simulado,sim-2026-06
a7ca772c-231d-5d93-8ede-3d5898eb521b,TI-02_20260626_0014.jpg,2026-06-26 07:58:48,TI-02,drone,saudavel,saudavel,0.8324,agrosmart-v1,simulado,sim-2026-06
d445fd01-d884-5fce-9b90-94968717b3a4,SC-02_20260626_0007.jpg,2026-06-26 07:58:54,SC-02,smartphone,saudavel,saudavel,0.9428,agrosmart-v1,simulado,sim-2026-06
07da2876-b996-58f9-a788-459840d1c6bc,BV-04_20260626_0012.jpg,2026-06-26 07:59:09,BV-04,smartphone,saudavel,saudavel,0.8857,agrosmart-v1,simulado,sim-2026-06
3dfacb06-a60d-5b62-b0b3-c2cef771e909,TI-02_20260626_0015.jpg,2026-06-26 07:59:20,TI-02,drone,saudavel,saudavel,0.9964,agrosmart-v1,simulado,sim-2026-06
94db1393-9d65-5e4e-a84a-dbe87a60c1e7,SC-02_20260626_0008.jpg,2026-06-26 07:59:22,SC-02,smartphone,saudavel,saudavel,0.8942,agrosmart-v1,simulado,sim-2026-06
c236db83-889d-5e68-9856-429427525d0e,BV-04_20260626_0013.jpg,2026-06-26 07:59:52,BV-04,smartphone,saudavel,saudavel,0.8271,agrosmart-v1,simulado,sim-2026-06
6df4ec54-1155-51f9-adce-1fc30d59de7e,TI-02_20260626_0016.jpg,2026-06-26 07:59:56,TI-02,drone,saudavel,saudavel,0.9426,agrosmart-v1,simulado,sim-2026-06
7473e0f2-b657-5f32-8eac-adf0cc0aecd0,SC-02_20260626_0009.jpg,2026-06-26 08:00:10,SC-02,smartphone,saudavel,saudavel,0.8310,agrosmart-v1,simulado,sim-2026-06
3787a153-b180-5d97-8bc4-32fe1147e7a2,BV-04_20260626_0014.jpg,2026-06-26 08:00:32,BV-04,smartphone,saudavel,saudavel,0.8351,agrosmart-v1,simulado,sim-2026-06
3ce62296-eb91-51c9-ade0-17bf8873ea99,TI-02_20260626_0017.jpg,2026-06-26 08:00:35,TI-02,drone,saudavel,saudavel,0.8852,agrosmart-v1,simulado,sim-2026-06
4cc56431-1977-5f83-b3b2-a879f41b18c2,TI-04_20260626_0001.jpg,2026-06-26 08:00:40,TI-04,drone,saudavel,saudavel,0.9521,agrosmart-v1,simulado,sim-2026-06
b183ec87-50cf-58a2-8da6-acd52e67c355,SC-02_20260626_0010.jpg,2026-06-26 08:01:05,SC-02,smartphone,saudavel,saudavel,0.9936,agrosmart-v1,simulado,sim-2026-06
883e1929-89d7-594f-b489-41e67c5feee0,BV-04_20260626_0015.jpg,2026-06-26 08:01:20,BV-04,smartphone,saudavel,saudavel,0.9900,agrosmart-v1,simulado,sim-2026-06
4c9dd892-5864-5e16-abd1-643b14b853ec,TI-02_20260626_0018.jpg,2026-06-26 08:01:26,TI-02,drone,saudavel,saudavel,1.0000,agrosmart-v1,simulado,sim-2026-06
8d47ece1-7867-589e-b3c5-d36f7cad8021,TI-04_20260626_0002.jpg,2026-06-26 08:01:27,TI-04,drone,saudavel,saudavel,0.9953,agrosmart-v1,simulado,sim-2026-06
43e21417-f48d-5556-a196-880cddac894f,SC-02_20260626_0011.jpg,2026-06-26 08:01:40,SC-02,smartphone,saudavel,saudavel,0.9020,agrosmart-v1,simulado,sim-2026-06
aab32d9d-d73e-5e8f-b611-6675b891d0d3,BV-04_20260626_0016.jpg,2026-06-26 08:01:46,BV-04,smartphone,saudavel,saudavel,0.8641,agrosmart-v1,simulado,sim-2026-06
d7b65115-9909-59a4-bc5e-14ac26cd1b78,TI-02_20260626_0019.jpg,2026-06-26 08:01:47,TI-02,drone,saudavel,saudavel,0.8353,agrosmart-v1,simulado,sim-2026-06
3da5e626-dbd6-5e9d-b9c2-de6580d695cd,TI-04_20260626_0003.jpg,2026-06-26 08:02:01,TI-04,drone,saudavel,saudavel,0.9131,agrosmart-v1,simulado,sim-2026-06
d8c7c088-fa86-5534-8fb8-dd9f5e2aaa34,SC-02_20260626_0012.jpg,2026-06-26 08:02:26,SC-02,smartphone,doente,requeima,0.9252,agrosmart-v1,simulado,sim-2026-06
e0185fe1-eb5f-5571-84e9-671ffb4d3a64,BV-04_20260626_0017.jpg,2026-06-26 08:02:42,BV-04,smartphone,saudavel,saudavel,0.9866,agrosmart-v1,simulado,sim-2026-06
fe598a56-7a23-569f-81da-acbb3eb9b43c,SC-02_20260626_0013.jpg,2026-06-26 08:02:44,SC-02,smartphone,saudavel,saudavel,0.9306,agrosmart-v1,simulado,sim-2026-06
6ef0f304-d0b3-5f39-957a-92284a27578c,TI-02_20260626_0020.jpg,2026-06-26 08:02:46,TI-02,drone,saudavel,saudavel,0.8868,agrosmart-v1,simulado,sim-2026-06
2cd7e362-d53f-563c-abdb-5c50bce5bdc2,TI-04_20260626_0004.jpg,2026-06-26 08:02:53,TI-04,drone,saudavel,saudavel,0.9979,agrosmart-v1,simulado,sim-2026-06
7d905eba-8196-57fa-8d4b-c277e3950af8,BV-04_20260626_0018.jpg,2026-06-26 08:03:23,BV-04,smartphone,saudavel,saudavel,0.8482,agrosmart-v1,simulado,sim-2026-06
9ec41186-9447-51f6-86e1-8a1c30c75afa,TI-02_20260626_0021.jpg,2026-06-26 08:03:25,TI-02,drone,saudavel,saudavel,0.8516,agrosmart-v1,simulado,sim-2026-06
f762c7aa-0096-562c-80d3-103762809eee,TI-04_20260626_0005.jpg,2026-06-26 08:03:30,TI-04,drone,saudavel,saudavel,0.9800,agrosmart-v1,simulado,sim-2026-06
7b371b61-9132-5d21-9846-c2e22262c288,SC-02_20260626_0014.jpg,2026-06-26 08:03:37,SC-02,smartphone,doente,requeima,0.9438,agrosmart-v1,simulado,sim-2026-06
3253c0f6-6c38-55a2-8042-9947440bf0f7,TI-02_20260626_0022.jpg,2026-06-26 08:03:45,TI-02,drone,saudavel,saudavel,0.9657,agrosmart-v1,simulado,sim-2026-06
ec08b588-bbe5-5573-86f1-e48d23a44470,TI-04_20260626_0006.jpg,2026-06-26 08:04:03,TI-04,drone,saudavel,saudavel,0.9611,agrosmart-v1,simulado,sim-2026-06
56582080-381b-5e2b-9f2f-2aeaf54c4143,BV-04_20260626_0019.jpg,2026-06-26 08:04:05,BV-04,smartphone,saudavel,saudavel,0.9781,agrosmart-v1,simulado,sim-2026-06
722cd983-95f0-527e-95a9-3a0ffff99443,SC-02_20260626_0015.jpg,2026-06-26 08:04:06,SC-02,smartphone,doente,requeima,0.9994,agrosmart-v1,simulado,sim-2026-06
f10385e7-15d1-540b-896c-a30977fc98fe,TI-02_20260626_0023.jpg,2026-06-26 08:04:37,TI-02,drone,saudavel,saudavel,0.8838,agrosmart-v1,simulado,sim-2026-06
b1dde587-da89-5118-b784-9d05415f9588,TI-04_20260626_0007.jpg,2026-06-26 08:04:43,TI-04,drone,saudavel,saudavel,0.9947,agrosmart-v1,simulado,sim-2026-06
e76f2ddd-9bc0-5395-a121-847d393ba74c,BV-04_20260626_0020.jpg,2026-06-26 08:04:47,BV-04,smartphone,saudavel,saudavel,0.9213,agrosmart-v1,simulado,sim-2026-06
ea6b8bd7-8a93-5ab0-a660-4e2a60c1da9b,SC-02_20260626_0016.jpg,2026-06-26 08:04:49,SC-02,smartphone,saudavel,saudavel,0.9648,agrosmart-v1,simulado,sim-2026-06
efbd97a4-8282-5f6c-a6d4-ca3d2c3c68a1,BV-04_20260626_0021.jpg,2026-06-26 08:05:04,BV-04,smartphone,saudavel,saudavel,0.9219,agrosmart-v1,simulado,sim-2026-06
25884dc4-265b-59d6-8436-b7cf1a2c52dc,TI-02_20260626_0024.jpg,2026-06-26 08:05:24,TI-02,drone,saudavel,saudavel,0.8451,agrosmart-v1,simulado,sim-2026-06
85127274-9f2b-552f-bb2b-fa0ff8b6753e,TI-04_20260626_0008.jpg,2026-06-26 08:05:24,TI-04,drone,saudavel,saudavel,0.7520,agrosmart-v1,simulado,sim-2026-06
3236eb88-dc34-5073-a494-a4fddfec99f7,SC-02_20260626_0017.jpg,2026-06-26 08:05:32,SC-02,smartphone,doente,requeima,0.9757,agrosmart-v1,simulado,sim-2026-06
df8126f1-a06b-503d-9644-ffa208b7c12b,TI-02_20260626_0025.jpg,2026-06-26 08:05:40,TI-02,drone,saudavel,saudavel,0.9239,agrosmart-v1,simulado,sim-2026-06
2b661040-1535-5255-a55c-3bea22ee9946,BV-04_20260626_0022.jpg,2026-06-26 08:05:54,BV-04,smartphone,saudavel,saudavel,0.9878,agrosmart-v1,simulado,sim-2026-06
9f806a05-2513-5486-92ea-a5b061d6633b,TI-04_20260626_0009.jpg,2026-06-26 08:06:11,TI-04,drone,saudavel,saudavel,0.8498,agrosmart-v1,simulado,sim-2026-06
6bdd1b5e-a459-5b78-b880-2f5f1404c850,SC-02_20260626_0018.jpg,2026-06-26 08:06:25,SC-02,smartphone,doente,requeima,0.9990,agrosmart-v1,simulado,sim-2026-06
45b6377d-cedf-5c4b-bd76-1023e2ed7692,SC-02_20260626_0019.jpg,2026-06-26 08:06:48,SC-02,smartphone,doente,requeima,0.8268,agrosmart-v1,simulado,sim-2026-06
7d8f8502-3b3f-5630-9da7-9e18ecf846c6,BV-04_20260626_0023.jpg,2026-06-26 08:06:49,BV-04,smartphone,saudavel,saudavel,0.9865,agrosmart-v1,simulado,sim-2026-06
57291a90-fce1-538f-9762-1a329679e13f,TI-04_20260626_0010.jpg,2026-06-26 08:06:49,TI-04,drone,saudavel,saudavel,0.9559,agrosmart-v1,simulado,sim-2026-06
1ffdf871-0933-5971-a208-3ed8b48a49a0,TI-02_20260626_0026.jpg,2026-06-26 08:06:50,TI-02,drone,saudavel,saudavel,0.9296,agrosmart-v1,simulado,sim-2026-06
9c136abb-83dd-5d3c-be8f-329d325d1aae,BV-04_20260626_0024.jpg,2026-06-26 08:07:03,BV-04,smartphone,saudavel,saudavel,0.9583,agrosmart-v1,simulado,sim-2026-06
9405a3c4-bd6e-5a57-ada4-077190cdf86e,TI-02_20260626_0027.jpg,2026-06-26 08:07:09,TI-02,drone,saudavel,saudavel,0.8835,agrosmart-v1,simulado,sim-2026-06
f9b33fec-4a37-5f6a-a6cf-b75572daf599,SC-02_20260626_0020.jpg,2026-06-26 08:07:26,SC-02,smartphone,saudavel,saudavel,0.9966,agrosmart-v1,simulado,sim-2026-06
f3a00486-ccdb-555f-a40d-6b8824fc2de8,TI-04_20260626_0011.jpg,2026-06-26 08:07:26,TI-04,drone,saudavel,saudavel,0.9103,agrosmart-v1,simulado,sim-2026-06
d85a436b-1dfd-5295-837c-c55f900f1ec6,TI-02_20260626_0028.jpg,2026-06-26 08:07:47,TI-02,drone,saudavel,saudavel,0.8762,agrosmart-v1,simulado,sim-2026-06
1f0afe59-f32a-55ec-8eb5-abbf4575dd35,BV-04_20260626_0025.jpg,2026-06-26 08:07:54,BV-04,smartphone,saudavel,saudavel,0.9667,agrosmart-v1,simulado,sim-2026-06
d5e4c88b-201c-519b-937c-a153eb65d430,SC-02_20260626_0021.jpg,2026-06-26 08:08:03,SC-02,smartphone,doente,requeima,0.9622,agrosmart-v1,simulado,sim-2026-06
95509214-09a8-560d-aee1-7797fd02609e,TI-04_20260626_0012.jpg,2026-06-26 08:08:03,TI-04,drone,saudavel,saudavel,0.9442,agrosmart-v1,simulado,sim-2026-06
2799d30a-0f39-5a88-a6c4-92712d36fcf2,TI-02_20260626_0029.jpg,2026-06-26 08:08:20,TI-02,drone,saudavel,saudavel,0.9290,agrosmart-v1,simulado,sim-2026-06
419a8462-f8ec-540a-ad5e-8fc944bc8a07,BV-04_20260626_0026.jpg,2026-06-26 08:08:37,BV-04,smartphone,saudavel,saudavel,0.9589,agrosmart-v1,simulado,sim-2026-06
4dd9314e-3c1e-5aea-b5f2-9871ed119f44,SC-02_20260626_0022.jpg,2026-06-26 08:09:06,SC-02,smartphone,doente,requeima,0.9923,agrosmart-v1,simulado,sim-2026-06
9ee01ad8-6f71-525f-ac89-aaabd1295c4d,TI-04_20260626_0013.jpg,2026-06-26 08:09:08,TI-04,drone,saudavel,saudavel,0.9126,agrosmart-v1,simulado,sim-2026-06
41c266c1-03c3-5171-9a25-18f35b0f4292,BV-04_20260626_0027.jpg,2026-06-26 08:09:10,BV-04,smartphone,saudavel,saudavel,0.9972,agrosmart-v1,simulado,sim-2026-06
62c819f3-edba-5ce1-952c-b55c82e43eae,TI-02_20260626_0030.jpg,2026-06-26 08:09:30,TI-02,drone,saudavel,saudavel,0.9950,agrosmart-v1,simulado,sim-2026-06
28a35334-8b27-576d-852f-c749cce6a2cd,TI-04_20260626_0014.jpg,2026-06-26 08:09:30,TI-04,drone,saudavel,saudavel,0.9463,agrosmart-v1,simulado,sim-2026-06
63d49367-834a-5bab-99e0-159276d37f00,BV-04_20260626_0028.jpg,2026-06-26 08:09:43,BV-04,smartphone,saudavel,saudavel,0.9793,agrosmart-v1,simulado,sim-2026-06
421ae009-3336-5730-952b-c1c4c561d8e5,SC-02_20260626_0023.jpg,2026-06-26 08:09:47,SC-02,smartphone,saudavel,saudavel,0.5208,agrosmart-v1,simulado,sim-2026-06
a5910624-b8f3-56f3-b555-bd5e3a0e7280,TI-02_20260626_0031.jpg,2026-06-26 08:10:01,TI-02,drone,saudavel,saudavel,0.9901,agrosmart-v1,simulado,sim-2026-06
df22bb3a-25cb-551e-b72d-da2e5cbd85bc,TI-04_20260626_0015.jpg,2026-06-26 08:10:23,TI-04,drone,saudavel,saudavel,0.8746,agrosmart-v1,simulado,sim-2026-06
766eb30f-f7b5-57c4-9d0e-11952635e19d,SC-02_20260626_0024.jpg,2026-06-26 08:10:25,SC-02,smartphone,saudavel,saudavel,0.9545,agrosmart-v1,simulado,sim-2026-06
34aafa38-c79a-5b77-9692-d558f0f6a572,TI-04_20260626_0016.jpg,2026-06-26 08:10:41,TI-04,drone,saudavel,saudavel,0.9853,agrosmart-v1,simulado,sim-2026-06
2bb34e07-332f-50eb-8c3f-f547cd523135,SC-02_20260626_0025.jpg,2026-06-26 08:10:48,SC-02,smartphone,saudavel,saudavel,0.8811,agrosmart-v1,simulado,sim-2026-06
082e249e-5494-5bb4-a43e-5c99137fcf0f,TI-02_20260626_0032.jpg,2026-06-26 08:10:49,TI-02,drone,saudavel,saudavel,0.9283,agrosmart-v1,simulado,sim-2026-06
f3d3d860-34d9-594d-ab87-7bb71cbc2818,TI-02_20260626_0033.jpg,2026-06-26 08:11:06,TI-02,drone,saudavel,saudavel,0.9992,agrosmart-v1,simulado,sim-2026-06
dce070d0-faab-5869-9058-130d5194c148,TI-04_20260626_0017.jpg,2026-06-26 08:11:26,TI-04,drone,saudavel,saudavel,0.9554,agrosmart-v1,simulado,sim-2026-06
7a6bee61-c7f8-5bf0-a71a-0dac66981d92,SC-02_20260626_0026.jpg,2026-06-26 08:11:39,SC-02,smartphone,saudavel,saudavel,0.9999,agrosmart-v1,simulado,sim-2026-06
f0e39159-6977-52d1-ba1d-0a80124903d5,TI-02_20260626_0034.jpg,2026-06-26 08:11:52,TI-02,drone,saudavel,saudavel,0.9857,agrosmart-v1,simulado,sim-2026-06
13feaa2b-387b-55f4-8af1-019b38a60f19,SC-02_20260626_0027.jpg,2026-06-26 08:12:15,SC-02,smartphone,saudavel,saudavel,0.9485,agrosmart-v1,simulado,sim-2026-06
6aa1cb45-4db1-5c20-a4d7-b1c029dbc767,TI-04_20260626_0018.jpg,2026-06-26 08:12:25,TI-04,drone,saudavel,saudavel,0.8921,agrosmart-v1,simulado,sim-2026-06
eac2c8a6-bcf5-572e-a01c-482372ddd67a,TI-02_20260626_0035.jpg,2026-06-26 08:12:32,TI-02,drone,saudavel,saudavel,0.9956,agrosmart-v1,simulado,sim-2026-06
1b6d6ef3-5327-5d73-ada3-7b9b87aabf12,SC-02_20260626_0028.jpg,2026-06-26 08:12:43,SC-02,smartphone,saudavel,saudavel,0.9714,agrosmart-v1,simulado,sim-2026-06
8048cb04-e83f-5786-9992-a2b709fd1bd6,TI-04_20260626_0019.jpg,2026-06-26 08:13:04,TI-04,drone,saudavel,saudavel,0.9743,agrosmart-v1,simulado,sim-2026-06
33655cd6-433d-5e5b-8c86-6f58bd8fa4f2,TI-02_20260626_0036.jpg,2026-06-26 08:13:06,TI-02,drone,saudavel,saudavel,1.0000,agrosmart-v1,simulado,sim-2026-06
16ffe3dc-b85b-51e2-b475-33e4815c8cca,TI-04_20260626_0020.jpg,2026-06-26 08:13:29,TI-04,drone,saudavel,saudavel,0.9778,agrosmart-v1,simulado,sim-2026-06
3ae9a4bf-2535-5bde-9ca1-4fd926475533,SC-02_20260626_0029.jpg,2026-06-26 08:13:35,SC-02,smartphone,saudavel,saudavel,0.9878,agrosmart-v1,simulado,sim-2026-06
5da4de7c-c604-505d-a334-65b309ca52a8,TI-02_20260626_0037.jpg,2026-06-26 08:14:05,TI-02,drone,saudavel,saudavel,0.8290,agrosmart-v1,simulado,sim-2026-06
c9ee5c64-5c53-5998-a229-7d751c0d6083,SC-02_20260626_0030.jpg,2026-06-26 08:14:19,SC-02,smartphone,doente,requeima,0.5803,agrosmart-v1,simulado,sim-2026-06
7bedb6ee-3667-5f25-831b-6159170205fd,TI-04_20260626_0021.jpg,2026-06-26 08:14:19,TI-04,drone,saudavel,saudavel,0.8358,agrosmart-v1,simulado,sim-2026-06
bb5b74f2-2423-5381-8869-099982308702,TI-02_20260626_0038.jpg,2026-06-26 08:14:42,TI-02,drone,saudavel,saudavel,0.8764,agrosmart-v1,simulado,sim-2026-06
76ccb8fb-2f34-549a-aef8-f3f3ccf2b6d2,TI-04_20260626_0022.jpg,2026-06-26 08:14:46,TI-04,drone,saudavel,saudavel,0.8608,agrosmart-v1,simulado,sim-2026-06
ad404252-99b0-5d48-8dc1-bec4e5674d5c,SC-02_20260626_0031.jpg,2026-06-26 08:15:03,SC-02,smartphone,saudavel,saudavel,0.8568,agrosmart-v1,simulado,sim-2026-06
b9ac2e25-bb0b-5a0e-8695-26fdcecf2152,SC-02_20260626_0032.jpg,2026-06-26 08:15:22,SC-02,smartphone,doente,mosca_minadora,0.9247,agrosmart-v1,simulado,sim-2026-06
168d25be-0704-5f99-a0b0-79acce781629,TI-02_20260626_0039.jpg,2026-06-26 08:15:23,TI-02,drone,saudavel,saudavel,0.9565,agrosmart-v1,simulado,sim-2026-06
4c013a4e-7bad-505f-b278-1dc8da0a79f1,TI-04_20260626_0023.jpg,2026-06-26 08:15:31,TI-04,drone,saudavel,saudavel,0.5819,agrosmart-v1,simulado,sim-2026-06
e83939c7-8e5b-53c1-8ecc-9b3688a810fe,SC-02_20260626_0033.jpg,2026-06-26 08:16:05,SC-02,smartphone,doente,requeima,0.9143,agrosmart-v1,simulado,sim-2026-06
52d9f0d1-73f8-5d6d-b249-5605207c6d0b,TI-04_20260626_0024.jpg,2026-06-26 08:16:21,TI-04,drone,saudavel,saudavel,0.5617,agrosmart-v1,simulado,sim-2026-06
c7a787e4-0c78-5f04-b9ed-6efb4c95fed5,TI-04_20260626_0025.jpg,2026-06-26 08:16:41,TI-04,drone,saudavel,saudavel,0.7004,agrosmart-v1,simulado,sim-2026-06
8776c3c9-01fa-5417-bb56-1d04a2cc9c56,SC-02_20260626_0034.jpg,2026-06-26 08:16:44,SC-02,smartphone,saudavel,saudavel,0.9999,agrosmart-v1,simulado,sim-2026-06
30c2fa4c-b05b-5753-8286-7bc275a27294,TI-04_20260626_0026.jpg,2026-06-26 08:17:34,TI-04,drone,saudavel,saudavel,0.9828,agrosmart-v1,simulado,sim-2026-06
759affe2-1467-5e28-a228-8aba05cab525,TI-04_20260626_0027.jpg,2026-06-26 08:18:19,TI-04,drone,saudavel,saudavel,0.9047,agrosmart-v1,simulado,sim-2026-06
07da8a90-ba3f-5a57-8caf-fb6519122ae0,TI-04_20260626_0028.jpg,2026-06-26 08:19:01,TI-04,drone,saudavel,saudavel,0.8951,agrosmart-v1,simulado,sim-2026-06
40ce3efe-1d89-5bb4-937f-31655456858e,TI-04_20260626_0029.jpg,2026-06-26 08:19:30,TI-04,drone,saudavel,saudavel,0.8613,agrosmart-v1,simulado,sim-2026-06
3a6d4e4e-aeb0-5e0d-b0e6-b51792761dfd,TI-04_20260626_0030.jpg,2026-06-26 08:20:18,TI-04,drone,saudavel,saudavel,0.9989,agrosmart-v1,simulado,sim-2026-06
15651e12-d50e-504c-8718-ad744e6dd8cb,TI-04_20260626_0031.jpg,2026-06-26 08:21:07,TI-04,drone,saudavel,saudavel,0.9066,agrosmart-v1,simulado,sim-2026-06
af734407-cc4a-5d17-b156-6f568fbb0ccb,TI-04_20260626_0032.jpg,2026-06-26 08:21:41,TI-04,drone,saudavel,saudavel,0.9409,agrosmart-v1,simulado,sim-2026-06
c0ae351c-22de-5990-8845-5cf54fdff248,TI-04_20260626_0033.jpg,2026-06-26 08:22:26,TI-04,drone,saudavel,saudavel,0.9533,agrosmart-v1,simulado,sim-2026-06
0fd7139f-530c-5132-a492-cfaaf62ed0e1,TI-04_20260626_0034.jpg,2026-06-26 08:22:40,TI-04,drone,saudavel,saudavel,0.9945,agrosmart-v1,simulado,sim-2026-06
9378182a-2c4b-558d-99de-2011f128909b,SC-04_20260626_0001.jpg,2026-06-26 08:40:44,SC-04,smartphone,saudavel,saudavel,0.9821,agrosmart-v1,simulado,sim-2026-06
0b52b525-7fcc-5f86-beee-0bff4498318b,SC-04_20260626_0002.jpg,2026-06-26 08:41:47,SC-04,smartphone,saudavel,saudavel,0.9920,agrosmart-v1,simulado,sim-2026-06
7aeb58ca-5b14-5c2e-91de-f40d3bd09b6d,SC-04_20260626_0003.jpg,2026-06-26 08:42:20,SC-04,smartphone,saudavel,saudavel,0.9782,agrosmart-v1,simulado,sim-2026-06
d2380888-5d0a-582e-bc68-5f70ce1aee3f,SC-04_20260626_0004.jpg,2026-06-26 08:43:08,SC-04,smartphone,saudavel,saudavel,0.9907,agrosmart-v1,simulado,sim-2026-06
41968c74-da61-54f0-b892-919603ea058a,SC-04_20260626_0005.jpg,2026-06-26 08:43:41,SC-04,smartphone,saudavel,saudavel,0.9893,agrosmart-v1,simulado,sim-2026-06
4d8611a5-af0e-5629-a3f8-44bf663283d4,SC-04_20260626_0006.jpg,2026-06-26 08:44:06,SC-04,smartphone,saudavel,saudavel,0.8643,agrosmart-v1,simulado,sim-2026-06
efce58d5-8c65-542b-832b-cd9813ec7c1f,SC-04_20260626_0007.jpg,2026-06-26 08:45:02,SC-04,smartphone,saudavel,saudavel,0.9995,agrosmart-v1,simulado,sim-2026-06
02b0ab7d-8e74-516b-8fdc-0c561db299fb,SC-04_20260626_0008.jpg,2026-06-26 08:45:50,SC-04,smartphone,saudavel,saudavel,0.9920,agrosmart-v1,simulado,sim-2026-06
596a0288-dee9-5589-9b12-072eb7138529,SC-04_20260626_0009.jpg,2026-06-26 08:46:23,SC-04,smartphone,saudavel,saudavel,0.9014,agrosmart-v1,simulado,sim-2026-06
bbe151c2-b831-51d7-aebd-fd6245653701,SC-04_20260626_0010.jpg,2026-06-26 08:47:06,SC-04,smartphone,saudavel,saudavel,0.9981,agrosmart-v1,simulado,sim-2026-06
a99ff233-fe4c-5e85-878a-794a2ac90820,SC-04_20260626_0011.jpg,2026-06-26 08:47:50,SC-04,smartphone,saudavel,saudavel,0.9916,agrosmart-v1,simulado,sim-2026-06
91187b2a-8a76-5a42-8383-c2f59682af24,SC-04_20260626_0012.jpg,2026-06-26 08:48:16,SC-04,smartphone,saudavel,saudavel,0.9415,agrosmart-v1,simulado,sim-2026-06
130dc3e0-60b4-5b19-a78d-90ede52a3ece,SC-04_20260626_0013.jpg,2026-06-26 08:48:46,SC-04,smartphone,saudavel,saudavel,0.9233,agrosmart-v1,simulado,sim-2026-06
1bc94ccf-0718-5880-a1a6-470dc8bb0f53,SC-04_20260626_0014.jpg,2026-06-26 08:49:36,SC-04,smartphone,saudavel,saudavel,0.9342,agrosmart-v1,simulado,sim-2026-06
76933463-dbda-5fbf-9f53-c850d511333b,SC-04_20260626_0015.jpg,2026-06-26 08:50:19,SC-04,smartphone,saudavel,saudavel,0.8228,agrosmart-v1,simulado,sim-2026-06
a427d303-b224-5a91-8fd8-99cfac1e4baf,SC-04_20260626_0016.jpg,2026-06-26 08:51:09,SC-04,smartphone,saudavel,saudavel,0.5248,agrosmart-v1,simulado,sim-2026-06
0c9aeb20-c1f7-55a0-8efa-748c922050fe,SC-04_20260626_0017.jpg,2026-06-26 08:51:48,SC-04,smartphone,saudavel,saudavel,0.9432,agrosmart-v1,simulado,sim-2026-06
01365ded-2a12-5cc2-872e-c4f6dbb3ee95,SC-04_20260626_0018.jpg,2026-06-26 08:52:29,SC-04,smartphone,saudavel,saudavel,0.9538,agrosmart-v1,simulado,sim-2026-06
9882901d-4aef-5f8d-88d5-e81959373fd7,SC-04_20260626_0019.jpg,2026-06-26 08:52:43,SC-04,smartphone,saudavel,saudavel,0.9925,agrosmart-v1,simulado,sim-2026-06
b3964d98-8c9f-5bab-9535-ee68b2e25af6,SC-04_20260626_0020.jpg,2026-06-26 08:53:40,SC-04,smartphone,saudavel,saudavel,0.8520,agrosmart-v1,simulado,sim-2026-06
8ba2dc6c-df29-5f94-941c-40cecde75123,SC-04_20260626_0021.jpg,2026-06-26 08:54:17,SC-04,smartphone,saudavel,saudavel,0.8401,agrosmart-v1,simulado,sim-2026-06
3934524b-a7a4-5963-80ec-63beceaf641e,SC-04_20260626_0022.jpg,2026-06-26 08:54:57,SC-04,smartphone,saudavel,saudavel,0.7842,agrosmart-v1,simulado,sim-2026-06
958d7fb0-565f-5e19-ac00-4e56225ecfab,SC-04_20260626_0023.jpg,2026-06-26 08:55:44,SC-04,smartphone,saudavel,saudavel,0.9218,agrosmart-v1,simulado,sim-2026-06
a25b61dd-44b2-5443-a2f5-94ebd8936378,SC-04_20260626_0024.jpg,2026-06-26 08:56:13,SC-04,smartphone,saudavel,saudavel,0.9624,agrosmart-v1,simulado,sim-2026-06
b0b66dc0-9c51-5d5e-aa10-63e75fe9e6c4,SC-04_20260626_0025.jpg,2026-06-26 08:56:58,SC-04,smartphone,saudavel,saudavel,0.9859,agrosmart-v1,simulado,sim-2026-06
95407103-df75-501c-8e73-66c07a1a922b,SC-03_20260626_0001.jpg,2026-06-26 08:59:10,SC-03,smartphone,saudavel,saudavel,0.8671,agrosmart-v1,simulado,sim-2026-06
25cf2609-5eab-5ece-a8c4-6dedfcc52e8a,SC-03_20260626_0002.jpg,2026-06-26 08:59:36,SC-03,smartphone,saudavel,saudavel,0.8551,agrosmart-v1,simulado,sim-2026-06
1c4f37a1-2209-55e5-a1e7-c973a0f4c6ad,SC-03_20260626_0003.jpg,2026-06-26 09:00:13,SC-03,smartphone,saudavel,saudavel,0.9797,agrosmart-v1,simulado,sim-2026-06
b685b419-802d-5ac9-88b4-0e7c068f71df,SC-03_20260626_0004.jpg,2026-06-26 09:01:10,SC-03,smartphone,saudavel,saudavel,0.9632,agrosmart-v1,simulado,sim-2026-06
c6d313ee-703b-597d-af2a-e87f9de77c4a,SC-03_20260626_0005.jpg,2026-06-26 09:01:20,SC-03,smartphone,saudavel,saudavel,0.8245,agrosmart-v1,simulado,sim-2026-06
51b166a7-4c0c-5b7f-a033-717bd75490c7,SC-03_20260626_0006.jpg,2026-06-26 09:02:17,SC-03,smartphone,saudavel,saudavel,0.9926,agrosmart-v1,simulado,sim-2026-06
f0a849ff-8e62-5b67-81fb-994999fcbfe0,SC-03_20260626_0007.jpg,2026-06-26 09:02:44,SC-03,smartphone,saudavel,saudavel,0.8519,agrosmart-v1,simulado,sim-2026-06
8f2878b9-38c6-5147-bb94-7f9ad38d2400,SC-03_20260626_0008.jpg,2026-06-26 09:03:30,SC-03,smartphone,doente,requeima,0.9158,agrosmart-v1,simulado,sim-2026-06
8ca83997-086f-5b6d-a095-a3c44d4f6ae1,SC-03_20260626_0009.jpg,2026-06-26 09:04:26,SC-03,smartphone,doente,requeima,0.9059,agrosmart-v1,simulado,sim-2026-06
376ccec9-14d4-5282-a231-ede3a9469343,SC-03_20260626_0010.jpg,2026-06-26 09:04:49,SC-03,smartphone,saudavel,saudavel,0.6424,agrosmart-v1,simulado,sim-2026-06
1575c55e-1ca6-5f33-ad78-f735d479a58d,SC-03_20260626_0011.jpg,2026-06-26 09:05:44,SC-03,smartphone,saudavel,saudavel,0.8858,agrosmart-v1,simulado,sim-2026-06
a05be17e-b7ed-5361-bd62-5aef5450339d,SC-03_20260626_0012.jpg,2026-06-26 09:06:03,SC-03,smartphone,saudavel,saudavel,0.9792,agrosmart-v1,simulado,sim-2026-06
ba867164-8335-535b-aaa6-365b2d0483cb,SC-03_20260626_0013.jpg,2026-06-26 09:06:56,SC-03,smartphone,saudavel,saudavel,0.8699,agrosmart-v1,simulado,sim-2026-06
0d57161d-1cf0-57ed-9c96-91f7124ef6dd,SC-01_20260626_0001.jpg,2026-06-26 09:07:08,SC-01,smartphone,saudavel,saudavel,0.9998,agrosmart-v1,simulado,sim-2026-06
5c7b58b9-d9e0-5112-a296-09d27c6d249b,SC-01_20260626_0002.jpg,2026-06-26 09:07:21,SC-01,smartphone,saudavel,saudavel,0.8701,agrosmart-v1,simulado,sim-2026-06
851db7ce-4c9c-5dca-b4d0-45c4e022bfb4,SC-03_20260626_0014.jpg,2026-06-26 09:07:46,SC-03,smartphone,saudavel,saudavel,0.9444,agrosmart-v1,simulado,sim-2026-06
52f93aaa-3263-53d9-b82a-2fdef921ed6d,SC-03_20260626_0015.jpg,2026-06-26 09:08:06,SC-03,smartphone,saudavel,saudavel,0.8914,agrosmart-v1,simulado,sim-2026-06
b9c7501e-714d-553b-82f9-9f78e5c16bff,SC-01_20260626_0003.jpg,2026-06-26 09:08:12,SC-01,smartphone,saudavel,saudavel,0.9821,agrosmart-v1,simulado,sim-2026-06
8c777b8f-7c71-5973-91d3-b7b92e07a3ad,SC-01_20260626_0004.jpg,2026-06-26 09:09:04,SC-01,smartphone,saudavel,saudavel,0.9997,agrosmart-v1,simulado,sim-2026-06
c40ee1e7-658a-5f46-9417-2c7d8eb2fa5a,SC-03_20260626_0016.jpg,2026-06-26 09:09:09,SC-03,smartphone,saudavel,saudavel,0.9899,agrosmart-v1,simulado,sim-2026-06
6c093903-e1fb-52e6-8f4b-9caa3b06f6a9,SC-01_20260626_0005.jpg,2026-06-26 09:09:38,SC-01,smartphone,doente,requeima,0.8320,agrosmart-v1,simulado,sim-2026-06
b9a8dc48-5b8b-5334-9043-137f4a24838b,SC-03_20260626_0017.jpg,2026-06-26 09:09:38,SC-03,smartphone,saudavel,saudavel,0.9786,agrosmart-v1,simulado,sim-2026-06
fcd36c13-3326-5dae-8f9d-fda8bd76c459,SC-01_20260626_0006.jpg,2026-06-26 09:10:14,SC-01,smartphone,saudavel,saudavel,0.9538,agrosmart-v1,simulado,sim-2026-06
154d4720-5311-5c34-9f25-238b17af752d,SC-03_20260626_0018.jpg,2026-06-26 09:10:27,SC-03,smartphone,saudavel,saudavel,0.9690,agrosmart-v1,simulado,sim-2026-06
9d3745ce-5d51-5162-b52d-512ce0e9ea54,SC-01_20260626_0007.jpg,2026-06-26 09:10:52,SC-01,smartphone,saudavel,saudavel,0.8965,agrosmart-v1,simulado,sim-2026-06
f952f4bf-ef6c-5c30-b016-29f1a4462f53,SC-03_20260626_0019.jpg,2026-06-26 09:10:56,SC-03,smartphone,saudavel,saudavel,0.9993,agrosmart-v1,simulado,sim-2026-06
9fa200e2-ceea-529e-896c-041308a2ea16,SC-01_20260626_0008.jpg,2026-06-26 09:11:29,SC-01,smartphone,saudavel,saudavel,0.9856,agrosmart-v1,simulado,sim-2026-06
f1d9af8a-3627-5fe8-a978-a04e17e87464,SC-03_20260626_0020.jpg,2026-06-26 09:11:40,SC-03,smartphone,saudavel,saudavel,0.9070,agrosmart-v1,simulado,sim-2026-06
0501c166-cece-55eb-ab9c-8488d3070c04,SC-03_20260626_0021.jpg,2026-06-26 09:12:04,SC-03,smartphone,saudavel,saudavel,0.9661,agrosmart-v1,simulado,sim-2026-06
682f4d83-7041-5aa7-bb47-391bed8f3e19,SC-01_20260626_0009.jpg,2026-06-26 09:12:24,SC-01,smartphone,saudavel,saudavel,0.8789,agrosmart-v1,simulado,sim-2026-06
feec553b-d7ef-5c69-9f44-749050eb49e4,SC-01_20260626_0010.jpg,2026-06-26 09:12:41,SC-01,smartphone,saudavel,saudavel,0.9863,agrosmart-v1,simulado,sim-2026-06
3b064a99-9213-589e-9c77-5c735c5f010d,SC-03_20260626_0022.jpg,2026-06-26 09:13:02,SC-03,smartphone,saudavel,saudavel,0.9996,agrosmart-v1,simulado,sim-2026-06
11310837-4f26-58d2-8d49-2b18cf598b32,SC-03_20260626_0023.jpg,2026-06-26 09:13:36,SC-03,smartphone,doente,requeima,0.8224,agrosmart-v1,simulado,sim-2026-06
94d302e7-c3a1-5d99-b269-235dc4e22569,SC-01_20260626_0011.jpg,2026-06-26 09:13:38,SC-01,smartphone,saudavel,saudavel,0.8388,agrosmart-v1,simulado,sim-2026-06
add09863-a867-5dc2-9e43-dc323ab5d1f0,SC-01_20260626_0012.jpg,2026-06-26 09:14:02,SC-01,smartphone,saudavel,saudavel,0.9963,agrosmart-v1,simulado,sim-2026-06
f15bd7ed-026d-549b-bae4-40b17ce2ad3b,SC-03_20260626_0024.jpg,2026-06-26 09:14:26,SC-03,smartphone,saudavel,saudavel,0.8764,agrosmart-v1,simulado,sim-2026-06
69438874-3066-59a0-80c7-63e81be064ea,SC-01_20260626_0013.jpg,2026-06-26 09:14:40,SC-01,smartphone,saudavel,saudavel,0.9971,agrosmart-v1,simulado,sim-2026-06
e1611857-f102-5ba3-a16d-06d411fe1171,SC-03_20260626_0025.jpg,2026-06-26 09:14:48,SC-03,smartphone,saudavel,saudavel,0.8780,agrosmart-v1,simulado,sim-2026-06
af39f318-cbf1-5ad7-b68b-dc0e192eaa77,SC-03_20260626_0026.jpg,2026-06-26 09:15:24,SC-03,smartphone,doente,requeima,0.8978,agrosmart-v1,simulado,sim-2026-06
d8a53601-7d8d-5ccf-83a5-f8182f065ead,SC-01_20260626_0014.jpg,2026-06-26 09:15:40,SC-01,smartphone,saudavel,saudavel,0.8868,agrosmart-v1,simulado,sim-2026-06
a9557543-f499-5ed3-844e-cdba55a9f999,SC-03_20260626_0027.jpg,2026-06-26 09:16:03,SC-03,smartphone,doente,vaquinha,0.9935,agrosmart-v1,simulado,sim-2026-06
824be064-4e5b-5ac6-bed8-0eebaedf2251,SC-01_20260626_0015.jpg,2026-06-26 09:16:20,SC-01,smartphone,saudavel,saudavel,0.9987,agrosmart-v1,simulado,sim-2026-06
146bfbfa-c5db-5c65-8d64-a2bfc0dba76a,SC-03_20260626_0028.jpg,2026-06-26 09:16:46,SC-03,smartphone,saudavel,saudavel,0.8685,agrosmart-v1,simulado,sim-2026-06
b379d1f6-e38d-5543-a990-65583218f901,SC-01_20260626_0016.jpg,2026-06-26 09:17:00,SC-01,smartphone,saudavel,saudavel,0.8972,agrosmart-v1,simulado,sim-2026-06
73cbcbb9-e840-5db9-8faa-8cb528314ee1,SC-03_20260626_0029.jpg,2026-06-26 09:17:38,SC-03,smartphone,doente,requeima,0.9367,agrosmart-v1,simulado,sim-2026-06
61e9ae3e-b7a9-59db-8089-4724036c4f2a,SC-01_20260626_0017.jpg,2026-06-26 09:17:47,SC-01,smartphone,saudavel,saudavel,0.9399,agrosmart-v1,simulado,sim-2026-06
0de15642-89f4-5be1-a4e7-ba9712ff4a66,SC-01_20260626_0018.jpg,2026-06-26 09:18:18,SC-01,smartphone,doente,mosca_minadora,0.8773,agrosmart-v1,simulado,sim-2026-06
c5e2cb9e-5be7-59dd-9c6d-701f3da611ee,SC-03_20260626_0030.jpg,2026-06-26 09:18:22,SC-03,smartphone,saudavel,saudavel,0.9287,agrosmart-v1,simulado,sim-2026-06
48bef31f-9d8a-5611-98d4-aa9db084a8d2,SC-01_20260626_0019.jpg,2026-06-26 09:18:54,SC-01,smartphone,saudavel,saudavel,0.9019,agrosmart-v1,simulado,sim-2026-06
ca8bf5d0-e653-5843-a0a6-46a9fa59ee7f,SC-01_20260626_0020.jpg,2026-06-26 09:19:43,SC-01,smartphone,saudavel,saudavel,0.8959,agrosmart-v1,simulado,sim-2026-06
9b4529ec-7bea-525c-824c-f15881805a65,SC-01_20260626_0021.jpg,2026-06-26 09:20:17,SC-01,smartphone,doente,requeima,0.9639,agrosmart-v1,simulado,sim-2026-06
4e0172c9-6b0a-575f-90ba-39fa1a3cd1ab,SC-01_20260626_0022.jpg,2026-06-26 09:20:54,SC-01,smartphone,saudavel,saudavel,0.9667,agrosmart-v1,simulado,sim-2026-06
378dd7da-2095-57ba-86d2-22d718cddfac,SC-01_20260626_0023.jpg,2026-06-26 09:21:32,SC-01,smartphone,saudavel,saudavel,0.8725,agrosmart-v1,simulado,sim-2026-06
dbf570ce-b3f2-5d53-8fba-52079f0ecaa6,SC-01_20260626_0024.jpg,2026-06-26 09:22:30,SC-01,smartphone,saudavel,saudavel,0.8217,agrosmart-v1,simulado,sim-2026-06
25f93641-9724-5b7d-ba7d-c3fd4c3d90d0,SC-01_20260626_0025.jpg,2026-06-26 09:22:46,SC-01,smartphone,doente,requeima,0.8756,agrosmart-v1,simulado,sim-2026-06
f10fe903-6268-5b04-b7df-16288ea557a6,SC-01_20260626_0026.jpg,2026-06-26 09:23:26,SC-01,smartphone,doente,requeima,0.8795,agrosmart-v1,simulado,sim-2026-06
cb1488d7-c365-5062-825e-ea5c0fd45075,SC-01_20260626_0027.jpg,2026-06-26 09:24:06,SC-01,smartphone,saudavel,saudavel,0.9852,agrosmart-v1,simulado,sim-2026-06
f3dcab59-7e9d-5f96-bcf5-918b0d7597ab,SC-01_20260626_0028.jpg,2026-06-26 09:25:00,SC-01,smartphone,saudavel,saudavel,0.9498,agrosmart-v1,simulado,sim-2026-06
7867e1ea-022f-5020-b007-7c969af58df1,SC-01_20260626_0029.jpg,2026-06-26 09:25:33,SC-01,smartphone,saudavel,saudavel,0.9142,agrosmart-v1,simulado,sim-2026-06
4910f1f5-3b23-526d-8bcc-bce9213b8c61,SC-01_20260626_0030.jpg,2026-06-26 09:26:06,SC-01,smartphone,saudavel,saudavel,0.8629,agrosmart-v1,simulado,sim-2026-06
bb19b3da-3822-58bd-bf01-a587975814a8,SC-01_20260626_0031.jpg,2026-06-26 09:27:02,SC-01,smartphone,saudavel,saudavel,0.6239,agrosmart-v1,simulado,sim-2026-06
4552dfc1-e5b8-54df-b6bf-c37e70123286,SC-01_20260626_0032.jpg,2026-06-26 09:27:36,SC-01,smartphone,saudavel,saudavel,1.0000,agrosmart-v1,simulado,sim-2026-06
8f45a540-4e0d-5e26-a440-2aec4c0febe8,TI-01_20260626_0001.jpg,2026-06-26 09:27:50,TI-01,drone,saudavel,saudavel,0.8656,agrosmart-v1,simulado,sim-2026-06
edf8f048-a2f0-5a88-9163-f673d5403ad1,TI-01_20260626_0002.jpg,2026-06-26 09:28:46,TI-01,drone,saudavel,saudavel,0.9961,agrosmart-v1,simulado,sim-2026-06
245b17c4-e337-5a5c-97f7-3c463930e3bb,TI-01_20260626_0003.jpg,2026-06-26 09:29:19,TI-01,drone,saudavel,saudavel,0.9730,agrosmart-v1,simulado,sim-2026-06
0b4e6ffc-dc6e-5ac9-9d9b-f6f2c4abaa9c,TI-01_20260626_0004.jpg,2026-06-26 09:29:42,TI-01,drone,saudavel,saudavel,0.9216,agrosmart-v1,simulado,sim-2026-06
1e3e5a2f-416a-5f9e-a9f0-f9271c8e4267,TI-01_20260626_0005.jpg,2026-06-26 09:30:47,TI-01,drone,saudavel,saudavel,0.8629,agrosmart-v1,simulado,sim-2026-06
6078c162-69da-5b98-b03e-ff7add313f7e,TI-01_20260626_0006.jpg,2026-06-26 09:31:14,TI-01,drone,saudavel,saudavel,0.8925,agrosmart-v1,simulado,sim-2026-06
be84a3e0-e283-53c3-8436-0597ceac3ea9,TI-01_20260626_0007.jpg,2026-06-26 09:32:05,TI-01,drone,saudavel,saudavel,0.6322,agrosmart-v1,simulado,sim-2026-06
835b5a90-1853-510e-b18e-0ee9275f9378,TI-01_20260626_0008.jpg,2026-06-26 09:32:24,TI-01,drone,saudavel,saudavel,0.8498,agrosmart-v1,simulado,sim-2026-06
8d048ee7-3ca4-5781-974e-a17248382462,TI-01_20260626_0009.jpg,2026-06-26 09:33:11,TI-01,drone,saudavel,saudavel,0.9611,agrosmart-v1,simulado,sim-2026-06
29ac3abe-83e4-5b45-856f-92a5f273eea4,TI-01_20260626_0010.jpg,2026-06-26 09:33:50,TI-01,drone,saudavel,saudavel,0.8257,agrosmart-v1,simulado,sim-2026-06
6b5d56aa-05aa-55f0-b6bd-87b323f0b0b8,TI-01_20260626_0011.jpg,2026-06-26 09:34:31,TI-01,drone,saudavel,saudavel,0.8462,agrosmart-v1,simulado,sim-2026-06
db85e5eb-54c8-57b3-99c0-86af48aebc9d,TI-01_20260626_0012.jpg,2026-06-26 09:35:23,TI-01,drone,saudavel,saudavel,0.8307,agrosmart-v1,simulado,sim-2026-06
66b093ed-5844-59a6-ac35-4e17135a0982,TI-01_20260626_0013.jpg,2026-06-26 09:36:10,TI-01,drone,saudavel,saudavel,0.6373,agrosmart-v1,simulado,sim-2026-06
3285049a-1e33-5cea-b618-ced579eed110,TI-01_20260626_0014.jpg,2026-06-26 09:36:34,TI-01,drone,saudavel,saudavel,0.8557,agrosmart-v1,simulado,sim-2026-06
cf365e16-143a-5f4a-b88b-e06968f8fcb2,TI-01_20260626_0015.jpg,2026-06-26 09:37:25,TI-01,drone,saudavel,saudavel,0.9752,agrosmart-v1,simulado,sim-2026-06
201e10e8-bc27-5410-b0d4-333e89b4b51e,TI-01_20260626_0016.jpg,2026-06-26 09:37:57,TI-01,drone,saudavel,saudavel,0.9566,agrosmart-v1,simulado,sim-2026-06
8818558a-c94f-5d0f-91b6-37bf3ac35564,TI-01_20260626_0017.jpg,2026-06-26 09:38:50,TI-01,drone,saudavel,saudavel,0.9200,agrosmart-v1,simulado,sim-2026-06
7c4451bf-9f68-5cbd-b4b2-d99835b9f9f1,TI-01_20260626_0018.jpg,2026-06-26 09:39:04,TI-01,drone,saudavel,saudavel,0.9073,agrosmart-v1,simulado,sim-2026-06
0e51140a-ebc9-52ca-bb1e-1272b7889793,TI-01_20260626_0019.jpg,2026-06-26 09:40:03,TI-01,drone,doente,vaquinha,0.9955,agrosmart-v1,simulado,sim-2026-06
9beb3274-662d-5f85-8525-c05cc2fe1cff,TI-01_20260626_0020.jpg,2026-06-26 09:40:44,TI-01,drone,saudavel,saudavel,0.8222,agrosmart-v1,simulado,sim-2026-06
d417205d-76ff-5554-807d-a576543ede6f,TI-01_20260626_0021.jpg,2026-06-26 09:41:06,TI-01,drone,saudavel,saudavel,1.0000,agrosmart-v1,simulado,sim-2026-06
80d58fca-2f08-5d46-8ac8-152ebc43f1c3,TI-01_20260626_0022.jpg,2026-06-26 09:41:50,TI-01,drone,saudavel,saudavel,0.9895,agrosmart-v1,simulado,sim-2026-06
d042ec97-cc0b-5250-82a9-3549648268ac,TI-01_20260626_0023.jpg,2026-06-26 09:42:44,TI-01,drone,saudavel,saudavel,0.8964,agrosmart-v1,simulado,sim-2026-06
5780044e-956f-50fa-b4dc-1fd2766d8daa,TI-01_20260626_0024.jpg,2026-06-26 09:43:28,TI-01,drone,saudavel,saudavel,0.8981,agrosmart-v1,simulado,sim-2026-06
7be2ff0c-c9c7-56ed-9116-e70d6ce5b828,TI-01_20260626_0025.jpg,2026-06-26 09:43:46,TI-01,drone,saudavel,saudavel,0.9806,agrosmart-v1,simulado,sim-2026-06
697bd995-1a2b-54af-9771-514e317b09fa,TI-01_20260626_0026.jpg,2026-06-26 09:44:26,TI-01,drone,saudavel,saudavel,0.6505,agrosmart-v1,simulado,sim-2026-06
d1717a15-750c-5457-ae20-a864579f50fc,TI-01_20260626_0027.jpg,2026-06-26 09:45:09,TI-01,drone,saudavel,saudavel,1.0000,agrosmart-v1,simulado,sim-2026-06
0682da2a-f756-5fe1-a2ad-880ec8c9108a,TI-01_20260626_0028.jpg,2026-06-26 09:46:02,TI-01,drone,doente,mosca_minadora,0.9241,agrosmart-v1,simulado,sim-2026-06
b06c37ff-a0fe-589b-96cf-17df672c22e1,TI-01_20260626_0029.jpg,2026-06-26 09:46:40,TI-01,drone,saudavel,saudavel,0.8466,agrosmart-v1,simulado,sim-2026-06
a04cd330-5584-5e1a-ae57-3c95a52d46e4,TI-01_20260626_0030.jpg,2026-06-26 09:47:07,TI-01,drone,saudavel,saudavel,0.8587,agrosmart-v1,simulado,sim-2026-06
a3232046-504b-5cd7-adee-88e869cb1c4b,TI-01_20260626_0031.jpg,2026-06-26 09:48:09,TI-01,drone,saudavel,saudavel,0.9124,agrosmart-v1,simulado,sim-2026-06
30a9913d-1126-5041-87b0-b1c45b996eb1,TI-01_20260626_0032.jpg,2026-06-26 09:48:44,TI-01,drone,saudavel,saudavel,0.9634,agrosmart-v1,simulado,sim-2026-06
b4536ef0-60b1-57b4-9f1c-ec475316002d,TI-01_20260626_0033.jpg,2026-06-26 09:49:11,TI-01,drone,saudavel,saudavel,0.8955,agrosmart-v1,simulado,sim-2026-06
da001d70-7c60-5a44-8611-6af34db96bd1,TI-01_20260626_0034.jpg,2026-06-26 09:50:07,TI-01,drone,saudavel,saudavel,0.9159,agrosmart-v1,simulado,sim-2026-06
3dea7dc5-c4cc-53a0-bb57-24c3a082bdf2,TI-01_20260626_0035.jpg,2026-06-26 09:50:36,TI-01,drone,saudavel,saudavel,0.9768,agrosmart-v1,simulado,sim-2026-06
d5e2512d-7c63-5ebb-ad80-91502e9ef551,TI-01_20260626_0036.jpg,2026-06-26 09:51:07,TI-01,drone,saudavel,saudavel,0.8882,agrosmart-v1,simulado,sim-2026-06
a703e5fe-cc3a-51d6-8da6-be2f9b3eb1ee,TI-01_20260626_0037.jpg,2026-06-26 09:52:07,TI-01,drone,saudavel,saudavel,0.9994,agrosmart-v1,simulado,sim-2026-06
06aec676-c410-5273-9682-57c875ddda5a,TI-01_20260626_0038.jpg,2026-06-26 09:52:45,TI-01,drone,saudavel,saudavel,0.9506,agrosmart-v1,simulado,sim-2026-06
a594988a-d7e7-5875-9268-2d0e254ab5ab,TI-01_20260626_0039.jpg,2026-06-26 09:53:24,TI-01,drone,saudavel,saudavel,0.9955,agrosmart-v1,simulado,sim-2026-06
e2cbe1d2-d44c-5c3a-90bc-a0fd847545c8,TI-01_20260626_0040.jpg,2026-06-26 09:54:09,TI-01,drone,saudavel,saudavel,0.9035,agrosmart-v1,simulado,sim-2026-06
5c6cbce6-03df-5ffc-ae9d-2d880e69065e,TI-01_20260626_0041.jpg,2026-06-26 09:54:35,TI-01,drone,saudavel,saudavel,0.9990,agrosmart-v1,simulado,sim-2026-06
a1dd1853-0464-5f28-9590-ba1be17b54d3,TI-01_20260626_0042.jpg,2026-06-26 09:55:21,TI-01,drone,saudavel,saudavel,0.9513,agrosmart-v1,simulado,sim-2026-06
44db1829-cb7e-57a1-8e00-b38f54817b63,TI-01_20260626_0043.jpg,2026-06-26 09:55:45,TI-01,drone,saudavel,saudavel,0.8784,agrosmart-v1,simulado,sim-2026-06
7c555fcc-ede7-5815-bf21-c2ad66fa358e,TI-01_20260626_0044.jpg,2026-06-26 09:56:45,TI-01,drone,saudavel,saudavel,0.9992,agrosmart-v1,simulado,sim-2026-06
8a84b349-0c17-596d-b67b-e28e0dfc4673,TI-01_20260626_0045.jpg,2026-06-26 09:57:20,TI-01,drone,saudavel,saudavel,0.7818,agrosmart-v1,simulado,sim-2026-06
42cf149d-bdb5-51b2-beaf-2d190ba95150,TI-01_20260626_0046.jpg,2026-06-26 09:57:58,TI-01,drone,saudavel,saudavel,0.9605,agrosmart-v1,simulado,sim-2026-06
216caa8f-0104-5752-a7a3-0ba603b2c97e,TI-01_20260626_0047.jpg,2026-06-26 09:58:22,TI-01,drone,saudavel,saudavel,0.9148,agrosmart-v1,simulado,sim-2026-06
66b3cd3d-a450-565d-bb9a-78800adfe78a,TI-01_20260626_0048.jpg,2026-06-26 09:59:15,TI-01,drone,saudavel,saudavel,0.8336,agrosmart-v1,simulado,sim-2026-06
12169d59-4c9d-5663-a228-0e1eb22bbca7,TI-02_20260629_0001.jpg,2026-06-29 07:29:41,TI-02,drone,saudavel,saudavel,0.9884,agrosmart-v1,simulado,sim-2026-06
ba4e7714-c9ef-51d1-a7f0-451cae83c41b,TI-02_20260629_0002.jpg,2026-06-29 07:30:36,TI-02,drone,saudavel,saudavel,0.8288,agrosmart-v1,simulado,sim-2026-06
0be09452-07b7-5d2d-bc42-d6fbae8846b6,TI-02_20260629_0003.jpg,2026-06-29 07:31:04,TI-02,drone,saudavel,saudavel,0.9978,agrosmart-v1,simulado,sim-2026-06
e803c1b8-9a35-5f08-9c25-889fb227384f,TI-02_20260629_0004.jpg,2026-06-29 07:31:45,TI-02,drone,saudavel,saudavel,0.8528,agrosmart-v1,simulado,sim-2026-06
2f058aac-fc73-545c-8b3d-0851d1911f5e,TI-02_20260629_0005.jpg,2026-06-29 07:32:46,TI-02,drone,saudavel,saudavel,0.8883,agrosmart-v1,simulado,sim-2026-06
830ca4a3-9237-5386-9c5d-61b55e4676cd,TI-02_20260629_0006.jpg,2026-06-29 07:33:05,TI-02,drone,saudavel,saudavel,0.9263,agrosmart-v1,simulado,sim-2026-06
e1d2f63f-a172-5763-ab35-678ba6a4da80,TI-02_20260629_0007.jpg,2026-06-29 07:33:55,TI-02,drone,saudavel,saudavel,0.9898,agrosmart-v1,simulado,sim-2026-06
be300789-7a79-5c06-8e79-eefdb5d7e7cf,TI-02_20260629_0008.jpg,2026-06-29 07:34:21,TI-02,drone,saudavel,saudavel,0.9944,agrosmart-v1,simulado,sim-2026-06
f5f372f9-efc7-57e8-af74-28a1e224e780,TI-02_20260629_0009.jpg,2026-06-29 07:35:00,TI-02,drone,saudavel,saudavel,0.8416,agrosmart-v1,simulado,sim-2026-06
05531506-8f5d-52b3-8fbd-e7380d023d81,TI-02_20260629_0010.jpg,2026-06-29 07:36:04,TI-02,drone,saudavel,saudavel,0.8291,agrosmart-v1,simulado,sim-2026-06
8fc5456c-e018-5ad5-ae75-adc766166610,TI-02_20260629_0011.jpg,2026-06-29 07:36:20,TI-02,drone,saudavel,saudavel,0.9014,agrosmart-v1,simulado,sim-2026-06
d895f852-6401-5cfb-9495-0f8109694cd5,TI-02_20260629_0012.jpg,2026-06-29 07:37:27,TI-02,drone,saudavel,saudavel,0.8663,agrosmart-v1,simulado,sim-2026-06
3cfec80f-e213-5ea9-96b8-febd6a531297,TI-02_20260629_0013.jpg,2026-06-29 07:37:59,TI-02,drone,saudavel,saudavel,0.9944,agrosmart-v1,simulado,sim-2026-06
0347177f-6eb5-5434-bfc7-fe67319b3263,TI-02_20260629_0014.jpg,2026-06-29 07:38:24,TI-02,drone,saudavel,saudavel,0.9508,agrosmart-v1,simulado,sim-2026-06
4765617e-26fa-54b4-804b-3c1804936187,TI-02_20260629_0015.jpg,2026-06-29 07:39:07,TI-02,drone,saudavel,saudavel,0.9945,agrosmart-v1,simulado,sim-2026-06
166e44a1-8942-50a3-94e7-4ea3fd36f7c6,TI-02_20260629_0016.jpg,2026-06-29 07:40:08,TI-02,drone,saudavel,saudavel,0.9783,agrosmart-v1,simulado,sim-2026-06
bdebece6-c823-5a0e-bf1c-583cfbd27e9b,TI-02_20260629_0017.jpg,2026-06-29 07:40:23,TI-02,drone,saudavel,saudavel,0.9942,agrosmart-v1,simulado,sim-2026-06
87cc7a9a-ad21-50a2-94ce-d68a370ccc89,TI-02_20260629_0018.jpg,2026-06-29 07:41:30,TI-02,drone,saudavel,saudavel,0.9988,agrosmart-v1,simulado,sim-2026-06
5d09239f-7f14-5115-bb14-803bb8d257d0,TI-02_20260629_0019.jpg,2026-06-29 07:42:08,TI-02,drone,saudavel,saudavel,0.9801,agrosmart-v1,simulado,sim-2026-06
067095e1-ce71-5a08-9ac7-aaaef47008f8,TI-02_20260629_0020.jpg,2026-06-29 07:42:40,TI-02,drone,saudavel,saudavel,0.8348,agrosmart-v1,simulado,sim-2026-06
d20cddad-940c-565f-996c-4dee9d039410,TI-02_20260629_0021.jpg,2026-06-29 07:43:02,TI-02,drone,saudavel,saudavel,0.9549,agrosmart-v1,simulado,sim-2026-06
07e23bdf-ba10-5525-964d-f31208a90f70,TI-02_20260629_0022.jpg,2026-06-29 07:43:49,TI-02,drone,saudavel,saudavel,0.9993,agrosmart-v1,simulado,sim-2026-06
10e13131-0789-5140-92cc-fa0c8e699857,TI-02_20260629_0023.jpg,2026-06-29 07:44:29,TI-02,drone,saudavel,saudavel,0.8558,agrosmart-v1,simulado,sim-2026-06
2c6c397c-cd29-554e-9a0f-d168c6a076ea,TI-02_20260629_0024.jpg,2026-06-29 07:45:27,TI-02,drone,saudavel,saudavel,0.9992,agrosmart-v1,simulado,sim-2026-06
f3a03f9a-26d6-5211-badb-9b418c6e5441,TI-02_20260629_0025.jpg,2026-06-29 07:45:55,TI-02,drone,saudavel,saudavel,0.9935,agrosmart-v1,simulado,sim-2026-06
4a60eb82-8d9f-569c-913d-da8041fdf026,TI-02_20260629_0026.jpg,2026-06-29 07:46:27,TI-02,drone,saudavel,saudavel,0.9362,agrosmart-v1,simulado,sim-2026-06
d5a67ea8-63c7-5149-8d40-28f3c388a651,TI-02_20260629_0027.jpg,2026-06-29 07:47:06,TI-02,drone,saudavel,saudavel,0.9240,agrosmart-v1,simulado,sim-2026-06
b3a10c32-69e3-5222-be35-01c9dc8a36de,TI-02_20260629_0028.jpg,2026-06-29 07:48:03,TI-02,drone,saudavel,saudavel,0.9374,agrosmart-v1,simulado,sim-2026-06
4beae96f-ccda-5286-bfcd-a83f8f51e96b,TI-02_20260629_0029.jpg,2026-06-29 07:48:47,TI-02,drone,saudavel,saudavel,0.8736,agrosmart-v1,simulado,sim-2026-06
ea8efa87-d483-5a27-b6d1-a4f1a2e8a237,BV-04_20260629_0001.jpg,2026-06-29 07:48:51,BV-04,smartphone,saudavel,saudavel,0.9722,agrosmart-v1,simulado,sim-2026-06
67944a04-cbbd-5317-ab8b-70507b1ba059,TI-02_20260629_0030.jpg,2026-06-29 07:49:06,TI-02,drone,saudavel,saudavel,0.8416,agrosmart-v1,simulado,sim-2026-06
fce68ace-d2e9-5294-ae9e-29bf16832e6c,BV-04_20260629_0002.jpg,2026-06-29 07:49:46,BV-04,smartphone,saudavel,saudavel,0.9133,agrosmart-v1,simulado,sim-2026-06
7d68a746-7759-57ca-95c1-3d9a61db8b22,TI-02_20260629_0031.jpg,2026-06-29 07:49:50,TI-02,drone,saudavel,saudavel,0.8695,agrosmart-v1,simulado,sim-2026-06
551e982b-f29e-5f06-b038-a36779f7993f,BV-04_20260629_0003.jpg,2026-06-29 07:50:03,BV-04,smartphone,saudavel,saudavel,0.9210,agrosmart-v1,simulado,sim-2026-06
610c9eba-12e7-51e3-a2e8-6a643a210c70,TI-02_20260629_0032.jpg,2026-06-29 07:50:48,TI-02,drone,saudavel,saudavel,0.9522,agrosmart-v1,simulado,sim-2026-06
eebc683a-146e-56ec-be84-152512078673,BV-04_20260629_0004.jpg,2026-06-29 07:50:50,BV-04,smartphone,saudavel,saudavel,1.0000,agrosmart-v1,simulado,sim-2026-06
027787ef-84ed-5eb4-a0b7-df4f812298e1,TI-02_20260629_0033.jpg,2026-06-29 07:51:05,TI-02,drone,saudavel,saudavel,0.9617,agrosmart-v1,simulado,sim-2026-06
51614247-861a-5018-9a71-e7504bbbc631,BV-04_20260629_0005.jpg,2026-06-29 07:51:39,BV-04,smartphone,saudavel,saudavel,0.9887,agrosmart-v1,simulado,sim-2026-06
7b86c4b8-ab6e-548c-9b9c-cfe0e18169ca,TI-02_20260629_0034.jpg,2026-06-29 07:51:44,TI-02,drone,saudavel,saudavel,0.9224,agrosmart-v1,simulado,sim-2026-06
b293b464-a4cf-5abd-82c6-74508bc3e871,BV-04_20260629_0006.jpg,2026-06-29 07:52:22,BV-04,smartphone,saudavel,saudavel,0.9982,agrosmart-v1,simulado,sim-2026-06
10519876-23e8-5691-a85c-30568b066c94,TI-02_20260629_0035.jpg,2026-06-29 07:52:26,TI-02,drone,saudavel,saudavel,0.8745,agrosmart-v1,simulado,sim-2026-06
77b1da00-1bbd-5e6e-b513-358e931c1ea4,BV-04_20260629_0007.jpg,2026-06-29 07:52:52,BV-04,smartphone,saudavel,saudavel,0.8995,agrosmart-v1,simulado,sim-2026-06
a46c9493-58d7-5df0-b2c4-4b5de477eb04,TI-02_20260629_0036.jpg,2026-06-29 07:53:23,TI-02,drone,saudavel,saudavel,0.9999,agrosmart-v1,simulado,sim-2026-06
73923091-f6bc-5f2a-b4e0-9647f61c3f27,BV-04_20260629_0008.jpg,2026-06-29 07:53:31,BV-04,smartphone,saudavel,saudavel,0.9343,agrosmart-v1,simulado,sim-2026-06
d110d92b-01f9-5804-b11a-8bb56949ae1c,TI-02_20260629_0037.jpg,2026-06-29 07:53:41,TI-02,drone,saudavel,saudavel,0.9966,agrosmart-v1,simulado,sim-2026-06
90eb9207-2c9a-5aad-8057-3c8389f058c2,BV-04_20260629_0009.jpg,2026-06-29 07:54:01,BV-04,smartphone,saudavel,saudavel,0.9306,agrosmart-v1,simulado,sim-2026-06
c1e9edf3-34e9-5958-9cfa-13e2366a2e29,TI-02_20260629_0038.jpg,2026-06-29 07:54:35,TI-02,drone,saudavel,saudavel,0.9948,agrosmart-v1,simulado,sim-2026-06
b98df13c-6f25-527d-ad7c-4693d9a13a42,BV-04_20260629_0010.jpg,2026-06-29 07:54:41,BV-04,smartphone,saudavel,saudavel,0.7000,agrosmart-v1,simulado,sim-2026-06
2fef3ba2-a6f5-5e8d-a2eb-b714780740e9,TI-02_20260629_0039.jpg,2026-06-29 07:55:12,TI-02,drone,saudavel,saudavel,0.8325,agrosmart-v1,simulado,sim-2026-06
781f779f-8360-59d2-a01b-ee197d361b96,BV-04_20260629_0011.jpg,2026-06-29 07:55:45,BV-04,smartphone,saudavel,saudavel,0.9199,agrosmart-v1,simulado,sim-2026-06
1ab1dd70-ac5b-5de5-b758-d9cad227e0a2,TI-02_20260629_0040.jpg,2026-06-29 07:55:46,TI-02,drone,saudavel,saudavel,0.8226,agrosmart-v1,simulado,sim-2026-06
fb62e892-327d-5bb4-a317-6a79a24cf900,BV-04_20260629_0012.jpg,2026-06-29 07:56:02,BV-04,smartphone,saudavel,saudavel,0.9676,agrosmart-v1,simulado,sim-2026-06
a03c36c5-e311-5feb-bfe2-553c856b304a,TI-02_20260629_0041.jpg,2026-06-29 07:56:32,TI-02,drone,saudavel,saudavel,0.9770,agrosmart-v1,simulado,sim-2026-06
cfd89f04-cc7a-5a98-a686-e3da0bea0026,TI-02_20260629_0042.jpg,2026-06-29 07:57:00,TI-02,drone,saudavel,saudavel,0.8746,agrosmart-v1,simulado,sim-2026-06
de2b58cb-459b-5f6e-a5c2-a1b94979d18d,BV-04_20260629_0013.jpg,2026-06-29 07:57:07,BV-04,smartphone,saudavel,saudavel,0.9933,agrosmart-v1,simulado,sim-2026-06
13d61d67-afbd-554b-9b63-8ed7d30e770b,BV-04_20260629_0014.jpg,2026-06-29 07:57:28,BV-04,smartphone,saudavel,saudavel,0.8996,agrosmart-v1,simulado,sim-2026-06
14c14910-6527-5fcc-b1cd-41d67903038c,TI-02_20260629_0043.jpg,2026-06-29 07:57:49,TI-02,drone,saudavel,saudavel,0.9893,agrosmart-v1,simulado,sim-2026-06
67cca6ff-7530-5e79-b971-cb41f2f92b1e,BV-04_20260629_0015.jpg,2026-06-29 07:58:02,BV-04,smartphone,saudavel,saudavel,0.9986,agrosmart-v1,simulado,sim-2026-06
bef25f1a-3aaa-5e2f-bf09-c5902dfccc74,TI-02_20260629_0044.jpg,2026-06-29 07:58:21,TI-02,drone,saudavel,saudavel,0.9676,agrosmart-v1,simulado,sim-2026-06
7ca33458-d65c-5424-a5ca-58c33ba7d871,BV-04_20260629_0016.jpg,2026-06-29 07:58:41,BV-04,smartphone,saudavel,saudavel,0.9443,agrosmart-v1,simulado,sim-2026-06
f1f70cf4-2084-5b4b-a612-f4bdc7118949,BV-04_20260629_0017.jpg,2026-06-29 07:59:44,BV-04,smartphone,saudavel,saudavel,0.8688,agrosmart-v1,simulado,sim-2026-06
526717a4-f4e6-576a-8529-6d8bde5fa136,BV-04_20260629_0018.jpg,2026-06-29 08:00:12,BV-04,smartphone,saudavel,saudavel,0.9298,agrosmart-v1,simulado,sim-2026-06
331792cf-a790-548c-913b-ea9ba2fcea1f,BV-04_20260629_0019.jpg,2026-06-29 08:01:01,BV-04,smartphone,saudavel,saudavel,0.8499,agrosmart-v1,simulado,sim-2026-06
992d1f46-18fb-51b5-a032-eaafe0964566,BV-04_20260629_0020.jpg,2026-06-29 08:01:47,BV-04,smartphone,saudavel,saudavel,0.9971,agrosmart-v1,simulado,sim-2026-06
91c3e355-e18d-5986-8ce9-40ee9eb6792e,BV-04_20260629_0021.jpg,2026-06-29 08:02:06,BV-04,smartphone,saudavel,saudavel,0.9875,agrosmart-v1,simulado,sim-2026-06
d42de424-f548-52f9-b725-7fb2a11c0ffd,BV-04_20260629_0022.jpg,2026-06-29 08:02:43,BV-04,smartphone,saudavel,saudavel,0.8578,agrosmart-v1,simulado,sim-2026-06
f92aa9d8-e689-532d-ba66-ec850d8ac562,BV-04_20260629_0023.jpg,2026-06-29 08:03:50,BV-04,smartphone,saudavel,saudavel,0.9290,agrosmart-v1,simulado,sim-2026-06
1b21a726-86c3-55a7-a13e-78dddabda2a0,BV-04_20260629_0024.jpg,2026-06-29 08:04:28,BV-04,smartphone,saudavel,saudavel,0.8308,agrosmart-v1,simulado,sim-2026-06
c85d5040-bdd4-5c72-a862-651d9ce8184b,BV-04_20260629_0025.jpg,2026-06-29 08:04:42,BV-04,smartphone,saudavel,saudavel,0.9971,agrosmart-v1,simulado,sim-2026-06
b125b21a-ca43-52e2-ae0f-23a454dbc4c5,BV-01_20260629_0001.jpg,2026-06-29 08:09:59,BV-01,smartphone,saudavel,saudavel,0.8864,agrosmart-v1,simulado,sim-2026-06
60003536-b821-5e67-9a01-267933a31572,BV-01_20260629_0002.jpg,2026-06-29 08:10:22,BV-01,smartphone,saudavel,saudavel,0.9797,agrosmart-v1,simulado,sim-2026-06
5d0ad088-eeef-542f-8d82-3358a06020fa,BV-01_20260629_0003.jpg,2026-06-29 08:11:16,BV-01,smartphone,saudavel,saudavel,0.9181,agrosmart-v1,simulado,sim-2026-06
e99d886c-084a-58ad-9ad1-506a6eb83b3e,BV-01_20260629_0004.jpg,2026-06-29 08:11:43,BV-01,smartphone,saudavel,saudavel,0.9610,agrosmart-v1,simulado,sim-2026-06
99e24386-def3-5ea0-a70b-1e669a08a100,BV-01_20260629_0005.jpg,2026-06-29 08:12:31,BV-01,smartphone,saudavel,saudavel,0.9438,agrosmart-v1,simulado,sim-2026-06
9c6d6561-69c8-535e-8309-9dfebefdb5ab,BV-01_20260629_0006.jpg,2026-06-29 08:13:22,BV-01,smartphone,saudavel,saudavel,0.9966,agrosmart-v1,simulado,sim-2026-06
371052ed-b208-5689-8989-8945f95f41a3,BV-01_20260629_0007.jpg,2026-06-29 08:13:57,BV-01,smartphone,saudavel,saudavel,0.9588,agrosmart-v1,simulado,sim-2026-06
012569a3-554c-5c4e-9689-cb2f02b6f7c0,BV-01_20260629_0008.jpg,2026-06-29 08:14:38,BV-01,smartphone,saudavel,saudavel,0.9111,agrosmart-v1,simulado,sim-2026-06
2897d4fe-0d9e-50fa-886c-f6bb74b6da91,BV-01_20260629_0009.jpg,2026-06-29 08:15:24,BV-01,smartphone,saudavel,saudavel,0.9776,agrosmart-v1,simulado,sim-2026-06
d66e81b9-9769-55b2-855d-3b1e3c78a323,BV-01_20260629_0010.jpg,2026-06-29 08:16:01,BV-01,smartphone,saudavel,saudavel,0.9995,agrosmart-v1,simulado,sim-2026-06
4a9f0fc2-76ef-558a-885a-e55faa8d1301,BV-01_20260629_0011.jpg,2026-06-29 08:16:34,BV-01,smartphone,saudavel,saudavel,0.9501,agrosmart-v1,simulado,sim-2026-06
1ac821ff-9143-5f3d-959d-9b08071e9f2b,BV-01_20260629_0012.jpg,2026-06-29 08:17:22,BV-01,smartphone,saudavel,saudavel,0.8774,agrosmart-v1,simulado,sim-2026-06
7387f917-1447-5bd6-a15e-2bd692f9ab62,BV-01_20260629_0013.jpg,2026-06-29 08:17:54,BV-01,smartphone,saudavel,saudavel,0.8848,agrosmart-v1,simulado,sim-2026-06
20dd6cd7-8ae0-5dd4-8f4d-8c4402fbdd75,BV-01_20260629_0014.jpg,2026-06-29 08:18:45,BV-01,smartphone,saudavel,saudavel,0.8596,agrosmart-v1,simulado,sim-2026-06
34cf950d-5221-55f8-be77-781a91f96f0e,BV-01_20260629_0015.jpg,2026-06-29 08:19:28,BV-01,smartphone,saudavel,saudavel,0.9988,agrosmart-v1,simulado,sim-2026-06
fc999c52-02d8-59c6-a9a1-88dd939a49c7,BV-01_20260629_0016.jpg,2026-06-29 08:19:49,BV-01,smartphone,saudavel,saudavel,0.9989,agrosmart-v1,simulado,sim-2026-06
1a29f217-b0c4-5226-b4d7-a69250e56538,SC-01_20260629_0001.jpg,2026-06-29 08:19:57,SC-01,smartphone,saudavel,saudavel,0.9911,agrosmart-v1,simulado,sim-2026-06
724964bc-8b20-5216-b8ec-432aa904d608,BV-01_20260629_0017.jpg,2026-06-29 08:20:23,BV-01,smartphone,saudavel,saudavel,0.9557,agrosmart-v1,simulado,sim-2026-06
8429c5e1-43fe-5b9d-8c2f-b584d8407159,SC-01_20260629_0002.jpg,2026-06-29 08:20:23,SC-01,smartphone,saudavel,saudavel,0.9603,agrosmart-v1,simulado,sim-2026-06
d73c2074-ede5-570a-b100-3735ecc66833,SC-01_20260629_0003.jpg,2026-06-29 08:21:10,SC-01,smartphone,saudavel,saudavel,0.9637,agrosmart-v1,simulado,sim-2026-06
f6213f0d-f037-52ca-9c9f-9b436235b98b,BV-01_20260629_0018.jpg,2026-06-29 08:21:16,BV-01,smartphone,saudavel,saudavel,0.9999,agrosmart-v1,simulado,sim-2026-06
4283075b-3430-5a8a-bc84-70c1622ac272,SC-01_20260629_0004.jpg,2026-06-29 08:21:55,SC-01,smartphone,saudavel,saudavel,0.9966,agrosmart-v1,simulado,sim-2026-06
bb36d12b-ab20-56a9-a8e5-77f129b42c74,BV-01_20260629_0019.jpg,2026-06-29 08:22:01,BV-01,smartphone,saudavel,saudavel,0.9969,agrosmart-v1,simulado,sim-2026-06
f05a15c6-7a86-5bfb-b281-12e1607fe9ca,BV-01_20260629_0020.jpg,2026-06-29 08:22:34,BV-01,smartphone,saudavel,saudavel,0.9999,agrosmart-v1,simulado,sim-2026-06
4e3ef689-dc5b-58fa-a814-dd06ea3adc50,SC-01_20260629_0005.jpg,2026-06-29 08:22:47,SC-01,smartphone,saudavel,saudavel,0.9438,agrosmart-v1,simulado,sim-2026-06
ab394bd8-5734-5aa2-be83-92619d235f65,BV-01_20260629_0021.jpg,2026-06-29 08:23:00,BV-01,smartphone,saudavel,saudavel,0.9903,agrosmart-v1,simulado,sim-2026-06
37695304-8864-5894-a0fa-a66f7dc0ca24,SC-01_20260629_0006.jpg,2026-06-29 08:23:24,SC-01,smartphone,saudavel,saudavel,0.9907,agrosmart-v1,simulado,sim-2026-06
f10727fb-a11a-56b6-8e59-da67ab864c12,TI-04_20260629_0001.jpg,2026-06-29 08:23:55,TI-04,drone,saudavel,saudavel,0.9482,agrosmart-v1,simulado,sim-2026-06
f7547efa-9598-550b-93f8-3de4ee7861f8,SC-01_20260629_0007.jpg,2026-06-29 08:23:56,SC-01,smartphone,saudavel,saudavel,0.8232,agrosmart-v1,simulado,sim-2026-06
090b239f-e6e1-5955-ad84-4f1096e6bcb2,BV-01_20260629_0022.jpg,2026-06-29 08:24:00,BV-01,smartphone,saudavel,saudavel,0.9397,agrosmart-v1,simulado,sim-2026-06
9960f990-61e0-5a81-b404-ffb04d7cf8a4,SC-01_20260629_0008.jpg,2026-06-29 08:24:34,SC-01,smartphone,saudavel,saudavel,0.9770,agrosmart-v1,simulado,sim-2026-06
95ebeda5-0de6-557a-a46a-6901a153a5bf,BV-01_20260629_0023.jpg,2026-06-29 08:24:45,BV-01,smartphone,saudavel,saudavel,0.9366,agrosmart-v1,simulado,sim-2026-06
c901e3c5-c1e2-5932-9571-a27824ff5f49,TI-04_20260629_0002.jpg,2026-06-29 08:24:47,TI-04,drone,saudavel,saudavel,0.9776,agrosmart-v1,simulado,sim-2026-06
0fced71e-9680-58ff-8749-a7c953513460,TI-04_20260629_0003.jpg,2026-06-29 08:25:16,TI-04,drone,saudavel,saudavel,0.9827,agrosmart-v1,simulado,sim-2026-06
690cfac9-b52b-5a50-9b16-03024427f2a8,BV-01_20260629_0024.jpg,2026-06-29 08:25:26,BV-01,smartphone,saudavel,saudavel,0.9622,agrosmart-v1,simulado,sim-2026-06
8a83058d-7516-5dfd-806b-7c57a1d57d80,SC-01_20260629_0009.jpg,2026-06-29 08:25:29,SC-01,smartphone,saudavel,saudavel,0.9169,agrosmart-v1,simulado,sim-2026-06
b744f105-ea1e-582e-a0c2-932a46c14afd,TI-04_20260629_0004.jpg,2026-06-29 08:25:50,TI-04,drone,saudavel,saudavel,0.9937,agrosmart-v1,simulado,sim-2026-06
93167966-3cdc-5baf-b771-522154abc79e,SC-01_20260629_0010.jpg,2026-06-29 08:25:53,SC-01,smartphone,doente,requeima,0.6382,agrosmart-v1,simulado,sim-2026-06
e59db983-3b03-5b11-8a6e-ab94be9e6cc3,BV-01_20260629_0025.jpg,2026-06-29 08:26:08,BV-01,smartphone,saudavel,saudavel,0.9947,agrosmart-v1,simulado,sim-2026-06
9239ae0e-7a2e-5478-a6d2-021263a86746,SC-01_20260629_0011.jpg,2026-06-29 08:26:23,SC-01,smartphone,saudavel,saudavel,0.9255,agrosmart-v1,simulado,sim-2026-06
908adaf6-49bc-52ca-9a79-a44ee7335c52,TI-04_20260629_0005.jpg,2026-06-29 08:26:27,TI-04,drone,saudavel,saudavel,0.9999,agrosmart-v1,simulado,sim-2026-06
6caf4723-f4d4-5f1a-a4e6-a611fd8502bf,BV-01_20260629_0026.jpg,2026-06-29 08:26:35,BV-01,smartphone,saudavel,saudavel,0.9851,agrosmart-v1,simulado,sim-2026-06
dd581bc3-32f7-5af7-bfe7-67d0af98bebd,BV-01_20260629_0027.jpg,2026-06-29 08:27:04,BV-01,smartphone,saudavel,saudavel,0.9626,agrosmart-v1,simulado,sim-2026-06
ce7b8816-b37b-51cf-a177-b548abcd4993,SC-01_20260629_0012.jpg,2026-06-29 08:27:19,SC-01,smartphone,saudavel,saudavel,0.8447,agrosmart-v1,simulado,sim-2026-06
1dfc4ed0-bf2e-5dd7-b92c-b7f3f123cd70,TI-04_20260629_0006.jpg,2026-06-29 08:27:27,TI-04,drone,saudavel,saudavel,0.8483,agrosmart-v1,simulado,sim-2026-06
f33d6e7e-ac5a-5759-a228-4d5cb584d5cb,SC-01_20260629_0013.jpg,2026-06-29 08:27:50,SC-01,smartphone,saudavel,saudavel,0.9610,agrosmart-v1,simulado,sim-2026-06
7fe101f2-1a5c-51b2-9de1-cad29f134d79,TI-04_20260629_0007.jpg,2026-06-29 08:27:50,TI-04,drone,saudavel,saudavel,0.9998,agrosmart-v1,simulado,sim-2026-06
d5f106f2-8551-561e-87f4-9361e093be56,BV-01_20260629_0028.jpg,2026-06-29 08:28:09,BV-01,smartphone,saudavel,saudavel,0.9484,agrosmart-v1,simulado,sim-2026-06
80888e9b-e89b-5f50-bf73-8505dba88e49,BV-01_20260629_0029.jpg,2026-06-29 08:28:25,BV-01,smartphone,saudavel,saudavel,0.9136,agrosmart-v1,simulado,sim-2026-06
40b92543-bf3b-5ace-b2d4-7e09614d196a,SC-01_20260629_0014.jpg,2026-06-29 08:28:32,SC-01,smartphone,doente,requeima,0.8725,agrosmart-v1,simulado,sim-2026-06
41e0d821-a5aa-58db-929d-ca18133484cc,TI-04_20260629_0008.jpg,2026-06-29 08:28:34,TI-04,drone,saudavel,saudavel,0.9969,agrosmart-v1,simulado,sim-2026-06
97abf6cb-dde2-5bbd-8c11-6529df1ed660,BV-01_20260629_0030.jpg,2026-06-29 08:29:04,BV-01,smartphone,saudavel,saudavel,0.9975,agrosmart-v1,simulado,sim-2026-06
63e936c5-e941-5c06-b4e0-ad4f8e35b10c,TI-04_20260629_0009.jpg,2026-06-29 08:29:06,TI-04,drone,saudavel,saudavel,0.9421,agrosmart-v1,simulado,sim-2026-06
16ef2a0c-bd87-5039-9891-5e4ad164f226,SC-01_20260629_0015.jpg,2026-06-29 08:29:08,SC-01,smartphone,saudavel,saudavel,0.9984,agrosmart-v1,simulado,sim-2026-06
a2d0a205-4951-542b-a434-9bcb82090339,TI-04_20260629_0010.jpg,2026-06-29 08:29:41,TI-04,drone,saudavel,saudavel,0.9056,agrosmart-v1,simulado,sim-2026-06
1c01250e-df66-5deb-825a-992d9fda3621,SC-01_20260629_0016.jpg,2026-06-29 08:29:50,SC-01,smartphone,saudavel,saudavel,0.9771,agrosmart-v1,simulado,sim-2026-06
50789b55-4761-5d53-b739-fc2ac86029ea,BV-01_20260629_0031.jpg,2026-06-29 08:29:58,BV-01,smartphone,saudavel,saudavel,0.9878,agrosmart-v1,simulado,sim-2026-06
6cb6b73e-76c0-54cb-aece-fa4ff0ca0987,SC-01_20260629_0017.jpg,2026-06-29 08:30:34,SC-01,smartphone,doente,requeima,0.8297,agrosmart-v1,simulado,sim-2026-06
43f1e528-de8c-53fb-9ee2-37627ac57c9e,BV-01_20260629_0032.jpg,2026-06-29 08:30:37,BV-01,smartphone,saudavel,saudavel,0.9203,agrosmart-v1,simulado,sim-2026-06
acae4c64-1074-54cd-899b-ee42fbc46cf0,TI-04_20260629_0011.jpg,2026-06-29 08:30:49,TI-04,drone,saudavel,saudavel,0.9990,agrosmart-v1,simulado,sim-2026-06
eac3c391-4a51-50d7-b44f-20fa81728b8c,BV-01_20260629_0033.jpg,2026-06-29 08:31:04,BV-01,smartphone,saudavel,saudavel,0.9475,agrosmart-v1,simulado,sim-2026-06
e45dee1f-ccea-5c6c-aec8-1863eafc5ab1,SC-01_20260629_0018.jpg,2026-06-29 08:31:25,SC-01,smartphone,saudavel,saudavel,0.9517,agrosmart-v1,simulado,sim-2026-06
94fd8c9b-22a2-5ae4-8087-da71604ff77f,TI-04_20260629_0012.jpg,2026-06-29 08:31:26,TI-04,drone,saudavel,saudavel,0.6173,agrosmart-v1,simulado,sim-2026-06
d1c4a41d-505d-5dcd-bb67-76d377df401e,BV-01_20260629_0034.jpg,2026-06-29 08:31:49,BV-01,smartphone,saudavel,saudavel,0.9999,agrosmart-v1,simulado,sim-2026-06
1ceb8843-8827-56eb-9928-285c87a6eb7e,TI-04_20260629_0013.jpg,2026-06-29 08:31:50,TI-04,drone,saudavel,saudavel,0.8393,agrosmart-v1,simulado,sim-2026-06
0a088205-1776-5ad1-8b46-cb3cd3eb7eb4,SC-01_20260629_0019.jpg,2026-06-29 08:32:07,SC-01,smartphone,doente,requeima,0.9066,agrosmart-v1,simulado,sim-2026-06
51601fa1-c582-51b6-9304-56e9aee678e2,TI-03_20260629_0001.jpg,2026-06-29 08:32:43,TI-03,drone,saudavel,saudavel,0.8883,agrosmart-v1,simulado,sim-2026-06
18bde1f9-87d9-55c2-bb1a-41c2e2fe38ee,TI-04_20260629_0014.jpg,2026-06-29 08:32:44,TI-04,drone,saudavel,saudavel,0.7746,agrosmart-v1,simulado,sim-2026-06
de676f30-219f-52a7-be98-b3a63a0b251a,SC-01_20260629_0020.jpg,2026-06-29 08:32:50,SC-01,smartphone,saudavel,saudavel,0.8316,agrosmart-v1,simulado,sim-2026-06
af6368da-d97f-58b0-b8fb-f6e50aebb390,SC-01_20260629_0021.jpg,2026-06-29 08:33:26,SC-01,smartphone,saudavel,saudavel,0.8381,agrosmart-v1,simulado,sim-2026-06
d6c16698-d939-5ee2-b52a-12efe571de02,TI-04_20260629_0015.jpg,2026-06-29 08:33:28,TI-04,drone,saudavel,saudavel,0.9999,agrosmart-v1,simulado,sim-2026-06
9c31161b-9c98-59b0-96e9-b44a957cfb0b,TI-03_20260629_0002.jpg,2026-06-29 08:33:32,TI-03,drone,saudavel,saudavel,0.9887,agrosmart-v1,simulado,sim-2026-06
18404cba-7437-562e-9e37-27d2a67d079e,SC-01_20260629_0022.jpg,2026-06-29 08:33:43,SC-01,smartphone,saudavel,saudavel,0.9822,agrosmart-v1,simulado,sim-2026-06
18fc68fd-3f12-56c2-9569-ad3ba44fd4bd,TI-04_20260629_0016.jpg,2026-06-29 08:34:03,TI-04,drone,saudavel,saudavel,0.9663,agrosmart-v1,simulado,sim-2026-06
25bb7b8d-029f-5a2b-9659-a6c168d90fac,TI-03_20260629_0003.jpg,2026-06-29 08:34:05,TI-03,drone,saudavel,saudavel,0.9876,agrosmart-v1,simulado,sim-2026-06
c44608e3-877c-57c3-aa50-aabc44b2113a,TI-04_20260629_0017.jpg,2026-06-29 08:34:35,TI-04,drone,saudavel,saudavel,0.9297,agrosmart-v1,simulado,sim-2026-06
7f66f9d0-f325-5955-b2c8-8c8a44adf8d0,TI-03_20260629_0004.jpg,2026-06-29 08:34:41,TI-03,drone,saudavel,saudavel,0.9960,agrosmart-v1,simulado,sim-2026-06
1925d034-bdfb-53e5-a926-b27ae4d37f20,SC-01_20260629_0023.jpg,2026-06-29 08:34:48,SC-01,smartphone,saudavel,saudavel,0.9903,agrosmart-v1,simulado,sim-2026-06
794ed496-c1bf-54eb-ace2-25dfdd4d911b,SC-01_20260629_0024.jpg,2026-06-29 08:35:02,SC-01,smartphone,saudavel,saudavel,0.9671,agrosmart-v1,simulado,sim-2026-06
a35e5fde-ccfd-59d9-9be1-ef3cf764db3b,TI-04_20260629_0018.jpg,2026-06-29 08:35:09,TI-04,drone,saudavel,saudavel,1.0000,agrosmart-v1,simulado,sim-2026-06
96533f2d-dcf6-512c-bc87-fa662302f5f6,TI-03_20260629_0005.jpg,2026-06-29 08:35:20,TI-03,drone,saudavel,saudavel,0.9516,agrosmart-v1,simulado,sim-2026-06
8076d24b-6ef9-50b9-9e8e-cd7bfac31b86,TI-04_20260629_0019.jpg,2026-06-29 08:35:40,TI-04,drone,saudavel,saudavel,0.8336,agrosmart-v1,simulado,sim-2026-06
82ea5e00-8485-51f3-b868-7db91694cc51,BV-02_20260629_0001.jpg,2026-06-29 08:35:54,BV-02,smartphone,saudavel,saudavel,0.8342,agrosmart-v1,simulado,sim-2026-06
ce143273-7a88-5b9f-886f-ae6e55efd251,SC-01_20260629_0025.jpg,2026-06-29 08:35:55,SC-01,smartphone,saudavel,saudavel,0.9242,agrosmart-v1,simulado,sim-2026-06
76990a07-e7ae-5288-b5e5-be6e0546aea8,TI-03_20260629_0006.jpg,2026-06-29 08:36:14,TI-03,drone,saudavel,saudavel,0.9909,agrosmart-v1,simulado,sim-2026-06
22ced9b7-36e7-55e2-9d47-81fb8b6cc943,BV-02_20260629_0002.jpg,2026-06-29 08:36:24,BV-02,smartphone,saudavel,saudavel,0.8467,agrosmart-v1,simulado,sim-2026-06
b9c5aaa4-ab22-5d08-8e13-38b8865a876b,SC-01_20260629_0026.jpg,2026-06-29 08:36:33,SC-01,smartphone,doente,requeima,0.8710,agrosmart-v1,simulado,sim-2026-06
aa80c2b5-ad72-511d-bb77-1b73a88aaf5f,TI-04_20260629_0020.jpg,2026-06-29 08:36:42,TI-04,drone,saudavel,saudavel,0.9693,agrosmart-v1,simulado,sim-2026-06
311ce496-eac4-5ccd-a298-aea18c6f9f06,TI-03_20260629_0007.jpg,2026-06-29 08:36:49,TI-03,drone,saudavel,saudavel,0.9779,agrosmart-v1,simulado,sim-2026-06
ff8d404a-fbd7-5508-b91f-9b14e63757d8,BV-02_20260629_0003.jpg,2026-06-29 08:37:01,BV-02,smartphone,saudavel,saudavel,0.8511,agrosmart-v1,simulado,sim-2026-06
12c55377-3b69-5e68-9720-84501b6b43a9,TI-04_20260629_0021.jpg,2026-06-29 08:37:18,TI-04,drone,saudavel,saudavel,0.9788,agrosmart-v1,simulado,sim-2026-06
44f5c5cb-3ee6-560d-9966-7c2b2e3ea2a1,SC-01_20260629_0027.jpg,2026-06-29 08:37:19,SC-01,smartphone,saudavel,saudavel,0.9543,agrosmart-v1,simulado,sim-2026-06
432bf9da-2673-520c-87c9-4a646c67e0cf,SC-01_20260629_0028.jpg,2026-06-29 08:37:42,SC-01,smartphone,doente,mosca_minadora,0.9910,agrosmart-v1,simulado,sim-2026-06
50ac3625-fe92-58b4-8882-f20cc9d8ca28,TI-03_20260629_0008.jpg,2026-06-29 08:37:47,TI-03,drone,saudavel,saudavel,0.9975,agrosmart-v1,simulado,sim-2026-06
4a1438f5-6eda-52d3-a02e-f48c852af38f,TI-04_20260629_0022.jpg,2026-06-29 08:37:57,TI-04,drone,saudavel,saudavel,0.9942,agrosmart-v1,simulado,sim-2026-06
8da4fa65-0cc3-5e73-9bb1-dee33717272f,BV-02_20260629_0004.jpg,2026-06-29 08:38:07,BV-02,smartphone,saudavel,saudavel,0.9356,agrosmart-v1,simulado,sim-2026-06
c72f2e7f-f243-50fe-a8d0-e84c4502dd68,TI-03_20260629_0009.jpg,2026-06-29 08:38:29,TI-03,drone,saudavel,saudavel,0.9868,agrosmart-v1,simulado,sim-2026-06
b99dd885-6819-5e42-88e2-d832df5ed418,TI-04_20260629_0023.jpg,2026-06-29 08:38:33,TI-04,drone,saudavel,saudavel,0.9400,agrosmart-v1,simulado,sim-2026-06
3a787646-0868-556f-a5a1-b560588611a5,BV-02_20260629_0005.jpg,2026-06-29 08:38:36,BV-02,smartphone,saudavel,saudavel,0.9997,agrosmart-v1,simulado,sim-2026-06
99a2ddff-4262-53a7-ae74-36ce777d571d,SC-01_20260629_0029.jpg,2026-06-29 08:38:42,SC-01,smartphone,saudavel,saudavel,0.8962,agrosmart-v1,simulado,sim-2026-06
11042074-cea0-59fd-bd0b-2970c6f4699b,TI-03_20260629_0010.jpg,2026-06-29 08:38:57,TI-03,drone,saudavel,saudavel,0.9054,agrosmart-v1,simulado,sim-2026-06
5db48967-f109-5482-900c-cfadf3d3a8b3,TI-04_20260629_0024.jpg,2026-06-29 08:39:01,TI-04,drone,saudavel,saudavel,0.9847,agrosmart-v1,simulado,sim-2026-06
8d913730-5ac8-526d-92f3-a3835466f78f,BV-02_20260629_0006.jpg,2026-06-29 08:39:27,BV-02,smartphone,saudavel,saudavel,0.9776,agrosmart-v1,simulado,sim-2026-06
63d0f7a4-db12-54ab-81e6-66bd7930b45f,SC-01_20260629_0030.jpg,2026-06-29 08:39:30,SC-01,smartphone,saudavel,saudavel,0.9889,agrosmart-v1,simulado,sim-2026-06
94271b87-6740-515c-b98d-504fc37cd2c2,TI-03_20260629_0011.jpg,2026-06-29 08:39:34,TI-03,drone,saudavel,saudavel,0.9995,agrosmart-v1,simulado,sim-2026-06
a6ffb3f5-b6ff-5d7b-b1ad-b0b14e75d1fe,TI-04_20260629_0025.jpg,2026-06-29 08:39:50,TI-04,drone,doente,pinta_preta,0.9583,agrosmart-v1,simulado,sim-2026-06
5ee243ee-5615-5fdf-82b4-3b8ea8cba287,SC-01_20260629_0031.jpg,2026-06-29 08:40:03,SC-01,smartphone,saudavel,saudavel,0.9787,agrosmart-v1,simulado,sim-2026-06
7152b667-2f53-5c80-b464-a8f5064d3452,BV-02_20260629_0007.jpg,2026-06-29 08:40:09,BV-02,smartphone,saudavel,saudavel,1.0000,agrosmart-v1,simulado,sim-2026-06
76d698f1-49f4-5fd3-94b4-5e6b0b8d0ba1,TI-03_20260629_0012.jpg,2026-06-29 08:40:12,TI-03,drone,saudavel,saudavel,0.9401,agrosmart-v1,simulado,sim-2026-06
d38bed1b-ceac-5aa0-8e71-d666807bd275,TI-04_20260629_0026.jpg,2026-06-29 08:40:26,TI-04,drone,saudavel,saudavel,0.9198,agrosmart-v1,simulado,sim-2026-06
325fc2e7-175d-5ab4-9072-d1f8bbb0267a,SC-01_20260629_0032.jpg,2026-06-29 08:40:27,SC-01,smartphone,doente,vaquinha,0.8912,agrosmart-v1,simulado,sim-2026-06
650ca678-19ee-57b0-8549-4c8a07288c57,BV-02_20260629_0008.jpg,2026-06-29 08:40:43,BV-02,smartphone,saudavel,saudavel,0.9869,agrosmart-v1,simulado,sim-2026-06
8a46b514-a498-541a-a9e0-dfa6ea8326a0,TI-03_20260629_0013.jpg,2026-06-29 08:40:49,TI-03,drone,saudavel,saudavel,0.9563,agrosmart-v1,simulado,sim-2026-06
0df90dd6-4440-57aa-bb1c-f20e6b1db548,BV-02_20260629_0009.jpg,2026-06-29 08:41:06,BV-02,smartphone,doente,vaquinha,0.9752,agrosmart-v1,simulado,sim-2026-06
0ea1c0bc-ee63-583d-8be4-c9dd37480317,SC-01_20260629_0033.jpg,2026-06-29 08:41:07,SC-01,smartphone,saudavel,saudavel,0.8301,agrosmart-v1,simulado,sim-2026-06
0b4e0b51-94a5-5754-9c33-94fa2f18d968,TI-04_20260629_0027.jpg,2026-06-29 08:41:19,TI-04,drone,saudavel,saudavel,0.9998,agrosmart-v1,simulado,sim-2026-06
51850376-6259-5c87-bff8-41162053ff14,TI-03_20260629_0014.jpg,2026-06-29 08:41:26,TI-03,drone,saudavel,saudavel,0.9955,agrosmart-v1,simulado,sim-2026-06
abaf978d-2335-52bb-af3e-e6a6acbf032b,TI-04_20260629_0028.jpg,2026-06-29 08:41:44,TI-04,drone,saudavel,saudavel,0.9388,agrosmart-v1,simulado,sim-2026-06
62fe86c7-8750-5cc9-8ede-d8ddeb0537a7,SC-01_20260629_0034.jpg,2026-06-29 08:41:48,SC-01,smartphone,saudavel,saudavel,0.9632,agrosmart-v1,simulado,sim-2026-06
c46c509e-a8d6-50bf-a7fa-4b91e1b131ba,BV-02_20260629_0010.jpg,2026-06-29 08:41:50,BV-02,smartphone,saudavel,saudavel,0.9619,agrosmart-v1,simulado,sim-2026-06
a66ed30d-6366-50a7-aed6-ed9e04223dae,TI-03_20260629_0015.jpg,2026-06-29 08:42:06,TI-03,drone,saudavel,saudavel,0.8277,agrosmart-v1,simulado,sim-2026-06
17f7cb84-dbbb-52f6-9600-68232bcb5822,BV-02_20260629_0011.jpg,2026-06-29 08:42:29,BV-02,smartphone,saudavel,saudavel,0.8844,agrosmart-v1,simulado,sim-2026-06
141de5c0-eaa8-5712-8df2-9b140301d327,SC-01_20260629_0035.jpg,2026-06-29 08:42:30,SC-01,smartphone,saudavel,saudavel,0.8626,agrosmart-v1,simulado,sim-2026-06
d3706b03-0a9c-5806-aa51-5a58a83595b6,TI-04_20260629_0029.jpg,2026-06-29 08:42:39,TI-04,drone,saudavel,saudavel,0.8535,agrosmart-v1,simulado,sim-2026-06
dbdce165-8843-5f66-a1aa-6fc08f1e5ada,TI-03_20260629_0016.jpg,2026-06-29 08:42:50,TI-03,drone,saudavel,saudavel,0.9685,agrosmart-v1,simulado,sim-2026-06
5c54bb81-f952-5a9f-bc37-e60c0ccb7334,TI-04_20260629_0030.jpg,2026-06-29 08:43:24,TI-04,drone,saudavel,saudavel,0.9550,agrosmart-v1,simulado,sim-2026-06
374e5960-cae0-5d97-b794-a4058126933c,TI-03_20260629_0017.jpg,2026-06-29 08:43:26,TI-03,drone,saudavel,saudavel,0.9170,agrosmart-v1,simulado,sim-2026-06
355c7ae7-f1d6-5712-84e8-de7265d9332b,SC-01_20260629_0036.jpg,2026-06-29 08:43:27,SC-01,smartphone,saudavel,saudavel,0.8366,agrosmart-v1,simulado,sim-2026-06
b552b5f3-b211-5db3-8ab7-cace2c22982d,BV-02_20260629_0012.jpg,2026-06-29 08:43:28,BV-02,smartphone,saudavel,saudavel,0.9572,agrosmart-v1,simulado,sim-2026-06
ecd94763-9ae1-53cd-bd28-61f4a237228c,BV-02_20260629_0013.jpg,2026-06-29 08:43:41,BV-02,smartphone,saudavel,saudavel,0.9459,agrosmart-v1,simulado,sim-2026-06
c317998f-822b-57f8-8cb7-19a503774b23,SC-01_20260629_0037.jpg,2026-06-29 08:43:46,SC-01,smartphone,doente,requeima,1.0000,agrosmart-v1,simulado,sim-2026-06
26e3ecd0-ff07-5fc9-82f6-7ccde6f08933,TI-04_20260629_0031.jpg,2026-06-29 08:43:54,TI-04,drone,saudavel,saudavel,0.9071,agrosmart-v1,simulado,sim-2026-06
5b4eb9d4-62b4-56e6-946d-71f65e31a130,TI-04_20260629_0032.jpg,2026-06-29 08:44:24,TI-04,drone,saudavel,saudavel,0.8613,agrosmart-v1,simulado,sim-2026-06
ec5d63ed-b51a-5f65-80e7-cb867ec0d759,TI-03_20260629_0018.jpg,2026-06-29 08:44:29,TI-03,drone,saudavel,saudavel,0.9959,agrosmart-v1,simulado,sim-2026-06
7270ef5d-3805-5cd4-a767-ce6103d1f9c0,BV-02_20260629_0014.jpg,2026-06-29 08:44:36,BV-02,smartphone,saudavel,saudavel,0.8313,agrosmart-v1,simulado,sim-2026-06
526f1a8f-d8e1-5fd6-bab9-de743689dbca,TI-03_20260629_0019.jpg,2026-06-29 08:45:00,TI-03,drone,saudavel,saudavel,0.8461,agrosmart-v1,simulado,sim-2026-06
db3019b3-0cb9-5ba4-96b5-4e0ad7b9da2d,TI-04_20260629_0033.jpg,2026-06-29 08:45:08,TI-04,drone,saudavel,saudavel,0.9737,agrosmart-v1,simulado,sim-2026-06
a5f333f0-a44b-5905-92e4-57cd1a5ec53f,BV-02_20260629_0015.jpg,2026-06-29 08:45:12,BV-02,smartphone,saudavel,saudavel,0.9082,agrosmart-v1,simulado,sim-2026-06
5dbac2df-a66a-50f1-8755-73269a6466c7,TI-03_20260629_0020.jpg,2026-06-29 08:45:48,TI-03,drone,saudavel,saudavel,0.8822,agrosmart-v1,simulado,sim-2026-06
5a7f40f7-589f-5cb6-9f86-8d949f28c15b,TI-04_20260629_0034.jpg,2026-06-29 08:45:53,TI-04,drone,saudavel,saudavel,0.8765,agrosmart-v1,simulado,sim-2026-06
81fc2084-32cf-5936-8a5e-ec234982aa81,BV-02_20260629_0016.jpg,2026-06-29 08:46:00,BV-02,smartphone,saudavel,saudavel,0.9964,agrosmart-v1,simulado,sim-2026-06
d3c4df96-f510-58c3-b348-3989c932c158,TI-03_20260629_0021.jpg,2026-06-29 08:46:16,TI-03,drone,saudavel,saudavel,0.9951,agrosmart-v1,simulado,sim-2026-06
5c0188e4-ffd8-510a-922b-05a74b9bf9f0,BV-02_20260629_0017.jpg,2026-06-29 08:46:22,BV-02,smartphone,saudavel,saudavel,0.9863,agrosmart-v1,simulado,sim-2026-06
f5c8f6e1-ada7-5666-91ee-730569eb5238,TI-04_20260629_0035.jpg,2026-06-29 08:46:40,TI-04,drone,saudavel,saudavel,0.9680,agrosmart-v1,simulado,sim-2026-06
17a6781a-afda-55be-b0eb-f3e578091eef,TI-03_20260629_0022.jpg,2026-06-29 08:46:56,TI-03,drone,saudavel,saudavel,0.9627,agrosmart-v1,simulado,sim-2026-06
f1339e3e-90b2-55b6-ac22-020903955725,BV-02_20260629_0018.jpg,2026-06-29 08:47:01,BV-02,smartphone,saudavel,saudavel,0.8363,agrosmart-v1,simulado,sim-2026-06
57b9c51a-f689-5d4a-8420-32b9a18da3c9,TI-04_20260629_0036.jpg,2026-06-29 08:47:18,TI-04,drone,saudavel,saudavel,0.9814,agrosmart-v1,simulado,sim-2026-06
e3c84318-9ccd-5365-b8eb-b1ecc8e0c418,TI-03_20260629_0023.jpg,2026-06-29 08:47:46,TI-03,drone,saudavel,saudavel,0.6126,agrosmart-v1,simulado,sim-2026-06
b57b314f-e9be-5582-babf-4945ffe5359f,BV-02_20260629_0019.jpg,2026-06-29 08:47:58,BV-02,smartphone,saudavel,saudavel,0.8850,agrosmart-v1,simulado,sim-2026-06
77a08273-8516-577f-ae95-5f9d927d236f,TI-03_20260629_0024.jpg,2026-06-29 08:48:02,TI-03,drone,saudavel,saudavel,0.9970,agrosmart-v1,simulado,sim-2026-06
b5b749be-2462-5d6d-97e5-457fff05b94d,BV-02_20260629_0020.jpg,2026-06-29 08:48:33,BV-02,smartphone,saudavel,saudavel,0.9883,agrosmart-v1,simulado,sim-2026-06
25ab6c2c-8515-5089-b9a4-172988a425cd,TI-03_20260629_0025.jpg,2026-06-29 08:48:55,TI-03,drone,saudavel,saudavel,0.8483,agrosmart-v1,simulado,sim-2026-06
adef8470-4da7-5190-baef-321d307474d9,BV-02_20260629_0021.jpg,2026-06-29 08:49:00,BV-02,smartphone,saudavel,saudavel,0.9952,agrosmart-v1,simulado,sim-2026-06
c6f0d253-d543-5977-b354-431e3b5805a6,TI-03_20260629_0026.jpg,2026-06-29 08:49:20,TI-03,drone,saudavel,saudavel,0.8866,agrosmart-v1,simulado,sim-2026-06
1526a255-750d-502c-9331-14c17f31e54e,BV-02_20260629_0022.jpg,2026-06-29 08:50:03,BV-02,smartphone,saudavel,saudavel,0.9992,agrosmart-v1,simulado,sim-2026-06
986f2669-6f71-5b4d-8c03-a62e48cb2d6d,BV-02_20260629_0023.jpg,2026-06-29 08:50:25,BV-02,smartphone,saudavel,saudavel,0.9562,agrosmart-v1,simulado,sim-2026-06
70fdfa77-fe1c-5921-a216-354b1a11b183,BV-02_20260629_0024.jpg,2026-06-29 08:51:14,BV-02,smartphone,saudavel,saudavel,0.9789,agrosmart-v1,simulado,sim-2026-06
2bd03de8-39b0-5c05-8bc5-47a4d90782bd,BV-02_20260629_0025.jpg,2026-06-29 08:51:51,BV-02,smartphone,saudavel,saudavel,0.8356,agrosmart-v1,simulado,sim-2026-06
509bb1c3-7f70-5ecb-ba2d-410def9d1f19,SC-03_20260629_0001.jpg,2026-06-29 08:52:09,SC-03,smartphone,saudavel,saudavel,0.9089,agrosmart-v1,simulado,sim-2026-06
6414ce26-cac1-51fe-ab69-62941bb7dae2,SC-03_20260629_0002.jpg,2026-06-29 08:52:26,SC-03,smartphone,doente,mosca_minadora,0.8750,agrosmart-v1,simulado,sim-2026-06
5474461b-1a5e-5fdd-8e8c-9e6c7812fb46,BV-02_20260629_0026.jpg,2026-06-29 08:52:37,BV-02,smartphone,saudavel,saudavel,0.8538,agrosmart-v1,simulado,sim-2026-06
75b29431-efe1-5e2f-a2f8-01de44cef174,SC-03_20260629_0003.jpg,2026-06-29 08:53:03,SC-03,smartphone,doente,requeima,0.9997,agrosmart-v1,simulado,sim-2026-06
0aabcd15-b459-52ed-b3f8-1057b6ca8b84,BV-02_20260629_0027.jpg,2026-06-29 08:53:20,BV-02,smartphone,saudavel,saudavel,0.9501,agrosmart-v1,simulado,sim-2026-06
50a87c77-5b5c-50ef-bf84-628ddefd74a4,SC-03_20260629_0004.jpg,2026-06-29 08:53:51,SC-03,smartphone,saudavel,saudavel,0.9586,agrosmart-v1,simulado,sim-2026-06
95f9bdc9-6b3e-5f23-a465-77bf28e9273b,BV-02_20260629_0028.jpg,2026-06-29 08:54:06,BV-02,smartphone,saudavel,saudavel,0.9513,agrosmart-v1,simulado,sim-2026-06
f147332a-b7c6-53a8-b754-6f15eac5dc20,BV-02_20260629_0029.jpg,2026-06-29 08:54:39,BV-02,smartphone,saudavel,saudavel,0.9892,agrosmart-v1,simulado,sim-2026-06
e91f74a5-60ed-5aec-ab1e-e3dc8ba45235,SC-03_20260629_0005.jpg,2026-06-29 08:54:40,SC-03,smartphone,saudavel,saudavel,0.9645,agrosmart-v1,simulado,sim-2026-06
6e0fbff6-bfc9-5693-bbf1-b7a2c4da32a9,BV-02_20260629_0030.jpg,2026-06-29 08:55:13,BV-02,smartphone,saudavel,saudavel,0.9806,agrosmart-v1,simulado,sim-2026-06
ebca2173-0712-50d2-ad29-9dac7f7bac01,SC-03_20260629_0006.jpg,2026-06-29 08:55:27,SC-03,smartphone,saudavel,saudavel,0.9064,agrosmart-v1,simulado,sim-2026-06
ef39d25f-d4b4-58fd-ae5e-769ad8acc850,SC-03_20260629_0007.jpg,2026-06-29 08:55:40,SC-03,smartphone,saudavel,saudavel,0.9969,agrosmart-v1,simulado,sim-2026-06
a2ace6bf-8c56-5e07-be72-3d2d3636b2f9,BV-02_20260629_0031.jpg,2026-06-29 08:55:55,BV-02,smartphone,saudavel,saudavel,0.8231,agrosmart-v1,simulado,sim-2026-06
5b0002bf-7246-5205-9e00-8bafa9bf866e,SC-03_20260629_0008.jpg,2026-06-29 08:56:25,SC-03,smartphone,saudavel,saudavel,0.8314,agrosmart-v1,simulado,sim-2026-06
c1613212-4d0c-575b-a60b-d5be2e814d27,BV-02_20260629_0032.jpg,2026-06-29 08:56:38,BV-02,smartphone,saudavel,saudavel,0.8659,agrosmart-v1,simulado,sim-2026-06
0e2d47ae-905b-540e-a2aa-17a3c4c10dbe,BV-02_20260629_0033.jpg,2026-06-29 08:57:04,BV-02,smartphone,saudavel,saudavel,0.8716,agrosmart-v1,simulado,sim-2026-06
aecaa53f-e7e1-5586-8c60-5dc88c8005dc,SC-03_20260629_0009.jpg,2026-06-29 08:57:12,SC-03,smartphone,saudavel,saudavel,0.9826,agrosmart-v1,simulado,sim-2026-06
781bdc53-bbf5-5ae9-b51b-d254c94a9d60,SC-03_20260629_0010.jpg,2026-06-29 08:58:01,SC-03,smartphone,saudavel,saudavel,0.9025,agrosmart-v1,simulado,sim-2026-06
1e6545d9-8aa9-5e1c-b6e8-b96aedbc2428,SC-03_20260629_0011.jpg,2026-06-29 08:58:42,SC-03,smartphone,saudavel,saudavel,0.9987,agrosmart-v1,simulado,sim-2026-06
23c26334-8392-50a6-9545-f99427b66895,SC-03_20260629_0012.jpg,2026-06-29 08:59:19,SC-03,smartphone,saudavel,saudavel,0.9004,agrosmart-v1,simulado,sim-2026-06
e4311b57-0c58-5c15-89bb-9ed0e32b4588,SC-03_20260629_0013.jpg,2026-06-29 08:59:42,SC-03,smartphone,saudavel,saudavel,0.9968,agrosmart-v1,simulado,sim-2026-06
97082a30-7bec-5fac-8af7-c28fd7a0de4a,SC-03_20260629_0014.jpg,2026-06-29 09:00:25,SC-03,smartphone,saudavel,saudavel,0.8716,agrosmart-v1,simulado,sim-2026-06
65837f70-99cc-5ebd-a278-9a746f60142d,SC-03_20260629_0015.jpg,2026-06-29 09:01:19,SC-03,smartphone,saudavel,saudavel,0.9398,agrosmart-v1,simulado,sim-2026-06
5c7e76c9-c5c5-5170-b8c1-383ce50ff501,SC-03_20260629_0016.jpg,2026-06-29 09:01:53,SC-03,smartphone,saudavel,saudavel,0.9669,agrosmart-v1,simulado,sim-2026-06
9a8b680a-be63-55cc-8b22-43fef8d3a2c0,SC-03_20260629_0017.jpg,2026-06-29 09:02:21,SC-03,smartphone,saudavel,saudavel,0.9082,agrosmart-v1,simulado,sim-2026-06
b72a4037-b11e-5cea-af86-8b208bf8eb09,SC-03_20260629_0018.jpg,2026-06-29 09:03:23,SC-03,smartphone,saudavel,saudavel,0.9552,agrosmart-v1,simulado,sim-2026-06
2a16f02a-86ee-51c5-bf4c-ef8ba06c7c91,SC-03_20260629_0019.jpg,2026-06-29 09:04:02,SC-03,smartphone,saudavel,saudavel,0.9891,agrosmart-v1,simulado,sim-2026-06
f88499b0-2185-59ab-86ca-a3d081718a9c,SC-03_20260629_0020.jpg,2026-06-29 09:04:21,SC-03,smartphone,doente,requeima,0.9976,agrosmart-v1,simulado,sim-2026-06
49a455a3-f404-50f3-b3a0-2ea699e24851,SC-03_20260629_0021.jpg,2026-06-29 09:05:24,SC-03,smartphone,saudavel,saudavel,0.9998,agrosmart-v1,simulado,sim-2026-06
acbda1cd-11e0-5933-b14d-dbed06aa2a71,SC-03_20260629_0022.jpg,2026-06-29 09:05:45,SC-03,smartphone,saudavel,saudavel,0.9996,agrosmart-v1,simulado,sim-2026-06
4cf7887e-f6e5-591f-b55f-c99a86017138,SC-03_20260629_0023.jpg,2026-06-29 09:06:46,SC-03,smartphone,saudavel,saudavel,0.9686,agrosmart-v1,simulado,sim-2026-06
21a047e4-3cfd-5cb2-a7b7-cfb52c41b858,SC-03_20260629_0024.jpg,2026-06-29 09:07:22,SC-03,smartphone,saudavel,saudavel,0.9999,agrosmart-v1,simulado,sim-2026-06
ed7b79d4-b01f-5540-a51a-d687bc6584db,SC-03_20260629_0025.jpg,2026-06-29 09:07:59,SC-03,smartphone,saudavel,saudavel,0.9599,agrosmart-v1,simulado,sim-2026-06
205158d0-d84f-57a9-8d01-ad70143e7740,SC-03_20260629_0026.jpg,2026-06-29 09:08:24,SC-03,smartphone,saudavel,saudavel,0.9103,agrosmart-v1,simulado,sim-2026-06
8e7e4df6-996f-5412-80e0-47b9da2637f6,SC-03_20260629_0027.jpg,2026-06-29 09:09:26,SC-03,smartphone,saudavel,saudavel,0.9940,agrosmart-v1,simulado,sim-2026-06
d96ae5fe-e0db-5e40-ac4f-26b9941d8b57,SC-03_20260629_0028.jpg,2026-06-29 09:09:45,SC-03,smartphone,saudavel,saudavel,0.9917,agrosmart-v1,simulado,sim-2026-06
64be60a4-4382-55a7-a62f-1f9a9fd2d0ce,SC-03_20260629_0029.jpg,2026-06-29 09:10:36,SC-03,smartphone,saudavel,saudavel,0.8647,agrosmart-v1,simulado,sim-2026-06
8bdfafd9-81de-571f-9c5b-a5c0158864f5,TI-01_20260629_0001.jpg,2026-06-29 09:31:55,TI-01,drone,saudavel,saudavel,0.8360,agrosmart-v1,simulado,sim-2026-06
06813acd-bab2-5827-ad0c-993f528918f3,TI-01_20260629_0002.jpg,2026-06-29 09:32:46,TI-01,drone,saudavel,saudavel,0.9973,agrosmart-v1,simulado,sim-2026-06
5172b20f-a35e-565b-88c3-6791c08ac8e0,TI-01_20260629_0003.jpg,2026-06-29 09:33:14,TI-01,drone,saudavel,saudavel,0.9024,agrosmart-v1,simulado,sim-2026-06
5d5d080d-e166-520b-9236-3d978c9fac13,TI-01_20260629_0004.jpg,2026-06-29 09:34:03,TI-01,drone,saudavel,saudavel,0.9979,agrosmart-v1,simulado,sim-2026-06
d85a21ef-de5c-5fa0-94a6-411cee6e3975,TI-01_20260629_0005.jpg,2026-06-29 09:34:31,TI-01,drone,saudavel,saudavel,0.9917,agrosmart-v1,simulado,sim-2026-06
6a4d23f3-c807-5b86-a6b5-08af75956fa6,TI-01_20260629_0006.jpg,2026-06-29 09:35:25,TI-01,drone,saudavel,saudavel,0.8567,agrosmart-v1,simulado,sim-2026-06
f1777a81-7b46-5fba-8e43-64a0fd69c484,TI-01_20260629_0007.jpg,2026-06-29 09:36:10,TI-01,drone,saudavel,saudavel,0.9498,agrosmart-v1,simulado,sim-2026-06
cfc52d2f-6672-57a3-b63e-7c8a5bfa1971,TI-01_20260629_0008.jpg,2026-06-29 09:36:37,TI-01,drone,saudavel,saudavel,0.9962,agrosmart-v1,simulado,sim-2026-06
2cf84449-fb53-5e4c-a604-177b0c15d2f6,TI-01_20260629_0009.jpg,2026-06-29 09:37:30,TI-01,drone,saudavel,saudavel,0.8329,agrosmart-v1,simulado,sim-2026-06
2af7a0b4-068a-5fdc-8026-19e40c7afafd,TI-01_20260629_0010.jpg,2026-06-29 09:38:10,TI-01,drone,saudavel,saudavel,0.9152,agrosmart-v1,simulado,sim-2026-06
42c18d0a-79bb-5251-b70c-9b59e9782f12,TI-01_20260629_0011.jpg,2026-06-29 09:38:28,TI-01,drone,saudavel,saudavel,0.9819,agrosmart-v1,simulado,sim-2026-06
099b38c3-c849-5ab1-97ab-7531c964bbd3,TI-01_20260629_0012.jpg,2026-06-29 09:39:10,TI-01,drone,saudavel,saudavel,0.9875,agrosmart-v1,simulado,sim-2026-06
123c99a8-76ce-52d8-b4dd-3fb1a3f01939,TI-01_20260629_0013.jpg,2026-06-29 09:39:43,TI-01,drone,saudavel,saudavel,0.8353,agrosmart-v1,simulado,sim-2026-06
c0d737d6-51b8-5b86-a5c5-6f12175eda39,TI-01_20260629_0014.jpg,2026-06-29 09:40:49,TI-01,drone,saudavel,saudavel,0.9930,agrosmart-v1,simulado,sim-2026-06
bf79cc70-20f7-50c1-8c7b-ced568e29de8,TI-01_20260629_0015.jpg,2026-06-29 09:41:13,TI-01,drone,saudavel,saudavel,0.9751,agrosmart-v1,simulado,sim-2026-06
45406df4-f765-5613-bd8f-fb0523eaa3be,TI-01_20260629_0016.jpg,2026-06-29 09:41:41,TI-01,drone,saudavel,saudavel,0.9876,agrosmart-v1,simulado,sim-2026-06
27c9c6a9-2e5e-5724-ba13-87d7becae20b,TI-01_20260629_0017.jpg,2026-06-29 09:42:30,TI-01,drone,saudavel,saudavel,0.9920,agrosmart-v1,simulado,sim-2026-06
8852b6c4-ae9f-5545-b04b-b18ea0b96c81,TI-01_20260629_0018.jpg,2026-06-29 09:43:18,TI-01,drone,saudavel,saudavel,0.9498,agrosmart-v1,simulado,sim-2026-06
e45d3d2c-a9ba-5802-a6f0-4ee02e23a152,TI-01_20260629_0019.jpg,2026-06-29 09:43:50,TI-01,drone,saudavel,saudavel,0.8969,agrosmart-v1,simulado,sim-2026-06
d63b5b41-84cf-5abe-b9e1-8d17472f1e70,TI-01_20260629_0020.jpg,2026-06-29 09:44:25,TI-01,drone,saudavel,saudavel,0.9969,agrosmart-v1,simulado,sim-2026-06
7eb22941-3bb1-52f3-9f91-4f440997715c,TI-01_20260629_0021.jpg,2026-06-29 09:45:06,TI-01,drone,saudavel,saudavel,0.8533,agrosmart-v1,simulado,sim-2026-06
44cbc0c0-2caa-53ef-be1c-8b005bd20b9d,TI-01_20260629_0022.jpg,2026-06-29 09:45:41,TI-01,drone,saudavel,saudavel,0.9974,agrosmart-v1,simulado,sim-2026-06
a2a03d53-6a27-587b-b3a6-0745f842628b,SC-02_20260629_0001.jpg,2026-06-29 09:46:10,SC-02,smartphone,saudavel,saudavel,0.9056,agrosmart-v1,simulado,sim-2026-06
31c04a91-d33d-5ce6-9ddf-065dd7eac138,BV-03_20260629_0001.jpg,2026-06-29 09:46:40,BV-03,smartphone,saudavel,saudavel,0.8976,agrosmart-v1,simulado,sim-2026-06
23aa7320-1e7a-5801-9672-94bc6ad28bcf,TI-01_20260629_0023.jpg,2026-06-29 09:46:41,TI-01,drone,saudavel,saudavel,0.8797,agrosmart-v1,simulado,sim-2026-06
e8390f10-1d09-5eb3-b78a-98bb6473b2f1,SC-02_20260629_0002.jpg,2026-06-29 09:46:47,SC-02,smartphone,doente,requeima,0.9240,agrosmart-v1,simulado,sim-2026-06
009bb779-8d59-5906-80f2-06c418d08b16,SC-02_20260629_0003.jpg,2026-06-29 09:47:13,SC-02,smartphone,saudavel,saudavel,0.9803,agrosmart-v1,simulado,sim-2026-06
2b238cbc-dbe6-5904-9d62-3877180a61f9,TI-01_20260629_0024.jpg,2026-06-29 09:47:21,TI-01,drone,saudavel,saudavel,0.8734,agrosmart-v1,simulado,sim-2026-06
47c0a69d-2083-526d-95d3-55d758e53a1d,BV-03_20260629_0002.jpg,2026-06-29 09:47:30,BV-03,smartphone,saudavel,saudavel,0.8947,agrosmart-v1,simulado,sim-2026-06
8b4e8d3a-914d-520d-be82-530f35d9801b,SC-02_20260629_0004.jpg,2026-06-29 09:47:42,SC-02,smartphone,doente,requeima,0.9378,agrosmart-v1,simulado,sim-2026-06
448dcb19-87d0-5f62-9a26-3618544cfcc5,SC-04_20260629_0001.jpg,2026-06-29 09:47:58,SC-04,smartphone,saudavel,saudavel,0.8254,agrosmart-v1,simulado,sim-2026-06
2e003309-175f-555b-adb9-0b74e04c6712,BV-03_20260629_0003.jpg,2026-06-29 09:48:01,BV-03,smartphone,saudavel,saudavel,0.9911,agrosmart-v1,simulado,sim-2026-06
72118a22-abc5-5ae2-99a4-d68aec25a02c,TI-01_20260629_0025.jpg,2026-06-29 09:48:03,TI-01,drone,saudavel,saudavel,0.9662,agrosmart-v1,simulado,sim-2026-06
38723f5a-d947-5af8-bae7-c97af965b342,SC-04_20260629_0002.jpg,2026-06-29 09:48:28,SC-04,smartphone,saudavel,saudavel,0.9999,agrosmart-v1,simulado,sim-2026-06
8d9dc379-8c99-5d01-80e0-fc503c7b7d95,TI-01_20260629_0026.jpg,2026-06-29 09:48:28,TI-01,drone,saudavel,saudavel,0.9783,agrosmart-v1,simulado,sim-2026-06
460052ca-550a-5b4b-abdc-80fc74f9a250,SC-02_20260629_0005.jpg,2026-06-29 09:48:36,SC-02,smartphone,doente,pinta_preta,0.8532,agrosmart-v1,simulado,sim-2026-06
39785cf1-9f2f-5c13-932f-12e61c85dce9,BV-03_20260629_0004.jpg,2026-06-29 09:48:48,BV-03,smartphone,saudavel,saudavel,0.9989,agrosmart-v1,simulado,sim-2026-06
6d7c0ddb-770a-54a2-9bac-611e09dde385,SC-02_20260629_0006.jpg,2026-06-29 09:49:19,SC-02,smartphone,saudavel,saudavel,0.9915,agrosmart-v1,simulado,sim-2026-06
ae44a129-3f96-5bdf-899d-5180beab9e59,SC-04_20260629_0003.jpg,2026-06-29 09:49:24,SC-04,smartphone,saudavel,saudavel,0.9152,agrosmart-v1,simulado,sim-2026-06
8c7adf4a-2854-5058-ae4f-933bbad1eaa8,TI-01_20260629_0027.jpg,2026-06-29 09:49:29,TI-01,drone,saudavel,saudavel,0.8984,agrosmart-v1,simulado,sim-2026-06
49f3ef23-8103-54ca-bad1-3e26cde43751,BV-03_20260629_0005.jpg,2026-06-29 09:49:34,BV-03,smartphone,saudavel,saudavel,0.8908,agrosmart-v1,simulado,sim-2026-06
5405fafb-8ff8-55b3-ac04-9d074f937b28,TI-01_20260629_0028.jpg,2026-06-29 09:49:49,TI-01,drone,saudavel,saudavel,0.9955,agrosmart-v1,simulado,sim-2026-06
cc18c3d1-7997-5064-a741-89bdd6792a2c,SC-02_20260629_0007.jpg,2026-06-29 09:49:58,SC-02,smartphone,doente,requeima,0.9864,agrosmart-v1,simulado,sim-2026-06
b3332e68-5eb1-5d07-9553-bbfedb1e5236,BV-03_20260629_0006.jpg,2026-06-29 09:50:00,BV-03,smartphone,saudavel,saudavel,0.8626,agrosmart-v1,simulado,sim-2026-06
79a5ce9f-e167-56de-87bc-c223249e7dcd,SC-04_20260629_0004.jpg,2026-06-29 09:50:08,SC-04,smartphone,saudavel,saudavel,0.9997,agrosmart-v1,simulado,sim-2026-06
7a62a238-7b3c-546e-96ae-ba2d6d2bf13b,TI-01_20260629_0029.jpg,2026-06-29 09:50:30,TI-01,drone,saudavel,saudavel,0.8281,agrosmart-v1,simulado,sim-2026-06
011661fe-e795-545b-b356-5e0bc59c41d5,SC-04_20260629_0005.jpg,2026-06-29 09:50:31,SC-04,smartphone,saudavel,saudavel,0.9962,agrosmart-v1,simulado,sim-2026-06
bd5b1431-8b6d-5a16-a3cf-e6973b5a691e,SC-02_20260629_0008.jpg,2026-06-29 09:50:39,SC-02,smartphone,doente,requeima,0.9490,agrosmart-v1,simulado,sim-2026-06
d40ec670-6b0c-5bdc-83ad-688e9c627183,BV-03_20260629_0007.jpg,2026-06-29 09:50:48,BV-03,smartphone,saudavel,saudavel,0.8546,agrosmart-v1,simulado,sim-2026-06
1c095b8f-6b48-5bd0-a4eb-b7bc543efc72,SC-04_20260629_0006.jpg,2026-06-29 09:51:04,SC-04,smartphone,saudavel,saudavel,0.9262,agrosmart-v1,simulado,sim-2026-06
4ee11ee7-8348-59ff-b4f9-15954844b14c,SC-02_20260629_0009.jpg,2026-06-29 09:51:17,SC-02,smartphone,doente,requeima,0.9650,agrosmart-v1,simulado,sim-2026-06
03cd6cf9-67ce-5fa6-bbaa-0a6bf7d5ac88,BV-03_20260629_0008.jpg,2026-06-29 09:51:23,BV-03,smartphone,saudavel,saudavel,0.9075,agrosmart-v1,simulado,sim-2026-06
a434d344-415b-52a3-8d35-b4bf7f92105e,TI-01_20260629_0030.jpg,2026-06-29 09:51:24,TI-01,drone,saudavel,saudavel,0.9301,agrosmart-v1,simulado,sim-2026-06
710232ce-f449-5f99-babd-34f82fcb9653,TI-01_20260629_0031.jpg,2026-06-29 09:51:40,TI-01,drone,saudavel,saudavel,0.8474,agrosmart-v1,simulado,sim-2026-06
324b8c88-c390-5a43-8c36-aa0d74e9f4d2,SC-04_20260629_0007.jpg,2026-06-29 09:51:57,SC-04,smartphone,saudavel,saudavel,0.9837,agrosmart-v1,simulado,sim-2026-06
c03fd1e8-7be1-5b55-b547-810d8bc40ead,SC-02_20260629_0010.jpg,2026-06-29 09:52:00,SC-02,smartphone,doente,requeima,0.9883,agrosmart-v1,simulado,sim-2026-06
2761a6ca-7c31-5272-b3a2-e4523e88b808,BV-03_20260629_0009.jpg,2026-06-29 09:52:15,BV-03,smartphone,saudavel,saudavel,0.9754,agrosmart-v1,simulado,sim-2026-06
0a2a2dab-431b-5a21-8aa6-db32905d1a40,TI-01_20260629_0032.jpg,2026-06-29 09:52:34,TI-01,drone,doente,mosca_minadora,0.9043,agrosmart-v1,simulado,sim-2026-06
53bbfd73-4489-5a3f-a83a-b552b5bf400e,SC-04_20260629_0008.jpg,2026-06-29 09:52:38,SC-04,smartphone,saudavel,saudavel,0.8700,agrosmart-v1,simulado,sim-2026-06
b0e750a1-ec9f-5dc7-86b3-495959dbf0f8,SC-02_20260629_0011.jpg,2026-06-29 09:52:47,SC-02,smartphone,saudavel,saudavel,0.9178,agrosmart-v1,simulado,sim-2026-06
b5290fb3-c356-520b-ac80-d55877708bf4,BV-03_20260629_0010.jpg,2026-06-29 09:52:52,BV-03,smartphone,saudavel,saudavel,0.8203,agrosmart-v1,simulado,sim-2026-06
bee1c119-598d-5b74-b178-82d17ab63e58,TI-01_20260629_0033.jpg,2026-06-29 09:53:02,TI-01,drone,saudavel,saudavel,0.9485,agrosmart-v1,simulado,sim-2026-06
07d03943-332d-549f-8399-7eba92bf3980,SC-02_20260629_0012.jpg,2026-06-29 09:53:07,SC-02,smartphone,saudavel,saudavel,0.9253,agrosmart-v1,simulado,sim-2026-06
9572ab44-31a3-58aa-933b-77401408deba,SC-04_20260629_0009.jpg,2026-06-29 09:53:12,SC-04,smartphone,saudavel,saudavel,0.9184,agrosmart-v1,simulado,sim-2026-06
fb577f25-31e4-5c32-a1a3-24906244a5a2,BV-03_20260629_0011.jpg,2026-06-29 09:53:27,BV-03,smartphone,saudavel,saudavel,0.9738,agrosmart-v1,simulado,sim-2026-06
14fcc422-582a-5f78-86a0-ad5e871f2972,SC-04_20260629_0010.jpg,2026-06-29 09:53:50,SC-04,smartphone,saudavel,saudavel,0.9724,agrosmart-v1,simulado,sim-2026-06
db828caa-8703-5544-acf4-bbf9aae1950d,SC-02_20260629_0013.jpg,2026-06-29 09:54:07,SC-02,smartphone,doente,requeima,0.6089,agrosmart-v1,simulado,sim-2026-06
07aacaa8-45ad-5115-a4e6-adf242225e2e,TI-01_20260629_0034.jpg,2026-06-29 09:54:10,TI-01,drone,saudavel,saudavel,0.9266,agrosmart-v1,simulado,sim-2026-06
c273f839-cb92-5022-b444-a4febba5eab7,BV-03_20260629_0012.jpg,2026-06-29 09:54:19,BV-03,smartphone,saudavel,saudavel,0.8306,agrosmart-v1,simulado,sim-2026-06
2c2869c9-1bce-5924-904f-501a01f07b95,SC-04_20260629_0011.jpg,2026-06-29 09:54:32,SC-04,smartphone,saudavel,saudavel,0.9504,agrosmart-v1,simulado,sim-2026-06
22fbbd28-b06a-54c6-bb44-38674206af97,TI-01_20260629_0035.jpg,2026-06-29 09:54:40,TI-01,drone,saudavel,saudavel,0.8716,agrosmart-v1,simulado,sim-2026-06
1313b674-29c8-5f59-bc68-c08418b0f4b6,SC-02_20260629_0014.jpg,2026-06-29 09:54:44,SC-02,smartphone,doente,requeima,0.9346,agrosmart-v1,simulado,sim-2026-06
17f86658-584b-5645-919f-9bc8c1ee438d,BV-03_20260629_0013.jpg,2026-06-29 09:54:58,BV-03,smartphone,saudavel,saudavel,0.9750,agrosmart-v1,simulado,sim-2026-06
2a6a216f-0d8f-5bf0-84d3-164e713fe945,SC-04_20260629_0012.jpg,2026-06-29 09:55:08,SC-04,smartphone,saudavel,saudavel,0.9891,agrosmart-v1,simulado,sim-2026-06
1ae7f2de-a004-56e8-bc3d-3c8f29b192cb,TI-01_20260629_0036.jpg,2026-06-29 09:55:17,TI-01,drone,saudavel,saudavel,0.9976,agrosmart-v1,simulado,sim-2026-06
1c0e9211-d024-57e9-8213-17a2620cfe72,SC-02_20260629_0015.jpg,2026-06-29 09:55:24,SC-02,smartphone,saudavel,saudavel,0.9497,agrosmart-v1,simulado,sim-2026-06
e12884f5-b756-5922-b900-c7edee5faa21,BV-03_20260629_0014.jpg,2026-06-29 09:55:46,BV-03,smartphone,saudavel,saudavel,0.8505,agrosmart-v1,simulado,sim-2026-06
d03a00e6-8f3f-51bf-b28f-ee84e99a33a9,SC-02_20260629_0016.jpg,2026-06-29 09:55:48,SC-02,smartphone,doente,requeima,0.9410,agrosmart-v1,simulado,sim-2026-06
d1babe81-7216-5d25-bfe3-9c2e4c4e1235,SC-04_20260629_0013.jpg,2026-06-29 09:56:07,SC-04,smartphone,saudavel,saudavel,0.9791,agrosmart-v1,simulado,sim-2026-06
a8bffb13-759e-57bf-bec9-0c031d4de94a,TI-01_20260629_0037.jpg,2026-06-29 09:56:07,TI-01,drone,saudavel,saudavel,0.9967,agrosmart-v1,simulado,sim-2026-06
f9cf9dd3-8659-55d4-9058-002766bfb7cf,SC-04_20260629_0014.jpg,2026-06-29 09:56:27,SC-04,smartphone,saudavel,saudavel,0.9422,agrosmart-v1,simulado,sim-2026-06
99529553-f835-5e7e-8fca-ce56cce7548a,BV-03_20260629_0015.jpg,2026-06-29 09:56:28,BV-03,smartphone,saudavel,saudavel,0.8992,agrosmart-v1,simulado,sim-2026-06
5e1653be-b293-5821-b644-8250ded7ce27,SC-02_20260629_0017.jpg,2026-06-29 09:56:29,SC-02,smartphone,doente,requeima,0.9950,agrosmart-v1,simulado,sim-2026-06
9e5161dd-69e6-52e2-9f60-c71c5005b3b9,TI-01_20260629_0038.jpg,2026-06-29 09:56:29,TI-01,drone,saudavel,saudavel,0.8462,agrosmart-v1,simulado,sim-2026-06
57cd3864-b1c6-5ac3-8095-9590e91a5554,BV-03_20260629_0016.jpg,2026-06-29 09:56:45,BV-03,smartphone,saudavel,saudavel,0.9730,agrosmart-v1,simulado,sim-2026-06
0e3f8034-7df2-5fbd-8d6e-e95f7497ff60,SC-04_20260629_0015.jpg,2026-06-29 09:57:06,SC-04,smartphone,saudavel,saudavel,0.9947,agrosmart-v1,simulado,sim-2026-06
03fd0563-e2bf-5611-b767-027240bd93ed,TI-01_20260629_0039.jpg,2026-06-29 09:57:27,TI-01,drone,saudavel,saudavel,0.9456,agrosmart-v1,simulado,sim-2026-06
5b7b8988-33eb-5882-af99-2e57f0a85037,SC-02_20260629_0018.jpg,2026-06-29 09:57:29,SC-02,smartphone,saudavel,saudavel,0.9956,agrosmart-v1,simulado,sim-2026-06
07f70a57-26a2-5638-b048-354d3c2fb684,BV-03_20260629_0017.jpg,2026-06-29 09:57:33,BV-03,smartphone,saudavel,saudavel,0.9970,agrosmart-v1,simulado,sim-2026-06
19687c27-7e10-5462-8c42-642aa13246c1,TI-01_20260629_0040.jpg,2026-06-29 09:57:44,TI-01,drone,saudavel,saudavel,0.9572,agrosmart-v1,simulado,sim-2026-06
23e8aae7-5af7-55f7-9da3-63cbb0ca01fa,SC-04_20260629_0016.jpg,2026-06-29 09:57:46,SC-04,smartphone,saudavel,saudavel,0.9162,agrosmart-v1,simulado,sim-2026-06
72e2e000-47bb-5a6c-8394-166b15f7cd7b,SC-02_20260629_0019.jpg,2026-06-29 09:57:52,SC-02,smartphone,doente,requeima,0.9220,agrosmart-v1,simulado,sim-2026-06
bb691e12-c776-5aa4-9dac-ca3fef19c1b5,BV-03_20260629_0018.jpg,2026-06-29 09:58:12,BV-03,smartphone,saudavel,saudavel,0.9629,agrosmart-v1,simulado,sim-2026-06
06570139-29b3-5454-b5a6-4cd08c4ee859,SC-04_20260629_0017.jpg,2026-06-29 09:58:41,SC-04,smartphone,doente,requeima,0.7688,agrosmart-v1,simulado,sim-2026-06
144075a2-f676-569b-b88a-ea8c2741f995,TI-01_20260629_0041.jpg,2026-06-29 09:58:44,TI-01,drone,saudavel,saudavel,0.9475,agrosmart-v1,simulado,sim-2026-06
9a53ff09-e851-5ac4-9a8e-4574bc2c3d07,SC-02_20260629_0020.jpg,2026-06-29 09:58:45,SC-02,smartphone,doente,requeima,0.8342,agrosmart-v1,simulado,sim-2026-06
2da5b3a8-1699-5319-9598-1e43abe016f6,BV-03_20260629_0019.jpg,2026-06-29 09:58:58,BV-03,smartphone,saudavel,saudavel,0.9936,agrosmart-v1,simulado,sim-2026-06
375cb35a-a3c9-5ee8-b50f-443784d39842,SC-02_20260629_0021.jpg,2026-06-29 09:59:26,SC-02,smartphone,doente,requeima,0.9707,agrosmart-v1,simulado,sim-2026-06
d21aecbb-1bc5-5e87-87e5-2d1009e0ffda,SC-04_20260629_0018.jpg,2026-06-29 09:59:26,SC-04,smartphone,saudavel,saudavel,0.9743,agrosmart-v1,simulado,sim-2026-06
35da2cc4-5b3a-5925-b078-4f746f6bab3e,TI-01_20260629_0042.jpg,2026-06-29 09:59:26,TI-01,drone,saudavel,saudavel,0.9635,agrosmart-v1,simulado,sim-2026-06
42b495aa-17f3-5376-bf44-eada686b1f71,BV-03_20260629_0020.jpg,2026-06-29 09:59:39,BV-03,smartphone,saudavel,saudavel,0.8514,agrosmart-v1,simulado,sim-2026-06
a6c5da9d-2f32-50b6-a9bc-c61345a19c4a,TI-01_20260629_0043.jpg,2026-06-29 09:59:45,TI-01,drone,saudavel,saudavel,0.9996,agrosmart-v1,simulado,sim-2026-06
563e046d-0dd2-54ba-ba16-77fac4bc6ba1,SC-02_20260629_0022.jpg,2026-06-29 09:59:56,SC-02,smartphone,doente,requeima,0.9699,agrosmart-v1,simulado,sim-2026-06
07d0f8ad-eff6-507e-9012-54ba5c494e20,SC-04_20260629_0019.jpg,2026-06-29 10:00:10,SC-04,smartphone,saudavel,saudavel,0.9832,agrosmart-v1,simulado,sim-2026-06
d1daacaa-44e3-51f5-bee5-3746fb6cb564,BV-03_20260629_0021.jpg,2026-06-29 10:00:21,BV-03,smartphone,saudavel,saudavel,0.9378,agrosmart-v1,simulado,sim-2026-06
abbfdac0-7265-5e68-839b-15dd2ed9b42c,TI-01_20260629_0044.jpg,2026-06-29 10:00:27,TI-01,drone,saudavel,saudavel,0.9974,agrosmart-v1,simulado,sim-2026-06
e06d0060-9199-5196-9c08-36ca8c9cde1f,SC-04_20260629_0020.jpg,2026-06-29 10:00:31,SC-04,smartphone,saudavel,saudavel,0.9871,agrosmart-v1,simulado,sim-2026-06
54d87263-8cbb-5c1e-8ed4-1cdec6a3fbfa,SC-02_20260629_0023.jpg,2026-06-29 10:00:32,SC-02,smartphone,doente,requeima,0.9672,agrosmart-v1,simulado,sim-2026-06
593e64f7-c8a4-5681-aaa4-f134b4c3d0d6,TI-01_20260629_0045.jpg,2026-06-29 10:01:04,TI-01,drone,saudavel,saudavel,0.9979,agrosmart-v1,simulado,sim-2026-06
2abda761-4fd3-5a7d-97cf-139aa296ad99,BV-03_20260629_0022.jpg,2026-06-29 10:01:05,BV-03,smartphone,saudavel,saudavel,0.9459,agrosmart-v1,simulado,sim-2026-06
4e33c22d-3310-5d79-b5d1-59dfcb99502a,SC-04_20260629_0021.jpg,2026-06-29 10:01:16,SC-04,smartphone,saudavel,saudavel,0.8846,agrosmart-v1,simulado,sim-2026-06
079e96b4-f3c0-53e0-9187-700c5997fdea,SC-02_20260629_0024.jpg,2026-06-29 10:01:28,SC-02,smartphone,doente,requeima,0.9546,agrosmart-v1,simulado,sim-2026-06
d253221d-c57d-5dcd-979d-939e83a2ff5e,BV-03_20260629_0023.jpg,2026-06-29 10:01:44,BV-03,smartphone,saudavel,saudavel,0.9590,agrosmart-v1,simulado,sim-2026-06
4a1eb873-ffe0-5371-88af-879578a6f9f4,SC-02_20260629_0025.jpg,2026-06-29 10:01:49,SC-02,smartphone,doente,requeima,0.9754,agrosmart-v1,simulado,sim-2026-06
b1ec6c57-a2a1-5a82-b9b6-690f0d17792e,SC-04_20260629_0022.jpg,2026-06-29 10:01:55,SC-04,smartphone,saudavel,saudavel,0.9579,agrosmart-v1,simulado,sim-2026-06
86e4e536-59c9-5708-88eb-ac3cf66d5286,SC-04_20260629_0023.jpg,2026-06-29 10:02:23,SC-04,smartphone,saudavel,saudavel,1.0000,agrosmart-v1,simulado,sim-2026-06
7cc5c472-4bf0-581c-a6c4-49d1af98ef08,SC-02_20260629_0026.jpg,2026-06-29 10:02:37,SC-02,smartphone,saudavel,saudavel,0.9401,agrosmart-v1,simulado,sim-2026-06
731e0462-109d-5536-bacc-b80941e54205,SC-02_20260629_0027.jpg,2026-06-29 10:03:10,SC-02,smartphone,saudavel,saudavel,0.9266,agrosmart-v1,simulado,sim-2026-06
e348559e-a110-58e2-87aa-a9347f233139,SC-04_20260629_0024.jpg,2026-06-29 10:03:21,SC-04,smartphone,saudavel,saudavel,0.9262,agrosmart-v1,simulado,sim-2026-06
fa02fc91-23b5-504a-92d9-b4a87f23bf0a,SC-02_20260629_0028.jpg,2026-06-29 10:04:01,SC-02,smartphone,doente,requeima,0.9844,agrosmart-v1,simulado,sim-2026-06
467676bb-14ef-5d90-8a03-32240c1e50ec,SC-04_20260629_0025.jpg,2026-06-29 10:04:09,SC-04,smartphone,saudavel,saudavel,1.0000,agrosmart-v1,simulado,sim-2026-06
66065715-88af-5c10-8ae8-9f130e75496d,SC-02_20260629_0029.jpg,2026-06-29 10:04:42,SC-02,smartphone,doente,requeima,0.9406,agrosmart-v1,simulado,sim-2026-06
f6308ad4-6516-5934-a67f-cf3493e1dde6,SC-02_20260629_0030.jpg,2026-06-29 10:05:16,SC-02,smartphone,doente,mosca_minadora,0.9929,agrosmart-v1,simulado,sim-2026-06
9cb35a7b-91b9-5a5c-8614-a5b3c0078a96,SC-02_20260629_0031.jpg,2026-06-29 10:06:10,SC-02,smartphone,doente,requeima,0.9346,agrosmart-v1,simulado,sim-2026-06
0cd1fd32-8c32-53ea-92cc-3f310ef0d00c,SC-02_20260629_0032.jpg,2026-06-29 10:06:23,SC-02,smartphone,doente,requeima,0.9844,agrosmart-v1,simulado,sim-2026-06
9728171a-5614-5247-9128-096d735d0c2b,SC-02_20260629_0033.jpg,2026-06-29 10:07:01,SC-02,smartphone,saudavel,saudavel,0.9090,agrosmart-v1,simulado,sim-2026-06
558725b6-35d3-5bfa-83ae-fd21469710fd,BV-03_20260529_0028.jpg,2026-05-29 10:10:04,BV-03,smartphone,saudavel,saudavel,0.9978,agrosmart-v1,simulado,sim-2026-06
a6776918-cb90-575e-9f13-ae166c4c6954,TI-03_20260518_0005.jpg,2026-05-18 09:20:23,TI-03,drone,saudavel,saudavel,0.9440,agrosmart-v1,simulado,sim-2026-06
662ed472-01a7-573b-aa32-3e625140d0c8,TI-04_20260518_0018.jpg,2026-05-18 08:50:16,TI-04,drone,saudavel,saudavel,0.9586,agrosmart-v1,simulado,sim-2026-06
3f4b5b71-0233-5ecf-a28e-3adb6cd5c933,BV-03_20260515_0016.jpg,2026-05-15 08:15:10,BV-03,smartphone,saudavel,saudavel,0.9138,agrosmart-v1,simulado,sim-2026-06
3c5628a6-c789-5cc6-ae01-8f65447c4257,SC-04_20260501_0009.jpg,2026-05-01 08:11:26,SC-04,smartphone,saudavel,saudavel,0.9994,agrosmart-v1,simulado,sim-2026-06
e8c9c8ee-e663-5e6f-a74c-6cf895a90c39,SC-03_20260617_0019.jpg,2026-06-17 09:40:58,SC-03,smartphone,saudavel,saudavel,,agrosmart-v1,simulado,sim-2026-06
7863e91f-ead0-5ce7-9b59-1699cea58b64,SC-01_20260612_0002.jpg,2026-06-12 07:45:37,XX-99,smartphone,saudavel,saudavel,0.9751,agrosmart-v1,simulado,sim-2026-06
f74678a7-da40-544c-974d-b3c7aeb65341,SC-02_20260622_0017.jpg,2026-06-22 09:25:49,XX-99,smartphone,saudavel,saudavel,0.9995,agrosmart-v1,simulado,sim-2026-06
d04a25db-fc7e-5839-bd02-379228016a1d,TI-02_20260629_0032.jpg,2026-06-29 07:50:48,TI-02,drone,saudavel,desconhecido,0.9522,agrosmart-v1,simulado,sim-2026-06
