id_imagem,nome_imagem,data_captura,talhao_id,origem,categoria,tipo_anomalia,confianca,modelo_versao,fonte,lote_id
6d64739d-1b60-58f9-9742-e27ad6ea2283,SC-02_20260902_0001.jpg,2026-09-02 07:10:41,SC-02,smartphone,doente,requeima,0.9982,agrosmart-v1,simulado,sim-2026-09
0f5e1f4e-5c64-58c1-80f3-8825b8d5c50d,SC-02_20260902_0002.jpg,2026-09-02 07:11:44,SC-02,smartphone,saudavel,saudavel,0.9054,agrosmart-v1,simulado,sim-2026-09
9f105707-04f5-5735-93c0-f6f70ee40dec,SC-02_20260902_0003.jpg,2026-09-02 07:12:12,SC-02,smartphone,saudavel,saudavel,0.9914,agrosmart-v1,simulado,sim-2026-09
b7de337c-b591-50ea-b4aa-b63456e53073,SC-02_20260902_0004.jpg,2026-09-02 07:12:59,SC-02,smartphone,saudavel,saudavel,0.9983,agrosmart-v1,simulado,sim-2026-09
9625b432-2f2f-5258-b50d-bb28ee23efa2,SC-02_20260902_0005.jpg,2026-09-02 07:13:23,SC-02,smartphone,saudavel,saudavel,0.8753,agrosmart-v1,simulado,sim-2026-09
0ee7037a-ba5a-5b6c-96e3-40ed570d85a8,SC-02_20260902_0006.jpg,2026-09-02 07:14:28,SC-02,smartphone,saudavel,saudavel,0.9992,agrosmart-v1,simulado,sim-2026-09
c412c349-5e5f-5553-8e18-e22fc130b0c4,SC-02_20260902_0007.jpg,2026-09-02 07:14:46,SC-02,smartphone,saudavel,saudavel,0.9051,agrosmart-v1,simulado,sim-2026-09
8c06c924-7e5f-5322-a62e-0eb7dd0b7e7e,SC-02_20260902_0008.jpg,2026-09-02 07:15:45,SC-02,smartphone,saudavel,saudavel,0.9614,agrosmart-v1,simulado,sim-2026-09
34721761-5f40-5180-8716-d658cd6ca4b0,SC-02_20260902_0009.jpg,2026-09-02 07:16:28,SC-02,smartphone,saudavel,saudavel,0.9992,agrosmart-v1,simulado,sim-2026-09
df8cd859-cc3f-58e5-b15d-bd553fb0da5a,SC-02_20260902_0010.jpg,2026-09-02 07:16:43,SC-02,smartphone,saudavel,saudavel,0.9833,agrosmart-v1,simulado,sim-2026-09
37c13ffa-5271-56b4-897a-575fa8c143a4,SC-02_20260902_0011.jpg,2026-09-02 07:17:45,SC-02,smartphone,saudavel,saudavel,0.8227,agrosmart-v1,simulado,sim-2026-09
1ad3a365-e73d-5e2e-8fbf-326d284aba3f,SC-02_20260902_0012.jpg,2026-09-02 07:18:05,SC-02,smartphone,saudavel,saudavel,0.9004,agrosmart-v1,simulado,sim-2026-09
cc24f416-a469-56cd-a8b1-944c99bffea8,SC-02_20260902_0013.jpg,2026-09-02 07:18:58,SC-02,smartphone,saudavel,saudavel,0.8924,agrosmart-v1,simulado,sim-2026-09
0c08c45b-6539-5420-9533-726c0aac6b92,SC-02_20260902_0014.jpg,2026-09-02 07:19:49,SC-02,smartphone,saudavel,saudavel,0.9805,agrosmart-v1,simulado,sim-2026-09
be31a225-8540-58f3-bbd7-24b64a47a6e0,SC-02_20260902_0015.jpg,2026-09-02 07:20:03,SC-02,smartphone,saudavel,saudavel,0.9962,agrosmart-v1,simulado,sim-2026-09
4ad9970f-ecf5-5bfb-ae99-b21bfd310a6c,SC-02_20260902_0016.jpg,2026-09-02 07:21:07,SC-02,smartphone,saudavel,saudavel,0.8645,agrosmart-v1,simulado,sim-2026-09
a11f2156-415d-5e27-a925-37e78832da7b,SC-02_20260902_0017.jpg,2026-09-02 07:21:30,SC-02,smartphone,saudavel,saudavel,0.9836,agrosmart-v1,simulado,sim-2026-09
f5f41363-1429-502d-886a-8fb22cc7e09a,SC-02_20260902_0018.jpg,2026-09-02 07:22:12,SC-02,smartphone,saudavel,saudavel,0.9998,agrosmart-v1,simulado,sim-2026-09
a6dd3b79-afb8-56a3-b410-2ced3d8c0525,SC-02_20260902_0019.jpg,2026-09-02 07:22:48,SC-02,smartphone,saudavel,saudavel,0.9956,agrosmart-v1,simulado,sim-2026-09
b8f84604-dcd7-5b4a-8783-58e6dee5ce60,SC-02_20260902_0020.jpg,2026-09-02 07:23:47,SC-02,smartphone,saudavel,saudavel,0.8326,agrosmart-v1,simulado,sim-2026-09
6e1b4c5e-0137-5661-9934-6b121fd94cb2,SC-02_20260902_0021.jpg,2026-09-02 07:24:10,SC-02,smartphone,saudavel,saudavel,0.9875,agrosmart-v1,simulado,sim-2026-09
58b61c60-6658-5698-9a66-eeaf834939c9,SC-02_20260902_0022.jpg,2026-09-02 07:24:50,SC-02,smartphone,saudavel,saudavel,0.8384,agrosmart-v1,simulado,sim-2026-09
5b89ebbd-2489-54a9-b221-6cf14792f0ea,SC-02_20260902_0023.jpg,2026-09-02 07:25:30,SC-02,smartphone,saudavel,saudavel,0.7576,agrosmart-v1,simulado,sim-2026-09
5430f56b-d9d3-513c-ba10-2a6d189c464d,SC-02_20260902_0024.jpg,2026-09-02 07:26:30,SC-02,smartphone,saudavel,saudavel,0.8940,agrosmart-v1,simulado,sim-2026-09
24384820-e9ea-5ef3-b378-e7b4553c83c9,SC-02_20260902_0025.jpg,2026-09-02 07:26:47,SC-02,smartphone,saudavel,saudavel,0.9942,agrosmart-v1,simulado,sim-2026-09
4cc4c90b-b741-5dc5-9bff-5159bc5ab7ee,SC-02_20260902_0026.jpg,2026-09-02 07:27:34,SC-02,smartphone,saudavel,saudavel,0.9851,agrosmart-v1,simulado,sim-2026-09
3ffbfee5-90d6-5519-917c-1a8da32e2dbc,SC-02_20260902_0027.jpg,2026-09-02 07:28:30,SC-02,smartphone,saudavel,saudavel,0.9152,agrosmart-v1,simulado,sim-2026-09
c3bc65e4-5ff2-5b24-be34-986050e6c591,SC-02_20260902_0028.jpg,2026-09-02 07:28:40,SC-02,smartphone,saudavel,saudavel,0.9711,agrosmart-v1,simulado,sim-2026-09
4a421b9d-541f-5753-a240-901036dc5958,SC-02_20260902_0029.jpg,2026-09-02 07:29:39,SC-02,smartphone,saudavel,saudavel,0.9969,agrosmart-v1,simulado,sim-2026-09
62561380-9c16-52d3-9997-bca15b37b003,SC-02_20260902_0030.jpg,2026-09-02 07:30:24,SC-02,smartphone,saudavel,saudavel,0.9636,agrosmart-v1,simulado,sim-2026-09
164279e8-52c2-5b96-a2db-326ea700f4c1,SC-02_20260902_0031.jpg,2026-09-02 07:31:05,SC-02,smartphone,saudavel,saudavel,0.9859,agrosmart-v1,simulado,sim-2026-09
77a113c6-a1b1-5fed-a4b8-95da784965ab,SC-02_20260902_0032.jpg,2026-09-02 07:31:25,SC-02,smartphone,saudavel,saudavel,0.8999,agrosmart-v1,simulado,sim-2026-09
8cc01c4e-bde3-5e49-8bf2-f4923a7c52d8,SC-02_20260902_0033.jpg,2026-09-02 07:32:15,SC-02,smartphone,saudavel,saudavel,0.9319,agrosmart-v1,simulado,sim-2026-09
06f02cf3-cfd2-593d-b67e-5fb24578d89f,SC-02_20260902_0034.jpg,2026-09-02 07:33:06,SC-02,smartphone,saudavel,saudavel,0.9326,agrosmart-v1,simulado,sim-2026-09
a70a8c0c-6484-57f1-b08b-59132c3ca687,TI-03_20260902_0001.jpg,2026-09-02 07:34:42,TI-03,drone,saudavel,saudavel,0.9080,agrosmart-v1,simulado,sim-2026-09
b6c651d6-080f-5480-baa0-a139a5dded81,TI-03_20260902_0002.jpg,2026-09-02 07:35:29,TI-03,drone,saudavel,saudavel,0.9988,agrosmart-v1,simulado,sim-2026-09
d080cf35-386f-507e-9d81-36773e6df199,TI-03_20260902_0003.jpg,2026-09-02 07:36:01,TI-03,drone,saudavel,saudavel,0.9985,agrosmart-v1,simulado,sim-2026-09
342a5e34-b354-57a8-8d4a-16b6a399c24c,TI-03_20260902_0004.jpg,2026-09-02 07:36:42,TI-03,drone,saudavel,saudavel,0.9772,agrosmart-v1,simulado,sim-2026-09
ff5f9035-672b-56a6-ac18-9459e0d21fdb,TI-03_20260902_0005.jpg,2026-09-02 07:37:21,TI-03,drone,saudavel,saudavel,0.9281,agrosmart-v1,simulado,sim-2026-09
1b08a39e-976d-525e-9295-b17114e8ccd8,TI-03_20260902_0006.jpg,2026-09-02 07:38:05,TI-03,drone,saudavel,saudavel,0.8772,agrosmart-v1,simulado,sim-2026-09
d789bdaf-e7e3-5cc3-a04c-ae3247cceb3c,BV-02_20260902_0001.jpg,2026-09-02 07:38:10,BV-02,smartphone,saudavel,saudavel,0.9213,agrosmart-v1,simulado,sim-2026-09
e7097cfc-a041-54f6-a7de-4d2bb3345761,BV-02_20260902_0002.jpg,2026-09-02 07:38:43,BV-02,smartphone,saudavel,saudavel,0.9303,agrosmart-v1,simulado,sim-2026-09
65dc692d-1e8f-5e82-83c6-8b85f3762888,TI-03_20260902_0007.jpg,2026-09-02 07:38:53,TI-03,drone,saudavel,saudavel,0.8225,agrosmart-v1,simulado,sim-2026-09
6a2e0303-8439-549b-887e-fc534363842d,BV-02_20260902_0003.jpg,2026-09-02 07:39:18,BV-02,smartphone,saudavel,saudavel,0.8915,agrosmart-v1,simulado,sim-2026-09
7b5e0be8-c141-5380-88d6-94cfb5d647ba,TI-03_20260902_0008.jpg,2026-09-02 07:39:35,TI-03,drone,doente,pinta_preta,0.8882,agrosmart-v1,simulado,sim-2026-09
919f1d38-643e-590b-82bf-daa14865c9a2,BV-02_20260902_0004.jpg,2026-09-02 07:40:04,BV-02,smartphone,saudavel,saudavel,0.9993,agrosmart-v1,simulado,sim-2026-09
94ca4a8d-9731-5c62-a9ac-f23162ed0686,TI-03_20260902_0009.jpg,2026-09-02 07:40:19,TI-03,drone,saudavel,saudavel,0.8819,agrosmart-v1,simulado,sim-2026-09
bbc72fce-1bb6-52aa-b9f6-3f5ccc84803b,BV-02_20260902_0005.jpg,2026-09-02 07:40:30,BV-02,smartphone,saudavel,saudavel,0.9110,agrosmart-v1,simulado,sim-2026-09
20397930-8b36-5efe-8d64-062c843f5e2b,TI-03_20260902_0010.jpg,2026-09-02 07:40:57,TI-03,drone,saudavel,saudavel,0.9458,agrosmart-v1,simulado,sim-2026-09
026bb8ea-281c-5d77-b4fc-b077250460ed,BV-02_20260902_0006.jpg,2026-09-02 07:41:03,BV-02,smartphone,saudavel,saudavel,0.9636,agrosmart-v1,simulado,sim-2026-09
302526eb-b353-5f95-8ec7-510247092d60,TI-03_20260902_0011.jpg,2026-09-02 07:41:28,TI-03,drone,doente,pinta_preta,0.8964,agrosmart-v1,simulado,sim-2026-09
9007e51b-965e-52bd-b395-108de2d99586,BV-02_20260902_0007.jpg,2026-09-02 07:41:52,BV-02,smartphone,saudavel,saudavel,0.8818,agrosmart-v1,simulado,sim-2026-09
7e1ce37a-4f5e-5671-822b-4fc2af27f156,TI-03_20260902_0012.jpg,2026-09-02 07:42:01,TI-03,drone,saudavel,saudavel,0.8949,agrosmart-v1,simulado,sim-2026-09
34eda79b-807f-5d86-a60c-abfb49057a7a,BV-02_20260902_0008.jpg,2026-09-02 07:42:39,BV-02,smartphone,saudavel,saudavel,0.8329,agrosmart-v1,simulado,sim-2026-09
1ed8e249-a41f-5c6a-92c3-f435a400ea47,BV-02_20260902_0009.jpg,2026-09-02 07:43:05,BV-02,smartphone,saudavel,saudavel,0.8527,agrosmart-v1,simulado,sim-2026-09
e3a2d8bb-2138-5216-b00f-02731c5677df,TI-03_20260902_0013.jpg,2026-09-02 07:43:08,TI-03,drone,saudavel,saudavel,0.8203,agrosmart-v1,simulado,sim-2026-09
2ce20dab-4566-5fb2-9ec8-7850ee92a37c,TI-03_20260902_0014.jpg,2026-09-02 07:43:39,TI-03,drone,saudavel,saudavel,0.8966,agrosmart-v1,simulado,sim-2026-09
b658cfb1-b619-5802-b45e-981043127222,BV-02_20260902_0010.jpg,2026-09-02 07:44:00,BV-02,smartphone,saudavel,saudavel,0.9636,agrosmart-v1,simulado,sim-2026-09
e6de4dc7-8096-55d0-8129-5590c33703bb,BV-02_20260902_0011.jpg,2026-09-02 07:44:27,BV-02,smartphone,saudavel,saudavel,0.9981,agrosmart-v1,simulado,sim-2026-09
5a56c77c-874d-5f68-ba02-ea57f3323b86,TI-03_20260902_0015.jpg,2026-09-02 07:44:29,TI-03,drone,saudavel,saudavel,0.9379,agrosmart-v1,simulado,sim-2026-09
10cb53ea-9393-54ad-8c93-1df6af3bee1d,TI-03_20260902_0016.jpg,2026-09-02 07:44:51,TI-03,drone,saudavel,saudavel,0.9579,agrosmart-v1,simulado,sim-2026-09
e9134391-76bc-5891-beb4-7f8ed0404182,BV-02_20260902_0012.jpg,2026-09-02 07:45:20,BV-02,smartphone,saudavel,saudavel,0.9550,agrosmart-v1,simulado,sim-2026-09
23d707de-fbf6-547c-a45a-abc99bab63ff,TI-03_20260902_0017.jpg,2026-09-02 07:45:44,TI-03,drone,saudavel,saudavel,0.8731,agrosmart-v1,simulado,sim-2026-09
e81b1ee5-6198-531e-8555-21e216acb536,BV-02_20260902_0013.jpg,2026-09-02 07:46:06,BV-02,smartphone,saudavel,saudavel,0.8601,agrosmart-v1,simulado,sim-2026-09
301bd70d-6bba-54d8-872a-5409dc2ebd96,TI-03_20260902_0018.jpg,2026-09-02 07:46:09,TI-03,drone,saudavel,saudavel,0.9991,agrosmart-v1,simulado,sim-2026-09
937b4bd9-6409-5151-8f47-6a7d8e69ee5e,BV-02_20260902_0014.jpg,2026-09-02 07:46:25,BV-02,smartphone,saudavel,saudavel,0.9523,agrosmart-v1,simulado,sim-2026-09
0c43b409-4a1e-555c-93e3-2adade785f0a,TI-03_20260902_0019.jpg,2026-09-02 07:46:53,TI-03,drone,saudavel,saudavel,0.8777,agrosmart-v1,simulado,sim-2026-09
c6397a3d-74c7-569e-8e8a-659338a0dc74,BV-02_20260902_0015.jpg,2026-09-02 07:47:18,BV-02,smartphone,doente,pinta_preta,0.9919,agrosmart-v1,simulado,sim-2026-09
c074299f-3d22-5083-9dec-e6580885b45c,TI-03_20260902_0020.jpg,2026-09-02 07:47:24,TI-03,drone,saudavel,saudavel,1.0000,agrosmart-v1,simulado,sim-2026-09
703eb835-4400-5135-9665-30e4988a68c3,BV-02_20260902_0016.jpg,2026-09-02 07:47:41,BV-02,smartphone,saudavel,saudavel,1.0000,agrosmart-v1,simulado,sim-2026-09
ed0ef9e1-426e-599a-85b7-657f6ab001fa,SC-03_20260902_0001.jpg,2026-09-02 07:47:47,SC-03,smartphone,saudavel,saudavel,0.9307,agrosmart-v1,simulado,sim-2026-09
ef162db1-7b27-5378-b4d0-dc8aed4f86d3,TI-03_20260902_0021.jpg,2026-09-02 07:48:14,TI-03,drone,saudavel,saudavel,0.8823,agrosmart-v1,simulado,sim-2026-09
0f55c089-25ce-5c53-aa22-e45e4163f56e,SC-03_20260902_0002.jpg,2026-09-02 07:48:38,SC-03,smartphone,saudavel,saudavel,0.8636,agrosmart-v1,simulado,sim-2026-09
b16eb77c-cc72-5093-b7a1-f1d70bc1885b,TI-03_20260902_0022.jpg,2026-09-02 07:48:46,TI-03,drone,saudavel,saudavel,0.9754,agrosmart-v1,simulado,sim-2026-09
0270c823-9162-53b3-8122-2c4d1e170324,BV-02_20260902_0017.jpg,2026-09-02 07:48:48,BV-02,smartphone,saudavel,saudavel,0.5370,agrosmart-v1,simulado,sim-2026-09
4bb6cc03-6c9e-5f4c-bb21-b58ef90359ca,BV-02_20260902_0018.jpg,2026-09-02 07:49:14,BV-02,smartphone,saudavel,saudavel,0.9976,agrosmart-v1,simulado,sim-2026-09
152e13e5-731d-5de9-8778-1c04f5762ce9,SC-03_20260902_0003.jpg,2026-09-02 07:49:16,SC-03,smartphone,saudavel,saudavel,0.9920,agrosmart-v1,simulado,sim-2026-09
6dfb7a11-2a75-56ae-b4df-a06728fd74e7,TI-03_20260902_0023.jpg,2026-09-02 07:49:22,TI-03,drone,saudavel,saudavel,0.6365,agrosmart-v1,simulado,sim-2026-09
dfd561e3-1efd-5f8b-96ff-336977bc7c3e,SC-03_20260902_0004.jpg,2026-09-02 07:49:41,SC-03,smartphone,saudavel,saudavel,0.8864,agrosmart-v1,simulado,sim-2026-09
766cc77b-1b6f-5c1c-9e9d-335d993ed4cd,BV-02_20260902_0019.jpg,2026-09-02 07:49:56,BV-02,smartphone,saudavel,saudavel,0.9359,agrosmart-v1,simulado,sim-2026-09
fab480ce-74dd-5f69-8d56-b8d4f345a888,TI-03_20260902_0024.jpg,2026-09-02 07:50:05,TI-03,drone,saudavel,saudavel,0.9980,agrosmart-v1,simulado,sim-2026-09
5e047cff-9f36-5169-8949-004e24fef3b6,SC-03_20260902_0005.jpg,2026-09-02 07:50:37,SC-03,smartphone,saudavel,saudavel,0.9517,agrosmart-v1,simulado,sim-2026-09
b201b204-9de7-5ca1-a7f4-8fe178c762eb,TI-03_20260902_0025.jpg,2026-09-02 07:50:43,TI-03,drone,saudavel,saudavel,0.8636,agrosmart-v1,simulado,sim-2026-09
ee55470f-1e67-52b5-a7a7-4bfd26190f63,BV-01_20260902_0001.jpg,2026-09-02 07:50:49,BV-01,smartphone,saudavel,saudavel,0.9720,agrosmart-v1,simulado,sim-2026-09
b2c8fc4a-f3cc-554f-a81d-623795c27ec4,BV-02_20260902_0020.jpg,2026-09-02 07:50:49,BV-02,smartphone,saudavel,saudavel,0.9584,agrosmart-v1,simulado,sim-2026-09
6c798339-43b1-5afa-8bb9-685ad078153d,BV-02_20260902_0021.jpg,2026-09-02 07:51:00,BV-02,smartphone,saudavel,saudavel,0.8796,agrosmart-v1,simulado,sim-2026-09
555c6e4a-8688-5522-9d5e-01f4df8b1d82,SC-03_20260902_0006.jpg,2026-09-02 07:51:00,SC-03,smartphone,saudavel,saudavel,0.9905,agrosmart-v1,simulado,sim-2026-09
b7ddba5b-b884-5010-9c9b-d110b6da0b1d,TI-03_20260902_0026.jpg,2026-09-02 07:51:38,TI-03,drone,saudavel,saudavel,0.8817,agrosmart-v1,simulado,sim-2026-09
a0dd8b47-fada-5859-a8dc-2d97b84b1431,SC-03_20260902_0007.jpg,2026-09-02 07:51:44,SC-03,smartphone,saudavel,saudavel,0.8600,agrosmart-v1,simulado,sim-2026-09
dda00dbd-f4ab-5b9d-98b6-726a2496aa85,BV-01_20260902_0002.jpg,2026-09-02 07:51:48,BV-01,smartphone,saudavel,saudavel,0.9201,agrosmart-v1,simulado,sim-2026-09
df443c35-330d-56c0-9bc3-26d5528c050d,BV-02_20260902_0022.jpg,2026-09-02 07:51:52,BV-02,smartphone,saudavel,saudavel,0.9850,agrosmart-v1,simulado,sim-2026-09
eddc9a38-5fc7-510e-a6ba-7aff67079754,BV-02_20260902_0023.jpg,2026-09-02 07:52:27,BV-02,smartphone,saudavel,saudavel,0.9849,agrosmart-v1,simulado,sim-2026-09
2499f2d2-dbc1-5611-81be-9532c0c9374a,TI-03_20260902_0027.jpg,2026-09-02 07:52:28,TI-03,drone,saudavel,saudavel,0.9816,agrosmart-v1,simulado,sim-2026-09
107f686e-231e-5e2b-a492-6fc9b0e0441e,BV-01_20260902_0003.jpg,2026-09-02 07:52:30,BV-01,smartphone,saudavel,saudavel,0.9873,agrosmart-v1,simulado,sim-2026-09
e426a740-25c0-5565-8d61-ccda42d969fd,SC-03_20260902_0008.jpg,2026-09-02 07:52:46,SC-03,smartphone,saudavel,saudavel,0.8212,agrosmart-v1,simulado,sim-2026-09
44fcddf5-aa02-5e8e-810e-28b8302cccca,BV-01_20260902_0004.jpg,2026-09-02 07:52:57,BV-01,smartphone,saudavel,saudavel,0.9163,agrosmart-v1,simulado,sim-2026-09
157e1ce3-4ac2-5525-bb84-f32377bf0e3c,TI-03_20260902_0028.jpg,2026-09-02 07:53:02,TI-03,drone,saudavel,saudavel,0.8324,agrosmart-v1,simulado,sim-2026-09
bd5fbe87-902a-55a5-821b-921a52e22a19,BV-02_20260902_0024.jpg,2026-09-02 07:53:07,BV-02,smartphone,saudavel,saudavel,0.9987,agrosmart-v1,simulado,sim-2026-09
b23d19d3-66bb-59dd-ad54-ccd9d2c5a8ca,SC-03_20260902_0009.jpg,2026-09-02 07:53:07,SC-03,smartphone,saudavel,saudavel,0.9985,agrosmart-v1,simulado,sim-2026-09
e5d0be5e-621a-5195-9474-e9f8e8b76826,BV-02_20260902_0025.jpg,2026-09-02 07:53:41,BV-02,smartphone,saudavel,saudavel,0.9863,agrosmart-v1,simulado,sim-2026-09
c0e10ddd-05bb-5679-94bd-dca36bef312b,BV-01_20260902_0005.jpg,2026-09-02 07:53:44,BV-01,smartphone,saudavel,saudavel,0.8600,agrosmart-v1,simulado,sim-2026-09
0bc19e80-e42b-5200-ae73-ef1743bd023f,TI-03_20260902_0029.jpg,2026-09-02 07:53:46,TI-03,drone,saudavel,saudavel,0.9313,agrosmart-v1,simulado,sim-2026-09
6a3ace7a-5c85-5769-a32d-da4e476cf130,SC-03_20260902_0010.jpg,2026-09-02 07:53:49,SC-03,smartphone,saudavel,saudavel,1.0000,agrosmart-v1,simulado,sim-2026-09
6a2da94c-b0d7-5f5b-a9e4-877c819c5496,SC-03_20260902_0011.jpg,2026-09-02 07:54:26,SC-03,smartphone,saudavel,saudavel,0.8409,agrosmart-v1,simulado,sim-2026-09
c268bdef-7488-5aa0-9944-e484c7977f63,BV-01_20260902_0006.jpg,2026-09-02 07:54:29,BV-01,smartphone,saudavel,saudavel,0.8773,agrosmart-v1,simulado,sim-2026-09
51e4d764-7f45-558a-b6ff-0439cf23aca5,TI-03_20260902_0030.jpg,2026-09-02 07:54:30,TI-03,drone,saudavel,saudavel,0.8742,agrosmart-v1,simulado,sim-2026-09
78842a37-8be9-58bc-a6a5-79e17ad2b166,BV-02_20260902_0026.jpg,2026-09-02 07:54:44,BV-02,smartphone,saudavel,saudavel,0.9259,agrosmart-v1,simulado,sim-2026-09
ce529ea4-af86-5ab8-b3c3-3d60bb55c03f,TI-03_20260902_0031.jpg,2026-09-02 07:54:58,TI-03,drone,saudavel,saudavel,0.9459,agrosmart-v1,simulado,sim-2026-09
407f3391-238c-5f46-82b0-27fde62b7f86,BV-02_20260902_0027.jpg,2026-09-02 07:55:09,BV-02,smartphone,saudavel,saudavel,0.8263,agrosmart-v1,simulado,sim-2026-09
08549abc-890b-5832-9536-50141a2c4944,BV-01_20260902_0007.jpg,2026-09-02 07:55:10,BV-01,smartphone,saudavel,saudavel,0.9999,agrosmart-v1,simulado,sim-2026-09
84f8103d-e726-5f1a-920c-c1becb71695e,SC-03_20260902_0012.jpg,2026-09-02 07:55:10,SC-03,smartphone,saudavel,saudavel,0.9847,agrosmart-v1,simulado,sim-2026-09
a8953b13-d706-5efc-baa2-63f8b6f97e73,BV-01_20260902_0008.jpg,2026-09-02 07:55:36,BV-01,smartphone,saudavel,saudavel,0.7048,agrosmart-v1,simulado,sim-2026-09
5808dc05-3c62-5014-b5ec-637e143cfb0b,TI-03_20260902_0032.jpg,2026-09-02 07:55:37,TI-03,drone,saudavel,saudavel,0.9999,agrosmart-v1,simulado,sim-2026-09
e79e7035-9cdf-52bd-a679-7ddf5c7adb98,BV-02_20260902_0028.jpg,2026-09-02 07:56:01,BV-02,smartphone,saudavel,saudavel,0.9998,agrosmart-v1,simulado,sim-2026-09
eb608678-6781-5ec2-86ae-6c14b256d639,TI-03_20260902_0033.jpg,2026-09-02 07:56:03,TI-03,drone,saudavel,saudavel,0.9968,agrosmart-v1,simulado,sim-2026-09
93981cd2-f82e-58ad-a125-ca4c52947a2f,SC-03_20260902_0013.jpg,2026-09-02 07:56:04,SC-03,smartphone,saudavel,saudavel,0.8827,agrosmart-v1,simulado,sim-2026-09
dd71c8b3-de00-5236-8383-4b3d244a7ffd,BV-01_20260902_0009.jpg,2026-09-02 07:56:26,BV-01,smartphone,saudavel,saudavel,0.8284,agrosmart-v1,simulado,sim-2026-09
a79975af-3634-56da-bbcf-cde3b60ca3de,SC-03_20260902_0014.jpg,2026-09-02 07:56:37,SC-03,smartphone,saudavel,saudavel,0.8991,agrosmart-v1,simulado,sim-2026-09
8425332f-f44c-5568-a79c-9451fde170ee,BV-02_20260902_0029.jpg,2026-09-02 07:56:44,BV-02,smartphone,saudavel,saudavel,0.9624,agrosmart-v1,simulado,sim-2026-09
ebb82844-f7b1-5b3e-a390-e5bc32c13e5b,BV-01_20260902_0010.jpg,2026-09-02 07:56:53,BV-01,smartphone,saudavel,saudavel,0.9857,agrosmart-v1,simulado,sim-2026-09
8cea6cd9-c007-5327-b276-d5e727006f2a,TI-03_20260902_0034.jpg,2026-09-02 07:56:55,TI-03,drone,saudavel,saudavel,0.9842,agrosmart-v1,simulado,sim-2026-09
da669400-7a4e-5c1c-be58-11966935defd,SC-03_20260902_0015.jpg,2026-09-02 07:57:06,SC-03,smartphone,saudavel,saudavel,0.9538,agrosmart-v1,simulado,sim-2026-09
324c301a-f248-569f-9a3c-c7268cb6ce7e,TI-03_20260902_0035.jpg,2026-09-02 07:57:24,TI-03,drone,saudavel,saudavel,0.8930,agrosmart-v1,simulado,sim-2026-09
37ddb68c-3e75-55de-8d7e-2768a88c9dba,BV-02_20260902_0030.jpg,2026-09-02 07:57:29,BV-02,smartphone,saudavel,saudavel,0.9754,agrosmart-v1,simulado,sim-2026-09
681dac6c-f812-514f-932d-d3ed36e90187,BV-01_20260902_0011.jpg,2026-09-02 07:57:33,BV-01,smartphone,saudavel,saudavel,0.9958,agrosmart-v1,simulado,sim-2026-09
1479a998-124a-5011-9eec-2207d9998193,SC-03_20260902_0016.jpg,2026-09-02 07:57:42,SC-03,smartphone,saudavel,saudavel,0.9992,agrosmart-v1,simulado,sim-2026-09
759addf2-eb0b-540a-bc64-938ccecdf062,BV-01_20260902_0012.jpg,2026-09-02 07:58:07,BV-01,smartphone,saudavel,saudavel,0.9976,agrosmart-v1,simulado,sim-2026-09
183070a2-062a-5c43-bcd6-0bf415849789,BV-02_20260902_0031.jpg,2026-09-02 07:58:10,BV-02,smartphone,saudavel,saudavel,0.9008,agrosmart-v1,simulado,sim-2026-09
a43a5f38-3410-5a5e-bed2-814c9e0fe31d,TI-03_20260902_0036.jpg,2026-09-02 07:58:10,TI-03,drone,saudavel,saudavel,0.9872,agrosmart-v1,simulado,sim-2026-09
0e7577a0-7355-52d0-a687-fec6a791c6f2,SC-03_20260902_0017.jpg,2026-09-02 07:58:22,SC-03,smartphone,saudavel,saudavel,0.9984,agrosmart-v1,simulado,sim-2026-09
ba7c9bb3-7f7b-51f0-9916-26a87ba32c58,TI-03_20260902_0037.jpg,2026-09-02 07:58:59,TI-03,drone,saudavel,saudavel,0.8864,agrosmart-v1,simulado,sim-2026-09
7a0892b0-e6b4-5a06-afd1-78b3e99f4549,BV-01_20260902_0013.jpg,2026-09-02 07:59:02,BV-01,smartphone,saudavel,saudavel,0.8788,agrosmart-v1,simulado,sim-2026-09
3b9e0728-c18b-5f6f-a6d8-0d7d8ea65aa0,SC-03_20260902_0018.jpg,2026-09-02 07:59:07,SC-03,smartphone,saudavel,saudavel,0.9644,agrosmart-v1,simulado,sim-2026-09
a7477d96-91eb-583a-9885-4d37341d783d,BV-01_20260902_0014.jpg,2026-09-02 07:59:42,BV-01,smartphone,saudavel,saudavel,0.9981,agrosmart-v1,simulado,sim-2026-09
088e01b0-c1bb-54b8-8c19-2a7db1f315a9,BV-03_20260902_0001.jpg,2026-09-02 08:00:02,BV-03,smartphone,saudavel,saudavel,0.6390,agrosmart-v1,simulado,sim-2026-09
89a79930-76bc-5393-b3c0-c7c262001e35,SC-03_20260902_0019.jpg,2026-09-02 08:00:05,SC-03,smartphone,saudavel,saudavel,0.8356,agrosmart-v1,simulado,sim-2026-09
12342236-f3c0-5265-96ee-8049c0e0f7d6,BV-01_20260902_0015.jpg,2026-09-02 08:00:19,BV-01,smartphone,saudavel,saudavel,0.8227,agrosmart-v1,simulado,sim-2026-09
f1e9d96d-f96e-558f-b6c2-fc6ec364bbc4,BV-03_20260902_0002.jpg,2026-09-02 08:00:28,BV-03,smartphone,saudavel,saudavel,0.9869,agrosmart-v1,simulado,sim-2026-09
7b426619-d36c-5f43-aabc-9619b66a688c,SC-03_20260902_0020.jpg,2026-09-02 08:00:48,SC-03,smartphone,saudavel,saudavel,0.9193,agrosmart-v1,simulado,sim-2026-09
72dc06b4-245a-58d9-a2aa-02c25fb38587,BV-01_20260902_0016.jpg,2026-09-02 08:01:00,BV-01,smartphone,saudavel,saudavel,0.9974,agrosmart-v1,simulado,sim-2026-09
509505a1-cf29-5f04-ac6f-0761364dfd0d,BV-03_20260902_0003.jpg,2026-09-02 08:01:04,BV-03,smartphone,saudavel,saudavel,0.9837,agrosmart-v1,simulado,sim-2026-09
8d230182-82a8-59da-94e3-e04f885939ed,TI-04_20260902_0001.jpg,2026-09-02 08:01:10,TI-04,drone,saudavel,saudavel,0.9740,agrosmart-v1,simulado,sim-2026-09
57e2ad8f-4d8e-5907-8262-3fbe4128318f,SC-03_20260902_0021.jpg,2026-09-02 08:01:27,SC-03,smartphone,saudavel,saudavel,0.9782,agrosmart-v1,simulado,sim-2026-09
03c05271-354b-58e4-b57e-6c508da601c6,BV-01_20260902_0017.jpg,2026-09-02 08:01:28,BV-01,smartphone,saudavel,saudavel,0.8446,agrosmart-v1,simulado,sim-2026-09
abbf921d-de94-5e68-97be-39e602f139e1,TI-04_20260902_0002.jpg,2026-09-02 08:01:36,TI-04,drone,saudavel,saudavel,0.8720,agrosmart-v1,simulado,sim-2026-09
ef1f1dc7-4321-54a7-9e09-dd2e3e7f3ba6,BV-03_20260902_0004.jpg,2026-09-02 08:02:01,BV-03,smartphone,saudavel,saudavel,1.0000,agrosmart-v1,simulado,sim-2026-09
a9d1dc71-edd0-5929-9bff-2814cc59e7ad,SC-03_20260902_0022.jpg,2026-09-02 08:02:01,SC-03,smartphone,saudavel,saudavel,0.9980,agrosmart-v1,simulado,sim-2026-09
a0ed5272-0b8c-59ff-9642-dc4896b268d5,TI-04_20260902_0003.jpg,2026-09-02 08:02:16,TI-04,drone,saudavel,saudavel,0.9865,agrosmart-v1,simulado,sim-2026-09
8827f96b-1237-5503-8b09-5632d7660491,BV-01_20260902_0018.jpg,2026-09-02 08:02:19,BV-01,smartphone,saudavel,saudavel,0.8655,agrosmart-v1,simulado,sim-2026-09
8aa2df4a-4e61-508f-a936-812d9c37a676,BV-03_20260902_0005.jpg,2026-09-02 08:02:26,BV-03,smartphone,saudavel,saudavel,0.9562,agrosmart-v1,simulado,sim-2026-09
0e324e80-2c73-5505-ae44-659677b34f9f,SC-03_20260902_0023.jpg,2026-09-02 08:02:44,SC-03,smartphone,saudavel,saudavel,0.8731,agrosmart-v1,simulado,sim-2026-09
fa1bc01e-7220-5128-a421-d952e6d99cd5,TI-04_20260902_0004.jpg,2026-09-02 08:02:55,TI-04,drone,saudavel,saudavel,0.9266,agrosmart-v1,simulado,sim-2026-09
fa93a540-10b1-5769-94d4-402429f4200e,BV-01_20260902_0019.jpg,2026-09-02 08:02:56,BV-01,smartphone,saudavel,saudavel,0.9278,agrosmart-v1,simulado,sim-2026-09
ffa953aa-51c7-5204-b6d4-47039018343c,BV-03_20260902_0006.jpg,2026-09-02 08:03:27,BV-03,smartphone,saudavel,saudavel,0.8685,agrosmart-v1,simulado,sim-2026-09
ddaf818c-2ac4-5a57-94d2-21ae9bacdace,SC-03_20260902_0024.jpg,2026-09-02 08:03:28,SC-03,smartphone,saudavel,saudavel,0.9459,agrosmart-v1,simulado,sim-2026-09
4b6852d9-8204-5e39-8694-06216fc965f0,BV-01_20260902_0020.jpg,2026-09-02 08:03:30,BV-01,smartphone,saudavel,saudavel,0.9993,agrosmart-v1,simulado,sim-2026-09
f47d7548-4a14-5e6c-a92c-4927d2e68aeb,TI-04_20260902_0005.jpg,2026-09-02 08:03:31,TI-04,drone,saudavel,saudavel,0.8980,agrosmart-v1,simulado,sim-2026-09
779868b6-0f95-5cd8-8387-55c9442e44db,SC-03_20260902_0025.jpg,2026-09-02 08:03:54,SC-03,smartphone,saudavel,saudavel,0.8748,agrosmart-v1,simulado,sim-2026-09
91f47829-8326-5b49-9294-97dc18ff197d,BV-01_20260902_0021.jpg,2026-09-02 08:04:01,BV-01,smartphone,saudavel,saudavel,0.9870,agrosmart-v1,simulado,sim-2026-09
4e1c1271-1ff9-568d-9893-5be494aa0aec,BV-03_20260902_0007.jpg,2026-09-02 08:04:02,BV-03,smartphone,saudavel,saudavel,0.7659,agrosmart-v1,simulado,sim-2026-09
78bbced8-7bec-5b4c-9c0c-53822f7d5f71,TI-04_20260902_0006.jpg,2026-09-02 08:04:19,TI-04,drone,saudavel,saudavel,0.8675,agrosmart-v1,simulado,sim-2026-09
59ff7f28-4ad2-580c-b910-043926c06857,SC-03_20260902_0026.jpg,2026-09-02 08:04:39,SC-03,smartphone,saudavel,saudavel,0.9144,agrosmart-v1,simulado,sim-2026-09
0c7f9f6a-8d6a-57df-b32c-bf1aed480240,BV-03_20260902_0008.jpg,2026-09-02 08:04:43,BV-03,smartphone,saudavel,saudavel,0.8675,agrosmart-v1,simulado,sim-2026-09
0cecda74-3012-5328-9d1b-2c8038d1554b,BV-01_20260902_0022.jpg,2026-09-02 08:04:51,BV-01,smartphone,saudavel,saudavel,0.9890,agrosmart-v1,simulado,sim-2026-09
a34a9e0e-4509-5b05-bf48-6a68b2cfad97,TI-04_20260902_0007.jpg,2026-09-02 08:04:59,TI-04,drone,saudavel,saudavel,0.8327,agrosmart-v1,simulado,sim-2026-09
01b63828-0dde-5df0-9ada-932ed2881828,BV-03_20260902_0009.jpg,2026-09-02 08:05:03,BV-03,smartphone,saudavel,saudavel,0.9847,agrosmart-v1,simulado,sim-2026-09
f39f06cc-e0ac-5594-9efa-bac9aedeb038,SC-03_20260902_0027.jpg,2026-09-02 08:05:20,SC-03,smartphone,saudavel,saudavel,0.9113,agrosmart-v1,simulado,sim-2026-09
bcaf048f-f80d-5471-a4de-d6f41e9416dd,BV-01_20260902_0023.jpg,2026-09-02 08:05:25,BV-01,smartphone,saudavel,saudavel,0.9995,agrosmart-v1,simulado,sim-2026-09
eaa90b69-ff8a-5f58-8763-81b685a74af2,TI-04_20260902_0008.jpg,2026-09-02 08:05:27,TI-04,drone,saudavel,saudavel,0.8826,agrosmart-v1,simulado,sim-2026-09
3e7f9842-6670-5672-9b2d-0ab8696bd3f0,SC-03_20260902_0028.jpg,2026-09-02 08:05:53,SC-03,smartphone,saudavel,saudavel,0.8641,agrosmart-v1,simulado,sim-2026-09
352789e0-82fb-52f9-ad31-4092344ee7bc,BV-03_20260902_0010.jpg,2026-09-02 08:05:54,BV-03,smartphone,saudavel,saudavel,0.5821,agrosmart-v1,simulado,sim-2026-09
cb2831ce-ada7-5577-9de1-9a7742a684f2,BV-01_20260902_0024.jpg,2026-09-02 08:06:06,BV-01,smartphone,saudavel,saudavel,0.9859,agrosmart-v1,simulado,sim-2026-09
323d0a63-422a-5618-a82e-144781e0e9c0,TI-04_20260902_0009.jpg,2026-09-02 08:06:15,TI-04,drone,saudavel,saudavel,0.9783,agrosmart-v1,simulado,sim-2026-09
b5270da2-1536-5137-8246-a35312f1c8d3,BV-03_20260902_0011.jpg,2026-09-02 08:06:24,BV-03,smartphone,saudavel,saudavel,0.9631,agrosmart-v1,simulado,sim-2026-09
89d5aed6-04e8-5d70-80d0-a3b3a9098b2a,SC-03_20260902_0029.jpg,2026-09-02 08:06:44,SC-03,smartphone,saudavel,saudavel,0.9758,agrosmart-v1,simulado,sim-2026-09
cbf01f13-14b5-5c15-b6d2-fe43c2c90731,TI-04_20260902_0010.jpg,2026-09-02 08:06:51,TI-04,drone,saudavel,saudavel,0.8931,agrosmart-v1,simulado,sim-2026-09
bff56b7e-25a1-52a8-9a3c-7dc750e5a8a5,BV-01_20260902_0025.jpg,2026-09-02 08:06:53,BV-01,smartphone,saudavel,saudavel,0.8381,agrosmart-v1,simulado,sim-2026-09
79ee2766-781c-5fbe-9394-d161a2f9d98a,SC-03_20260902_0030.jpg,2026-09-02 08:07:20,SC-03,smartphone,saudavel,saudavel,0.8378,agrosmart-v1,simulado,sim-2026-09
28a1638a-32b8-5d83-86d0-317450e23b71,BV-03_20260902_0012.jpg,2026-09-02 08:07:30,BV-03,smartphone,saudavel,saudavel,0.8384,agrosmart-v1,simulado,sim-2026-09
528fedd5-0255-5323-8d9f-020c73b4f520,TI-04_20260902_0011.jpg,2026-09-02 08:07:42,TI-04,drone,saudavel,saudavel,1.0000,agrosmart-v1,simulado,sim-2026-09
d4dc70cd-0dc1-54fe-9d5a-8ef596c2ce2d,BV-03_20260902_0013.jpg,2026-09-02 08:07:46,BV-03,smartphone,saudavel,saudavel,0.9038,agrosmart-v1,simulado,sim-2026-09
dfd1c6f8-e1e5-5e11-a4c1-90b065ef96f9,SC-03_20260902_0031.jpg,2026-09-02 08:08:08,SC-03,smartphone,saudavel,saudavel,0.9996,agrosmart-v1,simulado,sim-2026-09
0cad651d-4779-5b54-a5d0-33d0c398a286,BV-03_20260902_0014.jpg,2026-09-02 08:08:21,BV-03,smartphone,saudavel,saudavel,0.9121,agrosmart-v1,simulado,sim-2026-09
055c8f77-0ad3-52c6-ae0f-e6056f4b2c7d,TI-04_20260902_0012.jpg,2026-09-02 08:08:29,TI-04,drone,saudavel,saudavel,0.9669,agrosmart-v1,simulado,sim-2026-09
5c84d4f0-ca9c-539b-aa0d-382c5b47335b,SC-03_20260902_0032.jpg,2026-09-02 08:08:43,SC-03,smartphone,doente,mosca_minadora,0.9787,agrosmart-v1,simulado,sim-2026-09
886c8091-402a-5627-b172-f4e58e2b32ad,BV-03_20260902_0015.jpg,2026-09-02 08:09:02,BV-03,smartphone,saudavel,saudavel,0.9720,agrosmart-v1,simulado,sim-2026-09
b6809394-5162-5f82-9636-65c3929b3e8e,SC-03_20260902_0033.jpg,2026-09-02 08:09:05,SC-03,smartphone,saudavel,saudavel,0.9731,agrosmart-v1,simulado,sim-2026-09
e0afda32-dc6a-5eb4-a6ea-cb2721737aff,TI-04_20260902_0013.jpg,2026-09-02 08:09:07,TI-04,drone,saudavel,saudavel,0.9950,agrosmart-v1,simulado,sim-2026-09
901da74f-e95c-5cf0-9b1e-f586dfff7f7f,TI-04_20260902_0014.jpg,2026-09-02 08:09:27,TI-04,drone,saudavel,saudavel,0.8535,agrosmart-v1,simulado,sim-2026-09
273c66f7-b5e0-58a6-8edd-8ed12fec6ccc,BV-03_20260902_0016.jpg,2026-09-02 08:10:03,BV-03,smartphone,saudavel,saudavel,0.9719,agrosmart-v1,simulado,sim-2026-09
9e893950-ac82-52f3-8ae8-135780d6e1ad,TI-04_20260902_0015.jpg,2026-09-02 08:10:26,TI-04,drone,saudavel,saudavel,0.9953,agrosmart-v1,simulado,sim-2026-09
f55d5949-a7c6-5afb-b93c-93b5cf7c6c91,BV-03_20260902_0017.jpg,2026-09-02 08:10:27,BV-03,smartphone,saudavel,saudavel,0.8703,agrosmart-v1,simulado,sim-2026-09
2471173d-79d4-5fe8-9c05-aea1ac59af62,TI-04_20260902_0016.jpg,2026-09-02 08:10:41,TI-04,drone,saudavel,saudavel,0.8268,agrosmart-v1,simulado,sim-2026-09
89cbbfa1-20ed-518a-83bf-c93fa7809faf,TI-04_20260902_0017.jpg,2026-09-02 08:11:21,TI-04,drone,saudavel,saudavel,0.9719,agrosmart-v1,simulado,sim-2026-09
71d37a33-4331-5949-b4e8-7a86d344c4e9,BV-03_20260902_0018.jpg,2026-09-02 08:11:25,BV-03,smartphone,saudavel,saudavel,0.9928,agrosmart-v1,simulado,sim-2026-09
3f987cd7-459a-5235-943b-bfcdd8d93de1,BV-03_20260902_0019.jpg,2026-09-02 08:11:44,BV-03,smartphone,saudavel,saudavel,0.8774,agrosmart-v1,simulado,sim-2026-09
0607d74e-f410-559b-9fb7-b3753f131408,TI-04_20260902_0018.jpg,2026-09-02 08:12:28,TI-04,drone,saudavel,saudavel,0.9779,agrosmart-v1,simulado,sim-2026-09
ae22cedc-f9e3-51a3-8cbc-15e55b3ec911,TI-04_20260902_0019.jpg,2026-09-02 08:12:42,TI-04,drone,saudavel,saudavel,0.8822,agrosmart-v1,simulado,sim-2026-09
73f56667-d1b9-514c-8e9c-b7b74dc80342,BV-03_20260902_0020.jpg,2026-09-02 08:12:50,BV-03,smartphone,doente,vaquinha,0.8570,agrosmart-v1,simulado,sim-2026-09
0cfc2e31-70bd-5dd1-8ba0-bfe9536dc288,BV-03_20260902_0021.jpg,2026-09-02 08:13:16,BV-03,smartphone,saudavel,saudavel,0.8483,agrosmart-v1,simulado,sim-2026-09
16228f66-1017-5056-a9fa-a7b4fbcd21a0,TI-04_20260902_0020.jpg,2026-09-02 08:13:44,TI-04,drone,saudavel,saudavel,0.8449,agrosmart-v1,simulado,sim-2026-09
01daa863-95d0-594d-b294-37336f797df7,BV-03_20260902_0022.jpg,2026-09-02 08:14:06,BV-03,smartphone,saudavel,saudavel,0.8325,agrosmart-v1,simulado,sim-2026-09
5a0b41c7-da68-55af-823b-ada17e444ddc,BV-03_20260902_0023.jpg,2026-09-02 08:14:26,BV-03,smartphone,saudavel,saudavel,0.9919,agrosmart-v1,simulado,sim-2026-09
21d8d0af-8a44-5dd5-99d3-6a9a5c82a24e,TI-04_20260902_0021.jpg,2026-09-02 08:14:28,TI-04,drone,saudavel,saudavel,0.9934,agrosmart-v1,simulado,sim-2026-09
dd9d0363-5f69-5549-9cab-ee92378af1af,TI-04_20260902_0022.jpg,2026-09-02 08:15:01,TI-04,drone,saudavel,saudavel,0.8440,agrosmart-v1,simulado,sim-2026-09
6d483917-6a07-5493-a953-74375b29745e,BV-03_20260902_0024.jpg,2026-09-02 08:15:21,BV-03,smartphone,saudavel,saudavel,0.9999,agrosmart-v1,simulado,sim-2026-09
b79f6450-8d0f-59f7-bfd1-713f6d5ac149,TI-04_20260902_0023.jpg,2026-09-02 08:15:32,TI-04,drone,saudavel,saudavel,0.9704,agrosmart-v1,simulado,sim-2026-09
359d6593-3ee7-5ba4-bbc4-4533bafffcd6,TI-04_20260902_0024.jpg,2026-09-02 08:16:30,TI-04,drone,saudavel,saudavel,0.9973,agrosmart-v1,simulado,sim-2026-09
aaaa6701-a445-5cde-948f-5fb327abe083,TI-04_20260902_0025.jpg,2026-09-02 08:16:59,TI-04,drone,saudavel,saudavel,0.8935,agrosmart-v1,simulado,sim-2026-09
c470cd82-f7a5-5a5e-b642-f83f893637fd,TI-04_20260902_0026.jpg,2026-09-02 08:17:39,TI-04,drone,saudavel,saudavel,0.8363,agrosmart-v1,simulado,sim-2026-09
47028d64-364d-5da3-8d76-a9d0ed1feb1a,TI-04_20260902_0027.jpg,2026-09-02 08:18:00,TI-04,drone,saudavel,saudavel,0.8786,agrosmart-v1,simulado,sim-2026-09
e343507b-d586-5aa3-838a-588740448d5e,TI-04_20260902_0028.jpg,2026-09-02 08:18:45,TI-04,drone,saudavel,saudavel,0.9973,agrosmart-v1,simulado,sim-2026-09
4468872d-c549-5e59-92a9-c7733ce49f19,TI-04_20260902_0029.jpg,2026-09-02 08:19:23,TI-04,drone,saudavel,saudavel,0.9094,agrosmart-v1,simulado,sim-2026-09
29a52963-610c-55d3-bb20-ef1b818f4890,TI-04_20260902_0030.jpg,2026-09-02 08:20:21,TI-04,drone,saudavel,saudavel,0.9631,agrosmart-v1,simulado,sim-2026-09
f5123f61-c6db-5a54-b7f6-acbea984e34a,TI-04_20260902_0031.jpg,2026-09-02 08:21:04,TI-04,drone,saudavel,saudavel,0.9898,agrosmart-v1,simulado,sim-2026-09
9416322e-56f8-5e7f-aaf1-2914e2d8f66a,TI-04_20260902_0032.jpg,2026-09-02 08:21:29,TI-04,drone,saudavel,saudavel,0.9071,agrosmart-v1,simulado,sim-2026-09
2e652573-a506-5218-b6e7-7f725e646012,BV-04_20260902_0001.jpg,2026-09-02 08:27:44,BV-04,smartphone,saudavel,saudavel,0.9712,agrosmart-v1,simulado,sim-2026-09
9bdf2017-dbb2-5233-b3d7-1de47163c33a,BV-04_20260902_0002.jpg,2026-09-02 08:28:23,BV-04,smartphone,saudavel,saudavel,0.9097,agrosmart-v1,simulado,sim-2026-09
65d77c86-d3f1-5d44-8645-1d1c6bbdf873,BV-04_20260902_0003.jpg,2026-09-02 08:29:24,BV-04,smartphone,saudavel,saudavel,0.9366,agrosmart-v1,simulado,sim-2026-09
fe52a6ff-54ff-5bcf-babd-8ba1ce87c378,BV-04_20260902_0004.jpg,2026-09-02 08:30:03,BV-04,smartphone,doente,vaquinha,0.8728,agrosmart-v1,simulado,sim-2026-09
9ad9bca9-cb6d-5391-8dd2-46b2545278a2,BV-04_20260902_0005.jpg,2026-09-02 08:30:32,BV-04,smartphone,saudavel,saudavel,0.8941,agrosmart-v1,simulado,sim-2026-09
c05d6482-071b-5af8-a250-1581b3389220,TI-02_20260902_0001.jpg,2026-09-02 08:31:00,TI-02,drone,saudavel,saudavel,0.8867,agrosmart-v1,simulado,sim-2026-09
8ba7a645-ce9a-5969-9116-74dd238f7134,BV-04_20260902_0006.jpg,2026-09-02 08:31:06,BV-04,smartphone,saudavel,saudavel,0.9563,agrosmart-v1,simulado,sim-2026-09
8b69e0e2-6c4b-51d8-8d1d-8ec0907d8372,TI-02_20260902_0002.jpg,2026-09-02 08:31:25,TI-02,drone,saudavel,saudavel,0.9312,agrosmart-v1,simulado,sim-2026-09
28499f42-052c-533f-9925-2a3b36102605,BV-04_20260902_0007.jpg,2026-09-02 08:31:48,BV-04,smartphone,saudavel,saudavel,0.9489,agrosmart-v1,simulado,sim-2026-09
6f120804-0236-5b99-8e94-7eefdb3390d6,TI-02_20260902_0003.jpg,2026-09-02 08:32:06,TI-02,drone,saudavel,saudavel,0.9910,agrosmart-v1,simulado,sim-2026-09
551d25cc-e304-5d48-a900-481d3b1f129c,BV-04_20260902_0008.jpg,2026-09-02 08:32:32,BV-04,smartphone,saudavel,saudavel,0.8388,agrosmart-v1,simulado,sim-2026-09
990b1b1c-79c6-5652-91f8-bf1f90136a6c,TI-02_20260902_0004.jpg,2026-09-02 08:33:04,TI-02,drone,saudavel,saudavel,0.9418,agrosmart-v1,simulado,sim-2026-09
b5bc5b8b-b1c7-5203-9758-c67da7402f31,BV-04_20260902_0009.jpg,2026-09-02 08:33:14,BV-04,smartphone,saudavel,saudavel,0.8886,agrosmart-v1,simulado,sim-2026-09
cd39170e-d60a-58fb-966a-8f496f9d67a5,TI-02_20260902_0005.jpg,2026-09-02 08:33:35,TI-02,drone,saudavel,saudavel,0.9706,agrosmart-v1,simulado,sim-2026-09
fb68eaf4-afeb-5888-90b0-21693ac913e8,BV-04_20260902_0010.jpg,2026-09-02 08:33:47,BV-04,smartphone,saudavel,saudavel,0.9944,agrosmart-v1,simulado,sim-2026-09
74cc493b-a7e1-5692-ba5e-5e499e854105,TI-02_20260902_0006.jpg,2026-09-02 08:34:30,TI-02,drone,saudavel,saudavel,0.8246,agrosmart-v1,simulado,sim-2026-09
86375458-8656-582a-899a-3fbebb107551,BV-04_20260902_0011.jpg,2026-09-02 08:34:38,BV-04,smartphone,saudavel,saudavel,0.9998,agrosmart-v1,simulado,sim-2026-09
a9b3b693-6d31-51ce-ac81-9b629efd9379,TI-02_20260902_0007.jpg,2026-09-02 08:34:50,TI-02,drone,doente,vaquinha,0.9746,agrosmart-v1,simulado,sim-2026-09
78fa6272-9b38-5c4d-9360-67a7d0696f86,BV-04_20260902_0012.jpg,2026-09-02 08:35:22,BV-04,smartphone,saudavel,saudavel,0.8942,agrosmart-v1,simulado,sim-2026-09
4c725c1c-2443-5700-90b7-11ce08a309a8,TI-02_20260902_0008.jpg,2026-09-02 08:35:46,TI-02,drone,saudavel,saudavel,0.9708,agrosmart-v1,simulado,sim-2026-09
c4c54ce5-157d-5276-b967-036fed9c8d32,BV-04_20260902_0013.jpg,2026-09-02 08:36:08,BV-04,smartphone,saudavel,saudavel,0.9469,agrosmart-v1,simulado,sim-2026-09
450a8511-fd76-5b13-a249-cd31d4797310,BV-04_20260902_0014.jpg,2026-09-02 08:36:24,BV-04,smartphone,saudavel,saudavel,0.9887,agrosmart-v1,simulado,sim-2026-09
95f59075-00d7-55f4-a238-bc3734386cc4,TI-02_20260902_0009.jpg,2026-09-02 08:36:24,TI-02,drone,saudavel,saudavel,0.8477,agrosmart-v1,simulado,sim-2026-09
a58d079c-ffcd-5976-9a00-b1968e090e70,TI-02_20260902_0010.jpg,2026-09-02 08:36:52,TI-02,drone,saudavel,saudavel,0.9981,agrosmart-v1,simulado,sim-2026-09
0f4569a8-26fc-5848-9a3f-9e37116eee54,BV-04_20260902_0015.jpg,2026-09-02 08:37:06,BV-04,smartphone,saudavel,saudavel,1.0000,agrosmart-v1,simulado,sim-2026-09
782252f2-10eb-5fa0-9ae1-938bf1b13b2c,BV-04_20260902_0016.jpg,2026-09-02 08:37:47,BV-04,smartphone,saudavel,saudavel,0.9930,agrosmart-v1,simulado,sim-2026-09
8f190c54-a26e-5d5d-bddd-dffaeda40bf0,TI-02_20260902_0011.jpg,2026-09-02 08:37:47,TI-02,drone,saudavel,saudavel,0.9930,agrosmart-v1,simulado,sim-2026-09
2b376a4c-d9cc-5903-bd13-6855dab8f5fa,TI-02_20260902_0012.jpg,2026-09-02 08:38:05,TI-02,drone,saudavel,saudavel,0.8240,agrosmart-v1,simulado,sim-2026-09
6544a6bd-caf1-5635-b7e0-a1c30e40a8e9,BV-04_20260902_0017.jpg,2026-09-02 08:38:40,BV-04,smartphone,saudavel,saudavel,0.8817,agrosmart-v1,simulado,sim-2026-09
ac5084ab-faaa-543f-b4a8-089df98dd308,TI-02_20260902_0013.jpg,2026-09-02 08:39:02,TI-02,drone,saudavel,saudavel,0.9880,agrosmart-v1,simulado,sim-2026-09
eaa6f3b4-168a-50ac-bf1c-5ad2a900f996,BV-04_20260902_0018.jpg,2026-09-02 08:39:08,BV-04,smartphone,saudavel,saudavel,0.9275,agrosmart-v1,simulado,sim-2026-09
6928090d-e9b0-5500-8533-ed8a470c24a1,TI-02_20260902_0014.jpg,2026-09-02 08:39:33,TI-02,drone,saudavel,saudavel,0.9378,agrosmart-v1,simulado,sim-2026-09
b3c83fff-8192-551f-b8f0-4311a2892f44,BV-04_20260902_0019.jpg,2026-09-02 08:39:44,BV-04,smartphone,saudavel,saudavel,0.9573,agrosmart-v1,simulado,sim-2026-09
c7bfc243-0b44-5377-a1bb-9210d3465959,TI-02_20260902_0015.jpg,2026-09-02 08:40:26,TI-02,drone,saudavel,saudavel,0.9632,agrosmart-v1,simulado,sim-2026-09
525e0fff-cd27-5bb3-95e0-98e1a2df1a84,BV-04_20260902_0020.jpg,2026-09-02 08:40:49,BV-04,smartphone,saudavel,saudavel,0.6455,agrosmart-v1,simulado,sim-2026-09
591d060c-d416-51de-8d91-e3fd5771576e,TI-02_20260902_0016.jpg,2026-09-02 08:41:07,TI-02,drone,saudavel,saudavel,0.9751,agrosmart-v1,simulado,sim-2026-09
308dba9c-8589-5f44-b8da-e7c30a237699,BV-04_20260902_0021.jpg,2026-09-02 08:41:18,BV-04,smartphone,saudavel,saudavel,0.9090,agrosmart-v1,simulado,sim-2026-09
c26671f9-e79f-51d8-b1e0-4b06f0a16bc1,TI-02_20260902_0017.jpg,2026-09-02 08:41:41,TI-02,drone,saudavel,saudavel,0.9531,agrosmart-v1,simulado,sim-2026-09
ac455855-44eb-516c-91ec-b79b93a9ae65,TI-02_20260902_0018.jpg,2026-09-02 08:42:09,TI-02,drone,saudavel,saudavel,0.9434,agrosmart-v1,simulado,sim-2026-09
72971ec3-8cf0-5696-b34f-50a1a073fe2a,TI-02_20260902_0019.jpg,2026-09-02 08:43:03,TI-02,drone,saudavel,saudavel,0.7337,agrosmart-v1,simulado,sim-2026-09
266bb895-31ed-537e-a8f0-a040d2ceb86a,TI-02_20260902_0020.jpg,2026-09-02 08:43:44,TI-02,drone,saudavel,saudavel,0.9988,agrosmart-v1,simulado,sim-2026-09
3a613d66-b4e1-56a3-98d7-8f0a84c20d7e,TI-02_20260902_0021.jpg,2026-09-02 08:44:21,TI-02,drone,saudavel,saudavel,0.9845,agrosmart-v1,simulado,sim-2026-09
1b2e2b2c-6216-56a0-aae8-57674efbaaae,TI-02_20260902_0022.jpg,2026-09-02 08:44:46,TI-02,drone,saudavel,saudavel,0.8736,agrosmart-v1,simulado,sim-2026-09
47e7bd72-8b87-5224-a93c-eeea62c77b55,TI-02_20260902_0023.jpg,2026-09-02 08:45:41,TI-02,drone,saudavel,saudavel,0.8354,agrosmart-v1,simulado,sim-2026-09
9497dcd2-2411-5545-9cc9-41c522b2ca36,TI-02_20260902_0024.jpg,2026-09-02 08:46:21,TI-02,drone,saudavel,saudavel,0.9489,agrosmart-v1,simulado,sim-2026-09
f9c4f2bc-97ca-5328-83fd-22d57a8bebe8,TI-02_20260902_0025.jpg,2026-09-02 08:46:58,TI-02,drone,saudavel,saudavel,0.8230,agrosmart-v1,simulado,sim-2026-09
a61e7f0d-cb54-5dfa-8508-ddfad897514d,TI-02_20260902_0026.jpg,2026-09-02 08:47:44,TI-02,drone,doente,pinta_preta,0.9758,agrosmart-v1,simulado,sim-2026-09
17741ad0-3135-50c0-a1a9-e6b314d4152b,TI-02_20260902_0027.jpg,2026-09-02 08:48:20,TI-02,drone,doente,pinta_preta,0.9433,agrosmart-v1,simulado,sim-2026-09
fd06be27-a976-58c5-be38-6c2d564a5c1c,TI-02_20260902_0028.jpg,2026-09-02 08:48:41,TI-02,drone,saudavel,saudavel,0.9810,agrosmart-v1,simulado,sim-2026-09
03fd00da-4b8d-55f7-aa7a-2c96c4e12c7f,TI-02_20260902_0029.jpg,2026-09-02 08:49:21,TI-02,drone,saudavel,saudavel,0.9734,agrosmart-v1,simulado,sim-2026-09
ba275739-2642-52d7-a024-d04f513a974e,TI-02_20260902_0030.jpg,2026-09-02 08:50:13,TI-02,drone,doente,pinta_preta,0.9622,agrosmart-v1,simulado,sim-2026-09
86b03998-ba4f-502f-af24-fb39d83c9bd5,TI-02_20260902_0031.jpg,2026-09-02 08:51:09,TI-02,drone,saudavel,saudavel,0.9555,agrosmart-v1,simulado,sim-2026-09
b7ff42a5-b6e5-52e8-96c7-2d0951758523,TI-02_20260902_0032.jpg,2026-09-02 08:51:48,TI-02,drone,saudavel,saudavel,0.9913,agrosmart-v1,simulado,sim-2026-09
8623481f-3730-5503-b037-ba74de315712,TI-02_20260902_0033.jpg,2026-09-02 08:52:02,TI-02,drone,saudavel,saudavel,0.8877,agrosmart-v1,simulado,sim-2026-09
3833ea4c-8b0c-565a-b4bd-c4adab45b63d,TI-02_20260902_0034.jpg,2026-09-02 08:53:06,TI-02,drone,saudavel,saudavel,0.8584,agrosmart-v1,simulado,sim-2026-09
0341c3fa-3287-5373-8709-77b3e8f30ddd,TI-02_20260902_0035.jpg,2026-09-02 08:53:30,TI-02,drone,saudavel,saudavel,0.9999,agrosmart-v1,simulado,sim-2026-09
4e3591e2-cb9d-5612-8c69-7a85512b91b4,TI-02_20260902_0036.jpg,2026-09-02 08:54:01,TI-02,drone,doente,pinta_preta,0.9796,agrosmart-v1,simulado,sim-2026-09
5a6cba49-8af0-5b01-982f-e47e6fc00a3b,TI-02_20260902_0037.jpg,2026-09-02 08:55:08,TI-02,drone,saudavel,saudavel,0.9999,agrosmart-v1,simulado,sim-2026-09
bfa1857b-2323-5c34-93a4-e0d100ff8a93,TI-02_20260902_0038.jpg,2026-09-02 08:55:41,TI-02,drone,saudavel,saudavel,0.8725,agrosmart-v1,simulado,sim-2026-09
3299b871-c82e-54e7-aedb-7c4746b993c8,TI-02_20260902_0039.jpg,2026-09-02 08:56:00,TI-02,drone,saudavel,saudavel,0.9743,agrosmart-v1,simulado,sim-2026-09
560b6713-df46-52e1-b34b-4e4781f515a7,SC-04_20260902_0001.jpg,2026-09-02 08:56:10,SC-04,smartphone,saudavel,saudavel,0.9146,agrosmart-v1,simulado,sim-2026-09
2289820a-b9da-5343-b441-c6460bf6ae6b,SC-04_20260902_0002.jpg,2026-09-02 08:56:31,SC-04,smartphone,saudavel,saudavel,0.9408,agrosmart-v1,simulado,sim-2026-09
b81076dc-350f-5f01-9a07-06c03077db29,TI-02_20260902_0040.jpg,2026-09-02 08:56:58,TI-02,drone,saudavel,saudavel,0.9889,agrosmart-v1,simulado,sim-2026-09
e2bf6d93-460a-58ff-9053-a2abae14f823,SC-04_20260902_0003.jpg,2026-09-02 08:57:25,SC-04,smartphone,saudavel,saudavel,0.8353,agrosmart-v1,simulado,sim-2026-09
2b2edd95-6f3c-5156-9aee-ece357693c79,TI-02_20260902_0041.jpg,2026-09-02 08:57:33,TI-02,drone,saudavel,saudavel,0.9764,agrosmart-v1,simulado,sim-2026-09
fda14663-8c11-5780-a654-b6c0d119a780,TI-02_20260902_0042.jpg,2026-09-02 08:58:04,TI-02,drone,saudavel,saudavel,0.9161,agrosmart-v1,simulado,sim-2026-09
7b49318b-3161-5dd4-9a7f-9bdaf7f381c3,SC-04_20260902_0004.jpg,2026-09-02 08:58:06,SC-04,smartphone,saudavel,saudavel,0.9873,agrosmart-v1,simulado,sim-2026-09
056d1723-6209-57af-a9cd-85a074c1f6f4,TI-01_20260902_0001.jpg,2026-09-02 08:58:06,TI-01,drone,saudavel,saudavel,0.9566,agrosmart-v1,simulado,sim-2026-09
36fa715d-231b-51ab-a528-1eb452b8f27b,SC-04_20260902_0005.jpg,2026-09-02 08:58:37,SC-04,smartphone,saudavel,saudavel,0.9869,agrosmart-v1,simulado,sim-2026-09
e4f575a3-39f5-50e8-95e2-ea3f8e167456,TI-01_20260902_0002.jpg,2026-09-02 08:58:48,TI-01,drone,saudavel,saudavel,0.9401,agrosmart-v1,simulado,sim-2026-09
0c3d029a-5d52-5bd6-8c0c-95e839632dbc,TI-02_20260902_0043.jpg,2026-09-02 08:58:56,TI-02,drone,saudavel,saudavel,0.9380,agrosmart-v1,simulado,sim-2026-09
a432ea48-9169-54d9-9899-ccd076c9b03a,SC-04_20260902_0006.jpg,2026-09-02 08:59:09,SC-04,smartphone,saudavel,saudavel,0.9993,agrosmart-v1,simulado,sim-2026-09
9bcabbe6-24b2-5a1c-af91-b5fc9ff727ba,TI-02_20260902_0044.jpg,2026-09-02 08:59:21,TI-02,drone,saudavel,saudavel,0.9251,agrosmart-v1,simulado,sim-2026-09
77ccb7d3-66a8-54e1-8660-94b7835c1b5b,TI-01_20260902_0003.jpg,2026-09-02 08:59:28,TI-01,drone,saudavel,saudavel,0.9820,agrosmart-v1,simulado,sim-2026-09
50c078ac-35f2-5367-8d61-9f3e17aaeb98,TI-01_20260902_0004.jpg,2026-09-02 08:59:41,TI-01,drone,saudavel,saudavel,0.9937,agrosmart-v1,simulado,sim-2026-09
b80588ee-0b4d-5a20-bfad-4a59611c5a87,SC-04_20260902_0007.jpg,2026-09-02 08:59:56,SC-04,smartphone,saudavel,saudavel,0.8283,agrosmart-v1,simulado,sim-2026-09
5cad622d-21ce-5cd4-9fd8-c37189aed57d,TI-02_20260902_0045.jpg,2026-09-02 09:00:25,TI-02,drone,saudavel,saudavel,0.9491,agrosmart-v1,simulado,sim-2026-09
d4ce6037-d52a-58ac-905c-342dede4d0cb,SC-04_20260902_0008.jpg,2026-09-02 09:00:39,SC-04,smartphone,saudavel,saudavel,0.9994,agrosmart-v1,simulado,sim-2026-09
ebeb4dbd-6071-5b5a-8360-e7ec471f1714,TI-02_20260902_0046.jpg,2026-09-02 09:00:43,TI-02,drone,doente,pinta_preta,0.8306,agrosmart-v1,simulado,sim-2026-09
9cc56430-3d7a-5f76-b528-0f14ddb15e44,TI-01_20260902_0005.jpg,2026-09-02 09:00:44,TI-01,drone,saudavel,saudavel,0.8497,agrosmart-v1,simulado,sim-2026-09
0a8e0e1e-80b6-5cb0-a256-7983b5fa41e9,SC-04_20260902_0009.jpg,2026-09-02 09:01:03,SC-04,smartphone,saudavel,saudavel,0.8762,agrosmart-v1,simulado,sim-2026-09
458d35a4-863d-5abe-b23f-851166b9cd0a,TI-01_20260902_0006.jpg,2026-09-02 09:01:17,TI-01,drone,saudavel,saudavel,0.9846,agrosmart-v1,simulado,sim-2026-09
e0f499dc-b44d-587d-909c-8f12f675ceba,TI-01_20260902_0007.jpg,2026-09-02 09:01:40,TI-01,drone,saudavel,saudavel,0.8420,agrosmart-v1,simulado,sim-2026-09
2baf45fc-8e34-5e4d-9dea-dd23d2a837e7,SC-04_20260902_0010.jpg,2026-09-02 09:02:01,SC-04,smartphone,saudavel,saudavel,0.9568,agrosmart-v1,simulado,sim-2026-09
383639f8-0536-5054-9ade-d5f0ffa0be5c,SC-04_20260902_0011.jpg,2026-09-02 09:02:26,SC-04,smartphone,doente,requeima,0.9536,agrosmart-v1,simulado,sim-2026-09
53a0118f-5530-5641-b55d-ac4227bf4640,TI-01_20260902_0008.jpg,2026-09-02 09:02:50,TI-01,drone,saudavel,saudavel,0.9975,agrosmart-v1,simulado,sim-2026-09
8597f8e0-f0e1-58c9-9dd6-45fa5025e5ae,TI-01_20260902_0009.jpg,2026-09-02 09:03:16,TI-01,drone,saudavel,saudavel,0.8938,agrosmart-v1,simulado,sim-2026-09
77e4d601-61e2-5a79-8cc7-ceb7e3db537e,SC-04_20260902_0012.jpg,2026-09-02 09:03:24,SC-04,smartphone,saudavel,saudavel,0.9953,agrosmart-v1,simulado,sim-2026-09
a3c73dab-5410-5250-83e4-26a74e45882f,TI-01_20260902_0010.jpg,2026-09-02 09:03:45,TI-01,drone,saudavel,saudavel,0.9333,agrosmart-v1,simulado,sim-2026-09
be89770a-9e66-5e68-8a32-ee250ce4673c,SC-04_20260902_0013.jpg,2026-09-02 09:04:10,SC-04,smartphone,doente,requeima,0.9448,agrosmart-v1,simulado,sim-2026-09
b80de079-7501-5255-ace3-e20dd8012cbf,SC-04_20260902_0014.jpg,2026-09-02 09:04:30,SC-04,smartphone,saudavel,saudavel,0.9902,agrosmart-v1,simulado,sim-2026-09
8a8ebd74-3120-5a50-876a-08d039bd21be,TI-01_20260902_0011.jpg,2026-09-02 09:04:50,TI-01,drone,saudavel,saudavel,0.8927,agrosmart-v1,simulado,sim-2026-09
cee25131-50b5-5ea6-b265-470227cbd568,SC-04_20260902_0015.jpg,2026-09-02 09:05:03,SC-04,smartphone,doente,requeima,0.9721,agrosmart-v1,simulado,sim-2026-09
953a06ae-578f-53d9-9994-2157ec8f04f3,TI-01_20260902_0012.jpg,2026-09-02 09:05:10,TI-01,drone,saudavel,saudavel,0.9875,agrosmart-v1,simulado,sim-2026-09
75071eb4-c3b6-5887-83d8-0e5345e8f2af,SC-04_20260902_0016.jpg,2026-09-02 09:05:45,SC-04,smartphone,saudavel,saudavel,0.9621,agrosmart-v1,simulado,sim-2026-09
a7b93e6a-49ec-5033-b34d-71d0852175ab,TI-01_20260902_0013.jpg,2026-09-02 09:05:50,TI-01,drone,saudavel,saudavel,0.9915,agrosmart-v1,simulado,sim-2026-09
c9717c65-2e0c-5d5d-9e4c-912017bdd827,TI-01_20260902_0014.jpg,2026-09-02 09:06:27,TI-01,drone,saudavel,saudavel,0.8421,agrosmart-v1,simulado,sim-2026-09
5002ed30-a6fa-5e60-b9dc-1fade0557379,SC-04_20260902_0017.jpg,2026-09-02 09:06:28,SC-04,smartphone,saudavel,saudavel,0.9643,agrosmart-v1,simulado,sim-2026-09
6207b04a-68b7-5f73-aba0-3c7454a7a946,TI-01_20260902_0015.jpg,2026-09-02 09:07:05,TI-01,drone,saudavel,saudavel,0.9940,agrosmart-v1,simulado,sim-2026-09
a7c4cbd4-1a8c-5ae9-9d55-2b7126923520,SC-04_20260902_0018.jpg,2026-09-02 09:07:19,SC-04,smartphone,saudavel,saudavel,0.9914,agrosmart-v1,simulado,sim-2026-09
e3fd098f-bad4-5f73-8a29-b33e0f7afcab,SC-04_20260902_0019.jpg,2026-09-02 09:07:55,SC-04,smartphone,saudavel,saudavel,0.9165,agrosmart-v1,simulado,sim-2026-09
5ee8f613-c844-567e-8737-434475810ae2,TI-01_20260902_0016.jpg,2026-09-02 09:08:01,TI-01,drone,saudavel,saudavel,0.9184,agrosmart-v1,simulado,sim-2026-09
88f6d945-b5f3-548c-973a-e0b3e5a25cd3,SC-04_20260902_0020.jpg,2026-09-02 09:08:27,SC-04,smartphone,saudavel,saudavel,0.9083,agrosmart-v1,simulado,sim-2026-09
b21ceb10-ebe4-5854-b347-cd1c8c6a54e3,TI-01_20260902_0017.jpg,2026-09-02 09:08:41,TI-01,drone,saudavel,saudavel,0.9155,agrosmart-v1,simulado,sim-2026-09
7e60bb94-d4d3-558d-b561-a8c8d685ab4b,SC-04_20260902_0021.jpg,2026-09-02 09:09:13,SC-04,smartphone,saudavel,saudavel,0.9762,agrosmart-v1,simulado,sim-2026-09
7fe837b0-8240-51a3-9f3e-2282ff3250eb,TI-01_20260902_0018.jpg,2026-09-02 09:09:22,TI-01,drone,saudavel,saudavel,0.9319,agrosmart-v1,simulado,sim-2026-09
e7e317b5-49db-5ab5-a4a8-b7a3445721a6,SC-04_20260902_0022.jpg,2026-09-02 09:09:43,SC-04,smartphone,saudavel,saudavel,0.8975,agrosmart-v1,simulado,sim-2026-09
fbe558a4-3ffb-5c00-b98e-d55b4720b815,TI-01_20260902_0019.jpg,2026-09-02 09:10:04,TI-01,drone,saudavel,saudavel,0.6160,agrosmart-v1,simulado,sim-2026-09
545e02fc-b7c1-5754-bc04-79d73efee418,TI-01_20260902_0020.jpg,2026-09-02 09:10:24,TI-01,drone,saudavel,saudavel,0.9994,agrosmart-v1,simulado,sim-2026-09
a2c9244f-9b46-5db1-9514-2b80c504ed01,SC-04_20260902_0023.jpg,2026-09-02 09:10:50,SC-04,smartphone,saudavel,saudavel,0.9725,agrosmart-v1,simulado,sim-2026-09
6fe93f92-4bfa-5b60-9c6a-98d8bc33a56e,TI-01_20260902_0021.jpg,2026-09-02 09:11:21,TI-01,drone,saudavel,saudavel,0.9516,agrosmart-v1,simulado,sim-2026-09
47a407b0-7766-539b-b1d8-2f084de988f4,SC-04_20260902_0024.jpg,2026-09-02 09:11:27,SC-04,smartphone,saudavel,saudavel,0.9138,agrosmart-v1,simulado,sim-2026-09
3b43f5e2-95e0-5e59-964c-0a7482ff0010,SC-04_20260902_0025.jpg,2026-09-02 09:11:48,SC-04,smartphone,saudavel,saudavel,0.8725,agrosmart-v1,simulado,sim-2026-09
f8a115e7-884d-5597-b6aa-fa1564257475,TI-01_20260902_0022.jpg,2026-09-02 09:11:59,TI-01,drone,saudavel,saudavel,0.9251,agrosmart-v1,simulado,sim-2026-09
c2b816c6-d08f-5c7b-8531-24f998c93d6e,SC-04_20260902_0026.jpg,2026-09-02 09:12:31,SC-04,smartphone,saudavel,saudavel,0.9759,agrosmart-v1,simulado,sim-2026-09
8572cef0-c2a7-5636-a86c-5c5c39dba713,TI-01_20260902_0023.jpg,2026-09-02 09:12:43,TI-01,drone,saudavel,saudavel,0.9974,agrosmart-v1,simulado,sim-2026-09
d9589ecb-2745-53a4-81d1-a6de5c0a76b5,SC-04_20260902_0027.jpg,2026-09-02 09:13:09,SC-04,smartphone,saudavel,saudavel,0.9083,agrosmart-v1,simulado,sim-2026-09
a2891ea2-f0f7-51a9-af9d-4fe15d154548,TI-01_20260902_0024.jpg,2026-09-02 09:13:24,TI-01,drone,saudavel,saudavel,0.9735,agrosmart-v1,simulado,sim-2026-09
3c7bb457-3f57-5dc1-98b0-71b7407cd6fb,TI-01_20260902_0025.jpg,2026-09-02 09:14:01,TI-01,drone,saudavel,saudavel,0.9794,agrosmart-v1,simulado,sim-2026-09
7aba133b-e246-5eea-9d2e-8f783c4950d0,TI-01_20260902_0026.jpg,2026-09-02 09:14:20,TI-01,drone,saudavel,saudavel,0.8539,agrosmart-v1,simulado,sim-2026-09
a1763158-49e3-59a7-b82b-b3301af44b16,TI-01_20260902_0027.jpg,2026-09-02 09:15:00,TI-01,drone,saudavel,saudavel,0.8613,agrosmart-v1,simulado,sim-2026-09
da15e9d8-3e78-5e61-b628-b08bd64a48e8,TI-01_20260902_0028.jpg,2026-09-02 09:16:04,TI-01,drone,saudavel,saudavel,0.8248,agrosmart-v1,simulado,sim-2026-09
45ba79f3-0999-5dfb-97ec-04b6ecae719f,TI-01_20260902_0029.jpg,2026-09-02 09:16:38,TI-01,drone,saudavel,saudavel,0.9956,agrosmart-v1,simulado,sim-2026-09
9ca62160-74e0-57a1-9fab-966319260e9f,TI-01_20260902_0030.jpg,2026-09-02 09:17:27,TI-01,drone,saudavel,saudavel,0.6048,agrosmart-v1,simulado,sim-2026-09
22774c81-1971-5661-93da-4116c1ef01fc,TI-01_20260902_0031.jpg,2026-09-02 09:17:45,TI-01,drone,doente,mosca_minadora,0.9279,agrosmart-v1,simulado,sim-2026-09
819b5441-1183-5d8e-945f-4be5301b4f8b,TI-01_20260902_0032.jpg,2026-09-02 09:18:27,TI-01,drone,saudavel,saudavel,0.9939,agrosmart-v1,simulado,sim-2026-09
d3b9a795-31fe-5368-85ab-e4f613f2cd85,TI-01_20260902_0033.jpg,2026-09-02 09:19:01,TI-01,drone,saudavel,saudavel,0.5302,agrosmart-v1,simulado,sim-2026-09
89a2175e-30f4-54b3-8b6c-214d1a6756a9,TI-01_20260902_0034.jpg,2026-09-02 09:20:06,TI-01,drone,saudavel,saudavel,0.9993,agrosmart-v1,simulado,sim-2026-09
25bdd15f-ee09-5597-ae27-16f791f139b5,TI-01_20260902_0035.jpg,2026-09-02 09:20:38,TI-01,drone,saudavel,saudavel,0.8794,agrosmart-v1,simulado,sim-2026-09
5f8ce134-2845-5176-bab4-5d44802fabe0,TI-01_20260902_0036.jpg,2026-09-02 09:21:03,TI-01,drone,saudavel,saudavel,0.8474,agrosmart-v1,simulado,sim-2026-09
e1cc6848-06ea-5668-ada0-30e3ddffa190,TI-01_20260902_0037.jpg,2026-09-02 09:22:10,TI-01,drone,saudavel,saudavel,0.8471,agrosmart-v1,simulado,sim-2026-09
2e742d41-49b1-5c86-bac2-4bb402fc5179,TI-01_20260902_0038.jpg,2026-09-02 09:22:23,TI-01,drone,saudavel,saudavel,0.8572,agrosmart-v1,simulado,sim-2026-09
8f8180f4-4f3b-504d-a884-87d87da43050,TI-01_20260902_0039.jpg,2026-09-02 09:23:16,TI-01,drone,saudavel,saudavel,0.9954,agrosmart-v1,simulado,sim-2026-09
cc2c60b0-7cae-5ba4-8d31-6d988cd7007f,TI-01_20260902_0040.jpg,2026-09-02 09:23:41,TI-01,drone,saudavel,saudavel,0.8629,agrosmart-v1,simulado,sim-2026-09
3ce9ce9c-80b6-5737-b069-3f0ec970ed28,TI-01_20260902_0041.jpg,2026-09-02 09:24:25,TI-01,drone,saudavel,saudavel,0.8652,agrosmart-v1,simulado,sim-2026-09
91b9d225-3415-54c5-91bb-05a954490cd7,TI-01_20260902_0042.jpg,2026-09-02 09:25:29,TI-01,drone,saudavel,saudavel,0.9758,agrosmart-v1,simulado,sim-2026-09
f17581f1-ee2d-587a-9daa-ef25590d6eb0,TI-01_20260902_0043.jpg,2026-09-02 09:25:56,TI-01,drone,saudavel,saudavel,0.9414,agrosmart-v1,simulado,sim-2026-09
0b99574c-b5ce-52f5-a680-0c67a5ecb298,TI-01_20260902_0044.jpg,2026-09-02 09:26:22,TI-01,drone,saudavel,saudavel,0.9835,agrosmart-v1,simulado,sim-2026-09
f24a04c7-645b-5e4c-88bb-314e6045fd44,TI-01_20260902_0045.jpg,2026-09-02 09:27:05,TI-01,drone,saudavel,saudavel,0.9003,agrosmart-v1,simulado,sim-2026-09
05e6f0ee-4d73-5ba3-a1d5-ce4e34637a0f,TI-01_20260902_0046.jpg,2026-09-02 09:27:57,TI-01,drone,saudavel,saudavel,0.8390,agrosmart-v1,simulado,sim-2026-09
c8fd701b-5554-52cf-994e-afe175d754f1,SC-01_20260902_0001.jpg,2026-09-02 09:45:50,SC-01,smartphone,saudavel,saudavel,0.9359,agrosmart-v1,simulado,sim-2026-09
39205b9a-374c-515a-aa5a-a676bade9768,SC-01_20260902_0002.jpg,2026-09-02 09:46:49,SC-01,smartphone,saudavel,saudavel,0.9991,agrosmart-v1,simulado,sim-2026-09
3594ead8-5ca1-5dd2-9027-499e3885c77a,SC-01_20260902_0003.jpg,2026-09-02 09:47:27,SC-01,smartphone,saudavel,saudavel,0.9835,agrosmart-v1,simulado,sim-2026-09
9dd952c3-3353-55f2-9953-78f0e63bd451,SC-01_20260902_0004.jpg,2026-09-02 09:48:03,SC-01,smartphone,saudavel,saudavel,0.9995,agrosmart-v1,simulado,sim-2026-09
19489ea4-0af4-5955-bc60-866293ac2822,SC-01_20260902_0005.jpg,2026-09-02 09:48:20,SC-01,smartphone,saudavel,saudavel,0.8721,agrosmart-v1,simulado,sim-2026-09
6bc9c119-c056-5c43-aab8-cf7b7be63093,SC-01_20260902_0006.jpg,2026-09-02 09:49:08,SC-01,smartphone,saudavel,saudavel,0.9768,agrosmart-v1,simulado,sim-2026-09
e792b21e-7340-5300-863f-acd70d43da67,SC-01_20260902_0007.jpg,2026-09-02 09:49:40,SC-01,smartphone,saudavel,saudavel,1.0000,agrosmart-v1,simulado,sim-2026-09
0b3b3eb6-560a-5f37-bed4-70d83bb38571,SC-01_20260902_0008.jpg,2026-09-02 09:50:21,SC-01,smartphone,saudavel,saudavel,0.7126,agrosmart-v1,simulado,sim-2026-09
fcecb010-c0f5-536d-bbb3-79fc8eb224b6,SC-01_20260902_0009.jpg,2026-09-02 09:51:11,SC-01,smartphone,saudavel,saudavel,0.9616,agrosmart-v1,simulado,sim-2026-09
3cac60bc-bdd0-5f8d-bd3a-df3e05a392be,SC-01_20260902_0010.jpg,2026-09-02 09:51:46,SC-01,smartphone,saudavel,saudavel,0.8314,agrosmart-v1,simulado,sim-2026-09
008d5447-48b2-5f8f-ad0e-98a490e22a87,SC-01_20260902_0011.jpg,2026-09-02 09:52:31,SC-01,smartphone,saudavel,saudavel,0.9703,agrosmart-v1,simulado,sim-2026-09
ee779f88-2f0e-5664-95a6-ff68ad1f6b32,SC-01_20260902_0012.jpg,2026-09-02 09:53:28,SC-01,smartphone,saudavel,saudavel,0.9341,agrosmart-v1,simulado,sim-2026-09
6e60f99d-8792-53b2-acb3-7eca83b54811,SC-01_20260902_0013.jpg,2026-09-02 09:53:52,SC-01,smartphone,saudavel,saudavel,0.9820,agrosmart-v1,simulado,sim-2026-09
13d107f5-cca5-5080-b8c2-bba49e2c336c,SC-01_20260902_0014.jpg,2026-09-02 09:54:22,SC-01,smartphone,saudavel,saudavel,0.9494,agrosmart-v1,simulado,sim-2026-09
a0313bf7-b0cd-524a-a660-ec1f674fd007,SC-01_20260902_0015.jpg,2026-09-02 09:55:19,SC-01,smartphone,saudavel,saudavel,0.9989,agrosmart-v1,simulado,sim-2026-09
831cd607-b295-5c02-9057-24e6b86b642d,SC-01_20260902_0016.jpg,2026-09-02 09:55:43,SC-01,smartphone,saudavel,saudavel,0.8566,agrosmart-v1,simulado,sim-2026-09
89fb1071-3f3e-5442-b97d-5fee624facf2,SC-01_20260902_0017.jpg,2026-09-02 09:56:32,SC-01,smartphone,saudavel,saudavel,0.9165,agrosmart-v1,simulado,sim-2026-09
fa6a0f4c-017b-5631-bb74-2728b55c8102,SC-01_20260902_0018.jpg,2026-09-02 09:57:17,SC-01,smartphone,saudavel,saudavel,0.9756,agrosmart-v1,simulado,sim-2026-09
5dfab21c-03dc-5d48-b331-abe973983434,SC-01_20260902_0019.jpg,2026-09-02 09:57:40,SC-01,smartphone,saudavel,saudavel,0.9979,agrosmart-v1,simulado,sim-2026-09
39a8eb68-3708-506d-90b3-0cef950f1aef,SC-01_20260902_0020.jpg,2026-09-02 09:58:34,SC-01,smartphone,saudavel,saudavel,0.8444,agrosmart-v1,simulado,sim-2026-09
3c4a1d7f-929c-52e1-a8e9-68992f1938b4,SC-01_20260902_0021.jpg,2026-09-02 09:59:15,SC-01,smartphone,saudavel,saudavel,0.9281,agrosmart-v1,simulado,sim-2026-09
f23c8098-f62d-5aca-af37-9fdc905727bc,SC-01_20260902_0022.jpg,2026-09-02 09:59:55,SC-01,smartphone,saudavel,saudavel,0.9578,agrosmart-v1,simulado,sim-2026-09
3bffed1b-3c2e-5949-a8b7-06d76c9c72de,SC-01_20260902_0023.jpg,2026-09-02 10:00:43,SC-01,smartphone,saudavel,saudavel,0.8612,agrosmart-v1,simulado,sim-2026-09
ff9321fc-f2c4-5fbe-8f54-fe659e653398,SC-01_20260902_0024.jpg,2026-09-02 10:01:26,SC-01,smartphone,saudavel,saudavel,0.9295,agrosmart-v1,simulado,sim-2026-09
b637ff6c-8ecb-5bd9-ae57-b972267fe707,SC-01_20260902_0025.jpg,2026-09-02 10:02:08,SC-01,smartphone,saudavel,saudavel,0.8781,agrosmart-v1,simulado,sim-2026-09
d256b44b-ed55-5b4e-96cc-87f68b5b7e80,SC-01_20260902_0026.jpg,2026-09-02 10:02:23,SC-01,smartphone,saudavel,saudavel,0.9709,agrosmart-v1,simulado,sim-2026-09
4b957f21-5bf4-5289-80f2-1d096a28cd2e,SC-01_20260902_0027.jpg,2026-09-02 10:03:11,SC-01,smartphone,saudavel,saudavel,0.9746,agrosmart-v1,simulado,sim-2026-09
7d9c291a-6b2b-5c92-a6d2-e7f6166eda82,SC-01_20260902_0028.jpg,2026-09-02 10:03:48,SC-01,smartphone,saudavel,saudavel,0.9861,agrosmart-v1,simulado,sim-2026-09
3a6f9ac2-420d-538b-81ed-28e598c8be24,SC-01_20260902_0029.jpg,2026-09-02 10:04:29,SC-01,smartphone,saudavel,saudavel,0.8381,agrosmart-v1,simulado,sim-2026-09
1acfab87-f54e-5800-b030-03216d526233,SC-01_20260902_0030.jpg,2026-09-02 10:05:28,SC-01,smartphone,saudavel,saudavel,0.9886,agrosmart-v1,simulado,sim-2026-09
cb5a9c11-9237-5c1d-a57d-7d6d84867541,SC-01_20260902_0031.jpg,2026-09-02 10:06:10,SC-01,smartphone,saudavel,saudavel,0.9906,agrosmart-v1,simulado,sim-2026-09
87b75e3c-5b64-5f9c-b0e3-8e1d16255f96,SC-01_20260902_0032.jpg,2026-09-02 10:06:44,SC-01,smartphone,saudavel,saudavel,0.9986,agrosmart-v1,simulado,sim-2026-09
d4963e24-79a7-5524-9925-5b127b87c4bc,SC-01_20260902_0033.jpg,2026-09-02 10:07:07,SC-01,smartphone,saudavel,saudavel,0.9279,agrosmart-v1,simulado,sim-2026-09
5dfc2f5a-efe3-5f2e-b0eb-d7581f73b95d,BV-02_20260904_0001.jpg,2026-09-04 07:20:08,BV-02,smartphone,saudavel,saudavel,0.9658,agrosmart-v1,simulado,sim-2026-09
c51af9fd-1965-5e68-8fbd-d43557475645,BV-02_20260904_0002.jpg,2026-09-04 07:20:41,BV-02,smartphone,saudavel,saudavel,0.9870,agrosmart-v1,simulado,sim-2026-09
28ad6d66-3924-51cb-b727-b795240f1c64,BV-02_20260904_0003.jpg,2026-09-04 07:21:28,BV-02,smartphone,doente,mosca_minadora,0.8489,agrosmart-v1,simulado,sim-2026-09
29ab0173-f24c-5eaf-a518-a7d33cb26a01,BV-02_20260904_0004.jpg,2026-09-04 07:21:42,BV-02,smartphone,saudavel,saudavel,0.9108,agrosmart-v1,simulado,sim-2026-09
5a46b5d3-c02c-5bd6-82d5-271a6e91f223,BV-02_20260904_0005.jpg,2026-09-04 07:22:50,BV-02,smartphone,saudavel,saudavel,0.9857,agrosmart-v1,simulado,sim-2026-09
b982c0ac-7273-5af0-b31c-8faba099b746,BV-02_20260904_0006.jpg,2026-09-04 07:23:17,BV-02,smartphone,saudavel,saudavel,0.9714,agrosmart-v1,simulado,sim-2026-09
ff0c0692-525c-5908-8c95-ee29607e784e,BV-02_20260904_0007.jpg,2026-09-04 07:24:09,BV-02,smartphone,saudavel,saudavel,0.8926,agrosmart-v1,simulado,sim-2026-09
1b452462-6e55-53fa-b616-37b31abe7a20,BV-02_20260904_0008.jpg,2026-09-04 07:24:36,BV-02,smartphone,saudavel,saudavel,0.9757,agrosmart-v1,simulado,sim-2026-09
93c73859-622c-55da-b37b-e3a44e14c050,BV-02_20260904_0009.jpg,2026-09-04 07:25:06,BV-02,smartphone,saudavel,saudavel,0.9459,agrosmart-v1,simulado,sim-2026-09
df90274e-f8bf-5741-87bb-e645bb8934a9,BV-02_20260904_0010.jpg,2026-09-04 07:25:44,BV-02,smartphone,saudavel,saudavel,0.9052,agrosmart-v1,simulado,sim-2026-09
ba37df28-6eaf-5322-b2cb-f11dcf3267d4,BV-02_20260904_0011.jpg,2026-09-04 07:26:32,BV-02,smartphone,saudavel,saudavel,0.9337,agrosmart-v1,simulado,sim-2026-09
85c33c45-4758-5e27-a06f-7e7831ba4754,BV-02_20260904_0012.jpg,2026-09-04 07:27:16,BV-02,smartphone,saudavel,saudavel,0.9662,agrosmart-v1,simulado,sim-2026-09
b1249859-f2df-5bd9-a94d-0e1b91f9d736,BV-02_20260904_0013.jpg,2026-09-04 07:28:08,BV-02,smartphone,saudavel,saudavel,0.9975,agrosmart-v1,simulado,sim-2026-09
f76767ea-b93f-5f58-8a67-2f0dc77decac,BV-02_20260904_0014.jpg,2026-09-04 07:28:41,BV-02,smartphone,saudavel,saudavel,0.9576,agrosmart-v1,simulado,sim-2026-09
0a308ead-5384-5d3d-a0c9-692f1c3c551e,BV-02_20260904_0015.jpg,2026-09-04 07:29:11,BV-02,smartphone,saudavel,saudavel,0.8840,agrosmart-v1,simulado,sim-2026-09
96f297c5-aaa0-5b00-bbaa-b8ca283d9070,BV-02_20260904_0016.jpg,2026-09-04 07:29:51,BV-02,smartphone,saudavel,saudavel,0.9989,agrosmart-v1,simulado,sim-2026-09
0c7ed308-470f-5fd0-afa1-4451dda13121,BV-02_20260904_0017.jpg,2026-09-04 07:30:32,BV-02,smartphone,saudavel,saudavel,0.6806,agrosmart-v1,simulado,sim-2026-09
9211d9fd-4d52-50b5-b7c0-c2c235af6908,BV-02_20260904_0018.jpg,2026-09-04 07:31:30,BV-02,smartphone,saudavel,saudavel,0.9665,agrosmart-v1,simulado,sim-2026-09
c113f056-c73d-5a0b-a80b-bdde848c7969,BV-02_20260904_0019.jpg,2026-09-04 07:31:51,BV-02,smartphone,saudavel,saudavel,0.8329,agrosmart-v1,simulado,sim-2026-09
92c16340-f718-5efc-b53c-266347b19560,BV-02_20260904_0020.jpg,2026-09-04 07:32:37,BV-02,smartphone,saudavel,saudavel,0.9937,agrosmart-v1,simulado,sim-2026-09
e902ad38-527a-5bd5-98c7-8a017d72f4a9,BV-02_20260904_0021.jpg,2026-09-04 07:33:02,BV-02,smartphone,doente,pinta_preta,1.0000,agrosmart-v1,simulado,sim-2026-09
66869f5d-01f2-5b61-8bf3-0d4dc60226d4,BV-02_20260904_0022.jpg,2026-09-04 07:34:08,BV-02,smartphone,saudavel,saudavel,0.8428,agrosmart-v1,simulado,sim-2026-09
48174fb7-dacf-5e63-b932-9cac9f8b143f,BV-02_20260904_0023.jpg,2026-09-04 07:34:45,BV-02,smartphone,saudavel,saudavel,0.9797,agrosmart-v1,simulado,sim-2026-09
09af1cc0-a23a-51fb-8f06-1f6dd4d5d4f2,BV-02_20260904_0024.jpg,2026-09-04 07:35:30,BV-02,smartphone,saudavel,saudavel,0.9574,agrosmart-v1,simulado,sim-2026-09
3640a5ef-2e1e-5557-91a4-5196fa8014dc,BV-02_20260904_0025.jpg,2026-09-04 07:35:42,BV-02,smartphone,saudavel,saudavel,0.9966,agrosmart-v1,simulado,sim-2026-09
b6c2238e-858f-5e89-8925-785218130c1d,BV-02_20260904_0026.jpg,2026-09-04 07:36:39,BV-02,smartphone,saudavel,saudavel,0.9990,agrosmart-v1,simulado,sim-2026-09
09c20597-6a8e-5e0e-bb67-06312078d45b,BV-02_20260904_0027.jpg,2026-09-04 07:37:25,BV-02,smartphone,saudavel,saudavel,0.9453,agrosmart-v1,simulado,sim-2026-09
46f4b427-ad0b-581c-afc0-f66fe2133333,BV-02_20260904_0028.jpg,2026-09-04 07:37:59,BV-02,smartphone,saudavel,saudavel,0.9708,agrosmart-v1,simulado,sim-2026-09
87a36a16-272c-54fa-a546-a03e09348e02,BV-02_20260904_0029.jpg,2026-09-04 07:38:28,BV-02,smartphone,saudavel,saudavel,0.9964,agrosmart-v1,simulado,sim-2026-09
0982b87e-634c-503b-85c2-1c598fdb6889,BV-02_20260904_0030.jpg,2026-09-04 07:39:10,BV-02,smartphone,saudavel,saudavel,0.9990,agrosmart-v1,simulado,sim-2026-09
6bb573bc-8ff0-51a8-a2c1-9bd868ce4a77,BV-02_20260904_0031.jpg,2026-09-04 07:40:02,BV-02,smartphone,doente,pinta_preta,0.8498,agrosmart-v1,simulado,sim-2026-09
cfd9013c-a1e6-528e-aadc-fa67ae8068fb,BV-02_20260904_0032.jpg,2026-09-04 07:40:43,BV-02,smartphone,saudavel,saudavel,0.8489,agrosmart-v1,simulado,sim-2026-09
c9c7f9a9-5e4e-5e0b-a4e6-a62b8f95dfcd,BV-02_20260904_0033.jpg,2026-09-04 07:41:17,BV-02,smartphone,saudavel,saudavel,0.9845,agrosmart-v1,simulado,sim-2026-09
714aa5ac-e859-5423-8147-a33b856f0f82,BV-02_20260904_0034.jpg,2026-09-04 07:42:06,BV-02,smartphone,saudavel,saudavel,0.9659,agrosmart-v1,simulado,sim-2026-09
9eb4798a-b6ce-5de4-aa2e-3803aa82b811,BV-02_20260904_0035.jpg,2026-09-04 07:42:20,BV-02,smartphone,saudavel,saudavel,0.9964,agrosmart-v1,simulado,sim-2026-09
e23ad832-9f5c-51f2-874b-26e34a67a7f4,BV-03_20260904_0001.jpg,2026-09-04 07:43:02,BV-03,smartphone,saudavel,saudavel,0.9704,agrosmart-v1,simulado,sim-2026-09
1009a30f-6c3b-5654-aa76-6ecf3ae685ef,BV-02_20260904_0036.jpg,2026-09-04 07:43:11,BV-02,smartphone,saudavel,saudavel,1.0000,agrosmart-v1,simulado,sim-2026-09
24e0b7c7-588c-5cee-979c-6b1bc3cca390,BV-03_20260904_0002.jpg,2026-09-04 07:43:40,BV-03,smartphone,saudavel,saudavel,0.9923,agrosmart-v1,simulado,sim-2026-09
e6d35540-e4b9-55e8-8126-825b2ba2a10b,BV-03_20260904_0003.jpg,2026-09-04 07:44:10,BV-03,smartphone,doente,requeima,0.9885,agrosmart-v1,simulado,sim-2026-09
0cad431e-1ed9-5655-9404-cd46178689b7,BV-03_20260904_0004.jpg,2026-09-04 07:45:08,BV-03,smartphone,saudavel,saudavel,0.8490,agrosmart-v1,simulado,sim-2026-09
7da4172d-26d7-5228-b1d2-0b84b545c32d,BV-03_20260904_0005.jpg,2026-09-04 07:45:37,BV-03,smartphone,saudavel,saudavel,0.8486,agrosmart-v1,simulado,sim-2026-09
f5d55f0d-0758-546a-83f2-4f33c2f80790,BV-03_20260904_0006.jpg,2026-09-04 07:46:22,BV-03,smartphone,saudavel,saudavel,0.9977,agrosmart-v1,simulado,sim-2026-09
c92c145d-1a23-5275-a81a-6df5c70e96e0,BV-03_20260904_0007.jpg,2026-09-04 07:46:48,BV-03,smartphone,saudavel,saudavel,0.8950,agrosmart-v1,simulado,sim-2026-09
60179e9e-2a00-520a-b9c6-79043030125f,BV-03_20260904_0008.jpg,2026-09-04 07:47:38,BV-03,smartphone,saudavel,saudavel,0.9748,agrosmart-v1,simulado,sim-2026-09
235a4019-ffdd-50f6-8bc3-079c95b00f34,BV-03_20260904_0009.jpg,2026-09-04 07:48:28,BV-03,smartphone,saudavel,saudavel,0.9989,agrosmart-v1,simulado,sim-2026-09
49c76963-ef3a-5473-8973-f149ffc5d8db,BV-03_20260904_0010.jpg,2026-09-04 07:48:49,BV-03,smartphone,saudavel,saudavel,0.9594,agrosmart-v1,simulado,sim-2026-09
857ab62a-553a-59a4-bd4d-d9b4153a67d1,BV-03_20260904_0011.jpg,2026-09-04 07:49:36,BV-03,smartphone,saudavel,saudavel,0.8560,agrosmart-v1,simulado,sim-2026-09
a386f538-1d7d-51f9-9057-f21990924197,BV-03_20260904_0012.jpg,2026-09-04 07:50:17,BV-03,smartphone,saudavel,saudavel,0.9915,agrosmart-v1,simulado,sim-2026-09
f8b3796d-6cf9-58dd-b312-8a7b733ae70a,BV-03_20260904_0013.jpg,2026-09-04 07:50:56,BV-03,smartphone,saudavel,saudavel,0.8968,agrosmart-v1,simulado,sim-2026-09
e455b881-358f-5a9e-aeeb-04c3c6a6bd8c,BV-03_20260904_0014.jpg,2026-09-04 07:51:29,BV-03,smartphone,saudavel,saudavel,0.9992,agrosmart-v1,simulado,sim-2026-09
45e52370-129e-5807-b3e9-a4c7fab9ea29,BV-03_20260904_0015.jpg,2026-09-04 07:52:08,BV-03,smartphone,saudavel,saudavel,0.9781,agrosmart-v1,simulado,sim-2026-09
589f7df7-f44d-5adc-9987-bfc2a0a3f711,BV-03_20260904_0016.jpg,2026-09-04 07:52:56,BV-03,smartphone,saudavel,saudavel,0.9150,agrosmart-v1,simulado,sim-2026-09
e696299f-faf8-5b44-9b88-98e69d75ed2b,BV-03_20260904_0017.jpg,2026-09-04 07:53:26,BV-03,smartphone,saudavel,saudavel,0.9229,agrosmart-v1,simulado,sim-2026-09
d14cb48a-6ddf-5d6e-b0c2-5c0bde962c58,BV-03_20260904_0018.jpg,2026-09-04 07:54:20,BV-03,smartphone,saudavel,saudavel,0.9827,agrosmart-v1,simulado,sim-2026-09
d2a30e7a-eaa4-5b7d-838f-bc3169ba4665,BV-03_20260904_0019.jpg,2026-09-04 07:54:56,BV-03,smartphone,saudavel,saudavel,0.9997,agrosmart-v1,simulado,sim-2026-09
7711728d-d3c2-59a3-b6ab-6614f9ef22ff,BV-03_20260904_0020.jpg,2026-09-04 07:55:23,BV-03,smartphone,saudavel,saudavel,0.9520,agrosmart-v1,simulado,sim-2026-09
645101cd-c268-5805-8256-70e5fa2eea47,BV-03_20260904_0021.jpg,2026-09-04 07:56:09,BV-03,smartphone,saudavel,saudavel,0.9573,agrosmart-v1,simulado,sim-2026-09
92e97441-1b1f-5430-9901-06c42755bb95,BV-03_20260904_0022.jpg,2026-09-04 07:56:57,BV-03,smartphone,saudavel,saudavel,0.9985,agrosmart-v1,simulado,sim-2026-09
674283c3-7fff-5735-9df0-193d6341a064,TI-02_20260904_0001.jpg,2026-09-04 08:02:06,TI-02,drone,saudavel,saudavel,0.9366,agrosmart-v1,simulado,sim-2026-09
d61582a5-d940-5368-aaa2-216e604068ff,TI-02_20260904_0002.jpg,2026-09-04 08:02:34,TI-02,drone,doente,pinta_preta,0.9874,agrosmart-v1,simulado,sim-2026-09
186e9dbc-fea0-54df-b2d4-229df1f57c23,TI-02_20260904_0003.jpg,2026-09-04 08:03:11,TI-02,drone,saudavel,saudavel,0.7331,agrosmart-v1,simulado,sim-2026-09
66752a70-af55-5787-85d5-f27156c45e09,TI-02_20260904_0004.jpg,2026-09-04 08:03:59,TI-02,drone,doente,pinta_preta,0.8756,agrosmart-v1,simulado,sim-2026-09
1c35c3c4-1bdd-5d1f-8387-177e0128864f,TI-02_20260904_0005.jpg,2026-09-04 08:04:43,TI-02,drone,saudavel,saudavel,0.9979,agrosmart-v1,simulado,sim-2026-09
86659963-7a14-5189-a66c-8883d8e0611c,TI-02_20260904_0006.jpg,2026-09-04 08:05:25,TI-02,drone,doente,pinta_preta,0.8884,agrosmart-v1,simulado,sim-2026-09
e2acecd2-f95d-5eee-987b-c55174b846de,TI-02_20260904_0007.jpg,2026-09-04 08:05:48,TI-02,drone,saudavel,saudavel,0.9235,agrosmart-v1,simulado,sim-2026-09
b7b7d9a6-660d-5827-aa4c-6cf0a2942474,TI-02_20260904_0008.jpg,2026-09-04 08:06:20,TI-02,drone,saudavel,saudavel,0.6267,agrosmart-v1,simulado,sim-2026-09
0e71fa6e-5b16-53cf-9096-08f79da1e48d,TI-02_20260904_0009.jpg,2026-09-04 08:07:27,TI-02,drone,saudavel,saudavel,0.9963,agrosmart-v1,simulado,sim-2026-09
21811ba0-1f1c-5318-a7ce-087a01570eee,TI-02_20260904_0010.jpg,2026-09-04 08:08:01,TI-02,drone,saudavel,saudavel,0.9807,agrosmart-v1,simulado,sim-2026-09
87b21380-4352-5d95-b3d8-8507de404958,TI-02_20260904_0011.jpg,2026-09-04 08:08:37,TI-02,drone,saudavel,saudavel,0.9992,agrosmart-v1,simulado,sim-2026-09
012170d7-ff99-5f68-87b3-971bfd89365d,TI-02_20260904_0012.jpg,2026-09-04 08:09:27,TI-02,drone,saudavel,saudavel,0.9996,agrosmart-v1,simulado,sim-2026-09
a6d2ed82-b60e-5c1a-9291-4168a08cd3be,TI-02_20260904_0013.jpg,2026-09-04 08:10:03,TI-02,drone,saudavel,saudavel,0.8590,agrosmart-v1,simulado,sim-2026-09
d4ba5746-8082-5d0d-b7a7-a383a1fa8cdb,TI-02_20260904_0014.jpg,2026-09-04 08:10:38,TI-02,drone,saudavel,saudavel,0.9995,agrosmart-v1,simulado,sim-2026-09
bf35b3fb-6810-5ca7-9261-5976faeb288f,TI-02_20260904_0015.jpg,2026-09-04 08:11:10,TI-02,drone,doente,pinta_preta,0.8389,agrosmart-v1,simulado,sim-2026-09
4f4897a3-798d-5a2d-9eee-c7bb3f846d46,TI-02_20260904_0016.jpg,2026-09-04 08:11:48,TI-02,drone,saudavel,saudavel,0.9961,agrosmart-v1,simulado,sim-2026-09
4229d006-86bc-56bd-9437-b9021f67ab6e,TI-02_20260904_0017.jpg,2026-09-04 08:12:42,TI-02,drone,saudavel,saudavel,0.9681,agrosmart-v1,simulado,sim-2026-09
bcb8cb1d-fe67-583a-bb71-f17b5dd82328,TI-02_20260904_0018.jpg,2026-09-04 08:13:17,TI-02,drone,saudavel,saudavel,0.9940,agrosmart-v1,simulado,sim-2026-09
bd1161ed-ec68-5406-9ffe-b170547d28fe,TI-02_20260904_0019.jpg,2026-09-04 08:13:41,TI-02,drone,saudavel,saudavel,0.8307,agrosmart-v1,simulado,sim-2026-09
45151829-bda0-5f01-a73c-48dfb005267c,TI-02_20260904_0020.jpg,2026-09-04 08:14:46,TI-02,drone,saudavel,saudavel,0.9897,agrosmart-v1,simulado,sim-2026-09
b7d3989d-3ab2-5b60-ac58-4a2e52c94267,TI-02_20260904_0021.jpg,2026-09-04 08:15:01,TI-02,drone,saudavel,saudavel,0.9920,agrosmart-v1,simulado,sim-2026-09
cc5f977b-3745-5686-83c0-27614d4d2278,TI-02_20260904_0022.jpg,2026-09-04 08:16:05,TI-02,drone,saudavel,saudavel,0.9685,agrosmart-v1,simulado,sim-2026-09
2e308c33-cd69-548b-820d-a264f7979945,TI-02_20260904_0023.jpg,2026-09-04 08:16:29,TI-02,drone,saudavel,saudavel,0.9239,agrosmart-v1,simulado,sim-2026-09
b65fb31f-a889-52e4-9cfc-acec0bfed476,TI-02_20260904_0024.jpg,2026-09-04 08:17:20,TI-02,drone,saudavel,saudavel,0.9190,agrosmart-v1,simulado,sim-2026-09
ab76b89d-21ff-5dfa-84ee-0c004f25085d,TI-02_20260904_0025.jpg,2026-09-04 08:17:58,TI-02,drone,saudavel,saudavel,0.9650,agrosmart-v1,simulado,sim-2026-09
4a850e61-5444-540b-b02a-667e060cbbcd,BV-01_20260904_0001.jpg,2026-09-04 08:18:01,BV-01,smartphone,saudavel,saudavel,0.6690,agrosmart-v1,simulado,sim-2026-09
0a08f264-b3a5-5f9b-a810-dfd7126f54ae,BV-01_20260904_0002.jpg,2026-09-04 08:18:30,BV-01,smartphone,saudavel,saudavel,0.8819,agrosmart-v1,simulado,sim-2026-09
e9d9e1e7-4a20-58a8-babb-c607d8eee546,TI-02_20260904_0026.jpg,2026-09-04 08:18:38,TI-02,drone,saudavel,saudavel,0.8597,agrosmart-v1,simulado,sim-2026-09
b3323fff-bc62-5292-bb2a-0b2af00bc9f9,TI-02_20260904_0027.jpg,2026-09-04 08:19:11,TI-02,drone,saudavel,saudavel,0.9023,agrosmart-v1,simulado,sim-2026-09
f1d5689f-0e68-55e2-bf97-9c781960771b,BV-01_20260904_0003.jpg,2026-09-04 08:19:18,BV-01,smartphone,saudavel,saudavel,0.9751,agrosmart-v1,simulado,sim-2026-09
cb72b5d6-6393-58c7-8fff-09f02997f9af,BV-01_20260904_0004.jpg,2026-09-04 08:19:46,BV-01,smartphone,saudavel,saudavel,0.9986,agrosmart-v1,simulado,sim-2026-09
07499ec9-a467-57db-830b-816b7bcf7fd8,TI-02_20260904_0028.jpg,2026-09-04 08:20:05,TI-02,drone,saudavel,saudavel,0.9994,agrosmart-v1,simulado,sim-2026-09
b7818e6c-b9c1-53b4-8b02-a19e98e7b6dd,TI-02_20260904_0029.jpg,2026-09-04 08:20:29,TI-02,drone,saudavel,saudavel,0.9476,agrosmart-v1,simulado,sim-2026-09
5d4e83f3-8c7d-5159-ad53-5af0bfe92c92,BV-01_20260904_0005.jpg,2026-09-04 08:20:40,BV-01,smartphone,saudavel,saudavel,0.9974,agrosmart-v1,simulado,sim-2026-09
253d4f1a-619f-52a7-a2fb-a382b8e5fa5b,TI-02_20260904_0030.jpg,2026-09-04 08:21:23,TI-02,drone,saudavel,saudavel,0.8735,agrosmart-v1,simulado,sim-2026-09
cb1c1fcf-54d5-5530-96b6-0302c6694951,BV-01_20260904_0006.jpg,2026-09-04 08:21:29,BV-01,smartphone,saudavel,saudavel,0.8797,agrosmart-v1,simulado,sim-2026-09
0a95b5dd-9dd4-5494-8f5b-cc9638a3ca9c,BV-01_20260904_0007.jpg,2026-09-04 08:21:54,BV-01,smartphone,saudavel,saudavel,0.9990,agrosmart-v1,simulado,sim-2026-09
b29b694b-3aed-55cf-8726-276a067f8d9f,TI-02_20260904_0031.jpg,2026-09-04 08:21:54,TI-02,drone,saudavel,saudavel,0.9986,agrosmart-v1,simulado,sim-2026-09
07e65093-731c-5de6-ad05-65e2349b7f34,TI-02_20260904_0032.jpg,2026-09-04 08:22:21,TI-02,drone,doente,pinta_preta,0.9858,agrosmart-v1,simulado,sim-2026-09
24e30dcc-a16b-520a-829b-56a056b92a53,BV-01_20260904_0008.jpg,2026-09-04 08:22:30,BV-01,smartphone,saudavel,saudavel,0.9595,agrosmart-v1,simulado,sim-2026-09
a51bc04d-d12d-5759-b413-7bd0b1ff8d99,BV-01_20260904_0009.jpg,2026-09-04 08:23:17,BV-01,smartphone,saudavel,saudavel,0.9997,agrosmart-v1,simulado,sim-2026-09
03c7a6be-fc41-5085-bbc9-9ef1450128be,TI-02_20260904_0033.jpg,2026-09-04 08:23:28,TI-02,drone,saudavel,saudavel,0.8714,agrosmart-v1,simulado,sim-2026-09
4b1004a7-5c02-5d4b-8348-7f5ea919d1aa,SC-03_20260904_0001.jpg,2026-09-04 08:23:50,SC-03,smartphone,saudavel,saudavel,0.8567,agrosmart-v1,simulado,sim-2026-09
1fad3ed5-c3f9-56ce-ae85-ea50a08823f0,BV-01_20260904_0010.jpg,2026-09-04 08:23:57,BV-01,smartphone,saudavel,saudavel,0.8569,agrosmart-v1,simulado,sim-2026-09
6403f42e-8b99-50ed-8536-dcb9fd4eaba0,TI-02_20260904_0034.jpg,2026-09-04 08:24:07,TI-02,drone,saudavel,saudavel,0.9919,agrosmart-v1,simulado,sim-2026-09
5563858f-0efb-569f-95ed-fc07cca6b0a9,TI-02_20260904_0035.jpg,2026-09-04 08:24:21,TI-02,drone,saudavel,saudavel,0.9561,agrosmart-v1,simulado,sim-2026-09
68a93977-68f3-55cb-8ed9-c1eb92f3a5db,SC-03_20260904_0002.jpg,2026-09-04 08:24:36,SC-03,smartphone,saudavel,saudavel,0.5314,agrosmart-v1,simulado,sim-2026-09
eb0c506b-c55f-5e3d-aa70-2b7c5b76e7e0,BV-01_20260904_0011.jpg,2026-09-04 08:24:47,BV-01,smartphone,saudavel,saudavel,0.8288,agrosmart-v1,simulado,sim-2026-09
c6849e8e-da9a-59f7-aa45-476b74b46283,TI-03_20260904_0001.jpg,2026-09-04 08:25:09,TI-03,drone,saudavel,saudavel,0.9932,agrosmart-v1,simulado,sim-2026-09
92b4be22-cd6a-51f8-a98f-09cf172d5a65,SC-03_20260904_0003.jpg,2026-09-04 08:25:13,SC-03,smartphone,saudavel,saudavel,0.8777,agrosmart-v1,simulado,sim-2026-09
5cb2271d-7e3a-5805-9edd-5015e39efd73,BV-01_20260904_0012.jpg,2026-09-04 08:25:14,BV-01,smartphone,saudavel,saudavel,0.9975,agrosmart-v1,simulado,sim-2026-09
0c1c75e9-4ea2-5d05-9381-0a24543322f8,TI-03_20260904_0002.jpg,2026-09-04 08:25:25,TI-03,drone,saudavel,saudavel,0.9729,agrosmart-v1,simulado,sim-2026-09
498389d5-68f8-578e-847b-1f036225d7b2,TI-02_20260904_0036.jpg,2026-09-04 08:25:27,TI-02,drone,saudavel,saudavel,0.9585,agrosmart-v1,simulado,sim-2026-09
409553a5-9b52-5039-b064-782409eedc4e,TI-02_20260904_0037.jpg,2026-09-04 08:25:53,TI-02,drone,doente,pinta_preta,0.9824,agrosmart-v1,simulado,sim-2026-09
197389bf-89ed-5b3e-bc55-55e625bc8830,BV-01_20260904_0013.jpg,2026-09-04 08:25:55,BV-01,smartphone,saudavel,saudavel,0.8439,agrosmart-v1,simulado,sim-2026-09
5a295ad5-4012-5327-9c2f-504ae8078b9d,SC-03_20260904_0004.jpg,2026-09-04 08:25:58,SC-03,smartphone,saudavel,saudavel,0.7476,agrosmart-v1,simulado,sim-2026-09
47c36f1e-1686-5380-966c-11a7969828a6,TI-03_20260904_0003.jpg,2026-09-04 08:26:05,TI-03,drone,doente,pinta_preta,0.9998,agrosmart-v1,simulado,sim-2026-09
f4ce31ac-c9db-5cca-a612-246b04a3e211,BV-01_20260904_0014.jpg,2026-09-04 08:26:20,BV-01,smartphone,saudavel,saudavel,0.9865,agrosmart-v1,simulado,sim-2026-09
d896a773-bdb1-5ded-a61f-f481de54e2c9,TI-02_20260904_0038.jpg,2026-09-04 08:26:27,TI-02,drone,saudavel,saudavel,0.8588,agrosmart-v1,simulado,sim-2026-09
958f57db-38d9-596e-a7a6-c41861aeac97,SC-03_20260904_0005.jpg,2026-09-04 08:26:40,SC-03,smartphone,saudavel,saudavel,0.9013,agrosmart-v1,simulado,sim-2026-09
a4572e60-c829-5bc8-9e06-a3063ba2dea7,SC-03_20260904_0006.jpg,2026-09-04 08:27:02,SC-03,smartphone,saudavel,saudavel,0.8488,agrosmart-v1,simulado,sim-2026-09
45105678-fe30-5789-b85a-9499933345c7,TI-03_20260904_0004.jpg,2026-09-04 08:27:08,TI-03,drone,doente,vaquinha,0.9838,agrosmart-v1,simulado,sim-2026-09
5ad5cddc-9c2f-5e46-a826-73ad01d5973b,BV-01_20260904_0015.jpg,2026-09-04 08:27:09,BV-01,smartphone,saudavel,saudavel,0.9423,agrosmart-v1,simulado,sim-2026-09
264435c8-cec0-5b37-890e-7c16bfa4ae35,TI-02_20260904_0039.jpg,2026-09-04 08:27:22,TI-02,drone,saudavel,saudavel,0.9917,agrosmart-v1,simulado,sim-2026-09
66e2dbcd-18bf-5ba7-8ac7-157890311303,TI-02_20260904_0040.jpg,2026-09-04 08:27:43,TI-02,drone,saudavel,saudavel,0.9353,agrosmart-v1,simulado,sim-2026-09
96ee1113-1084-5551-b095-47fab4156290,SC-03_20260904_0007.jpg,2026-09-04 08:27:44,SC-03,smartphone,saudavel,saudavel,0.8961,agrosmart-v1,simulado,sim-2026-09
ce7eda47-ecce-5ebe-bcf7-efbbbfecc6b0,TI-03_20260904_0005.jpg,2026-09-04 08:27:44,TI-03,drone,saudavel,saudavel,0.9994,agrosmart-v1,simulado,sim-2026-09
6ae5ba2f-67be-53f3-9e01-1db8077fe688,BV-01_20260904_0016.jpg,2026-09-04 08:28:02,BV-01,smartphone,saudavel,saudavel,0.8806,agrosmart-v1,simulado,sim-2026-09
02c2215c-4c53-58ce-a066-8138b7b8196c,TI-03_20260904_0006.jpg,2026-09-04 08:28:21,TI-03,drone,saudavel,saudavel,0.9996,agrosmart-v1,simulado,sim-2026-09
7a565a54-97c8-5849-8410-43ff00a2e080,TI-02_20260904_0041.jpg,2026-09-04 08:28:31,TI-02,drone,saudavel,saudavel,0.9839,agrosmart-v1,simulado,sim-2026-09
214b2ca2-d720-5eb1-89cf-a41da67e1992,BV-01_20260904_0017.jpg,2026-09-04 08:28:37,BV-01,smartphone,saudavel,saudavel,0.8301,agrosmart-v1,simulado,sim-2026-09
10b91775-528c-5efc-b353-86f97aa15480,TI-03_20260904_0007.jpg,2026-09-04 08:28:40,TI-03,drone,saudavel,saudavel,0.8625,agrosmart-v1,simulado,sim-2026-09
272be5a3-83f5-55bf-b466-df84b8befe54,SC-03_20260904_0008.jpg,2026-09-04 08:28:46,SC-03,smartphone,saudavel,saudavel,0.6614,agrosmart-v1,simulado,sim-2026-09
a36b20a6-89b1-57e5-8172-9ee2322bb440,SC-03_20260904_0009.jpg,2026-09-04 08:29:17,SC-03,smartphone,saudavel,saudavel,0.9802,agrosmart-v1,simulado,sim-2026-09
07fcf452-d11a-5ec7-8ebc-3b943073f332,TI-02_20260904_0042.jpg,2026-09-04 08:29:23,TI-02,drone,saudavel,saudavel,0.9770,agrosmart-v1,simulado,sim-2026-09
7caff528-7ec7-5264-8d26-6b1b059dfd79,BV-01_20260904_0018.jpg,2026-09-04 08:29:24,BV-01,smartphone,saudavel,saudavel,0.9430,agrosmart-v1,simulado,sim-2026-09
f028fbcb-b38a-5a59-a497-e43fd1e362ef,TI-02_20260904_0043.jpg,2026-09-04 08:29:42,TI-02,drone,saudavel,saudavel,0.8802,agrosmart-v1,simulado,sim-2026-09
252e4b5a-db75-5500-8e1c-914397876408,SC-03_20260904_0010.jpg,2026-09-04 08:29:47,SC-03,smartphone,saudavel,saudavel,0.8632,agrosmart-v1,simulado,sim-2026-09
1d241e9d-b2c4-58fb-aba3-5999bcf873a4,TI-03_20260904_0008.jpg,2026-09-04 08:29:48,TI-03,drone,saudavel,saudavel,0.8839,agrosmart-v1,simulado,sim-2026-09
db176a93-2f14-571f-9372-ec58df6df036,BV-01_20260904_0019.jpg,2026-09-04 08:29:59,BV-01,smartphone,saudavel,saudavel,0.9939,agrosmart-v1,simulado,sim-2026-09
d7e1e6b6-3cac-5947-a5c5-b7a76f836d08,TI-03_20260904_0009.jpg,2026-09-04 08:30:18,TI-03,drone,saudavel,saudavel,0.9738,agrosmart-v1,simulado,sim-2026-09
f061ddbc-e40d-5ba3-96b8-9d7bce894107,BV-01_20260904_0020.jpg,2026-09-04 08:30:26,BV-01,smartphone,saudavel,saudavel,1.0000,agrosmart-v1,simulado,sim-2026-09
2a7d7799-45ae-51a7-9a84-f7e545c65e78,SC-03_20260904_0011.jpg,2026-09-04 08:30:28,SC-03,smartphone,saudavel,saudavel,0.9902,agrosmart-v1,simulado,sim-2026-09
5eaa4b5b-c8c9-5e21-884a-ae7133ff091d,TI-02_20260904_0044.jpg,2026-09-04 08:30:33,TI-02,drone,saudavel,saudavel,0.8558,agrosmart-v1,simulado,sim-2026-09
95391576-647c-58fd-917f-b63430418e74,TI-03_20260904_0010.jpg,2026-09-04 08:30:43,TI-03,drone,saudavel,saudavel,0.9970,agrosmart-v1,simulado,sim-2026-09
5e654ecf-10e5-51b0-9558-edefa40e0dbe,TI-02_20260904_0045.jpg,2026-09-04 08:31:03,TI-02,drone,saudavel,saudavel,0.9712,agrosmart-v1,simulado,sim-2026-09
8d3eebea-f600-5ed6-bd34-a51984ee2444,SC-03_20260904_0012.jpg,2026-09-04 08:31:10,SC-03,smartphone,saudavel,saudavel,0.9995,agrosmart-v1,simulado,sim-2026-09
dbbd7eff-f581-50c6-a8e1-9eb9b22a5d5d,BV-01_20260904_0021.jpg,2026-09-04 08:31:16,BV-01,smartphone,saudavel,saudavel,0.9098,agrosmart-v1,simulado,sim-2026-09
66d16712-3542-5401-9973-898e065c3bb6,TI-02_20260904_0046.jpg,2026-09-04 08:31:46,TI-02,drone,doente,pinta_preta,0.9999,agrosmart-v1,simulado,sim-2026-09
6a79ce49-ecef-5b81-a9c5-d5f23b557da5,BV-01_20260904_0022.jpg,2026-09-04 08:31:49,BV-01,smartphone,saudavel,saudavel,0.9842,agrosmart-v1,simulado,sim-2026-09
bb03e147-6a57-5554-bd1c-08ef687303d0,TI-03_20260904_0011.jpg,2026-09-04 08:31:49,TI-03,drone,saudavel,saudavel,0.9466,agrosmart-v1,simulado,sim-2026-09
38154580-e605-58a1-b68b-f9f82c062f95,TI-03_20260904_0012.jpg,2026-09-04 08:32:04,TI-03,drone,saudavel,saudavel,0.8260,agrosmart-v1,simulado,sim-2026-09
4092923c-f9c9-5371-ba33-fe3103efecb4,SC-03_20260904_0013.jpg,2026-09-04 08:32:09,SC-03,smartphone,saudavel,saudavel,0.9916,agrosmart-v1,simulado,sim-2026-09
c7f2b6f7-f66c-5a80-92c9-24684267e82a,SC-03_20260904_0014.jpg,2026-09-04 08:32:20,SC-03,smartphone,saudavel,saudavel,0.5845,agrosmart-v1,simulado,sim-2026-09
eedc79ab-ae11-5d54-90aa-5ba3bc427bbc,BV-01_20260904_0023.jpg,2026-09-04 08:32:23,BV-01,smartphone,saudavel,saudavel,0.9996,agrosmart-v1,simulado,sim-2026-09
a222852e-5ab5-5813-a59a-530fd0ce9432,TI-03_20260904_0013.jpg,2026-09-04 08:32:47,TI-03,drone,saudavel,saudavel,0.9843,agrosmart-v1,simulado,sim-2026-09
3469707b-7bf1-56b1-b8f5-c0384973ca82,BV-01_20260904_0024.jpg,2026-09-04 08:33:01,BV-01,smartphone,saudavel,saudavel,0.8403,agrosmart-v1,simulado,sim-2026-09
da7de799-8263-5618-8226-51202314dff5,SC-03_20260904_0015.jpg,2026-09-04 08:33:17,SC-03,smartphone,saudavel,saudavel,0.9803,agrosmart-v1,simulado,sim-2026-09
dbc68348-16d0-5b51-8d3c-55238cebf714,TI-03_20260904_0014.jpg,2026-09-04 08:33:25,TI-03,drone,doente,pinta_preta,0.5344,agrosmart-v1,simulado,sim-2026-09
430a419e-7484-5269-bbb3-e40bf1532186,SC-03_20260904_0016.jpg,2026-09-04 08:33:40,SC-03,smartphone,saudavel,saudavel,0.9605,agrosmart-v1,simulado,sim-2026-09
2d693eba-6c0d-50e4-bece-8035ad42f198,BV-01_20260904_0025.jpg,2026-09-04 08:33:44,BV-01,smartphone,saudavel,saudavel,0.8875,agrosmart-v1,simulado,sim-2026-09
13143d56-f7d6-5dca-afb3-41b05a40d8a9,BV-01_20260904_0026.jpg,2026-09-04 08:34:27,BV-01,smartphone,saudavel,saudavel,0.9921,agrosmart-v1,simulado,sim-2026-09
e864c7ef-b117-549a-91fb-400206002fa9,TI-03_20260904_0015.jpg,2026-09-04 08:34:29,TI-03,drone,saudavel,saudavel,0.9992,agrosmart-v1,simulado,sim-2026-09
fafbcca0-fe18-512f-8940-a6b273c802c6,SC-03_20260904_0017.jpg,2026-09-04 08:34:43,SC-03,smartphone,saudavel,saudavel,0.8894,agrosmart-v1,simulado,sim-2026-09
f362198e-5f02-5cb4-8a34-9e0cd86e6b93,TI-03_20260904_0016.jpg,2026-09-04 08:34:54,TI-03,drone,saudavel,saudavel,0.9523,agrosmart-v1,simulado,sim-2026-09
82095192-9965-5781-9836-3d06b3ba9a0e,SC-03_20260904_0018.jpg,2026-09-04 08:35:01,SC-03,smartphone,saudavel,saudavel,0.8414,agrosmart-v1,simulado,sim-2026-09
0a7db742-fa01-52ac-89b6-af6d80fa87b5,BV-01_20260904_0027.jpg,2026-09-04 08:35:20,BV-01,smartphone,saudavel,saudavel,0.9341,agrosmart-v1,simulado,sim-2026-09
93ce6662-c050-53ab-8a67-e766f3097a28,BV-01_20260904_0028.jpg,2026-09-04 08:35:42,BV-01,smartphone,saudavel,saudavel,0.8593,agrosmart-v1,simulado,sim-2026-09
64a1d457-4a3c-5fef-b2a7-6e25d7a38f6b,TI-03_20260904_0017.jpg,2026-09-04 08:35:47,TI-03,drone,saudavel,saudavel,0.9766,agrosmart-v1,simulado,sim-2026-09
2917a7d1-9feb-581c-9331-4e425bbd5cae,SC-03_20260904_0019.jpg,2026-09-04 08:35:56,SC-03,smartphone,saudavel,saudavel,0.9536,agrosmart-v1,simulado,sim-2026-09
1aa08ffe-675d-5c48-a5a0-619a2544de1e,TI-01_20260904_0001.jpg,2026-09-04 08:36:09,TI-01,drone,saudavel,saudavel,0.9825,agrosmart-v1,simulado,sim-2026-09
32b7ea6b-155c-5cae-a5a4-ee1fbb97e92f,TI-03_20260904_0018.jpg,2026-09-04 08:36:12,TI-03,drone,saudavel,saudavel,0.9628,agrosmart-v1,simulado,sim-2026-09
192d537b-aac1-5015-b315-5866e0f5eba9,SC-03_20260904_0020.jpg,2026-09-04 08:36:21,SC-03,smartphone,saudavel,saudavel,0.9739,agrosmart-v1,simulado,sim-2026-09
aa5f2c0d-1349-5364-90d9-518488f528b0,BV-01_20260904_0029.jpg,2026-09-04 08:36:24,BV-01,smartphone,saudavel,saudavel,0.9327,agrosmart-v1,simulado,sim-2026-09
bea5ad4c-a643-51d5-b82c-12f812969fc9,TI-01_20260904_0002.jpg,2026-09-04 08:36:32,TI-01,drone,saudavel,saudavel,0.9873,agrosmart-v1,simulado,sim-2026-09
dff98c74-6649-598d-8613-122d53e20b0c,BV-01_20260904_0030.jpg,2026-09-04 08:37:01,BV-01,smartphone,saudavel,saudavel,1.0000,agrosmart-v1,simulado,sim-2026-09
394356b0-929b-598a-9eb5-24ee48e8d05f,TI-03_20260904_0019.jpg,2026-09-04 08:37:07,TI-03,drone,saudavel,saudavel,0.9928,agrosmart-v1,simulado,sim-2026-09
d2148463-ac3e-5309-a7e9-9cc6052e6ed3,TI-01_20260904_0003.jpg,2026-09-04 08:37:09,TI-01,drone,saudavel,saudavel,0.9724,agrosmart-v1,simulado,sim-2026-09
3c74c5c4-0a2d-55fd-856c-c870c48ad9cb,SC-03_20260904_0021.jpg,2026-09-04 08:37:10,SC-03,smartphone,saudavel,saudavel,0.9913,agrosmart-v1,simulado,sim-2026-09
5d8faaaa-d17d-5a83-9cc0-7b2983f84e2f,TI-03_20260904_0020.jpg,2026-09-04 08:37:45,TI-03,drone,saudavel,saudavel,0.8326,agrosmart-v1,simulado,sim-2026-09
e69b03ee-07f9-5761-b771-f6ce8b2d66d4,TI-01_20260904_0004.jpg,2026-09-04 08:37:55,TI-01,drone,saudavel,saudavel,0.9882,agrosmart-v1,simulado,sim-2026-09
90159b5d-8f43-5955-ac66-763420781dd5,SC-03_20260904_0022.jpg,2026-09-04 08:37:58,SC-03,smartphone,saudavel,saudavel,0.9079,agrosmart-v1,simulado,sim-2026-09
22cde06e-2fd4-5c40-b69a-b7f226f63470,TI-03_20260904_0021.jpg,2026-09-04 08:38:04,TI-03,drone,saudavel,saudavel,0.9860,agrosmart-v1,simulado,sim-2026-09
57a656c6-8a78-511a-a841-9d9b550cc63d,TI-01_20260904_0005.jpg,2026-09-04 08:38:25,TI-01,drone,saudavel,saudavel,0.8737,agrosmart-v1,simulado,sim-2026-09
d9a56dcb-e5f4-575c-83c4-31e8de2652b8,SC-03_20260904_0023.jpg,2026-09-04 08:38:36,SC-03,smartphone,saudavel,saudavel,0.8728,agrosmart-v1,simulado,sim-2026-09
e3f1102d-826e-5d12-94f0-b0ecaf3c3ad6,TI-03_20260904_0022.jpg,2026-09-04 08:38:59,TI-03,drone,doente,pinta_preta,0.6883,agrosmart-v1,simulado,sim-2026-09
13e1b403-aac1-5785-9104-59975e8cf860,TI-01_20260904_0006.jpg,2026-09-04 08:39:03,TI-01,drone,doente,vaquinha,0.9910,agrosmart-v1,simulado,sim-2026-09
2f857964-7863-50c6-b602-a5d1d75a45ad,TI-03_20260904_0023.jpg,2026-09-04 08:39:20,TI-03,drone,saudavel,saudavel,0.9152,agrosmart-v1,simulado,sim-2026-09
37fb69a2-c5e9-5d77-a591-00730f4b1348,SC-03_20260904_0024.jpg,2026-09-04 08:39:21,SC-03,smartphone,saudavel,saudavel,0.9043,agrosmart-v1,simulado,sim-2026-09
387a68e3-abe0-5f0a-9f3c-62a947b620bb,TI-01_20260904_0007.jpg,2026-09-04 08:40:10,TI-01,drone,saudavel,saudavel,0.9992,agrosmart-v1,simulado,sim-2026-09
06115087-8a63-5e50-b72c-c8284941ed27,TI-03_20260904_0024.jpg,2026-09-04 08:40:23,TI-03,drone,saudavel,saudavel,0.9486,agrosmart-v1,simulado,sim-2026-09
bdf856cd-15a7-54f9-95db-24f34b9f3a53,TI-01_20260904_0008.jpg,2026-09-04 08:40:39,TI-01,drone,saudavel,saudavel,0.9999,agrosmart-v1,simulado,sim-2026-09
8cd7ef6d-007f-55d0-ac73-fbefcd5f8f3f,TI-03_20260904_0025.jpg,2026-09-04 08:41:09,TI-03,drone,saudavel,saudavel,0.8744,agrosmart-v1,simulado,sim-2026-09
15271537-d373-5b32-be4f-7f11eeadee5a,TI-01_20260904_0009.jpg,2026-09-04 08:41:20,TI-01,drone,saudavel,saudavel,0.9069,agrosmart-v1,simulado,sim-2026-09
69ba8aa8-2666-5b90-9654-577304774c29,TI-03_20260904_0026.jpg,2026-09-04 08:41:45,TI-03,drone,saudavel,saudavel,0.8428,agrosmart-v1,simulado,sim-2026-09
5da12a86-eaaf-5a4a-ae40-ab14e03b3971,TI-01_20260904_0010.jpg,2026-09-04 08:41:48,TI-01,drone,doente,pinta_preta,0.8345,agrosmart-v1,simulado,sim-2026-09
f93854a8-3739-5a09-8709-dbe3ceb06666,TI-03_20260904_0027.jpg,2026-09-04 08:42:07,TI-03,drone,saudavel,saudavel,0.9041,agrosmart-v1,simulado,sim-2026-09
f76441d7-22b1-5d86-abfa-8e2a5def627c,TI-01_20260904_0011.jpg,2026-09-04 08:42:26,TI-01,drone,saudavel,saudavel,0.9998,agrosmart-v1,simulado,sim-2026-09
ba40144b-53f4-52f8-b966-2eda6e6bda3a,TI-01_20260904_0012.jpg,2026-09-04 08:43:00,TI-01,drone,saudavel,saudavel,0.8728,agrosmart-v1,simulado,sim-2026-09
4dcc27f0-af28-5099-a9c9-b1104a3d1c11,TI-03_20260904_0028.jpg,2026-09-04 08:43:08,TI-03,drone,saudavel,saudavel,0.9717,agrosmart-v1,simulado,sim-2026-09
c8eb95a1-dcb2-5de2-abb0-bac90eda67a9,TI-03_20260904_0029.jpg,2026-09-04 08:43:36,TI-03,drone,saudavel,saudavel,0.9298,agrosmart-v1,simulado,sim-2026-09
3ae3e5c6-3aba-5b85-a507-e7a28fd7d8f4,TI-01_20260904_0013.jpg,2026-09-04 08:44:04,TI-01,drone,saudavel,saudavel,0.9855,agrosmart-v1,simulado,sim-2026-09
2c3b2847-a147-5961-b10d-0942bf66a60c,TI-03_20260904_0030.jpg,2026-09-04 08:44:13,TI-03,drone,saudavel,saudavel,0.9968,agrosmart-v1,simulado,sim-2026-09
d6964103-53d2-5aa4-a85b-b3653cf1eb3b,TI-01_20260904_0014.jpg,2026-09-04 08:44:50,TI-01,drone,saudavel,saudavel,0.8819,agrosmart-v1,simulado,sim-2026-09
b98d4d8a-e26d-594d-a9b6-80799e3a46f0,TI-01_20260904_0015.jpg,2026-09-04 08:45:24,TI-01,drone,saudavel,saudavel,0.8788,agrosmart-v1,simulado,sim-2026-09
a0611605-63e3-5309-907c-82e15f4148bf,TI-01_20260904_0016.jpg,2026-09-04 08:46:01,TI-01,drone,saudavel,saudavel,0.9524,agrosmart-v1,simulado,sim-2026-09
c2a01a33-f566-5539-8502-78c1245b9482,TI-01_20260904_0017.jpg,2026-09-04 08:46:41,TI-01,drone,saudavel,saudavel,0.9031,agrosmart-v1,simulado,sim-2026-09
7fcac516-f2f8-53fb-a943-10222370fb22,TI-01_20260904_0018.jpg,2026-09-04 08:47:23,TI-01,drone,saudavel,saudavel,1.0000,agrosmart-v1,simulado,sim-2026-09
083334df-eb14-5c95-9eae-d445f6097686,TI-01_20260904_0019.jpg,2026-09-04 08:47:58,TI-01,drone,saudavel,saudavel,0.9077,agrosmart-v1,simulado,sim-2026-09
cdd2b311-d27e-5aa6-bb48-8942bfd94873,TI-01_20260904_0020.jpg,2026-09-04 08:48:23,TI-01,drone,saudavel,saudavel,0.9219,agrosmart-v1,simulado,sim-2026-09
dfd8e141-cf82-558b-a326-d82bd0a310c3,TI-01_20260904_0021.jpg,2026-09-04 08:49:15,TI-01,drone,saudavel,saudavel,0.9077,agrosmart-v1,simulado,sim-2026-09
64bebfff-e3b4-5332-b4a8-412f8ef5e1fd,TI-01_20260904_0022.jpg,2026-09-04 08:49:49,TI-01,drone,saudavel,saudavel,0.9982,agrosmart-v1,simulado,sim-2026-09
f1c878a8-6d8b-5e32-8946-b8200610a185,TI-01_20260904_0023.jpg,2026-09-04 08:50:33,TI-01,drone,saudavel,saudavel,0.9445,agrosmart-v1,simulado,sim-2026-09
4555531d-2476-5d97-b01a-5729c6d72b97,TI-01_20260904_0024.jpg,2026-09-04 08:51:25,TI-01,drone,saudavel,saudavel,0.8684,agrosmart-v1,simulado,sim-2026-09
3d57a639-29ec-577f-8ed4-fa550996eaf5,TI-01_20260904_0025.jpg,2026-09-04 08:51:47,TI-01,drone,saudavel,saudavel,0.9208,agrosmart-v1,simulado,sim-2026-09
b4ef42dc-6003-555c-a5d5-1119a14b6bba,TI-01_20260904_0026.jpg,2026-09-04 08:52:34,TI-01,drone,saudavel,saudavel,0.9191,agrosmart-v1,simulado,sim-2026-09
c0f15061-ff04-5392-a2ae-9d1fe21b4750,TI-01_20260904_0027.jpg,2026-09-04 08:53:24,TI-01,drone,saudavel,saudavel,0.9426,agrosmart-v1,simulado,sim-2026-09
85391722-b737-5174-aa54-1aabc47cdf5f,TI-01_20260904_0028.jpg,2026-09-04 08:53:51,TI-01,drone,saudavel,saudavel,0.9872,agrosmart-v1,simulado,sim-2026-09
af7600db-03ea-5fa8-9a47-3cb2044c110e,SC-04_20260904_0001.jpg,2026-09-04 08:54:10,SC-04,smartphone,saudavel,saudavel,0.9676,agrosmart-v1,simulado,sim-2026-09
5f0e15f6-f255-58a8-a8c7-7b29572a5216,TI-01_20260904_0029.jpg,2026-09-04 08:54:20,TI-01,drone,saudavel,saudavel,0.9816,agrosmart-v1,simulado,sim-2026-09
d3fdad46-5293-55f2-9426-a42b5f6dc5fe,SC-04_20260904_0002.jpg,2026-09-04 08:54:35,SC-04,smartphone,saudavel,saudavel,0.9954,agrosmart-v1,simulado,sim-2026-09
213a4dc7-8eb9-57a3-b681-c2113f3a88b3,SC-04_20260904_0003.jpg,2026-09-04 08:55:05,SC-04,smartphone,saudavel,saudavel,0.9451,agrosmart-v1,simulado,sim-2026-09
b92df2e5-c84d-5acc-9230-06142cbd3e9f,TI-01_20260904_0030.jpg,2026-09-04 08:55:12,TI-01,drone,saudavel,saudavel,0.9965,agrosmart-v1,simulado,sim-2026-09
b251dc5d-7388-5d8c-80f2-9bd6b7dbf5e2,SC-04_20260904_0004.jpg,2026-09-04 08:55:53,SC-04,smartphone,saudavel,saudavel,0.9837,agrosmart-v1,simulado,sim-2026-09
c710277e-5db0-5871-8e58-eba2c4922725,TI-01_20260904_0031.jpg,2026-09-04 08:55:54,TI-01,drone,saudavel,saudavel,0.7524,agrosmart-v1,simulado,sim-2026-09
5c99abf4-d68b-5504-a589-c76aeb77a235,TI-01_20260904_0032.jpg,2026-09-04 08:56:32,TI-01,drone,saudavel,saudavel,0.8284,agrosmart-v1,simulado,sim-2026-09
e038ddf6-0897-5bf4-88cf-276d9e506699,SC-04_20260904_0005.jpg,2026-09-04 08:56:35,SC-04,smartphone,saudavel,saudavel,0.8573,agrosmart-v1,simulado,sim-2026-09
52d43a1b-8ddb-59b9-801b-01381b82bf5d,SC-04_20260904_0006.jpg,2026-09-04 08:57:04,SC-04,smartphone,saudavel,saudavel,0.9889,agrosmart-v1,simulado,sim-2026-09
64350b07-9f23-59b5-8eb5-cc70f505e7ff,TI-01_20260904_0033.jpg,2026-09-04 08:57:29,TI-01,drone,saudavel,saudavel,0.9448,agrosmart-v1,simulado,sim-2026-09
c982d3ce-46af-5994-85b9-578490e8546b,SC-04_20260904_0007.jpg,2026-09-04 08:57:42,SC-04,smartphone,saudavel,saudavel,0.9306,agrosmart-v1,simulado,sim-2026-09
d9a6731d-a1dc-5ebf-9553-0101ccf175ac,TI-01_20260904_0034.jpg,2026-09-04 08:58:06,TI-01,drone,saudavel,saudavel,0.8448,agrosmart-v1,simulado,sim-2026-09
20fca8e8-0e7f-5f65-a2a1-c6e95cb43ae8,TI-01_20260904_0035.jpg,2026-09-04 08:58:29,TI-01,drone,saudavel,saudavel,0.9684,agrosmart-v1,simulado,sim-2026-09
7cbc8a22-d2c4-5c0e-b8db-e6d16bad6e41,SC-04_20260904_0008.jpg,2026-09-04 08:58:32,SC-04,smartphone,saudavel,saudavel,0.9895,agrosmart-v1,simulado,sim-2026-09
ed1d7d95-b7b1-514b-82cc-5b17adf3d328,TI-01_20260904_0036.jpg,2026-09-04 08:59:15,TI-01,drone,saudavel,saudavel,0.9349,agrosmart-v1,simulado,sim-2026-09
1aa9b93e-bbab-5604-9b8c-b0ea0b7ceb47,SC-04_20260904_0009.jpg,2026-09-04 08:59:22,SC-04,smartphone,saudavel,saudavel,0.9949,agrosmart-v1,simulado,sim-2026-09
f9569b3a-a754-5b07-9dd7-53f570c744de,SC-04_20260904_0010.jpg,2026-09-04 08:59:45,SC-04,smartphone,saudavel,saudavel,0.9662,agrosmart-v1,simulado,sim-2026-09
8485eebf-8146-50e5-9308-bd35694aadb9,TI-01_20260904_0037.jpg,2026-09-04 08:59:56,TI-01,drone,saudavel,saudavel,0.9157,agrosmart-v1,simulado,sim-2026-09
0dcd31d8-fd8d-5fb2-8882-0b45bf4d5fcd,SC-04_20260904_0011.jpg,2026-09-04 09:00:25,SC-04,smartphone,saudavel,saudavel,0.9558,agrosmart-v1,simulado,sim-2026-09
38d123db-970d-57d0-b5c7-d1cb740436fb,TI-01_20260904_0038.jpg,2026-09-04 09:00:33,TI-01,drone,saudavel,saudavel,0.9847,agrosmart-v1,simulado,sim-2026-09
de4c4215-24e3-5d05-82f6-4537d2fec824,SC-04_20260904_0012.jpg,2026-09-04 09:01:24,SC-04,smartphone,saudavel,saudavel,0.9989,agrosmart-v1,simulado,sim-2026-09
09906e7e-671d-51d2-b2d5-a7232cfa875b,TI-01_20260904_0039.jpg,2026-09-04 09:01:26,TI-01,drone,saudavel,saudavel,0.9257,agrosmart-v1,simulado,sim-2026-09
9a2e96e2-b14b-54cf-af58-1f447dd23d31,SC-04_20260904_0013.jpg,2026-09-04 09:01:40,SC-04,smartphone,saudavel,saudavel,0.9088,agrosmart-v1,simulado,sim-2026-09
ebd33733-782e-5b86-b897-dfa146742b58,TI-01_20260904_0040.jpg,2026-09-04 09:01:59,TI-01,drone,saudavel,saudavel,0.9512,agrosmart-v1,simulado,sim-2026-09
cebce55b-e735-56a3-a205-3ff17e2498c4,SC-04_20260904_0014.jpg,2026-09-04 09:02:33,SC-04,smartphone,saudavel,saudavel,0.8675,agrosmart-v1,simulado,sim-2026-09
f93573ca-508d-5b54-bc40-87225825851c,TI-01_20260904_0041.jpg,2026-09-04 09:02:45,TI-01,drone,saudavel,saudavel,0.9815,agrosmart-v1,simulado,sim-2026-09
68881d2e-f9cf-567b-a2c2-8f775451a63b,TI-01_20260904_0042.jpg,2026-09-04 09:03:16,TI-01,drone,saudavel,saudavel,0.9414,agrosmart-v1,simulado,sim-2026-09
d331dd9c-06c0-53de-9fca-3b6baa583d8f,SC-04_20260904_0015.jpg,2026-09-04 09:03:19,SC-04,smartphone,saudavel,saudavel,0.9964,agrosmart-v1,simulado,sim-2026-09
a7384e2e-b736-5362-a0d7-990cbad126d6,TI-01_20260904_0043.jpg,2026-09-04 09:03:45,TI-01,drone,saudavel,saudavel,0.9774,agrosmart-v1,simulado,sim-2026-09
66879d62-fba7-5f9b-a9bb-8715cfef0969,SC-04_20260904_0016.jpg,2026-09-04 09:03:53,SC-04,smartphone,saudavel,saudavel,0.9860,agrosmart-v1,simulado,sim-2026-09
a489fe1c-6337-5ece-8af9-c768d8e981c6,SC-04_20260904_0017.jpg,2026-09-04 09:04:25,SC-04,smartphone,saudavel,saudavel,0.9802,agrosmart-v1,simulado,sim-2026-09
654539b5-2ddf-57dd-954c-af8935c56638,TI-01_20260904_0044.jpg,2026-09-04 09:04:48,TI-01,drone,saudavel,saudavel,0.8627,agrosmart-v1,simulado,sim-2026-09
250c4759-7e61-5f4f-a84e-511c4d403dff,TI-01_20260904_0045.jpg,2026-09-04 09:05:25,TI-01,drone,saudavel,saudavel,0.9343,agrosmart-v1,simulado,sim-2026-09
b015a1ab-82f4-5f30-9b45-df7e5a34aca0,SC-04_20260904_0018.jpg,2026-09-04 09:05:29,SC-04,smartphone,saudavel,saudavel,0.9804,agrosmart-v1,simulado,sim-2026-09
1eedd056-1479-57b6-8d1e-1feb9e95213f,SC-04_20260904_0019.jpg,2026-09-04 09:05:48,SC-04,smartphone,saudavel,saudavel,0.8413,agrosmart-v1,simulado,sim-2026-09
2b20c37f-e274-54ae-adfe-f38fb6c1be14,SC-04_20260904_0020.jpg,2026-09-04 09:06:35,SC-04,smartphone,saudavel,saudavel,0.9625,agrosmart-v1,simulado,sim-2026-09
553afba3-7899-55f4-8f92-cbf12bab7221,SC-01_20260904_0001.jpg,2026-09-04 09:06:59,SC-01,smartphone,saudavel,saudavel,0.9956,agrosmart-v1,simulado,sim-2026-09
ca55c6bd-da09-5846-a1b5-d932fc843fac,SC-04_20260904_0021.jpg,2026-09-04 09:07:08,SC-04,smartphone,saudavel,saudavel,0.9038,agrosmart-v1,simulado,sim-2026-09
93d18838-8c0e-52c6-b8f8-9ae85ef8def5,SC-04_20260904_0022.jpg,2026-09-04 09:07:42,SC-04,smartphone,saudavel,saudavel,0.9978,agrosmart-v1,simulado,sim-2026-09
676442ab-847f-5a76-b50c-fb795f97e01c,SC-01_20260904_0002.jpg,2026-09-04 09:07:43,SC-01,smartphone,saudavel,saudavel,0.8274,agrosmart-v1,simulado,sim-2026-09
f184849c-f48d-5a17-890b-9ec8d560c4a5,SC-01_20260904_0003.jpg,2026-09-04 09:08:27,SC-01,smartphone,saudavel,saudavel,0.8747,agrosmart-v1,simulado,sim-2026-09
cf8eaa3d-684b-5e72-b47f-e9f719eda925,SC-04_20260904_0023.jpg,2026-09-04 09:08:38,SC-04,smartphone,saudavel,saudavel,0.8723,agrosmart-v1,simulado,sim-2026-09
2105837e-dcdc-5af5-b898-2aff35bd2c98,SC-01_20260904_0004.jpg,2026-09-04 09:09:09,SC-01,smartphone,saudavel,saudavel,0.8227,agrosmart-v1,simulado,sim-2026-09
a2c88baf-8006-5488-ab0e-3771a9242d75,SC-04_20260904_0024.jpg,2026-09-04 09:09:09,SC-04,smartphone,saudavel,saudavel,0.8391,agrosmart-v1,simulado,sim-2026-09
1a67c855-4da7-5a72-8431-be369330eba4,SC-01_20260904_0005.jpg,2026-09-04 09:09:20,SC-01,smartphone,doente,vaquinha,0.9828,agrosmart-v1,simulado,sim-2026-09
9b33b610-e717-5ef8-b153-a43794bdea0f,SC-04_20260904_0025.jpg,2026-09-04 09:09:52,SC-04,smartphone,saudavel,saudavel,0.8756,agrosmart-v1,simulado,sim-2026-09
a54edb37-3f6a-5321-b9a7-c26f4d9d74e2,SC-04_20260904_0026.jpg,2026-09-04 09:10:21,SC-04,smartphone,saudavel,saudavel,0.9827,agrosmart-v1,simulado,sim-2026-09
740f3e09-d275-52ff-b6dc-54ac7cc83936,SC-01_20260904_0006.jpg,2026-09-04 09:10:24,SC-01,smartphone,saudavel,saudavel,0.9883,agrosmart-v1,simulado,sim-2026-09
78a552f7-5e37-564a-a9d4-258f203cbff1,SC-01_20260904_0007.jpg,2026-09-04 09:11:08,SC-01,smartphone,saudavel,saudavel,0.9394,agrosmart-v1,simulado,sim-2026-09
1a4466a1-f796-5af8-ad44-5860bd4002ce,SC-04_20260904_0027.jpg,2026-09-04 09:11:21,SC-04,smartphone,saudavel,saudavel,0.8311,agrosmart-v1,simulado,sim-2026-09
2757a39a-de71-54df-b04b-987fc86cc38b,SC-01_20260904_0008.jpg,2026-09-04 09:11:29,SC-01,smartphone,saudavel,saudavel,0.8721,agrosmart-v1,simulado,sim-2026-09
d571810d-cd3d-5732-8b90-202823b288de,SC-04_20260904_0028.jpg,2026-09-04 09:12:03,SC-04,smartphone,saudavel,saudavel,0.8231,agrosmart-v1,simulado,sim-2026-09
5b9b1ea3-ad32-5fc5-9709-eb5a6a92a30c,SC-01_20260904_0009.jpg,2026-09-04 09:12:17,SC-01,smartphone,saudavel,saudavel,0.7785,agrosmart-v1,simulado,sim-2026-09
ab3031a5-4f34-5c66-9dc7-0754ae6b1cbc,SC-01_20260904_0010.jpg,2026-09-04 09:12:55,SC-01,smartphone,saudavel,saudavel,0.9266,agrosmart-v1,simulado,sim-2026-09
c9d408a9-c895-56c4-9be7-051a1491271a,SC-01_20260904_0011.jpg,2026-09-04 09:13:33,SC-01,smartphone,saudavel,saudavel,0.8688,agrosmart-v1,simulado,sim-2026-09
23c452d1-1345-5066-9b1f-489ffaa91b43,SC-01_20260904_0012.jpg,2026-09-04 09:14:06,SC-01,smartphone,saudavel,saudavel,0.9996,agrosmart-v1,simulado,sim-2026-09
edc27fea-c2c2-5896-8736-5b80c7a187af,SC-01_20260904_0013.jpg,2026-09-04 09:15:07,SC-01,smartphone,saudavel,saudavel,0.9978,agrosmart-v1,simulado,sim-2026-09
98ab56de-3320-548d-9805-0604721d9fa0,SC-01_20260904_0014.jpg,2026-09-04 09:15:37,SC-01,smartphone,saudavel,saudavel,0.9677,agrosmart-v1,simulado,sim-2026-09
f9479c45-a726-5fb4-a92c-143069b7331a,SC-01_20260904_0015.jpg,2026-09-04 09:16:18,SC-01,smartphone,saudavel,saudavel,0.9649,agrosmart-v1,simulado,sim-2026-09
e3367cab-d2b4-5f03-adec-82d726e0d4c6,SC-01_20260904_0016.jpg,2026-09-04 09:16:53,SC-01,smartphone,saudavel,saudavel,0.8374,agrosmart-v1,simulado,sim-2026-09
bc8b7a1e-100f-5809-bb40-bbdb973a83c6,SC-01_20260904_0017.jpg,2026-09-04 09:17:42,SC-01,smartphone,saudavel,saudavel,0.9377,agrosmart-v1,simulado,sim-2026-09
1f48aa43-2e9d-5375-8b5d-dfc9912aa2d9,SC-01_20260904_0018.jpg,2026-09-04 09:18:28,SC-01,smartphone,saudavel,saudavel,0.9739,agrosmart-v1,simulado,sim-2026-09
eb392d8f-0735-5ab5-adbd-7c9cc2876309,SC-01_20260904_0019.jpg,2026-09-04 09:18:50,SC-01,smartphone,saudavel,saudavel,0.9243,agrosmart-v1,simulado,sim-2026-09
90d5148c-d157-5f65-ad91-725001a1486f,SC-01_20260904_0020.jpg,2026-09-04 09:19:34,SC-01,smartphone,saudavel,saudavel,0.9396,agrosmart-v1,simulado,sim-2026-09
d60a2343-d829-58ba-89fc-95cd374da4dc,SC-01_20260904_0021.jpg,2026-09-04 09:20:27,SC-01,smartphone,saudavel,saudavel,0.7343,agrosmart-v1,simulado,sim-2026-09
9805bbc9-0c52-5511-99ba-f042965de137,SC-01_20260904_0022.jpg,2026-09-04 09:21:07,SC-01,smartphone,saudavel,saudavel,0.9405,agrosmart-v1,simulado,sim-2026-09
d389ee53-5896-5e37-a59f-733fbffbf73a,SC-01_20260904_0023.jpg,2026-09-04 09:21:31,SC-01,smartphone,doente,mosca_minadora,0.9658,agrosmart-v1,simulado,sim-2026-09
8b0aa407-b343-5f66-b84c-94e7a5919981,SC-01_20260904_0024.jpg,2026-09-04 09:22:25,SC-01,smartphone,saudavel,saudavel,0.9371,agrosmart-v1,simulado,sim-2026-09
cd5683aa-b7cf-5976-9574-5816f145cb1b,SC-01_20260904_0025.jpg,2026-09-04 09:22:53,SC-01,smartphone,saudavel,saudavel,0.9212,agrosmart-v1,simulado,sim-2026-09
3c59e9f4-af94-5f44-8aae-8f5ea44285ac,SC-01_20260904_0026.jpg,2026-09-04 09:23:45,SC-01,smartphone,saudavel,saudavel,0.8320,agrosmart-v1,simulado,sim-2026-09
35d0b9f7-1fc2-55d5-95c2-f77bc83d6a1e,SC-01_20260904_0027.jpg,2026-09-04 09:24:03,SC-01,smartphone,saudavel,saudavel,0.9773,agrosmart-v1,simulado,sim-2026-09
a4e64ecb-0c95-58c1-8a34-aeb201f512e2,SC-01_20260904_0028.jpg,2026-09-04 09:25:07,SC-01,smartphone,saudavel,saudavel,0.8459,agrosmart-v1,simulado,sim-2026-09
a03df0d6-eeab-5928-bd2a-f2279f8461b4,SC-01_20260904_0029.jpg,2026-09-04 09:25:31,SC-01,smartphone,saudavel,saudavel,0.8988,agrosmart-v1,simulado,sim-2026-09
25a8f8f8-6f49-5f5b-b878-6af3761f6062,SC-01_20260904_0030.jpg,2026-09-04 09:26:11,SC-01,smartphone,saudavel,saudavel,0.9857,agrosmart-v1,simulado,sim-2026-09
b78614b8-2b97-5f67-b042-5e4559c436b4,SC-01_20260904_0031.jpg,2026-09-04 09:26:41,SC-01,smartphone,saudavel,saudavel,0.8893,agrosmart-v1,simulado,sim-2026-09
782adef3-565a-5bc8-b9b6-b1230ae81b1c,SC-01_20260904_0032.jpg,2026-09-04 09:27:48,SC-01,smartphone,saudavel,saudavel,0.9622,agrosmart-v1,simulado,sim-2026-09
96767346-c5cc-5e79-81d2-5fcc66e7ed47,SC-01_20260904_0033.jpg,2026-09-04 09:28:11,SC-01,smartphone,saudavel,saudavel,0.9286,agrosmart-v1,simulado,sim-2026-09
1759d85d-8499-5a82-a03c-2b2ed038d31e,TI-04_20260904_0001.jpg,2026-09-04 09:28:58,TI-04,drone,saudavel,saudavel,0.9704,agrosmart-v1,simulado,sim-2026-09
ab059d9d-3d67-5321-bc02-79397e49daef,SC-01_20260904_0034.jpg,2026-09-04 09:29:10,SC-01,smartphone,saudavel,saudavel,0.8430,agrosmart-v1,simulado,sim-2026-09
3fb0a6d8-490a-5e96-afa7-0947191d05b6,SC-01_20260904_0035.jpg,2026-09-04 09:29:31,SC-01,smartphone,saudavel,saudavel,0.9796,agrosmart-v1,simulado,sim-2026-09
4ebd9b97-cf36-5e3a-b4b4-f843f14892ce,TI-04_20260904_0002.jpg,2026-09-04 09:29:40,TI-04,drone,saudavel,saudavel,0.9948,agrosmart-v1,simulado,sim-2026-09
b992800b-1dc8-539e-90c6-1a9d79d48598,TI-04_20260904_0003.jpg,2026-09-04 09:30:22,TI-04,drone,saudavel,saudavel,0.9697,agrosmart-v1,simulado,sim-2026-09
468de658-a7d4-5e75-aab4-60a097e09f3d,TI-04_20260904_0004.jpg,2026-09-04 09:31:04,TI-04,drone,saudavel,saudavel,0.9997,agrosmart-v1,simulado,sim-2026-09
be67ec3c-e961-564f-ae0a-f5a5bdfe8095,TI-04_20260904_0005.jpg,2026-09-04 09:31:23,TI-04,drone,saudavel,saudavel,0.9313,agrosmart-v1,simulado,sim-2026-09
113c66a8-66e9-530a-a05e-86a627b8bed9,TI-04_20260904_0006.jpg,2026-09-04 09:32:25,TI-04,drone,saudavel,saudavel,0.9241,agrosmart-v1,simulado,sim-2026-09
ea740d2a-c5a0-5836-8332-b30dfdaf704d,TI-04_20260904_0007.jpg,2026-09-04 09:32:48,TI-04,drone,saudavel,saudavel,0.9709,agrosmart-v1,simulado,sim-2026-09
1372758f-e583-5daf-82d5-f95d31acd6ce,TI-04_20260904_0008.jpg,2026-09-04 09:33:44,TI-04,drone,saudavel,saudavel,0.9686,agrosmart-v1,simulado,sim-2026-09
92d80b60-de43-5b50-b9bb-585a650ff85c,TI-04_20260904_0009.jpg,2026-09-04 09:34:22,TI-04,drone,saudavel,saudavel,0.9816,agrosmart-v1,simulado,sim-2026-09
2b95d44c-3b00-5eda-9aae-5bb0a089f86f,TI-04_20260904_0010.jpg,2026-09-04 09:35:05,TI-04,drone,saudavel,saudavel,0.9649,agrosmart-v1,simulado,sim-2026-09
571c1e34-185f-588f-abfb-7c8b7cd0cf67,TI-04_20260904_0011.jpg,2026-09-04 09:35:27,TI-04,drone,saudavel,saudavel,0.9629,agrosmart-v1,simulado,sim-2026-09
11864788-1ca0-5a20-885b-cd676150c9f5,TI-04_20260904_0012.jpg,2026-09-04 09:36:03,TI-04,drone,saudavel,saudavel,0.9518,agrosmart-v1,simulado,sim-2026-09
8e3fa3d0-16c8-50a9-b954-3a93c7a8e7ef,TI-04_20260904_0013.jpg,2026-09-04 09:36:44,TI-04,drone,saudavel,saudavel,0.9074,agrosmart-v1,simulado,sim-2026-09
4492d927-4bfe-5efc-8f9a-b27a37572bff,TI-04_20260904_0014.jpg,2026-09-04 09:37:39,TI-04,drone,saudavel,saudavel,0.9737,agrosmart-v1,simulado,sim-2026-09
22b68778-f774-5ea8-b102-0498e7ad80a4,TI-04_20260904_0015.jpg,2026-09-04 09:38:00,TI-04,drone,saudavel,saudavel,0.9991,agrosmart-v1,simulado,sim-2026-09
047fea51-68fc-557e-b0e1-7e6479589db2,TI-04_20260904_0016.jpg,2026-09-04 09:39:10,TI-04,drone,saudavel,saudavel,0.9708,agrosmart-v1,simulado,sim-2026-09
2487fd45-b414-5ea3-b7a5-1208c1c4d637,TI-04_20260904_0017.jpg,2026-09-04 09:39:42,TI-04,drone,saudavel,saudavel,0.9957,agrosmart-v1,simulado,sim-2026-09
164013d3-537f-51be-b07f-9f0cddaef5a4,TI-04_20260904_0018.jpg,2026-09-04 09:40:00,TI-04,drone,saudavel,saudavel,0.9996,agrosmart-v1,simulado,sim-2026-09
138fb91b-82db-5e14-bbd6-76e9635d3b96,TI-04_20260904_0019.jpg,2026-09-04 09:40:48,TI-04,drone,saudavel,saudavel,0.9350,agrosmart-v1,simulado,sim-2026-09
695f41a2-5f44-5562-b803-21ee88d9d4fe,TI-04_20260904_0020.jpg,2026-09-04 09:41:31,TI-04,drone,saudavel,saudavel,0.9321,agrosmart-v1,simulado,sim-2026-09
d72d36e7-0471-560e-90b1-cd4785c72489,TI-04_20260904_0021.jpg,2026-09-04 09:42:15,TI-04,drone,saudavel,saudavel,0.8256,agrosmart-v1,simulado,sim-2026-09
ac075790-0005-537e-8b36-1ce172cd23cc,TI-04_20260904_0022.jpg,2026-09-04 09:42:52,TI-04,drone,saudavel,saudavel,0.9650,agrosmart-v1,simulado,sim-2026-09
a1071bc3-bbf1-5a2d-be55-7a334337883a,TI-04_20260904_0023.jpg,2026-09-04 09:43:29,TI-04,drone,saudavel,saudavel,0.9854,agrosmart-v1,simulado,sim-2026-09
9960e334-7371-56e5-8013-129dd7461250,TI-04_20260904_0024.jpg,2026-09-04 09:44:03,TI-04,drone,saudavel,saudavel,0.9782,agrosmart-v1,simulado,sim-2026-09
e7c87ab1-e665-5e85-aef6-576b09761d82,TI-04_20260904_0025.jpg,2026-09-04 09:44:47,TI-04,drone,saudavel,saudavel,0.6504,agrosmart-v1,simulado,sim-2026-09
c8ff00f7-1de0-5257-8e9e-abda64413fab,TI-04_20260904_0026.jpg,2026-09-04 09:45:37,TI-04,drone,saudavel,saudavel,0.8749,agrosmart-v1,simulado,sim-2026-09
6b11f396-ce68-5eca-9f80-df3b8453d182,TI-04_20260904_0027.jpg,2026-09-04 09:46:20,TI-04,drone,saudavel,saudavel,0.8610,agrosmart-v1,simulado,sim-2026-09
4bd85113-d888-5c08-9619-b71b695bb0e2,TI-04_20260904_0028.jpg,2026-09-04 09:46:56,TI-04,drone,doente,pinta_preta,0.9251,agrosmart-v1,simulado,sim-2026-09
2bb58fb7-3f7f-5c44-9dee-c7fd4de88acf,TI-04_20260904_0029.jpg,2026-09-04 09:47:44,TI-04,drone,doente,pinta_preta,0.8988,agrosmart-v1,simulado,sim-2026-09
e67d6bd8-4b72-572c-9369-c1bb7b6f9385,TI-04_20260904_0030.jpg,2026-09-04 09:48:01,TI-04,drone,saudavel,saudavel,0.9997,agrosmart-v1,simulado,sim-2026-09
470ab488-e9d4-5f84-aaa5-eadca2d3e9f7,TI-04_20260904_0031.jpg,2026-09-04 09:48:58,TI-04,drone,saudavel,saudavel,0.9188,agrosmart-v1,simulado,sim-2026-09
dde9f48c-e05d-59cf-ac15-79aba1fc5662,TI-04_20260904_0032.jpg,2026-09-04 09:49:50,TI-04,drone,saudavel,saudavel,0.8513,agrosmart-v1,simulado,sim-2026-09
c0ce6c36-6896-592a-b962-38a6c2c437be,TI-04_20260904_0033.jpg,2026-09-04 09:50:21,TI-04,drone,saudavel,saudavel,0.9913,agrosmart-v1,simulado,sim-2026-09
cfabb23b-7a62-585e-873f-3358331e1057,TI-04_20260904_0034.jpg,2026-09-04 09:51:05,TI-04,drone,saudavel,saudavel,0.9936,agrosmart-v1,simulado,sim-2026-09
7e85b152-8394-58f9-819a-a647561c4fd1,TI-04_20260904_0035.jpg,2026-09-04 09:51:25,TI-04,drone,saudavel,saudavel,0.9628,agrosmart-v1,simulado,sim-2026-09
56ad0dc7-5c3e-529e-8063-37588e070318,BV-04_20260904_0001.jpg,2026-09-04 09:55:55,BV-04,smartphone,saudavel,saudavel,0.9412,agrosmart-v1,simulado,sim-2026-09
cd4a3e49-880c-5ae3-ab80-f7d9604be25e,BV-04_20260904_0002.jpg,2026-09-04 09:56:20,BV-04,smartphone,saudavel,saudavel,0.9234,agrosmart-v1,simulado,sim-2026-09
18f8a751-0340-508e-8b31-164ffae14d15,BV-04_20260904_0003.jpg,2026-09-04 09:57:11,BV-04,smartphone,saudavel,saudavel,0.9771,agrosmart-v1,simulado,sim-2026-09
459bf515-e99a-54aa-b3a5-b13925b86719,BV-04_20260904_0004.jpg,2026-09-04 09:58:06,BV-04,smartphone,saudavel,saudavel,0.9983,agrosmart-v1,simulado,sim-2026-09
4906ed20-f370-53cf-9629-7df38633b353,BV-04_20260904_0005.jpg,2026-09-04 09:58:42,BV-04,smartphone,saudavel,saudavel,0.9911,agrosmart-v1,simulado,sim-2026-09
e7b96914-66d8-5ae9-85f5-602ea01f8784,SC-02_20260904_0001.jpg,2026-09-04 09:58:52,SC-02,smartphone,saudavel,saudavel,0.8647,agrosmart-v1,simulado,sim-2026-09
9d816c49-9113-52ff-ab4c-3377a0860164,BV-04_20260904_0006.jpg,2026-09-04 09:59:05,BV-04,smartphone,saudavel,saudavel,0.9998,agrosmart-v1,simulado,sim-2026-09
6a280b05-3512-5ed4-ba3c-a6cca4cb5aa5,SC-02_20260904_0002.jpg,2026-09-04 09:59:33,SC-02,smartphone,saudavel,saudavel,0.9742,agrosmart-v1,simulado,sim-2026-09
1bbb1aed-7af0-554d-91ee-43edcbca3273,BV-04_20260904_0007.jpg,2026-09-04 09:59:44,BV-04,smartphone,saudavel,saudavel,0.9635,agrosmart-v1,simulado,sim-2026-09
351271de-c5df-5cc3-a81f-70d4bab0331c,SC-02_20260904_0003.jpg,2026-09-04 10:00:30,SC-02,smartphone,saudavel,saudavel,0.9333,agrosmart-v1,simulado,sim-2026-09
06734785-2160-55e0-94c0-d2b4c1a5a020,BV-04_20260904_0008.jpg,2026-09-04 10:00:50,BV-04,smartphone,saudavel,saudavel,0.9509,agrosmart-v1,simulado,sim-2026-09
c4fc66a4-1200-5e05-b1f2-2cae7e56d323,SC-02_20260904_0004.jpg,2026-09-04 10:01:00,SC-02,smartphone,saudavel,saudavel,0.9330,agrosmart-v1,simulado,sim-2026-09
92f8c461-b0e2-54fa-826c-428929b5a949,BV-04_20260904_0009.jpg,2026-09-04 10:01:06,BV-04,smartphone,saudavel,saudavel,0.8336,agrosmart-v1,simulado,sim-2026-09
012a9d15-c767-53d4-a483-de4c560f31bc,SC-02_20260904_0005.jpg,2026-09-04 10:01:40,SC-02,smartphone,saudavel,saudavel,0.8871,agrosmart-v1,simulado,sim-2026-09
6e05941e-6782-55f1-9ee6-412bd2d363b9,BV-04_20260904_0010.jpg,2026-09-04 10:01:57,BV-04,smartphone,saudavel,saudavel,0.8840,agrosmart-v1,simulado,sim-2026-09
04ac020a-cd1d-5e24-9d99-a17125888623,SC-02_20260904_0006.jpg,2026-09-04 10:02:13,SC-02,smartphone,saudavel,saudavel,0.8208,agrosmart-v1,simulado,sim-2026-09
830f1804-680a-502c-b759-017d977bdbf3,BV-04_20260904_0011.jpg,2026-09-04 10:02:39,BV-04,smartphone,saudavel,saudavel,0.8509,agrosmart-v1,simulado,sim-2026-09
0c76f711-5038-550c-9721-56ef9504177f,SC-02_20260904_0007.jpg,2026-09-04 10:02:48,SC-02,smartphone,saudavel,saudavel,0.8306,agrosmart-v1,simulado,sim-2026-09
f9e60e20-2336-5592-8e41-454529c7e0a7,BV-04_20260904_0012.jpg,2026-09-04 10:03:29,BV-04,smartphone,saudavel,saudavel,0.9517,agrosmart-v1,simulado,sim-2026-09
5b33f3b8-bd36-5446-ac3b-7adfbbc72e75,BV-04_20260904_0013.jpg,2026-09-04 10:03:46,BV-04,smartphone,saudavel,saudavel,0.9751,agrosmart-v1,simulado,sim-2026-09
c2c59ead-c7ed-5b20-89dc-007a921fdf03,SC-02_20260904_0008.jpg,2026-09-04 10:03:47,SC-02,smartphone,saudavel,saudavel,0.9833,agrosmart-v1,simulado,sim-2026-09
4cf66d27-5df4-514d-8a01-a910b17a1ac9,SC-02_20260904_0009.jpg,2026-09-04 10:04:14,SC-02,smartphone,saudavel,saudavel,0.8387,agrosmart-v1,simulado,sim-2026-09
dc9a017c-7703-5a70-86e6-c8131b3c884f,BV-04_20260904_0014.jpg,2026-09-04 10:04:23,BV-04,smartphone,saudavel,saudavel,0.9748,agrosmart-v1,simulado,sim-2026-09
82db5dfe-565e-586b-9980-28d80c22222a,SC-02_20260904_0010.jpg,2026-09-04 10:05:06,SC-02,smartphone,saudavel,saudavel,0.9635,agrosmart-v1,simulado,sim-2026-09
1083e5b9-6f74-5b9c-907d-39a6056f0103,BV-04_20260904_0015.jpg,2026-09-04 10:05:21,BV-04,smartphone,saudavel,saudavel,0.9785,agrosmart-v1,simulado,sim-2026-09
ae595bfb-31e0-5d41-8e31-8bf92cc6bdc8,SC-02_20260904_0011.jpg,2026-09-04 10:05:28,SC-02,smartphone,saudavel,saudavel,0.9546,agrosmart-v1,simulado,sim-2026-09
8aee3f39-53e4-5517-88a0-25dab68c568b,BV-04_20260904_0016.jpg,2026-09-04 10:05:42,BV-04,smartphone,saudavel,saudavel,0.9047,agrosmart-v1,simulado,sim-2026-09
6ac1bbd1-7f0f-5466-8b1e-3d6bd8c683fa,BV-04_20260904_0017.jpg,2026-09-04 10:06:20,BV-04,smartphone,saudavel,saudavel,0.9660,agrosmart-v1,simulado,sim-2026-09
2895a6e3-dd6b-501f-a277-90a769c54015,SC-02_20260904_0012.jpg,2026-09-04 10:06:20,SC-02,smartphone,saudavel,saudavel,0.9511,agrosmart-v1,simulado,sim-2026-09
573b379d-cc53-5ffb-9bcc-b15ebe44ad2a,SC-02_20260904_0013.jpg,2026-09-04 10:07:04,SC-02,smartphone,saudavel,saudavel,0.8419,agrosmart-v1,simulado,sim-2026-09
50cb0c8c-7883-5add-a6ab-48e45ecca3be,BV-04_20260904_0018.jpg,2026-09-04 10:07:20,BV-04,smartphone,saudavel,saudavel,0.9268,agrosmart-v1,simulado,sim-2026-09
ed708072-7bef-53a5-b642-4761da7e8f9f,SC-02_20260904_0014.jpg,2026-09-04 10:07:45,SC-02,smartphone,saudavel,saudavel,0.9743,agrosmart-v1,simulado,sim-2026-09
bd74561d-11e1-5689-897c-0ce243f172c0,BV-04_20260904_0019.jpg,2026-09-04 10:07:52,BV-04,smartphone,saudavel,saudavel,0.9910,agrosmart-v1,simulado,sim-2026-09
c572e30d-b2d0-5aaa-abe0-d06564ca4461,SC-02_20260904_0015.jpg,2026-09-04 10:08:08,SC-02,smartphone,saudavel,saudavel,0.9486,agrosmart-v1,simulado,sim-2026-09
46b91e13-80d6-5217-a104-7268cfe14f6d,BV-04_20260904_0020.jpg,2026-09-04 10:08:33,BV-04,smartphone,saudavel,saudavel,0.8635,agrosmart-v1,simulado,sim-2026-09
a6e589a3-0af6-51d6-9a95-1900aa375ca5,SC-02_20260904_0016.jpg,2026-09-04 10:08:55,SC-02,smartphone,saudavel,saudavel,0.8937,agrosmart-v1,simulado,sim-2026-09
e06c2b10-22c8-5e85-a89d-1ceb9ea12e83,BV-04_20260904_0021.jpg,2026-09-04 10:09:18,BV-04,smartphone,saudavel,saudavel,0.9669,agrosmart-v1,simulado,sim-2026-09
a1a5acd8-a2fe-5242-86eb-3c31802c7a89,SC-02_20260904_0017.jpg,2026-09-04 10:09:29,SC-02,smartphone,saudavel,saudavel,0.9147,agrosmart-v1,simulado,sim-2026-09
c8e156c4-b1e7-5ac9-b915-f84353e64f1d,BV-04_20260904_0022.jpg,2026-09-04 10:09:58,BV-04,smartphone,saudavel,saudavel,0.9318,agrosmart-v1,simulado,sim-2026-09
2708b9db-a419-56a5-8b07-f062e99bfb8b,SC-02_20260904_0018.jpg,2026-09-04 10:10:08,SC-02,smartphone,saudavel,saudavel,0.9936,agrosmart-v1,simulado,sim-2026-09
e495e5ec-355c-5f58-aeaa-08c1be172467,BV-04_20260904_0023.jpg,2026-09-04 10:10:20,BV-04,smartphone,saudavel,saudavel,0.9798,agrosmart-v1,simulado,sim-2026-09
448c3f14-28df-561a-8ca8-d21a5372fb78,SC-02_20260904_0019.jpg,2026-09-04 10:11:03,SC-02,smartphone,saudavel,saudavel,0.6937,agrosmart-v1,simulado,sim-2026-09
47abbdd3-34dd-5890-a0c3-d36a6cc48142,BV-04_20260904_0024.jpg,2026-09-04 10:11:27,BV-04,smartphone,saudavel,saudavel,0.9949,agrosmart-v1,simulado,sim-2026-09
6c88da44-d98a-506a-9c95-44f51d1ce843,SC-02_20260904_0020.jpg,2026-09-04 10:11:27,SC-02,smartphone,saudavel,saudavel,0.9808,agrosmart-v1,simulado,sim-2026-09
d31ddc24-da63-5caf-9af4-00106264d8c4,BV-04_20260904_0025.jpg,2026-09-04 10:11:51,BV-04,smartphone,saudavel,saudavel,0.9711,agrosmart-v1,simulado,sim-2026-09
4257df7b-bf40-5cd0-bb9c-324f6671652e,SC-02_20260904_0021.jpg,2026-09-04 10:12:30,SC-02,smartphone,saudavel,saudavel,0.9768,agrosmart-v1,simulado,sim-2026-09
5a91d321-a85e-5188-b124-e1d9aa105cae,BV-04_20260904_0026.jpg,2026-09-04 10:12:34,BV-04,smartphone,saudavel,saudavel,0.9410,agrosmart-v1,simulado,sim-2026-09
ac0a29f2-010e-5473-ba37-bb09cc733255,SC-02_20260904_0022.jpg,2026-09-04 10:12:57,SC-02,smartphone,saudavel,saudavel,0.9947,agrosmart-v1,simulado,sim-2026-09
8cb8fca0-a8b1-5313-8d4d-ffd23e7a3a22,BV-04_20260904_0027.jpg,2026-09-04 10:13:07,BV-04,smartphone,saudavel,saudavel,0.9881,agrosmart-v1,simulado,sim-2026-09
8aa7f8eb-9fa2-5b90-b5d2-7be735960278,SC-02_20260904_0023.jpg,2026-09-04 10:13:24,SC-02,smartphone,saudavel,saudavel,0.9832,agrosmart-v1,simulado,sim-2026-09
0bf632b3-9bfc-5a3b-89cc-9a2ee9eff1e2,SC-02_20260904_0024.jpg,2026-09-04 10:14:23,SC-02,smartphone,saudavel,saudavel,0.9781,agrosmart-v1,simulado,sim-2026-09
02839b5f-b992-5cef-81af-c4c8201220bd,SC-02_20260904_0025.jpg,2026-09-04 10:15:05,SC-02,smartphone,saudavel,saudavel,0.9968,agrosmart-v1,simulado,sim-2026-09
3e2ec35a-3e0d-5777-8e95-3f6e0f241d13,TI-04_20260907_0001.jpg,2026-09-07 07:05:04,TI-04,drone,doente,mosca_minadora,0.8638,agrosmart-v1,simulado,sim-2026-09
293129a2-6dc1-55fe-adcc-c18fb7c7cc96,TI-04_20260907_0002.jpg,2026-09-07 07:05:47,TI-04,drone,saudavel,saudavel,0.8384,agrosmart-v1,simulado,sim-2026-09
f6b88f35-74bd-52af-a9ff-f25d5844c7dd,TI-04_20260907_0003.jpg,2026-09-07 07:06:00,TI-04,drone,saudavel,saudavel,0.5753,agrosmart-v1,simulado,sim-2026-09
289d9a8e-57d4-58d1-ada9-8fc126bac603,TI-04_20260907_0004.jpg,2026-09-07 07:07:05,TI-04,drone,saudavel,saudavel,0.9615,agrosmart-v1,simulado,sim-2026-09
1cfee1f1-b401-5784-8b63-b6129b4a6cf8,TI-04_20260907_0005.jpg,2026-09-07 07:07:25,TI-04,drone,saudavel,saudavel,0.8595,agrosmart-v1,simulado,sim-2026-09
0804f039-c34a-517f-84e4-bd8b392593d0,TI-04_20260907_0006.jpg,2026-09-07 07:08:20,TI-04,drone,saudavel,saudavel,0.9613,agrosmart-v1,simulado,sim-2026-09
fddb94c6-a8e6-58c0-ab4c-0a32320550f3,TI-04_20260907_0007.jpg,2026-09-07 07:09:04,TI-04,drone,saudavel,saudavel,0.9997,agrosmart-v1,simulado,sim-2026-09
581329dd-1fcf-5b80-a3be-5c90ced44781,TI-04_20260907_0008.jpg,2026-09-07 07:09:21,TI-04,drone,saudavel,saudavel,0.9161,agrosmart-v1,simulado,sim-2026-09
45e2a4c2-4db7-5fb9-b7ea-eb1dffa6a93f,TI-04_20260907_0009.jpg,2026-09-07 07:10:07,TI-04,drone,saudavel,saudavel,0.9054,agrosmart-v1,simulado,sim-2026-09
bcd081c7-ca66-5c34-b36b-3e487ac46d95,TI-04_20260907_0010.jpg,2026-09-07 07:11:06,TI-04,drone,saudavel,saudavel,0.9949,agrosmart-v1,simulado,sim-2026-09
39fe5a7e-1a16-53e3-921d-5cfcf62d3702,TI-04_20260907_0011.jpg,2026-09-07 07:11:49,TI-04,drone,saudavel,saudavel,0.9477,agrosmart-v1,simulado,sim-2026-09
fe2f1624-de0e-5ab2-b14c-c0a731d0e194,TI-04_20260907_0012.jpg,2026-09-07 07:12:21,TI-04,drone,doente,mosca_minadora,0.9974,agrosmart-v1,simulado,sim-2026-09
37ba1e5c-c74c-593e-9241-ad3dde41dd26,TI-04_20260907_0013.jpg,2026-09-07 07:12:47,TI-04,drone,saudavel,saudavel,0.9754,agrosmart-v1,simulado,sim-2026-09
fa73c906-f160-5b27-8e91-91a0f1924206,TI-04_20260907_0014.jpg,2026-09-07 07:13:22,TI-04,drone,saudavel,saudavel,0.8662,agrosmart-v1,simulado,sim-2026-09
1259f498-b37b-5c4a-94bd-769c1e9d552a,TI-04_20260907_0015.jpg,2026-09-07 07:14:23,TI-04,drone,saudavel,saudavel,0.9588,agrosmart-v1,simulado,sim-2026-09
0466d6ed-d3a8-56c0-aed4-755ade810b2a,TI-04_20260907_0016.jpg,2026-09-07 07:15:00,TI-04,drone,saudavel,saudavel,0.9912,agrosmart-v1,simulado,sim-2026-09
e7db0c13-2e68-5e6e-be55-b29e6c9e88e4,TI-04_20260907_0017.jpg,2026-09-07 07:15:26,TI-04,drone,saudavel,saudavel,0.9524,agrosmart-v1,simulado,sim-2026-09
7a5b21ac-7074-50f3-bb35-bc12d3b78f9e,TI-04_20260907_0018.jpg,2026-09-07 07:16:23,TI-04,drone,saudavel,saudavel,0.9867,agrosmart-v1,simulado,sim-2026-09
e7307eb1-8a11-515d-807c-407888550984,TI-04_20260907_0019.jpg,2026-09-07 07:16:45,TI-04,drone,saudavel,saudavel,0.9395,agrosmart-v1,simulado,sim-2026-09
b6b84f32-1d0c-5a79-a50a-f266947f2b47,TI-04_20260907_0020.jpg,2026-09-07 07:17:32,TI-04,drone,saudavel,saudavel,0.9846,agrosmart-v1,simulado,sim-2026-09
4f148914-8788-56d9-b798-0f2f8b8b853e,TI-04_20260907_0021.jpg,2026-09-07 07:18:21,TI-04,drone,saudavel,saudavel,0.9765,agrosmart-v1,simulado,sim-2026-09
c55a9676-c6e3-5e6b-a236-5c4b176f95d9,TI-04_20260907_0022.jpg,2026-09-07 07:19:00,TI-04,drone,saudavel,saudavel,0.8687,agrosmart-v1,simulado,sim-2026-09
744b7011-8a37-58d6-9e48-2ab6a39951ed,TI-04_20260907_0023.jpg,2026-09-07 07:19:44,TI-04,drone,saudavel,saudavel,0.9956,agrosmart-v1,simulado,sim-2026-09
7ca9847c-1a1f-5772-810b-b2b4e902f08f,TI-04_20260907_0024.jpg,2026-09-07 07:20:08,TI-04,drone,saudavel,saudavel,0.9907,agrosmart-v1,simulado,sim-2026-09
9d7eee14-1ba4-573e-a5ce-416425c3c309,TI-04_20260907_0025.jpg,2026-09-07 07:20:40,TI-04,drone,saudavel,saudavel,0.9834,agrosmart-v1,simulado,sim-2026-09
1713e7a7-98c5-5a22-8164-9d180a51be42,TI-04_20260907_0026.jpg,2026-09-07 07:21:35,TI-04,drone,saudavel,saudavel,0.9837,agrosmart-v1,simulado,sim-2026-09
3a5a016d-2d14-5d43-8b1f-3b54908f05ce,TI-04_20260907_0027.jpg,2026-09-07 07:22:25,TI-04,drone,saudavel,saudavel,0.9987,agrosmart-v1,simulado,sim-2026-09
c1b35ae4-f062-5af6-a974-5faaec2f9b76,TI-04_20260907_0028.jpg,2026-09-07 07:22:53,TI-04,drone,saudavel,saudavel,0.9356,agrosmart-v1,simulado,sim-2026-09
80812773-c310-5f13-bc96-cd3e80e6a9ba,TI-04_20260907_0029.jpg,2026-09-07 07:23:24,TI-04,drone,saudavel,saudavel,0.9787,agrosmart-v1,simulado,sim-2026-09
fe2019d1-f74e-553a-a6d5-b6b8f1f784ac,TI-04_20260907_0030.jpg,2026-09-07 07:24:28,TI-04,drone,saudavel,saudavel,0.9566,agrosmart-v1,simulado,sim-2026-09
c733a18c-1c74-5063-827d-470ec26a529b,TI-04_20260907_0031.jpg,2026-09-07 07:25:06,TI-04,drone,saudavel,saudavel,0.9813,agrosmart-v1,simulado,sim-2026-09
e64e8d22-5952-5018-ac27-42bbc7607414,TI-04_20260907_0032.jpg,2026-09-07 07:25:25,TI-04,drone,saudavel,saudavel,0.9670,agrosmart-v1,simulado,sim-2026-09
a0ba2489-4b66-5370-9b6f-e1798754d26e,TI-04_20260907_0033.jpg,2026-09-07 07:26:21,TI-04,drone,saudavel,saudavel,0.8707,agrosmart-v1,simulado,sim-2026-09
f7911acd-3ec5-5773-93cd-e9da2ae98f11,TI-04_20260907_0034.jpg,2026-09-07 07:26:53,TI-04,drone,saudavel,saudavel,0.9358,agrosmart-v1,simulado,sim-2026-09
3f0982f0-704b-5e48-82e8-98be41e430bc,TI-04_20260907_0035.jpg,2026-09-07 07:27:25,TI-04,drone,saudavel,saudavel,0.9879,agrosmart-v1,simulado,sim-2026-09
b93e4179-634e-5271-bbd6-092572400c1f,TI-04_20260907_0036.jpg,2026-09-07 07:28:26,TI-04,drone,saudavel,saudavel,0.9266,agrosmart-v1,simulado,sim-2026-09
7d38ae50-8dea-5596-abd7-3914f7ed5fd7,TI-04_20260907_0037.jpg,2026-09-07 07:28:55,TI-04,drone,saudavel,saudavel,0.9984,agrosmart-v1,simulado,sim-2026-09
72d5f434-e7f1-5217-9a36-9092af076a72,SC-04_20260907_0001.jpg,2026-09-07 07:29:41,SC-04,smartphone,saudavel,saudavel,0.8273,agrosmart-v1,simulado,sim-2026-09
bde0384c-1c93-530b-be9c-00d181d3b371,SC-04_20260907_0002.jpg,2026-09-07 07:30:37,SC-04,smartphone,saudavel,saudavel,0.9997,agrosmart-v1,simulado,sim-2026-09
fc020d1b-c0d1-5508-baec-f78cb431d4a7,SC-04_20260907_0003.jpg,2026-09-07 07:31:05,SC-04,smartphone,saudavel,saudavel,0.9892,agrosmart-v1,simulado,sim-2026-09
34deac9f-484b-53dc-a973-1be1fe51e38f,SC-04_20260907_0004.jpg,2026-09-07 07:31:55,SC-04,smartphone,saudavel,saudavel,0.9724,agrosmart-v1,simulado,sim-2026-09
3281416c-1139-50e4-a34e-1d3cfd9acb49,SC-04_20260907_0005.jpg,2026-09-07 07:32:30,SC-04,smartphone,saudavel,saudavel,0.8409,agrosmart-v1,simulado,sim-2026-09
87ae0b46-1820-5eec-a1ce-79f4875c87ad,SC-04_20260907_0006.jpg,2026-09-07 07:33:17,SC-04,smartphone,saudavel,saudavel,0.9982,agrosmart-v1,simulado,sim-2026-09
168cb9f6-369b-5ff3-8f43-9432249d5322,SC-04_20260907_0007.jpg,2026-09-07 07:33:50,SC-04,smartphone,saudavel,saudavel,0.9995,agrosmart-v1,simulado,sim-2026-09
f9f33431-67c6-5613-8f14-89a404c49db1,SC-04_20260907_0008.jpg,2026-09-07 07:34:29,SC-04,smartphone,saudavel,saudavel,0.9387,agrosmart-v1,simulado,sim-2026-09
145dfdda-ffce-5003-b348-e1fcdad44e43,SC-04_20260907_0009.jpg,2026-09-07 07:35:22,SC-04,smartphone,saudavel,saudavel,0.9939,agrosmart-v1,simulado,sim-2026-09
70febdb7-9a30-5984-8718-682c6ab2d230,SC-04_20260907_0010.jpg,2026-09-07 07:35:49,SC-04,smartphone,saudavel,saudavel,0.8586,agrosmart-v1,simulado,sim-2026-09
ea096a04-451c-5187-909e-c73ad5c27cba,SC-04_20260907_0011.jpg,2026-09-07 07:36:47,SC-04,smartphone,saudavel,saudavel,1.0000,agrosmart-v1,simulado,sim-2026-09
977c4095-2b1a-5961-95b3-7f6fc1d6fb97,SC-04_20260907_0012.jpg,2026-09-07 07:37:08,SC-04,smartphone,saudavel,saudavel,0.9996,agrosmart-v1,simulado,sim-2026-09
40d3b8a1-4d96-549d-8bb5-245c8b46b143,SC-04_20260907_0013.jpg,2026-09-07 07:37:43,SC-04,smartphone,doente,vaquinha,0.9348,agrosmart-v1,simulado,sim-2026-09
b91ff7c5-e263-5fd2-8c31-69c0e5bbcca8,SC-04_20260907_0014.jpg,2026-09-07 07:38:28,SC-04,smartphone,saudavel,saudavel,0.9530,agrosmart-v1,simulado,sim-2026-09
1b332190-db3f-5cb7-9369-90025a690319,SC-04_20260907_0015.jpg,2026-09-07 07:39:22,SC-04,smartphone,doente,mosca_minadora,0.9553,agrosmart-v1,simulado,sim-2026-09
5870b283-22d5-595f-a3d7-d3496a5b8956,SC-04_20260907_0016.jpg,2026-09-07 07:40:01,SC-04,smartphone,doente,requeima,0.9991,agrosmart-v1,simulado,sim-2026-09
1d94dbdf-57e0-59b6-a25b-f12daedf72ed,SC-04_20260907_0017.jpg,2026-09-07 07:40:37,SC-04,smartphone,saudavel,saudavel,0.9722,agrosmart-v1,simulado,sim-2026-09
14348ecb-d01a-52ed-ac44-a946a6d67a57,TI-02_20260907_0001.jpg,2026-09-07 07:41:03,TI-02,drone,saudavel,saudavel,0.9843,agrosmart-v1,simulado,sim-2026-09
d05ce799-3c98-5b3c-8ec3-581c61c7dd29,SC-04_20260907_0018.jpg,2026-09-07 07:41:09,SC-04,smartphone,saudavel,saudavel,0.9857,agrosmart-v1,simulado,sim-2026-09
9640f34b-9569-51ff-9377-c00da94360c6,TI-02_20260907_0002.jpg,2026-09-07 07:41:37,TI-02,drone,doente,mosca_minadora,0.9985,agrosmart-v1,simulado,sim-2026-09
58ad1f4c-84a4-510a-8a47-6c5554a9d4c3,SC-04_20260907_0019.jpg,2026-09-07 07:41:56,SC-04,smartphone,saudavel,saudavel,0.8235,agrosmart-v1,simulado,sim-2026-09
24ce71ec-3c4b-5e7a-8d21-e04f4fc0d8b5,TI-02_20260907_0003.jpg,2026-09-07 07:42:28,TI-02,drone,saudavel,saudavel,0.9560,agrosmart-v1,simulado,sim-2026-09
6e8228ed-e0b3-5cfb-a0fa-827e059824ce,SC-04_20260907_0020.jpg,2026-09-07 07:42:44,SC-04,smartphone,saudavel,saudavel,0.9783,agrosmart-v1,simulado,sim-2026-09
7406e876-f5ee-511d-ba98-4054dfe1ddc7,TI-02_20260907_0004.jpg,2026-09-07 07:43:02,TI-02,drone,saudavel,saudavel,0.9949,agrosmart-v1,simulado,sim-2026-09
a97306a9-313a-5da8-8421-e0627a0f8655,SC-04_20260907_0021.jpg,2026-09-07 07:43:09,SC-04,smartphone,saudavel,saudavel,0.8259,agrosmart-v1,simulado,sim-2026-09
b27ac863-b397-5749-803c-f84f4cec837c,TI-02_20260907_0005.jpg,2026-09-07 07:43:21,TI-02,drone,saudavel,saudavel,0.9570,agrosmart-v1,simulado,sim-2026-09
26234765-ca1c-5bb6-9396-5cc3cf269932,SC-04_20260907_0022.jpg,2026-09-07 07:43:51,SC-04,smartphone,saudavel,saudavel,0.9846,agrosmart-v1,simulado,sim-2026-09
117edbfd-d1b8-5779-89a1-af91137c50bd,SC-04_20260907_0023.jpg,2026-09-07 07:44:30,SC-04,smartphone,saudavel,saudavel,0.9976,agrosmart-v1,simulado,sim-2026-09
74cdf30d-b757-5d06-9786-b067e633ff79,TI-02_20260907_0006.jpg,2026-09-07 07:44:30,TI-02,drone,saudavel,saudavel,0.9305,agrosmart-v1,simulado,sim-2026-09
b13f0168-101e-5e6a-9179-fb0184bf9837,TI-02_20260907_0007.jpg,2026-09-07 07:44:47,TI-02,drone,saudavel,saudavel,0.9261,agrosmart-v1,simulado,sim-2026-09
d04b9100-0c63-5eea-9f29-3ecc4c121706,SC-04_20260907_0024.jpg,2026-09-07 07:45:30,SC-04,smartphone,saudavel,saudavel,0.9576,agrosmart-v1,simulado,sim-2026-09
906713cc-82d5-51fd-a2db-9808cb69035e,TI-02_20260907_0008.jpg,2026-09-07 07:45:34,TI-02,drone,saudavel,saudavel,0.9958,agrosmart-v1,simulado,sim-2026-09
5c81c298-c572-50ea-ad32-ea05aba8f7dc,TI-02_20260907_0009.jpg,2026-09-07 07:46:00,TI-02,drone,saudavel,saudavel,0.9960,agrosmart-v1,simulado,sim-2026-09
b2296fb4-71c5-5b9c-a8d3-26a308310f16,SC-04_20260907_0025.jpg,2026-09-07 07:46:05,SC-04,smartphone,saudavel,saudavel,0.9897,agrosmart-v1,simulado,sim-2026-09
d44cc94f-c947-5d81-b1cc-885a04fcf9ca,SC-04_20260907_0026.jpg,2026-09-07 07:46:36,SC-04,smartphone,saudavel,saudavel,0.8455,agrosmart-v1,simulado,sim-2026-09
85530ef8-6f85-5e02-aeab-5158dfa9b8dc,TI-02_20260907_0010.jpg,2026-09-07 07:47:06,TI-02,drone,saudavel,saudavel,0.9149,agrosmart-v1,simulado,sim-2026-09
e370b058-2282-59d8-b70a-02dc13492771,SC-04_20260907_0027.jpg,2026-09-07 07:47:07,SC-04,smartphone,saudavel,saudavel,0.9949,agrosmart-v1,simulado,sim-2026-09
f369c7d0-8682-585e-a716-fb8b8928ff41,TI-02_20260907_0011.jpg,2026-09-07 07:47:25,TI-02,drone,saudavel,saudavel,0.9373,agrosmart-v1,simulado,sim-2026-09
5b79010b-78f6-5205-9ab7-fb485e3c14cf,TI-02_20260907_0012.jpg,2026-09-07 07:48:27,TI-02,drone,saudavel,saudavel,0.9904,agrosmart-v1,simulado,sim-2026-09
9c7cce55-b3c2-5fe3-98b1-9296104bad48,TI-02_20260907_0013.jpg,2026-09-07 07:48:48,TI-02,drone,saudavel,saudavel,0.9942,agrosmart-v1,simulado,sim-2026-09
7f62dad8-edc0-5df7-850c-4b12bf5388d6,TI-02_20260907_0014.jpg,2026-09-07 07:49:47,TI-02,drone,saudavel,saudavel,0.9996,agrosmart-v1,simulado,sim-2026-09
b48eeed6-1c7e-509a-9305-0d14612e5e64,TI-02_20260907_0015.jpg,2026-09-07 07:50:22,TI-02,drone,saudavel,saudavel,0.8500,agrosmart-v1,simulado,sim-2026-09
a724be17-7c2a-5bed-8328-18a65c876081,TI-02_20260907_0016.jpg,2026-09-07 07:50:57,TI-02,drone,saudavel,saudavel,0.9924,agrosmart-v1,simulado,sim-2026-09
7bf88a28-8392-5515-acdc-4c307ac6e1d9,TI-02_20260907_0017.jpg,2026-09-07 07:51:26,TI-02,drone,saudavel,saudavel,0.9987,agrosmart-v1,simulado,sim-2026-09
541d75c6-3db8-51ad-acfc-b7b4515e72e9,TI-02_20260907_0018.jpg,2026-09-07 07:52:15,TI-02,drone,saudavel,saudavel,0.9994,agrosmart-v1,simulado,sim-2026-09
9dcbfb8c-5805-502e-bcdb-dab6d260b1be,TI-02_20260907_0019.jpg,2026-09-07 07:53:02,TI-02,drone,saudavel,saudavel,0.9685,agrosmart-v1,simulado,sim-2026-09
222fb079-dcee-5018-9300-14260bf3fbcc,TI-02_20260907_0020.jpg,2026-09-07 07:53:49,TI-02,drone,saudavel,saudavel,0.9336,agrosmart-v1,simulado,sim-2026-09
e99425bb-902b-5f5e-9dcc-705d8568bace,TI-02_20260907_0021.jpg,2026-09-07 07:54:20,TI-02,drone,saudavel,saudavel,0.9806,agrosmart-v1,simulado,sim-2026-09
58d8e5a0-8751-5387-861c-aaf0e334a974,TI-02_20260907_0022.jpg,2026-09-07 07:54:52,TI-02,drone,saudavel,saudavel,0.8501,agrosmart-v1,simulado,sim-2026-09
ecc177b5-9320-5da1-919b-7d6dc1217848,TI-02_20260907_0023.jpg,2026-09-07 07:55:38,TI-02,drone,doente,pinta_preta,0.9790,agrosmart-v1,simulado,sim-2026-09
182d2845-bbf5-584f-bcd5-e7f4f5c33557,TI-01_20260907_0001.jpg,2026-09-07 07:56:03,TI-01,drone,saudavel,saudavel,0.9919,agrosmart-v1,simulado,sim-2026-09
f3c2ef3b-ac9c-58db-8522-cf3761706910,TI-02_20260907_0024.jpg,2026-09-07 07:56:07,TI-02,drone,saudavel,saudavel,0.9206,agrosmart-v1,simulado,sim-2026-09
b6c0b76b-e0c1-5f85-a309-d53844c2a317,TI-01_20260907_0002.jpg,2026-09-07 07:56:22,TI-01,drone,saudavel,saudavel,0.9539,agrosmart-v1,simulado,sim-2026-09
f0eca4d6-7cf3-585f-a0a9-220f0dcea4dc,TI-02_20260907_0025.jpg,2026-09-07 07:56:57,TI-02,drone,saudavel,saudavel,0.9992,agrosmart-v1,simulado,sim-2026-09
abd7d026-f402-59d0-b227-a974e47ec14a,TI-01_20260907_0003.jpg,2026-09-07 07:57:10,TI-01,drone,saudavel,saudavel,0.9871,agrosmart-v1,simulado,sim-2026-09
ca2ec99c-401b-583c-9327-7c7ed993e7dc,TI-02_20260907_0026.jpg,2026-09-07 07:57:48,TI-02,drone,saudavel,saudavel,0.9715,agrosmart-v1,simulado,sim-2026-09
a0ddcab9-b6fa-586b-ad8f-db8f30e27d0f,TI-01_20260907_0004.jpg,2026-09-07 07:58:10,TI-01,drone,saudavel,saudavel,0.8778,agrosmart-v1,simulado,sim-2026-09
f8a67cba-bbbb-57b3-816a-537120cea6a2,TI-02_20260907_0027.jpg,2026-09-07 07:58:18,TI-02,drone,saudavel,saudavel,0.9306,agrosmart-v1,simulado,sim-2026-09
a4fc99c1-a575-50e8-9261-ef0b89f00046,TI-01_20260907_0005.jpg,2026-09-07 07:58:40,TI-01,drone,saudavel,saudavel,0.9989,agrosmart-v1,simulado,sim-2026-09
a7c33475-1702-5788-86f2-1e4844376db0,TI-02_20260907_0028.jpg,2026-09-07 07:59:02,TI-02,drone,saudavel,saudavel,0.8371,agrosmart-v1,simulado,sim-2026-09
e623b116-c9c4-5b8b-9b12-ec4a0317d7dc,TI-01_20260907_0006.jpg,2026-09-07 07:59:14,TI-01,drone,saudavel,saudavel,0.8570,agrosmart-v1,simulado,sim-2026-09
a69b2735-2aca-55b1-9086-bb7f42f600b9,TI-02_20260907_0029.jpg,2026-09-07 07:59:34,TI-02,drone,saudavel,saudavel,0.9856,agrosmart-v1,simulado,sim-2026-09
90d01d49-f502-543a-b9f4-ad9ebb6f5dd5,TI-01_20260907_0007.jpg,2026-09-07 07:59:51,TI-01,drone,saudavel,saudavel,0.9671,agrosmart-v1,simulado,sim-2026-09
f8a0643e-8aeb-5a90-8ea3-425c670ede85,TI-02_20260907_0030.jpg,2026-09-07 08:00:18,TI-02,drone,saudavel,saudavel,0.9720,agrosmart-v1,simulado,sim-2026-09
a6a268df-fda5-5572-8454-6f2fa9af35bc,TI-01_20260907_0008.jpg,2026-09-07 08:00:25,TI-01,drone,saudavel,saudavel,0.9524,agrosmart-v1,simulado,sim-2026-09
2404e779-e856-5fc9-aeae-035867641cad,TI-02_20260907_0031.jpg,2026-09-07 08:01:00,TI-02,drone,saudavel,saudavel,0.9970,agrosmart-v1,simulado,sim-2026-09
9e635870-4007-52f4-9b86-e2206da8b3e2,TI-01_20260907_0009.jpg,2026-09-07 08:01:12,TI-01,drone,saudavel,saudavel,0.5517,agrosmart-v1,simulado,sim-2026-09
478e83d4-aec1-5269-9e6b-775872b34b77,TI-02_20260907_0032.jpg,2026-09-07 08:01:30,TI-02,drone,saudavel,saudavel,0.8418,agrosmart-v1,simulado,sim-2026-09
259371d0-1fa7-55e8-a2c1-11dc668e0661,TI-01_20260907_0010.jpg,2026-09-07 08:02:09,TI-01,drone,saudavel,saudavel,0.8303,agrosmart-v1,simulado,sim-2026-09
e53992c3-dddc-57cf-a9fe-38b7a00bc5e3,TI-02_20260907_0033.jpg,2026-09-07 08:02:11,TI-02,drone,saudavel,saudavel,0.9997,agrosmart-v1,simulado,sim-2026-09
d90d0b0d-2970-5566-bd55-bcfc1d7b7c67,TI-01_20260907_0011.jpg,2026-09-07 08:02:23,TI-01,drone,saudavel,saudavel,1.0000,agrosmart-v1,simulado,sim-2026-09
52789d47-828a-5488-9f87-83136a64b6ee,TI-01_20260907_0012.jpg,2026-09-07 08:03:00,TI-01,drone,saudavel,saudavel,0.9200,agrosmart-v1,simulado,sim-2026-09
d24fc465-9292-55d9-b3a2-48a65ff3c54d,TI-02_20260907_0034.jpg,2026-09-07 08:03:00,TI-02,drone,saudavel,saudavel,0.9876,agrosmart-v1,simulado,sim-2026-09
d913ce01-0511-5e69-93d6-5c9c953dfdcf,TI-02_20260907_0035.jpg,2026-09-07 08:03:20,TI-02,drone,saudavel,saudavel,0.8846,agrosmart-v1,simulado,sim-2026-09
f2de6e4c-06b9-539a-bd34-9d2a5e9e3acf,TI-01_20260907_0013.jpg,2026-09-07 08:03:51,TI-01,drone,saudavel,saudavel,0.8727,agrosmart-v1,simulado,sim-2026-09
eb0c4e30-fc9f-5a0a-94ed-c89973b4a878,TI-02_20260907_0036.jpg,2026-09-07 08:04:19,TI-02,drone,saudavel,saudavel,0.9857,agrosmart-v1,simulado,sim-2026-09
7fe17809-2ffb-589b-8cd4-fff541163743,TI-01_20260907_0014.jpg,2026-09-07 08:04:32,TI-01,drone,saudavel,saudavel,0.8314,agrosmart-v1,simulado,sim-2026-09
70db5a61-3de8-5098-9ab4-5d0dae3e3ea6,TI-02_20260907_0037.jpg,2026-09-07 08:04:55,TI-02,drone,saudavel,saudavel,0.9972,agrosmart-v1,simulado,sim-2026-09
e25ab220-6a12-58d8-ae08-9da79fbb3b46,TI-01_20260907_0015.jpg,2026-09-07 08:05:30,TI-01,drone,saudavel,saudavel,0.9804,agrosmart-v1,simulado,sim-2026-09
702aaf68-fe38-59f7-8986-5fee3acf4c57,TI-02_20260907_0038.jpg,2026-09-07 08:05:35,TI-02,drone,saudavel,saudavel,0.5653,agrosmart-v1,simulado,sim-2026-09
7e4ea24c-df3c-5960-a6e3-7e723771d7b0,TI-01_20260907_0016.jpg,2026-09-07 08:05:51,TI-01,drone,saudavel,saudavel,0.9985,agrosmart-v1,simulado,sim-2026-09
5f11de4d-9363-53b5-bef1-8b65e560de79,BV-01_20260907_0001.jpg,2026-09-07 08:05:57,BV-01,smartphone,saudavel,saudavel,0.8644,agrosmart-v1,simulado,sim-2026-09
c4a4bb76-c5c0-5589-bf8b-682249ed22d5,TI-02_20260907_0039.jpg,2026-09-07 08:06:12,TI-02,drone,saudavel,saudavel,0.8449,agrosmart-v1,simulado,sim-2026-09
b1748e66-d87e-5a0f-a9fd-c374dc26f811,BV-01_20260907_0002.jpg,2026-09-07 08:06:38,BV-01,smartphone,saudavel,saudavel,0.8999,agrosmart-v1,simulado,sim-2026-09
9bf289c4-a8d3-5037-9656-faa9aedcac62,TI-01_20260907_0017.jpg,2026-09-07 08:06:44,TI-01,drone,saudavel,saudavel,0.8480,agrosmart-v1,simulado,sim-2026-09
f64cc44a-3fbf-5549-b15f-70391d9fb1b4,TI-02_20260907_0040.jpg,2026-09-07 08:06:44,TI-02,drone,saudavel,saudavel,0.9982,agrosmart-v1,simulado,sim-2026-09
b91c917f-7f0c-52a3-b907-ca7ec3aa602b,TI-01_20260907_0018.jpg,2026-09-07 08:07:06,TI-01,drone,saudavel,saudavel,0.7054,agrosmart-v1,simulado,sim-2026-09
3be578ec-7f20-55ca-af69-92f8e29c4da1,BV-01_20260907_0003.jpg,2026-09-07 08:07:20,BV-01,smartphone,saudavel,saudavel,0.9294,agrosmart-v1,simulado,sim-2026-09
7b23e47d-eb4e-5d4e-9e9b-af6771e76c8e,TI-02_20260907_0041.jpg,2026-09-07 08:07:37,TI-02,drone,saudavel,saudavel,0.9800,agrosmart-v1,simulado,sim-2026-09
acbf8595-5b06-5dd0-b878-619315ec6388,BV-01_20260907_0004.jpg,2026-09-07 08:07:46,BV-01,smartphone,saudavel,saudavel,0.9912,agrosmart-v1,simulado,sim-2026-09
44ca4770-51bb-5e48-bc7f-fd91fc04a60e,TI-01_20260907_0019.jpg,2026-09-07 08:07:55,TI-01,drone,saudavel,saudavel,0.8281,agrosmart-v1,simulado,sim-2026-09
359ab785-ecf6-5f60-bfcc-c1830fc2b13b,TI-02_20260907_0042.jpg,2026-09-07 08:08:19,TI-02,drone,saudavel,saudavel,0.9139,agrosmart-v1,simulado,sim-2026-09
e2a1f4a0-c5b0-5092-9934-1413293e7671,TI-01_20260907_0020.jpg,2026-09-07 08:08:34,TI-01,drone,saudavel,saudavel,0.9993,agrosmart-v1,simulado,sim-2026-09
30b3c614-d079-5397-839c-aaf1a42da994,BV-01_20260907_0005.jpg,2026-09-07 08:08:38,BV-01,smartphone,saudavel,saudavel,0.8674,agrosmart-v1,simulado,sim-2026-09
d5e5beee-8203-535e-a196-9d800fa292ac,TI-02_20260907_0043.jpg,2026-09-07 08:08:45,TI-02,drone,saudavel,saudavel,0.9754,agrosmart-v1,simulado,sim-2026-09
ecaa6044-ed83-51ee-ba71-2fd09abe6e1d,TI-01_20260907_0021.jpg,2026-09-07 08:09:03,TI-01,drone,saudavel,saudavel,0.9978,agrosmart-v1,simulado,sim-2026-09
966f1e8a-41a9-58e5-8998-684f8b97d752,BV-01_20260907_0006.jpg,2026-09-07 08:09:14,BV-01,smartphone,saudavel,saudavel,0.9051,agrosmart-v1,simulado,sim-2026-09
6898d5bb-34b5-52c2-856a-7dde3307b2ec,TI-02_20260907_0044.jpg,2026-09-07 08:09:50,TI-02,drone,saudavel,saudavel,0.8752,agrosmart-v1,simulado,sim-2026-09
a1b1b187-488e-58e2-a565-62270dc0818d,TI-01_20260907_0022.jpg,2026-09-07 08:09:58,TI-01,drone,saudavel,saudavel,0.9968,agrosmart-v1,simulado,sim-2026-09
71ff11f5-91ed-59d4-95c1-e21e1afb2b55,BV-01_20260907_0007.jpg,2026-09-07 08:10:08,BV-01,smartphone,saudavel,saudavel,0.9557,agrosmart-v1,simulado,sim-2026-09
7d579f51-47f6-51c7-bb9d-205eabcc1618,TI-01_20260907_0023.jpg,2026-09-07 08:10:42,TI-01,drone,saudavel,saudavel,0.9996,agrosmart-v1,simulado,sim-2026-09
2afed4d7-232e-5827-b2be-f0e2fd9407dd,BV-01_20260907_0008.jpg,2026-09-07 08:10:46,BV-01,smartphone,saudavel,saudavel,0.9936,agrosmart-v1,simulado,sim-2026-09
141fa0e4-690a-54de-be9c-64e13aa0cbe2,BV-01_20260907_0009.jpg,2026-09-07 08:11:23,BV-01,smartphone,saudavel,saudavel,0.9857,agrosmart-v1,simulado,sim-2026-09
07271f2c-52bf-554c-b335-663ebe033149,TI-01_20260907_0024.jpg,2026-09-07 08:11:26,TI-01,drone,saudavel,saudavel,0.9666,agrosmart-v1,simulado,sim-2026-09
d914dd43-6322-5846-aee1-78add0564e46,TI-01_20260907_0025.jpg,2026-09-07 08:11:53,TI-01,drone,saudavel,saudavel,0.9444,agrosmart-v1,simulado,sim-2026-09
af65d4b3-af74-5d4a-97de-fd81625f66d6,BV-01_20260907_0010.jpg,2026-09-07 08:12:08,BV-01,smartphone,saudavel,saudavel,0.9720,agrosmart-v1,simulado,sim-2026-09
9065b222-c72d-5d18-9eba-1d14c8b0f812,BV-01_20260907_0011.jpg,2026-09-07 08:12:22,BV-01,smartphone,saudavel,saudavel,0.9673,agrosmart-v1,simulado,sim-2026-09
ed9355bb-b10e-5a4d-be17-18c466797ea0,TI-01_20260907_0026.jpg,2026-09-07 08:12:39,TI-01,drone,saudavel,saudavel,0.9992,agrosmart-v1,simulado,sim-2026-09
34cb99fa-70b4-57e6-a60b-725ebb487fd9,TI-01_20260907_0027.jpg,2026-09-07 08:13:08,TI-01,drone,saudavel,saudavel,0.9189,agrosmart-v1,simulado,sim-2026-09
1afc2c66-4099-5ab7-91ee-a1dca52e8929,BV-01_20260907_0012.jpg,2026-09-07 08:13:20,BV-01,smartphone,saudavel,saudavel,0.9982,agrosmart-v1,simulado,sim-2026-09
cb1563c6-8619-572e-99eb-03c3c7b6455a,BV-01_20260907_0013.jpg,2026-09-07 08:14:03,BV-01,smartphone,saudavel,saudavel,1.0000,agrosmart-v1,simulado,sim-2026-09
47ead144-4a6e-55f9-81c4-430f6caeae6f,TI-01_20260907_0028.jpg,2026-09-07 08:14:10,TI-01,drone,saudavel,saudavel,0.9720,agrosmart-v1,simulado,sim-2026-09
b23e53e0-06ac-58a0-87c9-4df5f6ee9619,TI-01_20260907_0029.jpg,2026-09-07 08:14:30,TI-01,drone,saudavel,saudavel,0.9240,agrosmart-v1,simulado,sim-2026-09
a41b06fd-6688-568d-8d91-0afccc081e2a,BV-01_20260907_0014.jpg,2026-09-07 08:14:32,BV-01,smartphone,saudavel,saudavel,0.7432,agrosmart-v1,simulado,sim-2026-09
944894a2-f378-5f94-a412-4a7f9dfc3cbc,TI-01_20260907_0030.jpg,2026-09-07 08:15:18,TI-01,drone,saudavel,saudavel,0.9804,agrosmart-v1,simulado,sim-2026-09
c0ffc2d0-aede-5847-be52-0d67e05bba15,BV-01_20260907_0015.jpg,2026-09-07 08:15:20,BV-01,smartphone,saudavel,saudavel,0.9969,agrosmart-v1,simulado,sim-2026-09
591a7d59-daa4-5c96-b308-0de2617ee3bf,BV-01_20260907_0016.jpg,2026-09-07 08:15:48,BV-01,smartphone,saudavel,saudavel,0.9291,agrosmart-v1,simulado,sim-2026-09
d44dcd68-3891-5957-be08-c58109f25a84,TI-01_20260907_0031.jpg,2026-09-07 08:15:48,TI-01,drone,saudavel,saudavel,0.9138,agrosmart-v1,simulado,sim-2026-09
aea88b4c-7be1-5fca-bd19-e914425c7c1f,TI-01_20260907_0032.jpg,2026-09-07 08:16:39,TI-01,drone,saudavel,saudavel,0.9745,agrosmart-v1,simulado,sim-2026-09
4be8c789-e966-5eb4-926d-50ad6d052b07,BV-01_20260907_0017.jpg,2026-09-07 08:16:50,BV-01,smartphone,doente,pinta_preta,0.7337,agrosmart-v1,simulado,sim-2026-09
fdbf3fd8-895c-5140-8078-8d88b33286eb,TI-01_20260907_0033.jpg,2026-09-07 08:17:10,TI-01,drone,saudavel,saudavel,0.9295,agrosmart-v1,simulado,sim-2026-09
18d9d685-f108-5c19-8c0d-bf13b35a3675,BV-01_20260907_0018.jpg,2026-09-07 08:17:26,BV-01,smartphone,saudavel,saudavel,0.9099,agrosmart-v1,simulado,sim-2026-09
d9cc90ec-d3ac-5b61-bde2-bf531cb813b8,TI-01_20260907_0034.jpg,2026-09-07 08:17:52,TI-01,drone,saudavel,saudavel,0.8923,agrosmart-v1,simulado,sim-2026-09
e4c8dc1f-dcb3-5b27-98d1-c424cd2bcade,BV-01_20260907_0019.jpg,2026-09-07 08:17:55,BV-01,smartphone,saudavel,saudavel,0.8567,agrosmart-v1,simulado,sim-2026-09
c4c243f3-267f-551a-a520-e05ee76b8344,BV-01_20260907_0020.jpg,2026-09-07 08:18:29,BV-01,smartphone,saudavel,saudavel,0.9957,agrosmart-v1,simulado,sim-2026-09
bdecee22-46cd-5712-a13c-5cacd63ee1dc,TI-01_20260907_0035.jpg,2026-09-07 08:18:32,TI-01,drone,saudavel,saudavel,1.0000,agrosmart-v1,simulado,sim-2026-09
654b91f9-3778-5ddd-af01-e80c71117afd,TI-01_20260907_0036.jpg,2026-09-07 08:19:07,TI-01,drone,doente,vaquinha,0.6032,agrosmart-v1,simulado,sim-2026-09
cdee5a79-380e-5e7d-ac52-5af5994e4bb5,BV-01_20260907_0021.jpg,2026-09-07 08:19:22,BV-01,smartphone,saudavel,saudavel,0.9468,agrosmart-v1,simulado,sim-2026-09
f1593557-940b-5336-bb52-1aa95d9291b3,BV-01_20260907_0022.jpg,2026-09-07 08:19:41,BV-01,smartphone,doente,pinta_preta,0.9842,agrosmart-v1,simulado,sim-2026-09
6ff7e7d1-c08f-5848-9466-b406fa45ce23,TI-01_20260907_0037.jpg,2026-09-07 08:20:00,TI-01,drone,saudavel,saudavel,0.8292,agrosmart-v1,simulado,sim-2026-09
5d197a26-6e5f-5c0d-9ce1-6b568588338d,TI-01_20260907_0038.jpg,2026-09-07 08:20:25,TI-01,drone,saudavel,saudavel,1.0000,agrosmart-v1,simulado,sim-2026-09
c1d21644-786a-55b9-bb89-a3e1fc2f1c88,BV-01_20260907_0023.jpg,2026-09-07 08:20:46,BV-01,smartphone,saudavel,saudavel,1.0000,agrosmart-v1,simulado,sim-2026-09
6463fc38-5442-5816-85a7-ea7717acec7c,BV-01_20260907_0024.jpg,2026-09-07 08:21:07,BV-01,smartphone,saudavel,saudavel,0.9961,agrosmart-v1,simulado,sim-2026-09
4a2b0369-6abc-574d-8217-abf0421ee6ac,TI-01_20260907_0039.jpg,2026-09-07 08:21:12,TI-01,drone,saudavel,saudavel,0.8359,agrosmart-v1,simulado,sim-2026-09
29d2e7c7-c8e3-59ee-9839-4942529c795d,BV-01_20260907_0025.jpg,2026-09-07 08:21:47,BV-01,smartphone,saudavel,saudavel,0.9157,agrosmart-v1,simulado,sim-2026-09
f0ba659f-7ac0-5ab1-897a-9e19d95b0b45,TI-01_20260907_0040.jpg,2026-09-07 08:22:09,TI-01,drone,saudavel,saudavel,0.8890,agrosmart-v1,simulado,sim-2026-09
00519129-5656-56a1-a31e-be0ec37cd7b7,TI-01_20260907_0041.jpg,2026-09-07 08:22:22,TI-01,drone,saudavel,saudavel,0.9703,agrosmart-v1,simulado,sim-2026-09
43669bbf-9a24-51a4-b620-2859a7a88439,BV-01_20260907_0026.jpg,2026-09-07 08:22:42,BV-01,smartphone,saudavel,saudavel,0.9977,agrosmart-v1,simulado,sim-2026-09
48485758-daa7-515c-a740-becaa9ff19f7,BV-01_20260907_0027.jpg,2026-09-07 08:23:03,BV-01,smartphone,saudavel,saudavel,0.8353,agrosmart-v1,simulado,sim-2026-09
a1153cfb-f0db-5f7f-a768-0f8ca03c51dc,TI-01_20260907_0042.jpg,2026-09-07 08:23:13,TI-01,drone,saudavel,saudavel,0.9472,agrosmart-v1,simulado,sim-2026-09
ee07b545-5a41-5e3e-afde-66f0258a9cad,BV-01_20260907_0028.jpg,2026-09-07 08:23:42,BV-01,smartphone,saudavel,saudavel,0.9975,agrosmart-v1,simulado,sim-2026-09
b849e7ab-5bc6-50bd-967e-15a493b6d0ff,TI-01_20260907_0043.jpg,2026-09-07 08:23:48,TI-01,drone,saudavel,saudavel,0.9221,agrosmart-v1,simulado,sim-2026-09
97c58624-e76e-5966-82cd-053b3dd60594,TI-01_20260907_0044.jpg,2026-09-07 08:24:23,TI-01,drone,saudavel,saudavel,0.8871,agrosmart-v1,simulado,sim-2026-09
ef09c02a-0997-51b1-81ca-0379c6fac702,TI-03_20260907_0001.jpg,2026-09-07 08:24:57,TI-03,drone,saudavel,saudavel,0.9179,agrosmart-v1,simulado,sim-2026-09
04f3e4ee-82b9-549b-ae69-ba85952ce349,TI-01_20260907_0045.jpg,2026-09-07 08:25:01,TI-01,drone,saudavel,saudavel,0.8636,agrosmart-v1,simulado,sim-2026-09
9b367a79-cc55-5e8e-a50b-7a30aa58a19c,TI-03_20260907_0002.jpg,2026-09-07 08:25:32,TI-03,drone,saudavel,saudavel,0.9930,agrosmart-v1,simulado,sim-2026-09
2531d833-70fa-5b28-8e1f-27673af7305a,TI-01_20260907_0046.jpg,2026-09-07 08:25:55,TI-01,drone,saudavel,saudavel,0.9386,agrosmart-v1,simulado,sim-2026-09
eb8c09b5-c33b-555b-b5d8-3cdbaad54b1f,TI-03_20260907_0003.jpg,2026-09-07 08:26:12,TI-03,drone,saudavel,saudavel,0.9940,agrosmart-v1,simulado,sim-2026-09
a57228a3-366b-5b58-b013-e15a6533e239,TI-03_20260907_0004.jpg,2026-09-07 08:26:57,TI-03,drone,doente,vaquinha,0.8671,agrosmart-v1,simulado,sim-2026-09
5a269d44-9098-5140-aa0c-9192b3927f9a,TI-03_20260907_0005.jpg,2026-09-07 08:27:42,TI-03,drone,saudavel,saudavel,0.9778,agrosmart-v1,simulado,sim-2026-09
25c5208b-377c-58b0-b2b2-8231e2edefab,TI-03_20260907_0006.jpg,2026-09-07 08:28:28,TI-03,drone,doente,pinta_preta,0.9396,agrosmart-v1,simulado,sim-2026-09
062bef6e-15aa-5e5c-9301-35765b1abc73,TI-03_20260907_0007.jpg,2026-09-07 08:29:05,TI-03,drone,saudavel,saudavel,0.9834,agrosmart-v1,simulado,sim-2026-09
de5f29cd-cf38-544d-aa75-e9429dc140cd,TI-03_20260907_0008.jpg,2026-09-07 08:29:33,TI-03,drone,saudavel,saudavel,0.9984,agrosmart-v1,simulado,sim-2026-09
aa40e074-e31b-56e9-bab2-751445156476,TI-03_20260907_0009.jpg,2026-09-07 08:30:20,TI-03,drone,doente,pinta_preta,0.9977,agrosmart-v1,simulado,sim-2026-09
4a61700b-f074-58ce-85b3-cfd831015fb6,TI-03_20260907_0010.jpg,2026-09-07 08:31:03,TI-03,drone,saudavel,saudavel,0.9874,agrosmart-v1,simulado,sim-2026-09
6aa51ec8-1efc-5f3e-a3d6-b276ecc0b172,TI-03_20260907_0011.jpg,2026-09-07 08:31:46,TI-03,drone,saudavel,saudavel,0.6833,agrosmart-v1,simulado,sim-2026-09
99b00153-d38e-501e-b459-8a99065b1df6,TI-03_20260907_0012.jpg,2026-09-07 08:32:18,TI-03,drone,doente,requeima,0.9187,agrosmart-v1,simulado,sim-2026-09
afaa661d-f9f0-5d0c-948a-3bbae68ee486,TI-03_20260907_0013.jpg,2026-09-07 08:33:05,TI-03,drone,saudavel,saudavel,0.9955,agrosmart-v1,simulado,sim-2026-09
72a45e3c-b6f8-55f1-b66a-ed60a6b5bf9f,TI-03_20260907_0014.jpg,2026-09-07 08:33:39,TI-03,drone,saudavel,saudavel,0.9756,agrosmart-v1,simulado,sim-2026-09
9dfe13f5-6ddb-58da-b41a-fdba1245c9e2,TI-03_20260907_0015.jpg,2026-09-07 08:34:21,TI-03,drone,saudavel,saudavel,0.9025,agrosmart-v1,simulado,sim-2026-09
686d47da-716e-55a6-8345-450bfed3884f,TI-03_20260907_0016.jpg,2026-09-07 08:34:43,TI-03,drone,saudavel,saudavel,0.9898,agrosmart-v1,simulado,sim-2026-09
16c95d63-f860-5aa2-ac36-0c1465f54324,TI-03_20260907_0017.jpg,2026-09-07 08:35:48,TI-03,drone,saudavel,saudavel,0.9501,agrosmart-v1,simulado,sim-2026-09
25b45ffc-ff86-5abf-b76d-7796412aa366,TI-03_20260907_0018.jpg,2026-09-07 08:36:18,TI-03,drone,saudavel,saudavel,0.8405,agrosmart-v1,simulado,sim-2026-09
25ae3722-91b9-5de9-ac58-9ff627923df9,TI-03_20260907_0019.jpg,2026-09-07 08:36:59,TI-03,drone,saudavel,saudavel,0.8684,agrosmart-v1,simulado,sim-2026-09
b41c22a7-3adb-5372-a250-7a51e7966ce1,TI-03_20260907_0020.jpg,2026-09-07 08:37:35,TI-03,drone,saudavel,saudavel,0.9062,agrosmart-v1,simulado,sim-2026-09
6415a03c-289e-55c5-9971-32e8db650887,TI-03_20260907_0021.jpg,2026-09-07 08:38:15,TI-03,drone,doente,pinta_preta,0.9110,agrosmart-v1,simulado,sim-2026-09
b00b786e-3801-5c0a-9a53-69cc2827ddc0,TI-03_20260907_0022.jpg,2026-09-07 08:39:08,TI-03,drone,doente,mosca_minadora,0.9951,agrosmart-v1,simulado,sim-2026-09
2a838fe2-079d-53a7-876b-37e5986bbcce,TI-03_20260907_0023.jpg,2026-09-07 08:39:40,TI-03,drone,doente,pinta_preta,0.9234,agrosmart-v1,simulado,sim-2026-09
9444de66-e1ca-517c-a0dc-a4abb1f91ba5,TI-03_20260907_0024.jpg,2026-09-07 08:40:25,TI-03,drone,doente,pinta_preta,0.9397,agrosmart-v1,simulado,sim-2026-09
c6243d22-4132-594e-9aac-7c6248345a53,TI-03_20260907_0025.jpg,2026-09-07 08:40:58,TI-03,drone,saudavel,saudavel,0.9420,agrosmart-v1,simulado,sim-2026-09
241a9fd8-7f67-5f96-99da-75cdaf087b57,TI-03_20260907_0026.jpg,2026-09-07 08:41:49,TI-03,drone,saudavel,saudavel,0.9986,agrosmart-v1,simulado,sim-2026-09
bb5b3dd4-85e1-5096-964b-19e4e98bf958,TI-03_20260907_0027.jpg,2026-09-07 08:42:00,TI-03,drone,saudavel,saudavel,0.8866,agrosmart-v1,simulado,sim-2026-09
692b0f85-dde5-5aa3-8230-9682e6b24b64,TI-03_20260907_0028.jpg,2026-09-07 08:42:42,TI-03,drone,saudavel,saudavel,0.8223,agrosmart-v1,simulado,sim-2026-09
d62d61ff-4825-5dc5-966d-f8760aaf94d5,TI-03_20260907_0029.jpg,2026-09-07 08:43:44,TI-03,drone,saudavel,saudavel,0.9815,agrosmart-v1,simulado,sim-2026-09
ccc12aca-7ad1-5708-9946-d1b9282cf703,TI-03_20260907_0030.jpg,2026-09-07 08:44:22,TI-03,drone,saudavel,saudavel,0.9379,agrosmart-v1,simulado,sim-2026-09
993f81a2-d14f-5d75-8f77-6e933c4474f2,TI-03_20260907_0031.jpg,2026-09-07 08:44:59,TI-03,drone,saudavel,saudavel,0.9896,agrosmart-v1,simulado,sim-2026-09
d173893f-184a-54fa-a0e4-c12048dbecd7,TI-03_20260907_0032.jpg,2026-09-07 08:45:46,TI-03,drone,saudavel,saudavel,0.9272,agrosmart-v1,simulado,sim-2026-09
8100e06f-d5f5-50f0-be62-fcf61808b5b6,TI-03_20260907_0033.jpg,2026-09-07 08:46:13,TI-03,drone,saudavel,saudavel,0.9725,agrosmart-v1,simulado,sim-2026-09
feff297d-a9c0-5ad4-85ba-df08852c15b8,SC-02_20260907_0001.jpg,2026-09-07 08:47:04,SC-02,smartphone,saudavel,saudavel,0.9755,agrosmart-v1,simulado,sim-2026-09
dc71dcef-2914-5117-90c6-6da375f4b438,TI-03_20260907_0034.jpg,2026-09-07 08:47:07,TI-03,drone,saudavel,saudavel,0.9707,agrosmart-v1,simulado,sim-2026-09
4d1f43b6-a0c1-5a21-ae6a-337e732dd977,TI-03_20260907_0035.jpg,2026-09-07 08:47:25,TI-03,drone,saudavel,saudavel,0.9669,agrosmart-v1,simulado,sim-2026-09
c6643b11-239c-5506-bfc3-f907e6676859,SC-02_20260907_0002.jpg,2026-09-07 08:47:40,SC-02,smartphone,saudavel,saudavel,1.0000,agrosmart-v1,simulado,sim-2026-09
c962b567-e4f5-581a-880a-c6295723187c,SC-02_20260907_0003.jpg,2026-09-07 08:48:07,SC-02,smartphone,saudavel,saudavel,0.9320,agrosmart-v1,simulado,sim-2026-09
5d231afc-605b-585c-ac99-b19f89bc5f2b,TI-03_20260907_0036.jpg,2026-09-07 08:48:22,TI-03,drone,saudavel,saudavel,0.9473,agrosmart-v1,simulado,sim-2026-09
694b4ba8-18c1-5bf0-8d61-7e4be6905e67,SC-02_20260907_0004.jpg,2026-09-07 08:48:46,SC-02,smartphone,doente,requeima,0.9273,agrosmart-v1,simulado,sim-2026-09
ebbc8974-1d4f-5922-a34a-bc9130a2d00a,TI-03_20260907_0037.jpg,2026-09-07 08:49:09,TI-03,drone,doente,pinta_preta,0.8339,agrosmart-v1,simulado,sim-2026-09
23f5f454-faec-55ec-8dc1-66669b4a863e,SC-02_20260907_0005.jpg,2026-09-07 08:49:22,SC-02,smartphone,saudavel,saudavel,0.9989,agrosmart-v1,simulado,sim-2026-09
90e6c8fa-a9d3-5df0-97ee-c5ed946f3964,SC-02_20260907_0006.jpg,2026-09-07 08:50:14,SC-02,smartphone,saudavel,saudavel,1.0000,agrosmart-v1,simulado,sim-2026-09
18424389-f19a-5296-9833-ee0efc4cb00f,SC-02_20260907_0007.jpg,2026-09-07 08:51:08,SC-02,smartphone,saudavel,saudavel,0.8459,agrosmart-v1,simulado,sim-2026-09
a4815317-78c8-5c34-b9a7-e56c547663ad,SC-02_20260907_0008.jpg,2026-09-07 08:51:44,SC-02,smartphone,saudavel,saudavel,0.9270,agrosmart-v1,simulado,sim-2026-09
1b17d943-6098-5901-b045-3ceb7597944e,SC-02_20260907_0009.jpg,2026-09-07 08:52:06,SC-02,smartphone,saudavel,saudavel,0.9893,agrosmart-v1,simulado,sim-2026-09
a83eb800-3a09-52a2-97be-95f8fe83bbff,SC-02_20260907_0010.jpg,2026-09-07 08:52:57,SC-02,smartphone,saudavel,saudavel,0.9769,agrosmart-v1,simulado,sim-2026-09
bb6be81b-ee79-5836-a01b-95bb7aa1a842,SC-02_20260907_0011.jpg,2026-09-07 08:53:43,SC-02,smartphone,saudavel,saudavel,0.9795,agrosmart-v1,simulado,sim-2026-09
368a60a5-e912-5fed-8427-12035dd15951,SC-02_20260907_0012.jpg,2026-09-07 08:54:02,SC-02,smartphone,saudavel,saudavel,0.8547,agrosmart-v1,simulado,sim-2026-09
66c52887-1bba-58e4-a1e7-a6e28c09dd49,SC-02_20260907_0013.jpg,2026-09-07 08:55:00,SC-02,smartphone,saudavel,saudavel,0.9755,agrosmart-v1,simulado,sim-2026-09
2787ee51-f7b0-5879-a21f-d1d6f21d3897,SC-02_20260907_0014.jpg,2026-09-07 08:55:43,SC-02,smartphone,saudavel,saudavel,0.8889,agrosmart-v1,simulado,sim-2026-09
2b4b3af5-db45-5947-b383-5de545971061,SC-02_20260907_0015.jpg,2026-09-07 08:56:27,SC-02,smartphone,saudavel,saudavel,0.9993,agrosmart-v1,simulado,sim-2026-09
644c0bbb-771e-57c0-8d92-d2ccbb347d46,SC-02_20260907_0016.jpg,2026-09-07 08:56:59,SC-02,smartphone,saudavel,saudavel,0.9985,agrosmart-v1,simulado,sim-2026-09
22dbb0ce-ab7e-57a4-9098-b82b3f1864d3,SC-02_20260907_0017.jpg,2026-09-07 08:57:38,SC-02,smartphone,saudavel,saudavel,0.9843,agrosmart-v1,simulado,sim-2026-09
a1018f04-55b3-5fa0-9224-6026894a574a,SC-02_20260907_0018.jpg,2026-09-07 08:58:04,SC-02,smartphone,doente,pinta_preta,0.9909,agrosmart-v1,simulado,sim-2026-09
ca0d06b1-04ae-59c7-a96a-732104d1c32d,SC-02_20260907_0019.jpg,2026-09-07 08:59:01,SC-02,smartphone,saudavel,saudavel,0.9716,agrosmart-v1,simulado,sim-2026-09
f9b75180-1d8b-59c9-a827-8efc6eb49388,SC-02_20260907_0020.jpg,2026-09-07 08:59:34,SC-02,smartphone,saudavel,saudavel,0.9289,agrosmart-v1,simulado,sim-2026-09
9a2fa953-02ba-509e-8789-b5b602990ac0,SC-02_20260907_0021.jpg,2026-09-07 09:00:26,SC-02,smartphone,saudavel,saudavel,0.9946,agrosmart-v1,simulado,sim-2026-09
d7efa294-b8c4-5847-954c-1c8841e29bf7,SC-02_20260907_0022.jpg,2026-09-07 09:01:09,SC-02,smartphone,saudavel,saudavel,0.9721,agrosmart-v1,simulado,sim-2026-09
12219a70-2bdb-5557-9b91-135f1c5ac6d7,SC-02_20260907_0023.jpg,2026-09-07 09:01:43,SC-02,smartphone,saudavel,saudavel,0.9260,agrosmart-v1,simulado,sim-2026-09
c3286bde-59a1-5a6d-b770-426aa3ef57bf,SC-01_20260907_0001.jpg,2026-09-07 09:02:06,SC-01,smartphone,saudavel,saudavel,0.9184,agrosmart-v1,simulado,sim-2026-09
e55aefdc-87ae-5a22-ae5a-83e0285acbc1,SC-02_20260907_0024.jpg,2026-09-07 09:02:07,SC-02,smartphone,saudavel,saudavel,0.9993,agrosmart-v1,simulado,sim-2026-09
91fc49a4-8364-5632-bb1d-69a3094dbb1c,SC-01_20260907_0002.jpg,2026-09-07 09:02:46,SC-01,smartphone,saudavel,saudavel,0.9867,agrosmart-v1,simulado,sim-2026-09
f59f47d4-0dba-541e-b20a-a85a5583fbb9,SC-02_20260907_0025.jpg,2026-09-07 09:03:07,SC-02,smartphone,saudavel,saudavel,0.8654,agrosmart-v1,simulado,sim-2026-09
ea49a005-4d48-5f90-a9c5-f7ca5e14d666,SC-01_20260907_0003.jpg,2026-09-07 09:03:22,SC-01,smartphone,saudavel,saudavel,0.9799,agrosmart-v1,simulado,sim-2026-09
e2aa9e61-43fc-5e0b-9ee1-2a9278a566db,SC-02_20260907_0026.jpg,2026-09-07 09:03:35,SC-02,smartphone,saudavel,saudavel,0.9863,agrosmart-v1,simulado,sim-2026-09
437a8ffc-7da1-5c3e-858c-98ab8271336a,SC-01_20260907_0004.jpg,2026-09-07 09:04:08,SC-01,smartphone,saudavel,saudavel,0.9916,agrosmart-v1,simulado,sim-2026-09
d8e84936-1c03-5691-b303-cbe103801d9c,SC-02_20260907_0027.jpg,2026-09-07 09:04:30,SC-02,smartphone,saudavel,saudavel,0.9064,agrosmart-v1,simulado,sim-2026-09
09b547ee-bc6c-560b-a059-be691d4dcabb,SC-01_20260907_0005.jpg,2026-09-07 09:04:34,SC-01,smartphone,doente,requeima,0.8448,agrosmart-v1,simulado,sim-2026-09
6daec7e4-4188-59cc-8467-422fb59fa086,SC-01_20260907_0006.jpg,2026-09-07 09:05:16,SC-01,smartphone,saudavel,saudavel,0.9129,agrosmart-v1,simulado,sim-2026-09
db6b8cac-f3db-5213-90d0-cca48b747000,SC-01_20260907_0007.jpg,2026-09-07 09:05:52,SC-01,smartphone,saudavel,saudavel,0.9187,agrosmart-v1,simulado,sim-2026-09
25b49daa-ad87-5169-9c02-8ccff5b8d38e,SC-01_20260907_0008.jpg,2026-09-07 09:06:35,SC-01,smartphone,saudavel,saudavel,0.9074,agrosmart-v1,simulado,sim-2026-09
84d71367-3746-5b0b-b411-08a759f60938,SC-01_20260907_0009.jpg,2026-09-07 09:07:08,SC-01,smartphone,saudavel,saudavel,0.8658,agrosmart-v1,simulado,sim-2026-09
f832a5e1-9be7-5f2c-a17e-035657e382c7,SC-01_20260907_0010.jpg,2026-09-07 09:08:00,SC-01,smartphone,saudavel,saudavel,0.8799,agrosmart-v1,simulado,sim-2026-09
7ee37823-f8da-58c4-a4ea-88953e0a52d5,SC-01_20260907_0011.jpg,2026-09-07 09:08:33,SC-01,smartphone,doente,vaquinha,0.8816,agrosmart-v1,simulado,sim-2026-09
e958bf08-a805-5bd1-99d3-2443ced9f24a,SC-01_20260907_0012.jpg,2026-09-07 09:09:25,SC-01,smartphone,saudavel,saudavel,0.8911,agrosmart-v1,simulado,sim-2026-09
788091e1-9f09-5d31-816c-5b5dd688d434,SC-01_20260907_0013.jpg,2026-09-07 09:10:08,SC-01,smartphone,saudavel,saudavel,0.9473,agrosmart-v1,simulado,sim-2026-09
ccbe91b2-c149-5c85-845b-37e3a41f9677,SC-01_20260907_0014.jpg,2026-09-07 09:10:44,SC-01,smartphone,saudavel,saudavel,0.8778,agrosmart-v1,simulado,sim-2026-09
0be5db78-73b3-5e46-b1f4-c7de7ca672a7,SC-01_20260907_0015.jpg,2026-09-07 09:11:06,SC-01,smartphone,saudavel,saudavel,0.9996,agrosmart-v1,simulado,sim-2026-09
7207cc46-6931-56b9-817d-a885692ec2cd,SC-01_20260907_0016.jpg,2026-09-07 09:11:59,SC-01,smartphone,saudavel,saudavel,0.8842,agrosmart-v1,simulado,sim-2026-09
966ec0d0-8326-5560-b526-3fa6882f36f8,SC-01_20260907_0017.jpg,2026-09-07 09:12:27,SC-01,smartphone,saudavel,saudavel,0.8635,agrosmart-v1,simulado,sim-2026-09
beae0864-2eea-5060-befe-2382a6805ef1,SC-01_20260907_0018.jpg,2026-09-07 09:13:16,SC-01,smartphone,saudavel,saudavel,0.9861,agrosmart-v1,simulado,sim-2026-09
1d51768f-41b7-5b5c-89fa-f0f1c18d00da,SC-01_20260907_0019.jpg,2026-09-07 09:13:49,SC-01,smartphone,saudavel,saudavel,0.9992,agrosmart-v1,simulado,sim-2026-09
926a7398-2405-5551-bb95-8dc0346118fa,SC-01_20260907_0020.jpg,2026-09-07 09:14:26,SC-01,smartphone,saudavel,saudavel,0.9670,agrosmart-v1,simulado,sim-2026-09
4da654af-84d4-59c7-bd7d-2462969deac1,SC-01_20260907_0021.jpg,2026-09-07 09:15:27,SC-01,smartphone,saudavel,saudavel,0.9601,agrosmart-v1,simulado,sim-2026-09
26835b1a-2a0f-51e2-a627-ca29a5fa37a6,SC-01_20260907_0022.jpg,2026-09-07 09:15:59,SC-01,smartphone,saudavel,saudavel,0.9998,agrosmart-v1,simulado,sim-2026-09
f9955e17-1b9a-58e3-8a17-4da03e57b075,SC-01_20260907_0023.jpg,2026-09-07 09:16:22,SC-01,smartphone,saudavel,saudavel,0.9324,agrosmart-v1,simulado,sim-2026-09
951b9068-47a9-5e9e-a268-f9e27a4e5c99,SC-01_20260907_0024.jpg,2026-09-07 09:17:15,SC-01,smartphone,saudavel,saudavel,0.9964,agrosmart-v1,simulado,sim-2026-09
2cacd248-d717-5364-bcdb-76498fcaf7d0,SC-01_20260907_0025.jpg,2026-09-07 09:18:01,SC-01,smartphone,saudavel,saudavel,0.9506,agrosmart-v1,simulado,sim-2026-09
5b9d13f2-51a2-501c-9f48-f25176b752a4,SC-01_20260907_0026.jpg,2026-09-07 09:18:44,SC-01,smartphone,saudavel,saudavel,0.9829,agrosmart-v1,simulado,sim-2026-09
59564b00-cc10-5e0a-be00-addf3fddc629,SC-01_20260907_0027.jpg,2026-09-07 09:19:00,SC-01,smartphone,saudavel,saudavel,0.8386,agrosmart-v1,simulado,sim-2026-09
9972e153-de5b-5052-9e99-78410caa6ece,SC-01_20260907_0028.jpg,2026-09-07 09:19:47,SC-01,smartphone,saudavel,saudavel,0.8246,agrosmart-v1,simulado,sim-2026-09
582b24f4-9098-5b39-80f7-17f534445097,SC-01_20260907_0029.jpg,2026-09-07 09:20:42,SC-01,smartphone,saudavel,saudavel,0.8905,agrosmart-v1,simulado,sim-2026-09
643b48e9-5bf5-5f44-acd6-acd6520986c8,BV-04_20260907_0001.jpg,2026-09-07 09:22:50,BV-04,smartphone,saudavel,saudavel,0.9853,agrosmart-v1,simulado,sim-2026-09
bc4f13fb-39ab-54d1-b796-6b2de070e6fe,BV-04_20260907_0002.jpg,2026-09-07 09:23:44,BV-04,smartphone,saudavel,saudavel,0.9756,agrosmart-v1,simulado,sim-2026-09
2b8d47bf-3b9e-551d-9d73-04008b84d717,BV-04_20260907_0003.jpg,2026-09-07 09:24:01,BV-04,smartphone,saudavel,saudavel,0.9915,agrosmart-v1,simulado,sim-2026-09
cdbd16dc-bd9e-53b6-bfcd-67d57a9d4605,BV-04_20260907_0004.jpg,2026-09-07 09:25:03,BV-04,smartphone,saudavel,saudavel,1.0000,agrosmart-v1,simulado,sim-2026-09
637f4f9a-e0bd-54cb-953e-45a7be38ed62,BV-04_20260907_0005.jpg,2026-09-07 09:25:45,BV-04,smartphone,saudavel,saudavel,0.8409,agrosmart-v1,simulado,sim-2026-09
63a745d7-4d1e-5362-8ab5-8b4f65180b40,BV-04_20260907_0006.jpg,2026-09-07 09:26:12,BV-04,smartphone,saudavel,saudavel,0.9007,agrosmart-v1,simulado,sim-2026-09
409fc624-2a04-5a9f-ae1a-8343290071e7,BV-04_20260907_0007.jpg,2026-09-07 09:27:03,BV-04,smartphone,saudavel,saudavel,0.8863,agrosmart-v1,simulado,sim-2026-09
b84b6a82-1c85-50c3-bb63-a2669de09aef,BV-04_20260907_0008.jpg,2026-09-07 09:27:42,BV-04,smartphone,saudavel,saudavel,0.9948,agrosmart-v1,simulado,sim-2026-09
5fe34a15-c19a-5fd0-95e6-8821d85c3968,BV-04_20260907_0009.jpg,2026-09-07 09:28:09,BV-04,smartphone,saudavel,saudavel,0.9632,agrosmart-v1,simulado,sim-2026-09
4c753e3a-c2f0-50d6-a34d-3d7b919bebfe,BV-04_20260907_0010.jpg,2026-09-07 09:28:59,BV-04,smartphone,saudavel,saudavel,0.9673,agrosmart-v1,simulado,sim-2026-09
696c8acb-8108-5258-a658-cf3dac771094,BV-04_20260907_0011.jpg,2026-09-07 09:29:45,BV-04,smartphone,saudavel,saudavel,0.9972,agrosmart-v1,simulado,sim-2026-09
a3ae1f25-c11c-54ed-9d7c-63adff06c511,BV-04_20260907_0012.jpg,2026-09-07 09:30:09,BV-04,smartphone,saudavel,saudavel,0.9666,agrosmart-v1,simulado,sim-2026-09
6582f8e9-a237-56d5-8cb1-6d9544a645cd,BV-04_20260907_0013.jpg,2026-09-07 09:31:03,BV-04,smartphone,saudavel,saudavel,0.6394,agrosmart-v1,simulado,sim-2026-09
86fa8fe1-fd75-598a-94f4-93177e725595,BV-04_20260907_0014.jpg,2026-09-07 09:31:43,BV-04,smartphone,saudavel,saudavel,0.9828,agrosmart-v1,simulado,sim-2026-09
3abe005a-e1ab-5a91-95ff-147233cef55e,BV-04_20260907_0015.jpg,2026-09-07 09:32:14,BV-04,smartphone,saudavel,saudavel,0.9440,agrosmart-v1,simulado,sim-2026-09
28feb263-2955-5e98-a4f6-58fb03f23ec1,BV-04_20260907_0016.jpg,2026-09-07 09:33:02,BV-04,smartphone,saudavel,saudavel,0.9604,agrosmart-v1,simulado,sim-2026-09
7ef65382-6197-5c7b-a506-1118d6e9263d,BV-04_20260907_0017.jpg,2026-09-07 09:33:31,BV-04,smartphone,saudavel,saudavel,0.9859,agrosmart-v1,simulado,sim-2026-09
38bf6e32-dd4e-50c0-b8ee-1b19a9f96de5,BV-04_20260907_0018.jpg,2026-09-07 09:34:13,BV-04,smartphone,saudavel,saudavel,0.8885,agrosmart-v1,simulado,sim-2026-09
5afa7df3-2198-528d-aa94-3b9989bbb921,BV-04_20260907_0019.jpg,2026-09-07 09:34:40,BV-04,smartphone,saudavel,saudavel,0.9558,agrosmart-v1,simulado,sim-2026-09
92eefec3-fc12-5c5c-8c10-79371f27ea9d,BV-04_20260907_0020.jpg,2026-09-07 09:35:29,BV-04,smartphone,saudavel,saudavel,0.8930,agrosmart-v1,simulado,sim-2026-09
cc952bd7-d2d5-55ef-8e07-bd241b824e34,BV-04_20260907_0021.jpg,2026-09-07 09:36:11,BV-04,smartphone,saudavel,saudavel,0.9437,agrosmart-v1,simulado,sim-2026-09
105e9fca-2219-5794-a3ab-3eb78d7e7149,BV-04_20260907_0022.jpg,2026-09-07 09:36:51,BV-04,smartphone,doente,pinta_preta,0.8806,agrosmart-v1,simulado,sim-2026-09
4c7aa049-6a81-5959-a0d6-78797d42595b,BV-04_20260907_0023.jpg,2026-09-07 09:37:33,BV-04,smartphone,saudavel,saudavel,0.9406,agrosmart-v1,simulado,sim-2026-09
98ec8a58-2681-575d-bafc-1ec9f259b0af,SC-03_20260907_0001.jpg,2026-09-07 09:40:47,SC-03,smartphone,saudavel,saudavel,0.9904,agrosmart-v1,simulado,sim-2026-09
833e9cf0-e44f-527b-b251-184b9ed3a620,SC-03_20260907_0002.jpg,2026-09-07 09:41:20,SC-03,smartphone,saudavel,saudavel,0.8606,agrosmart-v1,simulado,sim-2026-09
5bd7b3cd-823a-5f50-afe8-4457111a37e7,BV-02_20260907_0001.jpg,2026-09-07 09:42:09,BV-02,smartphone,saudavel,saudavel,0.9789,agrosmart-v1,simulado,sim-2026-09
9e339c24-07a1-53a7-842b-851c688cfbd9,BV-02_20260907_0002.jpg,2026-09-07 09:42:21,BV-02,smartphone,saudavel,saudavel,0.9920,agrosmart-v1,simulado,sim-2026-09
770867a8-675b-5dcc-9d28-ed0eee7dc578,SC-03_20260907_0003.jpg,2026-09-07 09:42:26,SC-03,smartphone,saudavel,saudavel,0.9793,agrosmart-v1,simulado,sim-2026-09
9a383480-21d9-568a-ac93-19f1411c2ce9,SC-03_20260907_0004.jpg,2026-09-07 09:42:56,SC-03,smartphone,saudavel,saudavel,0.9210,agrosmart-v1,simulado,sim-2026-09
57f34df8-146a-5e9a-8322-eaaee4579d94,BV-02_20260907_0003.jpg,2026-09-07 09:43:27,BV-02,smartphone,saudavel,saudavel,0.8229,agrosmart-v1,simulado,sim-2026-09
11a8ac33-158e-547f-84b9-d9bfdc2338d6,SC-03_20260907_0005.jpg,2026-09-07 09:43:27,SC-03,smartphone,saudavel,saudavel,0.8685,agrosmart-v1,simulado,sim-2026-09
d881a555-80a9-58fe-b094-2e3e68101389,BV-02_20260907_0004.jpg,2026-09-07 09:44:09,BV-02,smartphone,saudavel,saudavel,0.9806,agrosmart-v1,simulado,sim-2026-09
e00b5d5e-d5ed-537e-9d21-04f550abc3f8,SC-03_20260907_0006.jpg,2026-09-07 09:44:19,SC-03,smartphone,saudavel,saudavel,0.8372,agrosmart-v1,simulado,sim-2026-09
9a58eb6b-247e-5948-93ea-82b435502732,SC-03_20260907_0007.jpg,2026-09-07 09:44:41,SC-03,smartphone,saudavel,saudavel,0.9359,agrosmart-v1,simulado,sim-2026-09
1e8e4e6c-e1d6-5aed-bc15-f025f248ab32,BV-02_20260907_0005.jpg,2026-09-07 09:44:45,BV-02,smartphone,saudavel,saudavel,0.9994,agrosmart-v1,simulado,sim-2026-09
e572e0aa-0f91-59eb-817c-02ef37122516,BV-02_20260907_0006.jpg,2026-09-07 09:45:20,BV-02,smartphone,saudavel,saudavel,0.8799,agrosmart-v1,simulado,sim-2026-09
64701383-a181-5e29-aa0e-96993903031f,SC-03_20260907_0008.jpg,2026-09-07 09:45:39,SC-03,smartphone,saudavel,saudavel,0.9416,agrosmart-v1,simulado,sim-2026-09
be9eb6d6-8179-5e08-bcfc-37dc65c72c31,BV-02_20260907_0007.jpg,2026-09-07 09:46:02,BV-02,smartphone,saudavel,saudavel,0.9631,agrosmart-v1,simulado,sim-2026-09
988149dd-2f44-5ede-804b-45ab6e41a478,SC-03_20260907_0009.jpg,2026-09-07 09:46:08,SC-03,smartphone,saudavel,saudavel,0.9646,agrosmart-v1,simulado,sim-2026-09
644ecc9a-089a-5f56-8587-0ae9f4356ddc,BV-02_20260907_0008.jpg,2026-09-07 09:46:33,BV-02,smartphone,doente,mosca_minadora,0.7742,agrosmart-v1,simulado,sim-2026-09
cfe62a13-81e4-5e1b-bca6-81ec41587c1f,SC-03_20260907_0010.jpg,2026-09-07 09:46:46,SC-03,smartphone,saudavel,saudavel,0.8806,agrosmart-v1,simulado,sim-2026-09
524d641c-60b0-57b3-bf60-79bc402f6f47,BV-02_20260907_0009.jpg,2026-09-07 09:47:29,BV-02,smartphone,saudavel,saudavel,0.9749,agrosmart-v1,simulado,sim-2026-09
eeed678b-35dc-5729-9595-690593c71fda,BV-02_20260907_0010.jpg,2026-09-07 09:47:41,BV-02,smartphone,saudavel,saudavel,0.8399,agrosmart-v1,simulado,sim-2026-09
1e302b59-3e1e-519e-82da-104e44627219,SC-03_20260907_0011.jpg,2026-09-07 09:47:47,SC-03,smartphone,saudavel,saudavel,0.9494,agrosmart-v1,simulado,sim-2026-09
0dc96013-e658-532b-b0f0-850280397101,SC-03_20260907_0012.jpg,2026-09-07 09:48:27,SC-03,smartphone,saudavel,saudavel,0.9708,agrosmart-v1,simulado,sim-2026-09
833d0d1c-b707-57f7-aaf6-9d0c056b4d58,BV-02_20260907_0011.jpg,2026-09-07 09:48:44,BV-02,smartphone,saudavel,saudavel,0.9985,agrosmart-v1,simulado,sim-2026-09
fbc2e4ec-bdc6-5d89-92f1-710aa3e26836,BV-02_20260907_0012.jpg,2026-09-07 09:49:00,BV-02,smartphone,saudavel,saudavel,0.8718,agrosmart-v1,simulado,sim-2026-09
93876f52-2fb7-514e-bed4-c09e394154d7,SC-03_20260907_0013.jpg,2026-09-07 09:49:07,SC-03,smartphone,saudavel,saudavel,0.8682,agrosmart-v1,simulado,sim-2026-09
fa201386-2fd9-5fc1-939a-25ee5370c886,BV-03_20260907_0001.jpg,2026-09-07 09:49:08,BV-03,smartphone,saudavel,saudavel,0.9133,agrosmart-v1,simulado,sim-2026-09
54faa713-c7bd-5c94-bafc-c387638fa84a,SC-03_20260907_0014.jpg,2026-09-07 09:49:20,SC-03,smartphone,saudavel,saudavel,0.9999,agrosmart-v1,simulado,sim-2026-09
1b0d0067-4e66-5e0b-9801-0d00776b71fa,BV-03_20260907_0002.jpg,2026-09-07 09:49:26,BV-03,smartphone,saudavel,saudavel,0.9981,agrosmart-v1,simulado,sim-2026-09
209ab566-38a9-50c7-a73f-f81a99679d36,BV-02_20260907_0013.jpg,2026-09-07 09:49:43,BV-02,smartphone,saudavel,saudavel,0.9223,agrosmart-v1,simulado,sim-2026-09
3f218848-d917-5f3d-b52a-5e4e741bf0e3,BV-03_20260907_0003.jpg,2026-09-07 09:50:11,BV-03,smartphone,saudavel,saudavel,0.9727,agrosmart-v1,simulado,sim-2026-09
5c1fe0ab-d6b8-54f2-8cfd-cdcaab0774c8,SC-03_20260907_0015.jpg,2026-09-07 09:50:22,SC-03,smartphone,saudavel,saudavel,0.9557,agrosmart-v1,simulado,sim-2026-09
a7473db7-d3f9-52f1-bd56-5e31bb25476f,BV-02_20260907_0014.jpg,2026-09-07 09:50:33,BV-02,smartphone,saudavel,saudavel,0.8606,agrosmart-v1,simulado,sim-2026-09
53e539ea-e789-5df3-9d8a-211076b7c60b,BV-03_20260907_0004.jpg,2026-09-07 09:50:56,BV-03,smartphone,saudavel,saudavel,0.9977,agrosmart-v1,simulado,sim-2026-09
4cae62d6-c0a1-567d-a115-a06b231e5ca8,SC-03_20260907_0016.jpg,2026-09-07 09:51:01,SC-03,smartphone,saudavel,saudavel,0.9128,agrosmart-v1,simulado,sim-2026-09
426cfb31-2f3f-5e48-888a-bdc34a67131e,BV-02_20260907_0015.jpg,2026-09-07 09:51:07,BV-02,smartphone,saudavel,saudavel,0.8662,agrosmart-v1,simulado,sim-2026-09
d7a90a10-3217-53e4-9d8d-193a5eeec67c,SC-03_20260907_0017.jpg,2026-09-07 09:51:31,SC-03,smartphone,saudavel,saudavel,0.8674,agrosmart-v1,simulado,sim-2026-09
fbd06c57-5b14-5b84-acbf-1face7d3ed20,BV-03_20260907_0005.jpg,2026-09-07 09:51:35,BV-03,smartphone,saudavel,saudavel,0.9733,agrosmart-v1,simulado,sim-2026-09
dc60c8d9-4411-5239-997a-5f1b198aa9fc,BV-02_20260907_0016.jpg,2026-09-07 09:52:06,BV-02,smartphone,saudavel,saudavel,0.9928,agrosmart-v1,simulado,sim-2026-09
e8c75d91-5100-59ae-bc3c-286df23df0e2,BV-02_20260907_0017.jpg,2026-09-07 09:52:22,BV-02,smartphone,doente,pinta_preta,0.9366,agrosmart-v1,simulado,sim-2026-09
c16fa90b-fab0-558f-9c99-31e52f728b02,BV-03_20260907_0006.jpg,2026-09-07 09:52:23,BV-03,smartphone,saudavel,saudavel,0.9927,agrosmart-v1,simulado,sim-2026-09
05f00e5c-8ae4-51a8-9d29-6c86f557b23a,SC-03_20260907_0018.jpg,2026-09-07 09:52:23,SC-03,smartphone,saudavel,saudavel,0.9810,agrosmart-v1,simulado,sim-2026-09
9e0e51cd-5a42-534d-9145-eb732c3b637b,BV-03_20260907_0007.jpg,2026-09-07 09:52:53,BV-03,smartphone,saudavel,saudavel,0.8638,agrosmart-v1,simulado,sim-2026-09
e59f360b-b92d-52ee-bf3c-799aaa6babdc,BV-02_20260907_0018.jpg,2026-09-07 09:53:00,BV-02,smartphone,saudavel,saudavel,0.9882,agrosmart-v1,simulado,sim-2026-09
5c9ff13e-6b02-5eed-9db1-b2f67589dcae,SC-03_20260907_0019.jpg,2026-09-07 09:53:01,SC-03,smartphone,saudavel,saudavel,0.8416,agrosmart-v1,simulado,sim-2026-09
46ae5c92-b380-5592-a8b2-a95a3a60bc77,SC-03_20260907_0020.jpg,2026-09-07 09:53:33,SC-03,smartphone,saudavel,saudavel,0.9950,agrosmart-v1,simulado,sim-2026-09
94b70e0a-a657-5065-ba2f-168d80d4d461,BV-03_20260907_0008.jpg,2026-09-07 09:53:47,BV-03,smartphone,saudavel,saudavel,0.7818,agrosmart-v1,simulado,sim-2026-09
4fc1aef8-e9e8-5be6-b916-2c93b6b85236,BV-02_20260907_0019.jpg,2026-09-07 09:54:00,BV-02,smartphone,saudavel,saudavel,0.9542,agrosmart-v1,simulado,sim-2026-09
9487e136-8417-5337-a510-62e94c07cb84,SC-03_20260907_0021.jpg,2026-09-07 09:54:08,SC-03,smartphone,saudavel,saudavel,0.9630,agrosmart-v1,simulado,sim-2026-09
f0742dc6-d043-5884-90cf-2ef3f0a6efb3,BV-03_20260907_0009.jpg,2026-09-07 09:54:11,BV-03,smartphone,saudavel,saudavel,0.9771,agrosmart-v1,simulado,sim-2026-09
b8c4e617-a57f-5923-a9d0-6072ac6cdd48,BV-02_20260907_0020.jpg,2026-09-07 09:54:37,BV-02,smartphone,saudavel,saudavel,0.9120,agrosmart-v1,simulado,sim-2026-09
6e02c092-5245-52c0-b477-1098e6ab4505,BV-03_20260907_0010.jpg,2026-09-07 09:54:58,BV-03,smartphone,saudavel,saudavel,0.9807,agrosmart-v1,simulado,sim-2026-09
c73c049b-3d61-5efb-afe4-9fb1e9ddbbf3,SC-03_20260907_0022.jpg,2026-09-07 09:55:09,SC-03,smartphone,saudavel,saudavel,0.9999,agrosmart-v1,simulado,sim-2026-09
28062a00-ebf6-5510-98e0-db3af9ec150a,BV-02_20260907_0021.jpg,2026-09-07 09:55:20,BV-02,smartphone,saudavel,saudavel,0.9420,agrosmart-v1,simulado,sim-2026-09
358bf320-0d4f-5fe8-baaf-76520dac4b86,SC-03_20260907_0023.jpg,2026-09-07 09:55:34,SC-03,smartphone,saudavel,saudavel,0.8843,agrosmart-v1,simulado,sim-2026-09
afa6d081-03c2-541b-bd24-804c383c4742,BV-03_20260907_0011.jpg,2026-09-07 09:55:37,BV-03,smartphone,saudavel,saudavel,0.9761,agrosmart-v1,simulado,sim-2026-09
e8ca0eff-9644-557d-95ab-0bf2d79a4d85,BV-02_20260907_0022.jpg,2026-09-07 09:55:58,BV-02,smartphone,saudavel,saudavel,0.9918,agrosmart-v1,simulado,sim-2026-09
ebc7a380-47ee-5b13-bd56-2e7d3f63bbb9,BV-03_20260907_0012.jpg,2026-09-07 09:56:07,BV-03,smartphone,saudavel,saudavel,0.9366,agrosmart-v1,simulado,sim-2026-09
671486a0-a33a-57c7-a499-616d1b5b4f7b,SC-03_20260907_0024.jpg,2026-09-07 09:56:20,SC-03,smartphone,saudavel,saudavel,0.9025,agrosmart-v1,simulado,sim-2026-09
73e89286-1ee5-59fc-b6d3-cb15842322f0,BV-02_20260907_0023.jpg,2026-09-07 09:56:31,BV-02,smartphone,saudavel,saudavel,0.9881,agrosmart-v1,simulado,sim-2026-09
f061e5e8-ae78-55f6-91bd-7cb182e826b5,BV-03_20260907_0013.jpg,2026-09-07 09:56:45,BV-03,smartphone,saudavel,saudavel,0.9729,agrosmart-v1,simulado,sim-2026-09
9407c4d9-3574-5d13-8645-2486a410208d,SC-03_20260907_0025.jpg,2026-09-07 09:57:05,SC-03,smartphone,saudavel,saudavel,0.8918,agrosmart-v1,simulado,sim-2026-09
853701fa-43a8-57d1-8c3c-30a3b789f12c,BV-03_20260907_0014.jpg,2026-09-07 09:57:23,BV-03,smartphone,saudavel,saudavel,0.8914,agrosmart-v1,simulado,sim-2026-09
535709f8-75b0-5876-82d9-271cbe78fbf8,BV-02_20260907_0024.jpg,2026-09-07 09:57:24,BV-02,smartphone,saudavel,saudavel,0.8741,agrosmart-v1,simulado,sim-2026-09
5aea7196-6667-5125-a032-ff17274dc3b2,SC-03_20260907_0026.jpg,2026-09-07 09:57:34,SC-03,smartphone,saudavel,saudavel,0.9828,agrosmart-v1,simulado,sim-2026-09
a8927a73-f6c3-582a-a5a3-798dbf7b3a1c,BV-02_20260907_0025.jpg,2026-09-07 09:57:59,BV-02,smartphone,doente,mosca_minadora,0.9523,agrosmart-v1,simulado,sim-2026-09
89768d95-fdf5-53b5-b0b4-07d2c070183e,BV-03_20260907_0015.jpg,2026-09-07 09:58:17,BV-03,smartphone,saudavel,saudavel,0.9164,agrosmart-v1,simulado,sim-2026-09
0180a7a3-2877-5d07-8bc6-5095a86af77c,SC-03_20260907_0027.jpg,2026-09-07 09:58:18,SC-03,smartphone,saudavel,saudavel,0.9945,agrosmart-v1,simulado,sim-2026-09
213fd918-c7bc-568f-9493-375f91ef5eaf,BV-02_20260907_0026.jpg,2026-09-07 09:58:35,BV-02,smartphone,saudavel,saudavel,0.9826,agrosmart-v1,simulado,sim-2026-09
6e450d8f-bd01-5a00-bf19-8c7502d5107d,SC-03_20260907_0028.jpg,2026-09-07 09:58:47,SC-03,smartphone,saudavel,saudavel,0.9895,agrosmart-v1,simulado,sim-2026-09
4b93b7b5-51f6-5a90-b444-1ae297dd9bde,BV-03_20260907_0016.jpg,2026-09-07 09:58:48,BV-03,smartphone,saudavel,saudavel,0.9671,agrosmart-v1,simulado,sim-2026-09
7a432a09-1cd9-5a60-bb3b-5a7b470b1b2c,BV-02_20260907_0027.jpg,2026-09-07 09:59:06,BV-02,smartphone,saudavel,saudavel,0.9053,agrosmart-v1,simulado,sim-2026-09
a11da678-97a1-5c8e-8730-db8537c8a41f,SC-03_20260907_0029.jpg,2026-09-07 09:59:34,SC-03,smartphone,saudavel,saudavel,0.9815,agrosmart-v1,simulado,sim-2026-09
4777e580-9ead-5574-a9df-d7ce5e4002e7,BV-03_20260907_0017.jpg,2026-09-07 09:59:47,BV-03,smartphone,saudavel,saudavel,0.8805,agrosmart-v1,simulado,sim-2026-09
010aa684-d249-5df2-a623-f4f64350e57a,BV-02_20260907_0028.jpg,2026-09-07 09:59:48,BV-02,smartphone,doente,pinta_preta,0.9957,agrosmart-v1,simulado,sim-2026-09
8682628b-823e-5dcb-9c41-ea6ea085ad05,BV-03_20260907_0018.jpg,2026-09-07 10:00:00,BV-03,smartphone,saudavel,saudavel,0.9522,agrosmart-v1,simulado,sim-2026-09
ad92a2be-9fc8-57d5-8733-44a8c6ec8c61,SC-03_20260907_0030.jpg,2026-09-07 10:00:10,SC-03,smartphone,saudavel,saudavel,0.8256,agrosmart-v1,simulado,sim-2026-09
3ed8b102-f09a-53e8-aceb-19a61757b87e,BV-02_20260907_0029.jpg,2026-09-07 10:00:41,BV-02,smartphone,saudavel,saudavel,0.9911,agrosmart-v1,simulado,sim-2026-09
eb687a25-8380-50a2-aefd-221b84ceb303,BV-03_20260907_0019.jpg,2026-09-07 10:01:08,BV-03,smartphone,saudavel,saudavel,0.9942,agrosmart-v1,simulado,sim-2026-09
bd9b947f-2586-58d6-8641-d3aa24777e95,BV-02_20260907_0030.jpg,2026-09-07 10:01:14,BV-02,smartphone,saudavel,saudavel,0.9918,agrosmart-v1,simulado,sim-2026-09
0b32c1d6-ac43-5225-a6b3-3f35bfc15788,BV-03_20260907_0020.jpg,2026-09-07 10:01:33,BV-03,smartphone,saudavel,saudavel,0.8816,agrosmart-v1,simulado,sim-2026-09
24120f53-2de0-569a-bb2c-2a41b48d1c13,BV-02_20260907_0031.jpg,2026-09-07 10:02:05,BV-02,smartphone,saudavel,saudavel,0.9655,agrosmart-v1,simulado,sim-2026-09
40831cb5-12fe-59de-b028-affa176f8cc7,BV-03_20260907_0021.jpg,2026-09-07 10:02:10,BV-03,smartphone,saudavel,saudavel,0.9752,agrosmart-v1,simulado,sim-2026-09
0ab57c99-5266-5178-a4cc-1a39e943398b,BV-03_20260907_0022.jpg,2026-09-07 10:02:41,BV-03,smartphone,saudavel,saudavel,0.9972,agrosmart-v1,simulado,sim-2026-09
e82e1d3e-59a4-5eeb-8bd5-9390728737cf,BV-02_20260907_0032.jpg,2026-09-07 10:02:48,BV-02,smartphone,saudavel,saudavel,0.9795,agrosmart-v1,simulado,sim-2026-09
3b75a667-3f92-5028-8a23-e747d6ae567f,BV-03_20260907_0023.jpg,2026-09-07 10:03:50,BV-03,smartphone,saudavel,saudavel,0.9980,agrosmart-v1,simulado,sim-2026-09
9d577628-582a-501e-a2ff-0935dcdaac7c,BV-03_20260907_0024.jpg,2026-09-07 10:04:25,BV-03,smartphone,saudavel,saudavel,0.8795,agrosmart-v1,simulado,sim-2026-09
8cbf7680-c519-5ebb-917b-0f8b4b86e353,BV-03_20260907_0025.jpg,2026-09-07 10:04:40,BV-03,smartphone,saudavel,saudavel,0.9427,agrosmart-v1,simulado,sim-2026-09
1e99cea1-77aa-5338-97bd-581e0abb4195,BV-03_20260907_0026.jpg,2026-09-07 10:05:48,BV-03,smartphone,saudavel,saudavel,1.0000,agrosmart-v1,simulado,sim-2026-09
c7f3d257-fb86-5052-a3de-22e7aa6bea59,BV-03_20260907_0027.jpg,2026-09-07 10:06:26,BV-03,smartphone,saudavel,saudavel,0.8653,agrosmart-v1,simulado,sim-2026-09
4bd43858-a065-5446-af2d-4bbd00b08948,BV-03_20260907_0028.jpg,2026-09-07 10:07:10,BV-03,smartphone,saudavel,saudavel,0.9594,agrosmart-v1,simulado,sim-2026-09
85f340ff-dcdc-5943-9d75-998684e6ae2a,BV-03_20260907_0029.jpg,2026-09-07 10:07:43,BV-03,smartphone,saudavel,saudavel,0.9976,agrosmart-v1,simulado,sim-2026-09
32ad71fb-2e39-50b8-aad4-c2c5b5a511ef,BV-03_20260907_0030.jpg,2026-09-07 10:08:16,BV-03,smartphone,saudavel,saudavel,0.9817,agrosmart-v1,simulado,sim-2026-09
2bfdc4a3-f25f-5a55-9f29-26f4559ed662,BV-03_20260907_0031.jpg,2026-09-07 10:08:55,BV-03,smartphone,saudavel,saudavel,0.8471,agrosmart-v1,simulado,sim-2026-09
d37a1386-c734-5343-b0c0-66a34cd889ec,BV-03_20260907_0032.jpg,2026-09-07 10:09:44,BV-03,smartphone,saudavel,saudavel,1.0000,agrosmart-v1,simulado,sim-2026-09
76321f75-c58b-54ce-9b56-a982c97e252b,BV-03_20260907_0033.jpg,2026-09-07 10:10:04,BV-03,smartphone,saudavel,saudavel,0.8768,agrosmart-v1,simulado,sim-2026-09
9fde3d39-2ac4-5de6-9245-3002336729bf,TI-02_20260909_0001.jpg,2026-09-09 07:04:59,TI-02,drone,saudavel,saudavel,0.9249,agrosmart-v1,simulado,sim-2026-09
99733c04-5fc4-590a-a93f-f1c234c504fd,TI-02_20260909_0002.jpg,2026-09-09 07:05:32,TI-02,drone,saudavel,saudavel,0.9993,agrosmart-v1,simulado,sim-2026-09
85ce7519-6dce-5607-bb24-c61322344193,TI-02_20260909_0003.jpg,2026-09-09 07:06:01,TI-02,drone,saudavel,saudavel,0.9998,agrosmart-v1,simulado,sim-2026-09
36927653-4bc3-558e-8e63-5d49e29bd398,TI-02_20260909_0004.jpg,2026-09-09 07:06:43,TI-02,drone,saudavel,saudavel,0.7606,agrosmart-v1,simulado,sim-2026-09
f4558c00-f88e-54d1-a728-60c07aeb3f54,TI-02_20260909_0005.jpg,2026-09-09 07:07:23,TI-02,drone,saudavel,saudavel,0.9234,agrosmart-v1,simulado,sim-2026-09
af37a748-4070-5c82-af01-fb3eef097e40,TI-02_20260909_0006.jpg,2026-09-09 07:08:26,TI-02,drone,doente,pinta_preta,0.9995,agrosmart-v1,simulado,sim-2026-09
ff4d16f3-e2ee-5f4e-9dd6-9ecd552bdeb8,TI-02_20260909_0007.jpg,2026-09-09 07:08:56,TI-02,drone,doente,pinta_preta,0.7003,agrosmart-v1,simulado,sim-2026-09
87bb07fa-3ca2-5c38-a7d6-f44fcc245700,TI-02_20260909_0008.jpg,2026-09-09 07:09:42,TI-02,drone,doente,pinta_preta,0.9154,agrosmart-v1,simulado,sim-2026-09
5f8f1cd0-d3c7-5f2c-8f4c-d3ad0cdbf6f5,TI-02_20260909_0009.jpg,2026-09-09 07:10:20,TI-02,drone,saudavel,saudavel,0.8980,agrosmart-v1,simulado,sim-2026-09
efa49a9e-68e7-564a-8b5f-9d8e61f9fedc,TI-02_20260909_0010.jpg,2026-09-09 07:11:10,TI-02,drone,saudavel,saudavel,0.8272,agrosmart-v1,simulado,sim-2026-09
6042b8d4-8c6f-5fe5-bd32-9ab08421bbe9,TI-02_20260909_0011.jpg,2026-09-09 07:11:45,TI-02,drone,saudavel,saudavel,0.9854,agrosmart-v1,simulado,sim-2026-09
0f4d9adb-f615-50b6-9b5a-471b8e71809d,TI-02_20260909_0012.jpg,2026-09-09 07:12:07,TI-02,drone,saudavel,saudavel,0.9727,agrosmart-v1,simulado,sim-2026-09
24bd6fa0-5d92-56ab-9753-f769e4781df8,TI-02_20260909_0013.jpg,2026-09-09 07:12:56,TI-02,drone,saudavel,saudavel,0.9907,agrosmart-v1,simulado,sim-2026-09
da310d8f-c190-568e-a493-a4419323bdc8,TI-02_20260909_0014.jpg,2026-09-09 07:13:31,TI-02,drone,saudavel,saudavel,0.9835,agrosmart-v1,simulado,sim-2026-09
a7e990f1-dfe4-56c7-8b27-0210d372ff60,TI-02_20260909_0015.jpg,2026-09-09 07:14:13,TI-02,drone,saudavel,saudavel,0.9281,agrosmart-v1,simulado,sim-2026-09
57fc01dd-b7de-5f36-8714-85b402ee4c70,TI-02_20260909_0016.jpg,2026-09-09 07:14:51,TI-02,drone,saudavel,saudavel,0.9648,agrosmart-v1,simulado,sim-2026-09
cf10211a-d38d-550d-b990-19edfb622865,TI-02_20260909_0017.jpg,2026-09-09 07:15:38,TI-02,drone,saudavel,saudavel,0.9311,agrosmart-v1,simulado,sim-2026-09
115a0c64-e32f-5f11-b3a5-48ba4e17bdb7,TI-02_20260909_0018.jpg,2026-09-09 07:16:15,TI-02,drone,saudavel,saudavel,0.9978,agrosmart-v1,simulado,sim-2026-09
ce83549b-c10e-5806-b976-64fa00298220,TI-02_20260909_0019.jpg,2026-09-09 07:16:53,TI-02,drone,saudavel,saudavel,0.8542,agrosmart-v1,simulado,sim-2026-09
c5dc4df9-ec36-5799-a293-942f1fe10ec6,TI-02_20260909_0020.jpg,2026-09-09 07:17:36,TI-02,drone,saudavel,saudavel,0.9988,agrosmart-v1,simulado,sim-2026-09
27f3383b-f64a-5b4b-8316-3bbf0d9aefbc,TI-02_20260909_0021.jpg,2026-09-09 07:18:01,TI-02,drone,saudavel,saudavel,0.9903,agrosmart-v1,simulado,sim-2026-09
5622c3ab-f062-518f-af2d-80e8d67a5519,TI-02_20260909_0022.jpg,2026-09-09 07:18:51,TI-02,drone,saudavel,saudavel,0.8277,agrosmart-v1,simulado,sim-2026-09
20fc9ec9-2e4b-5369-9fc7-3f4ac205e15f,TI-02_20260909_0023.jpg,2026-09-09 07:19:42,TI-02,drone,doente,pinta_preta,0.8962,agrosmart-v1,simulado,sim-2026-09
51add960-6885-5a6a-8dba-a06d7c66eb0f,TI-02_20260909_0024.jpg,2026-09-09 07:20:17,TI-02,drone,doente,pinta_preta,0.9985,agrosmart-v1,simulado,sim-2026-09
ed8846c0-dc93-5123-9d5e-1122787416be,TI-02_20260909_0025.jpg,2026-09-09 07:21:09,TI-02,drone,saudavel,saudavel,0.9025,agrosmart-v1,simulado,sim-2026-09
84efdb46-dd00-5589-8323-01d66f550339,TI-02_20260909_0026.jpg,2026-09-09 07:21:27,TI-02,drone,saudavel,saudavel,0.8867,agrosmart-v1,simulado,sim-2026-09
9bdabf25-3917-55a3-84e0-1d0703282dc8,BV-01_20260909_0001.jpg,2026-09-09 07:21:59,BV-01,smartphone,saudavel,saudavel,0.9669,agrosmart-v1,simulado,sim-2026-09
808a4cf8-56f3-5b21-b5c1-e0a4ab73a191,TI-02_20260909_0027.jpg,2026-09-09 07:22:00,TI-02,drone,doente,pinta_preta,0.8926,agrosmart-v1,simulado,sim-2026-09
f8b5fed1-d584-579f-88b0-df3526e9d5c8,BV-01_20260909_0002.jpg,2026-09-09 07:22:25,BV-01,smartphone,saudavel,saudavel,0.9959,agrosmart-v1,simulado,sim-2026-09
29354a9c-dc57-5e58-a509-f96ce7ce41c1,TI-02_20260909_0028.jpg,2026-09-09 07:22:42,TI-02,drone,doente,pinta_preta,0.9870,agrosmart-v1,simulado,sim-2026-09
aabd2cd3-6bad-5acc-8289-33398ee6d70a,BV-01_20260909_0003.jpg,2026-09-09 07:23:09,BV-01,smartphone,saudavel,saudavel,0.9852,agrosmart-v1,simulado,sim-2026-09
dc09e107-39e2-5f94-af26-cab1190a3e92,TI-02_20260909_0029.jpg,2026-09-09 07:23:23,TI-02,drone,doente,pinta_preta,0.9558,agrosmart-v1,simulado,sim-2026-09
117e8b68-f34a-598c-87f2-f995d6cb105d,BV-01_20260909_0004.jpg,2026-09-09 07:23:48,BV-01,smartphone,saudavel,saudavel,0.9212,agrosmart-v1,simulado,sim-2026-09
09fdda9d-08ac-5b96-9c94-99bb34da8d64,TI-02_20260909_0030.jpg,2026-09-09 07:24:08,TI-02,drone,saudavel,saudavel,0.9878,agrosmart-v1,simulado,sim-2026-09
128e0e6d-a5ab-5ec2-9c0e-ba09431d8917,BV-01_20260909_0005.jpg,2026-09-09 07:24:45,BV-01,smartphone,saudavel,saudavel,0.8852,agrosmart-v1,simulado,sim-2026-09
254ba261-91bc-5477-8409-03fd1527d506,TI-02_20260909_0031.jpg,2026-09-09 07:24:55,TI-02,drone,saudavel,saudavel,0.9120,agrosmart-v1,simulado,sim-2026-09
78a92434-0ec3-5b66-ae8d-19f6799974bf,BV-01_20260909_0006.jpg,2026-09-09 07:25:27,BV-01,smartphone,saudavel,saudavel,0.9960,agrosmart-v1,simulado,sim-2026-09
e16eb761-d87b-5d04-94f1-b5ac6262c5b8,TI-02_20260909_0032.jpg,2026-09-09 07:25:40,TI-02,drone,saudavel,saudavel,0.8948,agrosmart-v1,simulado,sim-2026-09
a4e0026c-879b-5393-9a60-0e6472562090,BV-01_20260909_0007.jpg,2026-09-09 07:25:50,BV-01,smartphone,saudavel,saudavel,0.9641,agrosmart-v1,simulado,sim-2026-09
798180e4-dbfe-5720-91b9-043d526b49e5,TI-02_20260909_0033.jpg,2026-09-09 07:26:24,TI-02,drone,saudavel,saudavel,0.8407,agrosmart-v1,simulado,sim-2026-09
e774d0ac-b381-51d5-96c9-3611ddcf07a2,BV-01_20260909_0008.jpg,2026-09-09 07:26:35,BV-01,smartphone,saudavel,saudavel,0.9977,agrosmart-v1,simulado,sim-2026-09
c60b86b1-b096-5380-a7fc-253c060b63c6,TI-02_20260909_0034.jpg,2026-09-09 07:26:57,TI-02,drone,saudavel,saudavel,0.9956,agrosmart-v1,simulado,sim-2026-09
dc44b8ef-a3cb-56f8-9122-8b49794cf575,BV-01_20260909_0009.jpg,2026-09-09 07:27:23,BV-01,smartphone,saudavel,saudavel,0.9985,agrosmart-v1,simulado,sim-2026-09
7bdaf2c9-6fb4-51ac-8cc1-13677aeaf690,BV-01_20260909_0010.jpg,2026-09-09 07:27:45,BV-01,smartphone,saudavel,saudavel,0.9776,agrosmart-v1,simulado,sim-2026-09
3171288d-72e5-56e3-9c11-b97d090870fa,TI-02_20260909_0035.jpg,2026-09-09 07:27:46,TI-02,drone,saudavel,saudavel,0.9987,agrosmart-v1,simulado,sim-2026-09
2e4103ba-855c-56f6-9ced-a87858ffb397,TI-02_20260909_0036.jpg,2026-09-09 07:28:08,TI-02,drone,saudavel,saudavel,0.9470,agrosmart-v1,simulado,sim-2026-09
e94faed8-7848-57f2-8c39-22495760deaf,BV-01_20260909_0011.jpg,2026-09-09 07:28:35,BV-01,smartphone,saudavel,saudavel,0.9692,agrosmart-v1,simulado,sim-2026-09
2585c55b-ebe1-59ea-af15-4b100ea30e59,TI-02_20260909_0037.jpg,2026-09-09 07:28:58,TI-02,drone,saudavel,saudavel,0.8486,agrosmart-v1,simulado,sim-2026-09
1981cc16-7d60-5c73-a0af-108c9c136629,BV-01_20260909_0012.jpg,2026-09-09 07:29:10,BV-01,smartphone,saudavel,saudavel,0.8396,agrosmart-v1,simulado,sim-2026-09
c000333b-91cc-590f-8125-2ccc658b1425,TI-02_20260909_0038.jpg,2026-09-09 07:29:42,TI-02,drone,saudavel,saudavel,0.8641,agrosmart-v1,simulado,sim-2026-09
ab848ccb-06d6-59b3-81a3-5b8790e4e892,BV-01_20260909_0013.jpg,2026-09-09 07:29:52,BV-01,smartphone,saudavel,saudavel,0.9555,agrosmart-v1,simulado,sim-2026-09
e24546c2-2ecf-5693-91d3-e8605ee68a02,TI-02_20260909_0039.jpg,2026-09-09 07:30:19,TI-02,drone,saudavel,saudavel,0.8329,agrosmart-v1,simulado,sim-2026-09
ccfe2f3d-7b89-5dcb-be4b-e7ed2488d3ca,BV-01_20260909_0014.jpg,2026-09-09 07:30:37,BV-01,smartphone,saudavel,saudavel,0.9905,agrosmart-v1,simulado,sim-2026-09
74822b81-bad2-5e7d-8bea-1185c6921872,TI-02_20260909_0040.jpg,2026-09-09 07:31:06,TI-02,drone,saudavel,saudavel,0.5247,agrosmart-v1,simulado,sim-2026-09
b33091b7-d3db-56bc-8301-510ad560f6bd,BV-01_20260909_0015.jpg,2026-09-09 07:31:22,BV-01,smartphone,saudavel,saudavel,0.9399,agrosmart-v1,simulado,sim-2026-09
a05a164c-5677-53b6-b468-2741fa0df79b,TI-02_20260909_0041.jpg,2026-09-09 07:31:31,TI-02,drone,saudavel,saudavel,0.8438,agrosmart-v1,simulado,sim-2026-09
2fae06ff-8b97-5c6c-a69f-22ca8c5737e4,BV-01_20260909_0016.jpg,2026-09-09 07:32:03,BV-01,smartphone,saudavel,saudavel,0.9986,agrosmart-v1,simulado,sim-2026-09
bce1a85a-26c3-5473-8977-b3112eb7daed,TI-02_20260909_0042.jpg,2026-09-09 07:32:14,TI-02,drone,saudavel,saudavel,0.6416,agrosmart-v1,simulado,sim-2026-09
6e9fa6ba-7cd8-5859-a004-38450bb008cb,BV-01_20260909_0017.jpg,2026-09-09 07:32:26,BV-01,smartphone,saudavel,saudavel,0.9999,agrosmart-v1,simulado,sim-2026-09
8d2a24ec-235d-5d36-bf47-13753fccc9e9,TI-02_20260909_0043.jpg,2026-09-09 07:32:47,TI-02,drone,saudavel,saudavel,0.9197,agrosmart-v1,simulado,sim-2026-09
14fc2aca-9fab-5c81-bc71-12cfda084b0c,BV-01_20260909_0018.jpg,2026-09-09 07:33:30,BV-01,smartphone,saudavel,saudavel,0.9978,agrosmart-v1,simulado,sim-2026-09
480eb16f-34c1-5857-8073-afaa602da61a,TI-02_20260909_0044.jpg,2026-09-09 07:33:35,TI-02,drone,saudavel,saudavel,0.9538,agrosmart-v1,simulado,sim-2026-09
4ecb9123-5cce-5ce9-a94d-b9991ccf70e6,BV-01_20260909_0019.jpg,2026-09-09 07:33:51,BV-01,smartphone,saudavel,saudavel,0.8648,agrosmart-v1,simulado,sim-2026-09
722e2214-58d7-5491-97d9-51bc5930e53b,TI-02_20260909_0045.jpg,2026-09-09 07:34:02,TI-02,drone,saudavel,saudavel,0.8450,agrosmart-v1,simulado,sim-2026-09
e043a805-903e-5bbe-a42f-c5bf1d9abd53,BV-01_20260909_0020.jpg,2026-09-09 07:34:29,BV-01,smartphone,saudavel,saudavel,0.8744,agrosmart-v1,simulado,sim-2026-09
f1508238-fc1e-5f92-860b-e2a077d914ac,TI-02_20260909_0046.jpg,2026-09-09 07:34:46,TI-02,drone,saudavel,saudavel,0.9424,agrosmart-v1,simulado,sim-2026-09
c0d3e39c-57cc-5302-b261-595ec417bf55,BV-01_20260909_0021.jpg,2026-09-09 07:35:29,BV-01,smartphone,saudavel,saudavel,0.9894,agrosmart-v1,simulado,sim-2026-09
f9eabd8d-2f95-5ee6-91de-75345f67fc74,TI-02_20260909_0047.jpg,2026-09-09 07:35:31,TI-02,drone,saudavel,saudavel,0.6309,agrosmart-v1,simulado,sim-2026-09
991b6607-0f30-5c32-aefa-78eb5988c7d4,BV-01_20260909_0022.jpg,2026-09-09 07:35:41,BV-01,smartphone,saudavel,saudavel,0.9975,agrosmart-v1,simulado,sim-2026-09
32127865-154d-5875-9f32-5db4c6d7d85f,TI-02_20260909_0048.jpg,2026-09-09 07:36:20,TI-02,drone,saudavel,saudavel,0.9195,agrosmart-v1,simulado,sim-2026-09
47de9796-53cc-5529-8456-c87282565ca1,BV-01_20260909_0023.jpg,2026-09-09 07:36:24,BV-01,smartphone,saudavel,saudavel,0.9999,agrosmart-v1,simulado,sim-2026-09
ddb383d3-4a5f-5911-ad68-89fe92731f78,TI-02_20260909_0049.jpg,2026-09-09 07:36:44,TI-02,drone,doente,pinta_preta,0.9680,agrosmart-v1,simulado,sim-2026-09
c0982714-680e-57a1-ad5c-03d3665d6747,BV-01_20260909_0024.jpg,2026-09-09 07:37:11,BV-01,smartphone,saudavel,saudavel,0.9980,agrosmart-v1,simulado,sim-2026-09
fcccedb9-c1ff-5772-b755-f30da965afeb,TI-02_20260909_0050.jpg,2026-09-09 07:37:24,TI-02,drone,saudavel,saudavel,0.8533,agrosmart-v1,simulado,sim-2026-09
655b017b-c30d-5aaa-9e23-04b61899624a,BV-01_20260909_0025.jpg,2026-09-09 07:37:55,BV-01,smartphone,saudavel,saudavel,0.8636,agrosmart-v1,simulado,sim-2026-09
5e05e951-6bc7-5b42-8511-0e774e9284ac,TI-02_20260909_0051.jpg,2026-09-09 07:38:11,TI-02,drone,saudavel,saudavel,0.9792,agrosmart-v1,simulado,sim-2026-09
0c686bb0-06f7-5276-b37e-171aeb0ada2b,TI-02_20260909_0052.jpg,2026-09-09 07:39:01,TI-02,drone,saudavel,saudavel,0.8370,agrosmart-v1,simulado,sim-2026-09
0d352251-49b9-552b-8eae-fa6c512529ed,TI-02_20260909_0053.jpg,2026-09-09 07:39:24,TI-02,drone,saudavel,saudavel,0.8890,agrosmart-v1,simulado,sim-2026-09
1b7bf1c9-c414-5119-b158-d72528bf06e3,TI-04_20260909_0001.jpg,2026-09-09 07:44:46,TI-04,drone,saudavel,saudavel,0.9611,agrosmart-v1,simulado,sim-2026-09
96632dae-7818-5176-b407-793095c369ca,TI-04_20260909_0002.jpg,2026-09-09 07:45:27,TI-04,drone,saudavel,saudavel,0.8674,agrosmart-v1,simulado,sim-2026-09
bd75ecc6-26a9-581e-9b61-e8ed0751c459,TI-04_20260909_0003.jpg,2026-09-09 07:46:19,TI-04,drone,saudavel,saudavel,0.9169,agrosmart-v1,simulado,sim-2026-09
7f337321-f11f-5615-bad9-aaa45002f05c,TI-04_20260909_0004.jpg,2026-09-09 07:47:08,TI-04,drone,saudavel,saudavel,0.9970,agrosmart-v1,simulado,sim-2026-09
bb32330d-c32b-5464-b736-dc068f294a9d,TI-04_20260909_0005.jpg,2026-09-09 07:47:26,TI-04,drone,saudavel,saudavel,0.9814,agrosmart-v1,simulado,sim-2026-09
c03b5b18-1b3a-564c-a4b8-e32ab9415efb,TI-04_20260909_0006.jpg,2026-09-09 07:48:15,TI-04,drone,saudavel,saudavel,0.9994,agrosmart-v1,simulado,sim-2026-09
931aacaf-8b5c-5525-8ca0-41d676eb71b2,TI-04_20260909_0007.jpg,2026-09-09 07:49:07,TI-04,drone,saudavel,saudavel,0.9390,agrosmart-v1,simulado,sim-2026-09
93bf5316-ca56-5e19-b6a9-75397a805e34,TI-04_20260909_0008.jpg,2026-09-09 07:49:36,TI-04,drone,saudavel,saudavel,0.9961,agrosmart-v1,simulado,sim-2026-09
1959ea0e-b2c8-5fc4-8cb6-4875560e4c5a,TI-04_20260909_0009.jpg,2026-09-09 07:50:08,TI-04,drone,saudavel,saudavel,0.9011,agrosmart-v1,simulado,sim-2026-09
b389b278-9167-5062-beb5-2d42d2ec5961,TI-01_20260909_0001.jpg,2026-09-09 07:50:40,TI-01,drone,saudavel,saudavel,0.8570,agrosmart-v1,simulado,sim-2026-09
ead334d0-3d8b-5923-a3b0-1d4369958ccd,TI-04_20260909_0010.jpg,2026-09-09 07:51:03,TI-04,drone,saudavel,saudavel,0.9817,agrosmart-v1,simulado,sim-2026-09
4336e2b4-3dec-589d-91b3-e4c822e41b14,TI-01_20260909_0002.jpg,2026-09-09 07:51:20,TI-01,drone,saudavel,saudavel,0.8629,agrosmart-v1,simulado,sim-2026-09
4f9f607a-9f9f-5231-b496-3cef9fdf04ce,TI-04_20260909_0011.jpg,2026-09-09 07:51:32,TI-04,drone,saudavel,saudavel,0.9427,agrosmart-v1,simulado,sim-2026-09
801f1111-20db-57bf-a228-31fc0d906b0e,TI-01_20260909_0003.jpg,2026-09-09 07:52:04,TI-01,drone,saudavel,saudavel,0.9825,agrosmart-v1,simulado,sim-2026-09
d0de8e8b-365f-5702-8f0b-6840cc9a4259,TI-04_20260909_0012.jpg,2026-09-09 07:52:23,TI-04,drone,saudavel,saudavel,0.8384,agrosmart-v1,simulado,sim-2026-09
eed6ac90-9694-5b6e-b2cc-8603fa998a83,TI-04_20260909_0013.jpg,2026-09-09 07:52:44,TI-04,drone,saudavel,saudavel,0.8433,agrosmart-v1,simulado,sim-2026-09
29a28e5b-03d2-5e75-9837-0054c523cf0c,TI-01_20260909_0004.jpg,2026-09-09 07:52:47,TI-01,drone,saudavel,saudavel,0.9122,agrosmart-v1,simulado,sim-2026-09
21ab2f5b-9bf6-5d09-a2e7-7d5645a84c55,TI-01_20260909_0005.jpg,2026-09-09 07:53:24,TI-01,drone,saudavel,saudavel,0.9797,agrosmart-v1,simulado,sim-2026-09
686138a7-126c-53a2-b11f-d58e376a8311,TI-04_20260909_0014.jpg,2026-09-09 07:53:42,TI-04,drone,saudavel,saudavel,0.9796,agrosmart-v1,simulado,sim-2026-09
1732b8d9-2396-5dd3-b871-5f9e196ec26d,TI-01_20260909_0006.jpg,2026-09-09 07:54:00,TI-01,drone,saudavel,saudavel,0.9987,agrosmart-v1,simulado,sim-2026-09
94b81fe1-b3dc-5ae0-811d-4fef0d6043d8,TI-04_20260909_0015.jpg,2026-09-09 07:54:22,TI-04,drone,saudavel,saudavel,0.9997,agrosmart-v1,simulado,sim-2026-09
df3cda14-c065-57ee-962b-6635815f97ee,TI-04_20260909_0016.jpg,2026-09-09 07:54:55,TI-04,drone,saudavel,saudavel,0.9987,agrosmart-v1,simulado,sim-2026-09
b673785e-be0e-5b72-84b7-997ee5bcdec5,TI-01_20260909_0007.jpg,2026-09-09 07:55:01,TI-01,drone,saudavel,saudavel,0.9958,agrosmart-v1,simulado,sim-2026-09
2d4ee2f5-9287-598f-bf96-b877e1d5178f,TI-01_20260909_0008.jpg,2026-09-09 07:55:32,TI-01,drone,saudavel,saudavel,0.5584,agrosmart-v1,simulado,sim-2026-09
4b2c4a3b-10f3-5290-8912-97a4e5ad2e5c,TI-04_20260909_0017.jpg,2026-09-09 07:55:42,TI-04,drone,saudavel,saudavel,0.9220,agrosmart-v1,simulado,sim-2026-09
97366d51-ebed-5845-94d6-2f103aba2b1f,TI-01_20260909_0009.jpg,2026-09-09 07:56:07,TI-01,drone,saudavel,saudavel,0.9942,agrosmart-v1,simulado,sim-2026-09
d04ee868-4aee-5695-a9a2-2cc7a4c1273c,TI-04_20260909_0018.jpg,2026-09-09 07:56:23,TI-04,drone,saudavel,saudavel,0.9941,agrosmart-v1,simulado,sim-2026-09
8325e29c-23cc-5ca6-a6d5-de5dd5e70c42,TI-01_20260909_0010.jpg,2026-09-09 07:56:43,TI-01,drone,saudavel,saudavel,0.9952,agrosmart-v1,simulado,sim-2026-09
7206adc5-15f3-5da5-b9a9-a5a81f49fdbd,TI-04_20260909_0019.jpg,2026-09-09 07:57:00,TI-04,drone,doente,vaquinha,0.8968,agrosmart-v1,simulado,sim-2026-09
4c1d0ccb-02d2-560e-8f7d-4c9571389dce,TI-01_20260909_0011.jpg,2026-09-09 07:57:21,TI-01,drone,saudavel,saudavel,0.9356,agrosmart-v1,simulado,sim-2026-09
619a1cad-d5d9-500f-a442-2ea567981fc7,TI-04_20260909_0020.jpg,2026-09-09 07:57:41,TI-04,drone,saudavel,saudavel,0.8747,agrosmart-v1,simulado,sim-2026-09
45052a6e-efbb-5486-a8b0-6e1240943c52,TI-04_20260909_0021.jpg,2026-09-09 07:58:01,TI-04,drone,saudavel,saudavel,0.8555,agrosmart-v1,simulado,sim-2026-09
ec440c1b-567f-5670-ba28-edbd151a77f8,TI-01_20260909_0012.jpg,2026-09-09 07:58:10,TI-01,drone,saudavel,saudavel,0.8592,agrosmart-v1,simulado,sim-2026-09
30641164-c581-57d6-9d79-c1bf0337aad1,TI-01_20260909_0013.jpg,2026-09-09 07:58:46,TI-01,drone,doente,requeima,0.8542,agrosmart-v1,simulado,sim-2026-09
7109e0ec-eaf4-5e43-9b18-bf3a72cba6af,TI-04_20260909_0022.jpg,2026-09-09 07:58:59,TI-04,drone,saudavel,saudavel,0.9804,agrosmart-v1,simulado,sim-2026-09
d4cbae74-875f-5b8b-8503-752fc7e4b715,TI-04_20260909_0023.jpg,2026-09-09 07:59:34,TI-04,drone,saudavel,saudavel,0.9645,agrosmart-v1,simulado,sim-2026-09
98060734-89a5-5154-831d-4c74d4134c88,TI-01_20260909_0014.jpg,2026-09-09 07:59:40,TI-01,drone,saudavel,saudavel,0.8229,agrosmart-v1,simulado,sim-2026-09
94a9d12d-c85a-5e60-8a1b-3244fd49ce99,TI-01_20260909_0015.jpg,2026-09-09 08:00:08,TI-01,drone,saudavel,saudavel,0.9917,agrosmart-v1,simulado,sim-2026-09
f723ce34-4655-505a-ad9e-31277a390be0,TI-04_20260909_0024.jpg,2026-09-09 08:00:19,TI-04,drone,saudavel,saudavel,0.9735,agrosmart-v1,simulado,sim-2026-09
755d6e94-ae8a-5425-a1ff-fadfd4f03128,TI-01_20260909_0016.jpg,2026-09-09 08:00:53,TI-01,drone,saudavel,saudavel,0.8839,agrosmart-v1,simulado,sim-2026-09
0c169dd1-aa23-539d-af77-73d4682b4b31,TI-04_20260909_0025.jpg,2026-09-09 08:01:05,TI-04,drone,saudavel,saudavel,0.8653,agrosmart-v1,simulado,sim-2026-09
dd6b532c-18bb-5d44-afb2-3b718e52ff3f,TI-01_20260909_0017.jpg,2026-09-09 08:01:26,TI-01,drone,saudavel,saudavel,0.5273,agrosmart-v1,simulado,sim-2026-09
5dc5f8ff-6df0-5aee-ae78-514c06f6c5f5,TI-04_20260909_0026.jpg,2026-09-09 08:01:46,TI-04,drone,saudavel,saudavel,0.9998,agrosmart-v1,simulado,sim-2026-09
bd58d46d-fffd-5e2d-99ec-440779534abb,TI-01_20260909_0018.jpg,2026-09-09 08:02:01,TI-01,drone,saudavel,saudavel,0.9182,agrosmart-v1,simulado,sim-2026-09
12a7481e-9a60-53cc-a5f5-03c93b64bc7b,TI-04_20260909_0027.jpg,2026-09-09 08:02:26,TI-04,drone,saudavel,saudavel,0.9075,agrosmart-v1,simulado,sim-2026-09
e263202d-f1e7-5bde-a459-ee32e0392639,TI-01_20260909_0019.jpg,2026-09-09 08:02:50,TI-01,drone,saudavel,saudavel,0.8602,agrosmart-v1,simulado,sim-2026-09
ba9ed1d5-2873-5b52-a8b6-18ae6085dcc8,TI-04_20260909_0028.jpg,2026-09-09 08:02:54,TI-04,drone,saudavel,saudavel,0.9150,agrosmart-v1,simulado,sim-2026-09
145cc318-c62d-5e52-9c2d-00aeddfc0bdc,TI-04_20260909_0029.jpg,2026-09-09 08:03:44,TI-04,drone,saudavel,saudavel,0.9880,agrosmart-v1,simulado,sim-2026-09
749a88ce-8fb4-5103-81db-a779f6e46d55,TI-01_20260909_0020.jpg,2026-09-09 08:03:48,TI-01,drone,saudavel,saudavel,0.9873,agrosmart-v1,simulado,sim-2026-09
acc49453-31c3-5867-b311-c4a4e4cb62e0,TI-01_20260909_0021.jpg,2026-09-09 08:04:07,TI-01,drone,saudavel,saudavel,0.9865,agrosmart-v1,simulado,sim-2026-09
6b143d94-6d26-52fe-98ea-82fa7bef1d38,TI-04_20260909_0030.jpg,2026-09-09 08:04:17,TI-04,drone,saudavel,saudavel,0.9280,agrosmart-v1,simulado,sim-2026-09
2420c091-d7ff-5e51-9d4b-77b77513dc32,TI-01_20260909_0022.jpg,2026-09-09 08:04:47,TI-01,drone,saudavel,saudavel,0.9132,agrosmart-v1,simulado,sim-2026-09
994183cf-ee61-59a0-aa9e-6802f67e9421,TI-04_20260909_0031.jpg,2026-09-09 08:04:59,TI-04,drone,saudavel,saudavel,0.9196,agrosmart-v1,simulado,sim-2026-09
d922441a-7ac4-5444-8200-9b59312cf758,TI-01_20260909_0023.jpg,2026-09-09 08:05:29,TI-01,drone,saudavel,saudavel,0.9968,agrosmart-v1,simulado,sim-2026-09
1736d98d-6d32-5e2d-bca1-fb7f27041648,TI-01_20260909_0024.jpg,2026-09-09 08:06:11,TI-01,drone,saudavel,saudavel,0.8790,agrosmart-v1,simulado,sim-2026-09
993eab5d-f9d5-5a48-9b8c-3c4090ca1f61,TI-01_20260909_0025.jpg,2026-09-09 08:06:51,TI-01,drone,saudavel,saudavel,0.9983,agrosmart-v1,simulado,sim-2026-09
dc623e88-5d2a-5948-b1f6-b1833c22db54,TI-01_20260909_0026.jpg,2026-09-09 08:07:23,TI-01,drone,saudavel,saudavel,0.8212,agrosmart-v1,simulado,sim-2026-09
217c8abc-13b9-5d9e-92da-8695740d9ebb,TI-01_20260909_0027.jpg,2026-09-09 08:08:02,TI-01,drone,saudavel,saudavel,0.9498,agrosmart-v1,simulado,sim-2026-09
a3f092a1-d27a-5fbb-b585-a94a8e5c3a2b,TI-01_20260909_0028.jpg,2026-09-09 08:09:09,TI-01,drone,saudavel,saudavel,0.9695,agrosmart-v1,simulado,sim-2026-09
a1500cb4-44ba-5dc6-ad5b-2fef9ac083a0,TI-01_20260909_0029.jpg,2026-09-09 08:09:39,TI-01,drone,saudavel,saudavel,0.9946,agrosmart-v1,simulado,sim-2026-09
20be2802-b6ca-5093-81b9-eaa086d7d4cf,TI-01_20260909_0030.jpg,2026-09-09 08:10:04,TI-01,drone,saudavel,saudavel,0.9003,agrosmart-v1,simulado,sim-2026-09
3386b7d1-9675-58ae-afd9-497d7ef31291,TI-01_20260909_0031.jpg,2026-09-09 08:10:51,TI-01,drone,saudavel,saudavel,0.9933,agrosmart-v1,simulado,sim-2026-09
f4f83faa-fc02-5820-8a61-b36d32298164,TI-01_20260909_0032.jpg,2026-09-09 08:11:35,TI-01,drone,saudavel,saudavel,0.9197,agrosmart-v1,simulado,sim-2026-09
4d5e75dc-24a3-5264-b99e-b2adc7160ee3,BV-03_20260909_0001.jpg,2026-09-09 08:11:49,BV-03,smartphone,saudavel,saudavel,0.9570,agrosmart-v1,simulado,sim-2026-09
3f008044-231d-506c-9687-23e4f63ce386,TI-01_20260909_0033.jpg,2026-09-09 08:12:11,TI-01,drone,doente,pinta_preta,1.0000,agrosmart-v1,simulado,sim-2026-09
c8e1d9dc-8659-529f-914d-5d3aea2463bc,BV-03_20260909_0002.jpg,2026-09-09 08:12:50,BV-03,smartphone,saudavel,saudavel,0.9017,agrosmart-v1,simulado,sim-2026-09
db36463c-ec73-5013-9c7b-291c07b01895,TI-01_20260909_0034.jpg,2026-09-09 08:13:01,TI-01,drone,saudavel,saudavel,0.9979,agrosmart-v1,simulado,sim-2026-09
dc1dfe1e-f9d7-55fc-b7dc-7a39aa28e17e,BV-03_20260909_0003.jpg,2026-09-09 08:13:26,BV-03,smartphone,saudavel,saudavel,0.9640,agrosmart-v1,simulado,sim-2026-09
0d1cb7d5-b477-5ed0-8079-4f3582c6ccea,TI-01_20260909_0035.jpg,2026-09-09 08:13:28,TI-01,drone,saudavel,saudavel,0.9363,agrosmart-v1,simulado,sim-2026-09
7cb0af72-9324-5a79-a108-63ff8782e2fe,BV-03_20260909_0004.jpg,2026-09-09 08:14:04,BV-03,smartphone,saudavel,saudavel,0.8450,agrosmart-v1,simulado,sim-2026-09
974270d0-2ae7-5d32-9900-ada167dc46fc,TI-01_20260909_0036.jpg,2026-09-09 08:14:29,TI-01,drone,saudavel,saudavel,0.8422,agrosmart-v1,simulado,sim-2026-09
30e4cf13-93d7-5317-baf5-f0abf6c37ca6,BV-03_20260909_0005.jpg,2026-09-09 08:14:33,BV-03,smartphone,saudavel,saudavel,0.9173,agrosmart-v1,simulado,sim-2026-09
2ae0bf75-1d99-5576-8564-c0e3f75f9120,TI-01_20260909_0037.jpg,2026-09-09 08:14:56,TI-01,drone,saudavel,saudavel,0.9147,agrosmart-v1,simulado,sim-2026-09
59085f91-ad66-5825-85b6-e04a5ad3e031,BV-03_20260909_0006.jpg,2026-09-09 08:15:15,BV-03,smartphone,saudavel,saudavel,0.9761,agrosmart-v1,simulado,sim-2026-09
a78e4836-7994-593d-9236-dc26de416247,TI-01_20260909_0038.jpg,2026-09-09 08:15:47,TI-01,drone,doente,vaquinha,0.8921,agrosmart-v1,simulado,sim-2026-09
d22311ca-e54f-5590-b665-e5e84c3af02e,BV-03_20260909_0007.jpg,2026-09-09 08:15:51,BV-03,smartphone,saudavel,saudavel,0.9708,agrosmart-v1,simulado,sim-2026-09
7932b2fe-3ea7-5823-947b-8d1e95befd36,TI-01_20260909_0039.jpg,2026-09-09 08:16:16,TI-01,drone,saudavel,saudavel,0.9962,agrosmart-v1,simulado,sim-2026-09
89f54382-b4ef-5212-8bf8-0661654ea6ae,BV-03_20260909_0008.jpg,2026-09-09 08:16:29,BV-03,smartphone,saudavel,saudavel,0.9332,agrosmart-v1,simulado,sim-2026-09
ea69e207-1222-5c26-a440-4c9e9eb5e1a1,TI-01_20260909_0040.jpg,2026-09-09 08:16:56,TI-01,drone,saudavel,saudavel,0.8743,agrosmart-v1,simulado,sim-2026-09
5649be6b-63c5-50ba-bef5-3891d943542a,BV-03_20260909_0009.jpg,2026-09-09 08:17:16,BV-03,smartphone,saudavel,saudavel,0.9932,agrosmart-v1,simulado,sim-2026-09
6327b482-b2c0-502a-a69c-04125ca3e34d,BV-03_20260909_0010.jpg,2026-09-09 08:17:40,BV-03,smartphone,saudavel,saudavel,0.7126,agrosmart-v1,simulado,sim-2026-09
0917b752-e93d-545a-b389-f94a0ebbcbad,TI-01_20260909_0041.jpg,2026-09-09 08:17:44,TI-01,drone,doente,requeima,0.5685,agrosmart-v1,simulado,sim-2026-09
e5e8f0e3-3b04-5c4e-918e-f1156969131c,TI-01_20260909_0042.jpg,2026-09-09 08:18:19,TI-01,drone,saudavel,saudavel,0.9986,agrosmart-v1,simulado,sim-2026-09
329e1274-27a1-5909-a24a-1794f35780c0,TI-01_20260909_0043.jpg,2026-09-09 08:18:41,TI-01,drone,saudavel,saudavel,0.9683,agrosmart-v1,simulado,sim-2026-09
3bee12d6-9e63-5fa4-bf95-871fb1e3c34f,BV-03_20260909_0011.jpg,2026-09-09 08:18:49,BV-03,smartphone,saudavel,saudavel,0.9857,agrosmart-v1,simulado,sim-2026-09
ad81977d-fe65-5d0d-935d-fc05c77135cd,BV-03_20260909_0012.jpg,2026-09-09 08:19:21,BV-03,smartphone,saudavel,saudavel,0.9086,agrosmart-v1,simulado,sim-2026-09
9dae7c22-327b-5371-b944-0bc2e1baee6c,TI-01_20260909_0044.jpg,2026-09-09 08:19:29,TI-01,drone,saudavel,saudavel,0.9999,agrosmart-v1,simulado,sim-2026-09
6adc83dd-3e64-5060-8a45-a0d9c73c6619,BV-03_20260909_0013.jpg,2026-09-09 08:19:54,BV-03,smartphone,saudavel,saudavel,0.8351,agrosmart-v1,simulado,sim-2026-09
ed7e2578-a32a-57bf-b0ce-3ed8452ebf0b,TI-01_20260909_0045.jpg,2026-09-09 08:20:00,TI-01,drone,saudavel,saudavel,0.9997,agrosmart-v1,simulado,sim-2026-09
00c4f6be-650b-53ab-81c3-46dc16975a42,BV-03_20260909_0014.jpg,2026-09-09 08:20:46,BV-03,smartphone,saudavel,saudavel,0.9990,agrosmart-v1,simulado,sim-2026-09
321b2d04-5c42-5074-ae57-7723d0a112ad,BV-03_20260909_0015.jpg,2026-09-09 08:21:19,BV-03,smartphone,saudavel,saudavel,0.9621,agrosmart-v1,simulado,sim-2026-09
df35558c-91b1-53d9-81b5-896fed4ac5d7,BV-03_20260909_0016.jpg,2026-09-09 08:21:49,BV-03,smartphone,saudavel,saudavel,0.9893,agrosmart-v1,simulado,sim-2026-09
b5e2506e-f99e-5012-9e96-4fcbb710ade9,BV-03_20260909_0017.jpg,2026-09-09 08:22:23,BV-03,smartphone,saudavel,saudavel,0.8881,agrosmart-v1,simulado,sim-2026-09
4874a710-8580-5930-b97d-f59216197b70,BV-03_20260909_0018.jpg,2026-09-09 08:23:02,BV-03,smartphone,saudavel,saudavel,0.9805,agrosmart-v1,simulado,sim-2026-09
ca2c338f-5b27-50d0-836d-2e5697ff2fca,BV-03_20260909_0019.jpg,2026-09-09 08:23:43,BV-03,smartphone,saudavel,saudavel,0.9716,agrosmart-v1,simulado,sim-2026-09
8b9332c9-3ae7-56d7-8bdf-962cc69dc3fa,BV-03_20260909_0020.jpg,2026-09-09 08:24:24,BV-03,smartphone,saudavel,saudavel,0.9998,agrosmart-v1,simulado,sim-2026-09
3cb285e8-96c0-5736-96b0-31dc53bb3a26,BV-03_20260909_0021.jpg,2026-09-09 08:25:12,BV-03,smartphone,doente,mosca_minadora,0.9411,agrosmart-v1,simulado,sim-2026-09
1c55e74e-87cd-5f2e-9800-b199ff41af8d,BV-03_20260909_0022.jpg,2026-09-09 08:25:48,BV-03,smartphone,saudavel,saudavel,0.8510,agrosmart-v1,simulado,sim-2026-09
63e284dc-5d9e-5f98-85ef-a0bf173e685c,BV-03_20260909_0023.jpg,2026-09-09 08:26:47,BV-03,smartphone,saudavel,saudavel,0.8688,agrosmart-v1,simulado,sim-2026-09
2be56d9e-b26f-5bb5-99ec-ecf0812fab7d,BV-03_20260909_0024.jpg,2026-09-09 08:27:09,BV-03,smartphone,saudavel,saudavel,0.9083,agrosmart-v1,simulado,sim-2026-09
f13edc11-d61b-5f0f-8160-26a465fc57d7,BV-03_20260909_0025.jpg,2026-09-09 08:28:08,BV-03,smartphone,saudavel,saudavel,0.9937,agrosmart-v1,simulado,sim-2026-09
22fc26dd-1019-5f7b-853e-fd02bd60cbff,BV-03_20260909_0026.jpg,2026-09-09 08:28:32,BV-03,smartphone,saudavel,saudavel,0.9985,agrosmart-v1,simulado,sim-2026-09
4f174600-4018-5833-b363-e52d1c9562ec,BV-03_20260909_0027.jpg,2026-09-09 08:29:07,BV-03,smartphone,saudavel,saudavel,0.9090,agrosmart-v1,simulado,sim-2026-09
28f33f58-27b7-5059-ad99-a604b13bf019,TI-03_20260909_0001.jpg,2026-09-09 08:29:09,TI-03,drone,saudavel,saudavel,0.9387,agrosmart-v1,simulado,sim-2026-09
7abc3867-fa64-5d7f-a360-d4cd31c88de4,TI-03_20260909_0002.jpg,2026-09-09 08:29:42,TI-03,drone,saudavel,saudavel,0.9148,agrosmart-v1,simulado,sim-2026-09
f2870603-360d-54b9-87c3-9f1487f1c292,TI-03_20260909_0003.jpg,2026-09-09 08:30:19,TI-03,drone,saudavel,saudavel,0.9630,agrosmart-v1,simulado,sim-2026-09
9629a034-4d72-521f-a29d-72b04fdfb4c3,TI-03_20260909_0004.jpg,2026-09-09 08:30:40,TI-03,drone,saudavel,saudavel,0.8428,agrosmart-v1,simulado,sim-2026-09
c7350ab6-2559-519d-8482-65fccd33d913,TI-03_20260909_0005.jpg,2026-09-09 08:31:41,TI-03,drone,saudavel,saudavel,0.9926,agrosmart-v1,simulado,sim-2026-09
62f2fbe0-60f7-5e06-b3ed-59d9608e429c,TI-03_20260909_0006.jpg,2026-09-09 08:32:13,TI-03,drone,saudavel,saudavel,0.9425,agrosmart-v1,simulado,sim-2026-09
ab8920a3-b080-5138-9422-5794ac94d7fd,TI-03_20260909_0007.jpg,2026-09-09 08:32:54,TI-03,drone,saudavel,saudavel,0.8250,agrosmart-v1,simulado,sim-2026-09
5417fd44-273d-545d-ba67-ff52cd4b3fcb,TI-03_20260909_0008.jpg,2026-09-09 08:33:40,TI-03,drone,saudavel,saudavel,0.9199,agrosmart-v1,simulado,sim-2026-09
6f63323e-923d-50cf-b70b-11eb4faebc82,TI-03_20260909_0009.jpg,2026-09-09 08:34:02,TI-03,drone,saudavel,saudavel,0.9190,agrosmart-v1,simulado,sim-2026-09
b1637471-aad8-5684-8e67-e8a82e192a2a,TI-03_20260909_0010.jpg,2026-09-09 08:34:44,TI-03,drone,saudavel,saudavel,0.9662,agrosmart-v1,simulado,sim-2026-09
408744e6-0995-55cc-a77a-bcb01d1813ba,TI-03_20260909_0011.jpg,2026-09-09 08:35:49,TI-03,drone,saudavel,saudavel,0.9981,agrosmart-v1,simulado,sim-2026-09
a0513855-6494-51cf-8554-02f45abb9200,TI-03_20260909_0012.jpg,2026-09-09 08:36:25,TI-03,drone,saudavel,saudavel,0.8257,agrosmart-v1,simulado,sim-2026-09
8a14f59f-35a5-51af-a57e-3dcb718ce4ac,TI-03_20260909_0013.jpg,2026-09-09 08:36:56,TI-03,drone,saudavel,saudavel,0.6558,agrosmart-v1,simulado,sim-2026-09
f221d234-b6c3-5ca7-b14e-a1b6cae1d0e0,TI-03_20260909_0014.jpg,2026-09-09 08:37:28,TI-03,drone,doente,pinta_preta,0.7457,agrosmart-v1,simulado,sim-2026-09
5e1861c4-589f-54b3-85f8-d99fd329d700,TI-03_20260909_0015.jpg,2026-09-09 08:38:23,TI-03,drone,doente,vaquinha,0.9988,agrosmart-v1,simulado,sim-2026-09
58973ec3-5e43-5cfe-9456-fcbcd28bf853,TI-03_20260909_0016.jpg,2026-09-09 08:39:01,TI-03,drone,saudavel,saudavel,0.9053,agrosmart-v1,simulado,sim-2026-09
2422ec32-5090-5de7-836a-e29003a2ffac,TI-03_20260909_0017.jpg,2026-09-09 08:39:48,TI-03,drone,doente,pinta_preta,0.9724,agrosmart-v1,simulado,sim-2026-09
e65a5c11-1ffa-598f-8e08-993e1db4a415,TI-03_20260909_0018.jpg,2026-09-09 08:40:27,TI-03,drone,saudavel,saudavel,0.8618,agrosmart-v1,simulado,sim-2026-09
364112c8-f2bd-57c4-a868-dd00ded4e3b8,TI-03_20260909_0019.jpg,2026-09-09 08:40:55,TI-03,drone,doente,pinta_preta,0.9792,agrosmart-v1,simulado,sim-2026-09
ba88b186-826c-5a7e-b51d-9ecd7dc118e0,TI-03_20260909_0020.jpg,2026-09-09 08:41:40,TI-03,drone,saudavel,saudavel,0.8706,agrosmart-v1,simulado,sim-2026-09
a6a099ca-2350-58e1-89ca-8355e6a0b849,TI-03_20260909_0021.jpg,2026-09-09 08:42:06,TI-03,drone,doente,pinta_preta,0.9160,agrosmart-v1,simulado,sim-2026-09
723e7e8f-25ff-52bf-953f-d7bbf9d1a38d,TI-03_20260909_0022.jpg,2026-09-09 08:42:45,TI-03,drone,saudavel,saudavel,0.9922,agrosmart-v1,simulado,sim-2026-09
26967480-4f11-5060-8121-ca9cbfc916dc,TI-03_20260909_0023.jpg,2026-09-09 08:43:29,TI-03,drone,saudavel,saudavel,0.8889,agrosmart-v1,simulado,sim-2026-09
e7a67947-805d-5b9e-9f17-0adc40cfd3d5,TI-03_20260909_0024.jpg,2026-09-09 08:44:30,TI-03,drone,saudavel,saudavel,0.9228,agrosmart-v1,simulado,sim-2026-09
3c387e0a-4d5d-5000-9a6b-d33e17ace365,TI-03_20260909_0025.jpg,2026-09-09 08:44:41,TI-03,drone,saudavel,saudavel,0.9104,agrosmart-v1,simulado,sim-2026-09
3dfb59ba-6c2f-54f4-a938-9af44eab8d37,TI-03_20260909_0026.jpg,2026-09-09 08:45:31,TI-03,drone,saudavel,saudavel,0.9740,agrosmart-v1,simulado,sim-2026-09
e34c8444-5056-510c-8754-6745ba99b5a8,TI-03_20260909_0027.jpg,2026-09-09 08:46:16,TI-03,drone,saudavel,saudavel,0.9905,agrosmart-v1,simulado,sim-2026-09
22512228-7110-586b-bff6-41d26f3f82fa,TI-03_20260909_0028.jpg,2026-09-09 08:47:00,TI-03,drone,saudavel,saudavel,0.9830,agrosmart-v1,simulado,sim-2026-09
2c88d14e-c2d5-52ce-958c-c4c21b84fe4b,TI-03_20260909_0029.jpg,2026-09-09 08:47:39,TI-03,drone,saudavel,saudavel,0.9168,agrosmart-v1,simulado,sim-2026-09
f7680417-a0fd-5823-98bc-189c387777dc,BV-02_20260909_0001.jpg,2026-09-09 08:47:52,BV-02,smartphone,saudavel,saudavel,0.8275,agrosmart-v1,simulado,sim-2026-09
a8950fe3-90a5-5340-9367-2ad7f481112d,TI-03_20260909_0030.jpg,2026-09-09 08:48:20,TI-03,drone,saudavel,saudavel,0.9924,agrosmart-v1,simulado,sim-2026-09
c6c67b41-eca7-5f3c-bbaa-e5c71c98fb4d,BV-02_20260909_0002.jpg,2026-09-09 08:48:43,BV-02,smartphone,saudavel,saudavel,0.9932,agrosmart-v1,simulado,sim-2026-09
16abcbcb-3b3f-5e54-a73a-834c92d0e423,TI-03_20260909_0031.jpg,2026-09-09 08:49:03,TI-03,drone,saudavel,saudavel,0.8622,agrosmart-v1,simulado,sim-2026-09
e81bfcd4-e462-557c-b00e-9d3dbe649938,BV-02_20260909_0003.jpg,2026-09-09 08:49:22,BV-02,smartphone,saudavel,saudavel,0.8571,agrosmart-v1,simulado,sim-2026-09
581c1b6d-f6e8-545c-9226-92027b4b0831,TI-03_20260909_0032.jpg,2026-09-09 08:49:50,TI-03,drone,saudavel,saudavel,0.9998,agrosmart-v1,simulado,sim-2026-09
151965d7-aa47-5a23-b9e5-7b2b92042e8d,BV-02_20260909_0004.jpg,2026-09-09 08:49:56,BV-02,smartphone,saudavel,saudavel,0.9834,agrosmart-v1,simulado,sim-2026-09
28f84d5c-030d-54ce-9c87-91e4231d3ded,TI-03_20260909_0033.jpg,2026-09-09 08:50:13,TI-03,drone,saudavel,saudavel,0.9571,agrosmart-v1,simulado,sim-2026-09
3516ba85-c47c-58a8-b50d-baa6a94752a6,TI-03_20260909_0034.jpg,2026-09-09 08:50:44,TI-03,drone,doente,pinta_preta,0.9951,agrosmart-v1,simulado,sim-2026-09
17f6fa1b-f78e-53a0-9b23-bd233bd02901,BV-02_20260909_0005.jpg,2026-09-09 08:50:45,BV-02,smartphone,saudavel,saudavel,0.8473,agrosmart-v1,simulado,sim-2026-09
ac29ad6f-2024-5ec6-9280-6adb10e905a4,BV-02_20260909_0006.jpg,2026-09-09 08:51:20,BV-02,smartphone,saudavel,saudavel,0.9840,agrosmart-v1,simulado,sim-2026-09
67aeeddb-309d-58d3-8b01-fe21c167ac53,TI-03_20260909_0035.jpg,2026-09-09 08:51:35,TI-03,drone,doente,pinta_preta,0.9108,agrosmart-v1,simulado,sim-2026-09
7407ef11-8f51-5310-8784-3b6589b5fda7,BV-02_20260909_0007.jpg,2026-09-09 08:51:57,BV-02,smartphone,saudavel,saudavel,0.9799,agrosmart-v1,simulado,sim-2026-09
99073409-7c69-58b2-890c-a6b3fed34fd3,TI-03_20260909_0036.jpg,2026-09-09 08:52:02,TI-03,drone,saudavel,saudavel,0.9662,agrosmart-v1,simulado,sim-2026-09
11e2e560-fe76-5e48-a61d-8d33210033ce,BV-02_20260909_0008.jpg,2026-09-09 08:52:34,BV-02,smartphone,saudavel,saudavel,0.9106,agrosmart-v1,simulado,sim-2026-09
998e186c-7394-5ac5-9371-6b16f6881fe3,BV-02_20260909_0009.jpg,2026-09-09 08:53:14,BV-02,smartphone,saudavel,saudavel,0.9776,agrosmart-v1,simulado,sim-2026-09
cae1eaf9-8f51-5533-a9a4-710d502f897c,BV-02_20260909_0010.jpg,2026-09-09 08:53:52,BV-02,smartphone,saudavel,saudavel,0.9426,agrosmart-v1,simulado,sim-2026-09
6679f5df-9e0b-546b-b577-535b6efb230a,BV-02_20260909_0011.jpg,2026-09-09 08:54:20,BV-02,smartphone,saudavel,saudavel,0.9473,agrosmart-v1,simulado,sim-2026-09
08456cad-f930-5ad3-8c1e-80208eeb35d4,BV-02_20260909_0012.jpg,2026-09-09 08:55:24,BV-02,smartphone,saudavel,saudavel,0.9997,agrosmart-v1,simulado,sim-2026-09
87c955ca-6644-549d-94df-f8a9150917f2,BV-02_20260909_0013.jpg,2026-09-09 08:55:49,BV-02,smartphone,saudavel,saudavel,0.9201,agrosmart-v1,simulado,sim-2026-09
555793af-3062-586d-9ead-666154b27b04,BV-02_20260909_0014.jpg,2026-09-09 08:56:48,BV-02,smartphone,saudavel,saudavel,0.8372,agrosmart-v1,simulado,sim-2026-09
241c26da-812e-58ee-a3bc-bc17e6347316,BV-02_20260909_0015.jpg,2026-09-09 08:57:14,BV-02,smartphone,saudavel,saudavel,0.8405,agrosmart-v1,simulado,sim-2026-09
f6f76aea-0855-57bb-bb1d-0291e343755d,BV-02_20260909_0016.jpg,2026-09-09 08:58:01,BV-02,smartphone,doente,mosca_minadora,0.6087,agrosmart-v1,simulado,sim-2026-09
4b341bcc-f07f-5f9f-8777-707839a754b6,BV-02_20260909_0017.jpg,2026-09-09 08:58:50,BV-02,smartphone,saudavel,saudavel,0.9728,agrosmart-v1,simulado,sim-2026-09
3f26eb20-610d-5f96-8e9d-2d03f6b55a3f,BV-02_20260909_0018.jpg,2026-09-09 08:59:05,BV-02,smartphone,saudavel,saudavel,0.9999,agrosmart-v1,simulado,sim-2026-09
63610642-9e83-5ab9-b3c2-ae7cf749fb67,BV-02_20260909_0019.jpg,2026-09-09 08:59:51,BV-02,smartphone,saudavel,saudavel,0.9821,agrosmart-v1,simulado,sim-2026-09
349a50b1-f005-55fd-9e68-dbf47ecea451,BV-02_20260909_0020.jpg,2026-09-09 09:00:28,BV-02,smartphone,saudavel,saudavel,0.9988,agrosmart-v1,simulado,sim-2026-09
ee3fd62f-38ef-59f6-9a86-ce3df90cdd8f,BV-02_20260909_0021.jpg,2026-09-09 09:01:00,BV-02,smartphone,saudavel,saudavel,0.9200,agrosmart-v1,simulado,sim-2026-09
d00a2b24-3f0c-5937-a0c8-9c2f95cc9a4b,BV-02_20260909_0022.jpg,2026-09-09 09:02:08,BV-02,smartphone,saudavel,saudavel,0.8866,agrosmart-v1,simulado,sim-2026-09
f5c0aff1-33e1-582b-954d-f204e97a0c98,BV-02_20260909_0023.jpg,2026-09-09 09:02:47,BV-02,smartphone,saudavel,saudavel,1.0000,agrosmart-v1,simulado,sim-2026-09
e0cc80c1-6170-5e28-94be-12f6c9c9f973,BV-02_20260909_0024.jpg,2026-09-09 09:03:24,BV-02,smartphone,saudavel,saudavel,0.8480,agrosmart-v1,simulado,sim-2026-09
3a32ba9a-500a-54a7-890d-50ae968dfd0e,BV-02_20260909_0025.jpg,2026-09-09 09:03:43,BV-02,smartphone,doente,pinta_preta,0.8660,agrosmart-v1,simulado,sim-2026-09
eb163ae8-11bb-594d-9102-865b38648a84,BV-02_20260909_0026.jpg,2026-09-09 09:04:49,BV-02,smartphone,saudavel,saudavel,0.8318,agrosmart-v1,simulado,sim-2026-09
fa3b60fe-3a54-5339-a1a8-a3138c907cef,BV-02_20260909_0027.jpg,2026-09-09 09:05:21,BV-02,smartphone,saudavel,saudavel,0.9651,agrosmart-v1,simulado,sim-2026-09
23f86917-4d50-51be-86c8-f0b3894d773e,BV-02_20260909_0028.jpg,2026-09-09 09:05:50,BV-02,smartphone,saudavel,saudavel,0.9856,agrosmart-v1,simulado,sim-2026-09
774e7bba-6c54-5aaa-b022-eae066a4cb71,BV-02_20260909_0029.jpg,2026-09-09 09:06:35,BV-02,smartphone,saudavel,saudavel,0.9647,agrosmart-v1,simulado,sim-2026-09
c3c2104d-0273-5a3b-b89e-c0c8ce5891a4,BV-04_20260909_0001.jpg,2026-09-09 09:07:02,BV-04,smartphone,saudavel,saudavel,0.9902,agrosmart-v1,simulado,sim-2026-09
fb3644b7-8d98-5fa9-a06a-96165605e2ff,BV-02_20260909_0030.jpg,2026-09-09 09:07:04,BV-02,smartphone,saudavel,saudavel,0.9454,agrosmart-v1,simulado,sim-2026-09
d28bda33-eee3-5b16-8834-fcba7272808f,BV-04_20260909_0002.jpg,2026-09-09 09:07:37,BV-04,smartphone,saudavel,saudavel,0.9003,agrosmart-v1,simulado,sim-2026-09
5f18c518-cc87-5f6a-b72c-c22e3f84884d,BV-04_20260909_0003.jpg,2026-09-09 09:08:30,BV-04,smartphone,saudavel,saudavel,0.9969,agrosmart-v1,simulado,sim-2026-09
2e8e57d7-bd69-5770-a122-bfa873f0f12c,BV-04_20260909_0004.jpg,2026-09-09 09:08:40,BV-04,smartphone,saudavel,saudavel,0.9728,agrosmart-v1,simulado,sim-2026-09
74c2c78a-0cc8-54ca-919b-1018c189b548,BV-04_20260909_0005.jpg,2026-09-09 09:09:22,BV-04,smartphone,saudavel,saudavel,0.9648,agrosmart-v1,simulado,sim-2026-09
2c07852a-fce8-59bc-bfeb-a9a2a02a5960,BV-04_20260909_0006.jpg,2026-09-09 09:10:09,BV-04,smartphone,saudavel,saudavel,0.9647,agrosmart-v1,simulado,sim-2026-09
fdb98800-05ef-5669-a187-5cc6fb7a1fde,BV-04_20260909_0007.jpg,2026-09-09 09:11:09,BV-04,smartphone,saudavel,saudavel,0.9546,agrosmart-v1,simulado,sim-2026-09
6c43c8b2-09a1-5e31-b4fc-3c12c94c398c,BV-04_20260909_0008.jpg,2026-09-09 09:11:28,BV-04,smartphone,saudavel,saudavel,0.9875,agrosmart-v1,simulado,sim-2026-09
6606e7e9-4dec-5fbe-92eb-ccf927a7c0b0,BV-04_20260909_0009.jpg,2026-09-09 09:12:26,BV-04,smartphone,saudavel,saudavel,0.9817,agrosmart-v1,simulado,sim-2026-09
25e55e19-7b29-5ed1-a629-a96183099fad,BV-04_20260909_0010.jpg,2026-09-09 09:12:41,BV-04,smartphone,saudavel,saudavel,0.8996,agrosmart-v1,simulado,sim-2026-09
99bc8681-83a4-5a1c-a3cd-bf90a30a0d49,BV-04_20260909_0011.jpg,2026-09-09 09:13:27,BV-04,smartphone,saudavel,saudavel,0.8667,agrosmart-v1,simulado,sim-2026-09
b6d9fd1c-331c-522e-9a0a-f6aa831860ae,BV-04_20260909_0012.jpg,2026-09-09 09:14:26,BV-04,smartphone,saudavel,saudavel,0.9858,agrosmart-v1,simulado,sim-2026-09
82df51b5-e01a-5348-9e3c-75f8fda5a0f5,BV-04_20260909_0013.jpg,2026-09-09 09:15:10,BV-04,smartphone,saudavel,saudavel,0.9873,agrosmart-v1,simulado,sim-2026-09
ee391471-3f13-535b-93f8-62762757c065,BV-04_20260909_0014.jpg,2026-09-09 09:15:44,BV-04,smartphone,saudavel,saudavel,0.9769,agrosmart-v1,simulado,sim-2026-09
2aaeabeb-b838-5f10-95cc-61bded9f8602,BV-04_20260909_0015.jpg,2026-09-09 09:16:19,BV-04,smartphone,saudavel,saudavel,0.8212,agrosmart-v1,simulado,sim-2026-09
3fe55aed-f90d-5ee9-8b51-56e7becfe9e6,BV-04_20260909_0016.jpg,2026-09-09 09:16:43,BV-04,smartphone,saudavel,saudavel,0.9728,agrosmart-v1,simulado,sim-2026-09
be59a328-87c8-5037-a2f5-aca727e4ea11,BV-04_20260909_0017.jpg,2026-09-09 09:17:36,BV-04,smartphone,saudavel,saudavel,1.0000,agrosmart-v1,simulado,sim-2026-09
fdb30b09-9fc0-59cd-8736-fafe9d6a3309,BV-04_20260909_0018.jpg,2026-09-09 09:18:06,BV-04,smartphone,saudavel,saudavel,0.9827,agrosmart-v1,simulado,sim-2026-09
11010bdb-a683-50bb-a18b-8aadd2b30326,BV-04_20260909_0019.jpg,2026-09-09 09:18:52,BV-04,smartphone,saudavel,saudavel,0.8527,agrosmart-v1,simulado,sim-2026-09
23d59a1b-f0c9-5e6a-ba64-87d77819848f,BV-04_20260909_0020.jpg,2026-09-09 09:19:21,BV-04,smartphone,saudavel,saudavel,0.9709,agrosmart-v1,simulado,sim-2026-09
6289e1bf-f955-548d-9f01-debba25eda11,BV-04_20260909_0021.jpg,2026-09-09 09:20:14,BV-04,smartphone,saudavel,saudavel,0.8496,agrosmart-v1,simulado,sim-2026-09
698c688c-1b54-5265-a850-e67166e1568b,BV-04_20260909_0022.jpg,2026-09-09 09:21:03,BV-04,smartphone,saudavel,saudavel,0.9673,agrosmart-v1,simulado,sim-2026-09
720849a4-98b7-5038-a97e-36dafe562610,BV-04_20260909_0023.jpg,2026-09-09 09:21:23,BV-04,smartphone,saudavel,saudavel,0.9996,agrosmart-v1,simulado,sim-2026-09
053f4f83-c4eb-5dfc-976c-08c74dbaddc2,SC-02_20260909_0001.jpg,2026-09-09 09:32:05,SC-02,smartphone,saudavel,saudavel,0.8219,agrosmart-v1,simulado,sim-2026-09
1be87fc4-669a-5152-b945-ca354abeaba0,SC-02_20260909_0002.jpg,2026-09-09 09:32:32,SC-02,smartphone,saudavel,saudavel,0.9858,agrosmart-v1,simulado,sim-2026-09
fc4bb554-dea5-54a5-bf44-f7e8367b0f59,SC-02_20260909_0003.jpg,2026-09-09 09:33:23,SC-02,smartphone,saudavel,saudavel,0.8525,agrosmart-v1,simulado,sim-2026-09
5047f68c-0b7b-53af-a94e-498c669d4b63,SC-02_20260909_0004.jpg,2026-09-09 09:34:03,SC-02,smartphone,saudavel,saudavel,0.9555,agrosmart-v1,simulado,sim-2026-09
0b7f5ee7-149d-5056-85b2-a9a08f25cffa,SC-02_20260909_0005.jpg,2026-09-09 09:34:24,SC-02,smartphone,saudavel,saudavel,0.9051,agrosmart-v1,simulado,sim-2026-09
7f32f636-30f5-5f10-abd0-f9d209538e80,SC-02_20260909_0006.jpg,2026-09-09 09:35:29,SC-02,smartphone,saudavel,saudavel,0.9995,agrosmart-v1,simulado,sim-2026-09
b8f2e00a-10d6-59fc-97ea-2bfadc7f1e49,SC-02_20260909_0007.jpg,2026-09-09 09:36:01,SC-02,smartphone,saudavel,saudavel,0.9891,agrosmart-v1,simulado,sim-2026-09
96e4f824-a217-5754-9fd0-57a17b236bb4,SC-02_20260909_0008.jpg,2026-09-09 09:36:29,SC-02,smartphone,saudavel,saudavel,0.9797,agrosmart-v1,simulado,sim-2026-09
26481986-29b8-5dc2-975f-e964c32d4784,SC-02_20260909_0009.jpg,2026-09-09 09:37:30,SC-02,smartphone,saudavel,saudavel,0.8845,agrosmart-v1,simulado,sim-2026-09
4e3b31ac-563e-57df-8409-f357f51bffc8,SC-02_20260909_0010.jpg,2026-09-09 09:37:49,SC-02,smartphone,saudavel,saudavel,0.9337,agrosmart-v1,simulado,sim-2026-09
a464d08f-6920-5d65-ba71-a0fa5714c2b4,SC-02_20260909_0011.jpg,2026-09-09 09:38:37,SC-02,smartphone,saudavel,saudavel,0.9469,agrosmart-v1,simulado,sim-2026-09
08e9d3a3-2b22-5d9e-9591-919cfeccb992,SC-02_20260909_0012.jpg,2026-09-09 09:39:25,SC-02,smartphone,saudavel,saudavel,0.9786,agrosmart-v1,simulado,sim-2026-09
ac06dcd2-4ceb-5e3b-bab8-044189dfd74c,SC-02_20260909_0013.jpg,2026-09-09 09:40:03,SC-02,smartphone,saudavel,saudavel,0.9859,agrosmart-v1,simulado,sim-2026-09
60c1cec6-beb1-5aa4-a066-869983bce842,SC-02_20260909_0014.jpg,2026-09-09 09:40:20,SC-02,smartphone,saudavel,saudavel,0.9271,agrosmart-v1,simulado,sim-2026-09
e4a5cd3b-a164-5c28-ab3a-0b6fc4cc07af,SC-02_20260909_0015.jpg,2026-09-09 09:41:03,SC-02,smartphone,saudavel,saudavel,0.8761,agrosmart-v1,simulado,sim-2026-09
2a641ae0-b55f-56d0-9803-2a2bcc89cc87,SC-02_20260909_0016.jpg,2026-09-09 09:41:56,SC-02,smartphone,saudavel,saudavel,0.9859,agrosmart-v1,simulado,sim-2026-09
502fa201-620d-5af2-a83e-aa8d098629cb,SC-02_20260909_0017.jpg,2026-09-09 09:42:43,SC-02,smartphone,saudavel,saudavel,0.9998,agrosmart-v1,simulado,sim-2026-09
09e853b0-b81e-5b08-80fa-a2dc3061a2d7,SC-02_20260909_0018.jpg,2026-09-09 09:43:22,SC-02,smartphone,saudavel,saudavel,0.9740,agrosmart-v1,simulado,sim-2026-09
2eb8fda6-01c1-5fd7-8969-a28e3f92bb1a,SC-02_20260909_0019.jpg,2026-09-09 09:44:03,SC-02,smartphone,saudavel,saudavel,0.9944,agrosmart-v1,simulado,sim-2026-09
c53ad852-eb0b-5740-b581-070fcd93182f,SC-02_20260909_0020.jpg,2026-09-09 09:44:27,SC-02,smartphone,saudavel,saudavel,0.8845,agrosmart-v1,simulado,sim-2026-09
f21c65ba-5c58-5c84-b5b9-007ec68799fc,SC-02_20260909_0021.jpg,2026-09-09 09:45:23,SC-02,smartphone,saudavel,saudavel,0.9998,agrosmart-v1,simulado,sim-2026-09
24d152a8-e464-5ab1-82c2-feffda8ad0a1,SC-02_20260909_0022.jpg,2026-09-09 09:46:08,SC-02,smartphone,saudavel,saudavel,0.9784,agrosmart-v1,simulado,sim-2026-09
9ec400a9-bd2b-5189-a1a1-24c70241680c,SC-02_20260909_0023.jpg,2026-09-09 09:46:26,SC-02,smartphone,saudavel,saudavel,0.8667,agrosmart-v1,simulado,sim-2026-09
85d73dd6-1236-50b9-8d85-38073b90e22f,SC-02_20260909_0024.jpg,2026-09-09 09:47:20,SC-02,smartphone,saudavel,saudavel,0.9135,agrosmart-v1,simulado,sim-2026-09
e0fbc4d9-4303-52e1-938b-c91f67c3aa20,SC-02_20260909_0025.jpg,2026-09-09 09:48:06,SC-02,smartphone,saudavel,saudavel,0.8997,agrosmart-v1,simulado,sim-2026-09
419d8300-d639-54fe-922f-fbb4eaba8a71,SC-02_20260909_0026.jpg,2026-09-09 09:48:46,SC-02,smartphone,saudavel,saudavel,0.9825,agrosmart-v1,simulado,sim-2026-09
69f301a2-bff1-5b3a-9f0d-f0708a13eb3d,SC-02_20260909_0027.jpg,2026-09-09 09:49:26,SC-02,smartphone,saudavel,saudavel,0.9998,agrosmart-v1,simulado,sim-2026-09
912e904f-3e5f-501c-8de1-4c5d472a46e8,SC-03_20260909_0001.jpg,2026-09-09 09:49:40,SC-03,smartphone,saudavel,saudavel,0.9260,agrosmart-v1,simulado,sim-2026-09
8dde32e2-25e1-51c3-8fdc-ccb95cab2710,SC-02_20260909_0028.jpg,2026-09-09 09:49:43,SC-02,smartphone,saudavel,saudavel,0.9975,agrosmart-v1,simulado,sim-2026-09
bfbced87-3c5b-5e22-ac33-6d6e4d0dc208,SC-02_20260909_0029.jpg,2026-09-09 09:50:23,SC-02,smartphone,saudavel,saudavel,0.9199,agrosmart-v1,simulado,sim-2026-09
c918263f-81bc-5b89-8ba1-c04f948606ce,SC-03_20260909_0002.jpg,2026-09-09 09:50:24,SC-03,smartphone,saudavel,saudavel,0.9930,agrosmart-v1,simulado,sim-2026-09
d6f563e1-5177-5112-8822-a296128eb557,SC-03_20260909_0003.jpg,2026-09-09 09:51:10,SC-03,smartphone,saudavel,saudavel,0.9987,agrosmart-v1,simulado,sim-2026-09
7291298a-8bb0-5dc8-b412-2d265f42c85b,SC-03_20260909_0004.jpg,2026-09-09 09:51:41,SC-03,smartphone,saudavel,saudavel,0.9938,agrosmart-v1,simulado,sim-2026-09
a41cbd5d-8293-518c-ad95-3fc261328332,SC-03_20260909_0005.jpg,2026-09-09 09:52:50,SC-03,smartphone,saudavel,saudavel,1.0000,agrosmart-v1,simulado,sim-2026-09
54074da8-d738-57bd-b2fd-5074d4ed0577,SC-04_20260909_0001.jpg,2026-09-09 09:53:08,SC-04,smartphone,saudavel,saudavel,0.9449,agrosmart-v1,simulado,sim-2026-09
1485ef21-4ab5-5327-91fe-b52b8eac0e94,SC-03_20260909_0006.jpg,2026-09-09 09:53:18,SC-03,smartphone,saudavel,saudavel,0.8268,agrosmart-v1,simulado,sim-2026-09
5e7faaef-54a7-51cf-ac68-0c519aa93694,SC-04_20260909_0002.jpg,2026-09-09 09:53:48,SC-04,smartphone,saudavel,saudavel,0.9996,agrosmart-v1,simulado,sim-2026-09
2931b9a3-a71c-51b3-91ba-31779e03717b,SC-03_20260909_0007.jpg,2026-09-09 09:54:02,SC-03,smartphone,saudavel,saudavel,0.9877,agrosmart-v1,simulado,sim-2026-09
43ad5fda-3f5d-5fbc-8060-60472fca4ade,SC-04_20260909_0003.jpg,2026-09-09 09:54:08,SC-04,smartphone,saudavel,saudavel,0.9963,agrosmart-v1,simulado,sim-2026-09
6f1efcd9-0447-5ecb-9da6-b7679b3748cb,SC-03_20260909_0008.jpg,2026-09-09 09:54:27,SC-03,smartphone,saudavel,saudavel,0.9289,agrosmart-v1,simulado,sim-2026-09
9fe3e7df-acc2-5399-8d63-ecad51282891,SC-03_20260909_0009.jpg,2026-09-09 09:55:01,SC-03,smartphone,saudavel,saudavel,0.9954,agrosmart-v1,simulado,sim-2026-09
c5a42ebe-6534-5389-bec0-85cdbd8ab70b,SC-04_20260909_0004.jpg,2026-09-09 09:55:08,SC-04,smartphone,saudavel,saudavel,0.9885,agrosmart-v1,simulado,sim-2026-09
d5ced02c-cfd4-5630-a40a-4462d8192e10,SC-04_20260909_0005.jpg,2026-09-09 09:55:27,SC-04,smartphone,saudavel,saudavel,0.9734,agrosmart-v1,simulado,sim-2026-09
f5edd156-0e39-5a45-8acc-580b60cf282d,SC-03_20260909_0010.jpg,2026-09-09 09:55:45,SC-03,smartphone,saudavel,saudavel,0.9836,agrosmart-v1,simulado,sim-2026-09
dede5282-ddcd-57d9-993f-a93ec5e7fd19,SC-04_20260909_0006.jpg,2026-09-09 09:56:20,SC-04,smartphone,saudavel,saudavel,0.9816,agrosmart-v1,simulado,sim-2026-09
07feda3a-5109-59da-806b-51049f75d21a,SC-03_20260909_0011.jpg,2026-09-09 09:56:37,SC-03,smartphone,saudavel,saudavel,0.9841,agrosmart-v1,simulado,sim-2026-09
e31aa85c-bbd8-5a8b-9efd-f04dff3e1347,SC-04_20260909_0007.jpg,2026-09-09 09:56:44,SC-04,smartphone,saudavel,saudavel,0.9865,agrosmart-v1,simulado,sim-2026-09
9413ef5e-2950-5d54-8049-7ab7758b4887,SC-03_20260909_0012.jpg,2026-09-09 09:57:07,SC-03,smartphone,saudavel,saudavel,0.9094,agrosmart-v1,simulado,sim-2026-09
a9ba43c8-50a8-5aef-9801-e8b64317c906,SC-04_20260909_0008.jpg,2026-09-09 09:57:46,SC-04,smartphone,saudavel,saudavel,0.8676,agrosmart-v1,simulado,sim-2026-09
0b357ef9-248a-573e-a22d-6e0bfa217ad9,SC-03_20260909_0013.jpg,2026-09-09 09:57:55,SC-03,smartphone,saudavel,saudavel,0.9370,agrosmart-v1,simulado,sim-2026-09
e7ccc296-19fa-5de5-855e-0b2bdddc1fcb,SC-04_20260909_0009.jpg,2026-09-09 09:58:13,SC-04,smartphone,saudavel,saudavel,0.9587,agrosmart-v1,simulado,sim-2026-09
10f0bf22-d8d4-5ac6-ab95-f0f6c9b77355,SC-03_20260909_0014.jpg,2026-09-09 09:58:40,SC-03,smartphone,saudavel,saudavel,0.9326,agrosmart-v1,simulado,sim-2026-09
4f71d304-5d95-5c59-9179-ec92204c3476,SC-04_20260909_0010.jpg,2026-09-09 09:58:47,SC-04,smartphone,saudavel,saudavel,0.9913,agrosmart-v1,simulado,sim-2026-09
1de7b284-b154-56f6-a8f1-92d36ece1faa,SC-01_20260909_0001.jpg,2026-09-09 09:58:58,SC-01,smartphone,saudavel,saudavel,0.8517,agrosmart-v1,simulado,sim-2026-09
4eee6ccb-18cd-5e61-9646-ce8b2dc72012,SC-01_20260909_0002.jpg,2026-09-09 09:59:23,SC-01,smartphone,saudavel,saudavel,0.9945,agrosmart-v1,simulado,sim-2026-09
282eed6b-8d8b-5ef0-8371-91015df89527,SC-03_20260909_0015.jpg,2026-09-09 09:59:23,SC-03,smartphone,saudavel,saudavel,0.9313,agrosmart-v1,simulado,sim-2026-09
24612481-6f9a-557f-bd13-13265fada4c6,SC-04_20260909_0011.jpg,2026-09-09 09:59:25,SC-04,smartphone,saudavel,saudavel,0.9997,agrosmart-v1,simulado,sim-2026-09
198868bb-fdcd-557f-b81e-8c6b20743bba,SC-03_20260909_0016.jpg,2026-09-09 09:59:44,SC-03,smartphone,saudavel,saudavel,0.6195,agrosmart-v1,simulado,sim-2026-09
d07bfffe-a941-5887-afae-10533aea0b7e,SC-01_20260909_0003.jpg,2026-09-09 10:00:13,SC-01,smartphone,saudavel,saudavel,0.9997,agrosmart-v1,simulado,sim-2026-09
a878f80d-556f-5569-b6d9-6f8e7ace6b05,SC-04_20260909_0012.jpg,2026-09-09 10:00:21,SC-04,smartphone,saudavel,saudavel,0.9942,agrosmart-v1,simulado,sim-2026-09
54041077-0104-5795-bc1e-f6e6339351b7,SC-01_20260909_0004.jpg,2026-09-09 10:00:43,SC-01,smartphone,saudavel,saudavel,0.9449,agrosmart-v1,simulado,sim-2026-09
00cf885f-6b8d-5d4a-bc31-ce514d52b05e,SC-03_20260909_0017.jpg,2026-09-09 10:00:45,SC-03,smartphone,saudavel,saudavel,0.9240,agrosmart-v1,simulado,sim-2026-09
af939e08-15b2-53b3-8c73-24872ab6ee1d,SC-04_20260909_0013.jpg,2026-09-09 10:00:54,SC-04,smartphone,saudavel,saudavel,0.9982,agrosmart-v1,simulado,sim-2026-09
94c2bfa0-2433-519a-a43f-b31c9cf28bc5,SC-03_20260909_0018.jpg,2026-09-09 10:01:08,SC-03,smartphone,doente,requeima,0.8646,agrosmart-v1,simulado,sim-2026-09
74e55c48-572e-5d4c-8c36-4704b42329c1,SC-01_20260909_0005.jpg,2026-09-09 10:01:48,SC-01,smartphone,saudavel,saudavel,0.9660,agrosmart-v1,simulado,sim-2026-09
6fe80700-5ea9-5548-bc84-dea950db5ac0,SC-04_20260909_0014.jpg,2026-09-09 10:01:49,SC-04,smartphone,saudavel,saudavel,0.9775,agrosmart-v1,simulado,sim-2026-09
b951340d-1a95-5c96-94b6-9f0c4a2bf3ea,SC-03_20260909_0019.jpg,2026-09-09 10:02:03,SC-03,smartphone,saudavel,saudavel,0.9849,agrosmart-v1,simulado,sim-2026-09
57647a73-867e-524e-ae39-24823a2bee71,SC-01_20260909_0006.jpg,2026-09-09 10:02:11,SC-01,smartphone,saudavel,saudavel,0.9988,agrosmart-v1,simulado,sim-2026-09
4c523ce9-df1f-5a4c-96d4-290736694895,SC-04_20260909_0015.jpg,2026-09-09 10:02:21,SC-04,smartphone,saudavel,saudavel,0.8519,agrosmart-v1,simulado,sim-2026-09
3a1f15c6-ab6d-5629-942d-1754f6738c62,SC-03_20260909_0020.jpg,2026-09-09 10:02:28,SC-03,smartphone,saudavel,saudavel,0.9765,agrosmart-v1,simulado,sim-2026-09
d8ca1eba-c9f5-5350-b490-b9f5aa1d9e6d,SC-04_20260909_0016.jpg,2026-09-09 10:02:47,SC-04,smartphone,saudavel,saudavel,0.7394,agrosmart-v1,simulado,sim-2026-09
392535e9-8eed-53cb-818c-b3038feb8df1,SC-01_20260909_0007.jpg,2026-09-09 10:03:05,SC-01,smartphone,saudavel,saudavel,0.9904,agrosmart-v1,simulado,sim-2026-09
5271dcee-bca8-55bd-b913-b520381ea170,SC-03_20260909_0021.jpg,2026-09-09 10:03:29,SC-03,smartphone,saudavel,saudavel,0.9963,agrosmart-v1,simulado,sim-2026-09
6e5f55df-648f-52c6-bae0-ed86cc63077d,SC-01_20260909_0008.jpg,2026-09-09 10:03:43,SC-01,smartphone,saudavel,saudavel,0.8226,agrosmart-v1,simulado,sim-2026-09
d3ac6693-e76b-5d0e-b180-2438ee49de6f,SC-04_20260909_0017.jpg,2026-09-09 10:03:47,SC-04,smartphone,saudavel,saudavel,0.9039,agrosmart-v1,simulado,sim-2026-09
3f6968ed-effd-56ab-8b8f-9216f282c7fe,SC-03_20260909_0022.jpg,2026-09-09 10:03:55,SC-03,smartphone,saudavel,saudavel,0.9912,agrosmart-v1,simulado,sim-2026-09
19e195a1-8ca4-5ff4-ba66-8e41be29201b,SC-04_20260909_0018.jpg,2026-09-09 10:04:02,SC-04,smartphone,saudavel,saudavel,0.9406,agrosmart-v1,simulado,sim-2026-09
67c1eb45-948d-5cb6-be85-4f74ea734b06,SC-01_20260909_0009.jpg,2026-09-09 10:04:12,SC-01,smartphone,saudavel,saudavel,0.9168,agrosmart-v1,simulado,sim-2026-09
856069d4-5a3e-5277-99fe-0a8b509fa544,SC-04_20260909_0019.jpg,2026-09-09 10:04:44,SC-04,smartphone,saudavel,saudavel,0.8509,agrosmart-v1,simulado,sim-2026-09
eea50733-2035-5262-be77-8aec99381658,SC-01_20260909_0010.jpg,2026-09-09 10:04:48,SC-01,smartphone,saudavel,saudavel,0.9407,agrosmart-v1,simulado,sim-2026-09
50434759-15e2-5012-9905-4358da719235,SC-03_20260909_0023.jpg,2026-09-09 10:04:49,SC-03,smartphone,saudavel,saudavel,0.9978,agrosmart-v1,simulado,sim-2026-09
6f4d4527-3eca-5d75-b20e-79215c662d48,SC-04_20260909_0020.jpg,2026-09-09 10:05:28,SC-04,smartphone,saudavel,saudavel,0.8701,agrosmart-v1,simulado,sim-2026-09
ec095ff6-7829-5712-a3fb-3f07ef55f155,SC-03_20260909_0024.jpg,2026-09-09 10:05:29,SC-03,smartphone,saudavel,saudavel,0.6845,agrosmart-v1,simulado,sim-2026-09
4d9d9563-88e6-5756-8158-98cd4b55ed2d,SC-01_20260909_0011.jpg,2026-09-09 10:05:46,SC-01,smartphone,saudavel,saudavel,0.9178,agrosmart-v1,simulado,sim-2026-09
d32e0dbd-7fff-53a1-92f2-81e309e438e3,SC-04_20260909_0021.jpg,2026-09-09 10:06:07,SC-04,smartphone,saudavel,saudavel,0.9347,agrosmart-v1,simulado,sim-2026-09
4765c46b-22e2-56c1-96e0-7b90643f12e8,SC-01_20260909_0012.jpg,2026-09-09 10:06:11,SC-01,smartphone,saudavel,saudavel,0.9178,agrosmart-v1,simulado,sim-2026-09
c59895ef-fb97-5163-bf6c-f477e58ef149,SC-04_20260909_0022.jpg,2026-09-09 10:06:44,SC-04,smartphone,saudavel,saudavel,0.9535,agrosmart-v1,simulado,sim-2026-09
a4d56e8a-e101-59bb-81a0-0f63ae9eeba8,SC-01_20260909_0013.jpg,2026-09-09 10:06:49,SC-01,smartphone,saudavel,saudavel,0.9495,agrosmart-v1,simulado,sim-2026-09
ee3e8ae7-5d71-5cf8-bf73-6f17308036b4,SC-01_20260909_0014.jpg,2026-09-09 10:07:27,SC-01,smartphone,saudavel,saudavel,0.9586,agrosmart-v1,simulado,sim-2026-09
ccd15799-1824-5260-8fd5-2bbea8a23d54,SC-04_20260909_0023.jpg,2026-09-09 10:07:44,SC-04,smartphone,saudavel,saudavel,0.9376,agrosmart-v1,simulado,sim-2026-09
1d026a5c-b853-5c33-8209-4e83873d33e3,SC-01_20260909_0015.jpg,2026-09-09 10:08:17,SC-01,smartphone,saudavel,saudavel,0.9810,agrosmart-v1,simulado,sim-2026-09
01e1e378-49c6-544b-abd5-4c4a3aaf89b6,SC-04_20260909_0024.jpg,2026-09-09 10:08:19,SC-04,smartphone,saudavel,saudavel,0.8797,agrosmart-v1,simulado,sim-2026-09
cdff1a28-c58b-5b07-ad08-4c56bfc92819,SC-01_20260909_0016.jpg,2026-09-09 10:08:40,SC-01,smartphone,saudavel,saudavel,0.9038,agrosmart-v1,simulado,sim-2026-09
289b7c3e-0a8f-5350-bba9-2332c36ee432,SC-04_20260909_0025.jpg,2026-09-09 10:08:59,SC-04,smartphone,saudavel,saudavel,0.9904,agrosmart-v1,simulado,sim-2026-09
96edc734-e108-52c5-ae6a-c6f428652902,SC-01_20260909_0017.jpg,2026-09-09 10:09:35,SC-01,smartphone,saudavel,saudavel,0.9158,agrosmart-v1,simulado,sim-2026-09
d77cfcbc-fe70-57c2-97e6-9ae6e01354ae,SC-04_20260909_0026.jpg,2026-09-09 10:09:37,SC-04,smartphone,saudavel,saudavel,0.9988,agrosmart-v1,simulado,sim-2026-09
c40088c7-f1bf-5089-8749-b768e513ffee,SC-04_20260909_0027.jpg,2026-09-09 10:10:10,SC-04,smartphone,saudavel,saudavel,0.9027,agrosmart-v1,simulado,sim-2026-09
dd6fc6a5-4c5e-5561-ab33-2038c08b19a3,SC-01_20260909_0018.jpg,2026-09-09 10:10:14,SC-01,smartphone,saudavel,saudavel,0.8807,agrosmart-v1,simulado,sim-2026-09
f579b528-f07d-54a5-ab3a-9a4705168e51,SC-04_20260909_0028.jpg,2026-09-09 10:10:48,SC-04,smartphone,saudavel,saudavel,0.9964,agrosmart-v1,simulado,sim-2026-09
3b631a47-3da3-5bce-a4f5-e9ddf2b199f7,SC-01_20260909_0019.jpg,2026-09-09 10:10:51,SC-01,smartphone,saudavel,saudavel,0.8726,agrosmart-v1,simulado,sim-2026-09
b50168d3-e89d-516c-84a0-3ec96dc4d279,SC-01_20260909_0020.jpg,2026-09-09 10:11:25,SC-01,smartphone,saudavel,saudavel,0.9314,agrosmart-v1,simulado,sim-2026-09
7c9d3f35-1c1a-5da3-8a7a-1f8cbab28e39,SC-01_20260909_0021.jpg,2026-09-09 10:12:27,SC-01,smartphone,saudavel,saudavel,0.9277,agrosmart-v1,simulado,sim-2026-09
784ecd51-55ae-5d8b-be46-64a8b5b762c2,SC-01_20260909_0022.jpg,2026-09-09 10:13:02,SC-01,smartphone,saudavel,saudavel,0.9141,agrosmart-v1,simulado,sim-2026-09
bea3b0ad-8f7b-539f-9d0f-a28725971db4,SC-01_20260909_0023.jpg,2026-09-09 10:13:50,SC-01,smartphone,saudavel,saudavel,0.9617,agrosmart-v1,simulado,sim-2026-09
9d03a7c3-38a9-5424-8331-262849e7caf1,SC-01_20260909_0024.jpg,2026-09-09 10:14:18,SC-01,smartphone,saudavel,saudavel,0.9031,agrosmart-v1,simulado,sim-2026-09
cb416b22-338d-5bcd-b657-2fc338322573,SC-01_20260909_0025.jpg,2026-09-09 10:14:56,SC-01,smartphone,saudavel,saudavel,0.9870,agrosmart-v1,simulado,sim-2026-09
bc2850ad-449a-51bd-82f8-7b44ec333701,SC-01_20260909_0026.jpg,2026-09-09 10:15:45,SC-01,smartphone,saudavel,saudavel,0.9501,agrosmart-v1,simulado,sim-2026-09
073dbee4-a0fd-5098-b137-c1df9fc63d29,SC-01_20260909_0027.jpg,2026-09-09 10:16:05,SC-01,smartphone,saudavel,saudavel,0.9585,agrosmart-v1,simulado,sim-2026-09
d825a8c0-2701-5f64-9751-441d5a6ba304,SC-01_20260909_0028.jpg,2026-09-09 10:16:57,SC-01,smartphone,saudavel,saudavel,0.9316,agrosmart-v1,simulado,sim-2026-09
4c92a951-a2dc-5e34-a483-88bdb48979a1,SC-01_20260909_0029.jpg,2026-09-09 10:17:20,SC-01,smartphone,saudavel,saudavel,0.9105,agrosmart-v1,simulado,sim-2026-09
faf6c6a9-5900-5de3-944d-49d1ba7d0432,SC-01_20260909_0030.jpg,2026-09-09 10:18:05,SC-01,smartphone,saudavel,saudavel,0.8649,agrosmart-v1,simulado,sim-2026-09
39f7ba06-e0aa-568c-bdae-66a0cbd9142e,SC-01_20260909_0031.jpg,2026-09-09 10:18:52,SC-01,smartphone,saudavel,saudavel,0.8745,agrosmart-v1,simulado,sim-2026-09
d21fb7a2-e791-56b4-8b1a-74c4b0af5d39,SC-01_20260909_0032.jpg,2026-09-09 10:19:43,SC-01,smartphone,saudavel,saudavel,0.9913,agrosmart-v1,simulado,sim-2026-09
6c4f5a1c-b213-57c3-893d-babeacc32e2d,SC-01_20260909_0033.jpg,2026-09-09 10:20:01,SC-01,smartphone,saudavel,saudavel,0.9853,agrosmart-v1,simulado,sim-2026-09
edca271c-4847-5f09-9737-93d18123edb9,SC-01_20260909_0034.jpg,2026-09-09 10:21:02,SC-01,smartphone,saudavel,saudavel,0.9619,agrosmart-v1,simulado,sim-2026-09
0ab50279-c313-522e-bcaa-9f064b7f7445,SC-01_20260909_0035.jpg,2026-09-09 10:21:22,SC-01,smartphone,saudavel,saudavel,0.8917,agrosmart-v1,simulado,sim-2026-09
0503507b-8c90-5421-84b6-0ae2a6a391a5,SC-01_20260909_0036.jpg,2026-09-09 10:22:25,SC-01,smartphone,saudavel,saudavel,0.9625,agrosmart-v1,simulado,sim-2026-09
6a1f5316-5945-5ad3-b01a-41ea56339e6b,SC-03_20260911_0001.jpg,2026-09-11 07:05:43,SC-03,smartphone,saudavel,saudavel,0.8859,agrosmart-v1,simulado,sim-2026-09
171dd851-00c5-54a2-946f-d29a60ce7181,SC-03_20260911_0002.jpg,2026-09-11 07:06:22,SC-03,smartphone,saudavel,saudavel,0.9256,agrosmart-v1,simulado,sim-2026-09
c5de62ed-387c-5e94-8eb2-6fd3d8fa399b,SC-03_20260911_0003.jpg,2026-09-11 07:07:11,SC-03,smartphone,doente,pinta_preta,0.9413,agrosmart-v1,simulado,sim-2026-09
d1b68420-8798-55e7-8670-dfb60d0c4368,SC-03_20260911_0004.jpg,2026-09-11 07:07:53,SC-03,smartphone,saudavel,saudavel,0.8694,agrosmart-v1,simulado,sim-2026-09
2b1f1184-4ea1-5e7a-b646-098a87467f07,SC-03_20260911_0005.jpg,2026-09-11 07:08:28,SC-03,smartphone,saudavel,saudavel,0.9016,agrosmart-v1,simulado,sim-2026-09
f72a206c-3ccd-57a5-bb87-5d43a0c4a014,SC-03_20260911_0006.jpg,2026-09-11 07:09:07,SC-03,smartphone,saudavel,saudavel,0.9800,agrosmart-v1,simulado,sim-2026-09
2fcee605-a731-54d0-a958-5950f03f0111,SC-03_20260911_0007.jpg,2026-09-11 07:09:48,SC-03,smartphone,saudavel,saudavel,0.9276,agrosmart-v1,simulado,sim-2026-09
c1c67e02-2eca-5339-88f1-9c0adf73f59c,SC-03_20260911_0008.jpg,2026-09-11 07:10:30,SC-03,smartphone,saudavel,saudavel,0.9999,agrosmart-v1,simulado,sim-2026-09
631e80ff-5ec5-52e2-8ecb-e5da62419219,SC-03_20260911_0009.jpg,2026-09-11 07:11:28,SC-03,smartphone,saudavel,saudavel,0.9962,agrosmart-v1,simulado,sim-2026-09
eb9f3aed-1533-59f5-8bb9-77eb155a658d,SC-03_20260911_0010.jpg,2026-09-11 07:11:57,SC-03,smartphone,saudavel,saudavel,0.9720,agrosmart-v1,simulado,sim-2026-09
eb4ec189-7f7e-5618-b4c2-afe5bde92a51,SC-03_20260911_0011.jpg,2026-09-11 07:12:34,SC-03,smartphone,saudavel,saudavel,0.9392,agrosmart-v1,simulado,sim-2026-09
1cdbe6ac-a6ec-5c05-b886-b83d460b50bc,SC-03_20260911_0012.jpg,2026-09-11 07:13:16,SC-03,smartphone,saudavel,saudavel,0.8924,agrosmart-v1,simulado,sim-2026-09
43adaeda-7a55-5d00-a09e-319b24bf765a,SC-03_20260911_0013.jpg,2026-09-11 07:14:05,SC-03,smartphone,saudavel,saudavel,0.9963,agrosmart-v1,simulado,sim-2026-09
bbd68642-6822-5799-bef9-b4146b3f21cd,SC-03_20260911_0014.jpg,2026-09-11 07:14:29,SC-03,smartphone,saudavel,saudavel,0.9781,agrosmart-v1,simulado,sim-2026-09
8591f48a-d5b9-5e87-8a45-3ac099a48857,SC-03_20260911_0015.jpg,2026-09-11 07:15:17,SC-03,smartphone,saudavel,saudavel,0.8805,agrosmart-v1,simulado,sim-2026-09
9b81b03b-df31-5399-b39d-a0a603053fe8,SC-03_20260911_0016.jpg,2026-09-11 07:15:46,SC-03,smartphone,saudavel,saudavel,0.9282,agrosmart-v1,simulado,sim-2026-09
c0ade372-d53e-5b1a-801e-f78950374230,SC-03_20260911_0017.jpg,2026-09-11 07:16:46,SC-03,smartphone,saudavel,saudavel,0.9943,agrosmart-v1,simulado,sim-2026-09
2a6bda5d-5ad9-5128-a993-c0c0c0b55219,SC-03_20260911_0018.jpg,2026-09-11 07:17:27,SC-03,smartphone,saudavel,saudavel,0.9503,agrosmart-v1,simulado,sim-2026-09
c5821490-8deb-52c4-a23c-fc9cd2b7e639,SC-03_20260911_0019.jpg,2026-09-11 07:18:04,SC-03,smartphone,saudavel,saudavel,0.9993,agrosmart-v1,simulado,sim-2026-09
3115dd57-42b8-5da1-8bad-ab4b72f5191b,SC-03_20260911_0020.jpg,2026-09-11 07:18:27,SC-03,smartphone,saudavel,saudavel,0.9964,agrosmart-v1,simulado,sim-2026-09
a5e41c81-46a0-5c15-ad33-f8aae9f9f625,SC-03_20260911_0021.jpg,2026-09-11 07:19:09,SC-03,smartphone,saudavel,saudavel,0.6225,agrosmart-v1,simulado,sim-2026-09
93122fb0-555e-5dae-bd6c-7b18ff1e06c9,SC-03_20260911_0022.jpg,2026-09-11 07:19:50,SC-03,smartphone,saudavel,saudavel,0.9876,agrosmart-v1,simulado,sim-2026-09
10c34e1b-2fd5-52b2-8a6c-0d47cd2e051a,SC-03_20260911_0023.jpg,2026-09-11 07:20:21,SC-03,smartphone,saudavel,saudavel,0.9064,agrosmart-v1,simulado,sim-2026-09
fed24455-d13b-5cfe-b3e0-15d144a59a60,SC-03_20260911_0024.jpg,2026-09-11 07:21:00,SC-03,smartphone,saudavel,saudavel,0.9542,agrosmart-v1,simulado,sim-2026-09
2a9bf155-cea5-58bb-9b78-5be86ecb49a0,SC-03_20260911_0025.jpg,2026-09-11 07:22:03,SC-03,smartphone,saudavel,saudavel,0.9999,agrosmart-v1,simulado,sim-2026-09
540acfb2-3c1c-5f83-9d2d-0fe40ba79df2,SC-03_20260911_0026.jpg,2026-09-11 07:22:41,SC-03,smartphone,saudavel,saudavel,0.9885,agrosmart-v1,simulado,sim-2026-09
89d6790a-66c4-53ba-9257-42acabd840f8,SC-03_20260911_0027.jpg,2026-09-11 07:23:16,SC-03,smartphone,saudavel,saudavel,0.9596,agrosmart-v1,simulado,sim-2026-09
243e86a4-e91a-5725-ae46-3e108a28b9fc,SC-03_20260911_0028.jpg,2026-09-11 07:24:04,SC-03,smartphone,saudavel,saudavel,0.8531,agrosmart-v1,simulado,sim-2026-09
6e7e8840-f188-57dd-97d9-1f2ee2ee612d,SC-03_20260911_0029.jpg,2026-09-11 07:24:38,SC-03,smartphone,saudavel,saudavel,0.9859,agrosmart-v1,simulado,sim-2026-09
f509619a-f288-58f4-811e-281652a3f9d5,SC-03_20260911_0030.jpg,2026-09-11 07:25:17,SC-03,smartphone,saudavel,saudavel,0.8510,agrosmart-v1,simulado,sim-2026-09
0dcb5c98-2e21-5875-9130-4738df9ba5e5,SC-03_20260911_0031.jpg,2026-09-11 07:26:10,SC-03,smartphone,saudavel,saudavel,0.9062,agrosmart-v1,simulado,sim-2026-09
6d5490f3-6922-5dfe-ad8f-9691091eac76,SC-03_20260911_0032.jpg,2026-09-11 07:26:24,SC-03,smartphone,saudavel,saudavel,0.9997,agrosmart-v1,simulado,sim-2026-09
73007d28-73b3-50db-8811-c0858fcf880d,SC-03_20260911_0033.jpg,2026-09-11 07:27:02,SC-03,smartphone,saudavel,saudavel,0.8308,agrosmart-v1,simulado,sim-2026-09
0229ffba-c68e-5822-b56c-2af13f156b8b,SC-03_20260911_0034.jpg,2026-09-11 07:27:46,SC-03,smartphone,saudavel,saudavel,0.9655,agrosmart-v1,simulado,sim-2026-09
0b1e9e7f-6e31-5712-a5c1-70b8b2df1baf,SC-03_20260911_0035.jpg,2026-09-11 07:28:27,SC-03,smartphone,saudavel,saudavel,0.9949,agrosmart-v1,simulado,sim-2026-09
3ffc2417-54f0-53fa-a4c5-ee45442fb1fb,TI-03_20260911_0001.jpg,2026-09-11 07:30:43,TI-03,drone,saudavel,saudavel,0.9872,agrosmart-v1,simulado,sim-2026-09
801864ee-3494-55d1-8f24-8c0a8e2bf965,TI-03_20260911_0002.jpg,2026-09-11 07:31:23,TI-03,drone,saudavel,saudavel,0.9942,agrosmart-v1,simulado,sim-2026-09
f0c954e6-6992-50e8-bbc2-0e7f4e6145d8,TI-03_20260911_0003.jpg,2026-09-11 07:32:10,TI-03,drone,saudavel,saudavel,0.9917,agrosmart-v1,simulado,sim-2026-09
6b9d421a-9efe-5067-bba2-a81cf8fafbd3,TI-03_20260911_0004.jpg,2026-09-11 07:33:04,TI-03,drone,saudavel,saudavel,0.8932,agrosmart-v1,simulado,sim-2026-09
7af810ad-bc53-56a7-b444-82d4591c5e13,TI-03_20260911_0005.jpg,2026-09-11 07:33:22,TI-03,drone,saudavel,saudavel,0.9747,agrosmart-v1,simulado,sim-2026-09
03c07c7c-5e7d-5608-910b-897e15c8c99f,TI-03_20260911_0006.jpg,2026-09-11 07:34:25,TI-03,drone,saudavel,saudavel,0.8271,agrosmart-v1,simulado,sim-2026-09
a3d6e239-33bb-5666-a577-876629dd81ca,TI-03_20260911_0007.jpg,2026-09-11 07:34:43,TI-03,drone,saudavel,saudavel,0.9406,agrosmart-v1,simulado,sim-2026-09
435efe41-3165-5a2d-80d0-b0966b13ed39,TI-03_20260911_0008.jpg,2026-09-11 07:35:49,TI-03,drone,doente,vaquinha,0.9098,agrosmart-v1,simulado,sim-2026-09
a395f685-2bb8-524f-8f94-47d8cf6d2574,TI-03_20260911_0009.jpg,2026-09-11 07:36:06,TI-03,drone,saudavel,saudavel,0.9226,agrosmart-v1,simulado,sim-2026-09
a96fc8a8-3211-5a6b-835f-34aec8ac3a22,TI-03_20260911_0010.jpg,2026-09-11 07:36:41,TI-03,drone,doente,pinta_preta,0.9953,agrosmart-v1,simulado,sim-2026-09
a04c5bd5-efbf-5733-b230-29d9fd084691,TI-03_20260911_0011.jpg,2026-09-11 07:37:43,TI-03,drone,saudavel,saudavel,0.5645,agrosmart-v1,simulado,sim-2026-09
d462b9c6-157f-5462-896c-5c37b3a3ec77,TI-03_20260911_0012.jpg,2026-09-11 07:38:21,TI-03,drone,saudavel,saudavel,0.9981,agrosmart-v1,simulado,sim-2026-09
cf5274fd-eb4a-51c4-a1f3-a463065247a7,TI-03_20260911_0013.jpg,2026-09-11 07:38:57,TI-03,drone,saudavel,saudavel,0.8312,agrosmart-v1,simulado,sim-2026-09
60d79be9-01ce-5dc9-8e33-36d5a73ad103,TI-03_20260911_0014.jpg,2026-09-11 07:39:30,TI-03,drone,saudavel,saudavel,0.9946,agrosmart-v1,simulado,sim-2026-09
31bce1a1-16c8-54a2-8d0e-b6d0a1ce54db,TI-03_20260911_0015.jpg,2026-09-11 07:40:00,TI-03,drone,doente,requeima,0.8396,agrosmart-v1,simulado,sim-2026-09
81218a8b-a672-51ca-af2a-973c77feb5cd,TI-03_20260911_0016.jpg,2026-09-11 07:40:50,TI-03,drone,saudavel,saudavel,0.9124,agrosmart-v1,simulado,sim-2026-09
e9a27e78-d84a-55b2-9f66-70d9c6db2d9c,TI-03_20260911_0017.jpg,2026-09-11 07:41:39,TI-03,drone,saudavel,saudavel,0.9999,agrosmart-v1,simulado,sim-2026-09
ab3d519d-162c-5884-847c-365312873964,TI-03_20260911_0018.jpg,2026-09-11 07:42:24,TI-03,drone,saudavel,saudavel,0.9908,agrosmart-v1,simulado,sim-2026-09
7990f9ae-4d35-5e9c-a02c-6542205b813d,TI-03_20260911_0019.jpg,2026-09-11 07:42:57,TI-03,drone,saudavel,saudavel,0.9624,agrosmart-v1,simulado,sim-2026-09
effe744d-210e-5ed5-9db0-a2dd1f3f937b,TI-03_20260911_0020.jpg,2026-09-11 07:43:25,TI-03,drone,saudavel,saudavel,0.9801,agrosmart-v1,simulado,sim-2026-09
b73c2b4f-b4d6-5277-b8ef-4322da4b6d72,TI-03_20260911_0021.jpg,2026-09-11 07:44:01,TI-03,drone,doente,pinta_preta,0.9982,agrosmart-v1,simulado,sim-2026-09
f49d3720-0ae2-5da7-99ba-159f9cafb19f,TI-03_20260911_0022.jpg,2026-09-11 07:45:06,TI-03,drone,saudavel,saudavel,0.8966,agrosmart-v1,simulado,sim-2026-09
b73f93d3-017d-5974-b91c-13503647a666,TI-03_20260911_0023.jpg,2026-09-11 07:45:34,TI-03,drone,saudavel,saudavel,0.9913,agrosmart-v1,simulado,sim-2026-09
a02caa99-5b4b-5d5a-9549-71ace4fe1396,TI-03_20260911_0024.jpg,2026-09-11 07:46:08,TI-03,drone,saudavel,saudavel,0.9998,agrosmart-v1,simulado,sim-2026-09
bc0f179a-8dbe-5c92-a1c4-f248638b68e0,TI-03_20260911_0025.jpg,2026-09-11 07:46:49,TI-03,drone,doente,pinta_preta,0.9980,agrosmart-v1,simulado,sim-2026-09
c01782d4-b9d6-539b-a7e1-8ae4a643abf7,SC-01_20260911_0001.jpg,2026-09-11 07:46:54,SC-01,smartphone,saudavel,saudavel,0.9982,agrosmart-v1,simulado,sim-2026-09
80ec5f36-c40b-5ea6-933b-ec7ac1f8a21a,SC-01_20260911_0002.jpg,2026-09-11 07:47:27,SC-01,smartphone,saudavel,saudavel,0.9818,agrosmart-v1,simulado,sim-2026-09
69c8f678-7d84-58ce-a62c-dfce206ca1fb,TI-03_20260911_0026.jpg,2026-09-11 07:47:35,TI-03,drone,saudavel,saudavel,0.9601,agrosmart-v1,simulado,sim-2026-09
da21101b-e080-5160-ba6b-985f0a2db098,SC-01_20260911_0003.jpg,2026-09-11 07:48:06,SC-01,smartphone,saudavel,saudavel,0.8533,agrosmart-v1,simulado,sim-2026-09
c146da00-1cc1-5d5f-be11-38fa5733ca11,TI-03_20260911_0027.jpg,2026-09-11 07:48:25,TI-03,drone,saudavel,saudavel,0.9690,agrosmart-v1,simulado,sim-2026-09
3134615a-fc8e-51c4-abb3-453cab5f218c,SC-01_20260911_0004.jpg,2026-09-11 07:48:40,SC-01,smartphone,saudavel,saudavel,0.9069,agrosmart-v1,simulado,sim-2026-09
e0009597-a945-5094-8461-1e9d89d1941c,TI-03_20260911_0028.jpg,2026-09-11 07:48:59,TI-03,drone,saudavel,saudavel,0.9938,agrosmart-v1,simulado,sim-2026-09
2f41dde2-520c-5681-a12d-c4615ca13be2,TI-03_20260911_0029.jpg,2026-09-11 07:49:29,TI-03,drone,saudavel,saudavel,0.9994,agrosmart-v1,simulado,sim-2026-09
d0b9654a-b709-5884-983e-95de3d82fae9,SC-01_20260911_0005.jpg,2026-09-11 07:49:31,SC-01,smartphone,saudavel,saudavel,0.8720,agrosmart-v1,simulado,sim-2026-09
f2b00813-1074-51cf-8181-71b3f7ce10ff,SC-01_20260911_0006.jpg,2026-09-11 07:50:02,SC-01,smartphone,saudavel,saudavel,0.9590,agrosmart-v1,simulado,sim-2026-09
6a9c679c-c98a-541e-8d0a-a4ec2f9c516e,TI-03_20260911_0030.jpg,2026-09-11 07:50:08,TI-03,drone,saudavel,saudavel,1.0000,agrosmart-v1,simulado,sim-2026-09
778d4e47-1fdc-525c-b176-00aca6151196,TI-03_20260911_0031.jpg,2026-09-11 07:50:49,TI-03,drone,saudavel,saudavel,0.9990,agrosmart-v1,simulado,sim-2026-09
c144aa33-d313-55f0-a4a1-8b19815ab4d0,SC-01_20260911_0007.jpg,2026-09-11 07:51:03,SC-01,smartphone,saudavel,saudavel,0.9992,agrosmart-v1,simulado,sim-2026-09
4e6e59b1-082f-539f-9a72-9fcd8c5423e6,SC-01_20260911_0008.jpg,2026-09-11 07:51:34,SC-01,smartphone,saudavel,saudavel,0.9935,agrosmart-v1,simulado,sim-2026-09
7369d1ca-6f2c-5efe-933a-cf3324c82a66,TI-03_20260911_0032.jpg,2026-09-11 07:51:40,TI-03,drone,saudavel,saudavel,0.9815,agrosmart-v1,simulado,sim-2026-09
9df2d10e-6075-5aa6-8276-c09d4fdcf8bd,SC-01_20260911_0009.jpg,2026-09-11 07:52:14,SC-01,smartphone,saudavel,saudavel,0.8370,agrosmart-v1,simulado,sim-2026-09
dfb42c81-544b-5f00-b773-959e04d00a61,TI-03_20260911_0033.jpg,2026-09-11 07:52:15,TI-03,drone,saudavel,saudavel,0.9792,agrosmart-v1,simulado,sim-2026-09
aec94588-b45d-5bf8-8072-ad2b8a6f58a2,SC-01_20260911_0010.jpg,2026-09-11 07:52:47,SC-01,smartphone,saudavel,saudavel,0.7748,agrosmart-v1,simulado,sim-2026-09
e1eb5690-ea58-52c5-93e9-eec8de91300a,TI-03_20260911_0034.jpg,2026-09-11 07:52:52,TI-03,drone,saudavel,saudavel,0.9939,agrosmart-v1,simulado,sim-2026-09
04fdac78-bbb9-5f96-93bb-b57adebdf399,TI-03_20260911_0035.jpg,2026-09-11 07:53:24,TI-03,drone,saudavel,saudavel,0.9821,agrosmart-v1,simulado,sim-2026-09
8e2d9e2d-19f5-5543-81d3-f8370ffd8763,SC-01_20260911_0011.jpg,2026-09-11 07:53:42,SC-01,smartphone,saudavel,saudavel,0.8700,agrosmart-v1,simulado,sim-2026-09
a3f1560d-4352-51a8-9e73-eda2fbddda01,TI-03_20260911_0036.jpg,2026-09-11 07:54:07,TI-03,drone,saudavel,saudavel,0.9999,agrosmart-v1,simulado,sim-2026-09
03267918-dcf1-5edb-b7d4-e95ae75c56f5,SC-01_20260911_0012.jpg,2026-09-11 07:54:14,SC-01,smartphone,saudavel,saudavel,0.8749,agrosmart-v1,simulado,sim-2026-09
bc2acada-607e-58d2-aa93-6ea9fbf1e375,TI-03_20260911_0037.jpg,2026-09-11 07:54:58,TI-03,drone,saudavel,saudavel,0.9916,agrosmart-v1,simulado,sim-2026-09
26a0c048-3441-556a-8bef-fb5ceaee44b2,SC-01_20260911_0013.jpg,2026-09-11 07:55:00,SC-01,smartphone,saudavel,saudavel,0.9987,agrosmart-v1,simulado,sim-2026-09
5ada5ece-e0f5-5c91-8800-dc9e90e291cc,SC-01_20260911_0014.jpg,2026-09-11 07:55:20,SC-01,smartphone,saudavel,saudavel,0.8602,agrosmart-v1,simulado,sim-2026-09
6d71b40d-d8b2-5fea-a358-469ab42f8c87,TI-03_20260911_0038.jpg,2026-09-11 07:55:46,TI-03,drone,saudavel,saudavel,0.9586,agrosmart-v1,simulado,sim-2026-09
25525605-4619-58d0-8b1f-776f29f3af24,SC-01_20260911_0015.jpg,2026-09-11 07:56:05,SC-01,smartphone,saudavel,saudavel,0.9989,agrosmart-v1,simulado,sim-2026-09
61ca197a-02b6-56c4-935a-71a5181adec3,TI-03_20260911_0039.jpg,2026-09-11 07:56:16,TI-03,drone,doente,requeima,0.9642,agrosmart-v1,simulado,sim-2026-09
58db5a17-6c85-5ca4-b43e-9448c421743c,TI-03_20260911_0040.jpg,2026-09-11 07:56:54,TI-03,drone,saudavel,saudavel,0.9808,agrosmart-v1,simulado,sim-2026-09
8de2a79a-bcf9-53db-8572-1230987d0aee,SC-01_20260911_0016.jpg,2026-09-11 07:56:57,SC-01,smartphone,saudavel,saudavel,0.9955,agrosmart-v1,simulado,sim-2026-09
e5637e68-047b-53b0-9e3f-7c3b3f66d619,SC-01_20260911_0017.jpg,2026-09-11 07:57:50,SC-01,smartphone,saudavel,saudavel,0.8553,agrosmart-v1,simulado,sim-2026-09
e286b8a4-f645-5ed6-a52a-b08aeddef6a2,SC-01_20260911_0018.jpg,2026-09-11 07:58:00,SC-01,smartphone,doente,pinta_preta,0.9922,agrosmart-v1,simulado,sim-2026-09
9e8dfa47-cafb-585f-8ab1-085fe8dd1d46,SC-01_20260911_0019.jpg,2026-09-11 07:58:48,SC-01,smartphone,saudavel,saudavel,0.9366,agrosmart-v1,simulado,sim-2026-09
a8d10b9c-0f7f-50c0-a1a0-0aee0c985db3,SC-01_20260911_0020.jpg,2026-09-11 07:59:21,SC-01,smartphone,saudavel,saudavel,0.9239,agrosmart-v1,simulado,sim-2026-09
a59b19dc-7031-5e3a-8a50-72153138d764,SC-01_20260911_0021.jpg,2026-09-11 08:00:30,SC-01,smartphone,saudavel,saudavel,0.9790,agrosmart-v1,simulado,sim-2026-09
5e3b382d-c7b6-5845-89c4-5f7576fd4358,SC-01_20260911_0022.jpg,2026-09-11 08:01:06,SC-01,smartphone,saudavel,saudavel,0.9601,agrosmart-v1,simulado,sim-2026-09
8993b970-7558-5dcc-8d86-a91b1044735c,TI-04_20260911_0001.jpg,2026-09-11 08:01:07,TI-04,drone,saudavel,saudavel,0.8274,agrosmart-v1,simulado,sim-2026-09
68c65a47-a40b-52c0-8027-f4e621ff5608,SC-01_20260911_0023.jpg,2026-09-11 08:01:37,SC-01,smartphone,saudavel,saudavel,0.9998,agrosmart-v1,simulado,sim-2026-09
1dc80821-1494-5ee8-bc72-412d29e7428c,TI-04_20260911_0002.jpg,2026-09-11 08:01:42,TI-04,drone,doente,vaquinha,0.8295,agrosmart-v1,simulado,sim-2026-09
9b43217b-19ff-53e6-9ab8-157854b0bb39,TI-04_20260911_0003.jpg,2026-09-11 08:02:11,TI-04,drone,saudavel,saudavel,0.9878,agrosmart-v1,simulado,sim-2026-09
f340b9dd-8ba1-50f6-8a9f-a48fb128a00a,SC-01_20260911_0024.jpg,2026-09-11 08:02:30,SC-01,smartphone,saudavel,saudavel,0.9995,agrosmart-v1,simulado,sim-2026-09
2884d0c6-d171-52ea-a363-6465dcbc7e0f,SC-01_20260911_0025.jpg,2026-09-11 08:03:03,SC-01,smartphone,saudavel,saudavel,0.9991,agrosmart-v1,simulado,sim-2026-09
b25204ca-496a-5fd0-81cc-6e46ca07de3a,TI-04_20260911_0004.jpg,2026-09-11 08:03:08,TI-04,drone,saudavel,saudavel,0.6758,agrosmart-v1,simulado,sim-2026-09
16609cb1-a30f-5b50-b1af-7f9fae37715c,TI-04_20260911_0005.jpg,2026-09-11 08:03:49,TI-04,drone,saudavel,saudavel,0.9885,agrosmart-v1,simulado,sim-2026-09
9b40ed12-1c51-567e-963e-1759a70494b9,SC-01_20260911_0026.jpg,2026-09-11 08:03:50,SC-01,smartphone,saudavel,saudavel,0.8317,agrosmart-v1,simulado,sim-2026-09
e7da6f60-8bb0-582e-84f5-ac026a07fe27,TI-04_20260911_0006.jpg,2026-09-11 08:04:08,TI-04,drone,saudavel,saudavel,0.8283,agrosmart-v1,simulado,sim-2026-09
80514aad-2c68-5c6b-b463-6b976d22df5d,SC-01_20260911_0027.jpg,2026-09-11 08:04:29,SC-01,smartphone,saudavel,saudavel,0.9703,agrosmart-v1,simulado,sim-2026-09
15ee44b9-1c44-56f3-b5d6-e4804196a953,SC-01_20260911_0028.jpg,2026-09-11 08:04:44,SC-01,smartphone,saudavel,saudavel,0.9351,agrosmart-v1,simulado,sim-2026-09
ba07a438-77c9-535f-bed7-5f6756015a03,TI-04_20260911_0007.jpg,2026-09-11 08:04:53,TI-04,drone,saudavel,saudavel,0.8932,agrosmart-v1,simulado,sim-2026-09
99f2a109-79e0-56c1-85c7-601ac8181ef3,TI-04_20260911_0008.jpg,2026-09-11 08:05:42,TI-04,drone,saudavel,saudavel,0.9373,agrosmart-v1,simulado,sim-2026-09
1398f25c-c509-5c4a-b6c7-1dcf16df8608,SC-01_20260911_0029.jpg,2026-09-11 08:05:48,SC-01,smartphone,saudavel,saudavel,0.9865,agrosmart-v1,simulado,sim-2026-09
eb2ed016-8d46-5196-bee8-5061b5632ce0,SC-01_20260911_0030.jpg,2026-09-11 08:06:24,SC-01,smartphone,saudavel,saudavel,0.9577,agrosmart-v1,simulado,sim-2026-09
14d05799-a9f0-5423-ae91-5e5c892a40d7,TI-04_20260911_0009.jpg,2026-09-11 08:06:26,TI-04,drone,saudavel,saudavel,0.9551,agrosmart-v1,simulado,sim-2026-09
9f28a01f-2ccd-5dbc-aa83-360f45de4aaf,SC-01_20260911_0031.jpg,2026-09-11 08:06:41,SC-01,smartphone,saudavel,saudavel,0.9881,agrosmart-v1,simulado,sim-2026-09
f18b5dce-6d3c-582a-a3ca-a76e9efb7511,TI-04_20260911_0010.jpg,2026-09-11 08:06:46,TI-04,drone,saudavel,saudavel,0.9891,agrosmart-v1,simulado,sim-2026-09
45a36057-5879-5206-8832-9356110cc0e5,TI-04_20260911_0011.jpg,2026-09-11 08:07:31,TI-04,drone,saudavel,saudavel,0.9994,agrosmart-v1,simulado,sim-2026-09
badde9fd-8022-5158-8663-03571af74b84,SC-01_20260911_0032.jpg,2026-09-11 08:07:48,SC-01,smartphone,saudavel,saudavel,0.9960,agrosmart-v1,simulado,sim-2026-09
fb64d96e-7ee0-50a5-9725-84c59af362e0,SC-01_20260911_0033.jpg,2026-09-11 08:08:00,SC-01,smartphone,saudavel,saudavel,0.9949,agrosmart-v1,simulado,sim-2026-09
bab06a87-0417-53ed-843b-01254ab9880a,TI-04_20260911_0012.jpg,2026-09-11 08:08:10,TI-04,drone,saudavel,saudavel,0.9452,agrosmart-v1,simulado,sim-2026-09
21527333-3d40-5f53-baa4-72f3294d75c3,TI-04_20260911_0013.jpg,2026-09-11 08:08:57,TI-04,drone,saudavel,saudavel,0.9583,agrosmart-v1,simulado,sim-2026-09
0978238d-4dec-50fc-9069-0cc035cfb6c1,SC-01_20260911_0034.jpg,2026-09-11 08:09:07,SC-01,smartphone,saudavel,saudavel,0.9994,agrosmart-v1,simulado,sim-2026-09
c1d41bbb-a10b-5067-b0e9-d3e510102854,SC-01_20260911_0035.jpg,2026-09-11 08:09:28,SC-01,smartphone,saudavel,saudavel,0.9137,agrosmart-v1,simulado,sim-2026-09
64139785-a688-5552-b3b5-d94b99bc8c14,TI-04_20260911_0014.jpg,2026-09-11 08:09:41,TI-04,drone,saudavel,saudavel,0.8301,agrosmart-v1,simulado,sim-2026-09
f1a142e5-85b7-5da3-9316-ba66451e6abb,SC-01_20260911_0036.jpg,2026-09-11 08:10:03,SC-01,smartphone,saudavel,saudavel,0.8960,agrosmart-v1,simulado,sim-2026-09
d9673ded-c895-5632-8e26-22e0e17c3791,TI-04_20260911_0015.jpg,2026-09-11 08:10:12,TI-04,drone,saudavel,saudavel,0.9992,agrosmart-v1,simulado,sim-2026-09
0543a0f1-a56e-510d-b49d-f152c2811262,TI-04_20260911_0016.jpg,2026-09-11 08:11:07,TI-04,drone,doente,vaquinha,0.9657,agrosmart-v1,simulado,sim-2026-09
03ab91bc-937d-5aa4-a85c-71db785ab2b7,TI-04_20260911_0017.jpg,2026-09-11 08:11:27,TI-04,drone,saudavel,saudavel,0.9007,agrosmart-v1,simulado,sim-2026-09
c12ed555-f229-57b9-9c73-8d3e7e5517c8,TI-04_20260911_0018.jpg,2026-09-11 08:12:24,TI-04,drone,doente,mosca_minadora,0.8980,agrosmart-v1,simulado,sim-2026-09
6acf3929-db37-5109-823d-9c6f4f7c9407,BV-03_20260911_0001.jpg,2026-09-11 08:12:47,BV-03,smartphone,saudavel,saudavel,0.9999,agrosmart-v1,simulado,sim-2026-09
d9475733-ca87-5696-b8ab-183a16740711,TI-04_20260911_0019.jpg,2026-09-11 08:12:55,TI-04,drone,saudavel,saudavel,0.9676,agrosmart-v1,simulado,sim-2026-09
010b4966-acf1-59a9-94bb-9b62b2aa9490,TI-04_20260911_0020.jpg,2026-09-11 08:13:42,TI-04,drone,saudavel,saudavel,0.9669,agrosmart-v1,simulado,sim-2026-09
96368ff1-eeeb-5230-a882-7604485e720b,BV-03_20260911_0002.jpg,2026-09-11 08:13:50,BV-03,smartphone,saudavel,saudavel,0.9559,agrosmart-v1,simulado,sim-2026-09
e8b4fa4e-0a4a-54f7-b70e-078cb862fd6a,TI-04_20260911_0021.jpg,2026-09-11 08:14:04,TI-04,drone,saudavel,saudavel,0.9861,agrosmart-v1,simulado,sim-2026-09
0f3a314f-83c2-569e-a162-6be2070992cc,BV-03_20260911_0003.jpg,2026-09-11 08:14:21,BV-03,smartphone,saudavel,saudavel,0.9760,agrosmart-v1,simulado,sim-2026-09
65a7377e-88fe-5dce-a5e0-af7b8c5a7490,BV-03_20260911_0004.jpg,2026-09-11 08:14:44,BV-03,smartphone,saudavel,saudavel,0.9478,agrosmart-v1,simulado,sim-2026-09
2c8e7953-db32-5f95-bc50-7d8c884e64b7,TI-04_20260911_0022.jpg,2026-09-11 08:14:53,TI-04,drone,saudavel,saudavel,0.9160,agrosmart-v1,simulado,sim-2026-09
fd7007f7-15b2-52a4-b733-700f12a29fb7,TI-04_20260911_0023.jpg,2026-09-11 08:15:37,TI-04,drone,saudavel,saudavel,0.9988,agrosmart-v1,simulado,sim-2026-09
5a61a1c9-829b-5486-b67c-51ad4c30e409,BV-03_20260911_0005.jpg,2026-09-11 08:15:48,BV-03,smartphone,saudavel,saudavel,0.9950,agrosmart-v1,simulado,sim-2026-09
e37c8f45-07fb-53a7-b813-e5e8d919f65d,SC-02_20260911_0001.jpg,2026-09-11 08:16:00,SC-02,smartphone,saudavel,saudavel,0.9796,agrosmart-v1,simulado,sim-2026-09
b8166829-6214-5880-a216-559d073fc9ae,BV-03_20260911_0006.jpg,2026-09-11 08:16:21,BV-03,smartphone,saudavel,saudavel,1.0000,agrosmart-v1,simulado,sim-2026-09
379aa78a-d53e-5665-838e-89776b24d409,TI-04_20260911_0024.jpg,2026-09-11 08:16:26,TI-04,drone,saudavel,saudavel,0.8378,agrosmart-v1,simulado,sim-2026-09
8f398c7e-f21d-55ba-8b41-69ffc915433c,SC-02_20260911_0002.jpg,2026-09-11 08:16:38,SC-02,smartphone,saudavel,saudavel,0.9913,agrosmart-v1,simulado,sim-2026-09
86125b01-eab6-532c-a71d-07512666b40e,TI-04_20260911_0025.jpg,2026-09-11 08:16:56,TI-04,drone,saudavel,saudavel,0.9525,agrosmart-v1,simulado,sim-2026-09
73c26ff9-266c-5f93-a89f-9ceb77a9e836,BV-03_20260911_0007.jpg,2026-09-11 08:17:02,BV-03,smartphone,saudavel,saudavel,0.9179,agrosmart-v1,simulado,sim-2026-09
aec92b0f-61a5-5a40-984a-6985e004b6dd,SC-02_20260911_0003.jpg,2026-09-11 08:17:17,SC-02,smartphone,saudavel,saudavel,0.9623,agrosmart-v1,simulado,sim-2026-09
cbaacdc8-c1ab-54fd-a35f-2349494730fb,BV-03_20260911_0008.jpg,2026-09-11 08:17:37,BV-03,smartphone,saudavel,saudavel,0.9996,agrosmart-v1,simulado,sim-2026-09
ed950050-bcf7-5339-98e7-b7f68d270f70,SC-02_20260911_0004.jpg,2026-09-11 08:17:50,SC-02,smartphone,saudavel,saudavel,0.8593,agrosmart-v1,simulado,sim-2026-09
336d7e4b-6204-5bf1-be43-695fc1a69337,TI-04_20260911_0026.jpg,2026-09-11 08:17:50,TI-04,drone,saudavel,saudavel,0.9634,agrosmart-v1,simulado,sim-2026-09
c0e5a98e-9499-595e-96ab-bf0140d10583,TI-04_20260911_0027.jpg,2026-09-11 08:18:06,TI-04,drone,saudavel,saudavel,0.9998,agrosmart-v1,simulado,sim-2026-09
246fff34-d742-579f-a9fe-2092da15782d,BV-03_20260911_0009.jpg,2026-09-11 08:18:23,BV-03,smartphone,saudavel,saudavel,0.9999,agrosmart-v1,simulado,sim-2026-09
7cd9b0f8-0041-569b-a0e7-ed56adfa644e,BV-03_20260911_0010.jpg,2026-09-11 08:18:40,BV-03,smartphone,saudavel,saudavel,0.9794,agrosmart-v1,simulado,sim-2026-09
a3880a47-54e2-52de-ab79-78d82f225d00,SC-02_20260911_0005.jpg,2026-09-11 08:18:48,SC-02,smartphone,saudavel,saudavel,0.9525,agrosmart-v1,simulado,sim-2026-09
2c9cc5ba-810b-539f-80ff-7b60c9d5bff3,TI-04_20260911_0028.jpg,2026-09-11 08:19:05,TI-04,drone,saudavel,saudavel,0.9974,agrosmart-v1,simulado,sim-2026-09
daf1cb55-2735-5968-ad4c-017b97276cf6,BV-03_20260911_0011.jpg,2026-09-11 08:19:24,BV-03,smartphone,saudavel,saudavel,0.9976,agrosmart-v1,simulado,sim-2026-09
001a1f7e-073d-598b-872d-7357e2e00ed6,SC-02_20260911_0006.jpg,2026-09-11 08:19:29,SC-02,smartphone,saudavel,saudavel,0.9780,agrosmart-v1,simulado,sim-2026-09
95c15638-0aa5-5d7d-a199-24882aca6bd5,SC-02_20260911_0007.jpg,2026-09-11 08:19:57,SC-02,smartphone,saudavel,saudavel,0.8916,agrosmart-v1,simulado,sim-2026-09
9f583d20-5344-5ee2-94d9-714a8eee2d8d,BV-03_20260911_0012.jpg,2026-09-11 08:20:06,BV-03,smartphone,saudavel,saudavel,0.8609,agrosmart-v1,simulado,sim-2026-09
65496b33-a8fa-5d26-b19c-bcdd3d97e267,SC-02_20260911_0008.jpg,2026-09-11 08:20:33,SC-02,smartphone,saudavel,saudavel,0.8514,agrosmart-v1,simulado,sim-2026-09
1dcc4d86-594f-579b-ad07-790f4b069c89,BV-03_20260911_0013.jpg,2026-09-11 08:20:46,BV-03,smartphone,saudavel,saudavel,0.9815,agrosmart-v1,simulado,sim-2026-09
0cf4a7d9-768e-52ea-adcb-26552f85c6dc,SC-02_20260911_0009.jpg,2026-09-11 08:21:13,SC-02,smartphone,saudavel,saudavel,0.9929,agrosmart-v1,simulado,sim-2026-09
13b75a0e-b3c1-53f6-b894-c3f97cb92306,BV-03_20260911_0014.jpg,2026-09-11 08:21:40,BV-03,smartphone,saudavel,saudavel,0.9738,agrosmart-v1,simulado,sim-2026-09
2f53237a-b0d5-5555-b415-83d7441bb589,SC-02_20260911_0010.jpg,2026-09-11 08:22:07,SC-02,smartphone,saudavel,saudavel,0.9988,agrosmart-v1,simulado,sim-2026-09
8aaa024c-bd6a-5a46-9ed7-ed5b13b84862,BV-03_20260911_0015.jpg,2026-09-11 08:22:26,BV-03,smartphone,saudavel,saudavel,0.8814,agrosmart-v1,simulado,sim-2026-09
402147b8-bfe1-5159-bf1f-e0836f8fe603,SC-02_20260911_0011.jpg,2026-09-11 08:22:40,SC-02,smartphone,saudavel,saudavel,0.9964,agrosmart-v1,simulado,sim-2026-09
dc95bd89-e7a8-55b7-8c18-ddaa6ce77813,BV-03_20260911_0016.jpg,2026-09-11 08:22:41,BV-03,smartphone,saudavel,saudavel,0.9997,agrosmart-v1,simulado,sim-2026-09
263cfbbc-d1ec-55da-af08-bee61df43929,SC-02_20260911_0012.jpg,2026-09-11 08:23:21,SC-02,smartphone,saudavel,saudavel,0.9061,agrosmart-v1,simulado,sim-2026-09
4c0d8be7-17d3-5278-a71d-0b8b22708037,BV-03_20260911_0017.jpg,2026-09-11 08:23:46,BV-03,smartphone,saudavel,saudavel,0.9901,agrosmart-v1,simulado,sim-2026-09
2653fc21-8b17-5bc9-a322-ea64602cdcef,SC-02_20260911_0013.jpg,2026-09-11 08:23:49,SC-02,smartphone,saudavel,saudavel,0.9131,agrosmart-v1,simulado,sim-2026-09
94657f4e-75ba-5798-85d9-247bb7a7f495,BV-03_20260911_0018.jpg,2026-09-11 08:24:16,BV-03,smartphone,saudavel,saudavel,1.0000,agrosmart-v1,simulado,sim-2026-09
0ae185ff-721b-55ff-8393-94ebecceac6d,SC-02_20260911_0014.jpg,2026-09-11 08:24:23,SC-02,smartphone,saudavel,saudavel,0.9716,agrosmart-v1,simulado,sim-2026-09
3fc7307c-8e71-51c6-a613-2200be570bb0,SC-02_20260911_0015.jpg,2026-09-11 08:25:04,SC-02,smartphone,saudavel,saudavel,0.9374,agrosmart-v1,simulado,sim-2026-09
700f4572-0232-5739-a826-c72568d24f3d,BV-03_20260911_0019.jpg,2026-09-11 08:25:07,BV-03,smartphone,saudavel,saudavel,0.8316,agrosmart-v1,simulado,sim-2026-09
4bbe804e-fa12-5afd-8956-a3e461d4dbbd,BV-03_20260911_0020.jpg,2026-09-11 08:25:40,BV-03,smartphone,saudavel,saudavel,0.9904,agrosmart-v1,simulado,sim-2026-09
018ed489-ac0e-521a-9651-fa38c6ff5473,SC-02_20260911_0016.jpg,2026-09-11 08:26:03,SC-02,smartphone,saudavel,saudavel,0.9998,agrosmart-v1,simulado,sim-2026-09
f5014ceb-7ab4-580b-b638-f03ae806f7e1,BV-03_20260911_0021.jpg,2026-09-11 08:26:08,BV-03,smartphone,saudavel,saudavel,0.9468,agrosmart-v1,simulado,sim-2026-09
064d664f-fbff-50d3-b4c7-c35a86dc9b07,SC-02_20260911_0017.jpg,2026-09-11 08:26:39,SC-02,smartphone,saudavel,saudavel,0.9158,agrosmart-v1,simulado,sim-2026-09
8e6f240f-c37e-57ec-9d26-9a172dcdfad5,BV-03_20260911_0022.jpg,2026-09-11 08:27:04,BV-03,smartphone,saudavel,saudavel,0.9160,agrosmart-v1,simulado,sim-2026-09
327cac08-d111-5415-a2d9-0032979298be,SC-02_20260911_0018.jpg,2026-09-11 08:27:23,SC-02,smartphone,saudavel,saudavel,0.8321,agrosmart-v1,simulado,sim-2026-09
0990afc3-dac4-522e-89ae-3f11aa2812d6,BV-03_20260911_0023.jpg,2026-09-11 08:27:27,BV-03,smartphone,saudavel,saudavel,0.9876,agrosmart-v1,simulado,sim-2026-09
8be923d2-e952-5fd8-9dd7-f923a566fcf8,SC-02_20260911_0019.jpg,2026-09-11 08:27:56,SC-02,smartphone,saudavel,saudavel,0.8665,agrosmart-v1,simulado,sim-2026-09
a4ef314c-bb1d-5e7a-9452-9edc378e749b,BV-03_20260911_0024.jpg,2026-09-11 08:28:14,BV-03,smartphone,saudavel,saudavel,0.9986,agrosmart-v1,simulado,sim-2026-09
e2d867a8-4abe-59a7-9733-62d1add6a67c,SC-02_20260911_0020.jpg,2026-09-11 08:28:33,SC-02,smartphone,saudavel,saudavel,0.9411,agrosmart-v1,simulado,sim-2026-09
516f9a6a-7978-5ee1-8001-cb2c5e55241b,BV-03_20260911_0025.jpg,2026-09-11 08:28:52,BV-03,smartphone,saudavel,saudavel,0.8489,agrosmart-v1,simulado,sim-2026-09
7fdac2aa-4fba-537d-a979-7c4cd65be667,SC-02_20260911_0021.jpg,2026-09-11 08:29:24,SC-02,smartphone,saudavel,saudavel,0.9986,agrosmart-v1,simulado,sim-2026-09
cbb595e4-c631-5b69-b46b-54737f685684,BV-03_20260911_0026.jpg,2026-09-11 08:29:45,BV-03,smartphone,doente,vaquinha,0.9965,agrosmart-v1,simulado,sim-2026-09
415d8144-3dce-5335-acbd-044b9805a945,SC-02_20260911_0022.jpg,2026-09-11 08:30:00,SC-02,smartphone,saudavel,saudavel,0.9818,agrosmart-v1,simulado,sim-2026-09
e7e538df-9b62-5a8b-8593-915d837126a4,BV-03_20260911_0027.jpg,2026-09-11 08:30:20,BV-03,smartphone,saudavel,saudavel,0.9992,agrosmart-v1,simulado,sim-2026-09
58e9fee2-a88e-5ee3-812e-8af3a43dbf20,SC-02_20260911_0023.jpg,2026-09-11 08:30:25,SC-02,smartphone,saudavel,saudavel,0.8721,agrosmart-v1,simulado,sim-2026-09
c73dea49-a4a2-5009-9be9-39b684dc5f2a,SC-02_20260911_0024.jpg,2026-09-11 08:31:01,SC-02,smartphone,saudavel,saudavel,0.9135,agrosmart-v1,simulado,sim-2026-09
976ca267-b105-527b-ba39-d9bba98b5a9f,BV-03_20260911_0028.jpg,2026-09-11 08:31:07,BV-03,smartphone,saudavel,saudavel,0.9835,agrosmart-v1,simulado,sim-2026-09
3fd37914-af6f-55f6-b724-ee4abe2ad97c,BV-03_20260911_0029.jpg,2026-09-11 08:31:42,BV-03,smartphone,saudavel,saudavel,0.8935,agrosmart-v1,simulado,sim-2026-09
5cc78304-3ce3-5d23-8e1c-8b1f8e01a886,SC-02_20260911_0025.jpg,2026-09-11 08:32:02,SC-02,smartphone,saudavel,saudavel,0.8282,agrosmart-v1,simulado,sim-2026-09
8a751da4-f12a-58bf-be8f-43f4b80b3453,SC-02_20260911_0026.jpg,2026-09-11 08:32:27,SC-02,smartphone,saudavel,saudavel,0.9015,agrosmart-v1,simulado,sim-2026-09
6fcde8e8-cefc-5119-99c8-2c98aa42107b,SC-02_20260911_0027.jpg,2026-09-11 08:33:27,SC-02,smartphone,saudavel,saudavel,0.9363,agrosmart-v1,simulado,sim-2026-09
3274f002-97ef-51cf-a4c6-668e9eb8dd31,SC-02_20260911_0028.jpg,2026-09-11 08:34:06,SC-02,smartphone,saudavel,saudavel,0.9984,agrosmart-v1,simulado,sim-2026-09
4d1be75f-6b43-5ca0-a0d7-f9574e906e66,BV-02_20260911_0001.jpg,2026-09-11 08:34:09,BV-02,smartphone,saudavel,saudavel,0.8985,agrosmart-v1,simulado,sim-2026-09
51734d70-92ed-5f11-b909-0f04eef562cb,BV-02_20260911_0002.jpg,2026-09-11 08:34:20,BV-02,smartphone,doente,pinta_preta,0.9851,agrosmart-v1,simulado,sim-2026-09
af430f76-657b-5481-88f5-594ff2f34abd,SC-02_20260911_0029.jpg,2026-09-11 08:34:21,SC-02,smartphone,saudavel,saudavel,0.9028,agrosmart-v1,simulado,sim-2026-09
99af466a-0ce9-564f-bdf1-1dcddd0cbbe5,BV-02_20260911_0003.jpg,2026-09-11 08:35:06,BV-02,smartphone,saudavel,saudavel,0.8925,agrosmart-v1,simulado,sim-2026-09
12b24f03-3c68-50c0-85c3-cb0aeecd9d8e,SC-02_20260911_0030.jpg,2026-09-11 08:35:19,SC-02,smartphone,saudavel,saudavel,0.9655,agrosmart-v1,simulado,sim-2026-09
cace2ae1-0ceb-5bd0-9d12-c135b6dc11a0,SC-02_20260911_0031.jpg,2026-09-11 08:35:49,SC-02,smartphone,saudavel,saudavel,0.9164,agrosmart-v1,simulado,sim-2026-09
e9b1adc3-22f2-591d-abad-92cd33a7280a,BV-02_20260911_0004.jpg,2026-09-11 08:36:02,BV-02,smartphone,doente,pinta_preta,0.9975,agrosmart-v1,simulado,sim-2026-09
85e8b243-a5d4-506d-b695-957efeb9c0ef,BV-02_20260911_0005.jpg,2026-09-11 08:36:24,BV-02,smartphone,saudavel,saudavel,0.8612,agrosmart-v1,simulado,sim-2026-09
eb85fae6-4571-55fa-be83-3bad9bd50f02,SC-02_20260911_0032.jpg,2026-09-11 08:36:29,SC-02,smartphone,saudavel,saudavel,0.9929,agrosmart-v1,simulado,sim-2026-09
b2064848-c192-5f0c-a4b7-59b2d25789e4,BV-02_20260911_0006.jpg,2026-09-11 08:37:16,BV-02,smartphone,saudavel,saudavel,0.8298,agrosmart-v1,simulado,sim-2026-09
12da756f-d1dd-5c10-935d-525d109a16ff,SC-02_20260911_0033.jpg,2026-09-11 08:37:20,SC-02,smartphone,doente,requeima,0.9796,agrosmart-v1,simulado,sim-2026-09
db0daf1a-56fd-564f-ae33-304e32d68e97,BV-02_20260911_0007.jpg,2026-09-11 08:37:42,BV-02,smartphone,saudavel,saudavel,0.9293,agrosmart-v1,simulado,sim-2026-09
389b685e-6cdd-575c-9b36-d55b724ac4c2,BV-02_20260911_0008.jpg,2026-09-11 08:38:50,BV-02,smartphone,saudavel,saudavel,0.9230,agrosmart-v1,simulado,sim-2026-09
6e0ccb18-f9a9-5fad-9c03-d8e30d33b461,BV-02_20260911_0009.jpg,2026-09-11 08:39:19,BV-02,smartphone,saudavel,saudavel,0.8342,agrosmart-v1,simulado,sim-2026-09
6654e1ad-61d1-565f-b4d4-71ab578404c0,BV-02_20260911_0010.jpg,2026-09-11 08:40:04,BV-02,smartphone,saudavel,saudavel,0.8512,agrosmart-v1,simulado,sim-2026-09
c755e0a9-5e34-5aef-87b2-03634093bc87,BV-02_20260911_0011.jpg,2026-09-11 08:40:30,BV-02,smartphone,saudavel,saudavel,0.9765,agrosmart-v1,simulado,sim-2026-09
23334dd8-b5a2-5fee-b65c-57355ccb88df,BV-02_20260911_0012.jpg,2026-09-11 08:41:01,BV-02,smartphone,doente,pinta_preta,0.9573,agrosmart-v1,simulado,sim-2026-09
d65cf2b4-a3c3-5a4d-a216-a84e43d4ba90,BV-02_20260911_0013.jpg,2026-09-11 08:41:40,BV-02,smartphone,saudavel,saudavel,0.9715,agrosmart-v1,simulado,sim-2026-09
82ba2e90-8a4a-57ef-902c-201921d32ae0,BV-02_20260911_0014.jpg,2026-09-11 08:42:49,BV-02,smartphone,saudavel,saudavel,0.9460,agrosmart-v1,simulado,sim-2026-09
6df69bbd-5d81-51a2-b975-6f0117df78b1,BV-02_20260911_0015.jpg,2026-09-11 08:43:12,BV-02,smartphone,doente,pinta_preta,0.9590,agrosmart-v1,simulado,sim-2026-09
580e496e-4c27-56a9-90ab-91fc63ab8112,BV-04_20260911_0001.jpg,2026-09-11 08:43:51,BV-04,smartphone,saudavel,saudavel,0.9699,agrosmart-v1,simulado,sim-2026-09
80f45cc5-d1b7-50ee-9ea0-d8c60fc5eab0,BV-02_20260911_0016.jpg,2026-09-11 08:44:02,BV-02,smartphone,doente,pinta_preta,0.8214,agrosmart-v1,simulado,sim-2026-09
266eeb64-551d-5aff-8dc2-635674110e24,BV-02_20260911_0017.jpg,2026-09-11 08:44:42,BV-02,smartphone,saudavel,saudavel,0.9076,agrosmart-v1,simulado,sim-2026-09
ea48c3b2-6f69-5989-8fe2-153951abe079,BV-04_20260911_0002.jpg,2026-09-11 08:44:49,BV-04,smartphone,saudavel,saudavel,0.9266,agrosmart-v1,simulado,sim-2026-09
fcaf3285-a76a-5b21-80b1-3e177ad1ac02,BV-04_20260911_0003.jpg,2026-09-11 08:45:01,BV-04,smartphone,saudavel,saudavel,0.8764,agrosmart-v1,simulado,sim-2026-09
c881082b-7cbf-5c4a-8d33-8629fbf5f3e8,BV-02_20260911_0018.jpg,2026-09-11 08:45:21,BV-02,smartphone,saudavel,saudavel,0.8705,agrosmart-v1,simulado,sim-2026-09
4b01a25d-544f-5def-bb44-4e25beb66f7d,BV-04_20260911_0004.jpg,2026-09-11 08:45:56,BV-04,smartphone,saudavel,saudavel,0.9917,agrosmart-v1,simulado,sim-2026-09
30c1c2cd-28ec-5dec-9214-e92f6dbbc7e7,BV-02_20260911_0019.jpg,2026-09-11 08:46:02,BV-02,smartphone,saudavel,saudavel,0.9747,agrosmart-v1,simulado,sim-2026-09
7f2a1c78-bf85-5564-a0d7-078662607f0d,BV-02_20260911_0020.jpg,2026-09-11 08:46:20,BV-02,smartphone,saudavel,saudavel,0.9622,agrosmart-v1,simulado,sim-2026-09
54384303-5c21-5b4b-a64d-c93e2b351dba,BV-04_20260911_0005.jpg,2026-09-11 08:46:47,BV-04,smartphone,saudavel,saudavel,0.9081,agrosmart-v1,simulado,sim-2026-09
74de172e-5b8a-5151-8ad2-f3c17382b3db,BV-04_20260911_0006.jpg,2026-09-11 08:47:00,BV-04,smartphone,saudavel,saudavel,0.9910,agrosmart-v1,simulado,sim-2026-09
5361ba65-d3d6-5787-bec7-dec5134dbe4b,BV-02_20260911_0021.jpg,2026-09-11 08:47:27,BV-02,smartphone,saudavel,saudavel,0.9806,agrosmart-v1,simulado,sim-2026-09
cd2b0d95-9118-580c-86bc-8fbab2583e10,BV-02_20260911_0022.jpg,2026-09-11 08:48:00,BV-02,smartphone,saudavel,saudavel,1.0000,agrosmart-v1,simulado,sim-2026-09
1c32c1bd-2f5e-5ca6-9ab9-fecf5039ce43,BV-04_20260911_0007.jpg,2026-09-11 08:48:03,BV-04,smartphone,saudavel,saudavel,0.7529,agrosmart-v1,simulado,sim-2026-09
0218aebf-aa83-5d3a-aa4e-37d64524ff4a,BV-04_20260911_0008.jpg,2026-09-11 08:48:30,BV-04,smartphone,saudavel,saudavel,0.9582,agrosmart-v1,simulado,sim-2026-09
6da4ca85-7c0d-528a-a21c-46b7d27ad736,BV-02_20260911_0023.jpg,2026-09-11 08:48:32,BV-02,smartphone,saudavel,saudavel,0.9970,agrosmart-v1,simulado,sim-2026-09
577b747b-7147-5d68-9785-db7ea7ce8948,BV-04_20260911_0009.jpg,2026-09-11 08:49:00,BV-04,smartphone,saudavel,saudavel,0.8619,agrosmart-v1,simulado,sim-2026-09
4557f56f-3ec9-5731-9e6d-b77e697e55f4,BV-02_20260911_0024.jpg,2026-09-11 08:49:09,BV-02,smartphone,saudavel,saudavel,0.9480,agrosmart-v1,simulado,sim-2026-09
26883559-84bb-59e6-9900-7efd7bda3e2b,BV-02_20260911_0025.jpg,2026-09-11 08:49:41,BV-02,smartphone,saudavel,saudavel,0.9212,agrosmart-v1,simulado,sim-2026-09
acb7fd59-eb22-5a25-b6b5-8c5d34c09f80,BV-04_20260911_0010.jpg,2026-09-11 08:49:45,BV-04,smartphone,doente,mosca_minadora,0.8817,agrosmart-v1,simulado,sim-2026-09
b9d29c8a-ebcf-53f9-a144-199eae982a1f,BV-04_20260911_0011.jpg,2026-09-11 08:50:23,BV-04,smartphone,saudavel,saudavel,0.9985,agrosmart-v1,simulado,sim-2026-09
203b4ea0-d6f2-5589-b87a-315c5df787e9,BV-02_20260911_0026.jpg,2026-09-11 08:50:44,BV-02,smartphone,saudavel,saudavel,0.8879,agrosmart-v1,simulado,sim-2026-09
114401c8-e568-5aea-a157-eadfb0e72ecc,BV-04_20260911_0012.jpg,2026-09-11 08:51:01,BV-04,smartphone,saudavel,saudavel,0.8495,agrosmart-v1,simulado,sim-2026-09
46faf8de-7432-53de-a1b5-e4a4c62b598b,BV-02_20260911_0027.jpg,2026-09-11 08:51:27,BV-02,smartphone,saudavel,saudavel,1.0000,agrosmart-v1,simulado,sim-2026-09
15436852-38cf-5951-8267-f00273508a98,BV-02_20260911_0028.jpg,2026-09-11 08:51:58,BV-02,smartphone,saudavel,saudavel,0.8558,agrosmart-v1,simulado,sim-2026-09
472a656d-35df-5c29-b504-5cfaddfe5d7d,BV-04_20260911_0013.jpg,2026-09-11 08:51:59,BV-04,smartphone,saudavel,saudavel,0.9419,agrosmart-v1,simulado,sim-2026-09
a7f099c3-a460-5fa4-bb7c-bc9fa9a50f5e,BV-04_20260911_0014.jpg,2026-09-11 08:52:26,BV-04,smartphone,saudavel,saudavel,0.9296,agrosmart-v1,simulado,sim-2026-09
677137f7-431f-5111-89df-7286364b92db,BV-02_20260911_0029.jpg,2026-09-11 08:52:41,BV-02,smartphone,saudavel,saudavel,0.9893,agrosmart-v1,simulado,sim-2026-09
90c8ea56-b036-514f-9e79-d51d40578c59,BV-04_20260911_0015.jpg,2026-09-11 08:53:01,BV-04,smartphone,saudavel,saudavel,0.9797,agrosmart-v1,simulado,sim-2026-09
44090013-3c14-536e-b1c3-9f455df6620b,BV-04_20260911_0016.jpg,2026-09-11 08:54:01,BV-04,smartphone,saudavel,saudavel,0.8817,agrosmart-v1,simulado,sim-2026-09
2fd3c935-4890-5808-a230-49d55ff4a68b,BV-04_20260911_0017.jpg,2026-09-11 08:54:49,BV-04,smartphone,saudavel,saudavel,0.9490,agrosmart-v1,simulado,sim-2026-09
032ed761-d243-53ad-95a7-9c9a9470b995,BV-04_20260911_0018.jpg,2026-09-11 08:55:13,BV-04,smartphone,saudavel,saudavel,0.9563,agrosmart-v1,simulado,sim-2026-09
10062684-5c67-508b-8c9d-f46b8b445596,BV-04_20260911_0019.jpg,2026-09-11 08:55:57,BV-04,smartphone,saudavel,saudavel,0.6040,agrosmart-v1,simulado,sim-2026-09
500364ef-9be7-5829-a825-e1afce734767,BV-04_20260911_0020.jpg,2026-09-11 08:56:39,BV-04,smartphone,saudavel,saudavel,0.9100,agrosmart-v1,simulado,sim-2026-09
c05fdd50-e3fc-50f7-a1d2-be1c70ccfa28,BV-04_20260911_0021.jpg,2026-09-11 08:57:30,BV-04,smartphone,saudavel,saudavel,0.9439,agrosmart-v1,simulado,sim-2026-09
fddcd70f-7bb3-5f22-9eb9-ce8deb9f9745,BV-04_20260911_0022.jpg,2026-09-11 08:58:05,BV-04,smartphone,saudavel,saudavel,0.8239,agrosmart-v1,simulado,sim-2026-09
366f5ef7-3766-5cf2-a4fd-973901e4d732,TI-01_20260911_0001.jpg,2026-09-11 09:04:43,TI-01,drone,saudavel,saudavel,0.9436,agrosmart-v1,simulado,sim-2026-09
a79303e8-f4a4-5eb8-ae41-c556c4aaf7d2,TI-01_20260911_0002.jpg,2026-09-11 09:05:26,TI-01,drone,saudavel,saudavel,0.9205,agrosmart-v1,simulado,sim-2026-09
dd9ad452-8fe0-53eb-bccc-67d9323235cb,TI-01_20260911_0003.jpg,2026-09-11 09:06:00,TI-01,drone,saudavel,saudavel,0.8922,agrosmart-v1,simulado,sim-2026-09
3b2006a8-f93a-567c-a4bc-ee5b23587262,TI-01_20260911_0004.jpg,2026-09-11 09:06:42,TI-01,drone,saudavel,saudavel,0.9656,agrosmart-v1,simulado,sim-2026-09
3b9874c6-1dfc-55a0-bcf6-7eca42f31798,TI-01_20260911_0005.jpg,2026-09-11 09:07:49,TI-01,drone,doente,vaquinha,0.9429,agrosmart-v1,simulado,sim-2026-09
487f1a85-60fb-5795-b323-630b70eda1d3,TI-01_20260911_0006.jpg,2026-09-11 09:08:22,TI-01,drone,saudavel,saudavel,0.8822,agrosmart-v1,simulado,sim-2026-09
55df0a01-6d01-5482-8240-db02d90bfc48,TI-01_20260911_0007.jpg,2026-09-11 09:08:48,TI-01,drone,saudavel,saudavel,0.9876,agrosmart-v1,simulado,sim-2026-09
4cfd8643-45bf-58b2-9ba6-fc5e9704f41b,TI-01_20260911_0008.jpg,2026-09-11 09:09:43,TI-01,drone,saudavel,saudavel,0.9630,agrosmart-v1,simulado,sim-2026-09
7deae47b-448d-58eb-9c0f-3e20269b0923,TI-01_20260911_0009.jpg,2026-09-11 09:10:18,TI-01,drone,saudavel,saudavel,0.9844,agrosmart-v1,simulado,sim-2026-09
144627f8-7423-505f-85c7-e505d6d8f798,TI-01_20260911_0010.jpg,2026-09-11 09:10:52,TI-01,drone,saudavel,saudavel,0.9948,agrosmart-v1,simulado,sim-2026-09
2c56a233-0f33-5aa9-ba48-85beb6d77b29,TI-01_20260911_0011.jpg,2026-09-11 09:11:31,TI-01,drone,saudavel,saudavel,0.9119,agrosmart-v1,simulado,sim-2026-09
1d63dac3-a7ee-5aca-9044-834c509e8541,TI-01_20260911_0012.jpg,2026-09-11 09:12:15,TI-01,drone,saudavel,saudavel,0.8277,agrosmart-v1,simulado,sim-2026-09
85738c5d-352b-5152-a226-b885189aa2c3,TI-01_20260911_0013.jpg,2026-09-11 09:12:44,TI-01,drone,saudavel,saudavel,0.8650,agrosmart-v1,simulado,sim-2026-09
7df45327-f128-51ae-9674-83d9ee143825,TI-01_20260911_0014.jpg,2026-09-11 09:13:49,TI-01,drone,saudavel,saudavel,0.8403,agrosmart-v1,simulado,sim-2026-09
fff4eca1-e3bd-5367-8c55-2108ed5af141,TI-01_20260911_0015.jpg,2026-09-11 09:14:11,TI-01,drone,saudavel,saudavel,0.9777,agrosmart-v1,simulado,sim-2026-09
c798ad66-2bf4-5963-83bc-2289aa6c38cf,TI-01_20260911_0016.jpg,2026-09-11 09:14:48,TI-01,drone,doente,vaquinha,0.8934,agrosmart-v1,simulado,sim-2026-09
1edfe066-44b9-5487-b9c0-2ba14e3a1cd5,TI-01_20260911_0017.jpg,2026-09-11 09:15:48,TI-01,drone,doente,vaquinha,0.9838,agrosmart-v1,simulado,sim-2026-09
2748dab1-5889-55dc-bfa5-d1b9f6e6438e,TI-01_20260911_0018.jpg,2026-09-11 09:16:07,TI-01,drone,doente,vaquinha,0.8864,agrosmart-v1,simulado,sim-2026-09
6674f427-26d4-54f1-b4de-9e102ea2db89,TI-01_20260911_0019.jpg,2026-09-11 09:16:51,TI-01,drone,saudavel,saudavel,0.9995,agrosmart-v1,simulado,sim-2026-09
debf1d0a-140d-5ef1-b680-2dd3bfa1aba9,TI-01_20260911_0020.jpg,2026-09-11 09:17:48,TI-01,drone,saudavel,saudavel,0.9644,agrosmart-v1,simulado,sim-2026-09
b0c08e9b-eb4b-5e8c-bec1-36cc0db2b44a,TI-01_20260911_0021.jpg,2026-09-11 09:18:14,TI-01,drone,saudavel,saudavel,0.9897,agrosmart-v1,simulado,sim-2026-09
8a3972cf-3721-5ae8-b984-3404928ac124,TI-01_20260911_0022.jpg,2026-09-11 09:18:46,TI-01,drone,saudavel,saudavel,0.9976,agrosmart-v1,simulado,sim-2026-09
77178ff0-a873-5bc6-9450-e2de180f9c8e,TI-01_20260911_0023.jpg,2026-09-11 09:19:38,TI-01,drone,doente,vaquinha,0.7474,agrosmart-v1,simulado,sim-2026-09
01e2dcb1-dc97-597d-ac6d-87aeb6662c07,TI-01_20260911_0024.jpg,2026-09-11 09:20:06,TI-01,drone,saudavel,saudavel,0.9512,agrosmart-v1,simulado,sim-2026-09
0788f710-097f-540a-b41d-8109b8dde6fd,TI-01_20260911_0025.jpg,2026-09-11 09:21:06,TI-01,drone,saudavel,saudavel,0.9390,agrosmart-v1,simulado,sim-2026-09
7e4cda94-540f-52be-815c-ba3bc9cde5a4,TI-01_20260911_0026.jpg,2026-09-11 09:21:38,TI-01,drone,saudavel,saudavel,0.9883,agrosmart-v1,simulado,sim-2026-09
bcd3862f-91fb-5833-8e88-79c050438542,TI-01_20260911_0027.jpg,2026-09-11 09:22:07,TI-01,drone,saudavel,saudavel,0.9745,agrosmart-v1,simulado,sim-2026-09
dd469d16-3801-5558-9832-75337e326935,TI-01_20260911_0028.jpg,2026-09-11 09:22:52,TI-01,drone,saudavel,saudavel,0.9992,agrosmart-v1,simulado,sim-2026-09
4c53e414-8a33-5ee5-86d6-c55432336bb4,TI-01_20260911_0029.jpg,2026-09-11 09:23:21,TI-01,drone,saudavel,saudavel,0.9975,agrosmart-v1,simulado,sim-2026-09
bdbfcddc-950a-5f6b-bd6c-e45ad0ef775e,TI-01_20260911_0030.jpg,2026-09-11 09:24:28,TI-01,drone,saudavel,saudavel,0.9290,agrosmart-v1,simulado,sim-2026-09
9045c3dc-804f-5777-82bc-675e155e3ecb,TI-01_20260911_0031.jpg,2026-09-11 09:24:56,TI-01,drone,saudavel,saudavel,0.8925,agrosmart-v1,simulado,sim-2026-09
4edb1b67-c5f9-52f6-bba1-2df8afa084d5,TI-01_20260911_0032.jpg,2026-09-11 09:25:28,TI-01,drone,saudavel,saudavel,0.9993,agrosmart-v1,simulado,sim-2026-09
a63b315d-1c19-5121-ac17-f924c273343d,TI-01_20260911_0033.jpg,2026-09-11 09:26:06,TI-01,drone,saudavel,saudavel,0.8727,agrosmart-v1,simulado,sim-2026-09
83b2bf1d-e22d-51f4-8772-418ac8c8a959,TI-01_20260911_0034.jpg,2026-09-11 09:26:54,TI-01,drone,saudavel,saudavel,0.9986,agrosmart-v1,simulado,sim-2026-09
836e6025-b47d-547c-bdf1-dbd50e9ebd17,TI-01_20260911_0035.jpg,2026-09-11 09:27:35,TI-01,drone,saudavel,saudavel,0.9759,agrosmart-v1,simulado,sim-2026-09
3c918fba-d13d-5a61-a2bf-9a7295a7b7a0,TI-01_20260911_0036.jpg,2026-09-11 09:28:15,TI-01,drone,saudavel,saudavel,0.8425,agrosmart-v1,simulado,sim-2026-09
e255a2da-6018-5ddf-ae8c-541beeea9aad,TI-01_20260911_0037.jpg,2026-09-11 09:28:52,TI-01,drone,saudavel,saudavel,0.9671,agrosmart-v1,simulado,sim-2026-09
b5833196-b574-5b16-bbf2-5e2d495105fb,TI-01_20260911_0038.jpg,2026-09-11 09:29:44,TI-01,drone,doente,vaquinha,0.8431,agrosmart-v1,simulado,sim-2026-09
e5821f8d-f633-5ec0-84d0-203c22bf8914,TI-02_20260911_0001.jpg,2026-09-11 09:43:02,TI-02,drone,saudavel,saudavel,0.9902,agrosmart-v1,simulado,sim-2026-09
0d02863e-5274-5498-a3e4-dd5b10f6af33,TI-02_20260911_0002.jpg,2026-09-11 09:43:38,TI-02,drone,saudavel,saudavel,0.9063,agrosmart-v1,simulado,sim-2026-09
3cbec015-cc33-56ce-8ea8-8caa59bc6e8a,TI-02_20260911_0003.jpg,2026-09-11 09:44:27,TI-02,drone,saudavel,saudavel,0.9586,agrosmart-v1,simulado,sim-2026-09
c08f4651-b5ae-56c9-b8f3-246d9c365878,TI-02_20260911_0004.jpg,2026-09-11 09:44:48,TI-02,drone,doente,pinta_preta,0.8482,agrosmart-v1,simulado,sim-2026-09
fcab7f90-95d2-51cd-a354-4679f059e0de,TI-02_20260911_0005.jpg,2026-09-11 09:45:32,TI-02,drone,saudavel,saudavel,0.9936,agrosmart-v1,simulado,sim-2026-09
9f583cb4-00e5-5613-ae89-752857cdefc2,SC-04_20260911_0001.jpg,2026-09-11 09:45:47,SC-04,smartphone,saudavel,saudavel,0.9670,agrosmart-v1,simulado,sim-2026-09
db40027f-ae38-5fe0-9ba8-07246fd4008a,TI-02_20260911_0006.jpg,2026-09-11 09:46:16,TI-02,drone,saudavel,saudavel,0.9107,agrosmart-v1,simulado,sim-2026-09
353bea79-664c-59ac-a752-672e4d8db4f6,SC-04_20260911_0002.jpg,2026-09-11 09:46:45,SC-04,smartphone,saudavel,saudavel,0.8289,agrosmart-v1,simulado,sim-2026-09
a9e61c58-c666-58be-bd12-5d97514209b2,TI-02_20260911_0007.jpg,2026-09-11 09:46:49,TI-02,drone,saudavel,saudavel,0.9298,agrosmart-v1,simulado,sim-2026-09
41f8168e-ed09-5d52-9c0b-d3c6b8c7be41,SC-04_20260911_0003.jpg,2026-09-11 09:47:06,SC-04,smartphone,saudavel,saudavel,0.9184,agrosmart-v1,simulado,sim-2026-09
0bcbfd08-c0a6-5fb1-b5d2-d2eded3a0a64,TI-02_20260911_0008.jpg,2026-09-11 09:47:20,TI-02,drone,doente,pinta_preta,0.9213,agrosmart-v1,simulado,sim-2026-09
686c8663-a255-50e6-b312-4d18a5a1511d,SC-04_20260911_0004.jpg,2026-09-11 09:48:02,SC-04,smartphone,saudavel,saudavel,0.9280,agrosmart-v1,simulado,sim-2026-09
96f4895d-f56d-56f6-a6ec-78343f34dce4,TI-02_20260911_0009.jpg,2026-09-11 09:48:11,TI-02,drone,saudavel,saudavel,0.9820,agrosmart-v1,simulado,sim-2026-09
8417326c-805f-5e01-bb48-6f3b0ae58188,SC-04_20260911_0005.jpg,2026-09-11 09:48:27,SC-04,smartphone,saudavel,saudavel,0.9792,agrosmart-v1,simulado,sim-2026-09
88721f0e-bbfc-5354-99c1-a0cb7e99f61b,TI-02_20260911_0010.jpg,2026-09-11 09:48:55,TI-02,drone,saudavel,saudavel,0.9866,agrosmart-v1,simulado,sim-2026-09
7286f589-f670-55d7-ae49-8592b2de8648,SC-04_20260911_0006.jpg,2026-09-11 09:49:19,SC-04,smartphone,saudavel,saudavel,0.8538,agrosmart-v1,simulado,sim-2026-09
7c34850f-3a2d-50b3-a417-9066f3fa0451,TI-02_20260911_0011.jpg,2026-09-11 09:49:44,TI-02,drone,saudavel,saudavel,0.8384,agrosmart-v1,simulado,sim-2026-09
e1f0dfde-02fe-5a64-a0e3-d556e2a66ec6,TI-02_20260911_0012.jpg,2026-09-11 09:50:08,TI-02,drone,saudavel,saudavel,0.8960,agrosmart-v1,simulado,sim-2026-09
01132fc3-e84c-5227-887d-ef69e39f2d97,SC-04_20260911_0007.jpg,2026-09-11 09:50:09,SC-04,smartphone,saudavel,saudavel,0.9804,agrosmart-v1,simulado,sim-2026-09
aa0dba18-af89-5a93-b2f5-56b9ce9d11fb,SC-04_20260911_0008.jpg,2026-09-11 09:50:47,SC-04,smartphone,saudavel,saudavel,0.9885,agrosmart-v1,simulado,sim-2026-09
4d6f593d-d9ed-5729-8b20-31dea169a535,TI-02_20260911_0013.jpg,2026-09-11 09:51:02,TI-02,drone,doente,pinta_preta,0.9674,agrosmart-v1,simulado,sim-2026-09
fc44d711-e55b-5157-a5b7-225900cd0d5c,TI-02_20260911_0014.jpg,2026-09-11 09:51:20,TI-02,drone,saudavel,saudavel,0.8876,agrosmart-v1,simulado,sim-2026-09
0522adae-0d13-5379-8672-f5b4c156ec92,SC-04_20260911_0009.jpg,2026-09-11 09:51:22,SC-04,smartphone,saudavel,saudavel,0.9743,agrosmart-v1,simulado,sim-2026-09
85d3e4fc-d74c-5439-a2bc-a5f1e6ed48e9,SC-04_20260911_0010.jpg,2026-09-11 09:52:06,SC-04,smartphone,saudavel,saudavel,0.9774,agrosmart-v1,simulado,sim-2026-09
19c98a6d-d126-51dd-bd2f-0d7264af80de,TI-02_20260911_0015.jpg,2026-09-11 09:52:21,TI-02,drone,saudavel,saudavel,0.9901,agrosmart-v1,simulado,sim-2026-09
c3e20251-925f-5ef6-bcec-5ed3c8e8212b,TI-02_20260911_0016.jpg,2026-09-11 09:52:40,TI-02,drone,saudavel,saudavel,0.8536,agrosmart-v1,simulado,sim-2026-09
9db85e4a-e0b2-5a07-b297-983ec7bf800c,SC-04_20260911_0011.jpg,2026-09-11 09:52:47,SC-04,smartphone,saudavel,saudavel,0.9765,agrosmart-v1,simulado,sim-2026-09
eda48482-2c71-5f88-9c64-096afeef89a4,SC-04_20260911_0012.jpg,2026-09-11 09:53:20,SC-04,smartphone,saudavel,saudavel,0.8515,agrosmart-v1,simulado,sim-2026-09
e5b53dd9-4cf6-5a25-b69c-21b4e9b98027,TI-02_20260911_0017.jpg,2026-09-11 09:53:30,TI-02,drone,saudavel,saudavel,0.9760,agrosmart-v1,simulado,sim-2026-09
e31f8e07-638f-5ecd-92c9-d5b09d1c3d92,SC-04_20260911_0013.jpg,2026-09-11 09:53:47,SC-04,smartphone,saudavel,saudavel,0.9718,agrosmart-v1,simulado,sim-2026-09
50df8b57-040a-5b70-94ee-7a040a848937,TI-02_20260911_0018.jpg,2026-09-11 09:54:24,TI-02,drone,saudavel,saudavel,0.8376,agrosmart-v1,simulado,sim-2026-09
fe4da9b0-548b-526f-9cbf-b88fcbefa252,SC-04_20260911_0014.jpg,2026-09-11 09:54:40,SC-04,smartphone,saudavel,saudavel,0.9796,agrosmart-v1,simulado,sim-2026-09
08697e9f-58a1-5d8f-8890-95be8834d941,TI-02_20260911_0019.jpg,2026-09-11 09:54:55,TI-02,drone,saudavel,saudavel,0.9603,agrosmart-v1,simulado,sim-2026-09
e8b5f400-ff64-51d1-aed6-fc8cc326ca65,SC-04_20260911_0015.jpg,2026-09-11 09:55:10,SC-04,smartphone,saudavel,saudavel,0.9832,agrosmart-v1,simulado,sim-2026-09
6209608c-3b38-52ff-ab1f-5dc221bda9ab,SC-04_20260911_0016.jpg,2026-09-11 09:55:41,SC-04,smartphone,saudavel,saudavel,0.9894,agrosmart-v1,simulado,sim-2026-09
efe6c51a-19ea-522d-bddf-9eee638367e3,TI-02_20260911_0020.jpg,2026-09-11 09:55:46,TI-02,drone,saudavel,saudavel,0.9242,agrosmart-v1,simulado,sim-2026-09
ac502459-8edf-5565-b1c2-fdf710e8d6d8,TI-02_20260911_0021.jpg,2026-09-11 09:56:11,TI-02,drone,saudavel,saudavel,0.9253,agrosmart-v1,simulado,sim-2026-09
8c0c0f49-09e7-5c0f-98f0-7373f3aeaf17,SC-04_20260911_0017.jpg,2026-09-11 09:56:22,SC-04,smartphone,saudavel,saudavel,0.9650,agrosmart-v1,simulado,sim-2026-09
626da726-5217-525f-8ec9-13b30410696b,SC-04_20260911_0018.jpg,2026-09-11 09:57:04,SC-04,smartphone,saudavel,saudavel,0.6987,agrosmart-v1,simulado,sim-2026-09
2e323843-aa0f-5f56-9b9c-bef2c5a35112,TI-02_20260911_0022.jpg,2026-09-11 09:57:06,TI-02,drone,saudavel,saudavel,0.9736,agrosmart-v1,simulado,sim-2026-09
63fb0bf9-e6b7-5069-8ded-d3302733341e,TI-02_20260911_0023.jpg,2026-09-11 09:57:21,TI-02,drone,saudavel,saudavel,0.9987,agrosmart-v1,simulado,sim-2026-09
d75fec3b-39a6-562f-a0ad-27bcb6c19730,SC-04_20260911_0019.jpg,2026-09-11 09:57:44,SC-04,smartphone,saudavel,saudavel,0.8285,agrosmart-v1,simulado,sim-2026-09
6330f93a-94b0-5b4e-9654-60f4e8717eca,TI-02_20260911_0024.jpg,2026-09-11 09:58:28,TI-02,drone,saudavel,saudavel,0.8943,agrosmart-v1,simulado,sim-2026-09
1212b2de-1473-5cc4-8965-4312626f2bc3,SC-04_20260911_0020.jpg,2026-09-11 09:58:50,SC-04,smartphone,saudavel,saudavel,0.8206,agrosmart-v1,simulado,sim-2026-09
e5f1372c-ea35-564a-bdba-d371d0538722,TI-02_20260911_0025.jpg,2026-09-11 09:59:04,TI-02,drone,saudavel,saudavel,0.9749,agrosmart-v1,simulado,sim-2026-09
7ef47901-5723-5994-8a1b-3a4872a96093,SC-04_20260911_0021.jpg,2026-09-11 09:59:20,SC-04,smartphone,saudavel,saudavel,0.8307,agrosmart-v1,simulado,sim-2026-09
f9add7dd-5b7c-5698-a7ca-bc50c42b99a6,TI-02_20260911_0026.jpg,2026-09-11 09:59:33,TI-02,drone,saudavel,saudavel,0.8618,agrosmart-v1,simulado,sim-2026-09
b16fe461-07ed-5bec-9276-eaa02dc70564,SC-04_20260911_0022.jpg,2026-09-11 09:59:52,SC-04,smartphone,saudavel,saudavel,0.9287,agrosmart-v1,simulado,sim-2026-09
a0157438-a77f-5b41-af2f-8b579e954d4b,TI-02_20260911_0027.jpg,2026-09-11 10:00:20,TI-02,drone,doente,pinta_preta,0.8904,agrosmart-v1,simulado,sim-2026-09
dc2087d7-6592-56a6-b247-735c84165d35,SC-04_20260911_0023.jpg,2026-09-11 10:00:37,SC-04,smartphone,saudavel,saudavel,0.9257,agrosmart-v1,simulado,sim-2026-09
1235a52e-94f7-5d29-b4c3-178310363ca1,TI-02_20260911_0028.jpg,2026-09-11 10:00:43,TI-02,drone,saudavel,saudavel,0.8916,agrosmart-v1,simulado,sim-2026-09
2e6dd042-8fa1-57f9-ab90-e03e81836729,SC-04_20260911_0024.jpg,2026-09-11 10:01:00,SC-04,smartphone,saudavel,saudavel,1.0000,agrosmart-v1,simulado,sim-2026-09
a5960ee1-2b13-5351-9b58-54ff8248d30c,TI-02_20260911_0029.jpg,2026-09-11 10:01:37,TI-02,drone,saudavel,saudavel,0.9337,agrosmart-v1,simulado,sim-2026-09
3b7a46f6-9dcb-5853-85cb-2c37af3a5aaa,SC-04_20260911_0025.jpg,2026-09-11 10:01:53,SC-04,smartphone,saudavel,saudavel,0.9467,agrosmart-v1,simulado,sim-2026-09
d8e52ed2-9bde-52f7-9508-141681a869bb,TI-02_20260911_0030.jpg,2026-09-11 10:02:28,TI-02,drone,saudavel,saudavel,0.9211,agrosmart-v1,simulado,sim-2026-09
ec80d27d-2d78-5b89-9802-ced4a12bfad6,SC-04_20260911_0026.jpg,2026-09-11 10:02:45,SC-04,smartphone,saudavel,saudavel,0.9363,agrosmart-v1,simulado,sim-2026-09
06ac0e54-bf03-55ac-ae32-7dbba882bcbb,TI-02_20260911_0031.jpg,2026-09-11 10:02:47,TI-02,drone,saudavel,saudavel,0.9832,agrosmart-v1,simulado,sim-2026-09
b8ab03a8-8778-5ab9-9f6e-d50c8df3965c,SC-04_20260911_0027.jpg,2026-09-11 10:03:27,SC-04,smartphone,saudavel,saudavel,0.8361,agrosmart-v1,simulado,sim-2026-09
942a92f6-1297-5cc6-8db9-3f900153ac30,TI-02_20260911_0032.jpg,2026-09-11 10:03:37,TI-02,drone,saudavel,saudavel,0.8543,agrosmart-v1,simulado,sim-2026-09
594e143b-8015-51d1-84b4-d2002d6e0d10,SC-04_20260911_0028.jpg,2026-09-11 10:03:43,SC-04,smartphone,saudavel,saudavel,0.9297,agrosmart-v1,simulado,sim-2026-09
85219949-ee69-5074-897f-eb661ad33c6b,TI-02_20260911_0033.jpg,2026-09-11 10:04:26,TI-02,drone,saudavel,saudavel,0.9562,agrosmart-v1,simulado,sim-2026-09
4ce7fb29-c327-58a9-ac6c-b46c19b731c9,SC-04_20260911_0029.jpg,2026-09-11 10:04:38,SC-04,smartphone,saudavel,saudavel,0.9988,agrosmart-v1,simulado,sim-2026-09
c60918b2-bdce-5f57-9c81-81dab04d057b,TI-02_20260911_0034.jpg,2026-09-11 10:05:05,TI-02,drone,saudavel,saudavel,0.7581,agrosmart-v1,simulado,sim-2026-09
35006d55-c093-55d7-a20c-283aa1140408,TI-02_20260911_0035.jpg,2026-09-11 10:05:45,TI-02,drone,doente,pinta_preta,0.9848,agrosmart-v1,simulado,sim-2026-09
2a783000-dbe4-5bb3-a67c-c3edab5c736e,TI-02_20260911_0036.jpg,2026-09-11 10:06:01,TI-02,drone,saudavel,saudavel,0.9309,agrosmart-v1,simulado,sim-2026-09
b7aa74e3-eb06-57e2-8983-3004bee43191,TI-02_20260911_0037.jpg,2026-09-11 10:06:55,TI-02,drone,saudavel,saudavel,0.9842,agrosmart-v1,simulado,sim-2026-09
ec2c2c42-7392-5b35-87f6-70782eb4edcc,TI-02_20260911_0038.jpg,2026-09-11 10:07:40,TI-02,drone,saudavel,saudavel,0.9894,agrosmart-v1,simulado,sim-2026-09
1c9fdd44-b434-5855-a3b4-f235d2758298,TI-02_20260911_0039.jpg,2026-09-11 10:08:23,TI-02,drone,saudavel,saudavel,0.8502,agrosmart-v1,simulado,sim-2026-09
7ba6c160-4dee-534f-bf9a-ac16793277b5,TI-02_20260911_0040.jpg,2026-09-11 10:08:46,TI-02,drone,saudavel,saudavel,0.9989,agrosmart-v1,simulado,sim-2026-09
11aaf690-a0f5-58ae-82a1-a70566f61374,TI-02_20260911_0041.jpg,2026-09-11 10:09:47,TI-02,drone,doente,pinta_preta,0.9401,agrosmart-v1,simulado,sim-2026-09
b3a2cb5b-f5e7-5b7b-a1d0-a3d764a3ea45,TI-02_20260911_0042.jpg,2026-09-11 10:10:02,TI-02,drone,saudavel,saudavel,0.9027,agrosmart-v1,simulado,sim-2026-09
a3940ace-5cce-53cd-b3d2-48a9100cccaa,TI-02_20260911_0043.jpg,2026-09-11 10:10:58,TI-02,drone,saudavel,saudavel,0.8651,agrosmart-v1,simulado,sim-2026-09
362b360b-e4f0-5fda-a818-763a23085d1b,TI-02_20260911_0044.jpg,2026-09-11 10:11:49,TI-02,drone,doente,pinta_preta,0.9736,agrosmart-v1,simulado,sim-2026-09
bda4e699-70c8-5197-9491-91e3d72a462c,TI-01_20260914_0001.jpg,2026-09-14 07:15:10,TI-01,drone,doente,vaquinha,0.9435,agrosmart-v1,simulado,sim-2026-09
040958ea-f642-5e81-811c-c2f71782046c,TI-01_20260914_0002.jpg,2026-09-14 07:15:31,TI-01,drone,saudavel,saudavel,0.9187,agrosmart-v1,simulado,sim-2026-09
2b4eba6c-72b2-5961-bd8e-c4c19dc038f9,TI-01_20260914_0003.jpg,2026-09-14 07:16:02,TI-01,drone,saudavel,saudavel,0.8680,agrosmart-v1,simulado,sim-2026-09
67949dc4-7408-5f23-9c2c-0dd544bcc8df,TI-01_20260914_0004.jpg,2026-09-14 07:16:59,TI-01,drone,doente,vaquinha,0.9975,agrosmart-v1,simulado,sim-2026-09
76732967-2be3-50eb-bbdd-17b2034384d7,TI-01_20260914_0005.jpg,2026-09-14 07:17:43,TI-01,drone,saudavel,saudavel,0.8719,agrosmart-v1,simulado,sim-2026-09
19ea7dcb-33c0-5d69-8801-0ac6e767a181,TI-01_20260914_0006.jpg,2026-09-14 07:18:18,TI-01,drone,saudavel,saudavel,0.8292,agrosmart-v1,simulado,sim-2026-09
a721ed8c-a11b-5361-95fc-e0ec7c200079,TI-01_20260914_0007.jpg,2026-09-14 07:19:01,TI-01,drone,saudavel,saudavel,0.8784,agrosmart-v1,simulado,sim-2026-09
841ddd1d-4de8-5fdf-a7bf-03b6985fc396,TI-01_20260914_0008.jpg,2026-09-14 07:19:26,TI-01,drone,saudavel,saudavel,0.9393,agrosmart-v1,simulado,sim-2026-09
d667137c-8d96-5fae-aa88-346371ea5a6f,TI-01_20260914_0009.jpg,2026-09-14 07:20:08,TI-01,drone,saudavel,saudavel,0.9908,agrosmart-v1,simulado,sim-2026-09
dace21ca-f9bb-53f8-ac5a-c074dd953af7,TI-01_20260914_0010.jpg,2026-09-14 07:20:51,TI-01,drone,saudavel,saudavel,0.9374,agrosmart-v1,simulado,sim-2026-09
6b4c4ac2-f29a-573b-bf26-be542ace5933,TI-01_20260914_0011.jpg,2026-09-14 07:21:47,TI-01,drone,saudavel,saudavel,0.9282,agrosmart-v1,simulado,sim-2026-09
832089ef-818c-5e93-b128-128572eca642,TI-01_20260914_0012.jpg,2026-09-14 07:22:00,TI-01,drone,saudavel,saudavel,0.9848,agrosmart-v1,simulado,sim-2026-09
365b94e6-1ce5-538e-92de-3ac50bb14577,TI-01_20260914_0013.jpg,2026-09-14 07:22:49,TI-01,drone,saudavel,saudavel,0.9979,agrosmart-v1,simulado,sim-2026-09
d27a9780-8301-57be-9090-f0683b9feb40,TI-01_20260914_0014.jpg,2026-09-14 07:23:43,TI-01,drone,saudavel,saudavel,0.9987,agrosmart-v1,simulado,sim-2026-09
61c73a08-9f94-5af7-bc11-3abea3ab4fef,TI-01_20260914_0015.jpg,2026-09-14 07:24:23,TI-01,drone,saudavel,saudavel,0.9976,agrosmart-v1,simulado,sim-2026-09
785e59d8-5170-59de-862b-92d2bec5a22c,TI-01_20260914_0016.jpg,2026-09-14 07:25:08,TI-01,drone,saudavel,saudavel,0.8478,agrosmart-v1,simulado,sim-2026-09
22051f49-b561-5542-a2b0-34d88c373df2,TI-01_20260914_0017.jpg,2026-09-14 07:25:20,TI-01,drone,saudavel,saudavel,0.9212,agrosmart-v1,simulado,sim-2026-09
a111285c-95f7-5c43-bf62-ca0eadc7bf49,TI-01_20260914_0018.jpg,2026-09-14 07:26:23,TI-01,drone,saudavel,saudavel,0.9965,agrosmart-v1,simulado,sim-2026-09
67f1604a-7ce5-580e-8b13-47eaca88ca4b,TI-01_20260914_0019.jpg,2026-09-14 07:26:42,TI-01,drone,saudavel,saudavel,0.9572,agrosmart-v1,simulado,sim-2026-09
53742f7a-bd43-5044-b451-c891f6ed499b,TI-01_20260914_0020.jpg,2026-09-14 07:27:37,TI-01,drone,saudavel,saudavel,0.9919,agrosmart-v1,simulado,sim-2026-09
ea107abd-5bba-556f-a3be-4a9bdade2d81,TI-01_20260914_0021.jpg,2026-09-14 07:28:03,TI-01,drone,saudavel,saudavel,0.5808,agrosmart-v1,simulado,sim-2026-09
e17c3532-aff8-5867-b92e-9231fdc19f44,TI-01_20260914_0022.jpg,2026-09-14 07:28:50,TI-01,drone,saudavel,saudavel,0.9872,agrosmart-v1,simulado,sim-2026-09
2ccbc326-8c75-56b0-b3bf-97f9d5504f4d,TI-01_20260914_0023.jpg,2026-09-14 07:29:23,TI-01,drone,doente,vaquinha,0.9752,agrosmart-v1,simulado,sim-2026-09
80d8456d-97c1-5736-92ac-a6e87ed79c88,TI-01_20260914_0024.jpg,2026-09-14 07:30:05,TI-01,drone,saudavel,saudavel,0.9496,agrosmart-v1,simulado,sim-2026-09
c3f7ff75-f4d6-5f07-87ad-cca03c43e2d4,TI-01_20260914_0025.jpg,2026-09-14 07:31:02,TI-01,drone,saudavel,saudavel,0.8499,agrosmart-v1,simulado,sim-2026-09
1022be4b-8070-54ff-a419-f5a4558baa6c,TI-01_20260914_0026.jpg,2026-09-14 07:31:22,TI-01,drone,doente,vaquinha,0.9615,agrosmart-v1,simulado,sim-2026-09
f46ea2af-4ec4-582d-a81a-e01c038c9663,TI-01_20260914_0027.jpg,2026-09-14 07:32:00,TI-01,drone,saudavel,saudavel,0.9583,agrosmart-v1,simulado,sim-2026-09
60482c89-c8ca-583b-a175-a48aeac01ede,TI-01_20260914_0028.jpg,2026-09-14 07:32:48,TI-01,drone,doente,vaquinha,0.9995,agrosmart-v1,simulado,sim-2026-09
f1e51062-a105-5a58-8e16-240e9779d0d6,TI-01_20260914_0029.jpg,2026-09-14 07:33:30,TI-01,drone,saudavel,saudavel,0.9149,agrosmart-v1,simulado,sim-2026-09
38244bc9-6122-51bd-b735-99c9d3836814,TI-01_20260914_0030.jpg,2026-09-14 07:34:20,TI-01,drone,saudavel,saudavel,0.8854,agrosmart-v1,simulado,sim-2026-09
311fc9e7-513c-5345-bf1c-63eb78245427,TI-01_20260914_0031.jpg,2026-09-14 07:35:01,TI-01,drone,saudavel,saudavel,0.9417,agrosmart-v1,simulado,sim-2026-09
23d688fa-b18a-588d-87da-0e55ca965fad,TI-01_20260914_0032.jpg,2026-09-14 07:35:29,TI-01,drone,saudavel,saudavel,0.9322,agrosmart-v1,simulado,sim-2026-09
3fd7904d-66f5-5a56-b52e-9a17dfc8d7fe,TI-01_20260914_0033.jpg,2026-09-14 07:36:20,TI-01,drone,saudavel,saudavel,0.8500,agrosmart-v1,simulado,sim-2026-09
17e1ef67-6573-51c9-a7fa-a0c7e4a10d60,TI-01_20260914_0034.jpg,2026-09-14 07:36:56,TI-01,drone,doente,vaquinha,0.9511,agrosmart-v1,simulado,sim-2026-09
69f3bde8-0ccb-5626-ad3d-3191826e1cf7,TI-01_20260914_0035.jpg,2026-09-14 07:37:32,TI-01,drone,saudavel,saudavel,0.8568,agrosmart-v1,simulado,sim-2026-09
4dbc737b-2941-51b9-a264-ce625dbe7ece,TI-02_20260914_0001.jpg,2026-09-14 07:37:46,TI-02,drone,saudavel,saudavel,0.9938,agrosmart-v1,simulado,sim-2026-09
3f96d3c7-a1cf-528b-980f-cc09abefc57f,TI-01_20260914_0036.jpg,2026-09-14 07:38:28,TI-01,drone,saudavel,saudavel,0.9403,agrosmart-v1,simulado,sim-2026-09
d72fce46-adbc-5b85-a023-532601311925,TI-02_20260914_0002.jpg,2026-09-14 07:38:37,TI-02,drone,doente,pinta_preta,0.9960,agrosmart-v1,simulado,sim-2026-09
d1502855-44df-5ca8-bc5b-6ea446615532,TI-01_20260914_0037.jpg,2026-09-14 07:39:02,TI-01,drone,saudavel,saudavel,0.9738,agrosmart-v1,simulado,sim-2026-09
d7bfe4a2-37ce-5da8-baac-fe91d61777cf,TI-02_20260914_0003.jpg,2026-09-14 07:39:27,TI-02,drone,saudavel,saudavel,0.8443,agrosmart-v1,simulado,sim-2026-09
675baeab-c39f-5265-8b85-f9bcac11034f,TI-01_20260914_0038.jpg,2026-09-14 07:39:36,TI-01,drone,saudavel,saudavel,0.9757,agrosmart-v1,simulado,sim-2026-09
44d98c62-ff60-56ef-b8bd-91d24bca3947,TI-02_20260914_0004.jpg,2026-09-14 07:39:51,TI-02,drone,doente,pinta_preta,0.9841,agrosmart-v1,simulado,sim-2026-09
1f9ceb73-a94c-5006-8844-1f425cc79e02,TI-02_20260914_0005.jpg,2026-09-14 07:40:46,TI-02,drone,doente,pinta_preta,0.9998,agrosmart-v1,simulado,sim-2026-09
68906eab-2452-5393-8262-9a2bbeab3a9f,TI-02_20260914_0006.jpg,2026-09-14 07:41:05,TI-02,drone,saudavel,saudavel,0.9719,agrosmart-v1,simulado,sim-2026-09
d8f8111b-1aa2-5722-8f55-15a4bd5f7adf,TI-02_20260914_0007.jpg,2026-09-14 07:41:53,TI-02,drone,saudavel,saudavel,0.9140,agrosmart-v1,simulado,sim-2026-09
5003710a-8e35-5ab8-926c-d94b4de13185,TI-02_20260914_0008.jpg,2026-09-14 07:42:26,TI-02,drone,saudavel,saudavel,0.9982,agrosmart-v1,simulado,sim-2026-09
0616a010-320c-5472-9383-9548c441c36b,TI-02_20260914_0009.jpg,2026-09-14 07:43:24,TI-02,drone,saudavel,saudavel,0.6307,agrosmart-v1,simulado,sim-2026-09
46feb7f6-5f65-58b7-a7c8-dfbb06e68a94,TI-02_20260914_0010.jpg,2026-09-14 07:43:55,TI-02,drone,saudavel,saudavel,0.8934,agrosmart-v1,simulado,sim-2026-09
8325e68b-3a43-5f25-a615-723f673aeda9,TI-02_20260914_0011.jpg,2026-09-14 07:44:49,TI-02,drone,saudavel,saudavel,0.9988,agrosmart-v1,simulado,sim-2026-09
5f7b06eb-1a52-5400-afc5-2fa49a0bc209,TI-02_20260914_0012.jpg,2026-09-14 07:45:05,TI-02,drone,saudavel,saudavel,0.9536,agrosmart-v1,simulado,sim-2026-09
6dd5e16c-4bca-55d5-990c-77721672fef4,TI-02_20260914_0013.jpg,2026-09-14 07:45:41,TI-02,drone,doente,pinta_preta,0.9927,agrosmart-v1,simulado,sim-2026-09
5d4c1a4f-0d45-556b-8b39-b30cdf8f54d7,TI-02_20260914_0014.jpg,2026-09-14 07:46:40,TI-02,drone,saudavel,saudavel,0.7595,agrosmart-v1,simulado,sim-2026-09
362b495c-1e28-5b0f-9105-955bfb1e0c43,TI-02_20260914_0015.jpg,2026-09-14 07:47:30,TI-02,drone,doente,mosca_minadora,0.8498,agrosmart-v1,simulado,sim-2026-09
043b5c13-b4a3-5952-8bb8-853a6a1fda26,TI-02_20260914_0016.jpg,2026-09-14 07:47:57,TI-02,drone,saudavel,saudavel,0.9603,agrosmart-v1,simulado,sim-2026-09
a2120871-2eb6-58e4-ab1b-d6dc36b70f2b,TI-02_20260914_0017.jpg,2026-09-14 07:48:43,TI-02,drone,doente,pinta_preta,0.9111,agrosmart-v1,simulado,sim-2026-09
e4315142-e2fa-5ef8-9141-bc8b933d30ad,TI-02_20260914_0018.jpg,2026-09-14 07:49:23,TI-02,drone,saudavel,saudavel,0.9677,agrosmart-v1,simulado,sim-2026-09
eaa4a7fb-2fbb-568e-aaa0-105b9e7776c7,TI-02_20260914_0019.jpg,2026-09-14 07:50:03,TI-02,drone,saudavel,saudavel,0.9011,agrosmart-v1,simulado,sim-2026-09
262be31b-5422-5fc8-a979-2e7da3f752eb,TI-02_20260914_0020.jpg,2026-09-14 07:50:39,TI-02,drone,saudavel,saudavel,0.9520,agrosmart-v1,simulado,sim-2026-09
6a698bc5-640c-553d-bf0c-c646823f419c,TI-02_20260914_0021.jpg,2026-09-14 07:51:10,TI-02,drone,saudavel,saudavel,0.9985,agrosmart-v1,simulado,sim-2026-09
3e492a78-55ad-5f63-96e4-8df5efa21310,TI-02_20260914_0022.jpg,2026-09-14 07:51:54,TI-02,drone,saudavel,saudavel,0.9890,agrosmart-v1,simulado,sim-2026-09
d1b33b9a-23e1-537f-bc9c-0a97614df869,TI-02_20260914_0023.jpg,2026-09-14 07:52:32,TI-02,drone,saudavel,saudavel,0.5648,agrosmart-v1,simulado,sim-2026-09
e2599bd4-d41e-5f9b-8fda-1ac1d9d3fc24,TI-02_20260914_0024.jpg,2026-09-14 07:53:24,TI-02,drone,saudavel,saudavel,0.9954,agrosmart-v1,simulado,sim-2026-09
2a83c103-6765-5304-94bd-d5cb4528e3c0,TI-02_20260914_0025.jpg,2026-09-14 07:54:06,TI-02,drone,saudavel,saudavel,0.8612,agrosmart-v1,simulado,sim-2026-09
725ca3bd-1b53-53ca-a077-c71a946aca13,TI-02_20260914_0026.jpg,2026-09-14 07:54:31,TI-02,drone,saudavel,saudavel,0.9746,agrosmart-v1,simulado,sim-2026-09
3f06c0b3-da9f-56ae-9c73-7ca437504cd4,TI-02_20260914_0027.jpg,2026-09-14 07:55:01,TI-02,drone,saudavel,saudavel,0.9698,agrosmart-v1,simulado,sim-2026-09
b8591269-9029-561e-857c-5d5ebc789322,TI-02_20260914_0028.jpg,2026-09-14 07:55:56,TI-02,drone,saudavel,saudavel,0.9884,agrosmart-v1,simulado,sim-2026-09
3aabe7d2-3694-57e6-84a7-bf6215ca1aef,TI-02_20260914_0029.jpg,2026-09-14 07:56:37,TI-02,drone,saudavel,saudavel,0.8647,agrosmart-v1,simulado,sim-2026-09
eb73851a-f9dd-599e-a722-aa96ff77f4b9,TI-02_20260914_0030.jpg,2026-09-14 07:57:24,TI-02,drone,saudavel,saudavel,0.8522,agrosmart-v1,simulado,sim-2026-09
28d64f7b-a79b-57ac-a454-101495ca8f13,TI-02_20260914_0031.jpg,2026-09-14 07:58:10,TI-02,drone,saudavel,saudavel,0.8759,agrosmart-v1,simulado,sim-2026-09
5e9b7c07-82a8-5a9e-a6c6-9a392094439f,TI-02_20260914_0032.jpg,2026-09-14 07:58:39,TI-02,drone,saudavel,saudavel,0.9737,agrosmart-v1,simulado,sim-2026-09
5f59c402-68a7-5f72-842e-62e78470dca0,TI-02_20260914_0033.jpg,2026-09-14 07:59:21,TI-02,drone,saudavel,saudavel,0.9993,agrosmart-v1,simulado,sim-2026-09
c1fd16cc-bcf7-561a-b6c8-d90ffa54a883,TI-02_20260914_0034.jpg,2026-09-14 07:59:49,TI-02,drone,saudavel,saudavel,0.9930,agrosmart-v1,simulado,sim-2026-09
23e7dc15-4866-5a78-9a08-f6ad2a87d920,TI-02_20260914_0035.jpg,2026-09-14 08:00:32,TI-02,drone,doente,pinta_preta,0.9755,agrosmart-v1,simulado,sim-2026-09
f0ef2406-5a1e-592f-8ee6-5f748e3ac404,TI-02_20260914_0036.jpg,2026-09-14 08:01:20,TI-02,drone,saudavel,saudavel,0.8938,agrosmart-v1,simulado,sim-2026-09
6762961e-0672-5bf7-b15a-28abf86d206b,TI-02_20260914_0037.jpg,2026-09-14 08:02:09,TI-02,drone,saudavel,saudavel,0.5739,agrosmart-v1,simulado,sim-2026-09
755cefa0-1286-5d9b-b6ef-a8a733e7999d,TI-02_20260914_0038.jpg,2026-09-14 08:02:36,TI-02,drone,saudavel,saudavel,0.9762,agrosmart-v1,simulado,sim-2026-09
37f0d6cb-fc6b-52aa-876e-f7040f26d40a,TI-02_20260914_0039.jpg,2026-09-14 08:03:19,TI-02,drone,doente,pinta_preta,0.9907,agrosmart-v1,simulado,sim-2026-09
45848ef6-5356-55d3-bd70-e3337f79c5bc,TI-02_20260914_0040.jpg,2026-09-14 08:04:04,TI-02,drone,saudavel,saudavel,0.9494,agrosmart-v1,simulado,sim-2026-09
7926c893-3aed-5c5d-a4cc-b51d05ceb5bb,TI-02_20260914_0041.jpg,2026-09-14 08:04:37,TI-02,drone,saudavel,saudavel,0.8435,agrosmart-v1,simulado,sim-2026-09
2ec8806e-8d7d-542a-a891-3e97e837f5ef,TI-02_20260914_0042.jpg,2026-09-14 08:05:13,TI-02,drone,saudavel,saudavel,0.9947,agrosmart-v1,simulado,sim-2026-09
b7c85ab6-64e9-5044-94ef-ac6bc992025b,SC-04_20260914_0001.jpg,2026-09-14 08:18:46,SC-04,smartphone,saudavel,saudavel,0.9935,agrosmart-v1,simulado,sim-2026-09
ead446aa-dd2a-528f-ba17-64047e2fe727,SC-04_20260914_0002.jpg,2026-09-14 08:19:38,SC-04,smartphone,doente,pinta_preta,0.8431,agrosmart-v1,simulado,sim-2026-09
0e976ab6-3d00-5217-9d29-f53bf0a20509,SC-04_20260914_0003.jpg,2026-09-14 08:20:04,SC-04,smartphone,saudavel,saudavel,0.9728,agrosmart-v1,simulado,sim-2026-09
c6d26155-e2c2-5856-afbc-2635e39c2ad9,SC-04_20260914_0004.jpg,2026-09-14 08:20:56,SC-04,smartphone,saudavel,saudavel,0.9934,agrosmart-v1,simulado,sim-2026-09
e711e800-6f38-528e-8386-ce95f49ab194,SC-04_20260914_0005.jpg,2026-09-14 08:21:24,SC-04,smartphone,saudavel,saudavel,0.8457,agrosmart-v1,simulado,sim-2026-09
506d270d-504b-55ab-b8bc-06befbfcc964,SC-04_20260914_0006.jpg,2026-09-14 08:22:23,SC-04,smartphone,saudavel,saudavel,1.0000,agrosmart-v1,simulado,sim-2026-09
7e89f985-487f-5d68-b8ee-8f206ea5c95c,SC-04_20260914_0007.jpg,2026-09-14 08:22:50,SC-04,smartphone,saudavel,saudavel,0.9927,agrosmart-v1,simulado,sim-2026-09
f6365bfb-d350-52fa-ae3e-38d8993eb08d,SC-04_20260914_0008.jpg,2026-09-14 08:23:42,SC-04,smartphone,saudavel,saudavel,0.8498,agrosmart-v1,simulado,sim-2026-09
db3bc047-e49b-5e76-85a2-b70efd6c3544,SC-04_20260914_0009.jpg,2026-09-14 08:24:02,SC-04,smartphone,saudavel,saudavel,0.9213,agrosmart-v1,simulado,sim-2026-09
7f605dd2-a947-5fe5-a802-2dd2db485edd,SC-04_20260914_0010.jpg,2026-09-14 08:24:49,SC-04,smartphone,saudavel,saudavel,0.8948,agrosmart-v1,simulado,sim-2026-09
eb6f43e4-00dd-544f-a465-511408ba294a,SC-04_20260914_0011.jpg,2026-09-14 08:25:30,SC-04,smartphone,saudavel,saudavel,0.8991,agrosmart-v1,simulado,sim-2026-09
eaa30c29-a1f9-5ad3-b917-713c6aec92bd,SC-04_20260914_0012.jpg,2026-09-14 08:26:22,SC-04,smartphone,saudavel,saudavel,0.8783,agrosmart-v1,simulado,sim-2026-09
ac8c67d9-be2a-572f-ad19-5624869c4002,SC-04_20260914_0013.jpg,2026-09-14 08:27:05,SC-04,smartphone,saudavel,saudavel,0.8622,agrosmart-v1,simulado,sim-2026-09
191db4fe-fd5f-556f-aa79-9700e684b8b9,SC-04_20260914_0014.jpg,2026-09-14 08:27:33,SC-04,smartphone,saudavel,saudavel,0.8453,agrosmart-v1,simulado,sim-2026-09
b9cbc8e0-e48a-5631-9bd4-a129570a3469,SC-04_20260914_0015.jpg,2026-09-14 08:28:17,SC-04,smartphone,saudavel,saudavel,0.9385,agrosmart-v1,simulado,sim-2026-09
7b8f409f-b60f-5932-bab4-098a9d109889,SC-04_20260914_0016.jpg,2026-09-14 08:28:40,SC-04,smartphone,saudavel,saudavel,0.6429,agrosmart-v1,simulado,sim-2026-09
094bee5e-d46c-5ee6-9408-8424f828a51c,BV-03_20260914_0001.jpg,2026-09-14 08:28:47,BV-03,smartphone,saudavel,saudavel,0.8765,agrosmart-v1,simulado,sim-2026-09
6c1a2549-a5c2-52f9-8b39-2d7d8420a69f,BV-03_20260914_0002.jpg,2026-09-14 08:29:21,BV-03,smartphone,saudavel,saudavel,0.9166,agrosmart-v1,simulado,sim-2026-09
5e9b6535-ec97-535d-80c5-2ca3e09c2f59,SC-04_20260914_0017.jpg,2026-09-14 08:29:25,SC-04,smartphone,saudavel,saudavel,0.9007,agrosmart-v1,simulado,sim-2026-09
2110aa7e-9dd0-559e-92b2-efff729c47ae,SC-04_20260914_0018.jpg,2026-09-14 08:30:16,SC-04,smartphone,saudavel,saudavel,0.9492,agrosmart-v1,simulado,sim-2026-09
c50001db-f4a3-58e0-b9ab-77cd824e88fd,BV-03_20260914_0003.jpg,2026-09-14 08:30:21,BV-03,smartphone,saudavel,saudavel,0.9892,agrosmart-v1,simulado,sim-2026-09
51e10675-4f00-5c21-8181-da481dc7d97a,BV-03_20260914_0004.jpg,2026-09-14 08:30:53,BV-03,smartphone,saudavel,saudavel,0.9926,agrosmart-v1,simulado,sim-2026-09
b763b1c4-a2db-561c-b1b0-cd55798bfa0e,SC-04_20260914_0019.jpg,2026-09-14 08:31:01,SC-04,smartphone,saudavel,saudavel,0.9429,agrosmart-v1,simulado,sim-2026-09
1d1613d5-d9ac-5ed7-9948-e2f17fb58dfe,SC-04_20260914_0020.jpg,2026-09-14 08:31:28,SC-04,smartphone,saudavel,saudavel,0.9892,agrosmart-v1,simulado,sim-2026-09
47361aae-d2e5-5c00-8e47-c943e7733034,BV-03_20260914_0005.jpg,2026-09-14 08:31:36,BV-03,smartphone,saudavel,saudavel,0.9965,agrosmart-v1,simulado,sim-2026-09
a529055d-4956-54b3-98b7-12d98467eb80,BV-03_20260914_0006.jpg,2026-09-14 08:32:03,BV-03,smartphone,saudavel,saudavel,0.9965,agrosmart-v1,simulado,sim-2026-09
01d2632e-3d98-5df8-9d8f-10aeff417864,SC-04_20260914_0021.jpg,2026-09-14 08:32:26,SC-04,smartphone,saudavel,saudavel,0.6186,agrosmart-v1,simulado,sim-2026-09
0f347ea8-4dbd-5185-a92e-d70591870f80,BV-03_20260914_0007.jpg,2026-09-14 08:32:47,BV-03,smartphone,saudavel,saudavel,0.9700,agrosmart-v1,simulado,sim-2026-09
aea22780-8a3a-5b2f-b2d1-82db61892353,SC-04_20260914_0022.jpg,2026-09-14 08:32:56,SC-04,smartphone,saudavel,saudavel,0.9351,agrosmart-v1,simulado,sim-2026-09
d34f60fe-127e-5db9-9eb4-d6a92a940e08,SC-04_20260914_0023.jpg,2026-09-14 08:33:25,SC-04,smartphone,saudavel,saudavel,1.0000,agrosmart-v1,simulado,sim-2026-09
c96aeb85-e2f5-5bd5-801c-d6860a758543,BV-03_20260914_0008.jpg,2026-09-14 08:33:40,BV-03,smartphone,saudavel,saudavel,0.7167,agrosmart-v1,simulado,sim-2026-09
54f7b1f6-fa02-5d48-b08c-551cfcc66250,BV-03_20260914_0009.jpg,2026-09-14 08:34:15,BV-03,smartphone,saudavel,saudavel,0.9143,agrosmart-v1,simulado,sim-2026-09
10cc2240-6c97-5b93-8b8d-94a4baa520d1,SC-04_20260914_0024.jpg,2026-09-14 08:34:23,SC-04,smartphone,saudavel,saudavel,0.9545,agrosmart-v1,simulado,sim-2026-09
c0dcb933-9648-5124-bc21-5d63248d1bff,SC-04_20260914_0025.jpg,2026-09-14 08:34:44,SC-04,smartphone,saudavel,saudavel,0.9681,agrosmart-v1,simulado,sim-2026-09
4e0d150f-ab29-5bb7-a290-81ea58f4c020,BV-03_20260914_0010.jpg,2026-09-14 08:34:55,BV-03,smartphone,saudavel,saudavel,0.8638,agrosmart-v1,simulado,sim-2026-09
e607fe6d-df22-56c3-819d-e34f2c15a839,BV-03_20260914_0011.jpg,2026-09-14 08:35:36,BV-03,smartphone,saudavel,saudavel,0.8347,agrosmart-v1,simulado,sim-2026-09
c24294e6-e62f-5236-8988-ee464b7d2ea7,SC-04_20260914_0026.jpg,2026-09-14 08:35:44,SC-04,smartphone,saudavel,saudavel,0.9207,agrosmart-v1,simulado,sim-2026-09
fe312664-bd41-5f1a-b6ed-fdfea10d7101,BV-03_20260914_0012.jpg,2026-09-14 08:36:07,BV-03,smartphone,saudavel,saudavel,0.9502,agrosmart-v1,simulado,sim-2026-09
fad7dd18-8509-50c4-8cf4-f514cd2f4417,SC-04_20260914_0027.jpg,2026-09-14 08:36:15,SC-04,smartphone,saudavel,saudavel,0.8242,agrosmart-v1,simulado,sim-2026-09
8ef74801-8183-54fc-93bf-2bf191557efd,BV-03_20260914_0013.jpg,2026-09-14 08:36:51,BV-03,smartphone,saudavel,saudavel,0.7168,agrosmart-v1,simulado,sim-2026-09
e30f1a37-6030-5ab3-8da9-e7bd8b4ccf68,SC-04_20260914_0028.jpg,2026-09-14 08:37:00,SC-04,smartphone,saudavel,saudavel,0.9086,agrosmart-v1,simulado,sim-2026-09
795b5a68-f716-5f5d-8e13-456f0421f4ef,SC-04_20260914_0029.jpg,2026-09-14 08:37:24,SC-04,smartphone,saudavel,saudavel,0.8797,agrosmart-v1,simulado,sim-2026-09
5434c5e0-91cb-5f7b-9594-38fec179787f,BV-03_20260914_0014.jpg,2026-09-14 08:37:44,BV-03,smartphone,saudavel,saudavel,0.9953,agrosmart-v1,simulado,sim-2026-09
ed8b840f-c7b0-598b-aca0-a404b969ce88,SC-04_20260914_0030.jpg,2026-09-14 08:38:03,SC-04,smartphone,saudavel,saudavel,0.8968,agrosmart-v1,simulado,sim-2026-09
12c107e0-d458-5fd5-839f-e6bfb7232e69,BV-03_20260914_0015.jpg,2026-09-14 08:38:05,BV-03,smartphone,saudavel,saudavel,0.9939,agrosmart-v1,simulado,sim-2026-09
4a123f7b-d863-5955-a67a-0fd2426ae4ae,SC-04_20260914_0031.jpg,2026-09-14 08:38:53,SC-04,smartphone,doente,requeima,0.8695,agrosmart-v1,simulado,sim-2026-09
e397de70-ae0d-53e0-b8b3-59b78a9e7a86,BV-03_20260914_0016.jpg,2026-09-14 08:38:54,BV-03,smartphone,saudavel,saudavel,0.9140,agrosmart-v1,simulado,sim-2026-09
ff18b3fd-77ef-5ca1-aa5f-2438337b818a,BV-03_20260914_0017.jpg,2026-09-14 08:39:42,BV-03,smartphone,doente,pinta_preta,0.9639,agrosmart-v1,simulado,sim-2026-09
883ba9f9-2b98-509b-8c92-4b86ea232b82,SC-04_20260914_0032.jpg,2026-09-14 08:39:45,SC-04,smartphone,saudavel,saudavel,0.9429,agrosmart-v1,simulado,sim-2026-09
dad98e9e-bfce-5776-96e3-a4c70361d169,SC-04_20260914_0033.jpg,2026-09-14 08:40:09,SC-04,smartphone,saudavel,saudavel,0.9263,agrosmart-v1,simulado,sim-2026-09
0496166e-ce29-5e4a-b742-d939323ce644,BV-03_20260914_0018.jpg,2026-09-14 08:40:30,BV-03,smartphone,saudavel,saudavel,0.8798,agrosmart-v1,simulado,sim-2026-09
9664ff02-59d2-5537-b216-a46ace215164,BV-03_20260914_0019.jpg,2026-09-14 08:40:57,BV-03,smartphone,saudavel,saudavel,0.9347,agrosmart-v1,simulado,sim-2026-09
50b8b321-e98f-5125-825f-6f6f8d96ba11,BV-03_20260914_0020.jpg,2026-09-14 08:41:37,BV-03,smartphone,saudavel,saudavel,1.0000,agrosmart-v1,simulado,sim-2026-09
f8ec1f04-cfbb-5447-9d57-e68790eafdc0,BV-03_20260914_0021.jpg,2026-09-14 08:42:18,BV-03,smartphone,saudavel,saudavel,0.9818,agrosmart-v1,simulado,sim-2026-09
1ebe71d5-baf1-5a97-a5e1-ff3629edd157,BV-03_20260914_0022.jpg,2026-09-14 08:42:44,BV-03,smartphone,saudavel,saudavel,0.9303,agrosmart-v1,simulado,sim-2026-09
6496b3f1-8896-5a7f-9772-ca6a4670dac4,BV-03_20260914_0023.jpg,2026-09-14 08:43:24,BV-03,smartphone,saudavel,saudavel,0.8291,agrosmart-v1,simulado,sim-2026-09
2a4a097a-a202-52c2-b37a-8b4ca1093df3,BV-03_20260914_0024.jpg,2026-09-14 08:44:12,BV-03,smartphone,saudavel,saudavel,0.9457,agrosmart-v1,simulado,sim-2026-09
86208135-7de0-548b-a874-0c0722695208,SC-02_20260914_0001.jpg,2026-09-14 08:55:55,SC-02,smartphone,saudavel,saudavel,0.9974,agrosmart-v1,simulado,sim-2026-09
26563d32-aa1d-5f3f-8261-4a7ba483806a,SC-02_20260914_0002.jpg,2026-09-14 08:56:48,SC-02,smartphone,saudavel,saudavel,0.8727,agrosmart-v1,simulado,sim-2026-09
89433128-cad4-5ce8-b731-3e946b4355d9,SC-02_20260914_0003.jpg,2026-09-14 08:57:11,SC-02,smartphone,saudavel,saudavel,0.9547,agrosmart-v1,simulado,sim-2026-09
89082889-8e67-5641-8d3a-2729e5e2ac3b,SC-02_20260914_0004.jpg,2026-09-14 08:57:47,SC-02,smartphone,saudavel,saudavel,0.9945,agrosmart-v1,simulado,sim-2026-09
8bb4b7aa-570a-523d-a10d-97de5a9bcbc9,SC-02_20260914_0005.jpg,2026-09-14 08:58:47,SC-02,smartphone,saudavel,saudavel,0.8578,agrosmart-v1,simulado,sim-2026-09
055a1a9e-b5bd-53b4-b1b8-bd10c7c9ebfd,SC-02_20260914_0006.jpg,2026-09-14 08:59:06,SC-02,smartphone,saudavel,saudavel,0.9624,agrosmart-v1,simulado,sim-2026-09
17786348-a3c4-550c-a31c-9ca83ad63fbe,SC-02_20260914_0007.jpg,2026-09-14 09:00:02,SC-02,smartphone,saudavel,saudavel,0.9740,agrosmart-v1,simulado,sim-2026-09
148f8714-2bcb-5124-a8dc-3c051bc4858a,SC-02_20260914_0008.jpg,2026-09-14 09:00:34,SC-02,smartphone,saudavel,saudavel,0.9937,agrosmart-v1,simulado,sim-2026-09
c692e2c0-526a-57ae-aa26-dcddc7b1825f,SC-02_20260914_0009.jpg,2026-09-14 09:01:10,SC-02,smartphone,saudavel,saudavel,0.7141,agrosmart-v1,simulado,sim-2026-09
e6bd8dc4-86d5-514b-8445-e95199b7252d,SC-02_20260914_0010.jpg,2026-09-14 09:01:53,SC-02,smartphone,saudavel,saudavel,0.9731,agrosmart-v1,simulado,sim-2026-09
e0e9fb8f-1e70-5762-984b-52f43dcc3a92,SC-02_20260914_0011.jpg,2026-09-14 09:02:31,SC-02,smartphone,saudavel,saudavel,0.7729,agrosmart-v1,simulado,sim-2026-09
0d7a6a2f-3a75-533a-a0dc-25b1133e0740,SC-02_20260914_0012.jpg,2026-09-14 09:03:13,SC-02,smartphone,saudavel,saudavel,0.9996,agrosmart-v1,simulado,sim-2026-09
f35845ad-f554-5f5a-a4af-fa901619ed28,SC-02_20260914_0013.jpg,2026-09-14 09:03:53,SC-02,smartphone,saudavel,saudavel,0.8670,agrosmart-v1,simulado,sim-2026-09
7d6c7d53-7b6c-5f41-a41c-8a46cd197294,SC-02_20260914_0014.jpg,2026-09-14 09:04:24,SC-02,smartphone,saudavel,saudavel,0.8279,agrosmart-v1,simulado,sim-2026-09
26ab23a1-18ed-540a-8af9-eca6e7d8c7bd,SC-02_20260914_0015.jpg,2026-09-14 09:05:27,SC-02,smartphone,saudavel,saudavel,0.9095,agrosmart-v1,simulado,sim-2026-09
fb37b51b-a7a8-58a8-8739-8f978f5c06dc,SC-02_20260914_0016.jpg,2026-09-14 09:06:01,SC-02,smartphone,saudavel,saudavel,0.9181,agrosmart-v1,simulado,sim-2026-09
78d845b1-f994-5915-86a7-f96aa26e65de,SC-02_20260914_0017.jpg,2026-09-14 09:06:26,SC-02,smartphone,saudavel,saudavel,0.9513,agrosmart-v1,simulado,sim-2026-09
e3fde070-3e79-542b-8071-eb3cfedc7277,SC-02_20260914_0018.jpg,2026-09-14 09:07:06,SC-02,smartphone,saudavel,saudavel,0.8884,agrosmart-v1,simulado,sim-2026-09
6dff0d10-7f84-55f6-b390-b2f684119406,SC-02_20260914_0019.jpg,2026-09-14 09:07:40,SC-02,smartphone,saudavel,saudavel,0.5382,agrosmart-v1,simulado,sim-2026-09
938cfec3-c608-518e-85eb-e6ebc3803dd4,SC-02_20260914_0020.jpg,2026-09-14 09:08:24,SC-02,smartphone,saudavel,saudavel,0.6587,agrosmart-v1,simulado,sim-2026-09
8566af5d-0fec-55fa-9c55-189441f9a467,SC-02_20260914_0021.jpg,2026-09-14 09:09:20,SC-02,smartphone,saudavel,saudavel,0.8583,agrosmart-v1,simulado,sim-2026-09
0a613bfa-45cb-528e-b76a-fd705fb88429,SC-02_20260914_0022.jpg,2026-09-14 09:09:46,SC-02,smartphone,saudavel,saudavel,0.9391,agrosmart-v1,simulado,sim-2026-09
1494abc2-d343-56fa-b95f-dba2f711c25d,SC-02_20260914_0023.jpg,2026-09-14 09:10:35,SC-02,smartphone,saudavel,saudavel,0.9984,agrosmart-v1,simulado,sim-2026-09
d7a40bea-a881-58fd-8d5d-c162a46d34b8,SC-02_20260914_0024.jpg,2026-09-14 09:11:25,SC-02,smartphone,saudavel,saudavel,0.8727,agrosmart-v1,simulado,sim-2026-09
261bbf8b-bd56-530f-b51c-dbb5862d454e,SC-02_20260914_0025.jpg,2026-09-14 09:11:59,SC-02,smartphone,saudavel,saudavel,0.8621,agrosmart-v1,simulado,sim-2026-09
74a58fbc-ea49-5ccc-b430-bf6423b0b99b,SC-02_20260914_0026.jpg,2026-09-14 09:12:33,SC-02,smartphone,saudavel,saudavel,0.9983,agrosmart-v1,simulado,sim-2026-09
93d5c712-0da1-567e-8a1a-029ee3ffb3b9,SC-02_20260914_0027.jpg,2026-09-14 09:13:02,SC-02,smartphone,saudavel,saudavel,0.9764,agrosmart-v1,simulado,sim-2026-09
6ce849f0-c556-5366-813f-1118f20ef2cb,SC-01_20260914_0001.jpg,2026-09-14 09:13:04,SC-01,smartphone,saudavel,saudavel,0.8867,agrosmart-v1,simulado,sim-2026-09
3c983fe2-9f66-55ad-b645-2c9ad45e0015,SC-01_20260914_0002.jpg,2026-09-14 09:13:37,SC-01,smartphone,saudavel,saudavel,0.9983,agrosmart-v1,simulado,sim-2026-09
a0c70234-227d-5c0c-87ab-b15511b2b36c,SC-02_20260914_0028.jpg,2026-09-14 09:13:40,SC-02,smartphone,saudavel,saudavel,0.9998,agrosmart-v1,simulado,sim-2026-09
add1b3bd-a3c7-578d-876c-1985a152a340,SC-01_20260914_0003.jpg,2026-09-14 09:14:30,SC-01,smartphone,saudavel,saudavel,0.8385,agrosmart-v1,simulado,sim-2026-09
57af18f0-eaf3-5e0e-b35e-40225e45a33d,SC-02_20260914_0029.jpg,2026-09-14 09:14:42,SC-02,smartphone,saudavel,saudavel,0.8723,agrosmart-v1,simulado,sim-2026-09
c2a68d50-8149-5d55-a403-3a81b8ad23af,SC-01_20260914_0004.jpg,2026-09-14 09:15:01,SC-01,smartphone,saudavel,saudavel,0.9804,agrosmart-v1,simulado,sim-2026-09
ca6cb2bc-4c5b-5e56-8d78-f130e703fbb3,SC-02_20260914_0030.jpg,2026-09-14 09:15:04,SC-02,smartphone,saudavel,saudavel,0.9831,agrosmart-v1,simulado,sim-2026-09
c3991e93-1113-5f84-ac77-a851f6dddb8b,SC-01_20260914_0005.jpg,2026-09-14 09:15:21,SC-01,smartphone,saudavel,saudavel,0.9710,agrosmart-v1,simulado,sim-2026-09
9f1c623f-7e36-57e6-81f2-d407164ef8c5,SC-02_20260914_0031.jpg,2026-09-14 09:15:50,SC-02,smartphone,saudavel,saudavel,0.9516,agrosmart-v1,simulado,sim-2026-09
c2bf72f9-1f23-5ebb-b018-0de9c275c614,SC-01_20260914_0006.jpg,2026-09-14 09:16:12,SC-01,smartphone,saudavel,saudavel,0.9809,agrosmart-v1,simulado,sim-2026-09
1da58f1e-e95d-5761-84a2-8cfe12c545a2,SC-02_20260914_0032.jpg,2026-09-14 09:16:36,SC-02,smartphone,saudavel,saudavel,0.8860,agrosmart-v1,simulado,sim-2026-09
714beb0b-1975-52bc-8a7b-e51a388ba33f,SC-01_20260914_0007.jpg,2026-09-14 09:16:48,SC-01,smartphone,saudavel,saudavel,0.9985,agrosmart-v1,simulado,sim-2026-09
fc922b13-43f8-50aa-b90e-03b254461e37,SC-02_20260914_0033.jpg,2026-09-14 09:17:27,SC-02,smartphone,saudavel,saudavel,0.8866,agrosmart-v1,simulado,sim-2026-09
aa60998f-b416-525d-82b9-a7979c76cca8,SC-01_20260914_0008.jpg,2026-09-14 09:17:28,SC-01,smartphone,saudavel,saudavel,0.9299,agrosmart-v1,simulado,sim-2026-09
600e652d-5951-5369-91c8-1775d1e2438d,SC-02_20260914_0034.jpg,2026-09-14 09:18:10,SC-02,smartphone,saudavel,saudavel,0.9989,agrosmart-v1,simulado,sim-2026-09
d5d136fa-3bbc-5dc5-818d-17e90e0735ab,SC-01_20260914_0009.jpg,2026-09-14 09:18:24,SC-01,smartphone,saudavel,saudavel,0.9706,agrosmart-v1,simulado,sim-2026-09
c0b832f9-05a6-579b-9c91-e3c66ab6ca30,SC-02_20260914_0035.jpg,2026-09-14 09:18:39,SC-02,smartphone,saudavel,saudavel,0.9618,agrosmart-v1,simulado,sim-2026-09
7b67f897-cc2f-5249-b756-23e6e03928c5,SC-01_20260914_0010.jpg,2026-09-14 09:18:40,SC-01,smartphone,saudavel,saudavel,0.9993,agrosmart-v1,simulado,sim-2026-09
d984c898-759a-52a7-b496-8b8ad45f7d07,BV-02_20260914_0001.jpg,2026-09-14 09:18:53,BV-02,smartphone,saudavel,saudavel,0.9894,agrosmart-v1,simulado,sim-2026-09
9248de25-4857-57ba-a1d1-acae49cceb46,SC-01_20260914_0011.jpg,2026-09-14 09:19:21,SC-01,smartphone,saudavel,saudavel,0.8792,agrosmart-v1,simulado,sim-2026-09
157818e8-2400-5c3d-9557-16689621f5ce,TI-03_20260914_0001.jpg,2026-09-14 09:19:46,TI-03,drone,saudavel,saudavel,0.9865,agrosmart-v1,simulado,sim-2026-09
65768f97-f5d1-50d6-b6cd-d41a03760eaa,BV-02_20260914_0002.jpg,2026-09-14 09:19:48,BV-02,smartphone,saudavel,saudavel,0.9735,agrosmart-v1,simulado,sim-2026-09
b86ec22a-a2e8-5a3d-8a66-159a9d3adb14,SC-01_20260914_0012.jpg,2026-09-14 09:20:21,SC-01,smartphone,saudavel,saudavel,0.9690,agrosmart-v1,simulado,sim-2026-09
14b0e976-7f7e-5f04-8475-e0dda514a2f5,BV-02_20260914_0003.jpg,2026-09-14 09:20:25,BV-02,smartphone,saudavel,saudavel,0.8451,agrosmart-v1,simulado,sim-2026-09
8a1815b4-3f4a-5a5b-bec0-759580061bf1,SC-01_20260914_0013.jpg,2026-09-14 09:20:45,SC-01,smartphone,saudavel,saudavel,0.9886,agrosmart-v1,simulado,sim-2026-09
e94a3c6c-3b84-5526-878b-50b6988545f6,TI-03_20260914_0002.jpg,2026-09-14 09:20:45,TI-03,drone,saudavel,saudavel,0.8481,agrosmart-v1,simulado,sim-2026-09
81b05d79-eeeb-5bb3-8f96-b73e9f2d886f,BV-02_20260914_0004.jpg,2026-09-14 09:21:01,BV-02,smartphone,saudavel,saudavel,0.8288,agrosmart-v1,simulado,sim-2026-09
298ae331-4e53-5f2b-961a-4cf30bb6981a,TI-03_20260914_0003.jpg,2026-09-14 09:21:08,TI-03,drone,saudavel,saudavel,0.9913,agrosmart-v1,simulado,sim-2026-09
7fd5c095-477e-5170-a789-a4b61b158d02,BV-02_20260914_0005.jpg,2026-09-14 09:21:30,BV-02,smartphone,saudavel,saudavel,0.8214,agrosmart-v1,simulado,sim-2026-09
74333067-ca31-5779-a4e7-62827e798ed5,SC-01_20260914_0014.jpg,2026-09-14 09:21:34,SC-01,smartphone,saudavel,saudavel,0.9963,agrosmart-v1,simulado,sim-2026-09
b8c7dcc1-6e03-54b4-b58a-c16658f15918,TI-03_20260914_0004.jpg,2026-09-14 09:21:53,TI-03,drone,saudavel,saudavel,0.9585,agrosmart-v1,simulado,sim-2026-09
e1c4f2ad-a02a-5120-b540-30fc89849f7c,BV-02_20260914_0006.jpg,2026-09-14 09:22:17,BV-02,smartphone,saudavel,saudavel,0.8677,agrosmart-v1,simulado,sim-2026-09
0e7ea710-c970-50dd-b429-37befe256fd1,SC-01_20260914_0015.jpg,2026-09-14 09:22:23,SC-01,smartphone,saudavel,saudavel,0.9541,agrosmart-v1,simulado,sim-2026-09
21eec67f-5efe-5bb3-81e6-f0ccbd27eafd,TI-03_20260914_0005.jpg,2026-09-14 09:22:29,TI-03,drone,saudavel,saudavel,0.9676,agrosmart-v1,simulado,sim-2026-09
16a2adef-d172-56aa-a0e8-df5ce026c954,BV-02_20260914_0007.jpg,2026-09-14 09:22:42,BV-02,smartphone,saudavel,saudavel,0.9022,agrosmart-v1,simulado,sim-2026-09
10d0dbaf-8d7d-5fae-a53c-9160f5868b0c,SC-01_20260914_0016.jpg,2026-09-14 09:23:07,SC-01,smartphone,saudavel,saudavel,1.0000,agrosmart-v1,simulado,sim-2026-09
22f57d36-b72f-5c10-9ac1-fdf9ae5a0f49,TI-03_20260914_0006.jpg,2026-09-14 09:23:24,TI-03,drone,saudavel,saudavel,0.9638,agrosmart-v1,simulado,sim-2026-09
ffe6deda-7b0d-5270-af58-93cc1899fa8c,BV-02_20260914_0008.jpg,2026-09-14 09:23:29,BV-02,smartphone,saudavel,saudavel,0.9996,agrosmart-v1,simulado,sim-2026-09
c4830af9-44e4-5553-b52e-9e4bf0733d80,SC-01_20260914_0017.jpg,2026-09-14 09:23:41,SC-01,smartphone,saudavel,saudavel,0.9653,agrosmart-v1,simulado,sim-2026-09
2eb235be-4222-5ad3-a47d-b0a1529be334,TI-03_20260914_0007.jpg,2026-09-14 09:23:59,TI-03,drone,saudavel,saudavel,0.9810,agrosmart-v1,simulado,sim-2026-09
140d0981-bad3-56e2-a22c-a437abad96d2,BV-02_20260914_0009.jpg,2026-09-14 09:24:07,BV-02,smartphone,saudavel,saudavel,0.8836,agrosmart-v1,simulado,sim-2026-09
711c472d-ee07-5cfd-baab-721d6e99b060,SC-01_20260914_0018.jpg,2026-09-14 09:24:13,SC-01,smartphone,doente,pinta_preta,0.8537,agrosmart-v1,simulado,sim-2026-09
89446700-9e50-5c4e-a47f-55ba0343026e,TI-03_20260914_0008.jpg,2026-09-14 09:24:39,TI-03,drone,saudavel,saudavel,0.9469,agrosmart-v1,simulado,sim-2026-09
a5895ec6-2f74-5c6b-ae27-017df965b6e8,BV-02_20260914_0010.jpg,2026-09-14 09:24:40,BV-02,smartphone,saudavel,saudavel,0.9964,agrosmart-v1,simulado,sim-2026-09
5165f325-bcb0-58bf-8ff2-3b03404282d6,SC-01_20260914_0019.jpg,2026-09-14 09:24:51,SC-01,smartphone,saudavel,saudavel,0.9957,agrosmart-v1,simulado,sim-2026-09
c1f956bd-3e93-5af5-8a31-2eee01a0ab27,TI-04_20260914_0001.jpg,2026-09-14 09:24:52,TI-04,drone,saudavel,saudavel,0.9870,agrosmart-v1,simulado,sim-2026-09
059e171a-1ecc-5715-a4c9-913e41322639,TI-03_20260914_0009.jpg,2026-09-14 09:25:15,TI-03,drone,saudavel,saudavel,0.9307,agrosmart-v1,simulado,sim-2026-09
817437de-774a-5122-ac31-a8e28954613f,BV-02_20260914_0011.jpg,2026-09-14 09:25:36,BV-02,smartphone,saudavel,saudavel,0.9882,agrosmart-v1,simulado,sim-2026-09
622365f7-6779-51e3-814e-64ce84ad5190,SC-01_20260914_0020.jpg,2026-09-14 09:25:39,SC-01,smartphone,saudavel,saudavel,0.8886,agrosmart-v1,simulado,sim-2026-09
1fbe3e1f-b449-5f50-af4f-51885614c8b4,TI-03_20260914_0010.jpg,2026-09-14 09:25:46,TI-03,drone,saudavel,saudavel,0.9654,agrosmart-v1,simulado,sim-2026-09
5cf5667c-4eed-5330-a768-e065c15058b2,TI-04_20260914_0002.jpg,2026-09-14 09:25:47,TI-04,drone,saudavel,saudavel,0.8829,agrosmart-v1,simulado,sim-2026-09
9547538a-ed81-5cee-89c1-9e3b5c7cbb14,BV-01_20260914_0001.jpg,2026-09-14 09:25:53,BV-01,smartphone,saudavel,saudavel,0.9940,agrosmart-v1,simulado,sim-2026-09
7d5be3d1-bcc7-5a17-b981-d8f81630968f,TI-04_20260914_0003.jpg,2026-09-14 09:26:05,TI-04,drone,saudavel,saudavel,0.9156,agrosmart-v1,simulado,sim-2026-09
97f39adc-5fbb-5c18-88f3-48567a4e1b99,SC-01_20260914_0021.jpg,2026-09-14 09:26:23,SC-01,smartphone,saudavel,saudavel,0.9996,agrosmart-v1,simulado,sim-2026-09
2eb89991-aada-5fcf-969c-9ae3669777e0,TI-03_20260914_0011.jpg,2026-09-14 09:26:23,TI-03,drone,doente,pinta_preta,0.8894,agrosmart-v1,simulado,sim-2026-09
d5fda2d3-a86a-5761-abb9-533724548882,BV-02_20260914_0012.jpg,2026-09-14 09:26:28,BV-02,smartphone,saudavel,saudavel,0.6809,agrosmart-v1,simulado,sim-2026-09
aa063430-f20b-5809-9b92-f355540f2d5c,BV-01_20260914_0002.jpg,2026-09-14 09:26:43,BV-01,smartphone,saudavel,saudavel,0.8380,agrosmart-v1,simulado,sim-2026-09
029d5a70-ace8-5e38-b745-363732c9a129,BV-02_20260914_0013.jpg,2026-09-14 09:26:54,BV-02,smartphone,doente,requeima,0.8845,agrosmart-v1,simulado,sim-2026-09
0d3ca298-0e8b-50c1-9870-a3632f3afc26,TI-04_20260914_0004.jpg,2026-09-14 09:26:55,TI-04,drone,saudavel,saudavel,0.9445,agrosmart-v1,simulado,sim-2026-09
83a250ea-80a3-51f1-8b15-5a7bfb74b056,SC-01_20260914_0022.jpg,2026-09-14 09:27:07,SC-01,smartphone,saudavel,saudavel,0.9987,agrosmart-v1,simulado,sim-2026-09
71ee204c-0581-50c1-943f-10d4a9b2cca6,TI-03_20260914_0012.jpg,2026-09-14 09:27:17,TI-03,drone,saudavel,saudavel,0.8701,agrosmart-v1,simulado,sim-2026-09
19a84f94-8be5-533e-a133-0050fda9283d,BV-01_20260914_0003.jpg,2026-09-14 09:27:23,BV-01,smartphone,saudavel,saudavel,0.8901,agrosmart-v1,simulado,sim-2026-09
08c4e087-b67a-5462-ad34-430e26785234,BV-02_20260914_0014.jpg,2026-09-14 09:27:27,BV-02,smartphone,saudavel,saudavel,0.9454,agrosmart-v1,simulado,sim-2026-09
a5f600b5-c4b8-51aa-bd49-9d6c67a5fad5,TI-04_20260914_0005.jpg,2026-09-14 09:27:29,TI-04,drone,doente,vaquinha,0.8273,agrosmart-v1,simulado,sim-2026-09
6fb2808a-4290-54d0-b751-5abd9b9f826b,SC-01_20260914_0023.jpg,2026-09-14 09:27:45,SC-01,smartphone,saudavel,saudavel,1.0000,agrosmart-v1,simulado,sim-2026-09
21137948-9907-5fc2-a357-7237df9597ba,BV-01_20260914_0004.jpg,2026-09-14 09:27:49,BV-01,smartphone,saudavel,saudavel,0.9994,agrosmart-v1,simulado,sim-2026-09
a5355132-0df6-5ecd-b575-3f2e2060e1f3,TI-03_20260914_0013.jpg,2026-09-14 09:28:06,TI-03,drone,saudavel,saudavel,0.9072,agrosmart-v1,simulado,sim-2026-09
fb1fff9e-8b3f-5f1e-abb4-d8cb281a8534,TI-04_20260914_0006.jpg,2026-09-14 09:28:06,TI-04,drone,saudavel,saudavel,0.8687,agrosmart-v1,simulado,sim-2026-09
a06aee1e-89e3-50b9-b8d8-0776152caf70,BV-02_20260914_0015.jpg,2026-09-14 09:28:13,BV-02,smartphone,saudavel,saudavel,0.9949,agrosmart-v1,simulado,sim-2026-09
d360a052-b66d-5b57-bdb7-8b7f8eba9d6c,SC-01_20260914_0024.jpg,2026-09-14 09:28:27,SC-01,smartphone,saudavel,saudavel,0.8966,agrosmart-v1,simulado,sim-2026-09
4395928c-7d1d-5c5e-a4e9-57fe95316185,TI-03_20260914_0014.jpg,2026-09-14 09:28:32,TI-03,drone,saudavel,saudavel,0.9510,agrosmart-v1,simulado,sim-2026-09
fb00f5b3-3f83-5436-a992-3192b1711107,BV-01_20260914_0005.jpg,2026-09-14 09:28:39,BV-01,smartphone,saudavel,saudavel,0.9544,agrosmart-v1,simulado,sim-2026-09
82b39cf0-a171-520e-ba26-8c064cbdd27d,BV-02_20260914_0016.jpg,2026-09-14 09:28:59,BV-02,smartphone,saudavel,saudavel,0.9947,agrosmart-v1,simulado,sim-2026-09
3239aaf5-1f81-5f4b-9848-7a04928610b4,SC-01_20260914_0025.jpg,2026-09-14 09:29:03,SC-01,smartphone,saudavel,saudavel,1.0000,agrosmart-v1,simulado,sim-2026-09
19aedc7f-90e5-5057-8168-64c4ade45697,TI-04_20260914_0007.jpg,2026-09-14 09:29:09,TI-04,drone,saudavel,saudavel,0.9977,agrosmart-v1,simulado,sim-2026-09
2599a7e9-5518-513d-8d3a-0dd3e66bcc21,TI-03_20260914_0015.jpg,2026-09-14 09:29:25,TI-03,drone,saudavel,saudavel,0.9343,agrosmart-v1,simulado,sim-2026-09
1fcd06d4-f519-53b1-b31c-548d545f1ea2,BV-01_20260914_0006.jpg,2026-09-14 09:29:26,BV-01,smartphone,doente,pinta_preta,0.8382,agrosmart-v1,simulado,sim-2026-09
c06486d7-f6a2-5d09-a0ec-2ad7a42c8177,TI-04_20260914_0008.jpg,2026-09-14 09:29:31,TI-04,drone,saudavel,saudavel,0.9994,agrosmart-v1,simulado,sim-2026-09
67429ec5-f560-5c4a-aca2-911b26bd79ca,BV-02_20260914_0017.jpg,2026-09-14 09:29:49,BV-02,smartphone,saudavel,saudavel,0.9972,agrosmart-v1,simulado,sim-2026-09
b931f05e-c02a-59bf-81a7-93b77a0ec750,SC-01_20260914_0026.jpg,2026-09-14 09:29:49,SC-01,smartphone,saudavel,saudavel,0.9887,agrosmart-v1,simulado,sim-2026-09
24023663-5642-59f5-98f4-a75a60d55cff,TI-03_20260914_0016.jpg,2026-09-14 09:29:49,TI-03,drone,doente,pinta_preta,0.9478,agrosmart-v1,simulado,sim-2026-09
303e31b3-c0a7-5e3c-b76b-ff5699929640,BV-01_20260914_0007.jpg,2026-09-14 09:30:02,BV-01,smartphone,saudavel,saudavel,0.8479,agrosmart-v1,simulado,sim-2026-09
97087d88-2009-5647-a903-55a3992ea615,TI-04_20260914_0009.jpg,2026-09-14 09:30:08,TI-04,drone,saudavel,saudavel,0.9837,agrosmart-v1,simulado,sim-2026-09
c9e55e38-1303-5fb2-83d1-8ecac0e7cea7,SC-01_20260914_0027.jpg,2026-09-14 09:30:11,SC-01,smartphone,saudavel,saudavel,0.9657,agrosmart-v1,simulado,sim-2026-09
1eb4cca5-b4bf-5fee-be19-3fee6234287c,BV-02_20260914_0018.jpg,2026-09-14 09:30:15,BV-02,smartphone,saudavel,saudavel,0.9152,agrosmart-v1,simulado,sim-2026-09
81e80ba3-4346-5749-a62f-98bf4e1fcf58,BV-01_20260914_0008.jpg,2026-09-14 09:30:42,BV-01,smartphone,saudavel,saudavel,0.8438,agrosmart-v1,simulado,sim-2026-09
841edaed-a7a5-5820-9ea7-33e9f39c08de,TI-04_20260914_0010.jpg,2026-09-14 09:30:44,TI-04,drone,saudavel,saudavel,0.9815,agrosmart-v1,simulado,sim-2026-09
7d46e55a-15ba-553f-b67d-d2b005ae6967,TI-03_20260914_0017.jpg,2026-09-14 09:30:50,TI-03,drone,saudavel,saudavel,0.8618,agrosmart-v1,simulado,sim-2026-09
71990168-ddd3-59b7-80d9-1a24aab27294,BV-02_20260914_0019.jpg,2026-09-14 09:30:53,BV-02,smartphone,saudavel,saudavel,0.9977,agrosmart-v1,simulado,sim-2026-09
1fe5599c-ba55-58ee-a27b-94f79c375334,SC-01_20260914_0028.jpg,2026-09-14 09:30:53,SC-01,smartphone,saudavel,saudavel,0.9581,agrosmart-v1,simulado,sim-2026-09
9558b303-d744-5539-b978-72e002dcaf67,BV-01_20260914_0009.jpg,2026-09-14 09:31:02,BV-01,smartphone,saudavel,saudavel,0.8279,agrosmart-v1,simulado,sim-2026-09
7f9d63d9-bd2a-5f61-8220-8e889a67ba26,TI-03_20260914_0018.jpg,2026-09-14 09:31:18,TI-03,drone,saudavel,saudavel,0.9200,agrosmart-v1,simulado,sim-2026-09
b7162260-696a-57c9-9677-82c3516c0949,TI-04_20260914_0011.jpg,2026-09-14 09:31:29,TI-04,drone,saudavel,saudavel,0.9384,agrosmart-v1,simulado,sim-2026-09
eb4414b3-10dd-5b51-8f8b-cbcfc775cf57,SC-01_20260914_0029.jpg,2026-09-14 09:31:33,SC-01,smartphone,saudavel,saudavel,0.9148,agrosmart-v1,simulado,sim-2026-09
4c948ef0-c043-5bab-b608-b3a9f435570c,BV-02_20260914_0020.jpg,2026-09-14 09:31:37,BV-02,smartphone,saudavel,saudavel,0.9455,agrosmart-v1,simulado,sim-2026-09
ec847920-285d-519d-880a-444ca152555a,BV-01_20260914_0010.jpg,2026-09-14 09:31:46,BV-01,smartphone,saudavel,saudavel,0.9994,agrosmart-v1,simulado,sim-2026-09
71038f36-702e-5b31-adc5-c3cdfdd9f1df,TI-03_20260914_0019.jpg,2026-09-14 09:32:03,TI-03,drone,saudavel,saudavel,0.9863,agrosmart-v1,simulado,sim-2026-09
a879405a-7bb2-5d6a-a8ec-edad3af072f5,SC-01_20260914_0030.jpg,2026-09-14 09:32:05,SC-01,smartphone,saudavel,saudavel,0.9944,agrosmart-v1,simulado,sim-2026-09
cfe3a729-824c-5426-b953-8987e880b01d,TI-04_20260914_0012.jpg,2026-09-14 09:32:08,TI-04,drone,saudavel,saudavel,0.9445,agrosmart-v1,simulado,sim-2026-09
3fca0a76-9520-53de-b4c4-ac89cede5307,BV-02_20260914_0021.jpg,2026-09-14 09:32:18,BV-02,smartphone,doente,vaquinha,0.9417,agrosmart-v1,simulado,sim-2026-09
aecdcde3-8f5e-56c6-960a-d05717083052,TI-03_20260914_0020.jpg,2026-09-14 09:32:32,TI-03,drone,saudavel,saudavel,0.9998,agrosmart-v1,simulado,sim-2026-09
15563111-79f5-5ff3-a538-2afdd066ec81,TI-04_20260914_0013.jpg,2026-09-14 09:32:44,TI-04,drone,saudavel,saudavel,0.9970,agrosmart-v1,simulado,sim-2026-09
8087dea6-a179-56fd-ac82-eccc02a0057a,BV-01_20260914_0011.jpg,2026-09-14 09:32:46,BV-01,smartphone,saudavel,saudavel,0.9437,agrosmart-v1,simulado,sim-2026-09
8e004c3a-ed7b-5d62-a697-14a0c1a21bd4,SC-01_20260914_0031.jpg,2026-09-14 09:32:49,SC-01,smartphone,saudavel,saudavel,0.9975,agrosmart-v1,simulado,sim-2026-09
71a7447b-77fd-5d6e-919d-086652601e3f,BV-02_20260914_0022.jpg,2026-09-14 09:32:55,BV-02,smartphone,saudavel,saudavel,0.9141,agrosmart-v1,simulado,sim-2026-09
032758af-7025-5498-a215-ba712c145299,TI-03_20260914_0021.jpg,2026-09-14 09:33:25,TI-03,drone,saudavel,saudavel,0.9824,agrosmart-v1,simulado,sim-2026-09
abf1bce9-066f-564b-b967-ba54a8b4e798,BV-01_20260914_0012.jpg,2026-09-14 09:33:26,BV-01,smartphone,saudavel,saudavel,0.9590,agrosmart-v1,simulado,sim-2026-09
c0926946-791c-5547-b021-e153afd51be2,TI-04_20260914_0014.jpg,2026-09-14 09:33:26,TI-04,drone,saudavel,saudavel,0.8389,agrosmart-v1,simulado,sim-2026-09
01d87e74-5258-5ab6-a96a-9ae3414467ce,BV-02_20260914_0023.jpg,2026-09-14 09:33:36,BV-02,smartphone,saudavel,saudavel,0.9995,agrosmart-v1,simulado,sim-2026-09
246b0b23-7cc5-5c91-95da-b5fefa37f703,SC-01_20260914_0032.jpg,2026-09-14 09:33:50,SC-01,smartphone,saudavel,saudavel,0.8861,agrosmart-v1,simulado,sim-2026-09
4f4aaf7a-141b-5939-91dc-4e512272d345,BV-01_20260914_0013.jpg,2026-09-14 09:33:52,BV-01,smartphone,saudavel,saudavel,0.9951,agrosmart-v1,simulado,sim-2026-09
bcd5b594-06ce-58ec-8d69-36000404d094,TI-03_20260914_0022.jpg,2026-09-14 09:34:04,TI-03,drone,saudavel,saudavel,0.9993,agrosmart-v1,simulado,sim-2026-09
aa40c688-2b7d-572d-a1fc-99d98ae0354a,SC-01_20260914_0033.jpg,2026-09-14 09:34:05,SC-01,smartphone,saudavel,saudavel,0.9944,agrosmart-v1,simulado,sim-2026-09
9d38a665-2411-5441-ac0c-d15d373ba323,BV-02_20260914_0024.jpg,2026-09-14 09:34:10,BV-02,smartphone,saudavel,saudavel,0.9587,agrosmart-v1,simulado,sim-2026-09
23002374-ba9b-5684-865c-2cc8a37894a3,TI-04_20260914_0015.jpg,2026-09-14 09:34:12,TI-04,drone,saudavel,saudavel,0.9878,agrosmart-v1,simulado,sim-2026-09
668be0d9-31e7-5bf8-8a43-778f312a773c,TI-03_20260914_0023.jpg,2026-09-14 09:34:24,TI-03,drone,saudavel,saudavel,0.8735,agrosmart-v1,simulado,sim-2026-09
6e33e938-031d-5dc1-ad81-8dc39b726d24,BV-01_20260914_0014.jpg,2026-09-14 09:34:40,BV-01,smartphone,saudavel,saudavel,0.9869,agrosmart-v1,simulado,sim-2026-09
2d0138aa-213f-579f-adc1-42f863ee7a42,SC-01_20260914_0034.jpg,2026-09-14 09:34:55,SC-01,smartphone,saudavel,saudavel,0.9931,agrosmart-v1,simulado,sim-2026-09
fc1b7fbe-3a6f-5d0e-a16b-52a3be62f3db,BV-02_20260914_0025.jpg,2026-09-14 09:35:02,BV-02,smartphone,saudavel,saudavel,0.9916,agrosmart-v1,simulado,sim-2026-09
d13f4db6-b271-55f3-8ce8-0a072c6081c3,TI-04_20260914_0016.jpg,2026-09-14 09:35:02,TI-04,drone,saudavel,saudavel,0.8817,agrosmart-v1,simulado,sim-2026-09
80c898d9-9bde-55b5-b40a-0d69912f2a8f,TI-03_20260914_0024.jpg,2026-09-14 09:35:09,TI-03,drone,saudavel,saudavel,0.6419,agrosmart-v1,simulado,sim-2026-09
aa6db3cd-2153-5267-8721-bfa011620cba,BV-01_20260914_0015.jpg,2026-09-14 09:35:11,BV-01,smartphone,saudavel,saudavel,0.8710,agrosmart-v1,simulado,sim-2026-09
fb0676f3-1e7a-5b46-bced-18be4441a1aa,TI-04_20260914_0017.jpg,2026-09-14 09:35:26,TI-04,drone,saudavel,saudavel,0.9758,agrosmart-v1,simulado,sim-2026-09
1a85d90e-2345-54bf-aabb-d2bbdf09ba50,BV-02_20260914_0026.jpg,2026-09-14 09:35:32,BV-02,smartphone,saudavel,saudavel,0.9957,agrosmart-v1,simulado,sim-2026-09
600704b8-1921-54c6-8583-5788c23c9994,SC-01_20260914_0035.jpg,2026-09-14 09:35:34,SC-01,smartphone,saudavel,saudavel,0.9858,agrosmart-v1,simulado,sim-2026-09
5b3c50c6-8ac0-5b60-9ac9-4d076b5e9c7d,BV-01_20260914_0016.jpg,2026-09-14 09:35:49,BV-01,smartphone,doente,vaquinha,0.9980,agrosmart-v1,simulado,sim-2026-09
fcbb54e1-6042-5b2f-a381-c0ed7ded80f2,TI-03_20260914_0025.jpg,2026-09-14 09:35:51,TI-03,drone,saudavel,saudavel,0.9511,agrosmart-v1,simulado,sim-2026-09
adb3a919-741f-56df-9c26-026c7baf0c70,BV-01_20260914_0017.jpg,2026-09-14 09:36:20,BV-01,smartphone,saudavel,saudavel,0.9828,agrosmart-v1,simulado,sim-2026-09
75460388-6db8-5674-95b3-6f9adcb30797,TI-04_20260914_0018.jpg,2026-09-14 09:36:26,TI-04,drone,saudavel,saudavel,0.8843,agrosmart-v1,simulado,sim-2026-09
4ff5f6ad-0ea8-526e-b701-0d25b6c783cb,TI-03_20260914_0026.jpg,2026-09-14 09:36:39,TI-03,drone,saudavel,saudavel,0.9883,agrosmart-v1,simulado,sim-2026-09
a9bb2a06-626f-548a-9fac-97c3e7dedb20,TI-04_20260914_0019.jpg,2026-09-14 09:36:59,TI-04,drone,saudavel,saudavel,0.9388,agrosmart-v1,simulado,sim-2026-09
b2e5f77e-66f9-571d-bbb4-6fcf4472a4c8,TI-03_20260914_0027.jpg,2026-09-14 09:37:01,TI-03,drone,saudavel,saudavel,0.8651,agrosmart-v1,simulado,sim-2026-09
ffe90c04-3ac4-592a-b4b2-691c24a4d4f1,BV-01_20260914_0018.jpg,2026-09-14 09:37:20,BV-01,smartphone,saudavel,saudavel,0.9896,agrosmart-v1,simulado,sim-2026-09
3e1794f4-8cae-537f-8705-95723d3a59cb,TI-04_20260914_0020.jpg,2026-09-14 09:37:30,TI-04,drone,saudavel,saudavel,0.8595,agrosmart-v1,simulado,sim-2026-09
368f7562-34a5-5264-88b2-c769d036bc51,TI-03_20260914_0028.jpg,2026-09-14 09:37:45,TI-03,drone,doente,pinta_preta,0.9899,agrosmart-v1,simulado,sim-2026-09
a37c6c0b-051d-562b-acfe-4998546f0428,BV-01_20260914_0019.jpg,2026-09-14 09:37:58,BV-01,smartphone,saudavel,saudavel,0.9428,agrosmart-v1,simulado,sim-2026-09
c8edc1e7-b4d7-5750-acc2-a95f88c00a52,TI-04_20260914_0021.jpg,2026-09-14 09:38:03,TI-04,drone,doente,mosca_minadora,0.9495,agrosmart-v1,simulado,sim-2026-09
70dc1fbb-d699-5372-b979-c5ad3238e403,BV-01_20260914_0020.jpg,2026-09-14 09:38:21,BV-01,smartphone,saudavel,saudavel,0.9984,agrosmart-v1,simulado,sim-2026-09
aa4aa018-cc78-5027-9b36-0db50a8ec75c,TI-03_20260914_0029.jpg,2026-09-14 09:38:43,TI-03,drone,saudavel,saudavel,0.9994,agrosmart-v1,simulado,sim-2026-09
7db1a83e-e005-5420-9a66-35c61e4cc2aa,TI-03_20260914_0030.jpg,2026-09-14 09:39:07,TI-03,drone,saudavel,saudavel,0.9650,agrosmart-v1,simulado,sim-2026-09
40f503b0-6ff6-5516-8e08-d6fce578e307,TI-04_20260914_0022.jpg,2026-09-14 09:39:09,TI-04,drone,saudavel,saudavel,0.9779,agrosmart-v1,simulado,sim-2026-09
ec4a3456-cd0b-59f4-adbb-e310abca970e,BV-01_20260914_0021.jpg,2026-09-14 09:39:11,BV-01,smartphone,saudavel,saudavel,0.8345,agrosmart-v1,simulado,sim-2026-09
efd21633-630b-51ca-b895-ba75ee575a64,TI-04_20260914_0023.jpg,2026-09-14 09:39:30,TI-04,drone,saudavel,saudavel,0.9762,agrosmart-v1,simulado,sim-2026-09
335cc541-c444-5da4-8624-8e46b963742f,BV-01_20260914_0022.jpg,2026-09-14 09:39:50,BV-01,smartphone,saudavel,saudavel,0.9052,agrosmart-v1,simulado,sim-2026-09
9a231fbc-a78a-5c9d-be4f-4fd8e89c3f4f,TI-03_20260914_0031.jpg,2026-09-14 09:39:55,TI-03,drone,saudavel,saudavel,0.8796,agrosmart-v1,simulado,sim-2026-09
0c4b24b9-25fb-5ebb-be8a-879b0dd27ba2,TI-04_20260914_0024.jpg,2026-09-14 09:40:01,TI-04,drone,saudavel,saudavel,0.9842,agrosmart-v1,simulado,sim-2026-09
1dfd3280-ec70-5d5b-ba99-4b85c678e13c,TI-03_20260914_0032.jpg,2026-09-14 09:40:22,TI-03,drone,saudavel,saudavel,0.8962,agrosmart-v1,simulado,sim-2026-09
498e78fb-7044-552a-9db3-f4768015bd0e,BV-01_20260914_0023.jpg,2026-09-14 09:40:42,BV-01,smartphone,saudavel,saudavel,0.9802,agrosmart-v1,simulado,sim-2026-09
3c45d6b2-6b12-51a4-9069-830cf9b0be32,TI-04_20260914_0025.jpg,2026-09-14 09:40:55,TI-04,drone,saudavel,saudavel,0.8691,agrosmart-v1,simulado,sim-2026-09
f4eb553e-d3cd-5885-941a-b7fc8d5361a9,TI-03_20260914_0033.jpg,2026-09-14 09:41:00,TI-03,drone,saudavel,saudavel,1.0000,agrosmart-v1,simulado,sim-2026-09
a7afe346-ee81-5c4a-9723-620df40b83f9,BV-01_20260914_0024.jpg,2026-09-14 09:41:16,BV-01,smartphone,saudavel,saudavel,0.8826,agrosmart-v1,simulado,sim-2026-09
c9ba1e3f-25b0-530d-a496-7a33d7e22fc5,TI-04_20260914_0026.jpg,2026-09-14 09:41:40,TI-04,drone,saudavel,saudavel,0.8801,agrosmart-v1,simulado,sim-2026-09
cfd1beaf-29b3-5680-aa3a-4353f71178c6,BV-01_20260914_0025.jpg,2026-09-14 09:41:58,BV-01,smartphone,saudavel,saudavel,0.9591,agrosmart-v1,simulado,sim-2026-09
e2f40948-e5d2-5c9d-b5fe-bd5ecd1370b7,TI-03_20260914_0034.jpg,2026-09-14 09:42:04,TI-03,drone,saudavel,saudavel,0.9772,agrosmart-v1,simulado,sim-2026-09
bc2d2eeb-9550-5277-8387-c4d76e7bbaed,BV-01_20260914_0026.jpg,2026-09-14 09:42:21,BV-01,smartphone,saudavel,saudavel,0.9959,agrosmart-v1,simulado,sim-2026-09
7d29af5f-9690-59ee-8173-caf18a34b340,TI-03_20260914_0035.jpg,2026-09-14 09:42:25,TI-03,drone,doente,pinta_preta,0.8819,agrosmart-v1,simulado,sim-2026-09
0d9330d1-f144-5f6f-a3c3-9a5e8f04aed8,TI-04_20260914_0027.jpg,2026-09-14 09:42:29,TI-04,drone,saudavel,saudavel,0.9877,agrosmart-v1,simulado,sim-2026-09
44a9c8b4-c277-5a2c-8e1e-926b241a2094,TI-04_20260914_0028.jpg,2026-09-14 09:42:56,TI-04,drone,saudavel,saudavel,0.9962,agrosmart-v1,simulado,sim-2026-09
e366a051-def8-52aa-8419-1d6e7a71c9b9,TI-03_20260914_0036.jpg,2026-09-14 09:43:14,TI-03,drone,doente,pinta_preta,0.9400,agrosmart-v1,simulado,sim-2026-09
7486f9b8-d1f5-5493-8406-3ea069042bdd,TI-04_20260914_0029.jpg,2026-09-14 09:43:25,TI-04,drone,saudavel,saudavel,0.9412,agrosmart-v1,simulado,sim-2026-09
faa22498-33cf-54c0-a2d0-77c69c5ff455,BV-01_20260914_0027.jpg,2026-09-14 09:43:28,BV-01,smartphone,saudavel,saudavel,0.8366,agrosmart-v1,simulado,sim-2026-09
d0820dbf-91af-5f58-b5f3-d487112357d8,BV-01_20260914_0028.jpg,2026-09-14 09:43:46,BV-01,smartphone,saudavel,saudavel,0.9230,agrosmart-v1,simulado,sim-2026-09
e11279b1-010c-5d8a-9efc-7def7337bbbd,TI-04_20260914_0030.jpg,2026-09-14 09:44:15,TI-04,drone,saudavel,saudavel,0.9949,agrosmart-v1,simulado,sim-2026-09
71f5e15c-360f-589d-ae6f-94abd533ae15,BV-01_20260914_0029.jpg,2026-09-14 09:44:25,BV-01,smartphone,saudavel,saudavel,0.9547,agrosmart-v1,simulado,sim-2026-09
ac967ce7-1ba6-51e1-8e8d-6aaae77a8648,TI-04_20260914_0031.jpg,2026-09-14 09:45:04,TI-04,drone,saudavel,saudavel,0.9343,agrosmart-v1,simulado,sim-2026-09
55eb7bf1-b8e2-5eff-bb1b-0f253ad35806,BV-01_20260914_0030.jpg,2026-09-14 09:45:19,BV-01,smartphone,saudavel,saudavel,0.8442,agrosmart-v1,simulado,sim-2026-09
cfee038c-ccd6-5970-a808-bf746ad5901d,TI-04_20260914_0032.jpg,2026-09-14 09:45:30,TI-04,drone,saudavel,saudavel,0.9253,agrosmart-v1,simulado,sim-2026-09
c614bd6e-35a0-55cc-997d-f50ffe576826,SC-03_20260914_0001.jpg,2026-09-14 09:56:49,SC-03,smartphone,saudavel,saudavel,0.9974,agrosmart-v1,simulado,sim-2026-09
1368e9a9-4639-55cd-9d2b-37500cce031b,SC-03_20260914_0002.jpg,2026-09-14 09:57:47,SC-03,smartphone,saudavel,saudavel,0.9775,agrosmart-v1,simulado,sim-2026-09
129c211f-d3a7-5e41-9d10-9a1dea7f8f45,SC-03_20260914_0003.jpg,2026-09-14 09:58:21,SC-03,smartphone,saudavel,saudavel,0.9439,agrosmart-v1,simulado,sim-2026-09
6ba6a9ea-62ba-5eef-a62e-1ed9897b9553,SC-03_20260914_0004.jpg,2026-09-14 09:59:09,SC-03,smartphone,saudavel,saudavel,0.9967,agrosmart-v1,simulado,sim-2026-09
06f7a5cf-cf9e-5bd7-a71c-915997c49fbc,SC-03_20260914_0005.jpg,2026-09-14 09:59:40,SC-03,smartphone,saudavel,saudavel,0.8597,agrosmart-v1,simulado,sim-2026-09
ce9a8f57-7440-5afe-8724-ef06a5af98ca,SC-03_20260914_0006.jpg,2026-09-14 10:00:13,SC-03,smartphone,saudavel,saudavel,0.9966,agrosmart-v1,simulado,sim-2026-09
32943edc-3fa5-5d4a-8cb4-3b6d3b0565f9,SC-03_20260914_0007.jpg,2026-09-14 10:01:02,SC-03,smartphone,saudavel,saudavel,0.9879,agrosmart-v1,simulado,sim-2026-09
257a3296-9c7e-5075-9010-3c8ad564c208,SC-03_20260914_0008.jpg,2026-09-14 10:01:36,SC-03,smartphone,saudavel,saudavel,0.8475,agrosmart-v1,simulado,sim-2026-09
33232722-1826-5096-be34-212ad210574c,SC-03_20260914_0009.jpg,2026-09-14 10:02:14,SC-03,smartphone,saudavel,saudavel,0.9221,agrosmart-v1,simulado,sim-2026-09
10782adf-bee2-5d05-9d00-4f6e1a14b6b2,SC-03_20260914_0010.jpg,2026-09-14 10:02:53,SC-03,smartphone,saudavel,saudavel,0.8575,agrosmart-v1,simulado,sim-2026-09
b4ce6b2b-14cb-57ec-a789-843581c30a45,SC-03_20260914_0011.jpg,2026-09-14 10:03:39,SC-03,smartphone,saudavel,saudavel,0.9752,agrosmart-v1,simulado,sim-2026-09
ffd3bf1b-3b01-515a-ae28-cd0a968dd64c,SC-03_20260914_0012.jpg,2026-09-14 10:04:27,SC-03,smartphone,saudavel,saudavel,0.9907,agrosmart-v1,simulado,sim-2026-09
ebd0d756-0c6c-5382-b732-c4d63dd9a45e,SC-03_20260914_0013.jpg,2026-09-14 10:05:05,SC-03,smartphone,saudavel,saudavel,0.9850,agrosmart-v1,simulado,sim-2026-09
f94a7ea6-b68a-55b8-b780-8f949991a8c2,SC-03_20260914_0014.jpg,2026-09-14 10:05:31,SC-03,smartphone,saudavel,saudavel,0.9904,agrosmart-v1,simulado,sim-2026-09
f2d412b3-2203-5722-ba7e-85c789a690cd,SC-03_20260914_0015.jpg,2026-09-14 10:06:03,SC-03,smartphone,saudavel,saudavel,0.9893,agrosmart-v1,simulado,sim-2026-09
9f032a13-5cca-5bb2-b66e-c46828558fec,SC-03_20260914_0016.jpg,2026-09-14 10:07:00,SC-03,smartphone,saudavel,saudavel,0.9335,agrosmart-v1,simulado,sim-2026-09
6d867063-9907-51eb-84a6-47d1edb3591f,SC-03_20260914_0017.jpg,2026-09-14 10:07:26,SC-03,smartphone,saudavel,saudavel,0.9881,agrosmart-v1,simulado,sim-2026-09
2df6df31-0bb2-5042-989f-aa7f659b0c5c,SC-03_20260914_0018.jpg,2026-09-14 10:08:28,SC-03,smartphone,saudavel,saudavel,0.8576,agrosmart-v1,simulado,sim-2026-09
5caf68f8-8bed-5ae8-9862-5751317bdc37,SC-03_20260914_0019.jpg,2026-09-14 10:08:47,SC-03,smartphone,saudavel,saudavel,0.9944,agrosmart-v1,simulado,sim-2026-09
9b1edb60-0b32-5dcb-ba8f-09cfec584e13,SC-03_20260914_0020.jpg,2026-09-14 10:09:30,SC-03,smartphone,saudavel,saudavel,0.9555,agrosmart-v1,simulado,sim-2026-09
f7a9a3df-84ba-56d3-b99f-8347ec2fb76f,SC-03_20260914_0021.jpg,2026-09-14 10:10:21,SC-03,smartphone,saudavel,saudavel,0.9928,agrosmart-v1,simulado,sim-2026-09
956c079a-83d2-5066-ba7c-1a1b0fa71ae8,SC-03_20260914_0022.jpg,2026-09-14 10:10:47,SC-03,smartphone,saudavel,saudavel,0.9963,agrosmart-v1,simulado,sim-2026-09
36189495-c381-52b7-bb7c-8ede0286cda1,SC-03_20260914_0023.jpg,2026-09-14 10:11:36,SC-03,smartphone,saudavel,saudavel,0.9996,agrosmart-v1,simulado,sim-2026-09
1f5b55d3-f702-52db-baff-58690d4bed9b,SC-03_20260914_0024.jpg,2026-09-14 10:12:16,SC-03,smartphone,saudavel,saudavel,0.8834,agrosmart-v1,simulado,sim-2026-09
e95fd423-0078-591b-ae93-9711f0a4f774,SC-03_20260914_0025.jpg,2026-09-14 10:12:59,SC-03,smartphone,saudavel,saudavel,0.8734,agrosmart-v1,simulado,sim-2026-09
95480830-0240-57bc-9e35-25b40bfb266f,SC-03_20260914_0026.jpg,2026-09-14 10:13:28,SC-03,smartphone,saudavel,saudavel,0.9324,agrosmart-v1,simulado,sim-2026-09
5587e7cf-f617-56fb-b875-f05523bf92b5,SC-03_20260914_0027.jpg,2026-09-14 10:14:12,SC-03,smartphone,saudavel,saudavel,0.8833,agrosmart-v1,simulado,sim-2026-09
f8c32072-9406-54af-98a2-dd1c7c111820,TI-01_20260916_0001.jpg,2026-09-16 07:09:45,TI-01,drone,doente,vaquinha,0.9942,agrosmart-v1,simulado,sim-2026-09
3d265682-b696-588c-8db7-9a9e6d3d8491,TI-01_20260916_0002.jpg,2026-09-16 07:10:42,TI-01,drone,saudavel,saudavel,0.9566,agrosmart-v1,simulado,sim-2026-09
fed7fbec-12d3-5916-98bf-6619f40d9c99,TI-01_20260916_0003.jpg,2026-09-16 07:11:18,TI-01,drone,saudavel,saudavel,0.9934,agrosmart-v1,simulado,sim-2026-09
19ca0ad3-c939-58b9-bdeb-9da00a7996b8,TI-01_20260916_0004.jpg,2026-09-16 07:11:46,TI-01,drone,saudavel,saudavel,0.9594,agrosmart-v1,simulado,sim-2026-09
20bd7e28-e663-5451-be87-b1feafb5163d,TI-01_20260916_0005.jpg,2026-09-16 07:12:39,TI-01,drone,doente,vaquinha,0.9510,agrosmart-v1,simulado,sim-2026-09
64cad7a7-0299-5b92-8239-cba33ba49d96,TI-01_20260916_0006.jpg,2026-09-16 07:13:19,TI-01,drone,saudavel,saudavel,0.8580,agrosmart-v1,simulado,sim-2026-09
fa953a1d-6c45-5388-9de4-6a992ef7ac64,TI-01_20260916_0007.jpg,2026-09-16 07:14:04,TI-01,drone,saudavel,saudavel,0.8455,agrosmart-v1,simulado,sim-2026-09
f35e7632-7a6a-509a-be35-f1ddd9e5d20e,TI-01_20260916_0008.jpg,2026-09-16 07:14:21,TI-01,drone,saudavel,saudavel,0.9495,agrosmart-v1,simulado,sim-2026-09
aebfb888-b5c0-5254-9724-5716e11b017e,TI-01_20260916_0009.jpg,2026-09-16 07:15:29,TI-01,drone,saudavel,saudavel,0.9854,agrosmart-v1,simulado,sim-2026-09
44dc4990-78de-5db7-9835-b0e97e38006e,TI-01_20260916_0010.jpg,2026-09-16 07:15:48,TI-01,drone,saudavel,saudavel,0.8691,agrosmart-v1,simulado,sim-2026-09
ae83456f-1bb5-5a42-a05f-2b754f4d0634,TI-01_20260916_0011.jpg,2026-09-16 07:16:33,TI-01,drone,saudavel,saudavel,0.9296,agrosmart-v1,simulado,sim-2026-09
6ef8b0be-9eb8-5663-8831-2aba8ffa3eed,TI-01_20260916_0012.jpg,2026-09-16 07:17:21,TI-01,drone,saudavel,saudavel,0.9070,agrosmart-v1,simulado,sim-2026-09
f16f9006-b5ba-53eb-bc62-163061536d3f,TI-01_20260916_0013.jpg,2026-09-16 07:17:42,TI-01,drone,saudavel,saudavel,0.9999,agrosmart-v1,simulado,sim-2026-09
70770f21-842b-5ff0-9a71-86b0ace46fce,TI-01_20260916_0014.jpg,2026-09-16 07:18:22,TI-01,drone,saudavel,saudavel,0.8764,agrosmart-v1,simulado,sim-2026-09
ecb68bad-98b2-5eb8-a86f-88aa14f58d3e,TI-01_20260916_0015.jpg,2026-09-16 07:19:04,TI-01,drone,saudavel,saudavel,0.8556,agrosmart-v1,simulado,sim-2026-09
e9961dcc-bf2b-5da2-94da-d39d0e67fc09,TI-01_20260916_0016.jpg,2026-09-16 07:19:41,TI-01,drone,saudavel,saudavel,0.9767,agrosmart-v1,simulado,sim-2026-09
4a77b578-3faa-56c5-8358-266e56b07f79,TI-01_20260916_0017.jpg,2026-09-16 07:20:21,TI-01,drone,saudavel,saudavel,0.9822,agrosmart-v1,simulado,sim-2026-09
a5c115dd-6a65-5130-a7b8-5e17cded9308,TI-01_20260916_0018.jpg,2026-09-16 07:21:28,TI-01,drone,saudavel,saudavel,0.9966,agrosmart-v1,simulado,sim-2026-09
8b9c888b-fd04-5249-952f-80446b8cb10e,TI-01_20260916_0019.jpg,2026-09-16 07:21:57,TI-01,drone,saudavel,saudavel,0.6205,agrosmart-v1,simulado,sim-2026-09
2fb48bd4-f377-534a-b636-eac8c4e9a3ee,TI-01_20260916_0020.jpg,2026-09-16 07:22:21,TI-01,drone,doente,vaquinha,0.9730,agrosmart-v1,simulado,sim-2026-09
9c6749fe-d045-58ef-951e-9a5b61176a49,TI-01_20260916_0021.jpg,2026-09-16 07:23:07,TI-01,drone,doente,pinta_preta,0.8573,agrosmart-v1,simulado,sim-2026-09
d65496af-5872-5f0e-925b-a5c938af05ca,TI-01_20260916_0022.jpg,2026-09-16 07:24:02,TI-01,drone,saudavel,saudavel,1.0000,agrosmart-v1,simulado,sim-2026-09
e5c0598b-637c-541f-bd89-225d02b85710,TI-01_20260916_0023.jpg,2026-09-16 07:24:34,TI-01,drone,saudavel,saudavel,0.8920,agrosmart-v1,simulado,sim-2026-09
a34535ed-27e7-53bc-8659-2220db506d47,TI-01_20260916_0024.jpg,2026-09-16 07:25:04,TI-01,drone,saudavel,saudavel,0.9580,agrosmart-v1,simulado,sim-2026-09
82a3a50f-0623-5d08-ad81-b189562765fe,TI-01_20260916_0025.jpg,2026-09-16 07:26:00,TI-01,drone,saudavel,saudavel,0.9176,agrosmart-v1,simulado,sim-2026-09
ea344c5b-fa24-51f9-b4ee-02f0ed5d0561,TI-02_20260916_0001.jpg,2026-09-16 07:26:06,TI-02,drone,saudavel,saudavel,0.8513,agrosmart-v1,simulado,sim-2026-09
6615a275-73f4-52c9-8a54-c84bb90b1f0a,TI-02_20260916_0002.jpg,2026-09-16 07:26:28,TI-02,drone,saudavel,saudavel,0.9865,agrosmart-v1,simulado,sim-2026-09
fe65d8b1-088e-53af-9169-6c074a6a2b14,TI-01_20260916_0026.jpg,2026-09-16 07:26:34,TI-01,drone,saudavel,saudavel,0.8406,agrosmart-v1,simulado,sim-2026-09
d505745e-a5d7-57e0-a8e3-b9a306a9d3a8,TI-01_20260916_0027.jpg,2026-09-16 07:27:05,TI-01,drone,saudavel,saudavel,0.9479,agrosmart-v1,simulado,sim-2026-09
246d72d6-ed5a-5dfd-aad8-1e20f017aafa,TI-02_20260916_0003.jpg,2026-09-16 07:27:20,TI-02,drone,saudavel,saudavel,0.8718,agrosmart-v1,simulado,sim-2026-09
c5637620-e9f2-5bb4-b35d-2227b2002b4c,TI-02_20260916_0004.jpg,2026-09-16 07:28:04,TI-02,drone,saudavel,saudavel,0.9990,agrosmart-v1,simulado,sim-2026-09
0086690d-aa6c-5ca6-86ac-e62ca806d076,TI-01_20260916_0028.jpg,2026-09-16 07:28:07,TI-01,drone,saudavel,saudavel,0.9663,agrosmart-v1,simulado,sim-2026-09
aafb1e9c-3ebe-53e9-b8b5-65edccd604d0,TI-02_20260916_0005.jpg,2026-09-16 07:28:23,TI-02,drone,saudavel,saudavel,0.9816,agrosmart-v1,simulado,sim-2026-09
3fe08ab8-9fdd-59cd-afc1-f82435856380,TI-01_20260916_0029.jpg,2026-09-16 07:28:25,TI-01,drone,saudavel,saudavel,0.9983,agrosmart-v1,simulado,sim-2026-09
2f4efb97-495e-56be-ac74-3a5ae51cbfdf,TI-01_20260916_0030.jpg,2026-09-16 07:29:00,TI-01,drone,saudavel,saudavel,0.8716,agrosmart-v1,simulado,sim-2026-09
63bc4c27-6166-59d4-aeb4-9a51e91998f0,TI-02_20260916_0006.jpg,2026-09-16 07:29:25,TI-02,drone,saudavel,saudavel,0.8443,agrosmart-v1,simulado,sim-2026-09
593cf51d-7569-5204-888f-22fd04fca127,TI-01_20260916_0031.jpg,2026-09-16 07:29:55,TI-01,drone,saudavel,saudavel,0.8746,agrosmart-v1,simulado,sim-2026-09
a8d1e0c5-5db4-51eb-9ad7-099816382843,TI-02_20260916_0007.jpg,2026-09-16 07:29:58,TI-02,drone,saudavel,saudavel,0.9776,agrosmart-v1,simulado,sim-2026-09
01104fe8-3027-5c42-a83a-2c42932b0f1d,TI-01_20260916_0032.jpg,2026-09-16 07:30:22,TI-01,drone,saudavel,saudavel,0.9773,agrosmart-v1,simulado,sim-2026-09
cea27bf1-1e91-5446-aeab-5a9523cd1642,TI-02_20260916_0008.jpg,2026-09-16 07:30:26,TI-02,drone,doente,pinta_preta,0.9080,agrosmart-v1,simulado,sim-2026-09
392e0c89-6ed3-54b5-ba23-4b73bbdb04d6,TI-02_20260916_0009.jpg,2026-09-16 07:31:02,TI-02,drone,doente,mosca_minadora,0.8884,agrosmart-v1,simulado,sim-2026-09
435a2539-3f78-5af2-bb81-64e2bfdb4228,TI-01_20260916_0033.jpg,2026-09-16 07:31:11,TI-01,drone,saudavel,saudavel,0.9924,agrosmart-v1,simulado,sim-2026-09
8275ff7f-bbd5-5fba-8d5f-12d13a2e4a6c,TI-02_20260916_0010.jpg,2026-09-16 07:31:46,TI-02,drone,saudavel,saudavel,0.9800,agrosmart-v1,simulado,sim-2026-09
f3ff089d-2458-5698-b66a-5ac5ebaa9744,TI-01_20260916_0034.jpg,2026-09-16 07:32:06,TI-01,drone,saudavel,saudavel,0.9894,agrosmart-v1,simulado,sim-2026-09
8aed0b9c-3aef-518b-939c-3684ea18a897,TI-01_20260916_0035.jpg,2026-09-16 07:32:39,TI-01,drone,saudavel,saudavel,0.8889,agrosmart-v1,simulado,sim-2026-09
8fb196ab-d670-5f79-849a-2ddb265877fe,TI-03_20260916_0001.jpg,2026-09-16 07:32:40,TI-03,drone,doente,pinta_preta,0.9030,agrosmart-v1,simulado,sim-2026-09
e76b64e9-6aaa-5884-b100-b9ac21af9238,TI-02_20260916_0011.jpg,2026-09-16 07:32:44,TI-02,drone,saudavel,saudavel,0.9595,agrosmart-v1,simulado,sim-2026-09
9f224ecc-5c25-55bd-b5f3-03d9a608e7c3,TI-01_20260916_0036.jpg,2026-09-16 07:33:11,TI-01,drone,doente,vaquinha,0.9873,agrosmart-v1,simulado,sim-2026-09
237e5ea3-e5f3-5a2f-856a-9907b8c4013c,TI-02_20260916_0012.jpg,2026-09-16 07:33:15,TI-02,drone,saudavel,saudavel,0.9563,agrosmart-v1,simulado,sim-2026-09
60758330-aa15-5b95-bed0-325e8d49cda9,TI-03_20260916_0002.jpg,2026-09-16 07:33:40,TI-03,drone,doente,vaquinha,0.9116,agrosmart-v1,simulado,sim-2026-09
4751b932-2c42-5f59-b219-e301a7cb8bcd,TI-02_20260916_0013.jpg,2026-09-16 07:33:43,TI-02,drone,saudavel,saudavel,0.8755,agrosmart-v1,simulado,sim-2026-09
5e47d623-65c4-5e46-b1c4-6c18dc8b41a2,BV-01_20260916_0001.jpg,2026-09-16 07:33:51,BV-01,smartphone,saudavel,saudavel,0.8409,agrosmart-v1,simulado,sim-2026-09
1cf08bfa-4079-596b-82d1-3da4bba40f72,TI-01_20260916_0037.jpg,2026-09-16 07:34:05,TI-01,drone,saudavel,saudavel,0.9990,agrosmart-v1,simulado,sim-2026-09
732fbba0-2117-59ee-92e4-4dd9f4876f08,TI-03_20260916_0003.jpg,2026-09-16 07:34:07,TI-03,drone,saudavel,saudavel,0.9714,agrosmart-v1,simulado,sim-2026-09
e8e96168-e389-5f70-8fa1-3f76a3f9377e,TI-02_20260916_0014.jpg,2026-09-16 07:34:31,TI-02,drone,saudavel,saudavel,0.8926,agrosmart-v1,simulado,sim-2026-09
187af59c-9fb1-5dfa-87da-bf722ef7816d,TI-01_20260916_0038.jpg,2026-09-16 07:34:39,TI-01,drone,saudavel,saudavel,0.9698,agrosmart-v1,simulado,sim-2026-09
1a2d618c-436e-5fef-86a0-59b8541a4b08,BV-01_20260916_0002.jpg,2026-09-16 07:34:42,BV-01,smartphone,saudavel,saudavel,0.9730,agrosmart-v1,simulado,sim-2026-09
d0bd36bf-ea2d-5e36-849d-4ef9bfb5d2d9,TI-03_20260916_0004.jpg,2026-09-16 07:34:56,TI-03,drone,saudavel,saudavel,0.9657,agrosmart-v1,simulado,sim-2026-09
0a427ba2-f8fd-5fb8-a4e2-87af1d3dbcce,TI-02_20260916_0015.jpg,2026-09-16 07:35:05,TI-02,drone,saudavel,saudavel,0.8811,agrosmart-v1,simulado,sim-2026-09
28288113-0db7-5829-a8e0-46aa19271f33,BV-01_20260916_0003.jpg,2026-09-16 07:35:19,BV-01,smartphone,saudavel,saudavel,0.8348,agrosmart-v1,simulado,sim-2026-09
664be7f8-ece2-5f52-a30a-53df17a168c9,TI-03_20260916_0005.jpg,2026-09-16 07:35:20,TI-03,drone,saudavel,saudavel,0.8849,agrosmart-v1,simulado,sim-2026-09
a1d38de6-3171-57c2-a1e0-6575b33f44d6,TI-01_20260916_0039.jpg,2026-09-16 07:35:28,TI-01,drone,saudavel,saudavel,0.7295,agrosmart-v1,simulado,sim-2026-09
1819432e-0baf-5549-a08e-0cf6dcb06003,TI-02_20260916_0016.jpg,2026-09-16 07:35:40,TI-02,drone,saudavel,saudavel,0.9404,agrosmart-v1,simulado,sim-2026-09
d2fafe1b-9d29-5cfc-be56-5e7d1bf5a550,BV-01_20260916_0004.jpg,2026-09-16 07:35:55,BV-01,smartphone,saudavel,saudavel,1.0000,agrosmart-v1,simulado,sim-2026-09
74ee6a6d-b00a-50fd-b3cd-66fff551fad5,TI-03_20260916_0006.jpg,2026-09-16 07:36:03,TI-03,drone,saudavel,saudavel,0.9200,agrosmart-v1,simulado,sim-2026-09
89ef7f2c-be85-53af-96c3-d12eabe755fb,SC-02_20260916_0001.jpg,2026-09-16 07:36:05,SC-02,smartphone,saudavel,saudavel,0.9177,agrosmart-v1,simulado,sim-2026-09
09743c66-a365-560b-b0a7-794fc3b0834d,TI-01_20260916_0040.jpg,2026-09-16 07:36:08,TI-01,drone,saudavel,saudavel,0.8235,agrosmart-v1,simulado,sim-2026-09
2de3fe36-e24a-5210-a712-62bce53cf6e2,TI-02_20260916_0017.jpg,2026-09-16 07:36:20,TI-02,drone,saudavel,saudavel,0.9987,agrosmart-v1,simulado,sim-2026-09
47e86f63-02d6-5e18-8a4f-f6ff08a0069e,SC-02_20260916_0002.jpg,2026-09-16 07:36:25,SC-02,smartphone,saudavel,saudavel,0.9786,agrosmart-v1,simulado,sim-2026-09
e4afc705-c385-5256-b8b1-4edc8b9ca142,BV-01_20260916_0005.jpg,2026-09-16 07:36:29,BV-01,smartphone,saudavel,saudavel,0.8310,agrosmart-v1,simulado,sim-2026-09
6a60ac4c-e81d-5bb2-8a7a-3168b1e682b6,TI-01_20260916_0041.jpg,2026-09-16 07:36:42,TI-01,drone,saudavel,saudavel,0.9535,agrosmart-v1,simulado,sim-2026-09
1c15f6cf-7741-5f7f-bed2-31c5baa6c685,TI-03_20260916_0007.jpg,2026-09-16 07:36:47,TI-03,drone,doente,pinta_preta,0.8889,agrosmart-v1,simulado,sim-2026-09
639e41af-ee5a-5766-8a72-cabb97c866d1,BV-01_20260916_0006.jpg,2026-09-16 07:37:02,BV-01,smartphone,saudavel,saudavel,0.9628,agrosmart-v1,simulado,sim-2026-09
2cca203d-d041-5570-a602-0613329cb81a,TI-02_20260916_0018.jpg,2026-09-16 07:37:25,TI-02,drone,saudavel,saudavel,0.9693,agrosmart-v1,simulado,sim-2026-09
3ced60cf-83c0-50b5-85f5-88a7c49064e7,TI-03_20260916_0008.jpg,2026-09-16 07:37:26,TI-03,drone,saudavel,saudavel,0.9976,agrosmart-v1,simulado,sim-2026-09
5a8b342e-c2ca-59f1-ab1f-a4069d792805,SC-02_20260916_0003.jpg,2026-09-16 07:37:30,SC-02,smartphone,saudavel,saudavel,0.9218,agrosmart-v1,simulado,sim-2026-09
a15e42b8-630e-55a5-81a2-84be151010b7,TI-02_20260916_0019.jpg,2026-09-16 07:37:41,TI-02,drone,saudavel,saudavel,0.8765,agrosmart-v1,simulado,sim-2026-09
97e24729-c8db-5b27-97c7-9833922a0660,BV-01_20260916_0007.jpg,2026-09-16 07:37:49,BV-01,smartphone,saudavel,saudavel,0.9859,agrosmart-v1,simulado,sim-2026-09
0ced251d-c553-519f-921f-cb90955330c9,TI-03_20260916_0009.jpg,2026-09-16 07:38:03,TI-03,drone,saudavel,saudavel,0.7210,agrosmart-v1,simulado,sim-2026-09
5ebc0189-2069-51a4-ae9b-e34d8d93831f,SC-02_20260916_0004.jpg,2026-09-16 07:38:07,SC-02,smartphone,saudavel,saudavel,0.9971,agrosmart-v1,simulado,sim-2026-09
c0eb23a0-108b-5e32-bcc9-7de9a24acd76,BV-01_20260916_0008.jpg,2026-09-16 07:38:22,BV-01,smartphone,saudavel,saudavel,0.9091,agrosmart-v1,simulado,sim-2026-09
fac21396-dc38-5822-abfd-d5b730876d54,TI-02_20260916_0020.jpg,2026-09-16 07:38:47,TI-02,drone,doente,pinta_preta,0.9997,agrosmart-v1,simulado,sim-2026-09
99ea9b89-e42f-5fc1-bd78-fb74997455d0,SC-02_20260916_0005.jpg,2026-09-16 07:38:48,SC-02,smartphone,saudavel,saudavel,0.8922,agrosmart-v1,simulado,sim-2026-09
464ded15-0257-5f04-89f2-9f6f05bc9f5b,SC-02_20260916_0006.jpg,2026-09-16 07:39:06,SC-02,smartphone,saudavel,saudavel,0.9626,agrosmart-v1,simulado,sim-2026-09
1d2b35d9-3387-5106-b3b4-e3361f0e3f08,TI-03_20260916_0010.jpg,2026-09-16 07:39:10,TI-03,drone,saudavel,saudavel,0.9804,agrosmart-v1,simulado,sim-2026-09
db977bd1-9dcd-5001-bcb0-6a8f6e5115b5,TI-02_20260916_0021.jpg,2026-09-16 07:39:14,TI-02,drone,doente,pinta_preta,0.9977,agrosmart-v1,simulado,sim-2026-09
b299147a-4367-567c-8961-e45fbe34d96b,BV-01_20260916_0009.jpg,2026-09-16 07:39:15,BV-01,smartphone,saudavel,saudavel,0.8952,agrosmart-v1,simulado,sim-2026-09
a092cedb-c2a4-5583-816c-107850c03ca4,TI-03_20260916_0011.jpg,2026-09-16 07:39:20,TI-03,drone,saudavel,saudavel,0.8771,agrosmart-v1,simulado,sim-2026-09
10ee412e-90d8-5b4b-9881-42563983ebb3,TI-02_20260916_0022.jpg,2026-09-16 07:39:56,TI-02,drone,saudavel,saudavel,0.8231,agrosmart-v1,simulado,sim-2026-09
4362d700-c808-53bd-9aee-ab74a4e792f4,SC-02_20260916_0007.jpg,2026-09-16 07:40:04,SC-02,smartphone,saudavel,saudavel,0.9485,agrosmart-v1,simulado,sim-2026-09
fb68a181-230d-56bd-adc3-9b0ea1423eeb,BV-01_20260916_0010.jpg,2026-09-16 07:40:09,BV-01,smartphone,saudavel,saudavel,0.9972,agrosmart-v1,simulado,sim-2026-09
6350b7a1-b654-5fb3-8e28-f387c103a0bf,BV-01_20260916_0011.jpg,2026-09-16 07:40:21,BV-01,smartphone,saudavel,saudavel,0.9852,agrosmart-v1,simulado,sim-2026-09
a6285ca9-c307-5856-ad9a-c1a7b053a314,SC-02_20260916_0008.jpg,2026-09-16 07:40:25,SC-02,smartphone,saudavel,saudavel,0.8642,agrosmart-v1,simulado,sim-2026-09
da55ca1a-20e0-5b2c-909e-05e4e96b6647,TI-02_20260916_0023.jpg,2026-09-16 07:40:27,TI-02,drone,saudavel,saudavel,0.9622,agrosmart-v1,simulado,sim-2026-09
74184bb2-6023-5195-ad75-c50945963f23,TI-03_20260916_0012.jpg,2026-09-16 07:40:29,TI-03,drone,saudavel,saudavel,0.8792,agrosmart-v1,simulado,sim-2026-09
a4aeec90-4bcc-517e-8d6a-56a454bdcc56,TI-03_20260916_0013.jpg,2026-09-16 07:40:55,TI-03,drone,saudavel,saudavel,0.9949,agrosmart-v1,simulado,sim-2026-09
19bdd4ba-e4f2-547e-9d69-f7d10e81c0a1,TI-02_20260916_0024.jpg,2026-09-16 07:41:03,TI-02,drone,doente,pinta_preta,0.5284,agrosmart-v1,simulado,sim-2026-09
08b7b56a-5d23-549b-98e1-166d6eab31fb,SC-02_20260916_0009.jpg,2026-09-16 07:41:06,SC-02,smartphone,saudavel,saudavel,0.9901,agrosmart-v1,simulado,sim-2026-09
3b0491e2-96c6-5562-8710-bb539b124459,BV-01_20260916_0012.jpg,2026-09-16 07:41:19,BV-01,smartphone,saudavel,saudavel,0.9970,agrosmart-v1,simulado,sim-2026-09
b1eba06a-412b-5522-8a74-1a829177637c,TI-03_20260916_0014.jpg,2026-09-16 07:41:20,TI-03,drone,saudavel,saudavel,0.9975,agrosmart-v1,simulado,sim-2026-09
3c38bf4f-2829-5f7c-a2bf-7bfaa5036420,SC-02_20260916_0010.jpg,2026-09-16 07:41:46,SC-02,smartphone,saudavel,saudavel,0.9709,agrosmart-v1,simulado,sim-2026-09
aa3744a2-e13a-564d-8e27-491c42774677,TI-02_20260916_0025.jpg,2026-09-16 07:41:47,TI-02,drone,doente,pinta_preta,0.7869,agrosmart-v1,simulado,sim-2026-09
d598c470-ee2e-50bc-9264-3019c832f7e5,TI-03_20260916_0015.jpg,2026-09-16 07:42:00,TI-03,drone,saudavel,saudavel,0.8987,agrosmart-v1,simulado,sim-2026-09
de8f2f63-f2bd-5d48-8d7e-4d76fa525d5b,BV-01_20260916_0013.jpg,2026-09-16 07:42:07,BV-01,smartphone,saudavel,saudavel,0.9823,agrosmart-v1,simulado,sim-2026-09
677a212f-804e-552d-8184-a3b776a866ef,SC-02_20260916_0011.jpg,2026-09-16 07:42:29,SC-02,smartphone,saudavel,saudavel,0.9689,agrosmart-v1,simulado,sim-2026-09
3cecc4bf-94e2-5994-82a6-6ef09dec76b1,BV-01_20260916_0014.jpg,2026-09-16 07:42:33,BV-01,smartphone,saudavel,saudavel,0.9876,agrosmart-v1,simulado,sim-2026-09
98683908-8b8a-5ee9-bf76-c68ba47e1e3b,TI-02_20260916_0026.jpg,2026-09-16 07:42:35,TI-02,drone,saudavel,saudavel,0.9997,agrosmart-v1,simulado,sim-2026-09
42e28014-0fb7-5860-975f-c6a1dc0d61e6,TI-03_20260916_0016.jpg,2026-09-16 07:42:58,TI-03,drone,saudavel,saudavel,0.9493,agrosmart-v1,simulado,sim-2026-09
186f96f1-8dcc-5ca2-b9f4-5652f0cd5378,SC-02_20260916_0012.jpg,2026-09-16 07:43:16,SC-02,smartphone,saudavel,saudavel,0.9642,agrosmart-v1,simulado,sim-2026-09
013819ab-1237-55f2-a03a-014ec3de8606,BV-01_20260916_0015.jpg,2026-09-16 07:43:21,BV-01,smartphone,saudavel,saudavel,0.8280,agrosmart-v1,simulado,sim-2026-09
222801d7-e62b-5d75-8898-03e16b6e60b9,TI-03_20260916_0017.jpg,2026-09-16 07:43:25,TI-03,drone,saudavel,saudavel,0.9006,agrosmart-v1,simulado,sim-2026-09
c1c1cf72-b47a-52ab-848f-9de5ff7d0d97,TI-02_20260916_0027.jpg,2026-09-16 07:43:26,TI-02,drone,doente,pinta_preta,0.9757,agrosmart-v1,simulado,sim-2026-09
1b07ed5f-da79-550e-a1fd-2be4668e8128,SC-02_20260916_0013.jpg,2026-09-16 07:43:49,SC-02,smartphone,saudavel,saudavel,0.9821,agrosmart-v1,simulado,sim-2026-09
1a6500f5-2a12-52e7-b2cb-bc28be7f5309,TI-02_20260916_0028.jpg,2026-09-16 07:43:51,TI-02,drone,doente,pinta_preta,0.9911,agrosmart-v1,simulado,sim-2026-09
026b6f4e-93eb-5744-9d14-75ae8955962b,BV-01_20260916_0016.jpg,2026-09-16 07:44:05,BV-01,smartphone,saudavel,saudavel,0.8786,agrosmart-v1,simulado,sim-2026-09
a54418ca-8ff6-5c8b-b89d-fc239085c1de,TI-03_20260916_0018.jpg,2026-09-16 07:44:24,TI-03,drone,saudavel,saudavel,0.8720,agrosmart-v1,simulado,sim-2026-09
4063e74d-d76c-5306-912c-cfa7b7bc13bd,SC-02_20260916_0014.jpg,2026-09-16 07:44:37,SC-02,smartphone,saudavel,saudavel,0.9522,agrosmart-v1,simulado,sim-2026-09
4c55f967-14d7-5336-8d4e-0c56840a53b5,TI-02_20260916_0029.jpg,2026-09-16 07:44:43,TI-02,drone,saudavel,saudavel,0.9249,agrosmart-v1,simulado,sim-2026-09
a481aea9-b8f0-5a4e-9ad2-8ae3b7cd21bf,BV-01_20260916_0017.jpg,2026-09-16 07:44:47,BV-01,smartphone,doente,requeima,0.9746,agrosmart-v1,simulado,sim-2026-09
57295758-468c-5d4b-b12a-88c4a90f57fc,TI-03_20260916_0019.jpg,2026-09-16 07:44:49,TI-03,drone,doente,pinta_preta,0.9466,agrosmart-v1,simulado,sim-2026-09
7351b770-ef80-57f1-a5f9-f0869bd25e9f,SC-02_20260916_0015.jpg,2026-09-16 07:45:15,SC-02,smartphone,saudavel,saudavel,0.8269,agrosmart-v1,simulado,sim-2026-09
0bed9a03-4e30-5b80-8c0c-c328882eda65,BV-01_20260916_0018.jpg,2026-09-16 07:45:27,BV-01,smartphone,saudavel,saudavel,0.9729,agrosmart-v1,simulado,sim-2026-09
9cbb4062-c7af-56ad-93d4-ee8c8c34154a,TI-02_20260916_0030.jpg,2026-09-16 07:45:27,TI-02,drone,saudavel,saudavel,0.9348,agrosmart-v1,simulado,sim-2026-09
e979491b-2ddd-5500-9a77-3b5109de849f,TI-03_20260916_0020.jpg,2026-09-16 07:45:37,TI-03,drone,doente,pinta_preta,0.9755,agrosmart-v1,simulado,sim-2026-09
e69096d8-4885-5a73-8df9-b672fdd26a3f,BV-01_20260916_0019.jpg,2026-09-16 07:45:42,BV-01,smartphone,saudavel,saudavel,0.9605,agrosmart-v1,simulado,sim-2026-09
d7b638f2-5d62-5317-8b13-09ea6f1e779c,SC-02_20260916_0016.jpg,2026-09-16 07:45:43,SC-02,smartphone,saudavel,saudavel,0.8560,agrosmart-v1,simulado,sim-2026-09
30d0d4f1-17d0-5f3e-807d-c899062460e6,TI-02_20260916_0031.jpg,2026-09-16 07:45:43,TI-02,drone,saudavel,saudavel,0.8755,agrosmart-v1,simulado,sim-2026-09
d4428a0a-d267-5bc5-8f2d-cb1cfdf067f6,TI-03_20260916_0021.jpg,2026-09-16 07:46:13,TI-03,drone,saudavel,saudavel,0.8862,agrosmart-v1,simulado,sim-2026-09
bdf96ad6-f1d4-5579-9ab7-9d23cb026e24,SC-02_20260916_0017.jpg,2026-09-16 07:46:36,SC-02,smartphone,saudavel,saudavel,0.9569,agrosmart-v1,simulado,sim-2026-09
0de6431b-2e70-5c94-9e7e-7c95cb5df681,BV-01_20260916_0020.jpg,2026-09-16 07:46:46,BV-01,smartphone,saudavel,saudavel,0.9987,agrosmart-v1,simulado,sim-2026-09
c2f4d114-d89c-59da-ab8e-611a8e5f824d,TI-02_20260916_0032.jpg,2026-09-16 07:46:46,TI-02,drone,saudavel,saudavel,0.9773,agrosmart-v1,simulado,sim-2026-09
4934f0d2-569b-549c-8a1e-01cc76658868,TI-03_20260916_0022.jpg,2026-09-16 07:46:52,TI-03,drone,doente,pinta_preta,0.8771,agrosmart-v1,simulado,sim-2026-09
1902274d-7816-55c6-9f39-d194b556d6d8,TI-02_20260916_0033.jpg,2026-09-16 07:47:23,TI-02,drone,saudavel,saudavel,0.9055,agrosmart-v1,simulado,sim-2026-09
016de98a-05de-5533-bb2b-c5798d567fab,SC-02_20260916_0018.jpg,2026-09-16 07:47:26,SC-02,smartphone,saudavel,saudavel,0.8908,agrosmart-v1,simulado,sim-2026-09
83e8e011-c095-5d1b-92ef-70f6cccd2def,BV-01_20260916_0021.jpg,2026-09-16 07:47:29,BV-01,smartphone,saudavel,saudavel,0.9716,agrosmart-v1,simulado,sim-2026-09
891283cc-373e-5f26-88c0-e0f9eba0da77,TI-03_20260916_0023.jpg,2026-09-16 07:47:36,TI-03,drone,saudavel,saudavel,0.9943,agrosmart-v1,simulado,sim-2026-09
f5f66ec5-2358-5b71-9e49-ce38dd1ecf3b,TI-02_20260916_0034.jpg,2026-09-16 07:47:50,TI-02,drone,doente,pinta_preta,0.9462,agrosmart-v1,simulado,sim-2026-09
261d3559-eb91-5999-8124-2a8b5275001d,BV-01_20260916_0022.jpg,2026-09-16 07:47:52,BV-01,smartphone,saudavel,saudavel,0.9819,agrosmart-v1,simulado,sim-2026-09
51675ba2-3f8b-5cdf-b530-02d0df613856,SC-02_20260916_0019.jpg,2026-09-16 07:48:04,SC-02,smartphone,saudavel,saudavel,0.9992,agrosmart-v1,simulado,sim-2026-09
9908164d-a09d-570c-b9b4-da6cd0412c0e,TI-03_20260916_0024.jpg,2026-09-16 07:48:27,TI-03,drone,doente,pinta_preta,0.9992,agrosmart-v1,simulado,sim-2026-09
7bb56616-012a-525e-b93a-4c57f3f532e5,BV-01_20260916_0023.jpg,2026-09-16 07:48:35,BV-01,smartphone,saudavel,saudavel,0.9011,agrosmart-v1,simulado,sim-2026-09
6d65a4cf-f8a7-5347-b609-c6346ef2569f,TI-02_20260916_0035.jpg,2026-09-16 07:48:35,TI-02,drone,saudavel,saudavel,0.9285,agrosmart-v1,simulado,sim-2026-09
a1583bd3-1edc-56a9-8408-4f25dc538ed3,SC-02_20260916_0020.jpg,2026-09-16 07:48:41,SC-02,smartphone,saudavel,saudavel,0.9995,agrosmart-v1,simulado,sim-2026-09
f56a0125-6867-5c51-8209-78053842b7e1,TI-03_20260916_0025.jpg,2026-09-16 07:49:00,TI-03,drone,saudavel,saudavel,0.9225,agrosmart-v1,simulado,sim-2026-09
4a09e701-a2c1-599e-8cd5-614cae6822a8,TI-02_20260916_0036.jpg,2026-09-16 07:49:05,TI-02,drone,saudavel,saudavel,0.5952,agrosmart-v1,simulado,sim-2026-09
d45b34b7-0190-556b-b822-e74845951ef7,SC-02_20260916_0021.jpg,2026-09-16 07:49:13,SC-02,smartphone,saudavel,saudavel,0.9685,agrosmart-v1,simulado,sim-2026-09
fb2e947e-bb4d-5ddb-b838-42cd847e9b87,BV-01_20260916_0024.jpg,2026-09-16 07:49:14,BV-01,smartphone,saudavel,saudavel,0.9956,agrosmart-v1,simulado,sim-2026-09
9b02646c-b0a0-50d7-9fe4-59273e36b8b4,TI-03_20260916_0026.jpg,2026-09-16 07:49:45,TI-03,drone,saudavel,saudavel,0.9524,agrosmart-v1,simulado,sim-2026-09
371f3a37-6e95-518a-a609-cc54fa27c98a,SC-02_20260916_0022.jpg,2026-09-16 07:49:53,SC-02,smartphone,saudavel,saudavel,0.9914,agrosmart-v1,simulado,sim-2026-09
7a21e2f8-f991-5d80-a281-c25dc3e4232f,BV-01_20260916_0025.jpg,2026-09-16 07:50:00,BV-01,smartphone,saudavel,saudavel,0.9419,agrosmart-v1,simulado,sim-2026-09
282238bc-1c13-50ea-b044-d627047628e3,TI-02_20260916_0037.jpg,2026-09-16 07:50:02,TI-02,drone,saudavel,saudavel,0.9820,agrosmart-v1,simulado,sim-2026-09
97da44bb-2547-5872-b05b-a561ce0fbd59,SC-02_20260916_0023.jpg,2026-09-16 07:50:28,SC-02,smartphone,saudavel,saudavel,0.8592,agrosmart-v1,simulado,sim-2026-09
456023e3-dd96-50bd-ab66-77d67f9b9ab1,TI-03_20260916_0027.jpg,2026-09-16 07:50:30,TI-03,drone,saudavel,saudavel,0.9096,agrosmart-v1,simulado,sim-2026-09
47683b1a-7e19-52f5-8d99-20b2b7e27a12,TI-02_20260916_0038.jpg,2026-09-16 07:50:37,TI-02,drone,doente,pinta_preta,0.8806,agrosmart-v1,simulado,sim-2026-09
bf84a025-4bc1-5fff-b46e-44e2c11ebb03,TI-03_20260916_0028.jpg,2026-09-16 07:50:43,TI-03,drone,doente,pinta_preta,0.7278,agrosmart-v1,simulado,sim-2026-09
5d3a3ccb-a779-5565-9a0b-8684593e3246,BV-01_20260916_0026.jpg,2026-09-16 07:50:44,BV-01,smartphone,saudavel,saudavel,0.8421,agrosmart-v1,simulado,sim-2026-09
576f201b-eb3f-5b24-beef-6078598ffa60,SC-03_20260916_0001.jpg,2026-09-16 07:50:59,SC-03,smartphone,saudavel,saudavel,0.8647,agrosmart-v1,simulado,sim-2026-09
4b562fb4-d2f0-52cc-98b1-7bb257b8bae1,SC-02_20260916_0024.jpg,2026-09-16 07:51:09,SC-02,smartphone,saudavel,saudavel,0.9793,agrosmart-v1,simulado,sim-2026-09
13290efe-83a6-5acd-954a-9eb6e253b0a6,BV-01_20260916_0027.jpg,2026-09-16 07:51:13,BV-01,smartphone,saudavel,saudavel,0.9918,agrosmart-v1,simulado,sim-2026-09
dd87c443-609e-5281-a4d5-22aa847e0024,SC-03_20260916_0002.jpg,2026-09-16 07:51:25,SC-03,smartphone,saudavel,saudavel,0.9009,agrosmart-v1,simulado,sim-2026-09
71175bc4-0483-51e2-8605-377e46ae6aa2,TI-03_20260916_0029.jpg,2026-09-16 07:51:28,TI-03,drone,doente,mosca_minadora,0.9214,agrosmart-v1,simulado,sim-2026-09
f04f3d05-4c1d-54d3-b6d9-5a519c99d15e,TI-02_20260916_0039.jpg,2026-09-16 07:51:30,TI-02,drone,saudavel,saudavel,0.9754,agrosmart-v1,simulado,sim-2026-09
2b5da625-6c57-5028-b736-bdd08cbb8d2b,BV-01_20260916_0028.jpg,2026-09-16 07:51:40,BV-01,smartphone,saudavel,saudavel,0.9159,agrosmart-v1,simulado,sim-2026-09
b4ae0af3-58c8-5f7f-9701-0ed405d6f01c,TI-02_20260916_0040.jpg,2026-09-16 07:51:52,TI-02,drone,saudavel,saudavel,0.8787,agrosmart-v1,simulado,sim-2026-09
54d58dd2-4a79-566d-ba5a-7244c5d23749,SC-02_20260916_0025.jpg,2026-09-16 07:52:05,SC-02,smartphone,saudavel,saudavel,0.9128,agrosmart-v1,simulado,sim-2026-09
06145384-7324-5ea8-8dc8-17a39a4764a0,TI-03_20260916_0030.jpg,2026-09-16 07:52:21,TI-03,drone,saudavel,saudavel,0.9501,agrosmart-v1,simulado,sim-2026-09
d167c54e-be6d-54af-ade0-96e816f6db6f,SC-03_20260916_0003.jpg,2026-09-16 07:52:22,SC-03,smartphone,saudavel,saudavel,0.9968,agrosmart-v1,simulado,sim-2026-09
7c6fa3ab-a757-548b-8582-aac2fd18623d,BV-01_20260916_0029.jpg,2026-09-16 07:52:40,BV-01,smartphone,saudavel,saudavel,0.9964,agrosmart-v1,simulado,sim-2026-09
67083be7-7d47-568b-921e-cb0cbd82ea35,SC-02_20260916_0026.jpg,2026-09-16 07:52:40,SC-02,smartphone,saudavel,saudavel,0.8657,agrosmart-v1,simulado,sim-2026-09
04f0363f-a2ea-5749-9afb-b0abb71896f3,TI-02_20260916_0041.jpg,2026-09-16 07:52:44,TI-02,drone,saudavel,saudavel,0.9959,agrosmart-v1,simulado,sim-2026-09
8fe81465-432f-519f-8f21-0428cf99bbd1,TI-03_20260916_0031.jpg,2026-09-16 07:52:52,TI-03,drone,saudavel,saudavel,0.9740,agrosmart-v1,simulado,sim-2026-09
2e7c51d5-d6da-55d7-b918-253d7cc05f51,SC-03_20260916_0004.jpg,2026-09-16 07:53:07,SC-03,smartphone,saudavel,saudavel,0.9503,agrosmart-v1,simulado,sim-2026-09
bf049f73-dbeb-5361-a4fa-2101561f5e0f,SC-02_20260916_0027.jpg,2026-09-16 07:53:13,SC-02,smartphone,saudavel,saudavel,0.9621,agrosmart-v1,simulado,sim-2026-09
8cfd7229-dd59-5469-84e6-385a934ad34a,TI-02_20260916_0042.jpg,2026-09-16 07:53:30,TI-02,drone,saudavel,saudavel,0.9620,agrosmart-v1,simulado,sim-2026-09
bc364fa0-2e48-5b1c-bf82-d0209c6cacbe,TI-03_20260916_0032.jpg,2026-09-16 07:53:31,TI-03,drone,saudavel,saudavel,0.9723,agrosmart-v1,simulado,sim-2026-09
bb5772fa-1a20-55d9-a75e-96e2d97631c0,SC-03_20260916_0005.jpg,2026-09-16 07:53:40,SC-03,smartphone,saudavel,saudavel,0.8444,agrosmart-v1,simulado,sim-2026-09
16429ac0-81a4-5318-9e70-8ab38d91b881,TI-02_20260916_0043.jpg,2026-09-16 07:53:50,TI-02,drone,saudavel,saudavel,0.9979,agrosmart-v1,simulado,sim-2026-09
a1fa1e65-7b01-5c74-8aca-2fadf7097a42,SC-02_20260916_0028.jpg,2026-09-16 07:53:59,SC-02,smartphone,saudavel,saudavel,0.8280,agrosmart-v1,simulado,sim-2026-09
3c4d6b12-e25c-50a4-be1e-94c08c461192,SC-03_20260916_0006.jpg,2026-09-16 07:54:01,SC-03,smartphone,saudavel,saudavel,0.9665,agrosmart-v1,simulado,sim-2026-09
bb7631b8-0fd7-519b-b2b5-77f5170516f6,TI-03_20260916_0033.jpg,2026-09-16 07:54:09,TI-03,drone,saudavel,saudavel,0.8383,agrosmart-v1,simulado,sim-2026-09
1994ed23-6062-5c41-9f1e-b42417bf379a,TI-02_20260916_0044.jpg,2026-09-16 07:54:22,TI-02,drone,saudavel,saudavel,0.9749,agrosmart-v1,simulado,sim-2026-09
d1c7315a-a5b6-5ccf-8234-379191ba74d0,SC-02_20260916_0029.jpg,2026-09-16 07:54:34,SC-02,smartphone,saudavel,saudavel,0.9737,agrosmart-v1,simulado,sim-2026-09
6792bdbb-d635-5535-a458-f0ae6d529a70,SC-03_20260916_0007.jpg,2026-09-16 07:54:53,SC-03,smartphone,saudavel,saudavel,0.9914,agrosmart-v1,simulado,sim-2026-09
e96261d1-d0ff-52e5-b815-da125949dfd4,TI-03_20260916_0034.jpg,2026-09-16 07:55:04,TI-03,drone,saudavel,saudavel,0.8528,agrosmart-v1,simulado,sim-2026-09
714d11af-9665-5eaf-aed1-79e5e3325b90,SC-02_20260916_0030.jpg,2026-09-16 07:55:05,SC-02,smartphone,saudavel,saudavel,0.8924,agrosmart-v1,simulado,sim-2026-09
54cf6946-ffe8-5a49-a910-eabb3d30b468,TI-02_20260916_0045.jpg,2026-09-16 07:55:16,TI-02,drone,doente,pinta_preta,0.9825,agrosmart-v1,simulado,sim-2026-09
a26fd442-8c78-5a6c-886f-b3718c2039cf,SC-03_20260916_0008.jpg,2026-09-16 07:55:23,SC-03,smartphone,saudavel,saudavel,0.9256,agrosmart-v1,simulado,sim-2026-09
3fba0490-3f51-56b7-9e5c-844d76e24557,TI-03_20260916_0035.jpg,2026-09-16 07:55:37,TI-03,drone,saudavel,saudavel,0.9281,agrosmart-v1,simulado,sim-2026-09
ae0bf61d-6a9a-5b47-ab31-850901c7ca00,TI-02_20260916_0046.jpg,2026-09-16 07:55:54,TI-02,drone,saudavel,saudavel,0.8422,agrosmart-v1,simulado,sim-2026-09
bbdea498-c3ee-540d-b81b-589c779256ea,SC-02_20260916_0031.jpg,2026-09-16 07:56:06,SC-02,smartphone,saudavel,saudavel,0.9996,agrosmart-v1,simulado,sim-2026-09
41bf7dba-6ef4-5065-bb9f-0b75ca64a9e4,TI-03_20260916_0036.jpg,2026-09-16 07:56:28,TI-03,drone,saudavel,saudavel,0.8415,agrosmart-v1,simulado,sim-2026-09
12bd8181-62b6-51aa-b475-6f8596bf68cc,SC-03_20260916_0009.jpg,2026-09-16 07:56:29,SC-03,smartphone,saudavel,saudavel,0.9781,agrosmart-v1,simulado,sim-2026-09
649770f6-c623-5b37-9192-9236b86a5382,SC-02_20260916_0032.jpg,2026-09-16 07:56:39,SC-02,smartphone,saudavel,saudavel,0.8275,agrosmart-v1,simulado,sim-2026-09
c23b79fe-b490-5035-a461-dbf856ed8704,SC-03_20260916_0010.jpg,2026-09-16 07:56:42,SC-03,smartphone,saudavel,saudavel,0.9574,agrosmart-v1,simulado,sim-2026-09
92b139db-6d5a-5f60-a8ca-521ee19b90e9,TI-03_20260916_0037.jpg,2026-09-16 07:56:45,TI-03,drone,saudavel,saudavel,0.9548,agrosmart-v1,simulado,sim-2026-09
abb46e17-f69b-5af5-9beb-c2274777052e,TI-02_20260916_0047.jpg,2026-09-16 07:56:48,TI-02,drone,saudavel,saudavel,0.9831,agrosmart-v1,simulado,sim-2026-09
9bab7f82-b0b9-541d-a381-f580756f924d,SC-03_20260916_0011.jpg,2026-09-16 07:57:20,SC-03,smartphone,saudavel,saudavel,0.9790,agrosmart-v1,simulado,sim-2026-09
545badb1-aa5a-5354-af2b-be8c6c63830f,SC-02_20260916_0033.jpg,2026-09-16 07:57:21,SC-02,smartphone,saudavel,saudavel,0.9882,agrosmart-v1,simulado,sim-2026-09
7c07e156-238f-5db3-8a8d-6ac139fbeace,TI-03_20260916_0038.jpg,2026-09-16 07:57:22,TI-03,drone,saudavel,saudavel,0.8967,agrosmart-v1,simulado,sim-2026-09
ed2bb6d5-709e-592c-a971-85b474d932c9,TI-02_20260916_0048.jpg,2026-09-16 07:57:28,TI-02,drone,doente,pinta_preta,0.9096,agrosmart-v1,simulado,sim-2026-09
faf4f53c-d54e-5337-aa31-0f5ace2bd355,TI-02_20260916_0049.jpg,2026-09-16 07:57:49,TI-02,drone,doente,pinta_preta,0.9998,agrosmart-v1,simulado,sim-2026-09
7e311b5d-9d23-52a4-8ff1-61d4588e8fe5,TI-03_20260916_0039.jpg,2026-09-16 07:58:26,TI-03,drone,saudavel,saudavel,0.9992,agrosmart-v1,simulado,sim-2026-09
5501efb9-96b4-5794-875a-9620b21b1ced,SC-03_20260916_0012.jpg,2026-09-16 07:58:30,SC-03,smartphone,saudavel,saudavel,0.8888,agrosmart-v1,simulado,sim-2026-09
fa8180c8-2e74-5f82-b4fe-64de9dfa18b5,TI-03_20260916_0040.jpg,2026-09-16 07:58:47,TI-03,drone,saudavel,saudavel,0.8433,agrosmart-v1,simulado,sim-2026-09
5491b558-ec7b-58d1-b266-81da983826ac,SC-03_20260916_0013.jpg,2026-09-16 07:59:10,SC-03,smartphone,saudavel,saudavel,0.9982,agrosmart-v1,simulado,sim-2026-09
e42ff601-404c-5dca-aba5-bc858b13f4e9,SC-03_20260916_0014.jpg,2026-09-16 07:59:34,SC-03,smartphone,saudavel,saudavel,0.8871,agrosmart-v1,simulado,sim-2026-09
671db7fb-77c9-565e-a472-416cd802cc66,SC-03_20260916_0015.jpg,2026-09-16 08:00:18,SC-03,smartphone,saudavel,saudavel,0.8524,agrosmart-v1,simulado,sim-2026-09
4a8206eb-03af-55a1-97ec-29a5bf13708e,SC-03_20260916_0016.jpg,2026-09-16 08:00:47,SC-03,smartphone,saudavel,saudavel,0.8245,agrosmart-v1,simulado,sim-2026-09
155ee0bf-912e-59ae-a658-54a93fa66703,SC-03_20260916_0017.jpg,2026-09-16 08:01:50,SC-03,smartphone,saudavel,saudavel,0.9922,agrosmart-v1,simulado,sim-2026-09
9ee4e7f1-1f3c-5adb-8e45-09c7d6f942fa,SC-03_20260916_0018.jpg,2026-09-16 08:02:24,SC-03,smartphone,saudavel,saudavel,0.9444,agrosmart-v1,simulado,sim-2026-09
5cffc7f2-0a8f-5c41-8935-a6908b3b09c5,SC-03_20260916_0019.jpg,2026-09-16 08:02:55,SC-03,smartphone,saudavel,saudavel,0.8975,agrosmart-v1,simulado,sim-2026-09
238b76bb-0d2b-58f0-81c8-42fc9f6e4c6b,SC-03_20260916_0020.jpg,2026-09-16 08:03:31,SC-03,smartphone,saudavel,saudavel,0.9912,agrosmart-v1,simulado,sim-2026-09
475ead33-da54-5e83-8f6e-a1c2a8981820,SC-03_20260916_0021.jpg,2026-09-16 08:04:03,SC-03,smartphone,saudavel,saudavel,0.9629,agrosmart-v1,simulado,sim-2026-09
df07d4dc-aa1c-554f-937b-96fd857b2c66,SC-03_20260916_0022.jpg,2026-09-16 08:04:43,SC-03,smartphone,saudavel,saudavel,0.9964,agrosmart-v1,simulado,sim-2026-09
82d9f2bd-0c64-5b54-bcf0-3ece4bac9919,SC-03_20260916_0023.jpg,2026-09-16 08:05:47,SC-03,smartphone,saudavel,saudavel,0.9590,agrosmart-v1,simulado,sim-2026-09
9859a317-ab54-5ea6-bf64-dc4df46e11e3,SC-03_20260916_0024.jpg,2026-09-16 08:06:23,SC-03,smartphone,saudavel,saudavel,0.8448,agrosmart-v1,simulado,sim-2026-09
5b3d31e0-3d7c-5bfc-93b8-f036c50b812e,SC-03_20260916_0025.jpg,2026-09-16 08:07:01,SC-03,smartphone,saudavel,saudavel,0.9269,agrosmart-v1,simulado,sim-2026-09
eb5a02b0-f04d-5e38-a7fc-e2ad70554d30,SC-03_20260916_0026.jpg,2026-09-16 08:07:29,SC-03,smartphone,saudavel,saudavel,0.8543,agrosmart-v1,simulado,sim-2026-09
7ce7c864-031a-5b3c-8995-13d079978c75,SC-03_20260916_0027.jpg,2026-09-16 08:08:25,SC-03,smartphone,saudavel,saudavel,0.9998,agrosmart-v1,simulado,sim-2026-09
a5e1b147-44b9-5940-aef2-77d0c9074808,SC-03_20260916_0028.jpg,2026-09-16 08:08:59,SC-03,smartphone,saudavel,saudavel,0.9625,agrosmart-v1,simulado,sim-2026-09
07caf2ef-1f0d-5a3d-8da9-258b7fcc1a2e,SC-03_20260916_0029.jpg,2026-09-16 08:09:47,SC-03,smartphone,saudavel,saudavel,0.9383,agrosmart-v1,simulado,sim-2026-09
6cbc12c0-9d1f-507f-95ea-2418b886975d,SC-03_20260916_0030.jpg,2026-09-16 08:10:12,SC-03,smartphone,saudavel,saudavel,0.8431,agrosmart-v1,simulado,sim-2026-09
ac0326ab-1eda-5d17-91fd-cef3c03f5628,SC-03_20260916_0031.jpg,2026-09-16 08:10:52,SC-03,smartphone,saudavel,saudavel,0.8655,agrosmart-v1,simulado,sim-2026-09
ce467396-3a5e-5243-9aab-4c567a029d27,SC-03_20260916_0032.jpg,2026-09-16 08:11:42,SC-03,smartphone,saudavel,saudavel,0.8392,agrosmart-v1,simulado,sim-2026-09
05419d8a-9ede-5f9c-8645-36e80748382d,SC-03_20260916_0033.jpg,2026-09-16 08:12:18,SC-03,smartphone,saudavel,saudavel,0.9968,agrosmart-v1,simulado,sim-2026-09
b1ebe773-7a2e-56cb-95ae-f33f38900896,SC-03_20260916_0034.jpg,2026-09-16 08:13:08,SC-03,smartphone,saudavel,saudavel,0.9246,agrosmart-v1,simulado,sim-2026-09
3f26b49f-aeb3-5e87-8276-6bf34902816f,SC-03_20260916_0035.jpg,2026-09-16 08:13:43,SC-03,smartphone,saudavel,saudavel,0.9631,agrosmart-v1,simulado,sim-2026-09
bb011953-a529-5f62-bba7-610848e4ab07,SC-03_20260916_0036.jpg,2026-09-16 08:14:19,SC-03,smartphone,saudavel,saudavel,0.9905,agrosmart-v1,simulado,sim-2026-09
756bdb01-68d6-5c1d-a8f5-6525919424f4,BV-02_20260916_0001.jpg,2026-09-16 09:11:10,BV-02,smartphone,saudavel,saudavel,0.8649,agrosmart-v1,simulado,sim-2026-09
5b5cff0a-3a3f-542d-b3e4-adc774ceb973,BV-02_20260916_0002.jpg,2026-09-16 09:11:36,BV-02,smartphone,saudavel,saudavel,0.9061,agrosmart-v1,simulado,sim-2026-09
1c237513-458b-57d2-a149-14e9055ffe56,BV-02_20260916_0003.jpg,2026-09-16 09:12:00,BV-02,smartphone,saudavel,saudavel,0.9453,agrosmart-v1,simulado,sim-2026-09
8c5d3c4c-cea3-549f-97ca-217020a30e20,BV-02_20260916_0004.jpg,2026-09-16 09:12:57,BV-02,smartphone,saudavel,saudavel,0.8454,agrosmart-v1,simulado,sim-2026-09
bdbfceaf-544d-5860-aa07-65d79103ec86,BV-02_20260916_0005.jpg,2026-09-16 09:13:24,BV-02,smartphone,saudavel,saudavel,0.9956,agrosmart-v1,simulado,sim-2026-09
2b72ffb5-1641-5c43-b28b-f807bfeba3de,BV-02_20260916_0006.jpg,2026-09-16 09:14:08,BV-02,smartphone,saudavel,saudavel,0.8245,agrosmart-v1,simulado,sim-2026-09
db4fb664-c9cf-524a-ba0d-53f1e8e9e6a0,SC-01_20260916_0001.jpg,2026-09-16 09:14:43,SC-01,smartphone,saudavel,saudavel,0.8932,agrosmart-v1,simulado,sim-2026-09
9e2789b6-cd04-5b0f-81b1-64e392e0bd56,BV-02_20260916_0007.jpg,2026-09-16 09:15:03,BV-02,smartphone,saudavel,saudavel,0.8989,agrosmart-v1,simulado,sim-2026-09
e87bba43-47cd-519f-adb6-c1994e93e900,BV-02_20260916_0008.jpg,2026-09-16 09:15:23,BV-02,smartphone,saudavel,saudavel,0.8293,agrosmart-v1,simulado,sim-2026-09
b24b2615-41d6-5d9b-a178-96a0379b3eda,SC-01_20260916_0002.jpg,2026-09-16 09:15:38,SC-01,smartphone,saudavel,saudavel,0.8824,agrosmart-v1,simulado,sim-2026-09
1477f1b4-81ae-5feb-8728-aee1d0d277fa,BV-02_20260916_0009.jpg,2026-09-16 09:16:18,BV-02,smartphone,saudavel,saudavel,0.9931,agrosmart-v1,simulado,sim-2026-09
ea5f1bab-0cca-5306-a56c-901e8706f510,SC-01_20260916_0003.jpg,2026-09-16 09:16:20,SC-01,smartphone,saudavel,saudavel,0.9725,agrosmart-v1,simulado,sim-2026-09
76f55e44-eeed-5e41-813b-1df4c4d0e2ac,BV-03_20260916_0001.jpg,2026-09-16 09:16:40,BV-03,smartphone,doente,vaquinha,0.8482,agrosmart-v1,simulado,sim-2026-09
aad0b057-f655-5da9-b4d8-9026156e69d9,BV-02_20260916_0010.jpg,2026-09-16 09:16:44,BV-02,smartphone,doente,pinta_preta,0.9028,agrosmart-v1,simulado,sim-2026-09
2938411e-de85-5695-a6d6-1b2a979c7ae6,SC-01_20260916_0004.jpg,2026-09-16 09:16:57,SC-01,smartphone,saudavel,saudavel,0.9476,agrosmart-v1,simulado,sim-2026-09
c9f3ce92-0dc4-5b65-a60f-8bc80e15f338,BV-03_20260916_0002.jpg,2026-09-16 09:17:29,BV-03,smartphone,saudavel,saudavel,0.9650,agrosmart-v1,simulado,sim-2026-09
db7ab471-e645-5cad-8365-ca8e224606e9,BV-02_20260916_0011.jpg,2026-09-16 09:17:40,BV-02,smartphone,saudavel,saudavel,0.9995,agrosmart-v1,simulado,sim-2026-09
b9c72d68-e637-5fbf-b547-f093776d9ee9,SC-01_20260916_0005.jpg,2026-09-16 09:17:41,SC-01,smartphone,saudavel,saudavel,0.9789,agrosmart-v1,simulado,sim-2026-09
6848492b-12ea-5516-b976-33ffd4376fc6,SC-01_20260916_0006.jpg,2026-09-16 09:18:04,SC-01,smartphone,saudavel,saudavel,0.9916,agrosmart-v1,simulado,sim-2026-09
20712bba-72f3-565d-bc1d-11964e27f181,BV-02_20260916_0012.jpg,2026-09-16 09:18:22,BV-02,smartphone,saudavel,saudavel,0.8692,agrosmart-v1,simulado,sim-2026-09
261fe964-e787-5ba9-8866-2014260ab183,BV-03_20260916_0003.jpg,2026-09-16 09:18:24,BV-03,smartphone,saudavel,saudavel,0.9580,agrosmart-v1,simulado,sim-2026-09
7854d731-8be4-5fdc-a3b4-e2677d607eb2,SC-01_20260916_0007.jpg,2026-09-16 09:18:40,SC-01,smartphone,saudavel,saudavel,0.9476,agrosmart-v1,simulado,sim-2026-09
a06c2675-e324-5b4a-88da-2adc49eca4d5,BV-02_20260916_0013.jpg,2026-09-16 09:18:54,BV-02,smartphone,saudavel,saudavel,0.8698,agrosmart-v1,simulado,sim-2026-09
2ca72d90-70ff-5940-a3b8-949f84879994,BV-03_20260916_0004.jpg,2026-09-16 09:18:58,BV-03,smartphone,saudavel,saudavel,0.8781,agrosmart-v1,simulado,sim-2026-09
6c73279c-fca3-5166-9fe8-4829536a4cca,SC-01_20260916_0008.jpg,2026-09-16 09:19:35,SC-01,smartphone,saudavel,saudavel,0.9997,agrosmart-v1,simulado,sim-2026-09
23bb301d-2384-53da-b752-24153083f9af,BV-02_20260916_0014.jpg,2026-09-16 09:19:48,BV-02,smartphone,saudavel,saudavel,0.9750,agrosmart-v1,simulado,sim-2026-09
394d9ff7-cf10-55ef-9685-a06244e7ae81,BV-03_20260916_0005.jpg,2026-09-16 09:19:50,BV-03,smartphone,saudavel,saudavel,0.8646,agrosmart-v1,simulado,sim-2026-09
7cc3b3fb-ece5-528c-862e-40caba404d12,BV-03_20260916_0006.jpg,2026-09-16 09:20:02,BV-03,smartphone,saudavel,saudavel,0.9649,agrosmart-v1,simulado,sim-2026-09
5129dfaf-4fca-580b-a084-9341b3d0c20b,SC-01_20260916_0009.jpg,2026-09-16 09:20:12,SC-01,smartphone,saudavel,saudavel,0.9949,agrosmart-v1,simulado,sim-2026-09
f002bd0f-b239-59b0-8a60-349273387d1e,BV-02_20260916_0015.jpg,2026-09-16 09:20:28,BV-02,smartphone,saudavel,saudavel,0.9969,agrosmart-v1,simulado,sim-2026-09
b2f6c220-4fa2-5d5a-9fc1-db68d4d4b4aa,BV-02_20260916_0016.jpg,2026-09-16 09:20:50,BV-02,smartphone,saudavel,saudavel,0.9702,agrosmart-v1,simulado,sim-2026-09
a735f8c9-d5dc-554d-90b9-c39a8dbedd39,SC-01_20260916_0010.jpg,2026-09-16 09:21:00,SC-01,smartphone,saudavel,saudavel,0.9895,agrosmart-v1,simulado,sim-2026-09
e89f6abf-b4ce-5e2d-b518-6010cc170d61,BV-03_20260916_0007.jpg,2026-09-16 09:21:06,BV-03,smartphone,saudavel,saudavel,0.9503,agrosmart-v1,simulado,sim-2026-09
0f544868-5852-5192-aab9-ec026466201b,BV-02_20260916_0017.jpg,2026-09-16 09:21:20,BV-02,smartphone,saudavel,saudavel,0.8775,agrosmart-v1,simulado,sim-2026-09
25d66122-23dd-58ae-a104-87efeab1bd5e,BV-03_20260916_0008.jpg,2026-09-16 09:21:47,BV-03,smartphone,saudavel,saudavel,0.8922,agrosmart-v1,simulado,sim-2026-09
129ab7e8-1161-522b-8f3d-373c5dd0997f,SC-01_20260916_0011.jpg,2026-09-16 09:21:48,SC-01,smartphone,saudavel,saudavel,0.9796,agrosmart-v1,simulado,sim-2026-09
ca87296b-072d-527a-b39d-e4f81ebb47f2,BV-03_20260916_0009.jpg,2026-09-16 09:22:19,BV-03,smartphone,doente,requeima,0.9869,agrosmart-v1,simulado,sim-2026-09
8c89340e-8822-5f3d-ad49-ef660ee59781,BV-02_20260916_0018.jpg,2026-09-16 09:22:25,BV-02,smartphone,saudavel,saudavel,0.8427,agrosmart-v1,simulado,sim-2026-09
3bc884f5-e3e3-5a78-94b2-8d91bbcad816,SC-01_20260916_0012.jpg,2026-09-16 09:22:28,SC-01,smartphone,saudavel,saudavel,0.9818,agrosmart-v1,simulado,sim-2026-09
70841321-edc2-59dc-bb86-faf08fabd849,BV-03_20260916_0010.jpg,2026-09-16 09:22:45,BV-03,smartphone,saudavel,saudavel,0.9640,agrosmart-v1,simulado,sim-2026-09
a2250ce2-9347-5110-89f0-bc6ca0b15fb6,BV-02_20260916_0019.jpg,2026-09-16 09:22:54,BV-02,smartphone,saudavel,saudavel,0.8532,agrosmart-v1,simulado,sim-2026-09
f205a646-e612-57a8-a700-26d1ff4f5070,SC-01_20260916_0013.jpg,2026-09-16 09:23:08,SC-01,smartphone,saudavel,saudavel,0.9989,agrosmart-v1,simulado,sim-2026-09
9bc16f29-65bd-56a1-a350-0432db7cb459,SC-01_20260916_0014.jpg,2026-09-16 09:23:24,SC-01,smartphone,saudavel,saudavel,0.9703,agrosmart-v1,simulado,sim-2026-09
ac5d9885-a99e-513d-98e4-a4b2ad20ec20,BV-03_20260916_0011.jpg,2026-09-16 09:23:35,BV-03,smartphone,saudavel,saudavel,0.9614,agrosmart-v1,simulado,sim-2026-09
3696ec30-2834-593c-b5cb-5faf2e616522,BV-02_20260916_0020.jpg,2026-09-16 09:23:37,BV-02,smartphone,saudavel,saudavel,0.8939,agrosmart-v1,simulado,sim-2026-09
c5c95c28-eaea-5565-a019-45a6a4edcf61,BV-03_20260916_0012.jpg,2026-09-16 09:24:07,BV-03,smartphone,saudavel,saudavel,0.8922,agrosmart-v1,simulado,sim-2026-09
194ab587-19b5-59d4-9c0d-b3786c8883a9,SC-01_20260916_0015.jpg,2026-09-16 09:24:11,SC-01,smartphone,saudavel,saudavel,0.9717,agrosmart-v1,simulado,sim-2026-09
59b37426-e2c2-5a02-9c38-3853c9611df3,BV-02_20260916_0021.jpg,2026-09-16 09:24:20,BV-02,smartphone,saudavel,saudavel,0.9356,agrosmart-v1,simulado,sim-2026-09
c72a9b03-f128-543c-84e2-92c278125f81,BV-03_20260916_0013.jpg,2026-09-16 09:24:40,BV-03,smartphone,saudavel,saudavel,0.9038,agrosmart-v1,simulado,sim-2026-09
7e014c5e-77a2-5012-94e9-9191cb2024ee,SC-01_20260916_0016.jpg,2026-09-16 09:24:46,SC-01,smartphone,saudavel,saudavel,0.8247,agrosmart-v1,simulado,sim-2026-09
a3932e20-a27d-52d4-bbe9-52e25998a270,BV-02_20260916_0022.jpg,2026-09-16 09:25:08,BV-02,smartphone,saudavel,saudavel,0.8277,agrosmart-v1,simulado,sim-2026-09
6db4e92a-f9d7-51b1-87e4-4c0b3e5fd7a4,BV-02_20260916_0023.jpg,2026-09-16 09:25:29,BV-02,smartphone,doente,vaquinha,0.9334,agrosmart-v1,simulado,sim-2026-09
fbdcea5c-709c-58d0-a2a0-5b2e03a83b34,SC-01_20260916_0017.jpg,2026-09-16 09:25:31,SC-01,smartphone,saudavel,saudavel,0.8663,agrosmart-v1,simulado,sim-2026-09
75311d69-489d-5b44-9175-be68e2ae4972,BV-03_20260916_0014.jpg,2026-09-16 09:25:40,BV-03,smartphone,saudavel,saudavel,0.6938,agrosmart-v1,simulado,sim-2026-09
6fd206b2-167f-53cd-94b1-9f05b88cf343,BV-02_20260916_0024.jpg,2026-09-16 09:26:05,BV-02,smartphone,saudavel,saudavel,0.8356,agrosmart-v1,simulado,sim-2026-09
5b72d15a-d995-52ce-a99b-d2bef7f83568,SC-01_20260916_0018.jpg,2026-09-16 09:26:06,SC-01,smartphone,saudavel,saudavel,0.8821,agrosmart-v1,simulado,sim-2026-09
0ac34dd8-8dad-5d89-bdcf-86cceb742f28,BV-03_20260916_0015.jpg,2026-09-16 09:26:20,BV-03,smartphone,saudavel,saudavel,0.9864,agrosmart-v1,simulado,sim-2026-09
4e7f5fd4-6815-5aec-adcc-7e0dda0f817e,SC-01_20260916_0019.jpg,2026-09-16 09:26:45,SC-01,smartphone,saudavel,saudavel,0.9863,agrosmart-v1,simulado,sim-2026-09
c1b06651-6cbe-5dc1-acc0-288b89feaad9,BV-02_20260916_0025.jpg,2026-09-16 09:27:10,BV-02,smartphone,saudavel,saudavel,0.9875,agrosmart-v1,simulado,sim-2026-09
8c783855-7888-5a0a-bc6e-b52e26f70e2f,SC-01_20260916_0020.jpg,2026-09-16 09:27:37,SC-01,smartphone,saudavel,saudavel,0.8497,agrosmart-v1,simulado,sim-2026-09
573c8eca-777d-58a6-8814-2c328dcb17d6,BV-02_20260916_0026.jpg,2026-09-16 09:27:43,BV-02,smartphone,saudavel,saudavel,0.9863,agrosmart-v1,simulado,sim-2026-09
fc024870-4ee0-5bcb-b875-11eee810c404,SC-01_20260916_0021.jpg,2026-09-16 09:28:08,SC-01,smartphone,saudavel,saudavel,0.6386,agrosmart-v1,simulado,sim-2026-09
dac3b1bb-f27b-5728-a670-c7c93c6a7915,BV-02_20260916_0027.jpg,2026-09-16 09:28:12,BV-02,smartphone,saudavel,saudavel,0.9420,agrosmart-v1,simulado,sim-2026-09
36431aef-9238-5100-8a0c-32c672a2fd4c,BV-02_20260916_0028.jpg,2026-09-16 09:28:46,BV-02,smartphone,saudavel,saudavel,0.9683,agrosmart-v1,simulado,sim-2026-09
229c0940-cccc-5ab0-a586-f2dece5ad2a9,SC-01_20260916_0022.jpg,2026-09-16 09:28:54,SC-01,smartphone,saudavel,saudavel,0.8783,agrosmart-v1,simulado,sim-2026-09
2bb5fbbb-730e-5c91-9cfb-3292ed6d9314,SC-04_20260916_0001.jpg,2026-09-16 09:29:07,SC-04,smartphone,saudavel,saudavel,0.8750,agrosmart-v1,simulado,sim-2026-09
d6c727a9-d99b-59a9-939a-f02a80b5aef9,SC-01_20260916_0023.jpg,2026-09-16 09:29:47,SC-01,smartphone,saudavel,saudavel,0.8505,agrosmart-v1,simulado,sim-2026-09
cf1f542b-80c7-54fb-b851-618e00a8b705,SC-04_20260916_0002.jpg,2026-09-16 09:29:49,SC-04,smartphone,saudavel,saudavel,0.8778,agrosmart-v1,simulado,sim-2026-09
34fbffed-9396-5048-a62c-94587738313b,SC-04_20260916_0003.jpg,2026-09-16 09:30:01,SC-04,smartphone,saudavel,saudavel,0.8358,agrosmart-v1,simulado,sim-2026-09
5d066fa6-eb4d-5571-8423-2a02cffa937b,SC-01_20260916_0024.jpg,2026-09-16 09:30:17,SC-01,smartphone,saudavel,saudavel,0.9272,agrosmart-v1,simulado,sim-2026-09
0d41f780-3bcd-5ae4-b7f5-b6634e7a96cc,SC-04_20260916_0004.jpg,2026-09-16 09:30:42,SC-04,smartphone,saudavel,saudavel,0.8675,agrosmart-v1,simulado,sim-2026-09
a2827a82-dee6-5f89-9085-df0b199975d5,SC-01_20260916_0025.jpg,2026-09-16 09:30:43,SC-01,smartphone,saudavel,saudavel,0.8263,agrosmart-v1,simulado,sim-2026-09
58f39216-ac21-59ce-8a9d-0b36437a8cf8,SC-01_20260916_0026.jpg,2026-09-16 09:31:33,SC-01,smartphone,saudavel,saudavel,0.9475,agrosmart-v1,simulado,sim-2026-09
16e64e71-c0b6-578e-a5eb-ca36d813bdd1,SC-04_20260916_0005.jpg,2026-09-16 09:31:40,SC-04,smartphone,saudavel,saudavel,0.9967,agrosmart-v1,simulado,sim-2026-09
90d86400-6c5e-52a8-baa2-07c45574f2ed,SC-04_20260916_0006.jpg,2026-09-16 09:32:10,SC-04,smartphone,saudavel,saudavel,0.9898,agrosmart-v1,simulado,sim-2026-09
97493cad-2659-5f03-8cf4-6999005fca5a,SC-01_20260916_0027.jpg,2026-09-16 09:32:30,SC-01,smartphone,saudavel,saudavel,0.9896,agrosmart-v1,simulado,sim-2026-09
09405158-7c4f-5238-a8dc-7585e62d2228,SC-04_20260916_0007.jpg,2026-09-16 09:32:48,SC-04,smartphone,saudavel,saudavel,0.9583,agrosmart-v1,simulado,sim-2026-09
00e5b809-1cad-587d-9c4b-bf6a74a16730,SC-01_20260916_0028.jpg,2026-09-16 09:33:05,SC-01,smartphone,saudavel,saudavel,0.9904,agrosmart-v1,simulado,sim-2026-09
1a542e7d-3d9b-5322-9969-cbc990498f1d,SC-01_20260916_0029.jpg,2026-09-16 09:33:20,SC-01,smartphone,doente,mosca_minadora,0.9993,agrosmart-v1,simulado,sim-2026-09
c5e5e9f6-cbb2-5d74-b09f-751a50f04b4c,SC-04_20260916_0008.jpg,2026-09-16 09:33:40,SC-04,smartphone,saudavel,saudavel,1.0000,agrosmart-v1,simulado,sim-2026-09
f2da5c93-d027-5180-bff1-7a6aaad00ef9,SC-01_20260916_0030.jpg,2026-09-16 09:34:10,SC-01,smartphone,saudavel,saudavel,0.9081,agrosmart-v1,simulado,sim-2026-09
eeebd2b1-2f24-5f3f-bd48-07f4898e2dca,SC-04_20260916_0009.jpg,2026-09-16 09:34:25,SC-04,smartphone,saudavel,saudavel,0.9906,agrosmart-v1,simulado,sim-2026-09
1554cf15-a984-5c0f-8133-48b5b24235a7,SC-01_20260916_0031.jpg,2026-09-16 09:34:57,SC-01,smartphone,doente,requeima,0.8692,agrosmart-v1,simulado,sim-2026-09
6319143e-3298-5ed2-a222-a5d9f3aae5a0,SC-04_20260916_0010.jpg,2026-09-16 09:35:04,SC-04,smartphone,saudavel,saudavel,0.8322,agrosmart-v1,simulado,sim-2026-09
62e3418c-a602-57e2-afe4-980460b102c9,SC-04_20260916_0011.jpg,2026-09-16 09:35:41,SC-04,smartphone,saudavel,saudavel,0.9829,agrosmart-v1,simulado,sim-2026-09
d3ecc5d2-0806-51ac-ad98-103a38829724,SC-01_20260916_0032.jpg,2026-09-16 09:35:48,SC-01,smartphone,saudavel,saudavel,0.9863,agrosmart-v1,simulado,sim-2026-09
97425264-f708-58b4-b0e6-aab17c470e74,SC-04_20260916_0012.jpg,2026-09-16 09:36:08,SC-04,smartphone,saudavel,saudavel,0.9988,agrosmart-v1,simulado,sim-2026-09
ee8e07ec-61cc-515e-853b-bc4d97745833,SC-01_20260916_0033.jpg,2026-09-16 09:36:21,SC-01,smartphone,saudavel,saudavel,0.9750,agrosmart-v1,simulado,sim-2026-09
277ae32f-a1c5-5994-86e8-1aaba5c99220,SC-01_20260916_0034.jpg,2026-09-16 09:36:49,SC-01,smartphone,saudavel,saudavel,0.8595,agrosmart-v1,simulado,sim-2026-09
6e2b9ad7-b831-5481-88a3-daccd74a4fdf,SC-04_20260916_0013.jpg,2026-09-16 09:37:04,SC-04,smartphone,saudavel,saudavel,0.9202,agrosmart-v1,simulado,sim-2026-09
68b856a3-544e-5b2c-9e17-603782052241,SC-04_20260916_0014.jpg,2026-09-16 09:37:38,SC-04,smartphone,saudavel,saudavel,0.9917,agrosmart-v1,simulado,sim-2026-09
cfe0bafa-9d28-5b4c-8014-3d40470e2a29,SC-01_20260916_0035.jpg,2026-09-16 09:37:40,SC-01,smartphone,saudavel,saudavel,0.9822,agrosmart-v1,simulado,sim-2026-09
d2935e8c-12ae-50c1-9cff-d0a3b4036584,SC-01_20260916_0036.jpg,2026-09-16 09:38:07,SC-01,smartphone,saudavel,saudavel,0.9603,agrosmart-v1,simulado,sim-2026-09
64d63de7-a189-59be-ad9b-137b03506b10,SC-04_20260916_0015.jpg,2026-09-16 09:38:25,SC-04,smartphone,saudavel,saudavel,0.9715,agrosmart-v1,simulado,sim-2026-09
53bdf9e6-56c1-5f0b-ab35-45521f58723c,SC-04_20260916_0016.jpg,2026-09-16 09:38:56,SC-04,smartphone,saudavel,saudavel,0.8999,agrosmart-v1,simulado,sim-2026-09
095af9fe-fbe0-5354-8a12-b8e8ec7dd4f6,SC-01_20260916_0037.jpg,2026-09-16 09:39:00,SC-01,smartphone,saudavel,saudavel,0.9999,agrosmart-v1,simulado,sim-2026-09
619b1134-48f4-5821-997e-1e3db25efaee,SC-04_20260916_0017.jpg,2026-09-16 09:39:32,SC-04,smartphone,saudavel,saudavel,0.9998,agrosmart-v1,simulado,sim-2026-09
47354056-ff7f-5b1c-8fa8-df95d82d5337,SC-04_20260916_0018.jpg,2026-09-16 09:40:14,SC-04,smartphone,saudavel,saudavel,0.8728,agrosmart-v1,simulado,sim-2026-09
558ad09c-d740-5d03-835a-b63ea846805d,SC-04_20260916_0019.jpg,2026-09-16 09:40:55,SC-04,smartphone,saudavel,saudavel,0.9877,agrosmart-v1,simulado,sim-2026-09
09dff108-d952-54a5-8b52-6f76efb65d64,SC-04_20260916_0020.jpg,2026-09-16 09:41:26,SC-04,smartphone,saudavel,saudavel,0.9645,agrosmart-v1,simulado,sim-2026-09
90b62816-29a7-595e-ab14-49c9776b8f98,SC-04_20260916_0021.jpg,2026-09-16 09:42:26,SC-04,smartphone,saudavel,saudavel,0.9526,agrosmart-v1,simulado,sim-2026-09
51801e73-5ab2-5067-8aa7-62a294a03965,SC-04_20260916_0022.jpg,2026-09-16 09:42:43,SC-04,smartphone,saudavel,saudavel,0.6736,agrosmart-v1,simulado,sim-2026-09
6fb6a157-3806-5804-94e2-a228d66c7f6e,SC-04_20260916_0023.jpg,2026-09-16 09:43:37,SC-04,smartphone,saudavel,saudavel,0.9946,agrosmart-v1,simulado,sim-2026-09
2ffa797a-174e-5d0f-8fde-53f0f9bcd8c7,SC-04_20260916_0024.jpg,2026-09-16 09:44:29,SC-04,smartphone,saudavel,saudavel,0.9174,agrosmart-v1,simulado,sim-2026-09
7a90db16-2e82-5a8c-8a9b-16e025b27039,SC-04_20260916_0025.jpg,2026-09-16 09:45:07,SC-04,smartphone,saudavel,saudavel,0.9796,agrosmart-v1,simulado,sim-2026-09
ab1bb56d-e42c-5c52-b5ac-7f3f019edafb,SC-04_20260916_0026.jpg,2026-09-16 09:45:26,SC-04,smartphone,saudavel,saudavel,0.8658,agrosmart-v1,simulado,sim-2026-09
2603735f-5fb6-50e7-ac53-25608f66ae8c,SC-04_20260916_0027.jpg,2026-09-16 09:46:07,SC-04,smartphone,saudavel,saudavel,0.8514,agrosmart-v1,simulado,sim-2026-09
257ec379-3f53-54a9-a439-4af7bf93dff9,SC-04_20260916_0028.jpg,2026-09-16 09:46:53,SC-04,smartphone,saudavel,saudavel,1.0000,agrosmart-v1,simulado,sim-2026-09
0428050a-c0fd-5a20-aba2-b68e2100adaf,SC-04_20260916_0029.jpg,2026-09-16 09:47:28,SC-04,smartphone,saudavel,saudavel,0.9964,agrosmart-v1,simulado,sim-2026-09
1737b1a4-12e6-50fb-b161-995470efbcbc,SC-04_20260916_0030.jpg,2026-09-16 09:48:11,SC-04,smartphone,saudavel,saudavel,0.9726,agrosmart-v1,simulado,sim-2026-09
b3a393f5-54f7-5f27-b70b-12fc3ca7227d,SC-04_20260916_0031.jpg,2026-09-16 09:48:54,SC-04,smartphone,saudavel,saudavel,1.0000,agrosmart-v1,simulado,sim-2026-09
7d20f712-9921-515a-88de-73da1252acb1,SC-04_20260916_0032.jpg,2026-09-16 09:49:23,SC-04,smartphone,saudavel,saudavel,0.9959,agrosmart-v1,simulado,sim-2026-09
6b60f00b-2962-579a-890f-c1aa7a41ee76,SC-04_20260916_0033.jpg,2026-09-16 09:50:15,SC-04,smartphone,saudavel,saudavel,0.9836,agrosmart-v1,simulado,sim-2026-09
640ce673-bbd9-5366-90ef-652a629c831f,BV-04_20260916_0001.jpg,2026-09-16 09:59:53,BV-04,smartphone,saudavel,saudavel,0.8331,agrosmart-v1,simulado,sim-2026-09
56c59ffb-f7ad-552f-aa74-ce44f1dc94b3,BV-04_20260916_0002.jpg,2026-09-16 10:00:46,BV-04,smartphone,saudavel,saudavel,0.8954,agrosmart-v1,simulado,sim-2026-09
d5679582-8e8b-5e34-8140-9140c638086c,BV-04_20260916_0003.jpg,2026-09-16 10:01:11,BV-04,smartphone,saudavel,saudavel,0.9967,agrosmart-v1,simulado,sim-2026-09
eae35ab4-8dcb-568e-8413-84e53f5c5dfa,BV-04_20260916_0004.jpg,2026-09-16 10:02:10,BV-04,smartphone,saudavel,saudavel,0.8824,agrosmart-v1,simulado,sim-2026-09
a107c397-be7b-59d0-b250-6e9818b7cba4,BV-04_20260916_0005.jpg,2026-09-16 10:02:21,BV-04,smartphone,saudavel,saudavel,0.8769,agrosmart-v1,simulado,sim-2026-09
5f512458-7978-5195-bd8a-0c02f8cb6915,BV-04_20260916_0006.jpg,2026-09-16 10:03:21,BV-04,smartphone,saudavel,saudavel,0.8447,agrosmart-v1,simulado,sim-2026-09
09ba639d-149a-5031-a382-8ce836af4558,BV-04_20260916_0007.jpg,2026-09-16 10:03:56,BV-04,smartphone,saudavel,saudavel,0.9733,agrosmart-v1,simulado,sim-2026-09
249055cc-b611-520c-a209-9c83afcf4997,BV-04_20260916_0008.jpg,2026-09-16 10:04:28,BV-04,smartphone,saudavel,saudavel,0.9728,agrosmart-v1,simulado,sim-2026-09
4e3d3e0a-91a7-5bed-91bd-afbd1f0ad91e,BV-04_20260916_0009.jpg,2026-09-16 10:05:22,BV-04,smartphone,saudavel,saudavel,0.8385,agrosmart-v1,simulado,sim-2026-09
c4a692cd-36a3-56fe-93b0-a0f1e170645c,BV-04_20260916_0010.jpg,2026-09-16 10:05:53,BV-04,smartphone,saudavel,saudavel,0.9013,agrosmart-v1,simulado,sim-2026-09
a4b89694-ca4f-58c4-8b84-a76740d0794a,BV-04_20260916_0011.jpg,2026-09-16 10:06:40,BV-04,smartphone,saudavel,saudavel,0.9994,agrosmart-v1,simulado,sim-2026-09
d625d8c7-47e0-508b-acf9-748b750f0e98,BV-04_20260916_0012.jpg,2026-09-16 10:07:26,BV-04,smartphone,saudavel,saudavel,0.9990,agrosmart-v1,simulado,sim-2026-09
ca6dd8a3-d10a-5fcc-bbbc-7b9203dfb5af,BV-04_20260916_0013.jpg,2026-09-16 10:08:01,BV-04,smartphone,saudavel,saudavel,0.9978,agrosmart-v1,simulado,sim-2026-09
ab2a17e7-a886-5f06-aade-8c8cf816f3bd,BV-04_20260916_0014.jpg,2026-09-16 10:08:21,BV-04,smartphone,saudavel,saudavel,0.9993,agrosmart-v1,simulado,sim-2026-09
d340e56b-95fe-5db4-a151-ef7589ef7219,BV-04_20260916_0015.jpg,2026-09-16 10:09:03,BV-04,smartphone,saudavel,saudavel,0.9969,agrosmart-v1,simulado,sim-2026-09
cca6c3a2-9ccc-55ae-8cb4-4bc5d1dd4db2,BV-04_20260916_0016.jpg,2026-09-16 10:10:00,BV-04,smartphone,saudavel,saudavel,0.8622,agrosmart-v1,simulado,sim-2026-09
512804bf-b560-5576-a53b-94b1eb951fa0,SC-03_20260918_0001.jpg,2026-09-18 07:04:54,SC-03,smartphone,saudavel,saudavel,1.0000,agrosmart-v1,simulado,sim-2026-09
ea5dacdb-4841-56ea-a674-dd144381f476,SC-03_20260918_0002.jpg,2026-09-18 07:05:37,SC-03,smartphone,doente,requeima,0.9094,agrosmart-v1,simulado,sim-2026-09
78fb74f5-3e7d-51be-accb-0c867d8bddb9,BV-03_20260918_0001.jpg,2026-09-18 07:06:00,BV-03,smartphone,saudavel,saudavel,0.9960,agrosmart-v1,simulado,sim-2026-09
70868d16-ce11-5b8c-ab9b-10c79b26d737,SC-03_20260918_0003.jpg,2026-09-18 07:06:07,SC-03,smartphone,saudavel,saudavel,0.9408,agrosmart-v1,simulado,sim-2026-09
5bbcd3a1-3975-5bd7-ab18-0e01bee5203f,BV-03_20260918_0002.jpg,2026-09-18 07:06:27,BV-03,smartphone,saudavel,saudavel,0.9700,agrosmart-v1,simulado,sim-2026-09
e0996f25-d72b-541e-b774-94451eae5a3d,SC-03_20260918_0004.jpg,2026-09-18 07:06:54,SC-03,smartphone,saudavel,saudavel,0.9960,agrosmart-v1,simulado,sim-2026-09
e594ff4f-68d5-5aac-9243-fbd7f929676b,BV-03_20260918_0003.jpg,2026-09-18 07:07:03,BV-03,smartphone,saudavel,saudavel,1.0000,agrosmart-v1,simulado,sim-2026-09
8c14fb9b-376d-5846-97c2-a18eaf1bbdca,SC-03_20260918_0005.jpg,2026-09-18 07:07:24,SC-03,smartphone,saudavel,saudavel,0.7861,agrosmart-v1,simulado,sim-2026-09
2657b989-21b0-5dd2-a6ca-aa42310a5ff7,BV-03_20260918_0004.jpg,2026-09-18 07:07:41,BV-03,smartphone,saudavel,saudavel,0.7771,agrosmart-v1,simulado,sim-2026-09
224f71d5-d04f-5c32-80f7-5f4842946582,SC-03_20260918_0006.jpg,2026-09-18 07:08:19,SC-03,smartphone,saudavel,saudavel,0.6543,agrosmart-v1,simulado,sim-2026-09
742a1c3e-80f1-51cc-8edf-5f87ff3972e9,BV-03_20260918_0005.jpg,2026-09-18 07:08:20,BV-03,smartphone,saudavel,saudavel,0.8812,agrosmart-v1,simulado,sim-2026-09
8e863188-c265-5d43-83eb-ec2d91fb4f7b,SC-02_20260918_0001.jpg,2026-09-18 07:09:08,SC-02,smartphone,saudavel,saudavel,0.9438,agrosmart-v1,simulado,sim-2026-09
bfe806ba-35f6-59d4-8f89-2e49651bce7d,SC-03_20260918_0007.jpg,2026-09-18 07:09:09,SC-03,smartphone,saudavel,saudavel,0.9545,agrosmart-v1,simulado,sim-2026-09
04b286c0-726b-5baa-9c9e-db769d789302,BV-03_20260918_0006.jpg,2026-09-18 07:09:28,BV-03,smartphone,saudavel,saudavel,0.9091,agrosmart-v1,simulado,sim-2026-09
4306dd86-9f88-59f8-b5c2-ca6b716097a3,SC-02_20260918_0002.jpg,2026-09-18 07:09:35,SC-02,smartphone,saudavel,saudavel,0.8989,agrosmart-v1,simulado,sim-2026-09
38a1b2d9-8f14-5ad6-92b7-14659cd1f201,SC-03_20260918_0008.jpg,2026-09-18 07:09:41,SC-03,smartphone,saudavel,saudavel,0.8487,agrosmart-v1,simulado,sim-2026-09
ed6d5da7-05df-5a4c-825b-3765f659739b,BV-03_20260918_0007.jpg,2026-09-18 07:10:02,BV-03,smartphone,saudavel,saudavel,0.9634,agrosmart-v1,simulado,sim-2026-09
2ec24443-65b6-54fc-82de-85fb5ef3594a,SC-03_20260918_0009.jpg,2026-09-18 07:10:13,SC-03,smartphone,saudavel,saudavel,0.9691,agrosmart-v1,simulado,sim-2026-09
b1ccec5c-6072-5204-af5e-69e6491bf063,SC-02_20260918_0003.jpg,2026-09-18 07:10:16,SC-02,smartphone,saudavel,saudavel,0.9106,agrosmart-v1,simulado,sim-2026-09
a0989e67-2394-5680-9248-4aa5e443f24f,SC-02_20260918_0004.jpg,2026-09-18 07:10:46,SC-02,smartphone,saudavel,saudavel,0.8494,agrosmart-v1,simulado,sim-2026-09
77731443-32f3-5994-bcab-bb5401ce9250,BV-03_20260918_0008.jpg,2026-09-18 07:10:50,BV-03,smartphone,saudavel,saudavel,0.9274,agrosmart-v1,simulado,sim-2026-09
5b6bd662-a4ac-5c81-bfc1-1b86691f2a37,TI-03_20260918_0001.jpg,2026-09-18 07:10:51,TI-03,drone,saudavel,saudavel,0.9954,agrosmart-v1,simulado,sim-2026-09
4bbeedf0-eb0c-50d7-ad40-e753d9bb098b,SC-03_20260918_0010.jpg,2026-09-18 07:11:08,SC-03,smartphone,saudavel,saudavel,0.9261,agrosmart-v1,simulado,sim-2026-09
86bfc390-690c-54aa-9cf2-6991e2c8a1b6,BV-03_20260918_0009.jpg,2026-09-18 07:11:22,BV-03,smartphone,saudavel,saudavel,0.9559,agrosmart-v1,simulado,sim-2026-09
0933080d-7862-547d-865a-a4ca4eb4773b,TI-03_20260918_0002.jpg,2026-09-18 07:11:28,TI-03,drone,saudavel,saudavel,0.9986,agrosmart-v1,simulado,sim-2026-09
88df6301-0a9f-5a70-8a97-efd93f6fc009,BV-03_20260918_0010.jpg,2026-09-18 07:11:42,BV-03,smartphone,saudavel,saudavel,0.8953,agrosmart-v1,simulado,sim-2026-09
2e0880f1-b0b5-57e4-9b72-4a49343e2497,SC-02_20260918_0005.jpg,2026-09-18 07:11:43,SC-02,smartphone,saudavel,saudavel,0.9022,agrosmart-v1,simulado,sim-2026-09
e0b1ea33-6137-5533-a57c-5ced4e848494,SC-03_20260918_0011.jpg,2026-09-18 07:11:49,SC-03,smartphone,saudavel,saudavel,0.9962,agrosmart-v1,simulado,sim-2026-09
890aabb2-aa2b-5780-ada3-5aa7cc018de6,SC-03_20260918_0012.jpg,2026-09-18 07:12:05,SC-03,smartphone,saudavel,saudavel,0.9844,agrosmart-v1,simulado,sim-2026-09
ac8296b4-8ff1-5318-8dce-56d1f0fdd206,SC-02_20260918_0006.jpg,2026-09-18 07:12:15,SC-02,smartphone,saudavel,saudavel,0.9977,agrosmart-v1,simulado,sim-2026-09
bc14258a-7f8a-59ae-893f-464914677909,TI-03_20260918_0003.jpg,2026-09-18 07:12:25,TI-03,drone,saudavel,saudavel,0.8959,agrosmart-v1,simulado,sim-2026-09
05e93985-c5b4-5206-8ded-c5b8b3425e9b,SC-03_20260918_0013.jpg,2026-09-18 07:12:42,SC-03,smartphone,saudavel,saudavel,0.9693,agrosmart-v1,simulado,sim-2026-09
8892191f-dc8b-582e-9bf1-5f31bf6ed5eb,SC-02_20260918_0007.jpg,2026-09-18 07:12:46,SC-02,smartphone,saudavel,saudavel,0.8473,agrosmart-v1,simulado,sim-2026-09
d50b7b8a-49d9-5b27-b242-09a1e1e4ad63,BV-03_20260918_0011.jpg,2026-09-18 07:12:50,BV-03,smartphone,saudavel,saudavel,0.9357,agrosmart-v1,simulado,sim-2026-09
4790d353-050d-5e07-ac3d-e51a7d9ec37d,TI-03_20260918_0004.jpg,2026-09-18 07:12:59,TI-03,drone,saudavel,saudavel,0.9818,agrosmart-v1,simulado,sim-2026-09
660a45da-7099-53f4-b38b-cb57c507ee27,BV-03_20260918_0012.jpg,2026-09-18 07:13:21,BV-03,smartphone,saudavel,saudavel,0.9557,agrosmart-v1,simulado,sim-2026-09
9dfe317f-6a94-5b7b-8134-d9dcb5fc38d6,TI-03_20260918_0005.jpg,2026-09-18 07:13:21,TI-03,drone,saudavel,saudavel,0.9877,agrosmart-v1,simulado,sim-2026-09
f91df259-bf47-5066-b693-1f1dd4c2208b,SC-03_20260918_0014.jpg,2026-09-18 07:13:42,SC-03,smartphone,saudavel,saudavel,0.9432,agrosmart-v1,simulado,sim-2026-09
8debc3e0-6bb6-5641-abd3-1d5cd32cb88d,SC-02_20260918_0008.jpg,2026-09-18 07:13:49,SC-02,smartphone,saudavel,saudavel,0.9989,agrosmart-v1,simulado,sim-2026-09
96947199-0ce1-590b-8ee3-c84f7d8a522b,BV-03_20260918_0013.jpg,2026-09-18 07:13:52,BV-03,smartphone,saudavel,saudavel,0.9563,agrosmart-v1,simulado,sim-2026-09
245d0953-c865-5ad9-af3a-3bc60cda787a,SC-03_20260918_0015.jpg,2026-09-18 07:14:05,SC-03,smartphone,saudavel,saudavel,0.9773,agrosmart-v1,simulado,sim-2026-09
cae64fbc-93bc-5a98-b83d-2a5cc927436f,SC-02_20260918_0009.jpg,2026-09-18 07:14:12,SC-02,smartphone,doente,pinta_preta,0.8538,agrosmart-v1,simulado,sim-2026-09
db429c14-d8b6-5382-b550-6c99dc703954,TI-03_20260918_0006.jpg,2026-09-18 07:14:14,TI-03,drone,saudavel,saudavel,0.9986,agrosmart-v1,simulado,sim-2026-09
bc2e2df1-8389-5d9c-b42c-9620921f96c2,BV-03_20260918_0014.jpg,2026-09-18 07:14:40,BV-03,smartphone,saudavel,saudavel,0.8410,agrosmart-v1,simulado,sim-2026-09
6bd628eb-0aae-52b8-9f05-f5fb81511d2c,SC-03_20260918_0016.jpg,2026-09-18 07:14:41,SC-03,smartphone,saudavel,saudavel,0.9914,agrosmart-v1,simulado,sim-2026-09
9691cf47-5ee5-50f7-bdce-6f54de603e19,SC-02_20260918_0010.jpg,2026-09-18 07:14:43,SC-02,smartphone,saudavel,saudavel,0.9547,agrosmart-v1,simulado,sim-2026-09
9b19db8f-55c3-5b97-bcc0-f8a7e745644c,TI-03_20260918_0007.jpg,2026-09-18 07:15:04,TI-03,drone,saudavel,saudavel,0.9268,agrosmart-v1,simulado,sim-2026-09
d4cef0dc-d0b4-538b-a00d-535280302ddb,BV-03_20260918_0015.jpg,2026-09-18 07:15:10,BV-03,smartphone,saudavel,saudavel,0.9858,agrosmart-v1,simulado,sim-2026-09
8867afef-a604-572b-bb75-b84fc1120baf,SC-03_20260918_0017.jpg,2026-09-18 07:15:26,SC-03,smartphone,saudavel,saudavel,0.9413,agrosmart-v1,simulado,sim-2026-09
3dafae52-a7b8-5ce2-afcf-dd397f4f1776,SC-02_20260918_0011.jpg,2026-09-18 07:15:36,SC-02,smartphone,saudavel,saudavel,0.9553,agrosmart-v1,simulado,sim-2026-09
81c2075b-2f42-51d8-a7f4-3d75006c0bb3,TI-03_20260918_0008.jpg,2026-09-18 07:15:42,TI-03,drone,saudavel,saudavel,0.5389,agrosmart-v1,simulado,sim-2026-09
b06c5d6e-599f-586a-89eb-b3afaa4bd91f,BV-04_20260918_0001.jpg,2026-09-18 07:15:51,BV-04,smartphone,saudavel,saudavel,0.9000,agrosmart-v1,simulado,sim-2026-09
dd3c3e79-4327-576f-9e55-228628d6468e,TI-03_20260918_0009.jpg,2026-09-18 07:16:02,TI-03,drone,saudavel,saudavel,0.8508,agrosmart-v1,simulado,sim-2026-09
8a5e2c09-f4bd-56a6-8c1d-f85ea6bda656,BV-03_20260918_0016.jpg,2026-09-18 07:16:08,BV-03,smartphone,saudavel,saudavel,0.9482,agrosmart-v1,simulado,sim-2026-09
8432bf81-ddee-57e5-96e0-521ff894174c,SC-02_20260918_0012.jpg,2026-09-18 07:16:19,SC-02,smartphone,saudavel,saudavel,0.9457,agrosmart-v1,simulado,sim-2026-09
a275c2d6-326f-5aca-b752-ddfdfafae695,SC-03_20260918_0018.jpg,2026-09-18 07:16:21,SC-03,smartphone,saudavel,saudavel,0.9874,agrosmart-v1,simulado,sim-2026-09
b03de615-9b32-55f2-8cdb-b22035a8da4a,BV-03_20260918_0017.jpg,2026-09-18 07:16:31,BV-03,smartphone,saudavel,saudavel,0.9524,agrosmart-v1,simulado,sim-2026-09
04de1258-c63f-5ee1-980c-73ffd60ac851,BV-04_20260918_0002.jpg,2026-09-18 07:16:38,BV-04,smartphone,saudavel,saudavel,0.9967,agrosmart-v1,simulado,sim-2026-09
ce327e64-cd16-5fdf-91af-038c51791868,SC-02_20260918_0013.jpg,2026-09-18 07:16:51,SC-02,smartphone,saudavel,saudavel,0.9295,agrosmart-v1,simulado,sim-2026-09
2355b17e-67d7-581f-ba8e-015c5cb3a25d,SC-03_20260918_0019.jpg,2026-09-18 07:17:02,SC-03,smartphone,saudavel,saudavel,0.8921,agrosmart-v1,simulado,sim-2026-09
e123b8b7-ba7d-545a-a703-58dc1f174bcc,BV-04_20260918_0003.jpg,2026-09-18 07:17:04,BV-04,smartphone,saudavel,saudavel,0.8875,agrosmart-v1,simulado,sim-2026-09
0542de8b-7416-575c-8bc3-32bb82bba846,TI-03_20260918_0010.jpg,2026-09-18 07:17:07,TI-03,drone,saudavel,saudavel,0.8627,agrosmart-v1,simulado,sim-2026-09
1fe1f108-5c6d-5238-b855-8fb5ea1c7c33,SC-03_20260918_0020.jpg,2026-09-18 07:17:22,SC-03,smartphone,saudavel,saudavel,0.8943,agrosmart-v1,simulado,sim-2026-09
a1cb54cd-6519-5987-8723-bf130fbd9bd6,BV-03_20260918_0018.jpg,2026-09-18 07:17:27,BV-03,smartphone,saudavel,saudavel,0.9929,agrosmart-v1,simulado,sim-2026-09
c6e1e6ba-884f-518d-9cc6-a5aea79d9737,SC-02_20260918_0014.jpg,2026-09-18 07:17:39,SC-02,smartphone,saudavel,saudavel,0.9772,agrosmart-v1,simulado,sim-2026-09
a58c3a84-e10b-5bf7-afef-e0e2c7364293,TI-03_20260918_0011.jpg,2026-09-18 07:17:43,TI-03,drone,saudavel,saudavel,0.9633,agrosmart-v1,simulado,sim-2026-09
b546e7d7-63d7-5c5c-af33-6bf73ab8c580,BV-04_20260918_0004.jpg,2026-09-18 07:17:50,BV-04,smartphone,saudavel,saudavel,0.9446,agrosmart-v1,simulado,sim-2026-09
ece728b2-933b-515b-a5f1-c0e74646ad05,BV-03_20260918_0019.jpg,2026-09-18 07:18:03,BV-03,smartphone,saudavel,saudavel,0.9213,agrosmart-v1,simulado,sim-2026-09
97193d18-5339-5fc8-85de-752b3e05606d,SC-03_20260918_0021.jpg,2026-09-18 07:18:11,SC-03,smartphone,saudavel,saudavel,0.8287,agrosmart-v1,simulado,sim-2026-09
f9f43fa1-11fb-5e39-94b1-cbb93270b4e6,SC-02_20260918_0015.jpg,2026-09-18 07:18:15,SC-02,smartphone,saudavel,saudavel,0.9846,agrosmart-v1,simulado,sim-2026-09
ec02067e-e905-5d9b-ad6f-43c51a9989c8,TI-03_20260918_0012.jpg,2026-09-18 07:18:21,TI-03,drone,saudavel,saudavel,0.9722,agrosmart-v1,simulado,sim-2026-09
a848927c-4167-51ac-82a4-25309031303a,BV-03_20260918_0020.jpg,2026-09-18 07:18:40,BV-03,smartphone,saudavel,saudavel,0.9669,agrosmart-v1,simulado,sim-2026-09
85a399e8-4ee5-5259-86f6-bf47caf0168c,BV-04_20260918_0005.jpg,2026-09-18 07:18:42,BV-04,smartphone,saudavel,saudavel,0.8711,agrosmart-v1,simulado,sim-2026-09
ab6dd12e-99d7-5dfb-a5d9-91ac56a5dd9c,TI-03_20260918_0013.jpg,2026-09-18 07:18:44,TI-03,drone,doente,pinta_preta,0.8308,agrosmart-v1,simulado,sim-2026-09
ac113628-127c-52c8-af6e-45ddff8ffe12,SC-02_20260918_0016.jpg,2026-09-18 07:18:54,SC-02,smartphone,saudavel,saudavel,0.9349,agrosmart-v1,simulado,sim-2026-09
0f06429f-d6c0-5ead-a656-4591088e21ed,SC-03_20260918_0022.jpg,2026-09-18 07:18:54,SC-03,smartphone,saudavel,saudavel,0.9821,agrosmart-v1,simulado,sim-2026-09
038222e2-9d31-58ab-b643-356a8cae6f7d,BV-04_20260918_0006.jpg,2026-09-18 07:19:00,BV-04,smartphone,saudavel,saudavel,0.9108,agrosmart-v1,simulado,sim-2026-09
3ab62099-9cb7-58f1-8647-5ad2b65f8af3,BV-03_20260918_0021.jpg,2026-09-18 07:19:13,BV-03,smartphone,saudavel,saudavel,0.9916,agrosmart-v1,simulado,sim-2026-09
db8e2556-0b48-5171-af81-7577feed83ea,SC-02_20260918_0017.jpg,2026-09-18 07:19:22,SC-02,smartphone,saudavel,saudavel,0.9326,agrosmart-v1,simulado,sim-2026-09
09290c05-059d-5cf3-8e8d-13b38b729140,SC-03_20260918_0023.jpg,2026-09-18 07:19:28,SC-03,smartphone,saudavel,saudavel,0.9170,agrosmart-v1,simulado,sim-2026-09
fa34a06b-fc33-5e72-9b09-e1001609ba60,TI-03_20260918_0014.jpg,2026-09-18 07:19:38,TI-03,drone,saudavel,saudavel,0.9753,agrosmart-v1,simulado,sim-2026-09
0a92e63e-4599-55e5-be39-0667a4a1a3c6,BV-04_20260918_0007.jpg,2026-09-18 07:19:58,BV-04,smartphone,saudavel,saudavel,0.8668,agrosmart-v1,simulado,sim-2026-09
50ca0669-d823-545a-b954-2ae3bb72f1ee,SC-02_20260918_0018.jpg,2026-09-18 07:20:18,SC-02,smartphone,saudavel,saudavel,0.8409,agrosmart-v1,simulado,sim-2026-09
6f365146-87f0-5118-ac36-912b61e47b13,TI-03_20260918_0015.jpg,2026-09-18 07:20:20,TI-03,drone,doente,pinta_preta,0.6819,agrosmart-v1,simulado,sim-2026-09
c5096e6b-3a4b-502b-90d4-5ed367c2d847,SC-03_20260918_0024.jpg,2026-09-18 07:20:28,SC-03,smartphone,saudavel,saudavel,0.9060,agrosmart-v1,simulado,sim-2026-09
5444cbed-f058-5ef4-9330-d1bcce723683,BV-04_20260918_0008.jpg,2026-09-18 07:20:29,BV-04,smartphone,saudavel,saudavel,0.9787,agrosmart-v1,simulado,sim-2026-09
3aadf5c2-5d4e-5683-8271-987e10f413c2,SC-03_20260918_0025.jpg,2026-09-18 07:20:49,SC-03,smartphone,saudavel,saudavel,0.9996,agrosmart-v1,simulado,sim-2026-09
e8fb6f4a-1e63-52c5-9285-e61e3919a729,TI-03_20260918_0016.jpg,2026-09-18 07:20:58,TI-03,drone,saudavel,saudavel,0.9268,agrosmart-v1,simulado,sim-2026-09
c5ce4239-5ccb-5245-874f-8d8d7d76943f,SC-02_20260918_0019.jpg,2026-09-18 07:21:00,SC-02,smartphone,saudavel,saudavel,0.8839,agrosmart-v1,simulado,sim-2026-09
b6d9ecfc-2aa5-5664-b7c9-5e497f6b5479,BV-04_20260918_0009.jpg,2026-09-18 07:21:04,BV-04,smartphone,saudavel,saudavel,0.8722,agrosmart-v1,simulado,sim-2026-09
fff7141c-96f3-5469-aab8-27a424490440,TI-03_20260918_0017.jpg,2026-09-18 07:21:29,TI-03,drone,saudavel,saudavel,0.8440,agrosmart-v1,simulado,sim-2026-09
2af89070-5145-520f-b271-ab358ffcbf4d,SC-02_20260918_0020.jpg,2026-09-18 07:21:37,SC-02,smartphone,saudavel,saudavel,0.8332,agrosmart-v1,simulado,sim-2026-09
e0069114-dbef-55da-a962-0793cd76e4aa,BV-04_20260918_0010.jpg,2026-09-18 07:21:40,BV-04,smartphone,saudavel,saudavel,0.9705,agrosmart-v1,simulado,sim-2026-09
ac90e5b0-abe5-5523-bd37-00082ea63513,TI-03_20260918_0018.jpg,2026-09-18 07:22:22,TI-03,drone,saudavel,saudavel,0.8605,agrosmart-v1,simulado,sim-2026-09
c8fe710f-fceb-5005-b595-37345d0d41b9,BV-04_20260918_0011.jpg,2026-09-18 07:22:23,BV-04,smartphone,saudavel,saudavel,0.8574,agrosmart-v1,simulado,sim-2026-09
38bfa534-f761-5511-8e3b-afad31ccfefe,SC-02_20260918_0021.jpg,2026-09-18 07:22:23,SC-02,smartphone,saudavel,saudavel,0.8381,agrosmart-v1,simulado,sim-2026-09
2a7a1fa9-2019-51e1-8740-360937f7b84b,TI-03_20260918_0019.jpg,2026-09-18 07:22:55,TI-03,drone,doente,pinta_preta,0.6537,agrosmart-v1,simulado,sim-2026-09
330d7a18-0166-5e28-bfd6-062d6bc2b73d,SC-02_20260918_0022.jpg,2026-09-18 07:23:01,SC-02,smartphone,saudavel,saudavel,0.9715,agrosmart-v1,simulado,sim-2026-09
64a3729e-74a8-5c00-9ff6-ed697a6f4361,BV-04_20260918_0012.jpg,2026-09-18 07:23:08,BV-04,smartphone,saudavel,saudavel,0.8859,agrosmart-v1,simulado,sim-2026-09
f213cf15-8f20-5d8f-846e-936db0902ba2,SC-02_20260918_0023.jpg,2026-09-18 07:23:33,SC-02,smartphone,saudavel,saudavel,0.9215,agrosmart-v1,simulado,sim-2026-09
ddba4b0e-84a5-5bc3-94aa-10ed39014639,BV-04_20260918_0013.jpg,2026-09-18 07:23:41,BV-04,smartphone,saudavel,saudavel,0.9114,agrosmart-v1,simulado,sim-2026-09
99d65b31-0d0f-5059-8cad-dabc14242050,TI-03_20260918_0020.jpg,2026-09-18 07:23:41,TI-03,drone,saudavel,saudavel,0.9771,agrosmart-v1,simulado,sim-2026-09
496d3a65-9f91-5b7f-b068-595da5e8dec5,TI-03_20260918_0021.jpg,2026-09-18 07:24:03,TI-03,drone,saudavel,saudavel,0.9379,agrosmart-v1,simulado,sim-2026-09
b52210cd-31cd-52d1-af93-329e891029bb,SC-02_20260918_0024.jpg,2026-09-18 07:24:16,SC-02,smartphone,saudavel,saudavel,0.9999,agrosmart-v1,simulado,sim-2026-09
2f08a2a5-ea84-5cf0-95df-dcb9b544d622,BV-04_20260918_0014.jpg,2026-09-18 07:24:35,BV-04,smartphone,saudavel,saudavel,0.9881,agrosmart-v1,simulado,sim-2026-09
16f883e5-e08f-55f7-8b7f-a822f2777180,TI-03_20260918_0022.jpg,2026-09-18 07:25:06,TI-03,drone,saudavel,saudavel,0.9706,agrosmart-v1,simulado,sim-2026-09
1cbc315f-421a-5b1d-aef5-19b8fe16e959,SC-02_20260918_0025.jpg,2026-09-18 07:25:10,SC-02,smartphone,saudavel,saudavel,0.8818,agrosmart-v1,simulado,sim-2026-09
03b8dfca-78bb-511e-ab7f-971d86875bef,BV-04_20260918_0015.jpg,2026-09-18 07:25:17,BV-04,smartphone,saudavel,saudavel,0.9866,agrosmart-v1,simulado,sim-2026-09
879210c3-f6ec-588a-a6f2-511e63f9fe64,SC-02_20260918_0026.jpg,2026-09-18 07:25:27,SC-02,smartphone,saudavel,saudavel,0.8612,agrosmart-v1,simulado,sim-2026-09
15596e27-d1c8-569b-b6ed-82a7fa69c1b6,TI-03_20260918_0023.jpg,2026-09-18 07:25:28,TI-03,drone,saudavel,saudavel,0.9711,agrosmart-v1,simulado,sim-2026-09
09d10983-8762-5f1c-b540-c5cfb819c74a,BV-04_20260918_0016.jpg,2026-09-18 07:25:48,BV-04,smartphone,saudavel,saudavel,0.8621,agrosmart-v1,simulado,sim-2026-09
d468c73e-bd50-52e4-9d5a-4cd1bdab06ff,SC-02_20260918_0027.jpg,2026-09-18 07:26:08,SC-02,smartphone,saudavel,saudavel,0.9866,agrosmart-v1,simulado,sim-2026-09
92e5db2f-9fb4-5037-827e-d73e88c9f6ec,TI-03_20260918_0024.jpg,2026-09-18 07:26:20,TI-03,drone,doente,pinta_preta,0.6050,agrosmart-v1,simulado,sim-2026-09
c1cc9ea7-cbe3-5939-b9f9-e930fd8b9b43,BV-04_20260918_0017.jpg,2026-09-18 07:26:32,BV-04,smartphone,doente,vaquinha,0.7036,agrosmart-v1,simulado,sim-2026-09
722683fa-f016-5add-8937-b3d4d8b60f2f,TI-03_20260918_0025.jpg,2026-09-18 07:26:53,TI-03,drone,saudavel,saudavel,0.8681,agrosmart-v1,simulado,sim-2026-09
668d0abe-067c-5674-b1e1-99ccddffc9fa,SC-02_20260918_0028.jpg,2026-09-18 07:27:03,SC-02,smartphone,saudavel,saudavel,0.9702,agrosmart-v1,simulado,sim-2026-09
1398d563-8b35-5d28-bed9-d3f690b2bd4a,BV-04_20260918_0018.jpg,2026-09-18 07:27:10,BV-04,smartphone,saudavel,saudavel,0.8504,agrosmart-v1,simulado,sim-2026-09
88e90c97-a186-510f-8f2d-8d32e463092f,TI-03_20260918_0026.jpg,2026-09-18 07:27:42,TI-03,drone,saudavel,saudavel,0.8791,agrosmart-v1,simulado,sim-2026-09
d02a4677-5e0d-5432-9172-53b3273ce9a1,SC-02_20260918_0029.jpg,2026-09-18 07:27:45,SC-02,smartphone,saudavel,saudavel,0.9795,agrosmart-v1,simulado,sim-2026-09
8987aa89-abe3-5a93-b609-75dc1d64263e,BV-04_20260918_0019.jpg,2026-09-18 07:28:06,BV-04,smartphone,doente,mosca_minadora,0.8394,agrosmart-v1,simulado,sim-2026-09
d7f18033-fc4e-57ef-9413-a230a323584d,SC-02_20260918_0030.jpg,2026-09-18 07:28:09,SC-02,smartphone,saudavel,saudavel,0.9592,agrosmart-v1,simulado,sim-2026-09
0c14ba7e-f101-577f-ae8e-888de0dffb0d,TI-03_20260918_0027.jpg,2026-09-18 07:28:17,TI-03,drone,doente,pinta_preta,0.8929,agrosmart-v1,simulado,sim-2026-09
5c40a7b9-c510-5fb4-99dc-6698688483ca,BV-04_20260918_0020.jpg,2026-09-18 07:28:32,BV-04,smartphone,saudavel,saudavel,0.9441,agrosmart-v1,simulado,sim-2026-09
a08dd9d7-07b6-5957-ad0a-33694a3dee06,SC-02_20260918_0031.jpg,2026-09-18 07:29:02,SC-02,smartphone,saudavel,saudavel,0.8979,agrosmart-v1,simulado,sim-2026-09
66675f99-b68e-5aa0-95fc-38219ca24451,TI-03_20260918_0028.jpg,2026-09-18 07:29:03,TI-03,drone,saudavel,saudavel,0.9909,agrosmart-v1,simulado,sim-2026-09
47a3ee79-1276-5d0f-aa2d-f87e92baeb9c,BV-04_20260918_0021.jpg,2026-09-18 07:29:20,BV-04,smartphone,saudavel,saudavel,0.8751,agrosmart-v1,simulado,sim-2026-09
f73a695f-50bc-5036-a2ec-1853660b5dd5,SC-02_20260918_0032.jpg,2026-09-18 07:29:42,SC-02,smartphone,saudavel,saudavel,0.9998,agrosmart-v1,simulado,sim-2026-09
598a66a3-5dd7-5cd2-9947-ad33dd850858,TI-03_20260918_0029.jpg,2026-09-18 07:29:47,TI-03,drone,saudavel,saudavel,0.9984,agrosmart-v1,simulado,sim-2026-09
d6914310-d241-5fe8-83ba-4e00d07ba974,TI-03_20260918_0030.jpg,2026-09-18 07:30:28,TI-03,drone,saudavel,saudavel,0.5538,agrosmart-v1,simulado,sim-2026-09
d4450a70-844d-5675-a0ed-9403483d5d1f,SC-02_20260918_0033.jpg,2026-09-18 07:30:30,SC-02,smartphone,saudavel,saudavel,0.9421,agrosmart-v1,simulado,sim-2026-09
f6100bf8-40ae-57f6-9a67-470fd0d8745b,TI-03_20260918_0031.jpg,2026-09-18 07:30:49,TI-03,drone,saudavel,saudavel,0.9149,agrosmart-v1,simulado,sim-2026-09
8d9f9e04-bd14-5869-812e-48d3c101fc3a,SC-02_20260918_0034.jpg,2026-09-18 07:30:58,SC-02,smartphone,saudavel,saudavel,0.9837,agrosmart-v1,simulado,sim-2026-09
95acea21-af3a-5bf8-b1fa-c17ab90687be,SC-02_20260918_0035.jpg,2026-09-18 07:31:36,SC-02,smartphone,saudavel,saudavel,0.9470,agrosmart-v1,simulado,sim-2026-09
fe60bc55-286d-5453-a0c4-0f9614a2af9d,TI-03_20260918_0032.jpg,2026-09-18 07:31:43,TI-03,drone,saudavel,saudavel,0.9411,agrosmart-v1,simulado,sim-2026-09
dd987132-e657-5f45-94f5-b84f5555649d,TI-03_20260918_0033.jpg,2026-09-18 07:32:06,TI-03,drone,saudavel,saudavel,0.8262,agrosmart-v1,simulado,sim-2026-09
3cf7bddc-2607-5109-a4b4-d624aef3d02c,TI-03_20260918_0034.jpg,2026-09-18 07:32:43,TI-03,drone,saudavel,saudavel,0.9422,agrosmart-v1,simulado,sim-2026-09
20e1ffb4-67d4-5b71-bbff-e505051b92ba,TI-03_20260918_0035.jpg,2026-09-18 07:33:34,TI-03,drone,saudavel,saudavel,0.8214,agrosmart-v1,simulado,sim-2026-09
357a71ce-917a-5798-a0f9-4c5c5406cd04,TI-03_20260918_0036.jpg,2026-09-18 07:34:17,TI-03,drone,saudavel,saudavel,0.9888,agrosmart-v1,simulado,sim-2026-09
b1d6a12a-dc16-512b-929c-9c1a1a5f5315,TI-03_20260918_0037.jpg,2026-09-18 07:35:08,TI-03,drone,saudavel,saudavel,0.9982,agrosmart-v1,simulado,sim-2026-09
d9ab8a2b-91d2-5a6d-b15a-5bde92a10eb5,TI-03_20260918_0038.jpg,2026-09-18 07:35:49,TI-03,drone,doente,pinta_preta,0.8675,agrosmart-v1,simulado,sim-2026-09
bbe84b76-438d-5197-b485-abf091dd98de,TI-03_20260918_0039.jpg,2026-09-18 07:36:30,TI-03,drone,saudavel,saudavel,0.8755,agrosmart-v1,simulado,sim-2026-09
c0c6b930-df07-5403-999b-121aa103e767,TI-03_20260918_0040.jpg,2026-09-18 07:37:08,TI-03,drone,saudavel,saudavel,0.7662,agrosmart-v1,simulado,sim-2026-09
ed61f833-940f-52d4-a60a-abbc738600ec,SC-01_20260918_0001.jpg,2026-09-18 07:49:10,SC-01,smartphone,doente,requeima,0.9815,agrosmart-v1,simulado,sim-2026-09
6e851363-b4cb-56aa-9311-5575162c944d,SC-01_20260918_0002.jpg,2026-09-18 07:49:21,SC-01,smartphone,saudavel,saudavel,0.9975,agrosmart-v1,simulado,sim-2026-09
45f55c35-f6cb-5db3-842f-2464a6c9cb40,SC-01_20260918_0003.jpg,2026-09-18 07:50:29,SC-01,smartphone,saudavel,saudavel,0.8491,agrosmart-v1,simulado,sim-2026-09
e23e16fb-1fd2-5c8f-a999-cbee8678fc0b,SC-01_20260918_0004.jpg,2026-09-18 07:50:55,SC-01,smartphone,saudavel,saudavel,0.9471,agrosmart-v1,simulado,sim-2026-09
3a0289e7-ae74-5257-94a4-64d3858a0b58,SC-01_20260918_0005.jpg,2026-09-18 07:51:37,SC-01,smartphone,saudavel,saudavel,0.9577,agrosmart-v1,simulado,sim-2026-09
71f2267a-d323-5c5f-8331-ffb8d1bae38d,SC-01_20260918_0006.jpg,2026-09-18 07:52:05,SC-01,smartphone,doente,mosca_minadora,0.9548,agrosmart-v1,simulado,sim-2026-09
c247e596-c7de-5a69-bdd1-1e120ee77fec,SC-01_20260918_0007.jpg,2026-09-18 07:52:54,SC-01,smartphone,saudavel,saudavel,0.9822,agrosmart-v1,simulado,sim-2026-09
1328b139-8d33-55d3-a249-958666f258b4,SC-01_20260918_0008.jpg,2026-09-18 07:53:31,SC-01,smartphone,saudavel,saudavel,0.8334,agrosmart-v1,simulado,sim-2026-09
b1cc9544-96bf-5cb0-9aad-371f637b4bdf,SC-01_20260918_0009.jpg,2026-09-18 07:54:10,SC-01,smartphone,saudavel,saudavel,0.8547,agrosmart-v1,simulado,sim-2026-09
89e923e0-336e-5420-985f-ec31cdc46887,SC-01_20260918_0010.jpg,2026-09-18 07:54:50,SC-01,smartphone,saudavel,saudavel,0.9606,agrosmart-v1,simulado,sim-2026-09
cf125c7f-5449-562d-8b16-a777475f1ad8,SC-01_20260918_0011.jpg,2026-09-18 07:55:34,SC-01,smartphone,saudavel,saudavel,0.9596,agrosmart-v1,simulado,sim-2026-09
709619f7-829b-5dbb-baa2-576413874488,SC-01_20260918_0012.jpg,2026-09-18 07:56:24,SC-01,smartphone,saudavel,saudavel,0.9068,agrosmart-v1,simulado,sim-2026-09
74f82858-8510-509b-a916-cbc1feeb5433,SC-01_20260918_0013.jpg,2026-09-18 07:57:07,SC-01,smartphone,saudavel,saudavel,0.9139,agrosmart-v1,simulado,sim-2026-09
5f4214ce-37ff-5a7f-b907-b537c53f1fe6,SC-01_20260918_0014.jpg,2026-09-18 07:57:40,SC-01,smartphone,saudavel,saudavel,0.9527,agrosmart-v1,simulado,sim-2026-09
b74f427b-8813-5355-a68e-a72eb53e0e47,SC-01_20260918_0015.jpg,2026-09-18 07:58:02,SC-01,smartphone,saudavel,saudavel,0.9981,agrosmart-v1,simulado,sim-2026-09
3ceeaace-1d39-54d0-a178-c45530bab4b5,SC-01_20260918_0016.jpg,2026-09-18 07:59:02,SC-01,smartphone,doente,vaquinha,1.0000,agrosmart-v1,simulado,sim-2026-09
7eea4a43-31e7-541f-baa1-5dfd3081233d,SC-01_20260918_0017.jpg,2026-09-18 07:59:49,SC-01,smartphone,saudavel,saudavel,0.9864,agrosmart-v1,simulado,sim-2026-09
2321c02e-6426-5c37-8147-be7cde345208,SC-01_20260918_0018.jpg,2026-09-18 08:00:02,SC-01,smartphone,saudavel,saudavel,0.9393,agrosmart-v1,simulado,sim-2026-09
94767a68-f90b-5175-9edf-d14aa4116f29,SC-01_20260918_0019.jpg,2026-09-18 08:00:46,SC-01,smartphone,saudavel,saudavel,0.8928,agrosmart-v1,simulado,sim-2026-09
c99041ec-1147-525f-98cd-89e7781ea01f,SC-01_20260918_0020.jpg,2026-09-18 08:01:42,SC-01,smartphone,saudavel,saudavel,0.8892,agrosmart-v1,simulado,sim-2026-09
ef564a91-4f00-504e-9bdb-e2f14e502858,SC-01_20260918_0021.jpg,2026-09-18 08:02:18,SC-01,smartphone,saudavel,saudavel,0.9386,agrosmart-v1,simulado,sim-2026-09
3f597f2e-5364-506d-abee-21d532c540f0,SC-01_20260918_0022.jpg,2026-09-18 08:02:56,SC-01,smartphone,saudavel,saudavel,0.9326,agrosmart-v1,simulado,sim-2026-09
aedd4daa-c53a-574f-8c4a-ac81076a35a1,SC-01_20260918_0023.jpg,2026-09-18 08:03:49,SC-01,smartphone,saudavel,saudavel,0.9754,agrosmart-v1,simulado,sim-2026-09
7da01ddc-7f66-5bc2-b4bf-5c7e8207ab03,SC-01_20260918_0024.jpg,2026-09-18 08:04:19,SC-01,smartphone,saudavel,saudavel,0.8276,agrosmart-v1,simulado,sim-2026-09
9675f231-044b-59e6-8ac6-5d29c410161b,SC-01_20260918_0025.jpg,2026-09-18 08:04:46,SC-01,smartphone,saudavel,saudavel,0.9996,agrosmart-v1,simulado,sim-2026-09
46b90e36-2330-57ca-a891-7fea9120ef02,SC-01_20260918_0026.jpg,2026-09-18 08:05:29,SC-01,smartphone,saudavel,saudavel,0.8707,agrosmart-v1,simulado,sim-2026-09
ab68eee7-b1d9-50a1-8230-3cccf5a001bb,SC-01_20260918_0027.jpg,2026-09-18 08:06:06,SC-01,smartphone,saudavel,saudavel,0.9841,agrosmart-v1,simulado,sim-2026-09
3415d105-d6e8-5f45-b835-b1c30951ae2d,SC-01_20260918_0028.jpg,2026-09-18 08:07:00,SC-01,smartphone,saudavel,saudavel,0.8241,agrosmart-v1,simulado,sim-2026-09
cb874d04-f640-50e1-b0c7-038e2fd72d99,SC-01_20260918_0029.jpg,2026-09-18 08:07:27,SC-01,smartphone,saudavel,saudavel,0.9727,agrosmart-v1,simulado,sim-2026-09
47d2717d-02dc-5231-99ec-f74d16bc74e6,SC-01_20260918_0030.jpg,2026-09-18 08:08:06,SC-01,smartphone,saudavel,saudavel,0.9922,agrosmart-v1,simulado,sim-2026-09
ddefdf92-d8ef-57ef-8377-aa8297ab2f4f,SC-01_20260918_0031.jpg,2026-09-18 08:09:01,SC-01,smartphone,saudavel,saudavel,0.9987,agrosmart-v1,simulado,sim-2026-09
d7fe3fc6-0ff4-5887-a5ae-5d178c9fb65b,SC-01_20260918_0032.jpg,2026-09-18 08:09:43,SC-01,smartphone,saudavel,saudavel,0.9136,agrosmart-v1,simulado,sim-2026-09
2d9f2fcb-936e-5446-831d-6e16e0c94b86,BV-01_20260918_0001.jpg,2026-09-18 08:55:56,BV-01,smartphone,saudavel,saudavel,0.8564,agrosmart-v1,simulado,sim-2026-09
d7ab05ae-0f72-5212-b68c-7f4e125038ea,TI-04_20260918_0001.jpg,2026-09-18 08:56:09,TI-04,drone,saudavel,saudavel,0.9698,agrosmart-v1,simulado,sim-2026-09
e6bfcbcf-1d86-5051-8e5c-82288a5837ea,BV-01_20260918_0002.jpg,2026-09-18 08:56:21,BV-01,smartphone,saudavel,saudavel,0.8537,agrosmart-v1,simulado,sim-2026-09
c2f01761-e562-5aeb-bc3c-2080331f81a0,TI-04_20260918_0002.jpg,2026-09-18 08:56:40,TI-04,drone,saudavel,saudavel,0.9946,agrosmart-v1,simulado,sim-2026-09
98d1cf5c-623a-59d5-b2f8-6601b3d17887,TI-04_20260918_0003.jpg,2026-09-18 08:57:20,TI-04,drone,saudavel,saudavel,0.9991,agrosmart-v1,simulado,sim-2026-09
eb671727-86ba-5265-8c82-df0cfcf0151d,BV-01_20260918_0003.jpg,2026-09-18 08:57:24,BV-01,smartphone,saudavel,saudavel,0.9929,agrosmart-v1,simulado,sim-2026-09
9ba0c0e4-7920-50fc-b95e-0b6a33adb69f,TI-04_20260918_0004.jpg,2026-09-18 08:57:48,TI-04,drone,saudavel,saudavel,0.7245,agrosmart-v1,simulado,sim-2026-09
90fa7cf4-501b-5435-ac1e-3e7b563936b1,BV-01_20260918_0004.jpg,2026-09-18 08:57:55,BV-01,smartphone,saudavel,saudavel,0.9146,agrosmart-v1,simulado,sim-2026-09
6775edfb-4089-505c-aae7-f1ce9f78a1b5,BV-01_20260918_0005.jpg,2026-09-18 08:58:42,BV-01,smartphone,saudavel,saudavel,0.8501,agrosmart-v1,simulado,sim-2026-09
cce68313-964f-593a-9c1e-15b5579a7a6d,TI-04_20260918_0005.jpg,2026-09-18 08:58:49,TI-04,drone,saudavel,saudavel,0.9970,agrosmart-v1,simulado,sim-2026-09
ae715bcb-1b02-5aae-981e-0349ee7fb314,TI-04_20260918_0006.jpg,2026-09-18 08:59:05,TI-04,drone,saudavel,saudavel,0.9600,agrosmart-v1,simulado,sim-2026-09
54e944a6-46dc-55b0-8100-f724626d05e7,BV-01_20260918_0006.jpg,2026-09-18 08:59:26,BV-01,smartphone,saudavel,saudavel,0.7314,agrosmart-v1,simulado,sim-2026-09
70cbe17d-495d-533b-86c9-d2c577ffd0d9,BV-01_20260918_0007.jpg,2026-09-18 08:59:42,BV-01,smartphone,saudavel,saudavel,0.9398,agrosmart-v1,simulado,sim-2026-09
8178c1e3-9df0-5174-a3bb-b19ccc280f60,TI-04_20260918_0007.jpg,2026-09-18 08:59:57,TI-04,drone,saudavel,saudavel,0.9868,agrosmart-v1,simulado,sim-2026-09
b9c52fcf-c8d6-5101-9776-581e42b0fb6a,BV-01_20260918_0008.jpg,2026-09-18 09:00:41,BV-01,smartphone,saudavel,saudavel,0.8413,agrosmart-v1,simulado,sim-2026-09
898b86b7-7b44-5614-90ff-08c2f87ccf91,TI-04_20260918_0008.jpg,2026-09-18 09:00:41,TI-04,drone,doente,vaquinha,0.8459,agrosmart-v1,simulado,sim-2026-09
bdb6c5f4-a4bd-507e-a17b-488e1a71b373,TI-04_20260918_0009.jpg,2026-09-18 09:01:12,TI-04,drone,saudavel,saudavel,0.9991,agrosmart-v1,simulado,sim-2026-09
bd7995bb-6ded-5463-9d02-8782facd1f0a,BV-01_20260918_0009.jpg,2026-09-18 09:01:23,BV-01,smartphone,saudavel,saudavel,1.0000,agrosmart-v1,simulado,sim-2026-09
3102aff0-4301-5370-8d57-76049faa407c,TI-04_20260918_0010.jpg,2026-09-18 09:01:51,TI-04,drone,saudavel,saudavel,0.9069,agrosmart-v1,simulado,sim-2026-09
eb87730c-fa39-57f3-bf50-a878700ac13d,BV-01_20260918_0010.jpg,2026-09-18 09:02:09,BV-01,smartphone,saudavel,saudavel,0.8655,agrosmart-v1,simulado,sim-2026-09
0a573c65-77d8-5e40-b4e9-1d10ec84bf23,BV-01_20260918_0011.jpg,2026-09-18 09:02:41,BV-01,smartphone,saudavel,saudavel,0.9512,agrosmart-v1,simulado,sim-2026-09
42418dd7-26c8-54c8-ac7b-3c165fd33981,TI-04_20260918_0011.jpg,2026-09-18 09:02:49,TI-04,drone,saudavel,saudavel,0.9877,agrosmart-v1,simulado,sim-2026-09
bed153c5-adb6-51eb-9137-6c4ae9467110,TI-04_20260918_0012.jpg,2026-09-18 09:03:03,TI-04,drone,saudavel,saudavel,0.9547,agrosmart-v1,simulado,sim-2026-09
787e3d65-1ff5-5949-b6fb-fc04ce5e841d,BV-01_20260918_0012.jpg,2026-09-18 09:03:14,BV-01,smartphone,doente,requeima,0.8677,agrosmart-v1,simulado,sim-2026-09
f079b9d2-dfc6-58c1-a795-38c39f25d186,BV-01_20260918_0013.jpg,2026-09-18 09:04:00,BV-01,smartphone,saudavel,saudavel,0.9983,agrosmart-v1,simulado,sim-2026-09
83eb9704-52fa-55d9-875c-54cdecccdeeb,TI-04_20260918_0013.jpg,2026-09-18 09:04:04,TI-04,drone,saudavel,saudavel,0.8529,agrosmart-v1,simulado,sim-2026-09
57bfeb99-aa07-538b-8f2b-f955d7f749a6,TI-04_20260918_0014.jpg,2026-09-18 09:04:21,TI-04,drone,saudavel,saudavel,0.9857,agrosmart-v1,simulado,sim-2026-09
63619950-d25c-506c-adc8-cc46ee1bfc72,BV-01_20260918_0014.jpg,2026-09-18 09:04:26,BV-01,smartphone,saudavel,saudavel,0.9463,agrosmart-v1,simulado,sim-2026-09
bedac200-1128-5676-a5ec-3177465daf57,BV-01_20260918_0015.jpg,2026-09-18 09:05:12,BV-01,smartphone,saudavel,saudavel,0.9921,agrosmart-v1,simulado,sim-2026-09
b00069da-6ff9-56af-a421-181f8716194a,TI-04_20260918_0015.jpg,2026-09-18 09:05:26,TI-04,drone,saudavel,saudavel,0.8747,agrosmart-v1,simulado,sim-2026-09
905a27a9-b594-56e4-be46-a6145cd65a01,BV-01_20260918_0016.jpg,2026-09-18 09:06:01,BV-01,smartphone,saudavel,saudavel,1.0000,agrosmart-v1,simulado,sim-2026-09
a8d52e45-6383-5543-b4a1-e15f94ada45a,TI-04_20260918_0016.jpg,2026-09-18 09:06:08,TI-04,drone,saudavel,saudavel,0.8538,agrosmart-v1,simulado,sim-2026-09
ac0ce80c-aebd-52b0-940c-63f700f0900e,BV-01_20260918_0017.jpg,2026-09-18 09:06:20,BV-01,smartphone,saudavel,saudavel,0.9830,agrosmart-v1,simulado,sim-2026-09
e7b76138-6b60-5fa2-a338-87036a2fe03c,TI-04_20260918_0017.jpg,2026-09-18 09:06:44,TI-04,drone,saudavel,saudavel,0.9932,agrosmart-v1,simulado,sim-2026-09
50b7095c-18d2-53de-b800-944265ff0f5b,BV-01_20260918_0018.jpg,2026-09-18 09:07:03,BV-01,smartphone,saudavel,saudavel,0.9242,agrosmart-v1,simulado,sim-2026-09
0bb4baed-6553-5960-aabc-e61e99defa41,TI-04_20260918_0018.jpg,2026-09-18 09:07:12,TI-04,drone,saudavel,saudavel,0.9998,agrosmart-v1,simulado,sim-2026-09
a10c957c-e70e-5d12-af65-cd4a44a8b4f0,TI-04_20260918_0019.jpg,2026-09-18 09:07:40,TI-04,drone,saudavel,saudavel,0.9972,agrosmart-v1,simulado,sim-2026-09
09931537-2606-5d84-9338-4a516d93a2aa,BV-01_20260918_0019.jpg,2026-09-18 09:07:53,BV-01,smartphone,saudavel,saudavel,0.8765,agrosmart-v1,simulado,sim-2026-09
def7e825-685d-5b42-8584-ba4449f68529,TI-04_20260918_0020.jpg,2026-09-18 09:08:28,TI-04,drone,doente,vaquinha,0.9610,agrosmart-v1,simulado,sim-2026-09
9a986b9b-08ee-53fe-9805-1c98658dd199,BV-01_20260918_0020.jpg,2026-09-18 09:08:44,BV-01,smartphone,saudavel,saudavel,0.8455,agrosmart-v1,simulado,sim-2026-09
2fc6f085-b453-5868-9552-a90f3647d575,BV-01_20260918_0021.jpg,2026-09-18 09:09:11,BV-01,smartphone,saudavel,saudavel,0.9363,agrosmart-v1,simulado,sim-2026-09
9133273c-060a-52f5-8849-aa4020f91267,TI-04_20260918_0021.jpg,2026-09-18 09:09:12,TI-04,drone,saudavel,saudavel,0.9468,agrosmart-v1,simulado,sim-2026-09
884dc28a-ec57-5fe9-8fb9-7fce81e43c59,TI-04_20260918_0022.jpg,2026-09-18 09:09:43,TI-04,drone,saudavel,saudavel,0.9981,agrosmart-v1,simulado,sim-2026-09
a4c53414-a488-5c9a-bcd8-a1983a95f3ac,BV-01_20260918_0022.jpg,2026-09-18 09:09:52,BV-01,smartphone,saudavel,saudavel,0.9217,agrosmart-v1,simulado,sim-2026-09
fdaf95e1-956f-5aed-b648-d9cf0d3de043,TI-04_20260918_0023.jpg,2026-09-18 09:10:23,TI-04,drone,saudavel,saudavel,0.9998,agrosmart-v1,simulado,sim-2026-09
7a2fbdb3-80aa-5a20-b0db-efa23e8240fb,BV-01_20260918_0023.jpg,2026-09-18 09:10:40,BV-01,smartphone,saudavel,saudavel,0.9307,agrosmart-v1,simulado,sim-2026-09
9d2dbea1-aefd-5190-8753-a33cf1d47efd,TI-04_20260918_0024.jpg,2026-09-18 09:11:24,TI-04,drone,saudavel,saudavel,1.0000,agrosmart-v1,simulado,sim-2026-09
5d2b7085-120c-57a4-b96e-2747478ea333,BV-01_20260918_0024.jpg,2026-09-18 09:11:27,BV-01,smartphone,saudavel,saudavel,0.9986,agrosmart-v1,simulado,sim-2026-09
fae4f117-6bf3-5d0a-bc7c-13942d944f09,BV-01_20260918_0025.jpg,2026-09-18 09:11:42,BV-01,smartphone,saudavel,saudavel,0.9316,agrosmart-v1,simulado,sim-2026-09
47b90fad-faf5-5aef-a1c2-8f694774b0f8,TI-04_20260918_0025.jpg,2026-09-18 09:12:05,TI-04,drone,doente,vaquinha,0.9085,agrosmart-v1,simulado,sim-2026-09
20d88730-e9a1-56db-bfe7-a897238a657d,TI-04_20260918_0026.jpg,2026-09-18 09:12:21,TI-04,drone,doente,vaquinha,0.8371,agrosmart-v1,simulado,sim-2026-09
f10189e4-470e-5739-a605-608361d7241f,BV-01_20260918_0026.jpg,2026-09-18 09:12:35,BV-01,smartphone,saudavel,saudavel,0.9300,agrosmart-v1,simulado,sim-2026-09
cbe2852a-9824-5d84-bf1a-029d03992c0c,BV-01_20260918_0027.jpg,2026-09-18 09:13:20,BV-01,smartphone,saudavel,saudavel,0.9392,agrosmart-v1,simulado,sim-2026-09
65f5d586-874d-59c5-b020-6d450c09b44c,TI-04_20260918_0027.jpg,2026-09-18 09:13:28,TI-04,drone,saudavel,saudavel,0.9993,agrosmart-v1,simulado,sim-2026-09
31c160a2-adb4-51ca-a19f-5296d55c5d15,BV-01_20260918_0028.jpg,2026-09-18 09:13:49,BV-01,smartphone,doente,mosca_minadora,0.9919,agrosmart-v1,simulado,sim-2026-09
574d769b-d721-53f8-b39d-aaf523ca9ef1,TI-04_20260918_0028.jpg,2026-09-18 09:14:09,TI-04,drone,saudavel,saudavel,0.8436,agrosmart-v1,simulado,sim-2026-09
6bcd04a2-1508-561e-a3da-759897e1df16,BV-01_20260918_0029.jpg,2026-09-18 09:14:37,BV-01,smartphone,saudavel,saudavel,0.9931,agrosmart-v1,simulado,sim-2026-09
6748bfff-fb58-58ed-83a3-cf67d97d7cba,TI-04_20260918_0029.jpg,2026-09-18 09:14:42,TI-04,drone,saudavel,saudavel,0.9962,agrosmart-v1,simulado,sim-2026-09
56119d84-b27f-5e5f-8129-a14eb7e96b7f,BV-01_20260918_0030.jpg,2026-09-18 09:15:03,BV-01,smartphone,saudavel,saudavel,0.8866,agrosmart-v1,simulado,sim-2026-09
84d78e00-b4f2-5f0a-b519-b1209f26eaa0,TI-04_20260918_0030.jpg,2026-09-18 09:15:15,TI-04,drone,saudavel,saudavel,0.9886,agrosmart-v1,simulado,sim-2026-09
1efab7f0-a885-5d80-9d3a-d2ffd9d44b48,TI-04_20260918_0031.jpg,2026-09-18 09:16:06,TI-04,drone,saudavel,saudavel,0.9400,agrosmart-v1,simulado,sim-2026-09
cefc3d55-907e-5128-aa34-399d99d063bd,BV-01_20260918_0031.jpg,2026-09-18 09:16:09,BV-01,smartphone,saudavel,saudavel,0.9108,agrosmart-v1,simulado,sim-2026-09
5a89a16d-6d6a-529d-8b4d-052321c31d06,BV-01_20260918_0032.jpg,2026-09-18 09:16:20,BV-01,smartphone,saudavel,saudavel,0.8899,agrosmart-v1,simulado,sim-2026-09
6383eb4d-6085-5de4-8cdf-9a015c1e4fe4,TI-04_20260918_0032.jpg,2026-09-18 09:16:30,TI-04,drone,saudavel,saudavel,0.9957,agrosmart-v1,simulado,sim-2026-09
978e1a34-22e0-5cca-b2ea-65e677765709,BV-01_20260918_0033.jpg,2026-09-18 09:17:08,BV-01,smartphone,saudavel,saudavel,0.9874,agrosmart-v1,simulado,sim-2026-09
ea728227-7d47-57aa-b885-f470d840cff4,TI-04_20260918_0033.jpg,2026-09-18 09:17:27,TI-04,drone,saudavel,saudavel,0.8726,agrosmart-v1,simulado,sim-2026-09
97be2dd2-a2a1-5f68-88d7-073844ee6b2e,TI-04_20260918_0034.jpg,2026-09-18 09:17:55,TI-04,drone,saudavel,saudavel,0.9425,agrosmart-v1,simulado,sim-2026-09
c36a3a4e-5026-556e-a4d1-50e5b5f68c2a,BV-01_20260918_0034.jpg,2026-09-18 09:18:05,BV-01,smartphone,saudavel,saudavel,0.9184,agrosmart-v1,simulado,sim-2026-09
974f536c-2d80-5ab8-98e1-19c0cc44241d,TI-04_20260918_0035.jpg,2026-09-18 09:18:39,TI-04,drone,saudavel,saudavel,0.9966,agrosmart-v1,simulado,sim-2026-09
c722d733-eb53-51f4-8d44-0f6f43118932,BV-01_20260918_0035.jpg,2026-09-18 09:18:49,BV-01,smartphone,doente,requeima,1.0000,agrosmart-v1,simulado,sim-2026-09
470ac7ec-d85f-53d2-a2cd-35036ac7c891,TI-04_20260918_0036.jpg,2026-09-18 09:19:20,TI-04,drone,saudavel,saudavel,0.9182,agrosmart-v1,simulado,sim-2026-09
3e8c7fed-ef69-5c33-b980-6c85a52119d8,TI-04_20260918_0037.jpg,2026-09-18 09:19:55,TI-04,drone,saudavel,saudavel,0.9985,agrosmart-v1,simulado,sim-2026-09
a0d079e1-b2d8-5454-8521-5a98dd502603,TI-04_20260918_0038.jpg,2026-09-18 09:20:47,TI-04,drone,saudavel,saudavel,0.9911,agrosmart-v1,simulado,sim-2026-09
527ba90c-7a7b-5d14-82e4-923462238611,TI-01_20260918_0001.jpg,2026-09-18 09:21:41,TI-01,drone,saudavel,saudavel,0.8269,agrosmart-v1,simulado,sim-2026-09
74cac39d-3540-56b5-ad6f-b5a7f849549e,TI-01_20260918_0002.jpg,2026-09-18 09:22:40,TI-01,drone,saudavel,saudavel,0.8517,agrosmart-v1,simulado,sim-2026-09
16936eca-071d-59ac-b8e6-90f442dffe0e,TI-01_20260918_0003.jpg,2026-09-18 09:23:24,TI-01,drone,saudavel,saudavel,0.9930,agrosmart-v1,simulado,sim-2026-09
8a5c3981-ec86-5912-aac2-9edb5fca7554,TI-02_20260918_0001.jpg,2026-09-18 09:23:42,TI-02,drone,saudavel,saudavel,0.8727,agrosmart-v1,simulado,sim-2026-09
a58d8561-1775-55f4-88cb-6f2830b0e929,TI-01_20260918_0004.jpg,2026-09-18 09:24:10,TI-01,drone,saudavel,saudavel,0.9387,agrosmart-v1,simulado,sim-2026-09
7e25cc47-3733-5f60-ab3a-f7231e8eefca,TI-01_20260918_0005.jpg,2026-09-18 09:24:47,TI-01,drone,doente,vaquinha,0.9806,agrosmart-v1,simulado,sim-2026-09
8fa026e1-ad64-59db-b912-38de2b69ff1c,TI-02_20260918_0002.jpg,2026-09-18 09:24:50,TI-02,drone,saudavel,saudavel,0.9908,agrosmart-v1,simulado,sim-2026-09
1b727f39-27db-55b5-9998-8ed2686bef97,TI-01_20260918_0006.jpg,2026-09-18 09:25:19,TI-01,drone,saudavel,saudavel,0.9968,agrosmart-v1,simulado,sim-2026-09
d11edfdd-9b6f-53c3-be56-a2392e54f678,TI-02_20260918_0003.jpg,2026-09-18 09:25:26,TI-02,drone,saudavel,saudavel,0.9029,agrosmart-v1,simulado,sim-2026-09
9e322ab9-7947-5ab0-8a3c-1380317fdfb6,TI-01_20260918_0007.jpg,2026-09-18 09:25:42,TI-01,drone,saudavel,saudavel,0.9384,agrosmart-v1,simulado,sim-2026-09
6eab6d82-d322-5a27-9ed0-e50428ef5517,TI-02_20260918_0004.jpg,2026-09-18 09:25:48,TI-02,drone,saudavel,saudavel,0.8647,agrosmart-v1,simulado,sim-2026-09
0f46dcf2-93a2-573e-9e9c-3b1809273ef5,TI-02_20260918_0005.jpg,2026-09-18 09:26:29,TI-02,drone,doente,requeima,0.9558,agrosmart-v1,simulado,sim-2026-09
8b38a2ba-4cf5-5608-b0b8-b0497c18aa8f,TI-01_20260918_0008.jpg,2026-09-18 09:26:48,TI-01,drone,saudavel,saudavel,0.9978,agrosmart-v1,simulado,sim-2026-09
ba6ed549-9430-51fa-8bdf-cf4863e27688,TI-01_20260918_0009.jpg,2026-09-18 09:27:05,TI-01,drone,saudavel,saudavel,0.9327,agrosmart-v1,simulado,sim-2026-09
ed135086-aa5a-50a8-b687-4d0f19b56a0c,TI-02_20260918_0006.jpg,2026-09-18 09:27:20,TI-02,drone,saudavel,saudavel,0.9988,agrosmart-v1,simulado,sim-2026-09
81899023-8f81-5f2e-80ff-36c7f62919be,TI-02_20260918_0007.jpg,2026-09-18 09:27:56,TI-02,drone,saudavel,saudavel,0.9585,agrosmart-v1,simulado,sim-2026-09
eed5f68c-d83e-5b04-93c0-be9829f7a0d3,TI-01_20260918_0010.jpg,2026-09-18 09:27:59,TI-01,drone,saudavel,saudavel,0.9075,agrosmart-v1,simulado,sim-2026-09
5ab24db1-2e46-5ebc-9c32-69665a131f3b,TI-01_20260918_0011.jpg,2026-09-18 09:28:29,TI-01,drone,saudavel,saudavel,0.9603,agrosmart-v1,simulado,sim-2026-09
df06062b-8d13-5f0b-9e4b-f57a6e9c6053,TI-02_20260918_0008.jpg,2026-09-18 09:28:33,TI-02,drone,doente,pinta_preta,0.9161,agrosmart-v1,simulado,sim-2026-09
581402a1-b0df-5d54-8e91-d99f0fc95afd,TI-01_20260918_0012.jpg,2026-09-18 09:29:20,TI-01,drone,saudavel,saudavel,0.8768,agrosmart-v1,simulado,sim-2026-09
c92f65f4-1217-51dd-a2a1-8f20bfee8e73,TI-02_20260918_0009.jpg,2026-09-18 09:29:20,TI-02,drone,saudavel,saudavel,0.9047,agrosmart-v1,simulado,sim-2026-09
1513744f-362a-5d23-9010-3c3cb405548d,TI-01_20260918_0013.jpg,2026-09-18 09:29:52,TI-01,drone,saudavel,saudavel,0.9148,agrosmart-v1,simulado,sim-2026-09
de224503-3e7a-5b01-98cb-45b1d8a97e49,TI-02_20260918_0010.jpg,2026-09-18 09:30:00,TI-02,drone,saudavel,saudavel,0.9593,agrosmart-v1,simulado,sim-2026-09
8135fdd7-6a28-5a6d-8ebd-6f6ca0f1d7c3,TI-02_20260918_0011.jpg,2026-09-18 09:30:30,TI-02,drone,saudavel,saudavel,0.9594,agrosmart-v1,simulado,sim-2026-09
7715192f-0cab-5728-91e4-33adf81ccbab,TI-01_20260918_0014.jpg,2026-09-18 09:30:39,TI-01,drone,saudavel,saudavel,0.8785,agrosmart-v1,simulado,sim-2026-09
af0dfc78-8985-5c3a-b384-33bf3a05e482,TI-01_20260918_0015.jpg,2026-09-18 09:31:03,TI-01,drone,doente,vaquinha,0.9288,agrosmart-v1,simulado,sim-2026-09
3ea2eb7b-09ea-5e1b-82f5-fb6e81dab70f,TI-02_20260918_0012.jpg,2026-09-18 09:31:25,TI-02,drone,saudavel,saudavel,0.9583,agrosmart-v1,simulado,sim-2026-09
db6cabe8-0ade-54b5-9e19-950e8bb53869,TI-02_20260918_0013.jpg,2026-09-18 09:31:47,TI-02,drone,saudavel,saudavel,0.9447,agrosmart-v1,simulado,sim-2026-09
092bee67-9df5-54a0-b7cb-fe26f252813f,TI-01_20260918_0016.jpg,2026-09-18 09:32:01,TI-01,drone,saudavel,saudavel,0.9914,agrosmart-v1,simulado,sim-2026-09
6ab05630-6522-5a14-a228-abcf637553b4,TI-02_20260918_0014.jpg,2026-09-18 09:32:26,TI-02,drone,saudavel,saudavel,0.9829,agrosmart-v1,simulado,sim-2026-09
9492607f-78e8-51b4-9cd3-f890ef7da272,TI-01_20260918_0017.jpg,2026-09-18 09:32:30,TI-01,drone,saudavel,saudavel,0.8353,agrosmart-v1,simulado,sim-2026-09
7adf3baf-bb09-5f0d-8961-8a057bf2c10e,TI-01_20260918_0018.jpg,2026-09-18 09:33:12,TI-01,drone,saudavel,saudavel,0.9942,agrosmart-v1,simulado,sim-2026-09
2c543c2c-99d5-5e75-bb0e-c82a9c7ab923,TI-02_20260918_0015.jpg,2026-09-18 09:33:24,TI-02,drone,doente,pinta_preta,0.6675,agrosmart-v1,simulado,sim-2026-09
5ae3bd23-ab4b-5298-922a-0721578f4f45,TI-02_20260918_0016.jpg,2026-09-18 09:33:47,TI-02,drone,saudavel,saudavel,0.9062,agrosmart-v1,simulado,sim-2026-09
8b266b94-9b03-55c7-a14d-502ea1ee5029,TI-01_20260918_0019.jpg,2026-09-18 09:33:50,TI-01,drone,saudavel,saudavel,0.9922,agrosmart-v1,simulado,sim-2026-09
778d44b4-81dd-5c73-be7a-e415041e9bad,TI-01_20260918_0020.jpg,2026-09-18 09:34:28,TI-01,drone,saudavel,saudavel,0.8911,agrosmart-v1,simulado,sim-2026-09
41f5cba7-420b-562b-8f54-c72d3ab0bb4e,TI-02_20260918_0017.jpg,2026-09-18 09:34:33,TI-02,drone,saudavel,saudavel,0.9292,agrosmart-v1,simulado,sim-2026-09
c3b9e3d4-ea03-54e9-9a8d-0bd697bfb676,TI-01_20260918_0021.jpg,2026-09-18 09:35:13,TI-01,drone,doente,vaquinha,0.8766,agrosmart-v1,simulado,sim-2026-09
e3c29ad9-ae46-5e33-b99c-25d339c51833,TI-02_20260918_0018.jpg,2026-09-18 09:35:18,TI-02,drone,saudavel,saudavel,0.9970,agrosmart-v1,simulado,sim-2026-09
c87910f8-a121-5dde-b28e-d501bac40599,TI-02_20260918_0019.jpg,2026-09-18 09:35:49,TI-02,drone,saudavel,saudavel,0.9911,agrosmart-v1,simulado,sim-2026-09
a5d2daf4-1aba-527b-9aef-aeb68d6257a0,TI-01_20260918_0022.jpg,2026-09-18 09:35:55,TI-01,drone,saudavel,saudavel,0.9990,agrosmart-v1,simulado,sim-2026-09
bafe8faf-1b45-533a-9e3d-01f3c7e7d55b,TI-02_20260918_0020.jpg,2026-09-18 09:36:28,TI-02,drone,saudavel,saudavel,0.8850,agrosmart-v1,simulado,sim-2026-09
92e7cc63-e06d-58aa-921e-eb8e7dffcdef,TI-01_20260918_0023.jpg,2026-09-18 09:36:33,TI-01,drone,saudavel,saudavel,0.8415,agrosmart-v1,simulado,sim-2026-09
49c014fc-7a8b-54a2-abc4-22f95fb2c976,TI-02_20260918_0021.jpg,2026-09-18 09:37:01,TI-02,drone,saudavel,saudavel,0.9678,agrosmart-v1,simulado,sim-2026-09
8c171468-d0f7-5d91-964f-812fac70a727,TI-01_20260918_0024.jpg,2026-09-18 09:37:07,TI-01,drone,saudavel,saudavel,0.9994,agrosmart-v1,simulado,sim-2026-09
c6ed7d2f-d5bd-5f93-b595-64cf50881b0d,TI-02_20260918_0022.jpg,2026-09-18 09:37:55,TI-02,drone,saudavel,saudavel,0.8714,agrosmart-v1,simulado,sim-2026-09
e68dbc68-66ac-588f-b4c9-c717773b7730,SC-04_20260918_0001.jpg,2026-09-18 09:37:56,SC-04,smartphone,saudavel,saudavel,0.8595,agrosmart-v1,simulado,sim-2026-09
42feeb2a-a879-5b27-a7ee-1673a42e6c61,TI-01_20260918_0025.jpg,2026-09-18 09:38:02,TI-01,drone,saudavel,saudavel,0.9849,agrosmart-v1,simulado,sim-2026-09
7f474259-e027-5e58-a794-c6f609f82e51,SC-04_20260918_0002.jpg,2026-09-18 09:38:38,SC-04,smartphone,saudavel,saudavel,0.7104,agrosmart-v1,simulado,sim-2026-09
fb714aeb-f92f-5ac5-aabd-d4a1e9892db9,TI-02_20260918_0023.jpg,2026-09-18 09:38:43,TI-02,drone,saudavel,saudavel,0.8961,agrosmart-v1,simulado,sim-2026-09
11c28796-cde0-5a2a-b911-c7cccd649a9a,TI-01_20260918_0026.jpg,2026-09-18 09:38:50,TI-01,drone,saudavel,saudavel,0.9773,agrosmart-v1,simulado,sim-2026-09
8d48820a-f169-56d9-872f-d59d33e126fc,TI-01_20260918_0027.jpg,2026-09-18 09:39:00,TI-01,drone,doente,vaquinha,1.0000,agrosmart-v1,simulado,sim-2026-09
527a3fd2-6737-5f9c-b9d8-b8094e965acf,SC-04_20260918_0003.jpg,2026-09-18 09:39:13,SC-04,smartphone,saudavel,saudavel,0.9664,agrosmart-v1,simulado,sim-2026-09
95d89e4f-6b30-515b-93bf-dd00c36df162,TI-02_20260918_0024.jpg,2026-09-18 09:39:24,TI-02,drone,doente,pinta_preta,0.9999,agrosmart-v1,simulado,sim-2026-09
e4c2b9de-aedd-553e-8b54-eba109a8ab1c,TI-01_20260918_0028.jpg,2026-09-18 09:39:40,TI-01,drone,saudavel,saudavel,0.9989,agrosmart-v1,simulado,sim-2026-09
b3058741-5ad3-5de8-9281-f3899c4bfa0d,SC-04_20260918_0004.jpg,2026-09-18 09:40:04,SC-04,smartphone,saudavel,saudavel,0.8772,agrosmart-v1,simulado,sim-2026-09
75d54880-4b98-5863-a9de-e2c5fabf8554,TI-02_20260918_0025.jpg,2026-09-18 09:40:06,TI-02,drone,doente,pinta_preta,0.8471,agrosmart-v1,simulado,sim-2026-09
b322631c-ba1b-539a-a149-15ed9eb77e8d,TI-01_20260918_0029.jpg,2026-09-18 09:40:29,TI-01,drone,saudavel,saudavel,0.9988,agrosmart-v1,simulado,sim-2026-09
a77dd2d6-3669-56d3-9afe-7acb3fac3c32,TI-02_20260918_0026.jpg,2026-09-18 09:40:44,TI-02,drone,saudavel,saudavel,0.9995,agrosmart-v1,simulado,sim-2026-09
ae55a416-a855-5b9c-9af9-2c4811427f46,SC-04_20260918_0005.jpg,2026-09-18 09:40:47,SC-04,smartphone,saudavel,saudavel,0.9593,agrosmart-v1,simulado,sim-2026-09
2c6c0a6c-d0c0-5770-b94d-54c0e067d6fb,TI-01_20260918_0030.jpg,2026-09-18 09:41:00,TI-01,drone,saudavel,saudavel,0.9615,agrosmart-v1,simulado,sim-2026-09
357626c7-6161-5004-bbda-fa2a2f1236ca,SC-04_20260918_0006.jpg,2026-09-18 09:41:11,SC-04,smartphone,saudavel,saudavel,0.9293,agrosmart-v1,simulado,sim-2026-09
2760b2d9-9b39-58b9-a559-b2793770c390,TI-02_20260918_0027.jpg,2026-09-18 09:41:17,TI-02,drone,saudavel,saudavel,0.9518,agrosmart-v1,simulado,sim-2026-09
e3c4d24d-a4ba-5cf0-82f1-a10b24659ac8,TI-02_20260918_0028.jpg,2026-09-18 09:42:02,TI-02,drone,saudavel,saudavel,0.9769,agrosmart-v1,simulado,sim-2026-09
25c91f77-b18a-5306-9fdb-ae67b7f21349,TI-01_20260918_0031.jpg,2026-09-18 09:42:06,TI-01,drone,doente,vaquinha,0.9803,agrosmart-v1,simulado,sim-2026-09
317e1bcb-4951-5ffa-a76a-2188404700bc,SC-04_20260918_0007.jpg,2026-09-18 09:42:08,SC-04,smartphone,saudavel,saudavel,0.8367,agrosmart-v1,simulado,sim-2026-09
9e653d34-ba2f-58ff-8e52-2d1cef0ade61,SC-04_20260918_0008.jpg,2026-09-18 09:42:33,SC-04,smartphone,saudavel,saudavel,0.9859,agrosmart-v1,simulado,sim-2026-09
6206eed7-088a-5826-859b-b0bdc708264e,TI-02_20260918_0029.jpg,2026-09-18 09:42:38,TI-02,drone,saudavel,saudavel,0.9771,agrosmart-v1,simulado,sim-2026-09
e054cc4f-34fe-596c-bf81-cd1e99ddfcfe,TI-01_20260918_0032.jpg,2026-09-18 09:42:48,TI-01,drone,saudavel,saudavel,0.8906,agrosmart-v1,simulado,sim-2026-09
ba4f94aa-6f8c-595a-bbc8-eb193cb066bc,SC-04_20260918_0009.jpg,2026-09-18 09:43:25,SC-04,smartphone,saudavel,saudavel,0.8473,agrosmart-v1,simulado,sim-2026-09
e86212d3-6e55-5677-b888-37889b1021d2,TI-02_20260918_0030.jpg,2026-09-18 09:43:25,TI-02,drone,saudavel,saudavel,0.9509,agrosmart-v1,simulado,sim-2026-09
df7634be-f6c3-5397-8d3c-b745f6b15c8d,TI-01_20260918_0033.jpg,2026-09-18 09:43:27,TI-01,drone,saudavel,saudavel,0.9491,agrosmart-v1,simulado,sim-2026-09
80fe7e33-75c4-5c2e-8525-7556acde49b0,TI-02_20260918_0031.jpg,2026-09-18 09:43:41,TI-02,drone,doente,pinta_preta,0.9090,agrosmart-v1,simulado,sim-2026-09
19550e6a-9a70-516f-a775-17945ca8e123,TI-01_20260918_0034.jpg,2026-09-18 09:43:47,TI-01,drone,saudavel,saudavel,0.9977,agrosmart-v1,simulado,sim-2026-09
6a292fba-d281-5206-bd84-b41d0f061059,SC-04_20260918_0010.jpg,2026-09-18 09:43:50,SC-04,smartphone,saudavel,saudavel,0.9382,agrosmart-v1,simulado,sim-2026-09
60a9a820-7e1a-528d-ae10-84e23a4f39a6,SC-04_20260918_0011.jpg,2026-09-18 09:44:29,SC-04,smartphone,saudavel,saudavel,0.9428,agrosmart-v1,simulado,sim-2026-09
2cbe15f3-3ca5-564d-9d0e-79d309e7e149,TI-01_20260918_0035.jpg,2026-09-18 09:44:35,TI-01,drone,doente,vaquinha,0.9779,agrosmart-v1,simulado,sim-2026-09
ea1767df-ac95-5da2-ab3d-f020d77912af,TI-02_20260918_0032.jpg,2026-09-18 09:44:39,TI-02,drone,doente,pinta_preta,0.9908,agrosmart-v1,simulado,sim-2026-09
e0181a4d-9d1f-5c71-b7fc-58e3a60d08be,TI-02_20260918_0033.jpg,2026-09-18 09:45:07,TI-02,drone,saudavel,saudavel,0.9938,agrosmart-v1,simulado,sim-2026-09
18494ac7-8b19-5cdf-aa7a-530b05f26559,SC-04_20260918_0012.jpg,2026-09-18 09:45:11,SC-04,smartphone,saudavel,saudavel,0.8569,agrosmart-v1,simulado,sim-2026-09
85a81ead-e110-581d-82a2-222cb643755e,TI-01_20260918_0036.jpg,2026-09-18 09:45:17,TI-01,drone,saudavel,saudavel,0.9849,agrosmart-v1,simulado,sim-2026-09
25c76f66-71d7-5687-b737-7f95550c3bab,SC-04_20260918_0013.jpg,2026-09-18 09:45:45,SC-04,smartphone,saudavel,saudavel,0.9954,agrosmart-v1,simulado,sim-2026-09
076bc9b2-2490-53b1-bf91-e1ad446bc7e4,TI-02_20260918_0034.jpg,2026-09-18 09:45:47,TI-02,drone,doente,pinta_preta,0.9802,agrosmart-v1,simulado,sim-2026-09
a57d32c4-8f1c-52ea-a4c5-2ab9ccf52c96,TI-01_20260918_0037.jpg,2026-09-18 09:46:07,TI-01,drone,saudavel,saudavel,0.9504,agrosmart-v1,simulado,sim-2026-09
30296739-85ee-5b31-afab-b45b2c1f9578,TI-02_20260918_0035.jpg,2026-09-18 09:46:25,TI-02,drone,saudavel,saudavel,0.8781,agrosmart-v1,simulado,sim-2026-09
f4fe4cb5-2f65-5330-9b81-6ec5955f26d5,SC-04_20260918_0014.jpg,2026-09-18 09:46:34,SC-04,smartphone,saudavel,saudavel,0.9697,agrosmart-v1,simulado,sim-2026-09
14ed90e0-0daa-5fba-bc9f-d67e8f0c0da0,TI-01_20260918_0038.jpg,2026-09-18 09:46:47,TI-01,drone,saudavel,saudavel,0.9802,agrosmart-v1,simulado,sim-2026-09
99444593-138d-5de7-91a0-fce9e529f34d,SC-04_20260918_0015.jpg,2026-09-18 09:47:08,SC-04,smartphone,saudavel,saudavel,0.9466,agrosmart-v1,simulado,sim-2026-09
e4028518-c893-53dd-ae3d-b860b8dfdd34,TI-02_20260918_0036.jpg,2026-09-18 09:47:26,TI-02,drone,doente,pinta_preta,0.9283,agrosmart-v1,simulado,sim-2026-09
f56c5887-1ca7-5699-82bb-9573aa1d8d01,TI-01_20260918_0039.jpg,2026-09-18 09:47:29,TI-01,drone,saudavel,saudavel,0.8641,agrosmart-v1,simulado,sim-2026-09
113184e2-54c1-5ea1-ba19-d74d7f55bc18,TI-01_20260918_0040.jpg,2026-09-18 09:47:47,TI-01,drone,saudavel,saudavel,0.9698,agrosmart-v1,simulado,sim-2026-09
11817f2a-b1c8-5611-84b0-fe8113958e25,TI-02_20260918_0037.jpg,2026-09-18 09:47:48,TI-02,drone,doente,pinta_preta,0.8828,agrosmart-v1,simulado,sim-2026-09
b8355b0b-2e1d-5e35-8e71-97263d6de106,SC-04_20260918_0016.jpg,2026-09-18 09:47:49,SC-04,smartphone,saudavel,saudavel,0.9606,agrosmart-v1,simulado,sim-2026-09
8960a0e1-ebc7-5f3f-9fdb-feb512ee1ad5,TI-01_20260918_0041.jpg,2026-09-18 09:48:27,TI-01,drone,doente,vaquinha,0.9793,agrosmart-v1,simulado,sim-2026-09
5c88b9a5-c8d2-540d-afd6-570d73d7c2ef,SC-04_20260918_0017.jpg,2026-09-18 09:48:29,SC-04,smartphone,saudavel,saudavel,0.9197,agrosmart-v1,simulado,sim-2026-09
06a9c61b-0314-55c2-9644-b0e164b4d580,TI-02_20260918_0038.jpg,2026-09-18 09:48:32,TI-02,drone,saudavel,saudavel,0.9980,agrosmart-v1,simulado,sim-2026-09
8215cb28-72c3-5f88-a84a-024b702df016,SC-04_20260918_0018.jpg,2026-09-18 09:49:01,SC-04,smartphone,saudavel,saudavel,0.9934,agrosmart-v1,simulado,sim-2026-09
1edff150-dcf2-54f2-9529-a888dbe9a360,TI-02_20260918_0039.jpg,2026-09-18 09:49:21,TI-02,drone,doente,pinta_preta,0.9302,agrosmart-v1,simulado,sim-2026-09
3479a16b-592f-52e6-a56e-56e0f3c9cc87,TI-02_20260918_0040.jpg,2026-09-18 09:49:49,TI-02,drone,doente,requeima,0.9951,agrosmart-v1,simulado,sim-2026-09
a50c5907-3254-5a32-bb00-aa5002614e17,SC-04_20260918_0019.jpg,2026-09-18 09:49:56,SC-04,smartphone,saudavel,saudavel,0.8457,agrosmart-v1,simulado,sim-2026-09
bd517709-b15e-50d6-afef-78a3c1cdcd0d,TI-02_20260918_0041.jpg,2026-09-18 09:50:40,TI-02,drone,saudavel,saudavel,0.8249,agrosmart-v1,simulado,sim-2026-09
8631501d-b941-5766-8240-242795a128d5,SC-04_20260918_0020.jpg,2026-09-18 09:50:43,SC-04,smartphone,saudavel,saudavel,0.9509,agrosmart-v1,simulado,sim-2026-09
e686cc4c-9859-503b-8ae8-382d1eed7f52,SC-04_20260918_0021.jpg,2026-09-18 09:51:04,SC-04,smartphone,saudavel,saudavel,0.9946,agrosmart-v1,simulado,sim-2026-09
5df66295-038c-5a31-b612-a2a317c0a071,TI-02_20260918_0042.jpg,2026-09-18 09:51:29,TI-02,drone,saudavel,saudavel,0.9131,agrosmart-v1,simulado,sim-2026-09
dd604e42-1c00-596d-a274-b98d7fc83d8f,TI-02_20260918_0043.jpg,2026-09-18 09:51:46,TI-02,drone,doente,pinta_preta,0.9940,agrosmart-v1,simulado,sim-2026-09
577bb0d2-3507-5c6c-ae38-ae4a28a98b6a,SC-04_20260918_0022.jpg,2026-09-18 09:52:10,SC-04,smartphone,saudavel,saudavel,0.8994,agrosmart-v1,simulado,sim-2026-09
7f377f54-f622-580a-8294-8a86f1b71b14,TI-02_20260918_0044.jpg,2026-09-18 09:52:43,TI-02,drone,saudavel,saudavel,0.8352,agrosmart-v1,simulado,sim-2026-09
03cac927-a43f-5221-8008-a99ad0dc3851,SC-04_20260918_0023.jpg,2026-09-18 09:52:48,SC-04,smartphone,saudavel,saudavel,0.9992,agrosmart-v1,simulado,sim-2026-09
3fab1612-be6c-548b-a931-ba0d08d71724,SC-04_20260918_0024.jpg,2026-09-18 09:53:01,SC-04,smartphone,saudavel,saudavel,0.8820,agrosmart-v1,simulado,sim-2026-09
b8c77b5a-3448-51ce-94a5-0f0ea4e2d55a,TI-02_20260918_0045.jpg,2026-09-18 09:53:01,TI-02,drone,saudavel,saudavel,0.9977,agrosmart-v1,simulado,sim-2026-09
66c6a304-949c-5b36-9863-095fcbf83609,TI-02_20260918_0046.jpg,2026-09-18 09:53:44,TI-02,drone,saudavel,saudavel,0.9368,agrosmart-v1,simulado,sim-2026-09
81d4b45c-f0bc-57c4-bd6c-f3530dde5213,TI-02_20260918_0047.jpg,2026-09-18 09:54:37,TI-02,drone,saudavel,saudavel,0.8704,agrosmart-v1,simulado,sim-2026-09
d097f8a9-e954-5924-b147-7214ab2a39c4,TI-02_20260918_0048.jpg,2026-09-18 09:55:21,TI-02,drone,saudavel,saudavel,0.8491,agrosmart-v1,simulado,sim-2026-09
6e742af6-a44b-5f9f-afb3-06f419bd015f,TI-02_20260918_0049.jpg,2026-09-18 09:55:43,TI-02,drone,saudavel,saudavel,0.9815,agrosmart-v1,simulado,sim-2026-09
53013c5f-93ea-530c-8360-c3ad68a150a0,BV-04_20260921_0001.jpg,2026-09-21 07:10:44,BV-04,smartphone,saudavel,saudavel,0.9865,agrosmart-v1,simulado,sim-2026-09
7c52f982-f904-5fa8-b4e4-eab114f74d6a,BV-04_20260921_0002.jpg,2026-09-21 07:11:41,BV-04,smartphone,saudavel,saudavel,1.0000,agrosmart-v1,simulado,sim-2026-09
9657a54c-52d4-5380-b270-2353eeba8704,BV-04_20260921_0003.jpg,2026-09-21 07:12:14,BV-04,smartphone,saudavel,saudavel,0.8211,agrosmart-v1,simulado,sim-2026-09
e27fede1-b3a9-5a60-8848-815a62a83b6a,BV-04_20260921_0004.jpg,2026-09-21 07:12:53,BV-04,smartphone,saudavel,saudavel,0.8706,agrosmart-v1,simulado,sim-2026-09
d3b9d4d5-3ba9-52d0-ba4d-84a5e8bd668b,BV-04_20260921_0005.jpg,2026-09-21 07:13:40,BV-04,smartphone,saudavel,saudavel,0.9629,agrosmart-v1,simulado,sim-2026-09
bce9ac7f-0bc8-5fd8-8be4-f58efc5e67cb,BV-04_20260921_0006.jpg,2026-09-21 07:14:19,BV-04,smartphone,saudavel,saudavel,0.9351,agrosmart-v1,simulado,sim-2026-09
82475992-26d6-5c1b-b030-a1d96b3dab76,BV-04_20260921_0007.jpg,2026-09-21 07:14:41,BV-04,smartphone,saudavel,saudavel,0.8416,agrosmart-v1,simulado,sim-2026-09
f61d2762-c006-5eac-9842-48d564529dbf,BV-04_20260921_0008.jpg,2026-09-21 07:15:35,BV-04,smartphone,saudavel,saudavel,0.8270,agrosmart-v1,simulado,sim-2026-09
628cfbcd-bc30-5bcf-b70f-fc7f273fe9a3,BV-04_20260921_0009.jpg,2026-09-21 07:16:15,BV-04,smartphone,saudavel,saudavel,0.9186,agrosmart-v1,simulado,sim-2026-09
5aeef310-9e94-571e-81af-a9184c8a4b11,BV-04_20260921_0010.jpg,2026-09-21 07:16:56,BV-04,smartphone,saudavel,saudavel,0.8520,agrosmart-v1,simulado,sim-2026-09
b1b99354-722a-502c-a79b-f216cb02f8d9,BV-04_20260921_0011.jpg,2026-09-21 07:17:45,BV-04,smartphone,saudavel,saudavel,0.9730,agrosmart-v1,simulado,sim-2026-09
c6ef0721-3f93-5daa-8636-7bd823c90f33,BV-04_20260921_0012.jpg,2026-09-21 07:18:14,BV-04,smartphone,saudavel,saudavel,0.9987,agrosmart-v1,simulado,sim-2026-09
b6b7b120-1208-5d41-8ce0-86de483daa5d,BV-04_20260921_0013.jpg,2026-09-21 07:18:52,BV-04,smartphone,saudavel,saudavel,0.9069,agrosmart-v1,simulado,sim-2026-09
c5624ddf-e737-5aed-ad71-5bccc9650038,BV-04_20260921_0014.jpg,2026-09-21 07:19:20,BV-04,smartphone,saudavel,saudavel,0.9829,agrosmart-v1,simulado,sim-2026-09
815a5dd6-ba3b-5fad-9b9e-3e196a1a68a3,BV-04_20260921_0015.jpg,2026-09-21 07:20:08,BV-04,smartphone,saudavel,saudavel,0.9712,agrosmart-v1,simulado,sim-2026-09
521a9e6e-85f2-5f3a-84b6-a44759c89b72,BV-04_20260921_0016.jpg,2026-09-21 07:21:09,BV-04,smartphone,saudavel,saudavel,0.8888,agrosmart-v1,simulado,sim-2026-09
7c467a5e-9651-51f5-9b22-6c8d9a7cce76,BV-04_20260921_0017.jpg,2026-09-21 07:21:40,BV-04,smartphone,saudavel,saudavel,0.9718,agrosmart-v1,simulado,sim-2026-09
e1f7e267-a7a0-5042-9acb-934735191109,BV-04_20260921_0018.jpg,2026-09-21 07:22:26,BV-04,smartphone,saudavel,saudavel,0.9566,agrosmart-v1,simulado,sim-2026-09
7fa69c1a-891e-5925-bfed-866160ced9dd,BV-04_20260921_0019.jpg,2026-09-21 07:22:41,BV-04,smartphone,saudavel,saudavel,0.8552,agrosmart-v1,simulado,sim-2026-09
432db8c1-4dcd-524d-b6c9-b308edee000e,BV-04_20260921_0020.jpg,2026-09-21 07:23:35,BV-04,smartphone,saudavel,saudavel,0.9923,agrosmart-v1,simulado,sim-2026-09
a9ccda45-93ee-579d-95ee-3956749d1768,BV-04_20260921_0021.jpg,2026-09-21 07:24:04,BV-04,smartphone,saudavel,saudavel,0.9865,agrosmart-v1,simulado,sim-2026-09
8a2040f7-bbb9-503d-8524-793a21e066b6,SC-04_20260921_0001.jpg,2026-09-21 07:34:55,SC-04,smartphone,saudavel,saudavel,0.9454,agrosmart-v1,simulado,sim-2026-09
5cee9d31-8a86-5f19-935a-52933fb53df3,SC-04_20260921_0002.jpg,2026-09-21 07:35:45,SC-04,smartphone,saudavel,saudavel,0.9962,agrosmart-v1,simulado,sim-2026-09
aa4642c3-a8e8-5658-869a-dced47415af2,SC-04_20260921_0003.jpg,2026-09-21 07:36:06,SC-04,smartphone,saudavel,saudavel,0.9934,agrosmart-v1,simulado,sim-2026-09
6cc0e2f0-a6ba-57f6-9eb1-e4e8f0e35893,SC-04_20260921_0004.jpg,2026-09-21 07:37:05,SC-04,smartphone,saudavel,saudavel,0.9426,agrosmart-v1,simulado,sim-2026-09
acdd60f6-f486-5d38-82a9-e0f55db86c37,SC-04_20260921_0005.jpg,2026-09-21 07:37:20,SC-04,smartphone,doente,vaquinha,0.9969,agrosmart-v1,simulado,sim-2026-09
abfba1f8-09b6-5654-b087-1b929a615ede,SC-04_20260921_0006.jpg,2026-09-21 07:38:11,SC-04,smartphone,saudavel,saudavel,0.9941,agrosmart-v1,simulado,sim-2026-09
1aac9522-8c78-5c3b-8e27-26d0d03d3a3f,SC-04_20260921_0007.jpg,2026-09-21 07:38:49,SC-04,smartphone,saudavel,saudavel,0.9415,agrosmart-v1,simulado,sim-2026-09
4c6f73b9-b55e-50ad-a7ac-3c84096104f4,SC-04_20260921_0008.jpg,2026-09-21 07:39:30,SC-04,smartphone,saudavel,saudavel,0.7364,agrosmart-v1,simulado,sim-2026-09
ba616685-8c4a-5e91-92f7-5e34ebdd5eb8,SC-04_20260921_0009.jpg,2026-09-21 07:40:15,SC-04,smartphone,saudavel,saudavel,0.9973,agrosmart-v1,simulado,sim-2026-09
b09f1c80-ba4e-5d28-aa6c-93011b44a0ba,SC-04_20260921_0010.jpg,2026-09-21 07:40:42,SC-04,smartphone,saudavel,saudavel,0.9759,agrosmart-v1,simulado,sim-2026-09
eeb9a178-6330-58f6-ae96-9f963e4ceba3,SC-04_20260921_0011.jpg,2026-09-21 07:41:37,SC-04,smartphone,saudavel,saudavel,0.9728,agrosmart-v1,simulado,sim-2026-09
b2f6f10c-d3fc-5215-aded-503dfcebcf72,SC-04_20260921_0012.jpg,2026-09-21 07:42:12,SC-04,smartphone,saudavel,saudavel,0.8315,agrosmart-v1,simulado,sim-2026-09
2eef33bd-cf0b-5c7e-8793-43b3b3d37603,SC-04_20260921_0013.jpg,2026-09-21 07:42:59,SC-04,smartphone,saudavel,saudavel,0.8330,agrosmart-v1,simulado,sim-2026-09
2c409b38-a3eb-57d0-8ef1-119c4f3224e8,SC-04_20260921_0014.jpg,2026-09-21 07:43:44,SC-04,smartphone,saudavel,saudavel,0.9813,agrosmart-v1,simulado,sim-2026-09
38d0fd74-390b-58d6-905f-e2f13bdb390f,SC-04_20260921_0015.jpg,2026-09-21 07:44:02,SC-04,smartphone,saudavel,saudavel,0.9710,agrosmart-v1,simulado,sim-2026-09
b5875a6c-bef4-56f3-a134-115de9b72f2f,SC-04_20260921_0016.jpg,2026-09-21 07:44:48,SC-04,smartphone,saudavel,saudavel,0.8726,agrosmart-v1,simulado,sim-2026-09
71e0d89c-c525-576f-8460-7e19738254e8,SC-04_20260921_0017.jpg,2026-09-21 07:45:28,SC-04,smartphone,saudavel,saudavel,0.9239,agrosmart-v1,simulado,sim-2026-09
be79311a-2138-53fa-b86b-c8ffb19a2c9f,SC-04_20260921_0018.jpg,2026-09-21 07:46:03,SC-04,smartphone,saudavel,saudavel,0.9900,agrosmart-v1,simulado,sim-2026-09
e2aa3227-30d3-5ebe-850d-bb389ba7cc06,SC-04_20260921_0019.jpg,2026-09-21 07:47:10,SC-04,smartphone,saudavel,saudavel,0.9497,agrosmart-v1,simulado,sim-2026-09
cf1b0532-363e-5cec-b78a-0497c10a5e18,SC-04_20260921_0020.jpg,2026-09-21 07:47:44,SC-04,smartphone,saudavel,saudavel,0.6732,agrosmart-v1,simulado,sim-2026-09
33b1b787-687d-5203-a514-09ef563854f7,SC-04_20260921_0021.jpg,2026-09-21 07:48:29,SC-04,smartphone,saudavel,saudavel,0.9702,agrosmart-v1,simulado,sim-2026-09
eaecf502-e5ea-5760-babf-09f6a41139b5,SC-04_20260921_0022.jpg,2026-09-21 07:49:05,SC-04,smartphone,saudavel,saudavel,0.9594,agrosmart-v1,simulado,sim-2026-09
ade18afa-16fa-518a-b8df-d0891eea6300,SC-04_20260921_0023.jpg,2026-09-21 07:49:26,SC-04,smartphone,saudavel,saudavel,0.9228,agrosmart-v1,simulado,sim-2026-09
c35fdc19-5c21-5783-88c0-91b0628fa1de,SC-04_20260921_0024.jpg,2026-09-21 07:50:28,SC-04,smartphone,saudavel,saudavel,0.9841,agrosmart-v1,simulado,sim-2026-09
97ee0135-fc4a-590a-b29d-5a98b88a70b2,SC-04_20260921_0025.jpg,2026-09-21 07:50:46,SC-04,smartphone,saudavel,saudavel,0.9233,agrosmart-v1,simulado,sim-2026-09
e691f15f-f492-5160-824e-23a89d63ead1,SC-04_20260921_0026.jpg,2026-09-21 07:51:50,SC-04,smartphone,saudavel,saudavel,1.0000,agrosmart-v1,simulado,sim-2026-09
53d40a26-2f57-5583-a1d4-b266b3eb4c38,BV-03_20260921_0001.jpg,2026-09-21 08:02:07,BV-03,smartphone,saudavel,saudavel,0.9618,agrosmart-v1,simulado,sim-2026-09
3746f16f-c9dc-5134-9049-c6a2fb2fe005,BV-03_20260921_0002.jpg,2026-09-21 08:02:35,BV-03,smartphone,saudavel,saudavel,0.6571,agrosmart-v1,simulado,sim-2026-09
3a84a2df-b94c-5506-b3e9-e21d84b82754,BV-03_20260921_0003.jpg,2026-09-21 08:03:07,BV-03,smartphone,saudavel,saudavel,0.8594,agrosmart-v1,simulado,sim-2026-09
7a3a9b47-548e-59bf-9478-1908db1425f8,BV-03_20260921_0004.jpg,2026-09-21 08:04:05,BV-03,smartphone,saudavel,saudavel,0.9914,agrosmart-v1,simulado,sim-2026-09
d5704459-1c57-5794-aa3a-c2143b967dea,BV-03_20260921_0005.jpg,2026-09-21 08:04:28,BV-03,smartphone,saudavel,saudavel,0.8634,agrosmart-v1,simulado,sim-2026-09
1b69e10c-4bc8-5362-af4d-fb40121bd428,BV-03_20260921_0006.jpg,2026-09-21 08:05:19,BV-03,smartphone,saudavel,saudavel,0.8648,agrosmart-v1,simulado,sim-2026-09
edcce507-7a5b-5958-9fe2-071f8723c65f,BV-03_20260921_0007.jpg,2026-09-21 08:05:40,BV-03,smartphone,doente,mosca_minadora,0.8875,agrosmart-v1,simulado,sim-2026-09
0aa6f096-b763-58f8-8d44-660a44106aa0,BV-03_20260921_0008.jpg,2026-09-21 08:06:21,BV-03,smartphone,saudavel,saudavel,0.9065,agrosmart-v1,simulado,sim-2026-09
a9aef61e-87e6-58ab-91dd-d167e6c08e10,BV-03_20260921_0009.jpg,2026-09-21 08:07:17,BV-03,smartphone,saudavel,saudavel,0.9613,agrosmart-v1,simulado,sim-2026-09
0a520d7b-8f24-55bc-aaa1-6547e2973f19,BV-03_20260921_0010.jpg,2026-09-21 08:07:40,BV-03,smartphone,saudavel,saudavel,0.9930,agrosmart-v1,simulado,sim-2026-09
acf12208-17ae-5bd0-b00d-7579b3b69f33,BV-03_20260921_0011.jpg,2026-09-21 08:08:44,BV-03,smartphone,saudavel,saudavel,0.9931,agrosmart-v1,simulado,sim-2026-09
c3a0e8af-c749-582f-8591-bdfbab087127,BV-03_20260921_0012.jpg,2026-09-21 08:09:14,BV-03,smartphone,saudavel,saudavel,0.8494,agrosmart-v1,simulado,sim-2026-09
68d72b76-6c6a-5f22-8478-603248c7830d,BV-03_20260921_0013.jpg,2026-09-21 08:09:44,BV-03,smartphone,saudavel,saudavel,0.9373,agrosmart-v1,simulado,sim-2026-09
8e218365-e147-5edd-8c34-7098e587e5cd,BV-03_20260921_0014.jpg,2026-09-21 08:10:45,BV-03,smartphone,saudavel,saudavel,0.9199,agrosmart-v1,simulado,sim-2026-09
db03a743-df7d-5cf5-864b-5033fd82e380,BV-03_20260921_0015.jpg,2026-09-21 08:11:00,BV-03,smartphone,saudavel,saudavel,0.8459,agrosmart-v1,simulado,sim-2026-09
c29d8622-2e49-5c07-9fa5-7c23ab2589ee,BV-03_20260921_0016.jpg,2026-09-21 08:11:44,BV-03,smartphone,saudavel,saudavel,0.8226,agrosmart-v1,simulado,sim-2026-09
44f0b39c-65a6-5361-88f5-9554b99d544e,SC-01_20260921_0001.jpg,2026-09-21 08:11:53,SC-01,smartphone,saudavel,saudavel,0.9975,agrosmart-v1,simulado,sim-2026-09
2099302f-f977-5b63-b4ca-f88e370c6f93,BV-03_20260921_0017.jpg,2026-09-21 08:12:21,BV-03,smartphone,saudavel,saudavel,0.9145,agrosmart-v1,simulado,sim-2026-09
3ea6b9e5-49cf-552d-9e2a-7f76e1394977,SC-01_20260921_0002.jpg,2026-09-21 08:12:37,SC-01,smartphone,saudavel,saudavel,0.8228,agrosmart-v1,simulado,sim-2026-09
ca9b7eca-b690-5af5-9379-40e364a00b12,BV-03_20260921_0018.jpg,2026-09-21 08:13:09,BV-03,smartphone,saudavel,saudavel,0.9999,agrosmart-v1,simulado,sim-2026-09
92530584-eeb9-5776-aaff-d2c7746d0498,SC-01_20260921_0003.jpg,2026-09-21 08:13:12,SC-01,smartphone,saudavel,saudavel,0.8877,agrosmart-v1,simulado,sim-2026-09
f0902d20-6563-5af3-b9f8-f2082a1ad574,SC-01_20260921_0004.jpg,2026-09-21 08:13:43,SC-01,smartphone,saudavel,saudavel,0.9314,agrosmart-v1,simulado,sim-2026-09
a73164cf-1770-5d07-86f5-7ead3fd7653b,BV-03_20260921_0019.jpg,2026-09-21 08:13:57,BV-03,smartphone,saudavel,saudavel,0.9921,agrosmart-v1,simulado,sim-2026-09
d0ad4bc1-42d4-510f-bca1-9419f9746043,BV-03_20260921_0020.jpg,2026-09-21 08:14:22,BV-03,smartphone,saudavel,saudavel,0.9612,agrosmart-v1,simulado,sim-2026-09
b4b3d651-6749-5431-9846-58d5e0761c27,SC-01_20260921_0005.jpg,2026-09-21 08:14:48,SC-01,smartphone,saudavel,saudavel,0.9906,agrosmart-v1,simulado,sim-2026-09
c75aeb79-6daa-56e8-be96-b35bbe197ea7,BV-03_20260921_0021.jpg,2026-09-21 08:15:21,BV-03,smartphone,saudavel,saudavel,0.9157,agrosmart-v1,simulado,sim-2026-09
4f471a2b-bb5d-58ad-bcdd-1d59a959f3c4,SC-01_20260921_0006.jpg,2026-09-21 08:15:24,SC-01,smartphone,saudavel,saudavel,0.9929,agrosmart-v1,simulado,sim-2026-09
0fd6f2f1-df2d-5be4-8b8c-2dcc50c09fbf,BV-03_20260921_0022.jpg,2026-09-21 08:16:04,BV-03,smartphone,saudavel,saudavel,0.8673,agrosmart-v1,simulado,sim-2026-09
b73687c3-501c-558c-98b4-9c9e84c3af81,SC-01_20260921_0007.jpg,2026-09-21 08:16:05,SC-01,smartphone,saudavel,saudavel,0.9896,agrosmart-v1,simulado,sim-2026-09
9a063596-91ce-56ab-8a8b-976ea6ccb211,TI-02_20260921_0001.jpg,2026-09-21 08:16:10,TI-02,drone,doente,pinta_preta,0.8439,agrosmart-v1,simulado,sim-2026-09
4617e581-d401-5ff1-9730-6c818231df41,BV-03_20260921_0023.jpg,2026-09-21 08:16:26,BV-03,smartphone,saudavel,saudavel,0.9063,agrosmart-v1,simulado,sim-2026-09
2f04b4a7-50e2-5f02-8c2b-c4979dd028c4,TI-02_20260921_0002.jpg,2026-09-21 08:16:34,TI-02,drone,saudavel,saudavel,0.9746,agrosmart-v1,simulado,sim-2026-09
1f7a9c6d-8d23-540b-836f-41701266665b,SC-01_20260921_0008.jpg,2026-09-21 08:16:36,SC-01,smartphone,saudavel,saudavel,0.8963,agrosmart-v1,simulado,sim-2026-09
cda14aa3-7ef3-52e7-bcee-ca59e77b43c4,BV-03_20260921_0024.jpg,2026-09-21 08:17:03,BV-03,smartphone,saudavel,saudavel,0.9223,agrosmart-v1,simulado,sim-2026-09
1b26faac-15ae-58fc-8251-81440f0c23fa,TI-02_20260921_0003.jpg,2026-09-21 08:17:11,TI-02,drone,saudavel,saudavel,0.8811,agrosmart-v1,simulado,sim-2026-09
c96b3282-b4ee-5aa1-85a2-b6e62dca1bc4,SC-01_20260921_0009.jpg,2026-09-21 08:17:18,SC-01,smartphone,saudavel,saudavel,0.8937,agrosmart-v1,simulado,sim-2026-09
af17f4dd-912f-5c40-b054-54abe2d6657a,BV-03_20260921_0025.jpg,2026-09-21 08:17:48,BV-03,smartphone,saudavel,saudavel,0.9950,agrosmart-v1,simulado,sim-2026-09
860743fc-33f6-53be-a56b-2a197e63eaf2,TI-02_20260921_0004.jpg,2026-09-21 08:17:51,TI-02,drone,saudavel,saudavel,0.9957,agrosmart-v1,simulado,sim-2026-09
0f6229cb-cb85-5473-93a1-fa22decf40c7,SC-01_20260921_0010.jpg,2026-09-21 08:17:59,SC-01,smartphone,saudavel,saudavel,0.9218,agrosmart-v1,simulado,sim-2026-09
bc973ef0-7e4b-581f-a709-6d9fb0ab5690,SC-01_20260921_0011.jpg,2026-09-21 08:18:28,SC-01,smartphone,saudavel,saudavel,0.7301,agrosmart-v1,simulado,sim-2026-09
625c7452-9d0d-5e2c-928a-3d86521612dc,TI-02_20260921_0005.jpg,2026-09-21 08:18:28,TI-02,drone,saudavel,saudavel,0.8664,agrosmart-v1,simulado,sim-2026-09
08fa36ce-5bf6-52dd-abf6-9757c32ce6e7,BV-03_20260921_0026.jpg,2026-09-21 08:18:48,BV-03,smartphone,saudavel,saudavel,0.9874,agrosmart-v1,simulado,sim-2026-09
e5eec962-abf4-5a62-a60d-82786193336a,TI-02_20260921_0006.jpg,2026-09-21 08:19:25,TI-02,drone,saudavel,saudavel,0.9413,agrosmart-v1,simulado,sim-2026-09
8d22e365-d65d-5e53-94e2-b517e947a9b1,BV-03_20260921_0027.jpg,2026-09-21 08:19:26,BV-03,smartphone,saudavel,saudavel,0.8522,agrosmart-v1,simulado,sim-2026-09
d52211c7-da79-53ed-89af-2633df873d08,SC-01_20260921_0012.jpg,2026-09-21 08:19:26,SC-01,smartphone,saudavel,saudavel,0.9659,agrosmart-v1,simulado,sim-2026-09
ab393895-dc25-5783-8063-04a2ecfbe158,TI-02_20260921_0007.jpg,2026-09-21 08:19:45,TI-02,drone,saudavel,saudavel,0.9397,agrosmart-v1,simulado,sim-2026-09
21b973e6-de73-5e89-9a97-0e2d9a4aca4e,SC-01_20260921_0013.jpg,2026-09-21 08:19:56,SC-01,smartphone,saudavel,saudavel,0.9997,agrosmart-v1,simulado,sim-2026-09
643482f6-562c-54bf-8a7a-45a1884c54d5,SC-01_20260921_0014.jpg,2026-09-21 08:20:24,SC-01,smartphone,saudavel,saudavel,0.9019,agrosmart-v1,simulado,sim-2026-09
b8399d2f-0afa-5f41-8293-834aeb5afa43,TI-02_20260921_0008.jpg,2026-09-21 08:20:50,TI-02,drone,saudavel,saudavel,0.9680,agrosmart-v1,simulado,sim-2026-09
125cace2-eb23-55fd-b325-c0cceb8a1945,SC-01_20260921_0015.jpg,2026-09-21 08:21:15,SC-01,smartphone,saudavel,saudavel,0.9339,agrosmart-v1,simulado,sim-2026-09
2026aef2-fdb4-59ad-8a98-2bb7771bd080,TI-02_20260921_0009.jpg,2026-09-21 08:21:29,TI-02,drone,doente,pinta_preta,0.9950,agrosmart-v1,simulado,sim-2026-09
29997567-c945-5701-8721-4b0e792dfd7e,SC-01_20260921_0016.jpg,2026-09-21 08:21:46,SC-01,smartphone,saudavel,saudavel,0.9998,agrosmart-v1,simulado,sim-2026-09
268c38e2-89c7-557a-8435-2f2dad283c3c,TI-02_20260921_0010.jpg,2026-09-21 08:22:08,TI-02,drone,saudavel,saudavel,0.9519,agrosmart-v1,simulado,sim-2026-09
62f2bdbd-f05f-5f67-bff2-dbee7d9d08f5,TI-02_20260921_0011.jpg,2026-09-21 08:22:25,TI-02,drone,saudavel,saudavel,0.9969,agrosmart-v1,simulado,sim-2026-09
f03b0c2c-6ecd-506f-b222-2cee170a88f5,SC-01_20260921_0017.jpg,2026-09-21 08:22:35,SC-01,smartphone,saudavel,saudavel,0.9994,agrosmart-v1,simulado,sim-2026-09
03970c85-bf72-5b3a-8b65-0d1396b8b1c4,TI-02_20260921_0012.jpg,2026-09-21 08:23:11,TI-02,drone,saudavel,saudavel,0.8246,agrosmart-v1,simulado,sim-2026-09
a295f513-67f0-528a-bb5a-d48522e9bc4e,SC-01_20260921_0018.jpg,2026-09-21 08:23:16,SC-01,smartphone,saudavel,saudavel,0.9961,agrosmart-v1,simulado,sim-2026-09
f7b2c636-eeee-529c-84a6-36d0942f465e,TI-02_20260921_0013.jpg,2026-09-21 08:23:47,TI-02,drone,saudavel,saudavel,0.8626,agrosmart-v1,simulado,sim-2026-09
9169e30a-e8d7-591f-9a66-3678d6aa33ce,SC-01_20260921_0019.jpg,2026-09-21 08:24:07,SC-01,smartphone,saudavel,saudavel,0.9618,agrosmart-v1,simulado,sim-2026-09
5387feca-b500-5770-9a6f-c0f2c74e36a4,TI-02_20260921_0014.jpg,2026-09-21 08:24:37,TI-02,drone,doente,pinta_preta,0.9446,agrosmart-v1,simulado,sim-2026-09
e0a393d7-0607-596e-a1fb-7112272fde37,SC-01_20260921_0020.jpg,2026-09-21 08:24:45,SC-01,smartphone,saudavel,saudavel,0.9471,agrosmart-v1,simulado,sim-2026-09
81e90e97-9053-5f3d-bc95-d715f8610111,TI-02_20260921_0015.jpg,2026-09-21 08:25:09,TI-02,drone,saudavel,saudavel,0.8307,agrosmart-v1,simulado,sim-2026-09
53485398-5793-58b6-b695-b24985424aeb,SC-01_20260921_0021.jpg,2026-09-21 08:25:15,SC-01,smartphone,saudavel,saudavel,0.9149,agrosmart-v1,simulado,sim-2026-09
33db23a5-d152-5ef5-a5d4-4dac2fbf929d,TI-02_20260921_0016.jpg,2026-09-21 08:25:40,TI-02,drone,doente,pinta_preta,0.9947,agrosmart-v1,simulado,sim-2026-09
daf21c46-ae53-5143-ae0d-dc55915de83c,SC-01_20260921_0022.jpg,2026-09-21 08:25:56,SC-01,smartphone,saudavel,saudavel,0.9717,agrosmart-v1,simulado,sim-2026-09
0485c0dd-a5af-512f-bec3-647554bd281b,SC-01_20260921_0023.jpg,2026-09-21 08:26:38,SC-01,smartphone,saudavel,saudavel,0.9296,agrosmart-v1,simulado,sim-2026-09
58958538-3399-5be6-9600-956f60c69509,TI-02_20260921_0017.jpg,2026-09-21 08:26:45,TI-02,drone,doente,pinta_preta,0.9815,agrosmart-v1,simulado,sim-2026-09
5efd00a3-0f37-5704-b3cc-d5e5c6d8c168,TI-02_20260921_0018.jpg,2026-09-21 08:27:09,TI-02,drone,doente,pinta_preta,0.7213,agrosmart-v1,simulado,sim-2026-09
f62df19d-e30f-5b75-8b3d-9095dbe6c6a4,SC-01_20260921_0024.jpg,2026-09-21 08:27:26,SC-01,smartphone,saudavel,saudavel,0.8731,agrosmart-v1,simulado,sim-2026-09
195ba60a-5d1b-5693-bdca-0c01604c4b64,SC-01_20260921_0025.jpg,2026-09-21 08:27:56,SC-01,smartphone,saudavel,saudavel,0.9154,agrosmart-v1,simulado,sim-2026-09
c6a3f30e-419c-524d-bc0f-873fedfa5724,TI-02_20260921_0019.jpg,2026-09-21 08:27:59,TI-02,drone,saudavel,saudavel,0.9967,agrosmart-v1,simulado,sim-2026-09
90aea4b3-5d80-5a5c-a51d-9c6ee0980974,SC-01_20260921_0026.jpg,2026-09-21 08:28:40,SC-01,smartphone,saudavel,saudavel,0.9677,agrosmart-v1,simulado,sim-2026-09
3aa6962e-58f1-54d0-b4a7-5bb23646c85f,TI-02_20260921_0020.jpg,2026-09-21 08:28:47,TI-02,drone,saudavel,saudavel,0.9740,agrosmart-v1,simulado,sim-2026-09
8d0fab4f-3645-58f5-9079-c01efb0cef1e,SC-01_20260921_0027.jpg,2026-09-21 08:29:12,SC-01,smartphone,saudavel,saudavel,0.6222,agrosmart-v1,simulado,sim-2026-09
27c4bfd8-35b8-5876-bc40-05d1dce552c2,TI-02_20260921_0021.jpg,2026-09-21 08:29:14,TI-02,drone,doente,pinta_preta,0.9752,agrosmart-v1,simulado,sim-2026-09
4a4f44c5-95f6-515b-bdd4-110668a4f1a1,TI-02_20260921_0022.jpg,2026-09-21 08:29:46,TI-02,drone,doente,pinta_preta,0.9976,agrosmart-v1,simulado,sim-2026-09
074f2134-aa1e-5559-9339-00827cec1808,SC-01_20260921_0028.jpg,2026-09-21 08:29:52,SC-01,smartphone,saudavel,saudavel,0.9542,agrosmart-v1,simulado,sim-2026-09
24556000-59fa-5457-acad-f178a1e91d61,SC-01_20260921_0029.jpg,2026-09-21 08:30:22,SC-01,smartphone,saudavel,saudavel,0.9954,agrosmart-v1,simulado,sim-2026-09
d0ef8d1a-bd25-560c-835c-6bc4f16d58e1,TI-02_20260921_0023.jpg,2026-09-21 08:30:25,TI-02,drone,saudavel,saudavel,0.9335,agrosmart-v1,simulado,sim-2026-09
5f22527c-91ec-5da0-8f0f-4a78ef1f71a8,SC-01_20260921_0030.jpg,2026-09-21 08:31:09,SC-01,smartphone,saudavel,saudavel,0.9952,agrosmart-v1,simulado,sim-2026-09
949767b4-6cf1-5bbe-bb38-a324e20d7ef3,TI-02_20260921_0024.jpg,2026-09-21 08:31:21,TI-02,drone,saudavel,saudavel,0.9294,agrosmart-v1,simulado,sim-2026-09
4f3a2490-7dee-5cb0-8636-3e01d10179db,TI-02_20260921_0025.jpg,2026-09-21 08:32:00,TI-02,drone,saudavel,saudavel,0.9127,agrosmart-v1,simulado,sim-2026-09
96730a2d-2618-5839-8b37-b8a3fb01ac3f,SC-01_20260921_0031.jpg,2026-09-21 08:32:01,SC-01,smartphone,saudavel,saudavel,0.9813,agrosmart-v1,simulado,sim-2026-09
e21f35d0-3d3e-5658-adea-85a257ba57f0,SC-01_20260921_0032.jpg,2026-09-21 08:32:33,SC-01,smartphone,saudavel,saudavel,0.9990,agrosmart-v1,simulado,sim-2026-09
f098a697-2cdf-5ffe-853a-4cb646967e71,TI-02_20260921_0026.jpg,2026-09-21 08:32:50,TI-02,drone,doente,pinta_preta,0.8948,agrosmart-v1,simulado,sim-2026-09
5a59e0cf-d462-5d29-8608-6809dd9df19d,SC-01_20260921_0033.jpg,2026-09-21 08:33:04,SC-01,smartphone,saudavel,saudavel,0.9853,agrosmart-v1,simulado,sim-2026-09
4a70d52e-8e54-5046-8418-0d706c625676,TI-02_20260921_0027.jpg,2026-09-21 08:33:14,TI-02,drone,saudavel,saudavel,0.9201,agrosmart-v1,simulado,sim-2026-09
d989ab7c-84f7-5cb0-95ec-8586cc665d32,TI-02_20260921_0028.jpg,2026-09-21 08:33:54,TI-02,drone,saudavel,saudavel,0.9732,agrosmart-v1,simulado,sim-2026-09
829d7ec4-1ec1-5205-9306-66b34dacde13,SC-01_20260921_0034.jpg,2026-09-21 08:33:59,SC-01,smartphone,saudavel,saudavel,0.8224,agrosmart-v1,simulado,sim-2026-09
a4baec7b-bf5e-5e62-925b-e841e53252a2,SC-01_20260921_0035.jpg,2026-09-21 08:34:26,SC-01,smartphone,saudavel,saudavel,0.9440,agrosmart-v1,simulado,sim-2026-09
a7208c47-e936-550d-84b0-cc1d8e9c5f3e,TI-02_20260921_0029.jpg,2026-09-21 08:34:46,TI-02,drone,saudavel,saudavel,0.9026,agrosmart-v1,simulado,sim-2026-09
27652f32-f017-5531-be61-31403629866a,TI-02_20260921_0030.jpg,2026-09-21 08:35:02,TI-02,drone,saudavel,saudavel,0.9140,agrosmart-v1,simulado,sim-2026-09
ade2b4e4-ca04-5a4c-9797-18b65f15a5f9,SC-01_20260921_0036.jpg,2026-09-21 08:35:08,SC-01,smartphone,saudavel,saudavel,1.0000,agrosmart-v1,simulado,sim-2026-09
9fd12cc5-7300-5cc0-97db-02f7a9b2b2c5,TI-02_20260921_0031.jpg,2026-09-21 08:35:55,TI-02,drone,doente,pinta_preta,0.8610,agrosmart-v1,simulado,sim-2026-09
1b60009a-dff9-5acd-b9a1-a28cab148170,BV-01_20260921_0001.jpg,2026-09-21 08:35:56,BV-01,smartphone,saudavel,saudavel,0.9352,agrosmart-v1,simulado,sim-2026-09
0da2dc4f-a757-5e52-8fd9-31e255398597,SC-01_20260921_0037.jpg,2026-09-21 08:36:07,SC-01,smartphone,saudavel,saudavel,0.9053,agrosmart-v1,simulado,sim-2026-09
1c004259-5e0c-5c36-a686-ab2e0694039f,TI-02_20260921_0032.jpg,2026-09-21 08:36:43,TI-02,drone,saudavel,saudavel,0.9134,agrosmart-v1,simulado,sim-2026-09
fbe0b0f9-2c4b-58b0-912f-d7739ad81c9c,BV-01_20260921_0002.jpg,2026-09-21 08:36:50,BV-01,smartphone,saudavel,saudavel,0.9667,agrosmart-v1,simulado,sim-2026-09
a489e153-ba3a-59fe-9482-389ebaba63c5,TI-02_20260921_0033.jpg,2026-09-21 08:37:11,TI-02,drone,saudavel,saudavel,1.0000,agrosmart-v1,simulado,sim-2026-09
b7930ff0-f4aa-5c1b-8ee6-e250b8035d3d,BV-01_20260921_0003.jpg,2026-09-21 08:37:12,BV-01,smartphone,saudavel,saudavel,0.9252,agrosmart-v1,simulado,sim-2026-09
8abc31c8-3721-52e8-aee5-6bce2567a9c9,BV-01_20260921_0004.jpg,2026-09-21 08:38:05,BV-01,smartphone,saudavel,saudavel,0.9669,agrosmart-v1,simulado,sim-2026-09
18a417b0-5bbb-5b0b-8e04-1ca4de1151f8,TI-02_20260921_0034.jpg,2026-09-21 08:38:09,TI-02,drone,saudavel,saudavel,0.9603,agrosmart-v1,simulado,sim-2026-09
28dcc305-552a-581c-ba46-77c3ee50d3bd,BV-01_20260921_0005.jpg,2026-09-21 08:38:32,BV-01,smartphone,saudavel,saudavel,0.9946,agrosmart-v1,simulado,sim-2026-09
6c88edf4-dca8-5cb0-9deb-14aeea66e884,TI-02_20260921_0035.jpg,2026-09-21 08:38:47,TI-02,drone,saudavel,saudavel,0.9641,agrosmart-v1,simulado,sim-2026-09
af6d1d1a-a192-5b7e-903c-4e1f06bedd9b,BV-01_20260921_0006.jpg,2026-09-21 08:39:16,BV-01,smartphone,saudavel,saudavel,0.9904,agrosmart-v1,simulado,sim-2026-09
0b97c2af-4d02-54c2-b7b5-b0e06d90486c,TI-02_20260921_0036.jpg,2026-09-21 08:39:16,TI-02,drone,doente,pinta_preta,0.9997,agrosmart-v1,simulado,sim-2026-09
4aa8015e-9aae-5263-9f0c-24fff0a6a486,BV-01_20260921_0007.jpg,2026-09-21 08:39:44,BV-01,smartphone,saudavel,saudavel,0.9282,agrosmart-v1,simulado,sim-2026-09
9341370a-e272-5109-b813-589d1de9488d,TI-02_20260921_0037.jpg,2026-09-21 08:39:53,TI-02,drone,doente,pinta_preta,0.9109,agrosmart-v1,simulado,sim-2026-09
67da7f3c-426e-5a9d-abce-0d42bc1f0fc1,TI-02_20260921_0038.jpg,2026-09-21 08:40:40,TI-02,drone,saudavel,saudavel,0.9217,agrosmart-v1,simulado,sim-2026-09
3fe35959-7126-5fa0-8d2a-3b4973712997,BV-01_20260921_0008.jpg,2026-09-21 08:40:46,BV-01,smartphone,saudavel,saudavel,0.8488,agrosmart-v1,simulado,sim-2026-09
7feebb8c-09ca-5b2a-b40e-f363c9dabc8d,BV-01_20260921_0009.jpg,2026-09-21 08:41:05,BV-01,smartphone,saudavel,saudavel,0.9925,agrosmart-v1,simulado,sim-2026-09
8462170c-928b-5d84-9b71-b009b8ba93f9,TI-02_20260921_0039.jpg,2026-09-21 08:41:13,TI-02,drone,doente,pinta_preta,0.7687,agrosmart-v1,simulado,sim-2026-09
b11bd3a0-c280-5df6-a06d-8489964fc0c2,BV-01_20260921_0010.jpg,2026-09-21 08:41:53,BV-01,smartphone,saudavel,saudavel,0.7279,agrosmart-v1,simulado,sim-2026-09
aca3b277-ac16-579d-b7ae-407bf30e3a81,TI-02_20260921_0040.jpg,2026-09-21 08:42:09,TI-02,drone,saudavel,saudavel,0.8484,agrosmart-v1,simulado,sim-2026-09
4e3f5e3a-db36-53f0-9cda-44aafce0eeac,TI-02_20260921_0041.jpg,2026-09-21 08:42:26,TI-02,drone,saudavel,saudavel,0.9478,agrosmart-v1,simulado,sim-2026-09
ef5d9106-eb73-5005-a3b9-aa3de23f6a6e,BV-01_20260921_0011.jpg,2026-09-21 08:42:39,BV-01,smartphone,saudavel,saudavel,0.8475,agrosmart-v1,simulado,sim-2026-09
effc6ad4-b204-5b77-84e1-9f1686f78888,BV-01_20260921_0012.jpg,2026-09-21 08:43:12,BV-01,smartphone,saudavel,saudavel,0.7182,agrosmart-v1,simulado,sim-2026-09
b055ebd1-aff8-5d8e-af36-774cb48b86cd,TI-02_20260921_0042.jpg,2026-09-21 08:43:12,TI-02,drone,saudavel,saudavel,0.9441,agrosmart-v1,simulado,sim-2026-09
6f762ffb-5a8c-5f72-b4ee-6d8e2b6d43e9,BV-01_20260921_0013.jpg,2026-09-21 08:44:00,BV-01,smartphone,saudavel,saudavel,0.9769,agrosmart-v1,simulado,sim-2026-09
75c0f5b6-ab7d-587e-810d-1a726a6cbb47,TI-02_20260921_0043.jpg,2026-09-21 08:44:09,TI-02,drone,doente,pinta_preta,0.9332,agrosmart-v1,simulado,sim-2026-09
68294b42-65b7-5b01-8d0e-43c665889a67,TI-02_20260921_0044.jpg,2026-09-21 08:44:46,TI-02,drone,saudavel,saudavel,0.9527,agrosmart-v1,simulado,sim-2026-09
0b268a3b-dcd2-566c-bdaf-01307ff1a26b,BV-01_20260921_0014.jpg,2026-09-21 08:44:48,BV-01,smartphone,saudavel,saudavel,0.9932,agrosmart-v1,simulado,sim-2026-09
c460e7f5-e0b2-585f-a96f-429b08501cee,TI-02_20260921_0045.jpg,2026-09-21 08:45:07,TI-02,drone,saudavel,saudavel,0.9802,agrosmart-v1,simulado,sim-2026-09
1d14141d-9045-555d-a8bc-dd0e841e44f7,BV-01_20260921_0015.jpg,2026-09-21 08:45:23,BV-01,smartphone,saudavel,saudavel,0.8888,agrosmart-v1,simulado,sim-2026-09
fdac3b23-8c2d-5093-b33b-f09235852f7a,BV-01_20260921_0016.jpg,2026-09-21 08:46:01,BV-01,smartphone,saudavel,saudavel,0.9988,agrosmart-v1,simulado,sim-2026-09
291c8de3-0d82-5e96-836a-4a4e15557c52,BV-01_20260921_0017.jpg,2026-09-21 08:46:20,BV-01,smartphone,saudavel,saudavel,0.9396,agrosmart-v1,simulado,sim-2026-09
d8d2edd0-1427-566f-89e3-ecc39c413d61,BV-01_20260921_0018.jpg,2026-09-21 08:47:14,BV-01,smartphone,saudavel,saudavel,0.9973,agrosmart-v1,simulado,sim-2026-09
8e005168-342a-5898-aa23-368dd2f95742,BV-01_20260921_0019.jpg,2026-09-21 08:47:48,BV-01,smartphone,saudavel,saudavel,0.9985,agrosmart-v1,simulado,sim-2026-09
be839586-ff6e-55c8-ab75-af5933e4abe9,BV-01_20260921_0020.jpg,2026-09-21 08:48:31,BV-01,smartphone,saudavel,saudavel,0.9922,agrosmart-v1,simulado,sim-2026-09
9c0d525e-fa28-58eb-902c-8454550296d6,BV-01_20260921_0021.jpg,2026-09-21 08:49:25,BV-01,smartphone,saudavel,saudavel,0.5399,agrosmart-v1,simulado,sim-2026-09
dfc9a61e-b2d4-54df-a273-e0303d418730,BV-01_20260921_0022.jpg,2026-09-21 08:49:42,BV-01,smartphone,saudavel,saudavel,0.9683,agrosmart-v1,simulado,sim-2026-09
fb9b7bc6-55e2-5d19-8412-f91d716e8732,BV-01_20260921_0023.jpg,2026-09-21 08:50:40,BV-01,smartphone,saudavel,saudavel,0.8823,agrosmart-v1,simulado,sim-2026-09
395932fd-3725-51f5-8c4f-dc834bf74683,BV-01_20260921_0024.jpg,2026-09-21 08:51:00,BV-01,smartphone,saudavel,saudavel,0.9217,agrosmart-v1,simulado,sim-2026-09
df7f421b-a9f1-52e3-8e7c-80bda47a123e,SC-03_20260921_0001.jpg,2026-09-21 08:51:07,SC-03,smartphone,saudavel,saudavel,0.9807,agrosmart-v1,simulado,sim-2026-09
e2592fec-1356-5d64-904a-5b85b176f441,SC-03_20260921_0002.jpg,2026-09-21 08:51:50,SC-03,smartphone,saudavel,saudavel,0.9075,agrosmart-v1,simulado,sim-2026-09
780bfd54-0ecb-501b-83b2-4a41f8eebf1a,BV-01_20260921_0025.jpg,2026-09-21 08:52:07,BV-01,smartphone,saudavel,saudavel,0.8286,agrosmart-v1,simulado,sim-2026-09
01347f9e-1692-5291-8e17-6c2a4dd550df,SC-03_20260921_0003.jpg,2026-09-21 08:52:28,SC-03,smartphone,saudavel,saudavel,0.9548,agrosmart-v1,simulado,sim-2026-09
564f6077-6924-576d-8025-a2937a1ca6f4,BV-01_20260921_0026.jpg,2026-09-21 08:52:35,BV-01,smartphone,saudavel,saudavel,0.9352,agrosmart-v1,simulado,sim-2026-09
efa19908-4b64-530b-b98b-d435c5ece385,SC-03_20260921_0004.jpg,2026-09-21 08:52:42,SC-03,smartphone,saudavel,saudavel,0.9698,agrosmart-v1,simulado,sim-2026-09
e9858a57-5cb4-5d71-bcb8-8cf6510b0d43,BV-01_20260921_0027.jpg,2026-09-21 08:53:16,BV-01,smartphone,doente,requeima,0.8455,agrosmart-v1,simulado,sim-2026-09
36fed1c4-53aa-5a29-89b0-88dc78bcedfa,SC-03_20260921_0005.jpg,2026-09-21 08:53:27,SC-03,smartphone,saudavel,saudavel,0.9976,agrosmart-v1,simulado,sim-2026-09
6db4c958-de34-5e42-baca-a9748bebbd46,BV-01_20260921_0028.jpg,2026-09-21 08:53:40,BV-01,smartphone,saudavel,saudavel,0.9517,agrosmart-v1,simulado,sim-2026-09
bb9545a6-5d23-58b0-8cb8-52dfacf42bfa,SC-03_20260921_0006.jpg,2026-09-21 08:54:00,SC-03,smartphone,saudavel,saudavel,0.8484,agrosmart-v1,simulado,sim-2026-09
89c33c00-595f-5d1a-92db-74b9e7aad739,BV-01_20260921_0029.jpg,2026-09-21 08:54:26,BV-01,smartphone,saudavel,saudavel,0.9976,agrosmart-v1,simulado,sim-2026-09
6153a45b-94f3-57c6-b17b-17645ac24386,SC-02_20260921_0001.jpg,2026-09-21 08:54:52,SC-02,smartphone,saudavel,saudavel,0.8376,agrosmart-v1,simulado,sim-2026-09
97166d55-a9f8-57fa-a22a-2013aa9e8a62,SC-03_20260921_0007.jpg,2026-09-21 08:54:55,SC-03,smartphone,saudavel,saudavel,0.8405,agrosmart-v1,simulado,sim-2026-09
c75ebfc7-e246-5cce-b762-dbe6fe0dc733,BV-01_20260921_0030.jpg,2026-09-21 08:55:10,BV-01,smartphone,saudavel,saudavel,0.9987,agrosmart-v1,simulado,sim-2026-09
e0f22d8a-ee92-5352-8f8b-a1ae915938f5,SC-03_20260921_0008.jpg,2026-09-21 08:55:25,SC-03,smartphone,saudavel,saudavel,0.9999,agrosmart-v1,simulado,sim-2026-09
5dbab753-d010-5f74-b741-92106a586a0f,SC-02_20260921_0002.jpg,2026-09-21 08:55:26,SC-02,smartphone,saudavel,saudavel,0.9283,agrosmart-v1,simulado,sim-2026-09
14a2875d-4940-56e9-944b-c0739a6f59d1,BV-01_20260921_0031.jpg,2026-09-21 08:55:44,BV-01,smartphone,saudavel,saudavel,0.9583,agrosmart-v1,simulado,sim-2026-09
909d260c-f7b4-5dd2-ac0f-e83d394bab83,SC-02_20260921_0003.jpg,2026-09-21 08:56:02,SC-02,smartphone,saudavel,saudavel,0.9064,agrosmart-v1,simulado,sim-2026-09
68fc0ecb-1dad-5e7c-812d-396a8dd76652,SC-03_20260921_0009.jpg,2026-09-21 08:56:22,SC-03,smartphone,saudavel,saudavel,0.9829,agrosmart-v1,simulado,sim-2026-09
2ab195ac-48f2-508f-9d06-37d2d03712df,BV-01_20260921_0032.jpg,2026-09-21 08:56:31,BV-01,smartphone,saudavel,saudavel,0.9235,agrosmart-v1,simulado,sim-2026-09
1ab55324-49f4-5df1-a051-4ea102d890ad,SC-02_20260921_0004.jpg,2026-09-21 08:56:43,SC-02,smartphone,saudavel,saudavel,0.9930,agrosmart-v1,simulado,sim-2026-09
da5e2db5-7607-5fd3-884d-0b765b4f1ca8,SC-03_20260921_0010.jpg,2026-09-21 08:56:56,SC-03,smartphone,saudavel,saudavel,0.9889,agrosmart-v1,simulado,sim-2026-09
bc962d89-bee4-546e-8956-6579bdbacaf0,SC-03_20260921_0011.jpg,2026-09-21 08:57:24,SC-03,smartphone,saudavel,saudavel,0.6039,agrosmart-v1,simulado,sim-2026-09
2cd8adda-3756-513a-93dc-6f7d13931a91,SC-02_20260921_0005.jpg,2026-09-21 08:57:36,SC-02,smartphone,saudavel,saudavel,0.9158,agrosmart-v1,simulado,sim-2026-09
a372581e-d5cc-5c08-b1cd-91d612b6f36b,SC-03_20260921_0012.jpg,2026-09-21 08:58:08,SC-03,smartphone,saudavel,saudavel,0.9229,agrosmart-v1,simulado,sim-2026-09
1a9507de-4c1b-5bed-be58-5d8ce76d37ca,SC-02_20260921_0006.jpg,2026-09-21 08:58:26,SC-02,smartphone,saudavel,saudavel,0.9402,agrosmart-v1,simulado,sim-2026-09
a57c4e2d-5c25-5fd0-8e97-5d388aa27e47,SC-03_20260921_0013.jpg,2026-09-21 08:59:00,SC-03,smartphone,saudavel,saudavel,0.9961,agrosmart-v1,simulado,sim-2026-09
c4302425-c10f-5435-8d10-8024805a63c5,SC-02_20260921_0007.jpg,2026-09-21 08:59:07,SC-02,smartphone,saudavel,saudavel,0.8272,agrosmart-v1,simulado,sim-2026-09
b9736061-d0d3-5764-84a4-c1e14723f654,SC-03_20260921_0014.jpg,2026-09-21 08:59:20,SC-03,smartphone,saudavel,saudavel,0.9880,agrosmart-v1,simulado,sim-2026-09
8866253f-bf27-54cf-a2a7-cd531e10ff84,SC-02_20260921_0008.jpg,2026-09-21 08:59:47,SC-02,smartphone,saudavel,saudavel,0.9995,agrosmart-v1,simulado,sim-2026-09
3c756e92-543f-5eb2-b1c9-0f99495c9d2e,SC-02_20260921_0009.jpg,2026-09-21 09:00:10,SC-02,smartphone,saudavel,saudavel,0.9997,agrosmart-v1,simulado,sim-2026-09
47bc48a5-9f98-50c7-9618-34ad40f768b5,SC-03_20260921_0015.jpg,2026-09-21 09:00:26,SC-03,smartphone,saudavel,saudavel,0.5882,agrosmart-v1,simulado,sim-2026-09
5cf31e45-b9a3-5e14-a3f3-416c6f14e0c2,SC-03_20260921_0016.jpg,2026-09-21 09:00:46,SC-03,smartphone,saudavel,saudavel,0.9708,agrosmart-v1,simulado,sim-2026-09
8c9c8ec3-34b6-5bcb-8ac4-e45914452667,SC-02_20260921_0010.jpg,2026-09-21 09:01:04,SC-02,smartphone,saudavel,saudavel,0.5673,agrosmart-v1,simulado,sim-2026-09
f86e5eb2-c9f1-5fa6-a214-17930de1d829,SC-03_20260921_0017.jpg,2026-09-21 09:01:25,SC-03,smartphone,saudavel,saudavel,0.9823,agrosmart-v1,simulado,sim-2026-09
6aa8de51-3df9-52f7-83fe-bca216f5edb3,SC-02_20260921_0011.jpg,2026-09-21 09:01:41,SC-02,smartphone,saudavel,saudavel,0.9917,agrosmart-v1,simulado,sim-2026-09
47a14f2e-bc53-5369-b90a-c372bb253a22,SC-02_20260921_0012.jpg,2026-09-21 09:02:05,SC-02,smartphone,saudavel,saudavel,0.8853,agrosmart-v1,simulado,sim-2026-09
dd89f9f6-4950-57e8-b16a-2d99f33eef2e,SC-03_20260921_0018.jpg,2026-09-21 09:02:12,SC-03,smartphone,saudavel,saudavel,0.9076,agrosmart-v1,simulado,sim-2026-09
84cd68f3-5c20-5b9e-8a9b-24a4b538de5b,SC-02_20260921_0013.jpg,2026-09-21 09:02:46,SC-02,smartphone,saudavel,saudavel,0.9839,agrosmart-v1,simulado,sim-2026-09
9e33a6f2-6177-56dc-936f-3e7a54b3ad68,SC-03_20260921_0019.jpg,2026-09-21 09:02:53,SC-03,smartphone,saudavel,saudavel,0.9348,agrosmart-v1,simulado,sim-2026-09
27a32fd8-32f3-51a9-b50d-d94ad24f80e7,SC-02_20260921_0014.jpg,2026-09-21 09:03:29,SC-02,smartphone,saudavel,saudavel,0.8592,agrosmart-v1,simulado,sim-2026-09
7c8b4b36-17a3-549a-9350-ef581d9815c0,SC-03_20260921_0020.jpg,2026-09-21 09:03:46,SC-03,smartphone,saudavel,saudavel,0.8622,agrosmart-v1,simulado,sim-2026-09
19e2e4dc-4c98-584c-acbd-cf2d30828555,SC-03_20260921_0021.jpg,2026-09-21 09:04:16,SC-03,smartphone,saudavel,saudavel,0.8822,agrosmart-v1,simulado,sim-2026-09
d6523834-9b32-5f96-8280-812cd974c30c,SC-02_20260921_0015.jpg,2026-09-21 09:04:25,SC-02,smartphone,saudavel,saudavel,0.8547,agrosmart-v1,simulado,sim-2026-09
6c5f0193-ae4a-5b92-a2c4-aaf229f6245a,SC-02_20260921_0016.jpg,2026-09-21 09:04:52,SC-02,smartphone,saudavel,saudavel,0.9990,agrosmart-v1,simulado,sim-2026-09
42f8460c-bcf6-570b-a602-0bd79bc69dfa,SC-03_20260921_0022.jpg,2026-09-21 09:04:55,SC-03,smartphone,saudavel,saudavel,0.8312,agrosmart-v1,simulado,sim-2026-09
5bd07140-6baa-5d60-ad55-f21204f9727b,SC-03_20260921_0023.jpg,2026-09-21 09:05:26,SC-03,smartphone,saudavel,saudavel,0.9982,agrosmart-v1,simulado,sim-2026-09
a9fbc4d8-6d6d-5d24-b09f-ced27c8db55a,SC-02_20260921_0017.jpg,2026-09-21 09:05:48,SC-02,smartphone,saudavel,saudavel,0.8689,agrosmart-v1,simulado,sim-2026-09
12dcd023-14eb-5a46-b94e-f3447853db9c,SC-02_20260921_0018.jpg,2026-09-21 09:06:23,SC-02,smartphone,saudavel,saudavel,0.9844,agrosmart-v1,simulado,sim-2026-09
c4196230-f5f4-58d3-8918-91905053cff8,SC-03_20260921_0024.jpg,2026-09-21 09:06:27,SC-03,smartphone,saudavel,saudavel,0.5473,agrosmart-v1,simulado,sim-2026-09
0c25bf0f-1ce3-5924-8d67-c535e04892e6,SC-03_20260921_0025.jpg,2026-09-21 09:06:45,SC-03,smartphone,saudavel,saudavel,0.8385,agrosmart-v1,simulado,sim-2026-09
48978d54-6276-5911-add2-9c694d383b76,SC-02_20260921_0019.jpg,2026-09-21 09:07:10,SC-02,smartphone,saudavel,saudavel,0.9943,agrosmart-v1,simulado,sim-2026-09
1a1e94e2-44ad-5a0a-8ca0-ad1f28f4c375,SC-02_20260921_0020.jpg,2026-09-21 09:07:23,SC-02,smartphone,saudavel,saudavel,0.9558,agrosmart-v1,simulado,sim-2026-09
619c24cc-3b41-54bb-b456-e0642b37c3f9,SC-03_20260921_0026.jpg,2026-09-21 09:07:38,SC-03,smartphone,saudavel,saudavel,0.9631,agrosmart-v1,simulado,sim-2026-09
a2f78785-e6da-5b54-8766-338377962458,SC-03_20260921_0027.jpg,2026-09-21 09:08:18,SC-03,smartphone,saudavel,saudavel,0.9999,agrosmart-v1,simulado,sim-2026-09
90ed8ca3-8d0a-5665-bfbf-51b7b639a2f4,SC-02_20260921_0021.jpg,2026-09-21 09:08:24,SC-02,smartphone,saudavel,saudavel,0.9096,agrosmart-v1,simulado,sim-2026-09
76cc859c-d518-5405-ade0-a2fe6d8f7aab,SC-03_20260921_0028.jpg,2026-09-21 09:09:03,SC-03,smartphone,saudavel,saudavel,0.9977,agrosmart-v1,simulado,sim-2026-09
6514af16-b4db-5463-8ca5-cc3aa8598c51,SC-02_20260921_0022.jpg,2026-09-21 09:09:08,SC-02,smartphone,saudavel,saudavel,0.9795,agrosmart-v1,simulado,sim-2026-09
0e9ee723-b49d-5e59-9283-928acdbbbca0,SC-03_20260921_0029.jpg,2026-09-21 09:09:27,SC-03,smartphone,saudavel,saudavel,0.9598,agrosmart-v1,simulado,sim-2026-09
3d674f59-e4f8-52f1-aa55-f529752ab116,SC-02_20260921_0023.jpg,2026-09-21 09:09:49,SC-02,smartphone,doente,vaquinha,0.9420,agrosmart-v1,simulado,sim-2026-09
3ab78bd9-2e87-5d24-be6e-3422bad43e0b,SC-02_20260921_0024.jpg,2026-09-21 09:10:07,SC-02,smartphone,saudavel,saudavel,0.9149,agrosmart-v1,simulado,sim-2026-09
11a9c4cf-b64e-52fe-b321-d6f9f3432eab,SC-03_20260921_0030.jpg,2026-09-21 09:10:09,SC-03,smartphone,saudavel,saudavel,0.9559,agrosmart-v1,simulado,sim-2026-09
c65d3937-c25f-5d0c-a2be-6d2162b3be53,SC-02_20260921_0025.jpg,2026-09-21 09:11:03,SC-02,smartphone,saudavel,saudavel,0.9380,agrosmart-v1,simulado,sim-2026-09
d3744d6f-45f0-5fcc-a0f5-92c9e9938c41,SC-02_20260921_0026.jpg,2026-09-21 09:11:39,SC-02,smartphone,saudavel,saudavel,0.9120,agrosmart-v1,simulado,sim-2026-09
80ef27b3-3013-5829-8bf3-55de605e3e3f,SC-02_20260921_0027.jpg,2026-09-21 09:12:10,SC-02,smartphone,saudavel,saudavel,0.9717,agrosmart-v1,simulado,sim-2026-09
671e80fb-bafb-53fd-870b-9a16d9d8994b,SC-02_20260921_0028.jpg,2026-09-21 09:12:42,SC-02,smartphone,saudavel,saudavel,0.9578,agrosmart-v1,simulado,sim-2026-09
dc3b6cfc-db56-5f61-a9fc-0cd8f53637bb,SC-02_20260921_0029.jpg,2026-09-21 09:13:30,SC-02,smartphone,saudavel,saudavel,0.9492,agrosmart-v1,simulado,sim-2026-09
f3cf5991-0789-5c2a-868d-ee95dbc67f36,SC-02_20260921_0030.jpg,2026-09-21 09:14:24,SC-02,smartphone,saudavel,saudavel,0.9952,agrosmart-v1,simulado,sim-2026-09
b723f05b-5fee-505f-acf8-d0924940c95b,SC-02_20260921_0031.jpg,2026-09-21 09:15:07,SC-02,smartphone,saudavel,saudavel,0.9529,agrosmart-v1,simulado,sim-2026-09
ca0e9ab3-d488-509c-a1a5-9916dee06eb4,SC-02_20260921_0032.jpg,2026-09-21 09:15:34,SC-02,smartphone,saudavel,saudavel,0.9177,agrosmart-v1,simulado,sim-2026-09
01318ba9-1472-5d79-9835-26ab5f45ddc7,SC-02_20260921_0033.jpg,2026-09-21 09:16:03,SC-02,smartphone,saudavel,saudavel,0.9404,agrosmart-v1,simulado,sim-2026-09
863298d6-d9b0-50ef-af9f-e290a841def4,SC-02_20260921_0034.jpg,2026-09-21 09:16:46,SC-02,smartphone,saudavel,saudavel,0.9226,agrosmart-v1,simulado,sim-2026-09
7f7d94a9-c0c8-5782-b027-13dac3b7a84b,SC-02_20260921_0035.jpg,2026-09-21 09:17:22,SC-02,smartphone,saudavel,saudavel,0.9063,agrosmart-v1,simulado,sim-2026-09
5583912e-7d08-57cd-a247-5fb64903a8bb,SC-02_20260921_0036.jpg,2026-09-21 09:18:21,SC-02,smartphone,saudavel,saudavel,0.8269,agrosmart-v1,simulado,sim-2026-09
4d6078ec-7072-5ca4-9114-bc8c977cd8bc,SC-02_20260921_0037.jpg,2026-09-21 09:18:40,SC-02,smartphone,saudavel,saudavel,0.9247,agrosmart-v1,simulado,sim-2026-09
570b6477-9675-5b12-af65-b9615d95faf0,TI-04_20260921_0001.jpg,2026-09-21 09:47:07,TI-04,drone,saudavel,saudavel,0.9371,agrosmart-v1,simulado,sim-2026-09
f1cabe58-5d2e-50ea-afe0-be3642b725f3,TI-04_20260921_0002.jpg,2026-09-21 09:47:49,TI-04,drone,doente,requeima,0.9980,agrosmart-v1,simulado,sim-2026-09
4b9d685a-d3a3-5d02-90df-98c0a9a1b113,TI-04_20260921_0003.jpg,2026-09-21 09:48:11,TI-04,drone,saudavel,saudavel,0.8864,agrosmart-v1,simulado,sim-2026-09
ed46bd8a-afd8-562c-a0b3-38dee1dab45f,TI-04_20260921_0004.jpg,2026-09-21 09:49:05,TI-04,drone,saudavel,saudavel,0.9020,agrosmart-v1,simulado,sim-2026-09
0bef5f60-c882-522e-8e09-46684aa26930,TI-04_20260921_0005.jpg,2026-09-21 09:49:43,TI-04,drone,saudavel,saudavel,0.9573,agrosmart-v1,simulado,sim-2026-09
ef91c3c4-0c91-5827-8006-08e4a423d55c,TI-04_20260921_0006.jpg,2026-09-21 09:50:23,TI-04,drone,doente,vaquinha,0.9821,agrosmart-v1,simulado,sim-2026-09
0a73e511-403c-56ac-ad24-9a665b042fb8,TI-04_20260921_0007.jpg,2026-09-21 09:50:58,TI-04,drone,saudavel,saudavel,0.9636,agrosmart-v1,simulado,sim-2026-09
e99ed374-be1c-5c54-8664-5295977bf57f,TI-04_20260921_0008.jpg,2026-09-21 09:51:31,TI-04,drone,doente,vaquinha,0.9998,agrosmart-v1,simulado,sim-2026-09
3efd7162-209f-5949-84a7-69c2f46e7f74,TI-04_20260921_0009.jpg,2026-09-21 09:52:24,TI-04,drone,saudavel,saudavel,0.9642,agrosmart-v1,simulado,sim-2026-09
59525219-ae6d-5a4e-852c-63085ca33e16,TI-04_20260921_0010.jpg,2026-09-21 09:52:59,TI-04,drone,saudavel,saudavel,0.9082,agrosmart-v1,simulado,sim-2026-09
0d6b26b3-6486-5499-b9e6-3da008ebc900,TI-04_20260921_0011.jpg,2026-09-21 09:53:50,TI-04,drone,doente,vaquinha,0.9492,agrosmart-v1,simulado,sim-2026-09
b558bff8-735f-569d-9263-a9bb046aee51,TI-04_20260921_0012.jpg,2026-09-21 09:54:12,TI-04,drone,saudavel,saudavel,0.9825,agrosmart-v1,simulado,sim-2026-09
7f5b2981-386a-5cdd-98d3-e9d99bf832f0,TI-04_20260921_0013.jpg,2026-09-21 09:55:03,TI-04,drone,saudavel,saudavel,0.9206,agrosmart-v1,simulado,sim-2026-09
9c6f54f5-92c9-56e5-8a75-1b1e93f2218f,TI-04_20260921_0014.jpg,2026-09-21 09:55:26,TI-04,drone,saudavel,saudavel,0.8219,agrosmart-v1,simulado,sim-2026-09
7d7a5aea-0a38-5e60-9061-614186f14cd6,TI-03_20260921_0001.jpg,2026-09-21 09:55:45,TI-03,drone,saudavel,saudavel,0.8958,agrosmart-v1,simulado,sim-2026-09
00912a4e-6fce-575c-a262-90f841e32002,TI-04_20260921_0015.jpg,2026-09-21 09:56:04,TI-04,drone,saudavel,saudavel,0.9997,agrosmart-v1,simulado,sim-2026-09
3c9fc10e-1759-54f7-8d5b-21ebdf1b2421,TI-03_20260921_0002.jpg,2026-09-21 09:56:28,TI-03,drone,saudavel,saudavel,0.9852,agrosmart-v1,simulado,sim-2026-09
755f4aeb-5b8e-501e-8bb5-893f8ad423ca,TI-04_20260921_0016.jpg,2026-09-21 09:56:43,TI-04,drone,saudavel,saudavel,0.9886,agrosmart-v1,simulado,sim-2026-09
aef51e14-34b1-5d36-a277-4e3cd1528f48,TI-03_20260921_0003.jpg,2026-09-21 09:57:12,TI-03,drone,saudavel,saudavel,0.8894,agrosmart-v1,simulado,sim-2026-09
c0f0582f-c517-558c-8bb7-7faea6d2e57f,TI-04_20260921_0017.jpg,2026-09-21 09:57:45,TI-04,drone,saudavel,saudavel,0.6961,agrosmart-v1,simulado,sim-2026-09
58907489-282f-5ea3-828b-45a880fd6e9e,TI-03_20260921_0004.jpg,2026-09-21 09:58:04,TI-03,drone,doente,pinta_preta,0.9778,agrosmart-v1,simulado,sim-2026-09
dc39dcbb-4740-560d-b1b8-93b3f3aee277,TI-04_20260921_0018.jpg,2026-09-21 09:58:09,TI-04,drone,doente,vaquinha,0.8205,agrosmart-v1,simulado,sim-2026-09
5d2b94dc-5a1d-50f2-b67a-c2acb975c573,TI-03_20260921_0005.jpg,2026-09-21 09:58:44,TI-03,drone,saudavel,saudavel,0.8710,agrosmart-v1,simulado,sim-2026-09
9e092427-25c6-554a-b777-9ffd7f3213d5,TI-04_20260921_0019.jpg,2026-09-21 09:58:54,TI-04,drone,saudavel,saudavel,0.9956,agrosmart-v1,simulado,sim-2026-09
1e3f5518-4e95-5227-af75-b38bba2203e0,TI-03_20260921_0006.jpg,2026-09-21 09:59:07,TI-03,drone,saudavel,saudavel,0.9971,agrosmart-v1,simulado,sim-2026-09
2684c437-738f-5971-8622-efba905729c8,TI-04_20260921_0020.jpg,2026-09-21 09:59:33,TI-04,drone,doente,pinta_preta,0.9605,agrosmart-v1,simulado,sim-2026-09
1776c538-6884-5c4a-bc07-05e20e438d7e,TI-03_20260921_0007.jpg,2026-09-21 10:00:09,TI-03,drone,saudavel,saudavel,0.9010,agrosmart-v1,simulado,sim-2026-09
bb6abc35-8b38-5d74-afdf-2ed730482eb1,TI-04_20260921_0021.jpg,2026-09-21 10:00:16,TI-04,drone,saudavel,saudavel,0.8883,agrosmart-v1,simulado,sim-2026-09
4c0bb9dd-6a29-5a3e-b004-b813b497b7db,TI-03_20260921_0008.jpg,2026-09-21 10:00:38,TI-03,drone,saudavel,saudavel,0.8908,agrosmart-v1,simulado,sim-2026-09
2953f793-f0de-50c7-bcf0-75724debbb28,TI-04_20260921_0022.jpg,2026-09-21 10:01:07,TI-04,drone,saudavel,saudavel,0.8773,agrosmart-v1,simulado,sim-2026-09
dc42dfdf-5212-53fd-9b26-f6d46753c976,TI-04_20260921_0023.jpg,2026-09-21 10:01:21,TI-04,drone,saudavel,saudavel,0.9222,agrosmart-v1,simulado,sim-2026-09
756a53cf-8562-5694-bb16-5690f18ce63b,TI-03_20260921_0009.jpg,2026-09-21 10:01:22,TI-03,drone,saudavel,saudavel,0.9725,agrosmart-v1,simulado,sim-2026-09
ac1b0f2f-9d7b-5722-b77e-1765e5367ddf,TI-03_20260921_0010.jpg,2026-09-21 10:02:08,TI-03,drone,saudavel,saudavel,0.9978,agrosmart-v1,simulado,sim-2026-09
90bd19b8-458c-5e3c-8bbc-dacdcfb06b11,TI-04_20260921_0024.jpg,2026-09-21 10:02:23,TI-04,drone,saudavel,saudavel,0.9887,agrosmart-v1,simulado,sim-2026-09
dbd7fe31-8c3c-54fb-ba79-6209d57f3034,TI-03_20260921_0011.jpg,2026-09-21 10:02:41,TI-03,drone,saudavel,saudavel,0.9691,agrosmart-v1,simulado,sim-2026-09
0cd9176f-54aa-52cb-acdb-23fa546380c7,TI-04_20260921_0025.jpg,2026-09-21 10:02:45,TI-04,drone,saudavel,saudavel,0.9622,agrosmart-v1,simulado,sim-2026-09
edaa900e-4edf-57bd-ad2b-fa62a800d839,TI-03_20260921_0012.jpg,2026-09-21 10:03:20,TI-03,drone,saudavel,saudavel,0.9822,agrosmart-v1,simulado,sim-2026-09
8a53ce3c-5e07-5213-bed4-6f56b78fe959,TI-04_20260921_0026.jpg,2026-09-21 10:03:47,TI-04,drone,saudavel,saudavel,0.7370,agrosmart-v1,simulado,sim-2026-09
93f327fe-8215-5c9c-ba74-c23e0007cd0b,TI-03_20260921_0013.jpg,2026-09-21 10:03:58,TI-03,drone,saudavel,saudavel,1.0000,agrosmart-v1,simulado,sim-2026-09
6f55e2a8-a848-588f-bcd1-0d835ad2c613,TI-04_20260921_0027.jpg,2026-09-21 10:04:05,TI-04,drone,saudavel,saudavel,0.8934,agrosmart-v1,simulado,sim-2026-09
11134a42-cd2f-5081-9b07-444fdc9dfeb2,TI-03_20260921_0014.jpg,2026-09-21 10:04:20,TI-03,drone,saudavel,saudavel,0.6640,agrosmart-v1,simulado,sim-2026-09
8fb303b0-25b7-5c9f-98ca-cc00eec04cf6,TI-04_20260921_0028.jpg,2026-09-21 10:04:56,TI-04,drone,saudavel,saudavel,0.9616,agrosmart-v1,simulado,sim-2026-09
bfa0f9e5-f16e-5b74-b339-28dbf2b1da25,TI-03_20260921_0015.jpg,2026-09-21 10:05:24,TI-03,drone,saudavel,saudavel,0.9924,agrosmart-v1,simulado,sim-2026-09
703ad160-81ce-58e4-aa7a-d9908c7fc9df,TI-04_20260921_0029.jpg,2026-09-21 10:05:42,TI-04,drone,saudavel,saudavel,0.9914,agrosmart-v1,simulado,sim-2026-09
d8dbe57e-0ea2-552e-9418-a0284bf624f9,TI-03_20260921_0016.jpg,2026-09-21 10:05:43,TI-03,drone,saudavel,saudavel,0.9575,agrosmart-v1,simulado,sim-2026-09
5fbaff4b-f5be-5043-8418-130e0e1e9999,TI-04_20260921_0030.jpg,2026-09-21 10:06:07,TI-04,drone,saudavel,saudavel,0.9905,agrosmart-v1,simulado,sim-2026-09
7de617fb-9049-5ac0-a618-c87cc833d1e2,TI-03_20260921_0017.jpg,2026-09-21 10:06:43,TI-03,drone,saudavel,saudavel,0.9452,agrosmart-v1,simulado,sim-2026-09
4ab749a4-56e3-502d-8dc4-eab6fce7766c,TI-04_20260921_0031.jpg,2026-09-21 10:07:09,TI-04,drone,doente,vaquinha,0.9315,agrosmart-v1,simulado,sim-2026-09
dc92c236-3a60-5b0f-8287-fa55adc8a534,TI-03_20260921_0018.jpg,2026-09-21 10:07:27,TI-03,drone,doente,pinta_preta,0.8915,agrosmart-v1,simulado,sim-2026-09
ab466789-6d0a-51bb-ad9f-4360c62c683b,TI-04_20260921_0032.jpg,2026-09-21 10:07:31,TI-04,drone,saudavel,saudavel,0.9862,agrosmart-v1,simulado,sim-2026-09
5a4f2fab-d3b9-5857-a29d-4571b0ff5487,TI-04_20260921_0033.jpg,2026-09-21 10:08:03,TI-04,drone,saudavel,saudavel,0.8878,agrosmart-v1,simulado,sim-2026-09
047b8fe1-f5f9-5141-ba79-ed77b71c85f0,TI-03_20260921_0019.jpg,2026-09-21 10:08:08,TI-03,drone,saudavel,saudavel,0.8344,agrosmart-v1,simulado,sim-2026-09
49286e7b-cc40-5cfe-b0c9-b4f22152cf05,TI-03_20260921_0020.jpg,2026-09-21 10:08:38,TI-03,drone,saudavel,saudavel,0.9043,agrosmart-v1,simulado,sim-2026-09
443ec2cc-7c70-5347-8c05-43ad0786eb93,TI-04_20260921_0034.jpg,2026-09-21 10:08:48,TI-04,drone,saudavel,saudavel,0.8960,agrosmart-v1,simulado,sim-2026-09
fec26565-5ebf-5e00-8afa-0c302ebb3bab,TI-03_20260921_0021.jpg,2026-09-21 10:09:03,TI-03,drone,saudavel,saudavel,0.9567,agrosmart-v1,simulado,sim-2026-09
02c2dba6-2251-596e-961a-47445b1eebce,TI-04_20260921_0035.jpg,2026-09-21 10:09:41,TI-04,drone,saudavel,saudavel,0.9542,agrosmart-v1,simulado,sim-2026-09
4413cd44-2edd-5a62-b3fe-bf7e197bab32,TI-03_20260921_0022.jpg,2026-09-21 10:09:57,TI-03,drone,saudavel,saudavel,0.8989,agrosmart-v1,simulado,sim-2026-09
03c8fdc0-6f7a-5b2c-9d7f-81de2394d108,TI-03_20260921_0023.jpg,2026-09-21 10:10:33,TI-03,drone,doente,pinta_preta,0.9493,agrosmart-v1,simulado,sim-2026-09
254d4054-bbd5-571d-ad74-dc64016e3075,TI-03_20260921_0024.jpg,2026-09-21 10:11:15,TI-03,drone,saudavel,saudavel,0.9336,agrosmart-v1,simulado,sim-2026-09
12e0e582-6cdc-518f-a745-789ade08bee4,TI-03_20260921_0025.jpg,2026-09-21 10:11:47,TI-03,drone,saudavel,saudavel,0.9907,agrosmart-v1,simulado,sim-2026-09
36936807-10ab-5e0e-8600-57e83b389d63,TI-03_20260921_0026.jpg,2026-09-21 10:12:20,TI-03,drone,saudavel,saudavel,0.9769,agrosmart-v1,simulado,sim-2026-09
1fa587ea-dc0c-5d90-9201-69670fc491d4,TI-03_20260921_0027.jpg,2026-09-21 10:13:07,TI-03,drone,saudavel,saudavel,0.8589,agrosmart-v1,simulado,sim-2026-09
176b2989-c4de-502a-a522-2397ff25dbfc,TI-03_20260921_0028.jpg,2026-09-21 10:14:01,TI-03,drone,saudavel,saudavel,1.0000,agrosmart-v1,simulado,sim-2026-09
d09277ff-1c3d-5c98-ae28-3846f7fab921,TI-03_20260921_0029.jpg,2026-09-21 10:14:48,TI-03,drone,saudavel,saudavel,0.8781,agrosmart-v1,simulado,sim-2026-09
57574561-4e2c-55eb-a539-77747cc0dc9f,TI-03_20260921_0030.jpg,2026-09-21 10:15:30,TI-03,drone,saudavel,saudavel,0.9997,agrosmart-v1,simulado,sim-2026-09
4a982f40-3753-53a4-9930-eb3ff93d35a0,TI-03_20260921_0031.jpg,2026-09-21 10:15:53,TI-03,drone,saudavel,saudavel,0.9513,agrosmart-v1,simulado,sim-2026-09
baa079d1-f7a5-54fb-81c4-cec8e0edf2b1,TI-03_20260921_0032.jpg,2026-09-21 10:16:27,TI-03,drone,saudavel,saudavel,0.8298,agrosmart-v1,simulado,sim-2026-09
ca3bf41f-8d0e-5d48-b08c-7546fbcd3a67,TI-03_20260921_0033.jpg,2026-09-21 10:17:08,TI-03,drone,saudavel,saudavel,0.8265,agrosmart-v1,simulado,sim-2026-09
5dc09c67-ca04-50c6-97f1-dd24c127ae36,TI-03_20260921_0034.jpg,2026-09-21 10:18:05,TI-03,drone,saudavel,saudavel,0.9757,agrosmart-v1,simulado,sim-2026-09
e1c6dbbc-a581-5ae6-b829-6cbb1d0e7f9c,TI-03_20260921_0035.jpg,2026-09-21 10:18:38,TI-03,drone,saudavel,saudavel,0.9983,agrosmart-v1,simulado,sim-2026-09
13bab6e6-d8aa-591a-9e93-bba6e1899cbf,TI-03_20260921_0036.jpg,2026-09-21 10:19:20,TI-03,drone,saudavel,saudavel,0.8412,agrosmart-v1,simulado,sim-2026-09
2a4a9741-6391-5595-a00b-f15cd4632399,TI-03_20260921_0037.jpg,2026-09-21 10:20:09,TI-03,drone,doente,pinta_preta,0.7189,agrosmart-v1,simulado,sim-2026-09
f27ad3d7-e7a0-5c73-a928-2251a186bb5c,TI-03_20260921_0038.jpg,2026-09-21 10:20:40,TI-03,drone,saudavel,saudavel,0.9880,agrosmart-v1,simulado,sim-2026-09
fd07a6b9-c881-5828-8bc7-566a6ece8594,TI-03_20260921_0039.jpg,2026-09-21 10:21:00,TI-03,drone,saudavel,saudavel,0.9990,agrosmart-v1,simulado,sim-2026-09
d423361a-d84e-5d49-93ce-7e45c2c06e80,TI-03_20260921_0040.jpg,2026-09-21 10:21:48,TI-03,drone,saudavel,saudavel,0.9365,agrosmart-v1,simulado,sim-2026-09
111bb031-4fb7-563a-b920-0466dc4f6923,SC-04_20260923_0001.jpg,2026-09-23 07:09:41,SC-04,smartphone,saudavel,saudavel,0.9603,agrosmart-v1,simulado,sim-2026-09
4a404b47-865d-5225-a155-c33038aa2256,SC-04_20260923_0002.jpg,2026-09-23 07:10:33,SC-04,smartphone,saudavel,saudavel,0.9997,agrosmart-v1,simulado,sim-2026-09
0c57294f-5995-5d84-b83b-9e7f40526275,SC-04_20260923_0003.jpg,2026-09-23 07:11:26,SC-04,smartphone,saudavel,saudavel,0.9648,agrosmart-v1,simulado,sim-2026-09
b291d3f7-9b2a-5c70-af3c-adff8ab9ae79,SC-04_20260923_0004.jpg,2026-09-23 07:12:02,SC-04,smartphone,doente,vaquinha,0.9870,agrosmart-v1,simulado,sim-2026-09
152def2c-4519-5bcf-bf8b-1c5ae8d5ca9a,SC-04_20260923_0005.jpg,2026-09-23 07:12:33,SC-04,smartphone,saudavel,saudavel,0.6109,agrosmart-v1,simulado,sim-2026-09
73ff98ad-f444-5455-a30a-6ca9924c89b6,SC-04_20260923_0006.jpg,2026-09-23 07:13:07,SC-04,smartphone,saudavel,saudavel,0.9386,agrosmart-v1,simulado,sim-2026-09
3f1b5b0b-c58b-53cf-9d94-f54ab4871660,SC-04_20260923_0007.jpg,2026-09-23 07:13:46,SC-04,smartphone,saudavel,saudavel,0.9870,agrosmart-v1,simulado,sim-2026-09
4a6a57ee-b924-545b-b146-1b1d4eec97c3,SC-04_20260923_0008.jpg,2026-09-23 07:14:22,SC-04,smartphone,saudavel,saudavel,0.9728,agrosmart-v1,simulado,sim-2026-09
2645ae84-c049-521c-8170-ef9ec5f0f20e,SC-04_20260923_0009.jpg,2026-09-23 07:15:01,SC-04,smartphone,saudavel,saudavel,0.9437,agrosmart-v1,simulado,sim-2026-09
514ecc68-cabc-5504-935b-2af865f9a6a1,SC-04_20260923_0010.jpg,2026-09-23 07:15:57,SC-04,smartphone,saudavel,saudavel,0.9688,agrosmart-v1,simulado,sim-2026-09
acbdac12-991e-5a56-8424-796e2060f1c1,SC-04_20260923_0011.jpg,2026-09-23 07:16:50,SC-04,smartphone,saudavel,saudavel,0.8481,agrosmart-v1,simulado,sim-2026-09
e787e0ef-2814-5b4d-baa9-b9f7bd68d217,SC-04_20260923_0012.jpg,2026-09-23 07:17:09,SC-04,smartphone,saudavel,saudavel,0.9979,agrosmart-v1,simulado,sim-2026-09
704f760f-0d9b-5d67-aaaa-96fff572fa33,SC-04_20260923_0013.jpg,2026-09-23 07:18:03,SC-04,smartphone,saudavel,saudavel,0.9278,agrosmart-v1,simulado,sim-2026-09
97f7d9b7-1f01-53dc-93b0-d9b9feaf13d6,SC-04_20260923_0014.jpg,2026-09-23 07:18:36,SC-04,smartphone,saudavel,saudavel,0.9325,agrosmart-v1,simulado,sim-2026-09
40c010c8-b662-5937-acb0-7eb92d3e1140,SC-04_20260923_0015.jpg,2026-09-23 07:19:00,SC-04,smartphone,saudavel,saudavel,0.9902,agrosmart-v1,simulado,sim-2026-09
e2100e29-753f-518e-b3af-faa5bb2cfab4,SC-04_20260923_0016.jpg,2026-09-23 07:20:00,SC-04,smartphone,doente,pinta_preta,0.8972,agrosmart-v1,simulado,sim-2026-09
ed4aaf34-7505-528e-8efd-2d673bd9ed7b,SC-04_20260923_0017.jpg,2026-09-23 07:20:22,SC-04,smartphone,saudavel,saudavel,0.9424,agrosmart-v1,simulado,sim-2026-09
807b4eb1-037f-5690-9f44-e4f08c774321,SC-04_20260923_0018.jpg,2026-09-23 07:21:29,SC-04,smartphone,saudavel,saudavel,0.9930,agrosmart-v1,simulado,sim-2026-09
bfe5161f-a4f3-5d55-9cee-cf329d0ae650,SC-04_20260923_0019.jpg,2026-09-23 07:21:49,SC-04,smartphone,saudavel,saudavel,0.8859,agrosmart-v1,simulado,sim-2026-09
5fabd13d-0852-5e3a-8b93-445806605d0f,SC-04_20260923_0020.jpg,2026-09-23 07:22:28,SC-04,smartphone,saudavel,saudavel,0.9936,agrosmart-v1,simulado,sim-2026-09
9a6d5ba3-268b-555f-9d2c-bbbb8a934163,SC-04_20260923_0021.jpg,2026-09-23 07:23:12,SC-04,smartphone,saudavel,saudavel,0.9872,agrosmart-v1,simulado,sim-2026-09
07bfbe4f-a670-5c67-820c-d33869858492,SC-04_20260923_0022.jpg,2026-09-23 07:23:56,SC-04,smartphone,saudavel,saudavel,0.9836,agrosmart-v1,simulado,sim-2026-09
fdf3bc44-a783-55cd-9eec-6786cce8b83a,SC-04_20260923_0023.jpg,2026-09-23 07:24:33,SC-04,smartphone,saudavel,saudavel,0.8875,agrosmart-v1,simulado,sim-2026-09
27c05242-2fb5-5783-8a82-796b6d1ba02c,SC-04_20260923_0024.jpg,2026-09-23 07:25:20,SC-04,smartphone,saudavel,saudavel,0.9452,agrosmart-v1,simulado,sim-2026-09
7f1bc277-1146-5fc6-a0f0-1a8b38e72140,SC-04_20260923_0025.jpg,2026-09-23 07:26:09,SC-04,smartphone,saudavel,saudavel,0.9765,agrosmart-v1,simulado,sim-2026-09
ccf6ba90-a66d-51a8-8e76-eeff7310cbfa,TI-02_20260923_0001.jpg,2026-09-23 07:52:02,TI-02,drone,doente,pinta_preta,0.7506,agrosmart-v1,simulado,sim-2026-09
14a295c2-7d42-5da9-820e-66a283235586,TI-02_20260923_0002.jpg,2026-09-23 07:52:35,TI-02,drone,doente,pinta_preta,0.9112,agrosmart-v1,simulado,sim-2026-09
cd17d758-58e9-55d3-ae23-5188b79a9230,TI-02_20260923_0003.jpg,2026-09-23 07:53:16,TI-02,drone,doente,pinta_preta,0.9794,agrosmart-v1,simulado,sim-2026-09
bb67f337-54b5-5608-adce-572b2aefd0bd,TI-02_20260923_0004.jpg,2026-09-23 07:54:00,TI-02,drone,saudavel,saudavel,0.8357,agrosmart-v1,simulado,sim-2026-09
62142aef-d8f4-5b65-aadd-1e5cc6fbaf52,TI-02_20260923_0005.jpg,2026-09-23 07:54:29,TI-02,drone,saudavel,saudavel,0.9353,agrosmart-v1,simulado,sim-2026-09
2a430642-5dc2-5aad-bd66-ed7b81601b4c,TI-04_20260923_0001.jpg,2026-09-23 07:55:03,TI-04,drone,saudavel,saudavel,0.8630,agrosmart-v1,simulado,sim-2026-09
3e3df4eb-dbcb-5537-b392-0fcbcfbec4ed,TI-02_20260923_0006.jpg,2026-09-23 07:55:15,TI-02,drone,doente,pinta_preta,0.8922,agrosmart-v1,simulado,sim-2026-09
8acebae9-4a58-5ed1-9780-c729368f6eac,TI-04_20260923_0002.jpg,2026-09-23 07:55:26,TI-04,drone,saudavel,saudavel,0.9974,agrosmart-v1,simulado,sim-2026-09
75cc3845-c5e4-5369-b186-3c84cce06e0e,TI-02_20260923_0007.jpg,2026-09-23 07:55:47,TI-02,drone,saudavel,saudavel,0.9806,agrosmart-v1,simulado,sim-2026-09
c56f22e8-474e-5c68-8df0-1bc2298b68d2,TI-04_20260923_0003.jpg,2026-09-23 07:56:10,TI-04,drone,saudavel,saudavel,0.9181,agrosmart-v1,simulado,sim-2026-09
58660bef-b5cc-5232-8659-1b46c934e161,TI-02_20260923_0008.jpg,2026-09-23 07:56:36,TI-02,drone,saudavel,saudavel,0.8631,agrosmart-v1,simulado,sim-2026-09
9bfb53fb-b482-5147-898f-19a0574022d0,TI-04_20260923_0004.jpg,2026-09-23 07:56:58,TI-04,drone,saudavel,saudavel,0.9984,agrosmart-v1,simulado,sim-2026-09
ddfdaec9-31d4-598f-9afd-71010a9f3bed,TI-02_20260923_0009.jpg,2026-09-23 07:57:22,TI-02,drone,saudavel,saudavel,0.9213,agrosmart-v1,simulado,sim-2026-09
8f180196-34e8-54b4-8cb2-b8865d9743fd,TI-04_20260923_0005.jpg,2026-09-23 07:57:29,TI-04,drone,saudavel,saudavel,0.9579,agrosmart-v1,simulado,sim-2026-09
081b70d1-81c9-54cd-b5a4-3641cbe3daac,TI-02_20260923_0010.jpg,2026-09-23 07:57:49,TI-02,drone,saudavel,saudavel,0.9650,agrosmart-v1,simulado,sim-2026-09
fb2f0e12-5096-541f-a8f7-a456754321c5,TI-04_20260923_0006.jpg,2026-09-23 07:58:19,TI-04,drone,saudavel,saudavel,0.9453,agrosmart-v1,simulado,sim-2026-09
9c82d942-fb90-5266-969d-024adb57228d,TI-02_20260923_0011.jpg,2026-09-23 07:58:21,TI-02,drone,saudavel,saudavel,0.9987,agrosmart-v1,simulado,sim-2026-09
6d49e8a4-5b12-5b26-888c-d80852ad6a91,TI-04_20260923_0007.jpg,2026-09-23 07:58:46,TI-04,drone,saudavel,saudavel,0.9370,agrosmart-v1,simulado,sim-2026-09
47c2ed7e-337a-598c-a592-de08380bf741,TI-02_20260923_0012.jpg,2026-09-23 07:59:08,TI-02,drone,doente,pinta_preta,0.9297,agrosmart-v1,simulado,sim-2026-09
18a9d940-49d0-5edb-84c8-c0da20a1e3d5,TI-04_20260923_0008.jpg,2026-09-23 07:59:40,TI-04,drone,saudavel,saudavel,0.9837,agrosmart-v1,simulado,sim-2026-09
980c3c05-ec11-5e23-93da-eaa3f78dd6af,TI-03_20260923_0001.jpg,2026-09-23 07:59:49,TI-03,drone,saudavel,saudavel,0.9976,agrosmart-v1,simulado,sim-2026-09
aa773066-203f-5faa-9d2c-97a92c16c200,TI-02_20260923_0013.jpg,2026-09-23 07:59:58,TI-02,drone,saudavel,saudavel,0.9987,agrosmart-v1,simulado,sim-2026-09
54984f6f-f5f8-5ab8-82c6-d280a286bcba,TI-04_20260923_0009.jpg,2026-09-23 08:00:03,TI-04,drone,saudavel,saudavel,0.8768,agrosmart-v1,simulado,sim-2026-09
d2cbb402-4611-53d2-9b35-31475f2fb7a2,TI-03_20260923_0002.jpg,2026-09-23 08:00:39,TI-03,drone,saudavel,saudavel,0.8746,agrosmart-v1,simulado,sim-2026-09
a9c2ccbd-a598-5f95-bb8d-3d1958c4190e,TI-02_20260923_0014.jpg,2026-09-23 08:00:40,TI-02,drone,saudavel,saudavel,0.9773,agrosmart-v1,simulado,sim-2026-09
df7b0c95-2b6d-5ef4-8543-eb682d99047c,TI-02_20260923_0015.jpg,2026-09-23 08:01:03,TI-02,drone,saudavel,saudavel,0.9999,agrosmart-v1,simulado,sim-2026-09
0a8f0bc3-b332-52fb-8d02-211f5b4db045,TI-04_20260923_0010.jpg,2026-09-23 08:01:03,TI-04,drone,saudavel,saudavel,0.9087,agrosmart-v1,simulado,sim-2026-09
de145196-53d7-531c-8992-430b53cbeba3,TI-03_20260923_0003.jpg,2026-09-23 08:01:07,TI-03,drone,saudavel,saudavel,0.9876,agrosmart-v1,simulado,sim-2026-09
3bb62e33-9834-52ec-98d4-7c648354be2c,TI-02_20260923_0016.jpg,2026-09-23 08:01:44,TI-02,drone,doente,pinta_preta,0.9999,agrosmart-v1,simulado,sim-2026-09
0819f3a5-85a5-5022-bd99-bfb42a98b0ba,TI-04_20260923_0011.jpg,2026-09-23 08:01:46,TI-04,drone,saudavel,saudavel,0.9724,agrosmart-v1,simulado,sim-2026-09
e36eeb65-3466-588e-9f52-8af657b5323f,TI-03_20260923_0004.jpg,2026-09-23 08:01:50,TI-03,drone,saudavel,saudavel,0.9940,agrosmart-v1,simulado,sim-2026-09
2bfd7442-cd9b-550d-9dd2-7fd0b6a624fe,TI-04_20260923_0012.jpg,2026-09-23 08:02:07,TI-04,drone,saudavel,saudavel,0.9828,agrosmart-v1,simulado,sim-2026-09
a5e3da62-57b9-5a8a-9bbe-4412868c865f,TI-03_20260923_0005.jpg,2026-09-23 08:02:25,TI-03,drone,saudavel,saudavel,0.8917,agrosmart-v1,simulado,sim-2026-09
2e729366-24c6-5570-bfb9-8f265f3fd272,TI-02_20260923_0017.jpg,2026-09-23 08:02:50,TI-02,drone,saudavel,saudavel,0.9099,agrosmart-v1,simulado,sim-2026-09
57c9d786-e2e7-5192-84aa-4f2a273362d7,TI-04_20260923_0013.jpg,2026-09-23 08:02:54,TI-04,drone,saudavel,saudavel,0.9949,agrosmart-v1,simulado,sim-2026-09
a1a353bc-4169-5be7-8616-2dece69dac3b,TI-02_20260923_0018.jpg,2026-09-23 08:03:09,TI-02,drone,saudavel,saudavel,0.9247,agrosmart-v1,simulado,sim-2026-09
f52863ae-a151-51f0-8c0e-bf8457cd1d7e,TI-03_20260923_0006.jpg,2026-09-23 08:03:20,TI-03,drone,saudavel,saudavel,0.8487,agrosmart-v1,simulado,sim-2026-09
aa008141-12b9-564a-80b5-019d18c1b0fe,TI-04_20260923_0014.jpg,2026-09-23 08:03:32,TI-04,drone,doente,vaquinha,0.9799,agrosmart-v1,simulado,sim-2026-09
84cd1448-e679-5731-88cf-b0367bb8bffe,TI-03_20260923_0007.jpg,2026-09-23 08:03:57,TI-03,drone,saudavel,saudavel,0.9582,agrosmart-v1,simulado,sim-2026-09
c4539036-d398-54ac-a5ed-f08d4ecf9a61,TI-02_20260923_0019.jpg,2026-09-23 08:03:59,TI-02,drone,saudavel,saudavel,0.9992,agrosmart-v1,simulado,sim-2026-09
b51054a1-ecf5-546c-8b63-03878bc52c0e,TI-04_20260923_0015.jpg,2026-09-23 08:04:30,TI-04,drone,saudavel,saudavel,0.8663,agrosmart-v1,simulado,sim-2026-09
57370c6b-a90d-5d4c-b902-9248d0d60599,TI-03_20260923_0008.jpg,2026-09-23 08:04:32,TI-03,drone,saudavel,saudavel,0.5230,agrosmart-v1,simulado,sim-2026-09
6bbe587f-be79-508f-af49-a9a634db56f2,TI-02_20260923_0020.jpg,2026-09-23 08:04:43,TI-02,drone,saudavel,saudavel,0.8609,agrosmart-v1,simulado,sim-2026-09
bdc3ff08-0405-5b39-93b3-73d3d4b3bf12,TI-04_20260923_0016.jpg,2026-09-23 08:05:04,TI-04,drone,saudavel,saudavel,0.9032,agrosmart-v1,simulado,sim-2026-09
d9b68078-e3cc-5323-b3a6-1a4cc53dbaff,TI-03_20260923_0009.jpg,2026-09-23 08:05:10,TI-03,drone,doente,pinta_preta,0.9889,agrosmart-v1,simulado,sim-2026-09
aa7221ce-4bea-5e2e-a7e7-8d5ad912255b,TI-02_20260923_0021.jpg,2026-09-23 08:05:29,TI-02,drone,doente,pinta_preta,0.9845,agrosmart-v1,simulado,sim-2026-09
61539020-6acc-5a73-91ef-312f4a9a100e,TI-04_20260923_0017.jpg,2026-09-23 08:05:32,TI-04,drone,saudavel,saudavel,0.8757,agrosmart-v1,simulado,sim-2026-09
72d2bd8e-a24f-5ca4-9536-7a2814ebc3a0,TI-02_20260923_0022.jpg,2026-09-23 08:05:40,TI-02,drone,saudavel,saudavel,0.9820,agrosmart-v1,simulado,sim-2026-09
d4b8d3c9-65d6-5f69-a801-dc9968b1d94e,TI-03_20260923_0010.jpg,2026-09-23 08:06:01,TI-03,drone,doente,pinta_preta,0.9983,agrosmart-v1,simulado,sim-2026-09
30c1e7de-519a-5441-9b31-5a6fc74d29d2,TI-04_20260923_0018.jpg,2026-09-23 08:06:13,TI-04,drone,saudavel,saudavel,0.9956,agrosmart-v1,simulado,sim-2026-09
04b9c8e1-91ce-5fe6-9646-f612b0e43348,TI-03_20260923_0011.jpg,2026-09-23 08:06:33,TI-03,drone,saudavel,saudavel,0.8984,agrosmart-v1,simulado,sim-2026-09
5a15438a-bd50-5625-bf35-aff2924b359d,TI-02_20260923_0023.jpg,2026-09-23 08:06:42,TI-02,drone,saudavel,saudavel,0.8517,agrosmart-v1,simulado,sim-2026-09
dba9213b-99a4-5862-b96d-2e87ac44fdd3,TI-02_20260923_0024.jpg,2026-09-23 08:07:01,TI-02,drone,doente,pinta_preta,0.9513,agrosmart-v1,simulado,sim-2026-09
4420c411-f86e-5995-aff5-31684200aae9,TI-03_20260923_0012.jpg,2026-09-23 08:07:05,TI-03,drone,saudavel,saudavel,0.9960,agrosmart-v1,simulado,sim-2026-09
59be4abf-53a7-5533-8819-3d39b41afd1e,TI-04_20260923_0019.jpg,2026-09-23 08:07:09,TI-04,drone,saudavel,saudavel,0.9786,agrosmart-v1,simulado,sim-2026-09
03247a36-c386-57d2-9043-503c7e162c4b,TI-04_20260923_0020.jpg,2026-09-23 08:07:37,TI-04,drone,doente,vaquinha,0.9382,agrosmart-v1,simulado,sim-2026-09
02ab0555-c791-5545-9469-485a9e18111a,TI-02_20260923_0025.jpg,2026-09-23 08:08:02,TI-02,drone,saudavel,saudavel,0.9810,agrosmart-v1,simulado,sim-2026-09
b610a4dd-9888-5545-808a-76d1bea802f9,TI-04_20260923_0021.jpg,2026-09-23 08:08:03,TI-04,drone,saudavel,saudavel,0.9946,agrosmart-v1,simulado,sim-2026-09
e2a98c6c-ae5b-5965-b819-4fe01757f13e,TI-03_20260923_0013.jpg,2026-09-23 08:08:06,TI-03,drone,saudavel,saudavel,0.9051,agrosmart-v1,simulado,sim-2026-09
3c462b04-d25c-55cd-bf54-d723adc86894,TI-03_20260923_0014.jpg,2026-09-23 08:08:20,TI-03,drone,doente,pinta_preta,0.8251,agrosmart-v1,simulado,sim-2026-09
80c8122a-783d-5b97-be0e-2c3bf7ac524d,TI-02_20260923_0026.jpg,2026-09-23 08:08:25,TI-02,drone,doente,pinta_preta,0.9691,agrosmart-v1,simulado,sim-2026-09
c74b0730-5659-54ec-a2ee-b86d97f8c428,TI-04_20260923_0022.jpg,2026-09-23 08:08:44,TI-04,drone,doente,vaquinha,0.7769,agrosmart-v1,simulado,sim-2026-09
933c8347-642c-5f4e-ad55-f2f013589934,TI-02_20260923_0027.jpg,2026-09-23 08:09:00,TI-02,drone,saudavel,saudavel,0.6812,agrosmart-v1,simulado,sim-2026-09
a5d4e1ea-162c-5e86-9312-b36696f154a6,TI-03_20260923_0015.jpg,2026-09-23 08:09:12,TI-03,drone,doente,pinta_preta,0.9377,agrosmart-v1,simulado,sim-2026-09
29f66415-0c73-501d-a8bf-659d827d2c00,TI-04_20260923_0023.jpg,2026-09-23 08:09:50,TI-04,drone,saudavel,saudavel,0.9461,agrosmart-v1,simulado,sim-2026-09
f70e0f0a-01d5-5833-b76a-f897dca19929,TI-02_20260923_0028.jpg,2026-09-23 08:10:01,TI-02,drone,doente,pinta_preta,0.9778,agrosmart-v1,simulado,sim-2026-09
15960c62-6506-52e7-9e19-509e49ba8e10,TI-03_20260923_0016.jpg,2026-09-23 08:10:10,TI-03,drone,saudavel,saudavel,0.8459,agrosmart-v1,simulado,sim-2026-09
5e4a075b-5ff1-57e5-94d4-5c2e9758f277,TI-04_20260923_0024.jpg,2026-09-23 08:10:21,TI-04,drone,doente,vaquinha,0.9363,agrosmart-v1,simulado,sim-2026-09
a2eeb75f-d33d-5b83-a069-badeba52757d,TI-03_20260923_0017.jpg,2026-09-23 08:10:40,TI-03,drone,saudavel,saudavel,0.9367,agrosmart-v1,simulado,sim-2026-09
fa0353ea-09b1-5d16-9f01-b475f72bc0ce,TI-02_20260923_0029.jpg,2026-09-23 08:10:45,TI-02,drone,saudavel,saudavel,0.8910,agrosmart-v1,simulado,sim-2026-09
df4f7ea9-61ff-5b74-965c-214dd9b67d70,TI-04_20260923_0025.jpg,2026-09-23 08:11:01,TI-04,drone,saudavel,saudavel,0.9994,agrosmart-v1,simulado,sim-2026-09
128d389f-a931-5319-882e-c2c26d1e2da9,TI-03_20260923_0018.jpg,2026-09-23 08:11:21,TI-03,drone,saudavel,saudavel,0.8546,agrosmart-v1,simulado,sim-2026-09
47a222ba-9465-5d46-aa00-389e4a37bc89,TI-04_20260923_0026.jpg,2026-09-23 08:11:23,TI-04,drone,doente,vaquinha,0.8889,agrosmart-v1,simulado,sim-2026-09
39946d7b-e457-5bd8-a1e1-da47cdbcb2f1,TI-02_20260923_0030.jpg,2026-09-23 08:11:26,TI-02,drone,saudavel,saudavel,0.9166,agrosmart-v1,simulado,sim-2026-09
f07d7c03-94fd-5921-972c-b7557805ec6f,TI-02_20260923_0031.jpg,2026-09-23 08:11:48,TI-02,drone,saudavel,saudavel,0.9677,agrosmart-v1,simulado,sim-2026-09
bd616349-4c91-5355-9c63-b50724a9ea62,TI-03_20260923_0019.jpg,2026-09-23 08:12:05,TI-03,drone,saudavel,saudavel,0.9200,agrosmart-v1,simulado,sim-2026-09
3dba7414-a081-523c-8e3c-0d4691c22499,TI-04_20260923_0027.jpg,2026-09-23 08:12:19,TI-04,drone,saudavel,saudavel,0.9676,agrosmart-v1,simulado,sim-2026-09
7ddd1955-7d49-5c97-a065-4edd79f89241,TI-03_20260923_0020.jpg,2026-09-23 08:12:27,TI-03,drone,saudavel,saudavel,0.9750,agrosmart-v1,simulado,sim-2026-09
e1483baa-c769-51ae-9383-eb9d5ed35566,TI-02_20260923_0032.jpg,2026-09-23 08:12:35,TI-02,drone,doente,pinta_preta,0.9960,agrosmart-v1,simulado,sim-2026-09
133ed524-cf18-53de-97e8-866f2d9d009c,TI-04_20260923_0028.jpg,2026-09-23 08:12:54,TI-04,drone,saudavel,saudavel,0.9835,agrosmart-v1,simulado,sim-2026-09
77f26bfb-5958-5471-977d-86a8f042443e,TI-02_20260923_0033.jpg,2026-09-23 08:13:17,TI-02,drone,saudavel,saudavel,0.8752,agrosmart-v1,simulado,sim-2026-09
60242194-a9a4-5c14-bc29-13e9adb9423f,TI-03_20260923_0021.jpg,2026-09-23 08:13:25,TI-03,drone,saudavel,saudavel,0.8681,agrosmart-v1,simulado,sim-2026-09
9f6af63d-7532-552b-8f46-f82610292b47,TI-04_20260923_0029.jpg,2026-09-23 08:13:42,TI-04,drone,saudavel,saudavel,0.9134,agrosmart-v1,simulado,sim-2026-09
54dee500-f5a8-5202-9763-5379c021d47e,TI-02_20260923_0034.jpg,2026-09-23 08:13:45,TI-02,drone,saudavel,saudavel,0.9984,agrosmart-v1,simulado,sim-2026-09
3f7a788b-5b91-58b1-acc9-d37f51b3cdde,TI-03_20260923_0022.jpg,2026-09-23 08:14:02,TI-03,drone,saudavel,saudavel,0.8559,agrosmart-v1,simulado,sim-2026-09
d6308875-9c78-5c10-a61f-ba71aea19d45,TI-04_20260923_0030.jpg,2026-09-23 08:14:17,TI-04,drone,saudavel,saudavel,0.8591,agrosmart-v1,simulado,sim-2026-09
17203fb9-d191-55ef-b939-2a70c6cf8fa2,TI-02_20260923_0035.jpg,2026-09-23 08:14:22,TI-02,drone,saudavel,saudavel,0.8535,agrosmart-v1,simulado,sim-2026-09
dce97e0d-9469-54f7-b9df-116b170fa021,TI-04_20260923_0031.jpg,2026-09-23 08:14:41,TI-04,drone,saudavel,saudavel,0.9516,agrosmart-v1,simulado,sim-2026-09
b80929c7-5af4-582d-8629-dc7ff8055af3,TI-03_20260923_0023.jpg,2026-09-23 08:14:44,TI-03,drone,saudavel,saudavel,1.0000,agrosmart-v1,simulado,sim-2026-09
00196dda-7893-5df7-9908-5f4cec001350,TI-02_20260923_0036.jpg,2026-09-23 08:15:10,TI-02,drone,saudavel,saudavel,0.9848,agrosmart-v1,simulado,sim-2026-09
333a7d3a-0c19-5bc4-a124-a7d10d15bebf,TI-03_20260923_0024.jpg,2026-09-23 08:15:20,TI-03,drone,saudavel,saudavel,0.9981,agrosmart-v1,simulado,sim-2026-09
8e5e141b-8e73-52fc-be95-82506c11f648,TI-04_20260923_0032.jpg,2026-09-23 08:15:44,TI-04,drone,doente,vaquinha,0.9790,agrosmart-v1,simulado,sim-2026-09
2b47abed-b17f-597b-9f32-6596ad4ac9ea,TI-03_20260923_0025.jpg,2026-09-23 08:15:51,TI-03,drone,saudavel,saudavel,0.8668,agrosmart-v1,simulado,sim-2026-09
6628d88d-ad79-558a-9be7-67c53563602c,TI-02_20260923_0037.jpg,2026-09-23 08:16:08,TI-02,drone,saudavel,saudavel,0.9975,agrosmart-v1,simulado,sim-2026-09
e07bd0a8-d243-507c-b0fa-d88cc6829f1e,TI-02_20260923_0038.jpg,2026-09-23 08:16:23,TI-02,drone,saudavel,saudavel,0.9240,agrosmart-v1,simulado,sim-2026-09
e1865b58-d57e-5814-8d77-93131cabe904,TI-03_20260923_0026.jpg,2026-09-23 08:16:48,TI-03,drone,saudavel,saudavel,0.6180,agrosmart-v1,simulado,sim-2026-09
ac505f11-3df8-5418-9d03-56fd93f0fb99,TI-03_20260923_0027.jpg,2026-09-23 08:17:07,TI-03,drone,saudavel,saudavel,0.9797,agrosmart-v1,simulado,sim-2026-09
9f407361-a86c-5bb8-9239-5d35a129a72a,TI-02_20260923_0039.jpg,2026-09-23 08:17:15,TI-02,drone,saudavel,saudavel,0.9938,agrosmart-v1,simulado,sim-2026-09
9c837f00-2334-53e7-b436-f33f1c995eb4,TI-03_20260923_0028.jpg,2026-09-23 08:17:51,TI-03,drone,saudavel,saudavel,0.8957,agrosmart-v1,simulado,sim-2026-09
7e186557-fd0a-5898-8102-f41aff5cf01f,TI-02_20260923_0040.jpg,2026-09-23 08:17:59,TI-02,drone,doente,pinta_preta,0.5731,agrosmart-v1,simulado,sim-2026-09
c2517748-6dcf-5ceb-97c2-d81921775ca0,TI-03_20260923_0029.jpg,2026-09-23 08:18:29,TI-03,drone,saudavel,saudavel,0.9659,agrosmart-v1,simulado,sim-2026-09
4b8c0cb7-02ce-5d0b-83c2-612dafafbccb,TI-02_20260923_0041.jpg,2026-09-23 08:18:49,TI-02,drone,saudavel,saudavel,0.6741,agrosmart-v1,simulado,sim-2026-09
8a144fb6-b985-5cbe-b18d-8d7f57a1cf05,TI-03_20260923_0030.jpg,2026-09-23 08:19:03,TI-03,drone,saudavel,saudavel,0.9892,agrosmart-v1,simulado,sim-2026-09
80b8107e-0c12-5e4e-9313-501b9286318d,TI-02_20260923_0042.jpg,2026-09-23 08:19:30,TI-02,drone,doente,pinta_preta,0.9271,agrosmart-v1,simulado,sim-2026-09
9b71ab02-c33f-52da-bdb4-d60927b484a8,TI-03_20260923_0031.jpg,2026-09-23 08:19:48,TI-03,drone,saudavel,saudavel,0.9670,agrosmart-v1,simulado,sim-2026-09
ad1d7643-be8a-5eb5-b35a-2e6bb0cd191d,TI-02_20260923_0043.jpg,2026-09-23 08:20:00,TI-02,drone,doente,pinta_preta,0.5622,agrosmart-v1,simulado,sim-2026-09
48a25570-113e-54b4-bd27-582fda073578,TI-02_20260923_0044.jpg,2026-09-23 08:20:29,TI-02,drone,saudavel,saudavel,0.9761,agrosmart-v1,simulado,sim-2026-09
411293de-c233-5ece-b061-99dcb74dc3b1,TI-03_20260923_0032.jpg,2026-09-23 08:20:45,TI-03,drone,saudavel,saudavel,0.9996,agrosmart-v1,simulado,sim-2026-09
7d3a5856-32f4-5110-b521-90f1e35bf96b,TI-03_20260923_0033.jpg,2026-09-23 08:21:10,TI-03,drone,saudavel,saudavel,0.8395,agrosmart-v1,simulado,sim-2026-09
5a9027c1-6095-5c98-a613-0922473cf2cc,TI-02_20260923_0045.jpg,2026-09-23 08:21:22,TI-02,drone,saudavel,saudavel,0.9458,agrosmart-v1,simulado,sim-2026-09
0683bf3c-32e8-57b1-b775-150bead631a3,TI-03_20260923_0034.jpg,2026-09-23 08:21:53,TI-03,drone,saudavel,saudavel,0.8256,agrosmart-v1,simulado,sim-2026-09
1b48446f-1d4a-52eb-b13e-db351b06facd,TI-03_20260923_0035.jpg,2026-09-23 08:22:42,TI-03,drone,saudavel,saudavel,0.8566,agrosmart-v1,simulado,sim-2026-09
f6e3bc28-1c43-514c-9095-bd37bb625cc1,TI-03_20260923_0036.jpg,2026-09-23 08:23:15,TI-03,drone,saudavel,saudavel,0.8708,agrosmart-v1,simulado,sim-2026-09
e4e93388-72ba-5ca7-9571-38c231fd4a54,TI-03_20260923_0037.jpg,2026-09-23 08:24:04,TI-03,drone,doente,pinta_preta,0.8912,agrosmart-v1,simulado,sim-2026-09
4c75d892-f86f-5b59-8565-59bfb4bdbd1d,TI-03_20260923_0038.jpg,2026-09-23 08:24:31,TI-03,drone,saudavel,saudavel,0.8825,agrosmart-v1,simulado,sim-2026-09
4b1a7053-223b-5bdf-b5c6-dd5b947f8025,BV-03_20260923_0001.jpg,2026-09-23 08:28:41,BV-03,smartphone,saudavel,saudavel,0.9557,agrosmart-v1,simulado,sim-2026-09
ce0a7577-623f-5dcc-b4c0-7494c1427357,BV-03_20260923_0002.jpg,2026-09-23 08:29:37,BV-03,smartphone,saudavel,saudavel,0.9779,agrosmart-v1,simulado,sim-2026-09
ebd5e04f-904e-5357-91b1-1d841f8f0ea4,BV-03_20260923_0003.jpg,2026-09-23 08:30:30,BV-03,smartphone,saudavel,saudavel,0.9281,agrosmart-v1,simulado,sim-2026-09
47fab728-2c1d-5c34-9093-27a7d60d00e9,BV-03_20260923_0004.jpg,2026-09-23 08:30:41,BV-03,smartphone,saudavel,saudavel,0.8778,agrosmart-v1,simulado,sim-2026-09
cb9f1f4d-ba41-5baa-b620-3a1e0bc2b906,BV-03_20260923_0005.jpg,2026-09-23 08:31:38,BV-03,smartphone,saudavel,saudavel,0.9984,agrosmart-v1,simulado,sim-2026-09
27d3d9a7-fb27-5217-91c9-043f8da4afd0,BV-03_20260923_0006.jpg,2026-09-23 08:32:28,BV-03,smartphone,saudavel,saudavel,0.9787,agrosmart-v1,simulado,sim-2026-09
a2afbb3f-8b6c-590f-8634-2fce7848c51c,BV-03_20260923_0007.jpg,2026-09-23 08:33:04,BV-03,smartphone,saudavel,saudavel,0.9146,agrosmart-v1,simulado,sim-2026-09
171cf9e0-10f0-5cdb-abbb-75782f3c7d1d,BV-03_20260923_0008.jpg,2026-09-23 08:33:49,BV-03,smartphone,saudavel,saudavel,0.9967,agrosmart-v1,simulado,sim-2026-09
6fb23fd3-edd4-5e6d-adec-d30bc7ef723a,BV-03_20260923_0009.jpg,2026-09-23 08:34:27,BV-03,smartphone,saudavel,saudavel,0.9626,agrosmart-v1,simulado,sim-2026-09
2c87135b-8141-5f24-bd50-1f0015892abe,BV-03_20260923_0010.jpg,2026-09-23 08:34:48,BV-03,smartphone,saudavel,saudavel,0.8208,agrosmart-v1,simulado,sim-2026-09
ce75866b-4740-5f1c-8d5d-ba91f852649d,BV-02_20260923_0001.jpg,2026-09-23 08:34:53,BV-02,smartphone,saudavel,saudavel,0.8518,agrosmart-v1,simulado,sim-2026-09
c76ed6fb-4c4b-57b1-987a-01f1f67163b7,BV-03_20260923_0011.jpg,2026-09-23 08:35:22,BV-03,smartphone,saudavel,saudavel,0.8759,agrosmart-v1,simulado,sim-2026-09
c1a0a83c-c43f-5eea-9107-f44fcd571af3,BV-02_20260923_0002.jpg,2026-09-23 08:35:44,BV-02,smartphone,saudavel,saudavel,0.9997,agrosmart-v1,simulado,sim-2026-09
9fa63be6-4308-5f95-b06b-8328c1c14bd3,BV-02_20260923_0003.jpg,2026-09-23 08:36:12,BV-02,smartphone,saudavel,saudavel,0.9987,agrosmart-v1,simulado,sim-2026-09
e006ceef-3fc8-509e-b4c0-28c4653724a8,BV-03_20260923_0012.jpg,2026-09-23 08:36:13,BV-03,smartphone,saudavel,saudavel,0.8953,agrosmart-v1,simulado,sim-2026-09
0df4fb4a-638b-52c4-ae28-24c5a83cf366,BV-02_20260923_0004.jpg,2026-09-23 08:36:52,BV-02,smartphone,saudavel,saudavel,0.9993,agrosmart-v1,simulado,sim-2026-09
8a4dc46d-022e-58b1-9525-9cf6cf81e6c6,BV-03_20260923_0013.jpg,2026-09-23 08:37:04,BV-03,smartphone,saudavel,saudavel,0.8597,agrosmart-v1,simulado,sim-2026-09
e4417975-a6b2-5019-b983-695e715ce6ed,BV-03_20260923_0014.jpg,2026-09-23 08:37:33,BV-03,smartphone,saudavel,saudavel,0.5895,agrosmart-v1,simulado,sim-2026-09
a608e4a4-9d04-538b-a005-d91a2eec352b,BV-02_20260923_0005.jpg,2026-09-23 08:37:44,BV-02,smartphone,saudavel,saudavel,0.9883,agrosmart-v1,simulado,sim-2026-09
aa3b41b7-3c45-5b05-a9aa-dabf40c9d678,BV-02_20260923_0006.jpg,2026-09-23 08:38:14,BV-02,smartphone,saudavel,saudavel,0.9724,agrosmart-v1,simulado,sim-2026-09
a5a719f9-b747-5075-9ca7-ab17819d0b56,BV-03_20260923_0015.jpg,2026-09-23 08:38:25,BV-03,smartphone,saudavel,saudavel,0.9723,agrosmart-v1,simulado,sim-2026-09
04153626-837f-547b-afb2-03cac3920153,BV-02_20260923_0007.jpg,2026-09-23 08:38:49,BV-02,smartphone,saudavel,saudavel,0.9936,agrosmart-v1,simulado,sim-2026-09
e0bda6df-a2ea-56dc-811e-a78a225df1b7,BV-03_20260923_0016.jpg,2026-09-23 08:38:59,BV-03,smartphone,doente,requeima,0.9677,agrosmart-v1,simulado,sim-2026-09
2520ba51-5255-5305-aaee-ea51abdbfcab,BV-02_20260923_0008.jpg,2026-09-23 08:39:33,BV-02,smartphone,saudavel,saudavel,0.9836,agrosmart-v1,simulado,sim-2026-09
c478ed40-ab95-5129-a955-c24200d943aa,BV-03_20260923_0017.jpg,2026-09-23 08:39:39,BV-03,smartphone,saudavel,saudavel,0.9896,agrosmart-v1,simulado,sim-2026-09
26a6c080-2b1b-5349-b860-2eadd1f2c91f,BV-04_20260923_0001.jpg,2026-09-23 08:39:40,BV-04,smartphone,saudavel,saudavel,0.9001,agrosmart-v1,simulado,sim-2026-09
4b647a0b-8a00-5f39-a717-12f166557a90,BV-02_20260923_0009.jpg,2026-09-23 08:40:05,BV-02,smartphone,saudavel,saudavel,0.9970,agrosmart-v1,simulado,sim-2026-09
45d45a5e-01f6-5e0a-82ea-b2106ac8f106,BV-03_20260923_0018.jpg,2026-09-23 08:40:07,BV-03,smartphone,saudavel,saudavel,0.9357,agrosmart-v1,simulado,sim-2026-09
a072ccb0-b29d-50ea-9193-1d7e8c029553,BV-04_20260923_0002.jpg,2026-09-23 08:40:39,BV-04,smartphone,saudavel,saudavel,0.9726,agrosmart-v1,simulado,sim-2026-09
ac11235d-7911-5b2a-8d68-b550b5c5a060,BV-02_20260923_0010.jpg,2026-09-23 08:40:44,BV-02,smartphone,saudavel,saudavel,0.8748,agrosmart-v1,simulado,sim-2026-09
e24e60a1-8beb-5ec7-a615-4b5948247089,BV-03_20260923_0019.jpg,2026-09-23 08:40:53,BV-03,smartphone,saudavel,saudavel,0.8406,agrosmart-v1,simulado,sim-2026-09
df8a39aa-9689-5479-9ffb-f4d5473e0383,BV-04_20260923_0003.jpg,2026-09-23 08:41:05,BV-04,smartphone,saudavel,saudavel,0.8356,agrosmart-v1,simulado,sim-2026-09
8358f7f2-6890-5fa9-b6f4-cfada57c40b9,BV-03_20260923_0020.jpg,2026-09-23 08:41:21,BV-03,smartphone,saudavel,saudavel,0.9064,agrosmart-v1,simulado,sim-2026-09
5ccd805b-b262-5261-88ec-041594303eb7,BV-02_20260923_0011.jpg,2026-09-23 08:41:50,BV-02,smartphone,saudavel,saudavel,0.9916,agrosmart-v1,simulado,sim-2026-09
a060c193-4745-5e1c-ba63-62d4238759cf,BV-02_20260923_0012.jpg,2026-09-23 08:42:04,BV-02,smartphone,saudavel,saudavel,0.9017,agrosmart-v1,simulado,sim-2026-09
eab09b6a-532a-55ac-8d5b-075787ff0b9f,BV-04_20260923_0004.jpg,2026-09-23 08:42:04,BV-04,smartphone,saudavel,saudavel,0.9295,agrosmart-v1,simulado,sim-2026-09
727f2ce8-d8c0-543f-95e6-402c0d4d0f27,BV-01_20260923_0001.jpg,2026-09-23 08:42:48,BV-01,smartphone,saudavel,saudavel,0.9150,agrosmart-v1,simulado,sim-2026-09
0f36c6c4-138a-5ba0-8958-962e1130f2c1,BV-04_20260923_0005.jpg,2026-09-23 08:42:48,BV-04,smartphone,saudavel,saudavel,0.9929,agrosmart-v1,simulado,sim-2026-09
02e72bb8-4c40-53e6-b76d-d1b50e10f0a3,BV-02_20260923_0013.jpg,2026-09-23 08:42:57,BV-02,smartphone,saudavel,saudavel,0.9872,agrosmart-v1,simulado,sim-2026-09
1a95fa69-d978-55aa-80f6-5d15dd035f31,BV-04_20260923_0006.jpg,2026-09-23 08:43:23,BV-04,smartphone,saudavel,saudavel,0.9867,agrosmart-v1,simulado,sim-2026-09
0133e56f-1450-574b-902b-b180a6ca4298,BV-01_20260923_0002.jpg,2026-09-23 08:43:28,BV-01,smartphone,saudavel,saudavel,0.9981,agrosmart-v1,simulado,sim-2026-09
9def5bd4-a32f-5edc-b65c-e4af5bf17f69,BV-04_20260923_0007.jpg,2026-09-23 08:43:40,BV-04,smartphone,saudavel,saudavel,0.8339,agrosmart-v1,simulado,sim-2026-09
95709247-4a5b-57e9-974f-86f5b77369b8,BV-02_20260923_0014.jpg,2026-09-23 08:43:41,BV-02,smartphone,saudavel,saudavel,0.9526,agrosmart-v1,simulado,sim-2026-09
35225805-0ec7-5699-aac3-ae7d27102b68,BV-02_20260923_0015.jpg,2026-09-23 08:44:01,BV-02,smartphone,saudavel,saudavel,0.9563,agrosmart-v1,simulado,sim-2026-09
3b26fde8-3464-5348-bd9b-2b0eb4023af5,BV-01_20260923_0003.jpg,2026-09-23 08:44:18,BV-01,smartphone,saudavel,saudavel,0.8865,agrosmart-v1,simulado,sim-2026-09
e0ee29ba-9963-5067-a380-13e6f2660fcc,BV-04_20260923_0008.jpg,2026-09-23 08:44:29,BV-04,smartphone,saudavel,saudavel,0.9894,agrosmart-v1,simulado,sim-2026-09
86220358-4fa1-5e80-b4d4-917d766ff04c,BV-01_20260923_0004.jpg,2026-09-23 08:44:55,BV-01,smartphone,saudavel,saudavel,0.9642,agrosmart-v1,simulado,sim-2026-09
038dff4c-6f44-58cd-9252-eb851b4ecd7d,BV-02_20260923_0016.jpg,2026-09-23 08:45:10,BV-02,smartphone,saudavel,saudavel,0.9983,agrosmart-v1,simulado,sim-2026-09
d08de6ce-4f2e-5b5c-a1a2-daa6402a4850,BV-04_20260923_0009.jpg,2026-09-23 08:45:22,BV-04,smartphone,saudavel,saudavel,1.0000,agrosmart-v1,simulado,sim-2026-09
20e1ea70-61fe-5473-a245-5b733a0d1feb,BV-01_20260923_0005.jpg,2026-09-23 08:45:28,BV-01,smartphone,saudavel,saudavel,0.9302,agrosmart-v1,simulado,sim-2026-09
f5960b91-feaa-5531-b9b1-a098336f85fa,BV-02_20260923_0017.jpg,2026-09-23 08:45:33,BV-02,smartphone,saudavel,saudavel,0.9896,agrosmart-v1,simulado,sim-2026-09
e4c224ba-f66a-52f9-8d3e-b4e917b54ce3,BV-04_20260923_0010.jpg,2026-09-23 08:45:44,BV-04,smartphone,saudavel,saudavel,0.9397,agrosmart-v1,simulado,sim-2026-09
068b2097-6a73-5d12-b902-dbd6cad56f18,BV-01_20260923_0006.jpg,2026-09-23 08:46:13,BV-01,smartphone,saudavel,saudavel,0.9776,agrosmart-v1,simulado,sim-2026-09
9c8982cf-6281-5a2c-bd59-92cf71766323,BV-02_20260923_0018.jpg,2026-09-23 08:46:26,BV-02,smartphone,saudavel,saudavel,0.9221,agrosmart-v1,simulado,sim-2026-09
70f02454-6c70-55b4-81c3-2193f69d9827,BV-04_20260923_0011.jpg,2026-09-23 08:46:48,BV-04,smartphone,saudavel,saudavel,0.9052,agrosmart-v1,simulado,sim-2026-09
2526fd69-5120-5c8b-9fff-fa1cebea8040,BV-02_20260923_0019.jpg,2026-09-23 08:46:52,BV-02,smartphone,saudavel,saudavel,0.9927,agrosmart-v1,simulado,sim-2026-09
ee3a9ce3-3eb1-5b50-892e-2ca3555e9149,BV-01_20260923_0007.jpg,2026-09-23 08:47:06,BV-01,smartphone,saudavel,saudavel,0.9950,agrosmart-v1,simulado,sim-2026-09
1fbc8e03-bbb3-5426-8eb9-27f3594364ec,BV-04_20260923_0012.jpg,2026-09-23 08:47:08,BV-04,smartphone,saudavel,saudavel,0.9261,agrosmart-v1,simulado,sim-2026-09
c97e1a0e-dc64-558f-8203-3a352125e232,BV-02_20260923_0020.jpg,2026-09-23 08:47:27,BV-02,smartphone,saudavel,saudavel,0.9066,agrosmart-v1,simulado,sim-2026-09
0c66097d-92c3-5066-841a-687fc034b597,BV-01_20260923_0008.jpg,2026-09-23 08:47:36,BV-01,smartphone,doente,mosca_minadora,0.9698,agrosmart-v1,simulado,sim-2026-09
95525aeb-171b-548e-ab38-161025f89a9b,BV-04_20260923_0013.jpg,2026-09-23 08:48:07,BV-04,smartphone,saudavel,saudavel,0.8531,agrosmart-v1,simulado,sim-2026-09
a64c50e4-ec20-585c-b7ec-35920600f256,BV-02_20260923_0021.jpg,2026-09-23 08:48:09,BV-02,smartphone,saudavel,saudavel,0.8292,agrosmart-v1,simulado,sim-2026-09
5f2d20b4-0e28-5169-be3b-f7b2ec6cdcd7,BV-01_20260923_0009.jpg,2026-09-23 08:48:28,BV-01,smartphone,saudavel,saudavel,0.8323,agrosmart-v1,simulado,sim-2026-09
8ce581a8-836d-5d0d-bfdf-0efd90ca4671,BV-04_20260923_0014.jpg,2026-09-23 08:48:35,BV-04,smartphone,saudavel,saudavel,0.9873,agrosmart-v1,simulado,sim-2026-09
51921312-c429-5fd1-86d2-72b0c4ad3576,BV-01_20260923_0010.jpg,2026-09-23 08:48:40,BV-01,smartphone,saudavel,saudavel,0.8822,agrosmart-v1,simulado,sim-2026-09
57da5676-c86d-545c-8f5c-ecf94c636878,BV-02_20260923_0022.jpg,2026-09-23 08:48:51,BV-02,smartphone,saudavel,saudavel,0.9761,agrosmart-v1,simulado,sim-2026-09
f016f7a8-0416-5a25-954c-ff3965760d93,SC-03_20260923_0001.jpg,2026-09-23 08:48:59,SC-03,smartphone,saudavel,saudavel,0.8340,agrosmart-v1,simulado,sim-2026-09
f85cb12a-6af1-58a3-a995-17039f16643b,SC-02_20260923_0001.jpg,2026-09-23 08:49:03,SC-02,smartphone,saudavel,saudavel,0.9796,agrosmart-v1,simulado,sim-2026-09
d67c37d7-e306-5b1e-8ce9-24a0b6f67379,BV-01_20260923_0011.jpg,2026-09-23 08:49:25,BV-01,smartphone,saudavel,saudavel,0.9991,agrosmart-v1,simulado,sim-2026-09
a0e8be91-d881-5f92-9387-5fce07f83c11,BV-02_20260923_0023.jpg,2026-09-23 08:49:27,BV-02,smartphone,saudavel,saudavel,0.9926,agrosmart-v1,simulado,sim-2026-09
9e6cf1cc-447d-5dc9-9ecb-466c8e3519d5,BV-04_20260923_0015.jpg,2026-09-23 08:49:27,BV-04,smartphone,saudavel,saudavel,0.8721,agrosmart-v1,simulado,sim-2026-09
dcb8ba6f-1877-51ff-990c-dbbf69f73126,SC-02_20260923_0002.jpg,2026-09-23 08:49:47,SC-02,smartphone,saudavel,saudavel,0.9931,agrosmart-v1,simulado,sim-2026-09
9ab6b93b-0ec8-5c11-879a-3adcc562abcf,SC-03_20260923_0002.jpg,2026-09-23 08:49:48,SC-03,smartphone,saudavel,saudavel,0.9523,agrosmart-v1,simulado,sim-2026-09
a011125e-bb8f-59db-8c05-ac8b79fe3c9a,SC-02_20260923_0003.jpg,2026-09-23 08:50:00,SC-02,smartphone,saudavel,saudavel,0.9465,agrosmart-v1,simulado,sim-2026-09
73b11a29-8269-54d1-937f-bde16a27f989,SC-03_20260923_0003.jpg,2026-09-23 08:50:00,SC-03,smartphone,saudavel,saudavel,0.9982,agrosmart-v1,simulado,sim-2026-09
c8929986-b8dc-5854-9e5f-ac69b0e29294,BV-04_20260923_0016.jpg,2026-09-23 08:50:06,BV-04,smartphone,saudavel,saudavel,0.8955,agrosmart-v1,simulado,sim-2026-09
af09c2f2-bd44-50ff-9659-e461513c30d7,BV-01_20260923_0012.jpg,2026-09-23 08:50:11,BV-01,smartphone,saudavel,saudavel,0.9822,agrosmart-v1,simulado,sim-2026-09
e49c032c-f6cf-54d4-9e47-a256438e67e7,BV-02_20260923_0024.jpg,2026-09-23 08:50:25,BV-02,smartphone,saudavel,saudavel,0.9989,agrosmart-v1,simulado,sim-2026-09
8630b9a6-5ea3-5ecb-8aeb-627886c4f25f,BV-04_20260923_0017.jpg,2026-09-23 08:50:47,BV-04,smartphone,saudavel,saudavel,0.8970,agrosmart-v1,simulado,sim-2026-09
c4c1f395-4e6e-58af-83e4-7fd57bb5a275,BV-02_20260923_0025.jpg,2026-09-23 08:50:51,BV-02,smartphone,saudavel,saudavel,0.9496,agrosmart-v1,simulado,sim-2026-09
fa0c967e-739f-570e-b6bb-6fd39e5fb5b7,SC-03_20260923_0004.jpg,2026-09-23 08:50:54,SC-03,smartphone,saudavel,saudavel,0.9578,agrosmart-v1,simulado,sim-2026-09
306269cb-03a2-55f2-ac97-ae8d00b9cb1e,BV-01_20260923_0013.jpg,2026-09-23 08:51:02,BV-01,smartphone,doente,requeima,0.6088,agrosmart-v1,simulado,sim-2026-09
cde711d5-f274-5861-b634-638b15c03ccc,BV-04_20260923_0018.jpg,2026-09-23 08:51:03,BV-04,smartphone,saudavel,saudavel,0.9493,agrosmart-v1,simulado,sim-2026-09
23553879-b817-5c3f-9024-b02e177ed285,SC-02_20260923_0004.jpg,2026-09-23 08:51:04,SC-02,smartphone,saudavel,saudavel,0.8244,agrosmart-v1,simulado,sim-2026-09
29fd6408-0334-5b70-b682-1b972f78a1d2,SC-03_20260923_0005.jpg,2026-09-23 08:51:30,SC-03,smartphone,saudavel,saudavel,0.9189,agrosmart-v1,simulado,sim-2026-09
11e7f9b7-a349-5568-af3d-3413f76a949d,BV-02_20260923_0026.jpg,2026-09-23 08:51:31,BV-02,smartphone,saudavel,saudavel,0.9872,agrosmart-v1,simulado,sim-2026-09
d867a3b6-80f7-5524-b24f-917318172942,SC-02_20260923_0005.jpg,2026-09-23 08:51:33,SC-02,smartphone,saudavel,saudavel,0.9791,agrosmart-v1,simulado,sim-2026-09
3b910ff6-0e38-50fc-a31a-ef7f45f1dae7,BV-01_20260923_0014.jpg,2026-09-23 08:51:45,BV-01,smartphone,saudavel,saudavel,0.9903,agrosmart-v1,simulado,sim-2026-09
b6e48955-7376-5353-97f1-dc2d4e8effa4,BV-04_20260923_0019.jpg,2026-09-23 08:51:46,BV-04,smartphone,saudavel,saudavel,0.8408,agrosmart-v1,simulado,sim-2026-09
480100ac-c136-53f4-95fb-318421f9474b,BV-01_20260923_0015.jpg,2026-09-23 08:52:09,BV-01,smartphone,saudavel,saudavel,0.9500,agrosmart-v1,simulado,sim-2026-09
0cf3487c-f37f-5b64-9658-0ea20fcb64d4,SC-03_20260923_0006.jpg,2026-09-23 08:52:10,SC-03,smartphone,saudavel,saudavel,0.9137,agrosmart-v1,simulado,sim-2026-09
dc0215f3-37d5-56fb-889e-3419c66339a9,SC-02_20260923_0006.jpg,2026-09-23 08:52:23,SC-02,smartphone,saudavel,saudavel,0.9219,agrosmart-v1,simulado,sim-2026-09
a66ed764-ccae-5183-98af-496346e5f4aa,BV-02_20260923_0027.jpg,2026-09-23 08:52:24,BV-02,smartphone,saudavel,saudavel,0.8489,agrosmart-v1,simulado,sim-2026-09
ab4e45cb-9117-5e24-8ccf-9225e36f88f0,BV-01_20260923_0016.jpg,2026-09-23 08:52:48,BV-01,smartphone,saudavel,saudavel,0.8388,agrosmart-v1,simulado,sim-2026-09
447b7570-b920-5f7e-8628-ea2f18f5c083,BV-02_20260923_0028.jpg,2026-09-23 08:52:48,BV-02,smartphone,saudavel,saudavel,0.8859,agrosmart-v1,simulado,sim-2026-09
cf607e42-f493-5c39-bfd5-37abc7a4fabe,BV-04_20260923_0020.jpg,2026-09-23 08:52:48,BV-04,smartphone,saudavel,saudavel,0.9988,agrosmart-v1,simulado,sim-2026-09
ccc360e2-2b50-5f24-9d18-a893376d729e,SC-02_20260923_0007.jpg,2026-09-23 08:52:53,SC-02,smartphone,saudavel,saudavel,0.9034,agrosmart-v1,simulado,sim-2026-09
026390ef-71f5-51c3-a1dc-7f9097feebe5,SC-03_20260923_0007.jpg,2026-09-23 08:52:59,SC-03,smartphone,saudavel,saudavel,0.9040,agrosmart-v1,simulado,sim-2026-09
90820549-5b5a-5e55-a0da-ced6cd2c617a,BV-04_20260923_0021.jpg,2026-09-23 08:53:00,BV-04,smartphone,saudavel,saudavel,0.8836,agrosmart-v1,simulado,sim-2026-09
1001931f-f31c-5d61-bc0c-b303de81ca82,SC-03_20260923_0008.jpg,2026-09-23 08:53:25,SC-03,smartphone,saudavel,saudavel,0.9400,agrosmart-v1,simulado,sim-2026-09
8edc7f66-02e7-52b2-88d2-e8b50a718fec,SC-02_20260923_0008.jpg,2026-09-23 08:53:39,SC-02,smartphone,saudavel,saudavel,0.9574,agrosmart-v1,simulado,sim-2026-09
8f8152f2-e4df-58e8-a101-2b7a5b0ab845,BV-01_20260923_0017.jpg,2026-09-23 08:53:41,BV-01,smartphone,saudavel,saudavel,0.8566,agrosmart-v1,simulado,sim-2026-09
8b8422ef-0205-57f8-acb1-f743ce5269a1,BV-02_20260923_0029.jpg,2026-09-23 08:53:42,BV-02,smartphone,saudavel,saudavel,0.8855,agrosmart-v1,simulado,sim-2026-09
547dcb68-ccf3-5c30-a0af-3788b7629cfd,SC-03_20260923_0009.jpg,2026-09-23 08:54:01,SC-03,smartphone,saudavel,saudavel,0.9004,agrosmart-v1,simulado,sim-2026-09
6ad60a16-4848-51eb-909b-1563ef79a2fc,SC-02_20260923_0009.jpg,2026-09-23 08:54:22,SC-02,smartphone,saudavel,saudavel,0.9943,agrosmart-v1,simulado,sim-2026-09
64f813f3-68c1-57b5-b43d-a981f958c77a,BV-01_20260923_0018.jpg,2026-09-23 08:54:24,BV-01,smartphone,saudavel,saudavel,0.8809,agrosmart-v1,simulado,sim-2026-09
d8fef624-d737-5ae8-b64f-d17fd429167a,BV-02_20260923_0030.jpg,2026-09-23 08:54:24,BV-02,smartphone,saudavel,saudavel,0.8489,agrosmart-v1,simulado,sim-2026-09
43147514-9963-560c-b95e-6f4fce4bb536,BV-01_20260923_0019.jpg,2026-09-23 08:54:41,BV-01,smartphone,saudavel,saudavel,0.9552,agrosmart-v1,simulado,sim-2026-09
80401d68-935d-5c02-9766-b420b2c9d6ca,BV-02_20260923_0031.jpg,2026-09-23 08:54:46,BV-02,smartphone,saudavel,saudavel,0.9896,agrosmart-v1,simulado,sim-2026-09
75548b91-7282-50a6-8c9f-fe0f2d2d6def,SC-02_20260923_0010.jpg,2026-09-23 08:54:58,SC-02,smartphone,saudavel,saudavel,0.9743,agrosmart-v1,simulado,sim-2026-09
a59d93a0-cdb6-507b-982e-c90f51902fd9,SC-03_20260923_0010.jpg,2026-09-23 08:55:04,SC-03,smartphone,saudavel,saudavel,0.9926,agrosmart-v1,simulado,sim-2026-09
05a2bb1a-40d6-588b-95c6-6f66c68c296d,SC-03_20260923_0011.jpg,2026-09-23 08:55:20,SC-03,smartphone,saudavel,saudavel,0.9885,agrosmart-v1,simulado,sim-2026-09
23426e5e-a144-5694-b311-ef7f2e3dbc3f,SC-02_20260923_0011.jpg,2026-09-23 08:55:32,SC-02,smartphone,saudavel,saudavel,0.9999,agrosmart-v1,simulado,sim-2026-09
69bc10e5-6023-52bc-9127-b2bfa756feab,BV-01_20260923_0020.jpg,2026-09-23 08:55:33,BV-01,smartphone,saudavel,saudavel,0.9631,agrosmart-v1,simulado,sim-2026-09
6071ced3-c010-58a7-b7f7-1a2831d3de16,SC-02_20260923_0012.jpg,2026-09-23 08:56:15,SC-02,smartphone,saudavel,saudavel,0.8306,agrosmart-v1,simulado,sim-2026-09
7d87b1f5-3436-589f-8b8d-ab3720b02826,BV-01_20260923_0021.jpg,2026-09-23 08:56:18,BV-01,smartphone,saudavel,saudavel,0.9402,agrosmart-v1,simulado,sim-2026-09
b996cd50-3556-5c27-96d4-4320021fb342,SC-03_20260923_0012.jpg,2026-09-23 08:56:21,SC-03,smartphone,saudavel,saudavel,0.9932,agrosmart-v1,simulado,sim-2026-09
d03b1c11-9bb5-5b5e-a472-9a2a1e388e5e,SC-02_20260923_0013.jpg,2026-09-23 08:56:55,SC-02,smartphone,saudavel,saudavel,0.8888,agrosmart-v1,simulado,sim-2026-09
740b8a16-41d1-5476-a0c7-63f3b7953620,BV-01_20260923_0022.jpg,2026-09-23 08:57:00,BV-01,smartphone,saudavel,saudavel,0.9403,agrosmart-v1,simulado,sim-2026-09
b8d61c67-c88e-5f77-9394-250a2fae6fe9,SC-03_20260923_0013.jpg,2026-09-23 08:57:08,SC-03,smartphone,saudavel,saudavel,0.9686,agrosmart-v1,simulado,sim-2026-09
d7f4b95f-9989-50ac-aeb7-91a94f037b10,BV-01_20260923_0023.jpg,2026-09-23 08:57:34,BV-01,smartphone,doente,requeima,0.8725,agrosmart-v1,simulado,sim-2026-09
467f731a-d8de-5215-b22c-d5f8863ea01f,SC-02_20260923_0014.jpg,2026-09-23 08:57:35,SC-02,smartphone,saudavel,saudavel,0.8552,agrosmart-v1,simulado,sim-2026-09
e1718341-0017-51ab-84e5-ac5404de76f3,SC-03_20260923_0014.jpg,2026-09-23 08:57:50,SC-03,smartphone,saudavel,saudavel,0.9824,agrosmart-v1,simulado,sim-2026-09
c3790ad3-a6a0-5ea8-9d83-404f87b34277,SC-02_20260923_0015.jpg,2026-09-23 08:58:06,SC-02,smartphone,saudavel,saudavel,0.5587,agrosmart-v1,simulado,sim-2026-09
5e771aa2-cea7-5903-bced-f395954d2170,SC-03_20260923_0015.jpg,2026-09-23 08:58:25,SC-03,smartphone,saudavel,saudavel,0.5913,agrosmart-v1,simulado,sim-2026-09
d9c539cb-e0b1-596d-982a-2485346e09c0,BV-01_20260923_0024.jpg,2026-09-23 08:58:28,BV-01,smartphone,saudavel,saudavel,0.9499,agrosmart-v1,simulado,sim-2026-09
62905077-7718-50a0-95ae-bee8eb5e947f,BV-01_20260923_0025.jpg,2026-09-23 08:58:40,BV-01,smartphone,saudavel,saudavel,0.9984,agrosmart-v1,simulado,sim-2026-09
05308f81-af0c-53c6-b062-8d19a8543dc1,SC-03_20260923_0016.jpg,2026-09-23 08:58:46,SC-03,smartphone,saudavel,saudavel,0.8437,agrosmart-v1,simulado,sim-2026-09
2870a373-539b-56fd-b357-622092093a58,SC-02_20260923_0016.jpg,2026-09-23 08:58:53,SC-02,smartphone,saudavel,saudavel,0.9999,agrosmart-v1,simulado,sim-2026-09
da947521-9549-5337-9b06-62b97e2f41a4,SC-02_20260923_0017.jpg,2026-09-23 08:59:27,SC-02,smartphone,saudavel,saudavel,0.9946,agrosmart-v1,simulado,sim-2026-09
cc9d00d5-ee5f-5a2b-8e7b-2eb837dad30a,SC-03_20260923_0017.jpg,2026-09-23 08:59:42,SC-03,smartphone,saudavel,saudavel,0.9452,agrosmart-v1,simulado,sim-2026-09
76645857-d068-5b43-8477-fabfc1edd9bf,BV-01_20260923_0026.jpg,2026-09-23 08:59:43,BV-01,smartphone,saudavel,saudavel,0.9819,agrosmart-v1,simulado,sim-2026-09
aa068250-8b35-533c-8cb4-df2e19cc3596,BV-01_20260923_0027.jpg,2026-09-23 09:00:02,BV-01,smartphone,saudavel,saudavel,0.9823,agrosmart-v1,simulado,sim-2026-09
b56b143c-9720-5e40-8548-7fad8c2200ce,SC-02_20260923_0018.jpg,2026-09-23 09:00:11,SC-02,smartphone,saudavel,saudavel,0.5405,agrosmart-v1,simulado,sim-2026-09
6ef65028-3147-5767-be77-173d634f7346,SC-03_20260923_0018.jpg,2026-09-23 09:00:17,SC-03,smartphone,saudavel,saudavel,0.9127,agrosmart-v1,simulado,sim-2026-09
be58bf0e-9be1-5771-9553-d4d6ea46ce9d,BV-01_20260923_0028.jpg,2026-09-23 09:00:52,BV-01,smartphone,saudavel,saudavel,0.8257,agrosmart-v1,simulado,sim-2026-09
5212e33c-e341-5403-8123-39d434c2fa20,SC-02_20260923_0019.jpg,2026-09-23 09:00:52,SC-02,smartphone,saudavel,saudavel,0.9898,agrosmart-v1,simulado,sim-2026-09
f62ab700-fa14-5710-bf83-b8c9e40c9dc5,SC-03_20260923_0019.jpg,2026-09-23 09:01:10,SC-03,smartphone,saudavel,saudavel,0.9432,agrosmart-v1,simulado,sim-2026-09
3f344b00-2f50-5686-b5dc-61be6c877c50,SC-03_20260923_0020.jpg,2026-09-23 09:01:39,SC-03,smartphone,saudavel,saudavel,0.8672,agrosmart-v1,simulado,sim-2026-09
68be15c3-1d1d-5857-82e0-febb968f7261,BV-01_20260923_0029.jpg,2026-09-23 09:01:40,BV-01,smartphone,saudavel,saudavel,0.9973,agrosmart-v1,simulado,sim-2026-09
20deffcf-fa60-5d48-8824-b06ce942b879,SC-02_20260923_0020.jpg,2026-09-23 09:01:43,SC-02,smartphone,saudavel,saudavel,0.9411,agrosmart-v1,simulado,sim-2026-09
12c11342-4996-577b-b21a-74b2c7ef6d94,SC-03_20260923_0021.jpg,2026-09-23 09:02:02,SC-03,smartphone,saudavel,saudavel,0.9655,agrosmart-v1,simulado,sim-2026-09
68cb92b4-df0d-554f-a230-69352ec5d83c,SC-02_20260923_0021.jpg,2026-09-23 09:02:10,SC-02,smartphone,saudavel,saudavel,0.9017,agrosmart-v1,simulado,sim-2026-09
408c1d2f-65a4-5f2d-a2db-8c35f70cc5ac,BV-01_20260923_0030.jpg,2026-09-23 09:02:19,BV-01,smartphone,saudavel,saudavel,0.9910,agrosmart-v1,simulado,sim-2026-09
4365af20-29f4-5eeb-84c4-4183f7dedde5,SC-02_20260923_0022.jpg,2026-09-23 09:02:47,SC-02,smartphone,saudavel,saudavel,0.8933,agrosmart-v1,simulado,sim-2026-09
a354bc32-b305-5aca-bdd5-0ce4f2633ea6,SC-03_20260923_0022.jpg,2026-09-23 09:02:54,SC-03,smartphone,saudavel,saudavel,0.8549,agrosmart-v1,simulado,sim-2026-09
cc27b63a-9571-5c44-9b66-ce1c8e641a56,SC-03_20260923_0023.jpg,2026-09-23 09:03:42,SC-03,smartphone,saudavel,saudavel,0.9097,agrosmart-v1,simulado,sim-2026-09
45c3c8b0-a893-54fe-a2e7-0a893de9c3ef,SC-02_20260923_0023.jpg,2026-09-23 09:03:50,SC-02,smartphone,saudavel,saudavel,0.9943,agrosmart-v1,simulado,sim-2026-09
12b65178-5315-5f03-a13b-d26339068fe0,SC-02_20260923_0024.jpg,2026-09-23 09:04:08,SC-02,smartphone,saudavel,saudavel,0.9670,agrosmart-v1,simulado,sim-2026-09
3ddb0bd2-0e83-5d4d-aded-7471840f48b3,SC-03_20260923_0024.jpg,2026-09-23 09:04:10,SC-03,smartphone,saudavel,saudavel,0.9991,agrosmart-v1,simulado,sim-2026-09
b03df83a-3d13-52ab-a4f9-c9d000559ea5,SC-02_20260923_0025.jpg,2026-09-23 09:04:57,SC-02,smartphone,saudavel,saudavel,0.9167,agrosmart-v1,simulado,sim-2026-09
39e14843-6d7c-587f-8075-758c989691b1,SC-03_20260923_0025.jpg,2026-09-23 09:05:07,SC-03,smartphone,saudavel,saudavel,0.9859,agrosmart-v1,simulado,sim-2026-09
f0635a3a-a9a4-5cde-94d9-2e6d117b80d1,SC-02_20260923_0026.jpg,2026-09-23 09:05:35,SC-02,smartphone,saudavel,saudavel,0.9993,agrosmart-v1,simulado,sim-2026-09
e06cce6e-2b7e-5368-8a0d-9dc045d37f32,SC-03_20260923_0026.jpg,2026-09-23 09:05:43,SC-03,smartphone,saudavel,saudavel,0.9410,agrosmart-v1,simulado,sim-2026-09
34fc2cd1-7743-5f4a-b8a5-20e63014d76a,SC-02_20260923_0027.jpg,2026-09-23 09:06:10,SC-02,smartphone,saudavel,saudavel,0.8713,agrosmart-v1,simulado,sim-2026-09
45e0939f-3d79-5371-9d47-5dfe61eafd51,SC-03_20260923_0027.jpg,2026-09-23 09:06:15,SC-03,smartphone,saudavel,saudavel,0.9117,agrosmart-v1,simulado,sim-2026-09
8a421128-a0bd-5cdd-a565-5cc1d50c95a4,SC-03_20260923_0028.jpg,2026-09-23 09:06:54,SC-03,smartphone,saudavel,saudavel,0.9906,agrosmart-v1,simulado,sim-2026-09
cb1955b4-e15a-5c5b-a574-8e8a3e5952ee,SC-02_20260923_0028.jpg,2026-09-23 09:07:04,SC-02,smartphone,saudavel,saudavel,0.9977,agrosmart-v1,simulado,sim-2026-09
950f266f-60e7-5b7f-9197-4f75cbd23682,SC-03_20260923_0029.jpg,2026-09-23 09:07:26,SC-03,smartphone,saudavel,saudavel,0.9997,agrosmart-v1,simulado,sim-2026-09
aa8071e5-14ab-566f-aed7-95604854371d,SC-02_20260923_0029.jpg,2026-09-23 09:07:38,SC-02,smartphone,saudavel,saudavel,0.9345,agrosmart-v1,simulado,sim-2026-09
8c739d21-3b11-5832-8ce7-13b04282b59d,SC-03_20260923_0030.jpg,2026-09-23 09:08:12,SC-03,smartphone,saudavel,saudavel,0.9868,agrosmart-v1,simulado,sim-2026-09
3a444237-29aa-59eb-b786-d716c4b63c16,SC-02_20260923_0030.jpg,2026-09-23 09:08:15,SC-02,smartphone,saudavel,saudavel,0.9221,agrosmart-v1,simulado,sim-2026-09
14ad0307-9c7f-5e55-82e1-bd13875a2f07,SC-02_20260923_0031.jpg,2026-09-23 09:09:05,SC-02,smartphone,saudavel,saudavel,0.8972,agrosmart-v1,simulado,sim-2026-09
8ab278d8-f24d-55b9-a7bb-e2c75f0602fd,SC-02_20260923_0032.jpg,2026-09-23 09:09:26,SC-02,smartphone,saudavel,saudavel,0.9931,agrosmart-v1,simulado,sim-2026-09
606c3f3f-4f55-5236-bcb7-3fbde61e89dc,SC-02_20260923_0033.jpg,2026-09-23 09:10:14,SC-02,smartphone,saudavel,saudavel,0.9448,agrosmart-v1,simulado,sim-2026-09
ec2450c9-b2f8-566f-aac8-72b2a45b84a7,SC-02_20260923_0034.jpg,2026-09-23 09:11:03,SC-02,smartphone,saudavel,saudavel,0.9510,agrosmart-v1,simulado,sim-2026-09
2a4d3264-63e8-5ddf-9b73-b993a03e50d2,SC-02_20260923_0035.jpg,2026-09-23 09:11:24,SC-02,smartphone,saudavel,saudavel,0.9973,agrosmart-v1,simulado,sim-2026-09
998443e1-f7bb-5fc9-a630-9780393a70d7,SC-02_20260923_0036.jpg,2026-09-23 09:12:17,SC-02,smartphone,saudavel,saudavel,0.9661,agrosmart-v1,simulado,sim-2026-09
f31f432b-505f-5f5c-850c-b3a71b7d0775,SC-02_20260923_0037.jpg,2026-09-23 09:13:09,SC-02,smartphone,saudavel,saudavel,0.9781,agrosmart-v1,simulado,sim-2026-09
0097ac64-6b5e-5eef-85fc-baf79026e381,SC-02_20260923_0038.jpg,2026-09-23 09:13:27,SC-02,smartphone,saudavel,saudavel,0.9566,agrosmart-v1,simulado,sim-2026-09
908eaf9d-a8f8-58ab-b46f-1712f5fcc489,SC-01_20260923_0001.jpg,2026-09-23 09:27:06,SC-01,smartphone,saudavel,saudavel,0.9867,agrosmart-v1,simulado,sim-2026-09
6a338a98-7e64-5052-b6df-7825691b8a22,SC-01_20260923_0002.jpg,2026-09-23 09:27:27,SC-01,smartphone,saudavel,saudavel,0.9688,agrosmart-v1,simulado,sim-2026-09
58a89abf-ae88-5452-9178-94cce4dd039b,SC-01_20260923_0003.jpg,2026-09-23 09:28:17,SC-01,smartphone,saudavel,saudavel,0.9138,agrosmart-v1,simulado,sim-2026-09
ef396423-8514-5ed6-a4c6-5a4c9be25046,SC-01_20260923_0004.jpg,2026-09-23 09:29:00,SC-01,smartphone,saudavel,saudavel,0.9994,agrosmart-v1,simulado,sim-2026-09
479adce4-861c-5687-9013-9e4a03db7b08,SC-01_20260923_0005.jpg,2026-09-23 09:29:22,SC-01,smartphone,saudavel,saudavel,0.9542,agrosmart-v1,simulado,sim-2026-09
877a9d76-0793-5f69-bf54-bb9c50712e01,SC-01_20260923_0006.jpg,2026-09-23 09:30:22,SC-01,smartphone,doente,mosca_minadora,0.9048,agrosmart-v1,simulado,sim-2026-09
64593636-1aad-5461-870d-789926c8994f,SC-01_20260923_0007.jpg,2026-09-23 09:30:50,SC-01,smartphone,saudavel,saudavel,0.9339,agrosmart-v1,simulado,sim-2026-09
8c0cc595-cdb4-53db-9b89-324a45ce57b3,SC-01_20260923_0008.jpg,2026-09-23 09:31:40,SC-01,smartphone,saudavel,saudavel,0.9911,agrosmart-v1,simulado,sim-2026-09
3b907a3c-3bd7-5ff8-96c1-89b6a27ea9fe,SC-01_20260923_0009.jpg,2026-09-23 09:32:15,SC-01,smartphone,doente,mosca_minadora,1.0000,agrosmart-v1,simulado,sim-2026-09
02a2d762-ef64-578d-b0df-da1baf0e82a5,SC-01_20260923_0010.jpg,2026-09-23 09:32:54,SC-01,smartphone,saudavel,saudavel,0.8469,agrosmart-v1,simulado,sim-2026-09
ea10d39e-a7a0-5e11-8fd4-b520d117af9c,SC-01_20260923_0011.jpg,2026-09-23 09:33:30,SC-01,smartphone,saudavel,saudavel,0.8727,agrosmart-v1,simulado,sim-2026-09
21d33f99-c42f-506f-bd00-fcbd4cd1c67b,SC-01_20260923_0012.jpg,2026-09-23 09:34:04,SC-01,smartphone,saudavel,saudavel,0.8616,agrosmart-v1,simulado,sim-2026-09
c0f2669b-80a6-5588-b472-a6b1d12ba33e,SC-01_20260923_0013.jpg,2026-09-23 09:34:55,SC-01,smartphone,saudavel,saudavel,0.7881,agrosmart-v1,simulado,sim-2026-09
ef60f8ae-81e6-53c1-b775-e8d806000613,SC-01_20260923_0014.jpg,2026-09-23 09:35:45,SC-01,smartphone,saudavel,saudavel,0.9574,agrosmart-v1,simulado,sim-2026-09
4e693e6e-572d-5a1c-aaaa-16f1c965b8c8,SC-01_20260923_0015.jpg,2026-09-23 09:36:03,SC-01,smartphone,saudavel,saudavel,0.9030,agrosmart-v1,simulado,sim-2026-09
b522c5cc-31ce-592b-9357-c59a0c3e5752,SC-01_20260923_0016.jpg,2026-09-23 09:36:42,SC-01,smartphone,saudavel,saudavel,0.9950,agrosmart-v1,simulado,sim-2026-09
c9557be8-3584-5a4f-9343-6df544369ae8,SC-01_20260923_0017.jpg,2026-09-23 09:37:46,SC-01,smartphone,saudavel,saudavel,0.9794,agrosmart-v1,simulado,sim-2026-09
ea33808e-0918-538c-93dc-b0b40ce86104,SC-01_20260923_0018.jpg,2026-09-23 09:38:08,SC-01,smartphone,saudavel,saudavel,0.9347,agrosmart-v1,simulado,sim-2026-09
fdc7d6bc-4857-5250-abbf-ae59766f5b29,SC-01_20260923_0019.jpg,2026-09-23 09:38:48,SC-01,smartphone,saudavel,saudavel,0.8745,agrosmart-v1,simulado,sim-2026-09
d20c0a97-36ff-5dc7-ac48-9e8d792b0de9,SC-01_20260923_0020.jpg,2026-09-23 09:39:37,SC-01,smartphone,saudavel,saudavel,0.9908,agrosmart-v1,simulado,sim-2026-09
132b167f-894a-5669-8f58-84d7ed87cc6b,SC-01_20260923_0021.jpg,2026-09-23 09:40:11,SC-01,smartphone,saudavel,saudavel,0.9316,agrosmart-v1,simulado,sim-2026-09
ec9cf4b2-bd2f-56f2-9c48-e95d1eaf2aba,SC-01_20260923_0022.jpg,2026-09-23 09:40:44,SC-01,smartphone,saudavel,saudavel,0.9828,agrosmart-v1,simulado,sim-2026-09
5aeaef5e-febb-5e73-bae6-c804d89db6a2,SC-01_20260923_0023.jpg,2026-09-23 09:41:49,SC-01,smartphone,doente,pinta_preta,0.9865,agrosmart-v1,simulado,sim-2026-09
0d390ad0-426a-542d-a900-43202152f694,SC-01_20260923_0024.jpg,2026-09-23 09:42:08,SC-01,smartphone,saudavel,saudavel,0.8949,agrosmart-v1,simulado,sim-2026-09
05d6976e-ece0-5271-91a0-7173ea19fb2a,SC-01_20260923_0025.jpg,2026-09-23 09:42:54,SC-01,smartphone,saudavel,saudavel,0.8305,agrosmart-v1,simulado,sim-2026-09
ba6e38b7-aa8b-5e36-8c18-4e7af9b0ed7c,SC-01_20260923_0026.jpg,2026-09-23 09:43:39,SC-01,smartphone,saudavel,saudavel,0.9575,agrosmart-v1,simulado,sim-2026-09
0344655f-733c-50c9-9cfa-a93570ffbcc0,SC-01_20260923_0027.jpg,2026-09-23 09:44:26,SC-01,smartphone,saudavel,saudavel,0.9283,agrosmart-v1,simulado,sim-2026-09
b1c18066-4cef-5cf4-bda4-83f945be049f,SC-01_20260923_0028.jpg,2026-09-23 09:44:50,SC-01,smartphone,saudavel,saudavel,0.9837,agrosmart-v1,simulado,sim-2026-09
49c13573-a37f-58bd-ba91-56c164f27653,SC-01_20260923_0029.jpg,2026-09-23 09:45:37,SC-01,smartphone,saudavel,saudavel,0.9709,agrosmart-v1,simulado,sim-2026-09
b7a452ff-c187-5245-8257-91d88766abbd,SC-01_20260923_0030.jpg,2026-09-23 09:46:05,SC-01,smartphone,saudavel,saudavel,0.9995,agrosmart-v1,simulado,sim-2026-09
5c07c1b0-3725-5951-af1b-65be8d221118,SC-01_20260923_0031.jpg,2026-09-23 09:46:44,SC-01,smartphone,saudavel,saudavel,0.9682,agrosmart-v1,simulado,sim-2026-09
6f503aa3-009a-5e53-9dfa-b0ce61b8b862,TI-01_20260923_0001.jpg,2026-09-23 09:50:09,TI-01,drone,saudavel,saudavel,0.8400,agrosmart-v1,simulado,sim-2026-09
d8bc7fad-9251-5a3e-9680-bcb713b48eea,TI-01_20260923_0002.jpg,2026-09-23 09:50:45,TI-01,drone,saudavel,saudavel,0.9796,agrosmart-v1,simulado,sim-2026-09
5d5e72b0-c00c-59a3-a285-9319c705ec51,TI-01_20260923_0003.jpg,2026-09-23 09:51:30,TI-01,drone,saudavel,saudavel,0.9139,agrosmart-v1,simulado,sim-2026-09
e1ab460d-a52b-5dad-9c4d-7f3fd3635685,TI-01_20260923_0004.jpg,2026-09-23 09:51:56,TI-01,drone,saudavel,saudavel,0.9724,agrosmart-v1,simulado,sim-2026-09
24c87418-03fb-5653-9122-002fb21eda84,TI-01_20260923_0005.jpg,2026-09-23 09:52:31,TI-01,drone,saudavel,saudavel,0.8388,agrosmart-v1,simulado,sim-2026-09
94f2c10b-439f-5b06-9c41-855f45c81ff6,TI-01_20260923_0006.jpg,2026-09-23 09:53:25,TI-01,drone,saudavel,saudavel,0.8785,agrosmart-v1,simulado,sim-2026-09
3f9374b9-81ff-5dfe-b193-252cffea1552,TI-01_20260923_0007.jpg,2026-09-23 09:53:44,TI-01,drone,saudavel,saudavel,0.9785,agrosmart-v1,simulado,sim-2026-09
f82341b4-10b8-5419-9643-72eef9342ec0,TI-01_20260923_0008.jpg,2026-09-23 09:54:34,TI-01,drone,doente,vaquinha,0.9024,agrosmart-v1,simulado,sim-2026-09
73c2c23a-5135-5083-8a35-e3f91905e098,TI-01_20260923_0009.jpg,2026-09-23 09:55:17,TI-01,drone,doente,vaquinha,0.9983,agrosmart-v1,simulado,sim-2026-09
815ed9a2-38fe-50d8-a54a-f5af302abb02,TI-01_20260923_0010.jpg,2026-09-23 09:55:52,TI-01,drone,saudavel,saudavel,0.9903,agrosmart-v1,simulado,sim-2026-09
fe3e8b1f-00f8-5946-ba95-40a83aa85a65,TI-01_20260923_0011.jpg,2026-09-23 09:56:39,TI-01,drone,saudavel,saudavel,0.8827,agrosmart-v1,simulado,sim-2026-09
2f331d2a-8756-5dbe-a2d1-bb6c33af7d7d,TI-01_20260923_0012.jpg,2026-09-23 09:57:01,TI-01,drone,saudavel,saudavel,0.9697,agrosmart-v1,simulado,sim-2026-09
21691e36-b233-5558-8042-2da4e118da68,TI-01_20260923_0013.jpg,2026-09-23 09:58:04,TI-01,drone,saudavel,saudavel,0.8834,agrosmart-v1,simulado,sim-2026-09
48e08646-d214-5eb3-9f16-009d1bb96605,TI-01_20260923_0014.jpg,2026-09-23 09:58:47,TI-01,drone,saudavel,saudavel,0.9995,agrosmart-v1,simulado,sim-2026-09
612e6247-ccbb-5aca-8c69-07a1b9a3b9d5,TI-01_20260923_0015.jpg,2026-09-23 09:59:29,TI-01,drone,saudavel,saudavel,0.9962,agrosmart-v1,simulado,sim-2026-09
fa6bb98c-3b18-5f48-b6ab-2ce3800b026d,TI-01_20260923_0016.jpg,2026-09-23 09:59:44,TI-01,drone,doente,vaquinha,0.8262,agrosmart-v1,simulado,sim-2026-09
41d7d281-2bd3-5b1c-a812-b9e07580ee45,TI-01_20260923_0017.jpg,2026-09-23 10:00:45,TI-01,drone,saudavel,saudavel,0.8940,agrosmart-v1,simulado,sim-2026-09
01da6eeb-799d-5657-940b-3df3b668e1ac,TI-01_20260923_0018.jpg,2026-09-23 10:01:14,TI-01,drone,saudavel,saudavel,0.9523,agrosmart-v1,simulado,sim-2026-09
da6e9721-9fa9-57cc-8a54-a8572bc4730f,TI-01_20260923_0019.jpg,2026-09-23 10:01:56,TI-01,drone,saudavel,saudavel,0.9131,agrosmart-v1,simulado,sim-2026-09
7a3ff4c2-3243-5c16-a607-7f9e75132a37,TI-01_20260923_0020.jpg,2026-09-23 10:02:40,TI-01,drone,saudavel,saudavel,0.8471,agrosmart-v1,simulado,sim-2026-09
3f7187e7-fb41-588c-9be7-a625cd719b41,TI-01_20260923_0021.jpg,2026-09-23 10:03:04,TI-01,drone,doente,vaquinha,0.8275,agrosmart-v1,simulado,sim-2026-09
899b18df-ff38-5160-bb89-3dcf16315d13,TI-01_20260923_0022.jpg,2026-09-23 10:03:46,TI-01,drone,saudavel,saudavel,0.8475,agrosmart-v1,simulado,sim-2026-09
e4dbb45e-d908-53f8-8c65-b83856bfc9c9,TI-01_20260923_0023.jpg,2026-09-23 10:04:41,TI-01,drone,saudavel,saudavel,0.9985,agrosmart-v1,simulado,sim-2026-09
98be5862-62be-540a-be2c-fcf95db66b54,TI-01_20260923_0024.jpg,2026-09-23 10:05:08,TI-01,drone,saudavel,saudavel,0.8774,agrosmart-v1,simulado,sim-2026-09
fa6b9447-ee4a-52c7-b51b-ddd4d4b90f5c,TI-01_20260923_0025.jpg,2026-09-23 10:05:42,TI-01,drone,saudavel,saudavel,0.9602,agrosmart-v1,simulado,sim-2026-09
cce93fde-0d71-5522-9845-fb8a58985a49,TI-01_20260923_0026.jpg,2026-09-23 10:06:31,TI-01,drone,saudavel,saudavel,0.9973,agrosmart-v1,simulado,sim-2026-09
4834f32b-0112-5be7-a17d-2d0b69940bb5,TI-01_20260923_0027.jpg,2026-09-23 10:07:12,TI-01,drone,saudavel,saudavel,0.9788,agrosmart-v1,simulado,sim-2026-09
dc250ea8-5e43-54ed-991e-fdc831392f86,TI-01_20260923_0028.jpg,2026-09-23 10:07:58,TI-01,drone,saudavel,saudavel,0.9974,agrosmart-v1,simulado,sim-2026-09
0095a664-47fe-5719-977e-f33ac3d60257,TI-01_20260923_0029.jpg,2026-09-23 10:08:29,TI-01,drone,doente,vaquinha,0.9044,agrosmart-v1,simulado,sim-2026-09
826d1582-03a3-5c84-8981-d8e2b1880498,TI-01_20260923_0030.jpg,2026-09-23 10:09:21,TI-01,drone,saudavel,saudavel,0.9117,agrosmart-v1,simulado,sim-2026-09
148e9e1f-69c2-5538-8acb-20779a3229ca,TI-01_20260923_0031.jpg,2026-09-23 10:10:02,TI-01,drone,saudavel,saudavel,0.9410,agrosmart-v1,simulado,sim-2026-09
fbc473be-5aac-552a-a7ac-47d01bfa67fa,TI-01_20260923_0032.jpg,2026-09-23 10:10:29,TI-01,drone,saudavel,saudavel,0.5368,agrosmart-v1,simulado,sim-2026-09
e9e6d2e1-0735-56ef-9f36-6fe37d9a39f2,TI-01_20260923_0033.jpg,2026-09-23 10:11:24,TI-01,drone,saudavel,saudavel,0.9690,agrosmart-v1,simulado,sim-2026-09
3778db40-e784-5ea6-aadb-672f9aabc537,TI-01_20260923_0034.jpg,2026-09-23 10:12:06,TI-01,drone,saudavel,saudavel,0.8681,agrosmart-v1,simulado,sim-2026-09
6e91c634-3ffa-5563-ba2c-264c678a8bcb,TI-01_20260923_0035.jpg,2026-09-23 10:12:41,TI-01,drone,saudavel,saudavel,0.8837,agrosmart-v1,simulado,sim-2026-09
9e0fbb86-7822-531d-8e15-7d27a89a09a1,TI-01_20260923_0036.jpg,2026-09-23 10:13:22,TI-01,drone,saudavel,saudavel,0.9949,agrosmart-v1,simulado,sim-2026-09
2e75f1cc-74d2-5698-a404-8bf2559b3199,TI-01_20260923_0037.jpg,2026-09-23 10:14:04,TI-01,drone,saudavel,saudavel,0.9607,agrosmart-v1,simulado,sim-2026-09
771f6263-3d79-5791-a485-86863367c27a,TI-01_20260923_0038.jpg,2026-09-23 10:14:30,TI-01,drone,saudavel,saudavel,0.9779,agrosmart-v1,simulado,sim-2026-09
e1736452-2df0-5e92-9c8d-a8cd21783b4e,TI-01_20260923_0039.jpg,2026-09-23 10:15:04,TI-01,drone,saudavel,saudavel,0.9982,agrosmart-v1,simulado,sim-2026-09
0c381659-9efa-516e-a688-2d220b30fd89,TI-01_20260923_0040.jpg,2026-09-23 10:16:00,TI-01,drone,saudavel,saudavel,0.9811,agrosmart-v1,simulado,sim-2026-09
126bd518-79ca-5cdc-8efd-08be1e5549d3,TI-01_20260923_0041.jpg,2026-09-23 10:16:46,TI-01,drone,doente,pinta_preta,0.9948,agrosmart-v1,simulado,sim-2026-09
157d3535-88c4-5311-ac94-d6918054e62d,TI-01_20260923_0042.jpg,2026-09-23 10:17:21,TI-01,drone,saudavel,saudavel,0.9849,agrosmart-v1,simulado,sim-2026-09
c0803d93-a688-5d46-8346-ae892b14415b,TI-01_20260923_0043.jpg,2026-09-23 10:17:59,TI-01,drone,saudavel,saudavel,0.9758,agrosmart-v1,simulado,sim-2026-09
dfbda092-db2e-58df-8521-c01ef3c61334,TI-01_20260923_0044.jpg,2026-09-23 10:18:37,TI-01,drone,saudavel,saudavel,0.9864,agrosmart-v1,simulado,sim-2026-09
f91f3f4e-7aac-5f4b-a6ac-ce96ec2629f7,TI-01_20260923_0045.jpg,2026-09-23 10:19:19,TI-01,drone,saudavel,saudavel,0.9629,agrosmart-v1,simulado,sim-2026-09
d71aa779-018a-5b4f-9862-6a7255e16e42,SC-01_20260925_0001.jpg,2026-09-25 07:11:40,SC-01,smartphone,saudavel,saudavel,0.8239,agrosmart-v1,simulado,sim-2026-09
9b0140a3-5431-5e8d-a6d9-d399fd43c3dc,SC-01_20260925_0002.jpg,2026-09-25 07:12:27,SC-01,smartphone,saudavel,saudavel,0.9654,agrosmart-v1,simulado,sim-2026-09
3e5c2fc5-f767-57b1-a3fb-222d229c6aaf,SC-01_20260925_0003.jpg,2026-09-25 07:13:07,SC-01,smartphone,saudavel,saudavel,0.9190,agrosmart-v1,simulado,sim-2026-09
1d6e9928-dcd1-50a8-b166-82dd82575302,SC-01_20260925_0004.jpg,2026-09-25 07:13:47,SC-01,smartphone,saudavel,saudavel,0.8838,agrosmart-v1,simulado,sim-2026-09
f2a4dac4-fc33-56be-a861-27c0a65ec814,SC-01_20260925_0005.jpg,2026-09-25 07:14:41,SC-01,smartphone,saudavel,saudavel,0.9504,agrosmart-v1,simulado,sim-2026-09
4c09b3d9-2612-5338-ae21-4461e7c765b3,SC-01_20260925_0006.jpg,2026-09-25 07:15:11,SC-01,smartphone,saudavel,saudavel,0.9885,agrosmart-v1,simulado,sim-2026-09
468c44a4-fd18-5d71-bfbb-247e8b771e60,SC-01_20260925_0007.jpg,2026-09-25 07:16:03,SC-01,smartphone,saudavel,saudavel,0.9429,agrosmart-v1,simulado,sim-2026-09
4ca2e89c-1807-57ef-85a4-ff468e7a440c,SC-01_20260925_0008.jpg,2026-09-25 07:16:22,SC-01,smartphone,saudavel,saudavel,0.9766,agrosmart-v1,simulado,sim-2026-09
37b53f81-1f4c-5c53-9a04-6c5ff22562db,SC-01_20260925_0009.jpg,2026-09-25 07:17:08,SC-01,smartphone,saudavel,saudavel,0.9995,agrosmart-v1,simulado,sim-2026-09
948d4fc4-fd53-5705-ba4e-c8c62230d509,SC-01_20260925_0010.jpg,2026-09-25 07:17:46,SC-01,smartphone,saudavel,saudavel,0.8456,agrosmart-v1,simulado,sim-2026-09
eb4065ce-dc1b-5b2a-a336-55837c5c34ff,SC-01_20260925_0011.jpg,2026-09-25 07:18:46,SC-01,smartphone,saudavel,saudavel,0.9953,agrosmart-v1,simulado,sim-2026-09
607818d5-7d10-50c0-b5ba-24dd1c119514,SC-01_20260925_0012.jpg,2026-09-25 07:19:07,SC-01,smartphone,saudavel,saudavel,1.0000,agrosmart-v1,simulado,sim-2026-09
be16b0f9-ab41-5478-bba7-1a7edb06cb41,SC-01_20260925_0013.jpg,2026-09-25 07:19:41,SC-01,smartphone,saudavel,saudavel,0.9960,agrosmart-v1,simulado,sim-2026-09
e544d6d9-0205-57e1-826d-9b38347f935f,SC-01_20260925_0014.jpg,2026-09-25 07:20:47,SC-01,smartphone,saudavel,saudavel,0.9726,agrosmart-v1,simulado,sim-2026-09
99ad2683-c2a2-5814-9156-ce9457e0cf75,SC-01_20260925_0015.jpg,2026-09-25 07:21:18,SC-01,smartphone,saudavel,saudavel,0.9990,agrosmart-v1,simulado,sim-2026-09
d6bd8e84-aca2-5e7d-b27e-71511747687d,SC-01_20260925_0016.jpg,2026-09-25 07:21:41,SC-01,smartphone,saudavel,saudavel,0.8678,agrosmart-v1,simulado,sim-2026-09
f991af78-6712-5376-b527-953d127724b7,SC-01_20260925_0017.jpg,2026-09-25 07:22:39,SC-01,smartphone,doente,requeima,0.9723,agrosmart-v1,simulado,sim-2026-09
d49fbc73-08ea-5c0d-bf6a-95e1c10202fc,SC-01_20260925_0018.jpg,2026-09-25 07:23:18,SC-01,smartphone,saudavel,saudavel,0.9828,agrosmart-v1,simulado,sim-2026-09
6f09ed6c-9702-5403-a338-65dde99f6930,SC-01_20260925_0019.jpg,2026-09-25 07:24:09,SC-01,smartphone,saudavel,saudavel,0.9997,agrosmart-v1,simulado,sim-2026-09
d5e3af11-0cca-5363-8869-81042d476f38,SC-01_20260925_0020.jpg,2026-09-25 07:24:48,SC-01,smartphone,saudavel,saudavel,0.9870,agrosmart-v1,simulado,sim-2026-09
76b3e494-4061-5ba9-be8a-a88470056b8e,SC-01_20260925_0021.jpg,2026-09-25 07:25:20,SC-01,smartphone,saudavel,saudavel,0.9566,agrosmart-v1,simulado,sim-2026-09
b4adf98d-3b30-5620-a62a-cf4ad04fc935,SC-01_20260925_0022.jpg,2026-09-25 07:26:04,SC-01,smartphone,saudavel,saudavel,0.9956,agrosmart-v1,simulado,sim-2026-09
f376ecd7-f110-5f70-b8b2-c561a993292d,SC-01_20260925_0023.jpg,2026-09-25 07:26:49,SC-01,smartphone,saudavel,saudavel,0.9941,agrosmart-v1,simulado,sim-2026-09
b36c71d8-762c-5f51-9c60-79d9c1f9f607,SC-01_20260925_0024.jpg,2026-09-25 07:27:10,SC-01,smartphone,saudavel,saudavel,0.9456,agrosmart-v1,simulado,sim-2026-09
4e08fa9d-ae8b-5fbe-baa9-8d44e646734a,SC-01_20260925_0025.jpg,2026-09-25 07:28:08,SC-01,smartphone,saudavel,saudavel,0.8441,agrosmart-v1,simulado,sim-2026-09
22293dbe-1c83-5dc3-bb8e-b512b5be22d2,SC-01_20260925_0026.jpg,2026-09-25 07:28:35,SC-01,smartphone,saudavel,saudavel,0.9929,agrosmart-v1,simulado,sim-2026-09
be178b61-97ca-5c84-8f05-e64679b49fa7,SC-01_20260925_0027.jpg,2026-09-25 07:29:12,SC-01,smartphone,saudavel,saudavel,0.8921,agrosmart-v1,simulado,sim-2026-09
42279c04-181b-5a1c-b952-079314f93d4d,SC-01_20260925_0028.jpg,2026-09-25 07:30:08,SC-01,smartphone,saudavel,saudavel,0.8989,agrosmart-v1,simulado,sim-2026-09
43a57c79-1f26-52b6-9c71-0087def7d4d2,SC-01_20260925_0029.jpg,2026-09-25 07:30:37,SC-01,smartphone,saudavel,saudavel,0.9706,agrosmart-v1,simulado,sim-2026-09
a0a25b5c-d702-5e8e-a8b7-e02e12338262,SC-01_20260925_0030.jpg,2026-09-25 07:31:27,SC-01,smartphone,saudavel,saudavel,0.9560,agrosmart-v1,simulado,sim-2026-09
34df7bf3-4c89-58b7-8496-0effb0e232b9,SC-01_20260925_0031.jpg,2026-09-25 07:32:09,SC-01,smartphone,saudavel,saudavel,0.9264,agrosmart-v1,simulado,sim-2026-09
6e4e60dd-7178-5b30-8eae-43974e3a91e7,SC-01_20260925_0032.jpg,2026-09-25 07:32:50,SC-01,smartphone,saudavel,saudavel,0.5928,agrosmart-v1,simulado,sim-2026-09
b17219a9-aa0a-5337-ab8b-0b024a241730,BV-03_20260925_0001.jpg,2026-09-25 07:33:02,BV-03,smartphone,saudavel,saudavel,0.9650,agrosmart-v1,simulado,sim-2026-09
4066df10-b9d9-5869-b000-41877cd54aea,SC-01_20260925_0033.jpg,2026-09-25 07:33:14,SC-01,smartphone,saudavel,saudavel,0.8515,agrosmart-v1,simulado,sim-2026-09
a07e7793-0ef5-52f5-8841-bdc7bf0ff5fd,BV-03_20260925_0002.jpg,2026-09-25 07:33:23,BV-03,smartphone,saudavel,saudavel,0.8368,agrosmart-v1,simulado,sim-2026-09
dae9eb9b-acc8-5541-ac4d-bf3bcbfce50a,SC-01_20260925_0034.jpg,2026-09-25 07:33:49,SC-01,smartphone,saudavel,saudavel,0.9248,agrosmart-v1,simulado,sim-2026-09
790e4240-69f4-5fbb-966e-b881bace5ab9,BV-03_20260925_0003.jpg,2026-09-25 07:34:25,BV-03,smartphone,saudavel,saudavel,0.8918,agrosmart-v1,simulado,sim-2026-09
7ad280ae-c1cf-5324-80d6-ff3ae542fd43,SC-01_20260925_0035.jpg,2026-09-25 07:34:33,SC-01,smartphone,saudavel,saudavel,0.8484,agrosmart-v1,simulado,sim-2026-09
da086c50-2d6b-540b-aafe-40e518a4ace7,BV-03_20260925_0004.jpg,2026-09-25 07:34:56,BV-03,smartphone,saudavel,saudavel,0.9829,agrosmart-v1,simulado,sim-2026-09
532ac6af-38eb-5f48-8eec-97a61beca65b,BV-03_20260925_0005.jpg,2026-09-25 07:35:49,BV-03,smartphone,saudavel,saudavel,0.9847,agrosmart-v1,simulado,sim-2026-09
95d63ce2-ca95-5776-86aa-e4ff0d63cb1d,BV-01_20260925_0001.jpg,2026-09-25 07:35:50,BV-01,smartphone,saudavel,saudavel,0.9056,agrosmart-v1,simulado,sim-2026-09
5e73c626-ad77-5882-b877-e890e4749944,BV-03_20260925_0006.jpg,2026-09-25 07:36:04,BV-03,smartphone,saudavel,saudavel,0.8802,agrosmart-v1,simulado,sim-2026-09
c38a8cfa-80f7-5242-ad66-1c25c0f219cf,BV-01_20260925_0002.jpg,2026-09-25 07:36:22,BV-01,smartphone,saudavel,saudavel,0.8535,agrosmart-v1,simulado,sim-2026-09
525755cc-c814-5350-8abb-18f25c01590f,BV-03_20260925_0007.jpg,2026-09-25 07:36:51,BV-03,smartphone,saudavel,saudavel,0.9169,agrosmart-v1,simulado,sim-2026-09
89d4300c-e46b-5cc7-8e32-6cf5c95b54bc,BV-01_20260925_0003.jpg,2026-09-25 07:37:28,BV-01,smartphone,saudavel,saudavel,1.0000,agrosmart-v1,simulado,sim-2026-09
35189f97-becd-55ec-b15e-bc82559acc61,BV-01_20260925_0004.jpg,2026-09-25 07:37:41,BV-01,smartphone,saudavel,saudavel,0.8891,agrosmart-v1,simulado,sim-2026-09
916c8bd0-1d37-52dc-9b2c-6a59c3276fd3,BV-03_20260925_0008.jpg,2026-09-25 07:37:45,BV-03,smartphone,saudavel,saudavel,0.9979,agrosmart-v1,simulado,sim-2026-09
d3f26ace-55ed-57d0-bd42-9f8051066f5b,BV-03_20260925_0009.jpg,2026-09-25 07:38:15,BV-03,smartphone,saudavel,saudavel,0.9752,agrosmart-v1,simulado,sim-2026-09
97a8b7ba-df57-5109-a262-bf840e200390,BV-03_20260925_0010.jpg,2026-09-25 07:38:45,BV-03,smartphone,saudavel,saudavel,0.9993,agrosmart-v1,simulado,sim-2026-09
a1ed643d-7da8-57d3-9399-9cb953af7fda,BV-04_20260925_0001.jpg,2026-09-25 07:38:45,BV-04,smartphone,saudavel,saudavel,0.9787,agrosmart-v1,simulado,sim-2026-09
815a8c1c-d96d-5f7c-8d4c-59e87344a467,BV-01_20260925_0005.jpg,2026-09-25 07:38:50,BV-01,smartphone,saudavel,saudavel,0.9875,agrosmart-v1,simulado,sim-2026-09
5bb90274-d89c-5d79-90ee-ae589886c90a,BV-01_20260925_0006.jpg,2026-09-25 07:39:25,BV-01,smartphone,saudavel,saudavel,0.9869,agrosmart-v1,simulado,sim-2026-09
59ce1f44-2f9c-5f4b-9df2-7aab7f96a95c,BV-03_20260925_0011.jpg,2026-09-25 07:39:29,BV-03,smartphone,saudavel,saudavel,0.8992,agrosmart-v1,simulado,sim-2026-09
4e6d9fc5-b18a-55b5-b79f-4fdb94b37ac6,BV-01_20260925_0007.jpg,2026-09-25 07:39:44,BV-01,smartphone,saudavel,saudavel,0.9974,agrosmart-v1,simulado,sim-2026-09
66874e19-710b-5cdd-8eed-8c6a6ffdbaf7,BV-04_20260925_0002.jpg,2026-09-25 07:39:44,BV-04,smartphone,saudavel,saudavel,0.8832,agrosmart-v1,simulado,sim-2026-09
830f1226-8d7b-51b2-862e-7c3f74049532,SC-03_20260925_0001.jpg,2026-09-25 07:39:48,SC-03,smartphone,saudavel,saudavel,0.9425,agrosmart-v1,simulado,sim-2026-09
ce942414-ae4f-5e30-9bbb-c464a988b153,BV-03_20260925_0012.jpg,2026-09-25 07:40:06,BV-03,smartphone,saudavel,saudavel,0.9511,agrosmart-v1,simulado,sim-2026-09
deda2796-b83e-5ce4-8cc9-475c7fb2352f,BV-04_20260925_0003.jpg,2026-09-25 07:40:21,BV-04,smartphone,saudavel,saudavel,0.9543,agrosmart-v1,simulado,sim-2026-09
4da3c27d-022a-50a2-813a-179bcd5ecfbf,BV-01_20260925_0008.jpg,2026-09-25 07:40:24,BV-01,smartphone,saudavel,saudavel,0.8581,agrosmart-v1,simulado,sim-2026-09
db77b48b-8d28-5044-8ef7-c8f047c28789,SC-03_20260925_0002.jpg,2026-09-25 07:40:45,SC-03,smartphone,saudavel,saudavel,0.9975,agrosmart-v1,simulado,sim-2026-09
170b5934-99fb-5685-8b7d-203d68078e20,BV-04_20260925_0004.jpg,2026-09-25 07:40:49,BV-04,smartphone,saudavel,saudavel,0.8635,agrosmart-v1,simulado,sim-2026-09
ff9f6b96-82c3-5c25-b93e-85f1e0f8e692,BV-03_20260925_0013.jpg,2026-09-25 07:41:00,BV-03,smartphone,saudavel,saudavel,0.9658,agrosmart-v1,simulado,sim-2026-09
d380acf8-9946-5efa-ad96-7ab0e666604d,SC-03_20260925_0003.jpg,2026-09-25 07:41:05,SC-03,smartphone,saudavel,saudavel,0.9071,agrosmart-v1,simulado,sim-2026-09
f74c08a1-1d69-5ae5-a178-ad82d9d6e64b,BV-01_20260925_0009.jpg,2026-09-25 07:41:13,BV-01,smartphone,saudavel,saudavel,0.9196,agrosmart-v1,simulado,sim-2026-09
d8874312-1024-5129-b050-0d08f8929fda,BV-03_20260925_0014.jpg,2026-09-25 07:41:27,BV-03,smartphone,saudavel,saudavel,0.9987,agrosmart-v1,simulado,sim-2026-09
cdf73fc9-d936-5041-9045-b037d8442334,BV-04_20260925_0005.jpg,2026-09-25 07:41:33,BV-04,smartphone,saudavel,saudavel,0.9112,agrosmart-v1,simulado,sim-2026-09
f1c999d4-a3b2-561d-b05a-49a9d4a8e664,BV-01_20260925_0010.jpg,2026-09-25 07:41:47,BV-01,smartphone,saudavel,saudavel,0.9213,agrosmart-v1,simulado,sim-2026-09
8fc9f684-56a7-54d3-ac55-f64210034807,SC-03_20260925_0004.jpg,2026-09-25 07:42:07,SC-03,smartphone,doente,requeima,0.8427,agrosmart-v1,simulado,sim-2026-09
c7f60f01-74a6-5ae0-98a7-196a3b73bdac,BV-03_20260925_0015.jpg,2026-09-25 07:42:20,BV-03,smartphone,doente,requeima,0.9205,agrosmart-v1,simulado,sim-2026-09
312f6352-a270-566c-8cb0-a335e1243a95,BV-01_20260925_0011.jpg,2026-09-25 07:42:30,BV-01,smartphone,saudavel,saudavel,0.9581,agrosmart-v1,simulado,sim-2026-09
342f2aef-e10e-5695-806f-34ae8a9c443d,BV-04_20260925_0006.jpg,2026-09-25 07:42:30,BV-04,smartphone,saudavel,saudavel,0.9931,agrosmart-v1,simulado,sim-2026-09
9808276a-3a82-53e2-a437-8402c158e71a,SC-03_20260925_0005.jpg,2026-09-25 07:42:46,SC-03,smartphone,saudavel,saudavel,0.9995,agrosmart-v1,simulado,sim-2026-09
2bb3fc0e-de2c-59b7-9d14-23f8eaf3c90d,BV-03_20260925_0016.jpg,2026-09-25 07:42:55,BV-03,smartphone,saudavel,saudavel,0.9257,agrosmart-v1,simulado,sim-2026-09
a4520ae9-6434-5f0f-88c1-ed42243f9957,BV-04_20260925_0007.jpg,2026-09-25 07:42:55,BV-04,smartphone,saudavel,saudavel,0.9960,agrosmart-v1,simulado,sim-2026-09
741abd47-2a5d-5a82-884d-dd7a06a861d7,BV-01_20260925_0012.jpg,2026-09-25 07:43:24,BV-01,smartphone,saudavel,saudavel,0.9988,agrosmart-v1,simulado,sim-2026-09
a6cc6da4-cd1a-5bb5-af03-65acbb5322b3,SC-03_20260925_0006.jpg,2026-09-25 07:43:30,SC-03,smartphone,saudavel,saudavel,0.9397,agrosmart-v1,simulado,sim-2026-09
dbf974c5-a3ec-5a57-a99e-c2612e6bf3fb,BV-04_20260925_0008.jpg,2026-09-25 07:43:43,BV-04,smartphone,saudavel,saudavel,0.9264,agrosmart-v1,simulado,sim-2026-09
3d7bb237-8ab9-5cfc-874d-29ad4681952a,SC-03_20260925_0007.jpg,2026-09-25 07:43:56,SC-03,smartphone,saudavel,saudavel,0.9372,agrosmart-v1,simulado,sim-2026-09
e48c83ff-0017-555f-bcf0-ce1e2ee55ff8,BV-04_20260925_0009.jpg,2026-09-25 07:44:03,BV-04,smartphone,saudavel,saudavel,0.9609,agrosmart-v1,simulado,sim-2026-09
35cbb5e9-6003-511a-b029-56faa7822ab8,BV-01_20260925_0013.jpg,2026-09-25 07:44:07,BV-01,smartphone,saudavel,saudavel,0.9246,agrosmart-v1,simulado,sim-2026-09
2ccb86bd-701d-5d03-a779-3f857ca91729,BV-01_20260925_0014.jpg,2026-09-25 07:44:42,BV-01,smartphone,saudavel,saudavel,0.8300,agrosmart-v1,simulado,sim-2026-09
cc4259a3-d5ba-5d4b-8cc8-641aa04082c4,SC-03_20260925_0008.jpg,2026-09-25 07:44:44,SC-03,smartphone,saudavel,saudavel,0.8611,agrosmart-v1,simulado,sim-2026-09
b8a54877-243d-5ef8-8351-2700ab08d012,BV-04_20260925_0010.jpg,2026-09-25 07:44:57,BV-04,smartphone,saudavel,saudavel,0.9448,agrosmart-v1,simulado,sim-2026-09
4745f709-f9ea-5de1-99eb-e827f04952a8,BV-01_20260925_0015.jpg,2026-09-25 07:45:00,BV-01,smartphone,saudavel,saudavel,0.9606,agrosmart-v1,simulado,sim-2026-09
d50cd191-7921-5233-b764-e653f046ee1a,SC-03_20260925_0009.jpg,2026-09-25 07:45:21,SC-03,smartphone,saudavel,saudavel,0.9118,agrosmart-v1,simulado,sim-2026-09
5f6585fa-1a19-5ca8-963e-9dc4a96bf5f4,BV-04_20260925_0011.jpg,2026-09-25 07:45:27,BV-04,smartphone,saudavel,saudavel,0.9760,agrosmart-v1,simulado,sim-2026-09
df3f52ce-4f49-5fd0-9e9f-78edf7010f2a,BV-01_20260925_0016.jpg,2026-09-25 07:45:55,BV-01,smartphone,saudavel,saudavel,0.9922,agrosmart-v1,simulado,sim-2026-09
5fcba4f8-9d02-549d-af05-0108d9b2aee3,SC-03_20260925_0010.jpg,2026-09-25 07:45:56,SC-03,smartphone,saudavel,saudavel,1.0000,agrosmart-v1,simulado,sim-2026-09
10f1dcbc-b598-5ff5-8d4c-9031daec855d,BV-04_20260925_0012.jpg,2026-09-25 07:46:16,BV-04,smartphone,saudavel,saudavel,0.8334,agrosmart-v1,simulado,sim-2026-09
f47e371e-46b9-5afe-bea5-c6da6fae2357,SC-03_20260925_0011.jpg,2026-09-25 07:46:29,SC-03,smartphone,saudavel,saudavel,0.9697,agrosmart-v1,simulado,sim-2026-09
28f39e8a-3e6a-5774-b9ac-d53c1705cd74,BV-01_20260925_0017.jpg,2026-09-25 07:46:36,BV-01,smartphone,saudavel,saudavel,0.9823,agrosmart-v1,simulado,sim-2026-09
52e8f565-6da8-5085-a625-ed0eb9daccfd,BV-04_20260925_0013.jpg,2026-09-25 07:46:48,BV-04,smartphone,saudavel,saudavel,0.9598,agrosmart-v1,simulado,sim-2026-09
f6a983f1-9727-57e0-8053-0fb3caafc736,SC-03_20260925_0012.jpg,2026-09-25 07:47:06,SC-03,smartphone,saudavel,saudavel,0.9798,agrosmart-v1,simulado,sim-2026-09
e0a91eec-3c28-5fee-ab00-3bcc6a1fed2e,BV-01_20260925_0018.jpg,2026-09-25 07:47:22,BV-01,smartphone,saudavel,saudavel,0.9957,agrosmart-v1,simulado,sim-2026-09
d7fb54dc-e5ad-543b-9130-80975dece935,BV-04_20260925_0014.jpg,2026-09-25 07:47:32,BV-04,smartphone,saudavel,saudavel,0.9490,agrosmart-v1,simulado,sim-2026-09
6766fff9-c416-5e17-bf6d-21a85ed9ef03,SC-03_20260925_0013.jpg,2026-09-25 07:47:51,SC-03,smartphone,saudavel,saudavel,0.9320,agrosmart-v1,simulado,sim-2026-09
866e38e9-255e-58dd-94eb-5241684aa5df,BV-01_20260925_0019.jpg,2026-09-25 07:48:09,BV-01,smartphone,saudavel,saudavel,0.8487,agrosmart-v1,simulado,sim-2026-09
3099a5e6-798c-5aa4-a66f-6a991e29344d,BV-04_20260925_0015.jpg,2026-09-25 07:48:15,BV-04,smartphone,saudavel,saudavel,0.9101,agrosmart-v1,simulado,sim-2026-09
317fcdd0-9b42-5082-ae65-a73f6ecba3a1,SC-03_20260925_0014.jpg,2026-09-25 07:48:24,SC-03,smartphone,saudavel,saudavel,0.9797,agrosmart-v1,simulado,sim-2026-09
823a8ca4-c184-5e25-8af0-25b5121534c2,BV-01_20260925_0020.jpg,2026-09-25 07:48:34,BV-01,smartphone,saudavel,saudavel,0.9525,agrosmart-v1,simulado,sim-2026-09
f0f34f66-c675-5b0e-b84a-53955409aa16,BV-04_20260925_0016.jpg,2026-09-25 07:48:54,BV-04,smartphone,saudavel,saudavel,0.9204,agrosmart-v1,simulado,sim-2026-09
7934ab45-a712-5e54-9241-43f8c7938bd7,BV-01_20260925_0021.jpg,2026-09-25 07:49:06,BV-01,smartphone,saudavel,saudavel,0.9678,agrosmart-v1,simulado,sim-2026-09
8bd49611-19e8-5f2e-a66e-50161d5c0209,SC-03_20260925_0015.jpg,2026-09-25 07:49:15,SC-03,smartphone,saudavel,saudavel,0.9895,agrosmart-v1,simulado,sim-2026-09
7ae0f12c-c2a3-51eb-b634-a2541b97bf2f,BV-04_20260925_0017.jpg,2026-09-25 07:49:35,BV-04,smartphone,saudavel,saudavel,0.9991,agrosmart-v1,simulado,sim-2026-09
c13342e3-173c-5405-ae0f-9050cea74512,BV-04_20260925_0018.jpg,2026-09-25 07:50:06,BV-04,smartphone,saudavel,saudavel,0.9726,agrosmart-v1,simulado,sim-2026-09
df34bcba-900f-5fb0-bb2d-eaf0997d0a6f,SC-03_20260925_0016.jpg,2026-09-25 07:50:07,SC-03,smartphone,saudavel,saudavel,0.8394,agrosmart-v1,simulado,sim-2026-09
be455390-729e-5b52-8e56-7655c0ad7c5c,BV-01_20260925_0022.jpg,2026-09-25 07:50:10,BV-01,smartphone,saudavel,saudavel,0.9243,agrosmart-v1,simulado,sim-2026-09
fd41e86c-b508-5f8a-93d4-8125758e1633,SC-03_20260925_0017.jpg,2026-09-25 07:50:33,SC-03,smartphone,saudavel,saudavel,0.9041,agrosmart-v1,simulado,sim-2026-09
d20288f5-6457-5d61-b8d4-3dc6559de5ec,BV-04_20260925_0019.jpg,2026-09-25 07:50:46,BV-04,smartphone,saudavel,saudavel,0.8913,agrosmart-v1,simulado,sim-2026-09
8c70b783-91e5-5428-a6a3-78a1073e96db,BV-01_20260925_0023.jpg,2026-09-25 07:50:48,BV-01,smartphone,saudavel,saudavel,0.9978,agrosmart-v1,simulado,sim-2026-09
316be355-4b37-59aa-a43d-6f6998090f6b,BV-01_20260925_0024.jpg,2026-09-25 07:51:14,BV-01,smartphone,doente,pinta_preta,0.9999,agrosmart-v1,simulado,sim-2026-09
7ed67ea9-6e84-53aa-8c89-dd151f27c5d4,SC-03_20260925_0018.jpg,2026-09-25 07:51:29,SC-03,smartphone,saudavel,saudavel,0.9684,agrosmart-v1,simulado,sim-2026-09
73428b6f-3011-57b7-b1e9-7094a7288304,BV-04_20260925_0020.jpg,2026-09-25 07:51:32,BV-04,smartphone,saudavel,saudavel,0.9224,agrosmart-v1,simulado,sim-2026-09
36cdc584-250f-505d-9ccc-05b0597e57fc,SC-03_20260925_0019.jpg,2026-09-25 07:52:03,SC-03,smartphone,saudavel,saudavel,0.8494,agrosmart-v1,simulado,sim-2026-09
ff64e127-ea61-5020-a273-49de04636a83,BV-04_20260925_0021.jpg,2026-09-25 07:52:26,BV-04,smartphone,doente,mosca_minadora,0.8547,agrosmart-v1,simulado,sim-2026-09
f8c63e80-7b22-50f8-977a-f75ec1e26ea4,SC-03_20260925_0020.jpg,2026-09-25 07:52:36,SC-03,smartphone,saudavel,saudavel,0.8228,agrosmart-v1,simulado,sim-2026-09
77debab9-cbcc-58a2-a184-4326f9af299f,BV-04_20260925_0022.jpg,2026-09-25 07:53:05,BV-04,smartphone,saudavel,saudavel,0.9913,agrosmart-v1,simulado,sim-2026-09
623adb61-6560-53bc-8226-66ab0ea244d6,SC-03_20260925_0021.jpg,2026-09-25 07:53:19,SC-03,smartphone,saudavel,saudavel,0.9781,agrosmart-v1,simulado,sim-2026-09
6e12924a-6640-594a-9356-a7ba89b94030,BV-04_20260925_0023.jpg,2026-09-25 07:53:23,BV-04,smartphone,saudavel,saudavel,0.6247,agrosmart-v1,simulado,sim-2026-09
219724b7-7bdc-5a50-a030-3b68bc942a8e,TI-04_20260925_0001.jpg,2026-09-25 07:53:57,TI-04,drone,doente,vaquinha,0.9001,agrosmart-v1,simulado,sim-2026-09
f0d58ca6-1cab-51b2-8960-f2a54558bd68,SC-03_20260925_0022.jpg,2026-09-25 07:54:04,SC-03,smartphone,saudavel,saudavel,0.9972,agrosmart-v1,simulado,sim-2026-09
66709c8a-e0b0-5674-bf47-d1275966880b,BV-04_20260925_0024.jpg,2026-09-25 07:54:09,BV-04,smartphone,saudavel,saudavel,0.9372,agrosmart-v1,simulado,sim-2026-09
97cf4c07-15b3-587f-a645-133f1169d9d2,TI-04_20260925_0002.jpg,2026-09-25 07:54:32,TI-04,drone,saudavel,saudavel,1.0000,agrosmart-v1,simulado,sim-2026-09
adc798ef-0e40-5f9a-aa07-00fc0eb71677,SC-03_20260925_0023.jpg,2026-09-25 07:54:46,SC-03,smartphone,saudavel,saudavel,0.9803,agrosmart-v1,simulado,sim-2026-09
ac1d9564-14d3-5c4d-8c44-5eff6a7a601b,BV-04_20260925_0025.jpg,2026-09-25 07:54:52,BV-04,smartphone,saudavel,saudavel,0.9776,agrosmart-v1,simulado,sim-2026-09
7445499d-15bb-5496-8099-dc71adb5ed60,TI-04_20260925_0003.jpg,2026-09-25 07:55:10,TI-04,drone,saudavel,saudavel,0.8298,agrosmart-v1,simulado,sim-2026-09
0c87d0af-ae9f-58ea-94ed-a4e6d4a2050a,SC-03_20260925_0024.jpg,2026-09-25 07:55:27,SC-03,smartphone,saudavel,saudavel,0.9737,agrosmart-v1,simulado,sim-2026-09
42076f60-6f5d-5136-ab7b-6607893faf5a,BV-04_20260925_0026.jpg,2026-09-25 07:55:28,BV-04,smartphone,saudavel,saudavel,0.9918,agrosmart-v1,simulado,sim-2026-09
9c7025e9-2b04-5a52-8e13-4aa5488d0710,SC-03_20260925_0025.jpg,2026-09-25 07:56:02,SC-03,smartphone,saudavel,saudavel,0.9795,agrosmart-v1,simulado,sim-2026-09
98feef44-d423-5f15-96a9-2e5bc47cff6f,TI-04_20260925_0004.jpg,2026-09-25 07:56:08,TI-04,drone,saudavel,saudavel,0.7848,agrosmart-v1,simulado,sim-2026-09
94f476a6-1246-547c-9bee-dde1888cbb3a,SC-03_20260925_0026.jpg,2026-09-25 07:56:23,SC-03,smartphone,saudavel,saudavel,0.9990,agrosmart-v1,simulado,sim-2026-09
4c7a2880-918b-5d5e-906e-634762338585,TI-04_20260925_0005.jpg,2026-09-25 07:56:29,TI-04,drone,doente,vaquinha,0.6811,agrosmart-v1,simulado,sim-2026-09
9001fcaf-85fa-575e-9887-e16f36e02ca4,TI-04_20260925_0006.jpg,2026-09-25 07:57:16,TI-04,drone,saudavel,saudavel,0.9037,agrosmart-v1,simulado,sim-2026-09
95b5f0ab-30f7-5b2e-ac43-4d223ac90ace,SC-03_20260925_0027.jpg,2026-09-25 07:57:26,SC-03,smartphone,saudavel,saudavel,0.9961,agrosmart-v1,simulado,sim-2026-09
447cddf0-6324-5a7b-be14-db75219b99c5,TI-04_20260925_0007.jpg,2026-09-25 07:58:04,TI-04,drone,saudavel,saudavel,0.9652,agrosmart-v1,simulado,sim-2026-09
bfab1532-0be2-55eb-9fea-1cc38dba9fa4,SC-03_20260925_0028.jpg,2026-09-25 07:58:06,SC-03,smartphone,saudavel,saudavel,1.0000,agrosmart-v1,simulado,sim-2026-09
423756f0-931b-5d7c-9e7a-e2f228911794,SC-03_20260925_0029.jpg,2026-09-25 07:58:26,SC-03,smartphone,saudavel,saudavel,0.9191,agrosmart-v1,simulado,sim-2026-09
382c89ce-5b36-5668-b76f-9fc17f67a9f6,TI-04_20260925_0008.jpg,2026-09-25 07:58:35,TI-04,drone,doente,vaquinha,0.8770,agrosmart-v1,simulado,sim-2026-09
450bad17-5741-5f42-8d55-2524c8975029,SC-03_20260925_0030.jpg,2026-09-25 07:59:08,SC-03,smartphone,saudavel,saudavel,0.9711,agrosmart-v1,simulado,sim-2026-09
556f54c6-ecc1-50be-bc51-e1a307f4fd4e,TI-04_20260925_0009.jpg,2026-09-25 07:59:10,TI-04,drone,saudavel,saudavel,0.9427,agrosmart-v1,simulado,sim-2026-09
e9c2abdb-0179-5f58-be8b-bfcb81b62303,SC-03_20260925_0031.jpg,2026-09-25 07:59:51,SC-03,smartphone,saudavel,saudavel,0.9773,agrosmart-v1,simulado,sim-2026-09
99732697-4f91-5011-8b18-4a933cc20e0c,TI-04_20260925_0010.jpg,2026-09-25 07:59:56,TI-04,drone,saudavel,saudavel,0.9639,agrosmart-v1,simulado,sim-2026-09
4ffe0fd6-1b8e-533f-a630-fc8fcc702921,SC-03_20260925_0032.jpg,2026-09-25 08:00:30,SC-03,smartphone,saudavel,saudavel,0.9474,agrosmart-v1,simulado,sim-2026-09
5656e53c-1cf6-58e5-a8b0-33cf9a88636f,TI-04_20260925_0011.jpg,2026-09-25 08:00:45,TI-04,drone,doente,vaquinha,0.9750,agrosmart-v1,simulado,sim-2026-09
79382142-4731-5851-b661-7f3593084f92,TI-04_20260925_0012.jpg,2026-09-25 08:01:15,TI-04,drone,saudavel,saudavel,0.9245,agrosmart-v1,simulado,sim-2026-09
c204e8ca-493d-5206-a516-7f72a974f686,SC-03_20260925_0033.jpg,2026-09-25 08:01:19,SC-03,smartphone,saudavel,saudavel,0.8787,agrosmart-v1,simulado,sim-2026-09
77d35920-7f40-5815-9b89-291d98e56f31,SC-03_20260925_0034.jpg,2026-09-25 08:02:00,SC-03,smartphone,saudavel,saudavel,0.8671,agrosmart-v1,simulado,sim-2026-09
bb69ddf2-0e58-5fd9-ac33-dc4329873c7c,TI-04_20260925_0013.jpg,2026-09-25 08:02:01,TI-04,drone,saudavel,saudavel,0.9987,agrosmart-v1,simulado,sim-2026-09
3bd45588-a377-5167-afb7-1a2077a70082,TI-04_20260925_0014.jpg,2026-09-25 08:02:40,TI-04,drone,saudavel,saudavel,0.9917,agrosmart-v1,simulado,sim-2026-09
46d69a67-1310-573c-bbe5-512982813bf3,TI-04_20260925_0015.jpg,2026-09-25 08:03:26,TI-04,drone,saudavel,saudavel,0.9031,agrosmart-v1,simulado,sim-2026-09
a1db024e-2ef4-5b69-b1d3-b9f0737fa811,TI-04_20260925_0016.jpg,2026-09-25 08:03:49,TI-04,drone,saudavel,saudavel,0.9447,agrosmart-v1,simulado,sim-2026-09
ff8e65a6-cc0f-530c-a0c6-5d3ff79ac9fa,TI-04_20260925_0017.jpg,2026-09-25 08:04:41,TI-04,drone,saudavel,saudavel,0.9959,agrosmart-v1,simulado,sim-2026-09
ab8009d9-381d-5145-94fc-ae690ba78ac1,TI-04_20260925_0018.jpg,2026-09-25 08:05:02,TI-04,drone,saudavel,saudavel,0.9859,agrosmart-v1,simulado,sim-2026-09
54c486e1-76f5-5b85-995b-23f758a1792b,TI-04_20260925_0019.jpg,2026-09-25 08:05:53,TI-04,drone,saudavel,saudavel,0.8754,agrosmart-v1,simulado,sim-2026-09
113fd58b-c0c8-50a1-a8d0-77fe513290c4,TI-04_20260925_0020.jpg,2026-09-25 08:06:42,TI-04,drone,saudavel,saudavel,0.8920,agrosmart-v1,simulado,sim-2026-09
1a1c991d-5585-53a1-9126-7f8ff6f3b623,TI-04_20260925_0021.jpg,2026-09-25 08:07:25,TI-04,drone,doente,vaquinha,0.9307,agrosmart-v1,simulado,sim-2026-09
1a5579a0-caf6-5a4b-8717-ae71ec3a0513,TI-04_20260925_0022.jpg,2026-09-25 08:07:50,TI-04,drone,saudavel,saudavel,0.9961,agrosmart-v1,simulado,sim-2026-09
534180a7-3374-52c2-bb1b-87a34dc34d25,TI-04_20260925_0023.jpg,2026-09-25 08:08:30,TI-04,drone,saudavel,saudavel,0.9926,agrosmart-v1,simulado,sim-2026-09
d6e32041-bae5-51e3-a6f0-872126109b3a,TI-04_20260925_0024.jpg,2026-09-25 08:09:00,TI-04,drone,saudavel,saudavel,0.9798,agrosmart-v1,simulado,sim-2026-09
9c2f968e-9beb-5417-8dcd-645a6009be54,TI-04_20260925_0025.jpg,2026-09-25 08:10:07,TI-04,drone,saudavel,saudavel,0.9344,agrosmart-v1,simulado,sim-2026-09
07fd0ac2-1100-5748-bafc-c70a2558891c,TI-04_20260925_0026.jpg,2026-09-25 08:10:31,TI-04,drone,saudavel,saudavel,0.8795,agrosmart-v1,simulado,sim-2026-09
a7e81854-38fe-5a50-ae5b-04066d961a4e,TI-04_20260925_0027.jpg,2026-09-25 08:11:28,TI-04,drone,saudavel,saudavel,1.0000,agrosmart-v1,simulado,sim-2026-09
aed50842-9c14-5d1e-9223-059b0b201dfd,TI-04_20260925_0028.jpg,2026-09-25 08:12:00,TI-04,drone,saudavel,saudavel,0.8896,agrosmart-v1,simulado,sim-2026-09
5c8def5c-6725-525a-9311-ebafc17a6b27,TI-04_20260925_0029.jpg,2026-09-25 08:12:29,TI-04,drone,saudavel,saudavel,0.9832,agrosmart-v1,simulado,sim-2026-09
fa11d933-ee2d-5c7b-8e15-0a67184381f6,TI-04_20260925_0030.jpg,2026-09-25 08:13:26,TI-04,drone,doente,vaquinha,0.9850,agrosmart-v1,simulado,sim-2026-09
5ae78b64-b255-55b4-b08a-6c57830c6dc0,TI-04_20260925_0031.jpg,2026-09-25 08:13:58,TI-04,drone,saudavel,saudavel,0.8411,agrosmart-v1,simulado,sim-2026-09
f44ea6ad-5ff1-5a91-85e9-09488daa27a6,TI-04_20260925_0032.jpg,2026-09-25 08:14:45,TI-04,drone,doente,vaquinha,0.8439,agrosmart-v1,simulado,sim-2026-09
448cfa55-13e2-5fdc-a95f-78a8329e5a28,TI-04_20260925_0033.jpg,2026-09-25 08:15:18,TI-04,drone,saudavel,saudavel,0.9103,agrosmart-v1,simulado,sim-2026-09
655275b9-1278-547a-8716-6d92404eb243,TI-04_20260925_0034.jpg,2026-09-25 08:16:03,TI-04,drone,doente,vaquinha,0.9553,agrosmart-v1,simulado,sim-2026-09
984f3aed-b1e7-5cf7-ab2e-e6ad54ecab03,TI-01_20260925_0001.jpg,2026-09-25 08:25:41,TI-01,drone,saudavel,saudavel,0.9158,agrosmart-v1,simulado,sim-2026-09
b0786a08-cbf1-5d50-a93d-bbe9308eedd6,TI-01_20260925_0002.jpg,2026-09-25 08:26:43,TI-01,drone,doente,vaquinha,0.8404,agrosmart-v1,simulado,sim-2026-09
89328f47-5b3c-554b-b0a6-9b5b7bd69428,TI-01_20260925_0003.jpg,2026-09-25 08:27:12,TI-01,drone,saudavel,saudavel,0.8918,agrosmart-v1,simulado,sim-2026-09
da1ca91c-a8d5-5bce-aada-fbe5ce2ec6ab,TI-01_20260925_0004.jpg,2026-09-25 08:27:57,TI-01,drone,saudavel,saudavel,0.9989,agrosmart-v1,simulado,sim-2026-09
eaf5f58f-be32-596b-8d6d-ba12ecb41e61,TI-01_20260925_0005.jpg,2026-09-25 08:28:48,TI-01,drone,saudavel,saudavel,0.9299,agrosmart-v1,simulado,sim-2026-09
08f30d45-57f9-5090-9365-77f947739b66,TI-01_20260925_0006.jpg,2026-09-25 08:29:13,TI-01,drone,saudavel,saudavel,0.9417,agrosmart-v1,simulado,sim-2026-09
28c73f45-628c-50ec-8422-c3fc82bc4881,TI-01_20260925_0007.jpg,2026-09-25 08:30:07,TI-01,drone,saudavel,saudavel,0.9856,agrosmart-v1,simulado,sim-2026-09
f1747abb-77e8-533a-8014-27066d98b6d8,TI-01_20260925_0008.jpg,2026-09-25 08:30:24,TI-01,drone,doente,pinta_preta,0.9072,agrosmart-v1,simulado,sim-2026-09
1ca979e1-084e-5050-9cfe-4fa4466b9811,TI-01_20260925_0009.jpg,2026-09-25 08:31:00,TI-01,drone,saudavel,saudavel,0.9209,agrosmart-v1,simulado,sim-2026-09
d95bec01-92d2-5697-94cf-f213cbe03e12,TI-01_20260925_0010.jpg,2026-09-25 08:31:43,TI-01,drone,doente,vaquinha,0.9893,agrosmart-v1,simulado,sim-2026-09
c9b7da71-75df-575a-9e2e-755464aa7efc,TI-01_20260925_0011.jpg,2026-09-25 08:32:27,TI-01,drone,saudavel,saudavel,0.9478,agrosmart-v1,simulado,sim-2026-09
ab581f07-75c9-52b8-bc1d-cf5d7b3f5b68,TI-01_20260925_0012.jpg,2026-09-25 08:33:09,TI-01,drone,saudavel,saudavel,0.9673,agrosmart-v1,simulado,sim-2026-09
43a3612f-23ab-558d-b658-7ee78eb2ba2f,TI-01_20260925_0013.jpg,2026-09-25 08:33:55,TI-01,drone,saudavel,saudavel,0.8226,agrosmart-v1,simulado,sim-2026-09
4ebff969-4d76-57c6-9271-f7569c6c07c3,TI-01_20260925_0014.jpg,2026-09-25 08:34:23,TI-01,drone,saudavel,saudavel,0.9156,agrosmart-v1,simulado,sim-2026-09
cf000c96-b469-562f-821d-08c9b593d3b4,TI-01_20260925_0015.jpg,2026-09-25 08:35:25,TI-01,drone,saudavel,saudavel,0.9940,agrosmart-v1,simulado,sim-2026-09
80180a2e-140e-581f-87d2-396c93d9bf01,TI-01_20260925_0016.jpg,2026-09-25 08:35:42,TI-01,drone,saudavel,saudavel,0.9884,agrosmart-v1,simulado,sim-2026-09
739644ee-748e-5b65-8ea3-cfd92438bee0,TI-01_20260925_0017.jpg,2026-09-25 08:36:44,TI-01,drone,saudavel,saudavel,0.9711,agrosmart-v1,simulado,sim-2026-09
58eda637-a095-503c-a979-9506c4e6d69c,TI-01_20260925_0018.jpg,2026-09-25 08:37:13,TI-01,drone,saudavel,saudavel,0.9871,agrosmart-v1,simulado,sim-2026-09
9218036f-1854-5cee-b3ce-a4cf19b36c3f,TI-01_20260925_0019.jpg,2026-09-25 08:38:05,TI-01,drone,saudavel,saudavel,0.9835,agrosmart-v1,simulado,sim-2026-09
2fa0d0f9-84de-5cfc-9cc2-43d977b48cc5,TI-01_20260925_0020.jpg,2026-09-25 08:38:28,TI-01,drone,saudavel,saudavel,0.8568,agrosmart-v1,simulado,sim-2026-09
05b900b2-94bb-5045-aa53-094e02dba086,TI-01_20260925_0021.jpg,2026-09-25 08:39:24,TI-01,drone,saudavel,saudavel,0.9835,agrosmart-v1,simulado,sim-2026-09
bbc0bf5a-5235-500f-a899-d629927a2a09,TI-01_20260925_0022.jpg,2026-09-25 08:40:02,TI-01,drone,saudavel,saudavel,0.9697,agrosmart-v1,simulado,sim-2026-09
48a1d480-d9c3-5969-b4c5-aa4907134eb2,TI-01_20260925_0023.jpg,2026-09-25 08:40:39,TI-01,drone,doente,pinta_preta,0.8371,agrosmart-v1,simulado,sim-2026-09
2f24a0ac-5de3-5273-9de1-85d0e13e2712,BV-02_20260925_0001.jpg,2026-09-25 08:41:03,BV-02,smartphone,saudavel,saudavel,0.9545,agrosmart-v1,simulado,sim-2026-09
fd44ecac-6c99-5930-be88-a0f60887490d,BV-02_20260925_0002.jpg,2026-09-25 08:41:22,BV-02,smartphone,saudavel,saudavel,0.8523,agrosmart-v1,simulado,sim-2026-09
f49580e3-c8af-5026-8b07-be556a21f196,TI-01_20260925_0024.jpg,2026-09-25 08:41:27,TI-01,drone,saudavel,saudavel,0.9947,agrosmart-v1,simulado,sim-2026-09
7675f2ce-0ccc-5ad0-a8a3-608c459e3440,BV-02_20260925_0003.jpg,2026-09-25 08:42:05,BV-02,smartphone,saudavel,saudavel,0.9754,agrosmart-v1,simulado,sim-2026-09
995f2d96-44eb-5a65-8115-36d8fc9fe69f,TI-01_20260925_0025.jpg,2026-09-25 08:42:05,TI-01,drone,saudavel,saudavel,0.8652,agrosmart-v1,simulado,sim-2026-09
bad1c72e-7f7c-50a1-96fe-3ab65f36122c,TI-01_20260925_0026.jpg,2026-09-25 08:42:50,TI-01,drone,doente,vaquinha,0.9981,agrosmart-v1,simulado,sim-2026-09
73d18815-f5b7-5d17-a513-a9ca530d35ca,BV-02_20260925_0004.jpg,2026-09-25 08:43:09,BV-02,smartphone,saudavel,saudavel,0.6097,agrosmart-v1,simulado,sim-2026-09
d755637e-8916-561d-a3bf-7ec4ebee3fca,TI-01_20260925_0027.jpg,2026-09-25 08:43:21,TI-01,drone,saudavel,saudavel,0.9862,agrosmart-v1,simulado,sim-2026-09
64da1d2a-cf31-52ad-84cc-34cf061736f1,BV-02_20260925_0005.jpg,2026-09-25 08:43:39,BV-02,smartphone,saudavel,saudavel,0.9831,agrosmart-v1,simulado,sim-2026-09
77615ca3-8461-5e61-abea-a5a39906623e,TI-01_20260925_0028.jpg,2026-09-25 08:44:04,TI-01,drone,saudavel,saudavel,0.8538,agrosmart-v1,simulado,sim-2026-09
2a4b8c2c-e77e-5044-ad9d-f2ea4ac7a3c3,BV-02_20260925_0006.jpg,2026-09-25 08:44:10,BV-02,smartphone,saudavel,saudavel,0.9713,agrosmart-v1,simulado,sim-2026-09
1c70250d-1d98-5937-96a3-45d18864ebdd,TI-01_20260925_0029.jpg,2026-09-25 08:44:37,TI-01,drone,saudavel,saudavel,0.9396,agrosmart-v1,simulado,sim-2026-09
4183541e-dd1c-5c1f-af3d-4057965c31c5,BV-02_20260925_0007.jpg,2026-09-25 08:45:05,BV-02,smartphone,saudavel,saudavel,0.9403,agrosmart-v1,simulado,sim-2026-09
b7d6a6b3-797b-56d9-8014-b821e5eca4e4,TI-01_20260925_0030.jpg,2026-09-25 08:45:09,TI-01,drone,doente,vaquinha,0.5377,agrosmart-v1,simulado,sim-2026-09
51537839-83c5-594f-a529-5064f86f96d4,BV-02_20260925_0008.jpg,2026-09-25 08:45:47,BV-02,smartphone,saudavel,saudavel,0.9977,agrosmart-v1,simulado,sim-2026-09
c54831b9-c8fc-57e9-a4d0-b657bf5ef5ab,TI-01_20260925_0031.jpg,2026-09-25 08:45:48,TI-01,drone,saudavel,saudavel,0.9317,agrosmart-v1,simulado,sim-2026-09
2937f11a-00a7-50db-9519-a096aaa342a2,BV-02_20260925_0009.jpg,2026-09-25 08:46:00,BV-02,smartphone,saudavel,saudavel,0.8268,agrosmart-v1,simulado,sim-2026-09
dec1be1f-b27d-5980-a2bf-159e2f23a9be,TI-01_20260925_0032.jpg,2026-09-25 08:46:38,TI-01,drone,saudavel,saudavel,0.9247,agrosmart-v1,simulado,sim-2026-09
e930da17-ed32-5e10-affc-3ccfe79aa1eb,BV-02_20260925_0010.jpg,2026-09-25 08:46:51,BV-02,smartphone,saudavel,saudavel,0.9377,agrosmart-v1,simulado,sim-2026-09
45461acc-4091-5105-a197-888b0c644fd1,TI-02_20260925_0001.jpg,2026-09-25 08:46:58,TI-02,drone,doente,pinta_preta,0.8697,agrosmart-v1,simulado,sim-2026-09
44b473b8-37a9-512c-9707-57dfd194a7e7,TI-01_20260925_0033.jpg,2026-09-25 08:47:20,TI-01,drone,saudavel,saudavel,0.9258,agrosmart-v1,simulado,sim-2026-09
08f32dc8-c6bd-5f5f-8513-249c2f74777e,BV-02_20260925_0011.jpg,2026-09-25 08:47:25,BV-02,smartphone,saudavel,saudavel,0.8433,agrosmart-v1,simulado,sim-2026-09
e233be91-19dd-50c9-884e-6ebfd440793b,TI-01_20260925_0034.jpg,2026-09-25 08:47:41,TI-01,drone,saudavel,saudavel,0.8320,agrosmart-v1,simulado,sim-2026-09
d978d7fb-8e6e-54e1-a88b-a9edef08cb54,TI-02_20260925_0002.jpg,2026-09-25 08:47:43,TI-02,drone,saudavel,saudavel,0.8979,agrosmart-v1,simulado,sim-2026-09
749c0a7c-7c7a-54eb-b698-fbe251132a0b,BV-02_20260925_0012.jpg,2026-09-25 08:48:21,BV-02,smartphone,saudavel,saudavel,0.9238,agrosmart-v1,simulado,sim-2026-09
9d3699d0-e9e4-5ceb-8278-3a6d8e394960,TI-02_20260925_0003.jpg,2026-09-25 08:48:29,TI-02,drone,doente,pinta_preta,0.9997,agrosmart-v1,simulado,sim-2026-09
63160687-c6f8-58e5-b355-8274a7c67a97,TI-01_20260925_0035.jpg,2026-09-25 08:48:33,TI-01,drone,saudavel,saudavel,0.9529,agrosmart-v1,simulado,sim-2026-09
a0ebe043-aa6c-54d3-a26d-f8b3bc638bff,BV-02_20260925_0013.jpg,2026-09-25 08:48:47,BV-02,smartphone,saudavel,saudavel,0.9955,agrosmart-v1,simulado,sim-2026-09
3493c6dc-cbe4-5612-9234-d5d21af4f9c7,TI-02_20260925_0004.jpg,2026-09-25 08:48:54,TI-02,drone,doente,pinta_preta,0.9965,agrosmart-v1,simulado,sim-2026-09
60091f86-6f1c-5718-a8fb-cea498cf4152,BV-02_20260925_0014.jpg,2026-09-25 08:49:23,BV-02,smartphone,saudavel,saudavel,0.9819,agrosmart-v1,simulado,sim-2026-09
2ace6945-aaae-53c3-8f7e-cea71ae2d569,TI-01_20260925_0036.jpg,2026-09-25 08:49:28,TI-01,drone,saudavel,saudavel,0.8463,agrosmart-v1,simulado,sim-2026-09
05e06793-2ad7-58ae-826d-d52a3bcbd90e,TI-01_20260925_0037.jpg,2026-09-25 08:49:40,TI-01,drone,doente,vaquinha,0.9181,agrosmart-v1,simulado,sim-2026-09
95ef4faa-d682-56d8-bb91-50ea6ba1e518,TI-02_20260925_0005.jpg,2026-09-25 08:49:40,TI-02,drone,saudavel,saudavel,0.8318,agrosmart-v1,simulado,sim-2026-09
b7b92d28-e229-5a7a-8066-0f44239896ff,TI-02_20260925_0006.jpg,2026-09-25 08:50:05,TI-02,drone,saudavel,saudavel,0.8293,agrosmart-v1,simulado,sim-2026-09
313c26d4-11bb-578e-937f-10429f1aac5f,BV-02_20260925_0015.jpg,2026-09-25 08:50:22,BV-02,smartphone,saudavel,saudavel,0.9631,agrosmart-v1,simulado,sim-2026-09
1b08a849-a390-5d59-9243-da4d76feec44,TI-01_20260925_0038.jpg,2026-09-25 08:50:50,TI-01,drone,saudavel,saudavel,0.9981,agrosmart-v1,simulado,sim-2026-09
f28882ef-8ce6-5a98-8bed-900d36fefbde,BV-02_20260925_0016.jpg,2026-09-25 08:51:01,BV-02,smartphone,saudavel,saudavel,0.9908,agrosmart-v1,simulado,sim-2026-09
1e226729-0d83-5e3e-bdea-5ca73b6545a1,TI-02_20260925_0007.jpg,2026-09-25 08:51:09,TI-02,drone,saudavel,saudavel,0.9983,agrosmart-v1,simulado,sim-2026-09
f0792488-c85f-5157-9e42-1ef2b30f5f2f,TI-01_20260925_0039.jpg,2026-09-25 08:51:20,TI-01,drone,doente,vaquinha,0.7660,agrosmart-v1,simulado,sim-2026-09
bba012e0-3205-5d63-a20a-239d91d587c4,BV-02_20260925_0017.jpg,2026-09-25 08:51:41,BV-02,smartphone,saudavel,saudavel,0.9998,agrosmart-v1,simulado,sim-2026-09
bd1c5d4b-572d-517b-99aa-c742c99a6643,TI-02_20260925_0008.jpg,2026-09-25 08:51:41,TI-02,drone,saudavel,saudavel,0.9970,agrosmart-v1,simulado,sim-2026-09
7d57d8ad-6915-5263-ba9c-719d21f30bce,TI-01_20260925_0040.jpg,2026-09-25 08:52:09,TI-01,drone,saudavel,saudavel,0.6325,agrosmart-v1,simulado,sim-2026-09
98925156-21bd-5765-9e7a-6d5b4a737a54,TI-02_20260925_0009.jpg,2026-09-25 08:52:22,TI-02,drone,saudavel,saudavel,0.9909,agrosmart-v1,simulado,sim-2026-09
5aa33582-bd00-5253-9343-980bcf75c22f,BV-02_20260925_0018.jpg,2026-09-25 08:52:23,BV-02,smartphone,saudavel,saudavel,0.8409,agrosmart-v1,simulado,sim-2026-09
37ec7e43-c6f9-536a-a1a9-415a5cad014b,TI-01_20260925_0041.jpg,2026-09-25 08:52:42,TI-01,drone,saudavel,saudavel,0.9854,agrosmart-v1,simulado,sim-2026-09
5dc1e71d-7941-5248-994a-48ca781df36e,BV-02_20260925_0019.jpg,2026-09-25 08:53:09,BV-02,smartphone,saudavel,saudavel,0.8437,agrosmart-v1,simulado,sim-2026-09
05dd2846-c1fc-5a58-bcc7-6b22e2c7b6f9,TI-02_20260925_0010.jpg,2026-09-25 08:53:10,TI-02,drone,saudavel,saudavel,0.9920,agrosmart-v1,simulado,sim-2026-09
7c35d2b3-f4e6-574b-a9c8-10c5591ccdfc,TI-02_20260925_0011.jpg,2026-09-25 08:53:25,TI-02,drone,saudavel,saudavel,0.9999,agrosmart-v1,simulado,sim-2026-09
4acc32d2-b0fb-561d-9a80-b424033b0b56,TI-01_20260925_0042.jpg,2026-09-25 08:53:29,TI-01,drone,saudavel,saudavel,0.8950,agrosmart-v1,simulado,sim-2026-09
3208ae3f-5f01-5467-80db-cb8525bd5489,BV-02_20260925_0020.jpg,2026-09-25 08:53:43,BV-02,smartphone,saudavel,saudavel,0.9985,agrosmart-v1,simulado,sim-2026-09
49d02652-9357-5889-af47-9618de17dece,BV-02_20260925_0021.jpg,2026-09-25 08:54:08,BV-02,smartphone,saudavel,saudavel,0.9921,agrosmart-v1,simulado,sim-2026-09
2f70bad2-4fa3-5d8d-8754-07ec38b58991,TI-02_20260925_0012.jpg,2026-09-25 08:54:22,TI-02,drone,saudavel,saudavel,0.9351,agrosmart-v1,simulado,sim-2026-09
7cf3189f-e2a8-5792-8e42-70ef9014d343,TI-02_20260925_0013.jpg,2026-09-25 08:54:59,TI-02,drone,doente,pinta_preta,0.9973,agrosmart-v1,simulado,sim-2026-09
83cb13e5-b37e-5aaf-936d-b834115e7bae,BV-02_20260925_0022.jpg,2026-09-25 08:55:01,BV-02,smartphone,saudavel,saudavel,0.8554,agrosmart-v1,simulado,sim-2026-09
16e57403-d2d6-51ed-8837-a54e61ccde31,BV-02_20260925_0023.jpg,2026-09-25 08:55:48,BV-02,smartphone,saudavel,saudavel,0.9618,agrosmart-v1,simulado,sim-2026-09
6884ad4e-02a6-536e-8dd7-d6aec8fa6616,TI-02_20260925_0014.jpg,2026-09-25 08:55:48,TI-02,drone,saudavel,saudavel,0.9995,agrosmart-v1,simulado,sim-2026-09
e1662c80-4c44-5383-9fff-829d728def04,TI-02_20260925_0015.jpg,2026-09-25 08:56:04,TI-02,drone,saudavel,saudavel,0.9999,agrosmart-v1,simulado,sim-2026-09
73bcd03e-7aaa-5d93-97c0-cc8bdaf5277d,TI-02_20260925_0016.jpg,2026-09-25 08:57:03,TI-02,drone,saudavel,saudavel,0.9267,agrosmart-v1,simulado,sim-2026-09
36a730f3-ae22-56d1-9d59-aa0162a0f95e,TI-02_20260925_0017.jpg,2026-09-25 08:57:21,TI-02,drone,saudavel,saudavel,0.9920,agrosmart-v1,simulado,sim-2026-09
b30a707a-441b-5760-b5c5-a514073ec743,TI-02_20260925_0018.jpg,2026-09-25 08:58:15,TI-02,drone,saudavel,saudavel,0.8590,agrosmart-v1,simulado,sim-2026-09
ec2e47f9-3b4f-51a8-887c-15abba8b7381,TI-02_20260925_0019.jpg,2026-09-25 08:58:48,TI-02,drone,saudavel,saudavel,0.8910,agrosmart-v1,simulado,sim-2026-09
ecd2afe6-5747-5ca6-ad63-a6127bc562d7,TI-02_20260925_0020.jpg,2026-09-25 08:59:40,TI-02,drone,saudavel,saudavel,0.8368,agrosmart-v1,simulado,sim-2026-09
7186dba5-8352-5188-9570-f567fe887337,TI-02_20260925_0021.jpg,2026-09-25 09:00:20,TI-02,drone,saudavel,saudavel,0.9746,agrosmart-v1,simulado,sim-2026-09
000bd63d-f024-5791-b656-355e6eedbbfa,TI-02_20260925_0022.jpg,2026-09-25 09:00:50,TI-02,drone,saudavel,saudavel,0.9853,agrosmart-v1,simulado,sim-2026-09
524af5ab-e711-55c0-aa8f-8f66a636c122,TI-02_20260925_0023.jpg,2026-09-25 09:01:35,TI-02,drone,saudavel,saudavel,0.9102,agrosmart-v1,simulado,sim-2026-09
4dc8518c-dd9e-501c-b205-b3670c26ba02,TI-02_20260925_0024.jpg,2026-09-25 09:02:21,TI-02,drone,doente,pinta_preta,0.9866,agrosmart-v1,simulado,sim-2026-09
ab246c62-975c-5250-be6f-4968f35606fe,TI-02_20260925_0025.jpg,2026-09-25 09:03:00,TI-02,drone,saudavel,saudavel,0.8272,agrosmart-v1,simulado,sim-2026-09
1d8b1da7-43b7-52e7-9e16-520df162dc22,TI-02_20260925_0026.jpg,2026-09-25 09:03:28,TI-02,drone,saudavel,saudavel,0.9752,agrosmart-v1,simulado,sim-2026-09
d6d22528-8452-57cb-824a-d1e5b539238e,TI-02_20260925_0027.jpg,2026-09-25 09:04:24,TI-02,drone,saudavel,saudavel,0.9126,agrosmart-v1,simulado,sim-2026-09
31c25ad7-3ed8-54a3-8e2e-8ba8fdddd46e,TI-02_20260925_0028.jpg,2026-09-25 09:04:57,TI-02,drone,saudavel,saudavel,0.8205,agrosmart-v1,simulado,sim-2026-09
ccf7dace-6186-5c8c-a6c0-5de9a08a84e5,TI-02_20260925_0029.jpg,2026-09-25 09:05:23,TI-02,drone,doente,pinta_preta,0.5632,agrosmart-v1,simulado,sim-2026-09
8de6deb4-ea16-5310-b44d-14dad282e2cd,TI-02_20260925_0030.jpg,2026-09-25 09:06:07,TI-02,drone,saudavel,saudavel,0.9905,agrosmart-v1,simulado,sim-2026-09
e635e898-8864-5228-a839-84e33f8637b2,TI-02_20260925_0031.jpg,2026-09-25 09:07:06,TI-02,drone,doente,pinta_preta,0.9988,agrosmart-v1,simulado,sim-2026-09
26995a9e-c970-5b33-93f0-361357644d06,TI-02_20260925_0032.jpg,2026-09-25 09:07:49,TI-02,drone,saudavel,saudavel,0.5556,agrosmart-v1,simulado,sim-2026-09
16d345e2-23a6-5a36-bc95-ef9a0728822e,TI-02_20260925_0033.jpg,2026-09-25 09:08:00,TI-02,drone,saudavel,saudavel,0.9845,agrosmart-v1,simulado,sim-2026-09
c7a7ccf5-3138-5443-a18f-a6ed52064f2b,TI-02_20260925_0034.jpg,2026-09-25 09:08:59,TI-02,drone,doente,pinta_preta,0.9084,agrosmart-v1,simulado,sim-2026-09
2ca95656-c5b4-51f2-bd02-432c145d28a0,TI-02_20260925_0035.jpg,2026-09-25 09:09:43,TI-02,drone,doente,pinta_preta,0.8604,agrosmart-v1,simulado,sim-2026-09
f7fe1b8c-897b-5081-9d60-827bd359c882,TI-02_20260925_0036.jpg,2026-09-25 09:10:30,TI-02,drone,doente,pinta_preta,0.9874,agrosmart-v1,simulado,sim-2026-09
34b2a602-9a8f-57e1-8559-65084a0af968,TI-02_20260925_0037.jpg,2026-09-25 09:10:42,TI-02,drone,doente,pinta_preta,0.8940,agrosmart-v1,simulado,sim-2026-09
60edd768-173c-5fa6-a14f-7aa11ea52e18,TI-02_20260925_0038.jpg,2026-09-25 09:11:27,TI-02,drone,doente,pinta_preta,0.8222,agrosmart-v1,simulado,sim-2026-09
e2a78ab2-96a7-5fc9-9918-35a474921ecb,TI-02_20260925_0039.jpg,2026-09-25 09:12:17,TI-02,drone,saudavel,saudavel,0.9360,agrosmart-v1,simulado,sim-2026-09
195855b3-4485-5297-9b43-bf4a4473c9b4,TI-02_20260925_0040.jpg,2026-09-25 09:12:53,TI-02,drone,saudavel,saudavel,0.9526,agrosmart-v1,simulado,sim-2026-09
3ceba898-5ca8-5284-95be-ab9fc99862a5,TI-02_20260925_0041.jpg,2026-09-25 09:13:39,TI-02,drone,saudavel,saudavel,0.9515,agrosmart-v1,simulado,sim-2026-09
ba3c789f-7daf-5364-9f9b-b89433bbad6c,TI-02_20260925_0042.jpg,2026-09-25 09:14:20,TI-02,drone,saudavel,saudavel,0.9934,agrosmart-v1,simulado,sim-2026-09
822d2650-0fcf-54aa-ba7f-0e48f0530b9f,TI-02_20260925_0043.jpg,2026-09-25 09:15:10,TI-02,drone,saudavel,saudavel,0.8956,agrosmart-v1,simulado,sim-2026-09
e5cff182-08ac-51e7-9491-147de871056c,TI-02_20260925_0044.jpg,2026-09-25 09:15:33,TI-02,drone,doente,pinta_preta,0.6820,agrosmart-v1,simulado,sim-2026-09
81d025c9-c8f7-50b2-bf42-0d83f375f098,TI-02_20260925_0045.jpg,2026-09-25 09:16:00,TI-02,drone,saudavel,saudavel,0.9974,agrosmart-v1,simulado,sim-2026-09
7307519b-fd62-540f-ae81-4fb74813650e,TI-02_20260925_0046.jpg,2026-09-25 09:16:59,TI-02,drone,saudavel,saudavel,0.9994,agrosmart-v1,simulado,sim-2026-09
944a4d4b-11d3-5ac5-8202-ff1c8364c937,TI-02_20260925_0047.jpg,2026-09-25 09:17:50,TI-02,drone,saudavel,saudavel,0.8202,agrosmart-v1,simulado,sim-2026-09
6ef7d836-714e-590c-80f6-da9d35b052a5,TI-02_20260925_0048.jpg,2026-09-25 09:18:25,TI-02,drone,saudavel,saudavel,0.8369,agrosmart-v1,simulado,sim-2026-09
84d6d42b-c870-5758-b5f6-9975c4992f4d,TI-02_20260925_0049.jpg,2026-09-25 09:18:44,TI-02,drone,saudavel,saudavel,0.8765,agrosmart-v1,simulado,sim-2026-09
e805d330-357d-51b4-8e96-d62e9173a825,SC-02_20260925_0001.jpg,2026-09-25 09:37:57,SC-02,smartphone,saudavel,saudavel,0.9902,agrosmart-v1,simulado,sim-2026-09
5874f05e-cdad-52e5-9be5-c4f92931a606,SC-02_20260925_0002.jpg,2026-09-25 09:38:24,SC-02,smartphone,saudavel,saudavel,0.9344,agrosmart-v1,simulado,sim-2026-09
7fbc153b-acf0-5306-b12d-ca5792083bed,SC-02_20260925_0003.jpg,2026-09-25 09:39:30,SC-02,smartphone,doente,mosca_minadora,0.8465,agrosmart-v1,simulado,sim-2026-09
178bcdda-ad4f-54db-b137-c4ef45d46cd7,SC-02_20260925_0004.jpg,2026-09-25 09:39:40,SC-02,smartphone,saudavel,saudavel,0.8445,agrosmart-v1,simulado,sim-2026-09
b3eddd06-9136-54b4-9d46-c8c3443cd8a6,SC-02_20260925_0005.jpg,2026-09-25 09:40:25,SC-02,smartphone,saudavel,saudavel,0.8737,agrosmart-v1,simulado,sim-2026-09
83e74cbb-81b0-53ea-b267-09ad67c9ec80,SC-02_20260925_0006.jpg,2026-09-25 09:41:11,SC-02,smartphone,saudavel,saudavel,0.9720,agrosmart-v1,simulado,sim-2026-09
2f48c38e-77d7-5c0c-a9e7-de188a159f37,SC-02_20260925_0007.jpg,2026-09-25 09:42:03,SC-02,smartphone,saudavel,saudavel,0.9210,agrosmart-v1,simulado,sim-2026-09
a939bf87-ce1e-5cdd-8c24-eadf0fa3599a,SC-02_20260925_0008.jpg,2026-09-25 09:42:37,SC-02,smartphone,saudavel,saudavel,0.9994,agrosmart-v1,simulado,sim-2026-09
7d6c8717-a8a7-5975-ab9a-5095bf453e90,SC-02_20260925_0009.jpg,2026-09-25 09:43:14,SC-02,smartphone,saudavel,saudavel,0.9645,agrosmart-v1,simulado,sim-2026-09
8aadc31a-4bd2-5c11-a3ed-00b12b609468,SC-02_20260925_0010.jpg,2026-09-25 09:44:07,SC-02,smartphone,saudavel,saudavel,0.9647,agrosmart-v1,simulado,sim-2026-09
93846fdd-d003-59e1-8ac0-cbb146b1af85,SC-02_20260925_0011.jpg,2026-09-25 09:44:42,SC-02,smartphone,saudavel,saudavel,0.9990,agrosmart-v1,simulado,sim-2026-09
5b885b9a-d139-5e40-9da4-cb66ea6b85c6,SC-02_20260925_0012.jpg,2026-09-25 09:45:19,SC-02,smartphone,saudavel,saudavel,0.9235,agrosmart-v1,simulado,sim-2026-09
b64dc22b-4c4e-503a-9840-341dd19e59a5,SC-02_20260925_0013.jpg,2026-09-25 09:46:09,SC-02,smartphone,saudavel,saudavel,0.8377,agrosmart-v1,simulado,sim-2026-09
013536cf-231c-5370-a0d0-f8c53b45a376,SC-02_20260925_0014.jpg,2026-09-25 09:46:38,SC-02,smartphone,saudavel,saudavel,0.9998,agrosmart-v1,simulado,sim-2026-09
8ddb7678-e065-51e9-b554-ce03efc4160c,SC-04_20260925_0001.jpg,2026-09-25 09:47:00,SC-04,smartphone,saudavel,saudavel,0.8769,agrosmart-v1,simulado,sim-2026-09
678b6dd8-2870-589b-88da-8296cf197946,SC-02_20260925_0015.jpg,2026-09-25 09:47:15,SC-02,smartphone,saudavel,saudavel,0.9195,agrosmart-v1,simulado,sim-2026-09
cce6e205-579d-5dcc-9730-ebe55dada2e1,SC-04_20260925_0002.jpg,2026-09-25 09:47:23,SC-04,smartphone,saudavel,saudavel,0.9133,agrosmart-v1,simulado,sim-2026-09
c1b4a617-e6ad-5b32-9531-8ba64597d195,SC-02_20260925_0016.jpg,2026-09-25 09:47:48,SC-02,smartphone,saudavel,saudavel,0.9975,agrosmart-v1,simulado,sim-2026-09
6f94de27-4dea-5b35-9153-e00e0378d183,SC-04_20260925_0003.jpg,2026-09-25 09:48:22,SC-04,smartphone,saudavel,saudavel,0.5244,agrosmart-v1,simulado,sim-2026-09
732f67bd-5bd6-577b-9ee3-ff538870aca0,SC-02_20260925_0017.jpg,2026-09-25 09:48:27,SC-02,smartphone,saudavel,saudavel,0.8257,agrosmart-v1,simulado,sim-2026-09
befbfa45-c8e8-564c-a40b-6e0828651f14,SC-04_20260925_0004.jpg,2026-09-25 09:48:57,SC-04,smartphone,saudavel,saudavel,0.9982,agrosmart-v1,simulado,sim-2026-09
eb74e5dd-3105-50b0-807b-bc9681781951,SC-02_20260925_0018.jpg,2026-09-25 09:49:15,SC-02,smartphone,saudavel,saudavel,0.9779,agrosmart-v1,simulado,sim-2026-09
cbd4f96f-2674-5b48-8cfd-9bf0fb4d8c68,SC-04_20260925_0005.jpg,2026-09-25 09:49:47,SC-04,smartphone,saudavel,saudavel,0.9998,agrosmart-v1,simulado,sim-2026-09
ca194878-bc9a-50a7-80bd-4bc0f5bfc420,SC-02_20260925_0019.jpg,2026-09-25 09:49:48,SC-02,smartphone,saudavel,saudavel,0.9978,agrosmart-v1,simulado,sim-2026-09
1aff718f-288f-5c38-b408-2e79816e31c5,SC-04_20260925_0006.jpg,2026-09-25 09:50:16,SC-04,smartphone,saudavel,saudavel,0.8373,agrosmart-v1,simulado,sim-2026-09
d321f49b-da9d-5d1a-b144-ca6c7940cc09,SC-02_20260925_0020.jpg,2026-09-25 09:50:33,SC-02,smartphone,saudavel,saudavel,0.9988,agrosmart-v1,simulado,sim-2026-09
d0b0f77f-bf51-5d3a-9f93-0fa93cb365c6,SC-04_20260925_0007.jpg,2026-09-25 09:50:57,SC-04,smartphone,saudavel,saudavel,0.9118,agrosmart-v1,simulado,sim-2026-09
4840c494-2853-5bc6-8e12-2c163e85244f,SC-02_20260925_0021.jpg,2026-09-25 09:51:09,SC-02,smartphone,saudavel,saudavel,0.5843,agrosmart-v1,simulado,sim-2026-09
2d5c89c1-29d7-5053-bd27-cd529454e2f5,SC-04_20260925_0008.jpg,2026-09-25 09:51:35,SC-04,smartphone,saudavel,saudavel,0.9698,agrosmart-v1,simulado,sim-2026-09
32a73ff5-7db9-543b-af61-fb0601f44c0e,SC-02_20260925_0022.jpg,2026-09-25 09:51:55,SC-02,smartphone,saudavel,saudavel,0.9607,agrosmart-v1,simulado,sim-2026-09
94311f83-576a-5f35-a6f0-202665aacf6d,SC-04_20260925_0009.jpg,2026-09-25 09:52:12,SC-04,smartphone,saudavel,saudavel,0.9998,agrosmart-v1,simulado,sim-2026-09
0140925c-17b6-5216-b7d3-1742d7f5e4ea,SC-02_20260925_0023.jpg,2026-09-25 09:52:39,SC-02,smartphone,saudavel,saudavel,0.9593,agrosmart-v1,simulado,sim-2026-09
7af94087-1f6c-5bad-8520-84ccc6f73c82,SC-04_20260925_0010.jpg,2026-09-25 09:52:40,SC-04,smartphone,saudavel,saudavel,0.9219,agrosmart-v1,simulado,sim-2026-09
9348c95a-e613-5460-8874-ff508fed045c,TI-03_20260925_0001.jpg,2026-09-25 09:52:43,TI-03,drone,saudavel,saudavel,0.9518,agrosmart-v1,simulado,sim-2026-09
33b24e0b-b61e-5cfd-bbd8-1d1bc5d7f162,SC-02_20260925_0024.jpg,2026-09-25 09:53:12,SC-02,smartphone,saudavel,saudavel,0.9507,agrosmart-v1,simulado,sim-2026-09
03669440-88d7-5a85-81f5-80dd7b9d8b4a,SC-04_20260925_0011.jpg,2026-09-25 09:53:23,SC-04,smartphone,saudavel,saudavel,0.9001,agrosmart-v1,simulado,sim-2026-09
0d3df002-f82d-518e-b8af-bb56419f5f5d,TI-03_20260925_0002.jpg,2026-09-25 09:53:48,TI-03,drone,saudavel,saudavel,0.9840,agrosmart-v1,simulado,sim-2026-09
c6f66e03-aee8-5359-9b17-dd4250d5f5c6,SC-02_20260925_0025.jpg,2026-09-25 09:53:54,SC-02,smartphone,saudavel,saudavel,0.8447,agrosmart-v1,simulado,sim-2026-09
60b44200-48b0-563b-907e-9d95ff3b2419,TI-03_20260925_0003.jpg,2026-09-25 09:54:03,TI-03,drone,saudavel,saudavel,0.9050,agrosmart-v1,simulado,sim-2026-09
ab8c11ef-b4e0-54a0-b95b-bbe2bd70b1a6,SC-04_20260925_0012.jpg,2026-09-25 09:54:29,SC-04,smartphone,saudavel,saudavel,0.9133,agrosmart-v1,simulado,sim-2026-09
d3507a90-6eed-5a7d-87d5-aea3d8ada7c8,SC-02_20260925_0026.jpg,2026-09-25 09:54:46,SC-02,smartphone,saudavel,saudavel,0.9243,agrosmart-v1,simulado,sim-2026-09
9ce173d0-f0fa-513d-a545-dc171b2977ed,SC-04_20260925_0013.jpg,2026-09-25 09:55:00,SC-04,smartphone,saudavel,saudavel,0.9236,agrosmart-v1,simulado,sim-2026-09
565dfa6f-39c4-5a77-9683-a8415a01ba5d,TI-03_20260925_0004.jpg,2026-09-25 09:55:07,TI-03,drone,doente,pinta_preta,0.9988,agrosmart-v1,simulado,sim-2026-09
84cf1293-c06e-5d72-a909-48e013a3f879,SC-02_20260925_0027.jpg,2026-09-25 09:55:16,SC-02,smartphone,saudavel,saudavel,0.8871,agrosmart-v1,simulado,sim-2026-09
adba5477-f7e7-5e47-8cf0-6124b8b7ef1a,TI-03_20260925_0005.jpg,2026-09-25 09:55:28,TI-03,drone,saudavel,saudavel,0.9978,agrosmart-v1,simulado,sim-2026-09
bcc26b81-e669-5a08-9200-9a50533e9585,SC-04_20260925_0014.jpg,2026-09-25 09:55:33,SC-04,smartphone,saudavel,saudavel,0.9988,agrosmart-v1,simulado,sim-2026-09
503f4034-4f21-56ec-8c76-449d216b6f97,SC-04_20260925_0015.jpg,2026-09-25 09:56:02,SC-04,smartphone,saudavel,saudavel,0.9657,agrosmart-v1,simulado,sim-2026-09
2900d99b-7756-5323-9c57-a8e85126d21c,TI-03_20260925_0006.jpg,2026-09-25 09:56:03,TI-03,drone,saudavel,saudavel,0.9997,agrosmart-v1,simulado,sim-2026-09
be7d3f42-7894-554e-ad64-76b951dc5a4d,TI-03_20260925_0007.jpg,2026-09-25 09:56:51,TI-03,drone,saudavel,saudavel,0.9403,agrosmart-v1,simulado,sim-2026-09
bf5cd367-db9c-515c-ba2d-a6a5f889ceaf,SC-04_20260925_0016.jpg,2026-09-25 09:56:53,SC-04,smartphone,saudavel,saudavel,0.9783,agrosmart-v1,simulado,sim-2026-09
1818d18b-605d-5560-b03d-8a41dc8d386b,SC-04_20260925_0017.jpg,2026-09-25 09:57:31,SC-04,smartphone,saudavel,saudavel,0.8871,agrosmart-v1,simulado,sim-2026-09
cfaac18d-2d84-5c4f-848e-568b177ea444,TI-03_20260925_0008.jpg,2026-09-25 09:57:49,TI-03,drone,saudavel,saudavel,0.9480,agrosmart-v1,simulado,sim-2026-09
30f69fb4-89ec-5997-9b69-edde237ae524,TI-03_20260925_0009.jpg,2026-09-25 09:58:07,TI-03,drone,saudavel,saudavel,0.9371,agrosmart-v1,simulado,sim-2026-09
0f11d571-380c-5439-a66d-4407a7389833,SC-04_20260925_0018.jpg,2026-09-25 09:58:16,SC-04,smartphone,saudavel,saudavel,0.9998,agrosmart-v1,simulado,sim-2026-09
70a12e59-f3b3-5013-a5c3-12a79ccb1ed3,SC-04_20260925_0019.jpg,2026-09-25 09:58:43,SC-04,smartphone,saudavel,saudavel,0.8803,agrosmart-v1,simulado,sim-2026-09
f709424a-5f68-5e1a-bda1-93dbee530444,TI-03_20260925_0010.jpg,2026-09-25 09:59:00,TI-03,drone,saudavel,saudavel,0.9975,agrosmart-v1,simulado,sim-2026-09
40b3bd43-540c-568b-946a-62bd4d82c158,TI-03_20260925_0011.jpg,2026-09-25 09:59:26,TI-03,drone,saudavel,saudavel,0.9977,agrosmart-v1,simulado,sim-2026-09
73929419-382a-5746-9791-1a61b95da98a,SC-04_20260925_0020.jpg,2026-09-25 09:59:49,SC-04,smartphone,saudavel,saudavel,0.9502,agrosmart-v1,simulado,sim-2026-09
61267973-44c5-54e6-ab06-114589b9a367,TI-03_20260925_0012.jpg,2026-09-25 10:00:04,TI-03,drone,saudavel,saudavel,0.9998,agrosmart-v1,simulado,sim-2026-09
f509b916-f58f-5c0f-abdf-828c44ea5b0a,SC-04_20260925_0021.jpg,2026-09-25 10:00:09,SC-04,smartphone,saudavel,saudavel,0.9734,agrosmart-v1,simulado,sim-2026-09
ba045a7e-904d-540d-beb1-d9b200f0c410,SC-04_20260925_0022.jpg,2026-09-25 10:00:51,SC-04,smartphone,saudavel,saudavel,0.9920,agrosmart-v1,simulado,sim-2026-09
a0aaa879-8da8-5bae-adf1-c2f4c361217a,TI-03_20260925_0013.jpg,2026-09-25 10:00:51,TI-03,drone,saudavel,saudavel,0.8212,agrosmart-v1,simulado,sim-2026-09
3a5a107c-c07e-5516-b34e-b715c8ce60c3,SC-04_20260925_0023.jpg,2026-09-25 10:01:22,SC-04,smartphone,saudavel,saudavel,0.8544,agrosmart-v1,simulado,sim-2026-09
0754bda1-2de0-5e57-ad05-b11ff52e7697,TI-03_20260925_0014.jpg,2026-09-25 10:01:25,TI-03,drone,saudavel,saudavel,0.9865,agrosmart-v1,simulado,sim-2026-09
1297dc88-7642-588a-814f-be3965e26f30,TI-03_20260925_0015.jpg,2026-09-25 10:02:12,TI-03,drone,saudavel,saudavel,0.9898,agrosmart-v1,simulado,sim-2026-09
f9d5a4cb-4897-53cd-8e64-1b206a199961,SC-04_20260925_0024.jpg,2026-09-25 10:02:20,SC-04,smartphone,saudavel,saudavel,0.9031,agrosmart-v1,simulado,sim-2026-09
2eb51a24-6f1c-57e9-bd87-719423b23376,SC-04_20260925_0025.jpg,2026-09-25 10:02:50,SC-04,smartphone,saudavel,saudavel,0.8337,agrosmart-v1,simulado,sim-2026-09
2509c0c4-eeaf-514c-a28e-1b0e933b7541,TI-03_20260925_0016.jpg,2026-09-25 10:02:55,TI-03,drone,saudavel,saudavel,0.9825,agrosmart-v1,simulado,sim-2026-09
7ee7c6e9-f4de-5063-9a18-2e687ff591d9,TI-03_20260925_0017.jpg,2026-09-25 10:03:24,TI-03,drone,saudavel,saudavel,0.8901,agrosmart-v1,simulado,sim-2026-09
5b2bcbc7-7273-573d-bdf0-9f694aef3c26,SC-04_20260925_0026.jpg,2026-09-25 10:03:43,SC-04,smartphone,saudavel,saudavel,0.9968,agrosmart-v1,simulado,sim-2026-09
f86c7e7f-ee87-5343-901b-8f2038ef59af,TI-03_20260925_0018.jpg,2026-09-25 10:04:23,TI-03,drone,saudavel,saudavel,0.9497,agrosmart-v1,simulado,sim-2026-09
e6136019-cdcc-5a5b-9744-90e1e184d063,SC-04_20260925_0027.jpg,2026-09-25 10:04:30,SC-04,smartphone,saudavel,saudavel,0.9329,agrosmart-v1,simulado,sim-2026-09
b541a35c-23b6-5c9e-be0d-f2904f208b5f,SC-04_20260925_0028.jpg,2026-09-25 10:04:48,SC-04,smartphone,saudavel,saudavel,0.9968,agrosmart-v1,simulado,sim-2026-09
f433d64f-32eb-5cf9-b011-cd28b69b0c5a,TI-03_20260925_0019.jpg,2026-09-25 10:04:49,TI-03,drone,saudavel,saudavel,0.9983,agrosmart-v1,simulado,sim-2026-09
03a8a53f-70f1-50bb-90de-336c333dc5e8,TI-03_20260925_0020.jpg,2026-09-25 10:05:27,TI-03,drone,saudavel,saudavel,0.9966,agrosmart-v1,simulado,sim-2026-09
c6eb7bc6-a2f6-5881-bf5b-2cb8cc1e06f6,TI-03_20260925_0021.jpg,2026-09-25 10:06:30,TI-03,drone,saudavel,saudavel,0.9383,agrosmart-v1,simulado,sim-2026-09
bc15d849-ce01-53ef-8100-ddb59f2e1646,TI-03_20260925_0022.jpg,2026-09-25 10:06:59,TI-03,drone,saudavel,saudavel,0.9963,agrosmart-v1,simulado,sim-2026-09
ec682b46-9712-5111-9ad5-5c7a5e2ada77,TI-03_20260925_0023.jpg,2026-09-25 10:07:46,TI-03,drone,saudavel,saudavel,0.5820,agrosmart-v1,simulado,sim-2026-09
44d2b642-5a44-557d-a59b-d5902ba5d59c,TI-03_20260925_0024.jpg,2026-09-25 10:08:28,TI-03,drone,saudavel,saudavel,0.9864,agrosmart-v1,simulado,sim-2026-09
eb117d10-80e1-52b5-aed9-ef88d58ed029,TI-03_20260925_0025.jpg,2026-09-25 10:09:08,TI-03,drone,saudavel,saudavel,0.8318,agrosmart-v1,simulado,sim-2026-09
eadd87b8-f583-5d89-bab6-049bc1f14b6e,TI-03_20260925_0026.jpg,2026-09-25 10:09:49,TI-03,drone,saudavel,saudavel,0.9632,agrosmart-v1,simulado,sim-2026-09
e2023d89-9fb5-5f43-b799-82a4f8858ed8,TI-03_20260925_0027.jpg,2026-09-25 10:10:28,TI-03,drone,saudavel,saudavel,0.9177,agrosmart-v1,simulado,sim-2026-09
6e752054-6bf4-5ba4-8a39-df07edbd9ae9,TI-03_20260925_0028.jpg,2026-09-25 10:10:59,TI-03,drone,saudavel,saudavel,0.8912,agrosmart-v1,simulado,sim-2026-09
3ced99dd-9e12-5215-993a-04e9c6afabe5,TI-03_20260925_0029.jpg,2026-09-25 10:11:45,TI-03,drone,doente,pinta_preta,0.9345,agrosmart-v1,simulado,sim-2026-09
463b7477-7c93-5d53-92db-77eccb8cf972,TI-03_20260925_0030.jpg,2026-09-25 10:12:25,TI-03,drone,saudavel,saudavel,0.9405,agrosmart-v1,simulado,sim-2026-09
cf77f165-cd46-536b-b511-5c884e4da885,BV-04_20260928_0001.jpg,2026-09-28 07:31:51,BV-04,smartphone,saudavel,saudavel,0.8794,agrosmart-v1,simulado,sim-2026-09
84e2a842-94cb-5cad-a165-b673db54fd39,BV-04_20260928_0002.jpg,2026-09-28 07:32:45,BV-04,smartphone,saudavel,saudavel,0.9634,agrosmart-v1,simulado,sim-2026-09
92b22c64-1a30-55d8-b5ed-9c0c23ac8e4b,BV-04_20260928_0003.jpg,2026-09-28 07:33:26,BV-04,smartphone,saudavel,saudavel,0.9999,agrosmart-v1,simulado,sim-2026-09
342b42d2-8b45-574c-8fec-8ebef4de1fae,BV-04_20260928_0004.jpg,2026-09-28 07:33:41,BV-04,smartphone,doente,vaquinha,0.8871,agrosmart-v1,simulado,sim-2026-09
d76c98a9-1e50-567a-9778-3e057bb7044f,BV-04_20260928_0005.jpg,2026-09-28 07:34:29,BV-04,smartphone,saudavel,saudavel,0.9353,agrosmart-v1,simulado,sim-2026-09
0d0d3346-ac54-571d-adb1-475522b3fc31,BV-04_20260928_0006.jpg,2026-09-28 07:35:22,BV-04,smartphone,saudavel,saudavel,0.9772,agrosmart-v1,simulado,sim-2026-09
b2d3c355-569e-5b1b-8d3c-4ac3b069c786,BV-04_20260928_0007.jpg,2026-09-28 07:35:53,BV-04,smartphone,saudavel,saudavel,0.9031,agrosmart-v1,simulado,sim-2026-09
c520ddd9-e1e2-5a73-ab7a-72a5cf515e70,BV-04_20260928_0008.jpg,2026-09-28 07:36:22,BV-04,smartphone,saudavel,saudavel,0.9592,agrosmart-v1,simulado,sim-2026-09
2049334e-ad73-577e-98c7-a4192df3c022,BV-04_20260928_0009.jpg,2026-09-28 07:37:30,BV-04,smartphone,saudavel,saudavel,0.8442,agrosmart-v1,simulado,sim-2026-09
477b83a5-bfc7-52d0-8b37-4e9790aca5d2,BV-04_20260928_0010.jpg,2026-09-28 07:37:43,BV-04,smartphone,saudavel,saudavel,0.9372,agrosmart-v1,simulado,sim-2026-09
ff73bd8a-b68e-5ca4-b3a0-4943d54a70fb,BV-04_20260928_0011.jpg,2026-09-28 07:38:28,BV-04,smartphone,saudavel,saudavel,0.9656,agrosmart-v1,simulado,sim-2026-09
8da7f84a-f7bc-584f-b07c-5cc2fb7918b7,BV-04_20260928_0012.jpg,2026-09-28 07:39:16,BV-04,smartphone,saudavel,saudavel,0.8532,agrosmart-v1,simulado,sim-2026-09
78ce1886-3293-5c72-8e20-a7933fdfb018,BV-04_20260928_0013.jpg,2026-09-28 07:39:41,BV-04,smartphone,saudavel,saudavel,0.9920,agrosmart-v1,simulado,sim-2026-09
e19a59cf-e999-51a8-857e-7d12829dcb64,BV-04_20260928_0014.jpg,2026-09-28 07:40:25,BV-04,smartphone,saudavel,saudavel,0.8635,agrosmart-v1,simulado,sim-2026-09
0f53c953-cfc1-53b4-b47b-569536aacdd8,BV-04_20260928_0015.jpg,2026-09-28 07:41:17,BV-04,smartphone,saudavel,saudavel,0.8607,agrosmart-v1,simulado,sim-2026-09
c5cdd80a-3819-5d81-8df0-7a916944e303,BV-04_20260928_0016.jpg,2026-09-28 07:41:54,BV-04,smartphone,doente,pinta_preta,0.9975,agrosmart-v1,simulado,sim-2026-09
e647a5c9-931c-5845-b10b-ee28d93114ad,BV-04_20260928_0017.jpg,2026-09-28 07:42:50,BV-04,smartphone,saudavel,saudavel,0.8613,agrosmart-v1,simulado,sim-2026-09
1d481d81-5e94-5386-9165-20e486419f05,BV-04_20260928_0018.jpg,2026-09-28 07:43:25,BV-04,smartphone,saudavel,saudavel,0.9614,agrosmart-v1,simulado,sim-2026-09
c2ffd543-0719-58a0-b762-dc3b5e67750b,BV-04_20260928_0019.jpg,2026-09-28 07:44:03,BV-04,smartphone,saudavel,saudavel,0.9882,agrosmart-v1,simulado,sim-2026-09
5ac2c891-3127-5617-adc7-24b0bec96ca0,TI-03_20260928_0001.jpg,2026-09-28 07:52:05,TI-03,drone,saudavel,saudavel,0.9683,agrosmart-v1,simulado,sim-2026-09
25931491-f9a8-561f-b5d7-fd837d20774b,TI-03_20260928_0002.jpg,2026-09-28 07:52:39,TI-03,drone,saudavel,saudavel,0.8887,agrosmart-v1,simulado,sim-2026-09
d1599c13-2378-54c5-807b-85f8dda60c18,TI-03_20260928_0003.jpg,2026-09-28 07:53:29,TI-03,drone,saudavel,saudavel,0.9940,agrosmart-v1,simulado,sim-2026-09
1c86aa3e-4e2f-5c3e-add1-de45687d37f2,TI-03_20260928_0004.jpg,2026-09-28 07:53:43,TI-03,drone,saudavel,saudavel,0.8908,agrosmart-v1,simulado,sim-2026-09
8b61c852-d825-51cc-b66e-fd981200a04f,TI-03_20260928_0005.jpg,2026-09-28 07:54:27,TI-03,drone,saudavel,saudavel,0.8627,agrosmart-v1,simulado,sim-2026-09
f6c70e3a-54a5-5573-bab0-0687ac2b6f51,TI-03_20260928_0006.jpg,2026-09-28 07:55:09,TI-03,drone,saudavel,saudavel,0.9986,agrosmart-v1,simulado,sim-2026-09
1490fdf7-942d-5a8d-ab19-2b4104e5f4e7,TI-03_20260928_0007.jpg,2026-09-28 07:56:07,TI-03,drone,doente,pinta_preta,0.9360,agrosmart-v1,simulado,sim-2026-09
20be533f-a818-5f12-8b59-8b4811c2ebbf,TI-03_20260928_0008.jpg,2026-09-28 07:56:46,TI-03,drone,saudavel,saudavel,0.9813,agrosmart-v1,simulado,sim-2026-09
3cf3748a-85e1-59df-bbf2-0bc69486cb05,TI-03_20260928_0009.jpg,2026-09-28 07:57:15,TI-03,drone,saudavel,saudavel,0.9835,agrosmart-v1,simulado,sim-2026-09
57c989c6-2994-55ba-9e63-647c712274ea,TI-03_20260928_0010.jpg,2026-09-28 07:57:57,TI-03,drone,saudavel,saudavel,0.8895,agrosmart-v1,simulado,sim-2026-09
14d05583-652b-55ee-98f1-f983a1289487,TI-03_20260928_0011.jpg,2026-09-28 07:58:47,TI-03,drone,saudavel,saudavel,0.8577,agrosmart-v1,simulado,sim-2026-09
aacbed5d-e91d-501d-b06c-99f26948a7f7,TI-03_20260928_0012.jpg,2026-09-28 07:59:19,TI-03,drone,saudavel,saudavel,0.9907,agrosmart-v1,simulado,sim-2026-09
acd2637d-43fa-57fd-988e-39cdd6c17d97,TI-03_20260928_0013.jpg,2026-09-28 07:59:51,TI-03,drone,saudavel,saudavel,0.8268,agrosmart-v1,simulado,sim-2026-09
143d7ede-4811-5cb2-a700-ac2ae029b63c,TI-03_20260928_0014.jpg,2026-09-28 08:00:24,TI-03,drone,saudavel,saudavel,0.9696,agrosmart-v1,simulado,sim-2026-09
70a0136e-1ed8-55d7-b68a-be718f9996ff,TI-03_20260928_0015.jpg,2026-09-28 08:01:03,TI-03,drone,saudavel,saudavel,0.9052,agrosmart-v1,simulado,sim-2026-09
0299b2f2-8666-591b-9a59-a1fb63e5774f,TI-03_20260928_0016.jpg,2026-09-28 08:01:51,TI-03,drone,saudavel,saudavel,0.8664,agrosmart-v1,simulado,sim-2026-09
66496daa-d796-530a-806a-c3111bc889ff,TI-03_20260928_0017.jpg,2026-09-28 08:02:39,TI-03,drone,saudavel,saudavel,0.9998,agrosmart-v1,simulado,sim-2026-09
dd2100c5-4d13-585c-9e1f-89e148404031,TI-03_20260928_0018.jpg,2026-09-28 08:03:14,TI-03,drone,doente,pinta_preta,0.8348,agrosmart-v1,simulado,sim-2026-09
d86e0259-0372-5d03-a51e-be601869846c,TI-03_20260928_0019.jpg,2026-09-28 08:03:59,TI-03,drone,saudavel,saudavel,0.9711,agrosmart-v1,simulado,sim-2026-09
23965c74-8314-50bc-8230-2cfe9acd335e,TI-03_20260928_0020.jpg,2026-09-28 08:04:27,TI-03,drone,saudavel,saudavel,0.8928,agrosmart-v1,simulado,sim-2026-09
34f7b514-346c-5b1f-ab47-078023e3b250,TI-03_20260928_0021.jpg,2026-09-28 08:05:05,TI-03,drone,doente,vaquinha,0.8972,agrosmart-v1,simulado,sim-2026-09
69d60440-2531-55f5-ba4f-b15f90d16181,TI-03_20260928_0022.jpg,2026-09-28 08:05:57,TI-03,drone,saudavel,saudavel,0.8878,agrosmart-v1,simulado,sim-2026-09
12280dcd-c582-5462-9c72-613111b5fddd,TI-03_20260928_0023.jpg,2026-09-28 08:06:32,TI-03,drone,saudavel,saudavel,0.9437,agrosmart-v1,simulado,sim-2026-09
2e205fac-c44d-5819-bbf5-bbafed13b4e0,TI-03_20260928_0024.jpg,2026-09-28 08:07:19,TI-03,drone,saudavel,saudavel,0.8550,agrosmart-v1,simulado,sim-2026-09
ce2b2a4f-5837-5ba2-b1cb-212cca89b1c5,TI-03_20260928_0025.jpg,2026-09-28 08:07:54,TI-03,drone,saudavel,saudavel,0.9772,agrosmart-v1,simulado,sim-2026-09
a75c31de-c88b-5bc8-a1ec-18a673499d25,TI-03_20260928_0026.jpg,2026-09-28 08:08:32,TI-03,drone,doente,pinta_preta,0.9695,agrosmart-v1,simulado,sim-2026-09
91e1f1d8-c05a-542e-a69b-3262daa510fe,TI-03_20260928_0027.jpg,2026-09-28 08:09:06,TI-03,drone,saudavel,saudavel,0.9857,agrosmart-v1,simulado,sim-2026-09
f683ee7e-fb13-5818-bae8-d78c94d11486,TI-03_20260928_0028.jpg,2026-09-28 08:10:05,TI-03,drone,saudavel,saudavel,0.9425,agrosmart-v1,simulado,sim-2026-09
8ff46f45-fffa-58a4-a120-db861e790e20,TI-03_20260928_0029.jpg,2026-09-28 08:10:36,TI-03,drone,saudavel,saudavel,0.9990,agrosmart-v1,simulado,sim-2026-09
fe17dc11-86ca-57ca-8107-7ad593b88b2a,TI-03_20260928_0030.jpg,2026-09-28 08:11:04,TI-03,drone,saudavel,saudavel,0.8727,agrosmart-v1,simulado,sim-2026-09
16b0f206-4058-5d68-9d66-8c878a7dc204,TI-03_20260928_0031.jpg,2026-09-28 08:11:58,TI-03,drone,saudavel,saudavel,0.9201,agrosmart-v1,simulado,sim-2026-09
3bff7bfa-7b47-5d9f-a46c-f4397b48cd2a,TI-03_20260928_0032.jpg,2026-09-28 08:12:47,TI-03,drone,doente,vaquinha,1.0000,agrosmart-v1,simulado,sim-2026-09
1410b9d0-c9f3-5ad8-b845-5593b9fa62c6,TI-03_20260928_0033.jpg,2026-09-28 08:13:05,TI-03,drone,saudavel,saudavel,0.8268,agrosmart-v1,simulado,sim-2026-09
b4f0fcfe-5540-5909-8921-a4a73a43ffe5,TI-03_20260928_0034.jpg,2026-09-28 08:13:51,TI-03,drone,saudavel,saudavel,0.9374,agrosmart-v1,simulado,sim-2026-09
7b00c5e5-7d3a-55a4-b241-0f62e553bdc8,TI-03_20260928_0035.jpg,2026-09-28 08:14:35,TI-03,drone,saudavel,saudavel,0.9366,agrosmart-v1,simulado,sim-2026-09
4db4a0a8-8cb7-5103-9a51-ffd629192858,TI-03_20260928_0036.jpg,2026-09-28 08:15:23,TI-03,drone,saudavel,saudavel,0.9748,agrosmart-v1,simulado,sim-2026-09
e0b25963-bbc0-5f80-9e92-90f7e997ca37,TI-03_20260928_0037.jpg,2026-09-28 08:16:04,TI-03,drone,saudavel,saudavel,0.8563,agrosmart-v1,simulado,sim-2026-09
cc3919ef-a661-55f0-9b54-10632e5190cf,TI-03_20260928_0038.jpg,2026-09-28 08:16:41,TI-03,drone,saudavel,saudavel,0.9746,agrosmart-v1,simulado,sim-2026-09
3684005f-8755-59ff-915b-beeba41866a0,TI-03_20260928_0039.jpg,2026-09-28 08:17:22,TI-03,drone,saudavel,saudavel,0.9564,agrosmart-v1,simulado,sim-2026-09
ffe62043-c91b-56dd-bdb5-78f5ba142eca,TI-03_20260928_0040.jpg,2026-09-28 08:18:03,TI-03,drone,saudavel,saudavel,0.9136,agrosmart-v1,simulado,sim-2026-09
f5449766-1233-5065-b609-aea3ffb242af,TI-03_20260928_0041.jpg,2026-09-28 08:18:37,TI-03,drone,saudavel,saudavel,0.9399,agrosmart-v1,simulado,sim-2026-09
27f7064f-90e0-5f6d-9954-189382103d5f,TI-03_20260928_0042.jpg,2026-09-28 08:19:02,TI-03,drone,doente,pinta_preta,0.8827,agrosmart-v1,simulado,sim-2026-09
e3370154-b051-51ad-aef8-e5944554a60b,TI-03_20260928_0043.jpg,2026-09-28 08:19:53,TI-03,drone,saudavel,saudavel,0.9263,agrosmart-v1,simulado,sim-2026-09
7ae5ff90-938f-530d-b6af-655e14b05557,TI-03_20260928_0044.jpg,2026-09-28 08:20:36,TI-03,drone,saudavel,saudavel,0.8251,agrosmart-v1,simulado,sim-2026-09
f1c6dc22-b89d-571e-9dc4-c9160229f914,SC-01_20260928_0001.jpg,2026-09-28 08:21:49,SC-01,smartphone,saudavel,saudavel,0.9567,agrosmart-v1,simulado,sim-2026-09
63706d85-d0c0-5bb6-9ec4-d1b755a95566,SC-01_20260928_0002.jpg,2026-09-28 08:22:22,SC-01,smartphone,saudavel,saudavel,0.9696,agrosmart-v1,simulado,sim-2026-09
ae915063-a94a-57b8-9243-ca6fe6d54207,SC-01_20260928_0003.jpg,2026-09-28 08:23:11,SC-01,smartphone,saudavel,saudavel,0.8615,agrosmart-v1,simulado,sim-2026-09
5aca6e56-94a8-5261-83aa-9eaf21604138,SC-01_20260928_0004.jpg,2026-09-28 08:24:06,SC-01,smartphone,saudavel,saudavel,0.8362,agrosmart-v1,simulado,sim-2026-09
c26e0205-26d3-5e0b-ae53-4c5101411a2d,SC-01_20260928_0005.jpg,2026-09-28 08:24:35,SC-01,smartphone,saudavel,saudavel,0.9353,agrosmart-v1,simulado,sim-2026-09
4472a6db-3955-5e43-8f70-d2c7939a75d2,SC-01_20260928_0006.jpg,2026-09-28 08:25:15,SC-01,smartphone,saudavel,saudavel,0.9428,agrosmart-v1,simulado,sim-2026-09
e9e19576-56c9-541c-bdaa-3f9f5f812f9b,SC-01_20260928_0007.jpg,2026-09-28 08:25:41,SC-01,smartphone,saudavel,saudavel,0.9991,agrosmart-v1,simulado,sim-2026-09
096118c0-1bea-5c49-be6a-12116f808cd3,SC-01_20260928_0008.jpg,2026-09-28 08:26:30,SC-01,smartphone,saudavel,saudavel,0.8878,agrosmart-v1,simulado,sim-2026-09
422b7bf3-7245-53df-8dde-d4899c473373,SC-01_20260928_0009.jpg,2026-09-28 08:27:25,SC-01,smartphone,saudavel,saudavel,0.9951,agrosmart-v1,simulado,sim-2026-09
b0024c22-638c-522b-922a-62d5c4a479e5,SC-01_20260928_0010.jpg,2026-09-28 08:28:05,SC-01,smartphone,saudavel,saudavel,0.9713,agrosmart-v1,simulado,sim-2026-09
e67a23b1-5a3e-525a-a030-bdef41d457ef,SC-01_20260928_0011.jpg,2026-09-28 08:28:43,SC-01,smartphone,saudavel,saudavel,0.8508,agrosmart-v1,simulado,sim-2026-09
9f740a9a-1fe0-5ae4-b7ae-a27eb074c592,SC-04_20260928_0001.jpg,2026-09-28 08:29:09,SC-04,smartphone,saudavel,saudavel,0.9847,agrosmart-v1,simulado,sim-2026-09
49156eaa-ff4d-5983-8d0b-7a8c898de2c6,SC-04_20260928_0002.jpg,2026-09-28 08:29:26,SC-04,smartphone,saudavel,saudavel,0.9278,agrosmart-v1,simulado,sim-2026-09
c2711d10-f1c3-5651-9e1f-f506108597ba,SC-01_20260928_0012.jpg,2026-09-28 08:29:30,SC-01,smartphone,saudavel,saudavel,0.9345,agrosmart-v1,simulado,sim-2026-09
cf670ff9-99f1-572e-8241-cebc917c266b,SC-01_20260928_0013.jpg,2026-09-28 08:30:02,SC-01,smartphone,saudavel,saudavel,0.9255,agrosmart-v1,simulado,sim-2026-09
25fb2100-1409-5fe6-9ae3-db7ff09e06c5,SC-04_20260928_0003.jpg,2026-09-28 08:30:05,SC-04,smartphone,saudavel,saudavel,0.8684,agrosmart-v1,simulado,sim-2026-09
b9664dc4-0497-550f-97a3-f082f1812696,SC-01_20260928_0014.jpg,2026-09-28 08:30:27,SC-01,smartphone,saudavel,saudavel,0.8288,agrosmart-v1,simulado,sim-2026-09
a2ea4d02-4a54-54b9-8fba-30a8ed8280d0,SC-04_20260928_0004.jpg,2026-09-28 08:30:42,SC-04,smartphone,saudavel,saudavel,0.8233,agrosmart-v1,simulado,sim-2026-09
f65326b7-aac6-535b-b920-aec7a90921cc,SC-01_20260928_0015.jpg,2026-09-28 08:31:09,SC-01,smartphone,saudavel,saudavel,0.9625,agrosmart-v1,simulado,sim-2026-09
1567b206-7184-546c-8b66-42db70ad4fd9,SC-04_20260928_0005.jpg,2026-09-28 08:31:28,SC-04,smartphone,saudavel,saudavel,0.9609,agrosmart-v1,simulado,sim-2026-09
6a11d6b0-cf39-5ba2-9440-f50a8082707b,SC-01_20260928_0016.jpg,2026-09-28 08:32:09,SC-01,smartphone,saudavel,saudavel,0.9135,agrosmart-v1,simulado,sim-2026-09
c381b63f-6e4a-5475-821a-efd7dec8ff9f,SC-04_20260928_0006.jpg,2026-09-28 08:32:16,SC-04,smartphone,saudavel,saudavel,0.9795,agrosmart-v1,simulado,sim-2026-09
dad4d7ce-82ac-507e-b030-d605b2c6df38,SC-04_20260928_0007.jpg,2026-09-28 08:32:44,SC-04,smartphone,saudavel,saudavel,0.9374,agrosmart-v1,simulado,sim-2026-09
ffd12f52-c069-533a-85b6-2df9c4cd9cb5,SC-01_20260928_0017.jpg,2026-09-28 08:32:48,SC-01,smartphone,saudavel,saudavel,0.9843,agrosmart-v1,simulado,sim-2026-09
a7713a59-a8a3-5eb2-aae1-ccb729bf7cfd,SC-01_20260928_0018.jpg,2026-09-28 08:33:15,SC-01,smartphone,saudavel,saudavel,0.9970,agrosmart-v1,simulado,sim-2026-09
fa884eaa-e6d8-5814-91c0-326968d9fb21,SC-04_20260928_0008.jpg,2026-09-28 08:33:50,SC-04,smartphone,saudavel,saudavel,0.9968,agrosmart-v1,simulado,sim-2026-09
161a3128-ed24-5a69-b8bc-45bf6f8908c0,SC-01_20260928_0019.jpg,2026-09-28 08:34:04,SC-01,smartphone,saudavel,saudavel,0.9865,agrosmart-v1,simulado,sim-2026-09
3bfb0608-dd32-5f24-bfaa-8ba315fa753c,SC-04_20260928_0009.jpg,2026-09-28 08:34:06,SC-04,smartphone,saudavel,saudavel,0.9992,agrosmart-v1,simulado,sim-2026-09
ab30c0eb-3867-5b71-a920-7cf676adbf8d,SC-01_20260928_0020.jpg,2026-09-28 08:34:24,SC-01,smartphone,saudavel,saudavel,0.8879,agrosmart-v1,simulado,sim-2026-09
09d8b981-1ab1-5a86-9432-215dd462a2e2,SC-01_20260928_0021.jpg,2026-09-28 08:35:06,SC-01,smartphone,saudavel,saudavel,0.9842,agrosmart-v1,simulado,sim-2026-09
b5c0ca31-87cc-5d28-b75d-4fe3d3e7f9e3,SC-04_20260928_0010.jpg,2026-09-28 08:35:07,SC-04,smartphone,saudavel,saudavel,0.9989,agrosmart-v1,simulado,sim-2026-09
21aa9971-feaa-5f7a-be0e-35e6ce0edc18,SC-04_20260928_0011.jpg,2026-09-28 08:35:29,SC-04,smartphone,saudavel,saudavel,0.8569,agrosmart-v1,simulado,sim-2026-09
1431fb87-1547-57ab-826b-61950d27ac4f,SC-01_20260928_0022.jpg,2026-09-28 08:35:40,SC-01,smartphone,saudavel,saudavel,0.9291,agrosmart-v1,simulado,sim-2026-09
f067461e-7047-555b-a22c-a7afae41b6f3,SC-04_20260928_0012.jpg,2026-09-28 08:36:20,SC-04,smartphone,saudavel,saudavel,0.8776,agrosmart-v1,simulado,sim-2026-09
02f34b92-0122-5aea-967f-e0fede39811e,SC-01_20260928_0023.jpg,2026-09-28 08:36:47,SC-01,smartphone,saudavel,saudavel,0.9998,agrosmart-v1,simulado,sim-2026-09
9d809186-4fdc-5e23-aad9-d9134ad314b4,SC-04_20260928_0013.jpg,2026-09-28 08:36:59,SC-04,smartphone,saudavel,saudavel,0.9151,agrosmart-v1,simulado,sim-2026-09
b5bb0e44-3d67-515a-b825-7d03598beb65,SC-01_20260928_0024.jpg,2026-09-28 08:37:17,SC-01,smartphone,saudavel,saudavel,0.8256,agrosmart-v1,simulado,sim-2026-09
ff810e24-be1b-5eaf-aa1c-f9df60bebf7d,SC-04_20260928_0014.jpg,2026-09-28 08:37:41,SC-04,smartphone,saudavel,saudavel,0.9223,agrosmart-v1,simulado,sim-2026-09
17053cb7-6bce-5c1a-b3fb-5d591f0148bd,SC-01_20260928_0025.jpg,2026-09-28 08:37:45,SC-01,smartphone,saudavel,saudavel,0.9890,agrosmart-v1,simulado,sim-2026-09
a1ae6530-9846-5263-a18f-305c12937c4b,SC-04_20260928_0015.jpg,2026-09-28 08:38:25,SC-04,smartphone,saudavel,saudavel,0.8434,agrosmart-v1,simulado,sim-2026-09
c6be1df4-6692-5338-aeb8-77812ce79655,SC-01_20260928_0026.jpg,2026-09-28 08:38:28,SC-01,smartphone,saudavel,saudavel,0.9970,agrosmart-v1,simulado,sim-2026-09
546afd0e-3311-5501-922e-5e7468eba197,SC-04_20260928_0016.jpg,2026-09-28 08:39:01,SC-04,smartphone,doente,vaquinha,0.7429,agrosmart-v1,simulado,sim-2026-09
6a59a3de-b9fb-51af-97f1-6972fce0ae64,SC-01_20260928_0027.jpg,2026-09-28 08:39:11,SC-01,smartphone,saudavel,saudavel,0.8340,agrosmart-v1,simulado,sim-2026-09
3179b781-60e0-58ee-b65b-bd6af01bac49,SC-04_20260928_0017.jpg,2026-09-28 08:39:47,SC-04,smartphone,saudavel,saudavel,0.9892,agrosmart-v1,simulado,sim-2026-09
aaf864bf-fbb3-5114-828f-56af0d7b0a75,SC-01_20260928_0028.jpg,2026-09-28 08:40:04,SC-01,smartphone,saudavel,saudavel,0.8477,agrosmart-v1,simulado,sim-2026-09
f53bcd10-e872-5820-997d-e427d1b2eb82,SC-04_20260928_0018.jpg,2026-09-28 08:40:28,SC-04,smartphone,saudavel,saudavel,0.9783,agrosmart-v1,simulado,sim-2026-09
08481fea-91ae-5429-acc2-325f124336f6,SC-01_20260928_0029.jpg,2026-09-28 08:40:29,SC-01,smartphone,saudavel,saudavel,0.9991,agrosmart-v1,simulado,sim-2026-09
a71b0f16-9d5f-54ff-ac7f-82a669bf5d2e,SC-01_20260928_0030.jpg,2026-09-28 08:41:11,SC-01,smartphone,saudavel,saudavel,0.9409,agrosmart-v1,simulado,sim-2026-09
56c7915b-a5ce-58b5-b71f-d8e3d91df90e,SC-01_20260928_0031.jpg,2026-09-28 08:42:04,SC-01,smartphone,saudavel,saudavel,0.9497,agrosmart-v1,simulado,sim-2026-09
1e9fe103-956d-51b8-8775-dc2dd05210f3,SC-01_20260928_0032.jpg,2026-09-28 08:42:28,SC-01,smartphone,saudavel,saudavel,0.9779,agrosmart-v1,simulado,sim-2026-09
25ad6389-ada7-5048-9e70-251364f443f8,SC-01_20260928_0033.jpg,2026-09-28 08:43:30,SC-01,smartphone,saudavel,saudavel,0.9961,agrosmart-v1,simulado,sim-2026-09
696ae621-fd6e-5d65-8fc9-3422ecc66556,SC-01_20260928_0034.jpg,2026-09-28 08:43:49,SC-01,smartphone,saudavel,saudavel,0.9873,agrosmart-v1,simulado,sim-2026-09
c25718f4-4f43-5ca1-8081-156599511c7f,SC-01_20260928_0035.jpg,2026-09-28 08:44:47,SC-01,smartphone,saudavel,saudavel,0.9999,agrosmart-v1,simulado,sim-2026-09
6a3dca77-5e23-5522-bb60-0acdea85a44e,BV-03_20260928_0001.jpg,2026-09-28 08:44:58,BV-03,smartphone,doente,vaquinha,0.9184,agrosmart-v1,simulado,sim-2026-09
c45cef21-1496-5e6c-96f0-3d7cf9ed7922,SC-01_20260928_0036.jpg,2026-09-28 08:45:13,SC-01,smartphone,saudavel,saudavel,0.9916,agrosmart-v1,simulado,sim-2026-09
ea982ce9-0fbe-5d92-8ebc-feb5c5b2f640,BV-03_20260928_0002.jpg,2026-09-28 08:45:24,BV-03,smartphone,saudavel,saudavel,0.8899,agrosmart-v1,simulado,sim-2026-09
b8e1154e-b54b-5d9b-9d89-f3827878d7ae,SC-01_20260928_0037.jpg,2026-09-28 08:45:47,SC-01,smartphone,saudavel,saudavel,0.9329,agrosmart-v1,simulado,sim-2026-09
54da61b6-8aad-565c-a61e-3295ad7a9f8b,BV-03_20260928_0003.jpg,2026-09-28 08:46:02,BV-03,smartphone,saudavel,saudavel,0.9918,agrosmart-v1,simulado,sim-2026-09
a7c3a56e-bfa3-56c9-9ed6-9e780b7b8c1a,BV-03_20260928_0004.jpg,2026-09-28 08:46:43,BV-03,smartphone,saudavel,saudavel,0.9964,agrosmart-v1,simulado,sim-2026-09
4569b808-257f-519e-89ac-d2117addf64f,BV-03_20260928_0005.jpg,2026-09-28 08:47:43,BV-03,smartphone,saudavel,saudavel,0.9544,agrosmart-v1,simulado,sim-2026-09
e50b194d-9ef9-5241-8524-85abee8c59d8,BV-03_20260928_0006.jpg,2026-09-28 08:48:19,BV-03,smartphone,saudavel,saudavel,0.9983,agrosmart-v1,simulado,sim-2026-09
e7e728ae-fcb6-5001-8e9a-dace3f7ce799,BV-03_20260928_0007.jpg,2026-09-28 08:48:52,BV-03,smartphone,saudavel,saudavel,0.9990,agrosmart-v1,simulado,sim-2026-09
e1371a24-59f6-5a95-beff-0def4e63c9a0,BV-03_20260928_0008.jpg,2026-09-28 08:49:26,BV-03,smartphone,saudavel,saudavel,0.9659,agrosmart-v1,simulado,sim-2026-09
d18bc049-c862-5231-88f7-a46b59b8a9e9,TI-02_20260928_0001.jpg,2026-09-28 08:49:46,TI-02,drone,saudavel,saudavel,0.9994,agrosmart-v1,simulado,sim-2026-09
1afa8146-deca-5344-8eb5-8d159191c9c7,BV-03_20260928_0009.jpg,2026-09-28 08:50:24,BV-03,smartphone,saudavel,saudavel,0.5570,agrosmart-v1,simulado,sim-2026-09
a050d68a-3fec-5b46-b35b-35116cfb6d37,TI-02_20260928_0002.jpg,2026-09-28 08:50:47,TI-02,drone,doente,pinta_preta,0.9782,agrosmart-v1,simulado,sim-2026-09
5db9a4c8-95be-5dd6-876c-7c507c2a9d22,BV-03_20260928_0010.jpg,2026-09-28 08:50:54,BV-03,smartphone,saudavel,saudavel,0.9648,agrosmart-v1,simulado,sim-2026-09
99268766-8c4e-5952-91ad-632388ddf286,TI-02_20260928_0003.jpg,2026-09-28 08:51:18,TI-02,drone,saudavel,saudavel,0.9368,agrosmart-v1,simulado,sim-2026-09
d2906d01-00e9-52f0-84ff-55dac3f126e2,TI-02_20260928_0004.jpg,2026-09-28 08:51:46,TI-02,drone,doente,pinta_preta,0.9853,agrosmart-v1,simulado,sim-2026-09
727b0052-eac0-593b-888f-ae6c33834f19,BV-03_20260928_0011.jpg,2026-09-28 08:51:47,BV-03,smartphone,saudavel,saudavel,0.9311,agrosmart-v1,simulado,sim-2026-09
dbcb5ea3-275c-5558-940f-157e7da29fd1,BV-03_20260928_0012.jpg,2026-09-28 08:52:11,BV-03,smartphone,saudavel,saudavel,0.9994,agrosmart-v1,simulado,sim-2026-09
425b833a-0761-56c8-bf58-74d606b2da17,BV-03_20260928_0013.jpg,2026-09-28 08:52:41,BV-03,smartphone,saudavel,saudavel,0.7868,agrosmart-v1,simulado,sim-2026-09
421bde22-d8ed-5fe2-866c-df5c9803fb9b,TI-02_20260928_0005.jpg,2026-09-28 08:52:46,TI-02,drone,saudavel,saudavel,0.9855,agrosmart-v1,simulado,sim-2026-09
f9660ccb-fed3-527f-80cf-1d496a82acc4,TI-02_20260928_0006.jpg,2026-09-28 08:53:22,TI-02,drone,saudavel,saudavel,0.9800,agrosmart-v1,simulado,sim-2026-09
bdf95c3c-f022-517c-a906-fc6d37ea5a95,BV-03_20260928_0014.jpg,2026-09-28 08:53:44,BV-03,smartphone,doente,requeima,0.9008,agrosmart-v1,simulado,sim-2026-09
62fe7b6b-5acd-573a-92ef-968e2ea3a731,TI-02_20260928_0007.jpg,2026-09-28 08:54:02,TI-02,drone,saudavel,saudavel,0.8255,agrosmart-v1,simulado,sim-2026-09
dccf6f0b-07df-58a0-9a1a-2b16a24103ad,BV-03_20260928_0015.jpg,2026-09-28 08:54:17,BV-03,smartphone,saudavel,saudavel,0.9324,agrosmart-v1,simulado,sim-2026-09
bd9080ce-b86c-5ad7-9794-b3790fe472d5,TI-02_20260928_0008.jpg,2026-09-28 08:54:23,TI-02,drone,saudavel,saudavel,0.9999,agrosmart-v1,simulado,sim-2026-09
80cb3da6-bffd-52de-9650-c07bcbe6f9e4,BV-03_20260928_0016.jpg,2026-09-28 08:55:03,BV-03,smartphone,saudavel,saudavel,0.9267,agrosmart-v1,simulado,sim-2026-09
45cd1027-790e-5fba-a6f2-e474f6ee7d01,TI-01_20260928_0001.jpg,2026-09-28 08:55:04,TI-01,drone,saudavel,saudavel,0.9420,agrosmart-v1,simulado,sim-2026-09
fae4f6ed-52e6-5755-a4a4-4bb44eb94a97,TI-02_20260928_0009.jpg,2026-09-28 08:55:18,TI-02,drone,doente,mosca_minadora,0.9983,agrosmart-v1,simulado,sim-2026-09
249263b4-a07b-5984-a54a-8780cbfcdd47,BV-03_20260928_0017.jpg,2026-09-28 08:55:25,BV-03,smartphone,saudavel,saudavel,0.9545,agrosmart-v1,simulado,sim-2026-09
10a7417b-88e1-5585-af1d-e5baf1789097,TI-01_20260928_0002.jpg,2026-09-28 08:55:40,TI-01,drone,saudavel,saudavel,0.9998,agrosmart-v1,simulado,sim-2026-09
36d5a8bc-46bf-5ab5-abb1-1e68068b5b1e,TI-02_20260928_0010.jpg,2026-09-28 08:56:08,TI-02,drone,doente,pinta_preta,0.9560,agrosmart-v1,simulado,sim-2026-09
bd6ca1f7-ec97-572d-905f-e097ada74010,BV-03_20260928_0018.jpg,2026-09-28 08:56:12,BV-03,smartphone,saudavel,saudavel,0.9243,agrosmart-v1,simulado,sim-2026-09
4ca81008-2f52-5c18-896b-6c9055603b29,TI-01_20260928_0003.jpg,2026-09-28 08:56:18,TI-01,drone,saudavel,saudavel,0.9770,agrosmart-v1,simulado,sim-2026-09
4b908da4-2424-5b06-8cad-d00277578d04,BV-03_20260928_0019.jpg,2026-09-28 08:56:40,BV-03,smartphone,doente,requeima,0.9070,agrosmart-v1,simulado,sim-2026-09
da530d79-1774-5ec0-b9cf-0164187c17a7,TI-02_20260928_0011.jpg,2026-09-28 08:56:47,TI-02,drone,saudavel,saudavel,0.8860,agrosmart-v1,simulado,sim-2026-09
670af593-b487-5fe3-85f5-d98f2ac1c5fd,TI-02_20260928_0012.jpg,2026-09-28 08:57:03,TI-02,drone,saudavel,saudavel,0.9186,agrosmart-v1,simulado,sim-2026-09
ce2997a0-513d-5bd0-a129-26107a54f33a,TI-01_20260928_0004.jpg,2026-09-28 08:57:06,TI-01,drone,saudavel,saudavel,0.9980,agrosmart-v1,simulado,sim-2026-09
4fc60fbe-8ef5-5f9f-bd52-5b6d7a208ccc,TI-01_20260928_0005.jpg,2026-09-28 08:57:20,TI-01,drone,saudavel,saudavel,0.8731,agrosmart-v1,simulado,sim-2026-09
6d51c158-f8d0-5508-8751-8c251f1f057b,BV-03_20260928_0020.jpg,2026-09-28 08:57:33,BV-03,smartphone,saudavel,saudavel,0.9620,agrosmart-v1,simulado,sim-2026-09
97e7e33c-006c-5941-a55c-3701a64e7a90,TI-02_20260928_0013.jpg,2026-09-28 08:57:48,TI-02,drone,saudavel,saudavel,0.9160,agrosmart-v1,simulado,sim-2026-09
20270b92-2140-5999-93ca-66f28a035324,TI-01_20260928_0006.jpg,2026-09-28 08:58:00,TI-01,drone,doente,vaquinha,0.9107,agrosmart-v1,simulado,sim-2026-09
2f180b00-2281-5b08-88f4-e20856dbed27,BV-03_20260928_0021.jpg,2026-09-28 08:58:20,BV-03,smartphone,saudavel,saudavel,0.9090,agrosmart-v1,simulado,sim-2026-09
ae8a8e1f-bd17-571f-887d-8bf9271a0b1f,TI-02_20260928_0014.jpg,2026-09-28 08:58:33,TI-02,drone,doente,mosca_minadora,0.8235,agrosmart-v1,simulado,sim-2026-09
d2eb2c1d-1675-5610-bee2-a2dff7dc9a00,TI-01_20260928_0007.jpg,2026-09-28 08:58:50,TI-01,drone,saudavel,saudavel,0.9991,agrosmart-v1,simulado,sim-2026-09
ab844ccb-9f52-5902-9773-d93e502614d6,BV-03_20260928_0022.jpg,2026-09-28 08:59:05,BV-03,smartphone,doente,vaquinha,0.9541,agrosmart-v1,simulado,sim-2026-09
e29949fa-48ce-5696-90b2-f59297babf15,TI-02_20260928_0015.jpg,2026-09-28 08:59:13,TI-02,drone,saudavel,saudavel,0.8271,agrosmart-v1,simulado,sim-2026-09
3ab8d1dc-a516-5f7c-98cf-969b9d8493cd,TI-01_20260928_0008.jpg,2026-09-28 08:59:28,TI-01,drone,doente,vaquinha,0.9939,agrosmart-v1,simulado,sim-2026-09
bb61cde8-fcad-50ae-a7f0-3569a269d538,TI-02_20260928_0016.jpg,2026-09-28 08:59:46,TI-02,drone,saudavel,saudavel,0.6023,agrosmart-v1,simulado,sim-2026-09
14b4793c-2de7-5953-bb20-1d515f222228,TI-01_20260928_0009.jpg,2026-09-28 09:00:13,TI-01,drone,saudavel,saudavel,0.9729,agrosmart-v1,simulado,sim-2026-09
80d31fa7-599e-5c91-9dda-29e4e0bd3952,TI-02_20260928_0017.jpg,2026-09-28 09:00:23,TI-02,drone,doente,pinta_preta,0.8803,agrosmart-v1,simulado,sim-2026-09
2c6614bd-ba0a-5cf9-ad55-220138d3fd44,TI-01_20260928_0010.jpg,2026-09-28 09:01:02,TI-01,drone,doente,vaquinha,0.8469,agrosmart-v1,simulado,sim-2026-09
dfce0043-3b3b-5be4-920c-814d4c307b5f,TI-02_20260928_0018.jpg,2026-09-28 09:01:21,TI-02,drone,saudavel,saudavel,0.9546,agrosmart-v1,simulado,sim-2026-09
ebfa11ea-c5cf-588c-83d6-e8de66d8f3d1,TI-01_20260928_0011.jpg,2026-09-28 09:01:26,TI-01,drone,saudavel,saudavel,0.9989,agrosmart-v1,simulado,sim-2026-09
99c6f3dd-919c-52ba-a62c-416b3c0dafb2,TI-01_20260928_0012.jpg,2026-09-28 09:02:00,TI-01,drone,saudavel,saudavel,0.9718,agrosmart-v1,simulado,sim-2026-09
27bd4565-14bd-5917-9417-0674ebf4b15a,TI-02_20260928_0019.jpg,2026-09-28 09:02:01,TI-02,drone,saudavel,saudavel,0.9597,agrosmart-v1,simulado,sim-2026-09
a60590fd-eb00-5de9-91c9-7dc6423e4e33,TI-02_20260928_0020.jpg,2026-09-28 09:02:49,TI-02,drone,saudavel,saudavel,0.9797,agrosmart-v1,simulado,sim-2026-09
cd419784-bc2e-5411-92a2-0b510d1a2ae9,TI-01_20260928_0013.jpg,2026-09-28 09:02:55,TI-01,drone,saudavel,saudavel,0.9938,agrosmart-v1,simulado,sim-2026-09
372032a2-6ade-5747-ba3e-dde71845b1f8,TI-02_20260928_0021.jpg,2026-09-28 09:03:08,TI-02,drone,saudavel,saudavel,0.9340,agrosmart-v1,simulado,sim-2026-09
c2a27cac-7315-592c-82aa-88d166161846,TI-01_20260928_0014.jpg,2026-09-28 09:03:39,TI-01,drone,saudavel,saudavel,0.9970,agrosmart-v1,simulado,sim-2026-09
7b62f65c-b12e-542b-a285-e8a61cd7ad8d,TI-02_20260928_0022.jpg,2026-09-28 09:03:52,TI-02,drone,saudavel,saudavel,0.9828,agrosmart-v1,simulado,sim-2026-09
ddb2fbca-edd4-55e8-9386-dfa01c6009a8,TI-01_20260928_0015.jpg,2026-09-28 09:04:15,TI-01,drone,saudavel,saudavel,0.8363,agrosmart-v1,simulado,sim-2026-09
56ff1446-975b-5556-baa3-0dd7518fc53d,TI-02_20260928_0023.jpg,2026-09-28 09:04:28,TI-02,drone,saudavel,saudavel,0.9982,agrosmart-v1,simulado,sim-2026-09
7c83153e-d19f-5e5e-b1cd-6a10cc491d7a,TI-01_20260928_0016.jpg,2026-09-28 09:04:57,TI-01,drone,doente,vaquinha,0.9085,agrosmart-v1,simulado,sim-2026-09
d38a58a1-6345-583e-8e6c-d9e25ff48bdf,TI-02_20260928_0024.jpg,2026-09-28 09:05:22,TI-02,drone,doente,pinta_preta,0.9865,agrosmart-v1,simulado,sim-2026-09
0eb919a2-0f67-52ff-977e-e77b05e19256,TI-01_20260928_0017.jpg,2026-09-28 09:05:35,TI-01,drone,saudavel,saudavel,0.8646,agrosmart-v1,simulado,sim-2026-09
2783b8d9-f113-5e09-b03c-2afea1853524,TI-02_20260928_0025.jpg,2026-09-28 09:05:53,TI-02,drone,doente,pinta_preta,0.9916,agrosmart-v1,simulado,sim-2026-09
68860894-bd5d-5154-b3a2-22dc2774bc1c,TI-01_20260928_0018.jpg,2026-09-28 09:06:11,TI-01,drone,doente,vaquinha,0.9545,agrosmart-v1,simulado,sim-2026-09
2feb3fb1-c0d0-5d22-940c-2aa2c4e1aa22,TI-02_20260928_0026.jpg,2026-09-28 09:06:39,TI-02,drone,doente,pinta_preta,0.8931,agrosmart-v1,simulado,sim-2026-09
bd25f221-f0d5-5029-8281-ccc06056b1e0,TI-01_20260928_0019.jpg,2026-09-28 09:06:53,TI-01,drone,saudavel,saudavel,0.9143,agrosmart-v1,simulado,sim-2026-09
18103d51-b362-586f-b7a8-b0f3e9d33311,TI-02_20260928_0027.jpg,2026-09-28 09:07:02,TI-02,drone,doente,pinta_preta,0.9403,agrosmart-v1,simulado,sim-2026-09
268cef6a-b56a-5b1c-9e45-e908338f8574,TI-01_20260928_0020.jpg,2026-09-28 09:07:45,TI-01,drone,saudavel,saudavel,0.8205,agrosmart-v1,simulado,sim-2026-09
7b7e42c3-e5e3-5f6c-a8f8-2f1fb6f1dbcf,TI-02_20260928_0028.jpg,2026-09-28 09:08:00,TI-02,drone,saudavel,saudavel,0.9344,agrosmart-v1,simulado,sim-2026-09
e10718da-adc8-5293-86bf-c72d9b5873f9,TI-01_20260928_0021.jpg,2026-09-28 09:08:11,TI-01,drone,saudavel,saudavel,0.9210,agrosmart-v1,simulado,sim-2026-09
69f113b1-a3ba-5a85-ae6b-6a5c54b92072,TI-02_20260928_0029.jpg,2026-09-28 09:08:26,TI-02,drone,saudavel,saudavel,0.8527,agrosmart-v1,simulado,sim-2026-09
ae89f3f5-f828-5c0e-bb8c-d22dee6e57ee,TI-01_20260928_0022.jpg,2026-09-28 09:08:52,TI-01,drone,saudavel,saudavel,0.9476,agrosmart-v1,simulado,sim-2026-09
3d4a9fdf-c457-5550-a8d6-df0f30f840e6,TI-02_20260928_0030.jpg,2026-09-28 09:09:08,TI-02,drone,saudavel,saudavel,0.9927,agrosmart-v1,simulado,sim-2026-09
0db38944-2eb1-552f-a747-d17296a45fba,TI-02_20260928_0031.jpg,2026-09-28 09:09:48,TI-02,drone,saudavel,saudavel,0.9554,agrosmart-v1,simulado,sim-2026-09
d8ea1eec-fb9e-50ef-8b4c-d7bc34f890d2,TI-01_20260928_0023.jpg,2026-09-28 09:09:50,TI-01,drone,saudavel,saudavel,0.7631,agrosmart-v1,simulado,sim-2026-09
8f42e813-75bb-5646-b625-d95409540c18,TI-01_20260928_0024.jpg,2026-09-28 09:10:28,TI-01,drone,saudavel,saudavel,0.9988,agrosmart-v1,simulado,sim-2026-09
6903c56f-5956-5b53-9bfe-3950e1b149c3,TI-02_20260928_0032.jpg,2026-09-28 09:10:39,TI-02,drone,saudavel,saudavel,0.9979,agrosmart-v1,simulado,sim-2026-09
2a31cb0c-296a-569e-a0dc-4ca848685571,TI-01_20260928_0025.jpg,2026-09-28 09:10:52,TI-01,drone,saudavel,saudavel,0.9984,agrosmart-v1,simulado,sim-2026-09
b8419852-5276-582c-b8bd-fbef74c76b78,TI-02_20260928_0033.jpg,2026-09-28 09:11:13,TI-02,drone,saudavel,saudavel,0.8956,agrosmart-v1,simulado,sim-2026-09
4c5ac683-8a8c-5ae5-9efa-b72d03642f18,TI-01_20260928_0026.jpg,2026-09-28 09:11:26,TI-01,drone,saudavel,saudavel,0.8330,agrosmart-v1,simulado,sim-2026-09
0b254748-50c7-5090-9d92-ab234d1f79bb,TI-02_20260928_0034.jpg,2026-09-28 09:12:07,TI-02,drone,saudavel,saudavel,0.9169,agrosmart-v1,simulado,sim-2026-09
daafde36-c8a7-57ca-a6ab-c2a30371d55c,TI-01_20260928_0027.jpg,2026-09-28 09:12:10,TI-01,drone,saudavel,saudavel,0.9834,agrosmart-v1,simulado,sim-2026-09
6ee0c68b-c5ba-5512-b346-924f89bb5964,TI-02_20260928_0035.jpg,2026-09-28 09:12:44,TI-02,drone,saudavel,saudavel,0.9999,agrosmart-v1,simulado,sim-2026-09
ff1eed4f-4827-54f9-8e5e-16552ef3f989,TI-01_20260928_0028.jpg,2026-09-28 09:13:06,TI-01,drone,saudavel,saudavel,0.8937,agrosmart-v1,simulado,sim-2026-09
1b071f24-80de-5ca9-83e3-294b1f05231c,TI-02_20260928_0036.jpg,2026-09-28 09:13:24,TI-02,drone,saudavel,saudavel,0.9999,agrosmart-v1,simulado,sim-2026-09
94cfdecd-2a48-564f-9fa5-2fe151322e0f,TI-02_20260928_0037.jpg,2026-09-28 09:13:43,TI-02,drone,saudavel,saudavel,0.9863,agrosmart-v1,simulado,sim-2026-09
409b5501-1041-56b6-a462-55fd0ffd0f26,TI-01_20260928_0029.jpg,2026-09-28 09:13:50,TI-01,drone,saudavel,saudavel,0.9666,agrosmart-v1,simulado,sim-2026-09
be36371d-8a89-5ff6-948a-736a608f2c52,TI-01_20260928_0030.jpg,2026-09-28 09:14:14,TI-01,drone,saudavel,saudavel,0.9671,agrosmart-v1,simulado,sim-2026-09
0148fe9c-82f2-5a27-b1fa-a73630472393,TI-02_20260928_0038.jpg,2026-09-28 09:14:22,TI-02,drone,saudavel,saudavel,0.9572,agrosmart-v1,simulado,sim-2026-09
39882024-48e4-5d0e-976f-4e47f6b1cc75,TI-01_20260928_0031.jpg,2026-09-28 09:15:06,TI-01,drone,saudavel,saudavel,0.7863,agrosmart-v1,simulado,sim-2026-09
8aa54c9c-8786-5169-9d25-087854af4d94,TI-02_20260928_0039.jpg,2026-09-28 09:15:08,TI-02,drone,saudavel,saudavel,0.8573,agrosmart-v1,simulado,sim-2026-09
b46d32f5-1867-51ff-b3a3-d85c1140e181,TI-01_20260928_0032.jpg,2026-09-28 09:15:36,TI-01,drone,saudavel,saudavel,0.9974,agrosmart-v1,simulado,sim-2026-09
b69f71be-65e8-58c1-8782-17f0d34a55d9,TI-02_20260928_0040.jpg,2026-09-28 09:15:52,TI-02,drone,doente,pinta_preta,0.8647,agrosmart-v1,simulado,sim-2026-09
1a6b35d0-57ef-5aca-9faa-ca41e8efe8e0,TI-01_20260928_0033.jpg,2026-09-28 09:16:00,TI-01,drone,saudavel,saudavel,0.8951,agrosmart-v1,simulado,sim-2026-09
d5968c95-7dec-5af5-99ca-3b511ce8730f,TI-02_20260928_0041.jpg,2026-09-28 09:16:22,TI-02,drone,saudavel,saudavel,0.9616,agrosmart-v1,simulado,sim-2026-09
f49ebd52-39c0-5d17-bb34-fa74ef914aa9,TI-01_20260928_0034.jpg,2026-09-28 09:17:07,TI-01,drone,saudavel,saudavel,0.9676,agrosmart-v1,simulado,sim-2026-09
b563432e-35c4-52a1-b8de-37e978a6f93e,TI-02_20260928_0042.jpg,2026-09-28 09:17:11,TI-02,drone,saudavel,saudavel,0.8211,agrosmart-v1,simulado,sim-2026-09
1ea0b780-1c40-5c07-9d08-2393ca62879d,TI-01_20260928_0035.jpg,2026-09-28 09:17:29,TI-01,drone,saudavel,saudavel,0.8326,agrosmart-v1,simulado,sim-2026-09
f6bc3125-3380-550d-84f9-41373f13e23d,TI-01_20260928_0036.jpg,2026-09-28 09:18:01,TI-01,drone,saudavel,saudavel,0.9901,agrosmart-v1,simulado,sim-2026-09
aa80941c-f373-5d54-b627-d57aca6df2f9,TI-01_20260928_0037.jpg,2026-09-28 09:18:47,TI-01,drone,doente,vaquinha,0.5472,agrosmart-v1,simulado,sim-2026-09
4c5b715b-bd30-5a24-88d2-c72ffd07f5fd,TI-01_20260928_0038.jpg,2026-09-28 09:19:35,TI-01,drone,saudavel,saudavel,0.8660,agrosmart-v1,simulado,sim-2026-09
81526b0e-f3c4-50fc-a2f0-ee7ec8e92f7b,TI-01_20260928_0039.jpg,2026-09-28 09:20:17,TI-01,drone,doente,vaquinha,0.8440,agrosmart-v1,simulado,sim-2026-09
8c491b69-53b2-517c-bbb8-f921c7cf3e8a,TI-04_20260928_0001.jpg,2026-09-28 09:20:42,TI-04,drone,saudavel,saudavel,0.9992,agrosmart-v1,simulado,sim-2026-09
0284eb1f-b5d2-5da5-861f-398f9f783b99,BV-01_20260928_0001.jpg,2026-09-28 09:20:53,BV-01,smartphone,saudavel,saudavel,0.9716,agrosmart-v1,simulado,sim-2026-09
38ca52d5-99a3-5fc4-ac52-7d1a813a56d7,SC-03_20260928_0001.jpg,2026-09-28 09:20:56,SC-03,smartphone,saudavel,saudavel,0.9339,agrosmart-v1,simulado,sim-2026-09
8623251c-99f7-5c66-a32e-c6ba8acdc734,TI-01_20260928_0040.jpg,2026-09-28 09:20:56,TI-01,drone,saudavel,saudavel,0.8482,agrosmart-v1,simulado,sim-2026-09
3ec16dbf-0ce2-516e-8aea-2b1f281c5810,BV-01_20260928_0002.jpg,2026-09-28 09:21:30,BV-01,smartphone,saudavel,saudavel,0.9866,agrosmart-v1,simulado,sim-2026-09
1872f868-e612-58d5-9a66-b0ff43f1a088,SC-03_20260928_0002.jpg,2026-09-28 09:21:39,SC-03,smartphone,saudavel,saudavel,0.9466,agrosmart-v1,simulado,sim-2026-09
7892c584-196f-5e93-be63-b04bc6b349da,TI-04_20260928_0002.jpg,2026-09-28 09:21:40,TI-04,drone,saudavel,saudavel,0.8608,agrosmart-v1,simulado,sim-2026-09
82d606d1-a45f-5710-a989-8111ed14b68c,TI-01_20260928_0041.jpg,2026-09-28 09:21:44,TI-01,drone,saudavel,saudavel,0.9784,agrosmart-v1,simulado,sim-2026-09
8a48a743-492a-56a0-848d-fe4a7ffbebf3,TI-04_20260928_0003.jpg,2026-09-28 09:22:18,TI-04,drone,saudavel,saudavel,0.9858,agrosmart-v1,simulado,sim-2026-09
4ce12f74-0d28-5728-99c3-847cf9c2b4c8,BV-01_20260928_0003.jpg,2026-09-28 09:22:20,BV-01,smartphone,saudavel,saudavel,0.8450,agrosmart-v1,simulado,sim-2026-09
6600792a-5246-5ab8-b4a5-5cd0515e2f99,SC-03_20260928_0003.jpg,2026-09-28 09:22:24,SC-03,smartphone,saudavel,saudavel,1.0000,agrosmart-v1,simulado,sim-2026-09
d2c1395b-3594-57a4-aaf2-82d3f7bd745a,TI-01_20260928_0042.jpg,2026-09-28 09:22:26,TI-01,drone,doente,pinta_preta,0.9849,agrosmart-v1,simulado,sim-2026-09
48314694-7066-5faa-8964-9d8e21a9b431,TI-01_20260928_0043.jpg,2026-09-28 09:22:44,TI-01,drone,saudavel,saudavel,0.7741,agrosmart-v1,simulado,sim-2026-09
a0cf4748-1c3e-592e-8056-469d3c059777,BV-01_20260928_0004.jpg,2026-09-28 09:22:46,BV-01,smartphone,saudavel,saudavel,0.9365,agrosmart-v1,simulado,sim-2026-09
531fd3d1-5497-5693-8839-36debd481b35,TI-04_20260928_0004.jpg,2026-09-28 09:22:51,TI-04,drone,saudavel,saudavel,0.9971,agrosmart-v1,simulado,sim-2026-09
28f9cdc3-e8a5-5d16-94bc-371cb85b7fce,SC-03_20260928_0004.jpg,2026-09-28 09:23:05,SC-03,smartphone,saudavel,saudavel,0.8971,agrosmart-v1,simulado,sim-2026-09
8fbc4d69-46dd-5cb4-a617-4d79db7851fa,TI-01_20260928_0044.jpg,2026-09-28 09:23:24,TI-01,drone,saudavel,saudavel,0.8864,agrosmart-v1,simulado,sim-2026-09
9327b954-fa49-56b3-a81a-a0da00650eb7,TI-04_20260928_0005.jpg,2026-09-28 09:23:30,TI-04,drone,saudavel,saudavel,0.9496,agrosmart-v1,simulado,sim-2026-09
b18cf5ff-1c3a-5f1f-9b94-1e074fc1a386,BV-01_20260928_0005.jpg,2026-09-28 09:23:35,BV-01,smartphone,saudavel,saudavel,0.9979,agrosmart-v1,simulado,sim-2026-09
bc45faa0-7b0c-56dc-bafc-a5458d8ab671,SC-03_20260928_0005.jpg,2026-09-28 09:23:40,SC-03,smartphone,saudavel,saudavel,0.9830,agrosmart-v1,simulado,sim-2026-09
f0ae2243-41d6-5a6b-a044-00c62b7101b0,TI-04_20260928_0006.jpg,2026-09-28 09:24:05,TI-04,drone,saudavel,saudavel,0.9936,agrosmart-v1,simulado,sim-2026-09
75739622-25d0-50c9-9622-e31563879cc4,BV-01_20260928_0006.jpg,2026-09-28 09:24:07,BV-01,smartphone,doente,pinta_preta,0.9913,agrosmart-v1,simulado,sim-2026-09
c82759dc-8a9d-5220-83dc-a7fa03693931,TI-01_20260928_0045.jpg,2026-09-28 09:24:18,TI-01,drone,doente,vaquinha,0.9888,agrosmart-v1,simulado,sim-2026-09
5daf898c-a47f-5f89-aca5-00b76e1dab1c,SC-03_20260928_0006.jpg,2026-09-28 09:24:20,SC-03,smartphone,saudavel,saudavel,0.8286,agrosmart-v1,simulado,sim-2026-09
f896c103-e6d1-512d-8761-0ac8070229b7,BV-01_20260928_0007.jpg,2026-09-28 09:24:41,BV-01,smartphone,doente,pinta_preta,0.9897,agrosmart-v1,simulado,sim-2026-09
f38557e6-8805-5bec-b75b-b2664976aa85,TI-01_20260928_0046.jpg,2026-09-28 09:24:41,TI-01,drone,saudavel,saudavel,0.9634,agrosmart-v1,simulado,sim-2026-09
a9e31092-f8dc-5e6c-bba1-4ee27da9fab3,TI-04_20260928_0007.jpg,2026-09-28 09:24:48,TI-04,drone,saudavel,saudavel,0.9999,agrosmart-v1,simulado,sim-2026-09
a962a1e5-a642-5af6-8983-59743fdceffa,SC-03_20260928_0007.jpg,2026-09-28 09:24:59,SC-03,smartphone,saudavel,saudavel,0.7670,agrosmart-v1,simulado,sim-2026-09
b5c3421b-86d1-5386-bbad-7953f14c2fd3,TI-01_20260928_0047.jpg,2026-09-28 09:25:26,TI-01,drone,saudavel,saudavel,0.9878,agrosmart-v1,simulado,sim-2026-09
07b7d63e-955e-591c-8e56-5052601b43d2,TI-04_20260928_0008.jpg,2026-09-28 09:25:27,TI-04,drone,saudavel,saudavel,0.9405,agrosmart-v1,simulado,sim-2026-09
da2a016a-efa8-5903-9f47-e7e8463ef225,BV-01_20260928_0008.jpg,2026-09-28 09:25:28,BV-01,smartphone,saudavel,saudavel,0.9308,agrosmart-v1,simulado,sim-2026-09
39482889-dbcf-5295-9d4f-6f2cb2a5e90b,SC-03_20260928_0008.jpg,2026-09-28 09:25:35,SC-03,smartphone,saudavel,saudavel,0.9932,agrosmart-v1,simulado,sim-2026-09
b806274d-ca95-5699-9bf6-ac6c9e9c6606,TI-04_20260928_0009.jpg,2026-09-28 09:26:11,TI-04,drone,saudavel,saudavel,0.8466,agrosmart-v1,simulado,sim-2026-09
2a9c7206-7ae1-59af-85ad-5c16fd70ee4b,BV-01_20260928_0009.jpg,2026-09-28 09:26:12,BV-01,smartphone,saudavel,saudavel,0.9913,agrosmart-v1,simulado,sim-2026-09
40143b9c-d253-5cf2-bf0c-ce80d6382b49,TI-01_20260928_0048.jpg,2026-09-28 09:26:15,TI-01,drone,saudavel,saudavel,0.9608,agrosmart-v1,simulado,sim-2026-09
f646a8ac-ae5d-52c0-b5ae-f8479aa152fc,SC-03_20260928_0009.jpg,2026-09-28 09:26:28,SC-03,smartphone,saudavel,saudavel,0.9985,agrosmart-v1,simulado,sim-2026-09
b6b3343f-2513-54ed-8e73-578273faf07c,SC-03_20260928_0010.jpg,2026-09-28 09:26:45,SC-03,smartphone,saudavel,saudavel,0.9913,agrosmart-v1,simulado,sim-2026-09
aaaaf231-7e14-5fe1-9499-cb08d7cd9a33,TI-04_20260928_0010.jpg,2026-09-28 09:26:54,TI-04,drone,saudavel,saudavel,0.9873,agrosmart-v1,simulado,sim-2026-09
80c0b31f-afa4-5822-9c5a-1e0f8f8b79af,BV-01_20260928_0010.jpg,2026-09-28 09:27:02,BV-01,smartphone,saudavel,saudavel,0.9924,agrosmart-v1,simulado,sim-2026-09
1d2e22ac-bba3-5d9b-bcef-5f4eeb23ce83,TI-01_20260928_0049.jpg,2026-09-28 09:27:05,TI-01,drone,doente,vaquinha,0.9726,agrosmart-v1,simulado,sim-2026-09
6aeac8de-c65c-5aca-b47c-f446db08015f,TI-04_20260928_0011.jpg,2026-09-28 09:27:23,TI-04,drone,saudavel,saudavel,0.9999,agrosmart-v1,simulado,sim-2026-09
30ece5b6-0310-5552-8bcd-9cb7ab8feb25,BV-01_20260928_0011.jpg,2026-09-28 09:27:31,BV-01,smartphone,saudavel,saudavel,0.9103,agrosmart-v1,simulado,sim-2026-09
60b85ba5-e878-544f-8e82-74869d965705,SC-03_20260928_0011.jpg,2026-09-28 09:27:32,SC-03,smartphone,saudavel,saudavel,0.9611,agrosmart-v1,simulado,sim-2026-09
ae1aaa9b-f926-555f-b483-82d704de9b48,TI-01_20260928_0050.jpg,2026-09-28 09:27:46,TI-01,drone,saudavel,saudavel,0.9262,agrosmart-v1,simulado,sim-2026-09
9eb1d3a6-c015-599a-8751-8fde205c3e61,BV-01_20260928_0012.jpg,2026-09-28 09:28:00,BV-01,smartphone,saudavel,saudavel,0.9544,agrosmart-v1,simulado,sim-2026-09
fcaf368c-3942-542a-adf7-9de09994d06f,SC-03_20260928_0012.jpg,2026-09-28 09:28:04,SC-03,smartphone,saudavel,saudavel,0.9398,agrosmart-v1,simulado,sim-2026-09
8240f5d5-651e-5a06-8095-b989603ea385,TI-04_20260928_0012.jpg,2026-09-28 09:28:09,TI-04,drone,saudavel,saudavel,0.8908,agrosmart-v1,simulado,sim-2026-09
eeaf8d57-1644-5366-a100-9e3901019a39,TI-01_20260928_0051.jpg,2026-09-28 09:28:15,TI-01,drone,saudavel,saudavel,0.9754,agrosmart-v1,simulado,sim-2026-09
c51bca89-8f0d-55b6-a795-f4c2263b8627,BV-01_20260928_0013.jpg,2026-09-28 09:28:55,BV-01,smartphone,saudavel,saudavel,0.8692,agrosmart-v1,simulado,sim-2026-09
040af3af-494b-5a3c-9321-b194e8cce16c,SC-03_20260928_0013.jpg,2026-09-28 09:28:57,SC-03,smartphone,saudavel,saudavel,0.9105,agrosmart-v1,simulado,sim-2026-09
0245742d-80a2-5729-85a0-647cd8e49816,TI-04_20260928_0013.jpg,2026-09-28 09:28:58,TI-04,drone,saudavel,saudavel,0.9574,agrosmart-v1,simulado,sim-2026-09
c9f4f9c7-4640-5e5b-af68-8ca6e8672f48,BV-01_20260928_0014.jpg,2026-09-28 09:29:25,BV-01,smartphone,saudavel,saudavel,0.9991,agrosmart-v1,simulado,sim-2026-09
d5dc55bf-d196-5f15-b6cf-c1c9d980347e,TI-04_20260928_0014.jpg,2026-09-28 09:29:45,TI-04,drone,doente,vaquinha,0.8420,agrosmart-v1,simulado,sim-2026-09
874ba5ac-8a5f-5955-8eeb-a2f900eee97a,SC-03_20260928_0014.jpg,2026-09-28 09:29:46,SC-03,smartphone,saudavel,saudavel,0.9378,agrosmart-v1,simulado,sim-2026-09
9474d489-e8b6-587a-8af8-49a8e9f5b88b,TI-04_20260928_0015.jpg,2026-09-28 09:30:04,TI-04,drone,saudavel,saudavel,0.8537,agrosmart-v1,simulado,sim-2026-09
59ee4cf7-4bd2-5234-972a-52c7d8064d9c,SC-03_20260928_0015.jpg,2026-09-28 09:30:07,SC-03,smartphone,saudavel,saudavel,0.9913,agrosmart-v1,simulado,sim-2026-09
99eb4b25-662b-53f7-aa5d-c148a0ae7eb7,BV-01_20260928_0015.jpg,2026-09-28 09:30:28,BV-01,smartphone,saudavel,saudavel,0.8333,agrosmart-v1,simulado,sim-2026-09
ee4500b2-3739-5cf2-b87a-f273bfc627b7,TI-04_20260928_0016.jpg,2026-09-28 09:30:48,TI-04,drone,doente,vaquinha,0.9870,agrosmart-v1,simulado,sim-2026-09
87a18a77-9d23-59e4-89f9-f33594225e48,BV-01_20260928_0016.jpg,2026-09-28 09:30:53,BV-01,smartphone,saudavel,saudavel,0.9943,agrosmart-v1,simulado,sim-2026-09
d629e602-0dab-5f8b-9380-e213369f9bc2,SC-03_20260928_0016.jpg,2026-09-28 09:31:02,SC-03,smartphone,saudavel,saudavel,0.8968,agrosmart-v1,simulado,sim-2026-09
11cf1d99-2971-5809-9368-fe70a0bcec69,BV-01_20260928_0017.jpg,2026-09-28 09:31:22,BV-01,smartphone,saudavel,saudavel,0.8960,agrosmart-v1,simulado,sim-2026-09
59d8b63d-0b40-5758-a732-3ac7eb939d0a,SC-03_20260928_0017.jpg,2026-09-28 09:31:28,SC-03,smartphone,saudavel,saudavel,0.8904,agrosmart-v1,simulado,sim-2026-09
71b6cf5d-03c5-5d7d-892b-b6ff62fa469f,TI-04_20260928_0017.jpg,2026-09-28 09:31:34,TI-04,drone,saudavel,saudavel,0.8717,agrosmart-v1,simulado,sim-2026-09
8f28ee79-00d6-524d-8c3d-de336ee5df7a,TI-04_20260928_0018.jpg,2026-09-28 09:32:07,TI-04,drone,saudavel,saudavel,0.9416,agrosmart-v1,simulado,sim-2026-09
e194712c-c617-5cd9-827e-5a51e6ee6334,SC-03_20260928_0018.jpg,2026-09-28 09:32:09,SC-03,smartphone,saudavel,saudavel,0.9679,agrosmart-v1,simulado,sim-2026-09
c8d0ebd2-5e87-56e7-aa1a-5e481a3524c3,BV-01_20260928_0018.jpg,2026-09-28 09:32:11,BV-01,smartphone,doente,requeima,0.9388,agrosmart-v1,simulado,sim-2026-09
6d9b569c-b7d2-5618-8bab-a498410d19bb,SC-03_20260928_0019.jpg,2026-09-28 09:32:45,SC-03,smartphone,saudavel,saudavel,0.9970,agrosmart-v1,simulado,sim-2026-09
c8b6d652-92c8-529f-9655-722940d074ad,BV-01_20260928_0019.jpg,2026-09-28 09:32:47,BV-01,smartphone,saudavel,saudavel,0.9996,agrosmart-v1,simulado,sim-2026-09
793c2986-d907-54f6-aabd-66bd63f5b186,TI-04_20260928_0019.jpg,2026-09-28 09:33:00,TI-04,drone,saudavel,saudavel,0.8760,agrosmart-v1,simulado,sim-2026-09
8f8f3dcb-f7de-51dd-a944-27c06ee17640,SC-03_20260928_0020.jpg,2026-09-28 09:33:22,SC-03,smartphone,saudavel,saudavel,0.8953,agrosmart-v1,simulado,sim-2026-09
bdae9fc0-b458-58b1-a695-00432f44ed49,TI-04_20260928_0020.jpg,2026-09-28 09:33:25,TI-04,drone,saudavel,saudavel,0.9992,agrosmart-v1,simulado,sim-2026-09
200bdeb3-3b85-549a-80df-b8fd399aa228,BV-01_20260928_0020.jpg,2026-09-28 09:33:41,BV-01,smartphone,doente,requeima,0.8744,agrosmart-v1,simulado,sim-2026-09
70a77f26-4ebc-5189-8c08-43b73e0d26cc,BV-01_20260928_0021.jpg,2026-09-28 09:34:05,BV-01,smartphone,saudavel,saudavel,0.8918,agrosmart-v1,simulado,sim-2026-09
9d96caea-4e5e-5452-98be-7c886fd99fe8,SC-03_20260928_0021.jpg,2026-09-28 09:34:09,SC-03,smartphone,saudavel,saudavel,0.9827,agrosmart-v1,simulado,sim-2026-09
af24b7cc-3132-523d-98f5-f283216fcf3a,TI-04_20260928_0021.jpg,2026-09-28 09:34:24,TI-04,drone,saudavel,saudavel,0.8722,agrosmart-v1,simulado,sim-2026-09
cca83d9b-a39c-5f81-aba1-41050429b6e1,SC-03_20260928_0022.jpg,2026-09-28 09:35:04,SC-03,smartphone,saudavel,saudavel,0.9962,agrosmart-v1,simulado,sim-2026-09
cdb16d4f-1164-5a59-b2ad-e456f19c7482,BV-01_20260928_0022.jpg,2026-09-28 09:35:05,BV-01,smartphone,saudavel,saudavel,0.9631,agrosmart-v1,simulado,sim-2026-09
1de4e5a9-05c7-53f9-a2dc-17529b495d72,TI-04_20260928_0022.jpg,2026-09-28 09:35:08,TI-04,drone,saudavel,saudavel,0.8552,agrosmart-v1,simulado,sim-2026-09
2169ec44-080b-504a-8567-a7d7e92d97d6,TI-04_20260928_0023.jpg,2026-09-28 09:35:22,TI-04,drone,saudavel,saudavel,0.9690,agrosmart-v1,simulado,sim-2026-09
a7ecc523-ce4e-5439-8f6f-10a17b620c8b,SC-03_20260928_0023.jpg,2026-09-28 09:35:33,SC-03,smartphone,saudavel,saudavel,0.9999,agrosmart-v1,simulado,sim-2026-09
6aa5bfdc-5ec7-5260-92e0-584fa260e6d8,BV-01_20260928_0023.jpg,2026-09-28 09:35:37,BV-01,smartphone,saudavel,saudavel,0.9574,agrosmart-v1,simulado,sim-2026-09
48faef26-e3f7-50ac-b9dc-b2d37d315698,BV-01_20260928_0024.jpg,2026-09-28 09:36:00,BV-01,smartphone,saudavel,saudavel,0.9837,agrosmart-v1,simulado,sim-2026-09
e1ab8cf3-b7a7-55d0-8013-22cbc0de71b8,TI-04_20260928_0024.jpg,2026-09-28 09:36:10,TI-04,drone,saudavel,saudavel,0.8601,agrosmart-v1,simulado,sim-2026-09
e502905a-45ba-580e-8765-c6de07e87197,SC-03_20260928_0024.jpg,2026-09-28 09:36:12,SC-03,smartphone,saudavel,saudavel,0.9984,agrosmart-v1,simulado,sim-2026-09
74f06540-b18e-5cd0-8fc4-9ac3f5d8a8d8,SC-03_20260928_0025.jpg,2026-09-28 09:36:43,SC-03,smartphone,doente,requeima,0.9582,agrosmart-v1,simulado,sim-2026-09
079b9e19-a73d-5312-8006-a1baf416353a,TI-04_20260928_0025.jpg,2026-09-28 09:36:45,TI-04,drone,saudavel,saudavel,0.9491,agrosmart-v1,simulado,sim-2026-09
51b84f49-d086-538d-9711-c0ea173d90fc,BV-01_20260928_0025.jpg,2026-09-28 09:36:56,BV-01,smartphone,saudavel,saudavel,0.8678,agrosmart-v1,simulado,sim-2026-09
cadbd1cb-7ada-5df9-bb99-f1cc4fcb0314,TI-04_20260928_0026.jpg,2026-09-28 09:37:29,TI-04,drone,doente,vaquinha,0.9420,agrosmart-v1,simulado,sim-2026-09
154ea693-859c-542d-9504-0b92a2f1ae0f,SC-03_20260928_0026.jpg,2026-09-28 09:37:47,SC-03,smartphone,saudavel,saudavel,0.9904,agrosmart-v1,simulado,sim-2026-09
65c106dc-6c3d-5487-9889-d2016d83927c,TI-04_20260928_0027.jpg,2026-09-28 09:38:10,TI-04,drone,saudavel,saudavel,0.9078,agrosmart-v1,simulado,sim-2026-09
404ee492-7ca4-536f-a345-d959184b5fd0,SC-03_20260928_0027.jpg,2026-09-28 09:38:20,SC-03,smartphone,saudavel,saudavel,0.8409,agrosmart-v1,simulado,sim-2026-09
ac0bdea9-a695-5c32-987c-29478e9198c4,SC-03_20260928_0028.jpg,2026-09-28 09:39:00,SC-03,smartphone,saudavel,saudavel,0.9721,agrosmart-v1,simulado,sim-2026-09
129eb3ee-86e4-5c21-bd34-c4d883299e0a,TI-04_20260928_0028.jpg,2026-09-28 09:39:05,TI-04,drone,saudavel,saudavel,0.9904,agrosmart-v1,simulado,sim-2026-09
0d9bf900-7a8e-599e-a453-4b819cd3cc39,TI-04_20260928_0029.jpg,2026-09-28 09:39:28,TI-04,drone,saudavel,saudavel,0.9709,agrosmart-v1,simulado,sim-2026-09
bc74657a-0604-530a-a9ae-ee7f4ee12140,SC-03_20260928_0029.jpg,2026-09-28 09:39:47,SC-03,smartphone,saudavel,saudavel,0.9994,agrosmart-v1,simulado,sim-2026-09
e372b406-e75b-5cbe-8845-4bedef310bfb,TI-04_20260928_0030.jpg,2026-09-28 09:40:10,TI-04,drone,saudavel,saudavel,0.9271,agrosmart-v1,simulado,sim-2026-09
7520e96f-0682-5e19-b629-3f618ba146cb,SC-03_20260928_0030.jpg,2026-09-28 09:40:20,SC-03,smartphone,saudavel,saudavel,0.9180,agrosmart-v1,simulado,sim-2026-09
b5f1b5ac-b6c0-53a7-88ff-3b613f6496ea,SC-03_20260928_0031.jpg,2026-09-28 09:40:49,SC-03,smartphone,saudavel,saudavel,0.9999,agrosmart-v1,simulado,sim-2026-09
409f3bd8-33ff-562f-80f4-9e11cb32340e,TI-04_20260928_0031.jpg,2026-09-28 09:41:07,TI-04,drone,doente,vaquinha,0.9491,agrosmart-v1,simulado,sim-2026-09
282fc00f-d2cf-53fa-9def-44616eb6b3b3,SC-03_20260928_0032.jpg,2026-09-28 09:41:34,SC-03,smartphone,saudavel,saudavel,0.8359,agrosmart-v1,simulado,sim-2026-09
49dfdd0f-beb5-542b-9139-4a47cc1cdc8f,TI-04_20260928_0032.jpg,2026-09-28 09:41:44,TI-04,drone,saudavel,saudavel,0.8861,agrosmart-v1,simulado,sim-2026-09
c467971f-4b8c-56c1-822d-9f4bfccecfaa,TI-04_20260928_0033.jpg,2026-09-28 09:42:21,TI-04,drone,saudavel,saudavel,0.9746,agrosmart-v1,simulado,sim-2026-09
97cd05b8-5637-5f12-9e75-b4ef915f03e4,TI-04_20260928_0034.jpg,2026-09-28 09:42:51,TI-04,drone,saudavel,saudavel,0.9881,agrosmart-v1,simulado,sim-2026-09
848a21cf-607c-5e24-8ee8-db3e09baf2f3,BV-02_20260928_0001.jpg,2026-09-28 09:55:01,BV-02,smartphone,saudavel,saudavel,0.9977,agrosmart-v1,simulado,sim-2026-09
c0d69cc8-15dc-5005-97c2-1d954a1eda61,BV-02_20260928_0002.jpg,2026-09-28 09:55:50,BV-02,smartphone,saudavel,saudavel,0.9244,agrosmart-v1,simulado,sim-2026-09
9a1f30a8-4d9d-5f66-b49e-f93f119084cc,BV-02_20260928_0003.jpg,2026-09-28 09:56:00,BV-02,smartphone,saudavel,saudavel,0.9696,agrosmart-v1,simulado,sim-2026-09
10f1d5aa-5bf1-5152-b285-8940a3bb0cfa,BV-02_20260928_0004.jpg,2026-09-28 09:57:03,BV-02,smartphone,saudavel,saudavel,0.9911,agrosmart-v1,simulado,sim-2026-09
d7506d40-251e-5690-8882-ecfff5b9f3b9,BV-02_20260928_0005.jpg,2026-09-28 09:57:34,BV-02,smartphone,saudavel,saudavel,0.9667,agrosmart-v1,simulado,sim-2026-09
34cd0dc9-bc34-5729-85b8-a6a3f1172583,BV-02_20260928_0006.jpg,2026-09-28 09:58:13,BV-02,smartphone,saudavel,saudavel,0.9606,agrosmart-v1,simulado,sim-2026-09
de237bc4-2a1f-5fea-92c1-35cd2549afe3,BV-02_20260928_0007.jpg,2026-09-28 09:59:09,BV-02,smartphone,saudavel,saudavel,0.8768,agrosmart-v1,simulado,sim-2026-09
b9600cf3-210e-557e-a06b-9c256ded973e,BV-02_20260928_0008.jpg,2026-09-28 09:59:40,BV-02,smartphone,saudavel,saudavel,0.8804,agrosmart-v1,simulado,sim-2026-09
a36391d0-3d5c-54bc-a543-62792ac32940,BV-02_20260928_0009.jpg,2026-09-28 10:00:29,BV-02,smartphone,saudavel,saudavel,0.9999,agrosmart-v1,simulado,sim-2026-09
10982b10-400f-5061-943e-21a836d9957b,BV-02_20260928_0010.jpg,2026-09-28 10:00:50,BV-02,smartphone,saudavel,saudavel,0.9220,agrosmart-v1,simulado,sim-2026-09
26e5af89-340c-56b3-8c82-9c9c9359599b,BV-02_20260928_0011.jpg,2026-09-28 10:01:20,BV-02,smartphone,saudavel,saudavel,0.9579,agrosmart-v1,simulado,sim-2026-09
d97abda9-8590-5ec8-9e91-3fdc0c2df532,BV-02_20260928_0012.jpg,2026-09-28 10:02:23,BV-02,smartphone,saudavel,saudavel,0.9828,agrosmart-v1,simulado,sim-2026-09
dc0addd3-6e88-5f87-b139-a4422d9eea00,BV-02_20260928_0013.jpg,2026-09-28 10:03:01,BV-02,smartphone,saudavel,saudavel,0.9932,agrosmart-v1,simulado,sim-2026-09
742c2546-1fd9-5cf3-8099-906ca2b5611f,BV-02_20260928_0014.jpg,2026-09-28 10:03:39,BV-02,smartphone,saudavel,saudavel,0.8315,agrosmart-v1,simulado,sim-2026-09
f8238597-d681-5759-9d17-62d4144154ce,BV-02_20260928_0015.jpg,2026-09-28 10:04:03,BV-02,smartphone,saudavel,saudavel,0.9915,agrosmart-v1,simulado,sim-2026-09
23887f72-c125-52d7-a22e-842b268b4ba3,BV-02_20260928_0016.jpg,2026-09-28 10:05:05,BV-02,smartphone,saudavel,saudavel,0.9986,agrosmart-v1,simulado,sim-2026-09
fe3d2d64-326a-5d8f-86df-644b236d2379,BV-02_20260928_0017.jpg,2026-09-28 10:05:49,BV-02,smartphone,saudavel,saudavel,0.9973,agrosmart-v1,simulado,sim-2026-09
a7190603-dec1-5e30-9625-8e0facbfbd31,BV-02_20260928_0018.jpg,2026-09-28 10:06:11,BV-02,smartphone,saudavel,saudavel,0.9957,agrosmart-v1,simulado,sim-2026-09
be5b30e1-cfc1-53af-8966-8ef6ffd3c3cf,BV-02_20260928_0019.jpg,2026-09-28 10:06:45,BV-02,smartphone,saudavel,saudavel,0.9999,agrosmart-v1,simulado,sim-2026-09
f2d42d9f-f0e0-56c1-867d-a079f4ab5471,BV-02_20260928_0020.jpg,2026-09-28 10:07:38,BV-02,smartphone,saudavel,saudavel,0.8681,agrosmart-v1,simulado,sim-2026-09
17f5f5ec-73eb-58aa-91c6-c2b174c9cba9,BV-02_20260928_0021.jpg,2026-09-28 10:08:11,BV-02,smartphone,saudavel,saudavel,0.9749,agrosmart-v1,simulado,sim-2026-09
5641343a-aae2-5ab3-bebf-ee707e2d2967,BV-02_20260928_0022.jpg,2026-09-28 10:09:06,BV-02,smartphone,saudavel,saudavel,0.9218,agrosmart-v1,simulado,sim-2026-09
5f8b9d75-10b7-5dcc-bb2f-1cf713fbf567,BV-02_20260928_0023.jpg,2026-09-28 10:09:27,BV-02,smartphone,saudavel,saudavel,0.9959,agrosmart-v1,simulado,sim-2026-09
8e12c26e-2475-593a-80e2-2a55641174ee,BV-02_20260928_0024.jpg,2026-09-28 10:10:26,BV-02,smartphone,saudavel,saudavel,0.9120,agrosmart-v1,simulado,sim-2026-09
2ee0e28b-ac6b-5ec8-b444-5aca27d22a0a,BV-02_20260928_0025.jpg,2026-09-28 10:10:56,BV-02,smartphone,saudavel,saudavel,0.9945,agrosmart-v1,simulado,sim-2026-09
18308930-90e5-5c41-a223-90680f5be0d4,BV-02_20260928_0026.jpg,2026-09-28 10:11:47,BV-02,smartphone,saudavel,saudavel,0.9134,agrosmart-v1,simulado,sim-2026-09
d62f7ce8-d3ba-53f9-b9f2-96459adf5820,BV-02_20260928_0027.jpg,2026-09-28 10:12:26,BV-02,smartphone,saudavel,saudavel,0.9774,agrosmart-v1,simulado,sim-2026-09
6ee1b6fd-ec21-5d8e-82db-d135cfc35e76,BV-02_20260928_0028.jpg,2026-09-28 10:12:53,BV-02,smartphone,saudavel,saudavel,0.9537,agrosmart-v1,simulado,sim-2026-09
89f8bdcf-6425-5999-ae83-05b88567deac,BV-02_20260928_0029.jpg,2026-09-28 10:13:35,BV-02,smartphone,saudavel,saudavel,0.8518,agrosmart-v1,simulado,sim-2026-09
cbaf937e-5799-580e-8c10-e496d2eec77d,BV-02_20260928_0030.jpg,2026-09-28 10:14:14,BV-02,smartphone,saudavel,saudavel,0.9937,agrosmart-v1,simulado,sim-2026-09
2073744d-c0ed-517f-9912-ab2a0670c449,BV-02_20260928_0031.jpg,2026-09-28 10:15:05,BV-02,smartphone,saudavel,saudavel,0.8948,agrosmart-v1,simulado,sim-2026-09
a873dd84-3e5c-5b0e-b9ac-56b8f19110d7,BV-02_20260928_0032.jpg,2026-09-28 10:15:46,BV-02,smartphone,saudavel,saudavel,0.9739,agrosmart-v1,simulado,sim-2026-09
1ef043c2-38af-5c73-b118-46739277f8cf,TI-04_20260930_0001.jpg,2026-09-30 07:17:45,TI-04,drone,saudavel,saudavel,0.9897,agrosmart-v1,simulado,sim-2026-09
2181454a-f8b9-5a8b-a7c9-1edf3463b35b,TI-04_20260930_0002.jpg,2026-09-30 07:18:30,TI-04,drone,saudavel,saudavel,0.9948,agrosmart-v1,simulado,sim-2026-09
876a5a32-ba7b-53c0-af87-da1e0b0ae3e6,TI-04_20260930_0003.jpg,2026-09-30 07:19:06,TI-04,drone,saudavel,saudavel,0.8938,agrosmart-v1,simulado,sim-2026-09
fee40742-0ad6-58c0-af5f-27e44c9cec60,TI-04_20260930_0004.jpg,2026-09-30 07:19:50,TI-04,drone,doente,vaquinha,0.9655,agrosmart-v1,simulado,sim-2026-09
604a660e-c47e-5367-9db4-673bdfebe1b1,TI-04_20260930_0005.jpg,2026-09-30 07:20:44,TI-04,drone,saudavel,saudavel,0.9802,agrosmart-v1,simulado,sim-2026-09
803833b5-d150-51f0-91ad-5990542de78f,TI-04_20260930_0006.jpg,2026-09-30 07:21:16,TI-04,drone,saudavel,saudavel,0.9215,agrosmart-v1,simulado,sim-2026-09
0e1615c1-2222-5e92-a44f-232c318d893b,TI-04_20260930_0007.jpg,2026-09-30 07:22:08,TI-04,drone,saudavel,saudavel,0.9920,agrosmart-v1,simulado,sim-2026-09
a5ca9872-8b96-5876-b98d-f7a2418bfd4f,TI-04_20260930_0008.jpg,2026-09-30 07:22:21,TI-04,drone,saudavel,saudavel,0.8285,agrosmart-v1,simulado,sim-2026-09
697e735b-d2e2-54ec-a2d6-d2a1a51b56cb,TI-04_20260930_0009.jpg,2026-09-30 07:23:24,TI-04,drone,saudavel,saudavel,0.9564,agrosmart-v1,simulado,sim-2026-09
4d398226-e161-5b33-92a3-684bb7a0bbc2,TI-04_20260930_0010.jpg,2026-09-30 07:24:09,TI-04,drone,doente,pinta_preta,0.7012,agrosmart-v1,simulado,sim-2026-09
57f899d8-dd3b-52df-a5ac-6420404e4a53,TI-04_20260930_0011.jpg,2026-09-30 07:24:47,TI-04,drone,saudavel,saudavel,0.9518,agrosmart-v1,simulado,sim-2026-09
9eab68c4-d62e-58d7-8c46-01d019250c6e,TI-04_20260930_0012.jpg,2026-09-30 07:25:15,TI-04,drone,saudavel,saudavel,0.8252,agrosmart-v1,simulado,sim-2026-09
4eac961d-ad52-5dd0-ad8a-f5c2c2c6dc0f,BV-02_20260930_0001.jpg,2026-09-30 07:26:07,BV-02,smartphone,saudavel,saudavel,0.8270,agrosmart-v1,simulado,sim-2026-09
9ea0ba1d-22ed-5d7f-ac50-f3aad357040d,TI-04_20260930_0013.jpg,2026-09-30 07:26:09,TI-04,drone,saudavel,saudavel,0.8700,agrosmart-v1,simulado,sim-2026-09
a4cdc4e5-d2a4-5fd0-8f21-ab7b9ea942d7,TI-04_20260930_0014.jpg,2026-09-30 07:26:31,TI-04,drone,saudavel,saudavel,0.9565,agrosmart-v1,simulado,sim-2026-09
c7511693-74f4-5acd-bc70-1eea0f1a76d4,BV-02_20260930_0002.jpg,2026-09-30 07:26:50,BV-02,smartphone,saudavel,saudavel,0.9435,agrosmart-v1,simulado,sim-2026-09
589ee6dc-d6de-50f5-972b-8c2386490653,TI-04_20260930_0015.jpg,2026-09-30 07:27:10,TI-04,drone,saudavel,saudavel,0.9734,agrosmart-v1,simulado,sim-2026-09
e7495843-2a3e-5e22-b9aa-e4e67eeeba05,BV-02_20260930_0003.jpg,2026-09-30 07:27:22,BV-02,smartphone,saudavel,saudavel,0.8672,agrosmart-v1,simulado,sim-2026-09
b60535da-7eee-5d9b-a76e-5cf9112630da,TI-04_20260930_0016.jpg,2026-09-30 07:27:41,TI-04,drone,saudavel,saudavel,0.9801,agrosmart-v1,simulado,sim-2026-09
780d76e7-d72c-53f8-9f8b-c5afc84bfdca,BV-02_20260930_0004.jpg,2026-09-30 07:28:06,BV-02,smartphone,saudavel,saudavel,0.8466,agrosmart-v1,simulado,sim-2026-09
575664d4-497f-5118-8f6b-dd1143b15aa0,TI-04_20260930_0017.jpg,2026-09-30 07:28:26,TI-04,drone,saudavel,saudavel,0.9968,agrosmart-v1,simulado,sim-2026-09
cf11b069-4253-57c7-8216-64bb6c339447,BV-02_20260930_0005.jpg,2026-09-30 07:28:37,BV-02,smartphone,saudavel,saudavel,0.8907,agrosmart-v1,simulado,sim-2026-09
95341601-21b8-5f05-9e1a-345f2690d6e0,BV-02_20260930_0006.jpg,2026-09-30 07:29:10,BV-02,smartphone,saudavel,saudavel,0.9876,agrosmart-v1,simulado,sim-2026-09
3dcd8464-ea9e-5dff-819d-712fcf86a332,TI-04_20260930_0018.jpg,2026-09-30 07:29:15,TI-04,drone,doente,vaquinha,0.9997,agrosmart-v1,simulado,sim-2026-09
748ab271-9a27-57f4-9d31-7d1f5b2ab706,TI-04_20260930_0019.jpg,2026-09-30 07:29:48,TI-04,drone,saudavel,saudavel,0.8926,agrosmart-v1,simulado,sim-2026-09
8c61c400-ee4f-52db-9496-4fd9664818d3,BV-02_20260930_0007.jpg,2026-09-30 07:30:10,BV-02,smartphone,saudavel,saudavel,0.9141,agrosmart-v1,simulado,sim-2026-09
72974ee8-4e64-562d-9e59-ff5db992246c,TI-04_20260930_0020.jpg,2026-09-30 07:30:43,TI-04,drone,saudavel,saudavel,0.9984,agrosmart-v1,simulado,sim-2026-09
71b71170-7ac0-54ea-9c4b-ac08d47c1a57,BV-02_20260930_0008.jpg,2026-09-30 07:30:50,BV-02,smartphone,saudavel,saudavel,0.9087,agrosmart-v1,simulado,sim-2026-09
b02e55d6-a643-563e-824b-0e9f4829dc47,BV-02_20260930_0009.jpg,2026-09-30 07:31:03,BV-02,smartphone,doente,pinta_preta,0.9846,agrosmart-v1,simulado,sim-2026-09
d1fc816a-7fa7-5d0c-8f80-bbc0b9da941a,TI-04_20260930_0021.jpg,2026-09-30 07:31:06,TI-04,drone,saudavel,saudavel,0.9395,agrosmart-v1,simulado,sim-2026-09
a48f662c-33f1-553a-87ea-c350cb665743,TI-04_20260930_0022.jpg,2026-09-30 07:31:43,TI-04,drone,saudavel,saudavel,0.9980,agrosmart-v1,simulado,sim-2026-09
79044451-7fcf-5bf6-97b1-5ce175a49762,BV-02_20260930_0010.jpg,2026-09-30 07:31:51,BV-02,smartphone,saudavel,saudavel,0.9191,agrosmart-v1,simulado,sim-2026-09
0c35da50-42a8-5dd2-9b3f-109a85314ceb,BV-02_20260930_0011.jpg,2026-09-30 07:32:24,BV-02,smartphone,saudavel,saudavel,0.9204,agrosmart-v1,simulado,sim-2026-09
2f390c03-1afb-5ab6-bd2a-3cbaedaedb0d,TI-04_20260930_0023.jpg,2026-09-30 07:32:29,TI-04,drone,saudavel,saudavel,0.9995,agrosmart-v1,simulado,sim-2026-09
4c909633-974e-5d4b-80fb-08fec4b1b28b,BV-02_20260930_0012.jpg,2026-09-30 07:33:27,BV-02,smartphone,saudavel,saudavel,0.9030,agrosmart-v1,simulado,sim-2026-09
38b91b1c-fb1d-5bce-b7ad-573a05a6a7c5,TI-04_20260930_0024.jpg,2026-09-30 07:33:27,TI-04,drone,saudavel,saudavel,0.9642,agrosmart-v1,simulado,sim-2026-09
d6301fcf-de49-53f5-9251-f1358b8c358f,BV-02_20260930_0013.jpg,2026-09-30 07:33:41,BV-02,smartphone,saudavel,saudavel,0.8787,agrosmart-v1,simulado,sim-2026-09
658c2ba1-3874-5617-919a-5dbbe1225abf,SC-04_20260930_0001.jpg,2026-09-30 07:34:01,SC-04,smartphone,saudavel,saudavel,0.9921,agrosmart-v1,simulado,sim-2026-09
ce79fe23-23fc-50e6-8270-90dd604ae420,TI-04_20260930_0025.jpg,2026-09-30 07:34:08,TI-04,drone,saudavel,saudavel,0.9058,agrosmart-v1,simulado,sim-2026-09
ce99879a-a4e9-533b-976b-b426ab6be96f,BV-02_20260930_0014.jpg,2026-09-30 07:34:30,BV-02,smartphone,saudavel,saudavel,0.9225,agrosmart-v1,simulado,sim-2026-09
81714f1f-cf88-5fdf-ac2e-f4e7adb6aaf7,SC-04_20260930_0002.jpg,2026-09-30 07:34:36,SC-04,smartphone,saudavel,saudavel,0.9868,agrosmart-v1,simulado,sim-2026-09
a8e5f4f1-3aa2-55fb-b09f-fe00cc963478,TI-04_20260930_0026.jpg,2026-09-30 07:34:46,TI-04,drone,saudavel,saudavel,0.9729,agrosmart-v1,simulado,sim-2026-09
7bac8169-5dd2-5915-a2a2-78307ba67721,BV-02_20260930_0015.jpg,2026-09-30 07:35:07,BV-02,smartphone,saudavel,saudavel,0.9273,agrosmart-v1,simulado,sim-2026-09
33d2fe6a-d77f-5800-8ef5-0c6cb07f5879,SC-04_20260930_0003.jpg,2026-09-30 07:35:14,SC-04,smartphone,saudavel,saudavel,0.8549,agrosmart-v1,simulado,sim-2026-09
79d0ed5b-6074-5bf7-ac1f-28a9d2eaeb9d,TI-04_20260930_0027.jpg,2026-09-30 07:35:19,TI-04,drone,saudavel,saudavel,0.9897,agrosmart-v1,simulado,sim-2026-09
dedb62a5-ba73-50f2-ac11-c294b30f901b,TI-04_20260930_0028.jpg,2026-09-30 07:35:41,TI-04,drone,saudavel,saudavel,0.9500,agrosmart-v1,simulado,sim-2026-09
dfd9227c-e485-56f7-ae1f-cb366943c8bf,SC-04_20260930_0004.jpg,2026-09-30 07:35:56,SC-04,smartphone,saudavel,saudavel,0.8751,agrosmart-v1,simulado,sim-2026-09
332b7aee-8704-5027-922c-c8ae74f1d435,BV-02_20260930_0016.jpg,2026-09-30 07:36:07,BV-02,smartphone,saudavel,saudavel,0.9992,agrosmart-v1,simulado,sim-2026-09
ea0e40d6-9d6b-5377-8daf-7e21e2d4bcc0,SC-04_20260930_0005.jpg,2026-09-30 07:36:26,SC-04,smartphone,saudavel,saudavel,0.5216,agrosmart-v1,simulado,sim-2026-09
4081156e-2245-5122-bbd8-9786a29544ab,TI-04_20260930_0029.jpg,2026-09-30 07:36:31,TI-04,drone,saudavel,saudavel,0.9748,agrosmart-v1,simulado,sim-2026-09
47461629-476c-54a1-ba0f-a264bcdf028e,BV-02_20260930_0017.jpg,2026-09-30 07:36:37,BV-02,smartphone,saudavel,saudavel,0.9717,agrosmart-v1,simulado,sim-2026-09
e101410c-6926-5b04-a8fc-f589c0f1570c,TI-04_20260930_0030.jpg,2026-09-30 07:37:05,TI-04,drone,saudavel,saudavel,0.8591,agrosmart-v1,simulado,sim-2026-09
6300cfad-1f4b-5be0-a8e8-abfee5c12a09,BV-02_20260930_0018.jpg,2026-09-30 07:37:08,BV-02,smartphone,saudavel,saudavel,0.9899,agrosmart-v1,simulado,sim-2026-09
6dd6eb84-5312-5a1a-b302-7de16918bb3b,SC-04_20260930_0006.jpg,2026-09-30 07:37:26,SC-04,smartphone,saudavel,saudavel,0.9488,agrosmart-v1,simulado,sim-2026-09
a7b0d82b-dd6b-545f-aa5a-5d8141580e6c,SC-04_20260930_0007.jpg,2026-09-30 07:37:41,SC-04,smartphone,saudavel,saudavel,0.9685,agrosmart-v1,simulado,sim-2026-09
086ad675-c515-5062-95a8-48dfe944234c,BV-02_20260930_0019.jpg,2026-09-30 07:37:50,BV-02,smartphone,saudavel,saudavel,0.9438,agrosmart-v1,simulado,sim-2026-09
53823ab6-d678-5cb5-8edb-7306a85e2429,BV-02_20260930_0020.jpg,2026-09-30 07:38:23,BV-02,smartphone,saudavel,saudavel,0.9811,agrosmart-v1,simulado,sim-2026-09
d03ee459-6e87-5153-9183-6f3217293d45,SC-04_20260930_0008.jpg,2026-09-30 07:38:43,SC-04,smartphone,saudavel,saudavel,0.9930,agrosmart-v1,simulado,sim-2026-09
ea9eba7c-c195-5b55-81a9-d919960a19d8,SC-04_20260930_0009.jpg,2026-09-30 07:39:04,SC-04,smartphone,saudavel,saudavel,0.9994,agrosmart-v1,simulado,sim-2026-09
7ff362c8-09a5-5215-8606-2df873ba8e85,BV-02_20260930_0021.jpg,2026-09-30 07:39:21,BV-02,smartphone,doente,pinta_preta,0.7292,agrosmart-v1,simulado,sim-2026-09
0f92a01c-1687-5c67-962e-d7b1edcecd08,SC-04_20260930_0010.jpg,2026-09-30 07:39:45,SC-04,smartphone,saudavel,saudavel,0.8440,agrosmart-v1,simulado,sim-2026-09
666ea1f2-77d8-597f-b1c1-abfedb283c0f,BV-02_20260930_0022.jpg,2026-09-30 07:40:01,BV-02,smartphone,saudavel,saudavel,0.8892,agrosmart-v1,simulado,sim-2026-09
bd3ba515-a680-5c33-8d70-b7ab88fb7ff3,BV-02_20260930_0023.jpg,2026-09-30 07:40:27,BV-02,smartphone,saudavel,saudavel,0.9067,agrosmart-v1,simulado,sim-2026-09
9cc45b3d-5a70-54be-aa61-fc86adb310f6,SC-04_20260930_0011.jpg,2026-09-30 07:40:33,SC-04,smartphone,saudavel,saudavel,0.9998,agrosmart-v1,simulado,sim-2026-09
17adeb30-7497-5c70-827a-708c8e6b31be,SC-04_20260930_0012.jpg,2026-09-30 07:41:07,SC-04,smartphone,saudavel,saudavel,0.8491,agrosmart-v1,simulado,sim-2026-09
b293100d-b7b8-5d6c-94c0-f0dc6a6756d6,BV-02_20260930_0024.jpg,2026-09-30 07:41:12,BV-02,smartphone,saudavel,saudavel,0.9039,agrosmart-v1,simulado,sim-2026-09
4e8b447d-00b7-5d14-b8c8-ac3a05f8a001,BV-02_20260930_0025.jpg,2026-09-30 07:41:41,BV-02,smartphone,saudavel,saudavel,0.9886,agrosmart-v1,simulado,sim-2026-09
f5a897dc-3d2e-556a-83a2-c13544de6adf,SC-04_20260930_0013.jpg,2026-09-30 07:41:58,SC-04,smartphone,saudavel,saudavel,0.9758,agrosmart-v1,simulado,sim-2026-09
acfc7a0a-586b-50c2-872d-e48fd0376e98,BV-02_20260930_0026.jpg,2026-09-30 07:42:25,BV-02,smartphone,saudavel,saudavel,0.9217,agrosmart-v1,simulado,sim-2026-09
4ea2c4e6-b715-5c51-beb1-dbc84857628d,SC-04_20260930_0014.jpg,2026-09-30 07:42:43,SC-04,smartphone,saudavel,saudavel,0.9566,agrosmart-v1,simulado,sim-2026-09
613f6216-d157-503e-8f3a-31071a1bf3e1,BV-02_20260930_0027.jpg,2026-09-30 07:43:13,BV-02,smartphone,saudavel,saudavel,0.9871,agrosmart-v1,simulado,sim-2026-09
6b2c511d-c9c6-5eb4-a3c0-7b8b5181b3f9,SC-04_20260930_0015.jpg,2026-09-30 07:43:29,SC-04,smartphone,saudavel,saudavel,0.9306,agrosmart-v1,simulado,sim-2026-09
7da90168-a6fd-5665-827c-97455e0191e1,SC-04_20260930_0016.jpg,2026-09-30 07:43:53,SC-04,smartphone,doente,vaquinha,0.9779,agrosmart-v1,simulado,sim-2026-09
0174244f-0127-553c-9847-242ea162d561,BV-02_20260930_0028.jpg,2026-09-30 07:44:04,BV-02,smartphone,saudavel,saudavel,0.9789,agrosmart-v1,simulado,sim-2026-09
dcfcb7d9-5eef-5c3d-bd2e-49513120a065,SC-04_20260930_0017.jpg,2026-09-30 07:44:30,SC-04,smartphone,saudavel,saudavel,0.8593,agrosmart-v1,simulado,sim-2026-09
a211d7d3-eee0-521e-81d9-4981ba74b22b,SC-04_20260930_0018.jpg,2026-09-30 07:45:28,SC-04,smartphone,saudavel,saudavel,0.9995,agrosmart-v1,simulado,sim-2026-09
d1af3881-c4a7-57fe-981a-3faf85b2d4c6,SC-04_20260930_0019.jpg,2026-09-30 07:46:01,SC-04,smartphone,saudavel,saudavel,0.9988,agrosmart-v1,simulado,sim-2026-09
91564f71-5bc2-5c5e-aa34-70ee7c414ae7,BV-04_20260930_0001.jpg,2026-09-30 07:56:53,BV-04,smartphone,saudavel,saudavel,0.8264,agrosmart-v1,simulado,sim-2026-09
dd1c0fd6-5f31-5e39-9d0b-2f2287c84f33,BV-04_20260930_0002.jpg,2026-09-30 07:57:20,BV-04,smartphone,saudavel,saudavel,0.7811,agrosmart-v1,simulado,sim-2026-09
21b5f9c7-a5ea-518d-a05a-a6794af09822,TI-02_20260930_0001.jpg,2026-09-30 07:58:05,TI-02,drone,saudavel,saudavel,0.9291,agrosmart-v1,simulado,sim-2026-09
d4fd7650-8dff-58cd-b10a-60e084d64c00,BV-04_20260930_0003.jpg,2026-09-30 07:58:22,BV-04,smartphone,saudavel,saudavel,0.8685,agrosmart-v1,simulado,sim-2026-09
7863a99e-254d-5e47-b3f5-01838d7f0a07,BV-04_20260930_0004.jpg,2026-09-30 07:58:44,BV-04,smartphone,saudavel,saudavel,0.8317,agrosmart-v1,simulado,sim-2026-09
6bfd5843-a04b-5185-85d8-f282795ac7be,TI-02_20260930_0002.jpg,2026-09-30 07:58:50,TI-02,drone,saudavel,saudavel,0.8845,agrosmart-v1,simulado,sim-2026-09
1a295ca6-670d-53e8-a99f-42808ddbe2e1,TI-02_20260930_0003.jpg,2026-09-30 07:59:23,TI-02,drone,saudavel,saudavel,0.9965,agrosmart-v1,simulado,sim-2026-09
78f2ca4c-f362-5250-884a-04088d8a5a3a,BV-04_20260930_0005.jpg,2026-09-30 07:59:40,BV-04,smartphone,saudavel,saudavel,0.9974,agrosmart-v1,simulado,sim-2026-09
94d44639-e290-503b-9337-ff4fd767bdc4,TI-02_20260930_0004.jpg,2026-09-30 08:00:00,TI-02,drone,saudavel,saudavel,0.9245,agrosmart-v1,simulado,sim-2026-09
b8a6866b-4c70-5399-b008-25f7944b0607,BV-04_20260930_0006.jpg,2026-09-30 08:00:06,BV-04,smartphone,saudavel,saudavel,0.9544,agrosmart-v1,simulado,sim-2026-09
c9387342-ab33-5680-85a4-9681061e1c06,TI-02_20260930_0005.jpg,2026-09-30 08:00:27,TI-02,drone,saudavel,saudavel,0.9567,agrosmart-v1,simulado,sim-2026-09
c5fd2481-9837-5ece-be7a-4da2d7483b4d,BV-04_20260930_0007.jpg,2026-09-30 08:00:57,BV-04,smartphone,saudavel,saudavel,0.9444,agrosmart-v1,simulado,sim-2026-09
9cc8077d-d965-5cf0-b882-fb58983a26a5,TI-02_20260930_0006.jpg,2026-09-30 08:01:02,TI-02,drone,saudavel,saudavel,0.9947,agrosmart-v1,simulado,sim-2026-09
3223aa5f-f65f-50d4-a129-e01d9c3c5e63,BV-04_20260930_0008.jpg,2026-09-30 08:01:34,BV-04,smartphone,saudavel,saudavel,0.9877,agrosmart-v1,simulado,sim-2026-09
b15e4f73-a767-53ad-8821-981772ec0fcc,TI-02_20260930_0007.jpg,2026-09-30 08:02:10,TI-02,drone,saudavel,saudavel,0.8606,agrosmart-v1,simulado,sim-2026-09
52daa65e-60ed-5a43-8e77-f76a0f21a1bc,BV-04_20260930_0009.jpg,2026-09-30 08:02:19,BV-04,smartphone,saudavel,saudavel,0.8698,agrosmart-v1,simulado,sim-2026-09
0ca3458a-6822-5264-b3aa-8a3dafdf519a,TI-02_20260930_0008.jpg,2026-09-30 08:02:39,TI-02,drone,saudavel,saudavel,0.9551,agrosmart-v1,simulado,sim-2026-09
19ad6dd5-cdaf-5ab9-915d-d613732918c7,BV-04_20260930_0010.jpg,2026-09-30 08:03:03,BV-04,smartphone,saudavel,saudavel,0.9254,agrosmart-v1,simulado,sim-2026-09
e4d56ae6-1b99-589f-ae3c-720df4753880,TI-02_20260930_0009.jpg,2026-09-30 08:03:21,TI-02,drone,saudavel,saudavel,0.9537,agrosmart-v1,simulado,sim-2026-09
b3be22d3-21b3-5d0d-a5ec-b7e34e8e226c,BV-04_20260930_0011.jpg,2026-09-30 08:03:33,BV-04,smartphone,saudavel,saudavel,0.9211,agrosmart-v1,simulado,sim-2026-09
9b06593a-b29a-5121-b42a-b1a3b1704baf,TI-02_20260930_0010.jpg,2026-09-30 08:03:52,TI-02,drone,saudavel,saudavel,0.9419,agrosmart-v1,simulado,sim-2026-09
abe81e79-7cbc-53ff-b575-a107a35208c2,BV-04_20260930_0012.jpg,2026-09-30 08:04:12,BV-04,smartphone,saudavel,saudavel,0.8318,agrosmart-v1,simulado,sim-2026-09
e087fbc2-6713-51d7-83f3-28d533b50ce9,TI-02_20260930_0011.jpg,2026-09-30 08:04:27,TI-02,drone,saudavel,saudavel,0.9661,agrosmart-v1,simulado,sim-2026-09
2d5200cd-31e3-5723-bdcd-17e03cab27f5,BV-04_20260930_0013.jpg,2026-09-30 08:04:48,BV-04,smartphone,doente,mosca_minadora,0.8241,agrosmart-v1,simulado,sim-2026-09
4ba3ebf5-5548-5d52-bb43-1e9d4ca95527,TI-02_20260930_0012.jpg,2026-09-30 08:05:08,TI-02,drone,saudavel,saudavel,0.9317,agrosmart-v1,simulado,sim-2026-09
3d089d2c-2274-5b9c-a2a5-3faf743f0e07,BV-04_20260930_0014.jpg,2026-09-30 08:05:26,BV-04,smartphone,saudavel,saudavel,0.8496,agrosmart-v1,simulado,sim-2026-09
5f2d7c7f-6ee9-5285-8843-e13ad21d0416,TI-02_20260930_0013.jpg,2026-09-30 08:06:05,TI-02,drone,saudavel,saudavel,0.8434,agrosmart-v1,simulado,sim-2026-09
e1ec6242-594d-5eba-a4eb-ed1e9608bfe1,BV-04_20260930_0015.jpg,2026-09-30 08:06:10,BV-04,smartphone,saudavel,saudavel,0.9049,agrosmart-v1,simulado,sim-2026-09
2d031baa-0ac2-5842-a901-d92d61391a87,TI-02_20260930_0014.jpg,2026-09-30 08:06:49,TI-02,drone,saudavel,saudavel,0.9248,agrosmart-v1,simulado,sim-2026-09
a73f30f0-67a4-5b3f-812b-d926921b70a3,BV-04_20260930_0016.jpg,2026-09-30 08:06:57,BV-04,smartphone,saudavel,saudavel,0.8318,agrosmart-v1,simulado,sim-2026-09
fec85248-428f-55cf-ae84-3b02204188d3,TI-02_20260930_0015.jpg,2026-09-30 08:07:28,TI-02,drone,saudavel,saudavel,0.9650,agrosmart-v1,simulado,sim-2026-09
b35c0088-12ca-5839-8ca3-f027fa9cd671,BV-04_20260930_0017.jpg,2026-09-30 08:07:47,BV-04,smartphone,saudavel,saudavel,0.9778,agrosmart-v1,simulado,sim-2026-09
020d16b7-8554-521e-ba8b-f909ca0e0231,TI-02_20260930_0016.jpg,2026-09-30 08:07:55,TI-02,drone,doente,pinta_preta,1.0000,agrosmart-v1,simulado,sim-2026-09
05ded928-79e6-5d2d-8541-390fcf03fb0a,BV-04_20260930_0018.jpg,2026-09-30 08:08:08,BV-04,smartphone,saudavel,saudavel,0.9998,agrosmart-v1,simulado,sim-2026-09
455bf9b7-811c-59ea-af90-3023b02b2f45,BV-04_20260930_0019.jpg,2026-09-30 08:08:47,BV-04,smartphone,saudavel,saudavel,0.9162,agrosmart-v1,simulado,sim-2026-09
0a37537f-91ea-566f-acec-18cbe34f7ada,TI-02_20260930_0017.jpg,2026-09-30 08:08:49,TI-02,drone,saudavel,saudavel,0.8317,agrosmart-v1,simulado,sim-2026-09
01a310a6-fe06-54ce-98a5-2be639eb272a,TI-02_20260930_0018.jpg,2026-09-30 08:09:00,TI-02,drone,saudavel,saudavel,0.9931,agrosmart-v1,simulado,sim-2026-09
cb96202b-a5fc-5c64-814c-97ea1837fc60,BV-04_20260930_0020.jpg,2026-09-30 08:09:42,BV-04,smartphone,saudavel,saudavel,0.6710,agrosmart-v1,simulado,sim-2026-09
0c9e1532-fe13-5283-b0e6-37c865b131a4,TI-02_20260930_0019.jpg,2026-09-30 08:09:57,TI-02,drone,saudavel,saudavel,0.8409,agrosmart-v1,simulado,sim-2026-09
1cca8fe5-2ef0-5bc9-ae71-fd43b2980d59,TI-02_20260930_0020.jpg,2026-09-30 08:10:36,TI-02,drone,doente,pinta_preta,0.9046,agrosmart-v1,simulado,sim-2026-09
f878c8c9-0299-5586-a658-d9ac17b25420,TI-02_20260930_0021.jpg,2026-09-30 08:11:28,TI-02,drone,saudavel,saudavel,0.9918,agrosmart-v1,simulado,sim-2026-09
803e21d0-4f08-5319-9177-d236fe39e404,TI-02_20260930_0022.jpg,2026-09-30 08:11:50,TI-02,drone,saudavel,saudavel,0.8655,agrosmart-v1,simulado,sim-2026-09
cb158244-82e9-5309-bb69-7a9945563db9,TI-02_20260930_0023.jpg,2026-09-30 08:12:34,TI-02,drone,saudavel,saudavel,0.6718,agrosmart-v1,simulado,sim-2026-09
cf534ea9-6245-5186-9982-023e9a49eddc,TI-02_20260930_0024.jpg,2026-09-30 08:13:05,TI-02,drone,saudavel,saudavel,0.9735,agrosmart-v1,simulado,sim-2026-09
116b182a-2a7e-5f71-ac3d-6700b8a7b1ea,TI-02_20260930_0025.jpg,2026-09-30 08:14:03,TI-02,drone,saudavel,saudavel,0.9616,agrosmart-v1,simulado,sim-2026-09
b3befdf0-a0c8-5f20-9027-83e33f22c681,TI-02_20260930_0026.jpg,2026-09-30 08:14:47,TI-02,drone,saudavel,saudavel,0.9860,agrosmart-v1,simulado,sim-2026-09
31635f02-9e4e-575b-8a6a-a64916427f9a,TI-02_20260930_0027.jpg,2026-09-30 08:15:25,TI-02,drone,saudavel,saudavel,0.9659,agrosmart-v1,simulado,sim-2026-09
e931b395-8735-5dbd-b16a-a05e55c327f8,TI-02_20260930_0028.jpg,2026-09-30 08:16:03,TI-02,drone,saudavel,saudavel,0.9870,agrosmart-v1,simulado,sim-2026-09
2860cb4b-b79a-5a67-9121-65ec8684e7fc,TI-02_20260930_0029.jpg,2026-09-30 08:16:29,TI-02,drone,saudavel,saudavel,0.9516,agrosmart-v1,simulado,sim-2026-09
fbdda6d5-5fb4-5664-a457-812488d1e2ad,TI-02_20260930_0030.jpg,2026-09-30 08:17:20,TI-02,drone,saudavel,saudavel,0.8983,agrosmart-v1,simulado,sim-2026-09
35f2cf77-606c-5667-8861-aa2d53ec6f62,TI-02_20260930_0031.jpg,2026-09-30 08:17:57,TI-02,drone,doente,pinta_preta,0.8428,agrosmart-v1,simulado,sim-2026-09
21fc5795-67bd-5173-a3fc-967590a3b890,TI-02_20260930_0032.jpg,2026-09-30 08:18:50,TI-02,drone,saudavel,saudavel,0.9061,agrosmart-v1,simulado,sim-2026-09
a75bdbc8-ca5d-571a-98fa-dc8ab2bfab4b,TI-02_20260930_0033.jpg,2026-09-30 08:19:01,TI-02,drone,saudavel,saudavel,0.8416,agrosmart-v1,simulado,sim-2026-09
0e4fc9f2-f5dd-5257-8067-ca3a90595226,TI-02_20260930_0034.jpg,2026-09-30 08:19:54,TI-02,drone,doente,pinta_preta,0.9763,agrosmart-v1,simulado,sim-2026-09
0d81f7cb-c01a-53fb-84de-84fccf9b38b1,TI-02_20260930_0035.jpg,2026-09-30 08:20:38,TI-02,drone,saudavel,saudavel,0.9961,agrosmart-v1,simulado,sim-2026-09
338424bc-6166-51e3-9960-c14d28e6cc4b,TI-02_20260930_0036.jpg,2026-09-30 08:21:26,TI-02,drone,saudavel,saudavel,0.9645,agrosmart-v1,simulado,sim-2026-09
1fe14aaf-0dbd-5dc1-ad63-89142ab139fd,TI-02_20260930_0037.jpg,2026-09-30 08:21:58,TI-02,drone,saudavel,saudavel,0.8636,agrosmart-v1,simulado,sim-2026-09
108a4b1f-0973-582f-b074-a26f4a0e32c5,TI-02_20260930_0038.jpg,2026-09-30 08:22:42,TI-02,drone,saudavel,saudavel,0.9692,agrosmart-v1,simulado,sim-2026-09
9c33133a-d15b-5bc7-8968-b9e94305843a,SC-01_20260930_0001.jpg,2026-09-30 08:22:57,SC-01,smartphone,saudavel,saudavel,0.9226,agrosmart-v1,simulado,sim-2026-09
23ed8169-434e-59a3-a661-9cc094b56c49,SC-01_20260930_0002.jpg,2026-09-30 08:23:30,SC-01,smartphone,saudavel,saudavel,0.9008,agrosmart-v1,simulado,sim-2026-09
17dab36c-c286-5112-a547-d1b374a69c7d,SC-01_20260930_0003.jpg,2026-09-30 08:24:22,SC-01,smartphone,saudavel,saudavel,0.9973,agrosmart-v1,simulado,sim-2026-09
edb5738b-06ff-58a1-9390-771ce9f11a09,SC-01_20260930_0004.jpg,2026-09-30 08:24:42,SC-01,smartphone,saudavel,saudavel,0.8865,agrosmart-v1,simulado,sim-2026-09
5a25c9f2-7dd5-5f68-8517-ed063471e95d,SC-01_20260930_0005.jpg,2026-09-30 08:25:29,SC-01,smartphone,saudavel,saudavel,0.9984,agrosmart-v1,simulado,sim-2026-09
9085845e-74c2-5035-a74e-dce3a155f1f3,SC-01_20260930_0006.jpg,2026-09-30 08:26:02,SC-01,smartphone,saudavel,saudavel,0.9876,agrosmart-v1,simulado,sim-2026-09
752ba3c7-cc01-55e5-87c4-a8e23dd1d3bc,SC-01_20260930_0007.jpg,2026-09-30 08:26:57,SC-01,smartphone,saudavel,saudavel,0.9915,agrosmart-v1,simulado,sim-2026-09
6fae0240-1c76-5c02-a508-9bad8953b7d9,SC-01_20260930_0008.jpg,2026-09-30 08:27:34,SC-01,smartphone,saudavel,saudavel,0.9994,agrosmart-v1,simulado,sim-2026-09
a35df3a7-a06c-5f43-b9a9-9142716422be,SC-01_20260930_0009.jpg,2026-09-30 08:28:14,SC-01,smartphone,saudavel,saudavel,0.6202,agrosmart-v1,simulado,sim-2026-09
fafd1f47-d05b-5358-8445-52acc2ab4531,SC-01_20260930_0010.jpg,2026-09-30 08:28:40,SC-01,smartphone,saudavel,saudavel,0.8434,agrosmart-v1,simulado,sim-2026-09
3bd5d961-08f5-5e1c-88ab-ff68d58be019,SC-01_20260930_0011.jpg,2026-09-30 08:29:26,SC-01,smartphone,saudavel,saudavel,0.9705,agrosmart-v1,simulado,sim-2026-09
8cd07740-c41f-5b59-948b-ade921e6f679,SC-01_20260930_0012.jpg,2026-09-30 08:30:22,SC-01,smartphone,saudavel,saudavel,0.8952,agrosmart-v1,simulado,sim-2026-09
fe0ce7b6-d1d7-5c50-bb39-698b0f34b134,SC-01_20260930_0013.jpg,2026-09-30 08:30:44,SC-01,smartphone,saudavel,saudavel,0.9631,agrosmart-v1,simulado,sim-2026-09
d99947f7-9f0d-52f0-a91f-818c8af65742,SC-01_20260930_0014.jpg,2026-09-30 08:31:44,SC-01,smartphone,doente,requeima,0.9503,agrosmart-v1,simulado,sim-2026-09
f46c3075-21de-50ad-944b-f7a35a4645da,SC-01_20260930_0015.jpg,2026-09-30 08:32:15,SC-01,smartphone,saudavel,saudavel,0.9526,agrosmart-v1,simulado,sim-2026-09
60738aac-e0d3-51ec-98b8-128b63ca8caa,SC-01_20260930_0016.jpg,2026-09-30 08:33:03,SC-01,smartphone,saudavel,saudavel,0.9895,agrosmart-v1,simulado,sim-2026-09
500389c5-b60a-5aad-aa55-7f69ce24688f,SC-01_20260930_0017.jpg,2026-09-30 08:33:36,SC-01,smartphone,saudavel,saudavel,0.9207,agrosmart-v1,simulado,sim-2026-09
787ea256-3c4e-5617-bf29-732f59ea39cd,SC-01_20260930_0018.jpg,2026-09-30 08:34:20,SC-01,smartphone,saudavel,saudavel,0.9376,agrosmart-v1,simulado,sim-2026-09
f175a210-1dce-5a39-9363-a547a909468a,SC-01_20260930_0019.jpg,2026-09-30 08:35:06,SC-01,smartphone,saudavel,saudavel,0.9424,agrosmart-v1,simulado,sim-2026-09
1648a6d2-cce7-55b4-9e1d-47122376d3a1,SC-01_20260930_0020.jpg,2026-09-30 08:35:36,SC-01,smartphone,saudavel,saudavel,0.9862,agrosmart-v1,simulado,sim-2026-09
0f10e9e7-39d5-5e6e-ab4a-60e6a23dd415,SC-01_20260930_0021.jpg,2026-09-30 08:36:21,SC-01,smartphone,saudavel,saudavel,0.9465,agrosmart-v1,simulado,sim-2026-09
c430f217-80ef-56f9-a4d8-318a0bf24135,SC-01_20260930_0022.jpg,2026-09-30 08:36:56,SC-01,smartphone,saudavel,saudavel,0.9632,agrosmart-v1,simulado,sim-2026-09
b2e7ea57-4876-5909-bb74-9cd2ede3a17c,SC-01_20260930_0023.jpg,2026-09-30 08:37:38,SC-01,smartphone,saudavel,saudavel,0.9951,agrosmart-v1,simulado,sim-2026-09
c699fc9d-7558-5380-9032-ad3458b66fdd,SC-01_20260930_0024.jpg,2026-09-30 08:38:23,SC-01,smartphone,saudavel,saudavel,0.9982,agrosmart-v1,simulado,sim-2026-09
979018d4-e8d6-51eb-b451-e4dae132e1b3,SC-01_20260930_0025.jpg,2026-09-30 08:38:51,SC-01,smartphone,saudavel,saudavel,0.9345,agrosmart-v1,simulado,sim-2026-09
df7a84dd-c9ca-5d72-88ce-5000e5175b12,SC-01_20260930_0026.jpg,2026-09-30 08:39:25,SC-01,smartphone,saudavel,saudavel,0.9855,agrosmart-v1,simulado,sim-2026-09
578cf71d-29e5-5e49-ac16-611dd7468801,SC-01_20260930_0027.jpg,2026-09-30 08:40:17,SC-01,smartphone,saudavel,saudavel,0.8222,agrosmart-v1,simulado,sim-2026-09
4d8674f5-6632-5e9a-9dc4-6fe0699d4158,SC-01_20260930_0028.jpg,2026-09-30 08:40:51,SC-01,smartphone,saudavel,saudavel,0.9029,agrosmart-v1,simulado,sim-2026-09
a6ff52ee-7255-551a-89a7-f3904aa0903a,SC-01_20260930_0029.jpg,2026-09-30 08:41:26,SC-01,smartphone,saudavel,saudavel,0.9245,agrosmart-v1,simulado,sim-2026-09
10c74a6a-4785-51bf-b304-f4d7ebe026bd,SC-01_20260930_0030.jpg,2026-09-30 08:42:24,SC-01,smartphone,saudavel,saudavel,0.8868,agrosmart-v1,simulado,sim-2026-09
694100f1-7dff-57e8-99e8-80eb98160367,SC-01_20260930_0031.jpg,2026-09-30 08:42:49,SC-01,smartphone,saudavel,saudavel,0.9805,agrosmart-v1,simulado,sim-2026-09
f42c0a65-d162-5a5e-b682-8c5fad250e71,SC-01_20260930_0032.jpg,2026-09-30 08:43:22,SC-01,smartphone,saudavel,saudavel,0.9678,agrosmart-v1,simulado,sim-2026-09
b7c31568-c771-5ebf-8de0-f779040155bb,SC-01_20260930_0033.jpg,2026-09-30 08:44:14,SC-01,smartphone,saudavel,saudavel,0.9285,agrosmart-v1,simulado,sim-2026-09
d4eed38c-9958-57c1-99d1-01b1221ffd85,SC-01_20260930_0034.jpg,2026-09-30 08:45:05,SC-01,smartphone,saudavel,saudavel,0.5255,agrosmart-v1,simulado,sim-2026-09
929db1e1-38ad-58fa-bb4d-fc75fd30dac5,SC-01_20260930_0035.jpg,2026-09-30 08:45:35,SC-01,smartphone,saudavel,saudavel,0.9830,agrosmart-v1,simulado,sim-2026-09
96c81142-7130-5432-838b-b9287f3344fa,TI-03_20260930_0001.jpg,2026-09-30 09:24:59,TI-03,drone,saudavel,saudavel,0.8865,agrosmart-v1,simulado,sim-2026-09
11b3e375-84ef-504c-9c20-54dc5be1aa09,TI-03_20260930_0002.jpg,2026-09-30 09:25:33,TI-03,drone,saudavel,saudavel,0.9995,agrosmart-v1,simulado,sim-2026-09
c04226ef-759a-54f7-b413-077c927d2761,TI-03_20260930_0003.jpg,2026-09-30 09:26:00,TI-03,drone,saudavel,saudavel,0.8301,agrosmart-v1,simulado,sim-2026-09
fe4f8ac7-f943-5eb7-b19d-e7ab60f8298e,TI-01_20260930_0001.jpg,2026-09-30 09:26:01,TI-01,drone,saudavel,saudavel,0.9993,agrosmart-v1,simulado,sim-2026-09
86421763-dab0-5b19-91b5-7555e6c0ae0d,TI-01_20260930_0002.jpg,2026-09-30 09:26:33,TI-01,drone,saudavel,saudavel,0.9577,agrosmart-v1,simulado,sim-2026-09
74034e86-1748-5506-a155-07223a5a8c19,TI-03_20260930_0004.jpg,2026-09-30 09:27:02,TI-03,drone,saudavel,saudavel,0.9568,agrosmart-v1,simulado,sim-2026-09
bb65029c-461d-52f3-9228-6c843a345fee,TI-01_20260930_0003.jpg,2026-09-30 09:27:06,TI-01,drone,doente,vaquinha,0.9020,agrosmart-v1,simulado,sim-2026-09
0980da1e-d179-57ff-b20a-e644b34bc1fc,TI-03_20260930_0005.jpg,2026-09-30 09:27:37,TI-03,drone,saudavel,saudavel,0.9658,agrosmart-v1,simulado,sim-2026-09
439ac1c7-21c3-5c9e-ada7-4168c82b42dc,TI-01_20260930_0004.jpg,2026-09-30 09:28:06,TI-01,drone,saudavel,saudavel,0.9876,agrosmart-v1,simulado,sim-2026-09
64202b60-de58-5228-88fb-b1c3a7b51d22,TI-03_20260930_0006.jpg,2026-09-30 09:28:24,TI-03,drone,saudavel,saudavel,0.8567,agrosmart-v1,simulado,sim-2026-09
c6111025-35bf-5b89-b05e-7206dd67e37c,TI-01_20260930_0005.jpg,2026-09-30 09:28:38,TI-01,drone,saudavel,saudavel,0.9979,agrosmart-v1,simulado,sim-2026-09
a79a63a6-a535-5166-8635-933a9ed9ef1a,TI-03_20260930_0007.jpg,2026-09-30 09:28:41,TI-03,drone,saudavel,saudavel,0.5941,agrosmart-v1,simulado,sim-2026-09
f13dee1e-aa47-5a43-ab22-36bc8ea2ba97,TI-01_20260930_0006.jpg,2026-09-30 09:29:15,TI-01,drone,saudavel,saudavel,0.8741,agrosmart-v1,simulado,sim-2026-09
f0aa3a97-5934-5402-8b9a-bedf5e941b3d,TI-03_20260930_0008.jpg,2026-09-30 09:29:45,TI-03,drone,doente,pinta_preta,0.9414,agrosmart-v1,simulado,sim-2026-09
a1c8a23e-b23e-5d55-bdf2-e2abf2405863,TI-03_20260930_0009.jpg,2026-09-30 09:30:03,TI-03,drone,saudavel,saudavel,0.9056,agrosmart-v1,simulado,sim-2026-09
c0b566ba-d42f-5dd5-beeb-847231fe626e,TI-01_20260930_0007.jpg,2026-09-30 09:30:06,TI-01,drone,doente,vaquinha,0.9961,agrosmart-v1,simulado,sim-2026-09
1ddcd88d-ed24-52fd-9045-f5919b0ceabe,TI-01_20260930_0008.jpg,2026-09-30 09:30:35,TI-01,drone,saudavel,saudavel,0.9705,agrosmart-v1,simulado,sim-2026-09
80f7406b-74e1-5bf1-9502-f09ee616704d,SC-02_20260930_0001.jpg,2026-09-30 09:30:53,SC-02,smartphone,saudavel,saudavel,0.9151,agrosmart-v1,simulado,sim-2026-09
825cff83-c690-5514-9811-0718991b85f6,TI-03_20260930_0010.jpg,2026-09-30 09:31:10,TI-03,drone,saudavel,saudavel,0.8741,agrosmart-v1,simulado,sim-2026-09
a4f64106-f350-510a-b9fb-019e0195f314,SC-02_20260930_0002.jpg,2026-09-30 09:31:25,SC-02,smartphone,saudavel,saudavel,0.8286,agrosmart-v1,simulado,sim-2026-09
dcaadf10-67c3-5bb6-82a4-0aee030b0e65,TI-01_20260930_0009.jpg,2026-09-30 09:31:29,TI-01,drone,saudavel,saudavel,0.9011,agrosmart-v1,simulado,sim-2026-09
4cbad297-378a-5252-94f0-36f7afe5ebd8,TI-03_20260930_0011.jpg,2026-09-30 09:31:46,TI-03,drone,saudavel,saudavel,0.9938,agrosmart-v1,simulado,sim-2026-09
864d2434-8ee2-5dc0-b3ed-d60a9acbe1fe,TI-01_20260930_0010.jpg,2026-09-30 09:31:54,TI-01,drone,doente,vaquinha,0.9337,agrosmart-v1,simulado,sim-2026-09
ed7dd437-293e-5f64-af08-a708c1cf0677,TI-03_20260930_0012.jpg,2026-09-30 09:32:23,TI-03,drone,saudavel,saudavel,0.8896,agrosmart-v1,simulado,sim-2026-09
3ac7f441-3123-5e6d-a6d8-580269ca43de,SC-02_20260930_0003.jpg,2026-09-30 09:32:28,SC-02,smartphone,saudavel,saudavel,0.9143,agrosmart-v1,simulado,sim-2026-09
67d6b652-1726-5ac4-b595-ae7b327c9b6a,SC-02_20260930_0004.jpg,2026-09-30 09:32:42,SC-02,smartphone,saudavel,saudavel,0.9316,agrosmart-v1,simulado,sim-2026-09
fc6910a7-c9ee-58f6-aa4b-3323af8cbe04,TI-01_20260930_0011.jpg,2026-09-30 09:32:46,TI-01,drone,saudavel,saudavel,0.8990,agrosmart-v1,simulado,sim-2026-09
05db49f9-45f2-5c3c-b005-094451577cbc,BV-01_20260930_0001.jpg,2026-09-30 09:32:48,BV-01,smartphone,saudavel,saudavel,0.9045,agrosmart-v1,simulado,sim-2026-09
41291977-7116-563f-81f9-beb37eced585,TI-03_20260930_0013.jpg,2026-09-30 09:33:02,TI-03,drone,saudavel,saudavel,0.9864,agrosmart-v1,simulado,sim-2026-09
534437d0-2eb6-5ed2-897f-08a280ff1fea,TI-01_20260930_0012.jpg,2026-09-30 09:33:19,TI-01,drone,saudavel,saudavel,0.9448,agrosmart-v1,simulado,sim-2026-09
f91f76d5-2117-5c35-a896-c5e0ddbc9be8,TI-03_20260930_0014.jpg,2026-09-30 09:33:26,TI-03,drone,saudavel,saudavel,0.9991,agrosmart-v1,simulado,sim-2026-09
ae273593-be9f-5420-adf1-d1e33e8d5b60,BV-01_20260930_0002.jpg,2026-09-30 09:33:33,BV-01,smartphone,doente,requeima,0.9217,agrosmart-v1,simulado,sim-2026-09
789079d6-9e19-50b5-8c96-6e35096144db,SC-02_20260930_0005.jpg,2026-09-30 09:33:44,SC-02,smartphone,saudavel,saudavel,0.9910,agrosmart-v1,simulado,sim-2026-09
2f6a166a-e7b9-5ca3-af5e-f86ff60e7840,TI-01_20260930_0013.jpg,2026-09-30 09:34:02,TI-01,drone,saudavel,saudavel,0.9902,agrosmart-v1,simulado,sim-2026-09
2b9809b0-239e-53ce-a027-cf7d148e1408,TI-03_20260930_0015.jpg,2026-09-30 09:34:12,TI-03,drone,saudavel,saudavel,0.9403,agrosmart-v1,simulado,sim-2026-09
49560c9c-b960-5607-90a3-367520b31bd2,BV-01_20260930_0003.jpg,2026-09-30 09:34:15,BV-01,smartphone,saudavel,saudavel,0.9400,agrosmart-v1,simulado,sim-2026-09
8173d0d2-2dbd-54e4-aac8-df52602d89a7,SC-02_20260930_0006.jpg,2026-09-30 09:34:15,SC-02,smartphone,saudavel,saudavel,0.9908,agrosmart-v1,simulado,sim-2026-09
24e5ae48-50de-5168-aa8e-f86273086ee9,TI-01_20260930_0014.jpg,2026-09-30 09:34:39,TI-01,drone,saudavel,saudavel,0.9746,agrosmart-v1,simulado,sim-2026-09
ed616029-ebc9-512e-885f-9fd4b66d611f,TI-03_20260930_0016.jpg,2026-09-30 09:34:42,TI-03,drone,saudavel,saudavel,0.9100,agrosmart-v1,simulado,sim-2026-09
e91d19da-57a4-544f-8507-6df0eb71adb0,BV-01_20260930_0004.jpg,2026-09-30 09:34:53,BV-01,smartphone,saudavel,saudavel,0.9003,agrosmart-v1,simulado,sim-2026-09
d2bb00b5-a486-563c-9eb1-654cb81388f9,SC-02_20260930_0007.jpg,2026-09-30 09:35:05,SC-02,smartphone,saudavel,saudavel,0.8231,agrosmart-v1,simulado,sim-2026-09
3082fdb3-c72e-5fce-a83c-7463a66b1490,TI-01_20260930_0015.jpg,2026-09-30 09:35:28,TI-01,drone,saudavel,saudavel,0.9976,agrosmart-v1,simulado,sim-2026-09
319f3ef5-0570-53b8-98a4-b8d2c6c9b99d,TI-03_20260930_0017.jpg,2026-09-30 09:35:29,TI-03,drone,saudavel,saudavel,0.8804,agrosmart-v1,simulado,sim-2026-09
6762796b-293e-579b-97b6-80a85286fe45,SC-02_20260930_0008.jpg,2026-09-30 09:35:39,SC-02,smartphone,saudavel,saudavel,0.9982,agrosmart-v1,simulado,sim-2026-09
e5bc6dc3-69fd-5087-9530-7ff792a62fef,BV-01_20260930_0005.jpg,2026-09-30 09:35:50,BV-01,smartphone,saudavel,saudavel,0.9979,agrosmart-v1,simulado,sim-2026-09
86f7dd9d-18ce-518b-aa62-d2963c46d640,TI-01_20260930_0016.jpg,2026-09-30 09:36:02,TI-01,drone,saudavel,saudavel,0.9994,agrosmart-v1,simulado,sim-2026-09
e1b0ea91-f3ea-531c-8066-b7adf108ff81,TI-03_20260930_0018.jpg,2026-09-30 09:36:07,TI-03,drone,saudavel,saudavel,0.9531,agrosmart-v1,simulado,sim-2026-09
7de3392c-dd07-5dfa-932d-ec0a4a55cc94,SC-02_20260930_0009.jpg,2026-09-30 09:36:15,SC-02,smartphone,saudavel,saudavel,0.9407,agrosmart-v1,simulado,sim-2026-09
6235a9cf-aeab-59ab-8f91-1574ac5469dc,BV-01_20260930_0006.jpg,2026-09-30 09:36:20,BV-01,smartphone,saudavel,saudavel,0.8545,agrosmart-v1,simulado,sim-2026-09
8d3cecea-cb11-5795-b445-35b7a6835879,TI-01_20260930_0017.jpg,2026-09-30 09:36:31,TI-01,drone,saudavel,saudavel,0.9230,agrosmart-v1,simulado,sim-2026-09
378e280c-f445-5e98-bb43-69acf94a83c8,SC-02_20260930_0010.jpg,2026-09-30 09:36:54,SC-02,smartphone,saudavel,saudavel,0.9954,agrosmart-v1,simulado,sim-2026-09
9fb885e7-dc32-5377-9c77-2c29a18bc608,TI-03_20260930_0019.jpg,2026-09-30 09:37:02,TI-03,drone,saudavel,saudavel,0.9120,agrosmart-v1,simulado,sim-2026-09
ef38cc9e-3fb3-54ff-af22-c3c2398f4f3c,TI-01_20260930_0018.jpg,2026-09-30 09:37:04,TI-01,drone,saudavel,saudavel,0.9947,agrosmart-v1,simulado,sim-2026-09
2e16b8a8-538a-561a-9540-d92d93a001a1,BV-01_20260930_0007.jpg,2026-09-30 09:37:10,BV-01,smartphone,saudavel,saudavel,0.9945,agrosmart-v1,simulado,sim-2026-09
0f58f832-fbb9-5d6d-8c2a-8c20abd9820f,TI-03_20260930_0020.jpg,2026-09-30 09:37:23,TI-03,drone,saudavel,saudavel,0.9434,agrosmart-v1,simulado,sim-2026-09
f016adfe-ca94-58c9-bddf-25f4c439465b,SC-02_20260930_0011.jpg,2026-09-30 09:37:29,SC-02,smartphone,saudavel,saudavel,0.9742,agrosmart-v1,simulado,sim-2026-09
f78de7db-2c20-5236-b22b-a9977c9c7541,BV-01_20260930_0008.jpg,2026-09-30 09:37:31,BV-01,smartphone,saudavel,saudavel,0.9725,agrosmart-v1,simulado,sim-2026-09
e9539d54-3975-5daa-8024-c79b777c0481,TI-01_20260930_0019.jpg,2026-09-30 09:37:59,TI-01,drone,saudavel,saudavel,0.9742,agrosmart-v1,simulado,sim-2026-09
cce2dca3-3409-5d8c-9b8b-6ec7e148bd96,BV-01_20260930_0009.jpg,2026-09-30 09:38:08,BV-01,smartphone,saudavel,saudavel,0.9997,agrosmart-v1,simulado,sim-2026-09
5b9ce923-737d-5d8b-9e81-6bd2fbfad6f6,SC-02_20260930_0012.jpg,2026-09-30 09:38:24,SC-02,smartphone,saudavel,saudavel,0.8429,agrosmart-v1,simulado,sim-2026-09
21a5517e-bc20-59f7-98c4-b779201e8462,TI-03_20260930_0021.jpg,2026-09-30 09:38:25,TI-03,drone,saudavel,saudavel,0.9875,agrosmart-v1,simulado,sim-2026-09
edfbb64b-fd98-5cb0-9444-bf757f84f943,TI-01_20260930_0020.jpg,2026-09-30 09:38:37,TI-01,drone,saudavel,saudavel,0.9864,agrosmart-v1,simulado,sim-2026-09
0879a1d8-8da3-5317-84db-c083737de102,SC-02_20260930_0013.jpg,2026-09-30 09:38:41,SC-02,smartphone,saudavel,saudavel,0.6541,agrosmart-v1,simulado,sim-2026-09
dca857dc-0387-581d-9f6e-862a66d6afc7,BV-01_20260930_0010.jpg,2026-09-30 09:38:50,BV-01,smartphone,saudavel,saudavel,0.9973,agrosmart-v1,simulado,sim-2026-09
71e9856a-d99e-5623-aa57-9b35d2e8c033,TI-03_20260930_0022.jpg,2026-09-30 09:38:57,TI-03,drone,saudavel,saudavel,0.9990,agrosmart-v1,simulado,sim-2026-09
226fe583-d50d-523f-a5c2-d3569d9944b8,TI-01_20260930_0021.jpg,2026-09-30 09:39:29,TI-01,drone,saudavel,saudavel,0.8711,agrosmart-v1,simulado,sim-2026-09
3bfd17b1-0303-50c0-9f03-b170ea506a3b,TI-03_20260930_0023.jpg,2026-09-30 09:39:29,TI-03,drone,saudavel,saudavel,0.9997,agrosmart-v1,simulado,sim-2026-09
7032916a-4fe1-5743-824b-d413e710c09e,BV-01_20260930_0011.jpg,2026-09-30 09:39:38,BV-01,smartphone,saudavel,saudavel,0.8870,agrosmart-v1,simulado,sim-2026-09
e3fb2a60-266a-5b4f-bde0-e73c7e256395,TI-01_20260930_0022.jpg,2026-09-30 09:39:41,TI-01,drone,saudavel,saudavel,0.9835,agrosmart-v1,simulado,sim-2026-09
2eb325c1-a8c7-5296-9193-6adf5ed4e0c7,SC-02_20260930_0014.jpg,2026-09-30 09:39:44,SC-02,smartphone,saudavel,saudavel,0.9994,agrosmart-v1,simulado,sim-2026-09
c315d235-562d-56ea-83cb-f5476b10d65e,BV-01_20260930_0012.jpg,2026-09-30 09:40:00,BV-01,smartphone,saudavel,saudavel,0.9154,agrosmart-v1,simulado,sim-2026-09
b2220813-32c4-5b49-9f88-702a06b69279,TI-03_20260930_0024.jpg,2026-09-30 09:40:10,TI-03,drone,saudavel,saudavel,0.8671,agrosmart-v1,simulado,sim-2026-09
866c5ed3-2740-5d68-b78b-352fc660d068,SC-02_20260930_0015.jpg,2026-09-30 09:40:26,SC-02,smartphone,saudavel,saudavel,0.8628,agrosmart-v1,simulado,sim-2026-09
a07d2e15-d259-5ae3-a53a-8347c78673e5,BV-01_20260930_0013.jpg,2026-09-30 09:40:44,BV-01,smartphone,saudavel,saudavel,0.9849,agrosmart-v1,simulado,sim-2026-09
5b2b6c92-2443-5e82-8cb7-fceef678e5b3,TI-01_20260930_0023.jpg,2026-09-30 09:40:48,TI-01,drone,saudavel,saudavel,0.9740,agrosmart-v1,simulado,sim-2026-09
96308828-4787-5bb6-b063-6860aa6dbb76,SC-02_20260930_0016.jpg,2026-09-30 09:40:55,SC-02,smartphone,saudavel,saudavel,0.9136,agrosmart-v1,simulado,sim-2026-09
beb587c4-d817-53dc-ac12-e55cc103ae07,TI-03_20260930_0025.jpg,2026-09-30 09:41:10,TI-03,drone,saudavel,saudavel,0.9274,agrosmart-v1,simulado,sim-2026-09
1e82e2fe-c8ce-5027-9fe9-fcadb8c2258d,TI-01_20260930_0024.jpg,2026-09-30 09:41:21,TI-01,drone,saudavel,saudavel,0.9022,agrosmart-v1,simulado,sim-2026-09
b8b00756-cb83-5668-a0dc-6114017f65b0,BV-01_20260930_0014.jpg,2026-09-30 09:41:25,BV-01,smartphone,saudavel,saudavel,0.9850,agrosmart-v1,simulado,sim-2026-09
8fbbe7da-9168-5dab-a732-f18f2a7943ed,SC-02_20260930_0017.jpg,2026-09-30 09:41:27,SC-02,smartphone,saudavel,saudavel,0.9138,agrosmart-v1,simulado,sim-2026-09
d73f32d8-3f8b-565f-9164-a3a17277c09b,TI-03_20260930_0026.jpg,2026-09-30 09:41:44,TI-03,drone,saudavel,saudavel,0.8752,agrosmart-v1,simulado,sim-2026-09
fb5d3b3b-3bab-5f22-a84d-412d176cdf79,TI-01_20260930_0025.jpg,2026-09-30 09:41:56,TI-01,drone,saudavel,saudavel,0.9774,agrosmart-v1,simulado,sim-2026-09
e7118868-eeaf-5106-8cfd-758ce0c4a798,BV-01_20260930_0015.jpg,2026-09-30 09:42:00,BV-01,smartphone,saudavel,saudavel,0.9915,agrosmart-v1,simulado,sim-2026-09
def26cd2-594e-5649-bb17-d7b090ee07cb,SC-02_20260930_0018.jpg,2026-09-30 09:42:03,SC-02,smartphone,saudavel,saudavel,0.9896,agrosmart-v1,simulado,sim-2026-09
b89875ba-df56-53c7-8c3b-abeffdb095e3,TI-03_20260930_0027.jpg,2026-09-30 09:42:03,TI-03,drone,saudavel,saudavel,0.9805,agrosmart-v1,simulado,sim-2026-09
52c1ac38-d369-5a76-9ee3-fb5cae1401cd,TI-01_20260930_0026.jpg,2026-09-30 09:42:29,TI-01,drone,saudavel,saudavel,0.9324,agrosmart-v1,simulado,sim-2026-09
d3f6d4ab-9507-5143-8dc2-d5be52365284,BV-01_20260930_0016.jpg,2026-09-30 09:42:43,BV-01,smartphone,saudavel,saudavel,0.9832,agrosmart-v1,simulado,sim-2026-09
2a515afe-8ae2-5fd8-9fef-5a2d63fb45a5,TI-03_20260930_0028.jpg,2026-09-30 09:42:45,TI-03,drone,saudavel,saudavel,0.8621,agrosmart-v1,simulado,sim-2026-09
639ff20e-24b4-57d3-8365-2f07f0b5f792,SC-02_20260930_0019.jpg,2026-09-30 09:43:00,SC-02,smartphone,saudavel,saudavel,1.0000,agrosmart-v1,simulado,sim-2026-09
561cb262-14ea-5141-a281-74b587df93b4,TI-01_20260930_0027.jpg,2026-09-30 09:43:27,TI-01,drone,saudavel,saudavel,0.8594,agrosmart-v1,simulado,sim-2026-09
c510c6c5-3202-515a-a869-5a618530453f,SC-02_20260930_0020.jpg,2026-09-30 09:43:36,SC-02,smartphone,saudavel,saudavel,0.9991,agrosmart-v1,simulado,sim-2026-09
c9bbe5b2-5727-59b2-afbe-a4f76f098675,BV-01_20260930_0017.jpg,2026-09-30 09:43:41,BV-01,smartphone,saudavel,saudavel,0.9996,agrosmart-v1,simulado,sim-2026-09
f6aead5e-5c03-58a2-86f0-0f36af038270,SC-03_20260930_0001.jpg,2026-09-30 09:43:46,SC-03,smartphone,saudavel,saudavel,0.8970,agrosmart-v1,simulado,sim-2026-09
639aad23-6e8d-5e07-9737-2417e0373bed,TI-03_20260930_0029.jpg,2026-09-30 09:43:49,TI-03,drone,saudavel,saudavel,0.9167,agrosmart-v1,simulado,sim-2026-09
7b23db99-b9c2-50dd-8c49-02fd53455f91,TI-01_20260930_0028.jpg,2026-09-30 09:44:05,TI-01,drone,saudavel,saudavel,0.9328,agrosmart-v1,simulado,sim-2026-09
aaf65c96-a9fd-5227-a8b4-805654649466,TI-03_20260930_0030.jpg,2026-09-30 09:44:18,TI-03,drone,saudavel,saudavel,0.8666,agrosmart-v1,simulado,sim-2026-09
7b815195-8030-5383-b129-e90896e3ad60,SC-03_20260930_0002.jpg,2026-09-30 09:44:22,SC-03,smartphone,saudavel,saudavel,0.9761,agrosmart-v1,simulado,sim-2026-09
d5cfffd3-4f31-5580-a348-1ae496450457,BV-01_20260930_0018.jpg,2026-09-30 09:44:28,BV-01,smartphone,saudavel,saudavel,0.8672,agrosmart-v1,simulado,sim-2026-09
e847e15a-4233-5e8f-9059-2ff8e5d42180,SC-02_20260930_0021.jpg,2026-09-30 09:44:28,SC-02,smartphone,saudavel,saudavel,0.9789,agrosmart-v1,simulado,sim-2026-09
9de48992-9c58-5540-83a7-1e6e84ec171a,TI-01_20260930_0029.jpg,2026-09-30 09:44:37,TI-01,drone,saudavel,saudavel,0.7271,agrosmart-v1,simulado,sim-2026-09
3b4a8d5e-085f-583f-8c1d-ccfd45671d91,SC-02_20260930_0022.jpg,2026-09-30 09:44:40,SC-02,smartphone,doente,requeima,0.8673,agrosmart-v1,simulado,sim-2026-09
4416513d-945d-501c-8012-6e42e3683217,TI-03_20260930_0031.jpg,2026-09-30 09:44:50,TI-03,drone,saudavel,saudavel,0.8422,agrosmart-v1,simulado,sim-2026-09
c2bcf56b-f618-556b-89f8-23ba631ef189,BV-01_20260930_0019.jpg,2026-09-30 09:45:04,BV-01,smartphone,saudavel,saudavel,0.8363,agrosmart-v1,simulado,sim-2026-09
06c5dd6e-2f22-567f-9f75-a2535bc96122,SC-03_20260930_0003.jpg,2026-09-30 09:45:05,SC-03,smartphone,saudavel,saudavel,0.9886,agrosmart-v1,simulado,sim-2026-09
21829cf1-2ffd-5214-b6cd-aeb1329b14f0,TI-01_20260930_0030.jpg,2026-09-30 09:45:13,TI-01,drone,saudavel,saudavel,0.9763,agrosmart-v1,simulado,sim-2026-09
a3c0ccca-7afe-5978-b7fb-d667aca6f96c,BV-01_20260930_0020.jpg,2026-09-30 09:45:24,BV-01,smartphone,saudavel,saudavel,0.9930,agrosmart-v1,simulado,sim-2026-09
8db410e4-f9f3-5d12-a3da-f42717500a14,TI-03_20260930_0032.jpg,2026-09-30 09:45:36,TI-03,drone,saudavel,saudavel,0.9665,agrosmart-v1,simulado,sim-2026-09
9fcf621a-46e6-5304-8343-99b88d13bd21,SC-02_20260930_0023.jpg,2026-09-30 09:45:41,SC-02,smartphone,saudavel,saudavel,0.9782,agrosmart-v1,simulado,sim-2026-09
f644021d-7263-57f3-b816-08ba21654445,SC-03_20260930_0004.jpg,2026-09-30 09:45:45,SC-03,smartphone,saudavel,saudavel,0.9660,agrosmart-v1,simulado,sim-2026-09
8023564f-2fdf-583e-8507-ba223a0a93ed,TI-01_20260930_0031.jpg,2026-09-30 09:45:56,TI-01,drone,saudavel,saudavel,0.8253,agrosmart-v1,simulado,sim-2026-09
cead11c9-0a39-53fb-94a6-32439114d094,BV-01_20260930_0021.jpg,2026-09-30 09:46:02,BV-01,smartphone,saudavel,saudavel,0.9998,agrosmart-v1,simulado,sim-2026-09
75ce1e93-4c92-50ee-bcad-8d23b76b59f0,TI-03_20260930_0033.jpg,2026-09-30 09:46:14,TI-03,drone,saudavel,saudavel,0.9608,agrosmart-v1,simulado,sim-2026-09
5353b41b-4a01-5363-82bd-1460c99580c5,SC-02_20260930_0024.jpg,2026-09-30 09:46:29,SC-02,smartphone,saudavel,saudavel,0.9419,agrosmart-v1,simulado,sim-2026-09
894623bd-2594-590b-8fa9-c9cfb61fdff7,SC-03_20260930_0005.jpg,2026-09-30 09:46:33,SC-03,smartphone,saudavel,saudavel,0.9785,agrosmart-v1,simulado,sim-2026-09
393eeb39-c2dd-5ae5-b8a1-c8581399e465,TI-01_20260930_0032.jpg,2026-09-30 09:46:33,TI-01,drone,saudavel,saudavel,0.9512,agrosmart-v1,simulado,sim-2026-09
314b86f6-06e5-5efc-ae04-25e99660b545,BV-01_20260930_0022.jpg,2026-09-30 09:46:47,BV-01,smartphone,saudavel,saudavel,0.9270,agrosmart-v1,simulado,sim-2026-09
33525c51-6ab2-50e7-aec4-14b85c1c9d74,TI-01_20260930_0033.jpg,2026-09-30 09:47:02,TI-01,drone,doente,vaquinha,0.9692,agrosmart-v1,simulado,sim-2026-09
0fd85229-0f44-5156-a2a1-e833c0f21057,TI-03_20260930_0034.jpg,2026-09-30 09:47:02,TI-03,drone,saudavel,saudavel,0.8341,agrosmart-v1,simulado,sim-2026-09
7238901f-cda8-586a-80f0-5508d8d4d259,SC-02_20260930_0025.jpg,2026-09-30 09:47:08,SC-02,smartphone,saudavel,saudavel,0.8653,agrosmart-v1,simulado,sim-2026-09
15ce9bba-62ad-5c5a-8520-9037d28479a7,SC-02_20260930_0026.jpg,2026-09-30 09:47:28,SC-02,smartphone,saudavel,saudavel,0.8396,agrosmart-v1,simulado,sim-2026-09
bb36b60d-6e59-5a2e-a3ef-b7e2bf8739c4,SC-03_20260930_0006.jpg,2026-09-30 09:47:28,SC-03,smartphone,saudavel,saudavel,0.8822,agrosmart-v1,simulado,sim-2026-09
f56e7e6a-1600-5335-8d07-96d34bdc9f42,TI-01_20260930_0034.jpg,2026-09-30 09:47:45,TI-01,drone,doente,vaquinha,0.6337,agrosmart-v1,simulado,sim-2026-09
80c0a473-e781-5e4f-b6d1-d1b8f74effbd,BV-01_20260930_0023.jpg,2026-09-30 09:47:50,BV-01,smartphone,saudavel,saudavel,0.8564,agrosmart-v1,simulado,sim-2026-09
923c4373-236b-5a8c-a84e-a031c524d518,SC-03_20260930_0007.jpg,2026-09-30 09:48:01,SC-03,smartphone,saudavel,saudavel,0.9895,agrosmart-v1,simulado,sim-2026-09
a8cf2e3c-02cf-5a4d-9c7b-64ccc2a0c21c,SC-02_20260930_0027.jpg,2026-09-30 09:48:06,SC-02,smartphone,saudavel,saudavel,0.9983,agrosmart-v1,simulado,sim-2026-09
bd7ce56b-a418-56ae-acc3-c647069ffbc2,BV-01_20260930_0024.jpg,2026-09-30 09:48:19,BV-01,smartphone,saudavel,saudavel,0.9428,agrosmart-v1,simulado,sim-2026-09
c424e742-9ddd-53ee-87bc-bf6ab42a86b8,SC-03_20260930_0008.jpg,2026-09-30 09:48:24,SC-03,smartphone,saudavel,saudavel,0.9857,agrosmart-v1,simulado,sim-2026-09
7d2d1cb8-8c0b-589d-abcc-d5be16074cb9,TI-01_20260930_0035.jpg,2026-09-30 09:48:32,TI-01,drone,saudavel,saudavel,0.9897,agrosmart-v1,simulado,sim-2026-09
e0f53560-acf8-540c-a1f7-3b59a3c3bb9e,BV-01_20260930_0025.jpg,2026-09-30 09:48:50,BV-01,smartphone,saudavel,saudavel,0.9965,agrosmart-v1,simulado,sim-2026-09
cc46339e-d0e7-5355-8348-abf2b0ede888,SC-02_20260930_0028.jpg,2026-09-30 09:48:57,SC-02,smartphone,saudavel,saudavel,0.9828,agrosmart-v1,simulado,sim-2026-09
bb28aaf0-43c2-53c1-95a7-a6516b351bd9,SC-03_20260930_0009.jpg,2026-09-30 09:49:13,SC-03,smartphone,saudavel,saudavel,0.9774,agrosmart-v1,simulado,sim-2026-09
bdfad481-2991-58b9-9527-a9e4bf437c1e,TI-01_20260930_0036.jpg,2026-09-30 09:49:14,TI-01,drone,saudavel,saudavel,0.9157,agrosmart-v1,simulado,sim-2026-09
2f6af32c-e540-5b83-a674-c93ebd28e16c,SC-02_20260930_0029.jpg,2026-09-30 09:49:26,SC-02,smartphone,saudavel,saudavel,0.8923,agrosmart-v1,simulado,sim-2026-09
5f9e8961-24a4-5a90-bdfc-a40481f8deba,BV-01_20260930_0026.jpg,2026-09-30 09:49:28,BV-01,smartphone,saudavel,saudavel,0.9447,agrosmart-v1,simulado,sim-2026-09
32800d8e-1dcc-5a70-919e-71851ffa1564,TI-01_20260930_0037.jpg,2026-09-30 09:49:57,TI-01,drone,saudavel,saudavel,0.9737,agrosmart-v1,simulado,sim-2026-09
5ae079a8-769a-532f-9f0d-60de3a39a930,SC-03_20260930_0010.jpg,2026-09-30 09:49:58,SC-03,smartphone,saudavel,saudavel,0.9216,agrosmart-v1,simulado,sim-2026-09
f09b0392-954b-5048-ad2a-a24eda02099f,BV-01_20260930_0027.jpg,2026-09-30 09:50:02,BV-01,smartphone,saudavel,saudavel,0.8453,agrosmart-v1,simulado,sim-2026-09
6fd8dc90-700d-5433-925c-d6981cde503e,SC-03_20260930_0011.jpg,2026-09-30 09:50:36,SC-03,smartphone,doente,requeima,0.8240,agrosmart-v1,simulado,sim-2026-09
8018d569-61d9-5033-bc89-cb9e973d265e,BV-01_20260930_0028.jpg,2026-09-30 09:50:45,BV-01,smartphone,saudavel,saudavel,0.8619,agrosmart-v1,simulado,sim-2026-09
09cc5471-c2f9-5019-bea9-64934c88e89f,TI-01_20260930_0038.jpg,2026-09-30 09:50:45,TI-01,drone,saudavel,saudavel,0.9947,agrosmart-v1,simulado,sim-2026-09
f65e93a0-1d84-51c7-a944-6cdaad93eabf,BV-01_20260930_0029.jpg,2026-09-30 09:51:24,BV-01,smartphone,saudavel,saudavel,0.9133,agrosmart-v1,simulado,sim-2026-09
ebafca88-41da-5aed-a281-f21719703ebd,SC-03_20260930_0012.jpg,2026-09-30 09:51:24,SC-03,smartphone,saudavel,saudavel,0.9977,agrosmart-v1,simulado,sim-2026-09
19df2689-5563-51b4-b8f0-f1d97ed17818,TI-01_20260930_0039.jpg,2026-09-30 09:51:30,TI-01,drone,saudavel,saudavel,0.9819,agrosmart-v1,simulado,sim-2026-09
bad785b2-28c0-561a-ac3d-0d3176fabe77,TI-01_20260930_0040.jpg,2026-09-30 09:52:06,TI-01,drone,saudavel,saudavel,0.9981,agrosmart-v1,simulado,sim-2026-09
498966db-e5d9-5b3c-a5b7-7c77376d2b7d,SC-03_20260930_0013.jpg,2026-09-30 09:52:08,SC-03,smartphone,saudavel,saudavel,0.8894,agrosmart-v1,simulado,sim-2026-09
c2624d6a-5fd1-5537-b5a1-80385da8c44b,TI-01_20260930_0041.jpg,2026-09-30 09:52:23,TI-01,drone,saudavel,saudavel,0.8844,agrosmart-v1,simulado,sim-2026-09
a5100123-ee6b-533d-952f-6e262d235cfb,SC-03_20260930_0014.jpg,2026-09-30 09:52:35,SC-03,smartphone,saudavel,saudavel,0.9906,agrosmart-v1,simulado,sim-2026-09
0783febd-c072-5a51-a9e5-d9b208e8c91a,SC-03_20260930_0015.jpg,2026-09-30 09:53:08,SC-03,smartphone,saudavel,saudavel,0.9617,agrosmart-v1,simulado,sim-2026-09
d0f45e5b-5c30-5bbc-9089-82c124c1fcbe,TI-01_20260930_0042.jpg,2026-09-30 09:53:12,TI-01,drone,saudavel,saudavel,0.9617,agrosmart-v1,simulado,sim-2026-09
e8895489-c4f0-5a3b-8334-4da9a6cede35,SC-03_20260930_0016.jpg,2026-09-30 09:53:42,SC-03,smartphone,saudavel,saudavel,0.9143,agrosmart-v1,simulado,sim-2026-09
01fbcfcc-cfd3-5db0-b292-9afe411eb077,TI-01_20260930_0043.jpg,2026-09-30 09:53:46,TI-01,drone,saudavel,saudavel,0.9809,agrosmart-v1,simulado,sim-2026-09
ab6a203f-4f8c-5955-b563-635c11356b9d,SC-03_20260930_0017.jpg,2026-09-30 09:54:25,SC-03,smartphone,saudavel,saudavel,0.9999,agrosmart-v1,simulado,sim-2026-09
ad4c626a-8c19-5c16-a2cb-4a22bfeb84ec,SC-03_20260930_0018.jpg,2026-09-30 09:55:23,SC-03,smartphone,saudavel,saudavel,0.9964,agrosmart-v1,simulado,sim-2026-09
8e2d2a26-d280-516b-99e2-a92be6bfb862,SC-03_20260930_0019.jpg,2026-09-30 09:55:46,SC-03,smartphone,saudavel,saudavel,0.8747,agrosmart-v1,simulado,sim-2026-09
d63c8469-0490-5f37-9f37-149af5f2544b,SC-03_20260930_0020.jpg,2026-09-30 09:56:40,SC-03,smartphone,saudavel,saudavel,0.8291,agrosmart-v1,simulado,sim-2026-09
ec2ac444-456a-5209-96cc-da8fb4b47e91,SC-03_20260930_0021.jpg,2026-09-30 09:57:21,SC-03,smartphone,saudavel,saudavel,0.9918,agrosmart-v1,simulado,sim-2026-09
018f6236-5428-547a-a4fc-7b97ce211c70,SC-03_20260930_0022.jpg,2026-09-30 09:57:55,SC-03,smartphone,saudavel,saudavel,0.8653,agrosmart-v1,simulado,sim-2026-09
71cd11b6-8494-54f5-ae54-a1007653c880,SC-03_20260930_0023.jpg,2026-09-30 09:58:42,SC-03,smartphone,saudavel,saudavel,0.9951,agrosmart-v1,simulado,sim-2026-09
e5996cde-a9c0-52fd-a97f-1288adaba16f,SC-03_20260930_0024.jpg,2026-09-30 09:59:07,SC-03,smartphone,saudavel,saudavel,0.8382,agrosmart-v1,simulado,sim-2026-09
fd82bfaf-78a8-595c-9c7b-e50dfec7ed02,SC-03_20260930_0025.jpg,2026-09-30 09:59:42,SC-03,smartphone,saudavel,saudavel,0.9155,agrosmart-v1,simulado,sim-2026-09
d0cac4df-ab68-5071-bdc6-0fc4e05b977f,SC-03_20260930_0026.jpg,2026-09-30 10:00:32,SC-03,smartphone,saudavel,saudavel,0.6270,agrosmart-v1,simulado,sim-2026-09
e69bc982-4d90-59ab-b6da-f7c61b72533e,SC-03_20260930_0027.jpg,2026-09-30 10:01:04,SC-03,smartphone,saudavel,saudavel,0.9885,agrosmart-v1,simulado,sim-2026-09
d4b743f7-69e0-5552-846a-95a6574f7dda,SC-03_20260930_0028.jpg,2026-09-30 10:02:09,SC-03,smartphone,saudavel,saudavel,0.9112,agrosmart-v1,simulado,sim-2026-09
ce6ef761-50a9-50fd-a86d-e0b25848be30,SC-03_20260930_0029.jpg,2026-09-30 10:02:41,SC-03,smartphone,saudavel,saudavel,0.9737,agrosmart-v1,simulado,sim-2026-09
23341115-3786-5170-bac7-31d99eff5570,SC-03_20260930_0030.jpg,2026-09-30 10:03:28,SC-03,smartphone,saudavel,saudavel,0.9388,agrosmart-v1,simulado,sim-2026-09
fec85248-428f-55cf-ae84-3b02204188d3,TI-02_20260930_0015.jpg,2026-09-30 08:07:28,TI-02,drone,saudavel,saudavel,0.9650,agrosmart-v1,simulado,sim-2026-09
60e7a230-20e2-5d17-8080-ce2dd83e9e12,SC-03_20260817_0008.jpg,2026-08-17 09:06:32,SC-03,smartphone,saudavel,saudavel,0.8810,agrosmart-v1,simulado,sim-2026-09
dd3c3e79-4327-576f-9e55-228628d6468e,TI-03_20260918_0009.jpg,2026-09-18 07:16:02,TI-03,drone,saudavel,saudavel,0.8508,agrosmart-v1,simulado,sim-2026-09
61508a90-b586-51f0-b239-3377f954082e,BV-04_20260817_0020.jpg,2026-08-17 07:28:23,BV-04,smartphone,saudavel,saudavel,0.9959,agrosmart-v1,simulado,sim-2026-09
38ee40f2-7a5c-58ef-9a3f-ac3264236562,TI-04_20260812_0013.jpg,2026-08-12 09:18:09,TI-04,drone,saudavel,saudavel,0.8234,agrosmart-v1,simulado,sim-2026-09
63c5927c-faa2-5f0f-8098-6067e856c0df,SC-04_20260814_0011.jpg,2026-08-14 09:26:21,SC-04,smartphone,saudavel,saudavel,0.9645,agrosmart-v1,simulado,sim-2026-09
f604c9cf-d752-531a-af00-3360e4ffbdbe,TI-04_20260826_0027.jpg,2026-08-26 10:12:03,TI-04,drone,doente,requeima,0.9885,agrosmart-v1,simulado,sim-2026-09
95f59075-00d7-55f4-a238-bc3734386cc4,TI-02_20260902_0009.jpg,2026-09-02 08:36:24,TI-02,drone,saudavel,saudavel,0.8477,agrosmart-v1,simulado,sim-2026-09
cd53f124-c3e7-59e3-b39f-d17e7066ac82,BV-03_20260817_0007.jpg,2026-08-17 07:26:48,BV-03,smartphone,saudavel,saudavel,0.9916,agrosmart-v1,simulado,sim-2026-09
8284fad3-3cbe-526a-9fc4-aab506968b5c,BV-04_20260819_0018.jpg,2026-08-19 09:14:04,BV-04,smartphone,saudavel,saudavel,0.9889,agrosmart-v1,simulado,sim-2026-09
8d3cecea-cb11-5795-b445-35b7a6835879,TI-01_20260930_0017.jpg,2026-09-30 09:36:31,TI-01,drone,saudavel,saudavel,0.9230,agrosmart-v1,simulado,sim-2026-09
0303ba4e-c2e2-52e0-b125-001411cee0f7,BV-04_20260828_0001.jpg,2026-08-28 08:46:49,BV-04,smartphone,saudavel,saudavel,0.9880,agrosmart-v1,simulado,sim-2026-09
e4c476fe-8f9c-5309-8e44-4db9bb085cc6,SC-04_20260819_0013.jpg,2026-08-19 09:18:58,SC-04,smartphone,saudavel,saudavel,1.0000,agrosmart-v1,simulado,sim-2026-09
3c59e9f4-af94-5f44-8aae-8f5ea44285ac,SC-01_20260904_0026.jpg,2026-09-04 09:23:45,SC-01,smartphone,saudavel,saudavel,0.8320,agrosmart-v1,simulado,sim-2026-09
966f415e-37d7-549d-862f-cf1f13c9ba49,SC-01_20260803_0001.jpg,2026-08-03 08:51:53,SC-01,smartphone,saudavel,saudavel,0.6549,agrosmart-v1,simulado,sim-2026-09
0f0e2edf-de48-51fa-9b9f-4c247c5e8562,TI-02_20260807_0005.jpg,2026-08-07 08:13:23,TI-02,drone,saudavel,saudavel,0.9621,agrosmart-v1,simulado,sim-2026-09
7fcac516-f2f8-53fb-a943-10222370fb22,TI-01_20260904_0018.jpg,2026-09-04 08:47:23,TI-01,drone,saudavel,saudavel,1.0000,agrosmart-v1,simulado,sim-2026-09
7486f9b8-d1f5-5493-8406-3ea069042bdd,TI-04_20260914_0029.jpg,2026-09-14 09:43:25,TI-04,drone,saudavel,saudavel,0.9412,agrosmart-v1,simulado,sim-2026-09
ac967ce7-1ba6-51e1-8e8d-6aaae77a8648,TI-04_20260914_0031.jpg,2026-09-14 09:45:04,TI-04,drone,saudavel,saudavel,0.9343,agrosmart-v1,simulado,sim-2026-09
ac3421a5-9a33-5b6a-ada3-42e14cef26c2,BV-03_20260812_0020.jpg,2026-08-12 09:46:42,BV-03,smartphone,saudavel,saudavel,0.9701,agrosmart-v1,simulado,sim-2026-09
f7892c87-0bca-5cda-9255-040d6dbd75e0,BV-02_20260916_0003.jpg,2026-09-16 09:12:00,XX-99,smartphone,saudavel,saudavel,0.9453,agrosmart-v1,simulado,sim-2026-09
de26970b-4214-52fb-abd1-79a70b90a90a,BV-02_20260909_0029.jpg,2026-09-09 09:06:35,BV-02,smartphone,saudavel,desconhecido,0.9647,agrosmart-v1,simulado,sim-2026-09
