id_imagem,nome_imagem,data_captura,talhao_id,origem,categoria,tipo_anomalia,confianca,modelo_versao,fonte,lote_id
b0652f74-6bd0-54a8-a4bc-2ea3feafea7f,BV-03_20260803_0001.jpg,2026-08-03 07:10:06,BV-03,smartphone,saudavel,saudavel,0.9437,agrosmart-v1,simulado,sim-2026-08
58c72655-3516-5d0e-9fae-1a9eb4966a23,BV-03_20260803_0002.jpg,2026-08-03 07:10:41,BV-03,smartphone,saudavel,saudavel,0.9952,agrosmart-v1,simulado,sim-2026-08
71f77a15-4880-5ab3-8f36-b4c273edd45b,BV-01_20260803_0001.jpg,2026-08-03 07:10:54,BV-01,smartphone,doente,requeima,0.9306,agrosmart-v1,simulado,sim-2026-08
10f5f62c-1d7d-55cd-b8e0-32765cc8acf1,BV-03_20260803_0003.jpg,2026-08-03 07:11:07,BV-03,smartphone,saudavel,saudavel,0.9985,agrosmart-v1,simulado,sim-2026-08
867ffd8b-a0c6-5adc-88ee-4eabb221d3fc,BV-01_20260803_0002.jpg,2026-08-03 07:11:25,BV-01,smartphone,saudavel,saudavel,0.7720,agrosmart-v1,simulado,sim-2026-08
0e157327-a2a5-5cac-ab77-5331db7fc642,BV-03_20260803_0004.jpg,2026-08-03 07:12:03,BV-03,smartphone,saudavel,saudavel,0.9456,agrosmart-v1,simulado,sim-2026-08
ebee0b3a-050d-5ac6-9760-dcaf1dc4097a,BV-01_20260803_0003.jpg,2026-08-03 07:12:19,BV-01,smartphone,saudavel,saudavel,0.9168,agrosmart-v1,simulado,sim-2026-08
7ca92a42-b50f-5e8d-b4e2-b6410c0a748d,BV-03_20260803_0005.jpg,2026-08-03 07:12:28,BV-03,smartphone,saudavel,saudavel,0.9388,agrosmart-v1,simulado,sim-2026-08
cd0b7b12-b692-51e5-ada9-4c8c0bd3da9b,BV-03_20260803_0006.jpg,2026-08-03 07:13:00,BV-03,smartphone,saudavel,saudavel,0.8508,agrosmart-v1,simulado,sim-2026-08
9632e778-e45c-5bb7-b8b4-5668f80ff261,BV-01_20260803_0004.jpg,2026-08-03 07:13:06,BV-01,smartphone,saudavel,saudavel,0.9384,agrosmart-v1,simulado,sim-2026-08
acf8012f-4fa3-5a6c-8f4c-4cbfc3c9a873,BV-01_20260803_0005.jpg,2026-08-03 07:13:21,BV-01,smartphone,saudavel,saudavel,0.9487,agrosmart-v1,simulado,sim-2026-08
7cb7f958-e45e-5c30-b4b4-3d03aa4a313e,BV-01_20260803_0006.jpg,2026-08-03 07:14:02,BV-01,smartphone,saudavel,saudavel,0.9973,agrosmart-v1,simulado,sim-2026-08
e6e7c058-3a5b-5632-be1d-c3508ae4ffad,BV-03_20260803_0007.jpg,2026-08-03 07:14:05,BV-03,smartphone,saudavel,saudavel,0.9601,agrosmart-v1,simulado,sim-2026-08
a3517cbc-46af-5017-80e9-a0b501ace223,BV-03_20260803_0008.jpg,2026-08-03 07:14:25,BV-03,smartphone,saudavel,saudavel,0.9785,agrosmart-v1,simulado,sim-2026-08
40b98edc-959f-56dc-bf3a-aae57cd19c48,SC-02_20260803_0001.jpg,2026-08-03 07:14:51,SC-02,smartphone,saudavel,saudavel,0.9896,agrosmart-v1,simulado,sim-2026-08
1de1c12c-0b5f-5432-b20b-666fb7c08ddd,BV-04_20260803_0001.jpg,2026-08-03 07:14:56,BV-04,smartphone,saudavel,saudavel,0.9136,agrosmart-v1,simulado,sim-2026-08
4b1146db-f898-5c0c-82db-0702f687d433,BV-01_20260803_0007.jpg,2026-08-03 07:14:57,BV-01,smartphone,saudavel,saudavel,0.8612,agrosmart-v1,simulado,sim-2026-08
56742b88-67fa-5b7f-a746-fd9318e03481,BV-03_20260803_0009.jpg,2026-08-03 07:15:11,BV-03,smartphone,saudavel,saudavel,0.9239,agrosmart-v1,simulado,sim-2026-08
d07a08d7-38a2-572b-9eac-f7127c99169d,BV-01_20260803_0008.jpg,2026-08-03 07:15:36,BV-01,smartphone,saudavel,saudavel,0.9818,agrosmart-v1,simulado,sim-2026-08
79388cd7-816d-5a40-a3cb-cdf3251898ca,BV-04_20260803_0002.jpg,2026-08-03 07:15:37,BV-04,smartphone,saudavel,saudavel,0.9174,agrosmart-v1,simulado,sim-2026-08
209b7e3b-119e-5c52-86b1-29686268965f,SC-02_20260803_0002.jpg,2026-08-03 07:15:42,SC-02,smartphone,saudavel,saudavel,0.9885,agrosmart-v1,simulado,sim-2026-08
97d4589a-4802-5dc8-81d4-e313ebf0eeb2,BV-03_20260803_0010.jpg,2026-08-03 07:15:55,BV-03,smartphone,saudavel,saudavel,0.8437,agrosmart-v1,simulado,sim-2026-08
0bb952cf-4d7c-557f-8752-f01e31050ae6,BV-01_20260803_0009.jpg,2026-08-03 07:16:10,BV-01,smartphone,saudavel,saudavel,0.8273,agrosmart-v1,simulado,sim-2026-08
c6521a5b-f272-57d0-86c7-057ba9229046,SC-02_20260803_0003.jpg,2026-08-03 07:16:15,SC-02,smartphone,saudavel,saudavel,0.9112,agrosmart-v1,simulado,sim-2026-08
76f3ca1a-700e-54a7-8825-09dcccce74ac,BV-04_20260803_0003.jpg,2026-08-03 07:16:19,BV-04,smartphone,saudavel,saudavel,0.8216,agrosmart-v1,simulado,sim-2026-08
ae842326-1437-517e-9433-6d737c515ea9,BV-03_20260803_0011.jpg,2026-08-03 07:16:23,BV-03,smartphone,saudavel,saudavel,0.9648,agrosmart-v1,simulado,sim-2026-08
c52bb195-b882-58b1-ac5c-6841bca6cc35,BV-04_20260803_0004.jpg,2026-08-03 07:16:47,BV-04,smartphone,saudavel,saudavel,0.9990,agrosmart-v1,simulado,sim-2026-08
ed17d9dc-ab69-5cc0-a6b6-147b402b0978,BV-01_20260803_0010.jpg,2026-08-03 07:16:48,BV-01,smartphone,saudavel,saudavel,0.8261,agrosmart-v1,simulado,sim-2026-08
cba14722-fe45-5912-8021-b6782b5d8ba2,SC-02_20260803_0004.jpg,2026-08-03 07:16:52,SC-02,smartphone,saudavel,saudavel,0.9856,agrosmart-v1,simulado,sim-2026-08
852e6c98-041a-5829-8a5a-38754ee6865b,BV-03_20260803_0012.jpg,2026-08-03 07:17:30,BV-03,smartphone,saudavel,saudavel,0.9951,agrosmart-v1,simulado,sim-2026-08
4c56d0bf-0d5b-56cb-8549-7f47f35a1b14,SC-02_20260803_0005.jpg,2026-08-03 07:17:32,SC-02,smartphone,saudavel,saudavel,0.9920,agrosmart-v1,simulado,sim-2026-08
6457ed0b-77ea-54bc-8914-56f684ba8755,BV-01_20260803_0011.jpg,2026-08-03 07:17:34,BV-01,smartphone,saudavel,saudavel,0.9806,agrosmart-v1,simulado,sim-2026-08
cd1e2548-a779-5449-8ccf-0ab17ee90e6c,BV-04_20260803_0005.jpg,2026-08-03 07:17:38,BV-04,smartphone,saudavel,saudavel,0.9550,agrosmart-v1,simulado,sim-2026-08
756aa490-6afe-5dc2-990f-ee6c16cfe93c,BV-03_20260803_0013.jpg,2026-08-03 07:17:43,BV-03,smartphone,saudavel,saudavel,0.9452,agrosmart-v1,simulado,sim-2026-08
12431c07-bc3e-5d78-b762-97c7d62120e7,BV-01_20260803_0012.jpg,2026-08-03 07:18:04,BV-01,smartphone,saudavel,saudavel,1.0000,agrosmart-v1,simulado,sim-2026-08
86939d94-eddc-5f81-a5ed-f46fff6eaaa8,SC-02_20260803_0006.jpg,2026-08-03 07:18:24,SC-02,smartphone,saudavel,saudavel,0.9275,agrosmart-v1,simulado,sim-2026-08
b925714b-b591-5d89-9a25-d99458120798,BV-04_20260803_0006.jpg,2026-08-03 07:18:26,BV-04,smartphone,saudavel,saudavel,0.9059,agrosmart-v1,simulado,sim-2026-08
7a1620aa-0f07-543d-9e17-0814059b4eac,BV-04_20260803_0007.jpg,2026-08-03 07:18:48,BV-04,smartphone,saudavel,saudavel,0.8695,agrosmart-v1,simulado,sim-2026-08
d629cebd-856a-5f98-8282-007ba5c1df2b,SC-03_20260803_0001.jpg,2026-08-03 07:18:48,SC-03,smartphone,saudavel,saudavel,0.8825,agrosmart-v1,simulado,sim-2026-08
d435e82a-0722-5e55-ae60-c7533f16465d,SC-02_20260803_0007.jpg,2026-08-03 07:18:49,SC-02,smartphone,saudavel,saudavel,0.8648,agrosmart-v1,simulado,sim-2026-08
8425cf9e-347a-52a5-8bcf-3b4b47e4b224,BV-03_20260803_0014.jpg,2026-08-03 07:18:50,BV-03,smartphone,saudavel,saudavel,0.8206,agrosmart-v1,simulado,sim-2026-08
a3304921-b34b-576d-b54a-1dca3a4d9399,BV-01_20260803_0013.jpg,2026-08-03 07:19:08,BV-01,smartphone,saudavel,saudavel,0.5669,agrosmart-v1,simulado,sim-2026-08
1ed68072-f092-5478-a25f-8cc23a417033,BV-03_20260803_0015.jpg,2026-08-03 07:19:24,BV-03,smartphone,saudavel,saudavel,0.9865,agrosmart-v1,simulado,sim-2026-08
f6d193d9-0237-5a88-b3c9-f12545bf5c8e,SC-02_20260803_0008.jpg,2026-08-03 07:19:38,SC-02,smartphone,saudavel,saudavel,0.9923,agrosmart-v1,simulado,sim-2026-08
12129e69-da2a-5d0a-8455-73442689e979,BV-01_20260803_0014.jpg,2026-08-03 07:19:42,BV-01,smartphone,saudavel,saudavel,0.8954,agrosmart-v1,simulado,sim-2026-08
f1a64fc4-6b62-5cba-af4e-a707fa8cbfeb,BV-04_20260803_0008.jpg,2026-08-03 07:19:44,BV-04,smartphone,doente,requeima,0.5622,agrosmart-v1,simulado,sim-2026-08
b34ccf3e-a8d5-54dc-9552-9f99e9ddaed2,SC-03_20260803_0002.jpg,2026-08-03 07:19:46,SC-03,smartphone,saudavel,saudavel,0.9710,agrosmart-v1,simulado,sim-2026-08
2912c6c7-5b7a-5b83-bb30-3ef3f4111eb9,BV-03_20260803_0016.jpg,2026-08-03 07:20:02,BV-03,smartphone,saudavel,saudavel,0.9105,agrosmart-v1,simulado,sim-2026-08
6c0ef751-c680-5514-a20e-0159d517b02b,SC-03_20260803_0003.jpg,2026-08-03 07:20:04,SC-03,smartphone,saudavel,saudavel,0.9901,agrosmart-v1,simulado,sim-2026-08
7ba4a9b9-ad64-5dec-bd56-99931a01af8f,SC-02_20260803_0009.jpg,2026-08-03 07:20:06,SC-02,smartphone,saudavel,saudavel,0.9437,agrosmart-v1,simulado,sim-2026-08
b6e03ffe-aa28-5a36-8051-0280cce6375e,BV-04_20260803_0009.jpg,2026-08-03 07:20:13,BV-04,smartphone,saudavel,saudavel,0.9784,agrosmart-v1,simulado,sim-2026-08
b908ffab-8db0-5a7e-9fac-c58acb947d8f,BV-01_20260803_0015.jpg,2026-08-03 07:20:25,BV-01,smartphone,saudavel,saudavel,0.9237,agrosmart-v1,simulado,sim-2026-08
fa028d21-da5c-571d-a06b-9ba831d5cc40,BV-03_20260803_0017.jpg,2026-08-03 07:20:37,BV-03,smartphone,saudavel,saudavel,0.9573,agrosmart-v1,simulado,sim-2026-08
24a47e6f-ec2a-5453-a41a-1d647568055f,SC-03_20260803_0004.jpg,2026-08-03 07:20:42,SC-03,smartphone,saudavel,saudavel,0.9572,agrosmart-v1,simulado,sim-2026-08
3d1b335c-213c-553c-a0bc-a27c8abb93ee,SC-02_20260803_0010.jpg,2026-08-03 07:20:46,SC-02,smartphone,saudavel,saudavel,0.9679,agrosmart-v1,simulado,sim-2026-08
84b65364-1c98-56e2-bfd3-60c6eef8167e,BV-04_20260803_0010.jpg,2026-08-03 07:20:55,BV-04,smartphone,saudavel,saudavel,0.9968,agrosmart-v1,simulado,sim-2026-08
550329f7-c6cd-5388-933e-715df4cf543f,BV-03_20260803_0018.jpg,2026-08-03 07:21:00,BV-03,smartphone,saudavel,saudavel,0.9970,agrosmart-v1,simulado,sim-2026-08
9ed41b29-8ccf-5914-b45a-07d55033bd5a,BV-01_20260803_0016.jpg,2026-08-03 07:21:08,BV-01,smartphone,saudavel,saudavel,0.9188,agrosmart-v1,simulado,sim-2026-08
47d04b70-6e5c-528e-9a12-1f755c711649,BV-04_20260803_0011.jpg,2026-08-03 07:21:30,BV-04,smartphone,saudavel,saudavel,0.8771,agrosmart-v1,simulado,sim-2026-08
4160565d-0be0-58b1-9364-f85f9573fc4c,BV-01_20260803_0017.jpg,2026-08-03 07:21:31,BV-01,smartphone,saudavel,saudavel,0.9745,agrosmart-v1,simulado,sim-2026-08
67d21219-abe1-5a37-9d30-478e442ee78f,SC-02_20260803_0011.jpg,2026-08-03 07:21:41,SC-02,smartphone,saudavel,saudavel,0.9883,agrosmart-v1,simulado,sim-2026-08
7e5b2a4b-279f-53ef-a9aa-07251fa3f7bc,SC-03_20260803_0005.jpg,2026-08-03 07:21:50,SC-03,smartphone,saudavel,saudavel,0.9275,agrosmart-v1,simulado,sim-2026-08
94dcc129-667e-511f-ab1b-36477882b57e,BV-03_20260803_0019.jpg,2026-08-03 07:22:07,BV-03,smartphone,saudavel,saudavel,0.9705,agrosmart-v1,simulado,sim-2026-08
6a2861fe-b9ea-5eb3-b2dd-0affaa98a1de,SC-02_20260803_0012.jpg,2026-08-03 07:22:08,SC-02,smartphone,saudavel,saudavel,0.9997,agrosmart-v1,simulado,sim-2026-08
1a9ee87a-b3ea-52c6-b254-9d389bff9cd5,BV-01_20260803_0018.jpg,2026-08-03 07:22:12,BV-01,smartphone,saudavel,saudavel,0.8938,agrosmart-v1,simulado,sim-2026-08
5c2ae083-8b96-5668-b42f-fe55ae176826,BV-04_20260803_0012.jpg,2026-08-03 07:22:16,BV-04,smartphone,saudavel,saudavel,0.8452,agrosmart-v1,simulado,sim-2026-08
351c936b-ed32-564c-8cf6-7c2e660c2c21,SC-03_20260803_0006.jpg,2026-08-03 07:22:19,SC-03,smartphone,saudavel,saudavel,0.9474,agrosmart-v1,simulado,sim-2026-08
edfb3fce-3ca3-5344-aa21-4ffb68dda5d3,BV-03_20260803_0020.jpg,2026-08-03 07:22:27,BV-03,smartphone,saudavel,saudavel,0.8931,agrosmart-v1,simulado,sim-2026-08
a3ebe27e-3225-5c65-89a9-7e6506de4fb3,BV-01_20260803_0019.jpg,2026-08-03 07:22:40,BV-01,smartphone,saudavel,saudavel,0.9753,agrosmart-v1,simulado,sim-2026-08
3eaad7c4-53d4-5899-9699-33ac19147913,BV-04_20260803_0013.jpg,2026-08-03 07:22:57,BV-04,smartphone,saudavel,saudavel,0.9071,agrosmart-v1,simulado,sim-2026-08
9f732d9f-97f1-5667-802f-98dc67a006ce,SC-03_20260803_0007.jpg,2026-08-03 07:22:57,SC-03,smartphone,saudavel,saudavel,0.8329,agrosmart-v1,simulado,sim-2026-08
54a36d1f-ea27-5c14-93c3-396d40fbf460,SC-02_20260803_0013.jpg,2026-08-03 07:23:03,SC-02,smartphone,saudavel,saudavel,0.8624,agrosmart-v1,simulado,sim-2026-08
2a4e595b-ec28-5c80-8a20-a550a9cae1c4,BV-03_20260803_0021.jpg,2026-08-03 07:23:04,BV-03,smartphone,doente,vaquinha,0.8691,agrosmart-v1,simulado,sim-2026-08
d0bba576-e656-5e34-8113-3a3113a26936,BV-01_20260803_0020.jpg,2026-08-03 07:23:20,BV-01,smartphone,saudavel,saudavel,0.9999,agrosmart-v1,simulado,sim-2026-08
56d80f25-bfd9-5088-b8e3-b958f9ba3b8e,BV-04_20260803_0014.jpg,2026-08-03 07:23:22,BV-04,smartphone,saudavel,saudavel,0.8835,agrosmart-v1,simulado,sim-2026-08
faa37138-bc62-5eb6-91d2-02e3e5e7cf04,SC-03_20260803_0008.jpg,2026-08-03 07:23:41,SC-03,smartphone,saudavel,saudavel,0.8710,agrosmart-v1,simulado,sim-2026-08
d93273d2-6e87-5dcf-9a24-1a3d60d9f090,SC-02_20260803_0014.jpg,2026-08-03 07:23:49,SC-02,smartphone,saudavel,saudavel,0.9576,agrosmart-v1,simulado,sim-2026-08
a85f47df-1374-5517-88e1-8e7aa0e5de21,BV-03_20260803_0022.jpg,2026-08-03 07:24:09,BV-03,smartphone,saudavel,saudavel,0.9405,agrosmart-v1,simulado,sim-2026-08
8e302ff6-c6bc-57ca-9eaf-5f5b6e92d8d2,BV-04_20260803_0015.jpg,2026-08-03 07:24:21,BV-04,smartphone,saudavel,saudavel,0.9044,agrosmart-v1,simulado,sim-2026-08
fb6d5224-835f-5708-9d88-c054076cd902,SC-03_20260803_0009.jpg,2026-08-03 07:24:21,SC-03,smartphone,saudavel,saudavel,0.9573,agrosmart-v1,simulado,sim-2026-08
632c942e-60d2-5e84-ab31-7c986d93d226,SC-02_20260803_0015.jpg,2026-08-03 07:24:28,SC-02,smartphone,saudavel,saudavel,0.9932,agrosmart-v1,simulado,sim-2026-08
7e35cff5-5190-523f-b7cc-06908a75bc3e,BV-01_20260803_0021.jpg,2026-08-03 07:24:29,BV-01,smartphone,saudavel,saudavel,0.9934,agrosmart-v1,simulado,sim-2026-08
c8a7114b-895f-5967-aea2-0e11fb09f9ba,BV-03_20260803_0023.jpg,2026-08-03 07:24:32,BV-03,smartphone,saudavel,saudavel,0.9937,agrosmart-v1,simulado,sim-2026-08
7523e0f3-ad05-52cd-87f5-e15faea8b08b,SC-03_20260803_0010.jpg,2026-08-03 07:24:42,SC-03,smartphone,saudavel,saudavel,0.9679,agrosmart-v1,simulado,sim-2026-08
17980fb5-ec1c-56e1-8fff-2bb286ee57fe,BV-04_20260803_0016.jpg,2026-08-03 07:24:49,BV-04,smartphone,saudavel,saudavel,0.9844,agrosmart-v1,simulado,sim-2026-08
7e365bfa-9f26-5af3-9db0-d9e9567b196e,BV-01_20260803_0022.jpg,2026-08-03 07:25:00,BV-01,smartphone,saudavel,saudavel,0.9073,agrosmart-v1,simulado,sim-2026-08
0ac1faa5-5446-53d8-8cb4-0a8bc129adf6,SC-02_20260803_0016.jpg,2026-08-03 07:25:01,SC-02,smartphone,saudavel,saudavel,0.8425,agrosmart-v1,simulado,sim-2026-08
f6e89635-32eb-5d00-a296-780b67d9bbe7,BV-03_20260803_0024.jpg,2026-08-03 07:25:06,BV-03,smartphone,saudavel,saudavel,0.9632,agrosmart-v1,simulado,sim-2026-08
8f3fe655-cadc-58db-bb23-cbbcdb9a3c81,SC-02_20260803_0017.jpg,2026-08-03 07:25:21,SC-02,smartphone,saudavel,saudavel,0.9109,agrosmart-v1,simulado,sim-2026-08
6793d2d6-2fff-5435-bd54-acacdf2ac24b,BV-01_20260803_0023.jpg,2026-08-03 07:25:35,BV-01,smartphone,saudavel,saudavel,0.9998,agrosmart-v1,simulado,sim-2026-08
b40e8ac9-504a-5778-ab1d-874a96842b9a,SC-03_20260803_0011.jpg,2026-08-03 07:25:48,SC-03,smartphone,saudavel,saudavel,0.9473,agrosmart-v1,simulado,sim-2026-08
f9404dfb-712a-5e1e-a541-aa156b4eebad,BV-04_20260803_0017.jpg,2026-08-03 07:25:49,BV-04,smartphone,saudavel,saudavel,0.9981,agrosmart-v1,simulado,sim-2026-08
1038ad82-4209-5ea4-8502-b8341ad255d4,BV-03_20260803_0025.jpg,2026-08-03 07:26:03,BV-03,smartphone,saudavel,saudavel,0.9689,agrosmart-v1,simulado,sim-2026-08
004946e7-3e20-5144-883e-796d078cbf05,SC-03_20260803_0012.jpg,2026-08-03 07:26:10,SC-03,smartphone,saudavel,saudavel,0.8462,agrosmart-v1,simulado,sim-2026-08
c24e4d2e-55f0-5def-a498-fd0872cbb850,SC-02_20260803_0018.jpg,2026-08-03 07:26:14,SC-02,smartphone,saudavel,saudavel,0.9068,agrosmart-v1,simulado,sim-2026-08
0600c1cf-301e-5333-bd71-0cc840f8bcd0,BV-01_20260803_0024.jpg,2026-08-03 07:26:22,BV-01,smartphone,saudavel,saudavel,0.9921,agrosmart-v1,simulado,sim-2026-08
cf22f514-9891-5e21-bb0d-b42ae3137dd4,BV-03_20260803_0026.jpg,2026-08-03 07:26:22,BV-03,smartphone,saudavel,saudavel,0.7893,agrosmart-v1,simulado,sim-2026-08
4c64904e-0e86-56d0-a30e-74385147f4be,BV-04_20260803_0018.jpg,2026-08-03 07:26:29,BV-04,smartphone,saudavel,saudavel,0.9595,agrosmart-v1,simulado,sim-2026-08
ea1e991d-289c-548b-9aec-257a3c5bbadd,SC-02_20260803_0019.jpg,2026-08-03 07:26:43,SC-02,smartphone,saudavel,saudavel,0.9492,agrosmart-v1,simulado,sim-2026-08
88aaa41a-ecc0-51ef-9ba6-aa057f1e56fc,BV-04_20260803_0019.jpg,2026-08-03 07:26:45,BV-04,smartphone,saudavel,saudavel,0.9668,agrosmart-v1,simulado,sim-2026-08
f149fb7b-97e1-588a-a7f8-b27b9fd3571f,BV-01_20260803_0025.jpg,2026-08-03 07:27:06,BV-01,smartphone,saudavel,saudavel,0.9978,agrosmart-v1,simulado,sim-2026-08
661e5576-053b-5f38-89e2-ca2aa3bb02b7,SC-03_20260803_0013.jpg,2026-08-03 07:27:08,SC-03,smartphone,saudavel,saudavel,0.9162,agrosmart-v1,simulado,sim-2026-08
bf8a10a6-a670-58cc-81c4-0090cbf52fdf,SC-03_20260803_0014.jpg,2026-08-03 07:27:23,SC-03,smartphone,saudavel,saudavel,0.9680,agrosmart-v1,simulado,sim-2026-08
37f1883e-50ff-5ae0-964c-cc299f15184d,BV-03_20260803_0027.jpg,2026-08-03 07:27:29,BV-03,smartphone,saudavel,saudavel,0.9946,agrosmart-v1,simulado,sim-2026-08
465a69a2-5eb0-566e-a913-ee98ef05cf83,SC-02_20260803_0020.jpg,2026-08-03 07:27:32,SC-02,smartphone,saudavel,saudavel,0.8592,agrosmart-v1,simulado,sim-2026-08
0e6ab311-af31-53de-8d5a-940e9599f26b,BV-04_20260803_0020.jpg,2026-08-03 07:27:35,BV-04,smartphone,saudavel,saudavel,0.9996,agrosmart-v1,simulado,sim-2026-08
4d4692bc-893c-5ca6-95de-78ad88c82419,BV-01_20260803_0026.jpg,2026-08-03 07:27:36,BV-01,smartphone,saudavel,saudavel,0.9452,agrosmart-v1,simulado,sim-2026-08
ca9aee7a-2167-54c9-91cb-0bb0c3344382,BV-03_20260803_0028.jpg,2026-08-03 07:27:41,BV-03,smartphone,saudavel,saudavel,0.8702,agrosmart-v1,simulado,sim-2026-08
f1475216-ff54-56bc-96ac-303a02757d05,SC-03_20260803_0015.jpg,2026-08-03 07:28:17,SC-03,smartphone,saudavel,saudavel,0.9340,agrosmart-v1,simulado,sim-2026-08
2dc187a4-f606-51c2-974d-7f1cf9d615b2,BV-01_20260803_0027.jpg,2026-08-03 07:28:18,BV-01,smartphone,saudavel,saudavel,0.9346,agrosmart-v1,simulado,sim-2026-08
e98d2c26-0635-5e49-831e-20b4f6d27b20,SC-02_20260803_0021.jpg,2026-08-03 07:28:18,SC-02,smartphone,saudavel,saudavel,0.9913,agrosmart-v1,simulado,sim-2026-08
9c85cde9-2792-598b-b7cf-349e11802b72,BV-04_20260803_0021.jpg,2026-08-03 07:28:25,BV-04,smartphone,saudavel,saudavel,0.8753,agrosmart-v1,simulado,sim-2026-08
e3e06f95-bdd5-5b57-9570-6cbd14b355fd,SC-03_20260803_0016.jpg,2026-08-03 07:28:50,SC-03,smartphone,saudavel,saudavel,0.9816,agrosmart-v1,simulado,sim-2026-08
53e5214a-914b-55e0-82cb-8e258c2bd6fc,SC-02_20260803_0022.jpg,2026-08-03 07:28:52,SC-02,smartphone,saudavel,saudavel,0.9275,agrosmart-v1,simulado,sim-2026-08
4a91af9c-a5ff-59ca-91e9-cd198a3d9912,BV-04_20260803_0022.jpg,2026-08-03 07:28:54,BV-04,smartphone,saudavel,saudavel,0.8733,agrosmart-v1,simulado,sim-2026-08
13138fc3-ca3b-52ed-93d8-36ea3defe877,BV-01_20260803_0028.jpg,2026-08-03 07:28:58,BV-01,smartphone,saudavel,saudavel,0.9992,agrosmart-v1,simulado,sim-2026-08
600d17c5-f965-56a0-b148-9cc707c18835,BV-01_20260803_0029.jpg,2026-08-03 07:29:38,BV-01,smartphone,saudavel,saudavel,0.8603,agrosmart-v1,simulado,sim-2026-08
289205f5-31ff-5fff-8528-8819302931a5,SC-03_20260803_0017.jpg,2026-08-03 07:29:38,SC-03,smartphone,saudavel,saudavel,0.9591,agrosmart-v1,simulado,sim-2026-08
1f14b870-01e5-5c51-94af-5fdc6e8a6d31,SC-02_20260803_0023.jpg,2026-08-03 07:29:41,SC-02,smartphone,saudavel,saudavel,0.8832,agrosmart-v1,simulado,sim-2026-08
1beac9f6-eb22-570e-93de-5c02aebdb5c3,SC-03_20260803_0018.jpg,2026-08-03 07:30:16,SC-03,smartphone,saudavel,saudavel,0.9674,agrosmart-v1,simulado,sim-2026-08
b1304431-5eb6-5768-93e7-a0a391355e33,SC-02_20260803_0024.jpg,2026-08-03 07:30:25,SC-02,smartphone,doente,mosca_minadora,0.9993,agrosmart-v1,simulado,sim-2026-08
63ad5089-6ccd-5771-aaea-10ee56239bf9,SC-02_20260803_0025.jpg,2026-08-03 07:30:47,SC-02,smartphone,saudavel,saudavel,0.9441,agrosmart-v1,simulado,sim-2026-08
5fb317f0-5f6c-5dd8-94a6-b461bff703bd,SC-03_20260803_0019.jpg,2026-08-03 07:31:00,SC-03,smartphone,saudavel,saudavel,0.9705,agrosmart-v1,simulado,sim-2026-08
33215d87-0763-55bf-ad4a-2f1238a2e714,SC-02_20260803_0026.jpg,2026-08-03 07:31:38,SC-02,smartphone,saudavel,saudavel,0.8510,agrosmart-v1,simulado,sim-2026-08
4d6528f1-c080-50d2-ad07-ea7356a88536,SC-03_20260803_0020.jpg,2026-08-03 07:31:38,SC-03,smartphone,saudavel,saudavel,0.8985,agrosmart-v1,simulado,sim-2026-08
3c8bbf68-b2e0-5008-b0b8-b65b4abf54a5,SC-02_20260803_0027.jpg,2026-08-03 07:32:04,SC-02,smartphone,saudavel,saudavel,0.9192,agrosmart-v1,simulado,sim-2026-08
647a3218-fdd8-5cc9-96a4-cc21e003ca9d,TI-03_20260803_0001.jpg,2026-08-03 07:32:07,TI-03,drone,saudavel,saudavel,0.9891,agrosmart-v1,simulado,sim-2026-08
b2a55482-f49a-531f-b037-2020351b71b2,SC-03_20260803_0021.jpg,2026-08-03 07:32:14,SC-03,smartphone,saudavel,saudavel,0.9835,agrosmart-v1,simulado,sim-2026-08
d5170fa6-ce1c-5fde-a7c3-ee5d98b025bf,TI-03_20260803_0002.jpg,2026-08-03 07:32:37,TI-03,drone,saudavel,saudavel,0.9726,agrosmart-v1,simulado,sim-2026-08
a92209a8-f7a2-574e-b619-6d5224358247,SC-03_20260803_0022.jpg,2026-08-03 07:33:05,SC-03,smartphone,saudavel,saudavel,0.9594,agrosmart-v1,simulado,sim-2026-08
d450de82-080d-53aa-a88e-76b480a75dd5,TI-03_20260803_0003.jpg,2026-08-03 07:33:30,TI-03,drone,saudavel,saudavel,0.9321,agrosmart-v1,simulado,sim-2026-08
b6800b2d-2182-54ef-8f98-d5f3a6a2626c,SC-03_20260803_0023.jpg,2026-08-03 07:33:36,SC-03,smartphone,saudavel,saudavel,0.9845,agrosmart-v1,simulado,sim-2026-08
4e81ae59-98eb-5ea8-a1f6-5c6cdafc8e28,TI-03_20260803_0004.jpg,2026-08-03 07:34:07,TI-03,drone,saudavel,saudavel,0.9997,agrosmart-v1,simulado,sim-2026-08
9ac98f52-1a65-5c56-b21a-cf719d87a8cd,TI-03_20260803_0005.jpg,2026-08-03 07:34:27,TI-03,drone,saudavel,saudavel,0.9679,agrosmart-v1,simulado,sim-2026-08
8d841e21-2120-526e-8501-fc59e5efbe72,SC-03_20260803_0024.jpg,2026-08-03 07:34:28,SC-03,smartphone,saudavel,saudavel,0.9163,agrosmart-v1,simulado,sim-2026-08
b2a5a085-9931-50aa-9425-52ae21aa9ab4,SC-03_20260803_0025.jpg,2026-08-03 07:34:41,SC-03,smartphone,doente,vaquinha,0.9268,agrosmart-v1,simulado,sim-2026-08
cc2d42a7-b8de-5e66-a137-97336a4799ad,TI-03_20260803_0006.jpg,2026-08-03 07:35:01,TI-03,drone,doente,pinta_preta,0.9607,agrosmart-v1,simulado,sim-2026-08
d43a7ff6-a43d-53e3-bdab-bdbcb6be3d55,SC-03_20260803_0026.jpg,2026-08-03 07:35:30,SC-03,smartphone,saudavel,saudavel,0.9536,agrosmart-v1,simulado,sim-2026-08
6d61fb80-5b0e-5e73-b844-be368ff56e90,TI-03_20260803_0007.jpg,2026-08-03 07:36:02,TI-03,drone,saudavel,saudavel,0.9525,agrosmart-v1,simulado,sim-2026-08
e78a337b-e59e-573b-9b4f-b40a5151030b,TI-03_20260803_0008.jpg,2026-08-03 07:36:38,TI-03,drone,doente,mosca_minadora,0.9724,agrosmart-v1,simulado,sim-2026-08
99a0ddab-3930-5274-9414-7969f740cd61,TI-03_20260803_0009.jpg,2026-08-03 07:37:18,TI-03,drone,saudavel,saudavel,0.5470,agrosmart-v1,simulado,sim-2026-08
8747c743-3ed6-5627-a244-609ad1139853,TI-03_20260803_0010.jpg,2026-08-03 07:37:59,TI-03,drone,saudavel,saudavel,0.9913,agrosmart-v1,simulado,sim-2026-08
db730027-7f6f-55e5-abad-a1ca37f56b5c,TI-03_20260803_0011.jpg,2026-08-03 07:38:34,TI-03,drone,saudavel,saudavel,0.9544,agrosmart-v1,simulado,sim-2026-08
c881464b-2247-57e7-affe-49ca43917376,TI-03_20260803_0012.jpg,2026-08-03 07:39:00,TI-03,drone,saudavel,saudavel,0.9550,agrosmart-v1,simulado,sim-2026-08
bfb4c7da-37ce-52c1-83fc-67e15fb08b4b,TI-03_20260803_0013.jpg,2026-08-03 07:40:08,TI-03,drone,saudavel,saudavel,0.9643,agrosmart-v1,simulado,sim-2026-08
1487dbfc-edc7-5ce1-90d5-1c3b45e1b21b,TI-03_20260803_0014.jpg,2026-08-03 07:40:21,TI-03,drone,saudavel,saudavel,0.7535,agrosmart-v1,simulado,sim-2026-08
fba4b8b4-8820-51d6-8cbf-0c661461dd2f,TI-03_20260803_0015.jpg,2026-08-03 07:41:21,TI-03,drone,saudavel,saudavel,0.9026,agrosmart-v1,simulado,sim-2026-08
047ae39c-a90f-5fd8-94fa-7993719936cf,TI-03_20260803_0016.jpg,2026-08-03 07:41:58,TI-03,drone,saudavel,saudavel,0.8930,agrosmart-v1,simulado,sim-2026-08
a050d612-6cc8-562c-a982-ee2ed64c162b,TI-03_20260803_0017.jpg,2026-08-03 07:42:46,TI-03,drone,saudavel,saudavel,0.9108,agrosmart-v1,simulado,sim-2026-08
d68905c5-deaa-5713-886a-0a39bffb0e8c,BV-02_20260803_0001.jpg,2026-08-03 07:42:57,BV-02,smartphone,saudavel,saudavel,0.8997,agrosmart-v1,simulado,sim-2026-08
e2d3bbcc-6fc1-53f5-9a32-6b2ed374225a,TI-03_20260803_0018.jpg,2026-08-03 07:43:24,TI-03,drone,doente,mosca_minadora,0.9909,agrosmart-v1,simulado,sim-2026-08
33d994bc-1214-5f15-b46e-2543d0a84195,BV-02_20260803_0002.jpg,2026-08-03 07:43:28,BV-02,smartphone,saudavel,saudavel,0.8429,agrosmart-v1,simulado,sim-2026-08
497fd050-9e5d-5b8e-83b2-ea9bbc1cdbdf,TI-03_20260803_0019.jpg,2026-08-03 07:44:00,TI-03,drone,saudavel,saudavel,0.9999,agrosmart-v1,simulado,sim-2026-08
e2b1dbb9-9ca2-5c33-a250-edb316e7fd8c,BV-02_20260803_0003.jpg,2026-08-03 07:44:18,BV-02,smartphone,saudavel,saudavel,0.9965,agrosmart-v1,simulado,sim-2026-08
e2c4df96-449c-5138-93c7-3eb39453cc1e,TI-03_20260803_0020.jpg,2026-08-03 07:44:28,TI-03,drone,doente,mosca_minadora,0.7620,agrosmart-v1,simulado,sim-2026-08
ab2a1817-31ae-53d5-9e61-fa3b7ebc00da,BV-02_20260803_0004.jpg,2026-08-03 07:44:59,BV-02,smartphone,saudavel,saudavel,0.9267,agrosmart-v1,simulado,sim-2026-08
5c46d916-34d9-5cfc-a130-4a6e6c66f3d4,TI-03_20260803_0021.jpg,2026-08-03 07:45:03,TI-03,drone,saudavel,saudavel,0.9710,agrosmart-v1,simulado,sim-2026-08
1be235d2-2a2d-5742-8fe0-b36834419725,BV-02_20260803_0005.jpg,2026-08-03 07:45:24,BV-02,smartphone,saudavel,saudavel,0.9016,agrosmart-v1,simulado,sim-2026-08
ce3a5788-93be-57a0-9fa4-c6091307bcec,TI-03_20260803_0022.jpg,2026-08-03 07:45:45,TI-03,drone,saudavel,saudavel,0.8461,agrosmart-v1,simulado,sim-2026-08
47d66cb5-4da7-5a1d-ad51-2d0fb7b5dad0,BV-02_20260803_0006.jpg,2026-08-03 07:46:25,BV-02,smartphone,saudavel,saudavel,0.8649,agrosmart-v1,simulado,sim-2026-08
e69f28bb-9856-562b-a46c-b1c58017e3b3,TI-03_20260803_0023.jpg,2026-08-03 07:46:33,TI-03,drone,saudavel,saudavel,0.7766,agrosmart-v1,simulado,sim-2026-08
c4b71411-db3d-569b-bef7-888c9b00559c,BV-02_20260803_0007.jpg,2026-08-03 07:46:46,BV-02,smartphone,saudavel,saudavel,0.8537,agrosmart-v1,simulado,sim-2026-08
524235c8-7450-533c-8bc0-b10746b02410,BV-02_20260803_0008.jpg,2026-08-03 07:47:23,BV-02,smartphone,saudavel,saudavel,0.9951,agrosmart-v1,simulado,sim-2026-08
30227d3f-f98f-5b21-90ca-00225265af41,TI-03_20260803_0024.jpg,2026-08-03 07:47:27,TI-03,drone,saudavel,saudavel,0.9134,agrosmart-v1,simulado,sim-2026-08
f78c62a8-faa9-5f5c-964e-f1617b1e13e8,TI-03_20260803_0025.jpg,2026-08-03 07:48:02,TI-03,drone,saudavel,saudavel,0.8508,agrosmart-v1,simulado,sim-2026-08
5e762b8c-05a9-5d16-8151-dcfe6c7490f9,BV-02_20260803_0009.jpg,2026-08-03 07:48:21,BV-02,smartphone,saudavel,saudavel,0.9937,agrosmart-v1,simulado,sim-2026-08
f5223259-5cdf-5f16-8eb1-bec68bc05bc8,TI-03_20260803_0026.jpg,2026-08-03 07:48:36,TI-03,drone,saudavel,saudavel,0.8215,agrosmart-v1,simulado,sim-2026-08
738cd931-5d4b-56b5-92ce-39034885f8e5,BV-02_20260803_0010.jpg,2026-08-03 07:49:03,BV-02,smartphone,saudavel,saudavel,0.9580,agrosmart-v1,simulado,sim-2026-08
9c867de7-64f1-596d-b3d5-ef977d70ab60,TI-03_20260803_0027.jpg,2026-08-03 07:49:16,TI-03,drone,saudavel,saudavel,0.8419,agrosmart-v1,simulado,sim-2026-08
5992c71c-027d-5118-a26e-7b8b96f820e9,BV-02_20260803_0011.jpg,2026-08-03 07:49:30,BV-02,smartphone,saudavel,saudavel,0.8311,agrosmart-v1,simulado,sim-2026-08
bea32b58-df4e-5601-8a0e-5acab9ae37cd,TI-03_20260803_0028.jpg,2026-08-03 07:50:06,TI-03,drone,saudavel,saudavel,0.9958,agrosmart-v1,simulado,sim-2026-08
4ff42b81-3fc8-5fa3-a835-a25a05f596a6,BV-02_20260803_0012.jpg,2026-08-03 07:50:30,BV-02,smartphone,saudavel,saudavel,0.8643,agrosmart-v1,simulado,sim-2026-08
70c1a2e3-fa2a-5214-896b-45faffb7ee4c,TI-03_20260803_0029.jpg,2026-08-03 07:50:45,TI-03,drone,saudavel,saudavel,0.9955,agrosmart-v1,simulado,sim-2026-08
1436fdb0-c575-5a50-b38f-9f6baa33570b,BV-02_20260803_0013.jpg,2026-08-03 07:50:56,BV-02,smartphone,saudavel,saudavel,0.9152,agrosmart-v1,simulado,sim-2026-08
82df10b7-98cd-5ffe-b1cf-7df5e41ea326,TI-03_20260803_0030.jpg,2026-08-03 07:51:14,TI-03,drone,saudavel,saudavel,0.9918,agrosmart-v1,simulado,sim-2026-08
a8027465-decf-529a-8ccd-305e3c5cd48b,BV-02_20260803_0014.jpg,2026-08-03 07:51:47,BV-02,smartphone,saudavel,saudavel,0.9542,agrosmart-v1,simulado,sim-2026-08
be51d933-97ee-529c-af54-3a2dcc6d3eae,TI-03_20260803_0031.jpg,2026-08-03 07:51:49,TI-03,drone,doente,mosca_minadora,0.5705,agrosmart-v1,simulado,sim-2026-08
58b242bb-6aed-553c-b93f-30734b8a728b,BV-02_20260803_0015.jpg,2026-08-03 07:52:12,BV-02,smartphone,saudavel,saudavel,0.9999,agrosmart-v1,simulado,sim-2026-08
c9486e7a-88f0-5ae8-a9b9-2b5d4f07da46,TI-03_20260803_0032.jpg,2026-08-03 07:52:33,TI-03,drone,saudavel,saudavel,0.9894,agrosmart-v1,simulado,sim-2026-08
53fffbdc-614d-5531-a01f-062a43f7e10f,BV-02_20260803_0016.jpg,2026-08-03 07:52:56,BV-02,smartphone,saudavel,saudavel,0.9731,agrosmart-v1,simulado,sim-2026-08
8692e222-e61d-5599-80e6-b3126ba88bff,TI-03_20260803_0033.jpg,2026-08-03 07:53:17,TI-03,drone,doente,mosca_minadora,0.8438,agrosmart-v1,simulado,sim-2026-08
fa77ee7e-d820-5127-9d8a-c94065e48ff2,BV-02_20260803_0017.jpg,2026-08-03 07:53:30,BV-02,smartphone,saudavel,saudavel,0.6065,agrosmart-v1,simulado,sim-2026-08
29d48273-fe62-5b04-8ddc-a7c787775217,TI-03_20260803_0034.jpg,2026-08-03 07:53:43,TI-03,drone,saudavel,saudavel,0.9887,agrosmart-v1,simulado,sim-2026-08
a52a2cb4-5ecf-58e9-ab6b-d98895827d67,TI-03_20260803_0035.jpg,2026-08-03 07:54:20,TI-03,drone,saudavel,saudavel,0.9839,agrosmart-v1,simulado,sim-2026-08
f8a8c014-1db3-528f-aeb2-136e463e0804,BV-02_20260803_0018.jpg,2026-08-03 07:54:21,BV-02,smartphone,saudavel,saudavel,0.9877,agrosmart-v1,simulado,sim-2026-08
e7dd9662-495c-59a2-97ed-50a55c274ff3,BV-02_20260803_0019.jpg,2026-08-03 07:54:49,BV-02,smartphone,doente,requeima,0.9974,agrosmart-v1,simulado,sim-2026-08
e8494eba-de11-5423-8f56-14d92a6c47d7,TI-03_20260803_0036.jpg,2026-08-03 07:55:04,TI-03,drone,doente,mosca_minadora,0.8853,agrosmart-v1,simulado,sim-2026-08
7990791c-47ab-5979-9504-ccd6f5b808bc,BV-02_20260803_0020.jpg,2026-08-03 07:55:36,BV-02,smartphone,saudavel,saudavel,0.9990,agrosmart-v1,simulado,sim-2026-08
e77e8e10-0cbb-50e4-9e46-b5ef8644741f,TI-03_20260803_0037.jpg,2026-08-03 07:56:02,TI-03,drone,saudavel,saudavel,0.9997,agrosmart-v1,simulado,sim-2026-08
11138aab-e5c8-5e2b-aff6-f2bffb714420,BV-02_20260803_0021.jpg,2026-08-03 07:56:29,BV-02,smartphone,saudavel,saudavel,0.9578,agrosmart-v1,simulado,sim-2026-08
264aea41-b6af-5742-a509-5dde4d58dc83,TI-03_20260803_0038.jpg,2026-08-03 07:56:50,TI-03,drone,saudavel,saudavel,0.9714,agrosmart-v1,simulado,sim-2026-08
bebbcd2b-c013-5575-8802-fc9a7eedae2c,BV-02_20260803_0022.jpg,2026-08-03 07:56:56,BV-02,smartphone,saudavel,saudavel,0.9800,agrosmart-v1,simulado,sim-2026-08
ff5f5084-57b5-58bd-a220-05e50403ed24,TI-03_20260803_0039.jpg,2026-08-03 07:57:27,TI-03,drone,saudavel,saudavel,0.9886,agrosmart-v1,simulado,sim-2026-08
8e3fec42-8833-5641-a299-35b1c7033739,BV-02_20260803_0023.jpg,2026-08-03 07:57:45,BV-02,smartphone,saudavel,saudavel,0.8734,agrosmart-v1,simulado,sim-2026-08
dc1001e3-db0f-5d9f-84b4-f694e05895f2,BV-02_20260803_0024.jpg,2026-08-03 07:58:09,BV-02,smartphone,saudavel,saudavel,0.9845,agrosmart-v1,simulado,sim-2026-08
f4884a05-5a52-5b44-ba64-c5d18cdcb1cc,BV-02_20260803_0025.jpg,2026-08-03 07:59:06,BV-02,smartphone,saudavel,saudavel,0.9979,agrosmart-v1,simulado,sim-2026-08
695bafdb-9ac8-5804-9c4b-f483f4dab00f,BV-02_20260803_0026.jpg,2026-08-03 07:59:31,BV-02,smartphone,saudavel,saudavel,0.9917,agrosmart-v1,simulado,sim-2026-08
c3814440-7f12-5163-b916-68d72bacc49e,BV-02_20260803_0027.jpg,2026-08-03 08:00:23,BV-02,smartphone,saudavel,saudavel,0.9505,agrosmart-v1,simulado,sim-2026-08
0b379e7b-16e1-56ce-aec9-db851f203f62,TI-01_20260803_0001.jpg,2026-08-03 08:49:05,TI-01,drone,saudavel,saudavel,0.9991,agrosmart-v1,simulado,sim-2026-08
f5da84ae-d620-5702-9ffc-e038d14d3054,TI-01_20260803_0002.jpg,2026-08-03 08:49:41,TI-01,drone,saudavel,saudavel,0.6861,agrosmart-v1,simulado,sim-2026-08
47c1b4d0-6511-51a0-a287-e5ee1f0b55a0,TI-01_20260803_0003.jpg,2026-08-03 08:50:14,TI-01,drone,saudavel,saudavel,0.9817,agrosmart-v1,simulado,sim-2026-08
6617efe1-cc2f-5ea0-9d6e-119db5225b73,TI-01_20260803_0004.jpg,2026-08-03 08:50:55,TI-01,drone,saudavel,saudavel,0.9997,agrosmart-v1,simulado,sim-2026-08
4e748a0a-deb1-519a-913e-eda2d1833274,TI-01_20260803_0005.jpg,2026-08-03 08:51:23,TI-01,drone,saudavel,saudavel,0.9986,agrosmart-v1,simulado,sim-2026-08
966f415e-37d7-549d-862f-cf1f13c9ba49,SC-01_20260803_0001.jpg,2026-08-03 08:51:53,SC-01,smartphone,saudavel,saudavel,0.6549,agrosmart-v1,simulado,sim-2026-08
bc65b151-3514-5ae4-9345-df8cfd72596b,TI-01_20260803_0006.jpg,2026-08-03 08:52:00,TI-01,drone,saudavel,saudavel,0.5710,agrosmart-v1,simulado,sim-2026-08
beaa13f6-a4a3-57b2-b014-d4044b8008ed,SC-01_20260803_0002.jpg,2026-08-03 08:52:35,SC-01,smartphone,saudavel,saudavel,0.9809,agrosmart-v1,simulado,sim-2026-08
25a6ea21-b666-507b-913d-575f5e079d20,TI-01_20260803_0007.jpg,2026-08-03 08:52:53,TI-01,drone,saudavel,saudavel,0.9983,agrosmart-v1,simulado,sim-2026-08
61afdf3f-bcac-57f5-afdb-9834f9e30c09,SC-01_20260803_0003.jpg,2026-08-03 08:53:00,SC-01,smartphone,saudavel,saudavel,0.8976,agrosmart-v1,simulado,sim-2026-08
61f52eae-b1ef-5fb5-bffd-c11f05266a6a,SC-01_20260803_0004.jpg,2026-08-03 08:53:49,SC-01,smartphone,saudavel,saudavel,0.9762,agrosmart-v1,simulado,sim-2026-08
a37865bd-4aa3-52cb-9004-ebd6994a9387,TI-01_20260803_0008.jpg,2026-08-03 08:53:49,TI-01,drone,saudavel,saudavel,0.9408,agrosmart-v1,simulado,sim-2026-08
6d8626f8-e9f0-5b31-9e36-30428db1c5e5,TI-01_20260803_0009.jpg,2026-08-03 08:54:04,TI-01,drone,saudavel,saudavel,0.8877,agrosmart-v1,simulado,sim-2026-08
110e396d-11a2-56da-a165-faa0eec5663b,SC-01_20260803_0005.jpg,2026-08-03 08:54:42,SC-01,smartphone,saudavel,saudavel,0.9712,agrosmart-v1,simulado,sim-2026-08
88615605-94fb-53d3-82bb-df395d2f53ab,TI-01_20260803_0010.jpg,2026-08-03 08:54:52,TI-01,drone,saudavel,saudavel,0.8937,agrosmart-v1,simulado,sim-2026-08
8a899add-edfd-5000-9983-23d97c14b1b4,SC-01_20260803_0006.jpg,2026-08-03 08:55:28,SC-01,smartphone,saudavel,saudavel,0.8237,agrosmart-v1,simulado,sim-2026-08
8f5051dd-542a-5d72-9503-0eaeefe21774,TI-01_20260803_0011.jpg,2026-08-03 08:55:38,TI-01,drone,saudavel,saudavel,0.9702,agrosmart-v1,simulado,sim-2026-08
188306ae-7206-5ff3-aa1a-d7096458c722,SC-01_20260803_0007.jpg,2026-08-03 08:55:40,SC-01,smartphone,saudavel,saudavel,0.9999,agrosmart-v1,simulado,sim-2026-08
b232ca39-7323-5bf2-ba98-a835ddc10b4c,TI-01_20260803_0012.jpg,2026-08-03 08:56:04,TI-01,drone,saudavel,saudavel,0.9493,agrosmart-v1,simulado,sim-2026-08
2dc14fc1-6a34-5225-a28b-a8d889ea2be9,SC-01_20260803_0008.jpg,2026-08-03 08:56:27,SC-01,smartphone,saudavel,saudavel,0.9144,agrosmart-v1,simulado,sim-2026-08
66ac477d-0f30-55cd-a8c5-f828931b34d4,TI-01_20260803_0013.jpg,2026-08-03 08:56:41,TI-01,drone,saudavel,saudavel,0.9429,agrosmart-v1,simulado,sim-2026-08
c7cbf3f2-2721-5265-bb3a-ea4267148f7a,SC-01_20260803_0009.jpg,2026-08-03 08:57:11,SC-01,smartphone,saudavel,saudavel,0.9519,agrosmart-v1,simulado,sim-2026-08
b6b93333-7df9-5d47-b15c-e3cda75abd62,TI-01_20260803_0014.jpg,2026-08-03 08:57:40,TI-01,drone,saudavel,saudavel,0.9618,agrosmart-v1,simulado,sim-2026-08
83a9f765-fd85-5076-acab-8cfca0061faf,SC-01_20260803_0010.jpg,2026-08-03 08:57:52,SC-01,smartphone,saudavel,saudavel,0.9801,agrosmart-v1,simulado,sim-2026-08
b16d14ac-3205-5154-b583-0e4a0ae80820,TI-01_20260803_0015.jpg,2026-08-03 08:58:06,TI-01,drone,saudavel,saudavel,1.0000,agrosmart-v1,simulado,sim-2026-08
e4fc18ff-9977-5a53-a022-74c3a7787525,SC-01_20260803_0011.jpg,2026-08-03 08:58:22,SC-01,smartphone,saudavel,saudavel,0.9674,agrosmart-v1,simulado,sim-2026-08
306ddd02-11a7-5a17-a8a1-f9cc7966009d,TI-01_20260803_0016.jpg,2026-08-03 08:58:46,TI-01,drone,saudavel,saudavel,0.9824,agrosmart-v1,simulado,sim-2026-08
da2cdc52-330a-52dc-a5bc-029758229375,SC-01_20260803_0012.jpg,2026-08-03 08:59:14,SC-01,smartphone,saudavel,saudavel,0.9926,agrosmart-v1,simulado,sim-2026-08
143edbd3-a42c-549c-b3ea-ad50f459a836,TI-01_20260803_0017.jpg,2026-08-03 08:59:23,TI-01,drone,saudavel,saudavel,0.9950,agrosmart-v1,simulado,sim-2026-08
93852f84-dc61-5d9c-b849-bb068b90e5cb,TI-01_20260803_0018.jpg,2026-08-03 09:00:01,TI-01,drone,doente,pinta_preta,0.8978,agrosmart-v1,simulado,sim-2026-08
e4bebefd-9bf2-5246-8044-6f794940192f,SC-01_20260803_0013.jpg,2026-08-03 09:00:04,SC-01,smartphone,saudavel,saudavel,0.8390,agrosmart-v1,simulado,sim-2026-08
d55cea0f-7068-5a8b-9b26-19f8c55fb276,SC-01_20260803_0014.jpg,2026-08-03 09:00:28,SC-01,smartphone,saudavel,saudavel,0.9821,agrosmart-v1,simulado,sim-2026-08
904b455f-7336-56a2-883c-f3ee4e51e030,TI-01_20260803_0019.jpg,2026-08-03 09:01:05,TI-01,drone,saudavel,saudavel,0.9900,agrosmart-v1,simulado,sim-2026-08
bac2654c-c37c-5ef7-b9d7-a007a82986b3,SC-01_20260803_0015.jpg,2026-08-03 09:01:28,SC-01,smartphone,saudavel,saudavel,0.8711,agrosmart-v1,simulado,sim-2026-08
8a4521bc-55e1-5066-9d7c-030625952900,TI-01_20260803_0020.jpg,2026-08-03 09:01:50,TI-01,drone,saudavel,saudavel,0.9538,agrosmart-v1,simulado,sim-2026-08
4c32ac9e-efbd-5fb1-96ce-6e91994fd12a,SC-01_20260803_0016.jpg,2026-08-03 09:02:01,SC-01,smartphone,saudavel,saudavel,0.9539,agrosmart-v1,simulado,sim-2026-08
fcf68cd4-077f-5599-a6d8-d48b0941ea8b,TI-01_20260803_0021.jpg,2026-08-03 09:02:04,TI-01,drone,saudavel,saudavel,0.8651,agrosmart-v1,simulado,sim-2026-08
7008a7d8-3cfb-5ec3-b9bf-71880a84837b,SC-01_20260803_0017.jpg,2026-08-03 09:02:20,SC-01,smartphone,saudavel,saudavel,0.9088,agrosmart-v1,simulado,sim-2026-08
499f7558-3390-5c44-a800-c11d524f4c38,TI-01_20260803_0022.jpg,2026-08-03 09:03:04,TI-01,drone,saudavel,saudavel,0.9990,agrosmart-v1,simulado,sim-2026-08
8b905465-c2e4-5a8a-a51d-98d738d71ad8,SC-01_20260803_0018.jpg,2026-08-03 09:03:22,SC-01,smartphone,saudavel,saudavel,1.0000,agrosmart-v1,simulado,sim-2026-08
fe4d116f-3b8f-5d96-b5b5-642fdbae559d,TI-01_20260803_0023.jpg,2026-08-03 09:03:37,TI-01,drone,saudavel,saudavel,1.0000,agrosmart-v1,simulado,sim-2026-08
654cd875-9ad0-51a0-ac5f-8d04ff59a4f0,SC-01_20260803_0019.jpg,2026-08-03 09:03:52,SC-01,smartphone,saudavel,saudavel,0.9293,agrosmart-v1,simulado,sim-2026-08
45d50ec2-0dfd-57c0-9b94-31b5868e7bc6,TI-01_20260803_0024.jpg,2026-08-03 09:04:18,TI-01,drone,saudavel,saudavel,0.9996,agrosmart-v1,simulado,sim-2026-08
77776e62-0738-522e-bf90-9109dbf08940,SC-01_20260803_0020.jpg,2026-08-03 09:04:36,SC-01,smartphone,saudavel,saudavel,0.9310,agrosmart-v1,simulado,sim-2026-08
f3b2d73b-1b6e-5d52-b075-c3de968800f5,TI-01_20260803_0025.jpg,2026-08-03 09:04:51,TI-01,drone,saudavel,saudavel,0.9107,agrosmart-v1,simulado,sim-2026-08
89b21302-18a9-57d7-86a5-654f0510075b,SC-01_20260803_0021.jpg,2026-08-03 09:05:24,SC-01,smartphone,saudavel,saudavel,0.9122,agrosmart-v1,simulado,sim-2026-08
80dda7e4-3b78-5953-9e63-93b63ded159c,TI-01_20260803_0026.jpg,2026-08-03 09:05:32,TI-01,drone,saudavel,saudavel,0.9090,agrosmart-v1,simulado,sim-2026-08
956c7b78-e963-50db-80ad-fa61e21f896c,SC-01_20260803_0022.jpg,2026-08-03 09:05:42,SC-01,smartphone,doente,mosca_minadora,0.8693,agrosmart-v1,simulado,sim-2026-08
baeeca6a-fc4e-5dfe-a3b0-a59e87719ce9,TI-01_20260803_0027.jpg,2026-08-03 09:06:00,TI-01,drone,saudavel,saudavel,0.9983,agrosmart-v1,simulado,sim-2026-08
5b564261-f332-5779-ad22-752cd9ac844d,SC-01_20260803_0023.jpg,2026-08-03 09:06:33,SC-01,smartphone,saudavel,saudavel,0.9992,agrosmart-v1,simulado,sim-2026-08
ed5c7e86-5158-5c66-812e-951a732d010e,TI-01_20260803_0028.jpg,2026-08-03 09:06:44,TI-01,drone,saudavel,saudavel,0.8582,agrosmart-v1,simulado,sim-2026-08
8d5abae2-996d-5942-ba7e-7ab472205eaa,SC-01_20260803_0024.jpg,2026-08-03 09:07:03,SC-01,smartphone,saudavel,saudavel,0.9460,agrosmart-v1,simulado,sim-2026-08
17afceb5-ce30-565c-95d1-29b753c00976,TI-01_20260803_0029.jpg,2026-08-03 09:07:32,TI-01,drone,saudavel,saudavel,0.6647,agrosmart-v1,simulado,sim-2026-08
b8fa6921-61a0-5e0f-8752-7eef0e913a44,TI-01_20260803_0030.jpg,2026-08-03 09:08:02,TI-01,drone,saudavel,saudavel,0.9830,agrosmart-v1,simulado,sim-2026-08
c9b7030f-2b83-5ba0-9e16-09aebeb4eea4,SC-01_20260803_0025.jpg,2026-08-03 09:08:05,SC-01,smartphone,saudavel,saudavel,0.7714,agrosmart-v1,simulado,sim-2026-08
7e68d5a8-6590-561a-8757-1b2705cca4dd,TI-01_20260803_0031.jpg,2026-08-03 09:08:40,TI-01,drone,saudavel,saudavel,0.9886,agrosmart-v1,simulado,sim-2026-08
1a94f15c-bc6e-5a41-a4e3-d278e51e72ad,SC-01_20260803_0026.jpg,2026-08-03 09:08:50,SC-01,smartphone,saudavel,saudavel,0.9800,agrosmart-v1,simulado,sim-2026-08
e36b96e1-f1d9-5ac4-a5ab-c5dd5919822e,SC-01_20260803_0027.jpg,2026-08-03 09:09:28,SC-01,smartphone,saudavel,saudavel,0.8930,agrosmart-v1,simulado,sim-2026-08
9527742c-418f-5767-9cdf-fe48e31662fc,TI-01_20260803_0032.jpg,2026-08-03 09:09:30,TI-01,drone,saudavel,saudavel,0.9842,agrosmart-v1,simulado,sim-2026-08
5563ca05-8a15-5e3e-be27-e002e3895280,TI-01_20260803_0033.jpg,2026-08-03 09:10:08,TI-01,drone,saudavel,saudavel,0.9246,agrosmart-v1,simulado,sim-2026-08
8258c6a0-5c9f-5549-8c14-95648a0ce9a1,SC-01_20260803_0028.jpg,2026-08-03 09:10:10,SC-01,smartphone,saudavel,saudavel,0.9948,agrosmart-v1,simulado,sim-2026-08
ea7fbc74-c063-5c08-9e05-f14e3eae863e,TI-04_20260803_0001.jpg,2026-08-03 09:10:10,TI-04,drone,saudavel,saudavel,0.9994,agrosmart-v1,simulado,sim-2026-08
60ccc3e6-221a-5221-b0b0-c6def0d6a514,TI-04_20260803_0002.jpg,2026-08-03 09:10:26,TI-04,drone,saudavel,saudavel,0.9773,agrosmart-v1,simulado,sim-2026-08
c33fd1a3-f654-53e8-a128-6696e0784956,SC-01_20260803_0029.jpg,2026-08-03 09:10:35,SC-01,smartphone,saudavel,saudavel,0.9895,agrosmart-v1,simulado,sim-2026-08
65d80333-4105-58c7-a4a0-c15a391cb139,TI-01_20260803_0034.jpg,2026-08-03 09:10:52,TI-01,drone,saudavel,saudavel,0.9417,agrosmart-v1,simulado,sim-2026-08
dcbd8df5-55c9-5c58-bbca-79aa6ec468b9,SC-01_20260803_0030.jpg,2026-08-03 09:11:13,SC-01,smartphone,saudavel,saudavel,0.9423,agrosmart-v1,simulado,sim-2026-08
cb0be6b0-634f-5090-a921-0da17f84c331,TI-04_20260803_0003.jpg,2026-08-03 09:11:20,TI-04,drone,saudavel,saudavel,0.9967,agrosmart-v1,simulado,sim-2026-08
85bde936-c972-59ed-8e1e-0cc5b74f780d,TI-01_20260803_0035.jpg,2026-08-03 09:11:21,TI-01,drone,saudavel,saudavel,0.9418,agrosmart-v1,simulado,sim-2026-08
d0c80cc0-73d1-5b50-a193-4531ecd85547,SC-01_20260803_0031.jpg,2026-08-03 09:11:56,SC-01,smartphone,saudavel,saudavel,0.9916,agrosmart-v1,simulado,sim-2026-08
fb61c3c1-f3a1-59ea-b2e6-ccda2dbdcd8c,TI-04_20260803_0004.jpg,2026-08-03 09:12:01,TI-04,drone,saudavel,saudavel,0.9941,agrosmart-v1,simulado,sim-2026-08
ef3f8996-9ed3-5607-b34b-aee04d9fc655,TI-01_20260803_0036.jpg,2026-08-03 09:12:13,TI-01,drone,saudavel,saudavel,0.9439,agrosmart-v1,simulado,sim-2026-08
caee9e20-1bbd-52ad-8ac2-097d2977213f,TI-04_20260803_0005.jpg,2026-08-03 09:12:20,TI-04,drone,saudavel,saudavel,0.8357,agrosmart-v1,simulado,sim-2026-08
3b2b4604-ce02-59c7-bfb2-471e8df5cac7,SC-01_20260803_0032.jpg,2026-08-03 09:12:28,SC-01,smartphone,saudavel,saudavel,0.9547,agrosmart-v1,simulado,sim-2026-08
e46f345c-e353-5885-92ed-9a95e602a4f7,TI-04_20260803_0006.jpg,2026-08-03 09:13:03,TI-04,drone,saudavel,saudavel,0.9637,agrosmart-v1,simulado,sim-2026-08
36c0ae28-56e8-57b8-b9d4-50f163c33984,TI-01_20260803_0037.jpg,2026-08-03 09:13:08,TI-01,drone,doente,mosca_minadora,0.5540,agrosmart-v1,simulado,sim-2026-08
81ed09d6-8552-50c2-b85f-6e9228d9dbb2,SC-01_20260803_0033.jpg,2026-08-03 09:13:13,SC-01,smartphone,saudavel,saudavel,0.8952,agrosmart-v1,simulado,sim-2026-08
eb46aad1-8da6-5e7d-bab5-915b06fe9e6f,TI-01_20260803_0038.jpg,2026-08-03 09:13:21,TI-01,drone,saudavel,saudavel,0.9686,agrosmart-v1,simulado,sim-2026-08
bf66a605-b9b8-5a49-8f07-f29924a98554,SC-01_20260803_0034.jpg,2026-08-03 09:13:53,SC-01,smartphone,saudavel,saudavel,0.9929,agrosmart-v1,simulado,sim-2026-08
67a62bcc-e697-5ea8-b5d8-37955b5bf1f2,TI-01_20260803_0039.jpg,2026-08-03 09:14:10,TI-01,drone,saudavel,saudavel,0.9275,agrosmart-v1,simulado,sim-2026-08
68368efc-0061-5f23-b79e-5ddf1b3a43a5,TI-04_20260803_0007.jpg,2026-08-03 09:14:10,TI-04,drone,doente,mosca_minadora,0.9590,agrosmart-v1,simulado,sim-2026-08
15489035-8d4d-537b-812f-af93085a4f56,TI-04_20260803_0008.jpg,2026-08-03 09:14:21,TI-04,drone,saudavel,saudavel,0.8915,agrosmart-v1,simulado,sim-2026-08
7368925b-defe-5392-959c-fd41065b62ce,SC-01_20260803_0035.jpg,2026-08-03 09:14:30,SC-01,smartphone,saudavel,saudavel,0.9996,agrosmart-v1,simulado,sim-2026-08
d1c76ab8-f132-546c-8231-4d1426f6fc9c,TI-04_20260803_0009.jpg,2026-08-03 09:15:00,TI-04,drone,saudavel,saudavel,0.8857,agrosmart-v1,simulado,sim-2026-08
6d4177e5-c4f7-5f3e-9b12-b22f0584d18e,TI-01_20260803_0040.jpg,2026-08-03 09:15:06,TI-01,drone,saudavel,saudavel,0.9662,agrosmart-v1,simulado,sim-2026-08
47f28ad1-7f8e-55e1-9264-de01aec9d887,SC-01_20260803_0036.jpg,2026-08-03 09:15:15,SC-01,smartphone,saudavel,saudavel,0.8430,agrosmart-v1,simulado,sim-2026-08
c856f827-7ad1-5dcb-ae6a-2467c5b76837,TI-01_20260803_0041.jpg,2026-08-03 09:15:40,TI-01,drone,saudavel,saudavel,0.9999,agrosmart-v1,simulado,sim-2026-08
87221020-50e2-5859-a899-7e0431b6e9d9,TI-04_20260803_0010.jpg,2026-08-03 09:15:41,TI-04,drone,saudavel,saudavel,0.9896,agrosmart-v1,simulado,sim-2026-08
22620adb-ebfb-5572-a564-83751264007a,SC-01_20260803_0037.jpg,2026-08-03 09:15:54,SC-01,smartphone,saudavel,saudavel,0.9028,agrosmart-v1,simulado,sim-2026-08
cd8b1a9c-53f8-52f0-930f-8b95b90b7b2e,TI-01_20260803_0042.jpg,2026-08-03 09:16:12,TI-01,drone,saudavel,saudavel,0.8596,agrosmart-v1,simulado,sim-2026-08
60dff5e2-8edf-567b-b972-a86b147138b3,TI-04_20260803_0011.jpg,2026-08-03 09:16:27,TI-04,drone,saudavel,saudavel,0.9960,agrosmart-v1,simulado,sim-2026-08
cffa17b3-62c4-51d5-a017-4094f9090eab,SC-01_20260803_0038.jpg,2026-08-03 09:16:30,SC-01,smartphone,saudavel,saudavel,0.8816,agrosmart-v1,simulado,sim-2026-08
4f0b6006-0bf2-5465-9013-c1e9664ccb1b,TI-01_20260803_0043.jpg,2026-08-03 09:17:00,TI-01,drone,saudavel,saudavel,0.8418,agrosmart-v1,simulado,sim-2026-08
39f1b20d-bae0-5d00-93af-ef57392bbea4,TI-04_20260803_0012.jpg,2026-08-03 09:17:06,TI-04,drone,saudavel,saudavel,0.9843,agrosmart-v1,simulado,sim-2026-08
9c210801-eb6e-5315-88df-80edd8151e6e,TI-01_20260803_0044.jpg,2026-08-03 09:17:49,TI-01,drone,saudavel,saudavel,0.8407,agrosmart-v1,simulado,sim-2026-08
67e6d7af-7116-5eb7-9e0c-c73482696175,TI-04_20260803_0013.jpg,2026-08-03 09:18:01,TI-04,drone,saudavel,saudavel,0.8215,agrosmart-v1,simulado,sim-2026-08
22de9486-07a3-54a2-af19-6e66733acec8,TI-04_20260803_0014.jpg,2026-08-03 09:18:33,TI-04,drone,saudavel,saudavel,0.8790,agrosmart-v1,simulado,sim-2026-08
3ae0a814-fd8f-5e49-8825-c6b1e3f911f7,TI-04_20260803_0015.jpg,2026-08-03 09:19:01,TI-04,drone,saudavel,saudavel,0.9979,agrosmart-v1,simulado,sim-2026-08
e2ab26ae-5b15-51cf-af2f-772eb66ead78,TI-04_20260803_0016.jpg,2026-08-03 09:19:51,TI-04,drone,saudavel,saudavel,0.8701,agrosmart-v1,simulado,sim-2026-08
a07b452a-a9e6-5a50-820d-c1f179d08106,TI-04_20260803_0017.jpg,2026-08-03 09:20:30,TI-04,drone,saudavel,saudavel,0.9987,agrosmart-v1,simulado,sim-2026-08
e1556685-9389-59a7-b35d-14fae2fd6fab,TI-04_20260803_0018.jpg,2026-08-03 09:21:09,TI-04,drone,saudavel,saudavel,0.9458,agrosmart-v1,simulado,sim-2026-08
5c6eda2a-12f2-59f2-8dc4-2107d4db18dc,TI-04_20260803_0019.jpg,2026-08-03 09:22:05,TI-04,drone,saudavel,saudavel,0.8647,agrosmart-v1,simulado,sim-2026-08
023a3bf3-0039-57f2-a68d-d3cdd50a1189,TI-04_20260803_0020.jpg,2026-08-03 09:22:21,TI-04,drone,doente,mosca_minadora,0.9910,agrosmart-v1,simulado,sim-2026-08
dbcc4f6d-73e3-585d-b8b4-12e61410bd9a,TI-04_20260803_0021.jpg,2026-08-03 09:23:30,TI-04,drone,saudavel,saudavel,0.9354,agrosmart-v1,simulado,sim-2026-08
53b0af71-3ed5-5d4e-a8c7-980abae32be7,TI-02_20260803_0001.jpg,2026-08-03 09:23:47,TI-02,drone,saudavel,saudavel,0.9410,agrosmart-v1,simulado,sim-2026-08
130b6bcb-560d-5bb2-a993-9196a3cf2a14,TI-04_20260803_0022.jpg,2026-08-03 09:24:08,TI-04,drone,saudavel,saudavel,0.9925,agrosmart-v1,simulado,sim-2026-08
809d8b76-3154-59ba-b48f-086aa2be7955,TI-04_20260803_0023.jpg,2026-08-03 09:24:20,TI-04,drone,saudavel,saudavel,0.8975,agrosmart-v1,simulado,sim-2026-08
49b09233-edc5-5c72-95cd-9da1cfb6fc6c,TI-02_20260803_0002.jpg,2026-08-03 09:24:44,TI-02,drone,saudavel,saudavel,0.9979,agrosmart-v1,simulado,sim-2026-08
ee1787b5-9a64-5cd9-b14b-227c541f48f2,TI-02_20260803_0003.jpg,2026-08-03 09:25:08,TI-02,drone,saudavel,saudavel,0.9973,agrosmart-v1,simulado,sim-2026-08
9ca61367-22ef-5cda-893c-3a999900d64d,TI-04_20260803_0024.jpg,2026-08-03 09:25:25,TI-04,drone,saudavel,saudavel,0.9667,agrosmart-v1,simulado,sim-2026-08
842e5f7e-02df-5efc-b0c4-8285a4515bb9,TI-04_20260803_0025.jpg,2026-08-03 09:25:50,TI-04,drone,saudavel,saudavel,0.9662,agrosmart-v1,simulado,sim-2026-08
b54f47e6-84f9-5aca-86fe-41554bbddaab,TI-02_20260803_0004.jpg,2026-08-03 09:25:55,TI-02,drone,saudavel,saudavel,0.9510,agrosmart-v1,simulado,sim-2026-08
7b36a0c8-5145-586b-b246-f758f0ff6fb9,TI-04_20260803_0026.jpg,2026-08-03 09:26:24,TI-04,drone,saudavel,saudavel,0.9414,agrosmart-v1,simulado,sim-2026-08
bd618429-f5ea-5bd9-a97c-43adfbdb1d26,TI-02_20260803_0005.jpg,2026-08-03 09:26:40,TI-02,drone,saudavel,saudavel,0.9742,agrosmart-v1,simulado,sim-2026-08
8927a163-3ea1-58c4-a71f-99ef568a1e26,TI-02_20260803_0006.jpg,2026-08-03 09:27:20,TI-02,drone,saudavel,saudavel,0.9987,agrosmart-v1,simulado,sim-2026-08
52aa72f8-526b-5c1c-8855-4e46ddb4cee8,TI-04_20260803_0027.jpg,2026-08-03 09:27:21,TI-04,drone,saudavel,saudavel,0.9561,agrosmart-v1,simulado,sim-2026-08
9cf2b608-54dd-5eec-add1-4059c2f4688b,TI-02_20260803_0007.jpg,2026-08-03 09:27:47,TI-02,drone,saudavel,saudavel,0.9190,agrosmart-v1,simulado,sim-2026-08
5a40b6c9-c6e1-5e13-a4aa-7d555db73816,TI-04_20260803_0028.jpg,2026-08-03 09:28:00,TI-04,drone,saudavel,saudavel,0.9999,agrosmart-v1,simulado,sim-2026-08
b7eacfad-3612-5908-9f35-d76c3da61f53,TI-02_20260803_0008.jpg,2026-08-03 09:28:28,TI-02,drone,saudavel,saudavel,0.9179,agrosmart-v1,simulado,sim-2026-08
369cfcbc-3750-5f0b-9e7e-c22208eb619a,TI-04_20260803_0029.jpg,2026-08-03 09:28:48,TI-04,drone,saudavel,saudavel,0.8897,agrosmart-v1,simulado,sim-2026-08
97ee8e25-e43c-5144-ab27-34a3f97cce29,TI-04_20260803_0030.jpg,2026-08-03 09:29:10,TI-04,drone,saudavel,saudavel,0.9944,agrosmart-v1,simulado,sim-2026-08
9253da65-9fe8-5bc4-bb5f-0decc0f40910,TI-02_20260803_0009.jpg,2026-08-03 09:29:20,TI-02,drone,saudavel,saudavel,0.9879,agrosmart-v1,simulado,sim-2026-08
c566e882-591f-5e91-946a-52ad7e31d8ec,TI-02_20260803_0010.jpg,2026-08-03 09:30:03,TI-02,drone,saudavel,saudavel,0.8588,agrosmart-v1,simulado,sim-2026-08
0cb59005-cfe0-5602-bfa3-2eda6a688504,TI-04_20260803_0031.jpg,2026-08-03 09:30:07,TI-04,drone,saudavel,saudavel,0.9498,agrosmart-v1,simulado,sim-2026-08
2403b434-e58a-5a7b-a548-b3a0adf7bf79,TI-02_20260803_0011.jpg,2026-08-03 09:30:28,TI-02,drone,saudavel,saudavel,0.9374,agrosmart-v1,simulado,sim-2026-08
fd78e6de-b6ae-56f3-9a4e-7592f5e72539,TI-04_20260803_0032.jpg,2026-08-03 09:30:39,TI-04,drone,saudavel,saudavel,0.9006,agrosmart-v1,simulado,sim-2026-08
e31b434d-e656-5f2b-9fb1-f1d8ef914d86,TI-02_20260803_0012.jpg,2026-08-03 09:31:16,TI-02,drone,saudavel,saudavel,0.9169,agrosmart-v1,simulado,sim-2026-08
83a3e8da-1230-54ec-8414-4b46353b7f14,TI-02_20260803_0013.jpg,2026-08-03 09:31:57,TI-02,drone,saudavel,saudavel,0.8854,agrosmart-v1,simulado,sim-2026-08
75e3bcf3-965e-5e7d-9f1c-6ce0916cdf80,TI-02_20260803_0014.jpg,2026-08-03 09:32:39,TI-02,drone,saudavel,saudavel,0.9433,agrosmart-v1,simulado,sim-2026-08
1453fc1f-0758-5763-96ef-566347b439bb,TI-02_20260803_0015.jpg,2026-08-03 09:33:03,TI-02,drone,saudavel,saudavel,0.9922,agrosmart-v1,simulado,sim-2026-08
3eee7f6a-4dca-5fd0-b0ff-a3b27522b5e8,TI-02_20260803_0016.jpg,2026-08-03 09:33:51,TI-02,drone,saudavel,saudavel,0.8918,agrosmart-v1,simulado,sim-2026-08
9547473b-482c-5ff1-ba0e-8b3b8813701a,TI-02_20260803_0017.jpg,2026-08-03 09:34:31,TI-02,drone,saudavel,saudavel,0.9619,agrosmart-v1,simulado,sim-2026-08
1876cd89-a607-58ff-a106-b3d5c2bae102,TI-02_20260803_0018.jpg,2026-08-03 09:35:14,TI-02,drone,saudavel,saudavel,0.7749,agrosmart-v1,simulado,sim-2026-08
4f27ae00-cc74-58b5-b2a8-2a0aaee7f950,TI-02_20260803_0019.jpg,2026-08-03 09:35:50,TI-02,drone,saudavel,saudavel,0.9270,agrosmart-v1,simulado,sim-2026-08
9916917f-5488-58cf-8147-e05b13c6d0cb,TI-02_20260803_0020.jpg,2026-08-03 09:36:47,TI-02,drone,saudavel,saudavel,0.9650,agrosmart-v1,simulado,sim-2026-08
eab69105-55ac-554d-a77a-9f6caf5126be,TI-02_20260803_0021.jpg,2026-08-03 09:37:29,TI-02,drone,saudavel,saudavel,0.9766,agrosmart-v1,simulado,sim-2026-08
6892d919-c046-585a-9c76-129f704bda48,TI-02_20260803_0022.jpg,2026-08-03 09:37:57,TI-02,drone,saudavel,saudavel,0.9943,agrosmart-v1,simulado,sim-2026-08
ccdd8abd-8dec-5181-953f-a05e29d0c407,TI-02_20260803_0023.jpg,2026-08-03 09:38:20,TI-02,drone,saudavel,saudavel,0.8796,agrosmart-v1,simulado,sim-2026-08
3453cf48-e859-5fb0-830d-2660647b87bf,TI-02_20260803_0024.jpg,2026-08-03 09:39:28,TI-02,drone,saudavel,saudavel,0.9444,agrosmart-v1,simulado,sim-2026-08
7470acd2-e253-5d62-a128-e85720fdfe92,TI-02_20260803_0025.jpg,2026-08-03 09:39:45,TI-02,drone,saudavel,saudavel,0.7567,agrosmart-v1,simulado,sim-2026-08
9f36992b-40ec-5b1b-857e-230a0e29e946,TI-02_20260803_0026.jpg,2026-08-03 09:40:38,TI-02,drone,saudavel,saudavel,0.8800,agrosmart-v1,simulado,sim-2026-08
14fe1bb1-6486-548c-b9da-24001436f94d,TI-02_20260803_0027.jpg,2026-08-03 09:41:22,TI-02,drone,saudavel,saudavel,0.9948,agrosmart-v1,simulado,sim-2026-08
f0a77a50-6d00-5738-949f-7857f24b67e4,TI-02_20260803_0028.jpg,2026-08-03 09:41:50,TI-02,drone,saudavel,saudavel,0.8522,agrosmart-v1,simulado,sim-2026-08
5ff1a9c5-cbe2-537a-b940-28b5b8a4fc33,TI-02_20260803_0029.jpg,2026-08-03 09:42:49,TI-02,drone,saudavel,saudavel,0.8537,agrosmart-v1,simulado,sim-2026-08
242b1f51-9929-5ff2-a5d8-a951c298c3ff,TI-02_20260803_0030.jpg,2026-08-03 09:43:02,TI-02,drone,saudavel,saudavel,0.9277,agrosmart-v1,simulado,sim-2026-08
2f93a172-b8c1-5664-8cb7-b31817b356c1,TI-02_20260803_0031.jpg,2026-08-03 09:43:48,TI-02,drone,saudavel,saudavel,0.8704,agrosmart-v1,simulado,sim-2026-08
fdc787c5-3f72-549a-b82d-dbea49df9f2f,TI-02_20260803_0032.jpg,2026-08-03 09:44:49,TI-02,drone,saudavel,saudavel,0.9028,agrosmart-v1,simulado,sim-2026-08
0d9a1016-3728-5e25-804a-d8ff5d5055f3,TI-02_20260803_0033.jpg,2026-08-03 09:45:21,TI-02,drone,saudavel,saudavel,0.9309,agrosmart-v1,simulado,sim-2026-08
609067d4-a5c0-5dd3-ae15-d43f92d608e3,TI-02_20260803_0034.jpg,2026-08-03 09:45:50,TI-02,drone,saudavel,saudavel,0.9539,agrosmart-v1,simulado,sim-2026-08
771b7515-7e85-56a7-b11a-2b509313bf5d,TI-02_20260803_0035.jpg,2026-08-03 09:46:20,TI-02,drone,saudavel,saudavel,0.9986,agrosmart-v1,simulado,sim-2026-08
28d2e589-5963-5180-ab50-2da6108bc7e1,TI-02_20260803_0036.jpg,2026-08-03 09:47:26,TI-02,drone,saudavel,saudavel,0.9843,agrosmart-v1,simulado,sim-2026-08
3a47ac6f-4557-568d-8a7f-d9549f88f340,TI-02_20260803_0037.jpg,2026-08-03 09:48:02,TI-02,drone,saudavel,saudavel,0.9962,agrosmart-v1,simulado,sim-2026-08
372d6852-9bea-578d-a2d9-9d08d150393c,TI-02_20260803_0038.jpg,2026-08-03 09:48:35,TI-02,drone,saudavel,saudavel,0.9014,agrosmart-v1,simulado,sim-2026-08
83ff1b6f-cc5f-5b86-94df-30bba9df0e67,TI-02_20260803_0039.jpg,2026-08-03 09:49:29,TI-02,drone,saudavel,saudavel,0.9675,agrosmart-v1,simulado,sim-2026-08
7446753e-35e1-53d5-b658-c14267752739,TI-02_20260803_0040.jpg,2026-08-03 09:50:08,TI-02,drone,saudavel,saudavel,0.9651,agrosmart-v1,simulado,sim-2026-08
02c2d282-89e5-5a6e-9bb6-0845fb851d6b,TI-02_20260803_0041.jpg,2026-08-03 09:50:27,TI-02,drone,saudavel,saudavel,0.9997,agrosmart-v1,simulado,sim-2026-08
010b4f88-9c3b-512b-9bf5-41490b7169c9,BV-01_20260805_0001.jpg,2026-08-05 07:06:02,BV-01,smartphone,saudavel,saudavel,0.9320,agrosmart-v1,simulado,sim-2026-08
9b69e778-1886-5eca-b20a-94c2ca668ca2,BV-01_20260805_0002.jpg,2026-08-05 07:06:48,BV-01,smartphone,saudavel,saudavel,0.8417,agrosmart-v1,simulado,sim-2026-08
65712066-d4aa-5ae9-b7f9-e876f32c74f5,TI-04_20260805_0001.jpg,2026-08-05 07:07:01,TI-04,drone,saudavel,saudavel,0.8834,agrosmart-v1,simulado,sim-2026-08
540fe535-0e5b-5830-9ec1-c442aa5a98bc,BV-01_20260805_0003.jpg,2026-08-05 07:07:30,BV-01,smartphone,saudavel,saudavel,0.8688,agrosmart-v1,simulado,sim-2026-08
674ed552-db1a-5f58-9b70-913899200f5e,TI-04_20260805_0002.jpg,2026-08-05 07:07:44,TI-04,drone,saudavel,saudavel,0.8685,agrosmart-v1,simulado,sim-2026-08
98a28b48-2bb0-518d-9dbe-6dc1cca39a2f,BV-01_20260805_0004.jpg,2026-08-05 07:08:07,BV-01,smartphone,saudavel,saudavel,0.9865,agrosmart-v1,simulado,sim-2026-08
611ce09a-f97a-5ad6-8891-3b14f032f939,TI-04_20260805_0003.jpg,2026-08-05 07:08:11,TI-04,drone,saudavel,saudavel,0.8914,agrosmart-v1,simulado,sim-2026-08
4b176f02-cca2-503f-9254-07f464207196,BV-01_20260805_0005.jpg,2026-08-05 07:08:34,BV-01,smartphone,saudavel,saudavel,0.9518,agrosmart-v1,simulado,sim-2026-08
1bc98e81-3344-5520-8e5d-bc13c43c3444,TI-04_20260805_0004.jpg,2026-08-05 07:08:50,TI-04,drone,saudavel,saudavel,0.8762,agrosmart-v1,simulado,sim-2026-08
c072dfec-c6db-5c09-a95e-b601abe22558,TI-04_20260805_0005.jpg,2026-08-05 07:09:22,TI-04,drone,saudavel,saudavel,0.8666,agrosmart-v1,simulado,sim-2026-08
69b29c10-df4a-57a8-a067-4b7b7ef286eb,BV-01_20260805_0006.jpg,2026-08-05 07:09:23,BV-01,smartphone,saudavel,saudavel,0.9861,agrosmart-v1,simulado,sim-2026-08
5f7798ba-8f6d-539b-af20-ea751bbad144,BV-01_20260805_0007.jpg,2026-08-05 07:09:54,BV-01,smartphone,saudavel,saudavel,0.9724,agrosmart-v1,simulado,sim-2026-08
5f18b21e-a38a-541d-b2cd-d52e6e6a0621,TI-04_20260805_0006.jpg,2026-08-05 07:10:09,TI-04,drone,saudavel,saudavel,0.9213,agrosmart-v1,simulado,sim-2026-08
f2e83970-d619-5b5f-a4b1-e0b34a44fff0,BV-01_20260805_0008.jpg,2026-08-05 07:10:48,BV-01,smartphone,saudavel,saudavel,0.9999,agrosmart-v1,simulado,sim-2026-08
ffc33ba7-14fc-5fb5-99b5-076ee687b5e3,TI-04_20260805_0007.jpg,2026-08-05 07:11:10,TI-04,drone,doente,mosca_minadora,0.9209,agrosmart-v1,simulado,sim-2026-08
cc81e983-314c-527e-abc8-9b531b51ffca,BV-01_20260805_0009.jpg,2026-08-05 07:11:22,BV-01,smartphone,saudavel,saudavel,0.9990,agrosmart-v1,simulado,sim-2026-08
2818d82f-fa9f-56d1-8154-ab3baca76e1e,TI-04_20260805_0008.jpg,2026-08-05 07:11:34,TI-04,drone,saudavel,saudavel,0.9054,agrosmart-v1,simulado,sim-2026-08
42cd6b9f-df72-5940-96e2-3d3ef2804b5f,BV-01_20260805_0010.jpg,2026-08-05 07:11:45,BV-01,smartphone,saudavel,saudavel,0.9993,agrosmart-v1,simulado,sim-2026-08
0be095c5-521d-5a84-89c2-8bab3dee05fe,BV-02_20260805_0001.jpg,2026-08-05 07:11:59,BV-02,smartphone,doente,pinta_preta,0.8710,agrosmart-v1,simulado,sim-2026-08
431cfa32-61d7-51c9-b185-e4f9a8872c12,BV-01_20260805_0011.jpg,2026-08-05 07:12:20,BV-01,smartphone,saudavel,saudavel,0.8825,agrosmart-v1,simulado,sim-2026-08
abb437dc-b530-5080-8e24-e4e9f2e5b092,TI-04_20260805_0009.jpg,2026-08-05 07:12:20,TI-04,drone,saudavel,saudavel,0.8520,agrosmart-v1,simulado,sim-2026-08
dc6466ed-fd2d-50c9-9a8d-97c360ac7cb6,BV-02_20260805_0002.jpg,2026-08-05 07:12:40,BV-02,smartphone,saudavel,saudavel,0.9855,agrosmart-v1,simulado,sim-2026-08
7b376e71-3b81-5f99-ad65-eff2acfc9525,TI-04_20260805_0010.jpg,2026-08-05 07:12:48,TI-04,drone,saudavel,saudavel,0.9996,agrosmart-v1,simulado,sim-2026-08
e717c35e-89e3-577f-b18b-d6cc9b3c645b,BV-02_20260805_0003.jpg,2026-08-05 07:13:02,BV-02,smartphone,saudavel,saudavel,0.9775,agrosmart-v1,simulado,sim-2026-08
f2e6b6e3-e634-56c9-a3de-71d0db618f6a,BV-01_20260805_0012.jpg,2026-08-05 07:13:20,BV-01,smartphone,saudavel,saudavel,0.8728,agrosmart-v1,simulado,sim-2026-08
39b8f684-77d5-563b-8458-17c0382334f5,TI-04_20260805_0011.jpg,2026-08-05 07:13:50,TI-04,drone,saudavel,saudavel,0.8368,agrosmart-v1,simulado,sim-2026-08
b77f2af5-77bd-51bb-a746-9b20826fd10c,BV-01_20260805_0013.jpg,2026-08-05 07:13:55,BV-01,smartphone,saudavel,saudavel,0.9791,agrosmart-v1,simulado,sim-2026-08
d41c512c-9375-5cba-9a67-6f5a936b6361,BV-02_20260805_0004.jpg,2026-08-05 07:13:59,BV-02,smartphone,saudavel,saudavel,0.8209,agrosmart-v1,simulado,sim-2026-08
f37834b4-8c4f-58a0-aab0-df228032d6fc,TI-04_20260805_0012.jpg,2026-08-05 07:14:12,TI-04,drone,doente,mosca_minadora,0.9970,agrosmart-v1,simulado,sim-2026-08
5901a9af-0837-57be-b753-2835d25d1439,BV-01_20260805_0014.jpg,2026-08-05 07:14:30,BV-01,smartphone,saudavel,saudavel,0.9899,agrosmart-v1,simulado,sim-2026-08
ce6ce809-bd95-52a2-bc21-7f9a741a6396,BV-02_20260805_0005.jpg,2026-08-05 07:14:36,BV-02,smartphone,saudavel,saudavel,0.9993,agrosmart-v1,simulado,sim-2026-08
124861f7-cf37-53fa-b866-a5b4e7defddb,TI-04_20260805_0013.jpg,2026-08-05 07:14:52,TI-04,drone,saudavel,saudavel,0.8426,agrosmart-v1,simulado,sim-2026-08
f0000318-9dcc-5a18-b21c-ca32457a3345,BV-02_20260805_0006.jpg,2026-08-05 07:15:04,BV-02,smartphone,saudavel,saudavel,1.0000,agrosmart-v1,simulado,sim-2026-08
ae2889d5-c9d3-569d-878d-e8cbbba97740,BV-01_20260805_0015.jpg,2026-08-05 07:15:19,BV-01,smartphone,saudavel,saudavel,0.8949,agrosmart-v1,simulado,sim-2026-08
991f74f2-fe23-5d2f-9bdc-9df81e2ea308,TI-04_20260805_0014.jpg,2026-08-05 07:15:23,TI-04,drone,saudavel,saudavel,0.6195,agrosmart-v1,simulado,sim-2026-08
c8032254-0995-56b6-a70e-c56e5258db16,BV-02_20260805_0007.jpg,2026-08-05 07:15:47,BV-02,smartphone,saudavel,saudavel,0.9500,agrosmart-v1,simulado,sim-2026-08
2c5946bd-c8ce-5c83-9631-0cc0e3c4df25,BV-01_20260805_0016.jpg,2026-08-05 07:15:58,BV-01,smartphone,saudavel,saudavel,0.8291,agrosmart-v1,simulado,sim-2026-08
ef21d7f9-37ad-5938-9fa3-99585651d4d2,TI-04_20260805_0015.jpg,2026-08-05 07:16:19,TI-04,drone,saudavel,saudavel,0.9730,agrosmart-v1,simulado,sim-2026-08
e771d9ea-865d-5cac-820c-023fc01231aa,BV-02_20260805_0008.jpg,2026-08-05 07:16:31,BV-02,smartphone,saudavel,saudavel,0.8574,agrosmart-v1,simulado,sim-2026-08
2f6e7db0-212b-54e7-a39f-7f5f367d4cd2,BV-01_20260805_0017.jpg,2026-08-05 07:16:32,BV-01,smartphone,saudavel,saudavel,0.8707,agrosmart-v1,simulado,sim-2026-08
8e9ed037-5836-5133-ab30-eb5cd4980411,TI-04_20260805_0016.jpg,2026-08-05 07:16:49,TI-04,drone,saudavel,saudavel,0.9364,agrosmart-v1,simulado,sim-2026-08
6e4399e3-46db-5d22-81c3-cf864ae1d779,BV-01_20260805_0018.jpg,2026-08-05 07:17:04,BV-01,smartphone,saudavel,saudavel,0.8841,agrosmart-v1,simulado,sim-2026-08
9a4d3358-51ce-5413-9d5c-dfb201809901,BV-02_20260805_0009.jpg,2026-08-05 07:17:17,BV-02,smartphone,saudavel,saudavel,0.8821,agrosmart-v1,simulado,sim-2026-08
854b6df9-2f5c-5d2f-a91f-d31a15bcfc56,BV-02_20260805_0010.jpg,2026-08-05 07:17:41,BV-02,smartphone,saudavel,saudavel,0.8656,agrosmart-v1,simulado,sim-2026-08
227d0dc5-f427-556e-acbe-75b36ebc9459,TI-04_20260805_0017.jpg,2026-08-05 07:17:45,TI-04,drone,saudavel,saudavel,0.9986,agrosmart-v1,simulado,sim-2026-08
6456aeee-0e1f-5cb7-bba2-38987750ce6e,BV-01_20260805_0019.jpg,2026-08-05 07:17:59,BV-01,smartphone,saudavel,saudavel,0.9992,agrosmart-v1,simulado,sim-2026-08
096fd3e6-931e-5e74-bf74-bcb0666d0674,TI-02_20260805_0001.jpg,2026-08-05 07:18:03,TI-02,drone,saudavel,saudavel,0.8894,agrosmart-v1,simulado,sim-2026-08
7eecddc7-729f-5946-b84b-7c66fc165159,TI-04_20260805_0018.jpg,2026-08-05 07:18:10,TI-04,drone,saudavel,saudavel,0.9324,agrosmart-v1,simulado,sim-2026-08
8aab2634-1443-5d58-a30d-27c3f6524d64,BV-02_20260805_0011.jpg,2026-08-05 07:18:33,BV-02,smartphone,saudavel,saudavel,0.9636,agrosmart-v1,simulado,sim-2026-08
d0f82abe-787c-5fb7-bb1b-43ae34b034a1,BV-01_20260805_0020.jpg,2026-08-05 07:18:37,BV-01,smartphone,saudavel,saudavel,0.8700,agrosmart-v1,simulado,sim-2026-08
d612e86a-1cfc-51f5-9638-282b6afa7507,TI-02_20260805_0002.jpg,2026-08-05 07:18:42,TI-02,drone,saudavel,saudavel,0.8481,agrosmart-v1,simulado,sim-2026-08
7575cac2-edf1-5cc6-abac-50a52bcf49d7,TI-04_20260805_0019.jpg,2026-08-05 07:18:45,TI-04,drone,saudavel,saudavel,0.9969,agrosmart-v1,simulado,sim-2026-08
c136ff28-50e7-5d4c-9d32-cecf8b4b8bf2,TI-02_20260805_0003.jpg,2026-08-05 07:19:08,TI-02,drone,saudavel,saudavel,0.8488,agrosmart-v1,simulado,sim-2026-08
4a8134a1-b414-5341-94b0-6bf6fb75a36f,BV-02_20260805_0012.jpg,2026-08-05 07:19:09,BV-02,smartphone,saudavel,saudavel,0.9966,agrosmart-v1,simulado,sim-2026-08
9902ebb5-b9ed-5ea8-b606-74558f555cbb,BV-01_20260805_0021.jpg,2026-08-05 07:19:19,BV-01,smartphone,saudavel,saudavel,0.9902,agrosmart-v1,simulado,sim-2026-08
d9a50774-ca60-5c17-95bc-a8781e503b93,TI-04_20260805_0020.jpg,2026-08-05 07:19:24,TI-04,drone,saudavel,saudavel,0.9931,agrosmart-v1,simulado,sim-2026-08
1f5a44ed-fe3e-5c5f-b5d8-5e9e7a158b4c,BV-02_20260805_0013.jpg,2026-08-05 07:19:56,BV-02,smartphone,saudavel,saudavel,0.9012,agrosmart-v1,simulado,sim-2026-08
cd02a364-2b68-5570-b5ba-3a6586355254,BV-01_20260805_0022.jpg,2026-08-05 07:20:01,BV-01,smartphone,saudavel,saudavel,0.9630,agrosmart-v1,simulado,sim-2026-08
c490f2e5-139c-5396-b33a-bbefd0a22c0b,TI-04_20260805_0021.jpg,2026-08-05 07:20:06,TI-04,drone,saudavel,saudavel,0.9128,agrosmart-v1,simulado,sim-2026-08
2031bb7e-a97c-565b-ba28-340fefa6d58a,TI-02_20260805_0004.jpg,2026-08-05 07:20:09,TI-02,drone,saudavel,saudavel,0.8365,agrosmart-v1,simulado,sim-2026-08
d2c6f016-d8f8-5ccb-902d-46c63ea899b3,BV-01_20260805_0023.jpg,2026-08-05 07:20:33,BV-01,smartphone,saudavel,saudavel,0.9310,agrosmart-v1,simulado,sim-2026-08
7e696f29-1a8b-5ce3-be5d-969784c1a03b,BV-02_20260805_0014.jpg,2026-08-05 07:20:37,BV-02,smartphone,saudavel,saudavel,0.9033,agrosmart-v1,simulado,sim-2026-08
d1d1c568-8193-57f4-9572-265cd779d9cd,TI-04_20260805_0022.jpg,2026-08-05 07:20:40,TI-04,drone,saudavel,saudavel,0.8469,agrosmart-v1,simulado,sim-2026-08
f0096301-451f-56c7-9e09-cdffe2c45fcb,TI-02_20260805_0005.jpg,2026-08-05 07:20:41,TI-02,drone,saudavel,saudavel,0.9082,agrosmart-v1,simulado,sim-2026-08
2d4b8676-dbbc-5211-9125-39515be09ed2,TI-02_20260805_0006.jpg,2026-08-05 07:21:02,TI-02,drone,saudavel,saudavel,0.6229,agrosmart-v1,simulado,sim-2026-08
36d5a307-b9a0-5a95-92a9-39a84f18cad9,BV-02_20260805_0015.jpg,2026-08-05 07:21:11,BV-02,smartphone,saudavel,saudavel,0.9819,agrosmart-v1,simulado,sim-2026-08
67afa9d4-3b8d-5dd3-8013-780f05a6aaa1,TI-04_20260805_0023.jpg,2026-08-05 07:21:28,TI-04,drone,saudavel,saudavel,0.9627,agrosmart-v1,simulado,sim-2026-08
1ed87d0a-a7ce-55bf-8913-ac234deab6e2,BV-01_20260805_0024.jpg,2026-08-05 07:21:30,BV-01,smartphone,saudavel,saudavel,0.9999,agrosmart-v1,simulado,sim-2026-08
3c9a475d-f49a-5de5-b835-db53f3177a59,BV-01_20260805_0025.jpg,2026-08-05 07:21:58,BV-01,smartphone,saudavel,saudavel,0.9981,agrosmart-v1,simulado,sim-2026-08
10ae52fd-7dfe-5f20-a675-0c908ee912bb,BV-02_20260805_0016.jpg,2026-08-05 07:21:59,BV-02,smartphone,saudavel,saudavel,0.9546,agrosmart-v1,simulado,sim-2026-08
2e432534-b513-5a43-acad-c17c6c0220eb,TI-02_20260805_0007.jpg,2026-08-05 07:22:01,TI-02,drone,saudavel,saudavel,0.9684,agrosmart-v1,simulado,sim-2026-08
87c3624e-f8d3-53d8-b469-ba9991601c4f,TI-04_20260805_0024.jpg,2026-08-05 07:22:05,TI-04,drone,saudavel,saudavel,0.9977,agrosmart-v1,simulado,sim-2026-08
75b66513-0f39-5784-b01d-3ee40af8a43c,BV-01_20260805_0026.jpg,2026-08-05 07:22:22,BV-01,smartphone,saudavel,saudavel,0.8728,agrosmart-v1,simulado,sim-2026-08
ff9d0c81-b99c-542d-9c3f-717fc49de48f,TI-02_20260805_0008.jpg,2026-08-05 07:22:24,TI-02,drone,saudavel,saudavel,0.8914,agrosmart-v1,simulado,sim-2026-08
6f77b4ae-384c-517f-a7f4-9cc4c9df0ff6,BV-02_20260805_0017.jpg,2026-08-05 07:22:39,BV-02,smartphone,saudavel,saudavel,0.8315,agrosmart-v1,simulado,sim-2026-08
940c38a7-a9a2-5d70-91be-a34aa535884a,TI-04_20260805_0025.jpg,2026-08-05 07:22:55,TI-04,drone,saudavel,saudavel,0.9561,agrosmart-v1,simulado,sim-2026-08
63db2ad6-9f14-5274-a293-904b4c4b0faf,BV-01_20260805_0027.jpg,2026-08-05 07:23:04,BV-01,smartphone,saudavel,saudavel,0.9882,agrosmart-v1,simulado,sim-2026-08
3dfc62e9-72db-56ab-928d-24a7d9b498f7,BV-02_20260805_0018.jpg,2026-08-05 07:23:13,BV-02,smartphone,saudavel,saudavel,0.9999,agrosmart-v1,simulado,sim-2026-08
7a185e59-b3c6-58a7-8050-516eae43bd78,TI-02_20260805_0009.jpg,2026-08-05 07:23:24,TI-02,drone,saudavel,saudavel,0.9961,agrosmart-v1,simulado,sim-2026-08
e643c89c-5f48-5138-9e96-99abad87fa5c,TI-04_20260805_0026.jpg,2026-08-05 07:23:24,TI-04,drone,saudavel,saudavel,0.9425,agrosmart-v1,simulado,sim-2026-08
0544cc41-665a-5d43-a7da-b47debb1e5f6,BV-02_20260805_0019.jpg,2026-08-05 07:23:40,BV-02,smartphone,saudavel,saudavel,0.9997,agrosmart-v1,simulado,sim-2026-08
a989b2b0-cf14-5553-a7dd-8331d59dddc3,TI-02_20260805_0010.jpg,2026-08-05 07:24:03,TI-02,drone,saudavel,saudavel,0.9747,agrosmart-v1,simulado,sim-2026-08
70f06399-5c07-5a83-8a41-bb556ba0e6ac,TI-04_20260805_0027.jpg,2026-08-05 07:24:19,TI-04,drone,saudavel,saudavel,1.0000,agrosmart-v1,simulado,sim-2026-08
05a4f80c-18e2-510e-ab36-3728453aee9a,BV-02_20260805_0020.jpg,2026-08-05 07:24:31,BV-02,smartphone,saudavel,saudavel,0.9381,agrosmart-v1,simulado,sim-2026-08
fa7c857d-df74-52a1-89f0-1ba96520f204,TI-02_20260805_0011.jpg,2026-08-05 07:24:35,TI-02,drone,saudavel,saudavel,0.9932,agrosmart-v1,simulado,sim-2026-08
d69354a4-8364-5a8e-ab35-cdca8cd65ab5,TI-04_20260805_0028.jpg,2026-08-05 07:24:51,TI-04,drone,saudavel,saudavel,0.8771,agrosmart-v1,simulado,sim-2026-08
f7226e94-a341-5920-aad9-5ec7d38a0222,BV-02_20260805_0021.jpg,2026-08-05 07:25:02,BV-02,smartphone,saudavel,saudavel,0.9969,agrosmart-v1,simulado,sim-2026-08
8d488146-5b68-5832-b45c-7be6461a9e21,TI-02_20260805_0012.jpg,2026-08-05 07:25:27,TI-02,drone,saudavel,saudavel,0.8238,agrosmart-v1,simulado,sim-2026-08
aaaa5599-89fd-5981-9b14-f94d493bbcaf,TI-04_20260805_0029.jpg,2026-08-05 07:25:33,TI-04,drone,saudavel,saudavel,0.9025,agrosmart-v1,simulado,sim-2026-08
d22dbf26-4491-51a4-a2d9-07cb41b27932,TI-02_20260805_0013.jpg,2026-08-05 07:25:40,TI-02,drone,doente,vaquinha,0.9544,agrosmart-v1,simulado,sim-2026-08
22493275-08b8-5a7d-9181-67aa292a0834,TI-04_20260805_0030.jpg,2026-08-05 07:26:02,TI-04,drone,saudavel,saudavel,0.9556,agrosmart-v1,simulado,sim-2026-08
c8d3be91-2dce-5c71-bac9-f1f20e3073d8,BV-02_20260805_0022.jpg,2026-08-05 07:26:08,BV-02,smartphone,saudavel,saudavel,0.9976,agrosmart-v1,simulado,sim-2026-08
eee7bad4-10d6-5afb-95d9-e678ca8a18f9,TI-02_20260805_0014.jpg,2026-08-05 07:26:26,TI-02,drone,saudavel,saudavel,0.9861,agrosmart-v1,simulado,sim-2026-08
692731c4-7fdf-5338-825c-65c7546d3b03,BV-02_20260805_0023.jpg,2026-08-05 07:26:30,BV-02,smartphone,saudavel,saudavel,1.0000,agrosmart-v1,simulado,sim-2026-08
f89d0659-452c-5a95-aa33-2eedd82694cb,TI-04_20260805_0031.jpg,2026-08-05 07:26:43,TI-04,drone,saudavel,saudavel,0.9999,agrosmart-v1,simulado,sim-2026-08
6e448928-4527-51e7-9024-3d371046f04e,BV-02_20260805_0024.jpg,2026-08-05 07:27:01,BV-02,smartphone,saudavel,saudavel,0.9278,agrosmart-v1,simulado,sim-2026-08
115ac42f-ad1d-56e4-880a-841a3f833584,TI-02_20260805_0015.jpg,2026-08-05 07:27:11,TI-02,drone,saudavel,saudavel,0.9743,agrosmart-v1,simulado,sim-2026-08
1da55a9f-1712-5285-9918-169b2a56d4d3,TI-04_20260805_0032.jpg,2026-08-05 07:27:36,TI-04,drone,doente,mosca_minadora,0.9476,agrosmart-v1,simulado,sim-2026-08
c0399455-c15e-54d2-9d5b-7eccf7e8a946,TI-02_20260805_0016.jpg,2026-08-05 07:27:57,TI-02,drone,saudavel,saudavel,0.9920,agrosmart-v1,simulado,sim-2026-08
d1d772df-1de6-5ddb-ab10-986bcf8d00b5,TI-04_20260805_0033.jpg,2026-08-05 07:28:08,TI-04,drone,saudavel,saudavel,0.9983,agrosmart-v1,simulado,sim-2026-08
b0b9c8ea-fb6b-5ad6-b23d-297a5c6a3723,TI-02_20260805_0017.jpg,2026-08-05 07:28:41,TI-02,drone,saudavel,saudavel,0.9854,agrosmart-v1,simulado,sim-2026-08
b9d790f4-d226-5946-b5ea-060fd876b002,TI-04_20260805_0034.jpg,2026-08-05 07:28:59,TI-04,drone,saudavel,saudavel,0.8542,agrosmart-v1,simulado,sim-2026-08
df28dad4-2c19-5942-b7bb-4be6c4716a5b,TI-02_20260805_0018.jpg,2026-08-05 07:29:06,TI-02,drone,saudavel,saudavel,0.9951,agrosmart-v1,simulado,sim-2026-08
5310b846-37e0-5c33-9da4-f165605846ea,TI-04_20260805_0035.jpg,2026-08-05 07:29:31,TI-04,drone,saudavel,saudavel,0.9505,agrosmart-v1,simulado,sim-2026-08
6b41b6e8-5fd3-5ca5-80ed-f129b1e2fba5,TI-02_20260805_0019.jpg,2026-08-05 07:29:46,TI-02,drone,saudavel,saudavel,0.9918,agrosmart-v1,simulado,sim-2026-08
2a1f94ba-e50d-565e-8dc6-6e8d6e604c1b,TI-04_20260805_0036.jpg,2026-08-05 07:30:17,TI-04,drone,saudavel,saudavel,0.9668,agrosmart-v1,simulado,sim-2026-08
efb8d63b-d541-5494-b522-5c7a481731c4,TI-02_20260805_0020.jpg,2026-08-05 07:30:28,TI-02,drone,saudavel,saudavel,0.9507,agrosmart-v1,simulado,sim-2026-08
5e987b89-23c0-59f2-a683-08868b2e13fb,TI-02_20260805_0021.jpg,2026-08-05 07:31:02,TI-02,drone,doente,pinta_preta,0.8364,agrosmart-v1,simulado,sim-2026-08
ab5988f9-ccfd-5e19-81d5-1b9b81fb7a34,TI-04_20260805_0037.jpg,2026-08-05 07:31:07,TI-04,drone,saudavel,saudavel,0.6275,agrosmart-v1,simulado,sim-2026-08
a981b759-cdf5-59a8-928f-7376125f788a,TI-04_20260805_0038.jpg,2026-08-05 07:31:39,TI-04,drone,saudavel,saudavel,0.9660,agrosmart-v1,simulado,sim-2026-08
1158ef5a-6861-5dac-89cc-98fbef9ef871,TI-02_20260805_0022.jpg,2026-08-05 07:32:04,TI-02,drone,saudavel,saudavel,0.9941,agrosmart-v1,simulado,sim-2026-08
029c278f-9732-500c-9b7f-8e8d9bab8f36,TI-02_20260805_0023.jpg,2026-08-05 07:32:45,TI-02,drone,saudavel,saudavel,0.9913,agrosmart-v1,simulado,sim-2026-08
4525df06-a11c-52a8-95de-4ad4c0367215,TI-02_20260805_0024.jpg,2026-08-05 07:33:26,TI-02,drone,saudavel,saudavel,0.9120,agrosmart-v1,simulado,sim-2026-08
b576c25a-bfa9-56bd-b6ff-87ef9cbe28b9,TI-02_20260805_0025.jpg,2026-08-05 07:33:51,TI-02,drone,saudavel,saudavel,0.8669,agrosmart-v1,simulado,sim-2026-08
2c8871d5-9007-5744-9395-9114d2f3c25f,TI-02_20260805_0026.jpg,2026-08-05 07:34:40,TI-02,drone,saudavel,saudavel,0.8399,agrosmart-v1,simulado,sim-2026-08
838b5152-ff4f-5cf7-977f-680c6ab071db,TI-02_20260805_0027.jpg,2026-08-05 07:35:22,TI-02,drone,saudavel,saudavel,0.9905,agrosmart-v1,simulado,sim-2026-08
a2fb1992-26eb-5f0f-9ee9-edf06c2233c0,TI-02_20260805_0028.jpg,2026-08-05 07:35:57,TI-02,drone,saudavel,saudavel,0.9742,agrosmart-v1,simulado,sim-2026-08
65129c1f-ebdf-59d5-96e0-5e7a30f2ed0d,TI-02_20260805_0029.jpg,2026-08-05 07:36:22,TI-02,drone,saudavel,saudavel,0.9261,agrosmart-v1,simulado,sim-2026-08
b9ea0c55-83b6-54ba-9cf7-1a9b32a83c15,TI-02_20260805_0030.jpg,2026-08-05 07:37:14,TI-02,drone,saudavel,saudavel,0.9629,agrosmart-v1,simulado,sim-2026-08
93469c2d-d4b1-5f03-8d7a-a7fe973b78f3,TI-02_20260805_0031.jpg,2026-08-05 07:37:52,TI-02,drone,saudavel,saudavel,0.9135,agrosmart-v1,simulado,sim-2026-08
07932a66-b530-5b8c-bd43-5807198fd0b7,TI-02_20260805_0032.jpg,2026-08-05 07:38:48,TI-02,drone,saudavel,saudavel,0.9697,agrosmart-v1,simulado,sim-2026-08
2d01c3c6-79eb-58b2-8be0-94808403180c,TI-02_20260805_0033.jpg,2026-08-05 07:39:18,TI-02,drone,saudavel,saudavel,0.8610,agrosmart-v1,simulado,sim-2026-08
03a6d52a-4d31-54d7-bd95-f28a12f6356a,TI-02_20260805_0034.jpg,2026-08-05 07:39:57,TI-02,drone,saudavel,saudavel,0.8847,agrosmart-v1,simulado,sim-2026-08
77f23a41-3248-59da-a607-3de9707177cd,TI-02_20260805_0035.jpg,2026-08-05 07:40:28,TI-02,drone,saudavel,saudavel,0.8248,agrosmart-v1,simulado,sim-2026-08
ff2ea63c-1895-5b62-a2aa-df2b267a8c24,TI-02_20260805_0036.jpg,2026-08-05 07:41:27,TI-02,drone,saudavel,saudavel,0.9968,agrosmart-v1,simulado,sim-2026-08
a39db4e1-f22b-5920-8962-4297fb5d3d66,TI-02_20260805_0037.jpg,2026-08-05 07:42:10,TI-02,drone,saudavel,saudavel,0.9574,agrosmart-v1,simulado,sim-2026-08
99025aa7-74de-59e8-a4cb-c1f466775595,TI-02_20260805_0038.jpg,2026-08-05 07:42:32,TI-02,drone,saudavel,saudavel,0.9961,agrosmart-v1,simulado,sim-2026-08
b0d87ad2-5566-5817-8ac4-6de721e6d447,TI-02_20260805_0039.jpg,2026-08-05 07:43:19,TI-02,drone,saudavel,saudavel,0.9211,agrosmart-v1,simulado,sim-2026-08
81255256-1960-5a0c-bd3f-90db2e57ab81,TI-02_20260805_0040.jpg,2026-08-05 07:43:42,TI-02,drone,saudavel,saudavel,0.8548,agrosmart-v1,simulado,sim-2026-08
b91c20a3-95bd-5b75-a732-a1adb07b10c9,TI-02_20260805_0041.jpg,2026-08-05 07:44:22,TI-02,drone,saudavel,saudavel,0.6414,agrosmart-v1,simulado,sim-2026-08
57f465b8-70c5-5a1b-b1d7-c7f75cf24217,TI-02_20260805_0042.jpg,2026-08-05 07:45:20,TI-02,drone,saudavel,saudavel,0.9468,agrosmart-v1,simulado,sim-2026-08
26c85439-434e-5a45-b644-db94dec3b836,TI-02_20260805_0043.jpg,2026-08-05 07:46:10,TI-02,drone,saudavel,saudavel,0.8781,agrosmart-v1,simulado,sim-2026-08
637d0b24-4aa1-575d-8302-99ddc14bdef9,TI-02_20260805_0044.jpg,2026-08-05 07:46:37,TI-02,drone,saudavel,saudavel,0.9999,agrosmart-v1,simulado,sim-2026-08
1e9a5f1f-c8c8-51e7-b4b3-30bac0141260,TI-02_20260805_0045.jpg,2026-08-05 07:47:13,TI-02,drone,saudavel,saudavel,0.9597,agrosmart-v1,simulado,sim-2026-08
1d03f210-a6df-5d3d-b232-9b5f8edf9da1,TI-03_20260805_0001.jpg,2026-08-05 08:04:01,TI-03,drone,saudavel,saudavel,0.9475,agrosmart-v1,simulado,sim-2026-08
1a8cb51f-8c69-5ad3-9140-cd0ba3d5bbc9,TI-03_20260805_0002.jpg,2026-08-05 08:04:50,TI-03,drone,saudavel,saudavel,0.9100,agrosmart-v1,simulado,sim-2026-08
293af04c-5915-530a-9964-015791118ece,TI-03_20260805_0003.jpg,2026-08-05 08:05:22,TI-03,drone,saudavel,saudavel,0.9599,agrosmart-v1,simulado,sim-2026-08
dd5900b1-1a19-5759-b0da-4e0f7fb1db5e,TI-03_20260805_0004.jpg,2026-08-05 08:06:09,TI-03,drone,saudavel,saudavel,0.9497,agrosmart-v1,simulado,sim-2026-08
311837aa-4e6d-5320-b587-1a85d59b7ed4,TI-03_20260805_0005.jpg,2026-08-05 08:06:23,TI-03,drone,doente,mosca_minadora,0.9849,agrosmart-v1,simulado,sim-2026-08
a5a07e37-7265-58d3-8cae-a7635df179f8,TI-03_20260805_0006.jpg,2026-08-05 08:07:22,TI-03,drone,saudavel,saudavel,0.8546,agrosmart-v1,simulado,sim-2026-08
18cb769e-7123-5d68-81e8-838253dd7661,TI-03_20260805_0007.jpg,2026-08-05 08:07:53,TI-03,drone,saudavel,saudavel,0.9214,agrosmart-v1,simulado,sim-2026-08
b87bbe1f-44af-57c5-88d6-1b214bbfa7f3,TI-03_20260805_0008.jpg,2026-08-05 08:08:50,TI-03,drone,saudavel,saudavel,0.8244,agrosmart-v1,simulado,sim-2026-08
44cd5c83-fbe5-5332-b2a0-4a4e55ddc081,BV-03_20260805_0001.jpg,2026-08-05 08:08:57,BV-03,smartphone,saudavel,saudavel,0.8543,agrosmart-v1,simulado,sim-2026-08
245c7153-3a37-5751-b568-2a10553664fc,TI-03_20260805_0009.jpg,2026-08-05 08:09:09,TI-03,drone,doente,mosca_minadora,1.0000,agrosmart-v1,simulado,sim-2026-08
8a26d778-155b-5873-8647-d33b9a5dfa06,BV-03_20260805_0002.jpg,2026-08-05 08:09:34,BV-03,smartphone,saudavel,saudavel,0.9448,agrosmart-v1,simulado,sim-2026-08
561eb0e7-3990-50d5-a4ae-72fb6b3edced,TI-03_20260805_0010.jpg,2026-08-05 08:09:56,TI-03,drone,saudavel,saudavel,0.8620,agrosmart-v1,simulado,sim-2026-08
4bdf21e4-79a7-5ba2-976d-d115ae49ac4a,BV-03_20260805_0003.jpg,2026-08-05 08:10:15,BV-03,smartphone,saudavel,saudavel,0.9013,agrosmart-v1,simulado,sim-2026-08
ba06114a-fcec-5956-a74d-0925444a7357,TI-03_20260805_0011.jpg,2026-08-05 08:10:26,TI-03,drone,saudavel,saudavel,0.9893,agrosmart-v1,simulado,sim-2026-08
ec44ba77-fb88-594d-b81b-5d61dfc6e0b8,BV-03_20260805_0004.jpg,2026-08-05 08:11:07,BV-03,smartphone,saudavel,saudavel,0.9991,agrosmart-v1,simulado,sim-2026-08
f2f0d0dc-3bbe-5708-af1f-7e9d39c72770,TI-03_20260805_0012.jpg,2026-08-05 08:11:17,TI-03,drone,saudavel,saudavel,0.9750,agrosmart-v1,simulado,sim-2026-08
422f49eb-e63c-5f68-beb3-3da4e645e99e,BV-03_20260805_0005.jpg,2026-08-05 08:11:29,BV-03,smartphone,saudavel,saudavel,0.9707,agrosmart-v1,simulado,sim-2026-08
7204d140-f38d-5eaf-83fa-dbf43516af2a,BV-03_20260805_0006.jpg,2026-08-05 08:12:00,BV-03,smartphone,saudavel,saudavel,0.9920,agrosmart-v1,simulado,sim-2026-08
a77f3f2b-8475-596c-be09-8484e7aafd2f,TI-03_20260805_0013.jpg,2026-08-05 08:12:01,TI-03,drone,saudavel,saudavel,0.9357,agrosmart-v1,simulado,sim-2026-08
6802fd8c-628d-5ff5-a534-4caec4642820,TI-03_20260805_0014.jpg,2026-08-05 08:12:33,TI-03,drone,saudavel,saudavel,0.9912,agrosmart-v1,simulado,sim-2026-08
6d2648b4-cf1b-5742-9da2-ee42c6b52980,BV-03_20260805_0007.jpg,2026-08-05 08:12:51,BV-03,smartphone,saudavel,saudavel,0.9834,agrosmart-v1,simulado,sim-2026-08
2ad88612-b2f7-525f-b235-6687f6bdc978,TI-03_20260805_0015.jpg,2026-08-05 08:13:14,TI-03,drone,saudavel,saudavel,0.9932,agrosmart-v1,simulado,sim-2026-08
20e067da-e99d-57ab-ab05-3873ea998c27,BV-03_20260805_0008.jpg,2026-08-05 08:13:31,BV-03,smartphone,saudavel,saudavel,0.9830,agrosmart-v1,simulado,sim-2026-08
9407b9db-a97f-53e7-a42f-e6b77d59c3ba,TI-03_20260805_0016.jpg,2026-08-05 08:13:56,TI-03,drone,saudavel,saudavel,0.5691,agrosmart-v1,simulado,sim-2026-08
eb4d6204-9400-5086-897a-e71382e141b0,BV-03_20260805_0009.jpg,2026-08-05 08:14:12,BV-03,smartphone,saudavel,saudavel,0.9978,agrosmart-v1,simulado,sim-2026-08
111449d9-da23-5a31-8815-2853db79e39b,TI-03_20260805_0017.jpg,2026-08-05 08:14:40,TI-03,drone,saudavel,saudavel,0.9037,agrosmart-v1,simulado,sim-2026-08
0d70533f-3efd-57f6-86ca-f0be47df4188,BV-03_20260805_0010.jpg,2026-08-05 08:14:55,BV-03,smartphone,saudavel,saudavel,0.9741,agrosmart-v1,simulado,sim-2026-08
5330b3db-89c8-5faf-ac9d-c1924dc94019,TI-03_20260805_0018.jpg,2026-08-05 08:15:13,TI-03,drone,saudavel,saudavel,0.9964,agrosmart-v1,simulado,sim-2026-08
561e584c-a3e5-5f43-b156-15e21c743210,BV-03_20260805_0011.jpg,2026-08-05 08:15:38,BV-03,smartphone,saudavel,saudavel,0.9771,agrosmart-v1,simulado,sim-2026-08
76ed84da-aa2e-5d86-963c-910ffcc3fef0,TI-03_20260805_0019.jpg,2026-08-05 08:16:04,TI-03,drone,saudavel,saudavel,0.9708,agrosmart-v1,simulado,sim-2026-08
39166fa8-b36c-550d-b050-f24a40e5e249,BV-03_20260805_0012.jpg,2026-08-05 08:16:12,BV-03,smartphone,saudavel,saudavel,0.9277,agrosmart-v1,simulado,sim-2026-08
933b9106-189e-5e9e-a16b-57cc097c6692,TI-03_20260805_0020.jpg,2026-08-05 08:16:23,TI-03,drone,saudavel,saudavel,0.9975,agrosmart-v1,simulado,sim-2026-08
b88b7746-3dd9-59fe-8d13-6da7d20bac86,TI-01_20260805_0001.jpg,2026-08-05 08:16:46,TI-01,drone,saudavel,saudavel,0.9817,agrosmart-v1,simulado,sim-2026-08
d11f3588-d6b1-5b3e-838a-a047c5e2287b,BV-03_20260805_0013.jpg,2026-08-05 08:17:04,BV-03,smartphone,saudavel,saudavel,0.9940,agrosmart-v1,simulado,sim-2026-08
1f9740be-93a5-51a6-9688-352246cd7d91,TI-03_20260805_0021.jpg,2026-08-05 08:17:08,TI-03,drone,saudavel,saudavel,0.8980,agrosmart-v1,simulado,sim-2026-08
df20bddf-918d-5b62-8ca7-b96de39534b6,BV-03_20260805_0014.jpg,2026-08-05 08:17:32,BV-03,smartphone,saudavel,saudavel,0.9876,agrosmart-v1,simulado,sim-2026-08
99edbb46-1998-5abd-9d34-898894e423eb,TI-01_20260805_0002.jpg,2026-08-05 08:17:49,TI-01,drone,saudavel,saudavel,0.9776,agrosmart-v1,simulado,sim-2026-08
9c1a62f8-6d9f-515f-bdfa-0073a2d65246,TI-03_20260805_0022.jpg,2026-08-05 08:17:58,TI-03,drone,saudavel,saudavel,0.9737,agrosmart-v1,simulado,sim-2026-08
244b911e-21e7-58f4-b09b-30cc8c9ec936,TI-01_20260805_0003.jpg,2026-08-05 08:18:04,TI-01,drone,saudavel,saudavel,0.9878,agrosmart-v1,simulado,sim-2026-08
f26a3de0-5f61-5215-a2d3-8392992ef1c0,BV-03_20260805_0015.jpg,2026-08-05 08:18:19,BV-03,smartphone,saudavel,saudavel,0.9916,agrosmart-v1,simulado,sim-2026-08
018aa072-a1df-511b-a3fb-f9bb361bb43f,TI-03_20260805_0023.jpg,2026-08-05 08:18:50,TI-03,drone,saudavel,saudavel,0.9287,agrosmart-v1,simulado,sim-2026-08
5a6886a1-a71f-5aa2-9267-8d661e212bb9,TI-01_20260805_0004.jpg,2026-08-05 08:19:00,TI-01,drone,saudavel,saudavel,0.9735,agrosmart-v1,simulado,sim-2026-08
942bece2-0044-5f15-a739-94102d5f3074,TI-03_20260805_0024.jpg,2026-08-05 08:19:02,TI-03,drone,saudavel,saudavel,0.9969,agrosmart-v1,simulado,sim-2026-08
9010336c-a822-5de9-87e2-8cfbce41f4a6,BV-03_20260805_0016.jpg,2026-08-05 08:19:05,BV-03,smartphone,saudavel,saudavel,0.9460,agrosmart-v1,simulado,sim-2026-08
ce862a6e-86bb-5a86-bd82-9b4957f7c07d,BV-03_20260805_0017.jpg,2026-08-05 08:19:25,BV-03,smartphone,doente,requeima,0.9799,agrosmart-v1,simulado,sim-2026-08
662ba264-bd3e-5b01-9c5a-46db6e86360c,TI-01_20260805_0005.jpg,2026-08-05 08:19:45,TI-01,drone,saudavel,saudavel,0.9756,agrosmart-v1,simulado,sim-2026-08
d66b1f45-e41c-5147-82c2-f4ac993fa645,TI-01_20260805_0006.jpg,2026-08-05 08:20:00,TI-01,drone,saudavel,saudavel,0.9202,agrosmart-v1,simulado,sim-2026-08
a998fe8c-2bd1-5f8d-b134-898c09e4bf74,TI-03_20260805_0025.jpg,2026-08-05 08:20:10,TI-03,drone,saudavel,saudavel,0.8770,agrosmart-v1,simulado,sim-2026-08
ef9b8ac8-4d06-5305-9d97-2b42b9e2557f,TI-03_20260805_0026.jpg,2026-08-05 08:20:21,TI-03,drone,saudavel,saudavel,0.9885,agrosmart-v1,simulado,sim-2026-08
ad21eb82-62a0-551d-95a7-e4862ee86a7f,BV-03_20260805_0018.jpg,2026-08-05 08:20:23,BV-03,smartphone,saudavel,saudavel,0.8755,agrosmart-v1,simulado,sim-2026-08
da61f4d6-0850-5455-a0a9-5f1bc6992e03,BV-03_20260805_0019.jpg,2026-08-05 08:20:48,BV-03,smartphone,saudavel,saudavel,0.8459,agrosmart-v1,simulado,sim-2026-08
2c751b43-d81f-5f78-8dd0-828206643382,TI-01_20260805_0007.jpg,2026-08-05 08:21:02,TI-01,drone,doente,pinta_preta,0.9413,agrosmart-v1,simulado,sim-2026-08
4719829e-956c-5c68-8c4d-bf3b8410a5fb,TI-03_20260805_0027.jpg,2026-08-05 08:21:11,TI-03,drone,saudavel,saudavel,0.8420,agrosmart-v1,simulado,sim-2026-08
a57259dd-ad6c-56ed-9704-c41771edee05,TI-01_20260805_0008.jpg,2026-08-05 08:21:24,TI-01,drone,saudavel,saudavel,0.9254,agrosmart-v1,simulado,sim-2026-08
deb10386-7386-5c97-a0b1-3d8c1cc07324,BV-03_20260805_0020.jpg,2026-08-05 08:21:37,BV-03,smartphone,saudavel,saudavel,0.9964,agrosmart-v1,simulado,sim-2026-08
e06f1456-f143-5585-99ef-c38633854ee0,TI-03_20260805_0028.jpg,2026-08-05 08:21:49,TI-03,drone,saudavel,saudavel,0.8665,agrosmart-v1,simulado,sim-2026-08
e4b11d43-f53d-5ecf-bb3d-d5d3e88888fd,TI-01_20260805_0009.jpg,2026-08-05 08:22:24,TI-01,drone,saudavel,saudavel,0.9747,agrosmart-v1,simulado,sim-2026-08
2a8b4bde-9ee5-5ebd-8c5f-e68673403421,TI-03_20260805_0029.jpg,2026-08-05 08:22:47,TI-03,drone,saudavel,saudavel,0.9339,agrosmart-v1,simulado,sim-2026-08
1260697c-10eb-51d2-b966-af5ac8f08b12,TI-01_20260805_0010.jpg,2026-08-05 08:23:00,TI-01,drone,saudavel,saudavel,0.9751,agrosmart-v1,simulado,sim-2026-08
f374f4a3-5d5d-56ac-8ded-46c5b8bc2c51,TI-03_20260805_0030.jpg,2026-08-05 08:23:23,TI-03,drone,saudavel,saudavel,0.9970,agrosmart-v1,simulado,sim-2026-08
efe93ee1-79a1-5a8a-9efe-6fe21cfe4f33,TI-01_20260805_0011.jpg,2026-08-05 08:23:25,TI-01,drone,saudavel,saudavel,0.9645,agrosmart-v1,simulado,sim-2026-08
06aeeb7d-5de9-58af-b576-d8e0c990678a,TI-03_20260805_0031.jpg,2026-08-05 08:24:04,TI-03,drone,saudavel,saudavel,0.8299,agrosmart-v1,simulado,sim-2026-08
5adad2db-0959-58b8-ad9b-022e6e04c7b0,TI-01_20260805_0012.jpg,2026-08-05 08:24:25,TI-01,drone,saudavel,saudavel,0.9653,agrosmart-v1,simulado,sim-2026-08
3a75c9d7-b302-528f-8529-0ded1f90c4cc,TI-03_20260805_0032.jpg,2026-08-05 08:24:29,TI-03,drone,saudavel,saudavel,0.9138,agrosmart-v1,simulado,sim-2026-08
9f0c40b2-9e7f-5938-80ea-6f0f1170eb3c,TI-01_20260805_0013.jpg,2026-08-05 08:25:05,TI-01,drone,saudavel,saudavel,0.9912,agrosmart-v1,simulado,sim-2026-08
43f33591-d232-5663-a31f-4ede6d40ddfd,TI-03_20260805_0033.jpg,2026-08-05 08:25:13,TI-03,drone,saudavel,saudavel,0.9610,agrosmart-v1,simulado,sim-2026-08
8e5b38d4-1a01-5fe7-996e-9194d5c84602,TI-01_20260805_0014.jpg,2026-08-05 08:25:47,TI-01,drone,saudavel,saudavel,0.9976,agrosmart-v1,simulado,sim-2026-08
de6ae6ef-3e37-543c-82aa-0850edfa5727,TI-01_20260805_0015.jpg,2026-08-05 08:26:01,TI-01,drone,saudavel,saudavel,0.9078,agrosmart-v1,simulado,sim-2026-08
0a09340a-f9fe-5a7d-8977-a98d44a0f655,TI-03_20260805_0034.jpg,2026-08-05 08:26:10,TI-03,drone,saudavel,saudavel,0.8756,agrosmart-v1,simulado,sim-2026-08
15049262-7fc7-5b57-9c9a-bc86d995a03a,TI-03_20260805_0035.jpg,2026-08-05 08:26:36,TI-03,drone,saudavel,saudavel,0.9577,agrosmart-v1,simulado,sim-2026-08
9cdebba6-86e5-573b-90be-bfdfac2ac311,SC-04_20260805_0001.jpg,2026-08-05 08:26:48,SC-04,smartphone,saudavel,saudavel,0.9891,agrosmart-v1,simulado,sim-2026-08
3c3e650c-004d-500b-b03a-22a379703822,TI-03_20260805_0036.jpg,2026-08-05 08:27:09,TI-03,drone,saudavel,saudavel,0.9983,agrosmart-v1,simulado,sim-2026-08
4b0c74c3-3d59-53e9-bfb1-85f9845e3a3c,TI-01_20260805_0016.jpg,2026-08-05 08:27:10,TI-01,drone,saudavel,saudavel,0.9390,agrosmart-v1,simulado,sim-2026-08
892c642d-9985-5030-8cdb-bac3519c0c92,TI-01_20260805_0017.jpg,2026-08-05 08:27:30,TI-01,drone,saudavel,saudavel,0.9999,agrosmart-v1,simulado,sim-2026-08
a17e4e20-595c-5626-a798-6dd8cd50ac94,SC-04_20260805_0002.jpg,2026-08-05 08:27:37,SC-04,smartphone,saudavel,saudavel,0.9289,agrosmart-v1,simulado,sim-2026-08
e8bdfa7b-9562-546d-b367-d0633bafb9ed,TI-03_20260805_0037.jpg,2026-08-05 08:27:51,TI-03,drone,saudavel,saudavel,0.9894,agrosmart-v1,simulado,sim-2026-08
c9aee7b6-4873-5e0f-95fa-82523bca624b,SC-04_20260805_0003.jpg,2026-08-05 08:28:01,SC-04,smartphone,saudavel,saudavel,0.9902,agrosmart-v1,simulado,sim-2026-08
e51569f5-ad7f-553d-a650-5525f50e6ff7,TI-01_20260805_0018.jpg,2026-08-05 08:28:29,TI-01,drone,saudavel,saudavel,0.9888,agrosmart-v1,simulado,sim-2026-08
9b5737f0-86c2-5d75-87ab-f3d8df6ef944,TI-03_20260805_0038.jpg,2026-08-05 08:28:30,TI-03,drone,saudavel,saudavel,0.9841,agrosmart-v1,simulado,sim-2026-08
23e5c506-11fc-598c-9111-eccb8685d215,SC-04_20260805_0004.jpg,2026-08-05 08:28:51,SC-04,smartphone,saudavel,saudavel,0.9153,agrosmart-v1,simulado,sim-2026-08
1e9176b3-78b0-5979-a0ff-e0034342a2af,TI-01_20260805_0019.jpg,2026-08-05 08:28:57,TI-01,drone,saudavel,saudavel,0.9443,agrosmart-v1,simulado,sim-2026-08
23fb8da5-ec27-5af3-8969-25f1343a1702,TI-01_20260805_0020.jpg,2026-08-05 08:29:25,TI-01,drone,saudavel,saudavel,0.9868,agrosmart-v1,simulado,sim-2026-08
96d4d376-ebfe-5e4d-9bec-b7b7dca544c4,TI-03_20260805_0039.jpg,2026-08-05 08:29:26,TI-03,drone,saudavel,saudavel,1.0000,agrosmart-v1,simulado,sim-2026-08
1435ee1e-db2d-5201-8f4e-7ed48022ccfc,TI-03_20260805_0040.jpg,2026-08-05 08:29:41,TI-03,drone,saudavel,saudavel,0.9476,agrosmart-v1,simulado,sim-2026-08
fd81d062-810c-51b4-97b0-0db2b8b83a37,SC-04_20260805_0005.jpg,2026-08-05 08:29:45,SC-04,smartphone,saudavel,saudavel,0.9046,agrosmart-v1,simulado,sim-2026-08
9ccb79be-27d5-5094-adcb-4072c6f667ec,TI-01_20260805_0021.jpg,2026-08-05 08:30:00,TI-01,drone,saudavel,saudavel,0.9261,agrosmart-v1,simulado,sim-2026-08
9b6054b3-c0df-517f-9835-c696e1f522c7,SC-04_20260805_0006.jpg,2026-08-05 08:30:18,SC-04,smartphone,saudavel,saudavel,1.0000,agrosmart-v1,simulado,sim-2026-08
ff5f5383-3a2d-52c8-9816-c7af26b40635,TI-03_20260805_0041.jpg,2026-08-05 08:30:38,TI-03,drone,saudavel,saudavel,1.0000,agrosmart-v1,simulado,sim-2026-08
6747330e-e6d5-586d-b06b-9f496a340cb6,SC-04_20260805_0007.jpg,2026-08-05 08:31:04,SC-04,smartphone,saudavel,saudavel,0.8782,agrosmart-v1,simulado,sim-2026-08
2c2c1c53-2951-5af7-9f16-63d19838b137,TI-01_20260805_0022.jpg,2026-08-05 08:31:05,TI-01,drone,saudavel,saudavel,0.9553,agrosmart-v1,simulado,sim-2026-08
9d1da3fb-5078-5aea-bfb9-268e650c3e3a,SC-04_20260805_0008.jpg,2026-08-05 08:31:20,SC-04,smartphone,saudavel,saudavel,0.9605,agrosmart-v1,simulado,sim-2026-08
59b48131-5a34-5999-a96f-5bef5409ef0b,TI-01_20260805_0023.jpg,2026-08-05 08:31:32,TI-01,drone,saudavel,saudavel,0.9775,agrosmart-v1,simulado,sim-2026-08
ad1b2350-80d0-5c2a-8f50-feea86150660,TI-01_20260805_0024.jpg,2026-08-05 08:32:07,TI-01,drone,saudavel,saudavel,0.9535,agrosmart-v1,simulado,sim-2026-08
f00ff278-570f-5155-b24a-528c78c3fca6,SC-04_20260805_0009.jpg,2026-08-05 08:32:30,SC-04,smartphone,saudavel,saudavel,0.9408,agrosmart-v1,simulado,sim-2026-08
7b027d0f-5862-5361-ad38-9db982288805,SC-04_20260805_0010.jpg,2026-08-05 08:33:03,SC-04,smartphone,saudavel,saudavel,0.8635,agrosmart-v1,simulado,sim-2026-08
9aab5a5a-0577-5d21-8bee-ff4ddaad4928,TI-01_20260805_0025.jpg,2026-08-05 08:33:06,TI-01,drone,saudavel,saudavel,0.9284,agrosmart-v1,simulado,sim-2026-08
0d1c6da1-47c6-52cd-bf37-0c49b7c0fcef,TI-01_20260805_0026.jpg,2026-08-05 08:33:21,TI-01,drone,saudavel,saudavel,0.9655,agrosmart-v1,simulado,sim-2026-08
820cb373-4591-52e3-8afe-ccd18a3db6df,SC-04_20260805_0011.jpg,2026-08-05 08:33:34,SC-04,smartphone,saudavel,saudavel,0.8358,agrosmart-v1,simulado,sim-2026-08
01ff513d-46a9-5ab4-8abd-1a6c3b606b46,TI-01_20260805_0027.jpg,2026-08-05 08:34:07,TI-01,drone,saudavel,saudavel,0.9549,agrosmart-v1,simulado,sim-2026-08
c3e74978-e01d-569d-aeb1-8ba51f4e5e58,SC-04_20260805_0012.jpg,2026-08-05 08:34:30,SC-04,smartphone,saudavel,saudavel,0.7245,agrosmart-v1,simulado,sim-2026-08
605443b4-ad34-5b1d-90ab-7f19befae38b,SC-04_20260805_0013.jpg,2026-08-05 08:34:55,SC-04,smartphone,saudavel,saudavel,0.9523,agrosmart-v1,simulado,sim-2026-08
08eaccd3-b58d-5445-9dcb-28ee1d6865a1,TI-01_20260805_0028.jpg,2026-08-05 08:35:04,TI-01,drone,saudavel,saudavel,0.9616,agrosmart-v1,simulado,sim-2026-08
2058e711-1cdd-5067-80f2-3f5d1690bdcd,TI-01_20260805_0029.jpg,2026-08-05 08:35:28,TI-01,drone,saudavel,saudavel,0.9883,agrosmart-v1,simulado,sim-2026-08
d52b570d-7932-589e-a869-3a73687c0f3b,SC-04_20260805_0014.jpg,2026-08-05 08:35:33,SC-04,smartphone,saudavel,saudavel,0.9797,agrosmart-v1,simulado,sim-2026-08
3eb6f746-cb67-576d-af10-3f1b421a6260,TI-01_20260805_0030.jpg,2026-08-05 08:36:16,TI-01,drone,saudavel,saudavel,0.8986,agrosmart-v1,simulado,sim-2026-08
5d6a6104-7498-532a-aed2-51005d550b28,SC-04_20260805_0015.jpg,2026-08-05 08:36:27,SC-04,smartphone,saudavel,saudavel,0.9289,agrosmart-v1,simulado,sim-2026-08
41b970bc-4096-5b15-8749-69e9aa6f3b08,SC-04_20260805_0016.jpg,2026-08-05 08:36:49,SC-04,smartphone,saudavel,saudavel,0.9163,agrosmart-v1,simulado,sim-2026-08
33e306e2-2d5b-5631-9e01-6a240199cd7a,TI-01_20260805_0031.jpg,2026-08-05 08:36:53,TI-01,drone,saudavel,saudavel,0.9349,agrosmart-v1,simulado,sim-2026-08
a08d389b-f271-5428-99ab-95a849d7f13e,TI-01_20260805_0032.jpg,2026-08-05 08:37:24,TI-01,drone,saudavel,saudavel,0.8767,agrosmart-v1,simulado,sim-2026-08
b97ebfad-278b-566d-a905-3f7e8ab249ad,SC-04_20260805_0017.jpg,2026-08-05 08:37:44,SC-04,smartphone,saudavel,saudavel,0.8232,agrosmart-v1,simulado,sim-2026-08
8506c3f2-dfd9-5aa6-9933-51559fd15297,TI-01_20260805_0033.jpg,2026-08-05 08:38:10,TI-01,drone,doente,pinta_preta,0.9533,agrosmart-v1,simulado,sim-2026-08
3226dff6-aacd-5e5c-8c8a-b57478ad3487,SC-04_20260805_0018.jpg,2026-08-05 08:38:11,SC-04,smartphone,saudavel,saudavel,0.8549,agrosmart-v1,simulado,sim-2026-08
f46e1512-a427-59b4-9a39-94685803c328,SC-04_20260805_0019.jpg,2026-08-05 08:38:54,SC-04,smartphone,saudavel,saudavel,0.9284,agrosmart-v1,simulado,sim-2026-08
7b443ac7-6756-5f61-a975-51502c5972eb,TI-01_20260805_0034.jpg,2026-08-05 08:38:59,TI-01,drone,saudavel,saudavel,0.8944,agrosmart-v1,simulado,sim-2026-08
48143f18-5499-5cf9-b672-49df077125eb,TI-01_20260805_0035.jpg,2026-08-05 08:39:36,TI-01,drone,saudavel,saudavel,0.8661,agrosmart-v1,simulado,sim-2026-08
d3bba077-2718-5103-a397-fe5654cc0afb,SC-04_20260805_0020.jpg,2026-08-05 08:39:42,SC-04,smartphone,saudavel,saudavel,0.9545,agrosmart-v1,simulado,sim-2026-08
b2f6e76b-0067-581a-806d-424742ee5fa3,SC-04_20260805_0021.jpg,2026-08-05 08:40:26,SC-04,smartphone,saudavel,saudavel,0.8343,agrosmart-v1,simulado,sim-2026-08
06f17788-e780-5258-aba0-fff8331a20dc,TI-01_20260805_0036.jpg,2026-08-05 08:40:30,TI-01,drone,saudavel,saudavel,0.8465,agrosmart-v1,simulado,sim-2026-08
4c6f529c-d7c6-51ee-8dcf-07f0613dd5ae,TI-01_20260805_0037.jpg,2026-08-05 08:40:56,TI-01,drone,saudavel,saudavel,0.9708,agrosmart-v1,simulado,sim-2026-08
f7a3576f-7eac-50c0-88bd-346207889275,SC-04_20260805_0022.jpg,2026-08-05 08:41:05,SC-04,smartphone,saudavel,saudavel,0.9993,agrosmart-v1,simulado,sim-2026-08
2ce5dc5b-aa71-5f10-880a-43b9e7d5e84e,TI-01_20260805_0038.jpg,2026-08-05 08:41:28,TI-01,drone,saudavel,saudavel,0.9477,agrosmart-v1,simulado,sim-2026-08
d48b877e-9fc5-559e-929f-ec52475b056b,SC-04_20260805_0023.jpg,2026-08-05 08:41:45,SC-04,smartphone,saudavel,saudavel,0.9887,agrosmart-v1,simulado,sim-2026-08
eaa093f3-6f26-5653-a02f-abb55ff7aff9,SC-04_20260805_0024.jpg,2026-08-05 08:42:18,SC-04,smartphone,saudavel,saudavel,0.9523,agrosmart-v1,simulado,sim-2026-08
48ad80e0-15f2-5ffb-815c-c42acf8ece99,TI-01_20260805_0039.jpg,2026-08-05 08:42:19,TI-01,drone,saudavel,saudavel,0.8836,agrosmart-v1,simulado,sim-2026-08
245f79e5-b48b-580c-afde-687080a936fe,SC-04_20260805_0025.jpg,2026-08-05 08:42:58,SC-04,smartphone,saudavel,saudavel,0.9463,agrosmart-v1,simulado,sim-2026-08
4beecd79-964a-5c08-9349-780166bf28f1,TI-01_20260805_0040.jpg,2026-08-05 08:43:08,TI-01,drone,saudavel,saudavel,0.9957,agrosmart-v1,simulado,sim-2026-08
00fdb0b7-ff13-56f5-a6bc-2ca7a28eacdc,TI-01_20260805_0041.jpg,2026-08-05 08:43:48,TI-01,drone,saudavel,saudavel,0.9850,agrosmart-v1,simulado,sim-2026-08
f544faf1-297d-5eca-bf1d-76245d7abe1d,TI-01_20260805_0042.jpg,2026-08-05 08:44:11,TI-01,drone,saudavel,saudavel,0.9594,agrosmart-v1,simulado,sim-2026-08
42504081-d609-5984-9506-b03d5d3d39b5,TI-01_20260805_0043.jpg,2026-08-05 08:44:58,TI-01,drone,saudavel,saudavel,0.8735,agrosmart-v1,simulado,sim-2026-08
a2487c16-fd94-5cc7-bd44-fd551db4be0d,TI-01_20260805_0044.jpg,2026-08-05 08:45:38,TI-01,drone,saudavel,saudavel,0.9575,agrosmart-v1,simulado,sim-2026-08
504ada0a-8a0b-57f2-847c-159cde34fc6b,TI-01_20260805_0045.jpg,2026-08-05 08:46:11,TI-01,drone,saudavel,saudavel,0.9797,agrosmart-v1,simulado,sim-2026-08
27587f9d-568e-5abe-9e98-3229b4b9b95b,SC-03_20260805_0001.jpg,2026-08-05 08:47:10,SC-03,smartphone,saudavel,saudavel,0.8447,agrosmart-v1,simulado,sim-2026-08
0cf72904-d4ea-58d9-90c2-7a886d476606,SC-03_20260805_0002.jpg,2026-08-05 08:47:42,SC-03,smartphone,saudavel,saudavel,0.9988,agrosmart-v1,simulado,sim-2026-08
d1fd7c84-0fa9-5dd1-b8e5-6ed518f6aacd,SC-03_20260805_0003.jpg,2026-08-05 08:48:23,SC-03,smartphone,saudavel,saudavel,0.9674,agrosmart-v1,simulado,sim-2026-08
81275f46-725f-5288-a38e-a0ab74df5442,SC-03_20260805_0004.jpg,2026-08-05 08:48:54,SC-03,smartphone,saudavel,saudavel,0.9987,agrosmart-v1,simulado,sim-2026-08
a25cd9d1-f313-5183-9f86-7bbfa7ec7378,SC-03_20260805_0005.jpg,2026-08-05 08:49:46,SC-03,smartphone,saudavel,saudavel,0.9736,agrosmart-v1,simulado,sim-2026-08
dc0bbe18-4cc5-5b39-9fc2-77ece2eadf84,SC-03_20260805_0006.jpg,2026-08-05 08:50:28,SC-03,smartphone,saudavel,saudavel,0.9426,agrosmart-v1,simulado,sim-2026-08
d1048388-2bb8-5bce-9f7a-cda83cc1595a,SC-03_20260805_0007.jpg,2026-08-05 08:50:41,SC-03,smartphone,saudavel,saudavel,0.9972,agrosmart-v1,simulado,sim-2026-08
5bcc5f2c-0e48-5db7-a651-b313678cfbcc,SC-03_20260805_0008.jpg,2026-08-05 08:51:38,SC-03,smartphone,saudavel,saudavel,0.9996,agrosmart-v1,simulado,sim-2026-08
7fe5c0ac-164c-5075-a01e-ac510c13a028,SC-03_20260805_0009.jpg,2026-08-05 08:52:12,SC-03,smartphone,saudavel,saudavel,0.9981,agrosmart-v1,simulado,sim-2026-08
7864896c-770f-5aa8-9517-5a7c17553d5d,SC-03_20260805_0010.jpg,2026-08-05 08:53:04,SC-03,smartphone,saudavel,saudavel,0.9084,agrosmart-v1,simulado,sim-2026-08
09a22e8f-61bb-513f-bb9f-1a532d605d9e,SC-03_20260805_0011.jpg,2026-08-05 08:53:32,SC-03,smartphone,saudavel,saudavel,0.9709,agrosmart-v1,simulado,sim-2026-08
4ec503c8-0753-5541-a032-571f07027121,SC-03_20260805_0012.jpg,2026-08-05 08:54:24,SC-03,smartphone,saudavel,saudavel,0.9954,agrosmart-v1,simulado,sim-2026-08
7fb6f430-10f6-5484-964d-9c5bf1a9c868,SC-03_20260805_0013.jpg,2026-08-05 08:54:50,SC-03,smartphone,saudavel,saudavel,0.9478,agrosmart-v1,simulado,sim-2026-08
4bd78e49-c4a1-585f-977e-58ec9494aea3,SC-03_20260805_0014.jpg,2026-08-05 08:55:26,SC-03,smartphone,saudavel,saudavel,0.9909,agrosmart-v1,simulado,sim-2026-08
15507aa3-b81e-56f5-9e96-bd35bcf7570a,SC-03_20260805_0015.jpg,2026-08-05 08:56:08,SC-03,smartphone,saudavel,saudavel,0.9237,agrosmart-v1,simulado,sim-2026-08
6237d93a-cbb1-5603-8bd8-578548b503d7,SC-03_20260805_0016.jpg,2026-08-05 08:56:49,SC-03,smartphone,saudavel,saudavel,0.8440,agrosmart-v1,simulado,sim-2026-08
7fd02229-ec83-5045-afb9-8f8b687638ea,BV-04_20260805_0001.jpg,2026-08-05 08:56:57,BV-04,smartphone,saudavel,saudavel,0.8407,agrosmart-v1,simulado,sim-2026-08
46436ebc-b1ce-5c6c-9d3b-342f14ec369b,BV-04_20260805_0002.jpg,2026-08-05 08:57:28,BV-04,smartphone,saudavel,saudavel,0.9880,agrosmart-v1,simulado,sim-2026-08
bde111cc-353a-5cd6-b338-560407ba4198,SC-03_20260805_0017.jpg,2026-08-05 08:57:36,SC-03,smartphone,saudavel,saudavel,0.8336,agrosmart-v1,simulado,sim-2026-08
d073e370-58f7-586d-8662-e2259e681a59,SC-03_20260805_0018.jpg,2026-08-05 08:58:00,SC-03,smartphone,saudavel,saudavel,0.8828,agrosmart-v1,simulado,sim-2026-08
235c0de3-4460-5649-810f-b91f0be6e4fd,BV-04_20260805_0003.jpg,2026-08-05 08:58:09,BV-04,smartphone,saudavel,saudavel,0.9900,agrosmart-v1,simulado,sim-2026-08
470a636f-c9c7-583a-9b53-50cbf0d6acd5,SC-03_20260805_0019.jpg,2026-08-05 08:58:50,SC-03,smartphone,saudavel,saudavel,0.9550,agrosmart-v1,simulado,sim-2026-08
60f13623-213d-5894-a344-9aaade1779b5,BV-04_20260805_0004.jpg,2026-08-05 08:59:09,BV-04,smartphone,doente,requeima,0.8218,agrosmart-v1,simulado,sim-2026-08
c3d6b972-7889-54c3-aac8-5da4a42fb58b,BV-04_20260805_0005.jpg,2026-08-05 08:59:38,BV-04,smartphone,saudavel,saudavel,0.8258,agrosmart-v1,simulado,sim-2026-08
304359ec-8ff3-509f-92b2-43566bf745fa,SC-03_20260805_0020.jpg,2026-08-05 08:59:42,SC-03,smartphone,saudavel,saudavel,0.9998,agrosmart-v1,simulado,sim-2026-08
c8177f8a-35d3-55aa-a912-0fe9ec3d4a96,SC-03_20260805_0021.jpg,2026-08-05 09:00:04,SC-03,smartphone,doente,vaquinha,0.8434,agrosmart-v1,simulado,sim-2026-08
68f768cb-68dd-56a7-a596-2a52d0a6ad51,BV-04_20260805_0006.jpg,2026-08-05 09:00:28,BV-04,smartphone,saudavel,saudavel,0.9140,agrosmart-v1,simulado,sim-2026-08
fe109ac8-bddc-5a60-854a-379770789c85,SC-03_20260805_0022.jpg,2026-08-05 09:00:40,SC-03,smartphone,doente,requeima,0.9949,agrosmart-v1,simulado,sim-2026-08
3ecd8370-ed52-5590-9b85-cf4470d007fc,BV-04_20260805_0007.jpg,2026-08-05 09:00:53,BV-04,smartphone,saudavel,saudavel,0.9630,agrosmart-v1,simulado,sim-2026-08
117ea5f2-b490-5b89-8fe9-6f2954333bee,BV-04_20260805_0008.jpg,2026-08-05 09:01:22,BV-04,smartphone,saudavel,saudavel,0.9391,agrosmart-v1,simulado,sim-2026-08
e638b477-c54c-5918-b1c2-ed98680f4bb5,SC-03_20260805_0023.jpg,2026-08-05 09:01:33,SC-03,smartphone,saudavel,saudavel,0.9608,agrosmart-v1,simulado,sim-2026-08
79b9df76-4653-5b59-9ca7-82d2898660a2,SC-03_20260805_0024.jpg,2026-08-05 09:02:22,SC-03,smartphone,doente,pinta_preta,0.9703,agrosmart-v1,simulado,sim-2026-08
be3d3891-94d2-5f23-a356-1088a94b6b3a,BV-04_20260805_0009.jpg,2026-08-05 09:02:28,BV-04,smartphone,saudavel,saudavel,0.9346,agrosmart-v1,simulado,sim-2026-08
53ec34b8-ff3a-577d-b521-1091a7d3c0c7,SC-03_20260805_0025.jpg,2026-08-05 09:03:02,SC-03,smartphone,saudavel,saudavel,0.9107,agrosmart-v1,simulado,sim-2026-08
f024ac75-a0d4-558c-a041-e089b87eb183,BV-04_20260805_0010.jpg,2026-08-05 09:03:06,BV-04,smartphone,saudavel,saudavel,0.8280,agrosmart-v1,simulado,sim-2026-08
267be4e2-6a52-5626-a229-32731301f416,BV-04_20260805_0011.jpg,2026-08-05 09:03:29,BV-04,smartphone,saudavel,saudavel,0.9894,agrosmart-v1,simulado,sim-2026-08
23e88201-d7eb-55ce-9958-33e940fa4459,SC-03_20260805_0026.jpg,2026-08-05 09:03:32,SC-03,smartphone,saudavel,saudavel,0.9963,agrosmart-v1,simulado,sim-2026-08
591f01e8-15a5-5f9e-bbcc-196bd748ff00,BV-04_20260805_0012.jpg,2026-08-05 09:04:21,BV-04,smartphone,saudavel,saudavel,0.9975,agrosmart-v1,simulado,sim-2026-08
11877844-3577-58d5-a56a-30cd579165f3,BV-04_20260805_0013.jpg,2026-08-05 09:04:51,BV-04,smartphone,saudavel,saudavel,0.8838,agrosmart-v1,simulado,sim-2026-08
a8314131-065f-5fd7-bb19-af624b1f82af,BV-04_20260805_0014.jpg,2026-08-05 09:05:24,BV-04,smartphone,saudavel,saudavel,0.9896,agrosmart-v1,simulado,sim-2026-08
2d938b55-46c5-5599-bde3-2258f59d7092,BV-04_20260805_0015.jpg,2026-08-05 09:06:30,BV-04,smartphone,saudavel,saudavel,0.9610,agrosmart-v1,simulado,sim-2026-08
42679f57-d18b-513d-a491-c5fe4aa880a6,BV-04_20260805_0016.jpg,2026-08-05 09:06:50,BV-04,smartphone,saudavel,saudavel,0.9516,agrosmart-v1,simulado,sim-2026-08
7f96026e-e5b3-563b-bfdd-d8928182ea31,BV-04_20260805_0017.jpg,2026-08-05 09:07:50,BV-04,smartphone,saudavel,saudavel,0.9742,agrosmart-v1,simulado,sim-2026-08
c3d338dd-4495-5089-8b28-f587d9acef03,SC-02_20260805_0001.jpg,2026-08-05 09:35:47,SC-02,smartphone,saudavel,saudavel,0.9678,agrosmart-v1,simulado,sim-2026-08
758fb060-2bd1-573a-bdf4-df0248bdef9b,SC-02_20260805_0002.jpg,2026-08-05 09:36:22,SC-02,smartphone,saudavel,saudavel,0.9340,agrosmart-v1,simulado,sim-2026-08
d5698f4a-1ba1-5382-a9b7-544e8f116a7e,SC-02_20260805_0003.jpg,2026-08-05 09:37:11,SC-02,smartphone,saudavel,saudavel,0.8904,agrosmart-v1,simulado,sim-2026-08
ca56a106-767f-579c-9f7d-e572be5f83eb,SC-02_20260805_0004.jpg,2026-08-05 09:37:56,SC-02,smartphone,saudavel,saudavel,0.9370,agrosmart-v1,simulado,sim-2026-08
bea3a634-1178-5200-b3ee-4f9eaa2209fe,SC-02_20260805_0005.jpg,2026-08-05 09:38:32,SC-02,smartphone,saudavel,saudavel,0.8827,agrosmart-v1,simulado,sim-2026-08
a563b1d5-e249-597b-86a6-47efb3fa4e04,SC-02_20260805_0006.jpg,2026-08-05 09:39:07,SC-02,smartphone,saudavel,saudavel,0.9876,agrosmart-v1,simulado,sim-2026-08
73cca4cb-934c-5fd7-a833-20bb6d023eb1,SC-02_20260805_0007.jpg,2026-08-05 09:39:41,SC-02,smartphone,saudavel,saudavel,0.9594,agrosmart-v1,simulado,sim-2026-08
add5dd39-c350-56ed-b945-a6a74a48392d,SC-02_20260805_0008.jpg,2026-08-05 09:40:22,SC-02,smartphone,saudavel,saudavel,1.0000,agrosmart-v1,simulado,sim-2026-08
0c64556a-dca8-5bc1-82c9-da9a176ac4d5,SC-02_20260805_0009.jpg,2026-08-05 09:41:20,SC-02,smartphone,saudavel,saudavel,0.5716,agrosmart-v1,simulado,sim-2026-08
67c29e3b-960c-55bc-abb6-32886af23e19,SC-02_20260805_0010.jpg,2026-08-05 09:42:04,SC-02,smartphone,saudavel,saudavel,0.9511,agrosmart-v1,simulado,sim-2026-08
61972bb6-4839-5790-a6ce-bd9c7d869f59,SC-02_20260805_0011.jpg,2026-08-05 09:42:27,SC-02,smartphone,saudavel,saudavel,0.9900,agrosmart-v1,simulado,sim-2026-08
78440415-6283-5d9f-8063-5bafb75a755d,SC-02_20260805_0012.jpg,2026-08-05 09:43:25,SC-02,smartphone,saudavel,saudavel,0.8755,agrosmart-v1,simulado,sim-2026-08
ff52f285-eff2-5922-9cdb-0a8af1d2cd61,SC-01_20260805_0001.jpg,2026-08-05 09:43:54,SC-01,smartphone,saudavel,saudavel,0.9218,agrosmart-v1,simulado,sim-2026-08
64f6a858-3008-5ada-ab6d-433e5f93ec1a,SC-02_20260805_0013.jpg,2026-08-05 09:44:07,SC-02,smartphone,doente,mosca_minadora,0.9908,agrosmart-v1,simulado,sim-2026-08
0b9a076c-4596-5c1d-868a-c2703361f299,SC-01_20260805_0002.jpg,2026-08-05 09:44:20,SC-01,smartphone,saudavel,saudavel,0.9942,agrosmart-v1,simulado,sim-2026-08
1aff905e-70fd-53c2-832c-4ccdbf0dd48a,SC-02_20260805_0014.jpg,2026-08-05 09:44:36,SC-02,smartphone,saudavel,saudavel,0.9735,agrosmart-v1,simulado,sim-2026-08
a911d2b0-c68e-5992-bd83-7e22526868bb,SC-01_20260805_0003.jpg,2026-08-05 09:45:25,SC-01,smartphone,saudavel,saudavel,0.9237,agrosmart-v1,simulado,sim-2026-08
86b3171e-2898-5b3c-9778-12498c24e763,SC-02_20260805_0015.jpg,2026-08-05 09:45:26,SC-02,smartphone,saudavel,saudavel,0.8958,agrosmart-v1,simulado,sim-2026-08
d494ffb6-2d5a-57a4-8714-75ebac453e35,SC-02_20260805_0016.jpg,2026-08-05 09:45:41,SC-02,smartphone,saudavel,saudavel,0.9137,agrosmart-v1,simulado,sim-2026-08
4a3beb10-08bd-590d-a216-02e2bac028dc,SC-01_20260805_0004.jpg,2026-08-05 09:45:57,SC-01,smartphone,saudavel,saudavel,0.9290,agrosmart-v1,simulado,sim-2026-08
34a6829b-feac-57ef-ac4a-42708333715b,SC-02_20260805_0017.jpg,2026-08-05 09:46:32,SC-02,smartphone,saudavel,saudavel,0.9405,agrosmart-v1,simulado,sim-2026-08
ef31d958-372f-503d-bfe7-a67b223f7402,SC-01_20260805_0005.jpg,2026-08-05 09:46:45,SC-01,smartphone,saudavel,saudavel,0.9639,agrosmart-v1,simulado,sim-2026-08
1f607391-77a7-510c-a13d-202fbae3d212,SC-01_20260805_0006.jpg,2026-08-05 09:47:15,SC-01,smartphone,saudavel,saudavel,0.8971,agrosmart-v1,simulado,sim-2026-08
e4d7ab4f-2746-5600-b429-05cc121c503c,SC-02_20260805_0018.jpg,2026-08-05 09:47:30,SC-02,smartphone,saudavel,saudavel,0.9460,agrosmart-v1,simulado,sim-2026-08
e1c4bb83-96e5-57c6-bf1f-dd418debbbf2,SC-01_20260805_0007.jpg,2026-08-05 09:48:00,SC-01,smartphone,saudavel,saudavel,0.9501,agrosmart-v1,simulado,sim-2026-08
75717e85-7f9c-5431-b4dc-90245037f7e2,SC-02_20260805_0019.jpg,2026-08-05 09:48:03,SC-02,smartphone,saudavel,saudavel,0.9990,agrosmart-v1,simulado,sim-2026-08
e9f488b7-aae1-541e-8210-c2417ab9516d,SC-02_20260805_0020.jpg,2026-08-05 09:48:23,SC-02,smartphone,saudavel,saudavel,0.9120,agrosmart-v1,simulado,sim-2026-08
bd3d545f-c49c-5bbb-a976-d3f5c86cb308,SC-01_20260805_0008.jpg,2026-08-05 09:48:50,SC-01,smartphone,saudavel,saudavel,0.8868,agrosmart-v1,simulado,sim-2026-08
baf7a52e-dd59-5e3b-8b42-6df98076a471,SC-01_20260805_0009.jpg,2026-08-05 09:49:01,SC-01,smartphone,saudavel,saudavel,0.9027,agrosmart-v1,simulado,sim-2026-08
80a22441-c473-5c9f-b5e5-6e2f6dbee5eb,SC-02_20260805_0021.jpg,2026-08-05 09:49:29,SC-02,smartphone,saudavel,saudavel,0.9761,agrosmart-v1,simulado,sim-2026-08
ad419fa2-caa3-5041-8ac9-47b6b63726b7,SC-01_20260805_0010.jpg,2026-08-05 09:49:49,SC-01,smartphone,saudavel,saudavel,0.9975,agrosmart-v1,simulado,sim-2026-08
61423129-fa08-53eb-bdde-693ecbcff4aa,SC-02_20260805_0022.jpg,2026-08-05 09:50:04,SC-02,smartphone,saudavel,saudavel,0.8702,agrosmart-v1,simulado,sim-2026-08
e77dc07d-b84a-5eb2-8c22-fdd803789087,SC-02_20260805_0023.jpg,2026-08-05 09:50:24,SC-02,smartphone,saudavel,saudavel,0.5932,agrosmart-v1,simulado,sim-2026-08
0616824d-32be-5650-9544-84faac8dcee6,SC-01_20260805_0011.jpg,2026-08-05 09:50:36,SC-01,smartphone,saudavel,saudavel,0.9670,agrosmart-v1,simulado,sim-2026-08
62c02db2-4963-51fc-a9f6-7ad6f29256f5,SC-01_20260805_0012.jpg,2026-08-05 09:51:03,SC-01,smartphone,saudavel,saudavel,0.9274,agrosmart-v1,simulado,sim-2026-08
6cdfc8f9-ef66-5a0d-8e09-4317056b9253,SC-02_20260805_0024.jpg,2026-08-05 09:51:25,SC-02,smartphone,saudavel,saudavel,0.9140,agrosmart-v1,simulado,sim-2026-08
9328c99f-ecbd-55df-8120-f5e3f92966a8,SC-01_20260805_0013.jpg,2026-08-05 09:51:53,SC-01,smartphone,saudavel,saudavel,0.9244,agrosmart-v1,simulado,sim-2026-08
04a1121c-fa4c-50c6-bd78-85b3eb1273c9,SC-02_20260805_0025.jpg,2026-08-05 09:51:54,SC-02,smartphone,saudavel,saudavel,0.5710,agrosmart-v1,simulado,sim-2026-08
95383263-88ba-5fc4-abd4-a842c1e60fd0,SC-02_20260805_0026.jpg,2026-08-05 09:52:23,SC-02,smartphone,saudavel,saudavel,0.9632,agrosmart-v1,simulado,sim-2026-08
5c1c63e5-4d3f-5fc5-a8b9-53214c357e8c,SC-01_20260805_0014.jpg,2026-08-05 09:52:28,SC-01,smartphone,doente,vaquinha,0.9229,agrosmart-v1,simulado,sim-2026-08
8261d618-974b-535a-a0ba-89c42f052517,SC-01_20260805_0015.jpg,2026-08-05 09:53:01,SC-01,smartphone,saudavel,saudavel,0.9825,agrosmart-v1,simulado,sim-2026-08
8ea68e38-04e8-5c1d-912b-8ff4c286f899,SC-02_20260805_0027.jpg,2026-08-05 09:53:19,SC-02,smartphone,saudavel,saudavel,0.9787,agrosmart-v1,simulado,sim-2026-08
75629e3c-6d46-5252-8daa-b5982bff7e8e,SC-01_20260805_0016.jpg,2026-08-05 09:53:41,SC-01,smartphone,saudavel,saudavel,0.9448,agrosmart-v1,simulado,sim-2026-08
33f65de7-d33b-5c3b-ac60-1af4f890ebd6,SC-02_20260805_0028.jpg,2026-08-05 09:54:08,SC-02,smartphone,saudavel,saudavel,0.8416,agrosmart-v1,simulado,sim-2026-08
692cf8a9-452d-59fa-a4a6-32d0dd017272,SC-02_20260805_0029.jpg,2026-08-05 09:54:38,SC-02,smartphone,saudavel,saudavel,0.8337,agrosmart-v1,simulado,sim-2026-08
c546047e-2c4a-53cc-802f-49680abfdc86,SC-01_20260805_0017.jpg,2026-08-05 09:54:40,SC-01,smartphone,saudavel,saudavel,0.9703,agrosmart-v1,simulado,sim-2026-08
8c844fef-8530-5bb2-ac8a-75b734515629,SC-02_20260805_0030.jpg,2026-08-05 09:55:00,SC-02,smartphone,saudavel,saudavel,0.9980,agrosmart-v1,simulado,sim-2026-08
9c45f097-244f-5532-b991-b892615e3daa,SC-01_20260805_0018.jpg,2026-08-05 09:55:19,SC-01,smartphone,saudavel,saudavel,0.8454,agrosmart-v1,simulado,sim-2026-08
915467d8-8db1-54b4-bb7b-3d3bbb1a39ac,SC-01_20260805_0019.jpg,2026-08-05 09:55:59,SC-01,smartphone,saudavel,saudavel,0.9300,agrosmart-v1,simulado,sim-2026-08
da939c6b-fc24-5875-8c91-9336a47b77eb,SC-02_20260805_0031.jpg,2026-08-05 09:56:00,SC-02,smartphone,saudavel,saudavel,0.9535,agrosmart-v1,simulado,sim-2026-08
8ccb19cf-02bf-5ff8-963c-3c22ed326d43,SC-02_20260805_0032.jpg,2026-08-05 09:56:24,SC-02,smartphone,saudavel,saudavel,0.8602,agrosmart-v1,simulado,sim-2026-08
da34daf7-76f3-5b5d-a293-1a1f087f4ab5,SC-01_20260805_0020.jpg,2026-08-05 09:56:40,SC-01,smartphone,saudavel,saudavel,0.9128,agrosmart-v1,simulado,sim-2026-08
a100230c-67ee-530c-b389-84ea262ee2ea,SC-02_20260805_0033.jpg,2026-08-05 09:57:19,SC-02,smartphone,saudavel,saudavel,0.8752,agrosmart-v1,simulado,sim-2026-08
09d6cc50-e7cc-5e6c-95cf-57600f26d048,SC-01_20260805_0021.jpg,2026-08-05 09:57:26,SC-01,smartphone,saudavel,saudavel,0.9997,agrosmart-v1,simulado,sim-2026-08
001987e4-5047-5ff9-9ca0-1c1acba8d2bd,SC-02_20260805_0034.jpg,2026-08-05 09:57:51,SC-02,smartphone,saudavel,saudavel,0.9976,agrosmart-v1,simulado,sim-2026-08
f28bf750-621a-55f5-8b4c-3559c1b5f768,SC-01_20260805_0022.jpg,2026-08-05 09:58:05,SC-01,smartphone,saudavel,saudavel,0.9920,agrosmart-v1,simulado,sim-2026-08
7747e205-725b-5369-92c5-cf15b3120411,SC-01_20260805_0023.jpg,2026-08-05 09:58:29,SC-01,smartphone,saudavel,saudavel,0.8635,agrosmart-v1,simulado,sim-2026-08
b2da9474-4808-5c15-b4c4-9f074f3e60e1,SC-01_20260805_0024.jpg,2026-08-05 09:59:10,SC-01,smartphone,saudavel,saudavel,0.8489,agrosmart-v1,simulado,sim-2026-08
97aa8ff6-ab23-5757-b1b7-313c73af1a72,SC-01_20260805_0025.jpg,2026-08-05 09:59:41,SC-01,smartphone,saudavel,saudavel,0.9912,agrosmart-v1,simulado,sim-2026-08
dea4a9ba-4429-5638-8d5f-505e34c1c101,SC-01_20260805_0026.jpg,2026-08-05 10:00:45,SC-01,smartphone,saudavel,saudavel,0.9841,agrosmart-v1,simulado,sim-2026-08
c4f7ded4-9e4d-56e3-a36b-23e79f437020,SC-01_20260805_0027.jpg,2026-08-05 10:01:05,SC-01,smartphone,saudavel,saudavel,0.9247,agrosmart-v1,simulado,sim-2026-08
cd73231c-4433-5380-9daf-649b5b2c5165,SC-01_20260805_0028.jpg,2026-08-05 10:01:59,SC-01,smartphone,saudavel,saudavel,0.9092,agrosmart-v1,simulado,sim-2026-08
fb9b13c0-73f3-52db-a3b7-4291faa9aa05,SC-01_20260805_0029.jpg,2026-08-05 10:02:27,SC-01,smartphone,saudavel,saudavel,0.9998,agrosmart-v1,simulado,sim-2026-08
eb2c52ff-7d86-56dc-bcc4-d51b01d45849,SC-01_20260805_0030.jpg,2026-08-05 10:03:01,SC-01,smartphone,saudavel,saudavel,0.9919,agrosmart-v1,simulado,sim-2026-08
852e7d94-b515-53b6-8edb-cbe93b983b21,SC-04_20260807_0001.jpg,2026-08-07 07:24:58,SC-04,smartphone,saudavel,saudavel,0.8920,agrosmart-v1,simulado,sim-2026-08
6c6a8e6d-ea68-5b73-84e0-6a5061fca97a,SC-04_20260807_0002.jpg,2026-08-07 07:25:36,SC-04,smartphone,saudavel,saudavel,0.9728,agrosmart-v1,simulado,sim-2026-08
c5a3699d-8bb1-5d5e-b5a6-f63b9f1fc1df,SC-04_20260807_0003.jpg,2026-08-07 07:26:25,SC-04,smartphone,saudavel,saudavel,0.9881,agrosmart-v1,simulado,sim-2026-08
93ceeb08-b3ea-5963-a070-378e96887bc8,SC-04_20260807_0004.jpg,2026-08-07 07:26:57,SC-04,smartphone,saudavel,saudavel,0.8713,agrosmart-v1,simulado,sim-2026-08
2184ab64-6976-588b-ba8a-2d14b0267f78,SC-04_20260807_0005.jpg,2026-08-07 07:27:43,SC-04,smartphone,saudavel,saudavel,0.9878,agrosmart-v1,simulado,sim-2026-08
9585a762-a8d9-5bec-a4b6-439f753243e4,SC-04_20260807_0006.jpg,2026-08-07 07:28:28,SC-04,smartphone,saudavel,saudavel,0.9631,agrosmart-v1,simulado,sim-2026-08
9e9e5131-b376-59e4-bdce-2eaacf86333b,SC-04_20260807_0007.jpg,2026-08-07 07:29:10,SC-04,smartphone,saudavel,saudavel,0.9075,agrosmart-v1,simulado,sim-2026-08
1422d423-2c65-5326-8aee-611746349565,SC-04_20260807_0008.jpg,2026-08-07 07:29:32,SC-04,smartphone,doente,mosca_minadora,0.8607,agrosmart-v1,simulado,sim-2026-08
29816fab-c5ae-5306-88b1-33d6d10e4dbd,SC-04_20260807_0009.jpg,2026-08-07 07:30:05,SC-04,smartphone,saudavel,saudavel,0.9678,agrosmart-v1,simulado,sim-2026-08
74807db3-492f-5de8-889e-ca67549f8931,SC-04_20260807_0010.jpg,2026-08-07 07:30:41,SC-04,smartphone,saudavel,saudavel,0.8939,agrosmart-v1,simulado,sim-2026-08
cd7ba2b7-120b-5a2e-b14d-af409347bcfd,SC-04_20260807_0011.jpg,2026-08-07 07:31:43,SC-04,smartphone,saudavel,saudavel,0.8405,agrosmart-v1,simulado,sim-2026-08
b1332e04-dccf-5c37-9383-845c94cf044b,SC-04_20260807_0012.jpg,2026-08-07 07:32:13,SC-04,smartphone,saudavel,saudavel,0.9903,agrosmart-v1,simulado,sim-2026-08
0242d93a-5c61-5ca4-bab0-da2b8581b6ef,SC-04_20260807_0013.jpg,2026-08-07 07:32:52,SC-04,smartphone,saudavel,saudavel,0.9619,agrosmart-v1,simulado,sim-2026-08
03da0136-ebe1-543c-8f3d-bc267a8beb28,SC-04_20260807_0014.jpg,2026-08-07 07:33:46,SC-04,smartphone,saudavel,saudavel,0.9914,agrosmart-v1,simulado,sim-2026-08
dae120cb-6e69-5fec-8684-98f2fc41fea6,SC-04_20260807_0015.jpg,2026-08-07 07:34:03,SC-04,smartphone,saudavel,saudavel,0.9177,agrosmart-v1,simulado,sim-2026-08
04a5e64f-6b73-504b-8199-aef4d7686581,BV-04_20260807_0001.jpg,2026-08-07 07:34:09,BV-04,smartphone,saudavel,saudavel,0.9889,agrosmart-v1,simulado,sim-2026-08
13d64883-9d2f-59e2-852a-fa4bb735a7c5,BV-04_20260807_0002.jpg,2026-08-07 07:34:34,BV-04,smartphone,saudavel,saudavel,0.9944,agrosmart-v1,simulado,sim-2026-08
435c3738-ffe1-5185-be56-df5eca7bee1d,SC-04_20260807_0016.jpg,2026-08-07 07:34:50,SC-04,smartphone,saudavel,saudavel,0.9988,agrosmart-v1,simulado,sim-2026-08
3f074828-08c8-57b2-82a4-a2cc3a312c49,BV-04_20260807_0003.jpg,2026-08-07 07:35:20,BV-04,smartphone,saudavel,saudavel,0.8515,agrosmart-v1,simulado,sim-2026-08
0c600866-79fb-5553-bfcc-a07ac7236a62,SC-04_20260807_0017.jpg,2026-08-07 07:35:35,SC-04,smartphone,saudavel,saudavel,0.8353,agrosmart-v1,simulado,sim-2026-08
c78b298d-ae0c-5170-a456-bf7ea022b176,BV-04_20260807_0004.jpg,2026-08-07 07:35:53,BV-04,smartphone,saudavel,saudavel,0.9953,agrosmart-v1,simulado,sim-2026-08
b060de8d-b191-5e0e-a035-b436e4cd1236,SC-04_20260807_0018.jpg,2026-08-07 07:36:09,SC-04,smartphone,saudavel,saudavel,0.9145,agrosmart-v1,simulado,sim-2026-08
4897d730-91fc-5240-ac4d-ce4348cd1a73,BV-04_20260807_0005.jpg,2026-08-07 07:36:47,BV-04,smartphone,saudavel,saudavel,0.9685,agrosmart-v1,simulado,sim-2026-08
80518fa7-1731-5cf2-b8a3-483b0671733f,SC-04_20260807_0019.jpg,2026-08-07 07:37:01,SC-04,smartphone,saudavel,saudavel,0.9356,agrosmart-v1,simulado,sim-2026-08
d82f8a19-b432-5ec8-9c36-c86ca47720cc,BV-04_20260807_0006.jpg,2026-08-07 07:37:25,BV-04,smartphone,saudavel,saudavel,0.9970,agrosmart-v1,simulado,sim-2026-08
3c0acbd4-0685-5cb7-841d-fb7e06c56c4a,SC-04_20260807_0020.jpg,2026-08-07 07:37:26,SC-04,smartphone,saudavel,saudavel,0.9584,agrosmart-v1,simulado,sim-2026-08
4c22a038-c312-5e95-856a-6c9e85c084ab,BV-04_20260807_0007.jpg,2026-08-07 07:37:57,BV-04,smartphone,saudavel,saudavel,0.9565,agrosmart-v1,simulado,sim-2026-08
d6726337-596f-5937-be25-19cf9521856a,SC-04_20260807_0021.jpg,2026-08-07 07:38:04,SC-04,smartphone,saudavel,saudavel,0.8484,agrosmart-v1,simulado,sim-2026-08
2bcbf279-1a30-596c-b039-2ad79b99acdb,BV-04_20260807_0008.jpg,2026-08-07 07:38:37,BV-04,smartphone,saudavel,saudavel,0.9476,agrosmart-v1,simulado,sim-2026-08
df29921d-1eff-5bbd-adc2-ecabd45cb187,SC-04_20260807_0022.jpg,2026-08-07 07:38:58,SC-04,smartphone,saudavel,saudavel,0.9530,agrosmart-v1,simulado,sim-2026-08
fe407659-c6f3-572e-90e4-b764228c10af,BV-04_20260807_0009.jpg,2026-08-07 07:39:28,BV-04,smartphone,saudavel,saudavel,0.9989,agrosmart-v1,simulado,sim-2026-08
70ca1e58-9760-5e4a-849f-2b63dbab1be3,SC-04_20260807_0023.jpg,2026-08-07 07:39:35,SC-04,smartphone,saudavel,saudavel,0.9749,agrosmart-v1,simulado,sim-2026-08
fa3e0a4c-67ae-57aa-a237-ac0d14d71260,BV-04_20260807_0010.jpg,2026-08-07 07:39:49,BV-04,smartphone,saudavel,saudavel,0.8663,agrosmart-v1,simulado,sim-2026-08
45559bcf-4601-5e1b-a54d-785b207a66ae,SC-04_20260807_0024.jpg,2026-08-07 07:40:05,SC-04,smartphone,saudavel,saudavel,0.9143,agrosmart-v1,simulado,sim-2026-08
61a21a1e-b9d5-5ba4-96cd-f4fb125b4d9a,BV-04_20260807_0011.jpg,2026-08-07 07:40:32,BV-04,smartphone,saudavel,saudavel,0.9775,agrosmart-v1,simulado,sim-2026-08
e9db8a75-485b-5535-b870-2a4f85fa9818,SC-04_20260807_0025.jpg,2026-08-07 07:40:48,SC-04,smartphone,saudavel,saudavel,0.8224,agrosmart-v1,simulado,sim-2026-08
92601eaf-8e3d-5e3f-b6a9-9f31778d5f68,BV-04_20260807_0012.jpg,2026-08-07 07:41:26,BV-04,smartphone,saudavel,saudavel,0.9508,agrosmart-v1,simulado,sim-2026-08
74af67e9-69c5-5712-ad23-827a9ca29b3b,SC-04_20260807_0026.jpg,2026-08-07 07:41:35,SC-04,smartphone,saudavel,saudavel,0.9939,agrosmart-v1,simulado,sim-2026-08
ab807928-d455-5cd6-b7a2-f530d60dcd67,BV-04_20260807_0013.jpg,2026-08-07 07:42:00,BV-04,smartphone,doente,vaquinha,0.9166,agrosmart-v1,simulado,sim-2026-08
ae96b094-2ec1-501c-9c37-e4d38e32f98b,BV-04_20260807_0014.jpg,2026-08-07 07:42:24,BV-04,smartphone,saudavel,saudavel,0.9947,agrosmart-v1,simulado,sim-2026-08
3d91307f-0def-568c-85c9-cb24af847704,BV-04_20260807_0015.jpg,2026-08-07 07:43:22,BV-04,smartphone,saudavel,saudavel,0.9663,agrosmart-v1,simulado,sim-2026-08
929b1bdb-4a79-5307-a84c-7c2c74c53aec,BV-04_20260807_0016.jpg,2026-08-07 07:44:09,BV-04,smartphone,saudavel,saudavel,0.8368,agrosmart-v1,simulado,sim-2026-08
182da165-f1aa-54a9-9717-15c5d8caaa8d,BV-04_20260807_0017.jpg,2026-08-07 07:44:38,BV-04,smartphone,saudavel,saudavel,0.9340,agrosmart-v1,simulado,sim-2026-08
ccc616da-60e6-5a43-a446-e8dd772f5828,BV-04_20260807_0018.jpg,2026-08-07 07:45:05,BV-04,smartphone,saudavel,saudavel,0.8572,agrosmart-v1,simulado,sim-2026-08
0389e7e8-c924-5dfe-bb14-10efc50bc40b,BV-04_20260807_0019.jpg,2026-08-07 07:46:06,BV-04,smartphone,saudavel,saudavel,0.9852,agrosmart-v1,simulado,sim-2026-08
3532bf46-e1cb-5c1d-81ba-9786cac70d86,BV-04_20260807_0020.jpg,2026-08-07 07:46:30,BV-04,smartphone,saudavel,saudavel,0.9894,agrosmart-v1,simulado,sim-2026-08
02f95ac3-ebb4-56ec-ae94-7050be0bccd5,BV-02_20260807_0001.jpg,2026-08-07 07:46:49,BV-02,smartphone,saudavel,saudavel,0.8696,agrosmart-v1,simulado,sim-2026-08
03e41228-d34d-58bf-9347-e6b9f4481a44,BV-04_20260807_0021.jpg,2026-08-07 07:47:26,BV-04,smartphone,saudavel,saudavel,0.8806,agrosmart-v1,simulado,sim-2026-08
6ec90c3e-6a98-5d68-9deb-7362798c1bc5,BV-02_20260807_0002.jpg,2026-08-07 07:47:32,BV-02,smartphone,saudavel,saudavel,0.9308,agrosmart-v1,simulado,sim-2026-08
8200ea80-ecff-58e3-86b9-76a07298cd13,BV-02_20260807_0003.jpg,2026-08-07 07:48:04,BV-02,smartphone,saudavel,saudavel,0.8698,agrosmart-v1,simulado,sim-2026-08
3ad88d72-b36a-5ab6-a8c1-f0b8fa64cd9a,BV-04_20260807_0022.jpg,2026-08-07 07:48:07,BV-04,smartphone,saudavel,saudavel,0.9985,agrosmart-v1,simulado,sim-2026-08
6e642170-6764-57c2-80ec-252319f1dc77,BV-02_20260807_0004.jpg,2026-08-07 07:48:47,BV-02,smartphone,saudavel,saudavel,0.8546,agrosmart-v1,simulado,sim-2026-08
1ccb06a9-64b1-5271-91a5-bd50e2da5790,BV-04_20260807_0023.jpg,2026-08-07 07:48:47,BV-04,smartphone,saudavel,saudavel,0.8999,agrosmart-v1,simulado,sim-2026-08
a30e53ce-da4e-58b6-b7bf-3f322f3b5ca3,BV-02_20260807_0005.jpg,2026-08-07 07:49:43,BV-02,smartphone,saudavel,saudavel,0.9255,agrosmart-v1,simulado,sim-2026-08
803148bf-e554-58ba-b311-1de2067639df,BV-02_20260807_0006.jpg,2026-08-07 07:50:00,BV-02,smartphone,saudavel,saudavel,0.8712,agrosmart-v1,simulado,sim-2026-08
7bbbab16-9d14-5cf4-b941-2f9f9d322ce5,BV-02_20260807_0007.jpg,2026-08-07 07:51:02,BV-02,smartphone,saudavel,saudavel,0.9755,agrosmart-v1,simulado,sim-2026-08
69103594-af8f-5ab5-bbfd-a4223a91a913,BV-02_20260807_0008.jpg,2026-08-07 07:51:50,BV-02,smartphone,saudavel,saudavel,0.9914,agrosmart-v1,simulado,sim-2026-08
76bd3e85-080a-532d-9a8f-b236b3973d3e,BV-02_20260807_0009.jpg,2026-08-07 07:52:22,BV-02,smartphone,saudavel,saudavel,0.8800,agrosmart-v1,simulado,sim-2026-08
5f4d5549-0488-5291-95d9-f0fb5cb60435,BV-02_20260807_0010.jpg,2026-08-07 07:52:46,BV-02,smartphone,saudavel,saudavel,0.9971,agrosmart-v1,simulado,sim-2026-08
b5cd8c0a-264d-56f4-9f1a-4327fcb784a7,BV-02_20260807_0011.jpg,2026-08-07 07:53:48,BV-02,smartphone,saudavel,saudavel,1.0000,agrosmart-v1,simulado,sim-2026-08
76a3f78c-ec14-5458-a242-b30fcb46593a,BV-02_20260807_0012.jpg,2026-08-07 07:54:02,BV-02,smartphone,saudavel,saudavel,0.9019,agrosmart-v1,simulado,sim-2026-08
f96f55ba-dbe2-5466-bc72-50d7676d7fc4,BV-02_20260807_0013.jpg,2026-08-07 07:54:56,BV-02,smartphone,saudavel,saudavel,0.9876,agrosmart-v1,simulado,sim-2026-08
4214c0a6-bc34-5585-ad9f-4108efca4a16,BV-02_20260807_0014.jpg,2026-08-07 07:55:42,BV-02,smartphone,saudavel,saudavel,0.9786,agrosmart-v1,simulado,sim-2026-08
142d576b-7c85-59d8-a9d2-edb0be41b37a,BV-02_20260807_0015.jpg,2026-08-07 07:56:24,BV-02,smartphone,saudavel,saudavel,0.9516,agrosmart-v1,simulado,sim-2026-08
2d47b317-0c01-518e-8265-39c7df943a0c,BV-02_20260807_0016.jpg,2026-08-07 07:56:54,BV-02,smartphone,saudavel,saudavel,0.9941,agrosmart-v1,simulado,sim-2026-08
175fa233-e9db-53c9-8266-3a799afbf224,BV-02_20260807_0017.jpg,2026-08-07 07:57:34,BV-02,smartphone,saudavel,saudavel,0.8996,agrosmart-v1,simulado,sim-2026-08
ecf0ff8f-f070-53af-a76e-695931266894,BV-02_20260807_0018.jpg,2026-08-07 07:58:20,BV-02,smartphone,saudavel,saudavel,0.9967,agrosmart-v1,simulado,sim-2026-08
a9eeed21-56f9-5087-9e88-59d6b51d8abb,BV-02_20260807_0019.jpg,2026-08-07 07:58:58,BV-02,smartphone,saudavel,saudavel,0.9809,agrosmart-v1,simulado,sim-2026-08
766cdf4b-4efd-5824-a8a8-af003c1acd14,BV-02_20260807_0020.jpg,2026-08-07 07:59:36,BV-02,smartphone,saudavel,saudavel,0.8685,agrosmart-v1,simulado,sim-2026-08
dd3c2bfb-39b4-59cb-9513-c4c7991e8008,BV-02_20260807_0021.jpg,2026-08-07 08:00:12,BV-02,smartphone,saudavel,saudavel,0.9448,agrosmart-v1,simulado,sim-2026-08
10dc05a1-0e5f-5193-9ce3-09fd89be1b38,BV-02_20260807_0022.jpg,2026-08-07 08:00:52,BV-02,smartphone,saudavel,saudavel,0.8641,agrosmart-v1,simulado,sim-2026-08
b7128f65-ce99-56ae-a5cf-cdf8d5b80d8f,BV-02_20260807_0023.jpg,2026-08-07 08:01:50,BV-02,smartphone,saudavel,saudavel,0.9604,agrosmart-v1,simulado,sim-2026-08
7acbfbd0-4cc1-5cf4-822f-3c4efb529ee7,BV-02_20260807_0024.jpg,2026-08-07 08:02:21,BV-02,smartphone,saudavel,saudavel,0.9647,agrosmart-v1,simulado,sim-2026-08
8f8ee9de-d1f5-5c80-b26e-3471a3c66ad5,BV-02_20260807_0025.jpg,2026-08-07 08:02:46,BV-02,smartphone,saudavel,saudavel,0.9227,agrosmart-v1,simulado,sim-2026-08
a0be83d5-1ec7-59ab-8b1d-ba0c20538451,BV-02_20260807_0026.jpg,2026-08-07 08:03:50,BV-02,smartphone,saudavel,saudavel,0.9998,agrosmart-v1,simulado,sim-2026-08
4f1e4e91-83e9-5f7f-a669-fb1c572f62cd,BV-02_20260807_0027.jpg,2026-08-07 08:04:04,BV-02,smartphone,saudavel,saudavel,0.9422,agrosmart-v1,simulado,sim-2026-08
5d9238c2-3134-5c89-8dd9-690cf28a231d,BV-02_20260807_0028.jpg,2026-08-07 08:05:03,BV-02,smartphone,saudavel,saudavel,0.9947,agrosmart-v1,simulado,sim-2026-08
6ff9e839-7640-5a83-ade9-2d1ba98c1a91,BV-02_20260807_0029.jpg,2026-08-07 08:05:33,BV-02,smartphone,saudavel,saudavel,0.9222,agrosmart-v1,simulado,sim-2026-08
9596d15d-7c01-5f36-9343-2dfc12a48acf,BV-02_20260807_0030.jpg,2026-08-07 08:06:20,BV-02,smartphone,saudavel,saudavel,0.9449,agrosmart-v1,simulado,sim-2026-08
c24fc1a2-6b57-5a8d-948d-d50fa5827f2e,BV-02_20260807_0031.jpg,2026-08-07 08:07:08,BV-02,smartphone,saudavel,saudavel,0.9232,agrosmart-v1,simulado,sim-2026-08
bede782c-effe-57b5-a455-78d4fdd9fb89,BV-02_20260807_0032.jpg,2026-08-07 08:07:27,BV-02,smartphone,saudavel,saudavel,0.8682,agrosmart-v1,simulado,sim-2026-08
a77fe13e-2bad-5ed6-9e61-0d5dd5c97ef5,BV-02_20260807_0033.jpg,2026-08-07 08:08:10,BV-02,smartphone,saudavel,saudavel,0.9829,agrosmart-v1,simulado,sim-2026-08
5e0c1ad7-0d08-5f5e-8b6f-026be87789dd,BV-02_20260807_0034.jpg,2026-08-07 08:08:55,BV-02,smartphone,saudavel,saudavel,0.9614,agrosmart-v1,simulado,sim-2026-08
94479492-8013-512d-9b61-6c21bf430d46,TI-02_20260807_0001.jpg,2026-08-07 08:11:03,TI-02,drone,saudavel,saudavel,0.9902,agrosmart-v1,simulado,sim-2026-08
631a776f-6a09-5a2a-b161-b32c4497a71c,TI-02_20260807_0002.jpg,2026-08-07 08:11:41,TI-02,drone,saudavel,saudavel,0.9663,agrosmart-v1,simulado,sim-2026-08
b24cb67b-0d64-583e-a817-e92b8e46e141,TI-02_20260807_0003.jpg,2026-08-07 08:12:12,TI-02,drone,saudavel,saudavel,0.7688,agrosmart-v1,simulado,sim-2026-08
1a292fb5-dce5-5356-bc6e-74f3d6b71b3b,TI-02_20260807_0004.jpg,2026-08-07 08:13:05,TI-02,drone,saudavel,saudavel,0.8823,agrosmart-v1,simulado,sim-2026-08
0f0e2edf-de48-51fa-9b9f-4c247c5e8562,TI-02_20260807_0005.jpg,2026-08-07 08:13:23,TI-02,drone,saudavel,saudavel,0.9621,agrosmart-v1,simulado,sim-2026-08
1fbf857e-8498-580a-be62-608086892c1f,TI-02_20260807_0006.jpg,2026-08-07 08:14:17,TI-02,drone,saudavel,saudavel,0.9991,agrosmart-v1,simulado,sim-2026-08
d2630813-a954-5a2d-a425-07054d168ce3,TI-02_20260807_0007.jpg,2026-08-07 08:15:07,TI-02,drone,saudavel,saudavel,0.8579,agrosmart-v1,simulado,sim-2026-08
fc7e425b-ce42-590e-b8be-0706dbd86292,TI-02_20260807_0008.jpg,2026-08-07 08:15:20,TI-02,drone,saudavel,saudavel,0.8760,agrosmart-v1,simulado,sim-2026-08
0604985b-9d88-54d1-8dbe-3da7182fc392,TI-02_20260807_0009.jpg,2026-08-07 08:16:28,TI-02,drone,saudavel,saudavel,0.9805,agrosmart-v1,simulado,sim-2026-08
4512f140-f06a-5040-9013-cd13d6cfb8af,TI-02_20260807_0010.jpg,2026-08-07 08:17:09,TI-02,drone,saudavel,saudavel,0.9130,agrosmart-v1,simulado,sim-2026-08
5df70473-4149-5f6f-9e95-35de42a81e67,TI-02_20260807_0011.jpg,2026-08-07 08:17:28,TI-02,drone,saudavel,saudavel,0.9807,agrosmart-v1,simulado,sim-2026-08
4ac2ba33-6b57-5011-9909-814049b24bf7,TI-02_20260807_0012.jpg,2026-08-07 08:18:11,TI-02,drone,saudavel,saudavel,0.8886,agrosmart-v1,simulado,sim-2026-08
25274abf-0a16-5eb8-943e-4135c7439c22,TI-02_20260807_0013.jpg,2026-08-07 08:18:42,TI-02,drone,saudavel,saudavel,0.8745,agrosmart-v1,simulado,sim-2026-08
a9d12ab4-93a0-5795-b164-5917cb6e36df,TI-02_20260807_0014.jpg,2026-08-07 08:19:39,TI-02,drone,saudavel,saudavel,0.9859,agrosmart-v1,simulado,sim-2026-08
dca47253-bc00-5005-898f-00639aab1066,TI-02_20260807_0015.jpg,2026-08-07 08:20:14,TI-02,drone,saudavel,saudavel,0.9195,agrosmart-v1,simulado,sim-2026-08
a1925eed-28f7-5df3-9b38-8c87767969eb,TI-02_20260807_0016.jpg,2026-08-07 08:20:56,TI-02,drone,saudavel,saudavel,0.9990,agrosmart-v1,simulado,sim-2026-08
ae154419-98d8-52e4-84aa-881fd3da0c8c,TI-02_20260807_0017.jpg,2026-08-07 08:21:20,TI-02,drone,saudavel,saudavel,0.9996,agrosmart-v1,simulado,sim-2026-08
d038e1b0-585f-51bc-a1ea-a569c8d60135,TI-02_20260807_0018.jpg,2026-08-07 08:22:10,TI-02,drone,doente,pinta_preta,0.9924,agrosmart-v1,simulado,sim-2026-08
cce21ed9-738b-502c-9999-765a6a833608,TI-02_20260807_0019.jpg,2026-08-07 08:23:00,TI-02,drone,saudavel,saudavel,0.8830,agrosmart-v1,simulado,sim-2026-08
c4925e61-1d9a-5d3f-85ad-ea68c95cf4f3,TI-02_20260807_0020.jpg,2026-08-07 08:23:27,TI-02,drone,saudavel,saudavel,0.9955,agrosmart-v1,simulado,sim-2026-08
620a42f4-8d8b-5643-8df5-7eb8b032e5fd,TI-02_20260807_0021.jpg,2026-08-07 08:24:15,TI-02,drone,saudavel,saudavel,0.9507,agrosmart-v1,simulado,sim-2026-08
553a4a13-1411-553d-8349-144955eec75f,TI-02_20260807_0022.jpg,2026-08-07 08:24:50,TI-02,drone,saudavel,saudavel,0.8409,agrosmart-v1,simulado,sim-2026-08
d8c6a7a3-c1e3-5e7b-832f-e20837dae7ef,TI-03_20260807_0001.jpg,2026-08-07 08:25:43,TI-03,drone,saudavel,saudavel,0.9773,agrosmart-v1,simulado,sim-2026-08
f6cbff03-5991-5443-9b73-29549b976ebe,TI-02_20260807_0023.jpg,2026-08-07 08:25:47,TI-02,drone,saudavel,saudavel,0.8852,agrosmart-v1,simulado,sim-2026-08
40397c8f-1719-5c08-988c-9f5921088579,TI-02_20260807_0024.jpg,2026-08-07 08:26:11,TI-02,drone,saudavel,saudavel,0.8525,agrosmart-v1,simulado,sim-2026-08
a6a27f78-74f8-52b8-8fd2-2712d24bb181,TI-03_20260807_0002.jpg,2026-08-07 08:26:29,TI-03,drone,saudavel,saudavel,0.9155,agrosmart-v1,simulado,sim-2026-08
85e9aad1-3d85-58cc-b9b3-6979454d94c8,TI-02_20260807_0025.jpg,2026-08-07 08:26:42,TI-02,drone,saudavel,saudavel,0.9699,agrosmart-v1,simulado,sim-2026-08
2694e730-42e3-5046-b556-ff3606ca8ceb,TI-03_20260807_0003.jpg,2026-08-07 08:27:08,TI-03,drone,saudavel,saudavel,0.9557,agrosmart-v1,simulado,sim-2026-08
4f2bc4f6-aa32-5a6a-815f-d6afb80c555e,TI-02_20260807_0026.jpg,2026-08-07 08:27:42,TI-02,drone,saudavel,saudavel,0.8559,agrosmart-v1,simulado,sim-2026-08
a3f9c119-4909-5f68-8c96-aa2d7e95ce80,TI-03_20260807_0004.jpg,2026-08-07 08:27:57,TI-03,drone,saudavel,saudavel,0.9980,agrosmart-v1,simulado,sim-2026-08
e6c9ff9c-96d4-569a-adfb-e62e8f408d8e,TI-02_20260807_0027.jpg,2026-08-07 08:28:30,TI-02,drone,saudavel,saudavel,0.9338,agrosmart-v1,simulado,sim-2026-08
8cacbc5c-3a8b-5328-ad47-b0c1dbdfd0ec,TI-03_20260807_0005.jpg,2026-08-07 08:28:44,TI-03,drone,saudavel,saudavel,0.9659,agrosmart-v1,simulado,sim-2026-08
e93b3944-eea3-5df7-80f0-f72e37595a8c,TI-02_20260807_0028.jpg,2026-08-07 08:28:48,TI-02,drone,saudavel,saudavel,0.9341,agrosmart-v1,simulado,sim-2026-08
1612430b-52ae-5825-b9e7-b2d5f1f41fcd,TI-03_20260807_0006.jpg,2026-08-07 08:29:01,TI-03,drone,saudavel,saudavel,0.8246,agrosmart-v1,simulado,sim-2026-08
905ef1a0-3d03-5a6c-97d3-a6e03fafd7a9,TI-02_20260807_0029.jpg,2026-08-07 08:29:45,TI-02,drone,saudavel,saudavel,0.9961,agrosmart-v1,simulado,sim-2026-08
7e9cec9e-87f5-5917-a91c-71a559e32a19,TI-03_20260807_0007.jpg,2026-08-07 08:29:49,TI-03,drone,saudavel,saudavel,0.9860,agrosmart-v1,simulado,sim-2026-08
ab44a836-2c3b-5d26-8a5f-25bb8b629b79,TI-02_20260807_0030.jpg,2026-08-07 08:30:14,TI-02,drone,saudavel,saudavel,0.9748,agrosmart-v1,simulado,sim-2026-08
6b4d33da-dc56-5426-9cb6-f12951f20b7e,TI-03_20260807_0008.jpg,2026-08-07 08:30:49,TI-03,drone,saudavel,saudavel,0.8712,agrosmart-v1,simulado,sim-2026-08
89c3f035-ee9e-5136-8d1e-0bfbc8937e3b,TI-02_20260807_0031.jpg,2026-08-07 08:31:03,TI-02,drone,saudavel,saudavel,0.9984,agrosmart-v1,simulado,sim-2026-08
f9a1fbfa-eb3b-54e9-9dde-be5cf5372b90,TI-03_20260807_0009.jpg,2026-08-07 08:31:13,TI-03,drone,saudavel,saudavel,0.9255,agrosmart-v1,simulado,sim-2026-08
e884b36e-a494-59c5-93f0-a207bc365f84,TI-02_20260807_0032.jpg,2026-08-07 08:31:29,TI-02,drone,saudavel,saudavel,0.9993,agrosmart-v1,simulado,sim-2026-08
b41dca65-fbef-564e-9840-79c3855f342d,TI-03_20260807_0010.jpg,2026-08-07 08:32:01,TI-03,drone,saudavel,saudavel,0.8662,agrosmart-v1,simulado,sim-2026-08
38967c73-13d3-59ce-a8fa-d50fbd249dbf,TI-02_20260807_0033.jpg,2026-08-07 08:32:18,TI-02,drone,saudavel,saudavel,0.9163,agrosmart-v1,simulado,sim-2026-08
f69bd65b-5a4c-5c58-b8ab-3b4d32731882,TI-02_20260807_0034.jpg,2026-08-07 08:32:41,TI-02,drone,saudavel,saudavel,0.9943,agrosmart-v1,simulado,sim-2026-08
38acb855-c94f-562f-aa0a-db7cffbcf843,TI-03_20260807_0011.jpg,2026-08-07 08:32:49,TI-03,drone,saudavel,saudavel,0.9755,agrosmart-v1,simulado,sim-2026-08
873345bc-0b5d-5648-b5b7-27e5d4841704,TI-03_20260807_0012.jpg,2026-08-07 08:33:05,TI-03,drone,saudavel,saudavel,0.9992,agrosmart-v1,simulado,sim-2026-08
e8efa772-5aee-52dc-8bc3-c67a9a623ea0,TI-02_20260807_0035.jpg,2026-08-07 08:33:33,TI-02,drone,saudavel,saudavel,0.9869,agrosmart-v1,simulado,sim-2026-08
e5adda51-145c-55b9-9383-f853adebfcd1,TI-03_20260807_0013.jpg,2026-08-07 08:34:07,TI-03,drone,saudavel,saudavel,0.9998,agrosmart-v1,simulado,sim-2026-08
fd0469d3-d3b7-51d0-ab65-803103cd2471,TI-02_20260807_0036.jpg,2026-08-07 08:34:14,TI-02,drone,saudavel,saudavel,0.7010,agrosmart-v1,simulado,sim-2026-08
aeda1b4f-1b78-501c-9195-cf845eeb5f32,TI-03_20260807_0014.jpg,2026-08-07 08:34:27,TI-03,drone,saudavel,saudavel,0.9844,agrosmart-v1,simulado,sim-2026-08
871cfdbb-2dfc-5f88-b979-5d053a71e24f,TI-02_20260807_0037.jpg,2026-08-07 08:34:57,TI-02,drone,saudavel,saudavel,0.8676,agrosmart-v1,simulado,sim-2026-08
87ac4039-d26e-5d1a-9d0f-f14aa9bec172,TI-03_20260807_0015.jpg,2026-08-07 08:35:12,TI-03,drone,saudavel,saudavel,0.9981,agrosmart-v1,simulado,sim-2026-08
c4e5df1b-a454-5682-801b-85f0e8f637e8,TI-02_20260807_0038.jpg,2026-08-07 08:35:34,TI-02,drone,saudavel,saudavel,0.8816,agrosmart-v1,simulado,sim-2026-08
e4f4e05b-29ce-5ae4-823d-69e5976fc8a7,TI-03_20260807_0016.jpg,2026-08-07 08:36:01,TI-03,drone,saudavel,saudavel,0.9832,agrosmart-v1,simulado,sim-2026-08
88900e8f-41b4-5836-a070-880ca2fc050a,TI-03_20260807_0017.jpg,2026-08-07 08:36:39,TI-03,drone,saudavel,saudavel,0.9851,agrosmart-v1,simulado,sim-2026-08
85b09a19-9c04-5abe-a27d-6a95b8ebec7a,TI-03_20260807_0018.jpg,2026-08-07 08:37:03,TI-03,drone,saudavel,saudavel,0.9162,agrosmart-v1,simulado,sim-2026-08
2c0fced9-0775-54a1-8480-17f651182d8f,TI-03_20260807_0019.jpg,2026-08-07 08:38:08,TI-03,drone,saudavel,saudavel,0.9075,agrosmart-v1,simulado,sim-2026-08
38979b0d-f1e5-599e-acc0-23b22aa437ea,TI-03_20260807_0020.jpg,2026-08-07 08:38:37,TI-03,drone,saudavel,saudavel,0.9796,agrosmart-v1,simulado,sim-2026-08
eb6a7468-3387-55e3-97b4-0c4a8ebdbc22,TI-03_20260807_0021.jpg,2026-08-07 08:39:24,TI-03,drone,saudavel,saudavel,0.9637,agrosmart-v1,simulado,sim-2026-08
7e1f0568-aceb-54dd-92d0-c0bca5d62249,TI-03_20260807_0022.jpg,2026-08-07 08:39:55,TI-03,drone,saudavel,saudavel,0.9714,agrosmart-v1,simulado,sim-2026-08
8094fa8f-ce3e-56a7-840e-753ae07072cb,TI-03_20260807_0023.jpg,2026-08-07 08:40:47,TI-03,drone,saudavel,saudavel,0.9940,agrosmart-v1,simulado,sim-2026-08
806f4db6-8289-5d6b-ad55-328087c7a623,TI-03_20260807_0024.jpg,2026-08-07 08:41:16,TI-03,drone,saudavel,saudavel,0.8614,agrosmart-v1,simulado,sim-2026-08
81f5a3b0-a5e4-5a25-b431-907d09c72865,TI-03_20260807_0025.jpg,2026-08-07 08:41:47,TI-03,drone,saudavel,saudavel,0.8650,agrosmart-v1,simulado,sim-2026-08
a6438785-9f43-5811-af0c-568b40218ec8,TI-03_20260807_0026.jpg,2026-08-07 08:42:21,TI-03,drone,saudavel,saudavel,0.9771,agrosmart-v1,simulado,sim-2026-08
11fe6507-275c-5f97-80b2-33a831662f8d,TI-03_20260807_0027.jpg,2026-08-07 08:43:05,TI-03,drone,saudavel,saudavel,0.7075,agrosmart-v1,simulado,sim-2026-08
ce485259-21f5-5873-ab9a-c0ad3aa34c9c,TI-03_20260807_0028.jpg,2026-08-07 08:44:05,TI-03,drone,saudavel,saudavel,0.9281,agrosmart-v1,simulado,sim-2026-08
05f920a5-b221-5189-a5b3-c9e30c1757e0,TI-03_20260807_0029.jpg,2026-08-07 08:44:46,TI-03,drone,saudavel,saudavel,0.9999,agrosmart-v1,simulado,sim-2026-08
0f11c2c0-bd65-500e-a16f-54d07c80698b,TI-03_20260807_0030.jpg,2026-08-07 08:45:25,TI-03,drone,saudavel,saudavel,0.9982,agrosmart-v1,simulado,sim-2026-08
97ba939f-b066-5329-a2dc-9b9679f74600,TI-03_20260807_0031.jpg,2026-08-07 08:46:00,TI-03,drone,saudavel,saudavel,0.9986,agrosmart-v1,simulado,sim-2026-08
8483c0c9-b0b3-520a-9453-9168019eb176,TI-03_20260807_0032.jpg,2026-08-07 08:46:46,TI-03,drone,doente,mosca_minadora,0.9909,agrosmart-v1,simulado,sim-2026-08
a155a948-30e3-5d9a-a07f-6e1ce8d25891,TI-03_20260807_0033.jpg,2026-08-07 08:47:06,TI-03,drone,saudavel,saudavel,0.9978,agrosmart-v1,simulado,sim-2026-08
3492ce95-9928-5fef-bb36-31cc5854f330,TI-03_20260807_0034.jpg,2026-08-07 08:47:47,TI-03,drone,saudavel,saudavel,0.9419,agrosmart-v1,simulado,sim-2026-08
64de27a6-78e6-5dce-a252-30fcc1f19d8a,TI-03_20260807_0035.jpg,2026-08-07 08:48:26,TI-03,drone,doente,mosca_minadora,0.5639,agrosmart-v1,simulado,sim-2026-08
89c3d33c-afaf-5dad-bf6b-f763e5428147,TI-03_20260807_0036.jpg,2026-08-07 08:49:14,TI-03,drone,saudavel,saudavel,0.9149,agrosmart-v1,simulado,sim-2026-08
b6ed7913-074a-59b0-be40-f3989c47e52e,TI-03_20260807_0037.jpg,2026-08-07 08:49:49,TI-03,drone,saudavel,saudavel,0.8526,agrosmart-v1,simulado,sim-2026-08
8614ba2e-5a67-51e9-9826-93a7690c5688,TI-04_20260807_0001.jpg,2026-08-07 08:57:46,TI-04,drone,saudavel,saudavel,0.9274,agrosmart-v1,simulado,sim-2026-08
ad123062-3e0f-5825-b255-7263592bd519,TI-04_20260807_0002.jpg,2026-08-07 08:58:31,TI-04,drone,doente,mosca_minadora,0.9091,agrosmart-v1,simulado,sim-2026-08
d7284cf5-e04b-57a9-bf16-c5b9fa3ea8be,TI-04_20260807_0003.jpg,2026-08-07 08:59:02,TI-04,drone,saudavel,saudavel,0.9207,agrosmart-v1,simulado,sim-2026-08
0e5da36a-e0e6-5d7f-94ba-1c0d8ada88fb,TI-04_20260807_0004.jpg,2026-08-07 08:59:47,TI-04,drone,saudavel,saudavel,0.9810,agrosmart-v1,simulado,sim-2026-08
c7a61527-1726-57a0-a037-e6cc1a474d2d,TI-04_20260807_0005.jpg,2026-08-07 09:00:48,TI-04,drone,saudavel,saudavel,0.8567,agrosmart-v1,simulado,sim-2026-08
490f421a-fb08-5e71-bd6b-2df0c9139954,TI-04_20260807_0006.jpg,2026-08-07 09:01:01,TI-04,drone,saudavel,saudavel,0.8901,agrosmart-v1,simulado,sim-2026-08
75db86c7-da53-5067-afcb-60c0b37950a0,TI-04_20260807_0007.jpg,2026-08-07 09:02:08,TI-04,drone,saudavel,saudavel,0.9257,agrosmart-v1,simulado,sim-2026-08
77145884-f56a-571f-963a-408432add751,TI-04_20260807_0008.jpg,2026-08-07 09:02:42,TI-04,drone,doente,mosca_minadora,0.9422,agrosmart-v1,simulado,sim-2026-08
1a04d0a5-c84e-5291-be7d-7f03b5d2f1cb,TI-04_20260807_0009.jpg,2026-08-07 09:03:19,TI-04,drone,doente,mosca_minadora,0.9352,agrosmart-v1,simulado,sim-2026-08
7715ab37-f99b-5b41-ac11-b7ba85d123be,TI-04_20260807_0010.jpg,2026-08-07 09:03:54,TI-04,drone,saudavel,saudavel,0.7275,agrosmart-v1,simulado,sim-2026-08
08a7ebe2-1f11-54be-b44a-b2e9d47099f3,TI-04_20260807_0011.jpg,2026-08-07 09:04:42,TI-04,drone,saudavel,saudavel,0.8874,agrosmart-v1,simulado,sim-2026-08
6e758b85-c510-591e-9056-4fdc4e3b7edd,SC-03_20260807_0001.jpg,2026-08-07 09:04:51,SC-03,smartphone,saudavel,saudavel,0.7532,agrosmart-v1,simulado,sim-2026-08
4cf358f5-2477-5d8c-af8a-ee4274df8723,TI-04_20260807_0012.jpg,2026-08-07 09:05:07,TI-04,drone,saudavel,saudavel,0.9198,agrosmart-v1,simulado,sim-2026-08
46146e77-bfab-5140-8611-21501794d827,SC-03_20260807_0002.jpg,2026-08-07 09:05:29,SC-03,smartphone,saudavel,saudavel,0.9953,agrosmart-v1,simulado,sim-2026-08
b728c659-7313-54f4-b4e8-b4f47b155717,TI-04_20260807_0013.jpg,2026-08-07 09:05:58,TI-04,drone,saudavel,saudavel,0.9593,agrosmart-v1,simulado,sim-2026-08
5217d03b-b561-5ff3-93d7-4b29b47745d5,SC-03_20260807_0003.jpg,2026-08-07 09:06:02,SC-03,smartphone,saudavel,saudavel,0.8810,agrosmart-v1,simulado,sim-2026-08
86dfe6e9-e66f-5541-b721-13ab7184f607,TI-04_20260807_0014.jpg,2026-08-07 09:06:31,TI-04,drone,saudavel,saudavel,0.9393,agrosmart-v1,simulado,sim-2026-08
bcca4937-9db6-55dd-8918-66b534fcc875,SC-03_20260807_0004.jpg,2026-08-07 09:06:51,SC-03,smartphone,saudavel,saudavel,0.9756,agrosmart-v1,simulado,sim-2026-08
4c77ef6d-e13b-5681-90d6-5a092a52df82,SC-02_20260807_0001.jpg,2026-08-07 09:06:53,SC-02,smartphone,saudavel,saudavel,0.8437,agrosmart-v1,simulado,sim-2026-08
c1360047-15b1-59c7-a365-39e2f24096ce,TI-04_20260807_0015.jpg,2026-08-07 09:07:06,TI-04,drone,saudavel,saudavel,0.9429,agrosmart-v1,simulado,sim-2026-08
be171923-b478-5220-8506-52d57191f9f9,SC-02_20260807_0002.jpg,2026-08-07 09:07:26,SC-02,smartphone,saudavel,saudavel,0.8857,agrosmart-v1,simulado,sim-2026-08
f4abf01e-eb0e-5775-a77e-92ca372cd830,SC-03_20260807_0005.jpg,2026-08-07 09:07:38,SC-03,smartphone,saudavel,saudavel,0.9956,agrosmart-v1,simulado,sim-2026-08
085cc034-c23b-5d0c-8a56-0bf373be36ac,TI-04_20260807_0016.jpg,2026-08-07 09:07:42,TI-04,drone,saudavel,saudavel,0.9266,agrosmart-v1,simulado,sim-2026-08
30b8b941-4c36-5574-997e-163ca30c68d4,SC-02_20260807_0003.jpg,2026-08-07 09:08:03,SC-02,smartphone,saudavel,saudavel,0.9668,agrosmart-v1,simulado,sim-2026-08
1bbecfd5-6c38-5596-9025-88334e2bb0cf,SC-03_20260807_0006.jpg,2026-08-07 09:08:30,SC-03,smartphone,saudavel,saudavel,0.8655,agrosmart-v1,simulado,sim-2026-08
559a8417-9bf6-5389-b943-fb71cca7bcba,TI-04_20260807_0017.jpg,2026-08-07 09:08:47,TI-04,drone,saudavel,saudavel,0.9790,agrosmart-v1,simulado,sim-2026-08
e8aac2d1-3ad0-56fe-bd3e-c48fe1a337a9,SC-02_20260807_0004.jpg,2026-08-07 09:08:59,SC-02,smartphone,saudavel,saudavel,0.9975,agrosmart-v1,simulado,sim-2026-08
b620266b-1471-5d5a-b66e-b7a3aa61cb06,TI-04_20260807_0018.jpg,2026-08-07 09:09:05,TI-04,drone,saudavel,saudavel,0.9126,agrosmart-v1,simulado,sim-2026-08
afae3979-836e-5245-b880-fddbbe733a69,SC-03_20260807_0007.jpg,2026-08-07 09:09:09,SC-03,smartphone,saudavel,saudavel,0.9950,agrosmart-v1,simulado,sim-2026-08
47004bd5-f920-59f1-8b09-29b8186a8b81,SC-02_20260807_0005.jpg,2026-08-07 09:09:29,SC-02,smartphone,saudavel,saudavel,0.9982,agrosmart-v1,simulado,sim-2026-08
25def40b-4315-582e-9337-501a96c674d1,SC-03_20260807_0008.jpg,2026-08-07 09:09:44,SC-03,smartphone,saudavel,saudavel,0.9919,agrosmart-v1,simulado,sim-2026-08
8e475e9a-d96b-52bf-a18d-91e510aab79b,TI-04_20260807_0019.jpg,2026-08-07 09:10:00,TI-04,drone,saudavel,saudavel,0.9101,agrosmart-v1,simulado,sim-2026-08
3ac3f1af-1499-5437-867e-70048705c654,SC-02_20260807_0006.jpg,2026-08-07 09:10:09,SC-02,smartphone,saudavel,saudavel,0.8572,agrosmart-v1,simulado,sim-2026-08
36f1180f-94b2-58bd-a3b8-9f521d6c71b0,SC-03_20260807_0009.jpg,2026-08-07 09:10:26,SC-03,smartphone,doente,mosca_minadora,0.8950,agrosmart-v1,simulado,sim-2026-08
b7655b0c-a0fa-54b1-a165-9eccc31070c4,SC-02_20260807_0007.jpg,2026-08-07 09:10:45,SC-02,smartphone,saudavel,saudavel,0.8386,agrosmart-v1,simulado,sim-2026-08
e497c870-1f49-52e5-952a-8c61baab5b8c,TI-04_20260807_0020.jpg,2026-08-07 09:10:49,TI-04,drone,saudavel,saudavel,0.8810,agrosmart-v1,simulado,sim-2026-08
59135362-44ae-5961-815d-f806e1956ff4,SC-03_20260807_0010.jpg,2026-08-07 09:11:01,SC-03,smartphone,saudavel,saudavel,0.9654,agrosmart-v1,simulado,sim-2026-08
bace43f0-e1d6-5034-acbf-ad953b3a111a,TI-04_20260807_0021.jpg,2026-08-07 09:11:28,TI-04,drone,saudavel,saudavel,0.9990,agrosmart-v1,simulado,sim-2026-08
d7672f96-2c4f-54d4-850d-44b2433c66a8,SC-02_20260807_0008.jpg,2026-08-07 09:11:49,SC-02,smartphone,saudavel,saudavel,0.9954,agrosmart-v1,simulado,sim-2026-08
5049954e-4012-5b79-9289-625b022bd0ae,SC-03_20260807_0011.jpg,2026-08-07 09:11:49,SC-03,smartphone,saudavel,saudavel,0.9717,agrosmart-v1,simulado,sim-2026-08
8fc474a3-6e66-5e45-99cd-bdaf07028897,TI-04_20260807_0022.jpg,2026-08-07 09:12:00,TI-04,drone,saudavel,saudavel,0.8651,agrosmart-v1,simulado,sim-2026-08
278fd734-cf53-5949-a10b-a704be0a6fb8,SC-02_20260807_0009.jpg,2026-08-07 09:12:05,SC-02,smartphone,saudavel,saudavel,0.9053,agrosmart-v1,simulado,sim-2026-08
3c2c69c7-7b31-5193-b6f1-49062f579bb5,SC-03_20260807_0012.jpg,2026-08-07 09:12:09,SC-03,smartphone,saudavel,saudavel,0.8509,agrosmart-v1,simulado,sim-2026-08
9eef2475-c97a-59a6-a4d8-95305150a1ad,TI-04_20260807_0023.jpg,2026-08-07 09:12:40,TI-04,drone,saudavel,saudavel,0.9402,agrosmart-v1,simulado,sim-2026-08
803b5da4-4216-5490-82c1-48240c1ef2de,SC-02_20260807_0010.jpg,2026-08-07 09:12:41,SC-02,smartphone,saudavel,saudavel,0.9030,agrosmart-v1,simulado,sim-2026-08
dee7e85a-e6af-53d9-815c-af3af59960ec,SC-03_20260807_0013.jpg,2026-08-07 09:12:43,SC-03,smartphone,saudavel,saudavel,0.9812,agrosmart-v1,simulado,sim-2026-08
e0930243-6e47-5cc7-b42d-872efc679137,TI-04_20260807_0024.jpg,2026-08-07 09:13:01,TI-04,drone,saudavel,saudavel,0.8406,agrosmart-v1,simulado,sim-2026-08
7c7df817-6da3-5126-b717-61a7ecc4b1a4,SC-02_20260807_0011.jpg,2026-08-07 09:13:29,SC-02,smartphone,saudavel,saudavel,0.9840,agrosmart-v1,simulado,sim-2026-08
bc838402-43ba-53ce-ace8-083c2f964602,SC-03_20260807_0014.jpg,2026-08-07 09:13:44,SC-03,smartphone,saudavel,saudavel,0.9926,agrosmart-v1,simulado,sim-2026-08
bb7ac67a-b7ea-5048-b211-1c8e0442c460,TI-04_20260807_0025.jpg,2026-08-07 09:14:00,TI-04,drone,saudavel,saudavel,0.9962,agrosmart-v1,simulado,sim-2026-08
fa655d3c-2bb0-5671-9b02-604dfb20a5c7,SC-02_20260807_0012.jpg,2026-08-07 09:14:06,SC-02,smartphone,saudavel,saudavel,0.9671,agrosmart-v1,simulado,sim-2026-08
5bb4543f-21b8-5cdf-8aac-de841ca7c9c4,SC-03_20260807_0015.jpg,2026-08-07 09:14:30,SC-03,smartphone,saudavel,saudavel,0.9976,agrosmart-v1,simulado,sim-2026-08
bc08dcbe-43a9-56bd-a4e0-fd1e7780976c,TI-04_20260807_0026.jpg,2026-08-07 09:14:38,TI-04,drone,saudavel,saudavel,0.9696,agrosmart-v1,simulado,sim-2026-08
493a6433-8494-599e-9fa4-032cf300a0a7,SC-02_20260807_0013.jpg,2026-08-07 09:14:54,SC-02,smartphone,saudavel,saudavel,0.8519,agrosmart-v1,simulado,sim-2026-08
c984fb2f-f6b9-51df-9f75-1e3cb16e1bad,SC-03_20260807_0016.jpg,2026-08-07 09:15:01,SC-03,smartphone,saudavel,saudavel,0.9355,agrosmart-v1,simulado,sim-2026-08
877a6f68-29ed-5510-a33d-6e1b30aa1273,SC-03_20260807_0017.jpg,2026-08-07 09:15:23,SC-03,smartphone,saudavel,saudavel,0.9852,agrosmart-v1,simulado,sim-2026-08
faadda51-1f70-55cc-946b-0e556b52b7c5,SC-02_20260807_0014.jpg,2026-08-07 09:15:25,SC-02,smartphone,saudavel,saudavel,0.9686,agrosmart-v1,simulado,sim-2026-08
c706e123-5b63-523e-806e-b044e71f55b9,TI-04_20260807_0027.jpg,2026-08-07 09:15:28,TI-04,drone,saudavel,saudavel,0.9995,agrosmart-v1,simulado,sim-2026-08
ca7c0bb6-c4f3-51b5-9099-e43d485d86b6,TI-04_20260807_0028.jpg,2026-08-07 09:15:49,TI-04,drone,saudavel,saudavel,0.8981,agrosmart-v1,simulado,sim-2026-08
14ecccfa-d75f-5e4a-a78d-bdd92eba29c0,SC-02_20260807_0015.jpg,2026-08-07 09:16:16,SC-02,smartphone,saudavel,saudavel,0.9670,agrosmart-v1,simulado,sim-2026-08
b569d76a-923f-5def-8c65-3964be200efb,SC-03_20260807_0018.jpg,2026-08-07 09:16:26,SC-03,smartphone,saudavel,saudavel,0.9269,agrosmart-v1,simulado,sim-2026-08
75d72dca-b2a3-5b43-8be8-dde74de3053e,SC-03_20260807_0019.jpg,2026-08-07 09:16:43,SC-03,smartphone,saudavel,saudavel,0.9740,agrosmart-v1,simulado,sim-2026-08
e208439c-9be3-5fa9-9a95-92457515ef89,TI-04_20260807_0029.jpg,2026-08-07 09:16:45,TI-04,drone,saudavel,saudavel,0.9965,agrosmart-v1,simulado,sim-2026-08
ab250b10-ed42-584f-8c7c-265b98c27e08,SC-02_20260807_0016.jpg,2026-08-07 09:16:55,SC-02,smartphone,saudavel,saudavel,0.9387,agrosmart-v1,simulado,sim-2026-08
0f69ac21-3864-57f8-990b-c734c39d2f10,TI-04_20260807_0030.jpg,2026-08-07 09:17:13,TI-04,drone,saudavel,saudavel,0.9992,agrosmart-v1,simulado,sim-2026-08
d69a03eb-7c30-58ab-b131-d4664c5626cc,SC-02_20260807_0017.jpg,2026-08-07 09:17:30,SC-02,smartphone,saudavel,saudavel,0.9575,agrosmart-v1,simulado,sim-2026-08
cdd6f02a-0f18-5a3a-b8e5-c0f2b14a8dbd,BV-03_20260807_0001.jpg,2026-08-07 09:17:40,BV-03,smartphone,saudavel,saudavel,0.8974,agrosmart-v1,simulado,sim-2026-08
e89e7988-e216-575d-8fe3-9577a41c8d16,SC-03_20260807_0020.jpg,2026-08-07 09:17:43,SC-03,smartphone,saudavel,saudavel,0.9734,agrosmart-v1,simulado,sim-2026-08
775ff3eb-3ffe-5449-a179-b6c9e69271f1,SC-02_20260807_0018.jpg,2026-08-07 09:18:03,SC-02,smartphone,doente,requeima,0.8664,agrosmart-v1,simulado,sim-2026-08
0a69e3ec-69f7-578b-9258-261f3f33ff91,TI-04_20260807_0031.jpg,2026-08-07 09:18:10,TI-04,drone,doente,mosca_minadora,0.9133,agrosmart-v1,simulado,sim-2026-08
0c491c2e-e5a2-55cb-99e8-6021b540491e,SC-03_20260807_0021.jpg,2026-08-07 09:18:17,SC-03,smartphone,saudavel,saudavel,0.8370,agrosmart-v1,simulado,sim-2026-08
6d128a21-501d-530d-b81e-6a975b0523ac,BV-03_20260807_0002.jpg,2026-08-07 09:18:22,BV-03,smartphone,saudavel,saudavel,0.9765,agrosmart-v1,simulado,sim-2026-08
5278de47-7405-5be4-8c48-32f631cf14bc,SC-02_20260807_0019.jpg,2026-08-07 09:18:41,SC-02,smartphone,saudavel,saudavel,0.9354,agrosmart-v1,simulado,sim-2026-08
3a50d160-986b-59d2-ba79-5d8de7c8ae84,SC-03_20260807_0022.jpg,2026-08-07 09:18:54,SC-03,smartphone,saudavel,saudavel,0.8612,agrosmart-v1,simulado,sim-2026-08
31defc7f-e176-5539-9d9b-a5781f3f765f,BV-03_20260807_0003.jpg,2026-08-07 09:19:23,BV-03,smartphone,saudavel,saudavel,0.9749,agrosmart-v1,simulado,sim-2026-08
3b37100e-add4-56a1-af94-ea73a97f93f0,SC-03_20260807_0023.jpg,2026-08-07 09:19:24,SC-03,smartphone,saudavel,saudavel,0.9722,agrosmart-v1,simulado,sim-2026-08
3331012a-da07-5438-81d7-15c46ce0c2b5,SC-02_20260807_0020.jpg,2026-08-07 09:19:33,SC-02,smartphone,saudavel,saudavel,0.8655,agrosmart-v1,simulado,sim-2026-08
5f3e83eb-f012-5271-a11c-dbc875e0aa89,BV-03_20260807_0004.jpg,2026-08-07 09:19:58,BV-03,smartphone,saudavel,saudavel,0.9960,agrosmart-v1,simulado,sim-2026-08
5fbc73a6-215e-5482-b754-73f8eaf15927,SC-02_20260807_0021.jpg,2026-08-07 09:20:11,SC-02,smartphone,saudavel,saudavel,1.0000,agrosmart-v1,simulado,sim-2026-08
63ae45b2-643f-5d2c-95fc-5e079f235fa5,SC-03_20260807_0024.jpg,2026-08-07 09:20:16,SC-03,smartphone,saudavel,saudavel,0.9298,agrosmart-v1,simulado,sim-2026-08
35542530-e9d4-5598-87dc-fcaefe1ebc38,BV-03_20260807_0005.jpg,2026-08-07 09:20:28,BV-03,smartphone,saudavel,saudavel,0.9377,agrosmart-v1,simulado,sim-2026-08
aa597dc5-8b84-5988-ac61-55c664a66d0f,SC-03_20260807_0025.jpg,2026-08-07 09:20:53,SC-03,smartphone,saudavel,saudavel,0.9767,agrosmart-v1,simulado,sim-2026-08
c3c941ed-503d-5ce5-b503-7e624725c1d4,SC-02_20260807_0022.jpg,2026-08-07 09:21:07,SC-02,smartphone,saudavel,saudavel,0.9802,agrosmart-v1,simulado,sim-2026-08
637fa4ee-ef66-5351-ae9f-32070e9260b3,BV-03_20260807_0006.jpg,2026-08-07 09:21:14,BV-03,smartphone,saudavel,saudavel,0.9819,agrosmart-v1,simulado,sim-2026-08
dc491506-49e5-5441-bf7f-2f5d492163be,SC-02_20260807_0023.jpg,2026-08-07 09:21:20,SC-02,smartphone,saudavel,saudavel,0.9951,agrosmart-v1,simulado,sim-2026-08
3db62aed-0112-56b8-b53b-c1a8a9c9e5cc,SC-03_20260807_0026.jpg,2026-08-07 09:21:40,SC-03,smartphone,saudavel,saudavel,0.9999,agrosmart-v1,simulado,sim-2026-08
84e7161b-ce49-516e-9c35-0ab3a1c2eb5d,BV-03_20260807_0007.jpg,2026-08-07 09:22:07,BV-03,smartphone,saudavel,saudavel,0.9849,agrosmart-v1,simulado,sim-2026-08
925d27e0-fc08-50b1-a240-728efed42a00,SC-03_20260807_0027.jpg,2026-08-07 09:22:21,SC-03,smartphone,saudavel,saudavel,0.8841,agrosmart-v1,simulado,sim-2026-08
d86dcadc-d1a3-5029-a982-027a57db7e31,BV-03_20260807_0008.jpg,2026-08-07 09:22:29,BV-03,smartphone,saudavel,saudavel,0.9558,agrosmart-v1,simulado,sim-2026-08
20983b04-d0d8-5f89-bdee-9bcebe0d4b71,SC-02_20260807_0024.jpg,2026-08-07 09:22:30,SC-02,smartphone,saudavel,saudavel,0.9314,agrosmart-v1,simulado,sim-2026-08
e60bc05b-f812-5ef9-8435-c432ce6a7ac8,SC-03_20260807_0028.jpg,2026-08-07 09:22:48,SC-03,smartphone,saudavel,saudavel,0.9369,agrosmart-v1,simulado,sim-2026-08
6348bbfd-6229-59c4-af93-502dc9107284,BV-03_20260807_0009.jpg,2026-08-07 09:23:03,BV-03,smartphone,saudavel,saudavel,0.9995,agrosmart-v1,simulado,sim-2026-08
64c46b5e-b40c-5a48-be49-4d94efb932b7,SC-02_20260807_0025.jpg,2026-08-07 09:23:03,SC-02,smartphone,saudavel,saudavel,0.8890,agrosmart-v1,simulado,sim-2026-08
5a00af44-2ed7-55f6-987c-fbbbf1c35e95,SC-03_20260807_0029.jpg,2026-08-07 09:23:24,SC-03,smartphone,saudavel,saudavel,0.8590,agrosmart-v1,simulado,sim-2026-08
3a86f032-c298-5000-ba02-3af5ddb25bec,SC-02_20260807_0026.jpg,2026-08-07 09:23:32,SC-02,smartphone,saudavel,saudavel,1.0000,agrosmart-v1,simulado,sim-2026-08
31d08d51-7eee-5c4d-bd09-d1780324a32f,BV-03_20260807_0010.jpg,2026-08-07 09:23:51,BV-03,smartphone,saudavel,saudavel,0.9994,agrosmart-v1,simulado,sim-2026-08
b0c5025f-a560-512d-9315-11f0c6b0f7b9,SC-02_20260807_0027.jpg,2026-08-07 09:24:12,SC-02,smartphone,saudavel,saudavel,0.9108,agrosmart-v1,simulado,sim-2026-08
c5be5944-0042-53da-8406-a081629a6cb6,BV-03_20260807_0011.jpg,2026-08-07 09:24:37,BV-03,smartphone,saudavel,saudavel,0.9894,agrosmart-v1,simulado,sim-2026-08
11f6ae76-6620-53cc-8917-daa4d09226fa,BV-03_20260807_0012.jpg,2026-08-07 09:25:18,BV-03,smartphone,saudavel,saudavel,0.9985,agrosmart-v1,simulado,sim-2026-08
46f4aed5-9a37-55cd-97e1-b0b35f4fbf62,BV-03_20260807_0013.jpg,2026-08-07 09:25:47,BV-03,smartphone,saudavel,saudavel,0.9485,agrosmart-v1,simulado,sim-2026-08
5ec64f49-122f-5ddf-a6ff-ebf7871c3874,BV-03_20260807_0014.jpg,2026-08-07 09:26:23,BV-03,smartphone,saudavel,saudavel,1.0000,agrosmart-v1,simulado,sim-2026-08
3ef28003-e9ab-57ca-8578-82a760b8a42b,BV-03_20260807_0015.jpg,2026-08-07 09:27:02,BV-03,smartphone,saudavel,saudavel,0.9983,agrosmart-v1,simulado,sim-2026-08
a89a436f-b3eb-5510-a0d7-d0ee96736835,BV-01_20260807_0001.jpg,2026-08-07 09:38:47,BV-01,smartphone,saudavel,saudavel,0.9997,agrosmart-v1,simulado,sim-2026-08
fbff4e0a-a0ee-53fc-a24a-b8c5622b5cce,BV-01_20260807_0002.jpg,2026-08-07 09:39:38,BV-01,smartphone,saudavel,saudavel,0.8342,agrosmart-v1,simulado,sim-2026-08
9bdc2872-3e86-58be-ac23-92bc20bffc1b,BV-01_20260807_0003.jpg,2026-08-07 09:40:09,BV-01,smartphone,saudavel,saudavel,0.9473,agrosmart-v1,simulado,sim-2026-08
5f87afcc-7da1-570f-800c-db7196cbc5f5,BV-01_20260807_0004.jpg,2026-08-07 09:40:55,BV-01,smartphone,saudavel,saudavel,0.9788,agrosmart-v1,simulado,sim-2026-08
2cf67699-69a9-58e4-9da1-70b43291f207,BV-01_20260807_0005.jpg,2026-08-07 09:41:20,BV-01,smartphone,saudavel,saudavel,0.9221,agrosmart-v1,simulado,sim-2026-08
9c3c38f1-5f6d-5c29-a2a2-af9fa7e542d7,BV-01_20260807_0006.jpg,2026-08-07 09:42:07,BV-01,smartphone,saudavel,saudavel,0.8744,agrosmart-v1,simulado,sim-2026-08
e8d4f84b-ecc7-5fc6-917a-1ba9a164107b,BV-01_20260807_0007.jpg,2026-08-07 09:42:53,BV-01,smartphone,saudavel,saudavel,0.8284,agrosmart-v1,simulado,sim-2026-08
3991badb-b38c-5261-ba26-64f2f1011ae1,BV-01_20260807_0008.jpg,2026-08-07 09:43:26,BV-01,smartphone,saudavel,saudavel,0.9790,agrosmart-v1,simulado,sim-2026-08
91795cd1-cc9b-5347-8f56-a2f540c1c60a,BV-01_20260807_0009.jpg,2026-08-07 09:44:22,BV-01,smartphone,saudavel,saudavel,0.9607,agrosmart-v1,simulado,sim-2026-08
4735563f-7d15-55f6-bb10-8d8ddebbcefd,BV-01_20260807_0010.jpg,2026-08-07 09:45:07,BV-01,smartphone,saudavel,saudavel,0.8331,agrosmart-v1,simulado,sim-2026-08
eb0338b1-6e1b-5c32-a0f2-ca2ff2d22de4,BV-01_20260807_0011.jpg,2026-08-07 09:45:33,BV-01,smartphone,saudavel,saudavel,0.9980,agrosmart-v1,simulado,sim-2026-08
b342ea36-35a8-5049-ab08-6ca98c95a323,BV-01_20260807_0012.jpg,2026-08-07 09:46:29,BV-01,smartphone,saudavel,saudavel,0.9913,agrosmart-v1,simulado,sim-2026-08
87b836cf-994c-50fd-a436-f49eb7961afd,BV-01_20260807_0013.jpg,2026-08-07 09:46:47,BV-01,smartphone,doente,requeima,0.9608,agrosmart-v1,simulado,sim-2026-08
d5db1fe3-eb86-5ced-b005-38b2b883dca1,BV-01_20260807_0014.jpg,2026-08-07 09:47:35,BV-01,smartphone,saudavel,saudavel,0.8367,agrosmart-v1,simulado,sim-2026-08
51ae1e69-676f-586b-b728-ae0318f13729,BV-01_20260807_0015.jpg,2026-08-07 09:48:23,BV-01,smartphone,saudavel,saudavel,0.9712,agrosmart-v1,simulado,sim-2026-08
fd41ae0f-2924-5039-8750-f23060924d63,BV-01_20260807_0016.jpg,2026-08-07 09:48:40,BV-01,smartphone,saudavel,saudavel,0.9990,agrosmart-v1,simulado,sim-2026-08
3dcc526d-6b36-593b-84b4-898577049b7a,BV-01_20260807_0017.jpg,2026-08-07 09:49:23,BV-01,smartphone,doente,mosca_minadora,0.9651,agrosmart-v1,simulado,sim-2026-08
478468eb-a8ba-5716-bedf-861185742214,BV-01_20260807_0018.jpg,2026-08-07 09:50:29,BV-01,smartphone,saudavel,saudavel,0.9997,agrosmart-v1,simulado,sim-2026-08
c51a26ec-9574-5215-926e-5a86e3bac47b,BV-01_20260807_0019.jpg,2026-08-07 09:50:46,BV-01,smartphone,doente,vaquinha,0.9914,agrosmart-v1,simulado,sim-2026-08
04b0faa0-88d2-5441-9c4c-a1cc1d7559d9,BV-01_20260807_0020.jpg,2026-08-07 09:51:25,BV-01,smartphone,saudavel,saudavel,0.9447,agrosmart-v1,simulado,sim-2026-08
352a5c82-56fb-5353-a706-03957b08bc1e,BV-01_20260807_0021.jpg,2026-08-07 09:52:00,BV-01,smartphone,saudavel,saudavel,0.9877,agrosmart-v1,simulado,sim-2026-08
102f05e8-2bc9-58a0-88d6-8f52b52a3175,BV-01_20260807_0022.jpg,2026-08-07 09:53:06,BV-01,smartphone,saudavel,saudavel,0.9742,agrosmart-v1,simulado,sim-2026-08
c79ce081-76b2-5bd6-b316-ee0f9640a4bb,BV-01_20260807_0023.jpg,2026-08-07 09:53:23,BV-01,smartphone,saudavel,saudavel,0.9920,agrosmart-v1,simulado,sim-2026-08
4fd4bf41-13c5-5455-9b49-5c44b03a2f2e,BV-01_20260807_0024.jpg,2026-08-07 09:54:11,BV-01,smartphone,saudavel,saudavel,0.9214,agrosmart-v1,simulado,sim-2026-08
682c2a74-f65b-54c7-bcd4-512c4aaa4112,BV-01_20260807_0025.jpg,2026-08-07 09:55:05,BV-01,smartphone,saudavel,saudavel,0.8601,agrosmart-v1,simulado,sim-2026-08
2e013952-df74-5726-860b-ca02db9e612b,BV-01_20260807_0026.jpg,2026-08-07 09:55:22,BV-01,smartphone,saudavel,saudavel,0.8597,agrosmart-v1,simulado,sim-2026-08
372d986e-2652-5c73-b6d7-85c77bb6d2b6,BV-01_20260807_0027.jpg,2026-08-07 09:56:06,BV-01,smartphone,saudavel,saudavel,0.9743,agrosmart-v1,simulado,sim-2026-08
5a502043-084f-54aa-a67f-dcd44e07e4dc,BV-01_20260807_0028.jpg,2026-08-07 09:56:59,BV-01,smartphone,saudavel,saudavel,0.9272,agrosmart-v1,simulado,sim-2026-08
8d0dfe1a-35f5-5e65-aa37-3025f0b9155f,BV-01_20260807_0029.jpg,2026-08-07 09:57:44,BV-01,smartphone,saudavel,saudavel,0.9936,agrosmart-v1,simulado,sim-2026-08
937eeeba-ab03-5ae8-9b43-7d4b66a165b0,BV-01_20260807_0030.jpg,2026-08-07 09:58:25,BV-01,smartphone,saudavel,saudavel,0.9890,agrosmart-v1,simulado,sim-2026-08
aa4c5502-3e01-5462-bcdd-6287ecc92252,BV-01_20260807_0031.jpg,2026-08-07 09:58:48,BV-01,smartphone,saudavel,saudavel,0.8695,agrosmart-v1,simulado,sim-2026-08
db0ee477-bc6d-5f5b-bdde-eab849f1f4e7,BV-01_20260807_0032.jpg,2026-08-07 09:59:48,BV-01,smartphone,saudavel,saudavel,0.9048,agrosmart-v1,simulado,sim-2026-08
93d1e07a-67b0-5613-b556-39a59c9c3bdd,SC-01_20260807_0001.jpg,2026-08-07 10:00:08,SC-01,smartphone,saudavel,saudavel,0.8645,agrosmart-v1,simulado,sim-2026-08
50d0aba9-23eb-5fd7-8d1c-aaba7ccfa79a,BV-01_20260807_0033.jpg,2026-08-07 10:00:25,BV-01,smartphone,saudavel,saudavel,0.9992,agrosmart-v1,simulado,sim-2026-08
61486c4d-e266-5dfd-b301-fc033c63414e,SC-01_20260807_0002.jpg,2026-08-07 10:00:43,SC-01,smartphone,saudavel,saudavel,0.9281,agrosmart-v1,simulado,sim-2026-08
db6e5c35-4270-511c-9e91-7b831ee1df25,SC-01_20260807_0003.jpg,2026-08-07 10:01:03,SC-01,smartphone,saudavel,saudavel,0.9149,agrosmart-v1,simulado,sim-2026-08
302480bf-a350-5fcd-8afb-360b33011f2c,BV-01_20260807_0034.jpg,2026-08-07 10:01:04,BV-01,smartphone,saudavel,saudavel,0.8984,agrosmart-v1,simulado,sim-2026-08
5329096c-772d-5373-94e6-5f36c4c4ba47,BV-01_20260807_0035.jpg,2026-08-07 10:01:36,BV-01,smartphone,saudavel,saudavel,0.9814,agrosmart-v1,simulado,sim-2026-08
568f9b08-088c-5487-89a8-74b8d444a57e,SC-01_20260807_0004.jpg,2026-08-07 10:02:03,SC-01,smartphone,saudavel,saudavel,0.9426,agrosmart-v1,simulado,sim-2026-08
f00fef46-9402-59ae-88d7-e64f19c2c9f1,BV-01_20260807_0036.jpg,2026-08-07 10:02:22,BV-01,smartphone,saudavel,saudavel,0.8356,agrosmart-v1,simulado,sim-2026-08
67845f85-e330-57c2-a723-b671c9c2d75f,SC-01_20260807_0005.jpg,2026-08-07 10:02:34,SC-01,smartphone,saudavel,saudavel,0.9554,agrosmart-v1,simulado,sim-2026-08
8cd8c6b2-819a-5787-8b43-48712d3ae416,SC-01_20260807_0006.jpg,2026-08-07 10:03:18,SC-01,smartphone,doente,pinta_preta,0.9976,agrosmart-v1,simulado,sim-2026-08
b62f0f6f-af45-5ece-94ca-0eaffd3e5044,SC-01_20260807_0007.jpg,2026-08-07 10:03:53,SC-01,smartphone,saudavel,saudavel,0.8506,agrosmart-v1,simulado,sim-2026-08
aff218ff-369d-51c0-a275-58ce5832096a,SC-01_20260807_0008.jpg,2026-08-07 10:04:48,SC-01,smartphone,saudavel,saudavel,0.7516,agrosmart-v1,simulado,sim-2026-08
35651385-b41f-5d58-be97-72f40cea698e,SC-01_20260807_0009.jpg,2026-08-07 10:05:12,SC-01,smartphone,saudavel,saudavel,0.9169,agrosmart-v1,simulado,sim-2026-08
2f80b900-8c50-5b15-98bf-3423b30e6ecc,SC-01_20260807_0010.jpg,2026-08-07 10:05:51,SC-01,smartphone,saudavel,saudavel,0.9739,agrosmart-v1,simulado,sim-2026-08
d60931ec-9a63-558a-b8df-bf638a845094,SC-01_20260807_0011.jpg,2026-08-07 10:06:49,SC-01,smartphone,saudavel,saudavel,0.8217,agrosmart-v1,simulado,sim-2026-08
a1a1718c-d49e-5bdd-979d-8f9fe3f9df49,SC-01_20260807_0012.jpg,2026-08-07 10:07:07,SC-01,smartphone,saudavel,saudavel,0.8650,agrosmart-v1,simulado,sim-2026-08
9952fc7f-20bd-5e96-a5ae-bfc2f0080829,SC-01_20260807_0013.jpg,2026-08-07 10:07:43,SC-01,smartphone,saudavel,saudavel,0.9708,agrosmart-v1,simulado,sim-2026-08
d095ecfb-43f9-56a3-b285-5da5186142fe,SC-01_20260807_0014.jpg,2026-08-07 10:08:32,SC-01,smartphone,saudavel,saudavel,0.8647,agrosmart-v1,simulado,sim-2026-08
fbd78bf6-2c72-5574-8066-6f5671930b24,SC-01_20260807_0015.jpg,2026-08-07 10:09:30,SC-01,smartphone,saudavel,saudavel,0.9774,agrosmart-v1,simulado,sim-2026-08
f3517d03-60de-5ba2-a3e1-a6e2161f1cdf,SC-01_20260807_0016.jpg,2026-08-07 10:10:03,SC-01,smartphone,saudavel,saudavel,0.8403,agrosmart-v1,simulado,sim-2026-08
70100fe2-e236-56f8-b94d-cba8eac5b38d,SC-01_20260807_0017.jpg,2026-08-07 10:10:31,SC-01,smartphone,saudavel,saudavel,0.9994,agrosmart-v1,simulado,sim-2026-08
167ac637-36b9-594f-91ab-c48d4eb8c104,SC-01_20260807_0018.jpg,2026-08-07 10:11:16,SC-01,smartphone,saudavel,saudavel,0.9633,agrosmart-v1,simulado,sim-2026-08
0a819056-aa8e-566d-9ffd-78eed0b2c85f,SC-01_20260807_0019.jpg,2026-08-07 10:11:47,SC-01,smartphone,saudavel,saudavel,0.9986,agrosmart-v1,simulado,sim-2026-08
ae16cef3-a638-570f-95a6-2cf49b835a5f,SC-01_20260807_0020.jpg,2026-08-07 10:12:35,SC-01,smartphone,saudavel,saudavel,0.9676,agrosmart-v1,simulado,sim-2026-08
ed085e1a-067c-5714-9c64-deda8bf73e12,SC-01_20260807_0021.jpg,2026-08-07 10:13:05,SC-01,smartphone,saudavel,saudavel,0.8397,agrosmart-v1,simulado,sim-2026-08
8a20aaa8-dd8f-58d5-a18f-431e4804384f,SC-01_20260807_0022.jpg,2026-08-07 10:14:06,SC-01,smartphone,saudavel,saudavel,0.9885,agrosmart-v1,simulado,sim-2026-08
6de4f0f2-866f-5c88-a3e5-ff68a19daf66,SC-01_20260807_0023.jpg,2026-08-07 10:14:33,SC-01,smartphone,saudavel,saudavel,0.8705,agrosmart-v1,simulado,sim-2026-08
1e21e543-5e49-55a1-87f0-bc5e612b13a3,SC-01_20260807_0024.jpg,2026-08-07 10:15:03,SC-01,smartphone,saudavel,saudavel,0.9667,agrosmart-v1,simulado,sim-2026-08
7eb4ab44-3823-501b-bbcf-38c3c87828d3,SC-01_20260807_0025.jpg,2026-08-07 10:15:51,SC-01,smartphone,saudavel,saudavel,0.9550,agrosmart-v1,simulado,sim-2026-08
23c7e8c3-ff80-544b-b83e-3b1994ba7b35,SC-01_20260807_0026.jpg,2026-08-07 10:16:39,SC-01,smartphone,saudavel,saudavel,0.9691,agrosmart-v1,simulado,sim-2026-08
3fd4be40-604a-5762-b362-0933a2c999b0,SC-01_20260807_0027.jpg,2026-08-07 10:17:23,SC-01,smartphone,saudavel,saudavel,0.9881,agrosmart-v1,simulado,sim-2026-08
e843a715-1107-5fbd-87f8-15e78bee161e,SC-01_20260807_0028.jpg,2026-08-07 10:18:06,SC-01,smartphone,saudavel,saudavel,0.8595,agrosmart-v1,simulado,sim-2026-08
4c445488-95db-551b-a392-ddf981494804,SC-01_20260807_0029.jpg,2026-08-07 10:18:49,SC-01,smartphone,saudavel,saudavel,0.9614,agrosmart-v1,simulado,sim-2026-08
0aeeafa5-c001-5eaa-b6ae-64fbc5d540e3,SC-01_20260807_0030.jpg,2026-08-07 10:19:19,SC-01,smartphone,saudavel,saudavel,0.8764,agrosmart-v1,simulado,sim-2026-08
c19fb833-e5eb-5c88-a7d7-c6408aae25ca,SC-01_20260807_0031.jpg,2026-08-07 10:19:59,SC-01,smartphone,saudavel,saudavel,0.9460,agrosmart-v1,simulado,sim-2026-08
458d62e7-8a17-5692-896b-60c0abd2503d,SC-01_20260807_0032.jpg,2026-08-07 10:20:27,SC-01,smartphone,saudavel,saudavel,0.8440,agrosmart-v1,simulado,sim-2026-08
a304af89-bd92-5b28-8099-00205d0eb3d9,SC-01_20260807_0033.jpg,2026-08-07 10:21:09,SC-01,smartphone,saudavel,saudavel,0.8799,agrosmart-v1,simulado,sim-2026-08
f422a731-2fb4-5b33-93a7-50cae23deaf5,SC-01_20260807_0034.jpg,2026-08-07 10:21:40,SC-01,smartphone,saudavel,saudavel,0.9575,agrosmart-v1,simulado,sim-2026-08
e8ef427f-76c8-5185-8e43-86ff77dbc5e7,SC-01_20260807_0035.jpg,2026-08-07 10:22:23,SC-01,smartphone,saudavel,saudavel,0.9877,agrosmart-v1,simulado,sim-2026-08
498a460a-19f6-5c9c-982a-bcc117762fe3,SC-03_20260810_0001.jpg,2026-08-10 07:21:52,SC-03,smartphone,saudavel,saudavel,0.9417,agrosmart-v1,simulado,sim-2026-08
efdbd7c8-6571-519b-95aa-53fb85acb449,SC-03_20260810_0002.jpg,2026-08-10 07:22:30,SC-03,smartphone,saudavel,saudavel,0.9300,agrosmart-v1,simulado,sim-2026-08
e885d4bd-bd42-5ac1-8900-c0ac3dd21183,SC-03_20260810_0003.jpg,2026-08-10 07:23:08,SC-03,smartphone,saudavel,saudavel,0.9210,agrosmart-v1,simulado,sim-2026-08
8979c521-f140-5924-aaa2-69fb4767ccef,SC-03_20260810_0004.jpg,2026-08-10 07:23:48,SC-03,smartphone,saudavel,saudavel,0.8931,agrosmart-v1,simulado,sim-2026-08
fe21d2d1-7aae-547a-87b8-e60d29896439,SC-03_20260810_0005.jpg,2026-08-10 07:24:24,SC-03,smartphone,saudavel,saudavel,0.8957,agrosmart-v1,simulado,sim-2026-08
ce37a876-17b8-59f3-98a5-8be7f6fb109c,SC-03_20260810_0006.jpg,2026-08-10 07:25:21,SC-03,smartphone,saudavel,saudavel,0.9282,agrosmart-v1,simulado,sim-2026-08
1d988281-67c6-5ad8-afe2-1c26b17b582f,SC-03_20260810_0007.jpg,2026-08-10 07:26:06,SC-03,smartphone,saudavel,saudavel,0.9668,agrosmart-v1,simulado,sim-2026-08
9e4582d6-d877-579f-9405-8797b6009f5e,SC-03_20260810_0008.jpg,2026-08-10 07:26:50,SC-03,smartphone,saudavel,saudavel,0.9964,agrosmart-v1,simulado,sim-2026-08
6a36f4dd-7f2c-5db6-9a25-0ad2cc3d737e,SC-03_20260810_0009.jpg,2026-08-10 07:27:25,SC-03,smartphone,saudavel,saudavel,0.9998,agrosmart-v1,simulado,sim-2026-08
915bacc5-e8e0-5721-8213-0bbc29036eda,SC-03_20260810_0010.jpg,2026-08-10 07:27:55,SC-03,smartphone,saudavel,saudavel,0.9775,agrosmart-v1,simulado,sim-2026-08
cc59ab6d-4d2a-57fb-b6df-8edc251c014a,SC-03_20260810_0011.jpg,2026-08-10 07:28:48,SC-03,smartphone,saudavel,saudavel,0.9854,agrosmart-v1,simulado,sim-2026-08
7c7dde78-179d-5460-90d3-bc742656185f,SC-03_20260810_0012.jpg,2026-08-10 07:29:09,SC-03,smartphone,saudavel,saudavel,0.9173,agrosmart-v1,simulado,sim-2026-08
e496c104-8d89-500a-88ac-b8683a23b5d0,SC-03_20260810_0013.jpg,2026-08-10 07:29:53,SC-03,smartphone,saudavel,saudavel,0.9518,agrosmart-v1,simulado,sim-2026-08
d834a0ef-0d06-51ea-92e2-caa098872aae,SC-03_20260810_0014.jpg,2026-08-10 07:30:25,SC-03,smartphone,saudavel,saudavel,0.9995,agrosmart-v1,simulado,sim-2026-08
095b9dc4-e846-5c78-9e7a-6df386f1f459,SC-03_20260810_0015.jpg,2026-08-10 07:31:10,SC-03,smartphone,saudavel,saudavel,0.9856,agrosmart-v1,simulado,sim-2026-08
570a3b04-4a7d-50a1-a276-2474dc1d68fa,SC-03_20260810_0016.jpg,2026-08-10 07:31:42,SC-03,smartphone,saudavel,saudavel,0.7801,agrosmart-v1,simulado,sim-2026-08
8b310e18-de96-5184-b3f8-81defaa14e10,SC-03_20260810_0017.jpg,2026-08-10 07:32:26,SC-03,smartphone,saudavel,saudavel,0.9963,agrosmart-v1,simulado,sim-2026-08
7b3f7b18-cda1-5066-9209-40fc3814eb52,SC-03_20260810_0018.jpg,2026-08-10 07:33:27,SC-03,smartphone,saudavel,saudavel,0.9695,agrosmart-v1,simulado,sim-2026-08
a60207d7-4ae8-5ace-a2de-c86375404fa4,SC-03_20260810_0019.jpg,2026-08-10 07:33:41,SC-03,smartphone,saudavel,saudavel,1.0000,agrosmart-v1,simulado,sim-2026-08
eb9707cd-8baf-5201-bd8a-3705dd9a9fa0,SC-03_20260810_0020.jpg,2026-08-10 07:34:41,SC-03,smartphone,saudavel,saudavel,0.9563,agrosmart-v1,simulado,sim-2026-08
a1c90b90-9164-54f3-b48d-cf20739df0d0,SC-03_20260810_0021.jpg,2026-08-10 07:35:10,SC-03,smartphone,saudavel,saudavel,0.8330,agrosmart-v1,simulado,sim-2026-08
3a1cfee1-4ce2-5426-92a7-5235c3ea9337,SC-03_20260810_0022.jpg,2026-08-10 07:36:04,SC-03,smartphone,saudavel,saudavel,0.8386,agrosmart-v1,simulado,sim-2026-08
b7f71c60-0be5-5029-813e-6b01a37d8298,SC-03_20260810_0023.jpg,2026-08-10 07:36:38,SC-03,smartphone,saudavel,saudavel,0.9217,agrosmart-v1,simulado,sim-2026-08
b24b785c-be7a-5a9d-bb96-76747b7b93b3,SC-02_20260810_0001.jpg,2026-08-10 07:46:41,SC-02,smartphone,saudavel,saudavel,0.9981,agrosmart-v1,simulado,sim-2026-08
3822b763-72c7-5662-a81c-57ace08871af,SC-02_20260810_0002.jpg,2026-08-10 07:47:34,SC-02,smartphone,saudavel,saudavel,0.8672,agrosmart-v1,simulado,sim-2026-08
acac7393-2e68-5332-8f03-4306fb75be73,SC-02_20260810_0003.jpg,2026-08-10 07:48:05,SC-02,smartphone,saudavel,saudavel,0.6859,agrosmart-v1,simulado,sim-2026-08
8bffbba4-d26d-5fc6-81c4-1603ee7059d3,SC-02_20260810_0004.jpg,2026-08-10 07:48:45,SC-02,smartphone,saudavel,saudavel,0.8944,agrosmart-v1,simulado,sim-2026-08
8af4921e-d458-5a8f-b274-4292fb1a0bf6,SC-02_20260810_0005.jpg,2026-08-10 07:49:37,SC-02,smartphone,saudavel,saudavel,0.6768,agrosmart-v1,simulado,sim-2026-08
61773755-9550-50d0-b733-1a17851a0b0f,SC-02_20260810_0006.jpg,2026-08-10 07:50:09,SC-02,smartphone,saudavel,saudavel,0.8789,agrosmart-v1,simulado,sim-2026-08
b0686ab7-2216-5f34-9c8d-30604586df1c,SC-02_20260810_0007.jpg,2026-08-10 07:51:08,SC-02,smartphone,saudavel,saudavel,0.8548,agrosmart-v1,simulado,sim-2026-08
7ce98088-a498-525a-aa11-6f6f246e3e37,SC-02_20260810_0008.jpg,2026-08-10 07:51:30,SC-02,smartphone,saudavel,saudavel,0.9983,agrosmart-v1,simulado,sim-2026-08
061fe943-b069-58c7-940a-e7e0276222df,SC-02_20260810_0009.jpg,2026-08-10 07:52:16,SC-02,smartphone,saudavel,saudavel,0.9373,agrosmart-v1,simulado,sim-2026-08
5446ca54-279d-52dc-9a45-4cf5a8519e85,SC-02_20260810_0010.jpg,2026-08-10 07:52:42,SC-02,smartphone,saudavel,saudavel,0.9983,agrosmart-v1,simulado,sim-2026-08
36e1fe7b-e291-581b-9b81-feb1e3c495e7,SC-02_20260810_0011.jpg,2026-08-10 07:53:50,SC-02,smartphone,saudavel,saudavel,0.9754,agrosmart-v1,simulado,sim-2026-08
e16dce31-6afd-5b83-8266-60eb99573b07,SC-02_20260810_0012.jpg,2026-08-10 07:54:19,SC-02,smartphone,saudavel,saudavel,0.8254,agrosmart-v1,simulado,sim-2026-08
37f7e187-7ebb-591f-b041-cc3d67c46cd5,SC-02_20260810_0013.jpg,2026-08-10 07:55:08,SC-02,smartphone,saudavel,saudavel,0.8651,agrosmart-v1,simulado,sim-2026-08
0a7f96cf-7d3e-5640-90e9-cc5797d22aab,SC-02_20260810_0014.jpg,2026-08-10 07:55:47,SC-02,smartphone,saudavel,saudavel,0.9414,agrosmart-v1,simulado,sim-2026-08
0d45960b-e248-5891-87e0-f28d35c3357e,SC-02_20260810_0015.jpg,2026-08-10 07:56:19,SC-02,smartphone,saudavel,saudavel,0.8720,agrosmart-v1,simulado,sim-2026-08
916087f9-29df-5980-9e99-39d761e184b5,SC-02_20260810_0016.jpg,2026-08-10 07:56:58,SC-02,smartphone,saudavel,saudavel,0.8396,agrosmart-v1,simulado,sim-2026-08
7bfc70d3-1750-5fb0-aa38-ee181699fa47,SC-02_20260810_0017.jpg,2026-08-10 07:57:40,SC-02,smartphone,saudavel,saudavel,0.9087,agrosmart-v1,simulado,sim-2026-08
3122b8a3-94bf-574f-9743-50f46e0c6106,SC-02_20260810_0018.jpg,2026-08-10 07:58:17,SC-02,smartphone,saudavel,saudavel,0.9234,agrosmart-v1,simulado,sim-2026-08
a611bfe8-a3d1-5624-a78c-18512f9d6238,SC-02_20260810_0019.jpg,2026-08-10 07:58:44,SC-02,smartphone,saudavel,saudavel,0.9412,agrosmart-v1,simulado,sim-2026-08
5610a140-3028-5d61-8dca-70f5a76543f8,SC-02_20260810_0020.jpg,2026-08-10 07:59:37,SC-02,smartphone,saudavel,saudavel,0.9198,agrosmart-v1,simulado,sim-2026-08
a0bd2fff-e989-5755-9df2-3428f397add6,SC-02_20260810_0021.jpg,2026-08-10 08:00:14,SC-02,smartphone,saudavel,saudavel,0.9993,agrosmart-v1,simulado,sim-2026-08
33f0ea25-1ca1-5d16-ad59-5511eca8a85b,SC-02_20260810_0022.jpg,2026-08-10 08:01:08,SC-02,smartphone,saudavel,saudavel,0.9897,agrosmart-v1,simulado,sim-2026-08
80ea4538-9472-59fd-abd0-0ecab0c92dea,SC-02_20260810_0023.jpg,2026-08-10 08:01:20,SC-02,smartphone,saudavel,saudavel,0.9330,agrosmart-v1,simulado,sim-2026-08
8d57046d-cb60-51d7-b62b-98dc2df83ce6,SC-02_20260810_0024.jpg,2026-08-10 08:02:27,SC-02,smartphone,saudavel,saudavel,0.9193,agrosmart-v1,simulado,sim-2026-08
f4d180cd-721f-5b1a-8f17-9dcbae869f59,SC-02_20260810_0025.jpg,2026-08-10 08:03:04,SC-02,smartphone,saudavel,saudavel,0.8982,agrosmart-v1,simulado,sim-2026-08
f3b6be71-090b-5b71-a217-fcc220efcdf8,SC-02_20260810_0026.jpg,2026-08-10 08:03:23,SC-02,smartphone,saudavel,saudavel,0.9632,agrosmart-v1,simulado,sim-2026-08
63d2c94a-db4d-5ad2-8d59-fe6c5adf3111,SC-02_20260810_0027.jpg,2026-08-10 08:04:08,SC-02,smartphone,saudavel,saudavel,0.8709,agrosmart-v1,simulado,sim-2026-08
8d50b8c5-8a86-558b-9a71-df7c9c9667d8,SC-02_20260810_0028.jpg,2026-08-10 08:04:55,SC-02,smartphone,saudavel,saudavel,0.9514,agrosmart-v1,simulado,sim-2026-08
cced58e6-69b2-5cbc-bcfc-417bc0a06b6c,SC-02_20260810_0029.jpg,2026-08-10 08:05:41,SC-02,smartphone,saudavel,saudavel,0.9770,agrosmart-v1,simulado,sim-2026-08
6a42fa71-36fd-5d04-bb47-89ff732d4799,SC-02_20260810_0030.jpg,2026-08-10 08:06:05,SC-02,smartphone,saudavel,saudavel,0.9077,agrosmart-v1,simulado,sim-2026-08
2cab9476-8063-5c89-bc2c-9e25e2eaae01,SC-02_20260810_0031.jpg,2026-08-10 08:07:01,SC-02,smartphone,saudavel,saudavel,0.9844,agrosmart-v1,simulado,sim-2026-08
20bbc0f7-1245-5bf6-98b9-9f6dd4bb5662,SC-02_20260810_0032.jpg,2026-08-10 08:07:36,SC-02,smartphone,saudavel,saudavel,0.9292,agrosmart-v1,simulado,sim-2026-08
de95d41e-4503-5c79-a2fa-cc09bc58f9e3,SC-02_20260810_0033.jpg,2026-08-10 08:08:10,SC-02,smartphone,saudavel,saudavel,0.9998,agrosmart-v1,simulado,sim-2026-08
1a1d87f0-68c5-5b8e-9807-804b097fd229,SC-02_20260810_0034.jpg,2026-08-10 08:08:54,SC-02,smartphone,saudavel,saudavel,0.9805,agrosmart-v1,simulado,sim-2026-08
16efed43-7443-57a6-ba6f-4d364aa8c991,SC-01_20260810_0001.jpg,2026-08-10 08:09:45,SC-01,smartphone,doente,requeima,0.9972,agrosmart-v1,simulado,sim-2026-08
b19cb613-527f-5d57-909b-7f4f9ef71fa4,SC-01_20260810_0002.jpg,2026-08-10 08:10:29,SC-01,smartphone,saudavel,saudavel,0.9775,agrosmart-v1,simulado,sim-2026-08
bbf0e1fe-c8ba-5250-b446-09d2eaf29207,SC-01_20260810_0003.jpg,2026-08-10 08:11:17,SC-01,smartphone,saudavel,saudavel,0.8798,agrosmart-v1,simulado,sim-2026-08
cc54daf9-f1ef-5048-ad50-da26e4861413,SC-01_20260810_0004.jpg,2026-08-10 08:11:44,SC-01,smartphone,saudavel,saudavel,0.9922,agrosmart-v1,simulado,sim-2026-08
2651312b-d0df-55cf-98d8-50c0740c68d5,SC-01_20260810_0005.jpg,2026-08-10 08:12:23,SC-01,smartphone,saudavel,saudavel,0.9767,agrosmart-v1,simulado,sim-2026-08
c6e917fe-e5ad-530f-82c5-94ab21489f8e,SC-01_20260810_0006.jpg,2026-08-10 08:13:00,SC-01,smartphone,saudavel,saudavel,0.9778,agrosmart-v1,simulado,sim-2026-08
ddee53b8-6677-583e-b36d-1e93002549cd,SC-01_20260810_0007.jpg,2026-08-10 08:14:07,SC-01,smartphone,saudavel,saudavel,0.9764,agrosmart-v1,simulado,sim-2026-08
4d3b8f60-0fc2-5eb7-a89b-3957f7c08ec3,SC-01_20260810_0008.jpg,2026-08-10 08:14:35,SC-01,smartphone,saudavel,saudavel,0.9757,agrosmart-v1,simulado,sim-2026-08
5644781b-d192-549c-9cf6-81bfc0531af4,SC-01_20260810_0009.jpg,2026-08-10 08:15:16,SC-01,smartphone,saudavel,saudavel,0.9531,agrosmart-v1,simulado,sim-2026-08
e71ea43a-b2c1-5bb5-983c-2ab5dfda8f2d,SC-01_20260810_0010.jpg,2026-08-10 08:16:08,SC-01,smartphone,saudavel,saudavel,0.9947,agrosmart-v1,simulado,sim-2026-08
551fb8dc-5f3a-5265-a2af-88cd70fc968a,SC-01_20260810_0011.jpg,2026-08-10 08:16:25,SC-01,smartphone,doente,pinta_preta,0.9959,agrosmart-v1,simulado,sim-2026-08
9bd834ba-3299-58f6-9b74-4faa38636140,SC-01_20260810_0012.jpg,2026-08-10 08:17:09,SC-01,smartphone,saudavel,saudavel,0.9206,agrosmart-v1,simulado,sim-2026-08
f3d70730-ff0f-56cf-84e5-0b71908297fe,SC-01_20260810_0013.jpg,2026-08-10 08:17:46,SC-01,smartphone,saudavel,saudavel,0.8422,agrosmart-v1,simulado,sim-2026-08
d62fb76d-9723-55a1-9ff0-63d91bf2cb50,SC-01_20260810_0014.jpg,2026-08-10 08:18:27,SC-01,smartphone,saudavel,saudavel,0.9603,agrosmart-v1,simulado,sim-2026-08
e01d515d-cc75-572c-89da-c57db99bb3f9,SC-01_20260810_0015.jpg,2026-08-10 08:19:07,SC-01,smartphone,saudavel,saudavel,0.9698,agrosmart-v1,simulado,sim-2026-08
2337ff26-d9a5-5de8-ac5d-6606f266c209,SC-01_20260810_0016.jpg,2026-08-10 08:20:09,SC-01,smartphone,saudavel,saudavel,0.9653,agrosmart-v1,simulado,sim-2026-08
13ba0654-feef-507a-b739-d61572b853a2,SC-01_20260810_0017.jpg,2026-08-10 08:20:39,SC-01,smartphone,saudavel,saudavel,0.9538,agrosmart-v1,simulado,sim-2026-08
ebd650dd-f5ad-5df1-80af-98dfe8f6dba6,SC-01_20260810_0018.jpg,2026-08-10 08:21:03,SC-01,smartphone,saudavel,saudavel,0.8716,agrosmart-v1,simulado,sim-2026-08
35b62596-04c4-5195-b3f1-551086301087,SC-01_20260810_0019.jpg,2026-08-10 08:21:57,SC-01,smartphone,saudavel,saudavel,0.9262,agrosmart-v1,simulado,sim-2026-08
2b669714-2a46-59a0-81e1-46dd9afcbc01,SC-01_20260810_0020.jpg,2026-08-10 08:22:29,SC-01,smartphone,saudavel,saudavel,0.9959,agrosmart-v1,simulado,sim-2026-08
049a7260-ea28-58d7-b007-051bbb837afc,SC-01_20260810_0021.jpg,2026-08-10 08:23:08,SC-01,smartphone,saudavel,saudavel,0.9932,agrosmart-v1,simulado,sim-2026-08
6fe0340e-3b58-54ef-ad74-384094a9810b,SC-01_20260810_0022.jpg,2026-08-10 08:23:53,SC-01,smartphone,saudavel,saudavel,0.9269,agrosmart-v1,simulado,sim-2026-08
be4237cc-2d12-5181-9a52-96d44dd2f3b3,SC-01_20260810_0023.jpg,2026-08-10 08:24:47,SC-01,smartphone,saudavel,saudavel,0.8987,agrosmart-v1,simulado,sim-2026-08
b6941be5-84b1-5d98-882c-72091c049362,SC-01_20260810_0024.jpg,2026-08-10 08:25:16,SC-01,smartphone,saudavel,saudavel,0.8804,agrosmart-v1,simulado,sim-2026-08
340ded89-9beb-5b03-8efc-a5971f1f08dc,SC-01_20260810_0025.jpg,2026-08-10 08:25:40,SC-01,smartphone,saudavel,saudavel,0.9804,agrosmart-v1,simulado,sim-2026-08
2a130acb-a8eb-581d-b409-d582a4c211d6,SC-01_20260810_0026.jpg,2026-08-10 08:26:33,SC-01,smartphone,saudavel,saudavel,0.9248,agrosmart-v1,simulado,sim-2026-08
1b83e28f-1fa0-518d-a112-50015680f3b6,SC-01_20260810_0027.jpg,2026-08-10 08:27:05,SC-01,smartphone,saudavel,saudavel,0.9990,agrosmart-v1,simulado,sim-2026-08
5ad40daf-4bdc-5dc7-95ee-f7b1fbb2d3fa,SC-01_20260810_0028.jpg,2026-08-10 08:28:02,SC-01,smartphone,saudavel,saudavel,0.9923,agrosmart-v1,simulado,sim-2026-08
a4907090-a90b-5580-a0b9-fa1763243d35,SC-01_20260810_0029.jpg,2026-08-10 08:28:34,SC-01,smartphone,saudavel,saudavel,0.9790,agrosmart-v1,simulado,sim-2026-08
fde9b6ee-1169-5403-b395-1fdc70cbd4d3,SC-01_20260810_0030.jpg,2026-08-10 08:29:29,SC-01,smartphone,saudavel,saudavel,0.9166,agrosmart-v1,simulado,sim-2026-08
c6a1425d-b523-5b19-b0f8-999f7116a6dd,SC-01_20260810_0031.jpg,2026-08-10 08:29:46,SC-01,smartphone,saudavel,saudavel,0.9817,agrosmart-v1,simulado,sim-2026-08
63637620-3af4-5fd9-be19-069a9a5d673e,SC-01_20260810_0032.jpg,2026-08-10 08:30:50,SC-01,smartphone,saudavel,saudavel,0.9983,agrosmart-v1,simulado,sim-2026-08
19b1bc7d-38a7-5eb3-be1b-50a96db482b4,SC-01_20260810_0033.jpg,2026-08-10 08:31:12,SC-01,smartphone,doente,pinta_preta,0.9474,agrosmart-v1,simulado,sim-2026-08
b68bcdb9-2c15-58fa-8590-48dcade817af,SC-01_20260810_0034.jpg,2026-08-10 08:31:47,SC-01,smartphone,doente,pinta_preta,0.9479,agrosmart-v1,simulado,sim-2026-08
aa74eb0f-a877-5e06-8772-5bfdc05e9f1c,SC-01_20260810_0035.jpg,2026-08-10 08:32:47,SC-01,smartphone,saudavel,saudavel,0.9549,agrosmart-v1,simulado,sim-2026-08
94bcf911-0d12-5e8b-8ee0-e85cf15dec9f,TI-01_20260810_0001.jpg,2026-08-10 08:32:56,TI-01,drone,saudavel,saudavel,0.9870,agrosmart-v1,simulado,sim-2026-08
0709e458-9ecd-5fee-88b9-200793bf3e64,TI-01_20260810_0002.jpg,2026-08-10 08:33:39,TI-01,drone,saudavel,saudavel,0.8315,agrosmart-v1,simulado,sim-2026-08
23e0433c-5745-51c2-8341-7b3f2cad8866,TI-01_20260810_0003.jpg,2026-08-10 08:34:03,TI-01,drone,saudavel,saudavel,0.8625,agrosmart-v1,simulado,sim-2026-08
ddd2028e-76f1-5c31-a1f4-dcd0a572f5b2,TI-01_20260810_0004.jpg,2026-08-10 08:35:07,TI-01,drone,saudavel,saudavel,0.9763,agrosmart-v1,simulado,sim-2026-08
dcc98797-fc96-54ee-9418-700e55acb6da,TI-01_20260810_0005.jpg,2026-08-10 08:35:21,TI-01,drone,saudavel,saudavel,0.9529,agrosmart-v1,simulado,sim-2026-08
41f8cc03-0c48-5ee9-b3ee-59dc66574ce5,TI-01_20260810_0006.jpg,2026-08-10 08:36:24,TI-01,drone,saudavel,saudavel,0.9876,agrosmart-v1,simulado,sim-2026-08
52b01643-1381-5f53-ad8b-ec82937f10fe,TI-01_20260810_0007.jpg,2026-08-10 08:36:47,TI-01,drone,saudavel,saudavel,0.9432,agrosmart-v1,simulado,sim-2026-08
88156f48-324e-5eb5-8833-427a0c105016,TI-01_20260810_0008.jpg,2026-08-10 08:37:23,TI-01,drone,saudavel,saudavel,0.9563,agrosmart-v1,simulado,sim-2026-08
b723431a-8f55-581f-bb45-f5c9ff885e56,BV-04_20260810_0001.jpg,2026-08-10 08:37:49,BV-04,smartphone,saudavel,saudavel,0.9648,agrosmart-v1,simulado,sim-2026-08
ed019d09-e4f2-5c86-9b66-e409745e2828,TI-01_20260810_0009.jpg,2026-08-10 08:38:30,TI-01,drone,saudavel,saudavel,0.8674,agrosmart-v1,simulado,sim-2026-08
57b206f5-4cd9-5ae1-b732-bf98754c6b31,BV-04_20260810_0002.jpg,2026-08-10 08:38:35,BV-04,smartphone,saudavel,saudavel,0.9967,agrosmart-v1,simulado,sim-2026-08
738262c0-f2cf-50a1-868e-a065c546f655,TI-01_20260810_0010.jpg,2026-08-10 08:38:54,TI-01,drone,saudavel,saudavel,0.9200,agrosmart-v1,simulado,sim-2026-08
9f67d062-1d34-5402-8f33-252133947917,BV-04_20260810_0003.jpg,2026-08-10 08:39:22,BV-04,smartphone,saudavel,saudavel,0.9794,agrosmart-v1,simulado,sim-2026-08
9aa08bd2-6624-5de3-93fe-99fc7f6d3303,TI-01_20260810_0011.jpg,2026-08-10 08:39:49,TI-01,drone,saudavel,saudavel,0.9982,agrosmart-v1,simulado,sim-2026-08
50105d7e-dadc-53de-8bcd-b17f2f33bf50,BV-04_20260810_0004.jpg,2026-08-10 08:39:56,BV-04,smartphone,saudavel,saudavel,0.9742,agrosmart-v1,simulado,sim-2026-08
ae803e79-81d1-57b6-977d-42cb548d90b8,TI-01_20260810_0012.jpg,2026-08-10 08:40:14,TI-01,drone,saudavel,saudavel,0.8648,agrosmart-v1,simulado,sim-2026-08
eb3574fa-1971-51c2-8e60-a6817febcf98,BV-04_20260810_0005.jpg,2026-08-10 08:40:27,BV-04,smartphone,doente,vaquinha,0.9539,agrosmart-v1,simulado,sim-2026-08
650ec414-8d45-5449-8cd3-709ae80da91a,TI-01_20260810_0013.jpg,2026-08-10 08:41:07,TI-01,drone,saudavel,saudavel,0.9996,agrosmart-v1,simulado,sim-2026-08
83e9cdc1-2598-5b22-aea9-6a0fcbbea94f,BV-02_20260810_0001.jpg,2026-08-10 08:41:10,BV-02,smartphone,saudavel,saudavel,0.6098,agrosmart-v1,simulado,sim-2026-08
31b051bd-5526-596a-86fd-0987e1db0a7d,BV-04_20260810_0006.jpg,2026-08-10 08:41:14,BV-04,smartphone,saudavel,saudavel,0.8757,agrosmart-v1,simulado,sim-2026-08
b18775b4-20ec-5720-864d-4b551ca86252,TI-01_20260810_0014.jpg,2026-08-10 08:41:31,TI-01,drone,saudavel,saudavel,0.9979,agrosmart-v1,simulado,sim-2026-08
b2bba8b5-e9fd-56ba-bc0b-155de671228e,BV-02_20260810_0002.jpg,2026-08-10 08:41:38,BV-02,smartphone,saudavel,saudavel,0.8919,agrosmart-v1,simulado,sim-2026-08
a4fbf119-7569-5421-b9a8-4d1bab2ea31b,BV-04_20260810_0007.jpg,2026-08-10 08:41:42,BV-04,smartphone,saudavel,saudavel,1.0000,agrosmart-v1,simulado,sim-2026-08
2f21a358-fbd3-59b9-b28f-54831a86bc2a,TI-01_20260810_0015.jpg,2026-08-10 08:42:20,TI-01,drone,saudavel,saudavel,0.8599,agrosmart-v1,simulado,sim-2026-08
e9c77791-e0bc-5c49-88be-ee1f65a91141,BV-02_20260810_0003.jpg,2026-08-10 08:42:23,BV-02,smartphone,saudavel,saudavel,0.8564,agrosmart-v1,simulado,sim-2026-08
decaf0c8-cd1a-5c2a-9da6-55ce6e8ea90a,BV-04_20260810_0008.jpg,2026-08-10 08:42:37,BV-04,smartphone,saudavel,saudavel,0.9911,agrosmart-v1,simulado,sim-2026-08
96b03977-b406-52ed-bfcc-4190f0086148,TI-01_20260810_0016.jpg,2026-08-10 08:42:48,TI-01,drone,saudavel,saudavel,0.9878,agrosmart-v1,simulado,sim-2026-08
bbb7226b-f208-564a-a262-dedf32d1f26f,BV-02_20260810_0004.jpg,2026-08-10 08:43:07,BV-02,smartphone,saudavel,saudavel,0.9653,agrosmart-v1,simulado,sim-2026-08
bb36aaba-a977-5a95-8eb9-0f9fd228eaf3,BV-04_20260810_0009.jpg,2026-08-10 08:43:11,BV-04,smartphone,saudavel,saudavel,0.8976,agrosmart-v1,simulado,sim-2026-08
085ab4aa-d542-5669-bc1e-8f0e755f1c87,BV-02_20260810_0005.jpg,2026-08-10 08:43:25,BV-02,smartphone,saudavel,saudavel,0.9953,agrosmart-v1,simulado,sim-2026-08
8ee99ce3-6bc8-5ad2-af3f-5aaaf440f601,TI-01_20260810_0017.jpg,2026-08-10 08:43:31,TI-01,drone,saudavel,saudavel,0.9997,agrosmart-v1,simulado,sim-2026-08
7fd4950c-30cc-5cc6-bff7-5b3eb58b794f,BV-04_20260810_0010.jpg,2026-08-10 08:44:00,BV-04,smartphone,saudavel,saudavel,0.9585,agrosmart-v1,simulado,sim-2026-08
d9e3b037-a5f6-5ca4-b472-909c5ab574b7,TI-01_20260810_0018.jpg,2026-08-10 08:44:09,TI-01,drone,saudavel,saudavel,0.9476,agrosmart-v1,simulado,sim-2026-08
73d56c77-35bf-5a3c-afff-d00baa100b26,BV-02_20260810_0006.jpg,2026-08-10 08:44:21,BV-02,smartphone,saudavel,saudavel,0.9605,agrosmart-v1,simulado,sim-2026-08
7b8cf8e6-ea40-574d-9382-d2e36f4a2690,BV-04_20260810_0011.jpg,2026-08-10 08:44:33,BV-04,smartphone,saudavel,saudavel,0.8362,agrosmart-v1,simulado,sim-2026-08
825c59b0-cd89-543d-abe3-416320c23a3b,TI-01_20260810_0019.jpg,2026-08-10 08:44:41,TI-01,drone,saudavel,saudavel,0.7243,agrosmart-v1,simulado,sim-2026-08
f4713a58-3136-5073-8a25-818e85a9fdd3,BV-02_20260810_0007.jpg,2026-08-10 08:44:55,BV-02,smartphone,saudavel,saudavel,0.9917,agrosmart-v1,simulado,sim-2026-08
902ee446-ed33-5c37-b664-5d7ec9499fa5,TI-01_20260810_0020.jpg,2026-08-10 08:45:20,TI-01,drone,saudavel,saudavel,0.8398,agrosmart-v1,simulado,sim-2026-08
29128cb7-769c-51ab-a607-9b5f7d489bb3,BV-04_20260810_0012.jpg,2026-08-10 08:45:25,BV-04,smartphone,saudavel,saudavel,0.9631,agrosmart-v1,simulado,sim-2026-08
f5ad235a-5b23-5266-b2b5-0470fda61dda,BV-02_20260810_0008.jpg,2026-08-10 08:45:46,BV-02,smartphone,saudavel,saudavel,0.9395,agrosmart-v1,simulado,sim-2026-08
b5463c91-5448-5d8f-92bc-7b9c323a0d69,BV-04_20260810_0013.jpg,2026-08-10 08:46:04,BV-04,smartphone,saudavel,saudavel,0.9883,agrosmart-v1,simulado,sim-2026-08
5336d0dc-8468-5b9d-850d-66553746854d,TI-01_20260810_0021.jpg,2026-08-10 08:46:19,TI-01,drone,saudavel,saudavel,0.9898,agrosmart-v1,simulado,sim-2026-08
aba6b7b5-bac4-5ee7-809f-4c553145f0b9,BV-02_20260810_0009.jpg,2026-08-10 08:46:29,BV-02,smartphone,saudavel,saudavel,0.9969,agrosmart-v1,simulado,sim-2026-08
202cca02-59fe-514d-a8a6-edce2dde1d31,BV-04_20260810_0014.jpg,2026-08-10 08:46:36,BV-04,smartphone,saudavel,saudavel,0.9386,agrosmart-v1,simulado,sim-2026-08
1c7c8f5b-b508-5fe2-9cbf-de5ad370d58e,BV-02_20260810_0010.jpg,2026-08-10 08:47:01,BV-02,smartphone,doente,vaquinha,0.9983,agrosmart-v1,simulado,sim-2026-08
a637b8bc-1ce7-51a4-947a-2aa18ed5c7a6,TI-01_20260810_0022.jpg,2026-08-10 08:47:06,TI-01,drone,saudavel,saudavel,0.9713,agrosmart-v1,simulado,sim-2026-08
7e952cc7-8343-568a-80e0-86d828e3dabb,BV-04_20260810_0015.jpg,2026-08-10 08:47:30,BV-04,smartphone,saudavel,saudavel,0.9615,agrosmart-v1,simulado,sim-2026-08
572b54d9-9c68-5d52-85a3-0d24a69e60c9,BV-02_20260810_0011.jpg,2026-08-10 08:47:32,BV-02,smartphone,saudavel,saudavel,0.9051,agrosmart-v1,simulado,sim-2026-08
d20db837-2878-599b-9c24-234471689174,TI-01_20260810_0023.jpg,2026-08-10 08:47:33,TI-01,drone,saudavel,saudavel,0.9530,agrosmart-v1,simulado,sim-2026-08
39844e88-cd54-539c-a161-0a014d959b69,BV-04_20260810_0016.jpg,2026-08-10 08:48:01,BV-04,smartphone,saudavel,saudavel,0.9948,agrosmart-v1,simulado,sim-2026-08
6adf0d62-d712-5fa6-8b7b-46252a8e97a0,BV-02_20260810_0012.jpg,2026-08-10 08:48:06,BV-02,smartphone,saudavel,saudavel,0.8595,agrosmart-v1,simulado,sim-2026-08
c118a327-7b36-5022-b3d4-06894a5dfc90,TI-01_20260810_0024.jpg,2026-08-10 08:48:25,TI-01,drone,saudavel,saudavel,0.8785,agrosmart-v1,simulado,sim-2026-08
07df49db-0a21-5216-a010-0ead5952bffc,TI-01_20260810_0025.jpg,2026-08-10 08:48:48,TI-01,drone,saudavel,saudavel,0.9342,agrosmart-v1,simulado,sim-2026-08
72405b43-45d7-50c4-ab58-2e73cfbc6424,BV-04_20260810_0017.jpg,2026-08-10 08:48:49,BV-04,smartphone,saudavel,saudavel,0.8467,agrosmart-v1,simulado,sim-2026-08
5e271b0e-1890-5679-aaaf-900fc2134d81,BV-03_20260810_0001.jpg,2026-08-10 08:48:50,BV-03,smartphone,saudavel,saudavel,0.8733,agrosmart-v1,simulado,sim-2026-08
0023e76a-0796-56ad-8fbe-501f68d7ce75,BV-02_20260810_0013.jpg,2026-08-10 08:48:57,BV-02,smartphone,saudavel,saudavel,0.8817,agrosmart-v1,simulado,sim-2026-08
95d48bb8-76e2-55bc-afe3-09bdf2b50e3c,BV-04_20260810_0018.jpg,2026-08-10 08:49:22,BV-04,smartphone,doente,vaquinha,0.9883,agrosmart-v1,simulado,sim-2026-08
d7a49576-8d47-57f5-8665-73ae209f950a,BV-02_20260810_0014.jpg,2026-08-10 08:49:34,BV-02,smartphone,saudavel,saudavel,0.9539,agrosmart-v1,simulado,sim-2026-08
af558ff7-df1e-57eb-9a11-4e96ea38a296,BV-03_20260810_0002.jpg,2026-08-10 08:49:37,BV-03,smartphone,saudavel,saudavel,1.0000,agrosmart-v1,simulado,sim-2026-08
deaf79b6-a45c-5620-a212-d1ee091e182f,TI-01_20260810_0026.jpg,2026-08-10 08:49:37,TI-01,drone,saudavel,saudavel,0.9991,agrosmart-v1,simulado,sim-2026-08
9b177c7b-0439-504c-a027-c27bc9807f86,BV-04_20260810_0019.jpg,2026-08-10 08:49:44,BV-04,smartphone,saudavel,saudavel,0.9795,agrosmart-v1,simulado,sim-2026-08
6fed9484-9cfa-524f-93ea-5a4b4b3deabb,BV-02_20260810_0015.jpg,2026-08-10 08:50:11,BV-02,smartphone,saudavel,saudavel,0.9135,agrosmart-v1,simulado,sim-2026-08
d3e8e1cd-d039-59e6-8970-8c51fdf1140b,TI-01_20260810_0027.jpg,2026-08-10 08:50:15,TI-01,drone,saudavel,saudavel,0.6609,agrosmart-v1,simulado,sim-2026-08
8d129876-df26-57ee-955a-6468bebb7e98,BV-03_20260810_0003.jpg,2026-08-10 08:50:26,BV-03,smartphone,saudavel,saudavel,0.9929,agrosmart-v1,simulado,sim-2026-08
4470e183-24bd-5859-bf77-8e88f0084362,BV-04_20260810_0020.jpg,2026-08-10 08:50:36,BV-04,smartphone,saudavel,saudavel,0.8877,agrosmart-v1,simulado,sim-2026-08
f70a734f-45ac-5edb-ad4a-a9b229d2f1ff,BV-03_20260810_0004.jpg,2026-08-10 08:51:03,BV-03,smartphone,saudavel,saudavel,0.8403,agrosmart-v1,simulado,sim-2026-08
b888bc87-15e0-5217-83a0-bf2caa792cdc,TI-01_20260810_0028.jpg,2026-08-10 08:51:07,TI-01,drone,doente,mosca_minadora,0.8788,agrosmart-v1,simulado,sim-2026-08
da8832cb-b0ba-5728-9186-455542564aaa,BV-02_20260810_0016.jpg,2026-08-10 08:51:08,BV-02,smartphone,saudavel,saudavel,0.9524,agrosmart-v1,simulado,sim-2026-08
3c50a063-051e-5d8c-9abe-784c2c966d15,BV-04_20260810_0021.jpg,2026-08-10 08:51:18,BV-04,smartphone,saudavel,saudavel,0.8567,agrosmart-v1,simulado,sim-2026-08
643f20cb-2f0d-5c98-9706-2e37ae960b91,TI-01_20260810_0029.jpg,2026-08-10 08:51:22,TI-01,drone,saudavel,saudavel,0.9977,agrosmart-v1,simulado,sim-2026-08
4fb2796f-0983-57a9-a752-5e1a19f423bd,BV-02_20260810_0017.jpg,2026-08-10 08:51:40,BV-02,smartphone,saudavel,saudavel,0.8462,agrosmart-v1,simulado,sim-2026-08
6dbd7b53-0bff-5572-b311-20c61d00194b,BV-03_20260810_0005.jpg,2026-08-10 08:51:43,BV-03,smartphone,saudavel,saudavel,0.9706,agrosmart-v1,simulado,sim-2026-08
0fae0a3e-bd63-5614-b273-c8eecdd2ec3f,BV-04_20260810_0022.jpg,2026-08-10 08:52:00,BV-04,smartphone,saudavel,saudavel,0.9980,agrosmart-v1,simulado,sim-2026-08
f7aa89c8-5fa6-544e-ae03-a03622009c2d,BV-03_20260810_0006.jpg,2026-08-10 08:52:06,BV-03,smartphone,saudavel,saudavel,0.8345,agrosmart-v1,simulado,sim-2026-08
dfd4792a-962b-569d-97fd-3cfcabab0dc1,TI-01_20260810_0030.jpg,2026-08-10 08:52:12,TI-01,drone,saudavel,saudavel,0.9665,agrosmart-v1,simulado,sim-2026-08
1e1f0d13-c072-56e0-a74e-8599c503d454,BV-02_20260810_0018.jpg,2026-08-10 08:52:29,BV-02,smartphone,saudavel,saudavel,0.8209,agrosmart-v1,simulado,sim-2026-08
7cfa54cb-eb67-58c0-b1a7-50d72b76464a,BV-04_20260810_0023.jpg,2026-08-10 08:52:37,BV-04,smartphone,saudavel,saudavel,0.8361,agrosmart-v1,simulado,sim-2026-08
dcf3fbf9-f1b7-5117-8eb0-101cd9248119,BV-02_20260810_0019.jpg,2026-08-10 08:52:46,BV-02,smartphone,saudavel,saudavel,0.7841,agrosmart-v1,simulado,sim-2026-08
7bc1e27c-cef6-5c07-b6ab-65ebf2a3047d,BV-03_20260810_0007.jpg,2026-08-10 08:52:50,BV-03,smartphone,saudavel,saudavel,0.9140,agrosmart-v1,simulado,sim-2026-08
21f91135-e061-5c15-97a4-991b578bca1a,TI-01_20260810_0031.jpg,2026-08-10 08:52:52,TI-01,drone,saudavel,saudavel,0.8447,agrosmart-v1,simulado,sim-2026-08
90d6a288-4593-591a-ace6-bdac015968e5,BV-04_20260810_0024.jpg,2026-08-10 08:53:18,BV-04,smartphone,saudavel,saudavel,0.8893,agrosmart-v1,simulado,sim-2026-08
f6156962-0d57-548c-a925-39056d9b7afd,BV-02_20260810_0020.jpg,2026-08-10 08:53:32,BV-02,smartphone,saudavel,saudavel,0.8805,agrosmart-v1,simulado,sim-2026-08
1c0c94b1-8e8f-5caf-b12c-7ec81eb82580,TI-01_20260810_0032.jpg,2026-08-10 08:53:35,TI-01,drone,saudavel,saudavel,0.8549,agrosmart-v1,simulado,sim-2026-08
e4d044a8-35dc-52f8-9645-26cff23c76f0,BV-03_20260810_0008.jpg,2026-08-10 08:53:42,BV-03,smartphone,saudavel,saudavel,0.6081,agrosmart-v1,simulado,sim-2026-08
c3600df0-c7d1-514e-a51b-fa63d31dccb9,BV-03_20260810_0009.jpg,2026-08-10 08:54:05,BV-03,smartphone,saudavel,saudavel,0.9984,agrosmart-v1,simulado,sim-2026-08
c9649ad7-fbef-5de9-b431-5fbc06ee5844,BV-02_20260810_0021.jpg,2026-08-10 08:54:18,BV-02,smartphone,saudavel,saudavel,0.9619,agrosmart-v1,simulado,sim-2026-08
8dc0f51f-5805-5812-8d44-76d71d3cb2db,TI-01_20260810_0033.jpg,2026-08-10 08:54:29,TI-01,drone,saudavel,saudavel,0.9550,agrosmart-v1,simulado,sim-2026-08
4f470300-f0d3-5f01-ad78-e4ce1e6dd79a,BV-03_20260810_0010.jpg,2026-08-10 08:54:44,BV-03,smartphone,saudavel,saudavel,0.6304,agrosmart-v1,simulado,sim-2026-08
ae378823-e639-5064-b17a-678ac5c0bb29,TI-01_20260810_0034.jpg,2026-08-10 08:54:50,TI-01,drone,saudavel,saudavel,0.8855,agrosmart-v1,simulado,sim-2026-08
636288b3-a007-51dc-8097-58436f2cacc3,BV-02_20260810_0022.jpg,2026-08-10 08:55:07,BV-02,smartphone,saudavel,saudavel,0.9921,agrosmart-v1,simulado,sim-2026-08
ccfcd895-b1d1-5f53-9448-d55816f387e1,TI-01_20260810_0035.jpg,2026-08-10 08:55:20,TI-01,drone,saudavel,saudavel,0.9246,agrosmart-v1,simulado,sim-2026-08
116f6b07-c974-5b7e-a19b-ec681ab35a63,BV-03_20260810_0011.jpg,2026-08-10 08:55:30,BV-03,smartphone,saudavel,saudavel,0.9816,agrosmart-v1,simulado,sim-2026-08
142acede-b60b-53ee-997e-22efc0935dea,BV-02_20260810_0023.jpg,2026-08-10 08:55:48,BV-02,smartphone,saudavel,saudavel,0.9984,agrosmart-v1,simulado,sim-2026-08
13f89fa9-da8b-5c24-ba15-a2644b53cd19,BV-03_20260810_0012.jpg,2026-08-10 08:56:04,BV-03,smartphone,saudavel,saudavel,0.7854,agrosmart-v1,simulado,sim-2026-08
0b5657f2-c3b1-5bfb-be05-58b1198f1246,BV-02_20260810_0024.jpg,2026-08-10 08:56:20,BV-02,smartphone,saudavel,saudavel,0.8907,agrosmart-v1,simulado,sim-2026-08
8bcbc27f-dcf3-564e-8f6a-0ac89d088b0f,TI-01_20260810_0036.jpg,2026-08-10 08:56:28,TI-01,drone,saudavel,saudavel,0.5298,agrosmart-v1,simulado,sim-2026-08
1abf57d6-37bf-5c0d-9cbd-7129c33123ec,TI-01_20260810_0037.jpg,2026-08-10 08:56:44,TI-01,drone,saudavel,saudavel,1.0000,agrosmart-v1,simulado,sim-2026-08
f1570b63-1467-5ce8-9d2a-3a8bf1783383,BV-02_20260810_0025.jpg,2026-08-10 08:56:58,BV-02,smartphone,saudavel,saudavel,0.9206,agrosmart-v1,simulado,sim-2026-08
614beb8a-6e15-5f94-8ed7-123800013454,BV-03_20260810_0013.jpg,2026-08-10 08:57:08,BV-03,smartphone,saudavel,saudavel,0.8703,agrosmart-v1,simulado,sim-2026-08
46a57138-fff9-5401-9e0d-a81926b684b9,TI-01_20260810_0038.jpg,2026-08-10 08:57:21,TI-01,drone,saudavel,saudavel,0.9973,agrosmart-v1,simulado,sim-2026-08
d4c1d09f-b13a-51c7-98c9-f85f4084a6e6,BV-03_20260810_0014.jpg,2026-08-10 08:57:24,BV-03,smartphone,saudavel,saudavel,0.9966,agrosmart-v1,simulado,sim-2026-08
624ab3b4-71a0-5eb1-ad5c-7dc6e32b8eea,BV-02_20260810_0026.jpg,2026-08-10 08:57:26,BV-02,smartphone,saudavel,saudavel,0.9231,agrosmart-v1,simulado,sim-2026-08
56fa0cfc-1eeb-5a9c-b932-c9e08cd85431,BV-02_20260810_0027.jpg,2026-08-10 08:58:06,BV-02,smartphone,saudavel,saudavel,0.8780,agrosmart-v1,simulado,sim-2026-08
d513f69c-b02e-57a7-8149-4e517f521a54,BV-03_20260810_0015.jpg,2026-08-10 08:58:10,BV-03,smartphone,saudavel,saudavel,0.8281,agrosmart-v1,simulado,sim-2026-08
517e0624-7dfa-55d6-8356-9f3ed1f43c10,TI-01_20260810_0039.jpg,2026-08-10 08:58:25,TI-01,drone,saudavel,saudavel,0.9483,agrosmart-v1,simulado,sim-2026-08
68c382a9-2954-591f-be40-bed6245eeeb1,TI-01_20260810_0040.jpg,2026-08-10 08:58:40,TI-01,drone,saudavel,saudavel,0.9338,agrosmart-v1,simulado,sim-2026-08
df9d6f21-72a1-5bef-9347-bb23c2a3e8cc,BV-02_20260810_0028.jpg,2026-08-10 08:58:58,BV-02,smartphone,saudavel,saudavel,0.9602,agrosmart-v1,simulado,sim-2026-08
a8c69e41-a290-5e62-a1c8-5bc0eba8ecad,BV-03_20260810_0016.jpg,2026-08-10 08:59:01,BV-03,smartphone,saudavel,saudavel,0.9750,agrosmart-v1,simulado,sim-2026-08
925febac-bf9e-5908-93cb-dc4ffbdedade,BV-03_20260810_0017.jpg,2026-08-10 08:59:20,BV-03,smartphone,saudavel,saudavel,0.9208,agrosmart-v1,simulado,sim-2026-08
77d4a8d0-a070-5fee-ab11-7f85ed7dd1fd,TI-01_20260810_0041.jpg,2026-08-10 08:59:45,TI-01,drone,saudavel,saudavel,0.9891,agrosmart-v1,simulado,sim-2026-08
8dd089e1-d638-5311-be4b-fc522a7023e3,BV-03_20260810_0018.jpg,2026-08-10 09:00:01,BV-03,smartphone,saudavel,saudavel,0.9977,agrosmart-v1,simulado,sim-2026-08
7266d510-fbd3-5b76-8da5-69cf913fbbac,TI-01_20260810_0042.jpg,2026-08-10 09:00:23,TI-01,drone,saudavel,saudavel,0.9692,agrosmart-v1,simulado,sim-2026-08
3fe5d0fe-7e97-58b5-ba20-5a827b70a331,TI-01_20260810_0043.jpg,2026-08-10 09:00:51,TI-01,drone,saudavel,saudavel,0.9793,agrosmart-v1,simulado,sim-2026-08
95d38dc3-a913-5c48-99a7-298fe482d48f,BV-03_20260810_0019.jpg,2026-08-10 09:00:57,BV-03,smartphone,saudavel,saudavel,0.9910,agrosmart-v1,simulado,sim-2026-08
6a8089f8-727d-5cb3-b491-54734a03f5e0,BV-03_20260810_0020.jpg,2026-08-10 09:01:27,BV-03,smartphone,saudavel,saudavel,0.9762,agrosmart-v1,simulado,sim-2026-08
f3bf6e36-6432-5bfd-97c1-d0f4bdb96f66,TI-01_20260810_0044.jpg,2026-08-10 09:01:28,TI-01,drone,saudavel,saudavel,0.9109,agrosmart-v1,simulado,sim-2026-08
4c340e13-f61d-51c7-ab5d-7cc37bae8190,TI-01_20260810_0045.jpg,2026-08-10 09:02:09,TI-01,drone,saudavel,saudavel,0.9253,agrosmart-v1,simulado,sim-2026-08
12bf3068-8476-5d98-9f73-6b874c1fee11,BV-03_20260810_0021.jpg,2026-08-10 09:02:30,BV-03,smartphone,saudavel,saudavel,0.8858,agrosmart-v1,simulado,sim-2026-08
710f4873-4fac-5a6d-b71f-c608f0058b60,TI-01_20260810_0046.jpg,2026-08-10 09:02:44,TI-01,drone,saudavel,saudavel,0.9950,agrosmart-v1,simulado,sim-2026-08
d125be12-6260-5a09-bbc5-b2a5815075aa,TI-01_20260810_0047.jpg,2026-08-10 09:03:39,TI-01,drone,saudavel,saudavel,0.9808,agrosmart-v1,simulado,sim-2026-08
de7e954b-59b9-52f6-8a47-dba0cfbb33d2,TI-02_20260810_0001.jpg,2026-08-10 09:10:00,TI-02,drone,saudavel,saudavel,0.5494,agrosmart-v1,simulado,sim-2026-08
0f6beaae-6dd9-51fa-9d9a-e9ff3ad18a5e,TI-02_20260810_0002.jpg,2026-08-10 09:10:27,TI-02,drone,saudavel,saudavel,0.9997,agrosmart-v1,simulado,sim-2026-08
2d5b9132-ab17-567e-be02-9085ff6dff26,TI-02_20260810_0003.jpg,2026-08-10 09:11:23,TI-02,drone,doente,pinta_preta,0.8549,agrosmart-v1,simulado,sim-2026-08
3382593a-293d-57e1-b479-2069ed953842,TI-02_20260810_0004.jpg,2026-08-10 09:12:01,TI-02,drone,saudavel,saudavel,0.9995,agrosmart-v1,simulado,sim-2026-08
73572bda-d191-58f0-9a6c-5f7f01dde6a0,TI-02_20260810_0005.jpg,2026-08-10 09:12:28,TI-02,drone,saudavel,saudavel,0.7296,agrosmart-v1,simulado,sim-2026-08
76aa5149-a157-5f20-9486-53b47e4c6f24,TI-02_20260810_0006.jpg,2026-08-10 09:13:21,TI-02,drone,saudavel,saudavel,0.9379,agrosmart-v1,simulado,sim-2026-08
0975473c-bb4c-5d52-b7c9-e018836c460e,TI-02_20260810_0007.jpg,2026-08-10 09:13:55,TI-02,drone,saudavel,saudavel,0.8950,agrosmart-v1,simulado,sim-2026-08
20578c80-c565-567c-afb8-47762a3e7a8c,TI-02_20260810_0008.jpg,2026-08-10 09:14:21,TI-02,drone,saudavel,saudavel,0.8241,agrosmart-v1,simulado,sim-2026-08
e32ea9eb-ca92-5308-9236-576cb3747617,TI-02_20260810_0009.jpg,2026-08-10 09:15:03,TI-02,drone,saudavel,saudavel,0.9547,agrosmart-v1,simulado,sim-2026-08
dd890d4b-bc53-588a-9c4b-2f5819c5ba82,TI-02_20260810_0010.jpg,2026-08-10 09:15:45,TI-02,drone,saudavel,saudavel,0.9919,agrosmart-v1,simulado,sim-2026-08
319856c5-895f-5c56-bb10-d37a1e8ddd57,TI-02_20260810_0011.jpg,2026-08-10 09:16:36,TI-02,drone,saudavel,saudavel,0.9985,agrosmart-v1,simulado,sim-2026-08
ea53ba87-9adb-5d57-9dbf-2beeda9190f4,TI-02_20260810_0012.jpg,2026-08-10 09:17:10,TI-02,drone,saudavel,saudavel,0.9843,agrosmart-v1,simulado,sim-2026-08
8c69eae1-0897-550f-92e2-3cfdcb8335e0,TI-02_20260810_0013.jpg,2026-08-10 09:17:57,TI-02,drone,saudavel,saudavel,0.9937,agrosmart-v1,simulado,sim-2026-08
ad845f8f-4d04-54f4-a588-7d8e9f8eef68,TI-02_20260810_0014.jpg,2026-08-10 09:18:30,TI-02,drone,saudavel,saudavel,0.8264,agrosmart-v1,simulado,sim-2026-08
57214b8d-33bb-569a-a520-1207a0ede564,TI-02_20260810_0015.jpg,2026-08-10 09:19:21,TI-02,drone,saudavel,saudavel,0.9678,agrosmart-v1,simulado,sim-2026-08
61e13dc9-77ba-552b-9145-ff110d4c5e13,TI-02_20260810_0016.jpg,2026-08-10 09:19:57,TI-02,drone,doente,vaquinha,0.9929,agrosmart-v1,simulado,sim-2026-08
d9cf46d8-30e0-5052-8e41-faff966f35bd,TI-02_20260810_0017.jpg,2026-08-10 09:20:29,TI-02,drone,saudavel,saudavel,0.8772,agrosmart-v1,simulado,sim-2026-08
425fe082-cf9e-5ecb-b862-e1cb7b1a41e7,TI-02_20260810_0018.jpg,2026-08-10 09:21:20,TI-02,drone,saudavel,saudavel,0.9882,agrosmart-v1,simulado,sim-2026-08
170ce068-8667-5889-8676-8aea751a013b,TI-02_20260810_0019.jpg,2026-08-10 09:21:48,TI-02,drone,saudavel,saudavel,0.7472,agrosmart-v1,simulado,sim-2026-08
d440b601-d55e-55dc-aec4-b631ea2fa7d5,TI-02_20260810_0020.jpg,2026-08-10 09:22:22,TI-02,drone,saudavel,saudavel,0.9096,agrosmart-v1,simulado,sim-2026-08
a3a6d064-ddce-558b-bc52-38b09c2a2d7e,TI-02_20260810_0021.jpg,2026-08-10 09:23:14,TI-02,drone,saudavel,saudavel,0.9925,agrosmart-v1,simulado,sim-2026-08
2b0c57e7-5310-5e02-81d2-5e831fc740a3,TI-02_20260810_0022.jpg,2026-08-10 09:23:48,TI-02,drone,saudavel,saudavel,0.9852,agrosmart-v1,simulado,sim-2026-08
70cabc66-7130-5009-8903-15d917bc999e,TI-02_20260810_0023.jpg,2026-08-10 09:24:25,TI-02,drone,saudavel,saudavel,0.6681,agrosmart-v1,simulado,sim-2026-08
ff40717f-777e-5f89-9523-a9e332f307b5,TI-02_20260810_0024.jpg,2026-08-10 09:25:27,TI-02,drone,saudavel,saudavel,0.9996,agrosmart-v1,simulado,sim-2026-08
23b435d2-6723-5cab-85be-888e4c8a943d,TI-02_20260810_0025.jpg,2026-08-10 09:26:08,TI-02,drone,saudavel,saudavel,0.9964,agrosmart-v1,simulado,sim-2026-08
fb3fc4af-cf8f-587b-99a5-c705aca37363,TI-02_20260810_0026.jpg,2026-08-10 09:26:33,TI-02,drone,saudavel,saudavel,0.8637,agrosmart-v1,simulado,sim-2026-08
c2705bbf-157f-58a3-82c1-ace1a101ce46,TI-02_20260810_0027.jpg,2026-08-10 09:27:02,TI-02,drone,saudavel,saudavel,0.9627,agrosmart-v1,simulado,sim-2026-08
049b460a-ea55-5431-b108-1e6a07544530,TI-02_20260810_0028.jpg,2026-08-10 09:27:45,TI-02,drone,saudavel,saudavel,0.9644,agrosmart-v1,simulado,sim-2026-08
bdba8cc9-5a28-5c87-8045-e60d30604324,TI-02_20260810_0029.jpg,2026-08-10 09:28:45,TI-02,drone,saudavel,saudavel,0.8720,agrosmart-v1,simulado,sim-2026-08
8e2c8e53-cc96-5ad8-9399-6b06931db360,TI-02_20260810_0030.jpg,2026-08-10 09:29:00,TI-02,drone,saudavel,saudavel,0.9996,agrosmart-v1,simulado,sim-2026-08
fcd5cb10-b342-5578-8d6a-f1af93273802,BV-01_20260810_0001.jpg,2026-08-10 09:29:46,BV-01,smartphone,saudavel,saudavel,0.9926,agrosmart-v1,simulado,sim-2026-08
1a6ea77e-cecf-5b59-b723-d127c5bf4dda,TI-02_20260810_0031.jpg,2026-08-10 09:29:47,TI-02,drone,saudavel,saudavel,0.9867,agrosmart-v1,simulado,sim-2026-08
1304bd1e-f1ff-5ae9-93f6-e8144b3d3a3b,TI-02_20260810_0032.jpg,2026-08-10 09:30:25,TI-02,drone,saudavel,saudavel,0.9574,agrosmart-v1,simulado,sim-2026-08
1bf81fe7-c746-59a9-a603-d0a52277c03d,BV-01_20260810_0002.jpg,2026-08-10 09:30:32,BV-01,smartphone,saudavel,saudavel,0.9675,agrosmart-v1,simulado,sim-2026-08
6dc59f6a-7025-50b1-b168-9e4c978f40af,TI-02_20260810_0033.jpg,2026-08-10 09:31:02,TI-02,drone,saudavel,saudavel,0.9534,agrosmart-v1,simulado,sim-2026-08
abdb1fc3-d9e2-5958-8035-c3def51024d8,BV-01_20260810_0003.jpg,2026-08-10 09:31:05,BV-01,smartphone,saudavel,saudavel,0.9748,agrosmart-v1,simulado,sim-2026-08
c32734f6-81be-53ef-85a7-5d3de4434229,BV-01_20260810_0004.jpg,2026-08-10 09:31:44,BV-01,smartphone,saudavel,saudavel,0.9843,agrosmart-v1,simulado,sim-2026-08
5246a9d6-681f-516b-b079-b35ee0c9dda0,TI-02_20260810_0034.jpg,2026-08-10 09:32:07,TI-02,drone,saudavel,saudavel,0.7191,agrosmart-v1,simulado,sim-2026-08
07829346-3b2e-54bf-9b9b-7c538f74ebc8,TI-02_20260810_0035.jpg,2026-08-10 09:32:20,TI-02,drone,saudavel,saudavel,0.9922,agrosmart-v1,simulado,sim-2026-08
230799ed-0cf2-51f0-8c74-60b5deb292e7,BV-01_20260810_0005.jpg,2026-08-10 09:32:27,BV-01,smartphone,saudavel,saudavel,0.9610,agrosmart-v1,simulado,sim-2026-08
15206249-2055-590b-a911-0bc9e2776d6e,BV-01_20260810_0006.jpg,2026-08-10 09:33:13,BV-01,smartphone,saudavel,saudavel,0.9663,agrosmart-v1,simulado,sim-2026-08
e41eee60-febd-50f6-bce1-c326085fd2be,TI-02_20260810_0036.jpg,2026-08-10 09:33:30,TI-02,drone,saudavel,saudavel,0.9488,agrosmart-v1,simulado,sim-2026-08
8ebea9b1-8495-56b3-9c5f-d93d3955c2ed,BV-01_20260810_0007.jpg,2026-08-10 09:33:55,BV-01,smartphone,saudavel,saudavel,0.9737,agrosmart-v1,simulado,sim-2026-08
31ac2aeb-39c0-5987-ad68-b25d64f0a436,TI-02_20260810_0037.jpg,2026-08-10 09:33:59,TI-02,drone,saudavel,saudavel,0.8238,agrosmart-v1,simulado,sim-2026-08
0dfcbbe9-3432-5027-902e-f5bff31174f4,BV-01_20260810_0008.jpg,2026-08-10 09:34:27,BV-01,smartphone,saudavel,saudavel,0.9990,agrosmart-v1,simulado,sim-2026-08
e1d0e895-798b-51f1-b265-8612b98e7369,TI-02_20260810_0038.jpg,2026-08-10 09:34:29,TI-02,drone,saudavel,saudavel,0.9850,agrosmart-v1,simulado,sim-2026-08
2e6a208b-957a-5e20-9941-1cd838967f87,TI-02_20260810_0039.jpg,2026-08-10 09:35:08,TI-02,drone,saudavel,saudavel,0.8703,agrosmart-v1,simulado,sim-2026-08
6b1d674d-c776-5b66-ac38-77e15844533d,BV-01_20260810_0009.jpg,2026-08-10 09:35:09,BV-01,smartphone,saudavel,saudavel,0.9527,agrosmart-v1,simulado,sim-2026-08
30e20a4c-6365-50a9-99ad-dd51f3f1ae51,BV-01_20260810_0010.jpg,2026-08-10 09:36:05,BV-01,smartphone,saudavel,saudavel,0.9907,agrosmart-v1,simulado,sim-2026-08
428d1a8f-5d53-5302-988c-645bf0881dc2,BV-01_20260810_0011.jpg,2026-08-10 09:36:31,BV-01,smartphone,saudavel,saudavel,0.9928,agrosmart-v1,simulado,sim-2026-08
ef45a203-d201-563f-beda-4d2b2b1f93dc,BV-01_20260810_0012.jpg,2026-08-10 09:37:10,BV-01,smartphone,saudavel,saudavel,0.9000,agrosmart-v1,simulado,sim-2026-08
95cf7506-97dd-500c-9cc2-96e619ebc919,BV-01_20260810_0013.jpg,2026-08-10 09:38:07,BV-01,smartphone,saudavel,saudavel,0.9104,agrosmart-v1,simulado,sim-2026-08
d4dd61fd-9d53-5800-9bf3-c56cb26ae658,BV-01_20260810_0014.jpg,2026-08-10 09:38:47,BV-01,smartphone,saudavel,saudavel,0.9015,agrosmart-v1,simulado,sim-2026-08
7a42d7f2-aae6-5678-93f0-19c187e9aba3,BV-01_20260810_0015.jpg,2026-08-10 09:39:00,BV-01,smartphone,saudavel,saudavel,0.9857,agrosmart-v1,simulado,sim-2026-08
b3f98c1f-db1f-5273-847e-e24c1a5076c8,BV-01_20260810_0016.jpg,2026-08-10 09:39:52,BV-01,smartphone,saudavel,saudavel,0.8784,agrosmart-v1,simulado,sim-2026-08
1f191310-6268-51ea-a2da-36f97f58405a,BV-01_20260810_0017.jpg,2026-08-10 09:40:20,BV-01,smartphone,saudavel,saudavel,0.9527,agrosmart-v1,simulado,sim-2026-08
4ebe3126-6da9-5ece-bf0b-db8795ab9682,BV-01_20260810_0018.jpg,2026-08-10 09:41:04,BV-01,smartphone,saudavel,saudavel,0.9907,agrosmart-v1,simulado,sim-2026-08
4067a88e-a339-5e2f-803a-f435d44e9031,TI-03_20260810_0001.jpg,2026-08-10 09:41:45,TI-03,drone,saudavel,saudavel,0.6784,agrosmart-v1,simulado,sim-2026-08
cb75517a-c32d-5a49-8eef-47e19a1d2121,BV-01_20260810_0019.jpg,2026-08-10 09:41:46,BV-01,smartphone,saudavel,saudavel,0.9521,agrosmart-v1,simulado,sim-2026-08
d87fe86d-4c58-5478-9fea-66654ad190e6,BV-01_20260810_0020.jpg,2026-08-10 09:42:44,BV-01,smartphone,saudavel,saudavel,0.8806,agrosmart-v1,simulado,sim-2026-08
f118d26c-090d-5294-a87c-3ece54dc774c,TI-03_20260810_0002.jpg,2026-08-10 09:42:47,TI-03,drone,saudavel,saudavel,0.9186,agrosmart-v1,simulado,sim-2026-08
13454616-ea87-525b-8c4f-83a22cefc78c,BV-01_20260810_0021.jpg,2026-08-10 09:43:02,BV-01,smartphone,saudavel,saudavel,0.9936,agrosmart-v1,simulado,sim-2026-08
79595761-f660-568e-9608-2a19ba98323b,TI-03_20260810_0003.jpg,2026-08-10 09:43:28,TI-03,drone,saudavel,saudavel,0.8749,agrosmart-v1,simulado,sim-2026-08
c39bc201-d397-56da-a20c-592787cc588a,TI-03_20260810_0004.jpg,2026-08-10 09:43:49,TI-03,drone,saudavel,saudavel,0.9581,agrosmart-v1,simulado,sim-2026-08
2c27d201-2861-5573-a59b-334dd269c09b,BV-01_20260810_0022.jpg,2026-08-10 09:44:02,BV-01,smartphone,saudavel,saudavel,0.9654,agrosmart-v1,simulado,sim-2026-08
fcbbd47a-609e-55ac-aed7-c008ae6d1d86,BV-01_20260810_0023.jpg,2026-08-10 09:44:20,BV-01,smartphone,saudavel,saudavel,0.9400,agrosmart-v1,simulado,sim-2026-08
ad6715da-d95e-5cb1-9459-53434d4436cf,TI-03_20260810_0005.jpg,2026-08-10 09:44:39,TI-03,drone,saudavel,saudavel,0.9973,agrosmart-v1,simulado,sim-2026-08
4e1d4623-3871-5582-8879-59e4bbdcdec0,TI-03_20260810_0006.jpg,2026-08-10 09:45:08,TI-03,drone,saudavel,saudavel,0.9736,agrosmart-v1,simulado,sim-2026-08
b29c0ae0-9a94-5787-b6ae-072f78bdb719,TI-03_20260810_0007.jpg,2026-08-10 09:46:01,TI-03,drone,saudavel,saudavel,0.8377,agrosmart-v1,simulado,sim-2026-08
eb1ac679-feae-5e32-880e-dd5dc31eb915,TI-03_20260810_0008.jpg,2026-08-10 09:46:40,TI-03,drone,saudavel,saudavel,0.9506,agrosmart-v1,simulado,sim-2026-08
239e0f16-fb85-5dbf-af4b-d885b7abf7cb,TI-03_20260810_0009.jpg,2026-08-10 09:47:16,TI-03,drone,saudavel,saudavel,0.9986,agrosmart-v1,simulado,sim-2026-08
c83665f1-d09c-53fe-bcd6-14a678b0e632,TI-03_20260810_0010.jpg,2026-08-10 09:47:46,TI-03,drone,saudavel,saudavel,0.9146,agrosmart-v1,simulado,sim-2026-08
9218c191-3b5c-55c8-ba08-b65cfd83efa1,TI-03_20260810_0011.jpg,2026-08-10 09:48:20,TI-03,drone,saudavel,saudavel,0.8958,agrosmart-v1,simulado,sim-2026-08
0be006eb-33e1-566a-b2b3-9c5a3ef1b87f,TI-03_20260810_0012.jpg,2026-08-10 09:49:14,TI-03,drone,saudavel,saudavel,0.8579,agrosmart-v1,simulado,sim-2026-08
257c5812-3720-5eb2-abab-1a2dc842e4db,TI-03_20260810_0013.jpg,2026-08-10 09:49:46,TI-03,drone,doente,mosca_minadora,0.8972,agrosmart-v1,simulado,sim-2026-08
72ab6ed1-ad2e-55ba-b1a8-61b28e7828ca,TI-03_20260810_0014.jpg,2026-08-10 09:50:21,TI-03,drone,saudavel,saudavel,0.9533,agrosmart-v1,simulado,sim-2026-08
1dac592e-281f-5f45-9d66-a5260bed4d30,TI-03_20260810_0015.jpg,2026-08-10 09:51:17,TI-03,drone,saudavel,saudavel,0.8478,agrosmart-v1,simulado,sim-2026-08
93418c06-8775-5616-af4c-5f86075666f9,TI-03_20260810_0016.jpg,2026-08-10 09:51:58,TI-03,drone,saudavel,saudavel,0.9727,agrosmart-v1,simulado,sim-2026-08
8040599c-e284-5b34-b12f-934ffe967874,TI-03_20260810_0017.jpg,2026-08-10 09:52:32,TI-03,drone,saudavel,saudavel,0.9390,agrosmart-v1,simulado,sim-2026-08
f94fa3fd-be21-5b98-a724-0359587f0685,TI-03_20260810_0018.jpg,2026-08-10 09:53:06,TI-03,drone,saudavel,saudavel,0.8770,agrosmart-v1,simulado,sim-2026-08
809d6c3f-d326-5957-a96f-d4ccb95f5e8e,TI-03_20260810_0019.jpg,2026-08-10 09:53:46,TI-03,drone,saudavel,saudavel,0.8587,agrosmart-v1,simulado,sim-2026-08
b2fc3bb1-e31c-5e32-9f1a-eadcaa22bf3d,TI-03_20260810_0020.jpg,2026-08-10 09:54:25,TI-03,drone,saudavel,saudavel,0.9241,agrosmart-v1,simulado,sim-2026-08
82280721-b77d-500c-9f5a-4eecb187bab0,TI-03_20260810_0021.jpg,2026-08-10 09:55:13,TI-03,drone,saudavel,saudavel,0.8987,agrosmart-v1,simulado,sim-2026-08
6946377c-f2e1-5650-8f9e-044028311e89,TI-03_20260810_0022.jpg,2026-08-10 09:55:49,TI-03,drone,saudavel,saudavel,0.9991,agrosmart-v1,simulado,sim-2026-08
7599401a-3dfe-5a69-a1eb-e5814d893b32,TI-04_20260810_0001.jpg,2026-08-10 09:55:57,TI-04,drone,saudavel,saudavel,0.9574,agrosmart-v1,simulado,sim-2026-08
d206d6c4-543d-50fa-bc19-eb6a1ab6aae8,TI-04_20260810_0002.jpg,2026-08-10 09:56:20,TI-04,drone,saudavel,saudavel,0.9523,agrosmart-v1,simulado,sim-2026-08
22ce4468-d56e-53f9-b75c-4b509338c512,TI-03_20260810_0023.jpg,2026-08-10 09:56:39,TI-03,drone,saudavel,saudavel,0.9655,agrosmart-v1,simulado,sim-2026-08
f3e7cdf4-1ab2-574a-a155-5901fc917965,TI-04_20260810_0003.jpg,2026-08-10 09:57:05,TI-04,drone,saudavel,saudavel,0.9245,agrosmart-v1,simulado,sim-2026-08
624236bc-2600-5e73-b26c-a9b3cf2ff291,TI-03_20260810_0024.jpg,2026-08-10 09:57:28,TI-03,drone,saudavel,saudavel,0.9951,agrosmart-v1,simulado,sim-2026-08
dae82dd4-041e-59a9-904f-352d29836dcc,TI-04_20260810_0004.jpg,2026-08-10 09:57:49,TI-04,drone,doente,mosca_minadora,0.9907,agrosmart-v1,simulado,sim-2026-08
78149912-8992-5dac-9f39-5135ed53f29c,TI-03_20260810_0025.jpg,2026-08-10 09:57:54,TI-03,drone,saudavel,saudavel,0.9716,agrosmart-v1,simulado,sim-2026-08
80d188fe-7284-5f64-a676-dd2e2bcc5a2d,TI-04_20260810_0005.jpg,2026-08-10 09:58:28,TI-04,drone,saudavel,saudavel,0.9610,agrosmart-v1,simulado,sim-2026-08
03b6dc2a-03e2-5fef-8ec4-4d1749fdbf85,TI-03_20260810_0026.jpg,2026-08-10 09:58:50,TI-03,drone,saudavel,saudavel,0.6543,agrosmart-v1,simulado,sim-2026-08
2ffdd55a-95f6-5d98-9b00-718da3746bb6,SC-04_20260810_0001.jpg,2026-08-10 09:58:55,SC-04,smartphone,saudavel,saudavel,0.8341,agrosmart-v1,simulado,sim-2026-08
bdad0664-8099-56db-850b-3d55dc92a304,TI-03_20260810_0027.jpg,2026-08-10 09:59:07,TI-03,drone,saudavel,saudavel,0.8802,agrosmart-v1,simulado,sim-2026-08
82a1af0a-37ca-5676-8f70-0d0f9e9ca223,TI-04_20260810_0006.jpg,2026-08-10 09:59:26,TI-04,drone,saudavel,saudavel,0.8499,agrosmart-v1,simulado,sim-2026-08
146e7c71-ac2e-5597-b9df-9ea9a4f3207e,SC-04_20260810_0002.jpg,2026-08-10 09:59:42,SC-04,smartphone,saudavel,saudavel,0.9673,agrosmart-v1,simulado,sim-2026-08
106fa006-d049-5a6b-8d1d-b2938b96a429,TI-04_20260810_0007.jpg,2026-08-10 09:59:54,TI-04,drone,saudavel,saudavel,0.9092,agrosmart-v1,simulado,sim-2026-08
221d4038-d09e-56d7-98b5-a664f0143c01,TI-03_20260810_0028.jpg,2026-08-10 09:59:55,TI-03,drone,saudavel,saudavel,0.9078,agrosmart-v1,simulado,sim-2026-08
54b6e856-2251-5128-8bb4-81532d88b8aa,SC-04_20260810_0003.jpg,2026-08-10 10:00:12,SC-04,smartphone,saudavel,saudavel,0.9321,agrosmart-v1,simulado,sim-2026-08
49dc11d2-3ed1-5438-9779-c0a62ead37b5,TI-04_20260810_0008.jpg,2026-08-10 10:00:21,TI-04,drone,saudavel,saudavel,0.9088,agrosmart-v1,simulado,sim-2026-08
1436dcbb-15c4-5944-adb9-d4d437be67a7,TI-03_20260810_0029.jpg,2026-08-10 10:00:38,TI-03,drone,saudavel,saudavel,0.7052,agrosmart-v1,simulado,sim-2026-08
f97e5161-3767-579d-915a-dbe4544cf6fa,SC-04_20260810_0004.jpg,2026-08-10 10:00:54,SC-04,smartphone,saudavel,saudavel,0.9544,agrosmart-v1,simulado,sim-2026-08
2fcefcd3-0fa0-5805-ba4a-baed2c16b719,TI-04_20260810_0009.jpg,2026-08-10 10:01:15,TI-04,drone,saudavel,saudavel,0.8236,agrosmart-v1,simulado,sim-2026-08
373dbb7f-5034-559f-93cd-bab191c2d0e7,TI-03_20260810_0030.jpg,2026-08-10 10:01:24,TI-03,drone,saudavel,saudavel,0.9921,agrosmart-v1,simulado,sim-2026-08
bf004159-6b02-5569-9628-738c5cc03897,SC-04_20260810_0005.jpg,2026-08-10 10:01:28,SC-04,smartphone,saudavel,saudavel,0.8229,agrosmart-v1,simulado,sim-2026-08
c3e4e9a7-2930-5c9a-84dd-7630cc270a94,TI-03_20260810_0031.jpg,2026-08-10 10:02:09,TI-03,drone,saudavel,saudavel,0.8947,agrosmart-v1,simulado,sim-2026-08
77168f65-21a8-5721-a99d-8a01acf9a1c7,TI-04_20260810_0010.jpg,2026-08-10 10:02:09,TI-04,drone,saudavel,saudavel,0.9005,agrosmart-v1,simulado,sim-2026-08
fe052e98-b04f-5e95-85b4-c307391ca4b0,SC-04_20260810_0006.jpg,2026-08-10 10:02:26,SC-04,smartphone,saudavel,saudavel,0.9926,agrosmart-v1,simulado,sim-2026-08
02f5acec-c6ba-5f83-8d82-bf2e35a48652,TI-03_20260810_0032.jpg,2026-08-10 10:02:30,TI-03,drone,saudavel,saudavel,0.9964,agrosmart-v1,simulado,sim-2026-08
cc02f2d3-9933-5579-a3f3-32911bd0d13f,TI-04_20260810_0011.jpg,2026-08-10 10:02:49,TI-04,drone,saudavel,saudavel,0.9334,agrosmart-v1,simulado,sim-2026-08
bca79c81-71d9-5f81-b14a-b5f6705819ab,SC-04_20260810_0007.jpg,2026-08-10 10:02:59,SC-04,smartphone,saudavel,saudavel,0.9506,agrosmart-v1,simulado,sim-2026-08
80589f9b-96a9-5db4-a129-c64060ebd82f,TI-03_20260810_0033.jpg,2026-08-10 10:03:08,TI-03,drone,doente,pinta_preta,0.8308,agrosmart-v1,simulado,sim-2026-08
94368b6e-20e8-5d08-a2d9-e9ead1b9e2be,TI-04_20260810_0012.jpg,2026-08-10 10:03:11,TI-04,drone,saudavel,saudavel,0.9760,agrosmart-v1,simulado,sim-2026-08
0171abfc-35f6-5f23-97b2-5df45d4c9c07,SC-04_20260810_0008.jpg,2026-08-10 10:03:32,SC-04,smartphone,saudavel,saudavel,0.9026,agrosmart-v1,simulado,sim-2026-08
d85f5191-ce89-51c3-b5fc-7f102b92a685,TI-03_20260810_0034.jpg,2026-08-10 10:03:51,TI-03,drone,saudavel,saudavel,0.9836,agrosmart-v1,simulado,sim-2026-08
174848d3-667f-5ab5-a7fb-499c88f2ec3d,TI-04_20260810_0013.jpg,2026-08-10 10:04:00,TI-04,drone,doente,vaquinha,0.9825,agrosmart-v1,simulado,sim-2026-08
81f90546-41a7-5811-807d-efd91b2da670,SC-04_20260810_0009.jpg,2026-08-10 10:04:24,SC-04,smartphone,saudavel,saudavel,0.8902,agrosmart-v1,simulado,sim-2026-08
38640af4-8931-5624-8e17-10c78dd5fefb,TI-04_20260810_0014.jpg,2026-08-10 10:04:41,TI-04,drone,saudavel,saudavel,0.5379,agrosmart-v1,simulado,sim-2026-08
5cb922d8-225c-5899-9214-bfaeedf2b459,SC-04_20260810_0010.jpg,2026-08-10 10:05:03,SC-04,smartphone,saudavel,saudavel,0.9423,agrosmart-v1,simulado,sim-2026-08
9d921514-ee46-5cb3-a714-e300d44071b3,TI-04_20260810_0015.jpg,2026-08-10 10:05:27,TI-04,drone,saudavel,saudavel,0.9409,agrosmart-v1,simulado,sim-2026-08
06bd8c77-ad93-5846-8ec5-e3a1383f7e1c,SC-04_20260810_0011.jpg,2026-08-10 10:05:41,SC-04,smartphone,saudavel,saudavel,0.8925,agrosmart-v1,simulado,sim-2026-08
8dfb81c3-49aa-56c4-9ddc-0bd67fa78880,TI-04_20260810_0016.jpg,2026-08-10 10:05:50,TI-04,drone,saudavel,saudavel,0.8628,agrosmart-v1,simulado,sim-2026-08
5bd948ac-98d7-5c5e-93c6-7f4609681175,SC-04_20260810_0012.jpg,2026-08-10 10:06:21,SC-04,smartphone,saudavel,saudavel,0.8738,agrosmart-v1,simulado,sim-2026-08
17480440-30cb-52ae-82de-4c9f0ec75759,TI-04_20260810_0017.jpg,2026-08-10 10:06:22,TI-04,drone,saudavel,saudavel,0.9437,agrosmart-v1,simulado,sim-2026-08
c6fd3f78-d7ef-5e4c-8270-e7c9ea039461,SC-04_20260810_0013.jpg,2026-08-10 10:07:02,SC-04,smartphone,saudavel,saudavel,0.9196,agrosmart-v1,simulado,sim-2026-08
1420df50-4332-5bfb-8c9a-cad44d5172f1,TI-04_20260810_0018.jpg,2026-08-10 10:07:09,TI-04,drone,saudavel,saudavel,0.8445,agrosmart-v1,simulado,sim-2026-08
251899f9-33cf-57e5-b718-0080978f1eea,SC-04_20260810_0014.jpg,2026-08-10 10:07:27,SC-04,smartphone,saudavel,saudavel,0.9445,agrosmart-v1,simulado,sim-2026-08
88204f20-e761-5e4e-b5af-f1771f9f9327,TI-04_20260810_0019.jpg,2026-08-10 10:07:48,TI-04,drone,saudavel,saudavel,1.0000,agrosmart-v1,simulado,sim-2026-08
0b453fca-5ac1-592b-b2f6-3b7541a25336,SC-04_20260810_0015.jpg,2026-08-10 10:08:23,SC-04,smartphone,saudavel,saudavel,0.9857,agrosmart-v1,simulado,sim-2026-08
675e5465-f9d7-5e3d-8812-b9ea74602d3f,TI-04_20260810_0020.jpg,2026-08-10 10:08:39,TI-04,drone,saudavel,saudavel,0.8753,agrosmart-v1,simulado,sim-2026-08
4d305f09-d4a9-5b51-aec6-18db23af73a4,SC-04_20260810_0016.jpg,2026-08-10 10:08:51,SC-04,smartphone,saudavel,saudavel,0.9993,agrosmart-v1,simulado,sim-2026-08
81fda587-a72e-5272-aa32-285ac1145543,TI-04_20260810_0021.jpg,2026-08-10 10:09:01,TI-04,drone,saudavel,saudavel,0.8454,agrosmart-v1,simulado,sim-2026-08
cd4fefee-2628-5424-8d54-c1415c2d3804,SC-04_20260810_0017.jpg,2026-08-10 10:09:44,SC-04,smartphone,saudavel,saudavel,0.9821,agrosmart-v1,simulado,sim-2026-08
f62cc117-f8f1-5f25-8904-abf9a6db679c,TI-04_20260810_0022.jpg,2026-08-10 10:10:03,TI-04,drone,saudavel,saudavel,0.9985,agrosmart-v1,simulado,sim-2026-08
d0673b53-7869-5bb3-90bf-fd562d079c74,SC-04_20260810_0018.jpg,2026-08-10 10:10:09,SC-04,smartphone,saudavel,saudavel,1.0000,agrosmart-v1,simulado,sim-2026-08
96795e8e-7dca-5f12-b123-c6384ace77f6,TI-04_20260810_0023.jpg,2026-08-10 10:10:24,TI-04,drone,saudavel,saudavel,0.9860,agrosmart-v1,simulado,sim-2026-08
f0bbd76c-0371-5a62-9b61-ec08f31a3ef4,SC-04_20260810_0019.jpg,2026-08-10 10:10:51,SC-04,smartphone,saudavel,saudavel,0.8465,agrosmart-v1,simulado,sim-2026-08
dfead94e-277e-527e-8777-5c34b4cab7a5,TI-04_20260810_0024.jpg,2026-08-10 10:11:02,TI-04,drone,saudavel,saudavel,0.9721,agrosmart-v1,simulado,sim-2026-08
e27df1c4-6ffe-5d09-ad34-07c9918f4afd,SC-04_20260810_0020.jpg,2026-08-10 10:11:35,SC-04,smartphone,saudavel,saudavel,0.9606,agrosmart-v1,simulado,sim-2026-08
b83e71c2-fd35-50d6-99a0-39658d29de86,TI-04_20260810_0025.jpg,2026-08-10 10:11:54,TI-04,drone,doente,mosca_minadora,0.9665,agrosmart-v1,simulado,sim-2026-08
c702d7e5-e412-53fd-9a63-a09a7c1dd76c,SC-04_20260810_0021.jpg,2026-08-10 10:12:14,SC-04,smartphone,saudavel,saudavel,0.8987,agrosmart-v1,simulado,sim-2026-08
cfeb3cb8-e612-59e3-8e1d-5b283ef97ef4,TI-04_20260810_0026.jpg,2026-08-10 10:12:35,TI-04,drone,saudavel,saudavel,0.8273,agrosmart-v1,simulado,sim-2026-08
45c107d3-df19-5274-bb5e-b267308cb77d,SC-04_20260810_0022.jpg,2026-08-10 10:12:57,SC-04,smartphone,saudavel,saudavel,0.9825,agrosmart-v1,simulado,sim-2026-08
ca25c0b9-3c77-5fd4-a3b7-9493bdcdd72c,TI-04_20260810_0027.jpg,2026-08-10 10:13:00,TI-04,drone,saudavel,saudavel,0.9558,agrosmart-v1,simulado,sim-2026-08
136e78f2-d2e6-5380-a4ec-93817e32b5e6,SC-04_20260810_0023.jpg,2026-08-10 10:13:40,SC-04,smartphone,saudavel,saudavel,0.9370,agrosmart-v1,simulado,sim-2026-08
4a0d546e-2399-522b-ae2e-1b3fb8f0dc49,TI-04_20260810_0028.jpg,2026-08-10 10:13:57,TI-04,drone,saudavel,saudavel,0.9281,agrosmart-v1,simulado,sim-2026-08
71408ccd-f1de-5a02-9c22-00a547cfd4cc,SC-04_20260810_0024.jpg,2026-08-10 10:14:09,SC-04,smartphone,saudavel,saudavel,0.8253,agrosmart-v1,simulado,sim-2026-08
e1df4276-f852-5d22-a403-1706f891d1c0,TI-04_20260810_0029.jpg,2026-08-10 10:14:37,TI-04,drone,saudavel,saudavel,0.9699,agrosmart-v1,simulado,sim-2026-08
80516170-3621-5a42-a93d-41bea0458bb8,SC-04_20260810_0025.jpg,2026-08-10 10:14:46,SC-04,smartphone,saudavel,saudavel,0.9926,agrosmart-v1,simulado,sim-2026-08
eaa0f130-8d96-51da-935f-7462cde8118b,TI-04_20260810_0030.jpg,2026-08-10 10:15:30,TI-04,drone,saudavel,saudavel,0.9141,agrosmart-v1,simulado,sim-2026-08
74da4f44-a3e0-54c8-8813-dcf923ad9d63,SC-04_20260810_0026.jpg,2026-08-10 10:15:45,SC-04,smartphone,saudavel,saudavel,0.9719,agrosmart-v1,simulado,sim-2026-08
6a63a8a2-8e33-5659-8bac-a2b55ebaedc5,TI-04_20260810_0031.jpg,2026-08-10 10:15:47,TI-04,drone,saudavel,saudavel,0.9527,agrosmart-v1,simulado,sim-2026-08
8089b407-20de-58ad-87d7-5bc1bde50662,SC-04_20260810_0027.jpg,2026-08-10 10:16:01,SC-04,smartphone,saudavel,saudavel,0.9350,agrosmart-v1,simulado,sim-2026-08
a751cc55-0a47-5d5d-bd8e-4c0846607808,TI-04_20260810_0032.jpg,2026-08-10 10:16:22,TI-04,drone,saudavel,saudavel,0.9520,agrosmart-v1,simulado,sim-2026-08
76a12304-b5b6-5ca7-8b0d-3c7e63799a77,SC-04_20260810_0028.jpg,2026-08-10 10:16:49,SC-04,smartphone,saudavel,saudavel,0.8335,agrosmart-v1,simulado,sim-2026-08
f503a501-7bec-5b40-9e16-7ffd4d513df8,SC-04_20260810_0029.jpg,2026-08-10 10:17:24,SC-04,smartphone,saudavel,saudavel,0.6001,agrosmart-v1,simulado,sim-2026-08
2e5ba071-0bcd-57aa-89e3-07de4ea2a975,SC-04_20260810_0030.jpg,2026-08-10 10:18:07,SC-04,smartphone,saudavel,saudavel,0.9391,agrosmart-v1,simulado,sim-2026-08
6d948938-ef8a-5932-bcb1-7cd5001c8850,SC-04_20260810_0031.jpg,2026-08-10 10:18:44,SC-04,smartphone,saudavel,saudavel,0.9591,agrosmart-v1,simulado,sim-2026-08
65666fa1-369f-5688-b3c5-889d171ae5bc,SC-04_20260810_0032.jpg,2026-08-10 10:19:33,SC-04,smartphone,saudavel,saudavel,0.9881,agrosmart-v1,simulado,sim-2026-08
98cfae5a-bdfd-59a0-8e48-d017a8b072b3,BV-01_20260812_0001.jpg,2026-08-12 07:03:01,BV-01,smartphone,saudavel,saudavel,0.9792,agrosmart-v1,simulado,sim-2026-08
d1409d7a-4c40-5c83-bbd7-e9b3aba7fb48,BV-01_20260812_0002.jpg,2026-08-12 07:03:41,BV-01,smartphone,saudavel,saudavel,0.8953,agrosmart-v1,simulado,sim-2026-08
ea338893-f57f-5a08-b03b-07688aa615ea,BV-01_20260812_0003.jpg,2026-08-12 07:04:09,BV-01,smartphone,saudavel,saudavel,0.9999,agrosmart-v1,simulado,sim-2026-08
57a5e628-bb19-5d26-b998-7dd524bbfe57,BV-01_20260812_0004.jpg,2026-08-12 07:05:09,BV-01,smartphone,saudavel,saudavel,0.8281,agrosmart-v1,simulado,sim-2026-08
1cd1e5f2-cf4d-5f97-b014-64d31177bc1c,BV-01_20260812_0005.jpg,2026-08-12 07:05:38,BV-01,smartphone,saudavel,saudavel,0.9345,agrosmart-v1,simulado,sim-2026-08
4d7afc43-24ed-54c1-859c-cfd03e394fe1,BV-01_20260812_0006.jpg,2026-08-12 07:06:27,BV-01,smartphone,saudavel,saudavel,0.9738,agrosmart-v1,simulado,sim-2026-08
8dce2e0e-b465-5607-be75-5ff4d7b55fa4,BV-01_20260812_0007.jpg,2026-08-12 07:06:42,BV-01,smartphone,saudavel,saudavel,0.9936,agrosmart-v1,simulado,sim-2026-08
59e1f626-43e6-540c-a90b-1e2bb172900b,BV-01_20260812_0008.jpg,2026-08-12 07:07:38,BV-01,smartphone,saudavel,saudavel,0.9265,agrosmart-v1,simulado,sim-2026-08
ab26dad9-ed0b-5c39-b5e0-33992df019be,BV-01_20260812_0009.jpg,2026-08-12 07:08:05,BV-01,smartphone,saudavel,saudavel,0.9450,agrosmart-v1,simulado,sim-2026-08
923059e3-9343-570e-bff6-4107bdae2ed0,BV-01_20260812_0010.jpg,2026-08-12 07:09:02,BV-01,smartphone,doente,mosca_minadora,0.9999,agrosmart-v1,simulado,sim-2026-08
227cf6d5-a464-5ac4-a437-49a764ad5882,BV-01_20260812_0011.jpg,2026-08-12 07:09:49,BV-01,smartphone,saudavel,saudavel,0.9855,agrosmart-v1,simulado,sim-2026-08
f9a0cd52-3357-5bf6-8e91-1d659e7f9999,BV-01_20260812_0012.jpg,2026-08-12 07:10:21,BV-01,smartphone,saudavel,saudavel,0.9628,agrosmart-v1,simulado,sim-2026-08
8fb5c176-7576-5706-add5-cf211099e39c,BV-01_20260812_0013.jpg,2026-08-12 07:10:40,BV-01,smartphone,saudavel,saudavel,0.8670,agrosmart-v1,simulado,sim-2026-08
654cb9ac-e4b5-5c96-85ac-ab5b44bb6737,BV-01_20260812_0014.jpg,2026-08-12 07:11:25,BV-01,smartphone,saudavel,saudavel,0.9970,agrosmart-v1,simulado,sim-2026-08
8a3c4ad9-7467-575c-babd-e7fdff320fb5,BV-01_20260812_0015.jpg,2026-08-12 07:12:23,BV-01,smartphone,saudavel,saudavel,0.8358,agrosmart-v1,simulado,sim-2026-08
55d01000-bc10-58cc-942a-5e91420d9b14,BV-01_20260812_0016.jpg,2026-08-12 07:12:44,BV-01,smartphone,saudavel,saudavel,0.9827,agrosmart-v1,simulado,sim-2026-08
9d083923-1eca-59b5-8b37-69e3a486e572,BV-01_20260812_0017.jpg,2026-08-12 07:13:41,BV-01,smartphone,saudavel,saudavel,0.9344,agrosmart-v1,simulado,sim-2026-08
c8efeb75-8fa1-5e23-ac87-59845b7328af,BV-01_20260812_0018.jpg,2026-08-12 07:14:18,BV-01,smartphone,saudavel,saudavel,0.9075,agrosmart-v1,simulado,sim-2026-08
8f7cacbf-9ca1-5417-86e8-afb4fe385a4d,BV-01_20260812_0019.jpg,2026-08-12 07:14:46,BV-01,smartphone,saudavel,saudavel,0.5585,agrosmart-v1,simulado,sim-2026-08
2d13f77f-c685-5831-8c48-9675aeaf06de,BV-01_20260812_0020.jpg,2026-08-12 07:15:32,BV-01,smartphone,saudavel,saudavel,0.9890,agrosmart-v1,simulado,sim-2026-08
5318aac2-c769-582a-9f84-befdca5d0fd1,BV-01_20260812_0021.jpg,2026-08-12 07:16:18,BV-01,smartphone,saudavel,saudavel,0.9619,agrosmart-v1,simulado,sim-2026-08
cd9a9c54-01c9-561c-9f49-33784e10bb44,BV-01_20260812_0022.jpg,2026-08-12 07:17:03,BV-01,smartphone,saudavel,saudavel,0.9248,agrosmart-v1,simulado,sim-2026-08
59b849ee-1271-5511-af17-c9d24dcae0bc,BV-01_20260812_0023.jpg,2026-08-12 07:17:31,BV-01,smartphone,saudavel,saudavel,0.9088,agrosmart-v1,simulado,sim-2026-08
fd98fbb0-f7a4-55ef-afb1-49546bcc263f,BV-01_20260812_0024.jpg,2026-08-12 07:18:19,BV-01,smartphone,saudavel,saudavel,0.8700,agrosmart-v1,simulado,sim-2026-08
6b9e6ac7-3111-5c9a-a73e-d885dfd5118e,BV-01_20260812_0025.jpg,2026-08-12 07:18:45,BV-01,smartphone,saudavel,saudavel,0.9032,agrosmart-v1,simulado,sim-2026-08
a1e1edb5-2a13-570e-ba74-754ce78c870a,BV-01_20260812_0026.jpg,2026-08-12 07:19:49,BV-01,smartphone,saudavel,saudavel,0.9122,agrosmart-v1,simulado,sim-2026-08
dc219061-5b2d-5a4f-ab91-bcb0a9498e79,SC-02_20260812_0001.jpg,2026-08-12 07:30:58,SC-02,smartphone,saudavel,saudavel,0.9754,agrosmart-v1,simulado,sim-2026-08
dbf19187-2f95-59bc-b785-936e7c333f6b,SC-02_20260812_0002.jpg,2026-08-12 07:31:34,SC-02,smartphone,saudavel,saudavel,0.8263,agrosmart-v1,simulado,sim-2026-08
0fa4c580-4b19-5e29-b94e-f56c1514a765,SC-02_20260812_0003.jpg,2026-08-12 07:32:26,SC-02,smartphone,saudavel,saudavel,0.8217,agrosmart-v1,simulado,sim-2026-08
e898602c-aa80-5c95-ba2a-e0ddc660440c,SC-02_20260812_0004.jpg,2026-08-12 07:32:40,SC-02,smartphone,saudavel,saudavel,0.9163,agrosmart-v1,simulado,sim-2026-08
64a7b360-180a-55c2-9eaa-31fa277f52c5,SC-02_20260812_0005.jpg,2026-08-12 07:33:41,SC-02,smartphone,saudavel,saudavel,0.9863,agrosmart-v1,simulado,sim-2026-08
092ce789-35a0-5594-961e-870311051990,SC-02_20260812_0006.jpg,2026-08-12 07:34:11,SC-02,smartphone,saudavel,saudavel,0.9947,agrosmart-v1,simulado,sim-2026-08
bdca7ab1-2275-5b14-a891-38d12a384b03,SC-02_20260812_0007.jpg,2026-08-12 07:35:05,SC-02,smartphone,saudavel,saudavel,0.9924,agrosmart-v1,simulado,sim-2026-08
7166c921-8a75-5597-a8be-3e107af51004,SC-02_20260812_0008.jpg,2026-08-12 07:35:30,SC-02,smartphone,saudavel,saudavel,0.8891,agrosmart-v1,simulado,sim-2026-08
dcad7ca1-43e1-5881-aea0-9f91dca14166,SC-02_20260812_0009.jpg,2026-08-12 07:36:11,SC-02,smartphone,saudavel,saudavel,0.9954,agrosmart-v1,simulado,sim-2026-08
5897f650-131c-555a-9ee7-6d379ca6c444,SC-02_20260812_0010.jpg,2026-08-12 07:36:41,SC-02,smartphone,saudavel,saudavel,0.9388,agrosmart-v1,simulado,sim-2026-08
800853ba-67f5-56b2-8c8a-ba1535819a67,SC-02_20260812_0011.jpg,2026-08-12 07:37:48,SC-02,smartphone,saudavel,saudavel,0.9354,agrosmart-v1,simulado,sim-2026-08
cb7a8b6a-ee6f-536e-a756-d88c0f1f64fb,SC-02_20260812_0012.jpg,2026-08-12 07:38:26,SC-02,smartphone,saudavel,saudavel,0.9429,agrosmart-v1,simulado,sim-2026-08
e8018449-8a8c-538b-9f9f-209a485db96a,SC-02_20260812_0013.jpg,2026-08-12 07:38:48,SC-02,smartphone,saudavel,saudavel,0.9659,agrosmart-v1,simulado,sim-2026-08
e294b58c-aa8b-5c09-866c-91a83f8d82b2,SC-02_20260812_0014.jpg,2026-08-12 07:39:36,SC-02,smartphone,doente,vaquinha,0.9555,agrosmart-v1,simulado,sim-2026-08
8c6de5f8-d0a3-5936-8c48-596f4f32716a,SC-02_20260812_0015.jpg,2026-08-12 07:40:00,SC-02,smartphone,saudavel,saudavel,0.9909,agrosmart-v1,simulado,sim-2026-08
f096bed5-1c9c-5acb-bb19-c6e2ff6b8711,SC-02_20260812_0016.jpg,2026-08-12 07:41:01,SC-02,smartphone,saudavel,saudavel,0.8467,agrosmart-v1,simulado,sim-2026-08
d54a71ef-47ff-56eb-807c-f6797be56271,SC-02_20260812_0017.jpg,2026-08-12 07:41:28,SC-02,smartphone,saudavel,saudavel,0.9381,agrosmart-v1,simulado,sim-2026-08
97d1d45d-d4df-59f1-b423-847e3366e809,SC-02_20260812_0018.jpg,2026-08-12 07:42:18,SC-02,smartphone,saudavel,saudavel,0.8370,agrosmart-v1,simulado,sim-2026-08
96e22f8e-605d-5e32-adcb-99ce814577f7,SC-02_20260812_0019.jpg,2026-08-12 07:43:02,SC-02,smartphone,saudavel,saudavel,0.9877,agrosmart-v1,simulado,sim-2026-08
079ab42c-db57-5dc8-a965-73d9d5dd4051,SC-02_20260812_0020.jpg,2026-08-12 07:43:31,SC-02,smartphone,saudavel,saudavel,0.9215,agrosmart-v1,simulado,sim-2026-08
04fdfe7a-d24e-54fb-83b0-ebf57a05f2de,SC-02_20260812_0021.jpg,2026-08-12 07:44:15,SC-02,smartphone,saudavel,saudavel,0.8648,agrosmart-v1,simulado,sim-2026-08
42a06bb3-acc8-5857-ace0-aee45377142e,SC-02_20260812_0022.jpg,2026-08-12 07:44:48,SC-02,smartphone,saudavel,saudavel,0.9987,agrosmart-v1,simulado,sim-2026-08
b6ad7326-d189-58e9-86c5-31762055b7e3,SC-02_20260812_0023.jpg,2026-08-12 07:45:43,SC-02,smartphone,saudavel,saudavel,0.9101,agrosmart-v1,simulado,sim-2026-08
0739c7d4-a68f-5c07-a30c-4612ab020433,SC-02_20260812_0024.jpg,2026-08-12 07:46:00,SC-02,smartphone,saudavel,saudavel,0.9521,agrosmart-v1,simulado,sim-2026-08
3c8632c7-9e26-5a83-8ef5-6dffbb3b8ec2,SC-02_20260812_0025.jpg,2026-08-12 07:47:01,SC-02,smartphone,saudavel,saudavel,0.9105,agrosmart-v1,simulado,sim-2026-08
79847c4f-3501-548b-9c20-a28c97076e55,SC-02_20260812_0026.jpg,2026-08-12 07:47:43,SC-02,smartphone,saudavel,saudavel,0.8858,agrosmart-v1,simulado,sim-2026-08
989897ed-9b6c-5108-8972-cc9fdf4ab38b,SC-02_20260812_0027.jpg,2026-08-12 07:48:28,SC-02,smartphone,saudavel,saudavel,0.9954,agrosmart-v1,simulado,sim-2026-08
edfd24c2-4313-5be1-85fa-e96982838bdf,SC-02_20260812_0028.jpg,2026-08-12 07:48:48,SC-02,smartphone,saudavel,saudavel,0.9863,agrosmart-v1,simulado,sim-2026-08
af6c6bac-7a23-5e0d-8aab-cbfcf4667b1d,SC-02_20260812_0029.jpg,2026-08-12 07:49:34,SC-02,smartphone,saudavel,saudavel,0.6456,agrosmart-v1,simulado,sim-2026-08
6c516efb-b6d5-5b53-b356-3e9b7c918f4e,SC-02_20260812_0030.jpg,2026-08-12 07:50:03,SC-02,smartphone,saudavel,saudavel,0.9544,agrosmart-v1,simulado,sim-2026-08
a9e53087-5881-5f36-8b35-9830d0fa0ca6,SC-02_20260812_0031.jpg,2026-08-12 07:50:53,SC-02,smartphone,saudavel,saudavel,0.8999,agrosmart-v1,simulado,sim-2026-08
ed473701-07af-5375-b7b0-3e45b79ac12e,TI-01_20260812_0001.jpg,2026-08-12 08:08:07,TI-01,drone,saudavel,saudavel,0.9420,agrosmart-v1,simulado,sim-2026-08
d60cad9f-4652-5bd9-b3de-0a9df464c223,TI-01_20260812_0002.jpg,2026-08-12 08:08:33,TI-01,drone,saudavel,saudavel,0.8464,agrosmart-v1,simulado,sim-2026-08
eaf7cab3-c7e7-53f4-a6d3-0df01a2e6323,TI-01_20260812_0003.jpg,2026-08-12 08:09:27,TI-01,drone,saudavel,saudavel,0.9146,agrosmart-v1,simulado,sim-2026-08
aab76554-5dd8-5127-93da-4c9450143dfe,TI-01_20260812_0004.jpg,2026-08-12 08:09:43,TI-01,drone,saudavel,saudavel,0.9629,agrosmart-v1,simulado,sim-2026-08
f9d6f88e-2a50-5b3e-beae-8bc08fbab9f8,TI-01_20260812_0005.jpg,2026-08-12 08:10:29,TI-01,drone,saudavel,saudavel,0.9265,agrosmart-v1,simulado,sim-2026-08
caf54780-daea-5d0b-830f-643519b1a6b2,TI-01_20260812_0006.jpg,2026-08-12 08:11:13,TI-01,drone,saudavel,saudavel,0.9852,agrosmart-v1,simulado,sim-2026-08
044033fe-edf0-569c-9257-1111bd953271,TI-01_20260812_0007.jpg,2026-08-12 08:11:58,TI-01,drone,saudavel,saudavel,0.9170,agrosmart-v1,simulado,sim-2026-08
4068aba7-8767-51df-9de4-04719dcdab7e,TI-01_20260812_0008.jpg,2026-08-12 08:12:42,TI-01,drone,saudavel,saudavel,0.8552,agrosmart-v1,simulado,sim-2026-08
2c1ad358-2742-5fa6-9453-df228ee8caaa,TI-01_20260812_0009.jpg,2026-08-12 08:13:02,TI-01,drone,saudavel,saudavel,0.8979,agrosmart-v1,simulado,sim-2026-08
9228375a-b337-54ce-aa74-2b94f3b85b15,TI-01_20260812_0010.jpg,2026-08-12 08:13:47,TI-01,drone,saudavel,saudavel,0.9044,agrosmart-v1,simulado,sim-2026-08
e6afddc4-018e-5374-a7db-fde51f27c1be,TI-01_20260812_0011.jpg,2026-08-12 08:14:30,TI-01,drone,saudavel,saudavel,0.8249,agrosmart-v1,simulado,sim-2026-08
5201aee5-6574-5f22-be2c-51871561c171,TI-01_20260812_0012.jpg,2026-08-12 08:15:20,TI-01,drone,saudavel,saudavel,0.8711,agrosmart-v1,simulado,sim-2026-08
08dad646-c46d-5169-9e6d-b0069133f588,TI-01_20260812_0013.jpg,2026-08-12 08:16:04,TI-01,drone,saudavel,saudavel,0.9975,agrosmart-v1,simulado,sim-2026-08
fdde9a13-2cdc-55e5-b9c6-669a39ffb642,TI-01_20260812_0014.jpg,2026-08-12 08:16:41,TI-01,drone,saudavel,saudavel,0.5432,agrosmart-v1,simulado,sim-2026-08
301e8ab9-930f-58bb-99ef-b16093f30a43,TI-01_20260812_0015.jpg,2026-08-12 08:17:27,TI-01,drone,saudavel,saudavel,1.0000,agrosmart-v1,simulado,sim-2026-08
759acfd2-75fb-5c85-a2b8-d33d8d050fb7,TI-01_20260812_0016.jpg,2026-08-12 08:18:07,TI-01,drone,saudavel,saudavel,0.8277,agrosmart-v1,simulado,sim-2026-08
5657f307-072b-59f6-8efe-f11cd78cbefe,TI-01_20260812_0017.jpg,2026-08-12 08:18:34,TI-01,drone,saudavel,saudavel,0.8389,agrosmart-v1,simulado,sim-2026-08
a389654e-4ecb-56b7-9a94-abf10ef57dfc,TI-01_20260812_0018.jpg,2026-08-12 08:19:05,TI-01,drone,saudavel,saudavel,0.9681,agrosmart-v1,simulado,sim-2026-08
80c4b52a-5daa-53b8-bd58-0da516c27e76,TI-01_20260812_0019.jpg,2026-08-12 08:19:43,TI-01,drone,saudavel,saudavel,0.9510,agrosmart-v1,simulado,sim-2026-08
e1c3b3e6-0674-574d-a4b7-84b190e3db56,TI-01_20260812_0020.jpg,2026-08-12 08:20:30,TI-01,drone,saudavel,saudavel,0.9998,agrosmart-v1,simulado,sim-2026-08
d8736c30-efaa-5ad5-b789-b209dd620bf3,TI-01_20260812_0021.jpg,2026-08-12 08:21:03,TI-01,drone,saudavel,saudavel,0.9214,agrosmart-v1,simulado,sim-2026-08
726e4097-9612-5f48-8815-cde0234a2571,TI-01_20260812_0022.jpg,2026-08-12 08:22:02,TI-01,drone,saudavel,saudavel,0.8782,agrosmart-v1,simulado,sim-2026-08
fe0463b4-97f8-52cd-96d0-f8c8e9d2cd08,TI-01_20260812_0023.jpg,2026-08-12 08:22:25,TI-01,drone,saudavel,saudavel,0.9888,agrosmart-v1,simulado,sim-2026-08
8d2af05b-10c8-5de4-8c7b-1bc0a06ccc6b,TI-01_20260812_0024.jpg,2026-08-12 08:23:27,TI-01,drone,saudavel,saudavel,0.9636,agrosmart-v1,simulado,sim-2026-08
2ec3acf1-0ae3-552b-9ef5-bf6f0dab0d8e,TI-01_20260812_0025.jpg,2026-08-12 08:23:44,TI-01,drone,saudavel,saudavel,0.7112,agrosmart-v1,simulado,sim-2026-08
4b65c672-a204-52a6-846b-4843024f604d,TI-01_20260812_0026.jpg,2026-08-12 08:24:46,TI-01,drone,saudavel,saudavel,0.8540,agrosmart-v1,simulado,sim-2026-08
a0cdc67c-8a55-5e0e-8f4e-b94f85e39414,TI-01_20260812_0027.jpg,2026-08-12 08:25:08,TI-01,drone,saudavel,saudavel,1.0000,agrosmart-v1,simulado,sim-2026-08
35325642-dab4-5168-8ba6-603b528f899d,TI-01_20260812_0028.jpg,2026-08-12 08:26:03,TI-01,drone,saudavel,saudavel,0.9819,agrosmart-v1,simulado,sim-2026-08
8eeb62de-9c2d-52bd-a9c6-0ef660292a4f,TI-01_20260812_0029.jpg,2026-08-12 08:26:40,TI-01,drone,saudavel,saudavel,0.9965,agrosmart-v1,simulado,sim-2026-08
c08c53dd-92b0-5a36-947f-8e27724db882,TI-01_20260812_0030.jpg,2026-08-12 08:27:10,TI-01,drone,saudavel,saudavel,0.8677,agrosmart-v1,simulado,sim-2026-08
94d8d779-14f0-5ea4-a409-8bd9a2dd8bfe,TI-01_20260812_0031.jpg,2026-08-12 08:28:00,TI-01,drone,saudavel,saudavel,0.9673,agrosmart-v1,simulado,sim-2026-08
1f2ddb19-d973-5b89-bbc2-87bd093026c7,TI-01_20260812_0032.jpg,2026-08-12 08:28:36,TI-01,drone,saudavel,saudavel,0.9126,agrosmart-v1,simulado,sim-2026-08
1e3865a1-b381-5b9c-a1b4-a146960f7275,TI-01_20260812_0033.jpg,2026-08-12 08:29:15,TI-01,drone,saudavel,saudavel,0.8783,agrosmart-v1,simulado,sim-2026-08
d1a7adeb-8218-5dc5-87ea-5fc05b62bcf7,TI-01_20260812_0034.jpg,2026-08-12 08:29:57,TI-01,drone,saudavel,saudavel,0.9906,agrosmart-v1,simulado,sim-2026-08
0668f98c-8b53-5b1e-8ab7-a662f9377679,TI-01_20260812_0035.jpg,2026-08-12 08:30:40,TI-01,drone,saudavel,saudavel,0.9893,agrosmart-v1,simulado,sim-2026-08
198756a3-f7e8-53f5-8cb9-15d72ed32d89,TI-01_20260812_0036.jpg,2026-08-12 08:31:02,TI-01,drone,saudavel,saudavel,0.9943,agrosmart-v1,simulado,sim-2026-08
b063d8e4-1928-54b9-a891-6604d3a54ecb,TI-01_20260812_0037.jpg,2026-08-12 08:31:59,TI-01,drone,saudavel,saudavel,0.9686,agrosmart-v1,simulado,sim-2026-08
f89ef2c1-1a4c-5272-9de1-b9f80fc9a900,TI-01_20260812_0038.jpg,2026-08-12 08:32:31,TI-01,drone,saudavel,saudavel,0.9367,agrosmart-v1,simulado,sim-2026-08
c1b7c709-f97c-526f-a52a-d9a2fbdb9984,TI-01_20260812_0039.jpg,2026-08-12 08:33:00,TI-01,drone,saudavel,saudavel,0.8658,agrosmart-v1,simulado,sim-2026-08
69dba130-535e-5f9a-a22a-7f66040358cb,SC-01_20260812_0001.jpg,2026-08-12 08:33:42,SC-01,smartphone,saudavel,saudavel,0.9863,agrosmart-v1,simulado,sim-2026-08
96b99c85-9016-5e86-88c9-a0f3dffd7d7f,TI-01_20260812_0040.jpg,2026-08-12 08:33:46,TI-01,drone,saudavel,saudavel,0.8662,agrosmart-v1,simulado,sim-2026-08
a6e2f247-b1b7-55f6-a0b9-56fa168e2a00,SC-01_20260812_0002.jpg,2026-08-12 08:34:48,SC-01,smartphone,saudavel,saudavel,0.9578,agrosmart-v1,simulado,sim-2026-08
26ff8254-27e4-5245-bc9a-dee14322163a,SC-01_20260812_0003.jpg,2026-08-12 08:35:11,SC-01,smartphone,saudavel,saudavel,0.9878,agrosmart-v1,simulado,sim-2026-08
b8b95bfe-c50c-5727-8086-3f62bf3df8d0,SC-01_20260812_0004.jpg,2026-08-12 08:35:50,SC-01,smartphone,saudavel,saudavel,0.9987,agrosmart-v1,simulado,sim-2026-08
9218aaba-458d-5eff-a1f5-e6f233bd620a,SC-01_20260812_0005.jpg,2026-08-12 08:36:44,SC-01,smartphone,saudavel,saudavel,0.9550,agrosmart-v1,simulado,sim-2026-08
8ae7a78a-6a8e-5c72-952b-66457d2707fc,SC-01_20260812_0006.jpg,2026-08-12 08:37:07,SC-01,smartphone,saudavel,saudavel,0.9775,agrosmart-v1,simulado,sim-2026-08
dcea5e5c-ac23-5d43-bd36-94b9db3f08a0,SC-01_20260812_0007.jpg,2026-08-12 08:37:41,SC-01,smartphone,saudavel,saudavel,0.9697,agrosmart-v1,simulado,sim-2026-08
deb1c0cc-a8d4-5f9c-ba6e-9b7cd3248919,SC-01_20260812_0008.jpg,2026-08-12 08:38:25,SC-01,smartphone,saudavel,saudavel,0.9826,agrosmart-v1,simulado,sim-2026-08
537e04a2-8675-50ea-9c4d-a5c9ab6aabbb,SC-01_20260812_0009.jpg,2026-08-12 08:39:17,SC-01,smartphone,saudavel,saudavel,0.9969,agrosmart-v1,simulado,sim-2026-08
6dacf26a-ca18-59c2-be23-84689feae12d,SC-01_20260812_0010.jpg,2026-08-12 08:40:10,SC-01,smartphone,saudavel,saudavel,0.9267,agrosmart-v1,simulado,sim-2026-08
ec066c17-c7bc-5082-8f1b-0294cf9d6b59,SC-01_20260812_0011.jpg,2026-08-12 08:40:42,SC-01,smartphone,saudavel,saudavel,0.8347,agrosmart-v1,simulado,sim-2026-08
9b300aca-546a-552e-8af6-7388704996a0,SC-01_20260812_0012.jpg,2026-08-12 08:41:20,SC-01,smartphone,saudavel,saudavel,0.8871,agrosmart-v1,simulado,sim-2026-08
d5a5ea98-3081-5e50-83cc-ab510f2307f4,SC-01_20260812_0013.jpg,2026-08-12 08:41:41,SC-01,smartphone,saudavel,saudavel,0.9972,agrosmart-v1,simulado,sim-2026-08
7abce076-b67d-54e4-8dbb-484ea02be406,SC-01_20260812_0014.jpg,2026-08-12 08:42:29,SC-01,smartphone,saudavel,saudavel,0.9812,agrosmart-v1,simulado,sim-2026-08
311c232e-d243-5820-bcd3-1251cc627cce,SC-01_20260812_0015.jpg,2026-08-12 08:43:19,SC-01,smartphone,saudavel,saudavel,0.9556,agrosmart-v1,simulado,sim-2026-08
c76e7565-201d-51e3-8974-d7923012eb25,SC-01_20260812_0016.jpg,2026-08-12 08:43:52,SC-01,smartphone,saudavel,saudavel,0.9319,agrosmart-v1,simulado,sim-2026-08
21ef9380-b581-5e0e-a30a-2dd9b1fa69fa,SC-01_20260812_0017.jpg,2026-08-12 08:44:21,SC-01,smartphone,saudavel,saudavel,0.9326,agrosmart-v1,simulado,sim-2026-08
09d84612-d056-53a8-9a65-040b6d791d4b,SC-01_20260812_0018.jpg,2026-08-12 08:45:05,SC-01,smartphone,saudavel,saudavel,0.9678,agrosmart-v1,simulado,sim-2026-08
cb17d08c-74ca-510c-bf3a-94370a5e25fd,SC-01_20260812_0019.jpg,2026-08-12 08:46:09,SC-01,smartphone,saudavel,saudavel,0.8269,agrosmart-v1,simulado,sim-2026-08
ca55498e-286f-5276-ac60-91b42880419a,SC-01_20260812_0020.jpg,2026-08-12 08:46:37,SC-01,smartphone,saudavel,saudavel,0.9724,agrosmart-v1,simulado,sim-2026-08
f3dbaaf7-d079-571f-b744-e8363cf99b6f,SC-01_20260812_0021.jpg,2026-08-12 08:47:21,SC-01,smartphone,saudavel,saudavel,0.9977,agrosmart-v1,simulado,sim-2026-08
17636b11-d303-5826-9b23-87f62d8e9247,SC-01_20260812_0022.jpg,2026-08-12 08:48:10,SC-01,smartphone,saudavel,saudavel,0.8251,agrosmart-v1,simulado,sim-2026-08
4f312939-9d19-59ac-af72-d41916dcb260,SC-01_20260812_0023.jpg,2026-08-12 08:48:41,SC-01,smartphone,saudavel,saudavel,0.9988,agrosmart-v1,simulado,sim-2026-08
e55e9b68-e0b7-53ae-9e20-6a615a84586d,TI-03_20260812_0001.jpg,2026-08-12 08:48:58,TI-03,drone,saudavel,saudavel,0.5362,agrosmart-v1,simulado,sim-2026-08
5b4a67d3-4e47-56a5-99a8-865d12a2abd8,SC-01_20260812_0024.jpg,2026-08-12 08:49:06,SC-01,smartphone,saudavel,saudavel,0.9932,agrosmart-v1,simulado,sim-2026-08
1bf6dd0e-dd41-54fb-a366-de3cdcd83859,TI-03_20260812_0002.jpg,2026-08-12 08:49:38,TI-03,drone,saudavel,saudavel,0.9726,agrosmart-v1,simulado,sim-2026-08
9f7d7ce6-d06d-563b-b3c8-bb3326951bb5,SC-01_20260812_0025.jpg,2026-08-12 08:50:08,SC-01,smartphone,doente,pinta_preta,0.9999,agrosmart-v1,simulado,sim-2026-08
d6f64804-8063-5b5d-902d-2fa56e8930ec,TI-03_20260812_0003.jpg,2026-08-12 08:50:29,TI-03,drone,saudavel,saudavel,0.9998,agrosmart-v1,simulado,sim-2026-08
faa319a9-60b6-54b1-b7f5-f3fb30da9c5e,SC-01_20260812_0026.jpg,2026-08-12 08:50:47,SC-01,smartphone,saudavel,saudavel,0.9204,agrosmart-v1,simulado,sim-2026-08
5c014092-0884-5930-a149-aef0b31a0ed4,TI-03_20260812_0004.jpg,2026-08-12 08:51:00,TI-03,drone,saudavel,saudavel,0.8428,agrosmart-v1,simulado,sim-2026-08
bd1c5c13-4d3f-53af-ae34-617b8fce9b78,SC-01_20260812_0027.jpg,2026-08-12 08:51:25,SC-01,smartphone,saudavel,saudavel,1.0000,agrosmart-v1,simulado,sim-2026-08
32c4ca31-2068-56ba-a07b-de11f7becb0b,TI-03_20260812_0005.jpg,2026-08-12 08:51:46,TI-03,drone,saudavel,saudavel,0.7550,agrosmart-v1,simulado,sim-2026-08
d4003fb6-220d-5c21-a859-3fb3a7a62099,SC-01_20260812_0028.jpg,2026-08-12 08:52:00,SC-01,smartphone,saudavel,saudavel,0.9564,agrosmart-v1,simulado,sim-2026-08
660ae699-562d-59ae-a085-a6adfbf0fa6e,TI-03_20260812_0006.jpg,2026-08-12 08:52:05,TI-03,drone,saudavel,saudavel,0.9327,agrosmart-v1,simulado,sim-2026-08
83e7315d-870b-5899-a75f-78b40996099b,SC-01_20260812_0029.jpg,2026-08-12 08:52:30,SC-01,smartphone,saudavel,saudavel,0.9637,agrosmart-v1,simulado,sim-2026-08
4c21ebac-a497-54b3-a997-da882dff12c8,TI-03_20260812_0007.jpg,2026-08-12 08:52:45,TI-03,drone,saudavel,saudavel,0.9859,agrosmart-v1,simulado,sim-2026-08
fa8f76b3-02f3-5aaa-8bee-ecf2b57afd60,SC-01_20260812_0030.jpg,2026-08-12 08:53:17,SC-01,smartphone,saudavel,saudavel,0.9317,agrosmart-v1,simulado,sim-2026-08
5b45bb24-15cc-50f1-b5e9-6b4e78a24685,SC-01_20260812_0031.jpg,2026-08-12 08:53:45,SC-01,smartphone,saudavel,saudavel,0.9489,agrosmart-v1,simulado,sim-2026-08
989b07df-11d2-54db-9339-500cffbde5cb,TI-03_20260812_0008.jpg,2026-08-12 08:53:49,TI-03,drone,saudavel,saudavel,0.9136,agrosmart-v1,simulado,sim-2026-08
25abf265-f48a-5790-b8ce-c5c3d5b84b51,TI-03_20260812_0009.jpg,2026-08-12 08:54:02,TI-03,drone,saudavel,saudavel,0.9239,agrosmart-v1,simulado,sim-2026-08
d9459625-6cf6-5743-bdb1-6c4c65292ce8,SC-01_20260812_0032.jpg,2026-08-12 08:54:50,SC-01,smartphone,saudavel,saudavel,0.9360,agrosmart-v1,simulado,sim-2026-08
834fe2e8-59db-5ace-a5ed-e03a8b0217e7,TI-03_20260812_0010.jpg,2026-08-12 08:54:55,TI-03,drone,saudavel,saudavel,0.8315,agrosmart-v1,simulado,sim-2026-08
619bd09f-dc94-5d07-8556-e49416897690,SC-01_20260812_0033.jpg,2026-08-12 08:55:05,SC-01,smartphone,saudavel,saudavel,0.9630,agrosmart-v1,simulado,sim-2026-08
9921caee-0fd7-548a-88b5-d7f45fdb69ff,TI-03_20260812_0011.jpg,2026-08-12 08:55:41,TI-03,drone,saudavel,saudavel,0.9716,agrosmart-v1,simulado,sim-2026-08
eafef616-a789-59b9-afb3-bdb24e7679ca,TI-03_20260812_0012.jpg,2026-08-12 08:56:06,TI-03,drone,saudavel,saudavel,0.9987,agrosmart-v1,simulado,sim-2026-08
dcd76b79-5ce4-518b-b5b3-acf2d326049f,SC-01_20260812_0034.jpg,2026-08-12 08:56:10,SC-01,smartphone,saudavel,saudavel,0.9882,agrosmart-v1,simulado,sim-2026-08
7a8994c6-36f3-5c33-9206-34612c3ee67b,SC-01_20260812_0035.jpg,2026-08-12 08:56:38,SC-01,smartphone,saudavel,saudavel,0.9178,agrosmart-v1,simulado,sim-2026-08
3b25a002-641a-54ae-8f2a-9a85c2f92edf,TI-03_20260812_0013.jpg,2026-08-12 08:56:47,TI-03,drone,saudavel,saudavel,0.8863,agrosmart-v1,simulado,sim-2026-08
6fbbad4a-4d6c-56cd-8fdf-204af4a4e736,TI-03_20260812_0014.jpg,2026-08-12 08:57:49,TI-03,drone,saudavel,saudavel,0.9839,agrosmart-v1,simulado,sim-2026-08
67ed6629-6a5c-5644-b0ef-2fed13b01630,TI-03_20260812_0015.jpg,2026-08-12 08:58:28,TI-03,drone,saudavel,saudavel,0.9064,agrosmart-v1,simulado,sim-2026-08
2b126ef2-5c6b-518c-b698-32e9f8bf948c,TI-03_20260812_0016.jpg,2026-08-12 08:58:47,TI-03,drone,saudavel,saudavel,0.9968,agrosmart-v1,simulado,sim-2026-08
4c16334c-7d35-5bf0-b102-0291d8e1a2ca,SC-03_20260812_0001.jpg,2026-08-12 08:59:00,SC-03,smartphone,saudavel,saudavel,0.9833,agrosmart-v1,simulado,sim-2026-08
9e403751-e343-5781-a63f-6a0b40bf5cde,SC-03_20260812_0002.jpg,2026-08-12 08:59:21,SC-03,smartphone,saudavel,saudavel,0.9931,agrosmart-v1,simulado,sim-2026-08
3bf1ea51-969c-575d-9110-ddf29cb48b42,TI-03_20260812_0017.jpg,2026-08-12 08:59:50,TI-03,drone,saudavel,saudavel,0.8671,agrosmart-v1,simulado,sim-2026-08
062ef206-37a6-5a63-b244-fa839093c7a7,TI-02_20260812_0001.jpg,2026-08-12 08:59:59,TI-02,drone,saudavel,saudavel,0.9375,agrosmart-v1,simulado,sim-2026-08
5199ed49-83da-5e25-90f3-649b6c48a5a0,TI-03_20260812_0018.jpg,2026-08-12 09:00:28,TI-03,drone,saudavel,saudavel,0.8275,agrosmart-v1,simulado,sim-2026-08
39efbede-21ee-5524-81d8-754aff0ff527,SC-03_20260812_0003.jpg,2026-08-12 09:00:30,SC-03,smartphone,doente,requeima,0.9970,agrosmart-v1,simulado,sim-2026-08
d0e62ea2-ca05-5566-bbdf-a16def504e69,TI-02_20260812_0002.jpg,2026-08-12 09:00:48,TI-02,drone,saudavel,saudavel,0.9961,agrosmart-v1,simulado,sim-2026-08
6a196b8f-582a-5cbf-be90-551303a9e696,TI-03_20260812_0019.jpg,2026-08-12 09:00:53,TI-03,drone,saudavel,saudavel,0.9239,agrosmart-v1,simulado,sim-2026-08
4bfc5001-148a-533b-92a7-a0615b03477a,SC-03_20260812_0004.jpg,2026-08-12 09:01:08,SC-03,smartphone,saudavel,saudavel,0.9788,agrosmart-v1,simulado,sim-2026-08
b620ba72-0bb0-5626-8b1a-7441db18c52f,TI-02_20260812_0003.jpg,2026-08-12 09:01:22,TI-02,drone,saudavel,saudavel,0.9437,agrosmart-v1,simulado,sim-2026-08
ccb70fed-35eb-5a09-91a5-b2b3209d7247,SC-03_20260812_0005.jpg,2026-08-12 09:01:34,SC-03,smartphone,saudavel,saudavel,0.9830,agrosmart-v1,simulado,sim-2026-08
8870236b-c7b8-5aca-a1e6-ee9c7a45e379,TI-03_20260812_0020.jpg,2026-08-12 09:01:46,TI-03,drone,saudavel,saudavel,0.8882,agrosmart-v1,simulado,sim-2026-08
38cd27e1-2084-5d8e-a30f-4e85040e98c5,SC-03_20260812_0006.jpg,2026-08-12 09:02:04,SC-03,smartphone,saudavel,saudavel,0.9720,agrosmart-v1,simulado,sim-2026-08
6a9fec5e-4497-5cc6-9d79-a5b731507738,TI-02_20260812_0004.jpg,2026-08-12 09:02:07,TI-02,drone,saudavel,saudavel,0.5226,agrosmart-v1,simulado,sim-2026-08
4d18d354-d02b-526b-a43c-bc20e7a76e10,TI-03_20260812_0021.jpg,2026-08-12 09:02:07,TI-03,drone,saudavel,saudavel,0.9977,agrosmart-v1,simulado,sim-2026-08
a7fc2f8f-e9ef-5ad8-8fdf-2b27264d377a,TI-02_20260812_0005.jpg,2026-08-12 09:02:42,TI-02,drone,saudavel,saudavel,0.9034,agrosmart-v1,simulado,sim-2026-08
018d889a-15f3-5573-b65f-4716c3c86252,TI-03_20260812_0022.jpg,2026-08-12 09:03:03,TI-03,drone,saudavel,saudavel,0.9882,agrosmart-v1,simulado,sim-2026-08
bf26a612-2973-54cb-ad26-f28ed96aa573,SC-03_20260812_0007.jpg,2026-08-12 09:03:07,SC-03,smartphone,saudavel,saudavel,0.9994,agrosmart-v1,simulado,sim-2026-08
d5042141-7011-517f-ae36-1efcff8b7fba,TI-02_20260812_0006.jpg,2026-08-12 09:03:25,TI-02,drone,saudavel,saudavel,0.9775,agrosmart-v1,simulado,sim-2026-08
cd9cabf4-47f5-5b84-97d0-966a8f254972,SC-03_20260812_0008.jpg,2026-08-12 09:03:26,SC-03,smartphone,saudavel,saudavel,0.9920,agrosmart-v1,simulado,sim-2026-08
44b4d933-50b4-5a95-9a66-fc1f131c86ef,TI-03_20260812_0023.jpg,2026-08-12 09:03:50,TI-03,drone,saudavel,saudavel,0.8652,agrosmart-v1,simulado,sim-2026-08
aa21958e-9637-5c74-8812-692ecfabe098,TI-02_20260812_0007.jpg,2026-08-12 09:03:56,TI-02,drone,saudavel,saudavel,0.9945,agrosmart-v1,simulado,sim-2026-08
f5ed39f1-0415-5596-a6ef-eae2a30c6a94,TI-03_20260812_0024.jpg,2026-08-12 09:04:22,TI-03,drone,saudavel,saudavel,0.9950,agrosmart-v1,simulado,sim-2026-08
5838aac2-ef60-51e5-afcf-6fe2bc74ae19,SC-03_20260812_0009.jpg,2026-08-12 09:04:23,SC-03,smartphone,saudavel,saudavel,0.9966,agrosmart-v1,simulado,sim-2026-08
cf754521-3cd3-50a9-bb3c-f0b8816bb51e,TI-02_20260812_0008.jpg,2026-08-12 09:04:39,TI-02,drone,doente,vaquinha,0.9400,agrosmart-v1,simulado,sim-2026-08
1baf5530-ab4a-5db1-99f0-c0ee6a8077d3,TI-03_20260812_0025.jpg,2026-08-12 09:04:41,TI-03,drone,saudavel,saudavel,0.8269,agrosmart-v1,simulado,sim-2026-08
55bdf03c-8bff-559d-b651-fb2433343a0d,SC-03_20260812_0010.jpg,2026-08-12 09:05:07,SC-03,smartphone,saudavel,saudavel,0.5902,agrosmart-v1,simulado,sim-2026-08
f6a0ddac-1f21-521a-8a2b-ad19fafadf85,TI-03_20260812_0026.jpg,2026-08-12 09:05:22,TI-03,drone,saudavel,saudavel,0.9986,agrosmart-v1,simulado,sim-2026-08
0cd4bcae-42ae-52b8-b74e-7edaffeae6b6,TI-02_20260812_0009.jpg,2026-08-12 09:05:24,TI-02,drone,saudavel,saudavel,0.9807,agrosmart-v1,simulado,sim-2026-08
0d75dc8d-8678-54a5-ac78-7fcc75efe09b,SC-03_20260812_0011.jpg,2026-08-12 09:05:28,SC-03,smartphone,saudavel,saudavel,0.9762,agrosmart-v1,simulado,sim-2026-08
b2b0b539-4b5b-522e-9c47-42351a7c6023,TI-02_20260812_0010.jpg,2026-08-12 09:05:52,TI-02,drone,saudavel,saudavel,0.9702,agrosmart-v1,simulado,sim-2026-08
4bab315a-d6d0-546d-a5d0-cf42dd7aac1e,SC-03_20260812_0012.jpg,2026-08-12 09:06:00,SC-03,smartphone,saudavel,saudavel,0.9994,agrosmart-v1,simulado,sim-2026-08
66420bc5-1923-5f8b-a122-593a7608fd78,TI-02_20260812_0011.jpg,2026-08-12 09:06:26,TI-02,drone,saudavel,saudavel,0.9119,agrosmart-v1,simulado,sim-2026-08
110aa265-9476-501e-bfc0-a330972971ae,TI-03_20260812_0027.jpg,2026-08-12 09:06:29,TI-03,drone,saudavel,saudavel,0.9799,agrosmart-v1,simulado,sim-2026-08
ed6a0fcc-c069-5a5c-995d-e54b9d6088af,TI-03_20260812_0028.jpg,2026-08-12 09:06:48,TI-03,drone,saudavel,saudavel,0.9763,agrosmart-v1,simulado,sim-2026-08
cc83d5fa-2fc5-522e-a52b-deab3f27fb8e,SC-03_20260812_0013.jpg,2026-08-12 09:06:50,SC-03,smartphone,saudavel,saudavel,0.8545,agrosmart-v1,simulado,sim-2026-08
7a29f315-a3f6-5964-8cfc-b2d69518d020,TI-02_20260812_0012.jpg,2026-08-12 09:07:02,TI-02,drone,saudavel,saudavel,0.8370,agrosmart-v1,simulado,sim-2026-08
4606fd56-15b7-597e-9f58-bd600e30eee3,TI-03_20260812_0029.jpg,2026-08-12 09:07:24,TI-03,drone,saudavel,saudavel,0.9446,agrosmart-v1,simulado,sim-2026-08
3d8c10c6-3801-5bc0-bbe5-b686a3ec1aaf,SC-03_20260812_0014.jpg,2026-08-12 09:07:30,SC-03,smartphone,saudavel,saudavel,0.9993,agrosmart-v1,simulado,sim-2026-08
d70aaa1d-927e-5db5-9cdc-06dfaef0ba50,SC-03_20260812_0015.jpg,2026-08-12 09:08:03,SC-03,smartphone,saudavel,saudavel,0.8807,agrosmart-v1,simulado,sim-2026-08
7d17a7f8-2a45-5ada-88f2-eba83a97e8d4,TI-02_20260812_0013.jpg,2026-08-12 09:08:04,TI-02,drone,saudavel,saudavel,0.9415,agrosmart-v1,simulado,sim-2026-08
f723ad57-0927-592c-87b5-71b21672e1ae,TI-03_20260812_0030.jpg,2026-08-12 09:08:11,TI-03,drone,doente,vaquinha,0.6994,agrosmart-v1,simulado,sim-2026-08
0e1bce45-6d4a-50c6-9eb4-7b3d85a6f3b2,TI-02_20260812_0014.jpg,2026-08-12 09:08:21,TI-02,drone,saudavel,saudavel,0.9496,agrosmart-v1,simulado,sim-2026-08
83da8c14-df38-5b60-8ca9-02c0dce1126b,TI-03_20260812_0031.jpg,2026-08-12 09:08:51,TI-03,drone,doente,mosca_minadora,0.9768,agrosmart-v1,simulado,sim-2026-08
56cb2eda-2fb4-51a6-a531-e075a53921bc,SC-03_20260812_0016.jpg,2026-08-12 09:09:09,SC-03,smartphone,saudavel,saudavel,0.7240,agrosmart-v1,simulado,sim-2026-08
e049e7ed-87cc-5a08-84d6-41d56155190f,TI-02_20260812_0015.jpg,2026-08-12 09:09:12,TI-02,drone,saudavel,saudavel,0.9972,agrosmart-v1,simulado,sim-2026-08
21707ddb-b2c4-58dd-8bf1-6b1a82c8ca19,SC-03_20260812_0017.jpg,2026-08-12 09:09:21,SC-03,smartphone,saudavel,saudavel,0.9997,agrosmart-v1,simulado,sim-2026-08
b08b368c-32cf-503b-a810-63ecbd72552e,TI-03_20260812_0032.jpg,2026-08-12 09:09:30,TI-03,drone,saudavel,saudavel,0.9985,agrosmart-v1,simulado,sim-2026-08
037a1e42-739c-5e79-916a-aa370f43df4e,TI-04_20260812_0001.jpg,2026-08-12 09:09:57,TI-04,drone,saudavel,saudavel,0.9947,agrosmart-v1,simulado,sim-2026-08
11b57ef4-6921-5996-8439-b7bc7aeeaf95,TI-02_20260812_0016.jpg,2026-08-12 09:10:09,TI-02,drone,saudavel,saudavel,0.8410,agrosmart-v1,simulado,sim-2026-08
bcaa8990-0684-5407-a298-a67870e9d889,TI-03_20260812_0033.jpg,2026-08-12 09:10:19,TI-03,drone,saudavel,saudavel,0.9183,agrosmart-v1,simulado,sim-2026-08
e98ea0c5-5600-5e5e-a603-4e7f27b8f415,SC-03_20260812_0018.jpg,2026-08-12 09:10:26,SC-03,smartphone,saudavel,saudavel,0.8558,agrosmart-v1,simulado,sim-2026-08
2d23c286-267d-5b30-825d-86d08ac7421f,TI-02_20260812_0017.jpg,2026-08-12 09:10:43,TI-02,drone,saudavel,saudavel,0.8440,agrosmart-v1,simulado,sim-2026-08
8d4c538c-a1cc-5b8f-887e-d4d51e37b181,TI-04_20260812_0002.jpg,2026-08-12 09:10:43,TI-04,drone,saudavel,saudavel,0.8841,agrosmart-v1,simulado,sim-2026-08
2810e3a8-90e1-50e8-8ad8-f16840cdd980,SC-03_20260812_0019.jpg,2026-08-12 09:10:48,SC-03,smartphone,saudavel,saudavel,0.9395,agrosmart-v1,simulado,sim-2026-08
9ceff285-cc12-54d4-b7da-8b7242c1be1c,TI-03_20260812_0034.jpg,2026-08-12 09:11:07,TI-03,drone,saudavel,saudavel,0.9880,agrosmart-v1,simulado,sim-2026-08
a8eb8475-eed8-51c1-a14b-0d8d068d987d,TI-04_20260812_0003.jpg,2026-08-12 09:11:07,TI-04,drone,saudavel,saudavel,0.9998,agrosmart-v1,simulado,sim-2026-08
af2aa843-bfef-5f53-9e31-7f79aa744d0f,SC-03_20260812_0020.jpg,2026-08-12 09:11:20,SC-03,smartphone,saudavel,saudavel,0.9496,agrosmart-v1,simulado,sim-2026-08
746354e7-7d95-51ac-be04-06dca9d5aae7,TI-02_20260812_0018.jpg,2026-08-12 09:11:29,TI-02,drone,saudavel,saudavel,0.9069,agrosmart-v1,simulado,sim-2026-08
8f9d970b-b996-53c6-bc93-55fe52c63bf0,TI-03_20260812_0035.jpg,2026-08-12 09:11:37,TI-03,drone,saudavel,saudavel,0.9716,agrosmart-v1,simulado,sim-2026-08
0b9afd9b-c060-5a42-98f6-b4bdfa8541d3,TI-02_20260812_0019.jpg,2026-08-12 09:11:59,TI-02,drone,saudavel,saudavel,0.8329,agrosmart-v1,simulado,sim-2026-08
6d717c8d-67d7-5ebf-952c-0299ffa3b84c,TI-03_20260812_0036.jpg,2026-08-12 09:12:00,TI-03,drone,saudavel,saudavel,0.9998,agrosmart-v1,simulado,sim-2026-08
61cb7a55-12c6-56b2-a88b-b6330905908b,TI-04_20260812_0004.jpg,2026-08-12 09:12:02,TI-04,drone,saudavel,saudavel,0.8538,agrosmart-v1,simulado,sim-2026-08
a76ee0f7-2c64-5d08-84de-b2f6013fec90,SC-03_20260812_0021.jpg,2026-08-12 09:12:30,SC-03,smartphone,saudavel,saudavel,0.9847,agrosmart-v1,simulado,sim-2026-08
f9b30ae1-d4a3-594a-86d3-9534b92e1151,TI-04_20260812_0005.jpg,2026-08-12 09:12:33,TI-04,drone,saudavel,saudavel,0.7599,agrosmart-v1,simulado,sim-2026-08
082109c0-7907-5809-938a-74216d016fb7,TI-02_20260812_0020.jpg,2026-08-12 09:12:49,TI-02,drone,saudavel,saudavel,0.9964,agrosmart-v1,simulado,sim-2026-08
44835f7c-507e-5bda-9a5f-109987c1f19f,SC-03_20260812_0022.jpg,2026-08-12 09:12:51,SC-03,smartphone,saudavel,saudavel,0.9190,agrosmart-v1,simulado,sim-2026-08
8fbd84d1-4662-51fa-8ebe-d3552ef23fad,TI-03_20260812_0037.jpg,2026-08-12 09:13:01,TI-03,drone,saudavel,saudavel,0.8349,agrosmart-v1,simulado,sim-2026-08
51caac7e-3527-53eb-be9e-67eb4461eae9,TI-02_20260812_0021.jpg,2026-08-12 09:13:05,TI-02,drone,saudavel,saudavel,0.9856,agrosmart-v1,simulado,sim-2026-08
93b81486-7ff4-58f7-afcc-de493d397d09,TI-04_20260812_0006.jpg,2026-08-12 09:13:09,TI-04,drone,saudavel,saudavel,0.8571,agrosmart-v1,simulado,sim-2026-08
3e14580a-ba30-52e9-917f-59ee745305e5,SC-03_20260812_0023.jpg,2026-08-12 09:13:31,SC-03,smartphone,saudavel,saudavel,0.9612,agrosmart-v1,simulado,sim-2026-08
bfdb47fa-001b-56ad-9237-2bf1ce5329b7,TI-03_20260812_0038.jpg,2026-08-12 09:13:37,TI-03,drone,saudavel,saudavel,0.9879,agrosmart-v1,simulado,sim-2026-08
533703e9-793d-5d32-bc3f-15fc9863c8b2,TI-04_20260812_0007.jpg,2026-08-12 09:13:44,TI-04,drone,saudavel,saudavel,0.9099,agrosmart-v1,simulado,sim-2026-08
9fc34142-b37e-5121-ba08-2b7b4f6d2594,TI-02_20260812_0022.jpg,2026-08-12 09:13:59,TI-02,drone,saudavel,saudavel,0.9298,agrosmart-v1,simulado,sim-2026-08
e5294114-9798-53d4-922f-032865008395,TI-03_20260812_0039.jpg,2026-08-12 09:14:02,TI-03,drone,saudavel,saudavel,0.9600,agrosmart-v1,simulado,sim-2026-08
9ff1c447-268c-57ae-af6f-23fa6636925d,SC-03_20260812_0024.jpg,2026-08-12 09:14:11,SC-03,smartphone,saudavel,saudavel,0.9759,agrosmart-v1,simulado,sim-2026-08
497dde07-5ac5-5c5a-aea1-c1a0c00d42f9,TI-02_20260812_0023.jpg,2026-08-12 09:14:24,TI-02,drone,saudavel,saudavel,0.9971,agrosmart-v1,simulado,sim-2026-08
3e5f7b51-ba61-5629-951a-f92da607d63b,TI-04_20260812_0008.jpg,2026-08-12 09:14:40,TI-04,drone,saudavel,saudavel,0.9957,agrosmart-v1,simulado,sim-2026-08
6a69513e-3d33-54a7-babc-2270d7521d86,TI-03_20260812_0040.jpg,2026-08-12 09:14:52,TI-03,drone,saudavel,saudavel,0.9993,agrosmart-v1,simulado,sim-2026-08
3b99c488-6efa-572d-87ed-e52fe074960e,SC-03_20260812_0025.jpg,2026-08-12 09:15:04,SC-03,smartphone,saudavel,saudavel,0.9825,agrosmart-v1,simulado,sim-2026-08
1700a052-4943-5f96-b8a7-d981ff0d8a74,TI-04_20260812_0009.jpg,2026-08-12 09:15:11,TI-04,drone,doente,pinta_preta,0.7665,agrosmart-v1,simulado,sim-2026-08
4eb03b16-078e-546e-9a32-fd856ea6e154,TI-02_20260812_0024.jpg,2026-08-12 09:15:18,TI-02,drone,doente,vaquinha,0.9998,agrosmart-v1,simulado,sim-2026-08
038b7ae6-35d3-50c1-bc9c-0e477a95e5eb,SC-03_20260812_0026.jpg,2026-08-12 09:15:25,SC-03,smartphone,saudavel,saudavel,0.9790,agrosmart-v1,simulado,sim-2026-08
7656dfbf-f696-54cd-8bc6-1e01bba5fe6b,TI-02_20260812_0025.jpg,2026-08-12 09:16:04,TI-02,drone,saudavel,saudavel,0.9957,agrosmart-v1,simulado,sim-2026-08
8425ef8b-e29a-568e-b2b3-bc6487ef84cf,SC-03_20260812_0027.jpg,2026-08-12 09:16:06,SC-03,smartphone,saudavel,saudavel,0.9767,agrosmart-v1,simulado,sim-2026-08
e761c520-d8dc-5c54-8569-9d9432a30057,TI-04_20260812_0010.jpg,2026-08-12 09:16:06,TI-04,drone,saudavel,saudavel,0.9331,agrosmart-v1,simulado,sim-2026-08
14241701-e0a4-54d2-b544-f92946fe6334,TI-04_20260812_0011.jpg,2026-08-12 09:16:30,TI-04,drone,saudavel,saudavel,0.9421,agrosmart-v1,simulado,sim-2026-08
6e72cc48-95f1-54b6-9a93-793bfa72987f,TI-02_20260812_0026.jpg,2026-08-12 09:16:49,TI-02,drone,saudavel,saudavel,0.9888,agrosmart-v1,simulado,sim-2026-08
6b57a252-ef12-53c0-b966-533d5d078491,TI-04_20260812_0012.jpg,2026-08-12 09:17:01,TI-04,drone,saudavel,saudavel,0.8921,agrosmart-v1,simulado,sim-2026-08
dfc5fb49-472b-5d30-8c56-6b252ed8317b,SC-03_20260812_0028.jpg,2026-08-12 09:17:06,SC-03,smartphone,saudavel,saudavel,0.9331,agrosmart-v1,simulado,sim-2026-08
ffaa3894-fb53-5db8-a3c5-aa56697a6953,TI-02_20260812_0027.jpg,2026-08-12 09:17:17,TI-02,drone,saudavel,saudavel,0.9647,agrosmart-v1,simulado,sim-2026-08
c242787f-4e1a-5497-880b-e27f47974507,SC-03_20260812_0029.jpg,2026-08-12 09:17:25,SC-03,smartphone,saudavel,saudavel,0.9946,agrosmart-v1,simulado,sim-2026-08
f513a7b0-1f44-5765-9b6a-47d0fe490089,TI-02_20260812_0028.jpg,2026-08-12 09:17:43,TI-02,drone,saudavel,saudavel,0.9836,agrosmart-v1,simulado,sim-2026-08
c68819b5-6b0d-5166-ad2f-a4f2101028d2,SC-03_20260812_0030.jpg,2026-08-12 09:18:01,SC-03,smartphone,saudavel,saudavel,0.8570,agrosmart-v1,simulado,sim-2026-08
38ee40f2-7a5c-58ef-9a3f-ac3264236562,TI-04_20260812_0013.jpg,2026-08-12 09:18:09,TI-04,drone,saudavel,saudavel,0.8234,agrosmart-v1,simulado,sim-2026-08
0bd3a7fc-7639-5ae0-86e7-c5564f87ecdd,TI-02_20260812_0029.jpg,2026-08-12 09:18:35,TI-02,drone,saudavel,saudavel,0.9290,agrosmart-v1,simulado,sim-2026-08
846aa6ed-d89a-565b-ae13-fd86c4636b80,TI-04_20260812_0014.jpg,2026-08-12 09:18:44,TI-04,drone,saudavel,saudavel,0.8988,agrosmart-v1,simulado,sim-2026-08
b057f2b1-388b-557c-8ed8-1e5d59308924,SC-03_20260812_0031.jpg,2026-08-12 09:18:56,SC-03,smartphone,saudavel,saudavel,0.8287,agrosmart-v1,simulado,sim-2026-08
2928b5ca-9b6d-5970-aae2-82f4851b554c,TI-02_20260812_0030.jpg,2026-08-12 09:19:13,TI-02,drone,saudavel,saudavel,0.9696,agrosmart-v1,simulado,sim-2026-08
33e847ff-ae5e-52be-91de-ee00b4e68398,TI-04_20260812_0015.jpg,2026-08-12 09:19:26,TI-04,drone,saudavel,saudavel,0.9770,agrosmart-v1,simulado,sim-2026-08
8fc62e33-c61b-57e1-9043-217451a6e092,SC-03_20260812_0032.jpg,2026-08-12 09:19:34,SC-03,smartphone,saudavel,saudavel,0.9851,agrosmart-v1,simulado,sim-2026-08
2e28bba0-dbc6-5d8e-80b6-3797e51ca073,TI-04_20260812_0016.jpg,2026-08-12 09:19:50,TI-04,drone,saudavel,saudavel,0.9611,agrosmart-v1,simulado,sim-2026-08
c00e9b62-3f3e-5058-94a3-a2fb7597ab01,TI-02_20260812_0031.jpg,2026-08-12 09:19:51,TI-02,drone,saudavel,saudavel,0.8784,agrosmart-v1,simulado,sim-2026-08
3eeacaf5-95f1-501f-8e2c-5e0b16ace0f1,SC-03_20260812_0033.jpg,2026-08-12 09:20:23,SC-03,smartphone,saudavel,saudavel,0.9911,agrosmart-v1,simulado,sim-2026-08
5385fc1e-d778-507e-ad86-aab982ba920c,TI-02_20260812_0032.jpg,2026-08-12 09:20:42,TI-02,drone,saudavel,saudavel,0.9859,agrosmart-v1,simulado,sim-2026-08
5f1af970-99fc-5cec-bf34-156be32141a8,TI-04_20260812_0017.jpg,2026-08-12 09:20:47,TI-04,drone,saudavel,saudavel,1.0000,agrosmart-v1,simulado,sim-2026-08
44398aab-799e-54c0-b44d-46f49d3a72a9,TI-04_20260812_0018.jpg,2026-08-12 09:21:03,TI-04,drone,saudavel,saudavel,0.8529,agrosmart-v1,simulado,sim-2026-08
26373fff-61c8-518c-896f-8d022cb0e262,SC-03_20260812_0034.jpg,2026-08-12 09:21:08,SC-03,smartphone,saudavel,saudavel,0.9302,agrosmart-v1,simulado,sim-2026-08
fa482e85-bc86-5212-bb44-664f6ea1760c,TI-02_20260812_0033.jpg,2026-08-12 09:21:09,TI-02,drone,saudavel,saudavel,0.9893,agrosmart-v1,simulado,sim-2026-08
2cbe53e2-e277-5c1b-b729-08161f57e6b9,SC-03_20260812_0035.jpg,2026-08-12 09:21:28,SC-03,smartphone,saudavel,saudavel,0.9374,agrosmart-v1,simulado,sim-2026-08
9ffb74da-ba9a-54a7-bb82-02f8b539f8df,TI-02_20260812_0034.jpg,2026-08-12 09:21:44,TI-02,drone,saudavel,saudavel,0.9873,agrosmart-v1,simulado,sim-2026-08
3e0ef844-a264-5e48-86dc-19e965ee7ff4,TI-04_20260812_0019.jpg,2026-08-12 09:22:05,TI-04,drone,saudavel,saudavel,0.9260,agrosmart-v1,simulado,sim-2026-08
ab75cefc-f28b-5092-a106-d25cec5a18c1,SC-03_20260812_0036.jpg,2026-08-12 09:22:22,SC-03,smartphone,saudavel,saudavel,0.9747,agrosmart-v1,simulado,sim-2026-08
d304d4b2-656a-5f93-b583-67653a1d0d47,TI-02_20260812_0035.jpg,2026-08-12 09:22:25,TI-02,drone,saudavel,saudavel,0.9325,agrosmart-v1,simulado,sim-2026-08
7b62ca42-2a9a-5ac7-9609-ff9afd22dd91,SC-03_20260812_0037.jpg,2026-08-12 09:22:42,SC-03,smartphone,saudavel,saudavel,0.9794,agrosmart-v1,simulado,sim-2026-08
2590d82f-ee91-5ea2-921c-5b2a911835f2,TI-04_20260812_0020.jpg,2026-08-12 09:22:50,TI-04,drone,saudavel,saudavel,0.8937,agrosmart-v1,simulado,sim-2026-08
dcc040af-8afd-5ee5-80c1-b8ae66c56303,TI-04_20260812_0021.jpg,2026-08-12 09:23:03,TI-04,drone,saudavel,saudavel,0.9983,agrosmart-v1,simulado,sim-2026-08
2d032465-c9b3-509d-83ae-748664b4cd6e,TI-02_20260812_0036.jpg,2026-08-12 09:23:30,TI-02,drone,saudavel,saudavel,0.8298,agrosmart-v1,simulado,sim-2026-08
c2c7b566-99d5-53ad-8694-d2bff3f7a456,TI-02_20260812_0037.jpg,2026-08-12 09:23:47,TI-02,drone,saudavel,saudavel,0.8569,agrosmart-v1,simulado,sim-2026-08
8050202c-cc12-5eb6-b6b4-0f18b47568cd,TI-04_20260812_0022.jpg,2026-08-12 09:24:04,TI-04,drone,saudavel,saudavel,0.9996,agrosmart-v1,simulado,sim-2026-08
650b2a71-7d6a-5c3c-b924-6afb644427a2,TI-02_20260812_0038.jpg,2026-08-12 09:24:29,TI-02,drone,saudavel,saudavel,0.8878,agrosmart-v1,simulado,sim-2026-08
4d37e2ad-d8f4-5933-b5a8-cfcc34d4bb3f,SC-04_20260812_0001.jpg,2026-08-12 09:24:42,SC-04,smartphone,saudavel,saudavel,1.0000,agrosmart-v1,simulado,sim-2026-08
a45f266f-114d-529f-a8ea-1e4a3f358118,TI-04_20260812_0023.jpg,2026-08-12 09:24:45,TI-04,drone,saudavel,saudavel,0.9441,agrosmart-v1,simulado,sim-2026-08
0b3e6be0-2dcb-5982-9bd0-ad07a53f359f,TI-02_20260812_0039.jpg,2026-08-12 09:25:05,TI-02,drone,saudavel,saudavel,0.9675,agrosmart-v1,simulado,sim-2026-08
117f5980-d9f2-5638-9c93-9ad7b561001e,SC-04_20260812_0002.jpg,2026-08-12 09:25:24,SC-04,smartphone,saudavel,saudavel,0.9531,agrosmart-v1,simulado,sim-2026-08
4593dde7-787b-5067-bea0-a9e35fa6805c,TI-04_20260812_0024.jpg,2026-08-12 09:25:25,TI-04,drone,saudavel,saudavel,0.9391,agrosmart-v1,simulado,sim-2026-08
f6f2bfb4-539d-5136-95e3-be71cd539c71,TI-04_20260812_0025.jpg,2026-08-12 09:25:50,TI-04,drone,saudavel,saudavel,0.8703,agrosmart-v1,simulado,sim-2026-08
c437f06e-c7f5-533d-b136-a2e01a57a128,SC-04_20260812_0003.jpg,2026-08-12 09:26:03,SC-04,smartphone,doente,mosca_minadora,0.9745,agrosmart-v1,simulado,sim-2026-08
5a32c30d-6db9-5648-b4c7-68380885a348,TI-02_20260812_0040.jpg,2026-08-12 09:26:05,TI-02,drone,saudavel,saudavel,0.9838,agrosmart-v1,simulado,sim-2026-08
739d8634-6194-53a3-b728-c0fb58a8d669,TI-02_20260812_0041.jpg,2026-08-12 09:26:48,TI-02,drone,saudavel,saudavel,0.9935,agrosmart-v1,simulado,sim-2026-08
f905f30d-ea3d-5c26-a6e3-7f8ded205c59,TI-04_20260812_0026.jpg,2026-08-12 09:26:50,TI-04,drone,saudavel,saudavel,0.9046,agrosmart-v1,simulado,sim-2026-08
7365268f-1ad8-5287-bbe0-4ef6027df9e7,SC-04_20260812_0004.jpg,2026-08-12 09:26:53,SC-04,smartphone,saudavel,saudavel,0.9750,agrosmart-v1,simulado,sim-2026-08
a0994639-9de8-5de4-ac0f-1c387d4a8495,TI-04_20260812_0027.jpg,2026-08-12 09:27:11,TI-04,drone,saudavel,saudavel,0.9606,agrosmart-v1,simulado,sim-2026-08
873959b7-0397-5fae-a8ef-118c7ee92b05,SC-04_20260812_0005.jpg,2026-08-12 09:27:22,SC-04,smartphone,saudavel,saudavel,0.8889,agrosmart-v1,simulado,sim-2026-08
da60eb66-f503-58a0-9fb8-a84844641574,TI-04_20260812_0028.jpg,2026-08-12 09:28:02,TI-04,drone,saudavel,saudavel,0.8310,agrosmart-v1,simulado,sim-2026-08
cc05ce85-fed0-5874-8731-9a945f94707c,SC-04_20260812_0006.jpg,2026-08-12 09:28:11,SC-04,smartphone,saudavel,saudavel,0.9885,agrosmart-v1,simulado,sim-2026-08
a3ccc54e-463e-5e92-b8a3-e85b0a6b4e21,TI-04_20260812_0029.jpg,2026-08-12 09:28:46,TI-04,drone,saudavel,saudavel,0.8502,agrosmart-v1,simulado,sim-2026-08
ebba1146-24c3-5e36-8700-e67ab8a3bc13,SC-04_20260812_0007.jpg,2026-08-12 09:28:53,SC-04,smartphone,saudavel,saudavel,0.8735,agrosmart-v1,simulado,sim-2026-08
46f18a17-a35e-587f-96be-93a452a2ee5c,TI-04_20260812_0030.jpg,2026-08-12 09:29:19,TI-04,drone,saudavel,saudavel,0.8298,agrosmart-v1,simulado,sim-2026-08
8f363ce5-b1eb-5cef-93e7-ad21c1c209be,SC-04_20260812_0008.jpg,2026-08-12 09:29:43,SC-04,smartphone,saudavel,saudavel,0.9997,agrosmart-v1,simulado,sim-2026-08
d21a50e9-0175-596b-9a1a-7d16292863d6,TI-04_20260812_0031.jpg,2026-08-12 09:29:59,TI-04,drone,saudavel,saudavel,0.9843,agrosmart-v1,simulado,sim-2026-08
5c4d15ac-83da-5246-bfc5-ddc23a9c07d8,SC-04_20260812_0009.jpg,2026-08-12 09:30:11,SC-04,smartphone,saudavel,saudavel,0.8485,agrosmart-v1,simulado,sim-2026-08
ca8d7fbc-64b0-5bd3-90a8-9eac27b5e4fd,TI-04_20260812_0032.jpg,2026-08-12 09:30:50,TI-04,drone,saudavel,saudavel,0.9323,agrosmart-v1,simulado,sim-2026-08
d23c69b1-362f-5003-8f82-10caafbbfc4a,SC-04_20260812_0010.jpg,2026-08-12 09:31:09,SC-04,smartphone,saudavel,saudavel,0.8898,agrosmart-v1,simulado,sim-2026-08
0a8b4757-f037-5184-843d-f9357fbcc082,TI-04_20260812_0033.jpg,2026-08-12 09:31:10,TI-04,drone,saudavel,saudavel,0.9564,agrosmart-v1,simulado,sim-2026-08
a3a49386-b3ef-5b2e-b194-60ab020dfa88,SC-04_20260812_0011.jpg,2026-08-12 09:31:26,SC-04,smartphone,saudavel,saudavel,0.9996,agrosmart-v1,simulado,sim-2026-08
1f01dab4-c4b1-5803-96b2-0867167de29b,TI-04_20260812_0034.jpg,2026-08-12 09:31:42,TI-04,drone,saudavel,saudavel,0.9885,agrosmart-v1,simulado,sim-2026-08
7b67e97e-5b1c-597c-b3ff-737964116f4f,BV-02_20260812_0001.jpg,2026-08-12 09:31:59,BV-02,smartphone,saudavel,saudavel,0.9962,agrosmart-v1,simulado,sim-2026-08
eae255b1-2bfc-5a47-baf0-f0dc0c29641c,BV-02_20260812_0002.jpg,2026-08-12 09:32:24,BV-02,smartphone,saudavel,saudavel,0.9976,agrosmart-v1,simulado,sim-2026-08
e42bbe72-ab9f-5ec2-9aac-384171b6459e,SC-04_20260812_0012.jpg,2026-08-12 09:32:26,SC-04,smartphone,saudavel,saudavel,0.8523,agrosmart-v1,simulado,sim-2026-08
5676a69c-3946-5956-9957-4d1ea61a7ed8,SC-04_20260812_0013.jpg,2026-08-12 09:33:09,SC-04,smartphone,saudavel,saudavel,0.9078,agrosmart-v1,simulado,sim-2026-08
c58992f3-a0a0-588f-a3a3-d40b9a89b5ff,BV-02_20260812_0003.jpg,2026-08-12 09:33:27,BV-02,smartphone,saudavel,saudavel,0.9117,agrosmart-v1,simulado,sim-2026-08
4cc70ace-b335-5de0-8cca-84f68ddc6e11,SC-04_20260812_0014.jpg,2026-08-12 09:33:44,SC-04,smartphone,saudavel,saudavel,0.9902,agrosmart-v1,simulado,sim-2026-08
9909fb5c-ca47-5514-a64a-e7b1a2aece38,BV-02_20260812_0004.jpg,2026-08-12 09:33:54,BV-02,smartphone,saudavel,saudavel,0.9965,agrosmart-v1,simulado,sim-2026-08
fdf7e68a-29c6-575a-a9c5-17c7e0736be4,BV-03_20260812_0001.jpg,2026-08-12 09:34:06,BV-03,smartphone,saudavel,saudavel,0.9169,agrosmart-v1,simulado,sim-2026-08
2cd059c9-f57a-58bd-a497-77a030d3f3b0,SC-04_20260812_0015.jpg,2026-08-12 09:34:16,SC-04,smartphone,saudavel,saudavel,0.9970,agrosmart-v1,simulado,sim-2026-08
6275ff77-0072-506a-8553-197d57396b6f,BV-03_20260812_0002.jpg,2026-08-12 09:34:26,BV-03,smartphone,saudavel,saudavel,0.9549,agrosmart-v1,simulado,sim-2026-08
4c9a7198-9003-564c-9fff-2bcb280d5064,BV-02_20260812_0005.jpg,2026-08-12 09:34:44,BV-02,smartphone,saudavel,saudavel,0.9986,agrosmart-v1,simulado,sim-2026-08
2b1b86e9-266f-50fc-aba5-b2c602cdb88a,SC-04_20260812_0016.jpg,2026-08-12 09:35:02,SC-04,smartphone,saudavel,saudavel,0.9883,agrosmart-v1,simulado,sim-2026-08
917f5f4d-8d68-5313-b70b-f6e91f420db6,BV-02_20260812_0006.jpg,2026-08-12 09:35:12,BV-02,smartphone,saudavel,saudavel,0.8499,agrosmart-v1,simulado,sim-2026-08
6ee116b4-1f2d-5145-8999-39dca1c957c2,SC-04_20260812_0017.jpg,2026-08-12 09:35:22,SC-04,smartphone,saudavel,saudavel,0.9593,agrosmart-v1,simulado,sim-2026-08
bf0075c9-64d1-5972-8596-38372a567759,BV-03_20260812_0003.jpg,2026-08-12 09:35:25,BV-03,smartphone,saudavel,saudavel,0.9647,agrosmart-v1,simulado,sim-2026-08
b8dc492b-7402-541b-a7ef-ed97746c91aa,BV-03_20260812_0004.jpg,2026-08-12 09:35:45,BV-03,smartphone,saudavel,saudavel,0.9528,agrosmart-v1,simulado,sim-2026-08
5f692a0b-c135-5ae5-ba58-2dbb594df95e,BV-02_20260812_0007.jpg,2026-08-12 09:35:59,BV-02,smartphone,saudavel,saudavel,0.9641,agrosmart-v1,simulado,sim-2026-08
195b3b8a-101f-5d70-885d-cdc18ab82612,SC-04_20260812_0018.jpg,2026-08-12 09:36:26,SC-04,smartphone,saudavel,saudavel,0.8620,agrosmart-v1,simulado,sim-2026-08
6dce225a-1d4f-5e86-8853-cd14e0efe6fc,BV-03_20260812_0005.jpg,2026-08-12 09:36:28,BV-03,smartphone,saudavel,saudavel,0.9995,agrosmart-v1,simulado,sim-2026-08
88bc4549-303e-5c81-b08a-889d13fd0a46,BV-02_20260812_0008.jpg,2026-08-12 09:36:41,BV-02,smartphone,saudavel,saudavel,0.9496,agrosmart-v1,simulado,sim-2026-08
6260f7d4-6d98-5c5e-92cb-51f06db1d189,BV-02_20260812_0009.jpg,2026-08-12 09:37:07,BV-02,smartphone,saudavel,saudavel,0.9301,agrosmart-v1,simulado,sim-2026-08
71357063-746f-56b6-a08e-6e849e310288,SC-04_20260812_0019.jpg,2026-08-12 09:37:07,SC-04,smartphone,saudavel,saudavel,0.9257,agrosmart-v1,simulado,sim-2026-08
17ec23e9-e318-5739-b58d-c46f24bbe255,BV-03_20260812_0006.jpg,2026-08-12 09:37:30,BV-03,smartphone,saudavel,saudavel,0.9656,agrosmart-v1,simulado,sim-2026-08
a3ba5fef-fd48-5b8e-bea9-44bb9a842dda,BV-02_20260812_0010.jpg,2026-08-12 09:37:41,BV-02,smartphone,saudavel,saudavel,0.9933,agrosmart-v1,simulado,sim-2026-08
5fb80369-9523-5224-a167-92aa407c66de,SC-04_20260812_0020.jpg,2026-08-12 09:37:42,SC-04,smartphone,saudavel,saudavel,0.9068,agrosmart-v1,simulado,sim-2026-08
9b287c2a-5a5b-5fb2-90c3-c9ca1000f41b,BV-03_20260812_0007.jpg,2026-08-12 09:38:01,BV-03,smartphone,saudavel,saudavel,0.8526,agrosmart-v1,simulado,sim-2026-08
780351a6-cf94-5c2c-aaee-10ba9068ac3d,BV-02_20260812_0011.jpg,2026-08-12 09:38:26,BV-02,smartphone,saudavel,saudavel,0.9215,agrosmart-v1,simulado,sim-2026-08
78fb6bfb-6fdf-56e5-9723-8b328dfb3665,BV-03_20260812_0008.jpg,2026-08-12 09:38:28,BV-03,smartphone,saudavel,saudavel,0.9455,agrosmart-v1,simulado,sim-2026-08
0603a86e-3598-519d-832e-e51aea73a8e9,BV-03_20260812_0009.jpg,2026-08-12 09:39:05,BV-03,smartphone,saudavel,saudavel,0.8759,agrosmart-v1,simulado,sim-2026-08
88b5a458-4d0a-5229-86cf-5ad581ed2ad5,BV-02_20260812_0012.jpg,2026-08-12 09:39:28,BV-02,smartphone,saudavel,saudavel,0.9836,agrosmart-v1,simulado,sim-2026-08
09460ca2-ffdc-590f-a618-f463715d69ae,BV-02_20260812_0013.jpg,2026-08-12 09:39:44,BV-02,smartphone,saudavel,saudavel,0.9857,agrosmart-v1,simulado,sim-2026-08
9f06ee1e-6ab0-5294-9154-91df4258526d,BV-03_20260812_0010.jpg,2026-08-12 09:40:06,BV-03,smartphone,saudavel,saudavel,0.9798,agrosmart-v1,simulado,sim-2026-08
72291c5f-94c4-5783-a72a-cced9cff8619,BV-02_20260812_0014.jpg,2026-08-12 09:40:29,BV-02,smartphone,saudavel,saudavel,0.6708,agrosmart-v1,simulado,sim-2026-08
d5e1523b-0ae1-585b-a7f0-d14d428c10a3,BV-03_20260812_0011.jpg,2026-08-12 09:40:32,BV-03,smartphone,saudavel,saudavel,0.9706,agrosmart-v1,simulado,sim-2026-08
cd6604f6-dc0c-57c9-867c-70710c071ec0,BV-02_20260812_0015.jpg,2026-08-12 09:41:16,BV-02,smartphone,saudavel,saudavel,0.9795,agrosmart-v1,simulado,sim-2026-08
7df8266a-9a5a-5379-977b-7c812377ce77,BV-03_20260812_0012.jpg,2026-08-12 09:41:18,BV-03,smartphone,saudavel,saudavel,0.9871,agrosmart-v1,simulado,sim-2026-08
58c651c3-26af-5a46-8455-c408b751711c,BV-03_20260812_0013.jpg,2026-08-12 09:41:52,BV-03,smartphone,saudavel,saudavel,0.9754,agrosmart-v1,simulado,sim-2026-08
c4e92737-dfa1-5e3e-a39f-fb0c74b6a0e0,BV-02_20260812_0016.jpg,2026-08-12 09:42:01,BV-02,smartphone,doente,requeima,0.9967,agrosmart-v1,simulado,sim-2026-08
99b6985e-2359-532d-979d-5bba961448a1,BV-02_20260812_0017.jpg,2026-08-12 09:42:32,BV-02,smartphone,saudavel,saudavel,0.8730,agrosmart-v1,simulado,sim-2026-08
4fb5a710-7237-531f-8973-5f1b2b9cfb7b,BV-03_20260812_0014.jpg,2026-08-12 09:42:40,BV-03,smartphone,saudavel,saudavel,0.9309,agrosmart-v1,simulado,sim-2026-08
ab972682-638a-5299-82ab-22ef80db6401,BV-03_20260812_0015.jpg,2026-08-12 09:43:09,BV-03,smartphone,saudavel,saudavel,0.9598,agrosmart-v1,simulado,sim-2026-08
8493e7b9-24a7-5dbb-930b-16e564313a0c,BV-02_20260812_0018.jpg,2026-08-12 09:43:22,BV-02,smartphone,saudavel,saudavel,0.8220,agrosmart-v1,simulado,sim-2026-08
cd7ade9c-2de2-5112-83c0-dad579a72a65,BV-03_20260812_0016.jpg,2026-08-12 09:43:47,BV-03,smartphone,saudavel,saudavel,0.8703,agrosmart-v1,simulado,sim-2026-08
be06b240-5899-5a8c-ae14-d912225c4749,BV-02_20260812_0019.jpg,2026-08-12 09:43:52,BV-02,smartphone,saudavel,saudavel,0.9992,agrosmart-v1,simulado,sim-2026-08
593ab04c-9ff5-52d8-a111-0a1185534018,BV-03_20260812_0017.jpg,2026-08-12 09:44:25,BV-03,smartphone,saudavel,saudavel,0.9649,agrosmart-v1,simulado,sim-2026-08
2871496f-4e19-5650-877c-40c90bb70383,BV-02_20260812_0020.jpg,2026-08-12 09:44:40,BV-02,smartphone,saudavel,saudavel,0.7713,agrosmart-v1,simulado,sim-2026-08
4d4347f6-f3fd-5e38-adc3-254f4192df69,BV-03_20260812_0018.jpg,2026-08-12 09:45:08,BV-03,smartphone,saudavel,saudavel,0.9721,agrosmart-v1,simulado,sim-2026-08
420424b0-ab67-5f0e-b921-8a216412558b,BV-02_20260812_0021.jpg,2026-08-12 09:45:18,BV-02,smartphone,saudavel,saudavel,0.9970,agrosmart-v1,simulado,sim-2026-08
5ea8712a-455a-50ff-bd81-6c0cdf1b440c,BV-02_20260812_0022.jpg,2026-08-12 09:45:55,BV-02,smartphone,saudavel,saudavel,0.8915,agrosmart-v1,simulado,sim-2026-08
61c16737-009b-5160-8f83-6d35589f68ee,BV-04_20260812_0001.jpg,2026-08-12 09:45:56,BV-04,smartphone,saudavel,saudavel,0.8886,agrosmart-v1,simulado,sim-2026-08
ceda8626-c09b-5939-9a7e-7023ae7efd35,BV-03_20260812_0019.jpg,2026-08-12 09:46:01,BV-03,smartphone,saudavel,saudavel,0.9922,agrosmart-v1,simulado,sim-2026-08
fac30931-26c6-51a4-90f7-aed921e2d314,BV-04_20260812_0002.jpg,2026-08-12 09:46:32,BV-04,smartphone,saudavel,saudavel,0.9841,agrosmart-v1,simulado,sim-2026-08
5890317f-757a-52db-9c2c-cdb1547db66e,BV-02_20260812_0023.jpg,2026-08-12 09:46:34,BV-02,smartphone,saudavel,saudavel,0.9863,agrosmart-v1,simulado,sim-2026-08
ac3421a5-9a33-5b6a-ada3-42e14cef26c2,BV-03_20260812_0020.jpg,2026-08-12 09:46:42,BV-03,smartphone,saudavel,saudavel,0.9701,agrosmart-v1,simulado,sim-2026-08
8b6d8f82-04bf-5b84-a9e1-ba93e58867a8,BV-02_20260812_0024.jpg,2026-08-12 09:47:11,BV-02,smartphone,saudavel,saudavel,0.9476,agrosmart-v1,simulado,sim-2026-08
d50537af-aefe-5fee-a2d0-3a63ea18ed48,BV-04_20260812_0003.jpg,2026-08-12 09:47:16,BV-04,smartphone,saudavel,saudavel,0.8549,agrosmart-v1,simulado,sim-2026-08
2d013c67-4a55-5b85-82c7-6fe75b7f0059,BV-03_20260812_0021.jpg,2026-08-12 09:47:28,BV-03,smartphone,saudavel,saudavel,0.9453,agrosmart-v1,simulado,sim-2026-08
331dffe9-6a30-5033-b66d-6cf45717c30a,BV-03_20260812_0022.jpg,2026-08-12 09:47:47,BV-03,smartphone,saudavel,saudavel,0.9926,agrosmart-v1,simulado,sim-2026-08
a97e1517-d505-5737-922a-fc12c39d1b59,BV-04_20260812_0004.jpg,2026-08-12 09:47:53,BV-04,smartphone,saudavel,saudavel,0.9906,agrosmart-v1,simulado,sim-2026-08
daacfff8-8f03-5355-8e64-24e1915ff145,BV-02_20260812_0025.jpg,2026-08-12 09:48:04,BV-02,smartphone,saudavel,saudavel,0.9919,agrosmart-v1,simulado,sim-2026-08
92ac4f87-f5be-5b07-b2bf-f70ad37fb3a4,BV-04_20260812_0005.jpg,2026-08-12 09:48:25,BV-04,smartphone,saudavel,saudavel,0.9991,agrosmart-v1,simulado,sim-2026-08
ddf92bfa-bf9b-5f3f-93b7-b6145864c2f8,BV-03_20260812_0023.jpg,2026-08-12 09:48:44,BV-03,smartphone,saudavel,saudavel,0.9561,agrosmart-v1,simulado,sim-2026-08
145fce36-ff1b-5052-b360-3025282742c9,BV-02_20260812_0026.jpg,2026-08-12 09:48:50,BV-02,smartphone,doente,vaquinha,0.7205,agrosmart-v1,simulado,sim-2026-08
8e41d46a-935c-53ce-83a3-7ddfe24228e0,BV-02_20260812_0027.jpg,2026-08-12 09:49:04,BV-02,smartphone,saudavel,saudavel,0.8443,agrosmart-v1,simulado,sim-2026-08
7b05aee6-7b5d-5f29-addf-e4515f36bfda,BV-03_20260812_0024.jpg,2026-08-12 09:49:09,BV-03,smartphone,saudavel,saudavel,0.9594,agrosmart-v1,simulado,sim-2026-08
9d8d4070-fa45-5652-9035-89b6a69427f9,BV-04_20260812_0006.jpg,2026-08-12 09:49:09,BV-04,smartphone,saudavel,saudavel,0.9804,agrosmart-v1,simulado,sim-2026-08
78b44961-42b8-5d8b-9724-37ab22375fc7,BV-02_20260812_0028.jpg,2026-08-12 09:49:51,BV-02,smartphone,saudavel,saudavel,0.9586,agrosmart-v1,simulado,sim-2026-08
4dda01d0-bbf1-5b25-9c51-205d534a4139,BV-03_20260812_0025.jpg,2026-08-12 09:49:54,BV-03,smartphone,saudavel,saudavel,0.9123,agrosmart-v1,simulado,sim-2026-08
4c798c84-30b4-591a-b4dd-bd969a99852e,BV-04_20260812_0007.jpg,2026-08-12 09:50:09,BV-04,smartphone,saudavel,saudavel,0.9998,agrosmart-v1,simulado,sim-2026-08
d664ed54-8140-5b16-992a-8d45b8d2a78f,BV-03_20260812_0026.jpg,2026-08-12 09:50:26,BV-03,smartphone,saudavel,saudavel,0.9461,agrosmart-v1,simulado,sim-2026-08
82909e8f-6ec4-5906-b604-7b931025dd4b,BV-02_20260812_0029.jpg,2026-08-12 09:50:28,BV-02,smartphone,saudavel,saudavel,0.9354,agrosmart-v1,simulado,sim-2026-08
4e0fd130-8c4f-5d8e-8f26-95f9fc3bd1b3,BV-04_20260812_0008.jpg,2026-08-12 09:50:33,BV-04,smartphone,saudavel,saudavel,0.9897,agrosmart-v1,simulado,sim-2026-08
e79d039b-872d-590f-8d22-3287b5ed258b,BV-03_20260812_0027.jpg,2026-08-12 09:51:08,BV-03,smartphone,saudavel,saudavel,0.9217,agrosmart-v1,simulado,sim-2026-08
cb9d042e-9c1b-50ae-bef6-0c70d19006d7,BV-02_20260812_0030.jpg,2026-08-12 09:51:23,BV-02,smartphone,saudavel,saudavel,0.9987,agrosmart-v1,simulado,sim-2026-08
cfd47db2-f0a7-562f-82b6-0b9287715a97,BV-04_20260812_0009.jpg,2026-08-12 09:51:30,BV-04,smartphone,saudavel,saudavel,0.8729,agrosmart-v1,simulado,sim-2026-08
e191d0de-1b04-5b8c-8fbb-5db679dc83ef,BV-04_20260812_0010.jpg,2026-08-12 09:51:48,BV-04,smartphone,saudavel,saudavel,0.9680,agrosmart-v1,simulado,sim-2026-08
aab7bb69-4f1f-58e4-96a8-4f2654b496b8,BV-02_20260812_0031.jpg,2026-08-12 09:51:58,BV-02,smartphone,saudavel,saudavel,0.5816,agrosmart-v1,simulado,sim-2026-08
c5e32319-0d1b-5700-8e65-f582b42badd3,BV-04_20260812_0011.jpg,2026-08-12 09:52:33,BV-04,smartphone,doente,mosca_minadora,0.6699,agrosmart-v1,simulado,sim-2026-08
a544148b-cd55-5613-a881-6f0495b0debf,BV-04_20260812_0012.jpg,2026-08-12 09:53:01,BV-04,smartphone,saudavel,saudavel,0.8396,agrosmart-v1,simulado,sim-2026-08
a237b676-25f7-5bfc-abf3-e4dbd5e856eb,BV-04_20260812_0013.jpg,2026-08-12 09:54:07,BV-04,smartphone,saudavel,saudavel,0.9403,agrosmart-v1,simulado,sim-2026-08
3b806522-ffff-5b16-990a-6e8a1eb605bc,BV-04_20260812_0014.jpg,2026-08-12 09:54:23,BV-04,smartphone,doente,vaquinha,0.8391,agrosmart-v1,simulado,sim-2026-08
29fc70b0-57f0-5d60-9384-fe8454cc907d,BV-04_20260812_0015.jpg,2026-08-12 09:55:27,BV-04,smartphone,saudavel,saudavel,0.9963,agrosmart-v1,simulado,sim-2026-08
6a110a67-d2aa-5dc7-95aa-8b5dedf7215f,BV-04_20260812_0016.jpg,2026-08-12 09:55:51,BV-04,smartphone,saudavel,saudavel,0.9298,agrosmart-v1,simulado,sim-2026-08
9c9ec7cb-1fce-5271-be70-e18c01a6fc0f,BV-04_20260812_0017.jpg,2026-08-12 09:56:48,BV-04,smartphone,saudavel,saudavel,0.8206,agrosmart-v1,simulado,sim-2026-08
8be4c0a2-eb38-5602-949e-574b43bae6c8,BV-04_20260812_0018.jpg,2026-08-12 09:57:21,BV-04,smartphone,saudavel,saudavel,0.5516,agrosmart-v1,simulado,sim-2026-08
b8cef82c-2335-5945-a845-588dbdc6e594,BV-04_20260812_0019.jpg,2026-08-12 09:57:46,BV-04,smartphone,saudavel,saudavel,0.8737,agrosmart-v1,simulado,sim-2026-08
c45fcdb8-edf3-5ffc-b9cd-72ce251b3972,BV-04_20260812_0020.jpg,2026-08-12 09:58:32,BV-04,smartphone,saudavel,saudavel,0.9970,agrosmart-v1,simulado,sim-2026-08
c9f245c2-8e7a-5c41-b316-06be26dd14ba,BV-04_20260812_0021.jpg,2026-08-12 09:59:15,BV-04,smartphone,saudavel,saudavel,0.8941,agrosmart-v1,simulado,sim-2026-08
5f41eef9-326e-5642-a06a-8d116a256516,BV-04_20260812_0022.jpg,2026-08-12 09:59:50,BV-04,smartphone,saudavel,saudavel,0.9759,agrosmart-v1,simulado,sim-2026-08
50e18f7d-e35f-56c9-abeb-a94e49d28854,BV-04_20260812_0023.jpg,2026-08-12 10:00:39,BV-04,smartphone,saudavel,saudavel,0.9126,agrosmart-v1,simulado,sim-2026-08
fcfffec5-5a30-5569-82aa-2d8064cbb82d,BV-04_20260812_0024.jpg,2026-08-12 10:01:28,BV-04,smartphone,saudavel,saudavel,0.8339,agrosmart-v1,simulado,sim-2026-08
97bed285-2a81-5b2b-ba53-accdc9e9eba8,BV-04_20260812_0025.jpg,2026-08-12 10:01:50,BV-04,smartphone,saudavel,saudavel,0.9752,agrosmart-v1,simulado,sim-2026-08
73a9b4ac-7ee0-5287-831c-c1733651486d,BV-04_20260812_0026.jpg,2026-08-12 10:02:48,BV-04,smartphone,saudavel,saudavel,0.8553,agrosmart-v1,simulado,sim-2026-08
99affb62-0f1b-5d20-bfde-3727015eab7d,BV-04_20260812_0027.jpg,2026-08-12 10:03:20,BV-04,smartphone,saudavel,saudavel,0.9429,agrosmart-v1,simulado,sim-2026-08
c403eecb-14e4-57f2-a0cc-32d29ac3f7f8,BV-02_20260814_0001.jpg,2026-08-14 07:27:48,BV-02,smartphone,saudavel,saudavel,0.9955,agrosmart-v1,simulado,sim-2026-08
a4d602eb-793e-5dda-b18d-f880043c539b,BV-02_20260814_0002.jpg,2026-08-14 07:28:40,BV-02,smartphone,saudavel,saudavel,0.9911,agrosmart-v1,simulado,sim-2026-08
15050278-446b-5d0b-b5a3-4285a11599b6,BV-02_20260814_0003.jpg,2026-08-14 07:29:09,BV-02,smartphone,saudavel,saudavel,0.9994,agrosmart-v1,simulado,sim-2026-08
ef6cb258-4601-5190-8b8e-76151962c7f5,BV-02_20260814_0004.jpg,2026-08-14 07:29:51,BV-02,smartphone,doente,pinta_preta,0.9704,agrosmart-v1,simulado,sim-2026-08
854c15b3-39f7-5f36-9bf8-65a1a27a2e30,BV-02_20260814_0005.jpg,2026-08-14 07:30:49,BV-02,smartphone,saudavel,saudavel,0.9633,agrosmart-v1,simulado,sim-2026-08
31654381-c72f-5171-b9aa-92bb2b481fe1,BV-02_20260814_0006.jpg,2026-08-14 07:31:25,BV-02,smartphone,saudavel,saudavel,0.9992,agrosmart-v1,simulado,sim-2026-08
4ea8cc4f-66c9-52c1-9a0c-b004c272cd16,BV-02_20260814_0007.jpg,2026-08-14 07:32:01,BV-02,smartphone,saudavel,saudavel,0.9782,agrosmart-v1,simulado,sim-2026-08
5e4da2a8-90ad-5714-8d9d-4dc276769eb1,BV-02_20260814_0008.jpg,2026-08-14 07:32:46,BV-02,smartphone,saudavel,saudavel,0.9891,agrosmart-v1,simulado,sim-2026-08
4a8d3c46-2988-574a-a8be-35a3847c562a,BV-02_20260814_0009.jpg,2026-08-14 07:33:03,BV-02,smartphone,saudavel,saudavel,0.8819,agrosmart-v1,simulado,sim-2026-08
8b483b64-561c-5a79-87ff-3ef24f17e958,BV-02_20260814_0010.jpg,2026-08-14 07:33:40,BV-02,smartphone,saudavel,saudavel,0.9446,agrosmart-v1,simulado,sim-2026-08
7e28a355-f7d0-5c85-a060-9ef1ec44a9d8,BV-02_20260814_0011.jpg,2026-08-14 07:34:45,BV-02,smartphone,saudavel,saudavel,0.9973,agrosmart-v1,simulado,sim-2026-08
9cac23ca-2719-5622-b861-9e61aaea7fbd,BV-02_20260814_0012.jpg,2026-08-14 07:35:25,BV-02,smartphone,saudavel,saudavel,0.8869,agrosmart-v1,simulado,sim-2026-08
4173b0f1-4831-5036-9a3b-f46df3a4f591,BV-02_20260814_0013.jpg,2026-08-14 07:35:43,BV-02,smartphone,saudavel,saudavel,0.9863,agrosmart-v1,simulado,sim-2026-08
d10a7bad-81a7-5a67-a27d-259bac57401a,BV-02_20260814_0014.jpg,2026-08-14 07:36:35,BV-02,smartphone,saudavel,saudavel,0.9520,agrosmart-v1,simulado,sim-2026-08
f05178fa-8ea3-5e56-8bba-af24388e99db,BV-02_20260814_0015.jpg,2026-08-14 07:37:16,BV-02,smartphone,saudavel,saudavel,0.9049,agrosmart-v1,simulado,sim-2026-08
c9071472-3719-5c4c-96fa-1a00374dd719,BV-02_20260814_0016.jpg,2026-08-14 07:37:43,BV-02,smartphone,saudavel,saudavel,0.9998,agrosmart-v1,simulado,sim-2026-08
445689c5-d70d-5dd7-81cb-046911b26210,BV-02_20260814_0017.jpg,2026-08-14 07:38:30,BV-02,smartphone,saudavel,saudavel,0.9613,agrosmart-v1,simulado,sim-2026-08
3377c45e-3fe0-599f-ab9f-094773583a8e,BV-02_20260814_0018.jpg,2026-08-14 07:39:01,BV-02,smartphone,saudavel,saudavel,0.9981,agrosmart-v1,simulado,sim-2026-08
364eef52-dcc4-507f-b2b2-6db43a2ae380,BV-02_20260814_0019.jpg,2026-08-14 07:40:02,BV-02,smartphone,saudavel,saudavel,0.9989,agrosmart-v1,simulado,sim-2026-08
f595a350-8c88-5ffa-869d-cdb770ca4111,BV-02_20260814_0020.jpg,2026-08-14 07:40:47,BV-02,smartphone,saudavel,saudavel,0.8306,agrosmart-v1,simulado,sim-2026-08
e401e350-e0fe-5e3d-8ec7-dfe8afe0bad4,BV-01_20260814_0001.jpg,2026-08-14 07:41:00,BV-01,smartphone,saudavel,saudavel,0.9200,agrosmart-v1,simulado,sim-2026-08
cc6bb464-c4e3-5054-b274-77607d5f9538,BV-02_20260814_0021.jpg,2026-08-14 07:41:15,BV-02,smartphone,saudavel,saudavel,0.8845,agrosmart-v1,simulado,sim-2026-08
9145af03-88fa-585c-9df7-cf58642efc2c,BV-01_20260814_0002.jpg,2026-08-14 07:41:43,BV-01,smartphone,saudavel,saudavel,0.9915,agrosmart-v1,simulado,sim-2026-08
18a527b5-c3c9-5877-9dec-571dcba869d5,BV-02_20260814_0022.jpg,2026-08-14 07:42:02,BV-02,smartphone,saudavel,saudavel,0.9999,agrosmart-v1,simulado,sim-2026-08
7ac64f7c-b83d-5e6a-b799-5f271685617c,BV-01_20260814_0003.jpg,2026-08-14 07:42:24,BV-01,smartphone,saudavel,saudavel,0.8217,agrosmart-v1,simulado,sim-2026-08
e71e5a93-ee23-5d81-9f6d-174b5448cb83,BV-02_20260814_0023.jpg,2026-08-14 07:42:31,BV-02,smartphone,saudavel,saudavel,0.9498,agrosmart-v1,simulado,sim-2026-08
980b68c1-5f28-520c-88ce-e82e33d12520,BV-01_20260814_0004.jpg,2026-08-14 07:42:43,BV-01,smartphone,saudavel,saudavel,0.8906,agrosmart-v1,simulado,sim-2026-08
4a04b6b2-8962-5070-b3f3-73030f838072,BV-02_20260814_0024.jpg,2026-08-14 07:43:13,BV-02,smartphone,saudavel,saudavel,0.9360,agrosmart-v1,simulado,sim-2026-08
01c2c272-ae26-555e-a62c-fa03d0b4c50e,BV-01_20260814_0005.jpg,2026-08-14 07:43:25,BV-01,smartphone,saudavel,saudavel,0.9539,agrosmart-v1,simulado,sim-2026-08
9a1ba2b5-5062-5053-b4f1-e49524d34115,BV-02_20260814_0025.jpg,2026-08-14 07:43:46,BV-02,smartphone,saudavel,saudavel,1.0000,agrosmart-v1,simulado,sim-2026-08
3ea3ff3a-7827-5137-a43c-6ac880a9a4cb,BV-01_20260814_0006.jpg,2026-08-14 07:44:02,BV-01,smartphone,saudavel,saudavel,0.9178,agrosmart-v1,simulado,sim-2026-08
8c0610a6-60b8-55e9-bed6-922a097a1a2f,BV-02_20260814_0026.jpg,2026-08-14 07:44:41,BV-02,smartphone,saudavel,saudavel,0.8913,agrosmart-v1,simulado,sim-2026-08
2f70fa08-ee86-591d-870e-e18c5ddd274b,BV-01_20260814_0007.jpg,2026-08-14 07:44:50,BV-01,smartphone,saudavel,saudavel,0.8682,agrosmart-v1,simulado,sim-2026-08
d5322279-a2aa-59de-8be3-90150e43439d,BV-02_20260814_0027.jpg,2026-08-14 07:45:05,BV-02,smartphone,saudavel,saudavel,0.8478,agrosmart-v1,simulado,sim-2026-08
0eecd337-561a-59df-b8f2-548fc64789bd,BV-01_20260814_0008.jpg,2026-08-14 07:45:20,BV-01,smartphone,saudavel,saudavel,0.9095,agrosmart-v1,simulado,sim-2026-08
a9f67499-eabc-5693-974f-949eb8e07adc,BV-02_20260814_0028.jpg,2026-08-14 07:45:48,BV-02,smartphone,saudavel,saudavel,0.8575,agrosmart-v1,simulado,sim-2026-08
324bfb98-9de0-5cdd-9b65-8066969321d8,BV-01_20260814_0009.jpg,2026-08-14 07:46:21,BV-01,smartphone,saudavel,saudavel,0.9577,agrosmart-v1,simulado,sim-2026-08
7db5ae9b-b97d-51dc-a750-6af3f1dd42d1,BV-02_20260814_0029.jpg,2026-08-14 07:46:24,BV-02,smartphone,saudavel,saudavel,0.9384,agrosmart-v1,simulado,sim-2026-08
d0a27514-6f8c-5a5c-bc47-cacc4f3f1de0,BV-01_20260814_0010.jpg,2026-08-14 07:46:57,BV-01,smartphone,saudavel,saudavel,0.9083,agrosmart-v1,simulado,sim-2026-08
687f20bc-b742-583a-8420-7e8dd4685d83,BV-02_20260814_0030.jpg,2026-08-14 07:47:26,BV-02,smartphone,saudavel,saudavel,0.8688,agrosmart-v1,simulado,sim-2026-08
8bd69316-6c42-5966-81dd-65d47679034d,BV-01_20260814_0011.jpg,2026-08-14 07:47:35,BV-01,smartphone,saudavel,saudavel,0.8725,agrosmart-v1,simulado,sim-2026-08
6c2167f8-da8f-5669-a41f-e06963859630,TI-02_20260814_0001.jpg,2026-08-14 07:47:59,TI-02,drone,saudavel,saudavel,0.9128,agrosmart-v1,simulado,sim-2026-08
f8dcbaaa-cc69-5401-aefa-8bba77362175,BV-01_20260814_0012.jpg,2026-08-14 07:48:00,BV-01,smartphone,saudavel,saudavel,0.9943,agrosmart-v1,simulado,sim-2026-08
aea8fa1e-833e-57db-86dc-80160cca8c1f,TI-02_20260814_0002.jpg,2026-08-14 07:48:30,TI-02,drone,saudavel,saudavel,0.9722,agrosmart-v1,simulado,sim-2026-08
57ae4793-9ec0-56b2-a780-6bfe92c32f10,BV-01_20260814_0013.jpg,2026-08-14 07:49:03,BV-01,smartphone,saudavel,saudavel,0.9989,agrosmart-v1,simulado,sim-2026-08
f8d6fbd6-45ac-5b09-beb5-3804551a9257,TI-02_20260814_0003.jpg,2026-08-14 07:49:30,TI-02,drone,saudavel,saudavel,0.8531,agrosmart-v1,simulado,sim-2026-08
82752f95-ffce-520b-b835-565a2c68082b,BV-01_20260814_0014.jpg,2026-08-14 07:49:41,BV-01,smartphone,saudavel,saudavel,0.9650,agrosmart-v1,simulado,sim-2026-08
0ace6334-117c-5274-bfa6-dc7c6ba6e45e,TI-02_20260814_0004.jpg,2026-08-14 07:49:41,TI-02,drone,saudavel,saudavel,0.9990,agrosmart-v1,simulado,sim-2026-08
457702d5-7249-5666-b3fe-7734a24560ad,BV-01_20260814_0015.jpg,2026-08-14 07:50:22,BV-01,smartphone,saudavel,saudavel,0.9180,agrosmart-v1,simulado,sim-2026-08
a49d8e0b-281c-5088-8d5c-2aa4c2d06197,TI-02_20260814_0005.jpg,2026-08-14 07:50:29,TI-02,drone,saudavel,saudavel,0.8963,agrosmart-v1,simulado,sim-2026-08
fa53d1f0-f6ed-505e-bfb5-cfec444dcba7,BV-01_20260814_0016.jpg,2026-08-14 07:51:02,BV-01,smartphone,saudavel,saudavel,0.9275,agrosmart-v1,simulado,sim-2026-08
ce1883a6-9983-56bc-a0c8-31fc5d0bf1bd,TI-02_20260814_0006.jpg,2026-08-14 07:51:08,TI-02,drone,saudavel,saudavel,1.0000,agrosmart-v1,simulado,sim-2026-08
1ce665a9-256f-5bf2-bea2-0cefc791f2ea,BV-01_20260814_0017.jpg,2026-08-14 07:51:41,BV-01,smartphone,saudavel,saudavel,0.8552,agrosmart-v1,simulado,sim-2026-08
3143a6f6-627c-5292-b751-8a384a9a2962,TI-02_20260814_0007.jpg,2026-08-14 07:51:55,TI-02,drone,saudavel,saudavel,0.8375,agrosmart-v1,simulado,sim-2026-08
4e681d28-7bda-598c-8d88-2ded80372056,BV-01_20260814_0018.jpg,2026-08-14 07:52:09,BV-01,smartphone,saudavel,saudavel,0.9356,agrosmart-v1,simulado,sim-2026-08
2f5a60d0-f242-51a6-81f5-46e636440639,TI-02_20260814_0008.jpg,2026-08-14 07:52:37,TI-02,drone,saudavel,saudavel,0.9654,agrosmart-v1,simulado,sim-2026-08
171f7ff8-5e64-50e8-b491-21d3d84cccc9,BV-01_20260814_0019.jpg,2026-08-14 07:52:52,BV-01,smartphone,saudavel,saudavel,0.8447,agrosmart-v1,simulado,sim-2026-08
153d8763-f264-5f0a-8e05-61487eef1abb,TI-02_20260814_0009.jpg,2026-08-14 07:53:02,TI-02,drone,saudavel,saudavel,0.8790,agrosmart-v1,simulado,sim-2026-08
f6a1c68d-27cb-5796-8999-cd5b0a3730a1,BV-01_20260814_0020.jpg,2026-08-14 07:53:27,BV-01,smartphone,saudavel,saudavel,1.0000,agrosmart-v1,simulado,sim-2026-08
e40a5252-6ee6-5aea-b07a-dc65c4569037,TI-02_20260814_0010.jpg,2026-08-14 07:53:52,TI-02,drone,doente,pinta_preta,0.8963,agrosmart-v1,simulado,sim-2026-08
daccf698-e627-523a-8075-66544e47aa65,BV-01_20260814_0021.jpg,2026-08-14 07:54:00,BV-01,smartphone,doente,vaquinha,0.9934,agrosmart-v1,simulado,sim-2026-08
8de4c386-e16a-518c-b5e5-5c9b100bd533,TI-04_20260814_0001.jpg,2026-08-14 07:54:05,TI-04,drone,saudavel,saudavel,0.9999,agrosmart-v1,simulado,sim-2026-08
9adc3f30-f8ec-5f1f-b646-4c6aee05f9fa,TI-04_20260814_0002.jpg,2026-08-14 07:54:42,TI-04,drone,doente,pinta_preta,0.9514,agrosmart-v1,simulado,sim-2026-08
be41eb30-f54e-52e2-8a32-171466a63cad,BV-01_20260814_0022.jpg,2026-08-14 07:54:47,BV-01,smartphone,saudavel,saudavel,0.9983,agrosmart-v1,simulado,sim-2026-08
265b2780-fcdb-5cfc-abcd-4adec228b877,TI-02_20260814_0011.jpg,2026-08-14 07:54:49,TI-02,drone,saudavel,saudavel,0.9049,agrosmart-v1,simulado,sim-2026-08
445c610c-c89f-530f-94cc-75cde47dd8bd,TI-02_20260814_0012.jpg,2026-08-14 07:55:15,TI-02,drone,doente,vaquinha,0.9802,agrosmart-v1,simulado,sim-2026-08
0ea1c54e-cb8d-5db4-ac2a-ec257c6235d4,TI-04_20260814_0003.jpg,2026-08-14 07:55:15,TI-04,drone,saudavel,saudavel,0.9387,agrosmart-v1,simulado,sim-2026-08
4e3a0c24-b719-5e44-859e-691e06351555,BV-01_20260814_0023.jpg,2026-08-14 07:55:41,BV-01,smartphone,saudavel,saudavel,0.9950,agrosmart-v1,simulado,sim-2026-08
c5f260d8-0169-537a-b3f6-68584b639bef,TI-02_20260814_0013.jpg,2026-08-14 07:55:56,TI-02,drone,saudavel,saudavel,0.8935,agrosmart-v1,simulado,sim-2026-08
271b5b68-29a0-5e78-a887-2df04d3d40bb,BV-01_20260814_0024.jpg,2026-08-14 07:56:03,BV-01,smartphone,saudavel,saudavel,0.9813,agrosmart-v1,simulado,sim-2026-08
d5c522ed-e5ba-5683-9e5b-5758920fd7ba,TI-04_20260814_0004.jpg,2026-08-14 07:56:03,TI-04,drone,saudavel,saudavel,0.6315,agrosmart-v1,simulado,sim-2026-08
a9b7a5f0-9602-52e1-af4c-4a592e41d60d,TI-02_20260814_0014.jpg,2026-08-14 07:56:24,TI-02,drone,saudavel,saudavel,0.9472,agrosmart-v1,simulado,sim-2026-08
136e6636-20c0-513d-9e9b-fa2b06d37ff1,TI-04_20260814_0005.jpg,2026-08-14 07:56:48,TI-04,drone,saudavel,saudavel,0.9667,agrosmart-v1,simulado,sim-2026-08
31f02dc4-3d7a-5780-8041-153112f52a07,BV-01_20260814_0025.jpg,2026-08-14 07:56:59,BV-01,smartphone,saudavel,saudavel,0.9472,agrosmart-v1,simulado,sim-2026-08
95f1383d-ffff-5c6b-8cad-5aa82cc94494,TI-04_20260814_0006.jpg,2026-08-14 07:57:02,TI-04,drone,saudavel,saudavel,0.9832,agrosmart-v1,simulado,sim-2026-08
116b25db-ff51-5e4b-9d8e-8008a5c43755,TI-02_20260814_0015.jpg,2026-08-14 07:57:05,TI-02,drone,saudavel,saudavel,0.8991,agrosmart-v1,simulado,sim-2026-08
f46e3e6c-6130-5df8-93af-715f0de40b62,BV-01_20260814_0026.jpg,2026-08-14 07:57:23,BV-01,smartphone,saudavel,saudavel,0.9980,agrosmart-v1,simulado,sim-2026-08
7c0271f8-c33a-5e7a-baf4-8ab64899d322,BV-01_20260814_0027.jpg,2026-08-14 07:58:00,BV-01,smartphone,saudavel,saudavel,0.9820,agrosmart-v1,simulado,sim-2026-08
d463f591-94cc-57e9-9a98-5c77532a74aa,TI-02_20260814_0016.jpg,2026-08-14 07:58:00,TI-02,drone,saudavel,saudavel,0.9999,agrosmart-v1,simulado,sim-2026-08
2f3ca792-be20-5e46-ab77-1ae642c168a9,TI-04_20260814_0007.jpg,2026-08-14 07:58:05,TI-04,drone,saudavel,saudavel,0.6879,agrosmart-v1,simulado,sim-2026-08
d63ba495-0a78-52ab-a3d9-446e0bcfb2a9,TI-04_20260814_0008.jpg,2026-08-14 07:58:25,TI-04,drone,saudavel,saudavel,0.8938,agrosmart-v1,simulado,sim-2026-08
788833d6-1425-5b39-9da6-545134a47cc9,TI-02_20260814_0017.jpg,2026-08-14 07:58:34,TI-02,drone,saudavel,saudavel,0.8703,agrosmart-v1,simulado,sim-2026-08
8bbf1b00-99d2-5369-850e-9c58d1e5c043,BV-01_20260814_0028.jpg,2026-08-14 07:58:54,BV-01,smartphone,saudavel,saudavel,0.9221,agrosmart-v1,simulado,sim-2026-08
375d33f6-2330-5abd-aede-0f08c8c564b2,TI-04_20260814_0009.jpg,2026-08-14 07:59:17,TI-04,drone,saudavel,saudavel,0.9993,agrosmart-v1,simulado,sim-2026-08
cc8f5d3d-247d-5783-b60b-bf097dd491b5,TI-02_20260814_0018.jpg,2026-08-14 07:59:24,TI-02,drone,saudavel,saudavel,0.9539,agrosmart-v1,simulado,sim-2026-08
91519ee6-0580-56ef-b7c7-ebe2df268c86,TI-02_20260814_0019.jpg,2026-08-14 07:59:49,TI-02,drone,saudavel,saudavel,0.9414,agrosmart-v1,simulado,sim-2026-08
a560b01c-d73d-5509-ac33-158743f293e2,TI-04_20260814_0010.jpg,2026-08-14 07:59:54,TI-04,drone,saudavel,saudavel,0.8425,agrosmart-v1,simulado,sim-2026-08
de678da4-3c2a-510d-bb4b-79e2cf1eb46d,TI-04_20260814_0011.jpg,2026-08-14 08:00:26,TI-04,drone,saudavel,saudavel,0.9979,agrosmart-v1,simulado,sim-2026-08
e4dafb19-518d-59b7-9f14-e454615ebf3c,TI-02_20260814_0020.jpg,2026-08-14 08:00:27,TI-02,drone,saudavel,saudavel,0.9845,agrosmart-v1,simulado,sim-2026-08
8d555f5d-72f0-544f-bb36-458f3d1831b2,TI-02_20260814_0021.jpg,2026-08-14 08:01:02,TI-02,drone,saudavel,saudavel,0.8757,agrosmart-v1,simulado,sim-2026-08
9bda2871-2965-540f-81e7-00a36090adfa,TI-04_20260814_0012.jpg,2026-08-14 08:01:12,TI-04,drone,saudavel,saudavel,0.9584,agrosmart-v1,simulado,sim-2026-08
b40a7d5c-a216-5dfb-b3e9-79e795060149,TI-02_20260814_0022.jpg,2026-08-14 08:01:43,TI-02,drone,saudavel,saudavel,0.9818,agrosmart-v1,simulado,sim-2026-08
1aca499b-9ecc-56dd-85e4-63b9dd291b4e,TI-04_20260814_0013.jpg,2026-08-14 08:02:01,TI-04,drone,saudavel,saudavel,0.9658,agrosmart-v1,simulado,sim-2026-08
9feda1f2-ebf2-5d82-8de3-aa4a8440fed5,TI-02_20260814_0023.jpg,2026-08-14 08:02:23,TI-02,drone,saudavel,saudavel,0.9927,agrosmart-v1,simulado,sim-2026-08
a024cc48-8a42-5de7-afd2-62fb366f7a83,TI-04_20260814_0014.jpg,2026-08-14 08:02:49,TI-04,drone,saudavel,saudavel,1.0000,agrosmart-v1,simulado,sim-2026-08
3d5735e0-113b-5231-bcfc-bd37069657fa,TI-04_20260814_0015.jpg,2026-08-14 08:03:13,TI-04,drone,saudavel,saudavel,0.9986,agrosmart-v1,simulado,sim-2026-08
9022bbf0-23df-546e-b6c0-6bd70906930f,TI-02_20260814_0024.jpg,2026-08-14 08:03:21,TI-02,drone,saudavel,saudavel,0.9557,agrosmart-v1,simulado,sim-2026-08
e90ae236-59c7-57a3-8642-a39e9028d0d0,BV-03_20260814_0001.jpg,2026-08-14 08:03:40,BV-03,smartphone,saudavel,saudavel,0.9982,agrosmart-v1,simulado,sim-2026-08
15cb7da7-f9b5-5e3c-a5f7-c2bde5548d80,TI-04_20260814_0016.jpg,2026-08-14 08:03:40,TI-04,drone,saudavel,saudavel,0.9998,agrosmart-v1,simulado,sim-2026-08
dab88367-2115-5152-900a-978c6e573a62,TI-02_20260814_0025.jpg,2026-08-14 08:03:45,TI-02,drone,saudavel,saudavel,0.9243,agrosmart-v1,simulado,sim-2026-08
bc7f29d2-2feb-5f91-9b36-ebf45f782bf7,TI-02_20260814_0026.jpg,2026-08-14 08:04:23,TI-02,drone,doente,pinta_preta,0.8909,agrosmart-v1,simulado,sim-2026-08
dc5cdc95-9ba0-51a5-bcc3-b2581d71b6fe,BV-03_20260814_0002.jpg,2026-08-14 08:04:24,BV-03,smartphone,saudavel,saudavel,0.9602,agrosmart-v1,simulado,sim-2026-08
d565d4a0-4534-5c36-9adc-007f67a90876,TI-04_20260814_0017.jpg,2026-08-14 08:04:34,TI-04,drone,doente,mosca_minadora,0.9516,agrosmart-v1,simulado,sim-2026-08
40ec34bb-6185-5a5d-ae52-b7ec057cb1ab,TI-02_20260814_0027.jpg,2026-08-14 08:05:07,TI-02,drone,saudavel,saudavel,0.9335,agrosmart-v1,simulado,sim-2026-08
7699a6ff-8e86-50a4-a135-893444e2323c,BV-03_20260814_0003.jpg,2026-08-14 08:05:19,BV-03,smartphone,saudavel,saudavel,0.8576,agrosmart-v1,simulado,sim-2026-08
704b7964-a766-5756-b708-8cfa98747d09,TI-04_20260814_0018.jpg,2026-08-14 08:05:20,TI-04,drone,saudavel,saudavel,0.9631,agrosmart-v1,simulado,sim-2026-08
0544b360-cb6f-5d22-99fd-f8538cbe128f,TI-04_20260814_0019.jpg,2026-08-14 08:05:43,TI-04,drone,saudavel,saudavel,0.8680,agrosmart-v1,simulado,sim-2026-08
7ef75195-a7b8-59a1-a776-0edd5117b846,TI-02_20260814_0028.jpg,2026-08-14 08:05:48,TI-02,drone,saudavel,saudavel,0.9645,agrosmart-v1,simulado,sim-2026-08
e85d999d-13e4-56fd-96b2-24e0fb8d95c5,BV-03_20260814_0004.jpg,2026-08-14 08:06:01,BV-03,smartphone,saudavel,saudavel,0.9983,agrosmart-v1,simulado,sim-2026-08
26e28e3f-7c8c-5431-919e-2709ece025ae,BV-03_20260814_0005.jpg,2026-08-14 08:06:41,BV-03,smartphone,saudavel,saudavel,0.9988,agrosmart-v1,simulado,sim-2026-08
085f76ce-0433-5622-9bbe-0e2dd0d55aa6,TI-04_20260814_0020.jpg,2026-08-14 08:06:41,TI-04,drone,saudavel,saudavel,0.9845,agrosmart-v1,simulado,sim-2026-08
4f84efb5-9d91-509a-8d49-bd46ad2cbd2a,TI-02_20260814_0029.jpg,2026-08-14 08:06:46,TI-02,drone,saudavel,saudavel,0.9859,agrosmart-v1,simulado,sim-2026-08
c9bcdc72-a878-5544-a42b-afd7a3baf595,TI-02_20260814_0030.jpg,2026-08-14 08:07:15,TI-02,drone,saudavel,saudavel,0.9467,agrosmart-v1,simulado,sim-2026-08
118247fe-109f-55a7-825c-907e6502de7c,BV-03_20260814_0006.jpg,2026-08-14 08:07:25,BV-03,smartphone,saudavel,saudavel,0.9930,agrosmart-v1,simulado,sim-2026-08
360a5567-85fc-57e4-956e-5ba75c89f3a0,TI-04_20260814_0021.jpg,2026-08-14 08:07:30,TI-04,drone,saudavel,saudavel,0.9318,agrosmart-v1,simulado,sim-2026-08
2cee2e32-ea1a-5303-85c2-962004386d8c,BV-03_20260814_0007.jpg,2026-08-14 08:07:40,BV-03,smartphone,saudavel,saudavel,0.9555,agrosmart-v1,simulado,sim-2026-08
29898586-739b-589e-9927-08a611ceda22,TI-02_20260814_0031.jpg,2026-08-14 08:07:52,TI-02,drone,saudavel,saudavel,0.9005,agrosmart-v1,simulado,sim-2026-08
6d31de91-2516-5e89-8e70-5bce4ea084be,TI-04_20260814_0022.jpg,2026-08-14 08:08:02,TI-04,drone,saudavel,saudavel,0.6185,agrosmart-v1,simulado,sim-2026-08
34566bb8-ed8e-5cad-b202-01ecf2f17722,TI-04_20260814_0023.jpg,2026-08-14 08:08:21,TI-04,drone,doente,mosca_minadora,0.9859,agrosmart-v1,simulado,sim-2026-08
605e06c7-e477-52f1-90ec-c2313c08b75c,BV-03_20260814_0008.jpg,2026-08-14 08:08:24,BV-03,smartphone,saudavel,saudavel,0.9600,agrosmart-v1,simulado,sim-2026-08
89d5ee6c-3b60-5ca1-a987-e5272f02dfd9,TI-02_20260814_0032.jpg,2026-08-14 08:08:45,TI-02,drone,doente,pinta_preta,0.9651,agrosmart-v1,simulado,sim-2026-08
d04876b5-f67d-5260-a339-bb6ef84ccfd5,TI-04_20260814_0024.jpg,2026-08-14 08:09:10,TI-04,drone,saudavel,saudavel,0.8668,agrosmart-v1,simulado,sim-2026-08
f13d0f5a-52dc-5579-87e0-3589ef5c8793,TI-02_20260814_0033.jpg,2026-08-14 08:09:17,TI-02,drone,saudavel,saudavel,0.9043,agrosmart-v1,simulado,sim-2026-08
ef979b9c-7351-5c42-a01b-764399fefd8c,BV-03_20260814_0009.jpg,2026-08-14 08:09:26,BV-03,smartphone,saudavel,saudavel,0.8399,agrosmart-v1,simulado,sim-2026-08
7ed110f5-e7c6-5373-8edf-efae779a1907,TI-04_20260814_0025.jpg,2026-08-14 08:09:44,TI-04,drone,saudavel,saudavel,0.9954,agrosmart-v1,simulado,sim-2026-08
6437eedb-1f44-5566-870e-5b0a181419cc,TI-02_20260814_0034.jpg,2026-08-14 08:09:51,TI-02,drone,saudavel,saudavel,0.8676,agrosmart-v1,simulado,sim-2026-08
4e63b52e-74b9-57ab-913d-e98e903455cb,BV-03_20260814_0010.jpg,2026-08-14 08:09:59,BV-03,smartphone,saudavel,saudavel,0.9582,agrosmart-v1,simulado,sim-2026-08
df8f3679-97d0-5b6b-914c-692a9628ea75,TI-02_20260814_0035.jpg,2026-08-14 08:10:31,TI-02,drone,doente,vaquinha,0.8281,agrosmart-v1,simulado,sim-2026-08
d802ccea-50c3-511f-bcbb-2c3f51024207,BV-03_20260814_0011.jpg,2026-08-14 08:10:42,BV-03,smartphone,saudavel,saudavel,0.7620,agrosmart-v1,simulado,sim-2026-08
8cf1ec82-f05f-51bd-a3a9-747c0e658cd7,TI-04_20260814_0026.jpg,2026-08-14 08:10:47,TI-04,drone,saudavel,saudavel,0.9709,agrosmart-v1,simulado,sim-2026-08
a874b098-d6bd-5ad2-84b9-dc744c8364fd,TI-04_20260814_0027.jpg,2026-08-14 08:11:06,TI-04,drone,saudavel,saudavel,0.7248,agrosmart-v1,simulado,sim-2026-08
84efa20d-49d1-5bad-b529-5b914a562f5b,BV-03_20260814_0012.jpg,2026-08-14 08:11:08,BV-03,smartphone,saudavel,saudavel,0.9975,agrosmart-v1,simulado,sim-2026-08
16a46006-7abd-55c6-a38e-5dd08acb35bb,TI-04_20260814_0028.jpg,2026-08-14 08:11:41,TI-04,drone,saudavel,saudavel,0.9449,agrosmart-v1,simulado,sim-2026-08
78a8235e-066b-583b-a778-c83040b69c07,BV-03_20260814_0013.jpg,2026-08-14 08:11:49,BV-03,smartphone,saudavel,saudavel,0.9931,agrosmart-v1,simulado,sim-2026-08
a51846bc-c0b7-5c3a-a803-33530b2340f0,BV-03_20260814_0014.jpg,2026-08-14 08:12:45,BV-03,smartphone,saudavel,saudavel,0.9717,agrosmart-v1,simulado,sim-2026-08
4ee4a133-1f9e-5b6d-81ef-3b1e62f6d99c,TI-04_20260814_0029.jpg,2026-08-14 08:12:49,TI-04,drone,saudavel,saudavel,0.9362,agrosmart-v1,simulado,sim-2026-08
7ad51f69-f3fb-539b-bc7b-ef256a9663ba,TI-04_20260814_0030.jpg,2026-08-14 08:13:00,TI-04,drone,saudavel,saudavel,0.9374,agrosmart-v1,simulado,sim-2026-08
7eb8558b-8899-527a-805c-d5b00d086e09,BV-03_20260814_0015.jpg,2026-08-14 08:13:08,BV-03,smartphone,saudavel,saudavel,0.8991,agrosmart-v1,simulado,sim-2026-08
43717c4c-7fb0-5adb-bfe3-f5f4c9004131,TI-04_20260814_0031.jpg,2026-08-14 08:13:47,TI-04,drone,doente,mosca_minadora,0.9695,agrosmart-v1,simulado,sim-2026-08
d6c174d1-de22-5405-aaf4-589f4bdee4c0,BV-03_20260814_0016.jpg,2026-08-14 08:14:00,BV-03,smartphone,saudavel,saudavel,0.8723,agrosmart-v1,simulado,sim-2026-08
04b0f494-75ce-5095-839b-7c9e3c8616f1,TI-04_20260814_0032.jpg,2026-08-14 08:14:35,TI-04,drone,saudavel,saudavel,0.9809,agrosmart-v1,simulado,sim-2026-08
77d50392-00e2-5c8c-ba44-be8a199ece77,BV-03_20260814_0017.jpg,2026-08-14 08:14:44,BV-03,smartphone,saudavel,saudavel,0.8486,agrosmart-v1,simulado,sim-2026-08
af5125ac-bcad-576f-9606-d257c4daaa52,BV-03_20260814_0018.jpg,2026-08-14 08:15:03,BV-03,smartphone,saudavel,saudavel,0.8993,agrosmart-v1,simulado,sim-2026-08
b727474c-0560-596e-8646-f495b0006605,TI-04_20260814_0033.jpg,2026-08-14 08:15:23,TI-04,drone,saudavel,saudavel,0.9790,agrosmart-v1,simulado,sim-2026-08
f6dbd76c-60a0-5cf6-80d3-ec36100d9486,TI-04_20260814_0034.jpg,2026-08-14 08:15:44,TI-04,drone,saudavel,saudavel,0.5928,agrosmart-v1,simulado,sim-2026-08
5e6dfdd7-7d90-5f0a-b4e7-478893ce5945,BV-03_20260814_0019.jpg,2026-08-14 08:16:05,BV-03,smartphone,saudavel,saudavel,0.8544,agrosmart-v1,simulado,sim-2026-08
ab50b4da-c028-52d7-9ad6-ec681f91b825,SC-01_20260814_0001.jpg,2026-08-14 08:16:08,SC-01,smartphone,saudavel,saudavel,0.9901,agrosmart-v1,simulado,sim-2026-08
c8ea66b6-9b1f-557d-ae44-362483423d34,BV-03_20260814_0020.jpg,2026-08-14 08:16:32,BV-03,smartphone,doente,pinta_preta,0.9876,agrosmart-v1,simulado,sim-2026-08
60685686-9a8d-5c49-892e-1ef75a8e3fed,TI-04_20260814_0035.jpg,2026-08-14 08:16:34,TI-04,drone,saudavel,saudavel,0.8647,agrosmart-v1,simulado,sim-2026-08
21cfb061-d8aa-55b6-8ea0-8f32252db3d9,SC-01_20260814_0002.jpg,2026-08-14 08:16:37,SC-01,smartphone,saudavel,saudavel,0.9826,agrosmart-v1,simulado,sim-2026-08
e7aaa4f9-7698-5104-b5f6-b8ae159ad1fa,BV-03_20260814_0021.jpg,2026-08-14 08:17:02,BV-03,smartphone,saudavel,saudavel,0.9978,agrosmart-v1,simulado,sim-2026-08
e8b9b9a4-1556-5a82-98f5-f11aa456e376,SC-01_20260814_0003.jpg,2026-08-14 08:17:14,SC-01,smartphone,saudavel,saudavel,0.9994,agrosmart-v1,simulado,sim-2026-08
00ac958b-1720-5677-be80-a987cba8f080,TI-04_20260814_0036.jpg,2026-08-14 08:17:19,TI-04,drone,saudavel,saudavel,0.9997,agrosmart-v1,simulado,sim-2026-08
5f475a05-1cbe-5135-a04b-54509085a8da,TI-04_20260814_0037.jpg,2026-08-14 08:17:55,TI-04,drone,saudavel,saudavel,0.9886,agrosmart-v1,simulado,sim-2026-08
7a678616-f81a-57d0-9e93-b06ef4ee5ddd,BV-03_20260814_0022.jpg,2026-08-14 08:18:02,BV-03,smartphone,saudavel,saudavel,0.9070,agrosmart-v1,simulado,sim-2026-08
39459c14-f7da-51a9-bd71-38eb6740e27e,SC-01_20260814_0004.jpg,2026-08-14 08:18:06,SC-01,smartphone,saudavel,saudavel,0.9946,agrosmart-v1,simulado,sim-2026-08
831f796a-e029-505a-a8ec-7ffc9e5a029a,TI-04_20260814_0038.jpg,2026-08-14 08:18:20,TI-04,drone,saudavel,saudavel,0.9143,agrosmart-v1,simulado,sim-2026-08
3327861a-da09-576b-8501-cef1a5fece55,SC-01_20260814_0005.jpg,2026-08-14 08:18:44,SC-01,smartphone,saudavel,saudavel,0.9712,agrosmart-v1,simulado,sim-2026-08
b0185808-c296-599d-9e28-f95852c5e7e0,TI-04_20260814_0039.jpg,2026-08-14 08:19:22,TI-04,drone,saudavel,saudavel,0.9888,agrosmart-v1,simulado,sim-2026-08
a56a6b8f-3564-5c3d-8a1a-49feaee7523e,SC-01_20260814_0006.jpg,2026-08-14 08:19:26,SC-01,smartphone,saudavel,saudavel,0.9589,agrosmart-v1,simulado,sim-2026-08
46d28388-4d68-5e53-9347-ef520d3eb97e,SC-01_20260814_0007.jpg,2026-08-14 08:20:00,SC-01,smartphone,saudavel,saudavel,0.9243,agrosmart-v1,simulado,sim-2026-08
b41e1ba5-c71d-5d8b-b00c-5cd038c9c7bc,SC-01_20260814_0008.jpg,2026-08-14 08:20:49,SC-01,smartphone,saudavel,saudavel,0.9893,agrosmart-v1,simulado,sim-2026-08
cca5c601-51d1-55a5-b6b9-61275b5f6684,SC-01_20260814_0009.jpg,2026-08-14 08:21:01,SC-01,smartphone,saudavel,saudavel,0.7203,agrosmart-v1,simulado,sim-2026-08
01970763-18ee-5388-b704-790c66429177,SC-01_20260814_0010.jpg,2026-08-14 08:21:41,SC-01,smartphone,saudavel,saudavel,0.9995,agrosmart-v1,simulado,sim-2026-08
f8326fe9-4d78-5a21-8739-ada4e91f1fc7,SC-01_20260814_0011.jpg,2026-08-14 08:22:34,SC-01,smartphone,saudavel,saudavel,0.9984,agrosmart-v1,simulado,sim-2026-08
06528d7a-cd11-5836-8d76-60e92ad5e678,TI-03_20260814_0001.jpg,2026-08-14 08:22:55,TI-03,drone,saudavel,saudavel,0.8951,agrosmart-v1,simulado,sim-2026-08
d8d9e214-9baa-5063-b48e-3af1b89cde7e,SC-01_20260814_0012.jpg,2026-08-14 08:23:25,SC-01,smartphone,saudavel,saudavel,0.9763,agrosmart-v1,simulado,sim-2026-08
e7420559-ec48-52e1-8bd4-0c4c9652ecf2,TI-03_20260814_0002.jpg,2026-08-14 08:23:45,TI-03,drone,saudavel,saudavel,0.9515,agrosmart-v1,simulado,sim-2026-08
6294d125-791d-5a44-ba9c-9d1f03babb7f,SC-01_20260814_0013.jpg,2026-08-14 08:23:56,SC-01,smartphone,saudavel,saudavel,0.5721,agrosmart-v1,simulado,sim-2026-08
676e4421-0b6e-5356-9074-b56e18b5b62c,TI-03_20260814_0003.jpg,2026-08-14 08:24:08,TI-03,drone,saudavel,saudavel,1.0000,agrosmart-v1,simulado,sim-2026-08
b2c141bc-a0b5-564a-9e91-feb4b39260ba,SC-01_20260814_0014.jpg,2026-08-14 08:24:45,SC-01,smartphone,saudavel,saudavel,0.9184,agrosmart-v1,simulado,sim-2026-08
8c59aef4-b6b3-53c6-8672-961ebf8e5754,TI-03_20260814_0004.jpg,2026-08-14 08:24:52,TI-03,drone,saudavel,saudavel,0.9209,agrosmart-v1,simulado,sim-2026-08
5f6066f9-8b7d-56e9-a50b-382670d33290,SC-01_20260814_0015.jpg,2026-08-14 08:25:08,SC-01,smartphone,saudavel,saudavel,0.5332,agrosmart-v1,simulado,sim-2026-08
f294961c-0ba7-549b-8e05-62a21904232a,SC-01_20260814_0016.jpg,2026-08-14 08:25:40,SC-01,smartphone,saudavel,saudavel,0.9312,agrosmart-v1,simulado,sim-2026-08
522ecd11-3c2a-52b9-a0c7-a9895177c6d4,TI-03_20260814_0005.jpg,2026-08-14 08:25:41,TI-03,drone,saudavel,saudavel,0.9861,agrosmart-v1,simulado,sim-2026-08
1df4fdcb-f4c1-5efb-b3e2-ee5971ab7bab,TI-03_20260814_0006.jpg,2026-08-14 08:26:10,TI-03,drone,saudavel,saudavel,0.9536,agrosmart-v1,simulado,sim-2026-08
06e134d4-5d2b-517e-8764-596f87609bd4,SC-01_20260814_0017.jpg,2026-08-14 08:26:49,SC-01,smartphone,saudavel,saudavel,0.9808,agrosmart-v1,simulado,sim-2026-08
845b3145-3c9b-5a05-b2b1-9aa1d510fd41,TI-03_20260814_0007.jpg,2026-08-14 08:27:07,TI-03,drone,saudavel,saudavel,0.9918,agrosmart-v1,simulado,sim-2026-08
26d6e4af-3269-5199-91f7-d1ff25730daf,SC-01_20260814_0018.jpg,2026-08-14 08:27:29,SC-01,smartphone,doente,requeima,0.8249,agrosmart-v1,simulado,sim-2026-08
92525aaa-e093-5f51-af31-4c62b5d22c02,TI-03_20260814_0008.jpg,2026-08-14 08:27:40,TI-03,drone,saudavel,saudavel,0.9447,agrosmart-v1,simulado,sim-2026-08
105a587f-08c4-54f7-b607-6b93e5f10c6b,SC-01_20260814_0019.jpg,2026-08-14 08:27:52,SC-01,smartphone,saudavel,saudavel,0.9421,agrosmart-v1,simulado,sim-2026-08
4eec662b-fc2c-535b-9430-87fb2895bccd,TI-03_20260814_0009.jpg,2026-08-14 08:28:16,TI-03,drone,saudavel,saudavel,0.8452,agrosmart-v1,simulado,sim-2026-08
c27b0bf6-24f7-5538-a960-678b213467f7,SC-01_20260814_0020.jpg,2026-08-14 08:28:32,SC-01,smartphone,saudavel,saudavel,0.9969,agrosmart-v1,simulado,sim-2026-08
10a512ad-d85f-5efd-a952-709d7257438f,TI-03_20260814_0010.jpg,2026-08-14 08:28:40,TI-03,drone,saudavel,saudavel,0.9489,agrosmart-v1,simulado,sim-2026-08
d79a6622-dc1b-5b1d-9880-58bd4097132a,TI-03_20260814_0011.jpg,2026-08-14 08:29:21,TI-03,drone,saudavel,saudavel,0.9950,agrosmart-v1,simulado,sim-2026-08
3b05ffa3-35f2-5ce6-acae-3cc5d13e7226,SC-01_20260814_0021.jpg,2026-08-14 08:29:26,SC-01,smartphone,saudavel,saudavel,0.9904,agrosmart-v1,simulado,sim-2026-08
85b3c859-7523-5b3e-abca-8bcbeab99e14,SC-01_20260814_0022.jpg,2026-08-14 08:29:49,SC-01,smartphone,saudavel,saudavel,0.9456,agrosmart-v1,simulado,sim-2026-08
4b45285f-ad07-562c-bcd0-7cd689a610c7,TI-03_20260814_0012.jpg,2026-08-14 08:30:19,TI-03,drone,saudavel,saudavel,0.9576,agrosmart-v1,simulado,sim-2026-08
99e383f6-9eaa-5ded-9fc4-bae91ce7976f,SC-01_20260814_0023.jpg,2026-08-14 08:30:23,SC-01,smartphone,saudavel,saudavel,0.6483,agrosmart-v1,simulado,sim-2026-08
fd08917c-5bc5-578c-8e38-d6df41b7d5c4,SC-01_20260814_0024.jpg,2026-08-14 08:31:03,SC-01,smartphone,saudavel,saudavel,0.9390,agrosmart-v1,simulado,sim-2026-08
dc5feef7-a01c-53bd-bab1-8ad8f28707c0,TI-03_20260814_0013.jpg,2026-08-14 08:31:09,TI-03,drone,saudavel,saudavel,0.8503,agrosmart-v1,simulado,sim-2026-08
12247c82-6b8d-5539-9e80-3055b24a1623,TI-03_20260814_0014.jpg,2026-08-14 08:31:34,TI-03,drone,saudavel,saudavel,0.9550,agrosmart-v1,simulado,sim-2026-08
0883e047-422d-5973-845f-f61522057533,SC-01_20260814_0025.jpg,2026-08-14 08:32:09,SC-01,smartphone,saudavel,saudavel,0.9996,agrosmart-v1,simulado,sim-2026-08
1fd44e9d-a998-5166-bc71-60d095953ea3,TI-03_20260814_0015.jpg,2026-08-14 08:32:13,TI-03,drone,saudavel,saudavel,0.9964,agrosmart-v1,simulado,sim-2026-08
2368e1aa-e0c7-5b8e-9892-83ec67cc66ab,SC-01_20260814_0026.jpg,2026-08-14 08:32:39,SC-01,smartphone,saudavel,saudavel,0.9410,agrosmart-v1,simulado,sim-2026-08
937865de-cde7-5966-a583-b102ca4b7432,SC-01_20260814_0027.jpg,2026-08-14 08:33:02,SC-01,smartphone,doente,mosca_minadora,0.9093,agrosmart-v1,simulado,sim-2026-08
c9c66b6f-6062-5246-be03-ec89c3ca876b,TI-03_20260814_0016.jpg,2026-08-14 08:33:03,TI-03,drone,saudavel,saudavel,0.8729,agrosmart-v1,simulado,sim-2026-08
d9c198ad-d042-5255-9bbf-9df02938d4f7,TI-03_20260814_0017.jpg,2026-08-14 08:33:38,TI-03,drone,saudavel,saudavel,0.9998,agrosmart-v1,simulado,sim-2026-08
bf1da652-ffe7-5359-8b29-1c6aa42f8261,TI-03_20260814_0018.jpg,2026-08-14 08:34:00,TI-03,drone,saudavel,saudavel,0.9986,agrosmart-v1,simulado,sim-2026-08
8fa1fafd-d07a-5f73-ac0d-d2cd8b6fffab,SC-01_20260814_0028.jpg,2026-08-14 08:34:06,SC-01,smartphone,doente,requeima,0.9801,agrosmart-v1,simulado,sim-2026-08
34df9c6b-f36b-5a8b-bd9d-1d07916e1370,BV-04_20260814_0001.jpg,2026-08-14 08:34:10,BV-04,smartphone,saudavel,saudavel,0.8550,agrosmart-v1,simulado,sim-2026-08
088718ef-9d42-5020-be21-039465f2ff20,BV-04_20260814_0002.jpg,2026-08-14 08:34:39,BV-04,smartphone,saudavel,saudavel,0.9954,agrosmart-v1,simulado,sim-2026-08
2e04da4e-3d65-5905-8288-18c8102524c7,TI-03_20260814_0019.jpg,2026-08-14 08:34:42,TI-03,drone,saudavel,saudavel,0.9949,agrosmart-v1,simulado,sim-2026-08
ed3e4741-a468-5082-ac9d-e5fe1e608574,SC-01_20260814_0029.jpg,2026-08-14 08:34:45,SC-01,smartphone,saudavel,saudavel,0.9268,agrosmart-v1,simulado,sim-2026-08
c43cee19-5694-5e54-8330-76f95fa984f9,SC-01_20260814_0030.jpg,2026-08-14 08:35:13,SC-01,smartphone,saudavel,saudavel,0.9760,agrosmart-v1,simulado,sim-2026-08
b2aeb9d4-22db-5526-add1-ccca162477a4,BV-04_20260814_0003.jpg,2026-08-14 08:35:23,BV-04,smartphone,saudavel,saudavel,0.8552,agrosmart-v1,simulado,sim-2026-08
d655b98d-e616-5770-8910-b676b80f216c,TI-03_20260814_0020.jpg,2026-08-14 08:35:39,TI-03,drone,saudavel,saudavel,0.9999,agrosmart-v1,simulado,sim-2026-08
46421acb-ec6e-558d-90ab-6e1b3e45f8ef,TI-03_20260814_0021.jpg,2026-08-14 08:36:06,TI-03,drone,saudavel,saudavel,0.9669,agrosmart-v1,simulado,sim-2026-08
3d68adf5-9f65-51d2-a918-19684ff5314a,BV-04_20260814_0004.jpg,2026-08-14 08:36:09,BV-04,smartphone,saudavel,saudavel,0.9630,agrosmart-v1,simulado,sim-2026-08
a4065f21-47f5-5d48-a898-fa9209d403d9,BV-04_20260814_0005.jpg,2026-08-14 08:36:36,BV-04,smartphone,saudavel,saudavel,0.9549,agrosmart-v1,simulado,sim-2026-08
4c4304a6-342c-5164-a66b-193708574ee8,TI-03_20260814_0022.jpg,2026-08-14 08:36:54,TI-03,drone,saudavel,saudavel,0.8437,agrosmart-v1,simulado,sim-2026-08
acebbdd8-205e-5bbd-9441-5d197d44368d,BV-04_20260814_0006.jpg,2026-08-14 08:37:02,BV-04,smartphone,saudavel,saudavel,0.9823,agrosmart-v1,simulado,sim-2026-08
f218bee7-bfe7-57a2-bea9-892f3ebc17ec,TI-03_20260814_0023.jpg,2026-08-14 08:37:37,TI-03,drone,saudavel,saudavel,0.8948,agrosmart-v1,simulado,sim-2026-08
4a7c19e5-4deb-5da5-b9ae-6279a82c4f75,BV-04_20260814_0007.jpg,2026-08-14 08:37:59,BV-04,smartphone,saudavel,saudavel,0.9938,agrosmart-v1,simulado,sim-2026-08
6e03a3d8-f877-5038-95c2-cf24907cc517,TI-03_20260814_0024.jpg,2026-08-14 08:38:08,TI-03,drone,saudavel,saudavel,0.9879,agrosmart-v1,simulado,sim-2026-08
0c88e4f3-abf1-52e4-9712-6172c18565d6,BV-04_20260814_0008.jpg,2026-08-14 08:38:49,BV-04,smartphone,saudavel,saudavel,0.9843,agrosmart-v1,simulado,sim-2026-08
5848310d-4a64-51fc-bfaf-a301e236f062,TI-03_20260814_0025.jpg,2026-08-14 08:38:50,TI-03,drone,saudavel,saudavel,0.9886,agrosmart-v1,simulado,sim-2026-08
066c963d-3b71-56a7-b881-4a2bedf9c302,BV-04_20260814_0009.jpg,2026-08-14 08:39:04,BV-04,smartphone,saudavel,saudavel,0.9925,agrosmart-v1,simulado,sim-2026-08
485a38fb-0e12-5597-b593-744c6dbfa331,TI-03_20260814_0026.jpg,2026-08-14 08:39:42,TI-03,drone,saudavel,saudavel,0.9367,agrosmart-v1,simulado,sim-2026-08
e4309c88-c549-5f6f-9d5f-122e7166378b,BV-04_20260814_0010.jpg,2026-08-14 08:40:01,BV-04,smartphone,saudavel,saudavel,0.9284,agrosmart-v1,simulado,sim-2026-08
578eb6e8-cde6-50cb-b4dc-8ea5c3c86220,TI-03_20260814_0027.jpg,2026-08-14 08:40:16,TI-03,drone,saudavel,saudavel,0.8943,agrosmart-v1,simulado,sim-2026-08
fd8e2b24-d9e6-569d-b62f-e85e4ff5924f,BV-04_20260814_0011.jpg,2026-08-14 08:40:48,BV-04,smartphone,saudavel,saudavel,0.9926,agrosmart-v1,simulado,sim-2026-08
8afaec11-8482-5000-9893-a17423f1372a,TI-03_20260814_0028.jpg,2026-08-14 08:40:50,TI-03,drone,saudavel,saudavel,0.9998,agrosmart-v1,simulado,sim-2026-08
620aec33-833e-5161-a229-63954af59333,BV-04_20260814_0012.jpg,2026-08-14 08:41:24,BV-04,smartphone,saudavel,saudavel,0.9838,agrosmart-v1,simulado,sim-2026-08
ca1dc43a-c054-5374-a1bb-5bdc382a2d83,TI-03_20260814_0029.jpg,2026-08-14 08:41:50,TI-03,drone,saudavel,saudavel,0.9864,agrosmart-v1,simulado,sim-2026-08
2e14387e-89f9-5c97-99cd-403a32c8ddd5,BV-04_20260814_0013.jpg,2026-08-14 08:42:06,BV-04,smartphone,saudavel,saudavel,0.9160,agrosmart-v1,simulado,sim-2026-08
9f8536dc-f2b6-5c9c-9aca-4ac650c61ce2,TI-03_20260814_0030.jpg,2026-08-14 08:42:25,TI-03,drone,saudavel,saudavel,0.9693,agrosmart-v1,simulado,sim-2026-08
d0b94f33-0ca6-508e-85de-49c325dd98b9,BV-04_20260814_0014.jpg,2026-08-14 08:42:43,BV-04,smartphone,saudavel,saudavel,0.8889,agrosmart-v1,simulado,sim-2026-08
8b38b5ab-d277-5942-b4dc-ba9c3d679857,TI-03_20260814_0031.jpg,2026-08-14 08:42:52,TI-03,drone,saudavel,saudavel,0.8914,agrosmart-v1,simulado,sim-2026-08
f4a22c19-5e00-577b-8727-8c95c11a5c7b,BV-04_20260814_0015.jpg,2026-08-14 08:43:09,BV-04,smartphone,saudavel,saudavel,0.9853,agrosmart-v1,simulado,sim-2026-08
a99b3be2-0ef4-5376-8d9e-d8b10179c7e7,BV-04_20260814_0016.jpg,2026-08-14 08:43:45,BV-04,smartphone,saudavel,saudavel,0.8205,agrosmart-v1,simulado,sim-2026-08
298ce43b-35d2-5871-bb6c-19700d450298,TI-03_20260814_0032.jpg,2026-08-14 08:43:46,TI-03,drone,saudavel,saudavel,0.9907,agrosmart-v1,simulado,sim-2026-08
79093b1a-202c-513f-9a14-da407742de1e,TI-03_20260814_0033.jpg,2026-08-14 08:44:19,TI-03,drone,saudavel,saudavel,0.9444,agrosmart-v1,simulado,sim-2026-08
1f8a63c3-b4d9-57e5-92c8-874c406267c0,BV-04_20260814_0017.jpg,2026-08-14 08:44:29,BV-04,smartphone,saudavel,saudavel,0.8864,agrosmart-v1,simulado,sim-2026-08
97100bed-0589-5e99-b780-f9f47104c13b,BV-04_20260814_0018.jpg,2026-08-14 08:45:08,BV-04,smartphone,doente,vaquinha,0.8856,agrosmart-v1,simulado,sim-2026-08
d238bd5e-1834-5b29-880a-f6c298d6b4fd,TI-03_20260814_0034.jpg,2026-08-14 08:45:09,TI-03,drone,saudavel,saudavel,0.8414,agrosmart-v1,simulado,sim-2026-08
ab7c53e7-8149-56b0-b024-c90730ad2a83,TI-03_20260814_0035.jpg,2026-08-14 08:45:25,TI-03,drone,saudavel,saudavel,0.9624,agrosmart-v1,simulado,sim-2026-08
bfcb15af-09e9-506c-b277-7576db0f8ba4,BV-04_20260814_0019.jpg,2026-08-14 08:45:57,BV-04,smartphone,saudavel,saudavel,0.9765,agrosmart-v1,simulado,sim-2026-08
c0872265-3a54-52ff-a34c-8eec5031e7d6,BV-04_20260814_0020.jpg,2026-08-14 08:46:25,BV-04,smartphone,saudavel,saudavel,0.9412,agrosmart-v1,simulado,sim-2026-08
27029821-b039-5d95-83ba-d1a365a700ba,TI-03_20260814_0036.jpg,2026-08-14 08:46:29,TI-03,drone,saudavel,saudavel,0.9921,agrosmart-v1,simulado,sim-2026-08
bcc1483d-9959-50e2-963e-84108e5faaa1,TI-03_20260814_0037.jpg,2026-08-14 08:47:09,TI-03,drone,saudavel,saudavel,0.9999,agrosmart-v1,simulado,sim-2026-08
337df9ac-b922-5b77-be2b-e9ac97ab6a50,TI-03_20260814_0038.jpg,2026-08-14 08:47:45,TI-03,drone,saudavel,saudavel,0.9994,agrosmart-v1,simulado,sim-2026-08
193231de-4ab8-5057-bb43-f56e2efac58d,TI-03_20260814_0039.jpg,2026-08-14 08:48:26,TI-03,drone,saudavel,saudavel,0.9599,agrosmart-v1,simulado,sim-2026-08
3f970e5f-4964-5cfe-9f7b-b0686bd63c1b,SC-04_20260814_0001.jpg,2026-08-14 09:19:57,SC-04,smartphone,saudavel,saudavel,0.9805,agrosmart-v1,simulado,sim-2026-08
59b04b02-5f41-51c7-adc9-5bedd54af063,SC-04_20260814_0002.jpg,2026-08-14 09:20:44,SC-04,smartphone,saudavel,saudavel,0.9456,agrosmart-v1,simulado,sim-2026-08
9a352a81-4cb7-54b4-9188-aff9e048600f,SC-04_20260814_0003.jpg,2026-08-14 09:21:16,SC-04,smartphone,saudavel,saudavel,0.9668,agrosmart-v1,simulado,sim-2026-08
6582bebc-cbbe-5276-a2d9-15d0900b7db1,SC-04_20260814_0004.jpg,2026-08-14 09:21:46,SC-04,smartphone,saudavel,saudavel,0.9871,agrosmart-v1,simulado,sim-2026-08
9bb0fa9c-d4be-569c-a5de-7843466cfc23,SC-04_20260814_0005.jpg,2026-08-14 09:22:34,SC-04,smartphone,saudavel,saudavel,0.9761,agrosmart-v1,simulado,sim-2026-08
b3b1bdab-38c7-52a9-a990-27fefe51ccc1,SC-04_20260814_0006.jpg,2026-08-14 09:23:27,SC-04,smartphone,saudavel,saudavel,0.8763,agrosmart-v1,simulado,sim-2026-08
3792f0b5-9cf8-515a-ae60-41f342684313,SC-04_20260814_0007.jpg,2026-08-14 09:23:43,SC-04,smartphone,saudavel,saudavel,0.5332,agrosmart-v1,simulado,sim-2026-08
431d0d55-5607-594f-b4a7-63716971b792,SC-04_20260814_0008.jpg,2026-08-14 09:24:48,SC-04,smartphone,doente,vaquinha,0.8892,agrosmart-v1,simulado,sim-2026-08
355fa676-55f2-5283-8f82-13dee579b52c,SC-04_20260814_0009.jpg,2026-08-14 09:25:24,SC-04,smartphone,saudavel,saudavel,0.9661,agrosmart-v1,simulado,sim-2026-08
475c14dc-0117-5df5-9372-ce40ad5e7df1,SC-04_20260814_0010.jpg,2026-08-14 09:25:53,SC-04,smartphone,saudavel,saudavel,0.8838,agrosmart-v1,simulado,sim-2026-08
63c5927c-faa2-5f0f-8098-6067e856c0df,SC-04_20260814_0011.jpg,2026-08-14 09:26:21,SC-04,smartphone,saudavel,saudavel,0.9645,agrosmart-v1,simulado,sim-2026-08
723e508b-9516-5cd5-8ed2-2276ebfcc902,SC-04_20260814_0012.jpg,2026-08-14 09:27:17,SC-04,smartphone,doente,requeima,0.8221,agrosmart-v1,simulado,sim-2026-08
8e737dda-8aff-5e0e-a66a-933821b4aac7,SC-04_20260814_0013.jpg,2026-08-14 09:28:09,SC-04,smartphone,saudavel,saudavel,0.9678,agrosmart-v1,simulado,sim-2026-08
5c6ffc60-d4e5-579e-9db6-e4a13e047e51,SC-04_20260814_0014.jpg,2026-08-14 09:28:22,SC-04,smartphone,saudavel,saudavel,0.8876,agrosmart-v1,simulado,sim-2026-08
8d281de2-bd6a-5ef6-8971-cfc1f6623a29,SC-04_20260814_0015.jpg,2026-08-14 09:29:09,SC-04,smartphone,saudavel,saudavel,0.9601,agrosmart-v1,simulado,sim-2026-08
fdff50f2-e88f-528e-b699-70bf550d88bb,SC-04_20260814_0016.jpg,2026-08-14 09:29:46,SC-04,smartphone,saudavel,saudavel,0.9242,agrosmart-v1,simulado,sim-2026-08
49ec3407-7a3e-5020-9dfc-b07f4826d343,SC-04_20260814_0017.jpg,2026-08-14 09:30:27,SC-04,smartphone,saudavel,saudavel,0.8645,agrosmart-v1,simulado,sim-2026-08
8d917dcb-790d-5217-bdf8-8ba7ddea6699,SC-04_20260814_0018.jpg,2026-08-14 09:31:00,SC-04,smartphone,saudavel,saudavel,0.8301,agrosmart-v1,simulado,sim-2026-08
b1c4f801-9805-506f-be75-da776f64575f,SC-04_20260814_0019.jpg,2026-08-14 09:31:40,SC-04,smartphone,saudavel,saudavel,0.8596,agrosmart-v1,simulado,sim-2026-08
0cf74c37-2a85-5c69-bc80-d6e4faa923aa,SC-04_20260814_0020.jpg,2026-08-14 09:32:42,SC-04,smartphone,saudavel,saudavel,0.9956,agrosmart-v1,simulado,sim-2026-08
4325a505-43b4-576f-9b5a-896d7d3bbdc9,SC-04_20260814_0021.jpg,2026-08-14 09:33:12,SC-04,smartphone,saudavel,saudavel,0.9953,agrosmart-v1,simulado,sim-2026-08
43dd58a0-8ccb-5053-b3b3-d7e0d0473b75,SC-04_20260814_0022.jpg,2026-08-14 09:33:44,SC-04,smartphone,saudavel,saudavel,0.9984,agrosmart-v1,simulado,sim-2026-08
8b9d8ac5-5219-591e-96f4-0fd31f74c24f,SC-04_20260814_0023.jpg,2026-08-14 09:34:29,SC-04,smartphone,saudavel,saudavel,0.9981,agrosmart-v1,simulado,sim-2026-08
91d86ed0-73a5-5272-8aa0-c6fc9f515065,SC-04_20260814_0024.jpg,2026-08-14 09:35:26,SC-04,smartphone,saudavel,saudavel,0.9905,agrosmart-v1,simulado,sim-2026-08
5299abd0-1840-5ba3-87d6-9d98643ccb67,SC-04_20260814_0025.jpg,2026-08-14 09:35:58,SC-04,smartphone,saudavel,saudavel,0.8201,agrosmart-v1,simulado,sim-2026-08
720f1e39-afb4-57c1-93e8-a5c8da0cc378,SC-02_20260814_0001.jpg,2026-08-14 09:38:06,SC-02,smartphone,saudavel,saudavel,0.9992,agrosmart-v1,simulado,sim-2026-08
c16cbb99-3903-56dc-8dbe-d0eefb055dc5,SC-02_20260814_0002.jpg,2026-08-14 09:38:25,SC-02,smartphone,saudavel,saudavel,0.9995,agrosmart-v1,simulado,sim-2026-08
aebae9bf-4494-56ce-9e40-febcef07d3e7,SC-02_20260814_0003.jpg,2026-08-14 09:39:04,SC-02,smartphone,saudavel,saudavel,0.9995,agrosmart-v1,simulado,sim-2026-08
ccdbe749-0f95-57d9-9ecc-c422cf73e219,SC-02_20260814_0004.jpg,2026-08-14 09:39:49,SC-02,smartphone,saudavel,saudavel,0.9076,agrosmart-v1,simulado,sim-2026-08
3b916567-ca5e-5a44-95f6-7bdb658fa508,SC-02_20260814_0005.jpg,2026-08-14 09:40:23,SC-02,smartphone,saudavel,saudavel,0.9523,agrosmart-v1,simulado,sim-2026-08
b2807225-e1a3-56ad-9cf9-dd1e14161544,SC-02_20260814_0006.jpg,2026-08-14 09:41:17,SC-02,smartphone,saudavel,saudavel,0.8604,agrosmart-v1,simulado,sim-2026-08
178eb130-ff09-5d92-9457-dd426c7bab32,SC-02_20260814_0007.jpg,2026-08-14 09:41:55,SC-02,smartphone,saudavel,saudavel,0.8963,agrosmart-v1,simulado,sim-2026-08
c19252ca-806c-519e-aa72-276a3ba6028d,SC-03_20260814_0001.jpg,2026-08-14 09:41:55,SC-03,smartphone,saudavel,saudavel,0.9239,agrosmart-v1,simulado,sim-2026-08
d3fe3177-e697-5841-90ac-79b53d69cc64,SC-02_20260814_0008.jpg,2026-08-14 09:42:24,SC-02,smartphone,saudavel,saudavel,0.9791,agrosmart-v1,simulado,sim-2026-08
d542634e-fcb5-5a47-acae-67fdcefe402b,SC-03_20260814_0002.jpg,2026-08-14 09:42:47,SC-03,smartphone,saudavel,saudavel,0.8361,agrosmart-v1,simulado,sim-2026-08
1e4bd047-29b4-5de5-876c-1f7802dcafc4,SC-02_20260814_0009.jpg,2026-08-14 09:43:00,SC-02,smartphone,saudavel,saudavel,0.7311,agrosmart-v1,simulado,sim-2026-08
1476a706-3296-59f9-93ab-e5ef8a24fc30,SC-03_20260814_0003.jpg,2026-08-14 09:43:17,SC-03,smartphone,saudavel,saudavel,0.9963,agrosmart-v1,simulado,sim-2026-08
e21cb511-0a06-5395-8ea5-5746ae4689ab,SC-03_20260814_0004.jpg,2026-08-14 09:43:53,SC-03,smartphone,saudavel,saudavel,0.9838,agrosmart-v1,simulado,sim-2026-08
a6060381-d550-5b8f-9f1d-5edbfdce3bc0,SC-02_20260814_0010.jpg,2026-08-14 09:43:56,SC-02,smartphone,saudavel,saudavel,0.9968,agrosmart-v1,simulado,sim-2026-08
652d0ab4-70d8-5616-95b6-80dd790b9b0e,SC-02_20260814_0011.jpg,2026-08-14 09:44:35,SC-02,smartphone,saudavel,saudavel,0.9972,agrosmart-v1,simulado,sim-2026-08
7e499251-3bf7-5b9b-98f8-7c37ebf31927,SC-03_20260814_0005.jpg,2026-08-14 09:44:45,SC-03,smartphone,saudavel,saudavel,0.8315,agrosmart-v1,simulado,sim-2026-08
3ac337b4-d0bc-565e-9ffd-adbfe473d1cc,SC-03_20260814_0006.jpg,2026-08-14 09:45:02,SC-03,smartphone,saudavel,saudavel,0.9270,agrosmart-v1,simulado,sim-2026-08
a3336475-d8d1-5ae4-917e-6488731622fd,SC-02_20260814_0012.jpg,2026-08-14 09:45:20,SC-02,smartphone,saudavel,saudavel,0.8255,agrosmart-v1,simulado,sim-2026-08
c31a2503-2fbb-5358-9c1e-63d4fa768bdd,TI-01_20260814_0001.jpg,2026-08-14 09:45:40,TI-01,drone,saudavel,saudavel,0.9642,agrosmart-v1,simulado,sim-2026-08
d540c8c1-c7b6-5ecb-a050-88a9134110d1,SC-03_20260814_0007.jpg,2026-08-14 09:45:55,SC-03,smartphone,saudavel,saudavel,0.9999,agrosmart-v1,simulado,sim-2026-08
0b9ca530-3d64-5fc2-b7c2-b5cd1a742fcb,SC-02_20260814_0013.jpg,2026-08-14 09:46:05,SC-02,smartphone,saudavel,saudavel,0.9560,agrosmart-v1,simulado,sim-2026-08
88cfc959-782f-559e-8bb0-970a953e733e,SC-02_20260814_0014.jpg,2026-08-14 09:46:26,SC-02,smartphone,saudavel,saudavel,0.9910,agrosmart-v1,simulado,sim-2026-08
31340350-55ea-5351-ac74-6ec423c90aeb,SC-03_20260814_0008.jpg,2026-08-14 09:46:35,SC-03,smartphone,saudavel,saudavel,0.8454,agrosmart-v1,simulado,sim-2026-08
7d06a116-31a1-5820-881c-1cec42db8ca2,TI-01_20260814_0002.jpg,2026-08-14 09:46:42,TI-01,drone,saudavel,saudavel,0.8532,agrosmart-v1,simulado,sim-2026-08
2881bf9f-af0a-5523-bfb5-9d66895013a1,SC-02_20260814_0015.jpg,2026-08-14 09:47:01,SC-02,smartphone,saudavel,saudavel,0.9017,agrosmart-v1,simulado,sim-2026-08
c6e2c77c-af67-5b76-9cd2-85312159b8ea,TI-01_20260814_0003.jpg,2026-08-14 09:47:27,TI-01,drone,saudavel,saudavel,0.9919,agrosmart-v1,simulado,sim-2026-08
c172496b-8fd7-5f85-82bf-b2db32ec3a02,SC-03_20260814_0009.jpg,2026-08-14 09:47:29,SC-03,smartphone,saudavel,saudavel,0.9870,agrosmart-v1,simulado,sim-2026-08
00a4fdf1-ec88-5798-944b-ece67463aeed,SC-02_20260814_0016.jpg,2026-08-14 09:47:45,SC-02,smartphone,saudavel,saudavel,0.8828,agrosmart-v1,simulado,sim-2026-08
71034860-0f46-5161-a856-14aa37eb9b0d,TI-01_20260814_0004.jpg,2026-08-14 09:47:53,TI-01,drone,saudavel,saudavel,0.9960,agrosmart-v1,simulado,sim-2026-08
b81927de-2947-57a7-adbb-1cd0ae9672b0,SC-03_20260814_0010.jpg,2026-08-14 09:48:02,SC-03,smartphone,saudavel,saudavel,0.9825,agrosmart-v1,simulado,sim-2026-08
b99cf7a9-e9f9-53aa-807c-20cfe8a4f954,SC-02_20260814_0017.jpg,2026-08-14 09:48:27,SC-02,smartphone,saudavel,saudavel,0.8471,agrosmart-v1,simulado,sim-2026-08
3cc5a6fb-ad16-5dd9-a991-02c1e28a81a2,TI-01_20260814_0005.jpg,2026-08-14 09:48:31,TI-01,drone,saudavel,saudavel,0.9514,agrosmart-v1,simulado,sim-2026-08
64971b9b-45a7-5226-94d2-771b74815e75,SC-03_20260814_0011.jpg,2026-08-14 09:48:50,SC-03,smartphone,saudavel,saudavel,0.8687,agrosmart-v1,simulado,sim-2026-08
a6a7b6f3-d83d-5f8f-8ae7-04eaf389ddb7,SC-02_20260814_0018.jpg,2026-08-14 09:49:07,SC-02,smartphone,saudavel,saudavel,0.9952,agrosmart-v1,simulado,sim-2026-08
2e66d056-71f6-5bd2-84b8-fc84bb179860,TI-01_20260814_0006.jpg,2026-08-14 09:49:16,TI-01,drone,saudavel,saudavel,0.9610,agrosmart-v1,simulado,sim-2026-08
340bfc3a-281f-5754-ba78-9328d13209ee,SC-03_20260814_0012.jpg,2026-08-14 09:49:17,SC-03,smartphone,saudavel,saudavel,0.9976,agrosmart-v1,simulado,sim-2026-08
bf555116-2c53-5625-8cd9-6aea70978ceb,SC-02_20260814_0019.jpg,2026-08-14 09:49:42,SC-02,smartphone,saudavel,saudavel,0.9798,agrosmart-v1,simulado,sim-2026-08
59dcecad-d8fd-5810-83d8-66e1a1610443,TI-01_20260814_0007.jpg,2026-08-14 09:49:42,TI-01,drone,saudavel,saudavel,0.9772,agrosmart-v1,simulado,sim-2026-08
b9d045a8-44eb-5a84-9a4c-9bcf3b6176ac,SC-03_20260814_0013.jpg,2026-08-14 09:49:50,SC-03,smartphone,doente,vaquinha,0.6269,agrosmart-v1,simulado,sim-2026-08
b6b9d3f4-543a-5371-97aa-6edd50afa593,TI-01_20260814_0008.jpg,2026-08-14 09:50:23,TI-01,drone,saudavel,saudavel,0.9389,agrosmart-v1,simulado,sim-2026-08
ee617b64-9069-56a8-a4b5-0c181a3b9726,SC-03_20260814_0014.jpg,2026-08-14 09:50:42,SC-03,smartphone,saudavel,saudavel,0.8927,agrosmart-v1,simulado,sim-2026-08
219dd04f-bd39-53dd-86da-a7c512c91451,SC-02_20260814_0020.jpg,2026-08-14 09:50:50,SC-02,smartphone,saudavel,saudavel,0.9574,agrosmart-v1,simulado,sim-2026-08
270b7b08-8388-528c-9919-071c379560ba,SC-03_20260814_0015.jpg,2026-08-14 09:51:03,SC-03,smartphone,saudavel,saudavel,0.8440,agrosmart-v1,simulado,sim-2026-08
fdc9e7eb-c566-54cd-b510-0775ac000691,SC-02_20260814_0021.jpg,2026-08-14 09:51:11,SC-02,smartphone,saudavel,saudavel,0.9706,agrosmart-v1,simulado,sim-2026-08
3540b823-3f95-5f09-80d0-dfdb6f7e0a4a,TI-01_20260814_0009.jpg,2026-08-14 09:51:26,TI-01,drone,saudavel,saudavel,0.9926,agrosmart-v1,simulado,sim-2026-08
4cc6b891-d3b4-506a-bcef-0069660aa52d,SC-02_20260814_0022.jpg,2026-08-14 09:51:52,SC-02,smartphone,saudavel,saudavel,1.0000,agrosmart-v1,simulado,sim-2026-08
5fb8a297-2d17-566d-b4b2-4c71a5cddc00,TI-01_20260814_0010.jpg,2026-08-14 09:51:52,TI-01,drone,saudavel,saudavel,0.9915,agrosmart-v1,simulado,sim-2026-08
d2a17718-9018-5d92-a28b-97c95823d832,SC-03_20260814_0016.jpg,2026-08-14 09:52:00,SC-03,smartphone,saudavel,saudavel,0.9431,agrosmart-v1,simulado,sim-2026-08
4d927961-ebda-5d51-aac2-e84f52b58ecd,SC-02_20260814_0023.jpg,2026-08-14 09:52:25,SC-02,smartphone,saudavel,saudavel,0.9966,agrosmart-v1,simulado,sim-2026-08
0b72884f-ce51-5eee-9e1d-89970b44d954,TI-01_20260814_0011.jpg,2026-08-14 09:52:35,TI-01,drone,saudavel,saudavel,0.9734,agrosmart-v1,simulado,sim-2026-08
0e67e15a-68cb-53c2-9459-d4fdd699457c,SC-03_20260814_0017.jpg,2026-08-14 09:52:44,SC-03,smartphone,saudavel,saudavel,0.9739,agrosmart-v1,simulado,sim-2026-08
6722f8d7-a32b-5beb-991e-70a88286d134,SC-02_20260814_0024.jpg,2026-08-14 09:53:04,SC-02,smartphone,saudavel,saudavel,0.9624,agrosmart-v1,simulado,sim-2026-08
1c9c5280-8ed7-5073-8c5e-56cc6d25ece9,SC-03_20260814_0018.jpg,2026-08-14 09:53:11,SC-03,smartphone,saudavel,saudavel,0.9334,agrosmart-v1,simulado,sim-2026-08
2269d989-14b5-535b-beca-3d15d75073dc,TI-01_20260814_0012.jpg,2026-08-14 09:53:12,TI-01,drone,saudavel,saudavel,0.9803,agrosmart-v1,simulado,sim-2026-08
b882a20b-13db-5eb0-96c0-447f3d92447f,SC-03_20260814_0019.jpg,2026-08-14 09:53:42,SC-03,smartphone,saudavel,saudavel,0.9654,agrosmart-v1,simulado,sim-2026-08
b87dcd29-0246-5b60-9026-098cbb136a4f,TI-01_20260814_0013.jpg,2026-08-14 09:53:49,TI-01,drone,saudavel,saudavel,0.8858,agrosmart-v1,simulado,sim-2026-08
c58fd838-a3de-5184-af99-88af19a16d02,SC-02_20260814_0025.jpg,2026-08-14 09:53:52,SC-02,smartphone,saudavel,saudavel,0.9069,agrosmart-v1,simulado,sim-2026-08
66b50d07-fe40-59f7-814e-be74db6a1222,TI-01_20260814_0014.jpg,2026-08-14 09:54:23,TI-01,drone,saudavel,saudavel,0.9880,agrosmart-v1,simulado,sim-2026-08
221e5cc0-e559-52e5-967f-0ef28db9fc17,SC-03_20260814_0020.jpg,2026-08-14 09:54:34,SC-03,smartphone,saudavel,saudavel,0.8779,agrosmart-v1,simulado,sim-2026-08
8a401303-ee41-595a-8860-265b46f59891,SC-02_20260814_0026.jpg,2026-08-14 09:54:41,SC-02,smartphone,saudavel,saudavel,0.9728,agrosmart-v1,simulado,sim-2026-08
7f11c9a4-8e9c-5e47-85b4-8e17d5d82d64,SC-02_20260814_0027.jpg,2026-08-14 09:55:04,SC-02,smartphone,saudavel,saudavel,0.9128,agrosmart-v1,simulado,sim-2026-08
8692fbe3-6373-542c-86e5-7664599d1552,TI-01_20260814_0015.jpg,2026-08-14 09:55:11,TI-01,drone,saudavel,saudavel,0.9621,agrosmart-v1,simulado,sim-2026-08
029b12d5-52b2-588a-969b-08d5c9f17889,SC-03_20260814_0021.jpg,2026-08-14 09:55:28,SC-03,smartphone,saudavel,saudavel,0.9918,agrosmart-v1,simulado,sim-2026-08
706484a1-7250-5f41-af86-23d1b884bb6f,SC-02_20260814_0028.jpg,2026-08-14 09:55:50,SC-02,smartphone,saudavel,saudavel,0.8688,agrosmart-v1,simulado,sim-2026-08
550fbd97-c4ba-5eaa-befe-3daac241f298,SC-03_20260814_0022.jpg,2026-08-14 09:56:04,SC-03,smartphone,saudavel,saudavel,0.9244,agrosmart-v1,simulado,sim-2026-08
23b6e4ae-79ac-504a-9df2-ef3320b81648,TI-01_20260814_0016.jpg,2026-08-14 09:56:08,TI-01,drone,saudavel,saudavel,0.9464,agrosmart-v1,simulado,sim-2026-08
fb7e777a-2046-584f-9065-3ce65609e547,SC-03_20260814_0023.jpg,2026-08-14 09:56:21,SC-03,smartphone,saudavel,saudavel,0.9748,agrosmart-v1,simulado,sim-2026-08
818aab20-098e-56dd-8252-0853b3c9b224,TI-01_20260814_0017.jpg,2026-08-14 09:56:21,TI-01,drone,saudavel,saudavel,0.9836,agrosmart-v1,simulado,sim-2026-08
2fda9bdb-476d-5d26-9b85-bbd2622688b4,SC-02_20260814_0029.jpg,2026-08-14 09:56:28,SC-02,smartphone,saudavel,saudavel,0.9340,agrosmart-v1,simulado,sim-2026-08
dc5d4415-0142-524f-9ab6-20671b2e3e6b,SC-03_20260814_0024.jpg,2026-08-14 09:57:02,SC-03,smartphone,saudavel,saudavel,0.9707,agrosmart-v1,simulado,sim-2026-08
b95c7053-9168-52d7-a5e8-fdf0e5f8cb4d,TI-01_20260814_0018.jpg,2026-08-14 09:57:10,TI-01,drone,saudavel,saudavel,0.9615,agrosmart-v1,simulado,sim-2026-08
f83fa5de-2da0-592b-81af-ebbb9a3c865d,SC-02_20260814_0030.jpg,2026-08-14 09:57:22,SC-02,smartphone,saudavel,saudavel,0.8600,agrosmart-v1,simulado,sim-2026-08
eb73fb2e-3c8b-5761-b4ee-c45775b9c5f0,SC-02_20260814_0031.jpg,2026-08-14 09:57:40,SC-02,smartphone,saudavel,saudavel,0.8790,agrosmart-v1,simulado,sim-2026-08
3f1c66a8-4255-5f4f-9d04-08e91053dc6f,SC-03_20260814_0025.jpg,2026-08-14 09:57:55,SC-03,smartphone,saudavel,saudavel,1.0000,agrosmart-v1,simulado,sim-2026-08
57147ca9-abd0-58b7-9da2-af7a87ca623d,TI-01_20260814_0019.jpg,2026-08-14 09:57:56,TI-01,drone,saudavel,saudavel,0.8994,agrosmart-v1,simulado,sim-2026-08
3dfb9efc-a9d4-501c-8e4b-bc5dc0de2e19,TI-01_20260814_0020.jpg,2026-08-14 09:58:20,TI-01,drone,saudavel,saudavel,0.9999,agrosmart-v1,simulado,sim-2026-08
b67dfc90-c57e-5023-b9a1-6b8ed567823f,SC-03_20260814_0026.jpg,2026-08-14 09:58:30,SC-03,smartphone,saudavel,saudavel,0.8686,agrosmart-v1,simulado,sim-2026-08
ee7edec5-3b8d-5aee-b608-87e52ea2c106,SC-02_20260814_0032.jpg,2026-08-14 09:58:46,SC-02,smartphone,saudavel,saudavel,0.9534,agrosmart-v1,simulado,sim-2026-08
36ba0a63-d93f-5137-99ce-66f064be0a8a,SC-02_20260814_0033.jpg,2026-08-14 09:59:18,SC-02,smartphone,saudavel,saudavel,0.9867,agrosmart-v1,simulado,sim-2026-08
f5a9e61b-f25d-5661-a3e7-f08e601eb643,SC-03_20260814_0027.jpg,2026-08-14 09:59:25,SC-03,smartphone,saudavel,saudavel,0.8415,agrosmart-v1,simulado,sim-2026-08
c90ebeb6-2e79-5eb9-9cc3-705489691575,TI-01_20260814_0021.jpg,2026-08-14 09:59:28,TI-01,drone,saudavel,saudavel,0.9791,agrosmart-v1,simulado,sim-2026-08
7d761257-b9b9-59c7-8538-44dbbc26214e,SC-02_20260814_0034.jpg,2026-08-14 09:59:58,SC-02,smartphone,saudavel,saudavel,0.9365,agrosmart-v1,simulado,sim-2026-08
8e043d70-95ff-50ea-874d-e21d7fce2d6f,TI-01_20260814_0022.jpg,2026-08-14 10:00:01,TI-01,drone,saudavel,saudavel,0.8302,agrosmart-v1,simulado,sim-2026-08
a1c8f663-730b-5e52-b014-b3f7d69d8355,SC-03_20260814_0028.jpg,2026-08-14 10:00:06,SC-03,smartphone,saudavel,saudavel,0.9092,agrosmart-v1,simulado,sim-2026-08
121167e2-296b-54ae-8b97-287b75fcd898,TI-01_20260814_0023.jpg,2026-08-14 10:00:25,TI-01,drone,saudavel,saudavel,0.9911,agrosmart-v1,simulado,sim-2026-08
58f925f3-eebb-5d10-85a2-2cb211636480,SC-02_20260814_0035.jpg,2026-08-14 10:00:29,SC-02,smartphone,saudavel,saudavel,0.9961,agrosmart-v1,simulado,sim-2026-08
fcc50002-6eb9-5fd7-b74c-c65297a7a6c2,SC-03_20260814_0029.jpg,2026-08-14 10:00:43,SC-03,smartphone,saudavel,saudavel,0.5554,agrosmart-v1,simulado,sim-2026-08
a51f9e2a-6921-58f6-a9e2-c19732e726e4,SC-02_20260814_0036.jpg,2026-08-14 10:01:01,SC-02,smartphone,saudavel,saudavel,0.9887,agrosmart-v1,simulado,sim-2026-08
775314b2-32ee-557a-bdd3-f10f4ff7240a,TI-01_20260814_0024.jpg,2026-08-14 10:01:09,TI-01,drone,saudavel,saudavel,0.9454,agrosmart-v1,simulado,sim-2026-08
50616d65-7d83-5fbd-89ef-63f70a733c12,SC-03_20260814_0030.jpg,2026-08-14 10:01:15,SC-03,smartphone,saudavel,saudavel,0.9998,agrosmart-v1,simulado,sim-2026-08
e9854665-85c1-5e34-b985-00a7c74efa0a,TI-01_20260814_0025.jpg,2026-08-14 10:02:02,TI-01,drone,saudavel,saudavel,0.8278,agrosmart-v1,simulado,sim-2026-08
71f34609-d49d-51f3-86c3-11778e3643e8,TI-01_20260814_0026.jpg,2026-08-14 10:02:49,TI-01,drone,saudavel,saudavel,0.9997,agrosmart-v1,simulado,sim-2026-08
cea90c20-8e1d-524c-9451-5cb38b335099,TI-01_20260814_0027.jpg,2026-08-14 10:03:28,TI-01,drone,saudavel,saudavel,0.9541,agrosmart-v1,simulado,sim-2026-08
35028c8a-8403-5521-abbc-1c8b855531eb,TI-01_20260814_0028.jpg,2026-08-14 10:04:02,TI-01,drone,saudavel,saudavel,0.9768,agrosmart-v1,simulado,sim-2026-08
3be28488-1388-5142-93f1-d40a31a42b53,TI-01_20260814_0029.jpg,2026-08-14 10:04:45,TI-01,drone,saudavel,saudavel,0.9843,agrosmart-v1,simulado,sim-2026-08
2788735d-cd2e-56e2-870e-15b0faa20cb3,TI-01_20260814_0030.jpg,2026-08-14 10:05:03,TI-01,drone,saudavel,saudavel,0.8325,agrosmart-v1,simulado,sim-2026-08
d5f12694-f3a4-5be7-b34f-15318e6cb6cb,TI-01_20260814_0031.jpg,2026-08-14 10:06:07,TI-01,drone,saudavel,saudavel,0.9987,agrosmart-v1,simulado,sim-2026-08
67505896-9715-57e6-96fe-7d1e5578b4ff,TI-01_20260814_0032.jpg,2026-08-14 10:06:26,TI-01,drone,saudavel,saudavel,0.9559,agrosmart-v1,simulado,sim-2026-08
7c9f7955-85df-562f-998b-2a026f11b651,TI-01_20260814_0033.jpg,2026-08-14 10:07:03,TI-01,drone,saudavel,saudavel,0.9969,agrosmart-v1,simulado,sim-2026-08
a5fdc7a9-7396-57b5-be75-d4f201351a24,TI-01_20260814_0034.jpg,2026-08-14 10:07:52,TI-01,drone,saudavel,saudavel,0.6839,agrosmart-v1,simulado,sim-2026-08
21c84751-72e1-5ac0-af36-010b91413b05,TI-01_20260814_0035.jpg,2026-08-14 10:08:37,TI-01,drone,saudavel,saudavel,0.8984,agrosmart-v1,simulado,sim-2026-08
c8284643-504b-5e03-a5d0-28de60412081,TI-01_20260814_0036.jpg,2026-08-14 10:09:08,TI-01,drone,saudavel,saudavel,0.9382,agrosmart-v1,simulado,sim-2026-08
2e3c864e-7ee9-5ac7-9c4f-c852225d35a4,TI-01_20260814_0037.jpg,2026-08-14 10:09:42,TI-01,drone,saudavel,saudavel,0.9930,agrosmart-v1,simulado,sim-2026-08
0f4dd6eb-4d36-59a7-8a25-a8087dab0bfe,TI-01_20260814_0038.jpg,2026-08-14 10:10:20,TI-01,drone,saudavel,saudavel,0.9944,agrosmart-v1,simulado,sim-2026-08
97ac4418-cd99-5c15-8af3-a53d45ec3ccb,TI-01_20260814_0039.jpg,2026-08-14 10:11:17,TI-01,drone,saudavel,saudavel,0.8279,agrosmart-v1,simulado,sim-2026-08
5b13b478-1d1a-554d-81e9-348900e473cc,TI-01_20260814_0040.jpg,2026-08-14 10:11:49,TI-01,drone,saudavel,saudavel,0.8738,agrosmart-v1,simulado,sim-2026-08
72c10b89-881a-5803-a3af-6f70383fd0f7,TI-01_20260814_0041.jpg,2026-08-14 10:12:32,TI-01,drone,saudavel,saudavel,0.8680,agrosmart-v1,simulado,sim-2026-08
46fd2f3a-be34-5328-bcff-8d0211ff0ec7,TI-01_20260814_0042.jpg,2026-08-14 10:13:16,TI-01,drone,saudavel,saudavel,0.9005,agrosmart-v1,simulado,sim-2026-08
9dfa7592-3106-51a3-95d4-229a610101ee,TI-01_20260814_0043.jpg,2026-08-14 10:14:10,TI-01,drone,saudavel,saudavel,0.8569,agrosmart-v1,simulado,sim-2026-08
3a718de9-614a-5231-8000-db8805b73f24,TI-01_20260814_0044.jpg,2026-08-14 10:14:24,TI-01,drone,saudavel,saudavel,0.9995,agrosmart-v1,simulado,sim-2026-08
f701ce18-4aad-5bb4-8cee-eb83936b1b60,TI-01_20260814_0045.jpg,2026-08-14 10:15:00,TI-01,drone,saudavel,saudavel,0.9994,agrosmart-v1,simulado,sim-2026-08
d749e7ac-9968-5df8-9c5c-3e7d913de302,BV-04_20260817_0001.jpg,2026-08-17 07:15:49,BV-04,smartphone,saudavel,saudavel,0.9588,agrosmart-v1,simulado,sim-2026-08
69e09f71-3b51-50c1-a879-f49810bbedac,BV-04_20260817_0002.jpg,2026-08-17 07:16:22,BV-04,smartphone,saudavel,saudavel,0.8506,agrosmart-v1,simulado,sim-2026-08
4ac9872a-4084-5bc4-9705-9d49d4dd8e43,BV-04_20260817_0003.jpg,2026-08-17 07:17:04,BV-04,smartphone,saudavel,saudavel,0.9702,agrosmart-v1,simulado,sim-2026-08
81b424db-8dd7-5654-8ab4-b14f338d1b18,BV-04_20260817_0004.jpg,2026-08-17 07:18:08,BV-04,smartphone,saudavel,saudavel,0.8359,agrosmart-v1,simulado,sim-2026-08
8c0e12f5-53d4-5432-99b1-8a2dee8b1385,BV-04_20260817_0005.jpg,2026-08-17 07:18:26,BV-04,smartphone,saudavel,saudavel,0.9012,agrosmart-v1,simulado,sim-2026-08
b3bdb878-26cf-5ff6-b0aa-4a5a4cd4ea79,BV-04_20260817_0006.jpg,2026-08-17 07:19:07,BV-04,smartphone,saudavel,saudavel,0.9546,agrosmart-v1,simulado,sim-2026-08
8774e161-4c8e-577a-b549-6b65a16db9cc,BV-04_20260817_0007.jpg,2026-08-17 07:19:42,BV-04,smartphone,saudavel,saudavel,0.9350,agrosmart-v1,simulado,sim-2026-08
403fb81c-e524-56c4-a939-d4cbea4235fd,BV-04_20260817_0008.jpg,2026-08-17 07:20:33,BV-04,smartphone,saudavel,saudavel,0.8566,agrosmart-v1,simulado,sim-2026-08
b8dcc85f-3c1b-5306-a01e-dd8214266c7b,BV-04_20260817_0009.jpg,2026-08-17 07:21:13,BV-04,smartphone,saudavel,saudavel,0.9562,agrosmart-v1,simulado,sim-2026-08
6be5a445-33bb-5dea-8a7a-924f76706d12,BV-04_20260817_0010.jpg,2026-08-17 07:21:44,BV-04,smartphone,saudavel,saudavel,0.9976,agrosmart-v1,simulado,sim-2026-08
b091a04a-e47e-56b8-926b-da7905426c92,BV-04_20260817_0011.jpg,2026-08-17 07:22:25,BV-04,smartphone,doente,vaquinha,0.8597,agrosmart-v1,simulado,sim-2026-08
35191737-669b-51cc-9f9f-40fd056f6b50,BV-03_20260817_0001.jpg,2026-08-17 07:22:54,BV-03,smartphone,saudavel,saudavel,0.9999,agrosmart-v1,simulado,sim-2026-08
3bd0bbbf-7c88-51f6-93da-527d445a016d,BV-04_20260817_0012.jpg,2026-08-17 07:23:16,BV-04,smartphone,saudavel,saudavel,0.9910,agrosmart-v1,simulado,sim-2026-08
b52b6ed4-396a-580a-a852-50cc23801da9,BV-03_20260817_0002.jpg,2026-08-17 07:23:37,BV-03,smartphone,saudavel,saudavel,0.9806,agrosmart-v1,simulado,sim-2026-08
588592df-f4cc-5ee6-8bf1-0c9b271ceda3,BV-04_20260817_0013.jpg,2026-08-17 07:23:58,BV-04,smartphone,saudavel,saudavel,0.9435,agrosmart-v1,simulado,sim-2026-08
d7ac593d-db67-5b61-bbc3-7644922c8294,BV-03_20260817_0003.jpg,2026-08-17 07:24:01,BV-03,smartphone,saudavel,saudavel,0.9727,agrosmart-v1,simulado,sim-2026-08
3f72c7d7-92c2-5158-bd36-d0cd6c3bd39e,BV-04_20260817_0014.jpg,2026-08-17 07:24:36,BV-04,smartphone,saudavel,saudavel,0.9995,agrosmart-v1,simulado,sim-2026-08
7ac10b80-33ae-5451-afe3-611633166362,BV-03_20260817_0004.jpg,2026-08-17 07:25:05,BV-03,smartphone,saudavel,saudavel,0.9999,agrosmart-v1,simulado,sim-2026-08
02a298df-20bf-5b14-aa51-8e3aa32bf684,BV-04_20260817_0015.jpg,2026-08-17 07:25:16,BV-04,smartphone,saudavel,saudavel,0.9398,agrosmart-v1,simulado,sim-2026-08
d8ea7317-be40-5d79-8275-11580f8c8a57,BV-03_20260817_0005.jpg,2026-08-17 07:25:42,BV-03,smartphone,saudavel,saudavel,0.9348,agrosmart-v1,simulado,sim-2026-08
f5823f85-d4af-595e-94c6-e1221a7443f9,BV-04_20260817_0016.jpg,2026-08-17 07:25:49,BV-04,smartphone,saudavel,saudavel,0.9955,agrosmart-v1,simulado,sim-2026-08
17b9d824-6c52-5e0e-805c-b64aef97150d,BV-03_20260817_0006.jpg,2026-08-17 07:26:01,BV-03,smartphone,saudavel,saudavel,0.9988,agrosmart-v1,simulado,sim-2026-08
684b349e-65fd-5782-a598-c8af34bf369b,BV-04_20260817_0017.jpg,2026-08-17 07:26:38,BV-04,smartphone,saudavel,saudavel,0.9403,agrosmart-v1,simulado,sim-2026-08
cd53f124-c3e7-59e3-b39f-d17e7066ac82,BV-03_20260817_0007.jpg,2026-08-17 07:26:48,BV-03,smartphone,saudavel,saudavel,0.9916,agrosmart-v1,simulado,sim-2026-08
02bc6779-1c6a-58c4-b7ff-b43d939d473a,BV-04_20260817_0018.jpg,2026-08-17 07:27:16,BV-04,smartphone,saudavel,saudavel,0.9190,agrosmart-v1,simulado,sim-2026-08
918448b8-8bf9-5564-9012-677c1a067f32,BV-03_20260817_0008.jpg,2026-08-17 07:27:33,BV-03,smartphone,saudavel,saudavel,0.9224,agrosmart-v1,simulado,sim-2026-08
38e424ed-c922-5107-8a00-8fb352a30eae,BV-04_20260817_0019.jpg,2026-08-17 07:27:52,BV-04,smartphone,saudavel,saudavel,0.9048,agrosmart-v1,simulado,sim-2026-08
a86b7645-81e9-50d0-b57c-72e7ffbb715a,BV-03_20260817_0009.jpg,2026-08-17 07:28:21,BV-03,smartphone,saudavel,saudavel,0.8864,agrosmart-v1,simulado,sim-2026-08
61508a90-b586-51f0-b239-3377f954082e,BV-04_20260817_0020.jpg,2026-08-17 07:28:23,BV-04,smartphone,saudavel,saudavel,0.9959,agrosmart-v1,simulado,sim-2026-08
01b74bdd-44d1-5f9a-a11b-bd6ca90cd696,BV-03_20260817_0010.jpg,2026-08-17 07:29:06,BV-03,smartphone,saudavel,saudavel,0.8856,agrosmart-v1,simulado,sim-2026-08
5a4949d9-f77a-5549-a44c-89200ef42a53,BV-04_20260817_0021.jpg,2026-08-17 07:29:28,BV-04,smartphone,saudavel,saudavel,0.9714,agrosmart-v1,simulado,sim-2026-08
2245e918-d705-5906-8a61-1e67fd4c099e,BV-03_20260817_0011.jpg,2026-08-17 07:29:43,BV-03,smartphone,saudavel,saudavel,0.9991,agrosmart-v1,simulado,sim-2026-08
92439655-9033-54c0-b3b3-52250158daeb,BV-04_20260817_0022.jpg,2026-08-17 07:29:49,BV-04,smartphone,saudavel,saudavel,0.9089,agrosmart-v1,simulado,sim-2026-08
8c322682-0eed-5efc-9343-a865ce77ef4d,BV-03_20260817_0012.jpg,2026-08-17 07:30:19,BV-03,smartphone,saudavel,saudavel,0.9990,agrosmart-v1,simulado,sim-2026-08
d068c8c9-381a-5457-8d64-167eebd0d571,BV-04_20260817_0023.jpg,2026-08-17 07:30:22,BV-04,smartphone,saudavel,saudavel,0.9987,agrosmart-v1,simulado,sim-2026-08
78cb42d3-a473-5757-8aef-d522286f3873,BV-03_20260817_0013.jpg,2026-08-17 07:30:57,BV-03,smartphone,saudavel,saudavel,0.9711,agrosmart-v1,simulado,sim-2026-08
5a2f5bb2-b7fd-5696-9b03-abc5c7ba193d,BV-04_20260817_0024.jpg,2026-08-17 07:31:06,BV-04,smartphone,saudavel,saudavel,0.8536,agrosmart-v1,simulado,sim-2026-08
7f9d2e44-3e2d-5f6d-ba01-0f1fe1336ef6,BV-03_20260817_0014.jpg,2026-08-17 07:31:38,BV-03,smartphone,saudavel,saudavel,0.9373,agrosmart-v1,simulado,sim-2026-08
fc6fe437-e70c-5a3f-aa57-8b91be094b20,BV-03_20260817_0015.jpg,2026-08-17 07:32:24,BV-03,smartphone,saudavel,saudavel,0.7491,agrosmart-v1,simulado,sim-2026-08
ca900257-f28b-53c1-aa79-940dbe75cf49,BV-03_20260817_0016.jpg,2026-08-17 07:33:09,BV-03,smartphone,saudavel,saudavel,0.8503,agrosmart-v1,simulado,sim-2026-08
89731726-04f4-53eb-9a69-c975ca9cb380,BV-03_20260817_0017.jpg,2026-08-17 07:33:37,BV-03,smartphone,saudavel,saudavel,0.9687,agrosmart-v1,simulado,sim-2026-08
e2b0d6ee-a1a0-5a64-9412-9d62ec46cb66,BV-03_20260817_0018.jpg,2026-08-17 07:34:03,BV-03,smartphone,saudavel,saudavel,0.9467,agrosmart-v1,simulado,sim-2026-08
31a69a0d-3b05-5813-aaf6-e460ada4e1ba,BV-03_20260817_0019.jpg,2026-08-17 07:35:10,BV-03,smartphone,doente,mosca_minadora,0.6876,agrosmart-v1,simulado,sim-2026-08
6fb5c1ae-ef1b-551b-996a-17dab2cb2c04,BV-03_20260817_0020.jpg,2026-08-17 07:35:29,BV-03,smartphone,saudavel,saudavel,0.8359,agrosmart-v1,simulado,sim-2026-08
ff947f24-f90b-5e58-ab3c-0b21af8cf11c,BV-03_20260817_0021.jpg,2026-08-17 07:36:08,BV-03,smartphone,saudavel,saudavel,0.9007,agrosmart-v1,simulado,sim-2026-08
1009b91a-43ba-581f-891f-645e32577e2a,BV-03_20260817_0022.jpg,2026-08-17 07:36:57,BV-03,smartphone,saudavel,saudavel,0.9956,agrosmart-v1,simulado,sim-2026-08
a23adf92-8c1f-51e5-a9ad-2d639d2693d0,BV-03_20260817_0023.jpg,2026-08-17 07:37:30,BV-03,smartphone,saudavel,saudavel,0.9674,agrosmart-v1,simulado,sim-2026-08
c8952fab-baee-54e6-a32b-479ad81c6739,BV-03_20260817_0024.jpg,2026-08-17 07:38:18,BV-03,smartphone,saudavel,saudavel,0.9983,agrosmart-v1,simulado,sim-2026-08
b8ba2d13-4f08-5574-bbc2-1cbfe9d2e316,BV-03_20260817_0025.jpg,2026-08-17 07:39:09,BV-03,smartphone,saudavel,saudavel,0.9924,agrosmart-v1,simulado,sim-2026-08
d72f1c5b-8606-5c82-8664-d56fb1c9bbd2,BV-03_20260817_0026.jpg,2026-08-17 07:39:21,BV-03,smartphone,saudavel,saudavel,0.8885,agrosmart-v1,simulado,sim-2026-08
3ad5a194-1b0e-53f3-a3da-76ec87bae25f,BV-03_20260817_0027.jpg,2026-08-17 07:40:22,BV-03,smartphone,saudavel,saudavel,0.8875,agrosmart-v1,simulado,sim-2026-08
172d64b6-5127-56db-a031-9e2c2b0564e0,BV-03_20260817_0028.jpg,2026-08-17 07:41:08,BV-03,smartphone,saudavel,saudavel,0.9104,agrosmart-v1,simulado,sim-2026-08
bb701c2e-5d0f-583a-ad38-5ff227f1ed14,BV-03_20260817_0029.jpg,2026-08-17 07:41:29,BV-03,smartphone,saudavel,saudavel,0.8799,agrosmart-v1,simulado,sim-2026-08
b79d1edc-174f-57e3-9d0e-2f28694f9b44,BV-03_20260817_0030.jpg,2026-08-17 07:42:09,BV-03,smartphone,saudavel,saudavel,0.9194,agrosmart-v1,simulado,sim-2026-08
f6132eff-e500-5078-8587-c5188562cf12,BV-03_20260817_0031.jpg,2026-08-17 07:43:09,BV-03,smartphone,doente,requeima,0.8839,agrosmart-v1,simulado,sim-2026-08
30a70552-bdfc-5085-beb4-77f20666f76d,SC-04_20260817_0001.jpg,2026-08-17 07:51:52,SC-04,smartphone,saudavel,saudavel,0.9469,agrosmart-v1,simulado,sim-2026-08
c19e37da-813d-59e8-a045-7373827cf3b2,SC-04_20260817_0002.jpg,2026-08-17 07:52:38,SC-04,smartphone,saudavel,saudavel,0.9014,agrosmart-v1,simulado,sim-2026-08
46c98e6a-1af6-57fb-81ec-2470b55394ee,SC-04_20260817_0003.jpg,2026-08-17 07:53:05,SC-04,smartphone,saudavel,saudavel,0.9888,agrosmart-v1,simulado,sim-2026-08
78b522c6-9be4-5746-8ea9-e11606ebcaca,SC-04_20260817_0004.jpg,2026-08-17 07:54:03,SC-04,smartphone,saudavel,saudavel,0.9504,agrosmart-v1,simulado,sim-2026-08
04ab9a62-2241-56be-93e3-9322a4e51962,SC-04_20260817_0005.jpg,2026-08-17 07:54:42,SC-04,smartphone,saudavel,saudavel,0.9964,agrosmart-v1,simulado,sim-2026-08
2b0a2a6b-7d54-5591-96db-ad1ada105f2b,SC-04_20260817_0006.jpg,2026-08-17 07:55:19,SC-04,smartphone,saudavel,saudavel,0.9335,agrosmart-v1,simulado,sim-2026-08
bcd46fb6-aeee-5a23-9a8b-ff9a233c011a,SC-04_20260817_0007.jpg,2026-08-17 07:55:43,SC-04,smartphone,saudavel,saudavel,0.9918,agrosmart-v1,simulado,sim-2026-08
edb0bc45-608f-56b2-b0c9-4031a108b612,SC-04_20260817_0008.jpg,2026-08-17 07:56:35,SC-04,smartphone,saudavel,saudavel,0.8956,agrosmart-v1,simulado,sim-2026-08
d77aeca3-1cfc-5082-ad19-13a6545ff33b,SC-04_20260817_0009.jpg,2026-08-17 07:57:05,SC-04,smartphone,saudavel,saudavel,0.9909,agrosmart-v1,simulado,sim-2026-08
6853c6ec-706e-587f-8053-8363623dd53d,SC-04_20260817_0010.jpg,2026-08-17 07:58:02,SC-04,smartphone,saudavel,saudavel,0.9816,agrosmart-v1,simulado,sim-2026-08
ab426508-40e7-5320-bf50-c7525f028abc,SC-04_20260817_0011.jpg,2026-08-17 07:58:26,SC-04,smartphone,saudavel,saudavel,0.9599,agrosmart-v1,simulado,sim-2026-08
b26fd8a1-ab28-54fd-afa3-df9b8a8d53a4,SC-04_20260817_0012.jpg,2026-08-17 07:59:10,SC-04,smartphone,saudavel,saudavel,0.9857,agrosmart-v1,simulado,sim-2026-08
f9ae48d5-0310-5a8e-abf7-500e0a7bbcbc,SC-04_20260817_0013.jpg,2026-08-17 07:59:50,SC-04,smartphone,saudavel,saudavel,0.9574,agrosmart-v1,simulado,sim-2026-08
ba19a2d8-bf29-5ffb-bff2-03a5aeb8b44e,SC-04_20260817_0014.jpg,2026-08-17 08:00:25,SC-04,smartphone,saudavel,saudavel,0.9977,agrosmart-v1,simulado,sim-2026-08
e2bd7f1d-d6e5-5831-b0de-d9ed86c8cdc1,SC-04_20260817_0015.jpg,2026-08-17 08:01:26,SC-04,smartphone,saudavel,saudavel,0.8812,agrosmart-v1,simulado,sim-2026-08
81713bc0-6fd0-5d64-9d9c-a5b3ed5d9f1e,SC-04_20260817_0016.jpg,2026-08-17 08:02:07,SC-04,smartphone,saudavel,saudavel,0.9260,agrosmart-v1,simulado,sim-2026-08
6f2c80e1-0266-55b5-bdc9-ddbc64d4be09,SC-04_20260817_0017.jpg,2026-08-17 08:02:50,SC-04,smartphone,saudavel,saudavel,0.9181,agrosmart-v1,simulado,sim-2026-08
9f8ff0a8-121b-5f80-9714-16e75f0497f0,SC-04_20260817_0018.jpg,2026-08-17 08:03:15,SC-04,smartphone,doente,pinta_preta,0.9599,agrosmart-v1,simulado,sim-2026-08
6c491e91-b8f4-5368-b47a-269f094501f7,SC-04_20260817_0019.jpg,2026-08-17 08:03:56,SC-04,smartphone,saudavel,saudavel,0.9558,agrosmart-v1,simulado,sim-2026-08
f0b0cb99-0f15-5e61-8984-63925447f655,SC-04_20260817_0020.jpg,2026-08-17 08:04:26,SC-04,smartphone,saudavel,saudavel,0.8492,agrosmart-v1,simulado,sim-2026-08
089207bf-ef3a-5b91-b384-9621bdb0a075,TI-02_20260817_0001.jpg,2026-08-17 08:04:52,TI-02,drone,saudavel,saudavel,0.9921,agrosmart-v1,simulado,sim-2026-08
92cc8141-f366-5057-9e4c-0d228b3d4f0b,SC-04_20260817_0021.jpg,2026-08-17 08:05:26,SC-04,smartphone,doente,requeima,0.9823,agrosmart-v1,simulado,sim-2026-08
0d3838b5-0b2e-5bec-8c2e-2727561b72ac,TI-02_20260817_0002.jpg,2026-08-17 08:05:38,TI-02,drone,saudavel,saudavel,0.8529,agrosmart-v1,simulado,sim-2026-08
80121f5c-9024-5745-99d8-7ea0758e4f8b,SC-04_20260817_0022.jpg,2026-08-17 08:05:50,SC-04,smartphone,saudavel,saudavel,0.9857,agrosmart-v1,simulado,sim-2026-08
7fac2626-18d7-5c6f-9aef-08e232195dc3,TI-02_20260817_0003.jpg,2026-08-17 08:06:25,TI-02,drone,saudavel,saudavel,0.9881,agrosmart-v1,simulado,sim-2026-08
2fbb44e2-d119-5998-a452-9b1ad25d35c3,SC-04_20260817_0023.jpg,2026-08-17 08:06:31,SC-04,smartphone,saudavel,saudavel,0.9917,agrosmart-v1,simulado,sim-2026-08
db771b2f-0320-5c6a-9bfc-49fb6a9698d9,TI-02_20260817_0004.jpg,2026-08-17 08:06:52,TI-02,drone,saudavel,saudavel,0.9482,agrosmart-v1,simulado,sim-2026-08
5f285bb2-5a31-50be-a5ee-4acbe723ff44,SC-04_20260817_0024.jpg,2026-08-17 08:07:28,SC-04,smartphone,saudavel,saudavel,0.8512,agrosmart-v1,simulado,sim-2026-08
596ad949-794e-5f68-9e71-adb03647be0c,TI-02_20260817_0005.jpg,2026-08-17 08:07:39,TI-02,drone,saudavel,saudavel,0.9973,agrosmart-v1,simulado,sim-2026-08
19bfb528-8c1d-5712-9995-752fb430b48f,SC-04_20260817_0025.jpg,2026-08-17 08:07:51,SC-04,smartphone,saudavel,saudavel,0.9961,agrosmart-v1,simulado,sim-2026-08
529b5995-ae1c-5198-bca7-7e461ac74d4e,TI-02_20260817_0006.jpg,2026-08-17 08:08:18,TI-02,drone,saudavel,saudavel,0.9636,agrosmart-v1,simulado,sim-2026-08
e6531d17-440f-55ad-bc7c-1324e97c4df3,SC-04_20260817_0026.jpg,2026-08-17 08:08:38,SC-04,smartphone,saudavel,saudavel,0.9057,agrosmart-v1,simulado,sim-2026-08
875466c1-e76c-515e-b060-2ce699773e4d,TI-02_20260817_0007.jpg,2026-08-17 08:09:07,TI-02,drone,saudavel,saudavel,0.9316,agrosmart-v1,simulado,sim-2026-08
66e438e8-6372-591c-b0d3-8149bae30eb9,TI-02_20260817_0008.jpg,2026-08-17 08:09:22,TI-02,drone,saudavel,saudavel,0.9986,agrosmart-v1,simulado,sim-2026-08
9941fd43-9bd0-57e8-932b-119d01810db0,SC-04_20260817_0027.jpg,2026-08-17 08:09:29,SC-04,smartphone,saudavel,saudavel,0.8516,agrosmart-v1,simulado,sim-2026-08
f7e5204a-df86-562d-a5cd-8fd0d94bc875,SC-04_20260817_0028.jpg,2026-08-17 08:09:42,SC-04,smartphone,saudavel,saudavel,0.8582,agrosmart-v1,simulado,sim-2026-08
a69ec394-fd42-562b-a667-495af3ffe3ab,TI-02_20260817_0009.jpg,2026-08-17 08:10:06,TI-02,drone,saudavel,saudavel,0.9228,agrosmart-v1,simulado,sim-2026-08
9eff508f-4e15-591e-97ee-eb253651ec5c,SC-04_20260817_0029.jpg,2026-08-17 08:10:33,SC-04,smartphone,saudavel,saudavel,0.8461,agrosmart-v1,simulado,sim-2026-08
ebf13645-bbaa-5671-a585-fb05f9367455,TI-02_20260817_0010.jpg,2026-08-17 08:10:47,TI-02,drone,saudavel,saudavel,0.9419,agrosmart-v1,simulado,sim-2026-08
596b76cf-a248-5678-a70c-f8fc98e76105,SC-04_20260817_0030.jpg,2026-08-17 08:11:18,SC-04,smartphone,saudavel,saudavel,0.9963,agrosmart-v1,simulado,sim-2026-08
7ebdc386-aa61-5d1a-944b-30a54b1f0419,TI-02_20260817_0011.jpg,2026-08-17 08:11:47,TI-02,drone,saudavel,saudavel,0.9980,agrosmart-v1,simulado,sim-2026-08
d91dce99-5290-5ea6-91d9-aa3e8e846547,TI-02_20260817_0012.jpg,2026-08-17 08:12:02,TI-02,drone,saudavel,saudavel,0.9904,agrosmart-v1,simulado,sim-2026-08
ee34921a-5741-5799-aa7c-578ab9bbe70a,TI-02_20260817_0013.jpg,2026-08-17 08:13:05,TI-02,drone,saudavel,saudavel,0.9091,agrosmart-v1,simulado,sim-2026-08
7a3be5ac-589d-5bed-b1e1-ea734577d425,TI-02_20260817_0014.jpg,2026-08-17 08:13:24,TI-02,drone,saudavel,saudavel,0.8693,agrosmart-v1,simulado,sim-2026-08
77293421-db3f-5951-9a39-60da36e52f29,TI-02_20260817_0015.jpg,2026-08-17 08:14:22,TI-02,drone,doente,pinta_preta,0.9519,agrosmart-v1,simulado,sim-2026-08
73f99d64-1c25-5ccc-b86c-fd84246ec88d,TI-02_20260817_0016.jpg,2026-08-17 08:15:00,TI-02,drone,saudavel,saudavel,0.8704,agrosmart-v1,simulado,sim-2026-08
0f795909-9921-5792-8e9d-fbf6cc344fb2,TI-02_20260817_0017.jpg,2026-08-17 08:15:30,TI-02,drone,saudavel,saudavel,0.9740,agrosmart-v1,simulado,sim-2026-08
de6631fc-e2a2-5cf3-88d0-1d12dbedefd9,TI-02_20260817_0018.jpg,2026-08-17 08:16:03,TI-02,drone,saudavel,saudavel,0.8627,agrosmart-v1,simulado,sim-2026-08
fb805317-d51f-5939-8dd8-3dc7f0e72c9e,TI-02_20260817_0019.jpg,2026-08-17 08:16:59,TI-02,drone,saudavel,saudavel,0.9992,agrosmart-v1,simulado,sim-2026-08
9730f58b-5bab-5328-98c7-f63b6d67650f,TI-02_20260817_0020.jpg,2026-08-17 08:17:42,TI-02,drone,saudavel,saudavel,0.9998,agrosmart-v1,simulado,sim-2026-08
b8b684ca-f624-53df-910c-d97de8826a83,TI-02_20260817_0021.jpg,2026-08-17 08:18:22,TI-02,drone,saudavel,saudavel,0.9905,agrosmart-v1,simulado,sim-2026-08
0996eaaa-b442-50c2-9543-2c8b2afa2dc7,TI-02_20260817_0022.jpg,2026-08-17 08:18:51,TI-02,drone,saudavel,saudavel,0.9524,agrosmart-v1,simulado,sim-2026-08
e4afde67-0fe4-59b8-a487-9a9524237623,TI-02_20260817_0023.jpg,2026-08-17 08:19:22,TI-02,drone,saudavel,saudavel,0.9999,agrosmart-v1,simulado,sim-2026-08
95e22805-0f29-5042-80ef-98cbce9527e9,TI-02_20260817_0024.jpg,2026-08-17 08:20:02,TI-02,drone,saudavel,saudavel,0.8800,agrosmart-v1,simulado,sim-2026-08
475a74df-ae9e-5e5c-bcb3-42e613fff146,TI-02_20260817_0025.jpg,2026-08-17 08:20:43,TI-02,drone,saudavel,saudavel,0.9371,agrosmart-v1,simulado,sim-2026-08
a9fb4413-bf2e-5372-8143-7262231d57e7,TI-02_20260817_0026.jpg,2026-08-17 08:21:38,TI-02,drone,doente,pinta_preta,0.9896,agrosmart-v1,simulado,sim-2026-08
bdded59d-c0fe-5f64-bba1-c62297cbe00c,TI-02_20260817_0027.jpg,2026-08-17 08:22:25,TI-02,drone,saudavel,saudavel,0.9474,agrosmart-v1,simulado,sim-2026-08
b841ee90-c93f-57c0-857f-81bf5d4014ae,TI-02_20260817_0028.jpg,2026-08-17 08:22:56,TI-02,drone,saudavel,saudavel,0.9307,agrosmart-v1,simulado,sim-2026-08
3f017b1b-d770-5266-88d9-ea4e5e8068f0,TI-02_20260817_0029.jpg,2026-08-17 08:23:23,TI-02,drone,saudavel,saudavel,1.0000,agrosmart-v1,simulado,sim-2026-08
4050dfdf-faf9-53af-9394-11279ec95bb9,TI-02_20260817_0030.jpg,2026-08-17 08:24:01,TI-02,drone,saudavel,saudavel,0.9977,agrosmart-v1,simulado,sim-2026-08
c5daec5a-448c-5475-9d34-a62bb98d5d46,TI-02_20260817_0031.jpg,2026-08-17 08:24:52,TI-02,drone,saudavel,saudavel,0.8563,agrosmart-v1,simulado,sim-2026-08
c9ba3b17-d75b-5f13-9c09-fe7291039065,TI-02_20260817_0032.jpg,2026-08-17 08:25:46,TI-02,drone,saudavel,saudavel,0.9706,agrosmart-v1,simulado,sim-2026-08
f7eb5cb6-1f25-5bad-90fe-05ae5eb28b3c,TI-02_20260817_0033.jpg,2026-08-17 08:26:10,TI-02,drone,saudavel,saudavel,0.9796,agrosmart-v1,simulado,sim-2026-08
09608103-cf69-519d-9b0d-c5608fb03164,TI-02_20260817_0034.jpg,2026-08-17 08:27:05,TI-02,drone,saudavel,saudavel,0.9163,agrosmart-v1,simulado,sim-2026-08
ce60f2bd-801a-50ca-8676-9fac45697251,TI-02_20260817_0035.jpg,2026-08-17 08:27:28,TI-02,drone,saudavel,saudavel,0.8298,agrosmart-v1,simulado,sim-2026-08
783a4eed-6f24-590a-9bd1-00a15e36e4a0,SC-01_20260817_0001.jpg,2026-08-17 08:32:43,SC-01,smartphone,saudavel,saudavel,0.8392,agrosmart-v1,simulado,sim-2026-08
ba3be50b-3ff1-5df3-ad6c-791d7c6b72ab,SC-01_20260817_0002.jpg,2026-08-17 08:33:25,SC-01,smartphone,saudavel,saudavel,0.8297,agrosmart-v1,simulado,sim-2026-08
d51e49ac-3e36-5627-8986-bef280a9edb3,SC-01_20260817_0003.jpg,2026-08-17 08:34:12,SC-01,smartphone,saudavel,saudavel,0.9983,agrosmart-v1,simulado,sim-2026-08
c55e1184-2af2-5db3-9bf3-078c3fbef40f,SC-01_20260817_0004.jpg,2026-08-17 08:34:50,SC-01,smartphone,saudavel,saudavel,0.9999,agrosmart-v1,simulado,sim-2026-08
f5e4b1a6-d19b-5565-a884-7e447c7c6e21,SC-01_20260817_0005.jpg,2026-08-17 08:35:25,SC-01,smartphone,saudavel,saudavel,0.9758,agrosmart-v1,simulado,sim-2026-08
c4a489bd-30a2-54ee-8f19-e3fbbfd29f6a,SC-01_20260817_0006.jpg,2026-08-17 08:36:14,SC-01,smartphone,saudavel,saudavel,0.9206,agrosmart-v1,simulado,sim-2026-08
c757e854-2d03-57c7-b98a-d4991751c76f,SC-01_20260817_0007.jpg,2026-08-17 08:36:51,SC-01,smartphone,saudavel,saudavel,0.9553,agrosmart-v1,simulado,sim-2026-08
c975c76f-1541-57ae-a23b-fbda941fdead,SC-01_20260817_0008.jpg,2026-08-17 08:37:24,SC-01,smartphone,saudavel,saudavel,0.8657,agrosmart-v1,simulado,sim-2026-08
7144d06c-6116-536d-8890-a8a1677b04fc,SC-01_20260817_0009.jpg,2026-08-17 08:38:19,SC-01,smartphone,saudavel,saudavel,0.9562,agrosmart-v1,simulado,sim-2026-08
20a7c6ca-1a6d-5e89-81ea-d0951771a4f9,SC-01_20260817_0010.jpg,2026-08-17 08:39:04,SC-01,smartphone,saudavel,saudavel,0.9721,agrosmart-v1,simulado,sim-2026-08
26743949-7874-5474-8c27-fee8f8d953f6,SC-01_20260817_0011.jpg,2026-08-17 08:39:36,SC-01,smartphone,saudavel,saudavel,0.8501,agrosmart-v1,simulado,sim-2026-08
eaefc4d2-f60a-5524-8a65-2f01cc56527f,TI-04_20260817_0001.jpg,2026-08-17 08:39:44,TI-04,drone,saudavel,saudavel,0.8732,agrosmart-v1,simulado,sim-2026-08
d44f1861-d4f0-5da1-b59e-8e6b34cb976d,TI-04_20260817_0002.jpg,2026-08-17 08:40:21,TI-04,drone,saudavel,saudavel,0.9711,agrosmart-v1,simulado,sim-2026-08
eecc8788-53ac-56e3-b393-c0cbdbab1f82,SC-01_20260817_0012.jpg,2026-08-17 08:40:29,SC-01,smartphone,saudavel,saudavel,0.9506,agrosmart-v1,simulado,sim-2026-08
7680e5a9-88d8-5c87-9f68-9414622583fa,SC-01_20260817_0013.jpg,2026-08-17 08:40:43,SC-01,smartphone,saudavel,saudavel,0.9044,agrosmart-v1,simulado,sim-2026-08
a29f7f6f-e121-5071-9d43-803c6b49db2b,TI-04_20260817_0003.jpg,2026-08-17 08:41:21,TI-04,drone,saudavel,saudavel,0.9965,agrosmart-v1,simulado,sim-2026-08
3ed485cd-0fe4-5db7-a97e-f73e01d8a6a9,SC-01_20260817_0014.jpg,2026-08-17 08:41:23,SC-01,smartphone,saudavel,saudavel,0.9980,agrosmart-v1,simulado,sim-2026-08
792a088a-1bd8-5353-ab08-803b9be192fb,TI-04_20260817_0004.jpg,2026-08-17 08:41:48,TI-04,drone,doente,pinta_preta,0.9262,agrosmart-v1,simulado,sim-2026-08
e7afcc31-8334-5039-8154-f971503fdac8,SC-01_20260817_0015.jpg,2026-08-17 08:42:03,SC-01,smartphone,saudavel,saudavel,0.9880,agrosmart-v1,simulado,sim-2026-08
8b10b99b-8ba2-5ab4-827f-0bf75cc00420,SC-01_20260817_0016.jpg,2026-08-17 08:42:43,SC-01,smartphone,saudavel,saudavel,0.9114,agrosmart-v1,simulado,sim-2026-08
9751409e-6f56-51a6-b24d-9b26bd394931,TI-04_20260817_0005.jpg,2026-08-17 08:42:47,TI-04,drone,saudavel,saudavel,0.8493,agrosmart-v1,simulado,sim-2026-08
b4743a54-ee00-5aef-b6c9-891ec2075ee6,TI-04_20260817_0006.jpg,2026-08-17 08:43:10,TI-04,drone,saudavel,saudavel,0.9640,agrosmart-v1,simulado,sim-2026-08
4a3182e2-be7c-53bc-8b2f-f4c4e0c163ad,SC-01_20260817_0017.jpg,2026-08-17 08:43:31,SC-01,smartphone,saudavel,saudavel,0.8320,agrosmart-v1,simulado,sim-2026-08
ae9d0e01-d4e1-57a2-bf6b-cf600c3ff433,TI-04_20260817_0007.jpg,2026-08-17 08:43:52,TI-04,drone,saudavel,saudavel,0.8922,agrosmart-v1,simulado,sim-2026-08
d81ca41c-5411-5251-802b-f8a49c19b9eb,SC-01_20260817_0018.jpg,2026-08-17 08:44:02,SC-01,smartphone,saudavel,saudavel,0.8426,agrosmart-v1,simulado,sim-2026-08
38d43fac-fe1b-5547-8bec-faeb8f4c3bf2,TI-04_20260817_0008.jpg,2026-08-17 08:44:20,TI-04,drone,saudavel,saudavel,0.8712,agrosmart-v1,simulado,sim-2026-08
64a55135-d71f-5a4d-abd6-bee4c4677064,TI-04_20260817_0009.jpg,2026-08-17 08:45:07,TI-04,drone,saudavel,saudavel,0.9549,agrosmart-v1,simulado,sim-2026-08
953026bf-d3ac-557c-9c76-74b4126585a3,SC-01_20260817_0019.jpg,2026-08-17 08:45:09,SC-01,smartphone,saudavel,saudavel,0.8556,agrosmart-v1,simulado,sim-2026-08
f252f670-caaf-59ce-8058-f020621975fd,SC-01_20260817_0020.jpg,2026-08-17 08:45:28,SC-01,smartphone,saudavel,saudavel,0.8570,agrosmart-v1,simulado,sim-2026-08
b295c41f-1af5-5126-9b8a-6addd077ae7d,TI-04_20260817_0010.jpg,2026-08-17 08:45:48,TI-04,drone,saudavel,saudavel,0.9971,agrosmart-v1,simulado,sim-2026-08
4c60b4c0-bab3-503a-abf9-0cd406b7ae5a,SC-01_20260817_0021.jpg,2026-08-17 08:46:13,SC-01,smartphone,doente,requeima,0.9814,agrosmart-v1,simulado,sim-2026-08
9b94fd86-ad43-5846-b958-24813a0bfb63,TI-04_20260817_0011.jpg,2026-08-17 08:46:41,TI-04,drone,saudavel,saudavel,0.9810,agrosmart-v1,simulado,sim-2026-08
2295b64b-6a4c-585c-8ea8-6598646df8e4,SC-01_20260817_0022.jpg,2026-08-17 08:46:50,SC-01,smartphone,saudavel,saudavel,0.9470,agrosmart-v1,simulado,sim-2026-08
0e20d42d-7332-5384-a902-66273ca8234d,TI-04_20260817_0012.jpg,2026-08-17 08:47:17,TI-04,drone,doente,mosca_minadora,0.9969,agrosmart-v1,simulado,sim-2026-08
35af48f2-a1ae-5f78-8d0b-3d4fc396988a,SC-01_20260817_0023.jpg,2026-08-17 08:47:46,SC-01,smartphone,saudavel,saudavel,0.5886,agrosmart-v1,simulado,sim-2026-08
d78ccbfb-c69f-5f67-ad63-e1cfeee43279,TI-04_20260817_0013.jpg,2026-08-17 08:47:58,TI-04,drone,doente,pinta_preta,0.9998,agrosmart-v1,simulado,sim-2026-08
9002a319-ce42-5a33-a5d2-d648b2efb8fe,SC-01_20260817_0024.jpg,2026-08-17 08:48:20,SC-01,smartphone,saudavel,saudavel,0.9985,agrosmart-v1,simulado,sim-2026-08
a0b03c76-4ff1-5069-a3a0-b6dc08657290,TI-04_20260817_0014.jpg,2026-08-17 08:48:37,TI-04,drone,saudavel,saudavel,0.9937,agrosmart-v1,simulado,sim-2026-08
aeabc55c-3835-5b5a-8cae-a313121c0449,SC-01_20260817_0025.jpg,2026-08-17 08:49:08,SC-01,smartphone,saudavel,saudavel,0.9617,agrosmart-v1,simulado,sim-2026-08
ae8902be-4544-5e92-a79c-fc037edca69a,TI-04_20260817_0015.jpg,2026-08-17 08:49:24,TI-04,drone,saudavel,saudavel,0.9234,agrosmart-v1,simulado,sim-2026-08
bad5c910-4374-58d9-ba41-1e2f9c7a5669,SC-01_20260817_0026.jpg,2026-08-17 08:49:26,SC-01,smartphone,saudavel,saudavel,0.9998,agrosmart-v1,simulado,sim-2026-08
f0cb14d2-8f72-5df0-822c-f146d5e3eb28,TI-04_20260817_0016.jpg,2026-08-17 08:50:01,TI-04,drone,saudavel,saudavel,0.9910,agrosmart-v1,simulado,sim-2026-08
c7b03b8c-5263-5d50-a9b0-67364bef8128,SC-01_20260817_0027.jpg,2026-08-17 08:50:04,SC-01,smartphone,saudavel,saudavel,0.9490,agrosmart-v1,simulado,sim-2026-08
e392a007-028e-54a2-b4ea-bf2e8c0f21bf,TI-04_20260817_0017.jpg,2026-08-17 08:50:47,TI-04,drone,saudavel,saudavel,0.9406,agrosmart-v1,simulado,sim-2026-08
9b452457-ad3b-56e9-96a3-cf42bb9aae43,SC-01_20260817_0028.jpg,2026-08-17 08:51:01,SC-01,smartphone,saudavel,saudavel,0.9282,agrosmart-v1,simulado,sim-2026-08
bb1e5e1d-be94-5beb-93b8-5ba414ed33b2,TI-04_20260817_0018.jpg,2026-08-17 08:51:22,TI-04,drone,saudavel,saudavel,0.8890,agrosmart-v1,simulado,sim-2026-08
05904739-eb53-511e-bfb2-4add293b31ac,SC-01_20260817_0029.jpg,2026-08-17 08:51:34,SC-01,smartphone,saudavel,saudavel,0.8418,agrosmart-v1,simulado,sim-2026-08
d9dd3e35-c89b-501c-b524-683891ba8f08,TI-04_20260817_0019.jpg,2026-08-17 08:51:49,TI-04,drone,saudavel,saudavel,0.9542,agrosmart-v1,simulado,sim-2026-08
2fcdf6af-26b1-59f2-b3ab-aae8e65fbf75,SC-01_20260817_0030.jpg,2026-08-17 08:52:15,SC-01,smartphone,saudavel,saudavel,0.9770,agrosmart-v1,simulado,sim-2026-08
911b332a-b2f8-5b0a-b257-e66508bb4458,TI-04_20260817_0020.jpg,2026-08-17 08:52:29,TI-04,drone,saudavel,saudavel,0.8622,agrosmart-v1,simulado,sim-2026-08
7cbba835-906e-507a-b175-9011bc0d0dd8,SC-01_20260817_0031.jpg,2026-08-17 08:52:48,SC-01,smartphone,saudavel,saudavel,0.5372,agrosmart-v1,simulado,sim-2026-08
5e37afeb-2db7-5ebb-aafc-70473034a263,TI-04_20260817_0021.jpg,2026-08-17 08:53:27,TI-04,drone,saudavel,saudavel,0.8447,agrosmart-v1,simulado,sim-2026-08
96a6386b-edde-516e-8e73-518f66bd7434,TI-04_20260817_0022.jpg,2026-08-17 08:53:55,TI-04,drone,saudavel,saudavel,0.9214,agrosmart-v1,simulado,sim-2026-08
9c26ef7c-6842-5d5f-a3e6-e76b313098e4,TI-04_20260817_0023.jpg,2026-08-17 08:54:33,TI-04,drone,saudavel,saudavel,0.8566,agrosmart-v1,simulado,sim-2026-08
068ed7ca-c09e-58a7-9462-df53b32aa353,SC-02_20260817_0001.jpg,2026-08-17 08:54:53,SC-02,smartphone,saudavel,saudavel,0.9881,agrosmart-v1,simulado,sim-2026-08
30606d3a-a144-5daa-b208-360da2de8aae,TI-04_20260817_0024.jpg,2026-08-17 08:55:10,TI-04,drone,saudavel,saudavel,0.9576,agrosmart-v1,simulado,sim-2026-08
8dabcd7b-47f1-5ddb-871e-f2f04ed891cc,SC-02_20260817_0002.jpg,2026-08-17 08:55:28,SC-02,smartphone,doente,requeima,0.9809,agrosmart-v1,simulado,sim-2026-08
c0ca5f05-26ee-5881-830e-878dc06b0838,TI-04_20260817_0025.jpg,2026-08-17 08:55:47,TI-04,drone,saudavel,saudavel,0.9995,agrosmart-v1,simulado,sim-2026-08
fb7c973d-0828-55ad-bb10-06909ca2df8b,SC-02_20260817_0003.jpg,2026-08-17 08:56:09,SC-02,smartphone,saudavel,saudavel,0.9682,agrosmart-v1,simulado,sim-2026-08
54c7b7df-0adf-5b3a-9405-d179944fc95e,TI-04_20260817_0026.jpg,2026-08-17 08:56:22,TI-04,drone,saudavel,saudavel,0.9883,agrosmart-v1,simulado,sim-2026-08
40684296-a8fc-55a2-8940-cb73676e237f,SC-02_20260817_0004.jpg,2026-08-17 08:56:55,SC-02,smartphone,saudavel,saudavel,0.9992,agrosmart-v1,simulado,sim-2026-08
dd00266c-23db-50ef-9531-ac959330fdc2,TI-04_20260817_0027.jpg,2026-08-17 08:57:14,TI-04,drone,saudavel,saudavel,0.9338,agrosmart-v1,simulado,sim-2026-08
6028d66f-2473-5f47-8221-9afbf2104491,SC-02_20260817_0005.jpg,2026-08-17 08:57:30,SC-02,smartphone,saudavel,saudavel,0.9967,agrosmart-v1,simulado,sim-2026-08
a255f0a9-f253-5c9c-99cd-f5d7f799b75a,TI-04_20260817_0028.jpg,2026-08-17 08:57:49,TI-04,drone,saudavel,saudavel,0.9376,agrosmart-v1,simulado,sim-2026-08
4614fc82-31d1-5135-8fe2-48e7dd11b4dc,TI-04_20260817_0029.jpg,2026-08-17 08:58:21,TI-04,drone,doente,mosca_minadora,0.8713,agrosmart-v1,simulado,sim-2026-08
50013f5e-0772-5c34-9ccc-82e2c20e3460,SC-02_20260817_0006.jpg,2026-08-17 08:58:24,SC-02,smartphone,saudavel,saudavel,0.9201,agrosmart-v1,simulado,sim-2026-08
2dc18759-1859-528b-abf9-4e1c5811ac1d,SC-02_20260817_0007.jpg,2026-08-17 08:58:52,SC-02,smartphone,saudavel,saudavel,0.9999,agrosmart-v1,simulado,sim-2026-08
659ad3ff-425a-59cc-9757-0a590f6f12c2,TI-04_20260817_0030.jpg,2026-08-17 08:59:25,TI-04,drone,saudavel,saudavel,0.9475,agrosmart-v1,simulado,sim-2026-08
93a1a5f6-ae7f-503e-a014-6465a69eae78,SC-02_20260817_0008.jpg,2026-08-17 08:59:27,SC-02,smartphone,saudavel,saudavel,0.9887,agrosmart-v1,simulado,sim-2026-08
9a7a6b1c-2f30-5e52-b525-013ef364e19a,TI-04_20260817_0031.jpg,2026-08-17 08:59:40,TI-04,drone,saudavel,saudavel,0.9961,agrosmart-v1,simulado,sim-2026-08
9bbb3ad9-e6d5-51c8-be1f-672f61dc24b9,SC-02_20260817_0009.jpg,2026-08-17 09:00:15,SC-02,smartphone,saudavel,saudavel,0.9845,agrosmart-v1,simulado,sim-2026-08
4ad93e59-b451-54f4-96e7-358f87d9351a,TI-04_20260817_0032.jpg,2026-08-17 09:00:23,TI-04,drone,saudavel,saudavel,0.9559,agrosmart-v1,simulado,sim-2026-08
a1a968af-0d9c-5165-849c-211eefdbc5c9,SC-02_20260817_0010.jpg,2026-08-17 09:01:10,SC-02,smartphone,doente,vaquinha,0.9910,agrosmart-v1,simulado,sim-2026-08
faf66b03-f830-5a06-af08-87a8afcadf38,SC-02_20260817_0011.jpg,2026-08-17 09:01:39,SC-02,smartphone,saudavel,saudavel,0.9551,agrosmart-v1,simulado,sim-2026-08
d67db880-35ee-5143-9c3d-f034cbd22a8a,SC-03_20260817_0001.jpg,2026-08-17 09:01:44,SC-03,smartphone,saudavel,saudavel,0.9633,agrosmart-v1,simulado,sim-2026-08
286dd11e-3c99-5659-89e1-ab535ccb29ce,SC-02_20260817_0012.jpg,2026-08-17 09:02:07,SC-02,smartphone,saudavel,saudavel,0.9572,agrosmart-v1,simulado,sim-2026-08
4d71ad16-a6c7-5e27-9541-22ff56066a24,SC-03_20260817_0002.jpg,2026-08-17 09:02:24,SC-03,smartphone,saudavel,saudavel,0.9941,agrosmart-v1,simulado,sim-2026-08
1584c540-8202-5ece-a593-7c5a2fbd70aa,SC-02_20260817_0013.jpg,2026-08-17 09:02:44,SC-02,smartphone,saudavel,saudavel,0.8213,agrosmart-v1,simulado,sim-2026-08
2d5b55e7-9c9f-5e27-a8bd-32f73ce95e60,SC-03_20260817_0003.jpg,2026-08-17 09:03:25,SC-03,smartphone,saudavel,saudavel,0.8667,agrosmart-v1,simulado,sim-2026-08
e5fbe942-0bc5-5d57-ab76-166062396818,SC-02_20260817_0014.jpg,2026-08-17 09:03:31,SC-02,smartphone,saudavel,saudavel,0.9959,agrosmart-v1,simulado,sim-2026-08
b118febf-eb8e-5c1c-a503-2f9faf0a31e5,SC-03_20260817_0004.jpg,2026-08-17 09:03:58,SC-03,smartphone,saudavel,saudavel,0.9271,agrosmart-v1,simulado,sim-2026-08
aa7cb21a-08ad-5b07-b60b-5f6e151fc1e0,SC-02_20260817_0015.jpg,2026-08-17 09:04:05,SC-02,smartphone,saudavel,saudavel,0.8304,agrosmart-v1,simulado,sim-2026-08
808a6d6d-280d-5028-b23f-d8ca149ecc97,SC-02_20260817_0016.jpg,2026-08-17 09:04:40,SC-02,smartphone,saudavel,saudavel,0.8694,agrosmart-v1,simulado,sim-2026-08
c09e228d-b651-5f22-9d41-a54b633f93b8,SC-03_20260817_0005.jpg,2026-08-17 09:04:42,SC-03,smartphone,saudavel,saudavel,0.8849,agrosmart-v1,simulado,sim-2026-08
e07c4a0e-0bd5-5bff-a886-0c380652dcca,SC-02_20260817_0017.jpg,2026-08-17 09:05:28,SC-02,smartphone,saudavel,saudavel,0.9938,agrosmart-v1,simulado,sim-2026-08
ec08d959-49e3-5205-8297-4dd108331f78,SC-03_20260817_0006.jpg,2026-08-17 09:05:28,SC-03,smartphone,saudavel,saudavel,0.9966,agrosmart-v1,simulado,sim-2026-08
e904c7ae-d842-5f77-8611-79054a38cdb0,SC-03_20260817_0007.jpg,2026-08-17 09:06:03,SC-03,smartphone,saudavel,saudavel,0.9230,agrosmart-v1,simulado,sim-2026-08
78ae9958-1d51-5f3f-ad90-6a4cab1eaa3c,SC-02_20260817_0018.jpg,2026-08-17 09:06:05,SC-02,smartphone,saudavel,saudavel,0.8653,agrosmart-v1,simulado,sim-2026-08
60e7a230-20e2-5d17-8080-ce2dd83e9e12,SC-03_20260817_0008.jpg,2026-08-17 09:06:32,SC-03,smartphone,saudavel,saudavel,0.8810,agrosmart-v1,simulado,sim-2026-08
e3761346-ed77-5727-9327-2b09957aaae1,SC-02_20260817_0019.jpg,2026-08-17 09:06:44,SC-02,smartphone,saudavel,saudavel,0.9841,agrosmart-v1,simulado,sim-2026-08
ef866886-3687-5b38-a4c6-957a46eb94e4,SC-03_20260817_0009.jpg,2026-08-17 09:07:16,SC-03,smartphone,saudavel,saudavel,0.8955,agrosmart-v1,simulado,sim-2026-08
877143b2-913e-5c39-aaff-a38270e2a4f1,SC-02_20260817_0020.jpg,2026-08-17 09:07:35,SC-02,smartphone,doente,pinta_preta,0.8781,agrosmart-v1,simulado,sim-2026-08
5134a997-b58a-5b47-8210-81ad77604c9b,SC-03_20260817_0010.jpg,2026-08-17 09:08:07,SC-03,smartphone,saudavel,saudavel,0.5380,agrosmart-v1,simulado,sim-2026-08
0537bb59-edb0-5d3d-bd53-963594efb45c,SC-02_20260817_0021.jpg,2026-08-17 09:08:21,SC-02,smartphone,doente,requeima,0.6360,agrosmart-v1,simulado,sim-2026-08
922bb49c-e531-597d-a4b9-4502581db36c,SC-03_20260817_0011.jpg,2026-08-17 09:08:37,SC-03,smartphone,saudavel,saudavel,0.9921,agrosmart-v1,simulado,sim-2026-08
3447c7b1-d5c5-5d5c-8f2c-10aa96ce4fb4,SC-02_20260817_0022.jpg,2026-08-17 09:08:59,SC-02,smartphone,saudavel,saudavel,0.9343,agrosmart-v1,simulado,sim-2026-08
13c38ea5-873f-538c-a63d-b9cac8a3cdbd,SC-03_20260817_0012.jpg,2026-08-17 09:09:10,SC-03,smartphone,doente,vaquinha,0.9843,agrosmart-v1,simulado,sim-2026-08
1b7b8fdd-d82a-56fc-b69f-75fbfa27edda,SC-02_20260817_0023.jpg,2026-08-17 09:09:37,SC-02,smartphone,saudavel,saudavel,0.8416,agrosmart-v1,simulado,sim-2026-08
0d86f21e-0d8b-50d6-b988-1336967d833f,SC-03_20260817_0013.jpg,2026-08-17 09:09:43,SC-03,smartphone,saudavel,saudavel,0.9911,agrosmart-v1,simulado,sim-2026-08
4296426f-0003-53db-b63c-37caa5b4c837,SC-02_20260817_0024.jpg,2026-08-17 09:10:30,SC-02,smartphone,saudavel,saudavel,0.9983,agrosmart-v1,simulado,sim-2026-08
096b99da-d352-514e-a613-19380549ffa4,SC-03_20260817_0014.jpg,2026-08-17 09:10:31,SC-03,smartphone,saudavel,saudavel,0.9646,agrosmart-v1,simulado,sim-2026-08
3bb35498-ad9b-565c-b015-63ae3ab57cc6,SC-02_20260817_0025.jpg,2026-08-17 09:10:50,SC-02,smartphone,doente,requeima,0.9936,agrosmart-v1,simulado,sim-2026-08
686285ba-1176-5276-81f6-253c505f6e35,SC-03_20260817_0015.jpg,2026-08-17 09:11:18,SC-03,smartphone,saudavel,saudavel,0.9933,agrosmart-v1,simulado,sim-2026-08
54dfb1e3-a3a1-508c-8f0f-7f60f97804d0,SC-02_20260817_0026.jpg,2026-08-17 09:11:31,SC-02,smartphone,saudavel,saudavel,0.8447,agrosmart-v1,simulado,sim-2026-08
7d13144b-97b6-593a-bf9e-898c52b0a9e4,SC-03_20260817_0016.jpg,2026-08-17 09:11:47,SC-03,smartphone,saudavel,saudavel,0.8710,agrosmart-v1,simulado,sim-2026-08
b4b5147f-e2a3-5026-9869-12c2c9c729fd,SC-02_20260817_0027.jpg,2026-08-17 09:12:25,SC-02,smartphone,saudavel,saudavel,0.9690,agrosmart-v1,simulado,sim-2026-08
e4822149-81cf-52af-ad85-47f28066c21c,SC-03_20260817_0017.jpg,2026-08-17 09:12:30,SC-03,smartphone,doente,vaquinha,1.0000,agrosmart-v1,simulado,sim-2026-08
94210bbc-ee94-5515-9d53-61e54cdfeb33,SC-02_20260817_0028.jpg,2026-08-17 09:13:10,SC-02,smartphone,saudavel,saudavel,0.9344,agrosmart-v1,simulado,sim-2026-08
6639d1c2-7703-58d8-819e-003b69d971da,SC-03_20260817_0018.jpg,2026-08-17 09:13:13,SC-03,smartphone,saudavel,saudavel,0.8590,agrosmart-v1,simulado,sim-2026-08
d960556c-ea78-57fa-8ca2-c122aa641be7,SC-02_20260817_0029.jpg,2026-08-17 09:13:44,SC-02,smartphone,saudavel,saudavel,0.8609,agrosmart-v1,simulado,sim-2026-08
5e9ce928-8683-5a91-b4ca-84d16eacd986,SC-03_20260817_0019.jpg,2026-08-17 09:13:57,SC-03,smartphone,saudavel,saudavel,0.9734,agrosmart-v1,simulado,sim-2026-08
a82ec0bb-e578-5ca0-b6ca-852cd2635c52,TI-03_20260817_0001.jpg,2026-08-17 09:13:57,TI-03,drone,doente,mosca_minadora,0.9953,agrosmart-v1,simulado,sim-2026-08
93b96988-961f-57f3-beb4-2b84021e76c2,SC-02_20260817_0030.jpg,2026-08-17 09:14:17,SC-02,smartphone,saudavel,saudavel,0.8946,agrosmart-v1,simulado,sim-2026-08
025347c0-aa87-5c0a-8982-b0acf60ff3c6,SC-03_20260817_0020.jpg,2026-08-17 09:14:38,SC-03,smartphone,saudavel,saudavel,0.9699,agrosmart-v1,simulado,sim-2026-08
a6f056d4-4d5d-51ae-987c-74d110edcc89,TI-03_20260817_0002.jpg,2026-08-17 09:14:41,TI-03,drone,saudavel,saudavel,0.9999,agrosmart-v1,simulado,sim-2026-08
ae8fd3f3-83ac-50a0-92a1-1e438287c5d1,SC-02_20260817_0031.jpg,2026-08-17 09:15:02,SC-02,smartphone,saudavel,saudavel,0.8295,agrosmart-v1,simulado,sim-2026-08
013078d2-f42a-5e9c-a7ae-501a0a21030c,SC-03_20260817_0021.jpg,2026-08-17 09:15:06,SC-03,smartphone,saudavel,saudavel,0.8613,agrosmart-v1,simulado,sim-2026-08
09951260-2aed-53d6-b835-8ef59bed59da,TI-03_20260817_0003.jpg,2026-08-17 09:15:25,TI-03,drone,saudavel,saudavel,0.9997,agrosmart-v1,simulado,sim-2026-08
f65b241f-ae81-5c1d-b65f-96b83a54cb40,SC-02_20260817_0032.jpg,2026-08-17 09:15:36,SC-02,smartphone,saudavel,saudavel,0.9982,agrosmart-v1,simulado,sim-2026-08
77dadd25-39f0-5461-8775-3616200bab4e,TI-03_20260817_0004.jpg,2026-08-17 09:16:00,TI-03,drone,saudavel,saudavel,0.8597,agrosmart-v1,simulado,sim-2026-08
68128076-8909-5833-a461-b0273e896862,SC-03_20260817_0022.jpg,2026-08-17 09:16:10,SC-03,smartphone,saudavel,saudavel,0.9318,agrosmart-v1,simulado,sim-2026-08
d036ec98-422a-5afd-bc55-a4af83500157,SC-02_20260817_0033.jpg,2026-08-17 09:16:19,SC-02,smartphone,saudavel,saudavel,0.9433,agrosmart-v1,simulado,sim-2026-08
432be29a-2e1a-5235-aea6-8d041796ce33,SC-03_20260817_0023.jpg,2026-08-17 09:16:20,SC-03,smartphone,saudavel,saudavel,0.8758,agrosmart-v1,simulado,sim-2026-08
e289abcc-3793-5234-9d96-01be46081667,TI-03_20260817_0005.jpg,2026-08-17 09:16:33,TI-03,drone,saudavel,saudavel,0.9995,agrosmart-v1,simulado,sim-2026-08
b1b6165f-2d97-54f0-8f9b-977473b83623,SC-02_20260817_0034.jpg,2026-08-17 09:17:08,SC-02,smartphone,saudavel,saudavel,0.9900,agrosmart-v1,simulado,sim-2026-08
b6ff5cb2-0cfe-580c-81f7-321c2e9d0cd7,TI-03_20260817_0006.jpg,2026-08-17 09:17:19,TI-03,drone,saudavel,saudavel,0.9992,agrosmart-v1,simulado,sim-2026-08
9f5a2222-778d-5ed2-aab4-dd3dbc2dbc82,SC-03_20260817_0024.jpg,2026-08-17 09:17:26,SC-03,smartphone,saudavel,saudavel,0.8948,agrosmart-v1,simulado,sim-2026-08
cf620391-ee14-56c0-b2d4-842a713fa3e6,SC-02_20260817_0035.jpg,2026-08-17 09:17:40,SC-02,smartphone,saudavel,saudavel,0.5889,agrosmart-v1,simulado,sim-2026-08
3246ea6a-630b-56a6-a6b0-8603eeb4840b,SC-03_20260817_0025.jpg,2026-08-17 09:18:03,SC-03,smartphone,saudavel,saudavel,0.9201,agrosmart-v1,simulado,sim-2026-08
0a79837f-91e2-50a5-be04-f41d42af5257,TI-03_20260817_0007.jpg,2026-08-17 09:18:08,TI-03,drone,saudavel,saudavel,0.9828,agrosmart-v1,simulado,sim-2026-08
354afa0f-1e02-571c-bd87-27ae97e8c6cb,SC-02_20260817_0036.jpg,2026-08-17 09:18:29,SC-02,smartphone,saudavel,saudavel,0.9226,agrosmart-v1,simulado,sim-2026-08
1aa7d01b-0f54-5961-970a-02d05ad48485,SC-03_20260817_0026.jpg,2026-08-17 09:18:30,SC-03,smartphone,saudavel,saudavel,0.9995,agrosmart-v1,simulado,sim-2026-08
ec1d39d3-b5ad-58cd-ad51-1b9fe215fe3e,TI-03_20260817_0008.jpg,2026-08-17 09:18:34,TI-03,drone,saudavel,saudavel,0.9207,agrosmart-v1,simulado,sim-2026-08
c1694e08-9f1c-5afa-a1cb-8fad1eebe4c0,SC-02_20260817_0037.jpg,2026-08-17 09:18:50,SC-02,smartphone,saudavel,saudavel,0.9828,agrosmart-v1,simulado,sim-2026-08
b878e829-a017-58ff-a819-e18a090c2168,SC-03_20260817_0027.jpg,2026-08-17 09:19:14,SC-03,smartphone,saudavel,saudavel,0.8273,agrosmart-v1,simulado,sim-2026-08
8c72dfe6-e306-59c9-af18-255087d98205,TI-03_20260817_0009.jpg,2026-08-17 09:19:20,TI-03,drone,saudavel,saudavel,0.9374,agrosmart-v1,simulado,sim-2026-08
ba79e846-e2dc-56b2-9ffb-2b128189f779,SC-02_20260817_0038.jpg,2026-08-17 09:19:38,SC-02,smartphone,saudavel,saudavel,0.9087,agrosmart-v1,simulado,sim-2026-08
2d46ad8e-321f-54b3-870c-0bde00135268,SC-03_20260817_0028.jpg,2026-08-17 09:19:44,SC-03,smartphone,saudavel,saudavel,0.8259,agrosmart-v1,simulado,sim-2026-08
83e192bf-6184-5bbd-bd72-c03fc983eafc,TI-03_20260817_0010.jpg,2026-08-17 09:19:59,TI-03,drone,saudavel,saudavel,0.9564,agrosmart-v1,simulado,sim-2026-08
36de2549-6c64-52a9-9e2b-85d7482cfc7f,SC-02_20260817_0039.jpg,2026-08-17 09:20:14,SC-02,smartphone,saudavel,saudavel,1.0000,agrosmart-v1,simulado,sim-2026-08
b9a9a9b8-ec58-5e74-952b-47cc6009e0e7,TI-03_20260817_0011.jpg,2026-08-17 09:20:28,TI-03,drone,saudavel,saudavel,0.9983,agrosmart-v1,simulado,sim-2026-08
22191987-f748-59bd-907d-8ac9a94b792a,SC-03_20260817_0029.jpg,2026-08-17 09:20:33,SC-03,smartphone,saudavel,saudavel,0.9971,agrosmart-v1,simulado,sim-2026-08
4ba8dc18-d129-5737-9261-eb5a95a2e075,TI-03_20260817_0012.jpg,2026-08-17 09:21:04,TI-03,drone,saudavel,saudavel,0.9544,agrosmart-v1,simulado,sim-2026-08
00a71e2a-4b4b-5c19-91a5-76b86f3b399c,SC-03_20260817_0030.jpg,2026-08-17 09:21:18,SC-03,smartphone,saudavel,saudavel,0.9050,agrosmart-v1,simulado,sim-2026-08
b884d8fb-acfa-5247-ad17-9fa603733b13,SC-03_20260817_0031.jpg,2026-08-17 09:21:48,SC-03,smartphone,saudavel,saudavel,0.9778,agrosmart-v1,simulado,sim-2026-08
357755ac-6ddc-5218-b22c-4379367fc31f,TI-03_20260817_0013.jpg,2026-08-17 09:22:10,TI-03,drone,saudavel,saudavel,0.9645,agrosmart-v1,simulado,sim-2026-08
317df6b4-5a58-5a41-a26f-b749f5ad46c3,TI-03_20260817_0014.jpg,2026-08-17 09:22:35,TI-03,drone,saudavel,saudavel,0.8808,agrosmart-v1,simulado,sim-2026-08
1583e1e2-44e2-52a2-bdc7-e44b263322a3,SC-03_20260817_0032.jpg,2026-08-17 09:22:42,SC-03,smartphone,saudavel,saudavel,0.9997,agrosmart-v1,simulado,sim-2026-08
2268689b-dbe5-5ba9-ae04-0d2e10613c72,SC-03_20260817_0033.jpg,2026-08-17 09:23:09,SC-03,smartphone,saudavel,saudavel,0.9992,agrosmart-v1,simulado,sim-2026-08
f37c0d6d-fe90-5fdc-897c-82157bf6a3e7,TI-03_20260817_0015.jpg,2026-08-17 09:23:12,TI-03,drone,saudavel,saudavel,0.8210,agrosmart-v1,simulado,sim-2026-08
67359636-ff4b-5335-9d53-5f2bbf95c633,TI-03_20260817_0016.jpg,2026-08-17 09:23:55,TI-03,drone,saudavel,saudavel,0.9963,agrosmart-v1,simulado,sim-2026-08
3f106292-9af5-57d5-b07e-9e740f1d4c1f,SC-03_20260817_0034.jpg,2026-08-17 09:24:07,SC-03,smartphone,saudavel,saudavel,0.9442,agrosmart-v1,simulado,sim-2026-08
db682577-338a-5643-a8f9-2c2904590ebe,TI-03_20260817_0017.jpg,2026-08-17 09:24:34,TI-03,drone,saudavel,saudavel,0.9408,agrosmart-v1,simulado,sim-2026-08
dbe747fd-d409-59bd-a233-9acb1b722376,TI-03_20260817_0018.jpg,2026-08-17 09:25:04,TI-03,drone,saudavel,saudavel,0.8327,agrosmart-v1,simulado,sim-2026-08
995cdbc6-0679-5536-9fb9-a3eff473a5ac,TI-03_20260817_0019.jpg,2026-08-17 09:26:04,TI-03,drone,saudavel,saudavel,0.9933,agrosmart-v1,simulado,sim-2026-08
6b71cbe1-cd00-56c6-a8d9-fdeb3a367a2b,TI-03_20260817_0020.jpg,2026-08-17 09:26:32,TI-03,drone,saudavel,saudavel,0.9935,agrosmart-v1,simulado,sim-2026-08
ca622915-82fa-5818-9624-99f2ce96f41f,TI-03_20260817_0021.jpg,2026-08-17 09:27:06,TI-03,drone,saudavel,saudavel,0.9471,agrosmart-v1,simulado,sim-2026-08
5bb4653a-cfcc-5cf3-a2d1-23dd08576e10,TI-03_20260817_0022.jpg,2026-08-17 09:27:53,TI-03,drone,saudavel,saudavel,0.8284,agrosmart-v1,simulado,sim-2026-08
6d78a114-725d-56d2-8171-75967858c147,TI-03_20260817_0023.jpg,2026-08-17 09:28:35,TI-03,drone,saudavel,saudavel,0.9842,agrosmart-v1,simulado,sim-2026-08
b8e1ec02-f2aa-57e7-b5a7-d37d75871d61,TI-03_20260817_0024.jpg,2026-08-17 09:29:09,TI-03,drone,saudavel,saudavel,0.9601,agrosmart-v1,simulado,sim-2026-08
a6cbbdeb-6707-5cec-95e9-db4f396a755c,TI-03_20260817_0025.jpg,2026-08-17 09:29:44,TI-03,drone,saudavel,saudavel,0.9672,agrosmart-v1,simulado,sim-2026-08
71ef3a68-7451-58f5-a8bd-40edb1a7a033,TI-03_20260817_0026.jpg,2026-08-17 09:30:50,TI-03,drone,saudavel,saudavel,0.9619,agrosmart-v1,simulado,sim-2026-08
fe47480c-de65-5dd6-9237-6de1d7a9dd54,TI-03_20260817_0027.jpg,2026-08-17 09:31:05,TI-03,drone,doente,mosca_minadora,0.9987,agrosmart-v1,simulado,sim-2026-08
93261d14-f353-5053-a7fd-211518f99917,TI-03_20260817_0028.jpg,2026-08-17 09:31:41,TI-03,drone,saudavel,saudavel,0.9593,agrosmart-v1,simulado,sim-2026-08
4f016b4c-efe8-5cc0-a8ec-bd6d70734662,TI-03_20260817_0029.jpg,2026-08-17 09:32:33,TI-03,drone,saudavel,saudavel,0.8536,agrosmart-v1,simulado,sim-2026-08
584b0414-3114-5639-9b4f-9510eba68e93,TI-03_20260817_0030.jpg,2026-08-17 09:33:12,TI-03,drone,saudavel,saudavel,0.9993,agrosmart-v1,simulado,sim-2026-08
1445d9d5-f6c8-52be-a74a-1ac63e925c02,TI-03_20260817_0031.jpg,2026-08-17 09:34:00,TI-03,drone,saudavel,saudavel,0.9905,agrosmart-v1,simulado,sim-2026-08
3d4019a2-30cc-522f-8a50-68bbf4066448,TI-03_20260817_0032.jpg,2026-08-17 09:34:28,TI-03,drone,saudavel,saudavel,0.9809,agrosmart-v1,simulado,sim-2026-08
b0e1906d-0e33-528e-8b34-65b3bb22c580,TI-03_20260817_0033.jpg,2026-08-17 09:35:06,TI-03,drone,doente,mosca_minadora,0.9667,agrosmart-v1,simulado,sim-2026-08
1e2b7338-29f6-5e7c-98da-e949a916ef44,TI-03_20260817_0034.jpg,2026-08-17 09:35:54,TI-03,drone,saudavel,saudavel,0.9915,agrosmart-v1,simulado,sim-2026-08
da5868b3-bc69-5ef4-a07c-416fd8faad0a,TI-03_20260817_0035.jpg,2026-08-17 09:36:40,TI-03,drone,saudavel,saudavel,0.9079,agrosmart-v1,simulado,sim-2026-08
53efc48f-8513-501c-8f17-695803376056,TI-03_20260817_0036.jpg,2026-08-17 09:37:02,TI-03,drone,saudavel,saudavel,0.9659,agrosmart-v1,simulado,sim-2026-08
8b511add-7fbb-5b02-b402-8b6eb7bad172,TI-03_20260817_0037.jpg,2026-08-17 09:37:56,TI-03,drone,saudavel,saudavel,0.9964,agrosmart-v1,simulado,sim-2026-08
a998b3a7-fe0f-5303-ad58-7226c81d5b75,TI-03_20260817_0038.jpg,2026-08-17 09:38:35,TI-03,drone,saudavel,saudavel,1.0000,agrosmart-v1,simulado,sim-2026-08
f03a2763-30ae-5500-b95a-df8b378911c5,TI-03_20260817_0039.jpg,2026-08-17 09:39:20,TI-03,drone,saudavel,saudavel,0.8709,agrosmart-v1,simulado,sim-2026-08
187e359e-6821-57ff-9514-f0f0d8cf894b,BV-01_20260817_0001.jpg,2026-08-17 09:39:42,BV-01,smartphone,saudavel,saudavel,0.9696,agrosmart-v1,simulado,sim-2026-08
a9b2f892-27cb-50a0-87c7-558e4a51a5ee,TI-03_20260817_0040.jpg,2026-08-17 09:39:48,TI-03,drone,saudavel,saudavel,0.9239,agrosmart-v1,simulado,sim-2026-08
a249a3d5-99b8-5f1e-86a3-71744f053f46,BV-01_20260817_0002.jpg,2026-08-17 09:40:35,BV-01,smartphone,saudavel,saudavel,0.9981,agrosmart-v1,simulado,sim-2026-08
c5479694-ad36-58ec-a156-dd2a4c19e4b0,TI-03_20260817_0041.jpg,2026-08-17 09:40:35,TI-03,drone,saudavel,saudavel,0.9084,agrosmart-v1,simulado,sim-2026-08
1b7eafe9-09b5-5539-866a-9c288de1fb05,BV-01_20260817_0003.jpg,2026-08-17 09:41:29,BV-01,smartphone,saudavel,saudavel,0.9947,agrosmart-v1,simulado,sim-2026-08
88adfc18-20a0-5c47-9e10-5967b816eab2,BV-01_20260817_0004.jpg,2026-08-17 09:41:59,BV-01,smartphone,saudavel,saudavel,0.9284,agrosmart-v1,simulado,sim-2026-08
152a06ac-b888-5d24-81f6-f631e80039f8,TI-01_20260817_0001.jpg,2026-08-17 09:42:07,TI-01,drone,saudavel,saudavel,0.9854,agrosmart-v1,simulado,sim-2026-08
56b33b08-7cdc-55a7-bac3-083f0cc615f7,TI-01_20260817_0002.jpg,2026-08-17 09:42:47,TI-01,drone,saudavel,saudavel,0.8817,agrosmart-v1,simulado,sim-2026-08
5fb725b9-20a4-5439-8733-f20c1a13d2f0,BV-01_20260817_0005.jpg,2026-08-17 09:42:49,BV-01,smartphone,saudavel,saudavel,0.9134,agrosmart-v1,simulado,sim-2026-08
9e7d4098-3e8b-5f1a-ab66-42dff85ff7ea,TI-01_20260817_0003.jpg,2026-08-17 09:43:19,TI-01,drone,saudavel,saudavel,0.8605,agrosmart-v1,simulado,sim-2026-08
5133fc6c-b9bb-5b5a-8401-ddbbd12f97c7,BV-01_20260817_0006.jpg,2026-08-17 09:43:20,BV-01,smartphone,saudavel,saudavel,0.9149,agrosmart-v1,simulado,sim-2026-08
2134f953-1be5-5091-a1f7-7fee38dc9c1d,BV-01_20260817_0007.jpg,2026-08-17 09:44:01,BV-01,smartphone,saudavel,saudavel,0.9798,agrosmart-v1,simulado,sim-2026-08
19d6f1d2-10f7-5dcf-8c56-a05e1997adc9,TI-01_20260817_0004.jpg,2026-08-17 09:44:04,TI-01,drone,saudavel,saudavel,0.9788,agrosmart-v1,simulado,sim-2026-08
2bfe6a0d-2861-5f3c-b6fc-3ea710c99795,BV-01_20260817_0008.jpg,2026-08-17 09:44:38,BV-01,smartphone,saudavel,saudavel,0.9530,agrosmart-v1,simulado,sim-2026-08
f711d00e-1c89-51c9-80df-febb879ba75f,TI-01_20260817_0005.jpg,2026-08-17 09:44:43,TI-01,drone,saudavel,saudavel,0.9953,agrosmart-v1,simulado,sim-2026-08
7b2c62b8-219d-5e86-83c8-5038c06d53f8,TI-01_20260817_0006.jpg,2026-08-17 09:45:11,TI-01,drone,saudavel,saudavel,0.8705,agrosmart-v1,simulado,sim-2026-08
0c863b53-db22-5f51-a111-87796d9b30b3,BV-01_20260817_0009.jpg,2026-08-17 09:45:16,BV-01,smartphone,saudavel,saudavel,0.8242,agrosmart-v1,simulado,sim-2026-08
a5575d39-b3a3-588b-aa0d-fa1931ed7394,BV-01_20260817_0010.jpg,2026-08-17 09:45:59,BV-01,smartphone,saudavel,saudavel,0.9972,agrosmart-v1,simulado,sim-2026-08
5d532221-f22d-5418-862d-e044ea46c21a,TI-01_20260817_0007.jpg,2026-08-17 09:46:09,TI-01,drone,saudavel,saudavel,0.9967,agrosmart-v1,simulado,sim-2026-08
6816bbac-8ae9-568c-b9d6-ad387e8abb5f,BV-01_20260817_0011.jpg,2026-08-17 09:46:33,BV-01,smartphone,saudavel,saudavel,0.9309,agrosmart-v1,simulado,sim-2026-08
916f6103-894c-56b1-9e9c-c8cb7844bfbf,TI-01_20260817_0008.jpg,2026-08-17 09:46:49,TI-01,drone,saudavel,saudavel,0.9633,agrosmart-v1,simulado,sim-2026-08
01f6bc70-c7eb-5797-9d4b-61391fca40bf,TI-01_20260817_0009.jpg,2026-08-17 09:47:02,TI-01,drone,saudavel,saudavel,0.9668,agrosmart-v1,simulado,sim-2026-08
8cb6d2ee-64e2-59f8-a93a-c06b8d424ef9,BV-01_20260817_0012.jpg,2026-08-17 09:47:11,BV-01,smartphone,saudavel,saudavel,0.9927,agrosmart-v1,simulado,sim-2026-08
2b8dd87a-2c09-5f8e-85a6-95b0852dc5dd,TI-01_20260817_0010.jpg,2026-08-17 09:47:46,TI-01,drone,saudavel,saudavel,0.9419,agrosmart-v1,simulado,sim-2026-08
d27c4e31-ce47-5abb-8f3c-868386f68b03,BV-01_20260817_0013.jpg,2026-08-17 09:48:00,BV-01,smartphone,saudavel,saudavel,0.8465,agrosmart-v1,simulado,sim-2026-08
ee53a88f-bd8f-58a0-b6f0-f45137b95696,TI-01_20260817_0011.jpg,2026-08-17 09:48:24,TI-01,drone,saudavel,saudavel,0.9381,agrosmart-v1,simulado,sim-2026-08
67cbbad6-4c1b-5977-8245-45273eac7168,BV-01_20260817_0014.jpg,2026-08-17 09:48:50,BV-01,smartphone,saudavel,saudavel,0.8615,agrosmart-v1,simulado,sim-2026-08
b4d3d5fb-2ad0-5df8-931f-ca0bcd63235b,BV-01_20260817_0015.jpg,2026-08-17 09:49:10,BV-01,smartphone,saudavel,saudavel,0.8959,agrosmart-v1,simulado,sim-2026-08
4691fa88-310e-50fc-bf07-6ad7cfd1fd5e,TI-01_20260817_0012.jpg,2026-08-17 09:49:14,TI-01,drone,saudavel,saudavel,0.9859,agrosmart-v1,simulado,sim-2026-08
e96bf5a7-4782-5741-b104-f3c92060bb60,BV-01_20260817_0016.jpg,2026-08-17 09:49:53,BV-01,smartphone,saudavel,saudavel,0.9850,agrosmart-v1,simulado,sim-2026-08
ef01ed45-49be-5aac-a136-353400657c95,TI-01_20260817_0013.jpg,2026-08-17 09:50:00,TI-01,drone,saudavel,saudavel,0.9984,agrosmart-v1,simulado,sim-2026-08
c179182f-648b-5d6b-8390-5b3480ef8243,TI-01_20260817_0014.jpg,2026-08-17 09:50:25,TI-01,drone,saudavel,saudavel,0.9682,agrosmart-v1,simulado,sim-2026-08
42e3c8cc-3d33-539a-a427-08fc89469d8b,BV-01_20260817_0017.jpg,2026-08-17 09:50:47,BV-01,smartphone,doente,vaquinha,0.9789,agrosmart-v1,simulado,sim-2026-08
cf0fcba0-2a04-57d4-96e8-24b720b2601c,TI-01_20260817_0015.jpg,2026-08-17 09:51:00,TI-01,drone,saudavel,saudavel,0.8737,agrosmart-v1,simulado,sim-2026-08
9b7f2fc4-0a57-5526-8a08-11a513384201,BV-01_20260817_0018.jpg,2026-08-17 09:51:01,BV-01,smartphone,saudavel,saudavel,0.9204,agrosmart-v1,simulado,sim-2026-08
6c069486-2707-57b6-8a60-d9a8016f17ff,TI-01_20260817_0016.jpg,2026-08-17 09:51:53,TI-01,drone,saudavel,saudavel,0.8391,agrosmart-v1,simulado,sim-2026-08
0a83b2e3-d719-5916-aade-dc56a311ed3a,BV-01_20260817_0019.jpg,2026-08-17 09:52:01,BV-01,smartphone,saudavel,saudavel,0.9911,agrosmart-v1,simulado,sim-2026-08
015ecf08-1cd5-542d-9e8a-40a48536f5fa,TI-01_20260817_0017.jpg,2026-08-17 09:52:32,TI-01,drone,saudavel,saudavel,0.9243,agrosmart-v1,simulado,sim-2026-08
2b00db55-3849-523e-bcca-86e5e0fbe118,BV-01_20260817_0020.jpg,2026-08-17 09:52:36,BV-01,smartphone,saudavel,saudavel,0.9648,agrosmart-v1,simulado,sim-2026-08
6d7de3fc-bd15-590d-817b-27aaae6aa5a7,TI-01_20260817_0018.jpg,2026-08-17 09:53:00,TI-01,drone,saudavel,saudavel,0.9997,agrosmart-v1,simulado,sim-2026-08
4f6983a7-f1b7-5942-9573-f21934216277,BV-01_20260817_0021.jpg,2026-08-17 09:53:27,BV-01,smartphone,doente,requeima,0.8363,agrosmart-v1,simulado,sim-2026-08
a2f611d7-f279-5733-b96f-b57cf60f0343,BV-01_20260817_0022.jpg,2026-08-17 09:53:44,BV-01,smartphone,saudavel,saudavel,0.9972,agrosmart-v1,simulado,sim-2026-08
1f20db31-f4c2-5adc-89a6-5b73cab872e6,TI-01_20260817_0019.jpg,2026-08-17 09:53:47,TI-01,drone,saudavel,saudavel,0.9753,agrosmart-v1,simulado,sim-2026-08
5fd6504b-ec54-5a2b-9281-2d8418d42e4b,TI-01_20260817_0020.jpg,2026-08-17 09:54:24,TI-01,drone,saudavel,saudavel,0.8515,agrosmart-v1,simulado,sim-2026-08
03e0fe6b-e3c5-5bc4-9e40-cf86ca55199b,BV-01_20260817_0023.jpg,2026-08-17 09:54:37,BV-01,smartphone,saudavel,saudavel,0.8437,agrosmart-v1,simulado,sim-2026-08
7e9e6ac3-ade4-54b3-940c-07c71cba672f,BV-01_20260817_0024.jpg,2026-08-17 09:55:02,BV-01,smartphone,saudavel,saudavel,0.9607,agrosmart-v1,simulado,sim-2026-08
6934cc3e-077e-5058-9e58-c1ffb8be1983,TI-01_20260817_0021.jpg,2026-08-17 09:55:17,TI-01,drone,saudavel,saudavel,0.9549,agrosmart-v1,simulado,sim-2026-08
17164c51-060b-5d00-a4d4-9d6912cd9218,BV-01_20260817_0025.jpg,2026-08-17 09:55:46,BV-01,smartphone,saudavel,saudavel,0.9944,agrosmart-v1,simulado,sim-2026-08
fafe097f-98e2-59cd-b90f-fcfcef9f7f2f,TI-01_20260817_0022.jpg,2026-08-17 09:55:56,TI-01,drone,saudavel,saudavel,0.9028,agrosmart-v1,simulado,sim-2026-08
98ec6115-2633-5aeb-8b82-d4c201865fa2,TI-01_20260817_0023.jpg,2026-08-17 09:56:20,TI-01,drone,saudavel,saudavel,0.9971,agrosmart-v1,simulado,sim-2026-08
0f21641f-45c6-51b7-a7e8-0522ff79db82,BV-01_20260817_0026.jpg,2026-08-17 09:56:29,BV-01,smartphone,saudavel,saudavel,0.8314,agrosmart-v1,simulado,sim-2026-08
d01dce29-981d-5362-9c85-334c64ca32ec,BV-01_20260817_0027.jpg,2026-08-17 09:57:27,BV-01,smartphone,saudavel,saudavel,0.9988,agrosmart-v1,simulado,sim-2026-08
bcde1b9e-5203-526e-9bd7-1c0610cb7168,TI-01_20260817_0024.jpg,2026-08-17 09:57:28,TI-01,drone,saudavel,saudavel,0.9951,agrosmart-v1,simulado,sim-2026-08
ab4b3903-db90-5df9-a3b8-d8f9f88d9d8e,TI-01_20260817_0025.jpg,2026-08-17 09:57:51,TI-01,drone,saudavel,saudavel,0.9868,agrosmart-v1,simulado,sim-2026-08
72f888ad-340b-55e7-a4a3-5146b6e54c19,TI-01_20260817_0026.jpg,2026-08-17 09:58:39,TI-01,drone,saudavel,saudavel,0.9858,agrosmart-v1,simulado,sim-2026-08
4ed4e58f-6d6f-5d44-a873-7b2de47bbf3c,TI-01_20260817_0027.jpg,2026-08-17 09:59:15,TI-01,drone,saudavel,saudavel,0.9077,agrosmart-v1,simulado,sim-2026-08
b88bb7c4-47b7-5ec0-ad25-8205fc86b0a4,TI-01_20260817_0028.jpg,2026-08-17 09:59:51,TI-01,drone,saudavel,saudavel,0.9223,agrosmart-v1,simulado,sim-2026-08
70573d9c-8ff8-5e5b-baa9-1fc4184ee69c,TI-01_20260817_0029.jpg,2026-08-17 10:00:27,TI-01,drone,saudavel,saudavel,0.9796,agrosmart-v1,simulado,sim-2026-08
f9dc3d95-ac46-5971-826e-f117dc85e035,TI-01_20260817_0030.jpg,2026-08-17 10:01:20,TI-01,drone,saudavel,saudavel,1.0000,agrosmart-v1,simulado,sim-2026-08
8e2d737b-bbde-550e-b9b6-fadfbe099f60,TI-01_20260817_0031.jpg,2026-08-17 10:02:03,TI-01,drone,saudavel,saudavel,0.9993,agrosmart-v1,simulado,sim-2026-08
50b9208a-8c9b-5b08-967a-0a08b3411bd7,TI-01_20260817_0032.jpg,2026-08-17 10:02:45,TI-01,drone,saudavel,saudavel,0.9873,agrosmart-v1,simulado,sim-2026-08
8910eb8f-4228-566f-afbd-4dd228bd1cab,TI-01_20260817_0033.jpg,2026-08-17 10:03:26,TI-01,drone,saudavel,saudavel,0.8997,agrosmart-v1,simulado,sim-2026-08
91514c08-7332-5b3e-8d22-55519fab896d,TI-01_20260817_0034.jpg,2026-08-17 10:03:49,TI-01,drone,doente,pinta_preta,0.8352,agrosmart-v1,simulado,sim-2026-08
553a2d9e-7b5a-5a50-a0f1-4b4e1c977642,TI-01_20260817_0035.jpg,2026-08-17 10:04:28,TI-01,drone,saudavel,saudavel,0.9791,agrosmart-v1,simulado,sim-2026-08
b80f2b2e-7302-5cb6-9f0c-deca49bc6e24,TI-01_20260817_0036.jpg,2026-08-17 10:05:04,TI-01,drone,saudavel,saudavel,0.9432,agrosmart-v1,simulado,sim-2026-08
60e0cdf9-a2b1-5162-8fc1-1874f7a0021e,TI-01_20260817_0037.jpg,2026-08-17 10:06:02,TI-01,drone,saudavel,saudavel,1.0000,agrosmart-v1,simulado,sim-2026-08
f9559c3a-75b4-5bb2-a633-63ee1e1a894e,TI-01_20260817_0038.jpg,2026-08-17 10:06:40,TI-01,drone,saudavel,saudavel,0.8998,agrosmart-v1,simulado,sim-2026-08
1f24c54d-8d0f-5121-a138-83aacf6ffe1b,TI-01_20260817_0039.jpg,2026-08-17 10:07:24,TI-01,drone,saudavel,saudavel,0.8807,agrosmart-v1,simulado,sim-2026-08
df077038-ad2c-5b20-8aa6-e026111cdf94,TI-01_20260817_0040.jpg,2026-08-17 10:07:53,TI-01,drone,saudavel,saudavel,0.8632,agrosmart-v1,simulado,sim-2026-08
f37a413d-ad9c-5a6e-91ce-17fe174e66e1,TI-01_20260817_0041.jpg,2026-08-17 10:08:41,TI-01,drone,saudavel,saudavel,0.8449,agrosmart-v1,simulado,sim-2026-08
f54e75dc-f427-5ad5-8ec2-18df6f13f783,TI-01_20260817_0042.jpg,2026-08-17 10:09:05,TI-01,drone,saudavel,saudavel,0.9514,agrosmart-v1,simulado,sim-2026-08
33aca033-c0bc-5e51-98d5-c76461fab22a,TI-01_20260817_0043.jpg,2026-08-17 10:09:52,TI-01,drone,saudavel,saudavel,0.9987,agrosmart-v1,simulado,sim-2026-08
eb925394-71cf-5422-b10f-9e1b3e60c427,TI-01_20260817_0044.jpg,2026-08-17 10:10:39,TI-01,drone,saudavel,saudavel,0.9663,agrosmart-v1,simulado,sim-2026-08
60a496d1-ca9c-5d74-9c53-0d2ac508c908,TI-01_20260817_0045.jpg,2026-08-17 10:11:01,TI-01,drone,saudavel,saudavel,0.9517,agrosmart-v1,simulado,sim-2026-08
5e6f38e4-3d58-5e08-a73d-c26df762b061,TI-01_20260817_0046.jpg,2026-08-17 10:11:53,TI-01,drone,saudavel,saudavel,0.9068,agrosmart-v1,simulado,sim-2026-08
e8269936-883f-5ff9-ab54-40a31597243e,TI-02_20260819_0001.jpg,2026-08-19 08:03:10,TI-02,drone,saudavel,saudavel,0.9577,agrosmart-v1,simulado,sim-2026-08
570bac0a-43e6-5223-8a31-a8fbc46fdbfd,TI-02_20260819_0002.jpg,2026-08-19 08:03:30,TI-02,drone,saudavel,saudavel,0.8841,agrosmart-v1,simulado,sim-2026-08
c0a02636-13e2-52db-ac8f-fb1878789ef6,TI-02_20260819_0003.jpg,2026-08-19 08:04:02,TI-02,drone,saudavel,saudavel,1.0000,agrosmart-v1,simulado,sim-2026-08
e4efd0e7-d801-5781-88b1-c3f4f2f439bf,TI-02_20260819_0004.jpg,2026-08-19 08:04:46,TI-02,drone,saudavel,saudavel,0.8401,agrosmart-v1,simulado,sim-2026-08
f1dae602-f216-5e59-85ba-6dcbc2eb78ad,TI-02_20260819_0005.jpg,2026-08-19 08:05:31,TI-02,drone,saudavel,saudavel,0.9368,agrosmart-v1,simulado,sim-2026-08
1498db38-5f0e-5900-b79a-a893c8b7ae8a,TI-02_20260819_0006.jpg,2026-08-19 08:06:04,TI-02,drone,saudavel,saudavel,0.8933,agrosmart-v1,simulado,sim-2026-08
456374b8-2b54-54ee-b2b7-a2cef78660d1,TI-02_20260819_0007.jpg,2026-08-19 08:07:07,TI-02,drone,saudavel,saudavel,0.9947,agrosmart-v1,simulado,sim-2026-08
17a36b32-c5f9-5a2e-b58d-ba905f95d1ec,TI-02_20260819_0008.jpg,2026-08-19 08:07:45,TI-02,drone,saudavel,saudavel,0.9487,agrosmart-v1,simulado,sim-2026-08
0cb3e96c-f8ec-50cf-955a-f7e82677440d,TI-02_20260819_0009.jpg,2026-08-19 08:08:10,TI-02,drone,saudavel,saudavel,0.8721,agrosmart-v1,simulado,sim-2026-08
2b6db1a3-0438-5f7d-ae79-6d1f2b2a7150,TI-02_20260819_0010.jpg,2026-08-19 08:08:56,TI-02,drone,doente,pinta_preta,0.8552,agrosmart-v1,simulado,sim-2026-08
aa194cf5-5f4f-5cc4-9967-39a0e2ef73d0,TI-02_20260819_0011.jpg,2026-08-19 08:09:32,TI-02,drone,saudavel,saudavel,0.9339,agrosmart-v1,simulado,sim-2026-08
edc4f28c-345e-5e98-b4fe-2ec439251bd5,TI-02_20260819_0012.jpg,2026-08-19 08:10:12,TI-02,drone,saudavel,saudavel,0.8481,agrosmart-v1,simulado,sim-2026-08
6e5a844d-7814-5ca3-a1c9-af1e9b16de30,TI-02_20260819_0013.jpg,2026-08-19 08:10:56,TI-02,drone,saudavel,saudavel,0.9409,agrosmart-v1,simulado,sim-2026-08
f0116940-8617-51a8-9dcb-e0f06fc700c0,TI-02_20260819_0014.jpg,2026-08-19 08:11:37,TI-02,drone,saudavel,saudavel,0.9227,agrosmart-v1,simulado,sim-2026-08
ebfa3c2a-6b28-5f60-9e8c-bcba62a6c7a8,TI-02_20260819_0015.jpg,2026-08-19 08:12:26,TI-02,drone,saudavel,saudavel,0.8255,agrosmart-v1,simulado,sim-2026-08
bcb0417a-989a-5cdc-a827-9541289ee079,TI-02_20260819_0016.jpg,2026-08-19 08:12:59,TI-02,drone,saudavel,saudavel,0.8779,agrosmart-v1,simulado,sim-2026-08
d72380a3-1604-582d-a283-178838555bd8,TI-02_20260819_0017.jpg,2026-08-19 08:13:27,TI-02,drone,saudavel,saudavel,0.9487,agrosmart-v1,simulado,sim-2026-08
8b60496a-90d9-57ba-8fa0-a340fd9ae220,TI-02_20260819_0018.jpg,2026-08-19 08:14:20,TI-02,drone,saudavel,saudavel,0.9493,agrosmart-v1,simulado,sim-2026-08
ae24d9d9-77aa-5d04-a2fc-0f9ed9811306,TI-02_20260819_0019.jpg,2026-08-19 08:15:10,TI-02,drone,saudavel,saudavel,0.8245,agrosmart-v1,simulado,sim-2026-08
a6fb55b5-0a37-5e6e-b24e-0c8020bf47d0,TI-02_20260819_0020.jpg,2026-08-19 08:15:26,TI-02,drone,saudavel,saudavel,0.9977,agrosmart-v1,simulado,sim-2026-08
564284c9-eeea-5da0-ad88-0819a405b888,TI-02_20260819_0021.jpg,2026-08-19 08:16:23,TI-02,drone,saudavel,saudavel,0.6737,agrosmart-v1,simulado,sim-2026-08
bef5a791-7e37-5c57-84ed-36b139735efa,TI-02_20260819_0022.jpg,2026-08-19 08:17:08,TI-02,drone,saudavel,saudavel,0.8637,agrosmart-v1,simulado,sim-2026-08
e4aec03c-5395-5840-a45b-a24c25aca384,TI-02_20260819_0023.jpg,2026-08-19 08:17:31,TI-02,drone,doente,pinta_preta,0.9839,agrosmart-v1,simulado,sim-2026-08
cb28b16b-46d1-5f40-b4ac-c0d3f1376e61,TI-02_20260819_0024.jpg,2026-08-19 08:18:20,TI-02,drone,saudavel,saudavel,0.9956,agrosmart-v1,simulado,sim-2026-08
45827ffd-156c-599a-b6e8-349a793a1ea9,TI-02_20260819_0025.jpg,2026-08-19 08:18:50,TI-02,drone,saudavel,saudavel,0.9915,agrosmart-v1,simulado,sim-2026-08
6c690165-d2ff-533f-8c3c-0932d82b32c4,TI-02_20260819_0026.jpg,2026-08-19 08:19:38,TI-02,drone,doente,pinta_preta,0.8270,agrosmart-v1,simulado,sim-2026-08
2f1239b8-1031-5bc2-82a8-5303cb3c7ab0,TI-02_20260819_0027.jpg,2026-08-19 08:20:16,TI-02,drone,saudavel,saudavel,0.9993,agrosmart-v1,simulado,sim-2026-08
f6ff197b-086c-54ba-a1ad-1277590f2e5e,TI-02_20260819_0028.jpg,2026-08-19 08:20:58,TI-02,drone,saudavel,saudavel,0.8993,agrosmart-v1,simulado,sim-2026-08
9e6d3d52-385b-59f9-a407-593a10c88d9d,TI-02_20260819_0029.jpg,2026-08-19 08:21:43,TI-02,drone,saudavel,saudavel,0.8323,agrosmart-v1,simulado,sim-2026-08
31e6cb48-a679-5e65-8d2c-0eac11f59a54,TI-02_20260819_0030.jpg,2026-08-19 08:22:19,TI-02,drone,saudavel,saudavel,0.9197,agrosmart-v1,simulado,sim-2026-08
9952b4ba-d6cd-58f6-bd0a-bcf3db20fe61,TI-02_20260819_0031.jpg,2026-08-19 08:22:45,TI-02,drone,saudavel,saudavel,0.9171,agrosmart-v1,simulado,sim-2026-08
429fb2fa-e551-5ba6-a204-cca2d01e3308,TI-02_20260819_0032.jpg,2026-08-19 08:23:30,TI-02,drone,saudavel,saudavel,0.8559,agrosmart-v1,simulado,sim-2026-08
59082e81-84d4-5659-b6b9-b2e15ac9099a,TI-03_20260819_0001.jpg,2026-08-19 08:24:04,TI-03,drone,saudavel,saudavel,0.8709,agrosmart-v1,simulado,sim-2026-08
67f801b7-717c-5c42-8a22-621e6a9ac776,TI-02_20260819_0033.jpg,2026-08-19 08:24:22,TI-02,drone,saudavel,saudavel,0.8988,agrosmart-v1,simulado,sim-2026-08
439f6a3a-4fd7-527e-a6ec-c189de97e816,TI-03_20260819_0002.jpg,2026-08-19 08:24:41,TI-03,drone,saudavel,saudavel,0.8806,agrosmart-v1,simulado,sim-2026-08
029a149b-da39-55f4-bf2e-c666b90f4750,TI-02_20260819_0034.jpg,2026-08-19 08:25:06,TI-02,drone,saudavel,saudavel,0.9652,agrosmart-v1,simulado,sim-2026-08
f1eb8c98-e923-5899-a271-371c487f7b0a,TI-03_20260819_0003.jpg,2026-08-19 08:25:20,TI-03,drone,saudavel,saudavel,0.8392,agrosmart-v1,simulado,sim-2026-08
f2c2afe8-2cd0-590e-ae28-609e7ee63e81,TI-02_20260819_0035.jpg,2026-08-19 08:25:46,TI-02,drone,saudavel,saudavel,0.9998,agrosmart-v1,simulado,sim-2026-08
2f9b1297-ac9a-5b4b-b369-b5d5a8d1dc63,TI-03_20260819_0004.jpg,2026-08-19 08:25:49,TI-03,drone,saudavel,saudavel,0.9698,agrosmart-v1,simulado,sim-2026-08
11968d18-ed4c-5ca9-8cbf-5c3ca6acce75,TI-02_20260819_0036.jpg,2026-08-19 08:26:00,TI-02,drone,saudavel,saudavel,0.9484,agrosmart-v1,simulado,sim-2026-08
f2e4fb04-7e72-59f3-8bb3-c235290932f4,TI-03_20260819_0005.jpg,2026-08-19 08:26:43,TI-03,drone,saudavel,saudavel,0.9890,agrosmart-v1,simulado,sim-2026-08
c717d5e0-d85f-597e-a989-d9f40b63debc,TI-02_20260819_0037.jpg,2026-08-19 08:27:04,TI-02,drone,saudavel,saudavel,0.9443,agrosmart-v1,simulado,sim-2026-08
ce37c4d7-5887-5492-a214-1b7a8879c049,TI-03_20260819_0006.jpg,2026-08-19 08:27:12,TI-03,drone,saudavel,saudavel,0.9552,agrosmart-v1,simulado,sim-2026-08
db67bda6-017d-5919-81d6-938ffd0da8b2,TI-02_20260819_0038.jpg,2026-08-19 08:27:41,TI-02,drone,saudavel,saudavel,0.9804,agrosmart-v1,simulado,sim-2026-08
479e0fc0-01de-5def-8b5c-7df3980f5caa,TI-03_20260819_0007.jpg,2026-08-19 08:27:53,TI-03,drone,saudavel,saudavel,0.8476,agrosmart-v1,simulado,sim-2026-08
45290cee-a9f0-5706-9b5c-7edc555333ea,TI-02_20260819_0039.jpg,2026-08-19 08:28:09,TI-02,drone,saudavel,saudavel,0.9676,agrosmart-v1,simulado,sim-2026-08
b669fe29-f250-599a-92f2-6bea899c7168,TI-03_20260819_0008.jpg,2026-08-19 08:28:34,TI-03,drone,saudavel,saudavel,0.8489,agrosmart-v1,simulado,sim-2026-08
25abf14a-b7bb-5f8a-beef-1739033c427f,TI-02_20260819_0040.jpg,2026-08-19 08:28:44,TI-02,drone,saudavel,saudavel,0.9225,agrosmart-v1,simulado,sim-2026-08
fc5c3fa4-c32c-5379-b2bf-5a183fb5f8e5,TI-03_20260819_0009.jpg,2026-08-19 08:29:22,TI-03,drone,saudavel,saudavel,0.8533,agrosmart-v1,simulado,sim-2026-08
b5ecd291-3689-560b-8176-0fe5168437f9,TI-03_20260819_0010.jpg,2026-08-19 08:29:59,TI-03,drone,saudavel,saudavel,0.9076,agrosmart-v1,simulado,sim-2026-08
9ec68b31-3ae1-5215-9330-b11be8685295,TI-03_20260819_0011.jpg,2026-08-19 08:30:43,TI-03,drone,saudavel,saudavel,1.0000,agrosmart-v1,simulado,sim-2026-08
ee041c37-9b53-52b9-914e-4ae80214c177,TI-03_20260819_0012.jpg,2026-08-19 08:31:07,TI-03,drone,saudavel,saudavel,0.8889,agrosmart-v1,simulado,sim-2026-08
b35e78cf-ac6c-5a35-baf3-009a45c09f3a,TI-03_20260819_0013.jpg,2026-08-19 08:32:02,TI-03,drone,saudavel,saudavel,0.8746,agrosmart-v1,simulado,sim-2026-08
5aa0833b-63ca-53d1-b83c-597d2ab2d806,TI-03_20260819_0014.jpg,2026-08-19 08:32:25,TI-03,drone,saudavel,saudavel,0.9172,agrosmart-v1,simulado,sim-2026-08
e9adda89-ccdd-5247-b090-006e81827696,TI-03_20260819_0015.jpg,2026-08-19 08:33:04,TI-03,drone,saudavel,saudavel,0.9917,agrosmart-v1,simulado,sim-2026-08
d0eba5b9-454e-5a8e-b232-3d916978c43f,TI-03_20260819_0016.jpg,2026-08-19 08:33:58,TI-03,drone,saudavel,saudavel,0.8590,agrosmart-v1,simulado,sim-2026-08
5aad9344-cd82-50e6-a786-1c39a4da2377,TI-03_20260819_0017.jpg,2026-08-19 08:34:41,TI-03,drone,saudavel,saudavel,0.9496,agrosmart-v1,simulado,sim-2026-08
79a5da9f-890e-56c1-90ac-e65aeadf2bfd,TI-03_20260819_0018.jpg,2026-08-19 08:35:17,TI-03,drone,saudavel,saudavel,0.9417,agrosmart-v1,simulado,sim-2026-08
2fffc3de-b0ed-548b-a019-3942bf69ce21,TI-03_20260819_0019.jpg,2026-08-19 08:35:55,TI-03,drone,saudavel,saudavel,0.8636,agrosmart-v1,simulado,sim-2026-08
305d22f3-cf64-5e25-90b0-141601041ab0,TI-03_20260819_0020.jpg,2026-08-19 08:36:42,TI-03,drone,saudavel,saudavel,0.9982,agrosmart-v1,simulado,sim-2026-08
1ab7c011-cc86-5290-bc7c-18dd2dd4b400,TI-03_20260819_0021.jpg,2026-08-19 08:37:03,TI-03,drone,saudavel,saudavel,0.9946,agrosmart-v1,simulado,sim-2026-08
7c6afcf6-039f-5ceb-bfdd-c2384c38e455,TI-03_20260819_0022.jpg,2026-08-19 08:37:59,TI-03,drone,saudavel,saudavel,0.9896,agrosmart-v1,simulado,sim-2026-08
11dfb061-a2e6-5fd4-b10d-4f5a797cfa40,TI-03_20260819_0023.jpg,2026-08-19 08:38:21,TI-03,drone,saudavel,saudavel,0.9963,agrosmart-v1,simulado,sim-2026-08
b105373b-2dfd-54e8-bf1d-6b7018679bf9,TI-03_20260819_0024.jpg,2026-08-19 08:39:11,TI-03,drone,saudavel,saudavel,1.0000,agrosmart-v1,simulado,sim-2026-08
66e43625-f7a9-50e2-90ae-c851906bfdca,TI-03_20260819_0025.jpg,2026-08-19 08:39:57,TI-03,drone,saudavel,saudavel,0.8592,agrosmart-v1,simulado,sim-2026-08
cf908b65-9b01-5aa3-b0ae-165d637a508e,TI-03_20260819_0026.jpg,2026-08-19 08:40:36,TI-03,drone,saudavel,saudavel,0.9659,agrosmart-v1,simulado,sim-2026-08
c966f4ea-e65b-50ae-a047-2c601d4b9317,TI-03_20260819_0027.jpg,2026-08-19 08:41:25,TI-03,drone,saudavel,saudavel,0.9972,agrosmart-v1,simulado,sim-2026-08
34dc3c8e-b1ea-53c3-abe5-84ff58356f65,TI-03_20260819_0028.jpg,2026-08-19 08:42:07,TI-03,drone,saudavel,saudavel,0.9996,agrosmart-v1,simulado,sim-2026-08
7a878867-ce3d-5ba0-9870-709d6ee5efb0,TI-03_20260819_0029.jpg,2026-08-19 08:42:22,TI-03,drone,saudavel,saudavel,0.9413,agrosmart-v1,simulado,sim-2026-08
bfc6ea12-f375-597b-bd72-5301e7c9cb08,TI-03_20260819_0030.jpg,2026-08-19 08:43:09,TI-03,drone,saudavel,saudavel,0.9303,agrosmart-v1,simulado,sim-2026-08
f6166b19-81d0-517a-bb3d-27e578bbc55f,TI-03_20260819_0031.jpg,2026-08-19 08:43:52,TI-03,drone,saudavel,saudavel,0.9723,agrosmart-v1,simulado,sim-2026-08
730923db-d223-59d9-badc-cf0cde9810e3,TI-03_20260819_0032.jpg,2026-08-19 08:44:22,TI-03,drone,doente,pinta_preta,0.8835,agrosmart-v1,simulado,sim-2026-08
00a24070-a452-5a0d-a973-88f2ecd229e2,TI-03_20260819_0033.jpg,2026-08-19 08:45:13,TI-03,drone,saudavel,saudavel,0.5683,agrosmart-v1,simulado,sim-2026-08
b05be4ef-27a6-5bf3-8e92-7c61ed83d2dd,TI-03_20260819_0034.jpg,2026-08-19 08:46:01,TI-03,drone,saudavel,saudavel,0.9248,agrosmart-v1,simulado,sim-2026-08
c7f3a4a6-7e86-5cd3-adfa-906b0a327526,TI-03_20260819_0035.jpg,2026-08-19 08:46:46,TI-03,drone,saudavel,saudavel,0.8262,agrosmart-v1,simulado,sim-2026-08
a487b5c6-73b5-5eb2-bb43-f3f8a141b54c,TI-03_20260819_0036.jpg,2026-08-19 08:47:07,TI-03,drone,saudavel,saudavel,0.9682,agrosmart-v1,simulado,sim-2026-08
a5ecd652-7715-5550-adbb-ccc26fb1efac,TI-03_20260819_0037.jpg,2026-08-19 08:48:07,TI-03,drone,saudavel,saudavel,0.8716,agrosmart-v1,simulado,sim-2026-08
ad200459-46c7-51d0-b019-866a977093ed,TI-03_20260819_0038.jpg,2026-08-19 08:48:45,TI-03,drone,saudavel,saudavel,0.8419,agrosmart-v1,simulado,sim-2026-08
6e2d6f7b-4ec0-5fc0-85e1-41bdfb467f8a,TI-03_20260819_0039.jpg,2026-08-19 08:49:15,TI-03,drone,saudavel,saudavel,0.9480,agrosmart-v1,simulado,sim-2026-08
670c8017-31fb-5d67-a624-440ae66b7f17,BV-01_20260819_0001.jpg,2026-08-19 08:52:59,BV-01,smartphone,saudavel,saudavel,0.8959,agrosmart-v1,simulado,sim-2026-08
acc05086-e46b-596f-9f18-f40ca9217898,BV-01_20260819_0002.jpg,2026-08-19 08:53:45,BV-01,smartphone,saudavel,saudavel,0.8955,agrosmart-v1,simulado,sim-2026-08
dbbd561d-1468-5d8a-951f-d1c06af4f2bf,BV-01_20260819_0003.jpg,2026-08-19 08:54:02,BV-01,smartphone,saudavel,saudavel,0.8471,agrosmart-v1,simulado,sim-2026-08
60600f2e-b75d-59b4-9257-a92009dde3f1,BV-01_20260819_0004.jpg,2026-08-19 08:54:44,BV-01,smartphone,saudavel,saudavel,0.9944,agrosmart-v1,simulado,sim-2026-08
f2c8d748-cabe-5ff9-96b6-e6a1fb93451e,BV-01_20260819_0005.jpg,2026-08-19 08:55:29,BV-01,smartphone,saudavel,saudavel,0.9747,agrosmart-v1,simulado,sim-2026-08
679cd3f8-6ca5-5cf8-8f08-15b6910483bf,BV-01_20260819_0006.jpg,2026-08-19 08:56:02,BV-01,smartphone,saudavel,saudavel,0.9080,agrosmart-v1,simulado,sim-2026-08
c0e0eee4-b623-582c-a02b-3c64929fce49,BV-01_20260819_0007.jpg,2026-08-19 08:57:09,BV-01,smartphone,saudavel,saudavel,1.0000,agrosmart-v1,simulado,sim-2026-08
4f9ee80c-a91c-5dbb-a41a-95425acdc092,BV-01_20260819_0008.jpg,2026-08-19 08:57:43,BV-01,smartphone,saudavel,saudavel,0.9705,agrosmart-v1,simulado,sim-2026-08
06ba6d42-6d32-5109-a098-4c9d048e5d4f,BV-01_20260819_0009.jpg,2026-08-19 08:58:12,BV-01,smartphone,saudavel,saudavel,0.9749,agrosmart-v1,simulado,sim-2026-08
4b0478c1-05c1-5372-ab17-03229e8bc3f9,BV-01_20260819_0010.jpg,2026-08-19 08:59:00,BV-01,smartphone,saudavel,saudavel,0.9991,agrosmart-v1,simulado,sim-2026-08
0f1d17c5-78ac-5d1e-bc50-c1893d6bcbcc,BV-01_20260819_0011.jpg,2026-08-19 08:59:49,BV-01,smartphone,saudavel,saudavel,0.8436,agrosmart-v1,simulado,sim-2026-08
ba3fe059-b68b-53bf-b31b-67409874857b,BV-01_20260819_0012.jpg,2026-08-19 09:00:24,BV-01,smartphone,saudavel,saudavel,0.9883,agrosmart-v1,simulado,sim-2026-08
d09dfcaf-fd87-5d0a-9fa4-416bca70c897,BV-01_20260819_0013.jpg,2026-08-19 09:01:03,BV-01,smartphone,saudavel,saudavel,0.9095,agrosmart-v1,simulado,sim-2026-08
bd131461-06a7-5fbe-99e3-947830a756dc,BV-01_20260819_0014.jpg,2026-08-19 09:01:31,BV-01,smartphone,saudavel,saudavel,0.9237,agrosmart-v1,simulado,sim-2026-08
f902a8a4-a7fb-586f-8555-2c19b90c42a2,BV-01_20260819_0015.jpg,2026-08-19 09:02:23,BV-01,smartphone,saudavel,saudavel,0.9589,agrosmart-v1,simulado,sim-2026-08
c6c833a7-3e3a-54a9-8b85-42f7381a2a9c,BV-04_20260819_0001.jpg,2026-08-19 09:02:50,BV-04,smartphone,saudavel,saudavel,0.9998,agrosmart-v1,simulado,sim-2026-08
168b8aab-0cc9-52cd-ad5a-7dc871afb516,BV-01_20260819_0016.jpg,2026-08-19 09:02:51,BV-01,smartphone,saudavel,saudavel,0.9176,agrosmart-v1,simulado,sim-2026-08
1cb6dcbb-31a4-5671-9ca4-c82af90d8758,BV-04_20260819_0002.jpg,2026-08-19 09:03:26,BV-04,smartphone,saudavel,saudavel,0.9999,agrosmart-v1,simulado,sim-2026-08
90ab6757-ad1c-52b2-995c-f9d9456e5220,BV-01_20260819_0017.jpg,2026-08-19 09:03:40,BV-01,smartphone,saudavel,saudavel,0.9340,agrosmart-v1,simulado,sim-2026-08
c01e2809-a2a7-5cdd-a2a4-d05916f41177,BV-01_20260819_0018.jpg,2026-08-19 09:04:04,BV-01,smartphone,saudavel,saudavel,0.9347,agrosmart-v1,simulado,sim-2026-08
1057bfc0-5746-5cc5-9704-c7c2463adf34,BV-04_20260819_0003.jpg,2026-08-19 09:04:07,BV-04,smartphone,saudavel,saudavel,0.8851,agrosmart-v1,simulado,sim-2026-08
00c3267a-7c17-50e8-98f9-651c7d274ec6,BV-04_20260819_0004.jpg,2026-08-19 09:04:53,BV-04,smartphone,saudavel,saudavel,0.6531,agrosmart-v1,simulado,sim-2026-08
6bce6044-17b3-50c4-b1a1-4fcf4b7fd5f3,BV-01_20260819_0019.jpg,2026-08-19 09:05:06,BV-01,smartphone,saudavel,saudavel,0.9975,agrosmart-v1,simulado,sim-2026-08
8862bb22-3c4f-5370-89ad-55c28f5344ba,BV-04_20260819_0005.jpg,2026-08-19 09:05:36,BV-04,smartphone,saudavel,saudavel,0.9725,agrosmart-v1,simulado,sim-2026-08
5817b576-a1b3-5ff5-84b5-1d0afad3add2,BV-01_20260819_0020.jpg,2026-08-19 09:05:42,BV-01,smartphone,saudavel,saudavel,0.9715,agrosmart-v1,simulado,sim-2026-08
3a488216-cf7a-5ab5-bd71-7325e7f01d45,BV-04_20260819_0006.jpg,2026-08-19 09:06:22,BV-04,smartphone,saudavel,saudavel,0.9784,agrosmart-v1,simulado,sim-2026-08
5e226457-8bb2-5e1d-918e-c0d1c9997ccb,BV-01_20260819_0021.jpg,2026-08-19 09:06:28,BV-01,smartphone,saudavel,saudavel,0.8510,agrosmart-v1,simulado,sim-2026-08
e3943c7a-025a-53ae-8383-2219bf98868b,BV-01_20260819_0022.jpg,2026-08-19 09:06:45,BV-01,smartphone,saudavel,saudavel,0.9885,agrosmart-v1,simulado,sim-2026-08
486df412-e516-520e-9959-5675e65381f5,BV-04_20260819_0007.jpg,2026-08-19 09:06:51,BV-04,smartphone,saudavel,saudavel,0.9232,agrosmart-v1,simulado,sim-2026-08
72b8b69f-7026-5975-9524-34dbe92ada84,BV-04_20260819_0008.jpg,2026-08-19 09:07:22,BV-04,smartphone,saudavel,saudavel,0.8972,agrosmart-v1,simulado,sim-2026-08
63944888-da79-57ec-aabf-e9bf17b95927,BV-01_20260819_0023.jpg,2026-08-19 09:07:50,BV-01,smartphone,saudavel,saudavel,0.8585,agrosmart-v1,simulado,sim-2026-08
84f0cbd3-61a8-5b9c-a214-ef69dd63e2b0,BV-04_20260819_0009.jpg,2026-08-19 09:08:12,BV-04,smartphone,saudavel,saudavel,0.5729,agrosmart-v1,simulado,sim-2026-08
8c645545-9046-5097-95fb-ae8b8afd0769,BV-01_20260819_0024.jpg,2026-08-19 09:08:23,BV-01,smartphone,saudavel,saudavel,0.8617,agrosmart-v1,simulado,sim-2026-08
1bcf47b1-ae77-58cb-af0c-4277ca9a1a03,BV-01_20260819_0025.jpg,2026-08-19 09:08:42,BV-01,smartphone,saudavel,saudavel,0.9410,agrosmart-v1,simulado,sim-2026-08
b29ca0b1-6381-5d93-951e-a4dc2fc472a8,BV-04_20260819_0010.jpg,2026-08-19 09:09:00,BV-04,smartphone,saudavel,saudavel,0.9989,agrosmart-v1,simulado,sim-2026-08
91252b18-2628-5763-888d-2b28762b9ac0,BV-01_20260819_0026.jpg,2026-08-19 09:09:46,BV-01,smartphone,saudavel,saudavel,0.8991,agrosmart-v1,simulado,sim-2026-08
f5203313-c387-5a96-ad8e-5781f1a011fa,BV-04_20260819_0011.jpg,2026-08-19 09:09:47,BV-04,smartphone,saudavel,saudavel,0.8283,agrosmart-v1,simulado,sim-2026-08
a15b24a4-cc93-524c-981f-576d7fd85a97,BV-04_20260819_0012.jpg,2026-08-19 09:10:24,BV-04,smartphone,saudavel,saudavel,0.8974,agrosmart-v1,simulado,sim-2026-08
647514e1-979b-5f4a-a4ae-9a6f8348dca8,BV-04_20260819_0013.jpg,2026-08-19 09:10:40,BV-04,smartphone,saudavel,saudavel,0.8961,agrosmart-v1,simulado,sim-2026-08
150aaef2-0ffb-5e5f-8581-3f778a77deaa,SC-04_20260819_0001.jpg,2026-08-19 09:11:07,SC-04,smartphone,saudavel,saudavel,0.8426,agrosmart-v1,simulado,sim-2026-08
6794a859-4354-533b-9ca4-f6b5d790f2ae,BV-04_20260819_0014.jpg,2026-08-19 09:11:32,BV-04,smartphone,saudavel,saudavel,0.9924,agrosmart-v1,simulado,sim-2026-08
9f8f70d3-6d74-5f77-931f-bcc7f56d4442,SC-04_20260819_0002.jpg,2026-08-19 09:11:35,SC-04,smartphone,saudavel,saudavel,0.9535,agrosmart-v1,simulado,sim-2026-08
e7fdad85-a5a3-58c0-8492-675c6757893c,SC-04_20260819_0003.jpg,2026-08-19 09:12:07,SC-04,smartphone,saudavel,saudavel,0.8892,agrosmart-v1,simulado,sim-2026-08
8c03feaa-fc1b-5ba4-8ecc-20152ec37601,BV-04_20260819_0015.jpg,2026-08-19 09:12:27,BV-04,smartphone,saudavel,saudavel,1.0000,agrosmart-v1,simulado,sim-2026-08
61ca533a-b24b-5b64-acd5-c7eef6f7945f,SC-04_20260819_0004.jpg,2026-08-19 09:12:40,SC-04,smartphone,saudavel,saudavel,0.9208,agrosmart-v1,simulado,sim-2026-08
aeed2e8c-11ed-5ba6-bbd0-a1ed49a356a8,BV-04_20260819_0016.jpg,2026-08-19 09:12:48,BV-04,smartphone,saudavel,saudavel,0.9358,agrosmart-v1,simulado,sim-2026-08
d977d4fb-3242-5b44-938d-c7d003d9b97e,SC-04_20260819_0005.jpg,2026-08-19 09:13:26,SC-04,smartphone,saudavel,saudavel,0.9561,agrosmart-v1,simulado,sim-2026-08
5ea03291-1d50-574f-8470-afe3a8dbf794,BV-04_20260819_0017.jpg,2026-08-19 09:13:32,BV-04,smartphone,saudavel,saudavel,0.9342,agrosmart-v1,simulado,sim-2026-08
8284fad3-3cbe-526a-9fc4-aab506968b5c,BV-04_20260819_0018.jpg,2026-08-19 09:14:04,BV-04,smartphone,saudavel,saudavel,0.9889,agrosmart-v1,simulado,sim-2026-08
d1347f01-001a-5ec4-95b4-ae73527b7c2c,SC-04_20260819_0006.jpg,2026-08-19 09:14:12,SC-04,smartphone,saudavel,saudavel,0.9442,agrosmart-v1,simulado,sim-2026-08
ab52bea1-5f2e-5a4d-8d83-be2693cba510,TI-04_20260819_0001.jpg,2026-08-19 09:14:40,TI-04,drone,saudavel,saudavel,0.9385,agrosmart-v1,simulado,sim-2026-08
74dddf41-8166-5743-ba52-3726d12f5f57,BV-04_20260819_0019.jpg,2026-08-19 09:14:41,BV-04,smartphone,saudavel,saudavel,0.5492,agrosmart-v1,simulado,sim-2026-08
9d563a80-b2b5-5d27-b384-9be626ae8ad8,SC-04_20260819_0007.jpg,2026-08-19 09:15:06,SC-04,smartphone,saudavel,saudavel,0.9567,agrosmart-v1,simulado,sim-2026-08
63c2cdd2-f359-5d55-8734-c23e674bf775,TI-04_20260819_0002.jpg,2026-08-19 09:15:21,TI-04,drone,saudavel,saudavel,0.8815,agrosmart-v1,simulado,sim-2026-08
f9d3a3f6-00f5-5c86-9a84-91c4fe2ef36c,SC-04_20260819_0008.jpg,2026-08-19 09:15:28,SC-04,smartphone,saudavel,saudavel,1.0000,agrosmart-v1,simulado,sim-2026-08
86130184-000a-5588-ad16-2aee662be4cb,BV-04_20260819_0020.jpg,2026-08-19 09:15:36,BV-04,smartphone,saudavel,saudavel,0.8901,agrosmart-v1,simulado,sim-2026-08
cad2ea8c-73bc-5b26-936a-5b2d0ed501ab,TI-04_20260819_0003.jpg,2026-08-19 09:16:08,TI-04,drone,saudavel,saudavel,0.9941,agrosmart-v1,simulado,sim-2026-08
a0e05652-bc4d-5064-a411-3020d0aa095a,SC-04_20260819_0009.jpg,2026-08-19 09:16:18,SC-04,smartphone,saudavel,saudavel,0.9248,agrosmart-v1,simulado,sim-2026-08
5f2bbbac-458e-58e8-94dc-ccc80c6ea598,BV-04_20260819_0021.jpg,2026-08-19 09:16:27,BV-04,smartphone,saudavel,saudavel,0.9865,agrosmart-v1,simulado,sim-2026-08
a3c40608-04bc-5084-8879-9db1ad654af5,BV-04_20260819_0022.jpg,2026-08-19 09:16:53,BV-04,smartphone,saudavel,saudavel,0.9940,agrosmart-v1,simulado,sim-2026-08
d3df89a3-9c05-5ee5-9ded-bbcb46536514,TI-04_20260819_0004.jpg,2026-08-19 09:16:53,TI-04,drone,doente,mosca_minadora,0.8550,agrosmart-v1,simulado,sim-2026-08
9bd9b17d-3c89-54c0-8655-e1a6efc14794,BV-03_20260819_0001.jpg,2026-08-19 09:17:00,BV-03,smartphone,saudavel,saudavel,0.9966,agrosmart-v1,simulado,sim-2026-08
ec4dc533-9c61-549d-9839-ce4b4e739a5d,SC-04_20260819_0010.jpg,2026-08-19 09:17:09,SC-04,smartphone,saudavel,saudavel,0.7001,agrosmart-v1,simulado,sim-2026-08
f591c0a6-6d93-58b4-a802-ea0ace6777f7,SC-04_20260819_0011.jpg,2026-08-19 09:17:39,SC-04,smartphone,saudavel,saudavel,0.9999,agrosmart-v1,simulado,sim-2026-08
3f063938-6f27-55f2-b59b-ee014b528c1e,BV-03_20260819_0002.jpg,2026-08-19 09:17:42,BV-03,smartphone,saudavel,saudavel,0.8445,agrosmart-v1,simulado,sim-2026-08
6ffc1d28-e183-5bce-a716-53c5fc861d01,TI-04_20260819_0005.jpg,2026-08-19 09:17:45,TI-04,drone,saudavel,saudavel,0.9471,agrosmart-v1,simulado,sim-2026-08
1630b3a3-2bbe-56b2-8788-e385f068cf30,BV-04_20260819_0023.jpg,2026-08-19 09:17:47,BV-04,smartphone,saudavel,saudavel,0.8980,agrosmart-v1,simulado,sim-2026-08
7925fcbf-d442-5c5f-82e0-c883420d8659,TI-04_20260819_0006.jpg,2026-08-19 09:18:05,TI-04,drone,saudavel,saudavel,0.9414,agrosmart-v1,simulado,sim-2026-08
120f3bd3-d687-5cf3-b108-92f7044b6d13,BV-03_20260819_0003.jpg,2026-08-19 09:18:13,BV-03,smartphone,saudavel,saudavel,0.9532,agrosmart-v1,simulado,sim-2026-08
041f0984-1f17-57e5-8a84-07b4a8137d9f,BV-04_20260819_0024.jpg,2026-08-19 09:18:17,BV-04,smartphone,saudavel,saudavel,0.9845,agrosmart-v1,simulado,sim-2026-08
6740fd25-9979-5d96-906a-98abad938ee5,SC-04_20260819_0012.jpg,2026-08-19 09:18:23,SC-04,smartphone,saudavel,saudavel,0.9806,agrosmart-v1,simulado,sim-2026-08
3062fa70-aea2-58c9-8c65-76e5e8f23ca4,BV-03_20260819_0004.jpg,2026-08-19 09:18:49,BV-03,smartphone,saudavel,saudavel,0.9937,agrosmart-v1,simulado,sim-2026-08
32cd0540-77e2-5132-8d40-ddd251f4a6ff,TI-04_20260819_0007.jpg,2026-08-19 09:18:56,TI-04,drone,saudavel,saudavel,0.9941,agrosmart-v1,simulado,sim-2026-08
71ea6682-b540-57b1-929f-ceb924935749,BV-04_20260819_0025.jpg,2026-08-19 09:18:57,BV-04,smartphone,saudavel,saudavel,0.9451,agrosmart-v1,simulado,sim-2026-08
e4c476fe-8f9c-5309-8e44-4db9bb085cc6,SC-04_20260819_0013.jpg,2026-08-19 09:18:58,SC-04,smartphone,saudavel,saudavel,1.0000,agrosmart-v1,simulado,sim-2026-08
77372a2e-f445-5957-bcae-b84b8a730591,SC-04_20260819_0014.jpg,2026-08-19 09:19:27,SC-04,smartphone,saudavel,saudavel,0.9683,agrosmart-v1,simulado,sim-2026-08
cf1ba4a0-5ac3-58cd-9134-251e77eba484,BV-03_20260819_0005.jpg,2026-08-19 09:19:37,BV-03,smartphone,saudavel,saudavel,0.9989,agrosmart-v1,simulado,sim-2026-08
a7be7cc9-714e-5818-9471-1a1adc5d64ea,TI-04_20260819_0008.jpg,2026-08-19 09:19:38,TI-04,drone,saudavel,saudavel,0.9912,agrosmart-v1,simulado,sim-2026-08
1ec3b31b-e57a-5386-a833-8b8827028370,BV-04_20260819_0026.jpg,2026-08-19 09:19:40,BV-04,smartphone,saudavel,saudavel,0.9606,agrosmart-v1,simulado,sim-2026-08
616d0497-fe6f-501c-84f5-bd5890e3da05,SC-04_20260819_0015.jpg,2026-08-19 09:20:05,SC-04,smartphone,saudavel,saudavel,1.0000,agrosmart-v1,simulado,sim-2026-08
a97cdf2a-fa97-57f8-b775-d204d140f4a0,TI-04_20260819_0009.jpg,2026-08-19 09:20:11,TI-04,drone,saudavel,saudavel,0.9505,agrosmart-v1,simulado,sim-2026-08
240c20ed-5cf9-50b3-82a0-0819b5905569,BV-03_20260819_0006.jpg,2026-08-19 09:20:15,BV-03,smartphone,saudavel,saudavel,0.8304,agrosmart-v1,simulado,sim-2026-08
649955bf-b6e3-5358-b319-75b8b3e1c8c2,SC-04_20260819_0016.jpg,2026-08-19 09:20:40,SC-04,smartphone,saudavel,saudavel,0.9997,agrosmart-v1,simulado,sim-2026-08
83430cd4-43ca-5ed0-a667-1999e0ac5ce6,TI-04_20260819_0010.jpg,2026-08-19 09:20:51,TI-04,drone,saudavel,saudavel,0.9456,agrosmart-v1,simulado,sim-2026-08
deb7bcb8-0e16-50ac-a33e-4eca8bb1c667,BV-03_20260819_0007.jpg,2026-08-19 09:20:52,BV-03,smartphone,saudavel,saudavel,0.9399,agrosmart-v1,simulado,sim-2026-08
297a96dd-b4fe-53b0-abcc-2c9feeaf04ea,BV-03_20260819_0008.jpg,2026-08-19 09:21:27,BV-03,smartphone,saudavel,saudavel,0.9975,agrosmart-v1,simulado,sim-2026-08
b8e9bbc4-9610-5772-a237-eb56c488e58b,SC-04_20260819_0017.jpg,2026-08-19 09:21:39,SC-04,smartphone,saudavel,saudavel,0.8830,agrosmart-v1,simulado,sim-2026-08
c5632c03-1481-51e0-9016-e20c7c1a1553,TI-04_20260819_0011.jpg,2026-08-19 09:21:39,TI-04,drone,saudavel,saudavel,0.6503,agrosmart-v1,simulado,sim-2026-08
2adb634c-b94d-5bef-b643-7d6790cb14b8,BV-03_20260819_0009.jpg,2026-08-19 09:22:01,BV-03,smartphone,saudavel,saudavel,0.9898,agrosmart-v1,simulado,sim-2026-08
5519bb3d-5409-5053-80e8-8f3cf4b3d833,SC-04_20260819_0018.jpg,2026-08-19 09:22:19,SC-04,smartphone,saudavel,saudavel,0.9892,agrosmart-v1,simulado,sim-2026-08
ca4ad57f-e943-5fbf-8951-4f5cb8b49981,TI-04_20260819_0012.jpg,2026-08-19 09:22:24,TI-04,drone,saudavel,saudavel,0.9771,agrosmart-v1,simulado,sim-2026-08
41069692-c18a-5c1f-a8e5-1e60ab5862f1,TI-04_20260819_0013.jpg,2026-08-19 09:22:41,TI-04,drone,saudavel,saudavel,0.9775,agrosmart-v1,simulado,sim-2026-08
1e992406-0842-5313-9ea1-f5f89f44cc84,BV-03_20260819_0010.jpg,2026-08-19 09:22:46,BV-03,smartphone,saudavel,saudavel,0.9696,agrosmart-v1,simulado,sim-2026-08
8a958e39-4e7f-51cf-aeb6-ae974b144c8a,SC-04_20260819_0019.jpg,2026-08-19 09:23:08,SC-04,smartphone,saudavel,saudavel,0.9580,agrosmart-v1,simulado,sim-2026-08
bbedd4f4-0663-59ff-ad4e-ae663a67d256,SC-04_20260819_0020.jpg,2026-08-19 09:23:20,SC-04,smartphone,saudavel,saudavel,0.9440,agrosmart-v1,simulado,sim-2026-08
3551b7cf-5558-55c9-8c7b-cde267a33c0f,TI-04_20260819_0014.jpg,2026-08-19 09:23:36,TI-04,drone,saudavel,saudavel,0.9348,agrosmart-v1,simulado,sim-2026-08
358d1c6b-21fd-5425-bed5-f2c70ef5c1cc,BV-03_20260819_0011.jpg,2026-08-19 09:23:50,BV-03,smartphone,saudavel,saudavel,0.9728,agrosmart-v1,simulado,sim-2026-08
b13c94d1-02f9-57d9-8306-5cccce6deba8,BV-03_20260819_0012.jpg,2026-08-19 09:24:08,BV-03,smartphone,saudavel,saudavel,0.9795,agrosmart-v1,simulado,sim-2026-08
e1ef7f5c-0bc4-5c69-9e30-b639eaec965b,TI-04_20260819_0015.jpg,2026-08-19 09:24:09,TI-04,drone,saudavel,saudavel,0.9598,agrosmart-v1,simulado,sim-2026-08
29819b28-eafd-5e5b-bae2-ed9b57d342cd,SC-04_20260819_0021.jpg,2026-08-19 09:24:18,SC-04,smartphone,saudavel,saudavel,0.9224,agrosmart-v1,simulado,sim-2026-08
b049bcc0-71c4-5ab0-9200-8efef891b6a0,BV-03_20260819_0013.jpg,2026-08-19 09:24:45,BV-03,smartphone,saudavel,saudavel,0.9556,agrosmart-v1,simulado,sim-2026-08
ff253b95-a862-5a1d-814f-9a8287f8f17a,TI-04_20260819_0016.jpg,2026-08-19 09:24:47,TI-04,drone,saudavel,saudavel,1.0000,agrosmart-v1,simulado,sim-2026-08
41b8af7b-3d46-539f-963f-2dbfecb80f17,SC-04_20260819_0022.jpg,2026-08-19 09:25:01,SC-04,smartphone,saudavel,saudavel,0.9763,agrosmart-v1,simulado,sim-2026-08
4fc9f7c9-3354-5be1-a46c-4230eac79abc,BV-03_20260819_0014.jpg,2026-08-19 09:25:22,BV-03,smartphone,saudavel,saudavel,0.6909,agrosmart-v1,simulado,sim-2026-08
156d75bb-c876-5c72-819b-d825b2ae0a87,SC-04_20260819_0023.jpg,2026-08-19 09:25:30,SC-04,smartphone,saudavel,saudavel,0.8993,agrosmart-v1,simulado,sim-2026-08
7400eae9-7f63-5d72-80de-0ddfd49b6550,TI-04_20260819_0017.jpg,2026-08-19 09:25:38,TI-04,drone,saudavel,saudavel,0.9991,agrosmart-v1,simulado,sim-2026-08
51c04f11-72cf-5922-8c24-e63ead93b92e,SC-04_20260819_0024.jpg,2026-08-19 09:26:06,SC-04,smartphone,saudavel,saudavel,0.9144,agrosmart-v1,simulado,sim-2026-08
76d2bc3c-360d-5424-be23-dc37eab79014,BV-03_20260819_0015.jpg,2026-08-19 09:26:23,BV-03,smartphone,saudavel,saudavel,0.8429,agrosmart-v1,simulado,sim-2026-08
4b27525b-23a3-5555-aaa6-cad5767d0887,TI-04_20260819_0018.jpg,2026-08-19 09:26:27,TI-04,drone,saudavel,saudavel,0.8440,agrosmart-v1,simulado,sim-2026-08
f7d98530-b5a1-5bb3-b027-4c068a507cc4,SC-04_20260819_0025.jpg,2026-08-19 09:26:44,SC-04,smartphone,saudavel,saudavel,0.9901,agrosmart-v1,simulado,sim-2026-08
e949b5f6-e7c0-5403-b957-14b8198698b8,BV-03_20260819_0016.jpg,2026-08-19 09:26:57,BV-03,smartphone,saudavel,saudavel,0.9322,agrosmart-v1,simulado,sim-2026-08
f5bc902e-72eb-54c0-8932-55dd12875612,TI-04_20260819_0019.jpg,2026-08-19 09:27:05,TI-04,drone,saudavel,saudavel,0.9297,agrosmart-v1,simulado,sim-2026-08
d4af3c48-dad8-59c5-b586-d97d549da1a3,TI-04_20260819_0020.jpg,2026-08-19 09:27:37,TI-04,drone,doente,mosca_minadora,0.9949,agrosmart-v1,simulado,sim-2026-08
a3b48e36-1a82-5c6a-8cc8-eea7bf7561ec,SC-04_20260819_0026.jpg,2026-08-19 09:27:46,SC-04,smartphone,saudavel,saudavel,1.0000,agrosmart-v1,simulado,sim-2026-08
19b195df-57a3-501a-9a1f-53b3e498ee90,BV-03_20260819_0017.jpg,2026-08-19 09:27:49,BV-03,smartphone,saudavel,saudavel,0.9673,agrosmart-v1,simulado,sim-2026-08
32bcfbe8-e5b7-5839-b684-0df5f1ee525c,TI-04_20260819_0021.jpg,2026-08-19 09:28:01,TI-04,drone,saudavel,saudavel,0.8900,agrosmart-v1,simulado,sim-2026-08
67ccbc9d-8c39-5b06-835a-120eec7279f2,SC-04_20260819_0027.jpg,2026-08-19 09:28:08,SC-04,smartphone,saudavel,saudavel,0.8699,agrosmart-v1,simulado,sim-2026-08
5525f5d8-2bfe-5855-bf79-93b2be9b108d,BV-03_20260819_0018.jpg,2026-08-19 09:28:16,BV-03,smartphone,saudavel,saudavel,0.8377,agrosmart-v1,simulado,sim-2026-08
03c171b4-5656-574d-a4d3-e798eedfb843,BV-03_20260819_0019.jpg,2026-08-19 09:28:41,BV-03,smartphone,saudavel,saudavel,0.9980,agrosmart-v1,simulado,sim-2026-08
db7fbf21-7beb-5a14-9e2b-38d91a3ca0cb,SC-04_20260819_0028.jpg,2026-08-19 09:28:53,SC-04,smartphone,saudavel,saudavel,0.9966,agrosmart-v1,simulado,sim-2026-08
906a4103-fcf6-5344-994d-22a2927949fe,TI-04_20260819_0022.jpg,2026-08-19 09:28:56,TI-04,drone,saudavel,saudavel,0.9704,agrosmart-v1,simulado,sim-2026-08
cfcc580f-49d7-5246-bcaf-5b0c661b165d,TI-04_20260819_0023.jpg,2026-08-19 09:29:32,TI-04,drone,saudavel,saudavel,0.9955,agrosmart-v1,simulado,sim-2026-08
424eb11c-0e0a-554f-89c3-0c7601311e50,BV-03_20260819_0020.jpg,2026-08-19 09:29:42,BV-03,smartphone,saudavel,saudavel,0.9663,agrosmart-v1,simulado,sim-2026-08
5112511a-8586-578e-abe5-2dddd9462622,SC-04_20260819_0029.jpg,2026-08-19 09:29:48,SC-04,smartphone,saudavel,saudavel,0.8455,agrosmart-v1,simulado,sim-2026-08
94456b81-c69e-58e4-964c-a3d2b56bc98f,TI-04_20260819_0024.jpg,2026-08-19 09:30:07,TI-04,drone,saudavel,saudavel,0.9979,agrosmart-v1,simulado,sim-2026-08
cf79a502-f455-552b-a2d6-c4acb7e7faac,SC-04_20260819_0030.jpg,2026-08-19 09:30:15,SC-04,smartphone,saudavel,saudavel,0.9379,agrosmart-v1,simulado,sim-2026-08
afd47c97-b33e-5875-a14b-c0f4098ac8c7,BV-03_20260819_0021.jpg,2026-08-19 09:30:21,BV-03,smartphone,saudavel,saudavel,0.9922,agrosmart-v1,simulado,sim-2026-08
efa7dcf3-c099-54c7-bf81-640c48797bcf,TI-04_20260819_0025.jpg,2026-08-19 09:30:42,TI-04,drone,doente,mosca_minadora,0.9363,agrosmart-v1,simulado,sim-2026-08
5e1479a6-4f9b-52a2-9fa9-5bf100ac4e0b,BV-03_20260819_0022.jpg,2026-08-19 09:30:56,BV-03,smartphone,saudavel,saudavel,0.9962,agrosmart-v1,simulado,sim-2026-08
470c3087-a090-5a81-b56f-e0af4f043b5f,TI-04_20260819_0026.jpg,2026-08-19 09:31:31,TI-04,drone,saudavel,saudavel,0.9999,agrosmart-v1,simulado,sim-2026-08
13347da9-eff8-5ecb-a070-8acae6f07443,BV-03_20260819_0023.jpg,2026-08-19 09:31:34,BV-03,smartphone,saudavel,saudavel,0.9987,agrosmart-v1,simulado,sim-2026-08
a9dcc19b-dba8-5b91-ab86-b1d44ac82f44,BV-03_20260819_0024.jpg,2026-08-19 09:32:12,BV-03,smartphone,saudavel,saudavel,0.9231,agrosmart-v1,simulado,sim-2026-08
47323fe8-89b0-5f42-8be6-57b508eb49e2,TI-04_20260819_0027.jpg,2026-08-19 09:32:12,TI-04,drone,saudavel,saudavel,0.9600,agrosmart-v1,simulado,sim-2026-08
91a209e5-d6bb-5060-a52d-cb5a9bd9b4e1,BV-03_20260819_0025.jpg,2026-08-19 09:32:40,BV-03,smartphone,saudavel,saudavel,0.8625,agrosmart-v1,simulado,sim-2026-08
f17a28ff-3073-571b-9259-bdd4a31f5013,TI-04_20260819_0028.jpg,2026-08-19 09:32:44,TI-04,drone,saudavel,saudavel,0.8255,agrosmart-v1,simulado,sim-2026-08
2d7a58ee-bb98-5dc4-b4ea-df52d9ea8ad7,TI-04_20260819_0029.jpg,2026-08-19 09:33:21,TI-04,drone,saudavel,saudavel,0.9542,agrosmart-v1,simulado,sim-2026-08
94cda86c-a5d0-5f9b-89d1-57f1df38c784,BV-03_20260819_0026.jpg,2026-08-19 09:33:41,BV-03,smartphone,saudavel,saudavel,0.9844,agrosmart-v1,simulado,sim-2026-08
cf638b3b-3c34-583f-818e-60305a19ec3e,TI-04_20260819_0030.jpg,2026-08-19 09:34:15,TI-04,drone,saudavel,saudavel,0.9842,agrosmart-v1,simulado,sim-2026-08
c4e3685c-293b-5075-a1c4-0b7dd8afc3cf,TI-04_20260819_0031.jpg,2026-08-19 09:34:43,TI-04,drone,saudavel,saudavel,0.9854,agrosmart-v1,simulado,sim-2026-08
3ba25a71-b782-54bc-b0bd-afe75635fbbb,TI-04_20260819_0032.jpg,2026-08-19 09:35:30,TI-04,drone,saudavel,saudavel,0.8535,agrosmart-v1,simulado,sim-2026-08
c583ce92-1c3f-58e2-88b1-3432a5850c65,TI-04_20260819_0033.jpg,2026-08-19 09:36:07,TI-04,drone,saudavel,saudavel,0.8542,agrosmart-v1,simulado,sim-2026-08
54ee0d31-fd3e-5dbc-8b71-12e6b2a3ec40,TI-04_20260819_0034.jpg,2026-08-19 09:37:06,TI-04,drone,saudavel,saudavel,0.9909,agrosmart-v1,simulado,sim-2026-08
c05bee8a-fd28-51d7-8e3c-8e79aff5f5c2,TI-01_20260819_0001.jpg,2026-08-19 09:46:51,TI-01,drone,saudavel,saudavel,0.9218,agrosmart-v1,simulado,sim-2026-08
ace3dd19-9a2b-5905-9423-4240d60ae6ca,TI-01_20260819_0002.jpg,2026-08-19 09:47:46,TI-01,drone,saudavel,saudavel,0.8768,agrosmart-v1,simulado,sim-2026-08
074a1813-5fd4-5f3f-90b4-e0f46e83984e,TI-01_20260819_0003.jpg,2026-08-19 09:48:27,TI-01,drone,saudavel,saudavel,0.9310,agrosmart-v1,simulado,sim-2026-08
7e75ba9a-03d5-5959-9ef7-9f63c59b97ea,TI-01_20260819_0004.jpg,2026-08-19 09:48:54,TI-01,drone,saudavel,saudavel,0.9873,agrosmart-v1,simulado,sim-2026-08
f09c66fa-7caf-540a-9939-786620e3cfe6,TI-01_20260819_0005.jpg,2026-08-19 09:49:37,TI-01,drone,saudavel,saudavel,0.9900,agrosmart-v1,simulado,sim-2026-08
2beb44b1-f6a2-5f66-9431-cf1cc3e7d184,TI-01_20260819_0006.jpg,2026-08-19 09:50:11,TI-01,drone,saudavel,saudavel,0.9193,agrosmart-v1,simulado,sim-2026-08
8dd33d0e-21cb-5bf2-a6fe-d4eb49246cb1,TI-01_20260819_0007.jpg,2026-08-19 09:51:04,TI-01,drone,saudavel,saudavel,0.9386,agrosmart-v1,simulado,sim-2026-08
e7bf50d0-3a06-5e3e-8f45-56eca884bf14,TI-01_20260819_0008.jpg,2026-08-19 09:51:32,TI-01,drone,saudavel,saudavel,0.9900,agrosmart-v1,simulado,sim-2026-08
88412d78-e991-5521-a433-ec73be1ac523,TI-01_20260819_0009.jpg,2026-08-19 09:52:17,TI-01,drone,saudavel,saudavel,0.9878,agrosmart-v1,simulado,sim-2026-08
29ab2747-9a59-5872-a58d-e6ba7245bdae,TI-01_20260819_0010.jpg,2026-08-19 09:52:56,TI-01,drone,saudavel,saudavel,0.9039,agrosmart-v1,simulado,sim-2026-08
45e0aa13-490e-5b4b-9c16-243770c6ed3f,TI-01_20260819_0011.jpg,2026-08-19 09:53:24,TI-01,drone,saudavel,saudavel,0.9128,agrosmart-v1,simulado,sim-2026-08
5fda7551-26dd-5892-834e-369639eccee4,TI-01_20260819_0012.jpg,2026-08-19 09:54:01,TI-01,drone,saudavel,saudavel,0.9973,agrosmart-v1,simulado,sim-2026-08
145eb9a0-9375-5d67-9ab6-c3dde1de2523,TI-01_20260819_0013.jpg,2026-08-19 09:55:09,TI-01,drone,saudavel,saudavel,0.9689,agrosmart-v1,simulado,sim-2026-08
e72b0eff-4662-5541-a91d-346972d2a495,TI-01_20260819_0014.jpg,2026-08-19 09:55:23,TI-01,drone,saudavel,saudavel,0.8856,agrosmart-v1,simulado,sim-2026-08
c92db073-6b7b-5001-8359-2533df0231cf,TI-01_20260819_0015.jpg,2026-08-19 09:56:29,TI-01,drone,doente,mosca_minadora,0.9871,agrosmart-v1,simulado,sim-2026-08
e3dff05c-04ac-5033-b323-da8d4763c1d0,TI-01_20260819_0016.jpg,2026-08-19 09:56:54,TI-01,drone,saudavel,saudavel,0.9247,agrosmart-v1,simulado,sim-2026-08
72ca204f-123e-5db6-a2f5-eb9cf16d0b68,TI-01_20260819_0017.jpg,2026-08-19 09:57:39,TI-01,drone,saudavel,saudavel,0.8613,agrosmart-v1,simulado,sim-2026-08
e28ab3c4-c741-5b93-ac12-7afd1cc732a9,TI-01_20260819_0018.jpg,2026-08-19 09:58:26,TI-01,drone,saudavel,saudavel,0.8603,agrosmart-v1,simulado,sim-2026-08
9ec8dca5-54f2-5828-a993-2ca42eb58b82,TI-01_20260819_0019.jpg,2026-08-19 09:58:43,TI-01,drone,saudavel,saudavel,0.9566,agrosmart-v1,simulado,sim-2026-08
f5775925-45a4-5c28-a34a-efba3f0d2839,TI-01_20260819_0020.jpg,2026-08-19 09:59:32,TI-01,drone,saudavel,saudavel,0.9874,agrosmart-v1,simulado,sim-2026-08
77410719-a940-5dc2-b3cc-32bc82830708,TI-01_20260819_0021.jpg,2026-08-19 10:00:10,TI-01,drone,saudavel,saudavel,0.9999,agrosmart-v1,simulado,sim-2026-08
4322ae29-19ea-5374-b3ea-c8021ae55845,TI-01_20260819_0022.jpg,2026-08-19 10:00:45,TI-01,drone,saudavel,saudavel,0.8446,agrosmart-v1,simulado,sim-2026-08
6c125ff5-0fe3-538e-ac77-983b0a646e32,TI-01_20260819_0023.jpg,2026-08-19 10:01:23,TI-01,drone,saudavel,saudavel,0.9926,agrosmart-v1,simulado,sim-2026-08
47838044-6f5e-5f56-a13b-aa49840af008,TI-01_20260819_0024.jpg,2026-08-19 10:02:06,TI-01,drone,doente,pinta_preta,0.9983,agrosmart-v1,simulado,sim-2026-08
0fffa6cb-5150-5f0b-8e63-e7053221d2cd,TI-01_20260819_0025.jpg,2026-08-19 10:02:42,TI-01,drone,saudavel,saudavel,0.8683,agrosmart-v1,simulado,sim-2026-08
67c432ec-1c6b-5180-a564-09f96671a5ea,TI-01_20260819_0026.jpg,2026-08-19 10:03:20,TI-01,drone,saudavel,saudavel,0.9934,agrosmart-v1,simulado,sim-2026-08
3ea929ba-8b8f-5718-8cf3-57937980804f,TI-01_20260819_0027.jpg,2026-08-19 10:04:23,TI-01,drone,saudavel,saudavel,0.8596,agrosmart-v1,simulado,sim-2026-08
f00ffbb3-0848-5132-91f3-234f1c66aca5,TI-01_20260819_0028.jpg,2026-08-19 10:04:55,TI-01,drone,saudavel,saudavel,0.9112,agrosmart-v1,simulado,sim-2026-08
c9475967-d237-58e7-985d-032ad81ed6a1,TI-01_20260819_0029.jpg,2026-08-19 10:05:39,TI-01,drone,saudavel,saudavel,0.9973,agrosmart-v1,simulado,sim-2026-08
cba341d8-ea26-5b96-b8a7-0103c0cb6a03,TI-01_20260819_0030.jpg,2026-08-19 10:06:14,TI-01,drone,saudavel,saudavel,0.9977,agrosmart-v1,simulado,sim-2026-08
c8dd47b5-509f-5a39-bb89-27a805bc59d2,TI-01_20260819_0031.jpg,2026-08-19 10:06:49,TI-01,drone,saudavel,saudavel,0.8868,agrosmart-v1,simulado,sim-2026-08
46c78ead-3688-599b-a375-11509893032e,TI-01_20260819_0032.jpg,2026-08-19 10:07:25,TI-01,drone,saudavel,saudavel,0.9789,agrosmart-v1,simulado,sim-2026-08
a3494f7b-e7de-5265-bd8d-1a0b55fb1201,TI-01_20260819_0033.jpg,2026-08-19 10:08:11,TI-01,drone,saudavel,saudavel,0.9326,agrosmart-v1,simulado,sim-2026-08
d58a3cab-949e-5693-ae8f-a5de24613244,TI-01_20260819_0034.jpg,2026-08-19 10:08:57,TI-01,drone,saudavel,saudavel,0.9177,agrosmart-v1,simulado,sim-2026-08
7a7eade0-7665-5aa4-b41d-62f33291b8e1,TI-01_20260819_0035.jpg,2026-08-19 10:09:39,TI-01,drone,saudavel,saudavel,0.9932,agrosmart-v1,simulado,sim-2026-08
feefdcb9-feb6-5cd3-abd0-9f71b45c9f13,TI-01_20260819_0036.jpg,2026-08-19 10:10:18,TI-01,drone,saudavel,saudavel,0.8801,agrosmart-v1,simulado,sim-2026-08
3ce2cfea-0a57-558b-a11c-bfeabe7ce8c6,TI-01_20260819_0037.jpg,2026-08-19 10:11:03,TI-01,drone,saudavel,saudavel,0.8395,agrosmart-v1,simulado,sim-2026-08
c8f8de97-8226-55f7-a776-da5ec96a6ed0,TI-01_20260819_0038.jpg,2026-08-19 10:11:47,TI-01,drone,saudavel,saudavel,0.9821,agrosmart-v1,simulado,sim-2026-08
3e0bf34a-0c49-5fc5-8bc2-f1ff194eb0d3,TI-01_20260819_0039.jpg,2026-08-19 10:12:17,TI-01,drone,saudavel,saudavel,0.8977,agrosmart-v1,simulado,sim-2026-08
986e0604-20f1-5165-bd01-6f553033cb42,TI-01_20260819_0040.jpg,2026-08-19 10:12:45,TI-01,drone,saudavel,saudavel,0.8987,agrosmart-v1,simulado,sim-2026-08
02f29a69-ee25-5850-ab6f-db7181733aad,TI-01_20260819_0041.jpg,2026-08-19 10:13:47,TI-01,drone,saudavel,saudavel,0.9704,agrosmart-v1,simulado,sim-2026-08
13744fc2-ad12-54fc-9504-d67418e739cb,TI-01_20260819_0042.jpg,2026-08-19 10:14:15,TI-01,drone,saudavel,saudavel,0.9010,agrosmart-v1,simulado,sim-2026-08
19237452-fba5-5f06-bfbf-b7236b3bad73,TI-01_20260819_0043.jpg,2026-08-19 10:14:51,TI-01,drone,saudavel,saudavel,0.8807,agrosmart-v1,simulado,sim-2026-08
bea47534-dbf7-5b01-ba12-4bf805cf4ad0,TI-01_20260819_0044.jpg,2026-08-19 10:15:41,TI-01,drone,saudavel,saudavel,0.8802,agrosmart-v1,simulado,sim-2026-08
7863ece8-7860-5b61-a146-1be532d6034f,TI-01_20260819_0045.jpg,2026-08-19 10:16:06,TI-01,drone,saudavel,saudavel,0.9832,agrosmart-v1,simulado,sim-2026-08
0d95ae66-da36-5841-85bb-d775506fd5d1,BV-04_20260821_0001.jpg,2026-08-21 07:01:55,BV-04,smartphone,saudavel,saudavel,0.9505,agrosmart-v1,simulado,sim-2026-08
f3cac922-7e4f-5c36-b7ea-d9cbe6d454f3,BV-04_20260821_0002.jpg,2026-08-21 07:02:49,BV-04,smartphone,saudavel,saudavel,0.9137,agrosmart-v1,simulado,sim-2026-08
789ed55f-9386-53cb-91a9-79309b454c0f,BV-04_20260821_0003.jpg,2026-08-21 07:03:17,BV-04,smartphone,saudavel,saudavel,0.9007,agrosmart-v1,simulado,sim-2026-08
763ee9e0-5287-5060-9215-b86b5af26218,BV-04_20260821_0004.jpg,2026-08-21 07:04:07,BV-04,smartphone,saudavel,saudavel,0.9308,agrosmart-v1,simulado,sim-2026-08
eabf5ec0-ab9e-5e80-94b7-258b58322ed4,BV-04_20260821_0005.jpg,2026-08-21 07:04:38,BV-04,smartphone,saudavel,saudavel,0.8900,agrosmart-v1,simulado,sim-2026-08
058fc14d-fe39-5f6d-81ea-6651771ae645,BV-04_20260821_0006.jpg,2026-08-21 07:05:29,BV-04,smartphone,saudavel,saudavel,0.8663,agrosmart-v1,simulado,sim-2026-08
66482604-5c86-5f57-bfda-39181fa36cf0,BV-04_20260821_0007.jpg,2026-08-21 07:05:47,BV-04,smartphone,saudavel,saudavel,0.9470,agrosmart-v1,simulado,sim-2026-08
307c2634-c09e-5d9a-a17f-e70ce2463ca6,BV-04_20260821_0008.jpg,2026-08-21 07:06:37,BV-04,smartphone,saudavel,saudavel,0.9931,agrosmart-v1,simulado,sim-2026-08
ed20aa08-5c51-509b-9ae7-235b4981d730,BV-04_20260821_0009.jpg,2026-08-21 07:07:26,BV-04,smartphone,saudavel,saudavel,0.9962,agrosmart-v1,simulado,sim-2026-08
8364ab2a-1b0a-5e29-863d-da2fde72ea16,BV-04_20260821_0010.jpg,2026-08-21 07:07:40,BV-04,smartphone,saudavel,saudavel,0.9131,agrosmart-v1,simulado,sim-2026-08
486f9d12-ddb0-5ee9-a866-15a38b55bfd8,BV-04_20260821_0011.jpg,2026-08-21 07:08:34,BV-04,smartphone,saudavel,saudavel,0.9826,agrosmart-v1,simulado,sim-2026-08
ae9f99e9-2710-5d44-8f1f-4f505301cc4b,BV-04_20260821_0012.jpg,2026-08-21 07:09:25,BV-04,smartphone,saudavel,saudavel,0.9666,agrosmart-v1,simulado,sim-2026-08
f2989020-5e52-52bf-9769-de80a774ab6b,BV-04_20260821_0013.jpg,2026-08-21 07:10:02,BV-04,smartphone,saudavel,saudavel,0.9722,agrosmart-v1,simulado,sim-2026-08
e043e171-c361-5200-8b33-5f4e3bc7b4ad,BV-04_20260821_0014.jpg,2026-08-21 07:10:22,BV-04,smartphone,saudavel,saudavel,0.9712,agrosmart-v1,simulado,sim-2026-08
14254cbf-3d9b-5f2b-8eaf-45770631cf0e,BV-04_20260821_0015.jpg,2026-08-21 07:11:10,BV-04,smartphone,saudavel,saudavel,0.9949,agrosmart-v1,simulado,sim-2026-08
7c01a45a-ef37-5f59-8724-6ff55a95578d,BV-04_20260821_0016.jpg,2026-08-21 07:11:52,BV-04,smartphone,saudavel,saudavel,0.9878,agrosmart-v1,simulado,sim-2026-08
85772b0e-79ab-5d7e-9f25-b50d6638b8a9,BV-04_20260821_0017.jpg,2026-08-21 07:12:20,BV-04,smartphone,saudavel,saudavel,0.9978,agrosmart-v1,simulado,sim-2026-08
01b421d7-32d3-5b4d-bf39-0ad4b32dada7,BV-04_20260821_0018.jpg,2026-08-21 07:13:08,BV-04,smartphone,saudavel,saudavel,0.9754,agrosmart-v1,simulado,sim-2026-08
9f7eea19-cd52-55e2-8673-67c8d01b63b5,BV-04_20260821_0019.jpg,2026-08-21 07:13:43,BV-04,smartphone,saudavel,saudavel,0.9089,agrosmart-v1,simulado,sim-2026-08
04469023-0252-5d60-93c6-bb84564df910,BV-04_20260821_0020.jpg,2026-08-21 07:14:48,BV-04,smartphone,saudavel,saudavel,0.9691,agrosmart-v1,simulado,sim-2026-08
d835197b-dca8-58c3-a9f9-eca711251d7d,BV-04_20260821_0021.jpg,2026-08-21 07:15:03,BV-04,smartphone,saudavel,saudavel,0.8485,agrosmart-v1,simulado,sim-2026-08
2cc68a84-c629-55d8-b3fe-e4ad4ae97d1c,BV-04_20260821_0022.jpg,2026-08-21 07:16:08,BV-04,smartphone,saudavel,saudavel,0.9986,agrosmart-v1,simulado,sim-2026-08
da6701b3-f889-56dc-8809-9c9ea47f1183,BV-04_20260821_0023.jpg,2026-08-21 07:16:32,BV-04,smartphone,saudavel,saudavel,0.9999,agrosmart-v1,simulado,sim-2026-08
3a96824a-69a6-5325-9f96-fdb2e61f973d,BV-04_20260821_0024.jpg,2026-08-21 07:17:10,BV-04,smartphone,saudavel,saudavel,0.9869,agrosmart-v1,simulado,sim-2026-08
6b6b3f72-eae5-5dae-b4b6-5eb02bb53819,BV-04_20260821_0025.jpg,2026-08-21 07:18:09,BV-04,smartphone,saudavel,saudavel,0.9010,agrosmart-v1,simulado,sim-2026-08
a50f1064-6982-5ea0-8c02-d3f040db2447,BV-04_20260821_0026.jpg,2026-08-21 07:18:27,BV-04,smartphone,saudavel,saudavel,0.8979,agrosmart-v1,simulado,sim-2026-08
9132b10c-31b7-517c-b50a-4d70217c1885,BV-03_20260821_0001.jpg,2026-08-21 08:10:47,BV-03,smartphone,saudavel,saudavel,0.7410,agrosmart-v1,simulado,sim-2026-08
986b946d-c59a-5d52-94b5-7f168f3d5c8f,BV-03_20260821_0002.jpg,2026-08-21 08:11:50,BV-03,smartphone,saudavel,saudavel,0.8665,agrosmart-v1,simulado,sim-2026-08
78a305db-bce7-59d6-8bb5-9da4d9260cda,BV-03_20260821_0003.jpg,2026-08-21 08:12:25,BV-03,smartphone,saudavel,saudavel,0.9643,agrosmart-v1,simulado,sim-2026-08
b5919609-c096-5c8b-ba6e-c477198d7445,BV-03_20260821_0004.jpg,2026-08-21 08:13:08,BV-03,smartphone,saudavel,saudavel,0.7815,agrosmart-v1,simulado,sim-2026-08
f4ef96bb-56e2-5869-86e1-74f24e28aaa2,BV-03_20260821_0005.jpg,2026-08-21 08:13:33,BV-03,smartphone,saudavel,saudavel,0.9353,agrosmart-v1,simulado,sim-2026-08
70da05e5-ec2a-5607-8797-c03d57d15d4c,BV-03_20260821_0006.jpg,2026-08-21 08:14:25,BV-03,smartphone,saudavel,saudavel,0.9575,agrosmart-v1,simulado,sim-2026-08
6236f219-ae75-597d-a774-171a20d2766f,BV-03_20260821_0007.jpg,2026-08-21 08:14:40,BV-03,smartphone,saudavel,saudavel,0.9949,agrosmart-v1,simulado,sim-2026-08
2aab73ca-5126-53ff-a41d-b14916260c89,BV-03_20260821_0008.jpg,2026-08-21 08:15:23,BV-03,smartphone,saudavel,saudavel,0.8637,agrosmart-v1,simulado,sim-2026-08
039ced31-4ee1-5b7f-b3de-ad1fa593d5a8,BV-03_20260821_0009.jpg,2026-08-21 08:16:04,BV-03,smartphone,saudavel,saudavel,0.9451,agrosmart-v1,simulado,sim-2026-08
1ac16819-3958-54bb-b721-155b58d18a54,BV-03_20260821_0010.jpg,2026-08-21 08:16:57,BV-03,smartphone,saudavel,saudavel,1.0000,agrosmart-v1,simulado,sim-2026-08
be815d0b-c0ed-596d-88dc-685b54fb53c8,BV-03_20260821_0011.jpg,2026-08-21 08:17:30,BV-03,smartphone,saudavel,saudavel,0.9502,agrosmart-v1,simulado,sim-2026-08
176d4d05-384b-5792-b09b-8386a6c3a4fd,BV-03_20260821_0012.jpg,2026-08-21 08:18:19,BV-03,smartphone,saudavel,saudavel,0.9841,agrosmart-v1,simulado,sim-2026-08
84b8f298-5395-5e1e-810d-40faf9f046ad,BV-03_20260821_0013.jpg,2026-08-21 08:18:42,BV-03,smartphone,doente,requeima,0.7229,agrosmart-v1,simulado,sim-2026-08
0fece88b-c325-5c9d-8e0d-3466c7aab8ab,BV-03_20260821_0014.jpg,2026-08-21 08:19:39,BV-03,smartphone,saudavel,saudavel,0.9906,agrosmart-v1,simulado,sim-2026-08
7fbc5bab-09a9-5348-a393-c0a9df0dded2,BV-03_20260821_0015.jpg,2026-08-21 08:20:03,BV-03,smartphone,saudavel,saudavel,0.8423,agrosmart-v1,simulado,sim-2026-08
540c9d8e-2ec5-5ae9-aee1-04ae5160c491,BV-03_20260821_0016.jpg,2026-08-21 08:20:40,BV-03,smartphone,saudavel,saudavel,0.8390,agrosmart-v1,simulado,sim-2026-08
39676805-9d5b-5bcf-9139-38ada14bcbec,BV-03_20260821_0017.jpg,2026-08-21 08:21:30,BV-03,smartphone,saudavel,saudavel,0.8397,agrosmart-v1,simulado,sim-2026-08
f2b34137-ea85-5268-b0bb-9482cba02250,BV-03_20260821_0018.jpg,2026-08-21 08:22:05,BV-03,smartphone,saudavel,saudavel,0.9493,agrosmart-v1,simulado,sim-2026-08
9a69caff-2194-5697-a98b-64c37b3dd077,TI-01_20260821_0001.jpg,2026-08-21 08:22:06,TI-01,drone,saudavel,saudavel,0.9567,agrosmart-v1,simulado,sim-2026-08
3109139b-9f0a-5bda-b130-4fa3f81e5fe0,TI-01_20260821_0002.jpg,2026-08-21 08:22:38,TI-01,drone,saudavel,saudavel,0.9916,agrosmart-v1,simulado,sim-2026-08
eee21997-3c97-545d-a397-794b5358830b,BV-03_20260821_0019.jpg,2026-08-21 08:23:06,BV-03,smartphone,saudavel,saudavel,0.7710,agrosmart-v1,simulado,sim-2026-08
9805abd8-9e8b-5f28-81ec-fd70c7e7fc7e,TI-01_20260821_0003.jpg,2026-08-21 08:23:16,TI-01,drone,saudavel,saudavel,0.9577,agrosmart-v1,simulado,sim-2026-08
14b01090-0d76-504c-950b-0f095db67b0c,BV-03_20260821_0020.jpg,2026-08-21 08:23:40,BV-03,smartphone,saudavel,saudavel,0.9204,agrosmart-v1,simulado,sim-2026-08
82143f3d-68be-501b-bda0-0b477957bf2e,TI-01_20260821_0004.jpg,2026-08-21 08:23:48,TI-01,drone,saudavel,saudavel,0.9977,agrosmart-v1,simulado,sim-2026-08
13d1e099-de86-5639-b393-ab24a47b06f9,BV-03_20260821_0021.jpg,2026-08-21 08:24:17,BV-03,smartphone,saudavel,saudavel,0.9355,agrosmart-v1,simulado,sim-2026-08
e0df88ef-660d-5edc-8950-6022552e1c9a,TI-01_20260821_0005.jpg,2026-08-21 08:24:41,TI-01,drone,saudavel,saudavel,0.9712,agrosmart-v1,simulado,sim-2026-08
386de9d3-64c5-52d9-967a-d4913c11111b,BV-03_20260821_0022.jpg,2026-08-21 08:24:47,BV-03,smartphone,saudavel,saudavel,0.7702,agrosmart-v1,simulado,sim-2026-08
6ba95b82-9748-5376-879b-0d3e17050803,TI-01_20260821_0006.jpg,2026-08-21 08:25:20,TI-01,drone,saudavel,saudavel,0.9837,agrosmart-v1,simulado,sim-2026-08
c70a7d74-ee0a-544e-b6c0-b9a5648d75b0,BV-03_20260821_0023.jpg,2026-08-21 08:25:22,BV-03,smartphone,doente,pinta_preta,0.6010,agrosmart-v1,simulado,sim-2026-08
fd043ac5-3d77-5b46-af5e-a96bc66aced5,TI-01_20260821_0007.jpg,2026-08-21 08:26:07,TI-01,drone,saudavel,saudavel,0.9942,agrosmart-v1,simulado,sim-2026-08
8760476c-e534-5140-bea1-1e2e42903529,TI-01_20260821_0008.jpg,2026-08-21 08:26:24,TI-01,drone,saudavel,saudavel,0.9532,agrosmart-v1,simulado,sim-2026-08
077d42ad-3ac3-5570-976c-4cd40882702f,BV-03_20260821_0024.jpg,2026-08-21 08:26:29,BV-03,smartphone,saudavel,saudavel,0.8399,agrosmart-v1,simulado,sim-2026-08
e5702b70-44e2-5e23-9245-9985c29fce55,BV-03_20260821_0025.jpg,2026-08-21 08:26:42,BV-03,smartphone,saudavel,saudavel,0.8633,agrosmart-v1,simulado,sim-2026-08
b4b36076-0e96-5f9c-896d-4ffc4ea8422b,TI-01_20260821_0009.jpg,2026-08-21 08:27:23,TI-01,drone,saudavel,saudavel,0.9977,agrosmart-v1,simulado,sim-2026-08
cde5eff1-2601-5d67-8e5f-20320a6157e0,BV-03_20260821_0026.jpg,2026-08-21 08:27:44,BV-03,smartphone,saudavel,saudavel,0.8521,agrosmart-v1,simulado,sim-2026-08
db1d192e-89db-50e4-830d-e4e44ca775da,TI-01_20260821_0010.jpg,2026-08-21 08:27:45,TI-01,drone,saudavel,saudavel,0.9970,agrosmart-v1,simulado,sim-2026-08
310d4e24-c41b-5a39-af13-cb92044ad0b3,TI-01_20260821_0011.jpg,2026-08-21 08:28:36,TI-01,drone,saudavel,saudavel,0.9767,agrosmart-v1,simulado,sim-2026-08
3677c4df-c809-54ae-bc6f-8e9c1efda136,TI-01_20260821_0012.jpg,2026-08-21 08:29:10,TI-01,drone,saudavel,saudavel,0.8572,agrosmart-v1,simulado,sim-2026-08
ca0615e4-3c3c-5692-ae07-a95af34959bb,TI-01_20260821_0013.jpg,2026-08-21 08:30:05,TI-01,drone,saudavel,saudavel,0.9915,agrosmart-v1,simulado,sim-2026-08
049d707d-7c89-53ce-b40e-c32105a77334,TI-01_20260821_0014.jpg,2026-08-21 08:30:20,TI-01,drone,saudavel,saudavel,0.9658,agrosmart-v1,simulado,sim-2026-08
d5387e11-e1ad-521a-b1ac-2776efc4f4bd,TI-01_20260821_0015.jpg,2026-08-21 08:31:06,TI-01,drone,saudavel,saudavel,0.9872,agrosmart-v1,simulado,sim-2026-08
278ca13f-1745-573a-90a3-a8b53793b1bb,TI-01_20260821_0016.jpg,2026-08-21 08:31:56,TI-01,drone,saudavel,saudavel,0.8433,agrosmart-v1,simulado,sim-2026-08
748fa8a4-4f61-548b-a8cf-0e77cd21049e,TI-01_20260821_0017.jpg,2026-08-21 08:32:38,TI-01,drone,saudavel,saudavel,1.0000,agrosmart-v1,simulado,sim-2026-08
e64608fa-f712-5fa4-9e2b-20daf3ea5e35,TI-01_20260821_0018.jpg,2026-08-21 08:33:15,TI-01,drone,doente,vaquinha,0.6619,agrosmart-v1,simulado,sim-2026-08
4d40aa47-68de-5a12-9140-a3dc532c17e5,TI-01_20260821_0019.jpg,2026-08-21 08:33:52,TI-01,drone,saudavel,saudavel,0.9871,agrosmart-v1,simulado,sim-2026-08
3875e425-d276-59a7-a33e-f05ace613d99,TI-01_20260821_0020.jpg,2026-08-21 08:34:24,TI-01,drone,saudavel,saudavel,0.8397,agrosmart-v1,simulado,sim-2026-08
a45bddac-462d-5b07-bdbb-565b08e5a08d,TI-01_20260821_0021.jpg,2026-08-21 08:35:29,TI-01,drone,saudavel,saudavel,0.9183,agrosmart-v1,simulado,sim-2026-08
c50ffc5a-cd22-5e27-86d2-d22d82546eef,TI-01_20260821_0022.jpg,2026-08-21 08:35:46,TI-01,drone,saudavel,saudavel,0.9813,agrosmart-v1,simulado,sim-2026-08
f96787f3-11af-5c35-bc82-05a2eb68b24a,TI-01_20260821_0023.jpg,2026-08-21 08:36:39,TI-01,drone,saudavel,saudavel,0.8711,agrosmart-v1,simulado,sim-2026-08
1d127d0c-e308-5c42-827b-412e6951d598,TI-01_20260821_0024.jpg,2026-08-21 08:37:26,TI-01,drone,saudavel,saudavel,0.8372,agrosmart-v1,simulado,sim-2026-08
94c612f1-81d9-5452-95e7-45b9844afc6f,TI-01_20260821_0025.jpg,2026-08-21 08:37:45,TI-01,drone,saudavel,saudavel,0.9949,agrosmart-v1,simulado,sim-2026-08
941bb362-d4e7-5157-8d3e-5750c14f02b1,TI-02_20260821_0001.jpg,2026-08-21 08:37:50,TI-02,drone,saudavel,saudavel,1.0000,agrosmart-v1,simulado,sim-2026-08
d6cb475b-34ba-5349-85ec-12892f4f9ce3,TI-02_20260821_0002.jpg,2026-08-21 08:38:28,TI-02,drone,saudavel,saudavel,0.9355,agrosmart-v1,simulado,sim-2026-08
73487da7-e85f-55fe-ba32-d605410d5175,TI-01_20260821_0026.jpg,2026-08-21 08:38:46,TI-01,drone,saudavel,saudavel,0.9767,agrosmart-v1,simulado,sim-2026-08
3db0b75b-da69-5edc-b89b-0444b9c486cc,TI-02_20260821_0003.jpg,2026-08-21 08:39:17,TI-02,drone,doente,vaquinha,0.9452,agrosmart-v1,simulado,sim-2026-08
b538f78f-55f9-5205-ab57-d52dd48f4141,TI-01_20260821_0027.jpg,2026-08-21 08:39:23,TI-01,drone,saudavel,saudavel,0.9585,agrosmart-v1,simulado,sim-2026-08
fc929d54-01fe-5e87-b7f7-df8ace94ba18,TI-02_20260821_0004.jpg,2026-08-21 08:39:42,TI-02,drone,saudavel,saudavel,0.9783,agrosmart-v1,simulado,sim-2026-08
a46ad565-7945-5d00-bef8-c240d9975876,TI-01_20260821_0028.jpg,2026-08-21 08:39:52,TI-01,drone,saudavel,saudavel,0.9644,agrosmart-v1,simulado,sim-2026-08
c86b7558-507b-5ed3-9998-d306c1380a71,TI-01_20260821_0029.jpg,2026-08-21 08:40:40,TI-01,drone,saudavel,saudavel,0.9912,agrosmart-v1,simulado,sim-2026-08
bbd0394c-9fb8-50fd-940e-c3d7bc33a2fd,TI-02_20260821_0005.jpg,2026-08-21 08:40:49,TI-02,drone,saudavel,saudavel,0.9662,agrosmart-v1,simulado,sim-2026-08
dd68a52e-aaff-5d0e-8ffd-6869b81383d7,TI-01_20260821_0030.jpg,2026-08-21 08:41:27,TI-01,drone,saudavel,saudavel,0.9858,agrosmart-v1,simulado,sim-2026-08
538dcace-ade4-577a-bb67-9d74ed2c6e30,TI-02_20260821_0006.jpg,2026-08-21 08:41:30,TI-02,drone,saudavel,saudavel,0.9306,agrosmart-v1,simulado,sim-2026-08
bffc0a58-8cd5-5954-b443-f75ee4af72a8,BV-01_20260821_0001.jpg,2026-08-21 08:41:40,BV-01,smartphone,saudavel,saudavel,0.8800,agrosmart-v1,simulado,sim-2026-08
c3556701-b603-5af1-853a-07370a063415,TI-02_20260821_0007.jpg,2026-08-21 08:41:43,TI-02,drone,saudavel,saudavel,0.9892,agrosmart-v1,simulado,sim-2026-08
9d8caefd-f40c-5c05-a460-90a4b87129bf,TI-01_20260821_0031.jpg,2026-08-21 08:41:53,TI-01,drone,saudavel,saudavel,0.9954,agrosmart-v1,simulado,sim-2026-08
7aae781d-7c9d-534a-a086-c7a892d124d1,TI-02_20260821_0008.jpg,2026-08-21 08:42:21,TI-02,drone,saudavel,saudavel,0.9089,agrosmart-v1,simulado,sim-2026-08
0788134b-81af-599a-871a-2458e79e917e,BV-01_20260821_0002.jpg,2026-08-21 08:42:22,BV-01,smartphone,doente,requeima,0.9686,agrosmart-v1,simulado,sim-2026-08
77142114-8825-5979-beac-d5b76da52126,TI-01_20260821_0032.jpg,2026-08-21 08:42:40,TI-01,drone,saudavel,saudavel,0.9922,agrosmart-v1,simulado,sim-2026-08
a7d58f11-f015-5c74-9de1-342facc935e7,BV-01_20260821_0003.jpg,2026-08-21 08:43:09,BV-01,smartphone,saudavel,saudavel,0.9948,agrosmart-v1,simulado,sim-2026-08
62d3fba7-f1ae-5f85-bcef-d898e4ff8edb,TI-02_20260821_0009.jpg,2026-08-21 08:43:16,TI-02,drone,saudavel,saudavel,0.9300,agrosmart-v1,simulado,sim-2026-08
0eee142c-8360-505d-8811-b89bc9f09d71,TI-01_20260821_0033.jpg,2026-08-21 08:43:18,TI-01,drone,saudavel,saudavel,0.9979,agrosmart-v1,simulado,sim-2026-08
3d1f52bb-4c23-5af2-8c14-6cf4c72c4eaa,TI-01_20260821_0034.jpg,2026-08-21 08:43:46,TI-01,drone,saudavel,saudavel,0.7069,agrosmart-v1,simulado,sim-2026-08
6e18d3ec-f94e-50d0-8aeb-5806ebbb78c6,BV-01_20260821_0004.jpg,2026-08-21 08:44:02,BV-01,smartphone,saudavel,saudavel,0.9574,agrosmart-v1,simulado,sim-2026-08
156a6a54-4730-5aeb-bc1a-e49252332cbd,TI-02_20260821_0010.jpg,2026-08-21 08:44:02,TI-02,drone,saudavel,saudavel,0.8792,agrosmart-v1,simulado,sim-2026-08
3a1f0eea-4ae6-5921-be54-fd1f9da98ea3,BV-01_20260821_0005.jpg,2026-08-21 08:44:23,BV-01,smartphone,saudavel,saudavel,0.8806,agrosmart-v1,simulado,sim-2026-08
d1a8cb80-bfb8-567a-99b6-456545821566,TI-01_20260821_0035.jpg,2026-08-21 08:44:31,TI-01,drone,doente,mosca_minadora,0.9886,agrosmart-v1,simulado,sim-2026-08
20080fd8-f921-5a4f-bad8-c9946960aa22,TI-02_20260821_0011.jpg,2026-08-21 08:44:48,TI-02,drone,saudavel,saudavel,0.9973,agrosmart-v1,simulado,sim-2026-08
d5709b3b-565b-54a6-a04d-c84ae8ed9e51,BV-01_20260821_0006.jpg,2026-08-21 08:45:01,BV-01,smartphone,saudavel,saudavel,0.8821,agrosmart-v1,simulado,sim-2026-08
176d351e-05df-506e-9683-e85b57258999,TI-02_20260821_0012.jpg,2026-08-21 08:45:05,TI-02,drone,saudavel,saudavel,0.9898,agrosmart-v1,simulado,sim-2026-08
d10bb929-2235-57ce-932a-89069a02b16e,TI-01_20260821_0036.jpg,2026-08-21 08:45:19,TI-01,drone,saudavel,saudavel,0.9395,agrosmart-v1,simulado,sim-2026-08
504541da-94c5-576e-a623-3eda79d1e0a1,TI-02_20260821_0013.jpg,2026-08-21 08:45:59,TI-02,drone,saudavel,saudavel,0.9681,agrosmart-v1,simulado,sim-2026-08
03f62489-ba4b-58b1-972f-65e58a16bc65,TI-01_20260821_0037.jpg,2026-08-21 08:46:07,TI-01,drone,saudavel,saudavel,0.9960,agrosmart-v1,simulado,sim-2026-08
d90267a1-cba9-5b58-b711-5b7479634c30,BV-01_20260821_0007.jpg,2026-08-21 08:46:08,BV-01,smartphone,saudavel,saudavel,0.9650,agrosmart-v1,simulado,sim-2026-08
a690acd6-373d-5755-b127-1f67071e46e4,BV-01_20260821_0008.jpg,2026-08-21 08:46:23,BV-01,smartphone,saudavel,saudavel,0.9950,agrosmart-v1,simulado,sim-2026-08
fee6a153-baa7-5a97-be5c-a7d307f710b6,TI-02_20260821_0014.jpg,2026-08-21 08:46:31,TI-02,drone,saudavel,saudavel,0.9832,agrosmart-v1,simulado,sim-2026-08
5f5dc737-c795-5dec-ae15-46808ee3ba7e,TI-01_20260821_0038.jpg,2026-08-21 08:46:34,TI-01,drone,saudavel,saudavel,0.9254,agrosmart-v1,simulado,sim-2026-08
fc81ff5a-54a2-5ae3-9c38-d8c960a8357a,BV-02_20260821_0001.jpg,2026-08-21 08:46:49,BV-02,smartphone,saudavel,saudavel,0.9293,agrosmart-v1,simulado,sim-2026-08
a35c7512-ced0-5d54-a460-c9d11fae7457,TI-02_20260821_0015.jpg,2026-08-21 08:47:03,TI-02,drone,saudavel,saudavel,0.8268,agrosmart-v1,simulado,sim-2026-08
ecc7e35b-3ca0-5b26-b8d6-5ca23570fed4,BV-01_20260821_0009.jpg,2026-08-21 08:47:12,BV-01,smartphone,saudavel,saudavel,0.9993,agrosmart-v1,simulado,sim-2026-08
94c036e2-8189-5d13-bf8d-80aef23b0ea0,BV-02_20260821_0002.jpg,2026-08-21 08:47:22,BV-02,smartphone,doente,vaquinha,0.9995,agrosmart-v1,simulado,sim-2026-08
870767e7-1c6e-5a6c-a37f-ebaf24eba865,TI-01_20260821_0039.jpg,2026-08-21 08:47:29,TI-01,drone,saudavel,saudavel,0.9934,agrosmart-v1,simulado,sim-2026-08
fe5aa46e-a997-5383-a143-35315b6dffd1,TI-02_20260821_0016.jpg,2026-08-21 08:47:46,TI-02,drone,saudavel,saudavel,0.9979,agrosmart-v1,simulado,sim-2026-08
2d52e482-3a16-57d4-a11f-8dbda678384d,BV-01_20260821_0010.jpg,2026-08-21 08:47:47,BV-01,smartphone,doente,vaquinha,0.9185,agrosmart-v1,simulado,sim-2026-08
aaf02f13-003e-5c00-ade6-f1da06d3f12d,TI-01_20260821_0040.jpg,2026-08-21 08:47:57,TI-01,drone,saudavel,saudavel,0.9228,agrosmart-v1,simulado,sim-2026-08
65138c95-a096-552f-950b-9c5224c209e3,TI-01_20260821_0041.jpg,2026-08-21 08:48:20,TI-01,drone,saudavel,saudavel,0.9970,agrosmart-v1,simulado,sim-2026-08
22ea9ec9-5da5-5324-b93f-07bcb76ead12,BV-01_20260821_0011.jpg,2026-08-21 08:48:21,BV-01,smartphone,saudavel,saudavel,0.8358,agrosmart-v1,simulado,sim-2026-08
29e1aae9-8d7f-533b-9ec8-ba35bc76ab25,BV-02_20260821_0003.jpg,2026-08-21 08:48:21,BV-02,smartphone,saudavel,saudavel,0.8497,agrosmart-v1,simulado,sim-2026-08
23c1a59a-493f-524b-83f1-16995b3025f3,TI-02_20260821_0017.jpg,2026-08-21 08:48:36,TI-02,drone,saudavel,saudavel,0.9855,agrosmart-v1,simulado,sim-2026-08
9ca754be-4215-5040-b7ec-9e24232fab8b,BV-02_20260821_0004.jpg,2026-08-21 08:49:03,BV-02,smartphone,saudavel,saudavel,0.9383,agrosmart-v1,simulado,sim-2026-08
930307e4-4f43-53df-a983-3826b8f7bef1,TI-01_20260821_0042.jpg,2026-08-21 08:49:10,TI-01,drone,saudavel,saudavel,0.9897,agrosmart-v1,simulado,sim-2026-08
432d7d4a-c329-58f0-8b6f-499adacf343b,TI-02_20260821_0018.jpg,2026-08-21 08:49:10,TI-02,drone,saudavel,saudavel,1.0000,agrosmart-v1,simulado,sim-2026-08
4ee46f37-dbe6-585d-b8e2-ebfe6a70286b,BV-01_20260821_0012.jpg,2026-08-21 08:49:25,BV-01,smartphone,saudavel,saudavel,0.9983,agrosmart-v1,simulado,sim-2026-08
91da2e21-3dea-592e-8296-3be8925ad5da,BV-01_20260821_0013.jpg,2026-08-21 08:49:40,BV-01,smartphone,saudavel,saudavel,0.9513,agrosmart-v1,simulado,sim-2026-08
b7bc835a-fbc2-5e14-ba64-d7707ec5feff,TI-01_20260821_0043.jpg,2026-08-21 08:49:44,TI-01,drone,saudavel,saudavel,1.0000,agrosmart-v1,simulado,sim-2026-08
78eb1d6d-7fcf-5d7e-9c76-ad1c7217d64a,BV-02_20260821_0005.jpg,2026-08-21 08:49:50,BV-02,smartphone,saudavel,saudavel,0.8788,agrosmart-v1,simulado,sim-2026-08
2812be65-8505-5c22-9518-eb774aac50f3,TI-02_20260821_0019.jpg,2026-08-21 08:50:07,TI-02,drone,saudavel,saudavel,0.9845,agrosmart-v1,simulado,sim-2026-08
81a99e24-ed76-5bcb-a8a5-59135c40537f,TI-02_20260821_0020.jpg,2026-08-21 08:50:21,TI-02,drone,saudavel,saudavel,0.9681,agrosmart-v1,simulado,sim-2026-08
0ab2f6f4-5aa8-5162-81e6-83c36ef9f807,BV-02_20260821_0006.jpg,2026-08-21 08:50:22,BV-02,smartphone,saudavel,saudavel,0.9283,agrosmart-v1,simulado,sim-2026-08
aa6e415c-c077-5fd0-875e-76d62125b123,BV-01_20260821_0014.jpg,2026-08-21 08:50:28,BV-01,smartphone,saudavel,saudavel,0.9597,agrosmart-v1,simulado,sim-2026-08
6813d8ac-debb-5961-a251-df34ff6100a3,BV-02_20260821_0007.jpg,2026-08-21 08:50:40,BV-02,smartphone,saudavel,saudavel,0.9197,agrosmart-v1,simulado,sim-2026-08
07a2cef4-11d1-5382-9481-5838b4347ca4,TI-01_20260821_0044.jpg,2026-08-21 08:50:42,TI-01,drone,saudavel,saudavel,0.9982,agrosmart-v1,simulado,sim-2026-08
1d25499b-e7ba-5367-a06b-2c02a57000f4,BV-01_20260821_0015.jpg,2026-08-21 08:51:13,BV-01,smartphone,saudavel,saudavel,0.9163,agrosmart-v1,simulado,sim-2026-08
18830b98-22a0-5c50-b612-c3e690746040,TI-01_20260821_0045.jpg,2026-08-21 08:51:22,TI-01,drone,saudavel,saudavel,0.9544,agrosmart-v1,simulado,sim-2026-08
ea99b47b-9e0c-5fe1-8fcb-38a2983d334f,TI-02_20260821_0021.jpg,2026-08-21 08:51:28,TI-02,drone,saudavel,saudavel,0.9525,agrosmart-v1,simulado,sim-2026-08
f14d240b-e0fb-5f13-b7e6-3146bd352c95,BV-02_20260821_0008.jpg,2026-08-21 08:51:30,BV-02,smartphone,saudavel,saudavel,0.9997,agrosmart-v1,simulado,sim-2026-08
582c3884-9b33-5a7b-814b-0377b057ba45,BV-01_20260821_0016.jpg,2026-08-21 08:51:50,BV-01,smartphone,saudavel,saudavel,0.8406,agrosmart-v1,simulado,sim-2026-08
06db4ab5-e621-51aa-94c0-76ba833b9d2c,TI-01_20260821_0046.jpg,2026-08-21 08:51:55,TI-01,drone,saudavel,saudavel,0.9986,agrosmart-v1,simulado,sim-2026-08
e5751337-63e9-5f79-993c-0aa7deb0d0dc,TI-02_20260821_0022.jpg,2026-08-21 08:52:00,TI-02,drone,saudavel,saudavel,0.9919,agrosmart-v1,simulado,sim-2026-08
3d0290b3-d79e-5762-b557-8672df31a94c,BV-02_20260821_0009.jpg,2026-08-21 08:52:16,BV-02,smartphone,saudavel,saudavel,0.9374,agrosmart-v1,simulado,sim-2026-08
da4812a5-ac52-55d8-b148-c88f3a83c675,BV-01_20260821_0017.jpg,2026-08-21 08:52:32,BV-01,smartphone,saudavel,saudavel,0.8288,agrosmart-v1,simulado,sim-2026-08
2aae91a2-16ab-5e74-9bf4-bdf9bb7a3629,TI-02_20260821_0023.jpg,2026-08-21 08:52:39,TI-02,drone,saudavel,saudavel,0.9980,agrosmart-v1,simulado,sim-2026-08
601aa5fa-bd10-524b-be9a-3d0a23c9bb4a,BV-02_20260821_0010.jpg,2026-08-21 08:52:59,BV-02,smartphone,saudavel,saudavel,0.8446,agrosmart-v1,simulado,sim-2026-08
1304e171-d9a7-586e-91e6-c1b7764ec26c,TI-02_20260821_0024.jpg,2026-08-21 08:53:14,TI-02,drone,saudavel,saudavel,0.9617,agrosmart-v1,simulado,sim-2026-08
6b98ef09-f7b7-538e-922c-563440dddcc7,BV-01_20260821_0018.jpg,2026-08-21 08:53:25,BV-01,smartphone,saudavel,saudavel,0.9624,agrosmart-v1,simulado,sim-2026-08
7b66ed83-3590-582e-b81f-7a01ee8249e1,BV-02_20260821_0011.jpg,2026-08-21 08:53:39,BV-02,smartphone,saudavel,saudavel,0.9563,agrosmart-v1,simulado,sim-2026-08
14184061-e8cc-5be5-81d6-f3cdc80bd826,TI-02_20260821_0025.jpg,2026-08-21 08:53:56,TI-02,drone,saudavel,saudavel,0.9788,agrosmart-v1,simulado,sim-2026-08
700f296e-a446-54a8-8762-36fee8bd8f82,BV-02_20260821_0012.jpg,2026-08-21 08:54:02,BV-02,smartphone,saudavel,saudavel,0.9373,agrosmart-v1,simulado,sim-2026-08
dbf8cfef-5b99-5405-8350-3644421a056e,BV-01_20260821_0019.jpg,2026-08-21 08:54:03,BV-01,smartphone,saudavel,saudavel,0.8460,agrosmart-v1,simulado,sim-2026-08
f85e88d8-f2e8-5378-966c-97597387faf3,BV-01_20260821_0020.jpg,2026-08-21 08:54:23,BV-01,smartphone,doente,vaquinha,0.9859,agrosmart-v1,simulado,sim-2026-08
943bba84-3beb-5a7f-a1cc-e5efdbc7e584,TI-02_20260821_0026.jpg,2026-08-21 08:54:25,TI-02,drone,saudavel,saudavel,0.9443,agrosmart-v1,simulado,sim-2026-08
88329b34-be97-53a4-9658-70ee1f210601,TI-03_20260821_0001.jpg,2026-08-21 08:54:49,TI-03,drone,saudavel,saudavel,0.9949,agrosmart-v1,simulado,sim-2026-08
e7645f25-5fd3-5896-91ca-4ffae562f89a,BV-02_20260821_0013.jpg,2026-08-21 08:55:06,BV-02,smartphone,saudavel,saudavel,0.9346,agrosmart-v1,simulado,sim-2026-08
56d51bc4-3d84-5b27-bf96-e572cbdcbe9f,TI-02_20260821_0027.jpg,2026-08-21 08:55:08,TI-02,drone,saudavel,saudavel,0.9984,agrosmart-v1,simulado,sim-2026-08
c65d552d-8e6b-5c8d-a1f1-0dcb7e8b9b8d,BV-02_20260821_0014.jpg,2026-08-21 08:55:23,BV-02,smartphone,saudavel,saudavel,0.9737,agrosmart-v1,simulado,sim-2026-08
39d48899-6928-5761-bf4f-6a3b0f7108e2,BV-01_20260821_0021.jpg,2026-08-21 08:55:26,BV-01,smartphone,saudavel,saudavel,0.9632,agrosmart-v1,simulado,sim-2026-08
03de3830-faef-5ed1-b491-234c68cd5bcf,TI-03_20260821_0002.jpg,2026-08-21 08:55:28,TI-03,drone,saudavel,saudavel,0.9374,agrosmart-v1,simulado,sim-2026-08
2e86e78e-34fe-59be-b9e0-0adef7fc3b67,TI-02_20260821_0028.jpg,2026-08-21 08:55:48,TI-02,drone,saudavel,saudavel,0.9368,agrosmart-v1,simulado,sim-2026-08
b7975bca-33fd-5741-8636-fbf25f6f3afd,TI-03_20260821_0003.jpg,2026-08-21 08:56:01,TI-03,drone,saudavel,saudavel,0.8890,agrosmart-v1,simulado,sim-2026-08
27a4cc7f-e33c-5d4d-88b7-619f47dc6e21,BV-02_20260821_0015.jpg,2026-08-21 08:56:06,BV-02,smartphone,saudavel,saudavel,0.8367,agrosmart-v1,simulado,sim-2026-08
86a57e0a-be38-56c9-ad7f-ab3fc12ff1da,BV-01_20260821_0022.jpg,2026-08-21 08:56:07,BV-01,smartphone,saudavel,saudavel,0.9693,agrosmart-v1,simulado,sim-2026-08
60c76c6a-c942-5a29-86f5-4cf41a0cf940,TI-02_20260821_0029.jpg,2026-08-21 08:56:21,TI-02,drone,saudavel,saudavel,0.9063,agrosmart-v1,simulado,sim-2026-08
c9681e76-9579-55ab-ad8a-e924d973d58a,BV-01_20260821_0023.jpg,2026-08-21 08:56:40,BV-01,smartphone,saudavel,saudavel,0.8811,agrosmart-v1,simulado,sim-2026-08
48650e56-331d-548b-b795-7a00d2bd6357,BV-02_20260821_0016.jpg,2026-08-21 08:56:58,BV-02,smartphone,saudavel,saudavel,0.9902,agrosmart-v1,simulado,sim-2026-08
432d8f98-ce5f-5373-a933-51194e76b995,TI-03_20260821_0004.jpg,2026-08-21 08:57:07,TI-03,drone,saudavel,saudavel,0.8765,agrosmart-v1,simulado,sim-2026-08
a2fcccce-4d2d-5e71-ad48-df1080a72620,BV-01_20260821_0024.jpg,2026-08-21 08:57:11,BV-01,smartphone,doente,pinta_preta,0.8308,agrosmart-v1,simulado,sim-2026-08
b8d0ce1f-064f-588a-aeed-f0ecb90fff40,TI-03_20260821_0005.jpg,2026-08-21 08:57:21,TI-03,drone,saudavel,saudavel,0.9040,agrosmart-v1,simulado,sim-2026-08
43363d72-9994-59aa-af14-270145a153ca,TI-02_20260821_0030.jpg,2026-08-21 08:57:26,TI-02,drone,saudavel,saudavel,0.9855,agrosmart-v1,simulado,sim-2026-08
22d81455-d089-57de-80ff-5e5c977f738b,BV-02_20260821_0017.jpg,2026-08-21 08:57:30,BV-02,smartphone,saudavel,saudavel,0.9920,agrosmart-v1,simulado,sim-2026-08
633e7d86-f728-553f-ae12-3d4fa527bf81,TI-02_20260821_0031.jpg,2026-08-21 08:57:47,TI-02,drone,saudavel,saudavel,0.9386,agrosmart-v1,simulado,sim-2026-08
5ddcffb4-ed79-5dab-8472-8195f91fea1f,BV-01_20260821_0025.jpg,2026-08-21 08:58:01,BV-01,smartphone,saudavel,saudavel,0.9337,agrosmart-v1,simulado,sim-2026-08
d046ddcd-359c-5bb1-8f32-6ae1b825c792,BV-02_20260821_0018.jpg,2026-08-21 08:58:16,BV-02,smartphone,saudavel,saudavel,0.9362,agrosmart-v1,simulado,sim-2026-08
ffd07ed6-7986-56e1-b430-bbe415eb6e1f,TI-03_20260821_0006.jpg,2026-08-21 08:58:27,TI-03,drone,saudavel,saudavel,0.8894,agrosmart-v1,simulado,sim-2026-08
fcd2a6c8-a195-5589-9df5-83f2d48b9a0a,TI-02_20260821_0032.jpg,2026-08-21 08:58:37,TI-02,drone,saudavel,saudavel,0.9313,agrosmart-v1,simulado,sim-2026-08
b0e1aeb0-d009-56f2-a15e-3b20b3c1dd33,BV-01_20260821_0026.jpg,2026-08-21 08:58:39,BV-01,smartphone,saudavel,saudavel,0.9782,agrosmart-v1,simulado,sim-2026-08
9ab27ca3-7d3f-5a9c-8a3f-1259e2bd31cd,TI-02_20260821_0033.jpg,2026-08-21 08:59:01,TI-02,drone,saudavel,saudavel,0.9898,agrosmart-v1,simulado,sim-2026-08
6a406b04-d146-5a2e-966b-445510037a16,BV-02_20260821_0019.jpg,2026-08-21 08:59:09,BV-02,smartphone,saudavel,saudavel,0.9329,agrosmart-v1,simulado,sim-2026-08
797117b8-8a85-5875-b181-20d9bff83e6b,TI-03_20260821_0007.jpg,2026-08-21 08:59:10,TI-03,drone,saudavel,saudavel,0.9788,agrosmart-v1,simulado,sim-2026-08
9e766f1d-f311-5d9b-afaa-747f8e7aa69d,BV-02_20260821_0020.jpg,2026-08-21 08:59:22,BV-02,smartphone,saudavel,saudavel,0.8506,agrosmart-v1,simulado,sim-2026-08
e3d30389-fc15-5e9f-bb3f-3976cea67dc4,TI-03_20260821_0008.jpg,2026-08-21 08:59:26,TI-03,drone,saudavel,saudavel,0.8448,agrosmart-v1,simulado,sim-2026-08
1b4e1558-117e-5b83-b892-9bf8622c7180,BV-01_20260821_0027.jpg,2026-08-21 08:59:30,BV-01,smartphone,saudavel,saudavel,0.8247,agrosmart-v1,simulado,sim-2026-08
dfcdb5ba-7e67-5845-acc2-ded93d8a386a,TI-02_20260821_0034.jpg,2026-08-21 08:59:51,TI-02,drone,saudavel,saudavel,0.8377,agrosmart-v1,simulado,sim-2026-08
78b26e3a-550b-539d-aa51-104ebe0bafd0,BV-01_20260821_0028.jpg,2026-08-21 09:00:08,BV-01,smartphone,saudavel,saudavel,0.9733,agrosmart-v1,simulado,sim-2026-08
5639caed-890c-5c76-98e7-fa7aca79931e,BV-02_20260821_0021.jpg,2026-08-21 09:00:13,BV-02,smartphone,saudavel,saudavel,0.8356,agrosmart-v1,simulado,sim-2026-08
85b374c5-ab74-505a-9ef8-3996869017be,TI-03_20260821_0009.jpg,2026-08-21 09:00:25,TI-03,drone,doente,pinta_preta,0.9527,agrosmart-v1,simulado,sim-2026-08
8dabdb89-c30f-5647-9ea4-555915e24670,TI-02_20260821_0035.jpg,2026-08-21 09:00:37,TI-02,drone,saudavel,saudavel,0.9237,agrosmart-v1,simulado,sim-2026-08
334e108a-737c-5cc7-9a87-09b89b45d9d5,BV-01_20260821_0029.jpg,2026-08-21 09:00:42,BV-01,smartphone,saudavel,saudavel,0.9513,agrosmart-v1,simulado,sim-2026-08
dadf2eec-66cc-5b5f-a65d-f19ac4897bba,BV-02_20260821_0022.jpg,2026-08-21 09:00:46,BV-02,smartphone,saudavel,saudavel,0.9522,agrosmart-v1,simulado,sim-2026-08
674abbfb-5993-59f7-8d04-f9583c2d3e66,TI-02_20260821_0036.jpg,2026-08-21 09:01:00,TI-02,drone,saudavel,saudavel,0.9971,agrosmart-v1,simulado,sim-2026-08
de03c5ee-d426-5ade-bf41-d05d892c3a0c,TI-03_20260821_0010.jpg,2026-08-21 09:01:01,TI-03,drone,saudavel,saudavel,0.9381,agrosmart-v1,simulado,sim-2026-08
430e71c0-16d4-5875-8859-01fc186587f7,BV-01_20260821_0030.jpg,2026-08-21 09:01:27,BV-01,smartphone,saudavel,saudavel,0.9998,agrosmart-v1,simulado,sim-2026-08
7363de3a-ed6d-5b08-9523-d9391391864f,BV-02_20260821_0023.jpg,2026-08-21 09:01:37,BV-02,smartphone,saudavel,saudavel,0.9980,agrosmart-v1,simulado,sim-2026-08
765aa8f6-656a-558f-99d3-067d81a5f88c,TI-03_20260821_0011.jpg,2026-08-21 09:01:43,TI-03,drone,saudavel,saudavel,0.8631,agrosmart-v1,simulado,sim-2026-08
cb7971b5-e06a-5fdb-9417-d3c501fdc2a0,TI-02_20260821_0037.jpg,2026-08-21 09:01:50,TI-02,drone,saudavel,saudavel,0.8348,agrosmart-v1,simulado,sim-2026-08
4b1b5c5d-578a-5853-8622-2d41cf6d18c8,BV-02_20260821_0024.jpg,2026-08-21 09:02:26,BV-02,smartphone,saudavel,saudavel,0.9203,agrosmart-v1,simulado,sim-2026-08
f5f40d1f-c703-5f4d-b373-ee042eea702e,TI-03_20260821_0012.jpg,2026-08-21 09:02:29,TI-03,drone,saudavel,saudavel,0.9344,agrosmart-v1,simulado,sim-2026-08
da6a4554-761b-557c-85c4-4729a03acf00,TI-02_20260821_0038.jpg,2026-08-21 09:02:32,TI-02,drone,saudavel,saudavel,0.8998,agrosmart-v1,simulado,sim-2026-08
a85e21d5-2628-5d87-bbd6-b4e54424832d,TI-03_20260821_0013.jpg,2026-08-21 09:02:46,TI-03,drone,doente,pinta_preta,0.9591,agrosmart-v1,simulado,sim-2026-08
14938543-5233-59d9-9168-67d5b6175163,TI-02_20260821_0039.jpg,2026-08-21 09:03:01,TI-02,drone,saudavel,saudavel,0.8281,agrosmart-v1,simulado,sim-2026-08
346b8d2f-fa18-5175-8536-9376f6b7d9d2,BV-02_20260821_0025.jpg,2026-08-21 09:03:05,BV-02,smartphone,doente,vaquinha,0.9879,agrosmart-v1,simulado,sim-2026-08
3dd5dffe-a260-52db-ae35-47f71962bb17,TI-03_20260821_0014.jpg,2026-08-21 09:03:33,TI-03,drone,saudavel,saudavel,0.9555,agrosmart-v1,simulado,sim-2026-08
37719257-ab1d-55e4-b702-85619957b1e4,BV-02_20260821_0026.jpg,2026-08-21 09:03:48,BV-02,smartphone,saudavel,saudavel,0.8397,agrosmart-v1,simulado,sim-2026-08
71f12f15-8e9f-55ab-872c-b5e29808c8bb,TI-02_20260821_0040.jpg,2026-08-21 09:04:03,TI-02,drone,saudavel,saudavel,0.9008,agrosmart-v1,simulado,sim-2026-08
799eba05-0b98-5dc1-9cc7-c1160b569cf5,BV-02_20260821_0027.jpg,2026-08-21 09:04:07,BV-02,smartphone,saudavel,saudavel,0.9113,agrosmart-v1,simulado,sim-2026-08
9bb94577-920f-5811-a378-0423b5c767b0,TI-02_20260821_0041.jpg,2026-08-21 09:04:28,TI-02,drone,saudavel,saudavel,0.8631,agrosmart-v1,simulado,sim-2026-08
44adc2b8-a79c-50f8-b944-60d3014ea08a,TI-03_20260821_0015.jpg,2026-08-21 09:04:28,TI-03,drone,saudavel,saudavel,0.9868,agrosmart-v1,simulado,sim-2026-08
525c348d-b9b9-50f6-8c7d-d12c931cd88b,BV-02_20260821_0028.jpg,2026-08-21 09:04:56,BV-02,smartphone,saudavel,saudavel,0.8590,agrosmart-v1,simulado,sim-2026-08
9ecdf23c-9780-5bd9-95c3-8ba292d9867f,TI-02_20260821_0042.jpg,2026-08-21 09:05:02,TI-02,drone,saudavel,saudavel,0.9891,agrosmart-v1,simulado,sim-2026-08
a2e81198-e421-555f-ac96-0407f7855725,TI-03_20260821_0016.jpg,2026-08-21 09:05:04,TI-03,drone,saudavel,saudavel,0.9202,agrosmart-v1,simulado,sim-2026-08
4817f88c-88c1-52b4-8336-dc384c57873b,TI-03_20260821_0017.jpg,2026-08-21 09:05:24,TI-03,drone,saudavel,saudavel,0.9889,agrosmart-v1,simulado,sim-2026-08
9548c035-b750-5069-a954-b2f5accb5c5f,BV-02_20260821_0029.jpg,2026-08-21 09:05:34,BV-02,smartphone,saudavel,saudavel,0.8550,agrosmart-v1,simulado,sim-2026-08
a804fa04-e8f0-5dda-81b5-aaf83b07fac6,SC-03_20260821_0001.jpg,2026-08-21 09:06:01,SC-03,smartphone,saudavel,saudavel,0.9882,agrosmart-v1,simulado,sim-2026-08
c528f46b-cc9d-5dc5-bbfc-81b27ce21322,TI-03_20260821_0018.jpg,2026-08-21 09:06:07,TI-03,drone,saudavel,saudavel,0.9706,agrosmart-v1,simulado,sim-2026-08
59d004c3-dd94-59f5-9c57-37fca98de8b1,TI-02_20260821_0043.jpg,2026-08-21 09:06:10,TI-02,drone,saudavel,saudavel,0.9182,agrosmart-v1,simulado,sim-2026-08
f05a21be-fc3a-5601-a3ce-e2af28c5d450,BV-02_20260821_0030.jpg,2026-08-21 09:06:14,BV-02,smartphone,saudavel,saudavel,0.9038,agrosmart-v1,simulado,sim-2026-08
0dcb45a1-6a06-509a-af29-499f3099b59d,TI-02_20260821_0044.jpg,2026-08-21 09:06:45,TI-02,drone,saudavel,saudavel,0.9977,agrosmart-v1,simulado,sim-2026-08
3a97ae51-a1ba-5443-8a60-5124eb44c4a8,TI-03_20260821_0019.jpg,2026-08-21 09:06:47,TI-03,drone,saudavel,saudavel,0.9473,agrosmart-v1,simulado,sim-2026-08
37c0ac88-fb0b-506e-bf46-12df4cd93eff,SC-03_20260821_0002.jpg,2026-08-21 09:06:48,SC-03,smartphone,saudavel,saudavel,0.9785,agrosmart-v1,simulado,sim-2026-08
46e5afd9-a78b-5fba-bf50-3fdf760490ab,BV-02_20260821_0031.jpg,2026-08-21 09:07:00,BV-02,smartphone,saudavel,saudavel,0.9849,agrosmart-v1,simulado,sim-2026-08
d8116250-9b36-5aa9-a2d4-936bc18d05fb,BV-02_20260821_0032.jpg,2026-08-21 09:07:20,BV-02,smartphone,saudavel,saudavel,0.8695,agrosmart-v1,simulado,sim-2026-08
a35ad063-5804-5bc9-9bc5-e473bf48d4c9,SC-03_20260821_0003.jpg,2026-08-21 09:07:25,SC-03,smartphone,saudavel,saudavel,0.8259,agrosmart-v1,simulado,sim-2026-08
b2f6a198-3d65-526a-aa01-24e719982d59,TI-02_20260821_0045.jpg,2026-08-21 09:07:25,TI-02,drone,saudavel,saudavel,0.9069,agrosmart-v1,simulado,sim-2026-08
049815ea-be64-5a63-b649-7f00d9f19b38,TI-03_20260821_0020.jpg,2026-08-21 09:07:43,TI-03,drone,saudavel,saudavel,0.9524,agrosmart-v1,simulado,sim-2026-08
af913836-f53f-5055-a8ea-fa45322610db,SC-03_20260821_0004.jpg,2026-08-21 09:08:02,SC-03,smartphone,saudavel,saudavel,0.8690,agrosmart-v1,simulado,sim-2026-08
ebc475b4-e678-5d64-aae1-a289dc5b07db,TI-03_20260821_0021.jpg,2026-08-21 09:08:04,TI-03,drone,doente,pinta_preta,0.9545,agrosmart-v1,simulado,sim-2026-08
b9579097-b0eb-5586-a993-a4bb4ef8089d,BV-02_20260821_0033.jpg,2026-08-21 09:08:29,BV-02,smartphone,saudavel,saudavel,0.9878,agrosmart-v1,simulado,sim-2026-08
52ef4c03-37f7-57a8-ac32-7efc470d12ab,SC-03_20260821_0005.jpg,2026-08-21 09:08:29,SC-03,smartphone,saudavel,saudavel,0.9683,agrosmart-v1,simulado,sim-2026-08
2b372026-9546-56d2-baf3-aeda93373852,BV-02_20260821_0034.jpg,2026-08-21 09:08:45,BV-02,smartphone,saudavel,saudavel,0.9633,agrosmart-v1,simulado,sim-2026-08
51b8d766-8afe-5c12-8f8f-437cc738770e,TI-03_20260821_0022.jpg,2026-08-21 09:09:00,TI-03,drone,saudavel,saudavel,0.9803,agrosmart-v1,simulado,sim-2026-08
ec9b7fb6-459a-53fb-8add-ff25fe1f64a7,SC-03_20260821_0006.jpg,2026-08-21 09:09:16,SC-03,smartphone,saudavel,saudavel,0.9238,agrosmart-v1,simulado,sim-2026-08
33593041-f685-50b1-93d3-8653cbc71a54,BV-02_20260821_0035.jpg,2026-08-21 09:09:31,BV-02,smartphone,saudavel,saudavel,0.9021,agrosmart-v1,simulado,sim-2026-08
ec806c14-4f83-5509-be19-b22155d88d18,TI-03_20260821_0023.jpg,2026-08-21 09:09:46,TI-03,drone,saudavel,saudavel,0.9727,agrosmart-v1,simulado,sim-2026-08
e9997109-0583-5c12-a664-bcab808d746b,SC-03_20260821_0007.jpg,2026-08-21 09:10:08,SC-03,smartphone,saudavel,saudavel,0.9953,agrosmart-v1,simulado,sim-2026-08
36b7fc44-ed18-5c09-8662-c02e1df2d06f,BV-02_20260821_0036.jpg,2026-08-21 09:10:14,BV-02,smartphone,saudavel,saudavel,0.9748,agrosmart-v1,simulado,sim-2026-08
54e736f9-7c58-5ce0-9739-51cf41bc360b,TI-03_20260821_0024.jpg,2026-08-21 09:10:18,TI-03,drone,saudavel,saudavel,0.8898,agrosmart-v1,simulado,sim-2026-08
6363de15-e0fb-5a45-87a1-bbf88dce52ff,SC-03_20260821_0008.jpg,2026-08-21 09:10:47,SC-03,smartphone,saudavel,saudavel,0.9912,agrosmart-v1,simulado,sim-2026-08
e1e8e911-4c80-5ec7-8385-7ee2b39a7745,TI-03_20260821_0025.jpg,2026-08-21 09:11:09,TI-03,drone,saudavel,saudavel,0.9963,agrosmart-v1,simulado,sim-2026-08
3a24d8b4-756d-59a5-b78c-8d8abc048230,SC-03_20260821_0009.jpg,2026-08-21 09:11:30,SC-03,smartphone,doente,mosca_minadora,0.9640,agrosmart-v1,simulado,sim-2026-08
bf9897d9-b1b3-5407-b9f8-cd51ba584869,TI-03_20260821_0026.jpg,2026-08-21 09:11:30,TI-03,drone,saudavel,saudavel,0.9354,agrosmart-v1,simulado,sim-2026-08
210a68cb-4c1c-5ef2-9db6-a65ff9052981,SC-03_20260821_0010.jpg,2026-08-21 09:12:00,SC-03,smartphone,saudavel,saudavel,0.9396,agrosmart-v1,simulado,sim-2026-08
7e446c40-ff88-580d-8a8e-a036a78c5736,TI-03_20260821_0027.jpg,2026-08-21 09:12:22,TI-03,drone,saudavel,saudavel,0.9512,agrosmart-v1,simulado,sim-2026-08
4023a376-50a0-551e-b11e-41eac1fb348d,SC-03_20260821_0011.jpg,2026-08-21 09:12:36,SC-03,smartphone,saudavel,saudavel,0.8624,agrosmart-v1,simulado,sim-2026-08
74eacebd-a69a-5490-ad17-b91692664b66,TI-03_20260821_0028.jpg,2026-08-21 09:12:50,TI-03,drone,saudavel,saudavel,0.9899,agrosmart-v1,simulado,sim-2026-08
d3bd50dd-e1d8-5ecd-91b0-edad2d311f38,SC-03_20260821_0012.jpg,2026-08-21 09:13:15,SC-03,smartphone,saudavel,saudavel,0.9793,agrosmart-v1,simulado,sim-2026-08
b058a1af-9973-5212-b068-6ab100a3c8f1,TI-03_20260821_0029.jpg,2026-08-21 09:13:37,TI-03,drone,saudavel,saudavel,0.9710,agrosmart-v1,simulado,sim-2026-08
fabf4c96-fdd0-5871-8c2f-5a7b5b9c2624,SC-03_20260821_0013.jpg,2026-08-21 09:14:08,SC-03,smartphone,saudavel,saudavel,0.9566,agrosmart-v1,simulado,sim-2026-08
a076687f-6ebf-5c1f-9118-ecacb2b0684b,TI-03_20260821_0030.jpg,2026-08-21 09:14:15,TI-03,drone,saudavel,saudavel,0.9963,agrosmart-v1,simulado,sim-2026-08
49567cf8-d312-55fc-9c30-f8dd0b32386e,SC-03_20260821_0014.jpg,2026-08-21 09:14:25,SC-03,smartphone,saudavel,saudavel,0.9988,agrosmart-v1,simulado,sim-2026-08
dd2b9b27-06f1-5d84-bd98-cc303dc9e848,TI-03_20260821_0031.jpg,2026-08-21 09:14:47,TI-03,drone,doente,pinta_preta,0.9773,agrosmart-v1,simulado,sim-2026-08
b73f17cb-b7ef-5460-a77e-0bd66b619049,SC-03_20260821_0015.jpg,2026-08-21 09:15:20,SC-03,smartphone,saudavel,saudavel,0.8275,agrosmart-v1,simulado,sim-2026-08
86bab0a4-5aa8-5b9c-9522-f88d854fe16a,TI-03_20260821_0032.jpg,2026-08-21 09:15:37,TI-03,drone,saudavel,saudavel,0.9935,agrosmart-v1,simulado,sim-2026-08
f59eef48-2f06-582c-af9f-21d0854982df,SC-03_20260821_0016.jpg,2026-08-21 09:15:41,SC-03,smartphone,saudavel,saudavel,1.0000,agrosmart-v1,simulado,sim-2026-08
b1cbcd42-b4e4-5d21-80a5-6bddf62a2a94,TI-03_20260821_0033.jpg,2026-08-21 09:16:10,TI-03,drone,saudavel,saudavel,0.9206,agrosmart-v1,simulado,sim-2026-08
aa21496d-3e79-5a2d-a660-637d6c7c18f2,SC-03_20260821_0017.jpg,2026-08-21 09:16:41,SC-03,smartphone,saudavel,saudavel,0.9968,agrosmart-v1,simulado,sim-2026-08
da2df91a-ecf0-500b-a579-5cf451e06d13,SC-03_20260821_0018.jpg,2026-08-21 09:17:01,SC-03,smartphone,saudavel,saudavel,0.9173,agrosmart-v1,simulado,sim-2026-08
85f3bfb1-3550-53ea-a3c0-df0307ade34b,TI-03_20260821_0034.jpg,2026-08-21 09:17:03,TI-03,drone,saudavel,saudavel,0.8488,agrosmart-v1,simulado,sim-2026-08
325238bd-c4ee-525e-a127-49944ef83665,TI-03_20260821_0035.jpg,2026-08-21 09:17:23,TI-03,drone,saudavel,saudavel,0.9416,agrosmart-v1,simulado,sim-2026-08
e70c0b43-74e1-5d75-9cea-dc24191a51e2,SC-03_20260821_0019.jpg,2026-08-21 09:18:00,SC-03,smartphone,saudavel,saudavel,0.9836,agrosmart-v1,simulado,sim-2026-08
9b80d9bb-a8fb-549e-9e12-36080e5367f4,TI-03_20260821_0036.jpg,2026-08-21 09:18:14,TI-03,drone,doente,pinta_preta,0.9675,agrosmart-v1,simulado,sim-2026-08
a5b8edda-bd35-587d-b760-d48e6f223286,SC-03_20260821_0020.jpg,2026-08-21 09:18:46,SC-03,smartphone,saudavel,saudavel,0.8743,agrosmart-v1,simulado,sim-2026-08
9885de9f-5584-563a-9a94-7553da172b4a,SC-03_20260821_0021.jpg,2026-08-21 09:19:04,SC-03,smartphone,saudavel,saudavel,0.9208,agrosmart-v1,simulado,sim-2026-08
84129c03-c5d1-5e69-ada5-40a864265a95,TI-03_20260821_0037.jpg,2026-08-21 09:19:04,TI-03,drone,saudavel,saudavel,0.9849,agrosmart-v1,simulado,sim-2026-08
4f84687c-fcb3-50e1-93cd-ca72d68567c0,SC-03_20260821_0022.jpg,2026-08-21 09:19:57,SC-03,smartphone,saudavel,saudavel,0.9743,agrosmart-v1,simulado,sim-2026-08
fe439986-e088-5933-8e04-b315b6452d7c,SC-03_20260821_0023.jpg,2026-08-21 09:20:40,SC-03,smartphone,saudavel,saudavel,0.9702,agrosmart-v1,simulado,sim-2026-08
4764209a-34f2-52d3-bfaf-77d8d268f778,SC-03_20260821_0024.jpg,2026-08-21 09:21:12,SC-03,smartphone,saudavel,saudavel,0.8476,agrosmart-v1,simulado,sim-2026-08
632e4be8-6bdd-5f10-9806-4cdb18268044,SC-03_20260821_0025.jpg,2026-08-21 09:21:59,SC-03,smartphone,saudavel,saudavel,0.9471,agrosmart-v1,simulado,sim-2026-08
e2c130c2-7e9c-57a9-a4de-a20506d475b9,SC-03_20260821_0026.jpg,2026-08-21 09:22:47,SC-03,smartphone,saudavel,saudavel,0.8731,agrosmart-v1,simulado,sim-2026-08
632c8b92-85b7-5088-89ed-db0af9645d2d,SC-03_20260821_0027.jpg,2026-08-21 09:23:28,SC-03,smartphone,saudavel,saudavel,0.8844,agrosmart-v1,simulado,sim-2026-08
a8cded18-39a9-5d3e-a08d-800a78088dd1,SC-03_20260821_0028.jpg,2026-08-21 09:23:47,SC-03,smartphone,saudavel,saudavel,0.9360,agrosmart-v1,simulado,sim-2026-08
16c9d160-11ed-52ce-8961-fbab1a9d78dd,SC-03_20260821_0029.jpg,2026-08-21 09:24:26,SC-03,smartphone,saudavel,saudavel,0.9821,agrosmart-v1,simulado,sim-2026-08
25fdc730-55f2-580e-9958-f9f0c97686be,SC-02_20260821_0001.jpg,2026-08-21 09:24:46,SC-02,smartphone,saudavel,saudavel,0.9960,agrosmart-v1,simulado,sim-2026-08
16c0a3d8-e417-5d47-a12d-10308b2ad014,SC-02_20260821_0002.jpg,2026-08-21 09:25:46,SC-02,smartphone,saudavel,saudavel,0.8927,agrosmart-v1,simulado,sim-2026-08
d4cdec22-f08c-50c6-8e2e-fbb80acddeb8,SC-02_20260821_0003.jpg,2026-08-21 09:26:27,SC-02,smartphone,saudavel,saudavel,0.6942,agrosmart-v1,simulado,sim-2026-08
ee1cb899-aafa-5498-a3f6-d4b5ba591fe2,SC-02_20260821_0004.jpg,2026-08-21 09:27:10,SC-02,smartphone,saudavel,saudavel,0.9909,agrosmart-v1,simulado,sim-2026-08
6f035db0-ee36-5d75-a320-944bbb690d85,SC-02_20260821_0005.jpg,2026-08-21 09:27:27,SC-02,smartphone,saudavel,saudavel,0.9244,agrosmart-v1,simulado,sim-2026-08
45bafa59-03f0-52eb-83b9-0b6e50fa3894,SC-02_20260821_0006.jpg,2026-08-21 09:28:16,SC-02,smartphone,doente,requeima,0.9204,agrosmart-v1,simulado,sim-2026-08
442596f9-dc48-5736-b93a-9ae509eae45c,SC-02_20260821_0007.jpg,2026-08-21 09:28:45,SC-02,smartphone,saudavel,saudavel,0.9585,agrosmart-v1,simulado,sim-2026-08
21165b52-2a4f-5bae-aa3a-22d3fc96693a,TI-04_20260821_0001.jpg,2026-08-21 09:29:03,TI-04,drone,saudavel,saudavel,0.9628,agrosmart-v1,simulado,sim-2026-08
2dbdef7d-2e83-5432-80f7-91420d4eb741,TI-04_20260821_0002.jpg,2026-08-21 09:29:24,TI-04,drone,doente,mosca_minadora,0.9885,agrosmart-v1,simulado,sim-2026-08
73f8e298-0cae-5624-9b5b-7c37d3ee6272,SC-02_20260821_0008.jpg,2026-08-21 09:29:38,SC-02,smartphone,saudavel,saudavel,0.8467,agrosmart-v1,simulado,sim-2026-08
5e8065b1-6a35-514e-acf4-046540647fd5,SC-02_20260821_0009.jpg,2026-08-21 09:30:04,SC-02,smartphone,saudavel,saudavel,0.8526,agrosmart-v1,simulado,sim-2026-08
fad928e5-2336-52d4-a84d-c8e51754c963,TI-04_20260821_0003.jpg,2026-08-21 09:30:05,TI-04,drone,saudavel,saudavel,0.8972,agrosmart-v1,simulado,sim-2026-08
994979c3-0dab-5aca-806a-f3e84cfccd47,TI-04_20260821_0004.jpg,2026-08-21 09:30:44,TI-04,drone,saudavel,saudavel,0.9994,agrosmart-v1,simulado,sim-2026-08
38d53b40-6067-5cb0-be07-adb78103645d,SC-02_20260821_0010.jpg,2026-08-21 09:30:59,SC-02,smartphone,saudavel,saudavel,0.8401,agrosmart-v1,simulado,sim-2026-08
a989d2ac-6512-58cd-b1df-b2f2fd736fce,TI-04_20260821_0005.jpg,2026-08-21 09:31:29,TI-04,drone,saudavel,saudavel,0.9324,agrosmart-v1,simulado,sim-2026-08
3a94e17c-25ab-551f-9853-5fa6889a1f32,SC-02_20260821_0011.jpg,2026-08-21 09:31:39,SC-02,smartphone,saudavel,saudavel,0.9996,agrosmart-v1,simulado,sim-2026-08
7a24052d-5ca9-5399-ba6d-2b0d2c1190e2,SC-02_20260821_0012.jpg,2026-08-21 09:32:03,SC-02,smartphone,saudavel,saudavel,0.9544,agrosmart-v1,simulado,sim-2026-08
db647d07-8efa-5d84-b43c-c2580eeb658c,TI-04_20260821_0006.jpg,2026-08-21 09:32:24,TI-04,drone,saudavel,saudavel,0.9965,agrosmart-v1,simulado,sim-2026-08
1065ee8c-fa70-5e0c-8b59-02c12a6f69e8,SC-02_20260821_0013.jpg,2026-08-21 09:32:45,SC-02,smartphone,saudavel,saudavel,0.9952,agrosmart-v1,simulado,sim-2026-08
30fc36f3-58d0-51ee-8de9-26bf839436c3,TI-04_20260821_0007.jpg,2026-08-21 09:32:53,TI-04,drone,saudavel,saudavel,0.9513,agrosmart-v1,simulado,sim-2026-08
c900617f-930c-5698-8c80-2d9c80b62faf,TI-04_20260821_0008.jpg,2026-08-21 09:33:24,TI-04,drone,saudavel,saudavel,0.8277,agrosmart-v1,simulado,sim-2026-08
88621668-23af-5ed1-b2ea-4e5c7f967ccc,SC-02_20260821_0014.jpg,2026-08-21 09:33:40,SC-02,smartphone,saudavel,saudavel,0.9944,agrosmart-v1,simulado,sim-2026-08
a517473e-1ad4-5d0b-bb69-bd7b03528f58,TI-04_20260821_0009.jpg,2026-08-21 09:34:10,TI-04,drone,saudavel,saudavel,0.9470,agrosmart-v1,simulado,sim-2026-08
6c463791-31be-5962-8de7-51657fa8b506,SC-02_20260821_0015.jpg,2026-08-21 09:34:12,SC-02,smartphone,doente,requeima,0.9289,agrosmart-v1,simulado,sim-2026-08
9e942f46-fa5d-5d1d-9bed-3f0c4a3d2039,SC-02_20260821_0016.jpg,2026-08-21 09:34:44,SC-02,smartphone,doente,requeima,0.9474,agrosmart-v1,simulado,sim-2026-08
6fb39c68-d162-52cf-a919-63f9865a40e8,TI-04_20260821_0010.jpg,2026-08-21 09:35:10,TI-04,drone,saudavel,saudavel,0.9450,agrosmart-v1,simulado,sim-2026-08
c448f8fa-5b08-540f-bc67-25e50e08c654,TI-04_20260821_0011.jpg,2026-08-21 09:35:26,TI-04,drone,saudavel,saudavel,0.8409,agrosmart-v1,simulado,sim-2026-08
8c8c4492-efd7-547b-b920-c853829d68b0,SC-02_20260821_0017.jpg,2026-08-21 09:35:49,SC-02,smartphone,doente,requeima,0.9613,agrosmart-v1,simulado,sim-2026-08
e040d33d-94b1-5354-878c-5bbbd9355b48,TI-04_20260821_0012.jpg,2026-08-21 09:36:01,TI-04,drone,saudavel,saudavel,0.9688,agrosmart-v1,simulado,sim-2026-08
9939b033-c2ff-58fc-9d4f-245095af4bd9,SC-02_20260821_0018.jpg,2026-08-21 09:36:11,SC-02,smartphone,saudavel,saudavel,0.9704,agrosmart-v1,simulado,sim-2026-08
602fdba3-8f82-5dd3-905e-785edd7d60b3,SC-02_20260821_0019.jpg,2026-08-21 09:36:41,SC-02,smartphone,saudavel,saudavel,0.8609,agrosmart-v1,simulado,sim-2026-08
b380b1ae-3c4b-564e-a6d6-9253f69046c7,TI-04_20260821_0013.jpg,2026-08-21 09:36:54,TI-04,drone,saudavel,saudavel,0.8740,agrosmart-v1,simulado,sim-2026-08
848f5f0e-08b8-5ed7-97ee-f22fa349b5ac,SC-02_20260821_0020.jpg,2026-08-21 09:37:31,SC-02,smartphone,doente,requeima,0.8294,agrosmart-v1,simulado,sim-2026-08
ac658557-2a40-557c-ba3d-8c112d64f4cd,TI-04_20260821_0014.jpg,2026-08-21 09:37:37,TI-04,drone,saudavel,saudavel,0.9473,agrosmart-v1,simulado,sim-2026-08
a6bcb46f-54d9-53cd-b396-501915dbde2b,SC-02_20260821_0021.jpg,2026-08-21 09:38:14,SC-02,smartphone,saudavel,saudavel,0.9994,agrosmart-v1,simulado,sim-2026-08
d6968ae7-e7e5-5d56-985b-a1f9d4935f89,TI-04_20260821_0015.jpg,2026-08-21 09:38:17,TI-04,drone,saudavel,saudavel,0.9730,agrosmart-v1,simulado,sim-2026-08
56098f7a-87a9-5442-a299-8996b9e9e68f,SC-02_20260821_0022.jpg,2026-08-21 09:38:44,SC-02,smartphone,saudavel,saudavel,0.9728,agrosmart-v1,simulado,sim-2026-08
4132eefc-1db4-5a98-9c30-dbb7f0537b23,TI-04_20260821_0016.jpg,2026-08-21 09:39:03,TI-04,drone,saudavel,saudavel,0.9750,agrosmart-v1,simulado,sim-2026-08
1b1bcd91-9f6c-5279-88ff-343f0d3c29fc,SC-02_20260821_0023.jpg,2026-08-21 09:39:35,SC-02,smartphone,saudavel,saudavel,0.9999,agrosmart-v1,simulado,sim-2026-08
1a365454-ea88-5556-afba-30e21dfbb0d6,TI-04_20260821_0017.jpg,2026-08-21 09:39:39,TI-04,drone,saudavel,saudavel,0.9971,agrosmart-v1,simulado,sim-2026-08
bbbe31af-4fe7-505f-a592-11463675d429,SC-02_20260821_0024.jpg,2026-08-21 09:40:06,SC-02,smartphone,doente,requeima,0.9696,agrosmart-v1,simulado,sim-2026-08
d7e002ff-766e-5529-957d-cba27dbffacf,TI-04_20260821_0018.jpg,2026-08-21 09:40:15,TI-04,drone,saudavel,saudavel,0.8873,agrosmart-v1,simulado,sim-2026-08
8f4a4b1e-5d73-5f68-a12a-215d2d29dda8,SC-02_20260821_0025.jpg,2026-08-21 09:40:55,SC-02,smartphone,saudavel,saudavel,0.9897,agrosmart-v1,simulado,sim-2026-08
c9200275-e438-5e6a-9860-e7e04b5f8528,TI-04_20260821_0019.jpg,2026-08-21 09:40:58,TI-04,drone,saudavel,saudavel,0.9636,agrosmart-v1,simulado,sim-2026-08
1aef102e-bd1b-566d-9b1e-e3b15c0c51d1,TI-04_20260821_0020.jpg,2026-08-21 09:41:32,TI-04,drone,saudavel,saudavel,0.9876,agrosmart-v1,simulado,sim-2026-08
11b09017-85a5-594e-bd82-f4431cdd74ae,SC-02_20260821_0026.jpg,2026-08-21 09:41:35,SC-02,smartphone,saudavel,saudavel,0.9899,agrosmart-v1,simulado,sim-2026-08
0a3ac782-0648-5631-8edf-5d358cb8fbc0,TI-04_20260821_0021.jpg,2026-08-21 09:42:19,TI-04,drone,saudavel,saudavel,0.9578,agrosmart-v1,simulado,sim-2026-08
da51ebbe-b619-557f-87af-4d2dc48ca108,SC-02_20260821_0027.jpg,2026-08-21 09:42:25,SC-02,smartphone,saudavel,saudavel,0.9265,agrosmart-v1,simulado,sim-2026-08
081ced2e-af88-5cfd-b89f-7fd265e848f9,TI-04_20260821_0022.jpg,2026-08-21 09:42:45,TI-04,drone,saudavel,saudavel,0.8843,agrosmart-v1,simulado,sim-2026-08
a24b8d3e-6039-5fe5-9b48-3e49a6099856,SC-04_20260821_0001.jpg,2026-08-21 09:42:46,SC-04,smartphone,saudavel,saudavel,0.9653,agrosmart-v1,simulado,sim-2026-08
a160e536-df24-5b77-bc93-b7b20d5ee419,SC-02_20260821_0028.jpg,2026-08-21 09:43:03,SC-02,smartphone,saudavel,saudavel,0.9869,agrosmart-v1,simulado,sim-2026-08
cef70c27-ef8b-5de4-9975-2e99d261eb12,SC-04_20260821_0002.jpg,2026-08-21 09:43:31,SC-04,smartphone,saudavel,saudavel,0.8764,agrosmart-v1,simulado,sim-2026-08
cfa3d136-6f91-5272-8781-8da3e8058488,SC-02_20260821_0029.jpg,2026-08-21 09:43:36,SC-02,smartphone,saudavel,saudavel,0.9728,agrosmart-v1,simulado,sim-2026-08
eb87bb61-0d81-52a0-9c2a-749642a4500a,TI-04_20260821_0023.jpg,2026-08-21 09:43:37,TI-04,drone,saudavel,saudavel,0.9622,agrosmart-v1,simulado,sim-2026-08
d96af0c4-6e19-5064-84ac-09c350082eb9,TI-04_20260821_0024.jpg,2026-08-21 09:44:11,TI-04,drone,saudavel,saudavel,0.9660,agrosmart-v1,simulado,sim-2026-08
8c56024c-6aaf-59dd-aaa3-9ed6a95359cc,SC-04_20260821_0003.jpg,2026-08-21 09:44:20,SC-04,smartphone,saudavel,saudavel,0.9820,agrosmart-v1,simulado,sim-2026-08
ce261dfc-3ae5-55da-bc0e-053d5e31846a,SC-02_20260821_0030.jpg,2026-08-21 09:44:29,SC-02,smartphone,saudavel,saudavel,0.9945,agrosmart-v1,simulado,sim-2026-08
daa5f613-b88b-5f0c-bf75-04cf6263dc52,SC-04_20260821_0004.jpg,2026-08-21 09:44:43,SC-04,smartphone,saudavel,saudavel,0.9930,agrosmart-v1,simulado,sim-2026-08
ec036f76-b6b7-51af-bb6c-7e3315251832,SC-02_20260821_0031.jpg,2026-08-21 09:44:57,SC-02,smartphone,saudavel,saudavel,0.9702,agrosmart-v1,simulado,sim-2026-08
1aafb37c-98d2-553e-ae54-58886f8b6560,TI-04_20260821_0025.jpg,2026-08-21 09:44:58,TI-04,drone,saudavel,saudavel,0.9277,agrosmart-v1,simulado,sim-2026-08
b3a57f9b-6fff-53ca-a46b-8f3818b5bcfa,SC-02_20260821_0032.jpg,2026-08-21 09:45:35,SC-02,smartphone,saudavel,saudavel,0.9804,agrosmart-v1,simulado,sim-2026-08
f6c01e24-ad06-5292-b219-d799d3be6411,SC-04_20260821_0005.jpg,2026-08-21 09:45:43,SC-04,smartphone,doente,requeima,0.9925,agrosmart-v1,simulado,sim-2026-08
8abfbc7e-7587-55e5-8e1d-fe283f4322ac,TI-04_20260821_0026.jpg,2026-08-21 09:45:47,TI-04,drone,saudavel,saudavel,0.9791,agrosmart-v1,simulado,sim-2026-08
c9ef6969-8bdf-5391-9827-c5327952ce37,SC-04_20260821_0006.jpg,2026-08-21 09:46:00,SC-04,smartphone,saudavel,saudavel,0.9709,agrosmart-v1,simulado,sim-2026-08
2ef60066-855a-5cc6-b389-d6e3305a96bf,TI-04_20260821_0027.jpg,2026-08-21 09:46:29,TI-04,drone,saudavel,saudavel,0.9015,agrosmart-v1,simulado,sim-2026-08
4e16dff0-a777-57f5-b3a0-47bbbb4420c7,TI-04_20260821_0028.jpg,2026-08-21 09:46:52,TI-04,drone,saudavel,saudavel,0.9732,agrosmart-v1,simulado,sim-2026-08
d6e8c240-01a4-5645-86c4-0c10e4e5cb34,SC-04_20260821_0007.jpg,2026-08-21 09:47:00,SC-04,smartphone,doente,vaquinha,0.9947,agrosmart-v1,simulado,sim-2026-08
ab736f3a-77af-5867-a1fe-8eb283b36322,SC-01_20260821_0001.jpg,2026-08-21 09:47:09,SC-01,smartphone,saudavel,saudavel,0.8682,agrosmart-v1,simulado,sim-2026-08
a620e352-42af-516e-9fbe-0dc11cd40590,SC-04_20260821_0008.jpg,2026-08-21 09:47:27,SC-04,smartphone,saudavel,saudavel,0.9987,agrosmart-v1,simulado,sim-2026-08
5d508d85-0a22-5969-a279-3639531530af,SC-01_20260821_0002.jpg,2026-08-21 09:47:43,SC-01,smartphone,saudavel,saudavel,0.8560,agrosmart-v1,simulado,sim-2026-08
01492076-ab7b-52c8-9c14-5013c2843c39,TI-04_20260821_0029.jpg,2026-08-21 09:47:46,TI-04,drone,saudavel,saudavel,0.9689,agrosmart-v1,simulado,sim-2026-08
8c239f03-1e61-5d93-bca3-d71d23f4e253,TI-04_20260821_0030.jpg,2026-08-21 09:48:04,TI-04,drone,saudavel,saudavel,0.9946,agrosmart-v1,simulado,sim-2026-08
e4832566-cc84-5eae-be3a-4477f7ecdd83,SC-04_20260821_0009.jpg,2026-08-21 09:48:22,SC-04,smartphone,saudavel,saudavel,0.8667,agrosmart-v1,simulado,sim-2026-08
61baedfe-4cda-50fc-ac94-6ef43cd263e4,SC-01_20260821_0003.jpg,2026-08-21 09:48:26,SC-01,smartphone,saudavel,saudavel,0.8694,agrosmart-v1,simulado,sim-2026-08
ca4795e9-8fff-5b00-ab24-5384720ab470,SC-01_20260821_0004.jpg,2026-08-21 09:48:53,SC-01,smartphone,doente,requeima,0.9924,agrosmart-v1,simulado,sim-2026-08
2b8d3ddd-5c63-5b95-99d6-b8e807e6ec12,TI-04_20260821_0031.jpg,2026-08-21 09:48:54,TI-04,drone,saudavel,saudavel,0.8923,agrosmart-v1,simulado,sim-2026-08
92e0e8a1-63b1-56c2-ae24-725d00e5ef0d,SC-04_20260821_0010.jpg,2026-08-21 09:48:56,SC-04,smartphone,saudavel,saudavel,0.9123,agrosmart-v1,simulado,sim-2026-08
31887d20-3620-573b-994f-3dce8690cf98,SC-01_20260821_0005.jpg,2026-08-21 09:49:25,SC-01,smartphone,saudavel,saudavel,0.9214,agrosmart-v1,simulado,sim-2026-08
9895e899-c305-582e-a036-6ef6c424e9c4,SC-04_20260821_0011.jpg,2026-08-21 09:49:32,SC-04,smartphone,saudavel,saudavel,0.8985,agrosmart-v1,simulado,sim-2026-08
13616340-88cd-5352-80b6-31b26f90dee8,TI-04_20260821_0032.jpg,2026-08-21 09:49:40,TI-04,drone,saudavel,saudavel,0.9940,agrosmart-v1,simulado,sim-2026-08
81677514-f1bc-518b-b8ed-c0ccb8105e45,SC-01_20260821_0006.jpg,2026-08-21 09:50:02,SC-01,smartphone,saudavel,saudavel,0.9884,agrosmart-v1,simulado,sim-2026-08
fc8c77a7-e391-5d49-b342-796d1bc7893f,SC-04_20260821_0012.jpg,2026-08-21 09:50:05,SC-04,smartphone,saudavel,saudavel,0.8967,agrosmart-v1,simulado,sim-2026-08
4f65b863-60a3-57d7-b1a7-607b33c2eda8,TI-04_20260821_0033.jpg,2026-08-21 09:50:27,TI-04,drone,saudavel,saudavel,0.9646,agrosmart-v1,simulado,sim-2026-08
1b8611ac-9684-5ff8-8358-b210e6555450,SC-01_20260821_0007.jpg,2026-08-21 09:50:50,SC-01,smartphone,saudavel,saudavel,0.9219,agrosmart-v1,simulado,sim-2026-08
94f83b80-ccaa-59ed-b5ac-6226bd8322dc,SC-04_20260821_0013.jpg,2026-08-21 09:51:03,SC-04,smartphone,saudavel,saudavel,0.8612,agrosmart-v1,simulado,sim-2026-08
64520f05-2615-5334-b4e2-0ac730a97031,TI-04_20260821_0034.jpg,2026-08-21 09:51:05,TI-04,drone,saudavel,saudavel,0.9463,agrosmart-v1,simulado,sim-2026-08
18099dbb-ad58-5b82-a162-b7c0833411ec,SC-01_20260821_0008.jpg,2026-08-21 09:51:24,SC-01,smartphone,saudavel,saudavel,0.8980,agrosmart-v1,simulado,sim-2026-08
f75bdceb-2fe6-5947-a473-66a4cbee69df,SC-04_20260821_0014.jpg,2026-08-21 09:51:27,SC-04,smartphone,saudavel,saudavel,0.9979,agrosmart-v1,simulado,sim-2026-08
ceb18647-f017-5939-bf03-f1dc28876047,TI-04_20260821_0035.jpg,2026-08-21 09:51:31,TI-04,drone,saudavel,saudavel,0.9232,agrosmart-v1,simulado,sim-2026-08
7ff34f77-d765-51c1-af9a-79f498409618,SC-04_20260821_0015.jpg,2026-08-21 09:52:05,SC-04,smartphone,saudavel,saudavel,0.9821,agrosmart-v1,simulado,sim-2026-08
5ca6117b-05e5-5331-94d9-6599cc1b2f9e,SC-01_20260821_0009.jpg,2026-08-21 09:52:07,SC-01,smartphone,saudavel,saudavel,0.9993,agrosmart-v1,simulado,sim-2026-08
d20afcc3-bea3-5a33-aebd-3f404c2dd982,TI-04_20260821_0036.jpg,2026-08-21 09:52:10,TI-04,drone,saudavel,saudavel,0.8708,agrosmart-v1,simulado,sim-2026-08
81697a34-07e5-5ec2-a4f1-cba310c1c62b,SC-04_20260821_0016.jpg,2026-08-21 09:52:42,SC-04,smartphone,saudavel,saudavel,0.9649,agrosmart-v1,simulado,sim-2026-08
321c02ce-b065-58c2-bb5b-7113fad6ef86,TI-04_20260821_0037.jpg,2026-08-21 09:53:02,TI-04,drone,saudavel,saudavel,0.9803,agrosmart-v1,simulado,sim-2026-08
a74c0b8c-1d1f-58c7-9a04-c96a6400a1f5,SC-01_20260821_0010.jpg,2026-08-21 09:53:08,SC-01,smartphone,saudavel,saudavel,0.9008,agrosmart-v1,simulado,sim-2026-08
5dd3ea89-584a-5585-86a6-f46f46feece0,SC-01_20260821_0011.jpg,2026-08-21 09:53:33,SC-01,smartphone,saudavel,saudavel,0.9877,agrosmart-v1,simulado,sim-2026-08
d94b3e29-f226-5f1f-bc3e-64c1cde6402f,TI-04_20260821_0038.jpg,2026-08-21 09:53:47,TI-04,drone,saudavel,saudavel,0.6262,agrosmart-v1,simulado,sim-2026-08
76b08e38-1c7b-53c6-90ef-0ca102dc6302,SC-04_20260821_0017.jpg,2026-08-21 09:53:50,SC-04,smartphone,saudavel,saudavel,0.9939,agrosmart-v1,simulado,sim-2026-08
fdb0bf55-d0d9-55eb-8b6d-885f56800852,SC-04_20260821_0018.jpg,2026-08-21 09:54:06,SC-04,smartphone,saudavel,saudavel,0.8275,agrosmart-v1,simulado,sim-2026-08
4366f850-c116-54cd-b376-48344d0f78fb,SC-01_20260821_0012.jpg,2026-08-21 09:54:16,SC-01,smartphone,doente,requeima,0.8405,agrosmart-v1,simulado,sim-2026-08
22b8682e-d999-54c4-9145-e209cf31c94c,SC-01_20260821_0013.jpg,2026-08-21 09:54:43,SC-01,smartphone,saudavel,saudavel,0.9794,agrosmart-v1,simulado,sim-2026-08
8df95d01-6f66-56d5-b5d1-9a3e605ad9a2,SC-04_20260821_0019.jpg,2026-08-21 09:54:44,SC-04,smartphone,saudavel,saudavel,0.9809,agrosmart-v1,simulado,sim-2026-08
617107f5-22ca-5ee2-a3d2-cb7f708ab3bb,SC-01_20260821_0014.jpg,2026-08-21 09:55:28,SC-01,smartphone,saudavel,saudavel,0.9679,agrosmart-v1,simulado,sim-2026-08
165cb9d6-793c-5f7b-8720-00cea6642d6a,SC-01_20260821_0015.jpg,2026-08-21 09:56:02,SC-01,smartphone,saudavel,saudavel,0.9559,agrosmart-v1,simulado,sim-2026-08
5ef2ba58-dbb2-5245-bb0c-0f7b0d72dc99,SC-01_20260821_0016.jpg,2026-08-21 09:56:50,SC-01,smartphone,saudavel,saudavel,0.8458,agrosmart-v1,simulado,sim-2026-08
de3de4e9-f51f-5f51-9f83-60a668cb8442,SC-01_20260821_0017.jpg,2026-08-21 09:57:33,SC-01,smartphone,doente,mosca_minadora,0.9868,agrosmart-v1,simulado,sim-2026-08
58f64a63-a526-5dcb-852f-619cf2a8859f,SC-01_20260821_0018.jpg,2026-08-21 09:58:00,SC-01,smartphone,saudavel,saudavel,0.8907,agrosmart-v1,simulado,sim-2026-08
8815cdb6-4b29-5196-9c57-855d926a46a7,SC-01_20260821_0019.jpg,2026-08-21 09:58:49,SC-01,smartphone,saudavel,saudavel,0.9140,agrosmart-v1,simulado,sim-2026-08
d9e43f66-4606-589c-962f-bc03279a7dee,SC-01_20260821_0020.jpg,2026-08-21 09:59:49,SC-01,smartphone,saudavel,saudavel,0.8439,agrosmart-v1,simulado,sim-2026-08
f0a32cbc-4419-56ba-8b37-5d3733c5d96e,SC-01_20260821_0021.jpg,2026-08-21 10:00:09,SC-01,smartphone,saudavel,saudavel,0.9007,agrosmart-v1,simulado,sim-2026-08
8ff6cbe0-e15d-5444-b0ae-157daf767e30,SC-01_20260821_0022.jpg,2026-08-21 10:01:00,SC-01,smartphone,saudavel,saudavel,0.9159,agrosmart-v1,simulado,sim-2026-08
9a67e914-c6f0-511b-94cc-d5a26b5cecbd,SC-01_20260821_0023.jpg,2026-08-21 10:01:37,SC-01,smartphone,saudavel,saudavel,0.9158,agrosmart-v1,simulado,sim-2026-08
902ab8b9-a932-5c4c-be58-d4d922cbe952,SC-01_20260821_0024.jpg,2026-08-21 10:02:17,SC-01,smartphone,saudavel,saudavel,0.8743,agrosmart-v1,simulado,sim-2026-08
83a12d77-687f-5496-b114-cf1608e13bf3,SC-01_20260821_0025.jpg,2026-08-21 10:02:54,SC-01,smartphone,saudavel,saudavel,0.9995,agrosmart-v1,simulado,sim-2026-08
249a179a-97ae-524e-96ef-d5bc1c4fc771,SC-01_20260821_0026.jpg,2026-08-21 10:03:44,SC-01,smartphone,saudavel,saudavel,0.8257,agrosmart-v1,simulado,sim-2026-08
7e3b3563-0fb2-5501-8441-92986f410d6c,SC-01_20260821_0027.jpg,2026-08-21 10:04:22,SC-01,smartphone,saudavel,saudavel,0.9276,agrosmart-v1,simulado,sim-2026-08
286dab92-b384-56e3-bbd4-357643a6fc73,SC-01_20260821_0028.jpg,2026-08-21 10:05:00,SC-01,smartphone,saudavel,saudavel,0.9831,agrosmart-v1,simulado,sim-2026-08
a6f8dd84-489c-5c0f-9776-2c7ca80948e0,SC-01_20260821_0029.jpg,2026-08-21 10:05:27,SC-01,smartphone,saudavel,saudavel,0.9911,agrosmart-v1,simulado,sim-2026-08
2e507962-3b72-5655-b0ee-d26797c37102,SC-01_20260821_0030.jpg,2026-08-21 10:06:26,SC-01,smartphone,saudavel,saudavel,0.9333,agrosmart-v1,simulado,sim-2026-08
3ac3c453-7794-5b09-8b93-c18ac2d80507,SC-01_20260821_0031.jpg,2026-08-21 10:07:04,SC-01,smartphone,saudavel,saudavel,0.9998,agrosmart-v1,simulado,sim-2026-08
5755c167-ef92-5368-aaf8-c4593d92c04c,SC-01_20260821_0032.jpg,2026-08-21 10:07:36,SC-01,smartphone,saudavel,saudavel,0.9956,agrosmart-v1,simulado,sim-2026-08
ed4323e4-002c-5e37-92e3-e019cfbcbda7,SC-01_20260821_0033.jpg,2026-08-21 10:08:26,SC-01,smartphone,saudavel,saudavel,0.9202,agrosmart-v1,simulado,sim-2026-08
5b47465f-ba85-57bc-9651-b2dbaf620024,SC-01_20260821_0034.jpg,2026-08-21 10:08:55,SC-01,smartphone,saudavel,saudavel,0.9816,agrosmart-v1,simulado,sim-2026-08
811305c7-7c2e-5788-98d0-3a2e19b7330f,SC-01_20260821_0035.jpg,2026-08-21 10:09:20,SC-01,smartphone,saudavel,saudavel,0.9917,agrosmart-v1,simulado,sim-2026-08
128b8753-54c1-547a-b263-8664cd35b802,SC-01_20260821_0036.jpg,2026-08-21 10:10:29,SC-01,smartphone,doente,requeima,0.9516,agrosmart-v1,simulado,sim-2026-08
cdf810bd-1c67-52d1-8c22-9ab730bc3a2e,BV-02_20260824_0001.jpg,2026-08-24 07:06:41,BV-02,smartphone,saudavel,saudavel,0.9815,agrosmart-v1,simulado,sim-2026-08
26d795dc-c1e8-5613-b3be-2a10b6bc1a0e,BV-02_20260824_0002.jpg,2026-08-24 07:07:46,BV-02,smartphone,saudavel,saudavel,0.8724,agrosmart-v1,simulado,sim-2026-08
1c5a0d0b-ee1c-5f93-a06c-cd69dd6f5c76,BV-02_20260824_0003.jpg,2026-08-24 07:08:02,BV-02,smartphone,saudavel,saudavel,0.9707,agrosmart-v1,simulado,sim-2026-08
6574f14f-8ef9-59cd-82fd-4ca89eb4a8c7,SC-02_20260824_0001.jpg,2026-08-24 07:08:46,SC-02,smartphone,saudavel,saudavel,0.9067,agrosmart-v1,simulado,sim-2026-08
c3934aa5-9a7a-57a1-9c38-5a4490062e87,BV-02_20260824_0004.jpg,2026-08-24 07:09:01,BV-02,smartphone,saudavel,saudavel,0.9955,agrosmart-v1,simulado,sim-2026-08
d845dc57-100a-5e82-b839-d61e2d53d1d3,SC-02_20260824_0002.jpg,2026-08-24 07:09:32,SC-02,smartphone,doente,requeima,0.9650,agrosmart-v1,simulado,sim-2026-08
b4695964-e2ef-59b7-b453-d9250a921ee8,BV-02_20260824_0005.jpg,2026-08-24 07:09:41,BV-02,smartphone,saudavel,saudavel,0.9868,agrosmart-v1,simulado,sim-2026-08
7c235382-9359-5abf-bb43-4ff13596dfd9,SC-02_20260824_0003.jpg,2026-08-24 07:10:12,SC-02,smartphone,saudavel,saudavel,0.9184,agrosmart-v1,simulado,sim-2026-08
7c577337-d114-522c-830e-bcc0543ec335,BV-02_20260824_0006.jpg,2026-08-24 07:10:21,BV-02,smartphone,saudavel,saudavel,0.8530,agrosmart-v1,simulado,sim-2026-08
557c4ba9-7054-5c28-917f-dccb0270efd5,BV-02_20260824_0007.jpg,2026-08-24 07:11:03,BV-02,smartphone,saudavel,saudavel,0.9397,agrosmart-v1,simulado,sim-2026-08
8fecd530-a82b-5dc4-96de-300f67490348,SC-02_20260824_0004.jpg,2026-08-24 07:11:09,SC-02,smartphone,saudavel,saudavel,0.9779,agrosmart-v1,simulado,sim-2026-08
47d74169-34b2-5095-aa1a-e6a3151c0b4c,SC-02_20260824_0005.jpg,2026-08-24 07:11:24,SC-02,smartphone,saudavel,saudavel,0.9809,agrosmart-v1,simulado,sim-2026-08
5d5fb0a5-cfb4-5f66-b037-65a8c2581b6d,BV-02_20260824_0008.jpg,2026-08-24 07:11:49,BV-02,smartphone,saudavel,saudavel,0.9205,agrosmart-v1,simulado,sim-2026-08
922da1c3-ffc4-5bcf-bf90-c2097306ade7,BV-02_20260824_0009.jpg,2026-08-24 07:12:01,BV-02,smartphone,saudavel,saudavel,0.9905,agrosmart-v1,simulado,sim-2026-08
a4112425-7ed7-56f6-b553-2538468341dd,SC-02_20260824_0006.jpg,2026-08-24 07:12:25,SC-02,smartphone,saudavel,saudavel,0.8363,agrosmart-v1,simulado,sim-2026-08
3f9d4371-a65b-56ee-8b2c-74fb8971a445,SC-02_20260824_0007.jpg,2026-08-24 07:13:01,SC-02,smartphone,saudavel,saudavel,0.9745,agrosmart-v1,simulado,sim-2026-08
36ce281b-b205-5a94-a84a-3946e98f6c52,BV-02_20260824_0010.jpg,2026-08-24 07:13:08,BV-02,smartphone,saudavel,saudavel,0.8876,agrosmart-v1,simulado,sim-2026-08
24059b12-9f3e-54d7-9aa9-e93336f2090c,BV-02_20260824_0011.jpg,2026-08-24 07:13:31,BV-02,smartphone,saudavel,saudavel,0.9560,agrosmart-v1,simulado,sim-2026-08
1cb56731-8887-517f-99b2-831762773883,SC-02_20260824_0008.jpg,2026-08-24 07:13:33,SC-02,smartphone,saudavel,saudavel,0.9841,agrosmart-v1,simulado,sim-2026-08
5b3c7c9e-db5f-5ed4-a1c8-7147219d8d6f,BV-02_20260824_0012.jpg,2026-08-24 07:14:07,BV-02,smartphone,saudavel,saudavel,0.9855,agrosmart-v1,simulado,sim-2026-08
b35441f3-0534-5016-93a6-be940c2cacfb,SC-02_20260824_0009.jpg,2026-08-24 07:14:19,SC-02,smartphone,saudavel,saudavel,0.9995,agrosmart-v1,simulado,sim-2026-08
09c061c3-af64-5017-8a2e-7c34d4f1bb91,SC-02_20260824_0010.jpg,2026-08-24 07:14:47,SC-02,smartphone,saudavel,saudavel,0.8993,agrosmart-v1,simulado,sim-2026-08
fe76071a-d2cc-5246-a465-27270bc6d5f4,BV-02_20260824_0013.jpg,2026-08-24 07:15:02,BV-02,smartphone,saudavel,saudavel,0.9910,agrosmart-v1,simulado,sim-2026-08
9fd30f60-7281-5516-b61d-1b3c0b022d08,SC-02_20260824_0011.jpg,2026-08-24 07:15:29,SC-02,smartphone,saudavel,saudavel,0.8439,agrosmart-v1,simulado,sim-2026-08
aa6da84b-c07d-5b6c-9779-ca88aa2406ab,BV-02_20260824_0014.jpg,2026-08-24 07:15:31,BV-02,smartphone,saudavel,saudavel,0.8440,agrosmart-v1,simulado,sim-2026-08
0a4f7904-47cf-5917-91f8-f839ec3800a3,SC-02_20260824_0012.jpg,2026-08-24 07:16:08,SC-02,smartphone,saudavel,saudavel,0.9632,agrosmart-v1,simulado,sim-2026-08
2ef1e6d3-619f-5c16-b5d5-6277e01d2458,BV-02_20260824_0015.jpg,2026-08-24 07:16:27,BV-02,smartphone,saudavel,saudavel,0.9192,agrosmart-v1,simulado,sim-2026-08
2f8277b5-9ac1-59b3-be7f-e67de82d4cb5,BV-02_20260824_0016.jpg,2026-08-24 07:16:49,BV-02,smartphone,saudavel,saudavel,0.8591,agrosmart-v1,simulado,sim-2026-08
db49632f-99f1-575f-9ab2-0c07f42e713d,SC-02_20260824_0013.jpg,2026-08-24 07:17:07,SC-02,smartphone,saudavel,saudavel,0.9698,agrosmart-v1,simulado,sim-2026-08
1e20686c-3e3f-518c-945d-5abb33ff3c15,SC-02_20260824_0014.jpg,2026-08-24 07:17:32,SC-02,smartphone,saudavel,saudavel,0.9834,agrosmart-v1,simulado,sim-2026-08
1e6048a3-7c21-577b-b708-7684fd825441,BV-02_20260824_0017.jpg,2026-08-24 07:17:42,BV-02,smartphone,saudavel,saudavel,0.8745,agrosmart-v1,simulado,sim-2026-08
bb66fa70-35ae-5b4b-af7c-27a258aabc10,SC-02_20260824_0015.jpg,2026-08-24 07:18:00,SC-02,smartphone,saudavel,saudavel,0.9772,agrosmart-v1,simulado,sim-2026-08
cc4c2133-215d-564f-ad75-841a746abcf4,BV-02_20260824_0018.jpg,2026-08-24 07:18:17,BV-02,smartphone,saudavel,saudavel,0.9874,agrosmart-v1,simulado,sim-2026-08
a3ece377-9815-50c1-a2d3-a919efeba63b,BV-02_20260824_0019.jpg,2026-08-24 07:18:40,BV-02,smartphone,saudavel,saudavel,0.9529,agrosmart-v1,simulado,sim-2026-08
e6c9f077-99cf-5f0a-b1df-a0841b91f7f6,SC-02_20260824_0016.jpg,2026-08-24 07:19:10,SC-02,smartphone,saudavel,saudavel,0.9963,agrosmart-v1,simulado,sim-2026-08
279f3d12-3a81-563b-bf89-6cd2573a0ab9,SC-02_20260824_0017.jpg,2026-08-24 07:19:25,SC-02,smartphone,saudavel,saudavel,0.9767,agrosmart-v1,simulado,sim-2026-08
fb35b0ac-1fea-543b-a475-0043598198df,BV-02_20260824_0020.jpg,2026-08-24 07:19:34,BV-02,smartphone,saudavel,saudavel,0.6714,agrosmart-v1,simulado,sim-2026-08
1a80149c-fc52-54a2-8dd1-f6730a87b338,BV-02_20260824_0021.jpg,2026-08-24 07:20:04,BV-02,smartphone,saudavel,saudavel,0.8432,agrosmart-v1,simulado,sim-2026-08
7e75d686-59f4-5d63-a4b6-f99894eda506,SC-02_20260824_0018.jpg,2026-08-24 07:20:08,SC-02,smartphone,saudavel,saudavel,0.9961,agrosmart-v1,simulado,sim-2026-08
af9db3ef-3c54-5d7a-8094-1b6f0fe7b0f3,BV-02_20260824_0022.jpg,2026-08-24 07:20:47,BV-02,smartphone,saudavel,saudavel,0.9702,agrosmart-v1,simulado,sim-2026-08
2bdbf1af-c1ed-5830-96f3-f776679b9d9c,SC-02_20260824_0019.jpg,2026-08-24 07:20:54,SC-02,smartphone,saudavel,saudavel,0.9746,agrosmart-v1,simulado,sim-2026-08
3ff54f4d-e9a1-5c04-b307-f836a55b14d9,SC-02_20260824_0020.jpg,2026-08-24 07:21:22,SC-02,smartphone,saudavel,saudavel,0.8400,agrosmart-v1,simulado,sim-2026-08
67c23bf0-e87c-569f-9161-ea061ec0b216,BV-02_20260824_0023.jpg,2026-08-24 07:21:24,BV-02,smartphone,saudavel,saudavel,0.7813,agrosmart-v1,simulado,sim-2026-08
243635f2-a1de-5c0c-9170-22cf63cffc6c,SC-02_20260824_0021.jpg,2026-08-24 07:22:12,SC-02,smartphone,saudavel,saudavel,0.9247,agrosmart-v1,simulado,sim-2026-08
60c53d25-5026-5e3a-949d-ebf287c303e8,BV-02_20260824_0024.jpg,2026-08-24 07:22:24,BV-02,smartphone,saudavel,saudavel,0.9486,agrosmart-v1,simulado,sim-2026-08
66bb80a7-028c-5362-8f70-082563949ff2,TI-02_20260824_0001.jpg,2026-08-24 07:22:41,TI-02,drone,saudavel,saudavel,0.9609,agrosmart-v1,simulado,sim-2026-08
540986e0-f8f0-5d59-9188-4e3c5ec7be42,BV-02_20260824_0025.jpg,2026-08-24 07:22:56,BV-02,smartphone,saudavel,saudavel,0.9997,agrosmart-v1,simulado,sim-2026-08
87bce11c-9770-58f8-a49d-28ed6d277447,SC-02_20260824_0022.jpg,2026-08-24 07:23:04,SC-02,smartphone,saudavel,saudavel,0.9303,agrosmart-v1,simulado,sim-2026-08
7eb1274e-9523-50d1-a108-cd9b6593ba2c,SC-02_20260824_0023.jpg,2026-08-24 07:23:27,SC-02,smartphone,saudavel,saudavel,0.9670,agrosmart-v1,simulado,sim-2026-08
f74daa11-8298-55f7-adc7-050218cb7b96,TI-02_20260824_0002.jpg,2026-08-24 07:23:27,TI-02,drone,saudavel,saudavel,0.9508,agrosmart-v1,simulado,sim-2026-08
13d9ad0b-bcb9-572e-9436-eeac48f4cc6e,BV-02_20260824_0026.jpg,2026-08-24 07:23:28,BV-02,smartphone,saudavel,saudavel,0.9959,agrosmart-v1,simulado,sim-2026-08
41a00741-9942-55c5-9a79-f6cd0eb45674,SC-02_20260824_0024.jpg,2026-08-24 07:24:12,SC-02,smartphone,saudavel,saudavel,0.9901,agrosmart-v1,simulado,sim-2026-08
7463a8da-217d-58a7-aa78-7802db228be8,BV-02_20260824_0027.jpg,2026-08-24 07:24:16,BV-02,smartphone,saudavel,saudavel,0.9403,agrosmart-v1,simulado,sim-2026-08
381f4406-2b17-5eb0-8424-bce0e31af1b4,TI-02_20260824_0003.jpg,2026-08-24 07:24:17,TI-02,drone,saudavel,saudavel,0.9917,agrosmart-v1,simulado,sim-2026-08
a8dad136-9943-5b0b-a47d-82bb886c57df,TI-02_20260824_0004.jpg,2026-08-24 07:24:57,TI-02,drone,saudavel,saudavel,0.9627,agrosmart-v1,simulado,sim-2026-08
278bb145-dfa7-5f4f-8ea4-3cf16acf8e10,BV-02_20260824_0028.jpg,2026-08-24 07:24:59,BV-02,smartphone,saudavel,saudavel,0.9986,agrosmart-v1,simulado,sim-2026-08
d7ab3985-e445-55d9-96d8-65da601f77c7,SC-02_20260824_0025.jpg,2026-08-24 07:24:59,SC-02,smartphone,saudavel,saudavel,0.8453,agrosmart-v1,simulado,sim-2026-08
e9aad044-15d8-54a3-a6ce-ed736ec68a94,SC-02_20260824_0026.jpg,2026-08-24 07:25:43,SC-02,smartphone,doente,mosca_minadora,0.8381,agrosmart-v1,simulado,sim-2026-08
9943a4c4-1c2f-548d-a1b7-a9b2ddcb9537,TI-02_20260824_0005.jpg,2026-08-24 07:25:44,TI-02,drone,saudavel,saudavel,0.9709,agrosmart-v1,simulado,sim-2026-08
d9d40ca6-f9c9-53eb-85d9-e825330b7ba0,BV-02_20260824_0029.jpg,2026-08-24 07:25:46,BV-02,smartphone,saudavel,saudavel,0.8555,agrosmart-v1,simulado,sim-2026-08
bfa3d19b-d30d-57ae-aeb6-b417ed15d0de,SC-02_20260824_0027.jpg,2026-08-24 07:26:25,SC-02,smartphone,saudavel,saudavel,1.0000,agrosmart-v1,simulado,sim-2026-08
96387148-66db-5c02-9ceb-c41345e64177,TI-02_20260824_0006.jpg,2026-08-24 07:26:27,TI-02,drone,saudavel,saudavel,0.9815,agrosmart-v1,simulado,sim-2026-08
88a87f9b-fc98-582d-8871-422965fb0d6d,TI-02_20260824_0007.jpg,2026-08-24 07:26:56,TI-02,drone,saudavel,saudavel,0.8323,agrosmart-v1,simulado,sim-2026-08
aadf3b60-33d2-5011-81e3-ff8fd5028a0d,SC-02_20260824_0028.jpg,2026-08-24 07:27:01,SC-02,smartphone,saudavel,saudavel,0.9918,agrosmart-v1,simulado,sim-2026-08
1a7239dc-ed3c-5196-9a76-1c1d2bb3421f,TI-02_20260824_0008.jpg,2026-08-24 07:27:26,TI-02,drone,saudavel,saudavel,0.9817,agrosmart-v1,simulado,sim-2026-08
183e35a6-df1a-553c-bdea-34696871ee67,SC-02_20260824_0029.jpg,2026-08-24 07:27:39,SC-02,smartphone,saudavel,saudavel,0.9993,agrosmart-v1,simulado,sim-2026-08
c916dfb6-cc1f-543b-b2d5-9be95e473976,TI-02_20260824_0009.jpg,2026-08-24 07:28:19,TI-02,drone,saudavel,saudavel,0.9206,agrosmart-v1,simulado,sim-2026-08
491c979f-bfee-5430-a265-f76dd4218a6e,SC-02_20260824_0030.jpg,2026-08-24 07:28:26,SC-02,smartphone,saudavel,saudavel,0.9492,agrosmart-v1,simulado,sim-2026-08
b0f8c1d9-b684-5292-a681-02ea36486e8e,SC-02_20260824_0031.jpg,2026-08-24 07:28:50,SC-02,smartphone,saudavel,saudavel,0.8992,agrosmart-v1,simulado,sim-2026-08
365b3918-c3ce-574e-aece-16169b3812b4,TI-02_20260824_0010.jpg,2026-08-24 07:29:07,TI-02,drone,saudavel,saudavel,0.9467,agrosmart-v1,simulado,sim-2026-08
4f2f60db-b512-585e-8649-8a5292559883,SC-02_20260824_0032.jpg,2026-08-24 07:29:36,SC-02,smartphone,saudavel,saudavel,0.8377,agrosmart-v1,simulado,sim-2026-08
d589a836-0f9a-5058-b920-c6c72ce9d38f,TI-02_20260824_0011.jpg,2026-08-24 07:29:39,TI-02,drone,saudavel,saudavel,0.9997,agrosmart-v1,simulado,sim-2026-08
332eeff3-f914-54a3-93eb-ea47110bf783,SC-02_20260824_0033.jpg,2026-08-24 07:30:10,SC-02,smartphone,saudavel,saudavel,0.9432,agrosmart-v1,simulado,sim-2026-08
f81886fe-6ab0-51a7-b183-aa32c67e3f93,TI-02_20260824_0012.jpg,2026-08-24 07:30:25,TI-02,drone,saudavel,saudavel,0.9834,agrosmart-v1,simulado,sim-2026-08
b2ed16ae-373b-5533-a684-85b59496fa24,SC-02_20260824_0034.jpg,2026-08-24 07:30:59,SC-02,smartphone,saudavel,saudavel,0.9425,agrosmart-v1,simulado,sim-2026-08
00b57b9e-e860-5d5f-8684-d7f05f91deff,TI-02_20260824_0013.jpg,2026-08-24 07:31:01,TI-02,drone,saudavel,saudavel,0.9995,agrosmart-v1,simulado,sim-2026-08
4e9b79f1-3b8d-5b4f-9161-ca644c38a690,SC-02_20260824_0035.jpg,2026-08-24 07:31:35,SC-02,smartphone,saudavel,saudavel,0.9780,agrosmart-v1,simulado,sim-2026-08
ce30d3d4-7239-5c72-a738-4fda369070fd,TI-02_20260824_0014.jpg,2026-08-24 07:31:42,TI-02,drone,saudavel,saudavel,0.8923,agrosmart-v1,simulado,sim-2026-08
73678065-dc02-5bff-80fb-5a404714732a,TI-02_20260824_0015.jpg,2026-08-24 07:32:04,TI-02,drone,saudavel,saudavel,0.9870,agrosmart-v1,simulado,sim-2026-08
045f7ee7-f54c-514a-a4fd-890dab2a8bd0,SC-02_20260824_0036.jpg,2026-08-24 07:32:05,SC-02,smartphone,saudavel,saudavel,0.9244,agrosmart-v1,simulado,sim-2026-08
87c61bc8-339e-5a16-8af2-692bb08b9274,TI-02_20260824_0016.jpg,2026-08-24 07:32:48,TI-02,drone,saudavel,saudavel,0.8288,agrosmart-v1,simulado,sim-2026-08
eefb6dee-843e-5e7b-932b-0e400042d9d8,TI-02_20260824_0017.jpg,2026-08-24 07:33:35,TI-02,drone,saudavel,saudavel,0.9579,agrosmart-v1,simulado,sim-2026-08
55ddf0f8-78fe-503c-b4b0-8109317f81a8,TI-02_20260824_0018.jpg,2026-08-24 07:34:29,TI-02,drone,saudavel,saudavel,0.8530,agrosmart-v1,simulado,sim-2026-08
aaa408e9-bfc5-5ad3-ad56-649c9eaa99d3,TI-02_20260824_0019.jpg,2026-08-24 07:35:02,TI-02,drone,saudavel,saudavel,0.9152,agrosmart-v1,simulado,sim-2026-08
a3c5acef-7fb0-5321-84a1-f5732c1b6bfc,TI-02_20260824_0020.jpg,2026-08-24 07:35:33,TI-02,drone,saudavel,saudavel,0.9156,agrosmart-v1,simulado,sim-2026-08
2ed9faf1-111f-53a0-b0da-2b53a08e4ff7,TI-02_20260824_0021.jpg,2026-08-24 07:36:18,TI-02,drone,saudavel,saudavel,0.9665,agrosmart-v1,simulado,sim-2026-08
ff12ba9d-7e81-592f-984a-dc95769cc978,TI-02_20260824_0022.jpg,2026-08-24 07:37:10,TI-02,drone,saudavel,saudavel,1.0000,agrosmart-v1,simulado,sim-2026-08
a54924b6-ac4f-5f2a-9101-986d0b4d40c7,TI-02_20260824_0023.jpg,2026-08-24 07:37:40,TI-02,drone,saudavel,saudavel,0.9438,agrosmart-v1,simulado,sim-2026-08
2257783c-22e0-541f-a8a1-c5ee28d7a6a4,TI-02_20260824_0024.jpg,2026-08-24 07:38:30,TI-02,drone,doente,pinta_preta,0.5476,agrosmart-v1,simulado,sim-2026-08
bb77f0eb-76ae-5a58-b83d-5c801d0396f4,TI-02_20260824_0025.jpg,2026-08-24 07:38:48,TI-02,drone,saudavel,saudavel,0.9960,agrosmart-v1,simulado,sim-2026-08
56ceb10e-24b2-5334-bcfa-f60aa01f18e5,TI-02_20260824_0026.jpg,2026-08-24 07:39:33,TI-02,drone,saudavel,saudavel,0.9822,agrosmart-v1,simulado,sim-2026-08
d73ba21d-6ac1-51ad-97e6-bb965d724ad5,SC-03_20260824_0001.jpg,2026-08-24 07:39:42,SC-03,smartphone,saudavel,saudavel,0.9468,agrosmart-v1,simulado,sim-2026-08
abb72ebb-09dc-554e-b637-9cc35971a030,TI-02_20260824_0027.jpg,2026-08-24 07:40:19,TI-02,drone,doente,pinta_preta,0.9429,agrosmart-v1,simulado,sim-2026-08
d1a19322-364a-5fd4-811b-59996d143d34,SC-03_20260824_0002.jpg,2026-08-24 07:40:23,SC-03,smartphone,saudavel,saudavel,0.9684,agrosmart-v1,simulado,sim-2026-08
e93d0b57-420c-5f29-8526-4b39e3b30323,TI-02_20260824_0028.jpg,2026-08-24 07:40:43,TI-02,drone,doente,pinta_preta,0.9758,agrosmart-v1,simulado,sim-2026-08
eb6c5753-00b3-5fc3-92f3-72ec9560ad0a,SC-03_20260824_0003.jpg,2026-08-24 07:41:26,SC-03,smartphone,saudavel,saudavel,0.8868,agrosmart-v1,simulado,sim-2026-08
9902ff7f-c6bf-5ef6-8de7-4aac74fd8901,TI-02_20260824_0029.jpg,2026-08-24 07:41:49,TI-02,drone,saudavel,saudavel,0.8501,agrosmart-v1,simulado,sim-2026-08
50e42b2b-dca1-5b9a-a4ad-3fd26c2c59bd,SC-03_20260824_0004.jpg,2026-08-24 07:41:59,SC-03,smartphone,saudavel,saudavel,0.9793,agrosmart-v1,simulado,sim-2026-08
4f7902ba-bc1f-5391-83bf-d157b32fd98a,TI-02_20260824_0030.jpg,2026-08-24 07:42:01,TI-02,drone,saudavel,saudavel,0.8739,agrosmart-v1,simulado,sim-2026-08
5ce8bfc8-97a8-52bd-ad34-8e6b2589f0c2,SC-03_20260824_0005.jpg,2026-08-24 07:42:32,SC-03,smartphone,saudavel,saudavel,0.9843,agrosmart-v1,simulado,sim-2026-08
44f69eb1-f034-54ba-9513-64d5461deea3,TI-02_20260824_0031.jpg,2026-08-24 07:43:04,TI-02,drone,saudavel,saudavel,0.8554,agrosmart-v1,simulado,sim-2026-08
e65af2a2-977d-585e-a315-ccdccc7ce086,SC-03_20260824_0006.jpg,2026-08-24 07:43:14,SC-03,smartphone,saudavel,saudavel,0.6162,agrosmart-v1,simulado,sim-2026-08
99f9d02c-f53f-5d08-a32c-2d68be695161,SC-03_20260824_0007.jpg,2026-08-24 07:44:01,SC-03,smartphone,saudavel,saudavel,0.9991,agrosmart-v1,simulado,sim-2026-08
fff12518-24ea-5213-9bfd-86b72f680416,SC-03_20260824_0008.jpg,2026-08-24 07:44:41,SC-03,smartphone,saudavel,saudavel,0.9998,agrosmart-v1,simulado,sim-2026-08
030e906a-46e7-5f5f-85da-2e0ac431db1d,SC-03_20260824_0009.jpg,2026-08-24 07:45:11,SC-03,smartphone,saudavel,saudavel,0.8245,agrosmart-v1,simulado,sim-2026-08
4650b206-e927-5075-9849-2fbe1e8a4f1b,SC-03_20260824_0010.jpg,2026-08-24 07:45:43,SC-03,smartphone,saudavel,saudavel,0.8449,agrosmart-v1,simulado,sim-2026-08
5fb67ad2-92bd-5e99-9aa5-a23de4e8196e,SC-03_20260824_0011.jpg,2026-08-24 07:46:41,SC-03,smartphone,saudavel,saudavel,0.9243,agrosmart-v1,simulado,sim-2026-08
1ced7eff-37f0-508d-a2d0-7dbfc62caaf5,SC-03_20260824_0012.jpg,2026-08-24 07:47:19,SC-03,smartphone,saudavel,saudavel,0.9622,agrosmart-v1,simulado,sim-2026-08
1dcf0c9f-049f-53e3-b6fe-de43670e19b6,SC-03_20260824_0013.jpg,2026-08-24 07:47:51,SC-03,smartphone,saudavel,saudavel,0.9525,agrosmart-v1,simulado,sim-2026-08
15bff0ea-d8b0-55dc-a515-afd7ae961dee,SC-03_20260824_0014.jpg,2026-08-24 07:48:31,SC-03,smartphone,saudavel,saudavel,0.8785,agrosmart-v1,simulado,sim-2026-08
c2393ad1-efa0-578a-a42c-3920e6fcda3a,SC-03_20260824_0015.jpg,2026-08-24 07:49:09,SC-03,smartphone,saudavel,saudavel,0.9810,agrosmart-v1,simulado,sim-2026-08
2c3d30ce-dbc8-5fa1-ba58-85627b333868,SC-03_20260824_0016.jpg,2026-08-24 07:49:43,SC-03,smartphone,saudavel,saudavel,0.9491,agrosmart-v1,simulado,sim-2026-08
721e80e0-6462-515a-8460-e55a1dca0b6c,SC-03_20260824_0017.jpg,2026-08-24 07:50:50,SC-03,smartphone,saudavel,saudavel,0.8712,agrosmart-v1,simulado,sim-2026-08
30cc4163-1ab3-5e9f-86ea-ea9c9ee2a68e,SC-03_20260824_0018.jpg,2026-08-24 07:51:09,SC-03,smartphone,saudavel,saudavel,0.9998,agrosmart-v1,simulado,sim-2026-08
ecc6b513-c5d3-581c-9f83-2b663f5a90da,SC-03_20260824_0019.jpg,2026-08-24 07:51:54,SC-03,smartphone,saudavel,saudavel,0.9015,agrosmart-v1,simulado,sim-2026-08
cdf4f020-024d-5a97-9c35-b692d89b8bf8,SC-03_20260824_0020.jpg,2026-08-24 07:52:44,SC-03,smartphone,saudavel,saudavel,0.9949,agrosmart-v1,simulado,sim-2026-08
4223f43c-53f2-5576-86c0-6e1c437e50c7,SC-03_20260824_0021.jpg,2026-08-24 07:53:17,SC-03,smartphone,saudavel,saudavel,0.9905,agrosmart-v1,simulado,sim-2026-08
dacafbab-f830-5c2d-8eb2-4b591d127ca0,SC-03_20260824_0022.jpg,2026-08-24 07:53:48,SC-03,smartphone,saudavel,saudavel,0.9737,agrosmart-v1,simulado,sim-2026-08
1d89bda4-ee41-52bf-8eda-b21da16f13e8,SC-03_20260824_0023.jpg,2026-08-24 07:54:46,SC-03,smartphone,saudavel,saudavel,0.9036,agrosmart-v1,simulado,sim-2026-08
7a5efc9f-8fd8-5d09-a026-cb7e3ba59c67,SC-03_20260824_0024.jpg,2026-08-24 07:55:16,SC-03,smartphone,saudavel,saudavel,0.9751,agrosmart-v1,simulado,sim-2026-08
a55a2288-4028-5232-bbaf-221aefaa97a0,SC-03_20260824_0025.jpg,2026-08-24 07:55:59,SC-03,smartphone,saudavel,saudavel,0.9852,agrosmart-v1,simulado,sim-2026-08
f873acde-5431-5c04-80bd-9bb580529832,SC-03_20260824_0026.jpg,2026-08-24 07:56:49,SC-03,smartphone,saudavel,saudavel,0.9918,agrosmart-v1,simulado,sim-2026-08
84598b7c-82cc-5241-b404-d8cd67c6b15f,SC-03_20260824_0027.jpg,2026-08-24 07:57:20,SC-03,smartphone,saudavel,saudavel,0.9323,agrosmart-v1,simulado,sim-2026-08
56f3faa7-cc0d-5318-b54e-1f5d592baa2f,SC-03_20260824_0028.jpg,2026-08-24 07:57:47,SC-03,smartphone,saudavel,saudavel,0.9031,agrosmart-v1,simulado,sim-2026-08
695ec0a8-695d-5cab-828b-dadcd322fc67,SC-03_20260824_0029.jpg,2026-08-24 07:58:42,SC-03,smartphone,saudavel,saudavel,0.9680,agrosmart-v1,simulado,sim-2026-08
8c4f119d-bc9b-597a-8e29-380665e7122b,SC-03_20260824_0030.jpg,2026-08-24 07:59:28,SC-03,smartphone,saudavel,saudavel,0.8909,agrosmart-v1,simulado,sim-2026-08
e024b8d5-aaff-5a59-ac37-53238756428b,BV-04_20260824_0001.jpg,2026-08-24 07:59:42,BV-04,smartphone,saudavel,saudavel,0.8828,agrosmart-v1,simulado,sim-2026-08
5b936c1a-6b46-511b-ad72-c3b027e3dd7e,SC-03_20260824_0031.jpg,2026-08-24 07:59:53,SC-03,smartphone,saudavel,saudavel,0.8487,agrosmart-v1,simulado,sim-2026-08
d656a8d4-7c5b-5425-937b-15f4e8b10e5c,SC-03_20260824_0032.jpg,2026-08-24 08:00:20,SC-03,smartphone,saudavel,saudavel,0.9491,agrosmart-v1,simulado,sim-2026-08
9509857b-6885-575c-8ace-815597a871de,BV-04_20260824_0002.jpg,2026-08-24 08:00:48,BV-04,smartphone,saudavel,saudavel,0.9866,agrosmart-v1,simulado,sim-2026-08
15eddd01-31db-501d-afc8-17ec1865b3c2,BV-04_20260824_0003.jpg,2026-08-24 08:01:08,BV-04,smartphone,saudavel,saudavel,0.8707,agrosmart-v1,simulado,sim-2026-08
e055d116-6fa9-596f-bfda-4e6ead6c7540,BV-04_20260824_0004.jpg,2026-08-24 08:01:53,BV-04,smartphone,saudavel,saudavel,0.9999,agrosmart-v1,simulado,sim-2026-08
fac154ac-f5f1-536c-8e5c-1af8bdad4598,BV-04_20260824_0005.jpg,2026-08-24 08:02:20,BV-04,smartphone,saudavel,saudavel,0.9985,agrosmart-v1,simulado,sim-2026-08
42a3a6d3-592f-5a94-9e50-68a6c5837165,BV-04_20260824_0006.jpg,2026-08-24 08:03:20,BV-04,smartphone,saudavel,saudavel,0.9958,agrosmart-v1,simulado,sim-2026-08
b44a4c89-1b56-50d8-8225-c5692eccba41,BV-04_20260824_0007.jpg,2026-08-24 08:04:10,BV-04,smartphone,saudavel,saudavel,0.9508,agrosmart-v1,simulado,sim-2026-08
f7757744-70bd-525b-8e83-064ac97e7bb6,BV-04_20260824_0008.jpg,2026-08-24 08:04:35,BV-04,smartphone,saudavel,saudavel,0.9150,agrosmart-v1,simulado,sim-2026-08
60f2b508-f012-5d42-b3e2-bb09769bf8b6,BV-04_20260824_0009.jpg,2026-08-24 08:05:20,BV-04,smartphone,saudavel,saudavel,0.8321,agrosmart-v1,simulado,sim-2026-08
e5e4005c-52bb-57d0-a3f1-358292eb8519,BV-04_20260824_0010.jpg,2026-08-24 08:06:07,BV-04,smartphone,saudavel,saudavel,0.9725,agrosmart-v1,simulado,sim-2026-08
005f0aa3-b17b-5f4f-9c81-ffff13f0784a,BV-04_20260824_0011.jpg,2026-08-24 08:06:37,BV-04,smartphone,saudavel,saudavel,0.8888,agrosmart-v1,simulado,sim-2026-08
a4619f53-d9dc-5fb4-816b-62c1ba903849,BV-04_20260824_0012.jpg,2026-08-24 08:07:18,BV-04,smartphone,saudavel,saudavel,0.9170,agrosmart-v1,simulado,sim-2026-08
fcf30893-db2e-5073-94ab-89b6d69d1339,BV-04_20260824_0013.jpg,2026-08-24 08:08:05,BV-04,smartphone,saudavel,saudavel,0.9880,agrosmart-v1,simulado,sim-2026-08
977dfd8b-303c-50c5-b511-fbb16fe11850,BV-04_20260824_0014.jpg,2026-08-24 08:08:39,BV-04,smartphone,saudavel,saudavel,0.9703,agrosmart-v1,simulado,sim-2026-08
88d11073-7533-5890-8678-f451ebbbcf84,SC-01_20260824_0001.jpg,2026-08-24 08:09:03,SC-01,smartphone,saudavel,saudavel,0.9948,agrosmart-v1,simulado,sim-2026-08
b98da724-d6ec-5655-be74-5a19f4d197d5,BV-04_20260824_0015.jpg,2026-08-24 08:09:11,BV-04,smartphone,saudavel,saudavel,0.9977,agrosmart-v1,simulado,sim-2026-08
e97ee527-9775-5a34-9803-c9b3421cc8b2,SC-01_20260824_0002.jpg,2026-08-24 08:09:43,SC-01,smartphone,doente,requeima,0.8416,agrosmart-v1,simulado,sim-2026-08
2dd6eadc-2c06-5116-904f-3b268f017c0b,BV-04_20260824_0016.jpg,2026-08-24 08:10:05,BV-04,smartphone,saudavel,saudavel,0.9879,agrosmart-v1,simulado,sim-2026-08
ad505d70-e4ad-5b6c-bad1-26fbd76b7304,SC-01_20260824_0003.jpg,2026-08-24 08:10:11,SC-01,smartphone,doente,requeima,0.9414,agrosmart-v1,simulado,sim-2026-08
877b65ba-a062-504e-ae02-2fd964c084e7,BV-04_20260824_0017.jpg,2026-08-24 08:10:44,BV-04,smartphone,saudavel,saudavel,0.9896,agrosmart-v1,simulado,sim-2026-08
99a59641-84e0-5e9c-aedc-6cf171cc255b,SC-01_20260824_0004.jpg,2026-08-24 08:10:56,SC-01,smartphone,saudavel,saudavel,0.9041,agrosmart-v1,simulado,sim-2026-08
924caa5b-349b-5199-8835-e96183e56ea5,BV-04_20260824_0018.jpg,2026-08-24 08:11:20,BV-04,smartphone,saudavel,saudavel,0.9867,agrosmart-v1,simulado,sim-2026-08
bd7056c1-a3c9-519e-8ffa-89e94ff4834f,SC-01_20260824_0005.jpg,2026-08-24 08:11:36,SC-01,smartphone,saudavel,saudavel,0.8388,agrosmart-v1,simulado,sim-2026-08
2ce60497-c85f-5c49-b867-917d42836cc2,BV-04_20260824_0019.jpg,2026-08-24 08:12:10,BV-04,smartphone,saudavel,saudavel,0.9613,agrosmart-v1,simulado,sim-2026-08
9943c007-0b41-5458-8404-b8fd88215177,SC-01_20260824_0006.jpg,2026-08-24 08:12:19,SC-01,smartphone,saudavel,saudavel,0.8569,agrosmart-v1,simulado,sim-2026-08
24a05b95-fcb8-55fd-b128-8c6c1caf5995,BV-04_20260824_0020.jpg,2026-08-24 08:12:33,BV-04,smartphone,doente,pinta_preta,0.9573,agrosmart-v1,simulado,sim-2026-08
ead3b48b-0a52-54e9-8bdb-7d352022e7e6,SC-01_20260824_0007.jpg,2026-08-24 08:12:53,SC-01,smartphone,saudavel,saudavel,0.9984,agrosmart-v1,simulado,sim-2026-08
d037e88b-eb89-52b2-b1fa-a40da069cbe3,BV-04_20260824_0021.jpg,2026-08-24 08:13:22,BV-04,smartphone,saudavel,saudavel,0.9798,agrosmart-v1,simulado,sim-2026-08
c7d09f2d-da11-573e-a3f4-766f30f6d612,SC-01_20260824_0008.jpg,2026-08-24 08:13:47,SC-01,smartphone,saudavel,saudavel,0.8812,agrosmart-v1,simulado,sim-2026-08
777761e4-1922-5d8b-9279-4e82530d73af,BV-04_20260824_0022.jpg,2026-08-24 08:13:49,BV-04,smartphone,saudavel,saudavel,0.9365,agrosmart-v1,simulado,sim-2026-08
8b86592e-bf18-57e0-ae2c-25107c7c77fc,BV-04_20260824_0023.jpg,2026-08-24 08:14:29,BV-04,smartphone,saudavel,saudavel,0.9730,agrosmart-v1,simulado,sim-2026-08
9e48caf6-4e10-5032-9d38-512c79408392,SC-01_20260824_0009.jpg,2026-08-24 08:14:29,SC-01,smartphone,saudavel,saudavel,0.8762,agrosmart-v1,simulado,sim-2026-08
e7f28d6c-e56d-54a0-918d-488e1c88a0a0,SC-01_20260824_0010.jpg,2026-08-24 08:14:45,SC-01,smartphone,saudavel,saudavel,0.9527,agrosmart-v1,simulado,sim-2026-08
14731e1d-7678-509b-9d71-8fd1b5d97a41,BV-04_20260824_0024.jpg,2026-08-24 08:15:09,BV-04,smartphone,saudavel,saudavel,0.9987,agrosmart-v1,simulado,sim-2026-08
f6897157-23ec-5886-8309-cf01e6a029e1,SC-01_20260824_0011.jpg,2026-08-24 08:15:39,SC-01,smartphone,saudavel,saudavel,0.7838,agrosmart-v1,simulado,sim-2026-08
422c434e-a88c-5047-8451-923fde1a6a61,BV-04_20260824_0025.jpg,2026-08-24 08:16:02,BV-04,smartphone,saudavel,saudavel,0.9130,agrosmart-v1,simulado,sim-2026-08
253e89fc-53a8-5b2f-9fda-5b4eeea7211b,SC-01_20260824_0012.jpg,2026-08-24 08:16:23,SC-01,smartphone,saudavel,saudavel,0.9721,agrosmart-v1,simulado,sim-2026-08
f445b8ae-24e8-5c62-bce9-17dfb4b32cd8,SC-01_20260824_0013.jpg,2026-08-24 08:16:42,SC-01,smartphone,saudavel,saudavel,0.9959,agrosmart-v1,simulado,sim-2026-08
5efc81ae-0d11-5738-b428-c16efd4f1e63,BV-04_20260824_0026.jpg,2026-08-24 08:16:47,BV-04,smartphone,saudavel,saudavel,0.9594,agrosmart-v1,simulado,sim-2026-08
6cf7c328-1553-5de4-ba06-8ef8317e1e6d,BV-04_20260824_0027.jpg,2026-08-24 08:17:00,BV-04,smartphone,saudavel,saudavel,0.9977,agrosmart-v1,simulado,sim-2026-08
07500f71-d7c5-53b3-9bbe-7270bbe2d268,SC-01_20260824_0014.jpg,2026-08-24 08:17:23,SC-01,smartphone,saudavel,saudavel,0.9389,agrosmart-v1,simulado,sim-2026-08
5ecd444e-18d3-5944-8aab-c9100610f1d4,BV-04_20260824_0028.jpg,2026-08-24 08:18:03,BV-04,smartphone,saudavel,saudavel,0.8581,agrosmart-v1,simulado,sim-2026-08
53f0291f-a660-5747-ab40-d9c5435b3320,BV-04_20260824_0029.jpg,2026-08-24 08:18:22,BV-04,smartphone,saudavel,saudavel,0.9641,agrosmart-v1,simulado,sim-2026-08
e34e3e7d-b67d-5f1c-b4a2-181cfc0451ea,SC-01_20260824_0015.jpg,2026-08-24 08:18:28,SC-01,smartphone,saudavel,saudavel,0.8909,agrosmart-v1,simulado,sim-2026-08
378ce3a4-59a7-5abf-91ea-7c275fa17de5,SC-01_20260824_0016.jpg,2026-08-24 08:18:46,SC-01,smartphone,saudavel,saudavel,0.9988,agrosmart-v1,simulado,sim-2026-08
2f2c71bd-9b4d-585e-9418-180340000193,BV-04_20260824_0030.jpg,2026-08-24 08:19:14,BV-04,smartphone,saudavel,saudavel,0.8896,agrosmart-v1,simulado,sim-2026-08
00737bc3-8071-5746-8ad7-5be0e65c70a0,SC-01_20260824_0017.jpg,2026-08-24 08:19:35,SC-01,smartphone,saudavel,saudavel,0.9784,agrosmart-v1,simulado,sim-2026-08
1d9a705a-b1ba-5865-854d-acb4223be246,BV-04_20260824_0031.jpg,2026-08-24 08:19:50,BV-04,smartphone,saudavel,saudavel,0.9901,agrosmart-v1,simulado,sim-2026-08
6b4aa4be-0cf9-5efa-a28b-32d8986a8e22,SC-01_20260824_0018.jpg,2026-08-24 08:20:22,SC-01,smartphone,saudavel,saudavel,0.9515,agrosmart-v1,simulado,sim-2026-08
208c3f63-dbb8-5d04-8e83-785325a3ae7c,BV-04_20260824_0032.jpg,2026-08-24 08:20:46,BV-04,smartphone,saudavel,saudavel,0.9918,agrosmart-v1,simulado,sim-2026-08
aec0f0df-cf5d-5326-9ee2-8fdc2358e3bc,SC-01_20260824_0019.jpg,2026-08-24 08:21:04,SC-01,smartphone,saudavel,saudavel,0.9973,agrosmart-v1,simulado,sim-2026-08
5aa60b3c-3e8c-5dbb-bbab-9dc2162f0821,BV-04_20260824_0033.jpg,2026-08-24 08:21:05,BV-04,smartphone,saudavel,saudavel,0.8511,agrosmart-v1,simulado,sim-2026-08
e3bacf41-4eeb-5c5d-b408-3a8c6fa16b8a,SC-01_20260824_0020.jpg,2026-08-24 08:21:34,SC-01,smartphone,saudavel,saudavel,0.8348,agrosmart-v1,simulado,sim-2026-08
6fd4ce72-8f28-5e6f-be95-7d6c18a0678e,SC-01_20260824_0021.jpg,2026-08-24 08:22:06,SC-01,smartphone,saudavel,saudavel,0.9945,agrosmart-v1,simulado,sim-2026-08
d17a4f31-92e8-5b07-b793-81c9e4005e5a,SC-01_20260824_0022.jpg,2026-08-24 08:22:55,SC-01,smartphone,saudavel,saudavel,0.9927,agrosmart-v1,simulado,sim-2026-08
1cdb1a78-d4d1-508a-9991-c4cd38ffd82d,SC-01_20260824_0023.jpg,2026-08-24 08:23:27,SC-01,smartphone,saudavel,saudavel,0.8660,agrosmart-v1,simulado,sim-2026-08
5ffa55e0-252a-5d38-bfc1-4b5b7d6a2c56,SC-04_20260824_0001.jpg,2026-08-24 08:23:41,SC-04,smartphone,saudavel,saudavel,0.9274,agrosmart-v1,simulado,sim-2026-08
6a93bf0f-d602-5d09-9286-829244767cba,SC-04_20260824_0002.jpg,2026-08-24 08:24:23,SC-04,smartphone,saudavel,saudavel,0.8484,agrosmart-v1,simulado,sim-2026-08
73483ad2-e674-583e-9448-8e875386149a,SC-01_20260824_0024.jpg,2026-08-24 08:24:25,SC-01,smartphone,saudavel,saudavel,0.8555,agrosmart-v1,simulado,sim-2026-08
72030a15-fe7f-55cf-a5b2-1b24031f3295,SC-01_20260824_0025.jpg,2026-08-24 08:24:40,SC-01,smartphone,saudavel,saudavel,0.9938,agrosmart-v1,simulado,sim-2026-08
a099070c-82d9-571c-adad-fd1ea38c9b14,SC-04_20260824_0003.jpg,2026-08-24 08:25:00,SC-04,smartphone,saudavel,saudavel,0.9504,agrosmart-v1,simulado,sim-2026-08
5735c6a2-27fe-5479-81cb-905bfe950312,SC-01_20260824_0026.jpg,2026-08-24 08:25:27,SC-01,smartphone,saudavel,saudavel,0.9877,agrosmart-v1,simulado,sim-2026-08
49d29fa1-4b47-51c5-ae16-caf7008d66df,SC-04_20260824_0004.jpg,2026-08-24 08:26:09,SC-04,smartphone,saudavel,saudavel,0.9993,agrosmart-v1,simulado,sim-2026-08
b17c9f20-d3e1-5e5e-97e4-dfc82aceca82,SC-01_20260824_0027.jpg,2026-08-24 08:26:16,SC-01,smartphone,saudavel,saudavel,0.9313,agrosmart-v1,simulado,sim-2026-08
26104815-1ac2-50c3-ac90-2c70b58c4bd4,SC-04_20260824_0005.jpg,2026-08-24 08:26:40,SC-04,smartphone,saudavel,saudavel,0.9986,agrosmart-v1,simulado,sim-2026-08
0f9312fc-5918-5ec7-93ff-0b6e3d8b436f,SC-01_20260824_0028.jpg,2026-08-24 08:26:44,SC-01,smartphone,saudavel,saudavel,0.8280,agrosmart-v1,simulado,sim-2026-08
e571c96a-7fcd-5391-a4bf-167f4d5c1c14,SC-04_20260824_0006.jpg,2026-08-24 08:27:06,SC-04,smartphone,saudavel,saudavel,0.8966,agrosmart-v1,simulado,sim-2026-08
65a84168-00c7-5b19-b4bb-cf0a7bd5dbdb,SC-01_20260824_0029.jpg,2026-08-24 08:27:38,SC-01,smartphone,saudavel,saudavel,0.8344,agrosmart-v1,simulado,sim-2026-08
0eea12b9-6665-5868-80d7-7d0118f81e3a,SC-04_20260824_0007.jpg,2026-08-24 08:27:53,SC-04,smartphone,saudavel,saudavel,0.9971,agrosmart-v1,simulado,sim-2026-08
433a3395-6a09-543c-b1e0-21e88fe1a47b,SC-01_20260824_0030.jpg,2026-08-24 08:28:07,SC-01,smartphone,saudavel,saudavel,0.8530,agrosmart-v1,simulado,sim-2026-08
e89d8f28-944d-581e-b36f-e2ecb370383a,SC-04_20260824_0008.jpg,2026-08-24 08:28:21,SC-04,smartphone,saudavel,saudavel,0.9647,agrosmart-v1,simulado,sim-2026-08
61f2eae3-cb42-5bb4-854c-8fb1c7d7f278,SC-04_20260824_0009.jpg,2026-08-24 08:29:10,SC-04,smartphone,saudavel,saudavel,0.8658,agrosmart-v1,simulado,sim-2026-08
b58179ba-dd36-54ff-b092-7159c6634ee6,SC-04_20260824_0010.jpg,2026-08-24 08:30:02,SC-04,smartphone,saudavel,saudavel,0.9375,agrosmart-v1,simulado,sim-2026-08
bc6120f9-407c-5197-9d8b-b07c9733abe6,SC-04_20260824_0011.jpg,2026-08-24 08:30:22,SC-04,smartphone,saudavel,saudavel,0.9057,agrosmart-v1,simulado,sim-2026-08
89e6c741-8094-5ffd-8b98-2d7b47549acc,SC-04_20260824_0012.jpg,2026-08-24 08:31:16,SC-04,smartphone,saudavel,saudavel,0.7369,agrosmart-v1,simulado,sim-2026-08
0f81d109-8a47-5551-92b2-39e1d9e09442,SC-04_20260824_0013.jpg,2026-08-24 08:31:42,SC-04,smartphone,saudavel,saudavel,0.9993,agrosmart-v1,simulado,sim-2026-08
afff6127-8957-5fdc-9e37-a75a6ea43c8d,SC-04_20260824_0014.jpg,2026-08-24 08:32:50,SC-04,smartphone,saudavel,saudavel,0.9999,agrosmart-v1,simulado,sim-2026-08
1c13890b-c347-5f96-9557-37f4ca22b974,SC-04_20260824_0015.jpg,2026-08-24 08:33:03,SC-04,smartphone,saudavel,saudavel,0.9953,agrosmart-v1,simulado,sim-2026-08
f6ff2690-b8cf-5c4d-b537-0b92bcb0d406,SC-04_20260824_0016.jpg,2026-08-24 08:33:41,SC-04,smartphone,saudavel,saudavel,0.9977,agrosmart-v1,simulado,sim-2026-08
9df060b5-3579-5882-b32a-644f35f3fa90,SC-04_20260824_0017.jpg,2026-08-24 08:34:36,SC-04,smartphone,saudavel,saudavel,0.8946,agrosmart-v1,simulado,sim-2026-08
16a6cf99-e2ec-5201-8472-d66b20220713,SC-04_20260824_0018.jpg,2026-08-24 08:35:16,SC-04,smartphone,saudavel,saudavel,0.9607,agrosmart-v1,simulado,sim-2026-08
1b5e580e-9353-58d0-8230-e1ec37181b49,SC-04_20260824_0019.jpg,2026-08-24 08:35:58,SC-04,smartphone,saudavel,saudavel,0.9577,agrosmart-v1,simulado,sim-2026-08
9e82bff1-447f-5db6-ab9f-4a85e90e2641,SC-04_20260824_0020.jpg,2026-08-24 08:36:34,SC-04,smartphone,saudavel,saudavel,0.9984,agrosmart-v1,simulado,sim-2026-08
87d47448-002a-5d21-aeb7-9e97f809fe3a,SC-04_20260824_0021.jpg,2026-08-24 08:37:07,SC-04,smartphone,saudavel,saudavel,0.8563,agrosmart-v1,simulado,sim-2026-08
f61bfc52-17b3-5bdf-9dec-032c3e88fe78,SC-04_20260824_0022.jpg,2026-08-24 08:37:42,SC-04,smartphone,saudavel,saudavel,0.9754,agrosmart-v1,simulado,sim-2026-08
23308125-2947-55aa-99e1-714b9d7d6c13,SC-04_20260824_0023.jpg,2026-08-24 08:38:28,SC-04,smartphone,saudavel,saudavel,0.9479,agrosmart-v1,simulado,sim-2026-08
89c51c79-e7c6-55e7-9df8-592142ec47a3,SC-04_20260824_0024.jpg,2026-08-24 08:39:03,SC-04,smartphone,saudavel,saudavel,0.9818,agrosmart-v1,simulado,sim-2026-08
9f01c0f0-17b7-5fab-9f73-88f5da82a661,BV-03_20260824_0001.jpg,2026-08-24 08:44:49,BV-03,smartphone,saudavel,saudavel,0.9288,agrosmart-v1,simulado,sim-2026-08
110c92e5-e47b-557a-bcfb-87e60c733d24,BV-03_20260824_0002.jpg,2026-08-24 08:45:25,BV-03,smartphone,saudavel,saudavel,0.9532,agrosmart-v1,simulado,sim-2026-08
8a73df03-81dd-5c7f-9ca8-430e6c513737,BV-03_20260824_0003.jpg,2026-08-24 08:46:19,BV-03,smartphone,saudavel,saudavel,0.9732,agrosmart-v1,simulado,sim-2026-08
1188fd64-9376-595b-9577-e5faa9e6cc90,BV-03_20260824_0004.jpg,2026-08-24 08:46:55,BV-03,smartphone,saudavel,saudavel,0.9437,agrosmart-v1,simulado,sim-2026-08
8c554087-30ce-5b89-80d2-6898711833a9,BV-03_20260824_0005.jpg,2026-08-24 08:47:20,BV-03,smartphone,saudavel,saudavel,0.9907,agrosmart-v1,simulado,sim-2026-08
88f23286-1edf-5037-bd5f-25d94912e643,BV-03_20260824_0006.jpg,2026-08-24 08:48:24,BV-03,smartphone,saudavel,saudavel,0.9962,agrosmart-v1,simulado,sim-2026-08
fa7337ce-aab6-5a04-889c-d0ee62167353,BV-03_20260824_0007.jpg,2026-08-24 08:49:01,BV-03,smartphone,saudavel,saudavel,0.8526,agrosmart-v1,simulado,sim-2026-08
1e9224a0-7fdf-522e-9e9c-e92330ee441d,BV-03_20260824_0008.jpg,2026-08-24 08:49:49,BV-03,smartphone,saudavel,saudavel,0.9897,agrosmart-v1,simulado,sim-2026-08
29342286-6a4a-5b49-8254-179d8c08ed80,BV-03_20260824_0009.jpg,2026-08-24 08:50:19,BV-03,smartphone,saudavel,saudavel,0.9817,agrosmart-v1,simulado,sim-2026-08
26a24b47-d2b5-5258-9093-0b425b7a156f,BV-03_20260824_0010.jpg,2026-08-24 08:50:50,BV-03,smartphone,saudavel,saudavel,0.8493,agrosmart-v1,simulado,sim-2026-08
199a8ac2-b013-5936-a1ba-426080ed5e3d,BV-03_20260824_0011.jpg,2026-08-24 08:51:38,BV-03,smartphone,saudavel,saudavel,0.9123,agrosmart-v1,simulado,sim-2026-08
e1dfb1a5-ecae-5964-80d3-37c91bed3488,BV-03_20260824_0012.jpg,2026-08-24 08:52:24,BV-03,smartphone,doente,pinta_preta,0.9403,agrosmart-v1,simulado,sim-2026-08
1121b8dd-5f06-5155-b1c0-00dfee6d28d9,BV-03_20260824_0013.jpg,2026-08-24 08:53:06,BV-03,smartphone,saudavel,saudavel,0.8325,agrosmart-v1,simulado,sim-2026-08
e6497bd8-be2b-5ce1-8997-f00423be392a,BV-03_20260824_0014.jpg,2026-08-24 08:53:21,BV-03,smartphone,saudavel,saudavel,0.9768,agrosmart-v1,simulado,sim-2026-08
a9b84f8a-4c82-5ef6-a69b-953a8e51e223,BV-03_20260824_0015.jpg,2026-08-24 08:54:19,BV-03,smartphone,saudavel,saudavel,0.9668,agrosmart-v1,simulado,sim-2026-08
11a33911-e696-579d-85ce-d016c192f9d0,BV-03_20260824_0016.jpg,2026-08-24 08:55:03,BV-03,smartphone,saudavel,saudavel,0.9802,agrosmart-v1,simulado,sim-2026-08
5edc804a-aab8-5fe7-84b9-8683d82baa60,BV-03_20260824_0017.jpg,2026-08-24 08:55:27,BV-03,smartphone,saudavel,saudavel,0.9865,agrosmart-v1,simulado,sim-2026-08
29b9830d-fb8d-5c4d-95e2-79dd0a8ac035,BV-03_20260824_0018.jpg,2026-08-24 08:56:01,BV-03,smartphone,saudavel,saudavel,0.9818,agrosmart-v1,simulado,sim-2026-08
72624085-1b4d-5955-807c-39aca7bb67c0,BV-03_20260824_0019.jpg,2026-08-24 08:56:42,BV-03,smartphone,saudavel,saudavel,0.9685,agrosmart-v1,simulado,sim-2026-08
62c13514-581f-5e41-8ed2-91ae40478a36,BV-03_20260824_0020.jpg,2026-08-24 08:57:29,BV-03,smartphone,saudavel,saudavel,0.9452,agrosmart-v1,simulado,sim-2026-08
b5abc9b9-c337-5cf7-b5c1-e1a30af9fe40,BV-03_20260824_0021.jpg,2026-08-24 08:58:07,BV-03,smartphone,saudavel,saudavel,0.9528,agrosmart-v1,simulado,sim-2026-08
a81ab716-eb77-5711-ac66-8fd9affee586,BV-03_20260824_0022.jpg,2026-08-24 08:59:03,BV-03,smartphone,saudavel,saudavel,0.9322,agrosmart-v1,simulado,sim-2026-08
417d070f-52be-5c86-9c98-360e5285f144,BV-03_20260824_0023.jpg,2026-08-24 08:59:47,BV-03,smartphone,saudavel,saudavel,0.9869,agrosmart-v1,simulado,sim-2026-08
2d451f89-6fe9-5fe2-aa38-811d088f2708,BV-03_20260824_0024.jpg,2026-08-24 09:00:26,BV-03,smartphone,saudavel,saudavel,0.8511,agrosmart-v1,simulado,sim-2026-08
59233bf5-c70d-55d5-a165-950beccafb20,BV-01_20260824_0001.jpg,2026-08-24 09:20:54,BV-01,smartphone,saudavel,saudavel,0.9641,agrosmart-v1,simulado,sim-2026-08
785519f5-bb4c-56cb-9490-e054640b31b8,BV-01_20260824_0002.jpg,2026-08-24 09:21:41,BV-01,smartphone,saudavel,saudavel,0.9893,agrosmart-v1,simulado,sim-2026-08
e3898334-7628-5b06-bb82-650616556fbd,BV-01_20260824_0003.jpg,2026-08-24 09:22:30,BV-01,smartphone,saudavel,saudavel,0.9986,agrosmart-v1,simulado,sim-2026-08
4613971e-3f1b-51b4-83f0-9b5d5f3ac4c1,BV-01_20260824_0004.jpg,2026-08-24 09:23:02,BV-01,smartphone,saudavel,saudavel,0.7708,agrosmart-v1,simulado,sim-2026-08
43356f82-079a-5592-b7e4-0d0dc6a95d28,BV-01_20260824_0005.jpg,2026-08-24 09:23:32,BV-01,smartphone,saudavel,saudavel,0.9913,agrosmart-v1,simulado,sim-2026-08
48d7901a-c2df-519e-b9b6-5c48f473e5f5,BV-01_20260824_0006.jpg,2026-08-24 09:24:15,BV-01,smartphone,saudavel,saudavel,0.9191,agrosmart-v1,simulado,sim-2026-08
9d4b4017-7556-5ba3-b1dc-6c4b2bdd0bbe,BV-01_20260824_0007.jpg,2026-08-24 09:25:09,BV-01,smartphone,saudavel,saudavel,0.9053,agrosmart-v1,simulado,sim-2026-08
68b5b34c-bd1e-5c22-8ee8-8639e7247c1e,BV-01_20260824_0008.jpg,2026-08-24 09:25:42,BV-01,smartphone,saudavel,saudavel,0.9910,agrosmart-v1,simulado,sim-2026-08
fe836be8-f3ce-56c4-b7f4-ca8cfdee3690,BV-01_20260824_0009.jpg,2026-08-24 09:26:29,BV-01,smartphone,saudavel,saudavel,0.9254,agrosmart-v1,simulado,sim-2026-08
515090f2-26ba-5c0b-808b-a9d3bb438d72,TI-03_20260824_0001.jpg,2026-08-24 09:26:55,TI-03,drone,doente,pinta_preta,0.8502,agrosmart-v1,simulado,sim-2026-08
2c133c06-34db-5294-b912-b9a15c28d17c,BV-01_20260824_0010.jpg,2026-08-24 09:27:02,BV-01,smartphone,saudavel,saudavel,0.9054,agrosmart-v1,simulado,sim-2026-08
017ff31b-58b2-5338-baf8-d4647d3ab22c,TI-03_20260824_0002.jpg,2026-08-24 09:27:31,TI-03,drone,saudavel,saudavel,0.8490,agrosmart-v1,simulado,sim-2026-08
9e261e47-38b6-5dae-94c9-b4f189dc68f9,BV-01_20260824_0011.jpg,2026-08-24 09:27:45,BV-01,smartphone,saudavel,saudavel,0.8681,agrosmart-v1,simulado,sim-2026-08
fa5f527e-d43b-5318-ac27-63c5659d8f71,BV-01_20260824_0012.jpg,2026-08-24 09:28:07,BV-01,smartphone,saudavel,saudavel,0.9848,agrosmart-v1,simulado,sim-2026-08
23078764-9892-512a-8125-b73bf1b8b8b3,TI-03_20260824_0003.jpg,2026-08-24 09:28:26,TI-03,drone,saudavel,saudavel,0.8327,agrosmart-v1,simulado,sim-2026-08
54623fab-bf5c-534a-89c7-f498e85a4263,BV-01_20260824_0013.jpg,2026-08-24 09:28:50,BV-01,smartphone,saudavel,saudavel,0.8419,agrosmart-v1,simulado,sim-2026-08
fb8ad75e-34b8-55ac-a1d9-db70568f9af6,TI-03_20260824_0004.jpg,2026-08-24 09:28:50,TI-03,drone,saudavel,saudavel,0.9855,agrosmart-v1,simulado,sim-2026-08
319ab0ab-5f32-5892-85d8-3a1f60cb8a02,BV-01_20260824_0014.jpg,2026-08-24 09:29:23,BV-01,smartphone,saudavel,saudavel,0.9971,agrosmart-v1,simulado,sim-2026-08
db0a046c-8bc7-555b-b0f8-1a1ad0e2a276,TI-03_20260824_0005.jpg,2026-08-24 09:29:34,TI-03,drone,saudavel,saudavel,0.9382,agrosmart-v1,simulado,sim-2026-08
916c01c0-9e92-5739-a538-c42cbacac886,BV-01_20260824_0015.jpg,2026-08-24 09:30:12,BV-01,smartphone,saudavel,saudavel,1.0000,agrosmart-v1,simulado,sim-2026-08
7dec1897-603e-5148-b489-947827abe53b,TI-03_20260824_0006.jpg,2026-08-24 09:30:20,TI-03,drone,saudavel,saudavel,0.9944,agrosmart-v1,simulado,sim-2026-08
939e5779-5991-5131-afbd-4f57a4a7f41e,BV-01_20260824_0016.jpg,2026-08-24 09:30:57,BV-01,smartphone,saudavel,saudavel,0.9729,agrosmart-v1,simulado,sim-2026-08
2e050f8a-563b-5e57-9e92-f5b6bdf4ebc0,TI-03_20260824_0007.jpg,2026-08-24 09:30:57,TI-03,drone,saudavel,saudavel,0.5323,agrosmart-v1,simulado,sim-2026-08
b43dc591-e6ad-5bae-945d-90ec9ba40664,BV-01_20260824_0017.jpg,2026-08-24 09:31:44,BV-01,smartphone,saudavel,saudavel,0.9169,agrosmart-v1,simulado,sim-2026-08
b5c7147d-94ba-5357-8a0e-ddd0bdfb3432,TI-03_20260824_0008.jpg,2026-08-24 09:31:49,TI-03,drone,saudavel,saudavel,0.9888,agrosmart-v1,simulado,sim-2026-08
e552035f-ea80-51b1-ab3b-88a9ac3508d7,TI-03_20260824_0009.jpg,2026-08-24 09:32:09,TI-03,drone,saudavel,saudavel,0.9506,agrosmart-v1,simulado,sim-2026-08
464842cd-eecd-5eae-9ccc-96138c415809,BV-01_20260824_0018.jpg,2026-08-24 09:32:16,BV-01,smartphone,saudavel,saudavel,0.9372,agrosmart-v1,simulado,sim-2026-08
8aa028b5-6e20-5983-bca0-765d75b214d4,BV-01_20260824_0019.jpg,2026-08-24 09:32:40,BV-01,smartphone,saudavel,saudavel,0.9618,agrosmart-v1,simulado,sim-2026-08
571200d7-7ca2-5e09-a52c-62ea299d132f,TI-03_20260824_0010.jpg,2026-08-24 09:32:51,TI-03,drone,saudavel,saudavel,0.9922,agrosmart-v1,simulado,sim-2026-08
7ec4da53-1ffb-580a-9495-1f47b9df92a5,TI-03_20260824_0011.jpg,2026-08-24 09:33:37,TI-03,drone,saudavel,saudavel,0.9542,agrosmart-v1,simulado,sim-2026-08
1d86d85a-7766-5459-a5c8-38eccbfb827f,BV-01_20260824_0020.jpg,2026-08-24 09:33:50,BV-01,smartphone,saudavel,saudavel,0.9914,agrosmart-v1,simulado,sim-2026-08
0d203b90-0239-5d2e-a211-3d0eb30fe8f7,TI-03_20260824_0012.jpg,2026-08-24 09:34:03,TI-03,drone,saudavel,saudavel,0.9994,agrosmart-v1,simulado,sim-2026-08
38c85e32-171a-57d7-94c4-87e9a8f702e6,BV-01_20260824_0021.jpg,2026-08-24 09:34:04,BV-01,smartphone,saudavel,saudavel,0.9962,agrosmart-v1,simulado,sim-2026-08
3b08b71b-1f1f-5ffe-a5ce-c565489137a0,TI-03_20260824_0013.jpg,2026-08-24 09:35:00,TI-03,drone,saudavel,saudavel,0.8671,agrosmart-v1,simulado,sim-2026-08
d825c3cf-7088-55d4-91cf-45f8cb9c95b3,BV-01_20260824_0022.jpg,2026-08-24 09:35:05,BV-01,smartphone,saudavel,saudavel,0.9998,agrosmart-v1,simulado,sim-2026-08
ae62196b-27f2-564b-b588-80f9e832999c,TI-03_20260824_0014.jpg,2026-08-24 09:35:34,TI-03,drone,saudavel,saudavel,0.9109,agrosmart-v1,simulado,sim-2026-08
9e843fba-b915-570c-aea7-243874505467,BV-01_20260824_0023.jpg,2026-08-24 09:35:36,BV-01,smartphone,saudavel,saudavel,0.9973,agrosmart-v1,simulado,sim-2026-08
6fdd8411-aeb1-5152-86d5-6e0e1123880f,TI-03_20260824_0015.jpg,2026-08-24 09:36:07,TI-03,drone,saudavel,saudavel,0.9783,agrosmart-v1,simulado,sim-2026-08
9e054580-3244-50a4-8d20-57f89496b122,BV-01_20260824_0024.jpg,2026-08-24 09:36:22,BV-01,smartphone,saudavel,saudavel,0.9283,agrosmart-v1,simulado,sim-2026-08
85d1bb18-a4f7-595d-9ea4-90b926a5d14e,BV-01_20260824_0025.jpg,2026-08-24 09:36:49,BV-01,smartphone,saudavel,saudavel,0.9745,agrosmart-v1,simulado,sim-2026-08
1c8f744f-723e-52b5-80a9-22c4353fb7db,TI-03_20260824_0016.jpg,2026-08-24 09:36:51,TI-03,drone,saudavel,saudavel,0.9986,agrosmart-v1,simulado,sim-2026-08
342a4288-1b77-5967-beaf-fc18df0c524e,BV-01_20260824_0026.jpg,2026-08-24 09:37:30,BV-01,smartphone,saudavel,saudavel,0.9075,agrosmart-v1,simulado,sim-2026-08
c3855a5a-6070-5c50-be9c-fbefc5e6a435,TI-03_20260824_0017.jpg,2026-08-24 09:37:42,TI-03,drone,saudavel,saudavel,0.8831,agrosmart-v1,simulado,sim-2026-08
645c7c04-4f26-51f7-a963-3ad1c2ce84c2,TI-03_20260824_0018.jpg,2026-08-24 09:38:20,TI-03,drone,saudavel,saudavel,0.9836,agrosmart-v1,simulado,sim-2026-08
ebaa925f-ec8e-5082-b3eb-7d09dffd48d3,BV-01_20260824_0027.jpg,2026-08-24 09:38:29,BV-01,smartphone,saudavel,saudavel,0.9117,agrosmart-v1,simulado,sim-2026-08
79bac227-de07-5f0b-b536-d21502986404,TI-03_20260824_0019.jpg,2026-08-24 09:38:59,TI-03,drone,saudavel,saudavel,0.8305,agrosmart-v1,simulado,sim-2026-08
de5443d2-b032-5e0a-8361-bb4c7a3c1f6f,BV-01_20260824_0028.jpg,2026-08-24 09:39:07,BV-01,smartphone,saudavel,saudavel,0.8679,agrosmart-v1,simulado,sim-2026-08
7fb5c46c-6ccc-5ca8-9fd5-65e9fec5cf48,BV-01_20260824_0029.jpg,2026-08-24 09:39:29,BV-01,smartphone,saudavel,saudavel,0.9218,agrosmart-v1,simulado,sim-2026-08
2af3e332-4ffb-5fd2-acfb-e68308ed2d0d,TI-03_20260824_0020.jpg,2026-08-24 09:39:34,TI-03,drone,saudavel,saudavel,0.9929,agrosmart-v1,simulado,sim-2026-08
a52d4f2a-4235-5598-ac23-c7240627cbdd,BV-01_20260824_0030.jpg,2026-08-24 09:40:00,BV-01,smartphone,saudavel,saudavel,0.9795,agrosmart-v1,simulado,sim-2026-08
ad198847-6f04-50e2-9188-163f336adf35,TI-03_20260824_0021.jpg,2026-08-24 09:40:17,TI-03,drone,saudavel,saudavel,0.8450,agrosmart-v1,simulado,sim-2026-08
7a528f9b-ba58-5851-a918-5366eb86f946,TI-03_20260824_0022.jpg,2026-08-24 09:40:48,TI-03,drone,saudavel,saudavel,0.9969,agrosmart-v1,simulado,sim-2026-08
a86f52d0-b045-5a83-b4be-d3333dc308aa,BV-01_20260824_0031.jpg,2026-08-24 09:40:51,BV-01,smartphone,saudavel,saudavel,0.9725,agrosmart-v1,simulado,sim-2026-08
c3fb3189-808d-576b-8269-e85f1cf396f5,BV-01_20260824_0032.jpg,2026-08-24 09:41:29,BV-01,smartphone,saudavel,saudavel,0.8466,agrosmart-v1,simulado,sim-2026-08
3eb98fd6-d110-56e1-8a76-c87489835b98,TI-03_20260824_0023.jpg,2026-08-24 09:41:45,TI-03,drone,saudavel,saudavel,0.8968,agrosmart-v1,simulado,sim-2026-08
8f823904-35a1-5bc7-bfb7-8f5b77fe0d3e,BV-01_20260824_0033.jpg,2026-08-24 09:42:17,BV-01,smartphone,saudavel,saudavel,0.9969,agrosmart-v1,simulado,sim-2026-08
ae9d383f-7594-50f1-b77d-688a476c82ae,TI-03_20260824_0024.jpg,2026-08-24 09:42:23,TI-03,drone,saudavel,saudavel,0.8671,agrosmart-v1,simulado,sim-2026-08
c3d3626d-471b-578c-a65a-69858891306d,TI-03_20260824_0025.jpg,2026-08-24 09:42:56,TI-03,drone,saudavel,saudavel,0.9191,agrosmart-v1,simulado,sim-2026-08
7605ff67-84ea-576e-9927-6294949c8a7a,BV-01_20260824_0034.jpg,2026-08-24 09:42:58,BV-01,smartphone,saudavel,saudavel,0.9995,agrosmart-v1,simulado,sim-2026-08
5ae0df48-895f-5083-aaa3-b97bc9b3c232,BV-01_20260824_0035.jpg,2026-08-24 09:43:29,BV-01,smartphone,saudavel,saudavel,0.9952,agrosmart-v1,simulado,sim-2026-08
b1a1f476-73dd-5883-b4eb-b61020064a61,TI-03_20260824_0026.jpg,2026-08-24 09:43:36,TI-03,drone,saudavel,saudavel,0.9999,agrosmart-v1,simulado,sim-2026-08
d3daf0f7-28ea-5806-ae4b-cc840ab9e6a4,TI-03_20260824_0027.jpg,2026-08-24 09:44:28,TI-03,drone,saudavel,saudavel,0.7017,agrosmart-v1,simulado,sim-2026-08
7c2034f1-7a06-5aa6-907a-b316dcd0eb3b,TI-03_20260824_0028.jpg,2026-08-24 09:45:07,TI-03,drone,doente,pinta_preta,0.9036,agrosmart-v1,simulado,sim-2026-08
06cde9a7-97e3-5b88-8ff1-747ae3a35607,TI-03_20260824_0029.jpg,2026-08-24 09:45:49,TI-03,drone,saudavel,saudavel,0.9393,agrosmart-v1,simulado,sim-2026-08
9e7fd7e5-e6cf-5795-8b8b-d51cb9f14d66,TI-03_20260824_0030.jpg,2026-08-24 09:46:24,TI-03,drone,saudavel,saudavel,0.8876,agrosmart-v1,simulado,sim-2026-08
08b11976-96d7-597c-9836-fb4a2a5708da,TI-03_20260824_0031.jpg,2026-08-24 09:47:10,TI-03,drone,saudavel,saudavel,0.9017,agrosmart-v1,simulado,sim-2026-08
f9a4f9cd-f61c-5c1d-a02c-d4f7b0398c43,TI-03_20260824_0032.jpg,2026-08-24 09:47:32,TI-03,drone,saudavel,saudavel,0.9956,agrosmart-v1,simulado,sim-2026-08
cefb02ec-4815-5bbf-9dde-aee939462d7f,TI-03_20260824_0033.jpg,2026-08-24 09:48:16,TI-03,drone,saudavel,saudavel,0.8584,agrosmart-v1,simulado,sim-2026-08
3dc4eba0-f8cc-5996-b778-29afb62bd766,TI-03_20260824_0034.jpg,2026-08-24 09:49:00,TI-03,drone,saudavel,saudavel,0.8997,agrosmart-v1,simulado,sim-2026-08
58667448-1562-5a57-9843-8fa2eb4c1261,TI-03_20260824_0035.jpg,2026-08-24 09:49:48,TI-03,drone,saudavel,saudavel,0.8569,agrosmart-v1,simulado,sim-2026-08
9ae6ce44-ee44-5b55-a3e5-fed81d120647,TI-03_20260824_0036.jpg,2026-08-24 09:50:20,TI-03,drone,saudavel,saudavel,0.6858,agrosmart-v1,simulado,sim-2026-08
ad9c4a39-5096-587c-bb84-8cd491b46580,TI-03_20260824_0037.jpg,2026-08-24 09:50:49,TI-03,drone,saudavel,saudavel,0.9999,agrosmart-v1,simulado,sim-2026-08
86716675-b9e0-5af3-9267-2ba798a2c7a2,TI-03_20260824_0038.jpg,2026-08-24 09:51:34,TI-03,drone,saudavel,saudavel,0.9057,agrosmart-v1,simulado,sim-2026-08
02a3e784-8754-5963-8c85-5bee96f0d32e,TI-03_20260824_0039.jpg,2026-08-24 09:52:11,TI-03,drone,saudavel,saudavel,0.9949,agrosmart-v1,simulado,sim-2026-08
bca94b48-bde6-536e-b88d-1f5c6009b7da,SC-01_20260826_0001.jpg,2026-08-26 07:00:58,SC-01,smartphone,saudavel,saudavel,0.9145,agrosmart-v1,simulado,sim-2026-08
576b6b86-fc36-551f-866e-049d84f96aa9,SC-01_20260826_0002.jpg,2026-08-26 07:01:37,SC-01,smartphone,saudavel,saudavel,0.9335,agrosmart-v1,simulado,sim-2026-08
e19d93ba-e633-5741-87fd-8bf361a3caca,SC-01_20260826_0003.jpg,2026-08-26 07:02:19,SC-01,smartphone,saudavel,saudavel,0.9843,agrosmart-v1,simulado,sim-2026-08
1f3b6bc3-54c4-5a5d-844c-7111062870c5,SC-01_20260826_0004.jpg,2026-08-26 07:02:55,SC-01,smartphone,saudavel,saudavel,0.9384,agrosmart-v1,simulado,sim-2026-08
698fc157-0c79-5e9d-af0c-390b6de3b17d,BV-03_20260826_0001.jpg,2026-08-26 07:03:01,BV-03,smartphone,saudavel,saudavel,0.9004,agrosmart-v1,simulado,sim-2026-08
0397fa19-db46-5c8b-868f-cd451f543f39,BV-03_20260826_0002.jpg,2026-08-26 07:03:25,BV-03,smartphone,saudavel,saudavel,0.9528,agrosmart-v1,simulado,sim-2026-08
e0037efd-93c3-5d2a-9697-b6a0d4206f88,SC-01_20260826_0005.jpg,2026-08-26 07:03:27,SC-01,smartphone,saudavel,saudavel,0.9293,agrosmart-v1,simulado,sim-2026-08
1c8fe727-729b-50e1-8bf9-783e8692e882,BV-03_20260826_0003.jpg,2026-08-26 07:04:08,BV-03,smartphone,saudavel,saudavel,0.9094,agrosmart-v1,simulado,sim-2026-08
33d60e7d-f52b-5857-adc1-89645683bfa0,SC-01_20260826_0006.jpg,2026-08-26 07:04:21,SC-01,smartphone,saudavel,saudavel,0.9991,agrosmart-v1,simulado,sim-2026-08
a40d0133-c5ed-5605-8f77-975b1c9909d1,SC-01_20260826_0007.jpg,2026-08-26 07:04:42,SC-01,smartphone,saudavel,saudavel,0.9981,agrosmart-v1,simulado,sim-2026-08
0d890f6b-896b-530e-9b31-aa01c70d20f9,BV-03_20260826_0004.jpg,2026-08-26 07:05:03,BV-03,smartphone,saudavel,saudavel,0.9891,agrosmart-v1,simulado,sim-2026-08
21b601fe-db2a-5d3b-9c95-d0460b072d7c,BV-03_20260826_0005.jpg,2026-08-26 07:05:39,BV-03,smartphone,saudavel,saudavel,0.9486,agrosmart-v1,simulado,sim-2026-08
80a66246-d14f-51fb-991a-c54f58dd6b51,SC-01_20260826_0008.jpg,2026-08-26 07:05:40,SC-01,smartphone,saudavel,saudavel,0.9226,agrosmart-v1,simulado,sim-2026-08
791ad3c4-7fcd-5e60-a573-abcbe2159d12,SC-01_20260826_0009.jpg,2026-08-26 07:06:00,SC-01,smartphone,doente,pinta_preta,0.9937,agrosmart-v1,simulado,sim-2026-08
5df2a232-54f4-5d03-a3b9-0fcf2bc11d54,BV-03_20260826_0006.jpg,2026-08-26 07:06:09,BV-03,smartphone,saudavel,saudavel,0.9384,agrosmart-v1,simulado,sim-2026-08
1244700c-6bba-55a8-a8f6-5bd9a45d8c96,BV-03_20260826_0007.jpg,2026-08-26 07:06:45,BV-03,smartphone,doente,vaquinha,0.9429,agrosmart-v1,simulado,sim-2026-08
31480bda-e3c8-5725-9057-3bc399a698eb,SC-01_20260826_0010.jpg,2026-08-26 07:07:01,SC-01,smartphone,saudavel,saudavel,0.8642,agrosmart-v1,simulado,sim-2026-08
395e2388-1e4a-5567-96a1-8f38dd49eb79,BV-03_20260826_0008.jpg,2026-08-26 07:07:25,BV-03,smartphone,saudavel,saudavel,0.9755,agrosmart-v1,simulado,sim-2026-08
7924536b-22a7-51f7-9b06-a6c55fa68bb1,SC-01_20260826_0011.jpg,2026-08-26 07:07:38,SC-01,smartphone,saudavel,saudavel,0.9503,agrosmart-v1,simulado,sim-2026-08
a6a3b24e-0d53-5c3b-9251-673c7456ff14,SC-01_20260826_0012.jpg,2026-08-26 07:08:09,SC-01,smartphone,saudavel,saudavel,0.8616,agrosmart-v1,simulado,sim-2026-08
8c07fa2e-1959-53fd-812f-9aead825a0e7,BV-03_20260826_0009.jpg,2026-08-26 07:08:24,BV-03,smartphone,saudavel,saudavel,0.9223,agrosmart-v1,simulado,sim-2026-08
c252e411-ba54-5cea-bf1f-196c0d9dda4e,SC-01_20260826_0013.jpg,2026-08-26 07:08:44,SC-01,smartphone,saudavel,saudavel,0.9971,agrosmart-v1,simulado,sim-2026-08
81a73aa7-4d99-576f-95db-1f20ba9c8921,BV-03_20260826_0010.jpg,2026-08-26 07:08:50,BV-03,smartphone,saudavel,saudavel,0.9847,agrosmart-v1,simulado,sim-2026-08
0cd418b4-5f94-5241-8b1a-13a47efd07cd,SC-01_20260826_0014.jpg,2026-08-26 07:09:25,SC-01,smartphone,saudavel,saudavel,0.9440,agrosmart-v1,simulado,sim-2026-08
e685320e-aa0e-5ea8-8c45-32269890c883,BV-03_20260826_0011.jpg,2026-08-26 07:09:27,BV-03,smartphone,saudavel,saudavel,0.9813,agrosmart-v1,simulado,sim-2026-08
fb8b4a31-6bc2-5cae-ac08-4e396bd17f0b,SC-01_20260826_0015.jpg,2026-08-26 07:10:16,SC-01,smartphone,saudavel,saudavel,0.8585,agrosmart-v1,simulado,sim-2026-08
31a562d1-31b7-598b-bbe8-2cb6e5ee91e3,BV-03_20260826_0012.jpg,2026-08-26 07:10:25,BV-03,smartphone,saudavel,saudavel,0.9731,agrosmart-v1,simulado,sim-2026-08
31a96308-a5d9-52af-b282-f9324cff24b7,BV-03_20260826_0013.jpg,2026-08-26 07:10:40,BV-03,smartphone,saudavel,saudavel,0.9965,agrosmart-v1,simulado,sim-2026-08
fd7fbf1e-ea17-5113-a655-4ff42d59015f,SC-01_20260826_0016.jpg,2026-08-26 07:10:55,SC-01,smartphone,saudavel,saudavel,0.8938,agrosmart-v1,simulado,sim-2026-08
ea394eba-2247-5938-aee1-ce27d089fab7,BV-03_20260826_0014.jpg,2026-08-26 07:11:25,BV-03,smartphone,saudavel,saudavel,0.9143,agrosmart-v1,simulado,sim-2026-08
96cdbafb-b377-5cea-b776-3c0cabfb3e2e,SC-01_20260826_0017.jpg,2026-08-26 07:11:38,SC-01,smartphone,saudavel,saudavel,0.9384,agrosmart-v1,simulado,sim-2026-08
8111a8f1-5a29-561b-8fa7-52c00659a078,SC-01_20260826_0018.jpg,2026-08-26 07:12:07,SC-01,smartphone,saudavel,saudavel,0.8257,agrosmart-v1,simulado,sim-2026-08
d561bacb-ea6a-525b-8ea1-2bf3e09f47fd,BV-03_20260826_0015.jpg,2026-08-26 07:12:14,BV-03,smartphone,saudavel,saudavel,0.9576,agrosmart-v1,simulado,sim-2026-08
f74febbc-62d0-5601-9219-4de03a19daea,SC-01_20260826_0019.jpg,2026-08-26 07:12:57,SC-01,smartphone,saudavel,saudavel,0.8345,agrosmart-v1,simulado,sim-2026-08
934d7df2-2bd1-51d9-a7d1-b637abcb08cd,BV-03_20260826_0016.jpg,2026-08-26 07:12:59,BV-03,smartphone,saudavel,saudavel,0.9969,agrosmart-v1,simulado,sim-2026-08
1fe8705c-a45f-5140-b91e-2dda2b9f5549,BV-03_20260826_0017.jpg,2026-08-26 07:13:33,BV-03,smartphone,saudavel,saudavel,0.8451,agrosmart-v1,simulado,sim-2026-08
f9b36acc-81d7-59ff-85c5-611a47179888,SC-01_20260826_0020.jpg,2026-08-26 07:13:39,SC-01,smartphone,saudavel,saudavel,0.9909,agrosmart-v1,simulado,sim-2026-08
6077f5a9-b198-58f4-85ce-51b852657df4,BV-03_20260826_0018.jpg,2026-08-26 07:14:03,BV-03,smartphone,saudavel,saudavel,0.9896,agrosmart-v1,simulado,sim-2026-08
8dfdfda1-ca1e-5352-9df0-2557c186563b,SC-01_20260826_0021.jpg,2026-08-26 07:14:13,SC-01,smartphone,saudavel,saudavel,0.9013,agrosmart-v1,simulado,sim-2026-08
5a6e3bcc-40d0-5c1f-a5b8-1f7f9486b3ad,BV-03_20260826_0019.jpg,2026-08-26 07:14:52,BV-03,smartphone,saudavel,saudavel,0.9921,agrosmart-v1,simulado,sim-2026-08
b8ecade6-b5b2-5f83-8a6d-f8acc4e32fa0,SC-01_20260826_0022.jpg,2026-08-26 07:14:52,SC-01,smartphone,saudavel,saudavel,0.9521,agrosmart-v1,simulado,sim-2026-08
f01d03e2-1b8d-5663-8051-af5db12c73bd,SC-01_20260826_0023.jpg,2026-08-26 07:15:45,SC-01,smartphone,saudavel,saudavel,0.9641,agrosmart-v1,simulado,sim-2026-08
7e7890a5-ec89-5cb7-aeba-138e8df194f2,BV-03_20260826_0020.jpg,2026-08-26 07:15:46,BV-03,smartphone,saudavel,saudavel,0.5797,agrosmart-v1,simulado,sim-2026-08
f862f51e-30c8-5168-9662-b5dccdcd15a1,BV-03_20260826_0021.jpg,2026-08-26 07:16:11,BV-03,smartphone,saudavel,saudavel,0.8302,agrosmart-v1,simulado,sim-2026-08
7fd9df1e-bda5-53fa-b5a4-3fa6e2e11329,SC-01_20260826_0024.jpg,2026-08-26 07:16:19,SC-01,smartphone,saudavel,saudavel,0.8459,agrosmart-v1,simulado,sim-2026-08
2a8bd67e-3404-5ddb-99a7-dfe5e6f30b87,BV-03_20260826_0022.jpg,2026-08-26 07:16:47,BV-03,smartphone,saudavel,saudavel,0.9550,agrosmart-v1,simulado,sim-2026-08
3561870c-339e-5067-a4ca-c2b5a596fe53,SC-01_20260826_0025.jpg,2026-08-26 07:16:49,SC-01,smartphone,saudavel,saudavel,0.9355,agrosmart-v1,simulado,sim-2026-08
1413ec11-59c8-5fc4-b9d7-88f1a323eeb9,BV-03_20260826_0023.jpg,2026-08-26 07:17:44,BV-03,smartphone,saudavel,saudavel,0.9769,agrosmart-v1,simulado,sim-2026-08
4a2206f8-e1dd-5b28-b4ab-83f33735c2a2,SC-01_20260826_0026.jpg,2026-08-26 07:17:44,SC-01,smartphone,saudavel,saudavel,0.9475,agrosmart-v1,simulado,sim-2026-08
368c2af7-98f5-52de-8e50-760779510907,BV-03_20260826_0024.jpg,2026-08-26 07:18:01,BV-03,smartphone,saudavel,saudavel,0.9189,agrosmart-v1,simulado,sim-2026-08
abb46670-6613-553d-8164-e091fd18c8a7,SC-01_20260826_0027.jpg,2026-08-26 07:18:20,SC-01,smartphone,saudavel,saudavel,0.9239,agrosmart-v1,simulado,sim-2026-08
953625c9-588a-5b9b-87f9-526ef3255c1c,BV-03_20260826_0025.jpg,2026-08-26 07:18:58,BV-03,smartphone,saudavel,saudavel,0.9893,agrosmart-v1,simulado,sim-2026-08
75eb5c26-26fa-5028-ab3e-c9faff94ec0e,SC-01_20260826_0028.jpg,2026-08-26 07:19:05,SC-01,smartphone,saudavel,saudavel,0.9973,agrosmart-v1,simulado,sim-2026-08
7e30bd52-1106-56ed-8834-0dae410824eb,SC-01_20260826_0029.jpg,2026-08-26 07:19:26,SC-01,smartphone,saudavel,saudavel,0.9189,agrosmart-v1,simulado,sim-2026-08
5cc904cc-a975-5dc0-ad69-150ae6da20df,BV-03_20260826_0026.jpg,2026-08-26 07:19:27,BV-03,smartphone,saudavel,saudavel,0.9573,agrosmart-v1,simulado,sim-2026-08
6b775c95-3de4-52f5-9e25-b948aa110e43,BV-03_20260826_0027.jpg,2026-08-26 07:20:00,BV-03,smartphone,saudavel,saudavel,0.9999,agrosmart-v1,simulado,sim-2026-08
e29b0395-b2ba-5406-94c2-192322a2dde7,SC-01_20260826_0030.jpg,2026-08-26 07:20:12,SC-01,smartphone,saudavel,saudavel,0.8723,agrosmart-v1,simulado,sim-2026-08
640de161-bf21-5927-ad7c-95e8d8abb46a,SC-01_20260826_0031.jpg,2026-08-26 07:20:40,SC-01,smartphone,saudavel,saudavel,0.9571,agrosmart-v1,simulado,sim-2026-08
9a5dd7ca-2b4d-59a6-a089-08dd94ee38a3,BV-03_20260826_0028.jpg,2026-08-26 07:21:00,BV-03,smartphone,saudavel,saudavel,0.9982,agrosmart-v1,simulado,sim-2026-08
275d5da3-f313-5d33-9829-ffa7e0bd5059,SC-01_20260826_0032.jpg,2026-08-26 07:21:20,SC-01,smartphone,saudavel,saudavel,0.9903,agrosmart-v1,simulado,sim-2026-08
be063559-601f-5ce5-a288-c1a0d4cd5901,BV-03_20260826_0029.jpg,2026-08-26 07:21:46,BV-03,smartphone,saudavel,saudavel,0.9078,agrosmart-v1,simulado,sim-2026-08
03fb3856-9661-5368-a319-341f992eddd3,SC-01_20260826_0033.jpg,2026-08-26 07:22:20,SC-01,smartphone,saudavel,saudavel,0.9516,agrosmart-v1,simulado,sim-2026-08
2def2e04-4afb-55af-8b02-ca7df10cd96e,SC-03_20260826_0001.jpg,2026-08-26 07:29:44,SC-03,smartphone,saudavel,saudavel,0.9346,agrosmart-v1,simulado,sim-2026-08
cd154150-51b0-59a0-a311-220eb3c53b1d,SC-03_20260826_0002.jpg,2026-08-26 07:30:41,SC-03,smartphone,saudavel,saudavel,0.9080,agrosmart-v1,simulado,sim-2026-08
68e0e10d-aec3-5e06-9f60-3516e71a8c3b,SC-03_20260826_0003.jpg,2026-08-26 07:31:01,SC-03,smartphone,saudavel,saudavel,0.9788,agrosmart-v1,simulado,sim-2026-08
13ca5cbd-e454-5cec-9727-f08b8e576449,SC-03_20260826_0004.jpg,2026-08-26 07:31:57,SC-03,smartphone,saudavel,saudavel,0.9871,agrosmart-v1,simulado,sim-2026-08
bb2a6151-6515-552b-8025-c41fc41b056b,SC-03_20260826_0005.jpg,2026-08-26 07:32:31,SC-03,smartphone,saudavel,saudavel,0.9989,agrosmart-v1,simulado,sim-2026-08
1a671dfa-aa27-503e-b14a-31723d47108a,SC-03_20260826_0006.jpg,2026-08-26 07:33:25,SC-03,smartphone,saudavel,saudavel,0.9382,agrosmart-v1,simulado,sim-2026-08
e572eb55-2823-58b5-a2b6-9ff8deb00350,SC-03_20260826_0007.jpg,2026-08-26 07:34:08,SC-03,smartphone,saudavel,saudavel,0.9486,agrosmart-v1,simulado,sim-2026-08
98043f6f-79d4-5c3b-b782-1b18a5292a45,SC-03_20260826_0008.jpg,2026-08-26 07:34:45,SC-03,smartphone,saudavel,saudavel,0.9973,agrosmart-v1,simulado,sim-2026-08
f461ffaf-397f-527e-9f17-84d1fc905356,SC-03_20260826_0009.jpg,2026-08-26 07:35:05,SC-03,smartphone,saudavel,saudavel,0.9825,agrosmart-v1,simulado,sim-2026-08
2acb7a61-1e7a-5a6c-b031-f3a3ffc7a53f,SC-03_20260826_0010.jpg,2026-08-26 07:35:54,SC-03,smartphone,saudavel,saudavel,0.9842,agrosmart-v1,simulado,sim-2026-08
b04f7366-fb08-5468-9263-f1e3616f7bb0,SC-03_20260826_0011.jpg,2026-08-26 07:36:25,SC-03,smartphone,saudavel,saudavel,0.9506,agrosmart-v1,simulado,sim-2026-08
25e6cbad-0680-5f93-be3f-7dbdf0276378,SC-03_20260826_0012.jpg,2026-08-26 07:37:26,SC-03,smartphone,saudavel,saudavel,0.9547,agrosmart-v1,simulado,sim-2026-08
5fb5bc01-a4a6-569a-ba94-22010063f018,SC-03_20260826_0013.jpg,2026-08-26 07:38:09,SC-03,smartphone,saudavel,saudavel,0.9619,agrosmart-v1,simulado,sim-2026-08
1d62bd72-7d07-5714-9382-e0279f1e3249,SC-03_20260826_0014.jpg,2026-08-26 07:38:21,SC-03,smartphone,saudavel,saudavel,0.9785,agrosmart-v1,simulado,sim-2026-08
b7c9d24f-d11e-524b-8fe2-72e1e02029df,SC-03_20260826_0015.jpg,2026-08-26 07:39:07,SC-03,smartphone,saudavel,saudavel,0.9442,agrosmart-v1,simulado,sim-2026-08
1e39b33d-0361-508c-8d6b-c399c8ead8e7,SC-03_20260826_0016.jpg,2026-08-26 07:39:41,SC-03,smartphone,saudavel,saudavel,0.6944,agrosmart-v1,simulado,sim-2026-08
bf468dc7-7f8a-5ca9-9165-c8e41f648392,SC-03_20260826_0017.jpg,2026-08-26 07:40:25,SC-03,smartphone,saudavel,saudavel,0.9998,agrosmart-v1,simulado,sim-2026-08
f331be21-96ef-59f2-a3bf-fb494dd3bbc2,SC-03_20260826_0018.jpg,2026-08-26 07:41:28,SC-03,smartphone,saudavel,saudavel,0.9959,agrosmart-v1,simulado,sim-2026-08
cddeb8a7-f498-5f23-9d0e-f14df1f602ec,SC-03_20260826_0019.jpg,2026-08-26 07:41:48,SC-03,smartphone,saudavel,saudavel,0.9416,agrosmart-v1,simulado,sim-2026-08
2207d2e2-3b22-582f-96c0-82269605d99e,SC-03_20260826_0020.jpg,2026-08-26 07:42:50,SC-03,smartphone,saudavel,saudavel,0.8538,agrosmart-v1,simulado,sim-2026-08
9dbea94f-7997-509d-9ec8-b509947175e4,SC-03_20260826_0021.jpg,2026-08-26 07:43:27,SC-03,smartphone,saudavel,saudavel,0.9234,agrosmart-v1,simulado,sim-2026-08
35e1ba86-603e-59fa-a077-6d01fd1be975,SC-03_20260826_0022.jpg,2026-08-26 07:43:42,SC-03,smartphone,saudavel,saudavel,0.6374,agrosmart-v1,simulado,sim-2026-08
5e881bad-a5ab-5f2b-b149-e5066a81254e,SC-03_20260826_0023.jpg,2026-08-26 07:44:21,SC-03,smartphone,saudavel,saudavel,0.9177,agrosmart-v1,simulado,sim-2026-08
fb093c7b-35f3-5397-afdc-ecf4d85704ae,SC-03_20260826_0024.jpg,2026-08-26 07:45:18,SC-03,smartphone,saudavel,saudavel,0.9150,agrosmart-v1,simulado,sim-2026-08
f8133802-849a-50b1-b682-32b96f35e975,SC-03_20260826_0025.jpg,2026-08-26 07:45:46,SC-03,smartphone,saudavel,saudavel,0.9190,agrosmart-v1,simulado,sim-2026-08
217e30c5-92ed-592d-8419-00b41547dc9e,SC-03_20260826_0026.jpg,2026-08-26 07:46:32,SC-03,smartphone,saudavel,saudavel,0.8999,agrosmart-v1,simulado,sim-2026-08
1acf6414-1463-545b-8e24-db4774799744,SC-03_20260826_0027.jpg,2026-08-26 07:47:07,SC-03,smartphone,saudavel,saudavel,0.9418,agrosmart-v1,simulado,sim-2026-08
397b29a3-34cf-56d3-bf62-8ac5714f3b5b,SC-04_20260826_0001.jpg,2026-08-26 07:58:49,SC-04,smartphone,saudavel,saudavel,0.9897,agrosmart-v1,simulado,sim-2026-08
bbf8e088-d9ac-5fd0-b627-35df301588ff,SC-04_20260826_0002.jpg,2026-08-26 07:59:22,SC-04,smartphone,saudavel,saudavel,0.9606,agrosmart-v1,simulado,sim-2026-08
96355a1b-df40-594d-8e1f-9db294fae9f9,SC-04_20260826_0003.jpg,2026-08-26 08:00:30,SC-04,smartphone,saudavel,saudavel,0.9938,agrosmart-v1,simulado,sim-2026-08
6db7cb6e-0709-5c80-81f3-5d60b58408f1,SC-04_20260826_0004.jpg,2026-08-26 08:00:55,SC-04,smartphone,saudavel,saudavel,0.9313,agrosmart-v1,simulado,sim-2026-08
742a51ac-aa6c-51af-85fb-4ba311d5f3cf,SC-04_20260826_0005.jpg,2026-08-26 08:01:25,SC-04,smartphone,saudavel,saudavel,0.9161,agrosmart-v1,simulado,sim-2026-08
bc8cb356-2d50-54d7-ae1d-ba94f4df7ee4,SC-04_20260826_0006.jpg,2026-08-26 08:02:21,SC-04,smartphone,saudavel,saudavel,0.9591,agrosmart-v1,simulado,sim-2026-08
d5692568-425b-5b9c-9b9a-574a7d99ad30,SC-04_20260826_0007.jpg,2026-08-26 08:03:04,SC-04,smartphone,doente,pinta_preta,0.9400,agrosmart-v1,simulado,sim-2026-08
44bef37a-3a82-5cdd-8a31-d80f01d0248c,SC-04_20260826_0008.jpg,2026-08-26 08:03:35,SC-04,smartphone,saudavel,saudavel,0.9772,agrosmart-v1,simulado,sim-2026-08
5c9173ed-eabf-5cf4-896d-c75cbd014f34,BV-02_20260826_0001.jpg,2026-08-26 08:04:04,BV-02,smartphone,saudavel,saudavel,0.9262,agrosmart-v1,simulado,sim-2026-08
8c3629f9-33eb-557f-b58a-6126f128542c,SC-04_20260826_0009.jpg,2026-08-26 08:04:29,SC-04,smartphone,saudavel,saudavel,0.8443,agrosmart-v1,simulado,sim-2026-08
1b660915-efb8-5bef-9c55-0c250ed32914,SC-04_20260826_0010.jpg,2026-08-26 08:04:41,SC-04,smartphone,saudavel,saudavel,0.8424,agrosmart-v1,simulado,sim-2026-08
cb8bca70-bc81-514a-bc57-42e628818cff,BV-02_20260826_0002.jpg,2026-08-26 08:04:46,BV-02,smartphone,saudavel,saudavel,0.9080,agrosmart-v1,simulado,sim-2026-08
3e22416d-cffd-5347-adee-8658b1ff924c,BV-02_20260826_0003.jpg,2026-08-26 08:05:06,BV-02,smartphone,saudavel,saudavel,0.9701,agrosmart-v1,simulado,sim-2026-08
ca505fbe-0345-5541-ab05-c491ce76f4e0,SC-04_20260826_0011.jpg,2026-08-26 08:05:36,SC-04,smartphone,saudavel,saudavel,0.9539,agrosmart-v1,simulado,sim-2026-08
5eb8b246-036a-5ce4-8641-35163d1908a5,BV-02_20260826_0004.jpg,2026-08-26 08:05:45,BV-02,smartphone,doente,requeima,0.9997,agrosmart-v1,simulado,sim-2026-08
a9fb7476-ec33-5867-8b99-7b077515404a,SC-04_20260826_0012.jpg,2026-08-26 08:06:17,SC-04,smartphone,saudavel,saudavel,0.9635,agrosmart-v1,simulado,sim-2026-08
12638d78-8b4d-57e4-8433-1b83053a724b,BV-02_20260826_0005.jpg,2026-08-26 08:06:37,BV-02,smartphone,saudavel,saudavel,0.9711,agrosmart-v1,simulado,sim-2026-08
f5f2e93e-13d9-5908-a1cc-c536b2d77d51,SC-04_20260826_0013.jpg,2026-08-26 08:06:40,SC-04,smartphone,saudavel,saudavel,0.9633,agrosmart-v1,simulado,sim-2026-08
a3dcecdd-bd8e-5410-9928-e4d88deadabe,BV-02_20260826_0006.jpg,2026-08-26 08:07:22,BV-02,smartphone,saudavel,saudavel,0.5647,agrosmart-v1,simulado,sim-2026-08
69f7a3f0-0688-5d5e-91c4-f485e748cafb,BV-02_20260826_0007.jpg,2026-08-26 08:07:48,BV-02,smartphone,saudavel,saudavel,0.9558,agrosmart-v1,simulado,sim-2026-08
a14f248a-e387-5b23-91c4-789ceb135f22,SC-04_20260826_0014.jpg,2026-08-26 08:07:48,SC-04,smartphone,saudavel,saudavel,0.9969,agrosmart-v1,simulado,sim-2026-08
8a654188-95e3-5cec-beec-0e74c1058aa1,SC-04_20260826_0015.jpg,2026-08-26 08:08:02,SC-04,smartphone,saudavel,saudavel,0.8814,agrosmart-v1,simulado,sim-2026-08
99147292-e8b1-5043-bb1d-f91e6ed00a37,BV-02_20260826_0008.jpg,2026-08-26 08:08:39,BV-02,smartphone,saudavel,saudavel,0.9818,agrosmart-v1,simulado,sim-2026-08
a913ce02-e062-5bde-b400-1af6f918efb7,BV-02_20260826_0009.jpg,2026-08-26 08:09:06,BV-02,smartphone,doente,mosca_minadora,0.9865,agrosmart-v1,simulado,sim-2026-08
ffcdd583-f647-5bc9-a297-86dcb7e3e6e0,SC-04_20260826_0016.jpg,2026-08-26 08:09:10,SC-04,smartphone,saudavel,saudavel,0.9946,agrosmart-v1,simulado,sim-2026-08
917f94c5-1122-5172-a5b7-e8091bde97da,SC-04_20260826_0017.jpg,2026-08-26 08:09:27,SC-04,smartphone,saudavel,saudavel,0.5758,agrosmart-v1,simulado,sim-2026-08
f812a980-dd86-520d-94d1-f1d6f419705e,BV-02_20260826_0010.jpg,2026-08-26 08:09:53,BV-02,smartphone,saudavel,saudavel,0.9993,agrosmart-v1,simulado,sim-2026-08
abcdd7c7-9c99-5f35-9018-c25a39d6b084,SC-04_20260826_0018.jpg,2026-08-26 08:10:11,SC-04,smartphone,saudavel,saudavel,0.9725,agrosmart-v1,simulado,sim-2026-08
f1aee54f-7e3f-5743-bdda-c7921dd51255,BV-02_20260826_0011.jpg,2026-08-26 08:10:35,BV-02,smartphone,saudavel,saudavel,0.8439,agrosmart-v1,simulado,sim-2026-08
8a48b954-1248-5949-a305-95b65d86fe7f,SC-04_20260826_0019.jpg,2026-08-26 08:10:56,SC-04,smartphone,saudavel,saudavel,0.9302,agrosmart-v1,simulado,sim-2026-08
a5445557-2b81-594d-9f8c-3a5e58f5cde9,BV-02_20260826_0012.jpg,2026-08-26 08:11:16,BV-02,smartphone,saudavel,saudavel,0.9880,agrosmart-v1,simulado,sim-2026-08
4168e4c3-2d7a-5fa1-a1db-507accada888,SC-04_20260826_0020.jpg,2026-08-26 08:11:37,SC-04,smartphone,saudavel,saudavel,0.7147,agrosmart-v1,simulado,sim-2026-08
795f7fab-1857-53e3-b2aa-a884ae5b4dfc,BV-02_20260826_0013.jpg,2026-08-26 08:12:04,BV-02,smartphone,saudavel,saudavel,0.9997,agrosmart-v1,simulado,sim-2026-08
ecf0f33d-950d-5313-b7d4-99e895118088,SC-04_20260826_0021.jpg,2026-08-26 08:12:20,SC-04,smartphone,saudavel,saudavel,0.9734,agrosmart-v1,simulado,sim-2026-08
d6838379-aa0d-534f-b733-b6789b368ef0,BV-02_20260826_0014.jpg,2026-08-26 08:12:49,BV-02,smartphone,saudavel,saudavel,0.8649,agrosmart-v1,simulado,sim-2026-08
06d3eb58-4e98-55d1-9f64-03c90a1e8832,SC-04_20260826_0022.jpg,2026-08-26 08:13:08,SC-04,smartphone,saudavel,saudavel,1.0000,agrosmart-v1,simulado,sim-2026-08
636ae2c9-db9b-5c7b-a15d-cdcd769cf816,BV-02_20260826_0015.jpg,2026-08-26 08:13:17,BV-02,smartphone,saudavel,saudavel,0.9867,agrosmart-v1,simulado,sim-2026-08
ae62f848-9a4e-5fcf-9a50-13eb248bcc2c,SC-04_20260826_0023.jpg,2026-08-26 08:13:30,SC-04,smartphone,saudavel,saudavel,0.9082,agrosmart-v1,simulado,sim-2026-08
8ff20b37-1c67-5d9b-8d30-dcd19ccf41e8,BV-02_20260826_0016.jpg,2026-08-26 08:13:53,BV-02,smartphone,saudavel,saudavel,0.8217,agrosmart-v1,simulado,sim-2026-08
71948dde-0d5c-535b-b751-a83e3aa7554c,SC-04_20260826_0024.jpg,2026-08-26 08:14:01,SC-04,smartphone,saudavel,saudavel,0.9841,agrosmart-v1,simulado,sim-2026-08
de63da2a-cda9-5218-b8db-e701ce6e15c7,BV-02_20260826_0017.jpg,2026-08-26 08:14:46,BV-02,smartphone,saudavel,saudavel,0.9939,agrosmart-v1,simulado,sim-2026-08
51b8c442-62d1-5eba-bd7f-45d6d7c6ef8e,SC-04_20260826_0025.jpg,2026-08-26 08:14:48,SC-04,smartphone,saudavel,saudavel,0.9832,agrosmart-v1,simulado,sim-2026-08
cb5dd399-ad92-5658-a17a-0ae8abb4bf71,BV-02_20260826_0018.jpg,2026-08-26 08:15:12,BV-02,smartphone,saudavel,saudavel,0.9464,agrosmart-v1,simulado,sim-2026-08
f626359d-64db-5e15-a7f0-4a51f62d28a4,SC-04_20260826_0026.jpg,2026-08-26 08:15:28,SC-04,smartphone,saudavel,saudavel,0.9000,agrosmart-v1,simulado,sim-2026-08
14a36858-6701-5700-a067-073c9ed025f2,BV-02_20260826_0019.jpg,2026-08-26 08:15:57,BV-02,smartphone,saudavel,saudavel,0.8493,agrosmart-v1,simulado,sim-2026-08
31bb8c26-8327-539e-92e5-24f69ae9d672,SC-04_20260826_0027.jpg,2026-08-26 08:16:12,SC-04,smartphone,saudavel,saudavel,0.8929,agrosmart-v1,simulado,sim-2026-08
e32894a4-2605-585e-a5d8-2e48c38d49d0,BV-02_20260826_0020.jpg,2026-08-26 08:16:38,BV-02,smartphone,saudavel,saudavel,0.9311,agrosmart-v1,simulado,sim-2026-08
575cee40-aa8d-5750-83ad-e213bb4f84dc,SC-04_20260826_0028.jpg,2026-08-26 08:16:51,SC-04,smartphone,saudavel,saudavel,0.8326,agrosmart-v1,simulado,sim-2026-08
3493eb0e-497d-5dc7-ad04-5855c7c9e22f,BV-02_20260826_0021.jpg,2026-08-26 08:17:29,BV-02,smartphone,saudavel,saudavel,0.9421,agrosmart-v1,simulado,sim-2026-08
82c4697f-0d04-54e9-a89f-2e18ac592da5,SC-04_20260826_0029.jpg,2026-08-26 08:17:42,SC-04,smartphone,saudavel,saudavel,0.9486,agrosmart-v1,simulado,sim-2026-08
6d9096f0-78fc-5905-abed-955018bb5e07,SC-04_20260826_0030.jpg,2026-08-26 08:18:06,SC-04,smartphone,saudavel,saudavel,0.9117,agrosmart-v1,simulado,sim-2026-08
e1a2a6d3-f7ae-57b0-892e-32075ec46fd5,BV-02_20260826_0022.jpg,2026-08-26 08:18:07,BV-02,smartphone,saudavel,saudavel,0.9792,agrosmart-v1,simulado,sim-2026-08
c3f98efe-d118-56af-8ec1-3d896874c5a3,BV-02_20260826_0023.jpg,2026-08-26 08:18:30,BV-02,smartphone,saudavel,saudavel,0.9996,agrosmart-v1,simulado,sim-2026-08
31799aaf-ffab-5fe5-8f17-7dadb4ffebc3,BV-02_20260826_0024.jpg,2026-08-26 08:19:04,BV-02,smartphone,saudavel,saudavel,0.9169,agrosmart-v1,simulado,sim-2026-08
ce3cc7ec-69f7-5227-8449-0534ea2cd367,BV-02_20260826_0025.jpg,2026-08-26 08:20:01,BV-02,smartphone,saudavel,saudavel,0.8219,agrosmart-v1,simulado,sim-2026-08
f7dcf2d7-8e03-52dc-a68f-c15aa3dee077,BV-02_20260826_0026.jpg,2026-08-26 08:20:49,BV-02,smartphone,saudavel,saudavel,0.9131,agrosmart-v1,simulado,sim-2026-08
677e25b8-160b-5fb3-bb42-5a9ac6f71e7f,BV-02_20260826_0027.jpg,2026-08-26 08:21:02,BV-02,smartphone,saudavel,saudavel,0.9679,agrosmart-v1,simulado,sim-2026-08
3df0ae13-dc18-5357-b492-382fc5b3b43d,BV-02_20260826_0028.jpg,2026-08-26 08:21:47,BV-02,smartphone,saudavel,saudavel,0.9479,agrosmart-v1,simulado,sim-2026-08
652175e6-f374-5421-b0b7-db60b5afc7da,BV-02_20260826_0029.jpg,2026-08-26 08:22:45,BV-02,smartphone,saudavel,saudavel,0.9681,agrosmart-v1,simulado,sim-2026-08
b48c642f-b043-5ce0-a2b2-51276ac4288e,BV-02_20260826_0030.jpg,2026-08-26 08:23:22,BV-02,smartphone,saudavel,saudavel,0.9982,agrosmart-v1,simulado,sim-2026-08
3c1a3331-56d5-50fe-917e-6de779187226,TI-02_20260826_0001.jpg,2026-08-26 09:02:08,TI-02,drone,saudavel,saudavel,0.8502,agrosmart-v1,simulado,sim-2026-08
697c3cdc-0249-58a4-ad78-04464d9e3770,TI-02_20260826_0002.jpg,2026-08-26 09:02:34,TI-02,drone,doente,pinta_preta,0.9921,agrosmart-v1,simulado,sim-2026-08
059d8e97-a6f0-545f-a444-cf0b62ba085b,TI-02_20260826_0003.jpg,2026-08-26 09:03:24,TI-02,drone,saudavel,saudavel,0.8892,agrosmart-v1,simulado,sim-2026-08
8780f32f-7089-53cb-8be8-aac1ee0b5018,TI-02_20260826_0004.jpg,2026-08-26 09:04:07,TI-02,drone,saudavel,saudavel,0.8842,agrosmart-v1,simulado,sim-2026-08
4b5ab1bd-5c2b-5e13-a042-e59c041044c0,TI-02_20260826_0005.jpg,2026-08-26 09:04:24,TI-02,drone,saudavel,saudavel,0.9956,agrosmart-v1,simulado,sim-2026-08
0b345dc0-534a-5b69-8517-5ffd93206fb8,BV-04_20260826_0001.jpg,2026-08-26 09:05:01,BV-04,smartphone,saudavel,saudavel,0.8693,agrosmart-v1,simulado,sim-2026-08
14dc2f1a-076f-5fce-a072-2eed3fbe4ac0,TI-02_20260826_0006.jpg,2026-08-26 09:05:19,TI-02,drone,saudavel,saudavel,0.9964,agrosmart-v1,simulado,sim-2026-08
f339b2da-8d1d-5238-a177-f5b5a2d71678,BV-04_20260826_0002.jpg,2026-08-26 09:05:34,BV-04,smartphone,saudavel,saudavel,0.6702,agrosmart-v1,simulado,sim-2026-08
ec545dcd-5467-59df-b629-992463b294f5,TI-02_20260826_0007.jpg,2026-08-26 09:05:56,TI-02,drone,saudavel,saudavel,0.9995,agrosmart-v1,simulado,sim-2026-08
f9e40de3-828a-5260-b8f9-8a70a25f8677,BV-04_20260826_0003.jpg,2026-08-26 09:06:04,BV-04,smartphone,saudavel,saudavel,0.9301,agrosmart-v1,simulado,sim-2026-08
5e26a47e-7faa-5e8b-8d04-ba203d66fe88,TI-02_20260826_0008.jpg,2026-08-26 09:06:32,TI-02,drone,saudavel,saudavel,0.9848,agrosmart-v1,simulado,sim-2026-08
24f9f69c-8435-5656-89a7-c1bff6b3a36b,BV-04_20260826_0004.jpg,2026-08-26 09:06:50,BV-04,smartphone,saudavel,saudavel,0.8369,agrosmart-v1,simulado,sim-2026-08
5374bcd4-d491-56dd-97d9-43993f9140a1,TI-02_20260826_0009.jpg,2026-08-26 09:07:14,TI-02,drone,saudavel,saudavel,0.9107,agrosmart-v1,simulado,sim-2026-08
19bd732f-517e-522c-bb46-4332f7965ba0,BV-04_20260826_0005.jpg,2026-08-26 09:07:27,BV-04,smartphone,saudavel,saudavel,0.9868,agrosmart-v1,simulado,sim-2026-08
7fd1869a-bb39-5808-a81e-62f4f143d835,TI-02_20260826_0010.jpg,2026-08-26 09:08:05,TI-02,drone,doente,pinta_preta,0.9127,agrosmart-v1,simulado,sim-2026-08
849cc432-4796-5e19-9693-de47a133bac1,BV-04_20260826_0006.jpg,2026-08-26 09:08:30,BV-04,smartphone,saudavel,saudavel,0.9836,agrosmart-v1,simulado,sim-2026-08
43ae7c15-bd0f-544d-be43-984ed52c3931,TI-02_20260826_0011.jpg,2026-08-26 09:08:38,TI-02,drone,saudavel,saudavel,0.9991,agrosmart-v1,simulado,sim-2026-08
b4385bf4-65c8-58c0-81be-1a79ab5f1d62,BV-04_20260826_0007.jpg,2026-08-26 09:09:02,BV-04,smartphone,saudavel,saudavel,0.9850,agrosmart-v1,simulado,sim-2026-08
63e0f895-8d1f-5e48-a8fe-b46fd1c80c24,TI-02_20260826_0012.jpg,2026-08-26 09:09:12,TI-02,drone,saudavel,saudavel,0.9346,agrosmart-v1,simulado,sim-2026-08
60b03110-54c4-5f1c-b05e-ef598120fd7f,BV-04_20260826_0008.jpg,2026-08-26 09:09:48,BV-04,smartphone,saudavel,saudavel,0.8576,agrosmart-v1,simulado,sim-2026-08
5fb95903-b510-5f37-be9b-8e1ad9c7a4c2,TI-02_20260826_0013.jpg,2026-08-26 09:10:09,TI-02,drone,saudavel,saudavel,0.9347,agrosmart-v1,simulado,sim-2026-08
ffca8f96-319c-5fb4-b7a0-d4011767e0a4,BV-04_20260826_0009.jpg,2026-08-26 09:10:22,BV-04,smartphone,saudavel,saudavel,0.9960,agrosmart-v1,simulado,sim-2026-08
e487caff-ee44-5df4-a87c-cda82c299f33,TI-02_20260826_0014.jpg,2026-08-26 09:10:27,TI-02,drone,saudavel,saudavel,0.9176,agrosmart-v1,simulado,sim-2026-08
14af8c13-c5ed-579e-973b-50a79e54aff2,BV-04_20260826_0010.jpg,2026-08-26 09:11:06,BV-04,smartphone,saudavel,saudavel,0.9927,agrosmart-v1,simulado,sim-2026-08
2225d9f1-0134-544d-bdbc-84a8615a6f09,TI-02_20260826_0015.jpg,2026-08-26 09:11:20,TI-02,drone,saudavel,saudavel,0.9482,agrosmart-v1,simulado,sim-2026-08
0ec4088b-69f9-5c4d-99d5-effb22e77436,BV-04_20260826_0011.jpg,2026-08-26 09:11:25,BV-04,smartphone,saudavel,saudavel,0.8820,agrosmart-v1,simulado,sim-2026-08
f173a217-6a58-5203-8b93-185bdb447559,TI-02_20260826_0016.jpg,2026-08-26 09:11:48,TI-02,drone,saudavel,saudavel,0.9755,agrosmart-v1,simulado,sim-2026-08
0e13a3f0-2944-5ff0-b7a1-85672d65152f,BV-04_20260826_0012.jpg,2026-08-26 09:12:27,BV-04,smartphone,saudavel,saudavel,0.9564,agrosmart-v1,simulado,sim-2026-08
29d885af-f013-5bf0-8dd0-66024db18e1f,TI-02_20260826_0017.jpg,2026-08-26 09:12:41,TI-02,drone,saudavel,saudavel,0.9254,agrosmart-v1,simulado,sim-2026-08
b1555ae9-3790-5c27-b216-9f7ce12a3160,BV-04_20260826_0013.jpg,2026-08-26 09:12:43,BV-04,smartphone,saudavel,saudavel,0.9996,agrosmart-v1,simulado,sim-2026-08
a85983e8-1518-5fab-b5a9-54a7ea510753,TI-03_20260826_0001.jpg,2026-08-26 09:12:44,TI-03,drone,saudavel,saudavel,0.9913,agrosmart-v1,simulado,sim-2026-08
40d83c84-0799-58e4-bc29-9c447f7f0fb3,TI-02_20260826_0018.jpg,2026-08-26 09:13:01,TI-02,drone,saudavel,saudavel,0.9926,agrosmart-v1,simulado,sim-2026-08
bb4eb226-a6e8-518a-8ad4-23253d30c85c,BV-04_20260826_0014.jpg,2026-08-26 09:13:48,BV-04,smartphone,saudavel,saudavel,0.9865,agrosmart-v1,simulado,sim-2026-08
c89b370d-5dae-57af-978f-a3d2801ff9bf,TI-03_20260826_0002.jpg,2026-08-26 09:13:48,TI-03,drone,doente,pinta_preta,0.9583,agrosmart-v1,simulado,sim-2026-08
aa3ba54b-7749-5bfa-835c-248a60460c3c,TI-02_20260826_0019.jpg,2026-08-26 09:13:56,TI-02,drone,saudavel,saudavel,0.8277,agrosmart-v1,simulado,sim-2026-08
3b00b80c-f63b-556c-96f4-0783a7b68a5c,BV-04_20260826_0015.jpg,2026-08-26 09:14:22,BV-04,smartphone,saudavel,saudavel,0.8766,agrosmart-v1,simulado,sim-2026-08
c28fe123-a673-5fb0-8913-5b407a7c377f,TI-03_20260826_0003.jpg,2026-08-26 09:14:27,TI-03,drone,saudavel,saudavel,0.7595,agrosmart-v1,simulado,sim-2026-08
bc28d179-ceb8-5a54-af7b-67ecfd3b0007,TI-02_20260826_0020.jpg,2026-08-26 09:14:39,TI-02,drone,saudavel,saudavel,0.9801,agrosmart-v1,simulado,sim-2026-08
042b1113-46de-525d-9581-5a61b5d07da3,BV-04_20260826_0016.jpg,2026-08-26 09:14:57,BV-04,smartphone,saudavel,saudavel,0.9044,agrosmart-v1,simulado,sim-2026-08
27f51845-3ed7-5994-8cf3-25bcbebe5820,TI-02_20260826_0021.jpg,2026-08-26 09:15:06,TI-02,drone,saudavel,saudavel,0.9997,agrosmart-v1,simulado,sim-2026-08
8b783d75-af30-5b7f-a1f9-92885fc27864,TI-03_20260826_0004.jpg,2026-08-26 09:15:06,TI-03,drone,saudavel,saudavel,0.8853,agrosmart-v1,simulado,sim-2026-08
9894c638-42b8-5bb6-95d0-232a20fcf525,TI-03_20260826_0005.jpg,2026-08-26 09:15:39,TI-03,drone,saudavel,saudavel,0.9544,agrosmart-v1,simulado,sim-2026-08
6d967a10-c1f1-5044-8bec-6e9cbc1d2a20,TI-02_20260826_0022.jpg,2026-08-26 09:15:42,TI-02,drone,saudavel,saudavel,0.8250,agrosmart-v1,simulado,sim-2026-08
35831cb9-2101-52cd-9c93-9f01baca44be,BV-04_20260826_0017.jpg,2026-08-26 09:15:46,BV-04,smartphone,saudavel,saudavel,0.8243,agrosmart-v1,simulado,sim-2026-08
335f0d37-c419-5014-b39f-2199af8a5693,BV-04_20260826_0018.jpg,2026-08-26 09:16:01,BV-04,smartphone,saudavel,saudavel,0.9510,agrosmart-v1,simulado,sim-2026-08
653c2c8d-7a59-52e6-b764-5bb6de384fc8,TI-03_20260826_0006.jpg,2026-08-26 09:16:16,TI-03,drone,saudavel,saudavel,0.9859,agrosmart-v1,simulado,sim-2026-08
83dd1abe-1042-5aa1-8793-0a16ff45013a,TI-02_20260826_0023.jpg,2026-08-26 09:16:29,TI-02,drone,saudavel,saudavel,0.9969,agrosmart-v1,simulado,sim-2026-08
c21686c2-7290-5c1d-8b6e-8d11479496da,BV-04_20260826_0019.jpg,2026-08-26 09:16:42,BV-04,smartphone,saudavel,saudavel,0.8423,agrosmart-v1,simulado,sim-2026-08
dae7378d-f585-5916-8fab-72b44720811b,TI-03_20260826_0007.jpg,2026-08-26 09:17:05,TI-03,drone,saudavel,saudavel,0.9983,agrosmart-v1,simulado,sim-2026-08
b97f9fca-2470-5dce-ac1e-bb692643d85f,TI-02_20260826_0024.jpg,2026-08-26 09:17:24,TI-02,drone,saudavel,saudavel,0.9334,agrosmart-v1,simulado,sim-2026-08
b7054564-a9f3-5656-8d97-58b218ebf0ad,TI-03_20260826_0008.jpg,2026-08-26 09:17:29,TI-03,drone,saudavel,saudavel,0.9937,agrosmart-v1,simulado,sim-2026-08
c48ddfb7-b0cf-5c23-8b0b-4d7a075bc935,TI-02_20260826_0025.jpg,2026-08-26 09:17:44,TI-02,drone,saudavel,saudavel,0.9975,agrosmart-v1,simulado,sim-2026-08
3f334119-3f55-56e3-a62f-16e68f7ecc19,TI-03_20260826_0009.jpg,2026-08-26 09:18:10,TI-03,drone,saudavel,saudavel,0.9995,agrosmart-v1,simulado,sim-2026-08
0c4fede3-970d-5425-b171-9e5f65fbc8be,TI-02_20260826_0026.jpg,2026-08-26 09:18:36,TI-02,drone,saudavel,saudavel,0.9999,agrosmart-v1,simulado,sim-2026-08
aa1e603e-13bb-5094-a7a7-cf931b019758,TI-03_20260826_0010.jpg,2026-08-26 09:19:07,TI-03,drone,saudavel,saudavel,0.9108,agrosmart-v1,simulado,sim-2026-08
f2565dc8-7fc9-56ae-aada-cab874b2af55,TI-02_20260826_0027.jpg,2026-08-26 09:19:29,TI-02,drone,doente,pinta_preta,0.9512,agrosmart-v1,simulado,sim-2026-08
0f81126c-a11c-57fe-8283-32bb8eea5069,TI-03_20260826_0011.jpg,2026-08-26 09:19:47,TI-03,drone,saudavel,saudavel,0.9917,agrosmart-v1,simulado,sim-2026-08
a64543cb-4926-52d0-abc7-50a2bac60844,TI-02_20260826_0028.jpg,2026-08-26 09:19:48,TI-02,drone,saudavel,saudavel,0.9995,agrosmart-v1,simulado,sim-2026-08
6b9e45ec-dc40-5841-88e5-69a3e3b96d61,TI-03_20260826_0012.jpg,2026-08-26 09:20:20,TI-03,drone,saudavel,saudavel,0.9996,agrosmart-v1,simulado,sim-2026-08
d530b754-6be9-5de9-89ae-23b48b79ed88,TI-02_20260826_0029.jpg,2026-08-26 09:20:49,TI-02,drone,saudavel,saudavel,0.9903,agrosmart-v1,simulado,sim-2026-08
b56add26-4376-511f-982b-9bee26fbb49c,TI-03_20260826_0013.jpg,2026-08-26 09:20:55,TI-03,drone,saudavel,saudavel,0.9893,agrosmart-v1,simulado,sim-2026-08
a564c665-d07f-5487-8ac1-89f09b6ee82d,TI-02_20260826_0030.jpg,2026-08-26 09:21:20,TI-02,drone,saudavel,saudavel,0.9946,agrosmart-v1,simulado,sim-2026-08
74af61fc-c5e4-5860-927f-5a2049341813,TI-03_20260826_0014.jpg,2026-08-26 09:21:38,TI-03,drone,saudavel,saudavel,0.9729,agrosmart-v1,simulado,sim-2026-08
7eb5e1db-694f-53a6-87cb-3237463c9ec6,TI-02_20260826_0031.jpg,2026-08-26 09:22:02,TI-02,drone,saudavel,saudavel,0.8966,agrosmart-v1,simulado,sim-2026-08
461f982e-ef7f-53db-b135-e665433f5e1b,TI-03_20260826_0015.jpg,2026-08-26 09:22:04,TI-03,drone,saudavel,saudavel,0.9244,agrosmart-v1,simulado,sim-2026-08
8d7b0e0d-b51a-5166-af88-7e36e8106db5,TI-02_20260826_0032.jpg,2026-08-26 09:22:39,TI-02,drone,doente,pinta_preta,0.8603,agrosmart-v1,simulado,sim-2026-08
58623b2c-1515-5102-98d0-1fe89bebd9c1,TI-03_20260826_0016.jpg,2026-08-26 09:22:43,TI-03,drone,saudavel,saudavel,0.9490,agrosmart-v1,simulado,sim-2026-08
c7e4efc8-0e79-592b-8976-57a371acb7d4,TI-02_20260826_0033.jpg,2026-08-26 09:23:25,TI-02,drone,saudavel,saudavel,0.9868,agrosmart-v1,simulado,sim-2026-08
ffcbd780-b610-57fd-b149-b01183f4639c,TI-03_20260826_0017.jpg,2026-08-26 09:23:38,TI-03,drone,saudavel,saudavel,0.9933,agrosmart-v1,simulado,sim-2026-08
7450da8b-6366-524a-817e-b66966600697,TI-02_20260826_0034.jpg,2026-08-26 09:23:42,TI-02,drone,saudavel,saudavel,0.9940,agrosmart-v1,simulado,sim-2026-08
9a7d20e7-fefc-53aa-827c-26787b8ed137,TI-03_20260826_0018.jpg,2026-08-26 09:24:23,TI-03,drone,saudavel,saudavel,0.9920,agrosmart-v1,simulado,sim-2026-08
fa893148-82dd-55b2-9635-31ae81e04f3f,TI-02_20260826_0035.jpg,2026-08-26 09:24:38,TI-02,drone,saudavel,saudavel,0.8685,agrosmart-v1,simulado,sim-2026-08
a0facd06-0e93-5a90-a3a8-1b34def1b64b,TI-03_20260826_0019.jpg,2026-08-26 09:24:54,TI-03,drone,saudavel,saudavel,0.9847,agrosmart-v1,simulado,sim-2026-08
760be644-4b19-5853-86ef-1a77a3454fb7,TI-02_20260826_0036.jpg,2026-08-26 09:25:21,TI-02,drone,saudavel,saudavel,0.8360,agrosmart-v1,simulado,sim-2026-08
5e3f85cd-6d38-5658-9eab-dc7046b37125,TI-03_20260826_0020.jpg,2026-08-26 09:25:40,TI-03,drone,saudavel,saudavel,0.9898,agrosmart-v1,simulado,sim-2026-08
64ee870d-f63f-51b4-b9b7-b15daeecd4ae,TI-02_20260826_0037.jpg,2026-08-26 09:25:46,TI-02,drone,doente,pinta_preta,1.0000,agrosmart-v1,simulado,sim-2026-08
995f2706-6090-516c-babf-3218d4f77177,TI-03_20260826_0021.jpg,2026-08-26 09:26:11,TI-03,drone,saudavel,saudavel,0.9993,agrosmart-v1,simulado,sim-2026-08
12053316-8e04-502b-a84d-52830aba31cf,TI-02_20260826_0038.jpg,2026-08-26 09:26:40,TI-02,drone,doente,pinta_preta,0.5707,agrosmart-v1,simulado,sim-2026-08
3f5b0132-6495-5dae-b610-535fcbf2d349,TI-03_20260826_0022.jpg,2026-08-26 09:27:03,TI-03,drone,saudavel,saudavel,0.9449,agrosmart-v1,simulado,sim-2026-08
3f2d3c80-5d83-5596-8bdb-e842d85dfeaa,TI-02_20260826_0039.jpg,2026-08-26 09:27:17,TI-02,drone,saudavel,saudavel,0.9034,agrosmart-v1,simulado,sim-2026-08
912ce52a-199e-58a6-92b1-d80d3d39079c,TI-03_20260826_0023.jpg,2026-08-26 09:27:47,TI-03,drone,saudavel,saudavel,0.9678,agrosmart-v1,simulado,sim-2026-08
86d95228-9222-5c2d-8304-c33bb3e15834,TI-02_20260826_0040.jpg,2026-08-26 09:28:02,TI-02,drone,saudavel,saudavel,0.9540,agrosmart-v1,simulado,sim-2026-08
ee3d8e7f-6634-5933-b411-aaa4fc3f9f50,TI-03_20260826_0024.jpg,2026-08-26 09:28:13,TI-03,drone,saudavel,saudavel,0.9899,agrosmart-v1,simulado,sim-2026-08
c224b192-45e5-5c6f-8efc-5771f425bdc4,TI-02_20260826_0041.jpg,2026-08-26 09:28:30,TI-02,drone,saudavel,saudavel,0.9986,agrosmart-v1,simulado,sim-2026-08
83c5e861-ffd5-55ed-a8ab-c9fde2ad86ee,TI-03_20260826_0025.jpg,2026-08-26 09:28:48,TI-03,drone,saudavel,saudavel,0.9849,agrosmart-v1,simulado,sim-2026-08
6e7e3602-18a4-5663-aa07-632aec34c544,TI-03_20260826_0026.jpg,2026-08-26 09:29:29,TI-03,drone,saudavel,saudavel,0.8609,agrosmart-v1,simulado,sim-2026-08
60eb915e-43c8-56dc-af80-2e2c97c8c6ca,TI-03_20260826_0027.jpg,2026-08-26 09:30:19,TI-03,drone,saudavel,saudavel,0.9673,agrosmart-v1,simulado,sim-2026-08
1c8834e5-4773-544b-950c-38edd2fc24c7,TI-03_20260826_0028.jpg,2026-08-26 09:30:52,TI-03,drone,saudavel,saudavel,0.9041,agrosmart-v1,simulado,sim-2026-08
dbde4225-e432-566d-8364-f8268924ec8e,TI-03_20260826_0029.jpg,2026-08-26 09:31:50,TI-03,drone,saudavel,saudavel,0.8664,agrosmart-v1,simulado,sim-2026-08
ee49d5b3-62b9-5eb9-98c2-59494df13c7f,TI-03_20260826_0030.jpg,2026-08-26 09:32:12,TI-03,drone,saudavel,saudavel,0.9905,agrosmart-v1,simulado,sim-2026-08
e6f56a68-a321-55e1-9b56-02e2c5e01b3f,TI-03_20260826_0031.jpg,2026-08-26 09:32:47,TI-03,drone,saudavel,saudavel,0.9993,agrosmart-v1,simulado,sim-2026-08
4c81d305-c1e3-54ac-905f-7e8c535417f6,TI-03_20260826_0032.jpg,2026-08-26 09:33:45,TI-03,drone,saudavel,saudavel,0.9170,agrosmart-v1,simulado,sim-2026-08
e3d0dbd3-27c9-50d1-b142-c4aa66da4307,TI-03_20260826_0033.jpg,2026-08-26 09:34:22,TI-03,drone,doente,pinta_preta,0.9979,agrosmart-v1,simulado,sim-2026-08
12c5c006-fb91-5c64-a684-262bb32d16f7,TI-03_20260826_0034.jpg,2026-08-26 09:34:58,TI-03,drone,saudavel,saudavel,0.9835,agrosmart-v1,simulado,sim-2026-08
5171fd59-9136-51da-8002-7e1d46ca00a1,TI-03_20260826_0035.jpg,2026-08-26 09:35:22,TI-03,drone,saudavel,saudavel,0.8894,agrosmart-v1,simulado,sim-2026-08
a2c38828-15b8-58a4-a079-fde338314404,TI-03_20260826_0036.jpg,2026-08-26 09:36:24,TI-03,drone,saudavel,saudavel,0.9434,agrosmart-v1,simulado,sim-2026-08
ae76bed1-dca9-5d12-a8e1-e1dca6321aac,TI-04_20260826_0001.jpg,2026-08-26 09:55:05,TI-04,drone,saudavel,saudavel,0.9829,agrosmart-v1,simulado,sim-2026-08
d9abc4e0-3511-55dd-85ba-4bfbc9c912bf,TI-04_20260826_0002.jpg,2026-08-26 09:55:20,TI-04,drone,saudavel,saudavel,0.9851,agrosmart-v1,simulado,sim-2026-08
a45a0ed2-c766-5a3c-b11a-31b9e9e82396,TI-04_20260826_0003.jpg,2026-08-26 09:56:06,TI-04,drone,saudavel,saudavel,0.9967,agrosmart-v1,simulado,sim-2026-08
64af4d5b-acb6-5bd8-b2d6-4d436321afff,TI-04_20260826_0004.jpg,2026-08-26 09:57:04,TI-04,drone,saudavel,saudavel,0.9938,agrosmart-v1,simulado,sim-2026-08
e6f5934e-567f-5bd5-b64e-0a9317038d0f,TI-04_20260826_0005.jpg,2026-08-26 09:57:41,TI-04,drone,saudavel,saudavel,0.9952,agrosmart-v1,simulado,sim-2026-08
795cf0ec-b360-5063-b18b-f457f5908f5e,TI-04_20260826_0006.jpg,2026-08-26 09:58:06,TI-04,drone,saudavel,saudavel,0.9202,agrosmart-v1,simulado,sim-2026-08
cc1d1d4b-2185-5455-8501-f7d5ca161c04,TI-04_20260826_0007.jpg,2026-08-26 09:58:45,TI-04,drone,saudavel,saudavel,0.9993,agrosmart-v1,simulado,sim-2026-08
4ab2f7c5-5380-558e-8a9b-0a4064af1aae,BV-01_20260826_0001.jpg,2026-08-26 09:59:08,BV-01,smartphone,saudavel,saudavel,0.9914,agrosmart-v1,simulado,sim-2026-08
92d7483b-b366-5a85-be12-7fb456ff7f9b,TI-04_20260826_0008.jpg,2026-08-26 09:59:21,TI-04,drone,saudavel,saudavel,0.9660,agrosmart-v1,simulado,sim-2026-08
c5ba9a46-60c0-54c7-a9de-095b3082df3d,BV-01_20260826_0002.jpg,2026-08-26 09:59:43,BV-01,smartphone,saudavel,saudavel,0.9764,agrosmart-v1,simulado,sim-2026-08
8359ffe6-2bf1-53ea-a6c2-b36cce5f631a,BV-01_20260826_0003.jpg,2026-08-26 10:00:03,BV-01,smartphone,saudavel,saudavel,0.8241,agrosmart-v1,simulado,sim-2026-08
239fd4af-7ce4-5253-86c4-deec7658128e,TI-04_20260826_0009.jpg,2026-08-26 10:00:23,TI-04,drone,saudavel,saudavel,0.9839,agrosmart-v1,simulado,sim-2026-08
aa302083-ab3e-59a2-bc79-dd088eb3836d,TI-04_20260826_0010.jpg,2026-08-26 10:01:09,TI-04,drone,saudavel,saudavel,0.9634,agrosmart-v1,simulado,sim-2026-08
2a750b45-7c38-52a5-8c65-5bfc9498b05d,BV-01_20260826_0004.jpg,2026-08-26 10:01:10,BV-01,smartphone,saudavel,saudavel,0.9169,agrosmart-v1,simulado,sim-2026-08
a1a88bb3-2b96-598c-8dea-554fa2fe0816,BV-01_20260826_0005.jpg,2026-08-26 10:01:21,BV-01,smartphone,saudavel,saudavel,0.8292,agrosmart-v1,simulado,sim-2026-08
fa6fbde9-484a-5d7e-a840-06f3f4bc0a05,TI-04_20260826_0011.jpg,2026-08-26 10:01:49,TI-04,drone,saudavel,saudavel,0.9785,agrosmart-v1,simulado,sim-2026-08
715ce54d-a821-5aaa-b8a5-2c7a5007f83d,BV-01_20260826_0006.jpg,2026-08-26 10:02:01,BV-01,smartphone,saudavel,saudavel,0.9522,agrosmart-v1,simulado,sim-2026-08
f53de4cf-c996-565d-a82a-eda6578be4f1,TI-04_20260826_0012.jpg,2026-08-26 10:02:12,TI-04,drone,saudavel,saudavel,0.9999,agrosmart-v1,simulado,sim-2026-08
f9fcc29c-ca94-5155-a680-4c9a90679d0f,TI-04_20260826_0013.jpg,2026-08-26 10:02:47,TI-04,drone,saudavel,saudavel,0.9126,agrosmart-v1,simulado,sim-2026-08
b77937f3-6e45-570c-b3c3-83b87b8a7d75,BV-01_20260826_0007.jpg,2026-08-26 10:02:53,BV-01,smartphone,saudavel,saudavel,0.9292,agrosmart-v1,simulado,sim-2026-08
a544fbbb-cc70-558e-8fbb-55f46ba2a605,BV-01_20260826_0008.jpg,2026-08-26 10:03:21,BV-01,smartphone,saudavel,saudavel,0.9717,agrosmart-v1,simulado,sim-2026-08
f535bf4a-3864-5b0e-a18c-20320d96ca0c,TI-04_20260826_0014.jpg,2026-08-26 10:03:22,TI-04,drone,saudavel,saudavel,0.9195,agrosmart-v1,simulado,sim-2026-08
21b6ca7c-3c2a-598a-9fab-614c0c908a8e,BV-01_20260826_0009.jpg,2026-08-26 10:04:19,BV-01,smartphone,saudavel,saudavel,0.9233,agrosmart-v1,simulado,sim-2026-08
3665c943-5ed9-574b-aa38-f15c2147d8d2,TI-04_20260826_0015.jpg,2026-08-26 10:04:25,TI-04,drone,saudavel,saudavel,0.8894,agrosmart-v1,simulado,sim-2026-08
a3e6028a-964a-58d2-99d4-afc28528eada,BV-01_20260826_0010.jpg,2026-08-26 10:05:02,BV-01,smartphone,saudavel,saudavel,0.9190,agrosmart-v1,simulado,sim-2026-08
830de282-227c-57c9-8ec1-78513a7bd4aa,TI-04_20260826_0016.jpg,2026-08-26 10:05:05,TI-04,drone,saudavel,saudavel,1.0000,agrosmart-v1,simulado,sim-2026-08
385d7075-f776-50b6-96a5-0120963ba95e,TI-04_20260826_0017.jpg,2026-08-26 10:05:23,TI-04,drone,saudavel,saudavel,1.0000,agrosmart-v1,simulado,sim-2026-08
cd5eeb72-c074-5fb8-b47a-b61a353ac02f,BV-01_20260826_0011.jpg,2026-08-26 10:05:34,BV-01,smartphone,saudavel,saudavel,0.9239,agrosmart-v1,simulado,sim-2026-08
b6540ac2-3acf-52f2-93b7-b243a0bcbc17,BV-01_20260826_0012.jpg,2026-08-26 10:06:20,BV-01,smartphone,saudavel,saudavel,1.0000,agrosmart-v1,simulado,sim-2026-08
0edd9608-7819-5c2f-9ab6-27c612f54991,TI-04_20260826_0018.jpg,2026-08-26 10:06:28,TI-04,drone,saudavel,saudavel,0.8479,agrosmart-v1,simulado,sim-2026-08
5505acfb-7f9e-5d02-b84d-77d9ec3a0b2b,BV-01_20260826_0013.jpg,2026-08-26 10:06:43,BV-01,smartphone,saudavel,saudavel,0.9195,agrosmart-v1,simulado,sim-2026-08
7341819c-abf0-50f9-b987-5ad3996ff198,TI-04_20260826_0019.jpg,2026-08-26 10:06:44,TI-04,drone,saudavel,saudavel,0.9942,agrosmart-v1,simulado,sim-2026-08
485415e5-e45c-5817-a8e5-2464c09af4e9,BV-01_20260826_0014.jpg,2026-08-26 10:07:20,BV-01,smartphone,saudavel,saudavel,0.8245,agrosmart-v1,simulado,sim-2026-08
9bbfde8c-5179-5428-a27d-3f1b17ed656d,TI-04_20260826_0020.jpg,2026-08-26 10:07:45,TI-04,drone,saudavel,saudavel,0.9601,agrosmart-v1,simulado,sim-2026-08
6169c05f-4ba9-5fe5-9fcb-3baad6713af4,TI-04_20260826_0021.jpg,2026-08-26 10:08:06,TI-04,drone,saudavel,saudavel,0.9576,agrosmart-v1,simulado,sim-2026-08
8e200f72-d2f9-54e4-87c1-c4f086529190,BV-01_20260826_0015.jpg,2026-08-26 10:08:22,BV-01,smartphone,saudavel,saudavel,0.8864,agrosmart-v1,simulado,sim-2026-08
859846e2-7970-5752-aae0-2c1dfdd3ab83,TI-04_20260826_0022.jpg,2026-08-26 10:08:40,TI-04,drone,saudavel,saudavel,0.9930,agrosmart-v1,simulado,sim-2026-08
50769d24-1b34-50de-b6b0-67759204f07a,BV-01_20260826_0016.jpg,2026-08-26 10:08:55,BV-01,smartphone,saudavel,saudavel,0.9111,agrosmart-v1,simulado,sim-2026-08
e501b822-af88-58ed-b00b-57c7756015c1,BV-01_20260826_0017.jpg,2026-08-26 10:09:24,BV-01,smartphone,saudavel,saudavel,0.9993,agrosmart-v1,simulado,sim-2026-08
1bdd1348-b50a-59d4-9427-cd1b9bb61b88,TI-04_20260826_0023.jpg,2026-08-26 10:09:38,TI-04,drone,saudavel,saudavel,0.9464,agrosmart-v1,simulado,sim-2026-08
7e149492-6149-5987-98c2-05e5818d36d1,TI-04_20260826_0024.jpg,2026-08-26 10:10:04,TI-04,drone,saudavel,saudavel,0.9858,agrosmart-v1,simulado,sim-2026-08
f6409eed-98a6-58a0-b9eb-ee4a310d3259,BV-01_20260826_0018.jpg,2026-08-26 10:10:25,BV-01,smartphone,saudavel,saudavel,0.9704,agrosmart-v1,simulado,sim-2026-08
5d06ac90-31e4-50f5-bc3b-747ebbc7b92d,BV-01_20260826_0019.jpg,2026-08-26 10:10:52,BV-01,smartphone,saudavel,saudavel,0.9482,agrosmart-v1,simulado,sim-2026-08
046daa93-c351-50d9-8096-011310dc5df7,TI-04_20260826_0025.jpg,2026-08-26 10:10:52,TI-04,drone,saudavel,saudavel,0.8466,agrosmart-v1,simulado,sim-2026-08
0a159acf-4813-5258-9d2e-1f58f7cbee5c,TI-04_20260826_0026.jpg,2026-08-26 10:11:22,TI-04,drone,saudavel,saudavel,0.8383,agrosmart-v1,simulado,sim-2026-08
b0b42dc8-3ab4-5d77-818f-f1e101aa46a3,BV-01_20260826_0020.jpg,2026-08-26 10:11:35,BV-01,smartphone,saudavel,saudavel,0.8739,agrosmart-v1,simulado,sim-2026-08
f604c9cf-d752-531a-af00-3360e4ffbdbe,TI-04_20260826_0027.jpg,2026-08-26 10:12:03,TI-04,drone,doente,requeima,0.9885,agrosmart-v1,simulado,sim-2026-08
ff3e8cc9-f195-53d5-baf8-82bc45cf933a,BV-01_20260826_0021.jpg,2026-08-26 10:12:26,BV-01,smartphone,saudavel,saudavel,0.9972,agrosmart-v1,simulado,sim-2026-08
82aab6af-3186-5cf2-93fa-e29f4a6e384c,TI-04_20260826_0028.jpg,2026-08-26 10:13:04,TI-04,drone,saudavel,saudavel,1.0000,agrosmart-v1,simulado,sim-2026-08
44496c4d-b65b-58b0-9b74-b2e4fd0fd3bc,BV-01_20260826_0022.jpg,2026-08-26 10:13:10,BV-01,smartphone,saudavel,saudavel,0.9975,agrosmart-v1,simulado,sim-2026-08
c48b46ea-6903-5d06-838f-ddced0e3b3d9,TI-04_20260826_0029.jpg,2026-08-26 10:13:39,TI-04,drone,saudavel,saudavel,0.9525,agrosmart-v1,simulado,sim-2026-08
a9cbe97c-a827-5f67-ba3b-4b788b5b223f,BV-01_20260826_0023.jpg,2026-08-26 10:13:42,BV-01,smartphone,saudavel,saudavel,0.9446,agrosmart-v1,simulado,sim-2026-08
21e6dd7b-8705-576c-91a2-96da150feec8,BV-01_20260826_0024.jpg,2026-08-26 10:14:03,BV-01,smartphone,saudavel,saudavel,0.9405,agrosmart-v1,simulado,sim-2026-08
fb2ccd27-1d64-5e0c-ae8b-8b59ab6e4068,TI-04_20260826_0030.jpg,2026-08-26 10:14:17,TI-04,drone,saudavel,saudavel,0.9902,agrosmart-v1,simulado,sim-2026-08
54c2980c-c2ae-584e-a47d-b8f89171e470,BV-01_20260826_0025.jpg,2026-08-26 10:14:42,BV-01,smartphone,saudavel,saudavel,0.8695,agrosmart-v1,simulado,sim-2026-08
52ed2c6f-ef5f-5f02-8ff3-f979a32f4336,TI-04_20260826_0031.jpg,2026-08-26 10:14:53,TI-04,drone,saudavel,saudavel,0.9684,agrosmart-v1,simulado,sim-2026-08
29563799-e8dd-5324-b29c-41ecbd511b1c,BV-01_20260826_0026.jpg,2026-08-26 10:15:23,BV-01,smartphone,doente,mosca_minadora,0.9762,agrosmart-v1,simulado,sim-2026-08
1c6ed58b-f561-5fbe-98fe-700432390cf3,BV-01_20260826_0027.jpg,2026-08-26 10:16:13,BV-01,smartphone,saudavel,saudavel,0.9220,agrosmart-v1,simulado,sim-2026-08
65cb96b7-b2f0-5e1b-bfe9-09f70eb7828d,BV-01_20260826_0028.jpg,2026-08-26 10:16:41,BV-01,smartphone,saudavel,saudavel,0.9514,agrosmart-v1,simulado,sim-2026-08
7e6231f7-c4ff-56df-a562-218a77819ed9,BV-01_20260826_0029.jpg,2026-08-26 10:17:41,BV-01,smartphone,saudavel,saudavel,0.9965,agrosmart-v1,simulado,sim-2026-08
22205aaf-c51f-5dd1-94fd-1f054b476cb1,BV-01_20260826_0030.jpg,2026-08-26 10:18:10,BV-01,smartphone,saudavel,saudavel,0.8250,agrosmart-v1,simulado,sim-2026-08
292493da-2276-5e21-ab68-3894083bacad,BV-01_20260826_0031.jpg,2026-08-26 10:18:57,BV-01,smartphone,saudavel,saudavel,0.9148,agrosmart-v1,simulado,sim-2026-08
ec31c0c0-fe01-5417-967a-9eee9023986b,BV-01_20260826_0032.jpg,2026-08-26 10:19:21,BV-01,smartphone,saudavel,saudavel,0.9936,agrosmart-v1,simulado,sim-2026-08
5c45cf26-21e2-5e34-9ec8-c3bc12ee9d52,SC-01_20260828_0001.jpg,2026-08-28 07:26:04,SC-01,smartphone,saudavel,saudavel,0.9197,agrosmart-v1,simulado,sim-2026-08
4e55b897-a338-5be7-9193-2b8dfece51d2,SC-01_20260828_0002.jpg,2026-08-28 07:26:38,SC-01,smartphone,saudavel,saudavel,0.9903,agrosmart-v1,simulado,sim-2026-08
19a2d300-9f48-5412-a7c1-3da29829d09f,SC-01_20260828_0003.jpg,2026-08-28 07:27:01,SC-01,smartphone,saudavel,saudavel,0.9967,agrosmart-v1,simulado,sim-2026-08
f2010561-7a3c-56c8-b181-2630e0b7ddca,SC-01_20260828_0004.jpg,2026-08-28 07:27:48,SC-01,smartphone,saudavel,saudavel,0.9370,agrosmart-v1,simulado,sim-2026-08
65616a80-cd42-51cc-80c1-c2331c9b6099,SC-01_20260828_0005.jpg,2026-08-28 07:28:25,SC-01,smartphone,saudavel,saudavel,0.9522,agrosmart-v1,simulado,sim-2026-08
c23f38ce-5c0e-5eae-82d7-090557740646,SC-01_20260828_0006.jpg,2026-08-28 07:29:07,SC-01,smartphone,saudavel,saudavel,0.8228,agrosmart-v1,simulado,sim-2026-08
e07ef0b3-d4d9-57ba-8fb1-03685c0b40f7,SC-01_20260828_0007.jpg,2026-08-28 07:29:49,SC-01,smartphone,saudavel,saudavel,0.8593,agrosmart-v1,simulado,sim-2026-08
74ff45a5-973c-5ec2-8d1e-9a545a1e9e0a,SC-01_20260828_0008.jpg,2026-08-28 07:30:27,SC-01,smartphone,saudavel,saudavel,0.9998,agrosmart-v1,simulado,sim-2026-08
7ea8e6e3-2932-54bf-bd16-472def3017fc,SC-01_20260828_0009.jpg,2026-08-28 07:31:12,SC-01,smartphone,saudavel,saudavel,0.9165,agrosmart-v1,simulado,sim-2026-08
b5813295-781f-58fb-ad88-beb69ceec554,SC-01_20260828_0010.jpg,2026-08-28 07:32:00,SC-01,smartphone,saudavel,saudavel,0.9123,agrosmart-v1,simulado,sim-2026-08
f1786c07-67cc-500d-9238-28ca2406fe9b,TI-04_20260828_0001.jpg,2026-08-28 07:32:02,TI-04,drone,saudavel,saudavel,0.9277,agrosmart-v1,simulado,sim-2026-08
3dc25e2e-2a82-5e05-88f2-a5f1f94ff9c5,TI-04_20260828_0002.jpg,2026-08-28 07:32:28,TI-04,drone,saudavel,saudavel,0.9864,agrosmart-v1,simulado,sim-2026-08
05be2ef8-fcc1-542c-886e-a32e78ceef85,SC-01_20260828_0011.jpg,2026-08-28 07:32:48,SC-01,smartphone,saudavel,saudavel,0.9982,agrosmart-v1,simulado,sim-2026-08
e9ce3b77-df8e-529a-a55a-80d9106f01fc,TI-01_20260828_0001.jpg,2026-08-28 07:32:49,TI-01,drone,saudavel,saudavel,0.9978,agrosmart-v1,simulado,sim-2026-08
3bb8d6b1-22a6-518c-abf7-3e1530d8e724,SC-01_20260828_0012.jpg,2026-08-28 07:33:02,SC-01,smartphone,saudavel,saudavel,0.9126,agrosmart-v1,simulado,sim-2026-08
893f3c23-3e52-5bb2-b038-0d2be13b1c5d,TI-04_20260828_0003.jpg,2026-08-28 07:33:22,TI-04,drone,saudavel,saudavel,0.9751,agrosmart-v1,simulado,sim-2026-08
5440c3a0-aa4e-5d72-97d5-3c5d13711a59,TI-01_20260828_0002.jpg,2026-08-28 07:33:26,TI-01,drone,saudavel,saudavel,0.8241,agrosmart-v1,simulado,sim-2026-08
7b3f28d0-42eb-5284-886a-e2997a5a0871,TI-04_20260828_0004.jpg,2026-08-28 07:34:08,TI-04,drone,saudavel,saudavel,0.9912,agrosmart-v1,simulado,sim-2026-08
ba5480f3-b735-5653-8deb-50d4733b5674,SC-01_20260828_0013.jpg,2026-08-28 07:34:10,SC-01,smartphone,saudavel,saudavel,0.9796,agrosmart-v1,simulado,sim-2026-08
aab77cc2-2439-5a7a-96e2-79364047a0c2,TI-01_20260828_0003.jpg,2026-08-28 07:34:21,TI-01,drone,saudavel,saudavel,0.8767,agrosmart-v1,simulado,sim-2026-08
e5d36fcf-4ef1-5999-ae1c-3968ac3f3568,TI-04_20260828_0005.jpg,2026-08-28 07:34:31,TI-04,drone,saudavel,saudavel,0.9995,agrosmart-v1,simulado,sim-2026-08
093902dc-fc9a-5b46-9635-a672fdee1b77,SC-01_20260828_0014.jpg,2026-08-28 07:34:39,SC-01,smartphone,saudavel,saudavel,0.9924,agrosmart-v1,simulado,sim-2026-08
d3413376-16e9-5862-94ec-e3a98929e9f2,TI-01_20260828_0004.jpg,2026-08-28 07:35:00,TI-01,drone,saudavel,saudavel,0.9750,agrosmart-v1,simulado,sim-2026-08
212aa007-d1c6-5d9e-88ef-36919233ece4,TI-04_20260828_0006.jpg,2026-08-28 07:35:05,TI-04,drone,saudavel,saudavel,0.9708,agrosmart-v1,simulado,sim-2026-08
843db484-630e-5400-9154-2d51d9b6f57d,SC-01_20260828_0015.jpg,2026-08-28 07:35:06,SC-01,smartphone,saudavel,saudavel,0.9994,agrosmart-v1,simulado,sim-2026-08
d46d6fda-cba4-5bde-a1a3-c7a65cf28904,TI-01_20260828_0005.jpg,2026-08-28 07:35:39,TI-01,drone,saudavel,saudavel,0.9701,agrosmart-v1,simulado,sim-2026-08
ec9c40ac-dabe-5d02-9500-f42c86c76791,TI-04_20260828_0007.jpg,2026-08-28 07:35:47,TI-04,drone,saudavel,saudavel,0.9461,agrosmart-v1,simulado,sim-2026-08
bfecffbc-5338-50e8-96f5-2768596a4cc8,SC-01_20260828_0016.jpg,2026-08-28 07:35:59,SC-01,smartphone,saudavel,saudavel,0.9608,agrosmart-v1,simulado,sim-2026-08
dc08c757-abda-5ab5-9fa0-fa847c292883,TI-01_20260828_0006.jpg,2026-08-28 07:36:13,TI-01,drone,saudavel,saudavel,0.9253,agrosmart-v1,simulado,sim-2026-08
b5280e8f-6682-5b19-90cc-62d1143da7a7,SC-01_20260828_0017.jpg,2026-08-28 07:36:26,SC-01,smartphone,saudavel,saudavel,0.9283,agrosmart-v1,simulado,sim-2026-08
265fcae2-2318-598c-84e4-4e23a8f216b1,TI-04_20260828_0008.jpg,2026-08-28 07:36:34,TI-04,drone,saudavel,saudavel,0.8984,agrosmart-v1,simulado,sim-2026-08
32dd31c9-654a-521a-8710-317d6c430405,TI-04_20260828_0009.jpg,2026-08-28 07:37:00,TI-04,drone,saudavel,saudavel,0.9908,agrosmart-v1,simulado,sim-2026-08
1dbe35a5-ebb4-5f5f-9d7f-0d935e2fa57b,TI-01_20260828_0007.jpg,2026-08-28 07:37:07,TI-01,drone,saudavel,saudavel,0.9951,agrosmart-v1,simulado,sim-2026-08
c63519a6-5247-57a5-b3a6-4e7b4a78dea1,SC-01_20260828_0018.jpg,2026-08-28 07:37:13,SC-01,smartphone,saudavel,saudavel,0.9478,agrosmart-v1,simulado,sim-2026-08
b3af8fa8-e3ef-57b0-bd7e-1c67fb5f50a2,SC-01_20260828_0019.jpg,2026-08-28 07:37:41,SC-01,smartphone,saudavel,saudavel,0.9852,agrosmart-v1,simulado,sim-2026-08
7964f3cc-905e-50ae-9ce4-28316524ade5,TI-01_20260828_0008.jpg,2026-08-28 07:37:48,TI-01,drone,saudavel,saudavel,0.9320,agrosmart-v1,simulado,sim-2026-08
27180764-2c37-51a4-a7dc-127dd8371517,TI-04_20260828_0010.jpg,2026-08-28 07:37:56,TI-04,drone,saudavel,saudavel,0.9919,agrosmart-v1,simulado,sim-2026-08
5000923a-c1a6-5ed9-89d3-44b321e29992,TI-01_20260828_0009.jpg,2026-08-28 07:38:06,TI-01,drone,saudavel,saudavel,0.9179,agrosmart-v1,simulado,sim-2026-08
573d6b24-bd89-54da-83af-18b1d60d2a85,TI-04_20260828_0011.jpg,2026-08-28 07:38:24,TI-04,drone,saudavel,saudavel,0.9785,agrosmart-v1,simulado,sim-2026-08
13eeab8f-463d-5521-8ef1-2ea1bb9af9ac,SC-01_20260828_0020.jpg,2026-08-28 07:38:36,SC-01,smartphone,saudavel,saudavel,0.9591,agrosmart-v1,simulado,sim-2026-08
bb737f89-fcca-5968-8977-130de4e13e1a,TI-01_20260828_0010.jpg,2026-08-28 07:39:08,TI-01,drone,saudavel,saudavel,0.9001,agrosmart-v1,simulado,sim-2026-08
51dd6a01-3109-5b38-b526-b587aaedcdb6,SC-01_20260828_0021.jpg,2026-08-28 07:39:12,SC-01,smartphone,saudavel,saudavel,0.9868,agrosmart-v1,simulado,sim-2026-08
3a13fd0b-7a17-565b-b9ec-79ded37f753b,TI-04_20260828_0012.jpg,2026-08-28 07:39:14,TI-04,drone,doente,pinta_preta,0.9456,agrosmart-v1,simulado,sim-2026-08
442075b4-9b84-51fd-b15e-14e5fd548782,TI-01_20260828_0011.jpg,2026-08-28 07:39:44,TI-01,drone,saudavel,saudavel,0.9734,agrosmart-v1,simulado,sim-2026-08
95b6a2f5-e68f-5f0d-81f2-338f4cf04754,SC-01_20260828_0022.jpg,2026-08-28 07:39:49,SC-01,smartphone,saudavel,saudavel,0.9665,agrosmart-v1,simulado,sim-2026-08
76a51891-bebb-52f1-85a9-ab2025602e14,TI-04_20260828_0013.jpg,2026-08-28 07:39:49,TI-04,drone,saudavel,saudavel,0.9951,agrosmart-v1,simulado,sim-2026-08
5298685b-ac79-52a2-a6d2-92e05d3d3af8,TI-01_20260828_0012.jpg,2026-08-28 07:40:18,TI-01,drone,saudavel,saudavel,0.9625,agrosmart-v1,simulado,sim-2026-08
82018108-06bb-501a-94eb-d6254ba2d135,TI-04_20260828_0014.jpg,2026-08-28 07:40:20,TI-04,drone,saudavel,saudavel,0.9884,agrosmart-v1,simulado,sim-2026-08
54b6742a-6cd3-5072-9e8e-dd610f62e364,SC-01_20260828_0023.jpg,2026-08-28 07:40:35,SC-01,smartphone,saudavel,saudavel,0.9766,agrosmart-v1,simulado,sim-2026-08
3c101999-db53-5e89-a3cd-53147b542708,TI-04_20260828_0015.jpg,2026-08-28 07:41:02,TI-04,drone,saudavel,saudavel,0.9894,agrosmart-v1,simulado,sim-2026-08
c184d00c-1ae3-569a-8939-56fd5a1a2e10,TI-01_20260828_0013.jpg,2026-08-28 07:41:06,TI-01,drone,saudavel,saudavel,0.8866,agrosmart-v1,simulado,sim-2026-08
c7ba0832-12d7-5cf3-95bf-bc975a0d45a1,SC-01_20260828_0024.jpg,2026-08-28 07:41:10,SC-01,smartphone,saudavel,saudavel,0.9675,agrosmart-v1,simulado,sim-2026-08
78e4211f-b549-5c7e-b086-9b70c8c90c39,SC-01_20260828_0025.jpg,2026-08-28 07:41:44,SC-01,smartphone,saudavel,saudavel,0.9339,agrosmart-v1,simulado,sim-2026-08
50630786-77b0-5ee5-a845-201d7b764779,TI-01_20260828_0014.jpg,2026-08-28 07:41:49,TI-01,drone,saudavel,saudavel,0.9224,agrosmart-v1,simulado,sim-2026-08
77b5feee-bcc2-59ac-90cb-941f1e92054f,TI-04_20260828_0016.jpg,2026-08-28 07:42:02,TI-04,drone,saudavel,saudavel,0.8514,agrosmart-v1,simulado,sim-2026-08
c84b07ee-3249-55af-919c-24b4351e3469,TI-01_20260828_0015.jpg,2026-08-28 07:42:25,TI-01,drone,saudavel,saudavel,0.9918,agrosmart-v1,simulado,sim-2026-08
e4c7a209-6d2b-5dd5-b8b8-fc644ab7a582,TI-01_20260828_0016.jpg,2026-08-28 07:42:41,TI-01,drone,saudavel,saudavel,0.9945,agrosmart-v1,simulado,sim-2026-08
33737b98-8015-5c31-a594-32881317248f,SC-01_20260828_0026.jpg,2026-08-28 07:42:48,SC-01,smartphone,saudavel,saudavel,0.8828,agrosmart-v1,simulado,sim-2026-08
d4041a71-0723-59e3-a583-f829fa2cc091,TI-04_20260828_0017.jpg,2026-08-28 07:42:48,TI-04,drone,saudavel,saudavel,0.9984,agrosmart-v1,simulado,sim-2026-08
9778b8b9-6786-57d6-95cd-84f8930b48b5,SC-01_20260828_0027.jpg,2026-08-28 07:43:19,SC-01,smartphone,saudavel,saudavel,0.9970,agrosmart-v1,simulado,sim-2026-08
983ca12e-b1a2-5ef5-b838-c428ffda21ca,TI-01_20260828_0017.jpg,2026-08-28 07:43:20,TI-01,drone,saudavel,saudavel,0.9865,agrosmart-v1,simulado,sim-2026-08
79dea632-aa88-52d1-be93-687aeed49cbf,TI-04_20260828_0018.jpg,2026-08-28 07:43:27,TI-04,drone,saudavel,saudavel,0.8559,agrosmart-v1,simulado,sim-2026-08
ec072ab2-ea44-5a82-a701-bbc271589282,SC-01_20260828_0028.jpg,2026-08-28 07:43:45,SC-01,smartphone,saudavel,saudavel,0.8993,agrosmart-v1,simulado,sim-2026-08
dd1c7215-bb9b-5f56-a060-0105b088ae8f,TI-04_20260828_0019.jpg,2026-08-28 07:43:49,TI-04,drone,saudavel,saudavel,0.9511,agrosmart-v1,simulado,sim-2026-08
88bfb295-b7ff-5f88-a8c7-56d673dd2854,TI-04_20260828_0020.jpg,2026-08-28 07:44:20,TI-04,drone,saudavel,saudavel,0.8503,agrosmart-v1,simulado,sim-2026-08
e918760c-fcef-519e-8755-d8ce0a57c844,TI-01_20260828_0018.jpg,2026-08-28 07:44:22,TI-01,drone,saudavel,saudavel,0.9999,agrosmart-v1,simulado,sim-2026-08
55780271-a9eb-5adc-b355-a2288ca1dbfc,SC-01_20260828_0029.jpg,2026-08-28 07:44:31,SC-01,smartphone,doente,vaquinha,0.8811,agrosmart-v1,simulado,sim-2026-08
ab3dd82e-6297-540e-b81d-effaa0d2fa5d,TI-01_20260828_0019.jpg,2026-08-28 07:44:48,TI-01,drone,saudavel,saudavel,0.9999,agrosmart-v1,simulado,sim-2026-08
164fe858-05bd-5de1-825b-2fa8979ab421,SC-01_20260828_0030.jpg,2026-08-28 07:45:00,SC-01,smartphone,saudavel,saudavel,0.9823,agrosmart-v1,simulado,sim-2026-08
7d9876dc-5e83-5945-a2ad-21d3e6e245be,TI-04_20260828_0021.jpg,2026-08-28 07:45:24,TI-04,drone,saudavel,saudavel,0.9615,agrosmart-v1,simulado,sim-2026-08
5c3f3545-6970-5b4d-bba9-0de02aa2d936,SC-01_20260828_0031.jpg,2026-08-28 07:45:50,SC-01,smartphone,saudavel,saudavel,0.7842,agrosmart-v1,simulado,sim-2026-08
f2a4188c-82db-5740-997c-be9ded7ccf88,TI-01_20260828_0020.jpg,2026-08-28 07:45:50,TI-01,drone,saudavel,saudavel,0.9493,agrosmart-v1,simulado,sim-2026-08
a39180a5-3528-5b04-bd35-4f80b5b3347e,TI-04_20260828_0022.jpg,2026-08-28 07:45:59,TI-04,drone,saudavel,saudavel,0.8552,agrosmart-v1,simulado,sim-2026-08
bd6a24a4-5cb8-5852-8519-144b35a5a72b,TI-01_20260828_0021.jpg,2026-08-28 07:46:27,TI-01,drone,saudavel,saudavel,0.9918,agrosmart-v1,simulado,sim-2026-08
4361c68c-d971-5c8f-af19-2ff3593eee93,TI-04_20260828_0023.jpg,2026-08-28 07:46:28,TI-04,drone,saudavel,saudavel,0.8792,agrosmart-v1,simulado,sim-2026-08
911c53dc-db73-50f3-a7c4-316bf44d01b3,SC-01_20260828_0032.jpg,2026-08-28 07:46:39,SC-01,smartphone,saudavel,saudavel,0.8878,agrosmart-v1,simulado,sim-2026-08
9b9ce01e-168e-51ec-90a3-50f27cb744cd,TI-01_20260828_0022.jpg,2026-08-28 07:46:51,TI-01,drone,saudavel,saudavel,0.9961,agrosmart-v1,simulado,sim-2026-08
05ba1ee4-2246-5446-832b-c4d0263003a9,TI-04_20260828_0024.jpg,2026-08-28 07:47:07,TI-04,drone,saudavel,saudavel,0.9991,agrosmart-v1,simulado,sim-2026-08
c2f9fde9-c6ee-59d4-bbbc-238d2c3127de,SC-01_20260828_0033.jpg,2026-08-28 07:47:17,SC-01,smartphone,saudavel,saudavel,0.8418,agrosmart-v1,simulado,sim-2026-08
d0e52e1b-996c-56a6-ae16-a1e3931eca33,TI-04_20260828_0025.jpg,2026-08-28 07:47:41,TI-04,drone,saudavel,saudavel,0.9746,agrosmart-v1,simulado,sim-2026-08
542689ec-87f5-5d2e-b48c-3473d406fee7,TI-01_20260828_0023.jpg,2026-08-28 07:47:47,TI-01,drone,saudavel,saudavel,0.8833,agrosmart-v1,simulado,sim-2026-08
50397994-e7fe-5d04-baba-24ebd5ffeff4,SC-01_20260828_0034.jpg,2026-08-28 07:47:48,SC-01,smartphone,saudavel,saudavel,0.9808,agrosmart-v1,simulado,sim-2026-08
d0cd5211-80dd-593f-9c59-ed2a642d2711,TI-01_20260828_0024.jpg,2026-08-28 07:48:03,TI-01,drone,saudavel,saudavel,0.9579,agrosmart-v1,simulado,sim-2026-08
c02a215b-e000-5723-8ba9-8af14621df8e,TI-04_20260828_0026.jpg,2026-08-28 07:48:40,TI-04,drone,saudavel,saudavel,0.9423,agrosmart-v1,simulado,sim-2026-08
2585faa1-41d8-5ee0-af71-aff4d81121ca,SC-01_20260828_0035.jpg,2026-08-28 07:48:43,SC-01,smartphone,saudavel,saudavel,0.9478,agrosmart-v1,simulado,sim-2026-08
7dafdf8a-2391-52e8-a696-f987ce799d49,TI-01_20260828_0025.jpg,2026-08-28 07:49:03,TI-01,drone,saudavel,saudavel,0.9606,agrosmart-v1,simulado,sim-2026-08
e62379cb-9f1c-574f-8fd0-c53181200be9,TI-04_20260828_0027.jpg,2026-08-28 07:49:18,TI-04,drone,saudavel,saudavel,0.9800,agrosmart-v1,simulado,sim-2026-08
6f135aa8-17a2-5d8b-87e1-4c329e157818,SC-01_20260828_0036.jpg,2026-08-28 07:49:23,SC-01,smartphone,saudavel,saudavel,0.9844,agrosmart-v1,simulado,sim-2026-08
827cf262-7ef0-56f7-892f-f378d597a7bc,TI-01_20260828_0026.jpg,2026-08-28 07:49:25,TI-01,drone,saudavel,saudavel,0.9414,agrosmart-v1,simulado,sim-2026-08
613b4290-28f9-5181-acad-f6c73753e58c,SC-01_20260828_0037.jpg,2026-08-28 07:49:50,SC-01,smartphone,saudavel,saudavel,0.8455,agrosmart-v1,simulado,sim-2026-08
1cca947f-49f2-58f0-b195-68baeb05d4c2,TI-04_20260828_0028.jpg,2026-08-28 07:49:55,TI-04,drone,saudavel,saudavel,0.8738,agrosmart-v1,simulado,sim-2026-08
31b3789d-c142-544e-96ce-f01f0b48df69,TI-01_20260828_0027.jpg,2026-08-28 07:50:21,TI-01,drone,saudavel,saudavel,0.5270,agrosmart-v1,simulado,sim-2026-08
5c3291cc-4f8f-552d-b938-30a5be356361,SC-01_20260828_0038.jpg,2026-08-28 07:50:48,SC-01,smartphone,saudavel,saudavel,0.8563,agrosmart-v1,simulado,sim-2026-08
dea209bb-8100-5414-bfb2-29fd86fd3723,TI-04_20260828_0029.jpg,2026-08-28 07:50:48,TI-04,drone,saudavel,saudavel,0.9073,agrosmart-v1,simulado,sim-2026-08
98d19ec9-0cb5-5903-9175-011909eb8398,TI-01_20260828_0028.jpg,2026-08-28 07:51:05,TI-01,drone,saudavel,saudavel,0.9613,agrosmart-v1,simulado,sim-2026-08
01f87d7f-63f4-57c9-aada-897da7ad4714,SC-01_20260828_0039.jpg,2026-08-28 07:51:22,SC-01,smartphone,saudavel,saudavel,0.9683,agrosmart-v1,simulado,sim-2026-08
739936e3-c05e-596e-8d8d-413133bb30de,TI-04_20260828_0030.jpg,2026-08-28 07:51:27,TI-04,drone,saudavel,saudavel,0.9852,agrosmart-v1,simulado,sim-2026-08
8da34b81-4f09-5408-a904-fc9291a0f50d,TI-01_20260828_0029.jpg,2026-08-28 07:51:37,TI-01,drone,saudavel,saudavel,0.9367,agrosmart-v1,simulado,sim-2026-08
57440593-1ba5-5a74-989c-ab1d59420116,SC-01_20260828_0040.jpg,2026-08-28 07:51:48,SC-01,smartphone,saudavel,saudavel,0.7325,agrosmart-v1,simulado,sim-2026-08
2e5c7cb4-c65b-59bc-afd0-0a1063bbdf4a,TI-04_20260828_0031.jpg,2026-08-28 07:51:59,TI-04,drone,saudavel,saudavel,0.9887,agrosmart-v1,simulado,sim-2026-08
e3ccfb5b-4ba0-5570-8edd-968a2b883d3e,TI-01_20260828_0030.jpg,2026-08-28 07:52:04,TI-01,drone,saudavel,saudavel,0.6300,agrosmart-v1,simulado,sim-2026-08
a6c653dc-3b0e-5610-85d1-4d668a9c44a9,TI-04_20260828_0032.jpg,2026-08-28 07:52:28,TI-04,drone,saudavel,saudavel,0.9952,agrosmart-v1,simulado,sim-2026-08
5b2d3ef7-b95c-51f4-bfca-8902031023ca,TI-01_20260828_0031.jpg,2026-08-28 07:52:55,TI-01,drone,saudavel,saudavel,0.8213,agrosmart-v1,simulado,sim-2026-08
52d791ed-3768-575b-bed1-6eec0ef4e780,TI-04_20260828_0033.jpg,2026-08-28 07:53:21,TI-04,drone,saudavel,saudavel,0.8531,agrosmart-v1,simulado,sim-2026-08
d30470f4-5d8b-5e0a-a7c3-8aebc0b5c9cb,TI-01_20260828_0032.jpg,2026-08-28 07:53:37,TI-01,drone,saudavel,saudavel,0.9993,agrosmart-v1,simulado,sim-2026-08
c5d6216d-9d8f-5050-a040-3b887750702f,TI-01_20260828_0033.jpg,2026-08-28 07:54:07,TI-01,drone,saudavel,saudavel,0.9512,agrosmart-v1,simulado,sim-2026-08
52f6d854-3a48-539b-8f66-c74c94c57784,TI-01_20260828_0034.jpg,2026-08-28 07:55:00,TI-01,drone,saudavel,saudavel,0.9993,agrosmart-v1,simulado,sim-2026-08
1dc3e183-e6be-5e78-87cb-ec6abe8fa7c0,TI-01_20260828_0035.jpg,2026-08-28 07:55:47,TI-01,drone,saudavel,saudavel,0.9997,agrosmart-v1,simulado,sim-2026-08
9fb3e8f7-5f76-5486-8df7-3716fb596526,TI-01_20260828_0036.jpg,2026-08-28 07:56:22,TI-01,drone,saudavel,saudavel,0.9756,agrosmart-v1,simulado,sim-2026-08
4588123a-f155-5283-9f67-1e942d7c332a,TI-01_20260828_0037.jpg,2026-08-28 07:56:42,TI-01,drone,saudavel,saudavel,0.9564,agrosmart-v1,simulado,sim-2026-08
01eb334a-e967-5a32-a63e-51cc2beb0a3e,TI-01_20260828_0038.jpg,2026-08-28 07:57:44,TI-01,drone,saudavel,saudavel,0.9894,agrosmart-v1,simulado,sim-2026-08
87a5d65c-a736-5146-85ec-0260445a19db,TI-01_20260828_0039.jpg,2026-08-28 07:58:21,TI-01,drone,saudavel,saudavel,0.9295,agrosmart-v1,simulado,sim-2026-08
1f9e3752-edaa-5292-9f5f-ae920dc0b302,TI-01_20260828_0040.jpg,2026-08-28 07:58:59,TI-01,drone,saudavel,saudavel,0.8878,agrosmart-v1,simulado,sim-2026-08
106396f3-8f41-5c95-b1a1-96501293c481,TI-01_20260828_0041.jpg,2026-08-28 07:59:33,TI-01,drone,saudavel,saudavel,0.8852,agrosmart-v1,simulado,sim-2026-08
5f851a68-89a4-5511-827e-8a263ce1a407,TI-01_20260828_0042.jpg,2026-08-28 08:00:07,TI-01,drone,doente,pinta_preta,0.9872,agrosmart-v1,simulado,sim-2026-08
e6a77920-234a-512b-9064-e4edc425c164,TI-01_20260828_0043.jpg,2026-08-28 08:01:02,TI-01,drone,saudavel,saudavel,0.8212,agrosmart-v1,simulado,sim-2026-08
8d9b77fb-bc6d-5d10-bbe6-aacfa3b16a45,TI-01_20260828_0044.jpg,2026-08-28 08:01:42,TI-01,drone,saudavel,saudavel,0.8861,agrosmart-v1,simulado,sim-2026-08
698d80a4-b37b-596b-9cbc-f7023bf1f86c,TI-02_20260828_0001.jpg,2026-08-28 08:05:04,TI-02,drone,doente,pinta_preta,0.9808,agrosmart-v1,simulado,sim-2026-08
fb61cdab-a9aa-5de1-9676-dc6fc9bbea88,TI-02_20260828_0002.jpg,2026-08-28 08:05:20,TI-02,drone,saudavel,saudavel,0.8347,agrosmart-v1,simulado,sim-2026-08
8a4c947c-022f-5acc-b3f8-1987e6af0d92,TI-02_20260828_0003.jpg,2026-08-28 08:06:00,TI-02,drone,saudavel,saudavel,0.9919,agrosmart-v1,simulado,sim-2026-08
76d245a2-5475-573c-87b6-0e90a3133f32,TI-02_20260828_0004.jpg,2026-08-28 08:07:04,TI-02,drone,saudavel,saudavel,0.8211,agrosmart-v1,simulado,sim-2026-08
f2bf865e-ae40-579a-8959-e5ef8c9c8354,TI-02_20260828_0005.jpg,2026-08-28 08:07:35,TI-02,drone,saudavel,saudavel,0.8268,agrosmart-v1,simulado,sim-2026-08
bc74fed4-d252-55d8-be3f-b745ae18c653,TI-02_20260828_0006.jpg,2026-08-28 08:08:19,TI-02,drone,saudavel,saudavel,0.9953,agrosmart-v1,simulado,sim-2026-08
fd506730-f03b-55d5-83ec-fb1f507ff626,TI-02_20260828_0007.jpg,2026-08-28 08:08:59,TI-02,drone,doente,pinta_preta,0.9496,agrosmart-v1,simulado,sim-2026-08
44e9efac-f3be-5c90-9700-458839691828,TI-02_20260828_0008.jpg,2026-08-28 08:09:34,TI-02,drone,saudavel,saudavel,0.9378,agrosmart-v1,simulado,sim-2026-08
4884a36a-46f2-5e0a-9f65-7509a94dd7e1,TI-02_20260828_0009.jpg,2026-08-28 08:10:17,TI-02,drone,saudavel,saudavel,0.9920,agrosmart-v1,simulado,sim-2026-08
71c00820-48ec-5796-9326-c2f8ea6c5a7f,TI-02_20260828_0010.jpg,2026-08-28 08:10:45,TI-02,drone,saudavel,saudavel,0.9644,agrosmart-v1,simulado,sim-2026-08
dabbb60e-1bd9-5703-b8e3-1adca490cbc9,TI-02_20260828_0011.jpg,2026-08-28 08:11:27,TI-02,drone,saudavel,saudavel,0.9590,agrosmart-v1,simulado,sim-2026-08
f1495dc2-5183-52dc-a942-fb1f637399e8,TI-02_20260828_0012.jpg,2026-08-28 08:12:14,TI-02,drone,saudavel,saudavel,0.9994,agrosmart-v1,simulado,sim-2026-08
2b7d50ce-9fe7-5dd1-9ba0-8b9d2c7dfc6e,TI-02_20260828_0013.jpg,2026-08-28 08:13:03,TI-02,drone,saudavel,saudavel,0.9962,agrosmart-v1,simulado,sim-2026-08
c74e1af3-6df4-577a-b8b4-d329ec18555a,TI-02_20260828_0014.jpg,2026-08-28 08:13:30,TI-02,drone,saudavel,saudavel,0.9914,agrosmart-v1,simulado,sim-2026-08
24bbc7d3-cc49-55e1-97a6-39af82bd7c44,TI-02_20260828_0015.jpg,2026-08-28 08:14:21,TI-02,drone,saudavel,saudavel,0.9841,agrosmart-v1,simulado,sim-2026-08
a80f0e87-95da-568d-9c2c-d2568f1c0081,TI-02_20260828_0016.jpg,2026-08-28 08:15:03,TI-02,drone,saudavel,saudavel,0.9956,agrosmart-v1,simulado,sim-2026-08
63077331-bdcd-5d0f-a8cf-cad300f3d2f6,TI-02_20260828_0017.jpg,2026-08-28 08:15:20,TI-02,drone,saudavel,saudavel,0.9883,agrosmart-v1,simulado,sim-2026-08
18355205-e007-5b5c-b359-e6e47efe14c2,TI-02_20260828_0018.jpg,2026-08-28 08:16:12,TI-02,drone,saudavel,saudavel,0.9463,agrosmart-v1,simulado,sim-2026-08
3d9f4ba3-56cf-52c7-9c58-00830bed8484,TI-03_20260828_0001.jpg,2026-08-28 08:17:00,TI-03,drone,saudavel,saudavel,0.8227,agrosmart-v1,simulado,sim-2026-08
6f47493e-701a-542a-9e04-dd7a65bb5fde,TI-02_20260828_0019.jpg,2026-08-28 08:17:06,TI-02,drone,saudavel,saudavel,0.9742,agrosmart-v1,simulado,sim-2026-08
f742d71e-9f18-516a-83cc-54bbec93c7fa,TI-02_20260828_0020.jpg,2026-08-28 08:17:23,TI-02,drone,saudavel,saudavel,0.9967,agrosmart-v1,simulado,sim-2026-08
e3077ed3-8b66-551c-8c19-3aae0ce2b8e6,TI-03_20260828_0002.jpg,2026-08-28 08:17:30,TI-03,drone,saudavel,saudavel,0.9039,agrosmart-v1,simulado,sim-2026-08
84c6c536-10ee-521a-9d9b-66977204a1f1,SC-04_20260828_0001.jpg,2026-08-28 08:17:50,SC-04,smartphone,saudavel,saudavel,0.8536,agrosmart-v1,simulado,sim-2026-08
fb493e1d-713d-5c9b-876a-794b259f03c3,SC-02_20260828_0001.jpg,2026-08-28 08:17:56,SC-02,smartphone,saudavel,saudavel,0.9590,agrosmart-v1,simulado,sim-2026-08
29fcf52d-35ca-514c-81b3-e15bd781877d,TI-03_20260828_0003.jpg,2026-08-28 08:18:02,TI-03,drone,saudavel,saudavel,0.9803,agrosmart-v1,simulado,sim-2026-08
03bba29b-26cd-565b-bed4-7193a89ff9f4,TI-02_20260828_0021.jpg,2026-08-28 08:18:03,TI-02,drone,saudavel,saudavel,0.9040,agrosmart-v1,simulado,sim-2026-08
155de57a-8484-5a2f-980a-b37779e731bf,SC-02_20260828_0002.jpg,2026-08-28 08:18:28,SC-02,smartphone,saudavel,saudavel,0.9559,agrosmart-v1,simulado,sim-2026-08
5d7461a8-6f58-550f-8c77-62d8fa7abc28,TI-03_20260828_0004.jpg,2026-08-28 08:18:40,TI-03,drone,saudavel,saudavel,0.8980,agrosmart-v1,simulado,sim-2026-08
6bba442e-f6f9-53f9-81dc-9d76f9623130,SC-04_20260828_0002.jpg,2026-08-28 08:18:47,SC-04,smartphone,saudavel,saudavel,0.9954,agrosmart-v1,simulado,sim-2026-08
6cfb2412-8855-5067-8d93-f1d4e5c54956,TI-02_20260828_0022.jpg,2026-08-28 08:18:47,TI-02,drone,saudavel,saudavel,0.8234,agrosmart-v1,simulado,sim-2026-08
f94daf5d-9990-58fc-b3d2-5ec34c27f0dc,SC-02_20260828_0003.jpg,2026-08-28 08:19:10,SC-02,smartphone,saudavel,saudavel,0.9136,agrosmart-v1,simulado,sim-2026-08
4a6cab5d-d417-575e-a57d-f884bd736cee,SC-04_20260828_0003.jpg,2026-08-28 08:19:21,SC-04,smartphone,saudavel,saudavel,0.9935,agrosmart-v1,simulado,sim-2026-08
fe7bd9c8-9672-55a2-9400-194ca6d7379a,TI-02_20260828_0023.jpg,2026-08-28 08:19:38,TI-02,drone,saudavel,saudavel,0.9486,agrosmart-v1,simulado,sim-2026-08
9f002f3e-0255-5e20-8b73-2a7c484b9af5,TI-03_20260828_0005.jpg,2026-08-28 08:19:42,TI-03,drone,saudavel,saudavel,0.9957,agrosmart-v1,simulado,sim-2026-08
96673862-a586-5795-baac-3b56400bd654,SC-02_20260828_0004.jpg,2026-08-28 08:19:56,SC-02,smartphone,saudavel,saudavel,0.8625,agrosmart-v1,simulado,sim-2026-08
ef87ff16-2eaa-5e9c-bc8e-4cc0b270415f,SC-04_20260828_0004.jpg,2026-08-28 08:19:59,SC-04,smartphone,saudavel,saudavel,0.9246,agrosmart-v1,simulado,sim-2026-08
85d918f9-0d3b-55bc-8f01-575690eb78a7,TI-03_20260828_0006.jpg,2026-08-28 08:20:11,TI-03,drone,saudavel,saudavel,0.9558,agrosmart-v1,simulado,sim-2026-08
3d53369f-2c69-5e7d-8c33-5dbd9daf43f1,TI-02_20260828_0024.jpg,2026-08-28 08:20:30,TI-02,drone,doente,pinta_preta,0.9764,agrosmart-v1,simulado,sim-2026-08
f225e21c-8956-56a9-a61b-25a137c1eb62,SC-02_20260828_0005.jpg,2026-08-28 08:20:35,SC-02,smartphone,saudavel,saudavel,0.8952,agrosmart-v1,simulado,sim-2026-08
ec06db7d-4ed6-5f38-ab21-dfcd3e388851,SC-04_20260828_0005.jpg,2026-08-28 08:20:45,SC-04,smartphone,saudavel,saudavel,0.9994,agrosmart-v1,simulado,sim-2026-08
19143af7-7681-5bd5-b412-7b4f179939cc,TI-03_20260828_0007.jpg,2026-08-28 08:20:47,TI-03,drone,saudavel,saudavel,0.6147,agrosmart-v1,simulado,sim-2026-08
6bdd7a28-0e10-5509-877c-6995170b61ec,TI-02_20260828_0025.jpg,2026-08-28 08:20:51,TI-02,drone,saudavel,saudavel,0.8968,agrosmart-v1,simulado,sim-2026-08
825f8349-8106-5440-8cde-42e7054616ee,SC-04_20260828_0006.jpg,2026-08-28 08:21:03,SC-04,smartphone,saudavel,saudavel,0.8313,agrosmart-v1,simulado,sim-2026-08
7790d561-8fbf-5904-a30e-165c3a28975a,SC-02_20260828_0006.jpg,2026-08-28 08:21:24,SC-02,smartphone,saudavel,saudavel,0.9800,agrosmart-v1,simulado,sim-2026-08
3ab4fa7f-b482-5889-9498-c16219677ea3,TI-03_20260828_0008.jpg,2026-08-28 08:21:35,TI-03,drone,saudavel,saudavel,0.8732,agrosmart-v1,simulado,sim-2026-08
c50f3633-0a3b-5a8e-b2cd-36ab6242bbe7,TI-02_20260828_0026.jpg,2026-08-28 08:21:39,TI-02,drone,saudavel,saudavel,0.9939,agrosmart-v1,simulado,sim-2026-08
9a49fe85-2538-5155-bf10-d72c8ad6db55,SC-04_20260828_0007.jpg,2026-08-28 08:22:01,SC-04,smartphone,saudavel,saudavel,0.9547,agrosmart-v1,simulado,sim-2026-08
0219c2cc-7834-5201-9322-60438dfdb002,TI-03_20260828_0009.jpg,2026-08-28 08:22:01,TI-03,drone,saudavel,saudavel,0.9207,agrosmart-v1,simulado,sim-2026-08
ac54cd42-8206-5a3f-9f98-059de2472e20,SC-02_20260828_0007.jpg,2026-08-28 08:22:07,SC-02,smartphone,doente,requeima,0.9653,agrosmart-v1,simulado,sim-2026-08
db3b2e6e-9d28-5ec3-8296-c7979cac3899,TI-02_20260828_0027.jpg,2026-08-28 08:22:14,TI-02,drone,saudavel,saudavel,0.9998,agrosmart-v1,simulado,sim-2026-08
cd58cd9c-75f1-5f97-9fe1-a5920b809a27,TI-02_20260828_0028.jpg,2026-08-28 08:22:46,TI-02,drone,saudavel,saudavel,0.8578,agrosmart-v1,simulado,sim-2026-08
3c2f0899-a3f6-51df-973d-adc5d3c58730,TI-03_20260828_0010.jpg,2026-08-28 08:22:46,TI-03,drone,saudavel,saudavel,0.8530,agrosmart-v1,simulado,sim-2026-08
45fd3189-5ce3-53be-aa90-3395d28721dd,SC-02_20260828_0008.jpg,2026-08-28 08:22:49,SC-02,smartphone,saudavel,saudavel,0.9877,agrosmart-v1,simulado,sim-2026-08
b5bea360-28d2-5f88-9710-8522e6c82932,SC-04_20260828_0008.jpg,2026-08-28 08:22:50,SC-04,smartphone,saudavel,saudavel,0.9220,agrosmart-v1,simulado,sim-2026-08
1ee55ba3-0566-5b97-a70a-42bf060f1bed,SC-04_20260828_0009.jpg,2026-08-28 08:23:21,SC-04,smartphone,saudavel,saudavel,0.9260,agrosmart-v1,simulado,sim-2026-08
c5b3979e-3997-56db-8989-61f0ea771c0c,TI-03_20260828_0011.jpg,2026-08-28 08:23:26,TI-03,drone,saudavel,saudavel,0.9132,agrosmart-v1,simulado,sim-2026-08
c5095ad7-9139-52b8-b545-ccdf2768a995,SC-02_20260828_0009.jpg,2026-08-28 08:23:27,SC-02,smartphone,saudavel,saudavel,0.9347,agrosmart-v1,simulado,sim-2026-08
a784b7e5-c954-53c3-9e74-9d5b001cf9bb,TI-02_20260828_0029.jpg,2026-08-28 08:23:41,TI-02,drone,saudavel,saudavel,0.9142,agrosmart-v1,simulado,sim-2026-08
3ed86446-2c39-518f-86af-c18421d5bf8a,SC-04_20260828_0010.jpg,2026-08-28 08:23:58,SC-04,smartphone,saudavel,saudavel,0.9994,agrosmart-v1,simulado,sim-2026-08
3599683a-e641-570e-a906-dadbca691e2a,SC-02_20260828_0010.jpg,2026-08-28 08:24:08,SC-02,smartphone,saudavel,saudavel,0.8838,agrosmart-v1,simulado,sim-2026-08
bbcab98d-aef3-5281-bd5f-19bd07ef88bd,TI-03_20260828_0012.jpg,2026-08-28 08:24:21,TI-03,drone,saudavel,saudavel,0.9889,agrosmart-v1,simulado,sim-2026-08
6613d82e-c52b-5116-b0bf-9f4e8244163e,SC-02_20260828_0011.jpg,2026-08-28 08:24:22,SC-02,smartphone,saudavel,saudavel,0.9257,agrosmart-v1,simulado,sim-2026-08
aeafdf30-21b2-55c6-876e-99d65136ecdc,TI-02_20260828_0030.jpg,2026-08-28 08:24:24,TI-02,drone,saudavel,saudavel,0.9956,agrosmart-v1,simulado,sim-2026-08
2003b885-cbe4-5053-8fe4-9d8a39516a70,SC-04_20260828_0011.jpg,2026-08-28 08:24:44,SC-04,smartphone,saudavel,saudavel,0.9599,agrosmart-v1,simulado,sim-2026-08
50759d54-ba7b-51df-bc13-7072ddaea316,TI-03_20260828_0013.jpg,2026-08-28 08:24:55,TI-03,drone,saudavel,saudavel,0.9157,agrosmart-v1,simulado,sim-2026-08
acd98e44-b77d-51b1-a5a1-9971ce80ce6a,SC-02_20260828_0012.jpg,2026-08-28 08:25:04,SC-02,smartphone,saudavel,saudavel,0.9947,agrosmart-v1,simulado,sim-2026-08
b8949f78-3ea0-50ef-85a2-0a709b2e4b32,TI-02_20260828_0031.jpg,2026-08-28 08:25:05,TI-02,drone,saudavel,saudavel,0.9318,agrosmart-v1,simulado,sim-2026-08
bc04cfec-5ed1-55ed-a46e-b57b8eed665d,SC-04_20260828_0012.jpg,2026-08-28 08:25:17,SC-04,smartphone,saudavel,saudavel,0.8802,agrosmart-v1,simulado,sim-2026-08
dc737280-2f05-530b-8e0b-7067c7af3279,TI-02_20260828_0032.jpg,2026-08-28 08:25:36,TI-02,drone,saudavel,saudavel,0.9989,agrosmart-v1,simulado,sim-2026-08
93834e79-ceb9-5557-b79a-a609ff310e99,SC-02_20260828_0013.jpg,2026-08-28 08:25:43,SC-02,smartphone,saudavel,saudavel,0.5223,agrosmart-v1,simulado,sim-2026-08
afae49ad-a5ec-563f-a4c0-0688d53f270d,TI-03_20260828_0014.jpg,2026-08-28 08:25:48,TI-03,drone,saudavel,saudavel,0.9604,agrosmart-v1,simulado,sim-2026-08
7dd9fc96-fe83-58c0-8d47-fd1390788b3d,SC-04_20260828_0013.jpg,2026-08-28 08:26:00,SC-04,smartphone,saudavel,saudavel,0.6320,agrosmart-v1,simulado,sim-2026-08
4269c0c0-5725-5552-a7b2-2bc35be66545,TI-02_20260828_0033.jpg,2026-08-28 08:26:29,TI-02,drone,saudavel,saudavel,0.8905,agrosmart-v1,simulado,sim-2026-08
d398b3f1-ede0-55c4-911c-690f7fb9e0f8,SC-04_20260828_0014.jpg,2026-08-28 08:26:30,SC-04,smartphone,saudavel,saudavel,0.7892,agrosmart-v1,simulado,sim-2026-08
fae64732-a65d-51ba-b4da-87e256f4c3f3,TI-03_20260828_0015.jpg,2026-08-28 08:26:30,TI-03,drone,saudavel,saudavel,0.9659,agrosmart-v1,simulado,sim-2026-08
5a691b8e-1486-5309-a572-699ddbde25b9,SC-02_20260828_0014.jpg,2026-08-28 08:26:45,SC-02,smartphone,saudavel,saudavel,0.8871,agrosmart-v1,simulado,sim-2026-08
6e908682-4168-5324-8191-4fc80fa42010,TI-02_20260828_0034.jpg,2026-08-28 08:26:56,TI-02,drone,saudavel,saudavel,0.9982,agrosmart-v1,simulado,sim-2026-08
49e84a19-0bc3-56e6-b90f-3ee898cc028e,TI-03_20260828_0016.jpg,2026-08-28 08:27:03,TI-03,drone,saudavel,saudavel,0.9691,agrosmart-v1,simulado,sim-2026-08
f8c15ac6-36d1-51be-b658-82ba723aef68,SC-02_20260828_0015.jpg,2026-08-28 08:27:20,SC-02,smartphone,saudavel,saudavel,0.9818,agrosmart-v1,simulado,sim-2026-08
f65c047b-ac2a-581d-aa2d-f10d7dbab541,TI-03_20260828_0017.jpg,2026-08-28 08:27:21,TI-03,drone,doente,pinta_preta,0.9972,agrosmart-v1,simulado,sim-2026-08
a37b7ac0-4079-52ad-8db3-e94e42941c55,SC-04_20260828_0015.jpg,2026-08-28 08:27:22,SC-04,smartphone,saudavel,saudavel,0.9719,agrosmart-v1,simulado,sim-2026-08
bdea0522-0ec9-5ba3-9db6-e79381202f86,TI-02_20260828_0035.jpg,2026-08-28 08:27:43,TI-02,drone,doente,pinta_preta,0.8610,agrosmart-v1,simulado,sim-2026-08
76b45095-a537-58e5-aa83-97ddc80b24f0,SC-02_20260828_0016.jpg,2026-08-28 08:27:57,SC-02,smartphone,saudavel,saudavel,0.9778,agrosmart-v1,simulado,sim-2026-08
caf8d1ea-e5db-57c7-bf2e-33f5fded5ebe,SC-04_20260828_0016.jpg,2026-08-28 08:28:09,SC-04,smartphone,saudavel,saudavel,0.9688,agrosmart-v1,simulado,sim-2026-08
ec822049-113f-5b3c-af21-fd65932c518e,SC-02_20260828_0017.jpg,2026-08-28 08:28:26,SC-02,smartphone,saudavel,saudavel,0.9997,agrosmart-v1,simulado,sim-2026-08
5bcdfe4f-655c-5d6c-b06b-df1ff57ff615,TI-03_20260828_0018.jpg,2026-08-28 08:28:28,TI-03,drone,saudavel,saudavel,0.8823,agrosmart-v1,simulado,sim-2026-08
dfcf1b44-b218-53eb-9639-137c8decf472,TI-02_20260828_0036.jpg,2026-08-28 08:28:30,TI-02,drone,saudavel,saudavel,0.8454,agrosmart-v1,simulado,sim-2026-08
068304af-53f0-5b57-be75-66fc6ff8ee6d,SC-04_20260828_0017.jpg,2026-08-28 08:28:49,SC-04,smartphone,saudavel,saudavel,0.9940,agrosmart-v1,simulado,sim-2026-08
3328a70a-af42-596c-816f-213867e0e89e,TI-02_20260828_0037.jpg,2026-08-28 08:28:53,TI-02,drone,saudavel,saudavel,0.8657,agrosmart-v1,simulado,sim-2026-08
518aa9be-0e3d-517e-9a68-7d140985937c,TI-03_20260828_0019.jpg,2026-08-28 08:29:05,TI-03,drone,saudavel,saudavel,0.8843,agrosmart-v1,simulado,sim-2026-08
169504dd-416d-52c6-a684-2a441460c71f,SC-04_20260828_0018.jpg,2026-08-28 08:29:11,SC-04,smartphone,saudavel,saudavel,0.8664,agrosmart-v1,simulado,sim-2026-08
074bbbcc-0894-5ebb-81bd-3e86d7d06b50,SC-02_20260828_0018.jpg,2026-08-28 08:29:12,SC-02,smartphone,saudavel,saudavel,0.9158,agrosmart-v1,simulado,sim-2026-08
cca4e6f7-2c41-5933-bbe6-1d9a508ed07b,TI-03_20260828_0020.jpg,2026-08-28 08:29:23,TI-03,drone,saudavel,saudavel,0.8885,agrosmart-v1,simulado,sim-2026-08
96232f16-a022-5fe3-bb40-5732c2c7e44e,TI-02_20260828_0038.jpg,2026-08-28 08:29:31,TI-02,drone,doente,pinta_preta,0.8645,agrosmart-v1,simulado,sim-2026-08
909b3b2d-b051-591c-961c-d4a10135a472,SC-02_20260828_0019.jpg,2026-08-28 08:29:49,SC-02,smartphone,doente,requeima,0.9701,agrosmart-v1,simulado,sim-2026-08
bb075162-22b6-577f-bdac-013c14193931,SC-04_20260828_0019.jpg,2026-08-28 08:30:04,SC-04,smartphone,saudavel,saudavel,0.9930,agrosmart-v1,simulado,sim-2026-08
ab1b2b43-bc2e-5f0c-a053-0543d27ef14b,TI-02_20260828_0039.jpg,2026-08-28 08:30:20,TI-02,drone,saudavel,saudavel,0.9865,agrosmart-v1,simulado,sim-2026-08
13de7a24-376d-577b-bf4d-1b01cdb23863,SC-02_20260828_0020.jpg,2026-08-28 08:30:23,SC-02,smartphone,saudavel,saudavel,0.9581,agrosmart-v1,simulado,sim-2026-08
7d8f3a2d-a08b-5e79-af26-9079aebee44c,TI-03_20260828_0021.jpg,2026-08-28 08:30:25,TI-03,drone,saudavel,saudavel,0.9841,agrosmart-v1,simulado,sim-2026-08
10a6ccc9-c586-57d6-8149-b9c45ba698c0,SC-04_20260828_0020.jpg,2026-08-28 08:30:28,SC-04,smartphone,saudavel,saudavel,0.6979,agrosmart-v1,simulado,sim-2026-08
836d41cf-f2a7-58e1-bad2-53c967f5a7d8,TI-03_20260828_0022.jpg,2026-08-28 08:30:48,TI-03,drone,saudavel,saudavel,0.9975,agrosmart-v1,simulado,sim-2026-08
ab43d382-e5e9-5da7-8404-53d5f63af420,TI-02_20260828_0040.jpg,2026-08-28 08:30:54,TI-02,drone,saudavel,saudavel,0.9815,agrosmart-v1,simulado,sim-2026-08
00beb1dd-b22c-537d-87cd-ad23a58bd431,SC-04_20260828_0021.jpg,2026-08-28 08:31:03,SC-04,smartphone,saudavel,saudavel,0.9946,agrosmart-v1,simulado,sim-2026-08
c50dd5a1-ec8f-53ef-9579-e12753145144,SC-02_20260828_0021.jpg,2026-08-28 08:31:26,SC-02,smartphone,saudavel,saudavel,0.9850,agrosmart-v1,simulado,sim-2026-08
54db5f1a-b3f5-590e-8a26-b114ca27af51,TI-02_20260828_0041.jpg,2026-08-28 08:31:40,TI-02,drone,saudavel,saudavel,0.8772,agrosmart-v1,simulado,sim-2026-08
8a0ed6bb-3c15-59e2-9275-0ef936701745,SC-04_20260828_0022.jpg,2026-08-28 08:31:43,SC-04,smartphone,saudavel,saudavel,0.9170,agrosmart-v1,simulado,sim-2026-08
6c3cb346-8958-5b76-ae5d-39efad9cf198,SC-02_20260828_0022.jpg,2026-08-28 08:31:46,SC-02,smartphone,saudavel,saudavel,0.9806,agrosmart-v1,simulado,sim-2026-08
3b1a755f-5ae5-5d60-8b3d-df39c1d55010,TI-03_20260828_0023.jpg,2026-08-28 08:31:47,TI-03,drone,saudavel,saudavel,0.9997,agrosmart-v1,simulado,sim-2026-08
cec185cd-a7da-58c3-b753-0b730120af3e,TI-03_20260828_0024.jpg,2026-08-28 08:32:15,TI-03,drone,saudavel,saudavel,0.8753,agrosmart-v1,simulado,sim-2026-08
606cd8ba-5e32-5ed9-8888-cb8ea7f61223,TI-02_20260828_0042.jpg,2026-08-28 08:32:25,TI-02,drone,saudavel,saudavel,0.9465,agrosmart-v1,simulado,sim-2026-08
b02d15c0-efef-57c9-b620-4fdd77435d76,SC-02_20260828_0023.jpg,2026-08-28 08:32:32,SC-02,smartphone,saudavel,saudavel,0.9067,agrosmart-v1,simulado,sim-2026-08
f9237985-5c07-5a04-93df-d9b75146fac1,SC-04_20260828_0023.jpg,2026-08-28 08:32:35,SC-04,smartphone,saudavel,saudavel,0.9966,agrosmart-v1,simulado,sim-2026-08
1f93ef54-f22c-5471-b59d-7decf0f3a491,TI-02_20260828_0043.jpg,2026-08-28 08:32:40,TI-02,drone,saudavel,saudavel,0.9993,agrosmart-v1,simulado,sim-2026-08
a4a84426-1a5c-5bea-9d24-91ad71f3881c,TI-03_20260828_0025.jpg,2026-08-28 08:32:56,TI-03,drone,saudavel,saudavel,0.9776,agrosmart-v1,simulado,sim-2026-08
60e5988a-11fc-52e3-9a3d-ef401ef8b88b,SC-04_20260828_0024.jpg,2026-08-28 08:33:18,SC-04,smartphone,saudavel,saudavel,0.8957,agrosmart-v1,simulado,sim-2026-08
fb2228bf-0cea-5e92-a7ea-681088036e5f,SC-02_20260828_0024.jpg,2026-08-28 08:33:23,SC-02,smartphone,saudavel,saudavel,0.9059,agrosmart-v1,simulado,sim-2026-08
c82e1916-5256-5b71-83a9-a881726b4458,TI-03_20260828_0026.jpg,2026-08-28 08:33:29,TI-03,drone,saudavel,saudavel,0.9783,agrosmart-v1,simulado,sim-2026-08
0b0768be-a09e-5cb6-8206-22fba5cafdd8,SC-02_20260828_0025.jpg,2026-08-28 08:33:48,SC-02,smartphone,saudavel,saudavel,0.8340,agrosmart-v1,simulado,sim-2026-08
68a0f8cb-6df0-5684-af67-1158423cf2a7,SC-04_20260828_0025.jpg,2026-08-28 08:34:07,SC-04,smartphone,saudavel,saudavel,0.7632,agrosmart-v1,simulado,sim-2026-08
563aadb2-b00b-52da-b9fa-cf4c40473f1a,TI-03_20260828_0027.jpg,2026-08-28 08:34:25,TI-03,drone,saudavel,saudavel,0.8777,agrosmart-v1,simulado,sim-2026-08
962e1976-e366-5eb5-a75b-141bb9c27221,SC-04_20260828_0026.jpg,2026-08-28 08:34:26,SC-04,smartphone,saudavel,saudavel,0.9976,agrosmart-v1,simulado,sim-2026-08
591a2ad7-ecd1-51c5-9e0f-81e4b9854ec7,TI-03_20260828_0028.jpg,2026-08-28 08:34:44,TI-03,drone,saudavel,saudavel,0.8641,agrosmart-v1,simulado,sim-2026-08
f363a20a-b8b9-5e61-af7a-fb575b700c24,SC-02_20260828_0026.jpg,2026-08-28 08:34:46,SC-02,smartphone,saudavel,saudavel,0.9998,agrosmart-v1,simulado,sim-2026-08
45d0451e-a941-537a-b86f-5015b9dd8d2e,BV-03_20260828_0001.jpg,2026-08-28 08:34:59,BV-03,smartphone,saudavel,saudavel,0.9048,agrosmart-v1,simulado,sim-2026-08
351516f3-d005-572e-b79f-f43af8b9f50e,SC-04_20260828_0027.jpg,2026-08-28 08:35:10,SC-04,smartphone,saudavel,saudavel,0.8715,agrosmart-v1,simulado,sim-2026-08
16cdd939-1693-5dd9-84f7-953bef8ef15d,SC-02_20260828_0027.jpg,2026-08-28 08:35:22,SC-02,smartphone,saudavel,saudavel,0.9310,agrosmart-v1,simulado,sim-2026-08
f185563f-a30d-5e8a-93c4-3b64acea96c3,TI-03_20260828_0029.jpg,2026-08-28 08:35:26,TI-03,drone,saudavel,saudavel,0.9504,agrosmart-v1,simulado,sim-2026-08
0966c378-6d95-5722-aebc-16420a84551c,BV-03_20260828_0002.jpg,2026-08-28 08:35:39,BV-03,smartphone,saudavel,saudavel,0.9963,agrosmart-v1,simulado,sim-2026-08
37966831-22eb-5a18-99a6-6fb1990ab948,SC-02_20260828_0028.jpg,2026-08-28 08:35:48,SC-02,smartphone,saudavel,saudavel,0.9621,agrosmart-v1,simulado,sim-2026-08
5dd9711f-528a-57c7-86f8-d5fe2411f1bb,TI-03_20260828_0030.jpg,2026-08-28 08:36:06,TI-03,drone,saudavel,saudavel,0.9932,agrosmart-v1,simulado,sim-2026-08
a64b036d-1763-5791-bf40-3fe3a74dcba6,BV-03_20260828_0003.jpg,2026-08-28 08:36:25,BV-03,smartphone,doente,requeima,0.9049,agrosmart-v1,simulado,sim-2026-08
08f62ee3-d81b-5026-82d1-f03ee1b1e032,SC-02_20260828_0029.jpg,2026-08-28 08:36:34,SC-02,smartphone,saudavel,saudavel,0.9123,agrosmart-v1,simulado,sim-2026-08
7c122566-f027-5a1d-9aab-993ba47c1f1c,BV-03_20260828_0004.jpg,2026-08-28 08:36:44,BV-03,smartphone,saudavel,saudavel,0.9988,agrosmart-v1,simulado,sim-2026-08
3ecdb165-892c-5c6a-8af9-0c7baf886430,TI-03_20260828_0031.jpg,2026-08-28 08:36:48,TI-03,drone,saudavel,saudavel,0.9535,agrosmart-v1,simulado,sim-2026-08
073fe3fb-5c5b-5a76-aea3-83fd4177fd6f,SC-02_20260828_0030.jpg,2026-08-28 08:37:20,SC-02,smartphone,saudavel,saudavel,0.9688,agrosmart-v1,simulado,sim-2026-08
5cae6619-6ac4-5c20-9d50-43de8b384c45,TI-03_20260828_0032.jpg,2026-08-28 08:37:21,TI-03,drone,saudavel,saudavel,0.9999,agrosmart-v1,simulado,sim-2026-08
4746b137-1feb-5bb3-b2fb-285129c409c0,BV-03_20260828_0005.jpg,2026-08-28 08:37:40,BV-03,smartphone,saudavel,saudavel,0.8490,agrosmart-v1,simulado,sim-2026-08
63403c88-fc62-59fd-a47c-c1df6ad7c9f2,BV-02_20260828_0001.jpg,2026-08-28 08:37:41,BV-02,smartphone,saudavel,saudavel,0.6971,agrosmart-v1,simulado,sim-2026-08
90cd2402-fdff-5be1-bb1f-4198e245a454,SC-02_20260828_0031.jpg,2026-08-28 08:37:44,SC-02,smartphone,saudavel,saudavel,0.9331,agrosmart-v1,simulado,sim-2026-08
9a30b9a0-836b-526a-9142-860db1837842,BV-03_20260828_0006.jpg,2026-08-28 08:38:02,BV-03,smartphone,saudavel,saudavel,0.9744,agrosmart-v1,simulado,sim-2026-08
4f3b9f89-ba43-59ae-a500-89a916a15a5c,TI-03_20260828_0033.jpg,2026-08-28 08:38:19,TI-03,drone,saudavel,saudavel,0.7726,agrosmart-v1,simulado,sim-2026-08
2b36b097-aa2c-5627-9576-af88f8d70368,SC-02_20260828_0032.jpg,2026-08-28 08:38:33,SC-02,smartphone,saudavel,saudavel,0.9987,agrosmart-v1,simulado,sim-2026-08
be2fe84a-a5d5-51ea-bdcd-3b184a38b7fe,BV-02_20260828_0002.jpg,2026-08-28 08:38:45,BV-02,smartphone,saudavel,saudavel,0.9494,agrosmart-v1,simulado,sim-2026-08
11552e95-812c-5d62-802d-928fd64925dc,BV-03_20260828_0007.jpg,2026-08-28 08:38:49,BV-03,smartphone,saudavel,saudavel,0.9645,agrosmart-v1,simulado,sim-2026-08
fbffeb3b-ce6d-52bb-9d1e-df9f9ff9f0f7,BV-02_20260828_0003.jpg,2026-08-28 08:39:05,BV-02,smartphone,saudavel,saudavel,0.8475,agrosmart-v1,simulado,sim-2026-08
06761acf-3951-5537-8ab9-bdc1004c28ad,TI-03_20260828_0034.jpg,2026-08-28 08:39:05,TI-03,drone,saudavel,saudavel,0.9180,agrosmart-v1,simulado,sim-2026-08
c6b0b1c0-c7b8-59fb-ac82-9a74590f43ea,SC-02_20260828_0033.jpg,2026-08-28 08:39:12,SC-02,smartphone,doente,requeima,0.8503,agrosmart-v1,simulado,sim-2026-08
5affc1b8-7a0a-5225-98ec-c3378626e7bf,BV-03_20260828_0008.jpg,2026-08-28 08:39:23,BV-03,smartphone,saudavel,saudavel,0.8393,agrosmart-v1,simulado,sim-2026-08
307a47ea-9dbf-5756-a7cf-61199f5fb109,TI-03_20260828_0035.jpg,2026-08-28 08:39:40,TI-03,drone,saudavel,saudavel,0.9827,agrosmart-v1,simulado,sim-2026-08
b187a920-c3cc-5cb4-b0bd-5562e7127aba,SC-02_20260828_0034.jpg,2026-08-28 08:39:55,SC-02,smartphone,saudavel,saudavel,1.0000,agrosmart-v1,simulado,sim-2026-08
737b0e32-92fd-5a0b-8eb6-dee501401b01,BV-02_20260828_0004.jpg,2026-08-28 08:40:01,BV-02,smartphone,saudavel,saudavel,0.8889,agrosmart-v1,simulado,sim-2026-08
d594358d-4d7d-554c-afb4-7b8429c71802,TI-03_20260828_0036.jpg,2026-08-28 08:40:06,TI-03,drone,saudavel,saudavel,0.8649,agrosmart-v1,simulado,sim-2026-08
dc2532b0-e376-5012-9a93-04639d327f47,BV-03_20260828_0009.jpg,2026-08-28 08:40:21,BV-03,smartphone,saudavel,saudavel,0.8501,agrosmart-v1,simulado,sim-2026-08
9e848316-9eb8-5e65-b113-e0d5dcff45d4,SC-02_20260828_0035.jpg,2026-08-28 08:40:21,SC-02,smartphone,saudavel,saudavel,0.9916,agrosmart-v1,simulado,sim-2026-08
7386872b-9cad-5d09-9e6e-5e90a97cf8b4,BV-02_20260828_0005.jpg,2026-08-28 08:40:37,BV-02,smartphone,saudavel,saudavel,0.9665,agrosmart-v1,simulado,sim-2026-08
17e16844-90e3-5ab6-9edd-225fc7699d10,BV-03_20260828_0010.jpg,2026-08-28 08:41:01,BV-03,smartphone,saudavel,saudavel,0.9552,agrosmart-v1,simulado,sim-2026-08
e099ad1e-b82b-5b39-9177-f1ca354a1602,TI-03_20260828_0037.jpg,2026-08-28 08:41:01,TI-03,drone,saudavel,saudavel,0.9190,agrosmart-v1,simulado,sim-2026-08
8c85ae63-c3c7-5bbb-b373-06ae44b58698,BV-02_20260828_0006.jpg,2026-08-28 08:41:10,BV-02,smartphone,saudavel,saudavel,0.9876,agrosmart-v1,simulado,sim-2026-08
69bb8d10-e697-530a-b6fe-16f4c93850d3,SC-02_20260828_0036.jpg,2026-08-28 08:41:21,SC-02,smartphone,saudavel,saudavel,0.9715,agrosmart-v1,simulado,sim-2026-08
a8fb9a61-883b-5839-a961-f501cb709e17,BV-03_20260828_0011.jpg,2026-08-28 08:41:42,BV-03,smartphone,saudavel,saudavel,0.9994,agrosmart-v1,simulado,sim-2026-08
c4695e15-3e34-53ed-b776-53b8d2bf0dde,SC-02_20260828_0037.jpg,2026-08-28 08:41:42,SC-02,smartphone,saudavel,saudavel,0.9743,agrosmart-v1,simulado,sim-2026-08
b7ad5a04-5cd7-5048-a893-dd0ccd2f8253,TI-03_20260828_0038.jpg,2026-08-28 08:41:49,TI-03,drone,saudavel,saudavel,0.9748,agrosmart-v1,simulado,sim-2026-08
78c05e7b-b4f8-5f8c-8b32-3b2c3bdade8d,TI-03_20260828_0039.jpg,2026-08-28 08:42:03,TI-03,drone,saudavel,saudavel,0.7340,agrosmart-v1,simulado,sim-2026-08
498e4ec0-2fdb-570f-9b1b-10b66a116f02,BV-02_20260828_0007.jpg,2026-08-28 08:42:05,BV-02,smartphone,doente,pinta_preta,0.9822,agrosmart-v1,simulado,sim-2026-08
5a0d3b54-553e-5059-91fd-cdb1fbb9ac6e,BV-03_20260828_0012.jpg,2026-08-28 08:42:15,BV-03,smartphone,saudavel,saudavel,0.8961,agrosmart-v1,simulado,sim-2026-08
1e7d8918-31d7-5866-9d79-6ea5b9a4b7fd,BV-02_20260828_0008.jpg,2026-08-28 08:42:35,BV-02,smartphone,saudavel,saudavel,0.9792,agrosmart-v1,simulado,sim-2026-08
7cec7d5c-0406-5ccf-ae7d-5081a06d218e,BV-03_20260828_0013.jpg,2026-08-28 08:42:40,BV-03,smartphone,saudavel,saudavel,0.9954,agrosmart-v1,simulado,sim-2026-08
ded635ff-e889-5424-86cc-a5e17b1fd870,TI-03_20260828_0040.jpg,2026-08-28 08:43:03,TI-03,drone,saudavel,saudavel,0.8623,agrosmart-v1,simulado,sim-2026-08
ebcf7644-ba71-5f3f-85af-81f7ae260b8b,BV-02_20260828_0009.jpg,2026-08-28 08:43:18,BV-02,smartphone,saudavel,saudavel,0.8365,agrosmart-v1,simulado,sim-2026-08
6b21e43b-5876-5815-b792-30027ee88c38,BV-03_20260828_0014.jpg,2026-08-28 08:43:42,BV-03,smartphone,saudavel,saudavel,0.9591,agrosmart-v1,simulado,sim-2026-08
b3bf2ab7-95ba-5d52-a9d2-638eb8404425,BV-02_20260828_0010.jpg,2026-08-28 08:44:10,BV-02,smartphone,saudavel,saudavel,0.8901,agrosmart-v1,simulado,sim-2026-08
938cdc76-1783-5168-8926-b664a449c35d,BV-02_20260828_0011.jpg,2026-08-28 08:44:20,BV-02,smartphone,saudavel,saudavel,0.9894,agrosmart-v1,simulado,sim-2026-08
574facf7-922c-56b7-87e7-5079afa43310,BV-03_20260828_0015.jpg,2026-08-28 08:44:21,BV-03,smartphone,saudavel,saudavel,0.9063,agrosmart-v1,simulado,sim-2026-08
37a1264b-21bb-5b10-929b-3aab3bf1724a,BV-03_20260828_0016.jpg,2026-08-28 08:44:44,BV-03,smartphone,saudavel,saudavel,0.9179,agrosmart-v1,simulado,sim-2026-08
9f55fbd4-4a6c-5873-8e5d-97352f6ea37e,BV-02_20260828_0012.jpg,2026-08-28 08:45:08,BV-02,smartphone,saudavel,saudavel,0.8619,agrosmart-v1,simulado,sim-2026-08
943eabe0-d063-54c1-90de-828750248bdd,BV-03_20260828_0017.jpg,2026-08-28 08:45:40,BV-03,smartphone,saudavel,saudavel,0.8452,agrosmart-v1,simulado,sim-2026-08
b0243264-ea2b-5d10-9d6d-f38dc617dd3f,BV-02_20260828_0013.jpg,2026-08-28 08:46:07,BV-02,smartphone,saudavel,saudavel,0.8932,agrosmart-v1,simulado,sim-2026-08
3e4b5919-da75-59c7-8528-21cdfd2efe47,BV-03_20260828_0018.jpg,2026-08-28 08:46:20,BV-03,smartphone,doente,vaquinha,0.9280,agrosmart-v1,simulado,sim-2026-08
97fd5dd1-0e71-55cc-b093-83cd38b311eb,BV-02_20260828_0014.jpg,2026-08-28 08:46:29,BV-02,smartphone,saudavel,saudavel,0.9717,agrosmart-v1,simulado,sim-2026-08
4ebc036d-6f33-55cf-819f-cb365ff1e71b,BV-03_20260828_0019.jpg,2026-08-28 08:46:47,BV-03,smartphone,saudavel,saudavel,0.9929,agrosmart-v1,simulado,sim-2026-08
0303ba4e-c2e2-52e0-b125-001411cee0f7,BV-04_20260828_0001.jpg,2026-08-28 08:46:49,BV-04,smartphone,saudavel,saudavel,0.9880,agrosmart-v1,simulado,sim-2026-08
8c2b0076-8ec9-5528-8d5c-750c2a011bc2,BV-02_20260828_0015.jpg,2026-08-28 08:47:19,BV-02,smartphone,saudavel,saudavel,0.8459,agrosmart-v1,simulado,sim-2026-08
42f679c6-1256-5181-9e45-301baacef5b6,BV-03_20260828_0020.jpg,2026-08-28 08:47:37,BV-03,smartphone,saudavel,saudavel,0.9957,agrosmart-v1,simulado,sim-2026-08
ff7db5ae-e4df-57d5-b1f1-3914a4af0439,BV-04_20260828_0002.jpg,2026-08-28 08:47:40,BV-04,smartphone,saudavel,saudavel,0.9981,agrosmart-v1,simulado,sim-2026-08
922d4a12-8af8-5b7f-b380-b67895d6221e,BV-02_20260828_0016.jpg,2026-08-28 08:48:09,BV-02,smartphone,doente,requeima,0.9954,agrosmart-v1,simulado,sim-2026-08
2c4f9fa1-7610-5fb0-b5ee-a596669596d6,BV-03_20260828_0021.jpg,2026-08-28 08:48:12,BV-03,smartphone,saudavel,saudavel,0.9519,agrosmart-v1,simulado,sim-2026-08
40d31897-5a87-5fa1-9577-e8519bd65642,BV-04_20260828_0003.jpg,2026-08-28 08:48:16,BV-04,smartphone,saudavel,saudavel,0.8965,agrosmart-v1,simulado,sim-2026-08
8bbf0745-b731-56eb-81d1-a312e8056f1b,BV-02_20260828_0017.jpg,2026-08-28 08:48:25,BV-02,smartphone,saudavel,saudavel,0.9941,agrosmart-v1,simulado,sim-2026-08
ade6706a-9126-517b-bb42-25d1cd581561,BV-03_20260828_0022.jpg,2026-08-28 08:48:56,BV-03,smartphone,saudavel,saudavel,0.9912,agrosmart-v1,simulado,sim-2026-08
8a85777c-4655-55fb-be6d-295f9096ca11,BV-04_20260828_0004.jpg,2026-08-28 08:49:05,BV-04,smartphone,saudavel,saudavel,0.9037,agrosmart-v1,simulado,sim-2026-08
7a91aef0-db0a-55b8-9cc6-fa2fb08947fd,BV-02_20260828_0018.jpg,2026-08-28 08:49:14,BV-02,smartphone,saudavel,saudavel,0.8602,agrosmart-v1,simulado,sim-2026-08
c1babe29-db62-51c3-aa18-40063e00a5b1,BV-03_20260828_0023.jpg,2026-08-28 08:49:22,BV-03,smartphone,saudavel,saudavel,0.9958,agrosmart-v1,simulado,sim-2026-08
d37c7591-6c39-5ad6-ae2e-f401f2487152,BV-04_20260828_0005.jpg,2026-08-28 08:49:49,BV-04,smartphone,saudavel,saudavel,0.8342,agrosmart-v1,simulado,sim-2026-08
2ecdcf41-7f1c-563a-92c4-31efc954b555,BV-02_20260828_0019.jpg,2026-08-28 08:49:55,BV-02,smartphone,saudavel,saudavel,0.9968,agrosmart-v1,simulado,sim-2026-08
a17ca9af-57b8-5603-9b82-1c193e1806eb,BV-03_20260828_0024.jpg,2026-08-28 08:50:00,BV-03,smartphone,saudavel,saudavel,0.8413,agrosmart-v1,simulado,sim-2026-08
11c9854c-c4d1-5b68-9508-0c550d5efa1f,BV-04_20260828_0006.jpg,2026-08-28 08:50:21,BV-04,smartphone,saudavel,saudavel,0.9462,agrosmart-v1,simulado,sim-2026-08
1057a204-0401-5ca0-8033-872961a153b2,BV-02_20260828_0020.jpg,2026-08-28 08:50:22,BV-02,smartphone,saudavel,saudavel,0.9981,agrosmart-v1,simulado,sim-2026-08
84999eaf-fe70-5f52-92e3-d2a7963b2b62,BV-04_20260828_0007.jpg,2026-08-28 08:50:50,BV-04,smartphone,saudavel,saudavel,0.9939,agrosmart-v1,simulado,sim-2026-08
2d815e23-32c0-5a83-bb3a-3ba19fc67ec0,BV-02_20260828_0021.jpg,2026-08-28 08:51:22,BV-02,smartphone,saudavel,saudavel,0.9985,agrosmart-v1,simulado,sim-2026-08
dcab0b8e-aa25-58fe-bd59-e31cc5b332ec,BV-04_20260828_0008.jpg,2026-08-28 08:51:43,BV-04,smartphone,saudavel,saudavel,0.8305,agrosmart-v1,simulado,sim-2026-08
4a864f26-1328-54ab-bc68-c445c24ca2cd,BV-02_20260828_0022.jpg,2026-08-28 08:52:07,BV-02,smartphone,saudavel,saudavel,0.8353,agrosmart-v1,simulado,sim-2026-08
dba2a3fc-1a8c-59da-a827-400587479c53,BV-04_20260828_0009.jpg,2026-08-28 08:52:26,BV-04,smartphone,saudavel,saudavel,0.9558,agrosmart-v1,simulado,sim-2026-08
ee4ac680-113b-541a-873f-7e8212ce13ed,BV-02_20260828_0023.jpg,2026-08-28 08:52:36,BV-02,smartphone,saudavel,saudavel,0.8224,agrosmart-v1,simulado,sim-2026-08
2aa67a07-edee-5a56-9761-b3ea4b29ede3,BV-04_20260828_0010.jpg,2026-08-28 08:52:55,BV-04,smartphone,doente,requeima,0.8583,agrosmart-v1,simulado,sim-2026-08
d4e315c7-bc98-5961-9ac2-d88d5cede23b,BV-02_20260828_0024.jpg,2026-08-28 08:53:28,BV-02,smartphone,doente,requeima,1.0000,agrosmart-v1,simulado,sim-2026-08
6c10c32b-c5f7-52c5-b3a3-00cb1114e045,BV-04_20260828_0011.jpg,2026-08-28 08:53:30,BV-04,smartphone,saudavel,saudavel,0.9799,agrosmart-v1,simulado,sim-2026-08
55132c0f-c81c-554a-ba32-ef543c5aedb6,BV-02_20260828_0025.jpg,2026-08-28 08:53:56,BV-02,smartphone,saudavel,saudavel,0.9583,agrosmart-v1,simulado,sim-2026-08
706d1c2c-5d06-5a55-81ae-5855352022d5,BV-04_20260828_0012.jpg,2026-08-28 08:54:02,BV-04,smartphone,saudavel,saudavel,0.9048,agrosmart-v1,simulado,sim-2026-08
a8fc7865-88a9-5378-ac02-19cb6c64467e,BV-02_20260828_0026.jpg,2026-08-28 08:54:37,BV-02,smartphone,saudavel,saudavel,0.8623,agrosmart-v1,simulado,sim-2026-08
457359bc-4e46-5110-ba8c-ddf4b9247fa4,BV-04_20260828_0013.jpg,2026-08-28 08:54:40,BV-04,smartphone,saudavel,saudavel,0.9952,agrosmart-v1,simulado,sim-2026-08
94001432-6e64-5fad-978c-95458a5cd6ba,BV-02_20260828_0027.jpg,2026-08-28 08:55:19,BV-02,smartphone,saudavel,saudavel,0.9769,agrosmart-v1,simulado,sim-2026-08
a2f6e35d-190e-51a0-bc42-dd66ef62309d,BV-04_20260828_0014.jpg,2026-08-28 08:55:35,BV-04,smartphone,saudavel,saudavel,0.9383,agrosmart-v1,simulado,sim-2026-08
6c755457-8359-59f3-ab2c-8dccb6e8964b,BV-02_20260828_0028.jpg,2026-08-28 08:56:08,BV-02,smartphone,saudavel,saudavel,0.7365,agrosmart-v1,simulado,sim-2026-08
cb9e2391-1faa-54a9-88f9-a5bda59ba467,BV-04_20260828_0015.jpg,2026-08-28 08:56:21,BV-04,smartphone,saudavel,saudavel,0.9046,agrosmart-v1,simulado,sim-2026-08
50e64103-175a-565d-8d11-01a88c2fab99,BV-04_20260828_0016.jpg,2026-08-28 08:56:53,BV-04,smartphone,saudavel,saudavel,0.9070,agrosmart-v1,simulado,sim-2026-08
5f0cbac7-46ea-5b38-9c25-c9b7dbc2cc31,BV-04_20260828_0017.jpg,2026-08-28 08:57:26,BV-04,smartphone,saudavel,saudavel,0.9247,agrosmart-v1,simulado,sim-2026-08
48d62d43-046c-5f21-a8ee-0e489f533a6b,BV-04_20260828_0018.jpg,2026-08-28 08:58:02,BV-04,smartphone,saudavel,saudavel,0.9708,agrosmart-v1,simulado,sim-2026-08
bb4bbef4-f951-5e28-93dc-a6a5e2045d7a,BV-04_20260828_0019.jpg,2026-08-28 08:58:56,BV-04,smartphone,saudavel,saudavel,0.9979,agrosmart-v1,simulado,sim-2026-08
635a2ad9-b450-5aaa-ac58-021fa3660b01,BV-04_20260828_0020.jpg,2026-08-28 08:59:46,BV-04,smartphone,saudavel,saudavel,0.7044,agrosmart-v1,simulado,sim-2026-08
a6cd5d76-6a81-561e-bb46-6be506e4c36a,BV-04_20260828_0021.jpg,2026-08-28 09:00:00,BV-04,smartphone,saudavel,saudavel,0.8989,agrosmart-v1,simulado,sim-2026-08
b1dec0ec-1bd4-56b4-9ac5-ce6d21929278,SC-03_20260828_0001.jpg,2026-08-28 09:16:55,SC-03,smartphone,saudavel,saudavel,0.9301,agrosmart-v1,simulado,sim-2026-08
0d9cdaab-8c11-528f-af0a-00c59de13924,SC-03_20260828_0002.jpg,2026-08-28 09:17:42,SC-03,smartphone,saudavel,saudavel,0.9856,agrosmart-v1,simulado,sim-2026-08
350b8498-f0ae-5f02-af8c-29f8b58f1570,SC-03_20260828_0003.jpg,2026-08-28 09:18:16,SC-03,smartphone,saudavel,saudavel,0.9856,agrosmart-v1,simulado,sim-2026-08
e3b28210-7b82-5ee4-8b77-273272f0438a,SC-03_20260828_0004.jpg,2026-08-28 09:18:42,SC-03,smartphone,saudavel,saudavel,0.9857,agrosmart-v1,simulado,sim-2026-08
ac087c96-2b26-55d9-823d-a6e7a4f7c749,SC-03_20260828_0005.jpg,2026-08-28 09:19:31,SC-03,smartphone,saudavel,saudavel,0.9255,agrosmart-v1,simulado,sim-2026-08
3d0ae086-00fc-5c5a-a2b6-dca7476bff2a,SC-03_20260828_0006.jpg,2026-08-28 09:20:01,SC-03,smartphone,saudavel,saudavel,0.9962,agrosmart-v1,simulado,sim-2026-08
3d2d2f74-335d-5f64-a2fd-2791a3b08efc,SC-03_20260828_0007.jpg,2026-08-28 09:20:50,SC-03,smartphone,saudavel,saudavel,0.9868,agrosmart-v1,simulado,sim-2026-08
10e5d925-b6f4-5e87-b7b0-8535b90a1f4a,SC-03_20260828_0008.jpg,2026-08-28 09:21:26,SC-03,smartphone,saudavel,saudavel,0.9978,agrosmart-v1,simulado,sim-2026-08
53f1434e-13fd-5692-bcdb-287ef82fdb48,SC-03_20260828_0009.jpg,2026-08-28 09:22:16,SC-03,smartphone,saudavel,saudavel,0.9487,agrosmart-v1,simulado,sim-2026-08
7d7585d8-32bf-5033-81b5-c5c16538f0d6,SC-03_20260828_0010.jpg,2026-08-28 09:22:50,SC-03,smartphone,saudavel,saudavel,0.8557,agrosmart-v1,simulado,sim-2026-08
056a4792-20d7-56cd-87ac-e43b296af866,SC-03_20260828_0011.jpg,2026-08-28 09:23:46,SC-03,smartphone,saudavel,saudavel,0.9859,agrosmart-v1,simulado,sim-2026-08
8c354f21-23f0-5515-838b-6c77970aba0f,SC-03_20260828_0012.jpg,2026-08-28 09:24:29,SC-03,smartphone,saudavel,saudavel,0.9563,agrosmart-v1,simulado,sim-2026-08
d7bb6227-8ad0-5fe0-9cb2-4502bf958f71,SC-03_20260828_0013.jpg,2026-08-28 09:25:05,SC-03,smartphone,saudavel,saudavel,0.9666,agrosmart-v1,simulado,sim-2026-08
746f091f-fc00-5e20-a276-3d8dcbbe479c,SC-03_20260828_0014.jpg,2026-08-28 09:25:28,SC-03,smartphone,saudavel,saudavel,0.9330,agrosmart-v1,simulado,sim-2026-08
5fb861de-cbdd-5506-8195-b06ac11f724b,SC-03_20260828_0015.jpg,2026-08-28 09:26:25,SC-03,smartphone,saudavel,saudavel,0.8637,agrosmart-v1,simulado,sim-2026-08
ff63406a-ce85-54ac-a13e-9393ea395600,SC-03_20260828_0016.jpg,2026-08-28 09:26:52,SC-03,smartphone,saudavel,saudavel,0.9973,agrosmart-v1,simulado,sim-2026-08
c2daebc5-9cc5-5bff-b735-a03f4b975831,SC-03_20260828_0017.jpg,2026-08-28 09:27:36,SC-03,smartphone,saudavel,saudavel,0.8483,agrosmart-v1,simulado,sim-2026-08
06610c47-8c40-5dec-b618-4869f8bcdd1f,SC-03_20260828_0018.jpg,2026-08-28 09:28:25,SC-03,smartphone,saudavel,saudavel,0.9345,agrosmart-v1,simulado,sim-2026-08
bd1290cb-0eb0-54e0-9cbf-2242fd89c221,SC-03_20260828_0019.jpg,2026-08-28 09:28:44,SC-03,smartphone,saudavel,saudavel,0.9635,agrosmart-v1,simulado,sim-2026-08
60fd2c07-4170-5a59-8a6d-667d1c9a588b,SC-03_20260828_0020.jpg,2026-08-28 09:29:26,SC-03,smartphone,saudavel,saudavel,0.9997,agrosmart-v1,simulado,sim-2026-08
0fe56475-659f-50fe-ab63-64ba51e1fae6,SC-03_20260828_0021.jpg,2026-08-28 09:30:29,SC-03,smartphone,saudavel,saudavel,0.9326,agrosmart-v1,simulado,sim-2026-08
f33dca4b-4387-5ebd-9e94-de76e2499d93,SC-03_20260828_0022.jpg,2026-08-28 09:30:44,SC-03,smartphone,saudavel,saudavel,0.9999,agrosmart-v1,simulado,sim-2026-08
b2ca8084-eef6-5d0a-9557-8b768068ca08,SC-03_20260828_0023.jpg,2026-08-28 09:31:49,SC-03,smartphone,saudavel,saudavel,0.9015,agrosmart-v1,simulado,sim-2026-08
134cdf61-3b43-599e-8e13-171328231a0d,SC-03_20260828_0024.jpg,2026-08-28 09:32:20,SC-03,smartphone,saudavel,saudavel,0.9654,agrosmart-v1,simulado,sim-2026-08
5822ef1b-e476-57fd-937e-5a03ea34078e,SC-03_20260828_0025.jpg,2026-08-28 09:32:49,SC-03,smartphone,saudavel,saudavel,0.8646,agrosmart-v1,simulado,sim-2026-08
6335e429-6c57-5a66-98b3-5729661d82f3,SC-03_20260828_0026.jpg,2026-08-28 09:33:43,SC-03,smartphone,saudavel,saudavel,0.9722,agrosmart-v1,simulado,sim-2026-08
1afceb0b-65b4-5b29-9cd6-ca3fcf6558a8,SC-03_20260828_0027.jpg,2026-08-28 09:34:23,SC-03,smartphone,saudavel,saudavel,0.9181,agrosmart-v1,simulado,sim-2026-08
c04c2570-8d33-57c6-9187-327244a7318e,SC-03_20260828_0028.jpg,2026-08-28 09:34:54,SC-03,smartphone,saudavel,saudavel,0.9662,agrosmart-v1,simulado,sim-2026-08
31eb2d35-89f9-5935-9481-dfaa05d584e4,BV-01_20260828_0001.jpg,2026-08-28 09:34:58,BV-01,smartphone,saudavel,saudavel,0.9970,agrosmart-v1,simulado,sim-2026-08
c6447936-8670-58c9-8247-fb08318bad0e,BV-01_20260828_0002.jpg,2026-08-28 09:35:22,BV-01,smartphone,saudavel,saudavel,0.9878,agrosmart-v1,simulado,sim-2026-08
c70e00a4-674d-5251-b1bd-447002073c8e,SC-03_20260828_0029.jpg,2026-08-28 09:35:37,SC-03,smartphone,saudavel,saudavel,0.5969,agrosmart-v1,simulado,sim-2026-08
57dd14cd-7b13-5f28-bdc7-aaee0d90d0df,SC-03_20260828_0030.jpg,2026-08-28 09:36:03,SC-03,smartphone,saudavel,saudavel,0.9997,agrosmart-v1,simulado,sim-2026-08
50beb597-9d2d-557a-8f07-e61eb1d5a7f3,BV-01_20260828_0003.jpg,2026-08-28 09:36:05,BV-01,smartphone,saudavel,saudavel,0.9988,agrosmart-v1,simulado,sim-2026-08
58df69fd-831c-5aa6-aad0-aefb54f008cf,SC-03_20260828_0031.jpg,2026-08-28 09:36:50,SC-03,smartphone,saudavel,saudavel,0.9743,agrosmart-v1,simulado,sim-2026-08
be2b9d84-4192-5017-92d9-b99cae38f413,BV-01_20260828_0004.jpg,2026-08-28 09:36:53,BV-01,smartphone,saudavel,saudavel,0.9963,agrosmart-v1,simulado,sim-2026-08
24839c53-eb86-53c8-821b-d76a327aa48d,BV-01_20260828_0005.jpg,2026-08-28 09:37:40,BV-01,smartphone,saudavel,saudavel,0.8217,agrosmart-v1,simulado,sim-2026-08
3625ac84-3e11-51cf-949c-eb7fd7ad95b1,BV-01_20260828_0006.jpg,2026-08-28 09:38:06,BV-01,smartphone,saudavel,saudavel,0.9428,agrosmart-v1,simulado,sim-2026-08
62897b3b-2715-54a6-b99b-9b1c17d9a168,BV-01_20260828_0007.jpg,2026-08-28 09:38:56,BV-01,smartphone,saudavel,saudavel,0.9683,agrosmart-v1,simulado,sim-2026-08
b1451b76-700a-5043-9ed6-eac48ea87566,BV-01_20260828_0008.jpg,2026-08-28 09:39:45,BV-01,smartphone,saudavel,saudavel,0.9999,agrosmart-v1,simulado,sim-2026-08
6d22d819-73a3-5ec1-acf1-a689482fda0c,BV-01_20260828_0009.jpg,2026-08-28 09:40:02,BV-01,smartphone,saudavel,saudavel,0.9492,agrosmart-v1,simulado,sim-2026-08
b9179e47-89b2-584d-91b1-7e5d91d43891,BV-01_20260828_0010.jpg,2026-08-28 09:40:53,BV-01,smartphone,saudavel,saudavel,0.9262,agrosmart-v1,simulado,sim-2026-08
0c3b7347-b602-5056-beb4-31e54fef920e,BV-01_20260828_0011.jpg,2026-08-28 09:41:30,BV-01,smartphone,saudavel,saudavel,0.9961,agrosmart-v1,simulado,sim-2026-08
c50abdd3-ec85-5ad9-843a-445f1e8b7355,BV-01_20260828_0012.jpg,2026-08-28 09:42:08,BV-01,smartphone,saudavel,saudavel,0.6218,agrosmart-v1,simulado,sim-2026-08
ba550e22-d4ac-5594-b1ce-6ecbbb062d28,BV-01_20260828_0013.jpg,2026-08-28 09:42:52,BV-01,smartphone,saudavel,saudavel,0.8897,agrosmart-v1,simulado,sim-2026-08
a8a10b40-8fc0-5307-9873-c66c77c148b8,BV-01_20260828_0014.jpg,2026-08-28 09:43:36,BV-01,smartphone,saudavel,saudavel,0.9831,agrosmart-v1,simulado,sim-2026-08
df1531ac-837c-55e2-84c3-466652621ab4,BV-01_20260828_0015.jpg,2026-08-28 09:44:15,BV-01,smartphone,saudavel,saudavel,0.9781,agrosmart-v1,simulado,sim-2026-08
a969ddba-bfb0-5a03-8c72-0d6bf4123352,BV-01_20260828_0016.jpg,2026-08-28 09:44:49,BV-01,smartphone,saudavel,saudavel,0.9336,agrosmart-v1,simulado,sim-2026-08
fe5de450-0666-5f28-8907-19bef04f3948,BV-01_20260828_0017.jpg,2026-08-28 09:45:25,BV-01,smartphone,saudavel,saudavel,0.8982,agrosmart-v1,simulado,sim-2026-08
c8e581c2-0c5b-5d38-9e08-faedb29dc0b0,BV-01_20260828_0018.jpg,2026-08-28 09:46:25,BV-01,smartphone,saudavel,saudavel,0.8313,agrosmart-v1,simulado,sim-2026-08
e82accd9-8921-5828-8afa-c054ec43a87e,BV-01_20260828_0019.jpg,2026-08-28 09:46:59,BV-01,smartphone,saudavel,saudavel,0.9708,agrosmart-v1,simulado,sim-2026-08
66305697-9953-5521-880e-535f5d4433ef,BV-01_20260828_0020.jpg,2026-08-28 09:47:28,BV-01,smartphone,saudavel,saudavel,0.6587,agrosmart-v1,simulado,sim-2026-08
899b49aa-33e9-5fbd-afb0-07764da37fb0,BV-01_20260828_0021.jpg,2026-08-28 09:48:04,BV-01,smartphone,saudavel,saudavel,0.9420,agrosmart-v1,simulado,sim-2026-08
6c133026-ca39-5242-9bf4-44f96968a541,BV-01_20260828_0022.jpg,2026-08-28 09:49:09,BV-01,smartphone,saudavel,saudavel,0.8291,agrosmart-v1,simulado,sim-2026-08
672fe3cc-f804-5df7-852c-33eff81de2ce,BV-01_20260828_0023.jpg,2026-08-28 09:49:27,BV-01,smartphone,saudavel,saudavel,0.9685,agrosmart-v1,simulado,sim-2026-08
256f04d7-f2f6-5378-8c02-3584291034d3,BV-01_20260828_0024.jpg,2026-08-28 09:50:14,BV-01,smartphone,saudavel,saudavel,0.8852,agrosmart-v1,simulado,sim-2026-08
f523fab7-6add-5c39-9dc5-a767ff24bd53,BV-01_20260828_0025.jpg,2026-08-28 09:50:48,BV-01,smartphone,saudavel,saudavel,0.9512,agrosmart-v1,simulado,sim-2026-08
ccc4f156-efe2-5f32-a6b8-be189984b489,BV-01_20260828_0026.jpg,2026-08-28 09:51:49,BV-01,smartphone,saudavel,saudavel,0.9832,agrosmart-v1,simulado,sim-2026-08
dcab407d-3ef9-56eb-b58c-fc501796bf34,BV-01_20260828_0027.jpg,2026-08-28 09:52:30,BV-01,smartphone,saudavel,saudavel,0.8931,agrosmart-v1,simulado,sim-2026-08
51bbffe0-3a4b-522b-9db2-0745d973a7d5,BV-01_20260828_0028.jpg,2026-08-28 09:53:00,BV-01,smartphone,saudavel,saudavel,0.9041,agrosmart-v1,simulado,sim-2026-08
ad634527-bdeb-53bf-a623-a88bd482d96f,BV-01_20260828_0029.jpg,2026-08-28 09:53:25,BV-01,smartphone,saudavel,saudavel,0.9987,agrosmart-v1,simulado,sim-2026-08
f61db8b3-e726-5df2-91e2-c4848b45bf10,BV-01_20260828_0030.jpg,2026-08-28 09:54:29,BV-01,smartphone,saudavel,saudavel,0.8624,agrosmart-v1,simulado,sim-2026-08
784ddced-69d4-5ddb-8a30-0b11dd755d24,BV-01_20260828_0031.jpg,2026-08-28 09:54:53,BV-01,smartphone,saudavel,saudavel,0.8435,agrosmart-v1,simulado,sim-2026-08
cc97d61b-23e9-5f05-8375-cc2c8c7016ae,BV-01_20260828_0032.jpg,2026-08-28 09:55:35,BV-01,smartphone,saudavel,saudavel,0.8207,agrosmart-v1,simulado,sim-2026-08
a7c23301-33ef-5c8f-87f4-b8f7e2030014,BV-01_20260828_0033.jpg,2026-08-28 09:56:22,BV-01,smartphone,saudavel,saudavel,1.0000,agrosmart-v1,simulado,sim-2026-08
3ddbcedf-bb9b-564c-86d3-58bfe47cc0e4,BV-01_20260831_0001.jpg,2026-08-31 07:02:02,BV-01,smartphone,saudavel,saudavel,0.9786,agrosmart-v1,simulado,sim-2026-08
49117f2b-b80f-555d-9caf-4e26c6b11cc3,BV-01_20260831_0002.jpg,2026-08-31 07:02:41,BV-01,smartphone,saudavel,saudavel,0.8780,agrosmart-v1,simulado,sim-2026-08
882c90e4-3c09-548e-8e8e-240b87e021b3,BV-01_20260831_0003.jpg,2026-08-31 07:03:16,BV-01,smartphone,saudavel,saudavel,0.9997,agrosmart-v1,simulado,sim-2026-08
3d00d1a9-12f0-5e0b-aa7d-1dc4e6f9a681,BV-01_20260831_0004.jpg,2026-08-31 07:03:45,BV-01,smartphone,saudavel,saudavel,0.8600,agrosmart-v1,simulado,sim-2026-08
bf78b88b-fb61-58dc-8cc0-2915169be37d,BV-01_20260831_0005.jpg,2026-08-31 07:04:27,BV-01,smartphone,saudavel,saudavel,0.9757,agrosmart-v1,simulado,sim-2026-08
44bf0190-d25b-56a7-9b5c-ad5662594f55,BV-01_20260831_0006.jpg,2026-08-31 07:05:11,BV-01,smartphone,saudavel,saudavel,0.9678,agrosmart-v1,simulado,sim-2026-08
badc0f19-46f3-5c21-b9bc-a15124997d0c,BV-01_20260831_0007.jpg,2026-08-31 07:05:51,BV-01,smartphone,saudavel,saudavel,0.9794,agrosmart-v1,simulado,sim-2026-08
36ed1eac-3117-5407-a3f4-4461580575c7,BV-04_20260831_0001.jpg,2026-08-31 07:06:05,BV-04,smartphone,saudavel,saudavel,0.9513,agrosmart-v1,simulado,sim-2026-08
5bb87234-c3a1-5c8b-a05f-444169e4c716,BV-04_20260831_0002.jpg,2026-08-31 07:06:40,BV-04,smartphone,saudavel,saudavel,0.9032,agrosmart-v1,simulado,sim-2026-08
592861b3-7f86-5ef4-af9d-71c287c6c48c,BV-01_20260831_0008.jpg,2026-08-31 07:06:46,BV-01,smartphone,saudavel,saudavel,0.8943,agrosmart-v1,simulado,sim-2026-08
04a97d73-0408-503b-ba55-ad2e64046bf4,BV-01_20260831_0009.jpg,2026-08-31 07:07:09,BV-01,smartphone,saudavel,saudavel,0.9874,agrosmart-v1,simulado,sim-2026-08
b22f64a9-bca1-5aa9-a09f-8b1b3861c616,BV-04_20260831_0003.jpg,2026-08-31 07:07:22,BV-04,smartphone,saudavel,saudavel,0.8984,agrosmart-v1,simulado,sim-2026-08
9d8920db-cf8e-52b9-963c-b18d12101206,BV-04_20260831_0004.jpg,2026-08-31 07:07:47,BV-04,smartphone,saudavel,saudavel,0.9552,agrosmart-v1,simulado,sim-2026-08
c78ebd41-5046-53da-b104-cf2d2e2328a3,BV-01_20260831_0010.jpg,2026-08-31 07:08:00,BV-01,smartphone,doente,requeima,0.9915,agrosmart-v1,simulado,sim-2026-08
72cb4dd9-a3bb-5ac0-a441-f27238e4c243,BV-04_20260831_0005.jpg,2026-08-31 07:08:44,BV-04,smartphone,saudavel,saudavel,0.9414,agrosmart-v1,simulado,sim-2026-08
5fcfc5fa-2513-5027-8586-1af90f366aea,BV-01_20260831_0011.jpg,2026-08-31 07:08:49,BV-01,smartphone,saudavel,saudavel,0.9522,agrosmart-v1,simulado,sim-2026-08
0b5671f7-6797-52a9-807f-bfd921ef2cbf,TI-01_20260831_0001.jpg,2026-08-31 07:08:54,TI-01,drone,saudavel,saudavel,0.9764,agrosmart-v1,simulado,sim-2026-08
6bc8f92b-16fb-57fc-8ee4-89c58d67e941,BV-04_20260831_0006.jpg,2026-08-31 07:09:16,BV-04,smartphone,saudavel,saudavel,0.9542,agrosmart-v1,simulado,sim-2026-08
95d1c4e2-5c27-5fa5-8839-0c788c95d41d,BV-01_20260831_0012.jpg,2026-08-31 07:09:29,BV-01,smartphone,saudavel,saudavel,0.9313,agrosmart-v1,simulado,sim-2026-08
4c0dac6a-8406-5d3a-923f-057a36f1d69e,TI-01_20260831_0002.jpg,2026-08-31 07:09:30,TI-01,drone,saudavel,saudavel,0.9203,agrosmart-v1,simulado,sim-2026-08
7384d4e0-b3fb-522a-9a76-735364946d33,BV-01_20260831_0013.jpg,2026-08-31 07:09:51,BV-01,smartphone,saudavel,saudavel,0.6443,agrosmart-v1,simulado,sim-2026-08
c456a600-851c-5347-a9b8-c600a5e952b4,BV-04_20260831_0007.jpg,2026-08-31 07:10:01,BV-04,smartphone,saudavel,saudavel,0.9659,agrosmart-v1,simulado,sim-2026-08
f341b05b-361a-5367-8d42-abc18e7eaffe,BV-01_20260831_0014.jpg,2026-08-31 07:10:23,BV-01,smartphone,saudavel,saudavel,0.7604,agrosmart-v1,simulado,sim-2026-08
56c47d96-fd15-5568-93de-15bf3cd7897f,TI-01_20260831_0003.jpg,2026-08-31 07:10:26,TI-01,drone,saudavel,saudavel,0.9127,agrosmart-v1,simulado,sim-2026-08
be624e2e-ea40-5d9d-9ec8-194723813443,BV-04_20260831_0008.jpg,2026-08-31 07:10:37,BV-04,smartphone,saudavel,saudavel,0.9698,agrosmart-v1,simulado,sim-2026-08
e68aa2fe-94b5-5f11-8d18-c969874a5a8f,TI-01_20260831_0004.jpg,2026-08-31 07:11:08,TI-01,drone,saudavel,saudavel,0.8260,agrosmart-v1,simulado,sim-2026-08
b7ff2796-3e5d-5405-b234-3ae6de522ea2,BV-01_20260831_0015.jpg,2026-08-31 07:11:11,BV-01,smartphone,saudavel,saudavel,0.6363,agrosmart-v1,simulado,sim-2026-08
68a21e4e-8e54-5285-90d7-2616183560e3,BV-04_20260831_0009.jpg,2026-08-31 07:11:19,BV-04,smartphone,saudavel,saudavel,0.9994,agrosmart-v1,simulado,sim-2026-08
4ae1a6ef-9327-5df7-8cfa-6a07084399ad,TI-01_20260831_0005.jpg,2026-08-31 07:11:25,TI-01,drone,saudavel,saudavel,0.8331,agrosmart-v1,simulado,sim-2026-08
760a4b12-3a24-58c1-ba7c-215788b35a2c,BV-04_20260831_0010.jpg,2026-08-31 07:11:49,BV-04,smartphone,saudavel,saudavel,0.9870,agrosmart-v1,simulado,sim-2026-08
7b4ad755-ed1c-5534-b2a9-e51691b58a0a,BV-01_20260831_0016.jpg,2026-08-31 07:11:56,BV-01,smartphone,saudavel,saudavel,0.9957,agrosmart-v1,simulado,sim-2026-08
05d94fb3-3d62-588d-b0f5-530e2e3efe16,TI-01_20260831_0006.jpg,2026-08-31 07:12:23,TI-01,drone,saudavel,saudavel,0.9138,agrosmart-v1,simulado,sim-2026-08
826aaf03-b56a-56aa-8e65-4fcbd995541e,BV-04_20260831_0011.jpg,2026-08-31 07:12:30,BV-04,smartphone,saudavel,saudavel,0.9672,agrosmart-v1,simulado,sim-2026-08
1c2fcca6-8b28-5326-a59a-4d6ee67970e8,BV-01_20260831_0017.jpg,2026-08-31 07:12:35,BV-01,smartphone,saudavel,saudavel,0.7278,agrosmart-v1,simulado,sim-2026-08
acb437a3-7de1-5a5c-9043-5f84de916ff4,TI-01_20260831_0007.jpg,2026-08-31 07:12:47,TI-01,drone,saudavel,saudavel,0.9883,agrosmart-v1,simulado,sim-2026-08
2ca0ecd8-adbc-5ee4-b35b-58664f2ca497,BV-01_20260831_0018.jpg,2026-08-31 07:13:15,BV-01,smartphone,saudavel,saudavel,0.9839,agrosmart-v1,simulado,sim-2026-08
f97be626-4e5c-5a91-99f7-5d385d758e0c,BV-04_20260831_0012.jpg,2026-08-31 07:13:21,BV-04,smartphone,saudavel,saudavel,0.8923,agrosmart-v1,simulado,sim-2026-08
235f3cf5-aab1-5fa1-a026-fb408d194a04,TI-01_20260831_0008.jpg,2026-08-31 07:13:39,TI-01,drone,saudavel,saudavel,0.9554,agrosmart-v1,simulado,sim-2026-08
4c40a80e-945f-58de-9d23-9adc07cb8f79,BV-01_20260831_0019.jpg,2026-08-31 07:13:45,BV-01,smartphone,saudavel,saudavel,0.9869,agrosmart-v1,simulado,sim-2026-08
6702dacf-c916-5518-9c25-64905f6db688,BV-04_20260831_0013.jpg,2026-08-31 07:13:56,BV-04,smartphone,saudavel,saudavel,0.8207,agrosmart-v1,simulado,sim-2026-08
b8df0287-cc17-577a-ab5a-27362383ee1a,TI-01_20260831_0009.jpg,2026-08-31 07:14:13,TI-01,drone,saudavel,saudavel,0.9998,agrosmart-v1,simulado,sim-2026-08
b53a430b-6be5-5f87-ac0c-b2eb6884c51f,BV-04_20260831_0014.jpg,2026-08-31 07:14:35,BV-04,smartphone,saudavel,saudavel,1.0000,agrosmart-v1,simulado,sim-2026-08
74142dcf-9689-50fd-b7a8-1b9aadb26633,BV-01_20260831_0020.jpg,2026-08-31 07:14:41,BV-01,smartphone,saudavel,saudavel,0.9953,agrosmart-v1,simulado,sim-2026-08
e95dfb18-8323-563b-8d03-79d73e7da2f2,TI-01_20260831_0010.jpg,2026-08-31 07:14:47,TI-01,drone,saudavel,saudavel,0.9644,agrosmart-v1,simulado,sim-2026-08
6aedb051-8d4c-50ae-83b9-8eef120d8e80,BV-04_20260831_0015.jpg,2026-08-31 07:15:01,BV-04,smartphone,saudavel,saudavel,0.9799,agrosmart-v1,simulado,sim-2026-08
3fd7e0cc-b406-5ef1-9f4b-dd1b72e8d4aa,TI-01_20260831_0011.jpg,2026-08-31 07:15:43,TI-01,drone,saudavel,saudavel,0.8220,agrosmart-v1,simulado,sim-2026-08
f94e5ce5-b694-5f97-923e-5d2146a50ba4,BV-04_20260831_0016.jpg,2026-08-31 07:15:44,BV-04,smartphone,saudavel,saudavel,0.9656,agrosmart-v1,simulado,sim-2026-08
1b4851d3-a6ca-552f-a872-055192c39834,TI-01_20260831_0012.jpg,2026-08-31 07:16:19,TI-01,drone,saudavel,saudavel,0.9592,agrosmart-v1,simulado,sim-2026-08
fcb5c2dc-69aa-54b1-bfe2-a624b6903126,BV-04_20260831_0017.jpg,2026-08-31 07:16:39,BV-04,smartphone,saudavel,saudavel,0.9908,agrosmart-v1,simulado,sim-2026-08
5a85898d-9585-5340-b6bc-8db56b522182,TI-01_20260831_0013.jpg,2026-08-31 07:16:41,TI-01,drone,saudavel,saudavel,0.9261,agrosmart-v1,simulado,sim-2026-08
98757d29-6706-5d29-8396-0640247d03ad,BV-04_20260831_0018.jpg,2026-08-31 07:17:27,BV-04,smartphone,saudavel,saudavel,0.9208,agrosmart-v1,simulado,sim-2026-08
f0226fa5-194f-58e1-a6dc-32ee36b245b2,TI-01_20260831_0014.jpg,2026-08-31 07:17:45,TI-01,drone,saudavel,saudavel,0.9695,agrosmart-v1,simulado,sim-2026-08
7053878d-2ad9-5f83-86f9-963d2359cebc,BV-04_20260831_0019.jpg,2026-08-31 07:17:51,BV-04,smartphone,saudavel,saudavel,0.8455,agrosmart-v1,simulado,sim-2026-08
10bb16f9-5b2c-57f3-8b04-0229b3292ec8,TI-01_20260831_0015.jpg,2026-08-31 07:18:18,TI-01,drone,saudavel,saudavel,0.8333,agrosmart-v1,simulado,sim-2026-08
06c48aaf-42e1-5ab4-9389-f202a427849a,BV-04_20260831_0020.jpg,2026-08-31 07:18:27,BV-04,smartphone,saudavel,saudavel,0.9326,agrosmart-v1,simulado,sim-2026-08
aab7ced4-444c-5ca2-aa18-3abb1d3a5d2e,TI-01_20260831_0016.jpg,2026-08-31 07:18:42,TI-01,drone,saudavel,saudavel,0.8692,agrosmart-v1,simulado,sim-2026-08
d2fe8b3f-affb-5bf0-abec-c6fad6e7afe5,BV-04_20260831_0021.jpg,2026-08-31 07:19:01,BV-04,smartphone,saudavel,saudavel,0.9617,agrosmart-v1,simulado,sim-2026-08
058506ee-d2ff-505d-9888-a5775d62ab24,TI-01_20260831_0017.jpg,2026-08-31 07:19:35,TI-01,drone,saudavel,saudavel,0.9951,agrosmart-v1,simulado,sim-2026-08
d22e01bc-1bbb-52e7-8666-ea81df7c5494,BV-04_20260831_0022.jpg,2026-08-31 07:19:48,BV-04,smartphone,saudavel,saudavel,0.9997,agrosmart-v1,simulado,sim-2026-08
b1ef9f8a-98b4-53e3-963f-8fa001be6e4b,TI-01_20260831_0018.jpg,2026-08-31 07:20:14,TI-01,drone,saudavel,saudavel,0.9969,agrosmart-v1,simulado,sim-2026-08
ea1ef8b4-f62e-55f5-bfa8-dc9e121667f4,TI-01_20260831_0019.jpg,2026-08-31 07:21:00,TI-01,drone,saudavel,saudavel,0.8797,agrosmart-v1,simulado,sim-2026-08
806b8076-5e70-5dc3-9ae4-bab71034633b,TI-01_20260831_0020.jpg,2026-08-31 07:21:48,TI-01,drone,saudavel,saudavel,0.9277,agrosmart-v1,simulado,sim-2026-08
b8061e6d-50c8-5781-b1ea-d6f354bb8c48,TI-01_20260831_0021.jpg,2026-08-31 07:22:14,TI-01,drone,saudavel,saudavel,0.9993,agrosmart-v1,simulado,sim-2026-08
2439d867-3187-509c-858c-1685e58b4070,TI-01_20260831_0022.jpg,2026-08-31 07:22:50,TI-01,drone,saudavel,saudavel,0.9712,agrosmart-v1,simulado,sim-2026-08
002c3b08-213f-564a-a0ef-5f71879c1ae8,TI-01_20260831_0023.jpg,2026-08-31 07:23:33,TI-01,drone,saudavel,saudavel,0.8998,agrosmart-v1,simulado,sim-2026-08
9018cc18-3d68-5ef0-9049-a73a2d1e8aac,TI-01_20260831_0024.jpg,2026-08-31 07:24:26,TI-01,drone,saudavel,saudavel,0.9862,agrosmart-v1,simulado,sim-2026-08
4476cc06-ba60-594d-8b1d-c904648cd9d1,TI-01_20260831_0025.jpg,2026-08-31 07:25:08,TI-01,drone,saudavel,saudavel,0.9747,agrosmart-v1,simulado,sim-2026-08
0e9d717c-583b-5cd9-be26-0fd3edfbaf9a,TI-01_20260831_0026.jpg,2026-08-31 07:25:30,TI-01,drone,saudavel,saudavel,0.9356,agrosmart-v1,simulado,sim-2026-08
bfd2ca6c-b21f-523f-94a9-fb812ba467fc,TI-01_20260831_0027.jpg,2026-08-31 07:26:16,TI-01,drone,doente,pinta_preta,0.8293,agrosmart-v1,simulado,sim-2026-08
e8a1ee6a-60dd-53e1-97e3-2fa519e2854d,TI-01_20260831_0028.jpg,2026-08-31 07:27:10,TI-01,drone,saudavel,saudavel,0.7536,agrosmart-v1,simulado,sim-2026-08
50bea9f5-7874-5053-88c5-05c441b32d34,TI-01_20260831_0029.jpg,2026-08-31 07:27:49,TI-01,drone,saudavel,saudavel,0.8446,agrosmart-v1,simulado,sim-2026-08
3aa8d267-7d49-5c5b-8b81-a8fca75904f9,TI-01_20260831_0030.jpg,2026-08-31 07:28:27,TI-01,drone,saudavel,saudavel,0.9996,agrosmart-v1,simulado,sim-2026-08
6eb07c35-4c40-5eaa-9366-f6aef44f0cca,TI-01_20260831_0031.jpg,2026-08-31 07:29:09,TI-01,drone,saudavel,saudavel,0.9876,agrosmart-v1,simulado,sim-2026-08
3ed9b29a-b1f7-528b-913a-84e88971b6fb,TI-01_20260831_0032.jpg,2026-08-31 07:29:47,TI-01,drone,saudavel,saudavel,0.9976,agrosmart-v1,simulado,sim-2026-08
6fa3a98b-301b-5669-8663-157a02abf200,TI-01_20260831_0033.jpg,2026-08-31 07:30:05,TI-01,drone,doente,requeima,0.5804,agrosmart-v1,simulado,sim-2026-08
46abca78-64b0-5ca2-962a-5089f59fce32,TI-01_20260831_0034.jpg,2026-08-31 07:30:53,TI-01,drone,saudavel,saudavel,0.7580,agrosmart-v1,simulado,sim-2026-08
af63cb2b-39eb-5f6b-bbbd-0e3fef5b10c6,TI-01_20260831_0035.jpg,2026-08-31 07:31:24,TI-01,drone,saudavel,saudavel,0.8622,agrosmart-v1,simulado,sim-2026-08
02ee1239-1cb8-562e-b660-1188aa943642,TI-01_20260831_0036.jpg,2026-08-31 07:32:06,TI-01,drone,saudavel,saudavel,0.9010,agrosmart-v1,simulado,sim-2026-08
70b4f12d-c230-5f8d-a9e5-5c9c9852be5f,TI-01_20260831_0037.jpg,2026-08-31 07:32:59,TI-01,drone,saudavel,saudavel,0.8454,agrosmart-v1,simulado,sim-2026-08
5eb0da30-0034-542f-b67d-db548b85e732,TI-01_20260831_0038.jpg,2026-08-31 07:33:27,TI-01,drone,saudavel,saudavel,0.9426,agrosmart-v1,simulado,sim-2026-08
4d7c30c7-8909-567f-84d0-4f7a1163477d,TI-01_20260831_0039.jpg,2026-08-31 07:34:07,TI-01,drone,saudavel,saudavel,0.9995,agrosmart-v1,simulado,sim-2026-08
b89e0ee1-d8e6-5306-b3fe-7610583fcf0a,TI-01_20260831_0040.jpg,2026-08-31 07:34:44,TI-01,drone,saudavel,saudavel,0.9948,agrosmart-v1,simulado,sim-2026-08
f3e3b897-31dd-5a6f-b84a-d108c26bdc61,TI-01_20260831_0041.jpg,2026-08-31 07:35:25,TI-01,drone,saudavel,saudavel,0.9871,agrosmart-v1,simulado,sim-2026-08
b413bc15-e484-5ae1-88fc-6ccd688fb052,TI-01_20260831_0042.jpg,2026-08-31 07:36:26,TI-01,drone,saudavel,saudavel,0.9868,agrosmart-v1,simulado,sim-2026-08
cac016ae-6c68-53a4-a852-1a0b39ae5344,TI-01_20260831_0043.jpg,2026-08-31 07:36:49,TI-01,drone,saudavel,saudavel,0.9705,agrosmart-v1,simulado,sim-2026-08
83450383-c31a-56ba-b28b-ba49208f212f,TI-01_20260831_0044.jpg,2026-08-31 07:37:28,TI-01,drone,doente,vaquinha,0.9369,agrosmart-v1,simulado,sim-2026-08
a1685633-c16f-5a67-9972-a4d36119827d,TI-01_20260831_0045.jpg,2026-08-31 07:38:23,TI-01,drone,saudavel,saudavel,0.9630,agrosmart-v1,simulado,sim-2026-08
04a2ebff-610d-5e21-bdaa-69462512e76f,TI-01_20260831_0046.jpg,2026-08-31 07:38:40,TI-01,drone,saudavel,saudavel,0.8323,agrosmart-v1,simulado,sim-2026-08
a8004937-698a-55eb-9dfd-e0511afbea14,TI-01_20260831_0047.jpg,2026-08-31 07:39:47,TI-01,drone,saudavel,saudavel,0.9613,agrosmart-v1,simulado,sim-2026-08
909ed77e-7639-5933-b1ac-703eb98fd064,TI-01_20260831_0048.jpg,2026-08-31 07:40:19,TI-01,drone,saudavel,saudavel,0.8768,agrosmart-v1,simulado,sim-2026-08
29c3eb9b-dc83-5688-8fac-f1206520b62b,TI-01_20260831_0049.jpg,2026-08-31 07:41:08,TI-01,drone,saudavel,saudavel,0.9186,agrosmart-v1,simulado,sim-2026-08
8bbadefe-fc46-5fac-a3bf-b04174c32b65,TI-01_20260831_0050.jpg,2026-08-31 07:41:20,TI-01,drone,saudavel,saudavel,0.8503,agrosmart-v1,simulado,sim-2026-08
e5b0884c-a4a5-5f9c-af1f-454e86e2fda0,TI-01_20260831_0051.jpg,2026-08-31 07:42:24,TI-01,drone,saudavel,saudavel,0.8629,agrosmart-v1,simulado,sim-2026-08
44067277-b3e6-5c8b-b2ca-ae844144d260,SC-03_20260831_0001.jpg,2026-08-31 07:54:02,SC-03,smartphone,saudavel,saudavel,0.8973,agrosmart-v1,simulado,sim-2026-08
2abf5bf5-7c92-5bd1-b49e-83f79a1069a7,SC-03_20260831_0002.jpg,2026-08-31 07:54:39,SC-03,smartphone,saudavel,saudavel,0.9217,agrosmart-v1,simulado,sim-2026-08
16a7386e-2d37-54af-a92e-9f9bc6c51dc5,SC-03_20260831_0003.jpg,2026-08-31 07:55:05,SC-03,smartphone,saudavel,saudavel,0.9994,agrosmart-v1,simulado,sim-2026-08
0ffc7d29-b592-53df-91d4-c8088984dc16,SC-03_20260831_0004.jpg,2026-08-31 07:56:04,SC-03,smartphone,saudavel,saudavel,0.9994,agrosmart-v1,simulado,sim-2026-08
81925401-10e6-5795-8a24-799aff129dbb,SC-03_20260831_0005.jpg,2026-08-31 07:56:43,SC-03,smartphone,saudavel,saudavel,0.9414,agrosmart-v1,simulado,sim-2026-08
5766e738-a8ad-5647-a358-e7f24d8274ef,SC-03_20260831_0006.jpg,2026-08-31 07:57:28,SC-03,smartphone,saudavel,saudavel,0.9257,agrosmart-v1,simulado,sim-2026-08
e68fe93d-c48b-5c29-81d3-074b3e3f6e9b,SC-03_20260831_0007.jpg,2026-08-31 07:58:10,SC-03,smartphone,saudavel,saudavel,0.9917,agrosmart-v1,simulado,sim-2026-08
0321b804-5ff0-57c7-8ce0-0fc9421c4c4c,SC-03_20260831_0008.jpg,2026-08-31 07:58:49,SC-03,smartphone,saudavel,saudavel,0.9945,agrosmart-v1,simulado,sim-2026-08
9e8f77fe-56a9-5341-a95f-c4139bfb6190,SC-03_20260831_0009.jpg,2026-08-31 07:59:24,SC-03,smartphone,saudavel,saudavel,0.9114,agrosmart-v1,simulado,sim-2026-08
c3affa5c-9adc-5588-9a76-7accf9ea8ad3,SC-03_20260831_0010.jpg,2026-08-31 08:00:03,SC-03,smartphone,saudavel,saudavel,0.9560,agrosmart-v1,simulado,sim-2026-08
09780af1-1192-5627-878d-10d9a915e754,SC-03_20260831_0011.jpg,2026-08-31 08:00:43,SC-03,smartphone,saudavel,saudavel,1.0000,agrosmart-v1,simulado,sim-2026-08
c7f23e81-cf75-5983-a79b-462d898d70ea,SC-03_20260831_0012.jpg,2026-08-31 08:01:04,SC-03,smartphone,saudavel,saudavel,0.9167,agrosmart-v1,simulado,sim-2026-08
9f25e240-8400-5bfd-9f21-c1fa1f4c7d3d,SC-03_20260831_0013.jpg,2026-08-31 08:01:44,SC-03,smartphone,saudavel,saudavel,0.9992,agrosmart-v1,simulado,sim-2026-08
d3fd153b-15b5-551e-b71a-5972b490f627,SC-03_20260831_0014.jpg,2026-08-31 08:02:20,SC-03,smartphone,saudavel,saudavel,0.9814,agrosmart-v1,simulado,sim-2026-08
d52565cd-1eb5-5081-9b76-48177122587d,SC-03_20260831_0015.jpg,2026-08-31 08:03:08,SC-03,smartphone,saudavel,saudavel,0.9211,agrosmart-v1,simulado,sim-2026-08
b47f530d-c6e9-5cf9-b814-68231cbf4ac1,SC-03_20260831_0016.jpg,2026-08-31 08:03:41,SC-03,smartphone,saudavel,saudavel,0.8420,agrosmart-v1,simulado,sim-2026-08
a236311e-3e63-54c1-b362-30f2d0e5b3e9,SC-03_20260831_0017.jpg,2026-08-31 08:04:39,SC-03,smartphone,saudavel,saudavel,0.8459,agrosmart-v1,simulado,sim-2026-08
1f379732-e595-5c03-adeb-9c82596c8c10,SC-03_20260831_0018.jpg,2026-08-31 08:05:07,SC-03,smartphone,saudavel,saudavel,0.9478,agrosmart-v1,simulado,sim-2026-08
c8daa8d4-88a1-5c15-a399-6c4de2f5f346,SC-03_20260831_0019.jpg,2026-08-31 08:05:53,SC-03,smartphone,saudavel,saudavel,0.8991,agrosmart-v1,simulado,sim-2026-08
6789f580-83f3-5b52-94ad-3c6dd595f420,SC-03_20260831_0020.jpg,2026-08-31 08:06:37,SC-03,smartphone,saudavel,saudavel,0.8924,agrosmart-v1,simulado,sim-2026-08
91218955-a26b-5cdd-91d8-846e539065f5,SC-03_20260831_0021.jpg,2026-08-31 08:07:02,SC-03,smartphone,saudavel,saudavel,1.0000,agrosmart-v1,simulado,sim-2026-08
17f0aa81-e3d8-50d7-96ed-c0255673b506,SC-03_20260831_0022.jpg,2026-08-31 08:08:01,SC-03,smartphone,doente,vaquinha,0.9888,agrosmart-v1,simulado,sim-2026-08
7bb12acd-6d3a-5ec5-8010-a3187c86dadf,SC-03_20260831_0023.jpg,2026-08-31 08:08:27,SC-03,smartphone,saudavel,saudavel,0.8989,agrosmart-v1,simulado,sim-2026-08
41ac61ae-ce86-5261-ae20-f3cda73588c4,SC-03_20260831_0024.jpg,2026-08-31 08:09:26,SC-03,smartphone,saudavel,saudavel,0.8395,agrosmart-v1,simulado,sim-2026-08
3ef41e12-491c-516e-87de-7abddeac9390,SC-03_20260831_0025.jpg,2026-08-31 08:09:49,SC-03,smartphone,saudavel,saudavel,0.9993,agrosmart-v1,simulado,sim-2026-08
76f56f48-c07a-536f-bc75-35fa98852c9e,SC-03_20260831_0026.jpg,2026-08-31 08:10:33,SC-03,smartphone,saudavel,saudavel,0.9850,agrosmart-v1,simulado,sim-2026-08
9c388d41-29d6-59be-b6b1-c6f527ec079c,SC-03_20260831_0027.jpg,2026-08-31 08:11:28,SC-03,smartphone,saudavel,saudavel,0.8522,agrosmart-v1,simulado,sim-2026-08
5b543374-81f7-508f-99ad-796559cf853b,SC-03_20260831_0028.jpg,2026-08-31 08:11:57,SC-03,smartphone,saudavel,saudavel,0.9978,agrosmart-v1,simulado,sim-2026-08
79f9a3da-a6c8-506c-88f5-6df0a42271b9,SC-03_20260831_0029.jpg,2026-08-31 08:12:32,SC-03,smartphone,saudavel,saudavel,0.9331,agrosmart-v1,simulado,sim-2026-08
d2dfebb7-d088-5abe-a711-cc91dd88f087,SC-03_20260831_0030.jpg,2026-08-31 08:13:28,SC-03,smartphone,saudavel,saudavel,0.8375,agrosmart-v1,simulado,sim-2026-08
76cf3502-bd5c-5805-b707-2b95c1aa3c27,TI-04_20260831_0001.jpg,2026-08-31 08:21:42,TI-04,drone,saudavel,saudavel,0.9951,agrosmart-v1,simulado,sim-2026-08
b1630886-a9be-537d-9268-246b7d311483,TI-04_20260831_0002.jpg,2026-08-31 08:22:29,TI-04,drone,saudavel,saudavel,0.5330,agrosmart-v1,simulado,sim-2026-08
ed3e2502-e3ee-5ea7-88ac-f0f2d49ca389,TI-04_20260831_0003.jpg,2026-08-31 08:23:10,TI-04,drone,saudavel,saudavel,0.9774,agrosmart-v1,simulado,sim-2026-08
945d79fe-ca3c-5143-b965-744575d4c198,TI-04_20260831_0004.jpg,2026-08-31 08:23:44,TI-04,drone,saudavel,saudavel,0.9825,agrosmart-v1,simulado,sim-2026-08
1ab6d30a-56f1-54fc-a896-ebddc0dae542,TI-04_20260831_0005.jpg,2026-08-31 08:24:35,TI-04,drone,doente,pinta_preta,0.9394,agrosmart-v1,simulado,sim-2026-08
9677753e-9585-5d9d-a5ba-b46dbf636a22,TI-04_20260831_0006.jpg,2026-08-31 08:25:06,TI-04,drone,saudavel,saudavel,0.8293,agrosmart-v1,simulado,sim-2026-08
8ae8e79f-77fd-5364-8fa2-3f014826c245,TI-04_20260831_0007.jpg,2026-08-31 08:25:40,TI-04,drone,saudavel,saudavel,0.9048,agrosmart-v1,simulado,sim-2026-08
ff4c4a4b-8ec8-5135-a7d7-7bf24504d9bf,TI-04_20260831_0008.jpg,2026-08-31 08:26:30,TI-04,drone,saudavel,saudavel,0.9933,agrosmart-v1,simulado,sim-2026-08
da63f0a4-7dd4-5681-8002-7aeb29c0c3c2,BV-03_20260831_0001.jpg,2026-08-31 08:26:47,BV-03,smartphone,saudavel,saudavel,0.9479,agrosmart-v1,simulado,sim-2026-08
c3966e62-a22e-5a9b-80f5-2638cf85086b,TI-04_20260831_0009.jpg,2026-08-31 08:27:07,TI-04,drone,saudavel,saudavel,0.8205,agrosmart-v1,simulado,sim-2026-08
ae405191-244d-5327-9319-4db057f92580,BV-03_20260831_0002.jpg,2026-08-31 08:27:24,BV-03,smartphone,saudavel,saudavel,0.9110,agrosmart-v1,simulado,sim-2026-08
a9e57461-924e-5ba0-847a-7274bae87547,BV-03_20260831_0003.jpg,2026-08-31 08:28:04,BV-03,smartphone,saudavel,saudavel,0.9786,agrosmart-v1,simulado,sim-2026-08
7268667d-3d57-575a-a864-18455e5e0cee,TI-04_20260831_0010.jpg,2026-08-31 08:28:10,TI-04,drone,saudavel,saudavel,0.9829,agrosmart-v1,simulado,sim-2026-08
4a170d6e-aba2-57b3-b67c-0248065729eb,TI-04_20260831_0011.jpg,2026-08-31 08:28:38,TI-04,drone,saudavel,saudavel,0.9978,agrosmart-v1,simulado,sim-2026-08
33a14941-b1a0-52b4-a3f0-189f06300910,TI-03_20260831_0001.jpg,2026-08-31 08:28:48,TI-03,drone,doente,pinta_preta,0.9925,agrosmart-v1,simulado,sim-2026-08
f3ba44c3-d590-5ab9-b2ef-ae9ce0262a14,BV-03_20260831_0004.jpg,2026-08-31 08:28:56,BV-03,smartphone,saudavel,saudavel,0.9740,agrosmart-v1,simulado,sim-2026-08
4b268c9c-6551-5c39-a26f-01a704c218de,TI-04_20260831_0012.jpg,2026-08-31 08:29:20,TI-04,drone,saudavel,saudavel,0.9238,agrosmart-v1,simulado,sim-2026-08
e28930d0-8c39-5ae8-8bb6-52cd58e6c2f5,BV-03_20260831_0005.jpg,2026-08-31 08:29:35,BV-03,smartphone,saudavel,saudavel,0.9484,agrosmart-v1,simulado,sim-2026-08
08e578e9-0334-5c29-ada9-927e2f9452c6,TI-03_20260831_0002.jpg,2026-08-31 08:29:35,TI-03,drone,saudavel,saudavel,0.9236,agrosmart-v1,simulado,sim-2026-08
f9412e4b-571e-5f91-a202-c6a2fdb231df,TI-04_20260831_0013.jpg,2026-08-31 08:29:59,TI-04,drone,saudavel,saudavel,0.9066,agrosmart-v1,simulado,sim-2026-08
20bb7938-f81d-5fc3-93ff-b982bddc03bb,BV-03_20260831_0006.jpg,2026-08-31 08:30:15,BV-03,smartphone,saudavel,saudavel,0.9927,agrosmart-v1,simulado,sim-2026-08
a334d4d1-200f-576c-a77f-15a9ca0adb1a,TI-03_20260831_0003.jpg,2026-08-31 08:30:24,TI-03,drone,saudavel,saudavel,0.9945,agrosmart-v1,simulado,sim-2026-08
9a2e9fc7-b0ff-5f31-bf90-8ac3d30826f4,TI-04_20260831_0014.jpg,2026-08-31 08:30:31,TI-04,drone,saudavel,saudavel,0.9457,agrosmart-v1,simulado,sim-2026-08
16cc71c4-4b4c-5621-9f6d-58a68c98e283,BV-03_20260831_0007.jpg,2026-08-31 08:30:53,BV-03,smartphone,saudavel,saudavel,0.9991,agrosmart-v1,simulado,sim-2026-08
bca8891f-ee9b-524a-9baa-d1997f789570,TI-03_20260831_0004.jpg,2026-08-31 08:30:58,TI-03,drone,saudavel,saudavel,0.7013,agrosmart-v1,simulado,sim-2026-08
b54b077c-130c-5892-9381-e227467e9a29,TI-04_20260831_0015.jpg,2026-08-31 08:31:03,TI-04,drone,saudavel,saudavel,0.8939,agrosmart-v1,simulado,sim-2026-08
523c0737-9378-5e44-aa91-46000b9e7133,TI-03_20260831_0005.jpg,2026-08-31 08:31:35,TI-03,drone,saudavel,saudavel,0.8854,agrosmart-v1,simulado,sim-2026-08
1e2bf4d0-d328-5810-816d-36631c2b2d76,BV-03_20260831_0008.jpg,2026-08-31 08:31:48,BV-03,smartphone,saudavel,saudavel,0.9506,agrosmart-v1,simulado,sim-2026-08
0019b07a-7200-5cde-a428-b95a69a6f6af,BV-03_20260831_0009.jpg,2026-08-31 08:32:03,BV-03,smartphone,saudavel,saudavel,0.9198,agrosmart-v1,simulado,sim-2026-08
370e13da-c4bf-585c-9114-29dc9d2ec030,TI-04_20260831_0016.jpg,2026-08-31 08:32:05,TI-04,drone,saudavel,saudavel,0.9766,agrosmart-v1,simulado,sim-2026-08
49559a73-5d9e-5612-9640-1e990e6fbfcd,TI-03_20260831_0006.jpg,2026-08-31 08:32:11,TI-03,drone,saudavel,saudavel,0.9851,agrosmart-v1,simulado,sim-2026-08
472839ef-9801-5610-9296-37f7cc6be207,TI-04_20260831_0017.jpg,2026-08-31 08:32:23,TI-04,drone,saudavel,saudavel,0.9994,agrosmart-v1,simulado,sim-2026-08
41608e9a-eace-539f-9b91-55fcea6d686c,BV-03_20260831_0010.jpg,2026-08-31 08:32:52,BV-03,smartphone,doente,mosca_minadora,0.9952,agrosmart-v1,simulado,sim-2026-08
dbb4f5ed-b998-5329-802a-3fd80b6f67e6,TI-04_20260831_0018.jpg,2026-08-31 08:33:04,TI-04,drone,saudavel,saudavel,0.9988,agrosmart-v1,simulado,sim-2026-08
9c1b3574-9c28-529e-ab51-1905b04e04be,TI-03_20260831_0007.jpg,2026-08-31 08:33:07,TI-03,drone,saudavel,saudavel,0.9721,agrosmart-v1,simulado,sim-2026-08
9f73e880-2831-5a63-bf6e-8ce42ca64fac,BV-03_20260831_0011.jpg,2026-08-31 08:33:29,BV-03,smartphone,saudavel,saudavel,0.9643,agrosmart-v1,simulado,sim-2026-08
f093ed10-afa7-57c3-b168-c79f0507dabd,TI-04_20260831_0019.jpg,2026-08-31 08:33:42,TI-04,drone,saudavel,saudavel,0.8911,agrosmart-v1,simulado,sim-2026-08
f31b9432-9246-595a-ba08-98db4f686859,TI-03_20260831_0008.jpg,2026-08-31 08:33:48,TI-03,drone,saudavel,saudavel,0.8959,agrosmart-v1,simulado,sim-2026-08
b88347ec-1bc4-5be7-9503-ad339133976f,BV-03_20260831_0012.jpg,2026-08-31 08:34:07,BV-03,smartphone,saudavel,saudavel,0.9755,agrosmart-v1,simulado,sim-2026-08
fc57b988-80f2-550d-93d6-cb34af950764,TI-03_20260831_0009.jpg,2026-08-31 08:34:19,TI-03,drone,saudavel,saudavel,0.9370,agrosmart-v1,simulado,sim-2026-08
1ef37fc5-2c5b-54bc-bcd6-927f9933b447,TI-04_20260831_0020.jpg,2026-08-31 08:34:32,TI-04,drone,saudavel,saudavel,0.9978,agrosmart-v1,simulado,sim-2026-08
c95744be-a2e5-5e9e-bdbb-e6cd296f1837,TI-03_20260831_0010.jpg,2026-08-31 08:34:51,TI-03,drone,saudavel,saudavel,0.9520,agrosmart-v1,simulado,sim-2026-08
6ab81a73-e97a-537c-8787-fa4d83e65ec4,BV-03_20260831_0013.jpg,2026-08-31 08:34:55,BV-03,smartphone,saudavel,saudavel,0.9859,agrosmart-v1,simulado,sim-2026-08
a9d83261-dff8-53b0-9da4-214280b1615b,TI-04_20260831_0021.jpg,2026-08-31 08:35:07,TI-04,drone,saudavel,saudavel,0.9951,agrosmart-v1,simulado,sim-2026-08
78833a2c-4f4e-55ed-a5f3-007db2aff52e,TI-03_20260831_0011.jpg,2026-08-31 08:35:25,TI-03,drone,saudavel,saudavel,0.8657,agrosmart-v1,simulado,sim-2026-08
40efb228-67e1-5d47-96b2-bef75fc43cee,BV-03_20260831_0014.jpg,2026-08-31 08:35:27,BV-03,smartphone,saudavel,saudavel,0.8511,agrosmart-v1,simulado,sim-2026-08
fbe3d13d-affc-57da-ad63-696b8aa8cdf1,TI-04_20260831_0022.jpg,2026-08-31 08:36:02,TI-04,drone,saudavel,saudavel,0.9545,agrosmart-v1,simulado,sim-2026-08
b356a0c1-8825-5290-9706-7162f171646f,TI-03_20260831_0012.jpg,2026-08-31 08:36:23,TI-03,drone,saudavel,saudavel,0.9096,agrosmart-v1,simulado,sim-2026-08
22a12d6a-284e-545d-9a30-9f0af66706f6,TI-04_20260831_0023.jpg,2026-08-31 08:36:23,TI-04,drone,saudavel,saudavel,0.9710,agrosmart-v1,simulado,sim-2026-08
4b584158-755b-5f43-a1ee-9cb6d0010169,BV-03_20260831_0015.jpg,2026-08-31 08:36:26,BV-03,smartphone,saudavel,saudavel,0.9723,agrosmart-v1,simulado,sim-2026-08
2ca2bdee-77ef-515a-bf8c-07f14021a578,TI-03_20260831_0013.jpg,2026-08-31 08:36:44,TI-03,drone,saudavel,saudavel,0.9995,agrosmart-v1,simulado,sim-2026-08
69b08fde-a6ae-5db0-b9a5-6d9c47d4d4e3,BV-03_20260831_0016.jpg,2026-08-31 08:36:52,BV-03,smartphone,saudavel,saudavel,0.8280,agrosmart-v1,simulado,sim-2026-08
5571d56e-4f7b-52a0-b20f-38b5ee75c103,TI-04_20260831_0024.jpg,2026-08-31 08:37:03,TI-04,drone,saudavel,saudavel,0.9185,agrosmart-v1,simulado,sim-2026-08
f80547bc-eedf-548d-8dc4-4a715be75cf8,TI-03_20260831_0014.jpg,2026-08-31 08:37:25,TI-03,drone,doente,pinta_preta,0.9865,agrosmart-v1,simulado,sim-2026-08
b347af40-1c0e-5f66-bb1f-a73ddee60cd8,BV-03_20260831_0017.jpg,2026-08-31 08:37:34,BV-03,smartphone,saudavel,saudavel,0.9376,agrosmart-v1,simulado,sim-2026-08
c29a67a0-debc-5409-bf13-7f6f75432899,TI-04_20260831_0025.jpg,2026-08-31 08:37:55,TI-04,drone,saudavel,saudavel,0.9823,agrosmart-v1,simulado,sim-2026-08
c316f9b9-6d21-5387-ad6b-9b31855b6121,BV-03_20260831_0018.jpg,2026-08-31 08:38:08,BV-03,smartphone,saudavel,saudavel,0.9399,agrosmart-v1,simulado,sim-2026-08
f67427c4-dddb-5ad9-8bf3-a7eca9d3953c,TI-04_20260831_0026.jpg,2026-08-31 08:38:21,TI-04,drone,saudavel,saudavel,0.9999,agrosmart-v1,simulado,sim-2026-08
411179a7-684d-5185-8e8e-7bdec35fd1ec,TI-03_20260831_0015.jpg,2026-08-31 08:38:23,TI-03,drone,doente,pinta_preta,0.8435,agrosmart-v1,simulado,sim-2026-08
a4b80b46-4aaf-5166-b45d-33cdb59328d9,TI-03_20260831_0016.jpg,2026-08-31 08:38:59,TI-03,drone,saudavel,saudavel,0.9648,agrosmart-v1,simulado,sim-2026-08
67e5007b-9be4-5522-aca1-da8c1cf6c16b,BV-03_20260831_0019.jpg,2026-08-31 08:39:06,BV-03,smartphone,saudavel,saudavel,0.9831,agrosmart-v1,simulado,sim-2026-08
dd031c07-fb86-55e4-8338-d5bbcdd95e1a,TI-04_20260831_0027.jpg,2026-08-31 08:39:22,TI-04,drone,saudavel,saudavel,0.9710,agrosmart-v1,simulado,sim-2026-08
15fa995c-1210-5828-8eae-37aa7d1b3057,TI-03_20260831_0017.jpg,2026-08-31 08:39:27,TI-03,drone,saudavel,saudavel,0.8338,agrosmart-v1,simulado,sim-2026-08
74c90c28-390a-5cae-971a-bf6bd98a7ec3,BV-03_20260831_0020.jpg,2026-08-31 08:39:30,BV-03,smartphone,saudavel,saudavel,0.6316,agrosmart-v1,simulado,sim-2026-08
d75ab537-aaba-57ed-9eac-f5e19046d5df,TI-04_20260831_0028.jpg,2026-08-31 08:39:49,TI-04,drone,saudavel,saudavel,0.9752,agrosmart-v1,simulado,sim-2026-08
edec2389-0b17-53d5-92f6-c1b9cd800e09,BV-03_20260831_0021.jpg,2026-08-31 08:40:18,BV-03,smartphone,saudavel,saudavel,0.9736,agrosmart-v1,simulado,sim-2026-08
d28a8ece-eeb7-564f-9092-65f85c77a93b,TI-04_20260831_0029.jpg,2026-08-31 08:40:24,TI-04,drone,saudavel,saudavel,0.9914,agrosmart-v1,simulado,sim-2026-08
27fde822-896e-5821-a7eb-f8279b433944,TI-03_20260831_0018.jpg,2026-08-31 08:40:25,TI-03,drone,saudavel,saudavel,0.9770,agrosmart-v1,simulado,sim-2026-08
c374d999-e2b5-5f55-af25-7dfb115d16b9,TI-03_20260831_0019.jpg,2026-08-31 08:40:41,TI-03,drone,saudavel,saudavel,0.8416,agrosmart-v1,simulado,sim-2026-08
e0dba873-ce66-5595-b12b-5f93d2fd1cac,BV-03_20260831_0022.jpg,2026-08-31 08:41:07,BV-03,smartphone,saudavel,saudavel,0.8794,agrosmart-v1,simulado,sim-2026-08
0d55cfa6-757e-587a-9ba1-13bb3098a410,TI-04_20260831_0030.jpg,2026-08-31 08:41:30,TI-04,drone,saudavel,saudavel,0.8318,agrosmart-v1,simulado,sim-2026-08
618357e9-66b2-5216-97f2-3ccba28cf55b,BV-03_20260831_0023.jpg,2026-08-31 08:41:33,BV-03,smartphone,saudavel,saudavel,0.8986,agrosmart-v1,simulado,sim-2026-08
8b44b67d-5f0d-5ee6-acef-9bd376e3554f,TI-03_20260831_0020.jpg,2026-08-31 08:41:45,TI-03,drone,saudavel,saudavel,0.9170,agrosmart-v1,simulado,sim-2026-08
d063914b-c593-5ae7-8ae7-9bece020d896,TI-04_20260831_0031.jpg,2026-08-31 08:41:58,TI-04,drone,saudavel,saudavel,0.8802,agrosmart-v1,simulado,sim-2026-08
dfda1a48-8aba-535f-a008-3fe4257016fc,TI-03_20260831_0021.jpg,2026-08-31 08:42:16,TI-03,drone,saudavel,saudavel,0.9009,agrosmart-v1,simulado,sim-2026-08
e191947e-c43b-50ff-ad0e-c84398863c53,TI-04_20260831_0032.jpg,2026-08-31 08:42:22,TI-04,drone,saudavel,saudavel,0.8758,agrosmart-v1,simulado,sim-2026-08
3b72a05b-6566-5827-ab5b-e75db6bac608,TI-03_20260831_0022.jpg,2026-08-31 08:42:41,TI-03,drone,doente,pinta_preta,0.8601,agrosmart-v1,simulado,sim-2026-08
31ae2de0-450a-5586-8d4f-cc8440858dd1,TI-04_20260831_0033.jpg,2026-08-31 08:43:27,TI-04,drone,saudavel,saudavel,0.9996,agrosmart-v1,simulado,sim-2026-08
9c63de8b-2579-5fc9-aa92-f6a321168ac2,TI-03_20260831_0023.jpg,2026-08-31 08:43:43,TI-03,drone,saudavel,saudavel,0.8445,agrosmart-v1,simulado,sim-2026-08
83455e37-1ab8-5ffa-a72d-4c69607b1ab8,TI-04_20260831_0034.jpg,2026-08-31 08:44:08,TI-04,drone,saudavel,saudavel,0.9061,agrosmart-v1,simulado,sim-2026-08
61ea16a1-aa99-5234-a86e-470434e4cda1,TI-03_20260831_0024.jpg,2026-08-31 08:44:18,TI-03,drone,saudavel,saudavel,0.8988,agrosmart-v1,simulado,sim-2026-08
e784ab5c-be0d-52da-aefb-df0bd4039d16,TI-04_20260831_0035.jpg,2026-08-31 08:44:25,TI-04,drone,saudavel,saudavel,0.8718,agrosmart-v1,simulado,sim-2026-08
aeda0e91-7d15-54df-9ae8-4a5250e5ad34,BV-02_20260831_0001.jpg,2026-08-31 08:45:07,BV-02,smartphone,saudavel,saudavel,0.8813,agrosmart-v1,simulado,sim-2026-08
1645d520-ff48-5e64-b725-ba02ae586297,TI-03_20260831_0025.jpg,2026-08-31 08:45:08,TI-03,drone,saudavel,saudavel,0.8508,agrosmart-v1,simulado,sim-2026-08
1d861a42-fad6-5e77-9c1b-60034425d6b2,TI-04_20260831_0036.jpg,2026-08-31 08:45:08,TI-04,drone,saudavel,saudavel,0.9990,agrosmart-v1,simulado,sim-2026-08
82b4a40e-0b44-5e75-a72c-69c2be5f49c5,TI-03_20260831_0026.jpg,2026-08-31 08:45:20,TI-03,drone,saudavel,saudavel,0.9032,agrosmart-v1,simulado,sim-2026-08
bb38beed-9dec-5cb9-8ced-75fe7270e019,BV-02_20260831_0002.jpg,2026-08-31 08:45:43,BV-02,smartphone,saudavel,saudavel,0.9951,agrosmart-v1,simulado,sim-2026-08
3b96a81f-729f-5e38-aad4-d58521f05bcf,BV-02_20260831_0003.jpg,2026-08-31 08:46:08,BV-02,smartphone,saudavel,saudavel,0.8961,agrosmart-v1,simulado,sim-2026-08
c2739785-1fe5-571c-a6cc-c04b9e78c1e3,TI-04_20260831_0037.jpg,2026-08-31 08:46:09,TI-04,drone,saudavel,saudavel,0.9069,agrosmart-v1,simulado,sim-2026-08
9d769507-8131-5e6f-bc61-1a3fb58c7fe9,TI-03_20260831_0027.jpg,2026-08-31 08:46:16,TI-03,drone,saudavel,saudavel,0.8622,agrosmart-v1,simulado,sim-2026-08
fb7be8c6-d45b-5797-b302-dfa6ec16a80b,TI-04_20260831_0038.jpg,2026-08-31 08:46:33,TI-04,drone,saudavel,saudavel,0.8361,agrosmart-v1,simulado,sim-2026-08
f44cdf0e-14a7-5b26-8281-22c35eb2c5d1,BV-02_20260831_0004.jpg,2026-08-31 08:46:47,BV-02,smartphone,saudavel,saudavel,0.9127,agrosmart-v1,simulado,sim-2026-08
cc85feb6-afa9-5911-a5c3-fd7f7f35d35a,TI-03_20260831_0028.jpg,2026-08-31 08:47:04,TI-03,drone,saudavel,saudavel,0.9696,agrosmart-v1,simulado,sim-2026-08
68a44579-c422-591c-91a7-ff2fdd8345b4,TI-04_20260831_0039.jpg,2026-08-31 08:47:04,TI-04,drone,saudavel,saudavel,0.8561,agrosmart-v1,simulado,sim-2026-08
a35739d2-ec77-5116-8147-e8d0bcc1c3f1,TI-03_20260831_0029.jpg,2026-08-31 08:47:36,TI-03,drone,doente,pinta_preta,0.8225,agrosmart-v1,simulado,sim-2026-08
dabdb4b6-0ca3-5640-8914-745d6b6c881e,BV-02_20260831_0005.jpg,2026-08-31 08:47:47,BV-02,smartphone,saudavel,saudavel,0.9996,agrosmart-v1,simulado,sim-2026-08
bd90d102-48cf-5f98-b404-3d75d0dcaaa2,TI-04_20260831_0040.jpg,2026-08-31 08:47:58,TI-04,drone,saudavel,saudavel,0.9999,agrosmart-v1,simulado,sim-2026-08
39e5d4d5-4082-50a3-b483-41b3eb97c4e9,TI-03_20260831_0030.jpg,2026-08-31 08:48:18,TI-03,drone,saudavel,saudavel,0.8692,agrosmart-v1,simulado,sim-2026-08
87be2ffc-c23d-5426-b4e5-9ea22fbcef67,BV-02_20260831_0006.jpg,2026-08-31 08:48:26,BV-02,smartphone,saudavel,saudavel,0.9756,agrosmart-v1,simulado,sim-2026-08
c0aa66e7-ec29-5201-b26f-c820e706c47f,TI-04_20260831_0041.jpg,2026-08-31 08:48:44,TI-04,drone,saudavel,saudavel,0.8994,agrosmart-v1,simulado,sim-2026-08
98434c26-ac36-5834-a2e9-86d5d5183446,BV-02_20260831_0007.jpg,2026-08-31 08:48:56,BV-02,smartphone,saudavel,saudavel,0.9971,agrosmart-v1,simulado,sim-2026-08
fcfd49f9-025f-51cb-8457-66bffdc4ece7,TI-03_20260831_0031.jpg,2026-08-31 08:49:04,TI-03,drone,saudavel,saudavel,0.9898,agrosmart-v1,simulado,sim-2026-08
01611de9-38c1-5326-95b6-2715dc73e97a,TI-03_20260831_0032.jpg,2026-08-31 08:49:38,TI-03,drone,saudavel,saudavel,0.9962,agrosmart-v1,simulado,sim-2026-08
5ff7d5c6-2555-5a8c-8e98-f30faadc0051,BV-02_20260831_0008.jpg,2026-08-31 08:49:42,BV-02,smartphone,saudavel,saudavel,0.9544,agrosmart-v1,simulado,sim-2026-08
950efcf1-5d2d-50fc-8ed1-1ae29ff9c2d0,TI-03_20260831_0033.jpg,2026-08-31 08:50:09,TI-03,drone,saudavel,saudavel,0.8235,agrosmart-v1,simulado,sim-2026-08
1e05be47-4679-568f-bdfb-c46756486840,BV-02_20260831_0009.jpg,2026-08-31 08:50:11,BV-02,smartphone,saudavel,saudavel,0.8271,agrosmart-v1,simulado,sim-2026-08
b799ae06-bb2a-529d-8e13-6455bec48a67,BV-02_20260831_0010.jpg,2026-08-31 08:50:41,BV-02,smartphone,saudavel,saudavel,0.9668,agrosmart-v1,simulado,sim-2026-08
6cdea901-3a30-5776-846d-74ebe14d13d2,TI-03_20260831_0034.jpg,2026-08-31 08:50:45,TI-03,drone,saudavel,saudavel,0.9315,agrosmart-v1,simulado,sim-2026-08
a9a0f833-371b-59da-a23b-5dc60061e08c,BV-02_20260831_0011.jpg,2026-08-31 08:51:31,BV-02,smartphone,saudavel,saudavel,0.9607,agrosmart-v1,simulado,sim-2026-08
1bb65e45-b0f3-561c-86ae-93f38914aeb6,TI-03_20260831_0035.jpg,2026-08-31 08:51:33,TI-03,drone,saudavel,saudavel,0.9967,agrosmart-v1,simulado,sim-2026-08
7491c151-0b60-5a62-ab65-970a028b1e4e,TI-03_20260831_0036.jpg,2026-08-31 08:52:23,TI-03,drone,saudavel,saudavel,0.9998,agrosmart-v1,simulado,sim-2026-08
67938b3f-c215-5d7f-b950-b42b2e2f40ef,BV-02_20260831_0012.jpg,2026-08-31 08:52:27,BV-02,smartphone,saudavel,saudavel,0.8606,agrosmart-v1,simulado,sim-2026-08
3a9a12c9-e7ef-525c-bdf6-c61e9763d4f4,TI-03_20260831_0037.jpg,2026-08-31 08:52:57,TI-03,drone,saudavel,saudavel,0.9219,agrosmart-v1,simulado,sim-2026-08
288fcf28-478e-5708-9783-114b7792377d,BV-02_20260831_0013.jpg,2026-08-31 08:53:10,BV-02,smartphone,saudavel,saudavel,0.8428,agrosmart-v1,simulado,sim-2026-08
927acd41-b0ad-5dbf-aa21-b9c0da1fe7b7,TI-03_20260831_0038.jpg,2026-08-31 08:53:26,TI-03,drone,saudavel,saudavel,0.9897,agrosmart-v1,simulado,sim-2026-08
d8f3e760-afaa-5d39-b879-4f54e045a917,BV-02_20260831_0014.jpg,2026-08-31 08:53:29,BV-02,smartphone,saudavel,saudavel,0.9320,agrosmart-v1,simulado,sim-2026-08
18f4b00f-feaa-5b24-813e-176991d042bd,TI-03_20260831_0039.jpg,2026-08-31 08:54:14,TI-03,drone,saudavel,saudavel,0.9415,agrosmart-v1,simulado,sim-2026-08
9b0e08ec-c5d5-5943-8858-2c2991a5e679,BV-02_20260831_0015.jpg,2026-08-31 08:54:15,BV-02,smartphone,saudavel,saudavel,0.9306,agrosmart-v1,simulado,sim-2026-08
719d592e-4182-5271-819d-82e3ef05820d,BV-02_20260831_0016.jpg,2026-08-31 08:54:42,BV-02,smartphone,saudavel,saudavel,0.8538,agrosmart-v1,simulado,sim-2026-08
4c1682dc-093b-5780-8c2f-c06b5ca1d6cd,TI-03_20260831_0040.jpg,2026-08-31 08:54:48,TI-03,drone,saudavel,saudavel,0.9737,agrosmart-v1,simulado,sim-2026-08
dbfbfb01-576e-59c0-baef-edffbf7f298e,BV-02_20260831_0017.jpg,2026-08-31 08:55:26,BV-02,smartphone,saudavel,saudavel,0.9845,agrosmart-v1,simulado,sim-2026-08
48379cf0-6deb-5572-911e-f77aba1485fc,TI-03_20260831_0041.jpg,2026-08-31 08:55:45,TI-03,drone,saudavel,saudavel,0.9739,agrosmart-v1,simulado,sim-2026-08
fd335284-5afe-55e0-85b5-eea1ec8eab4e,BV-02_20260831_0018.jpg,2026-08-31 08:56:23,BV-02,smartphone,saudavel,saudavel,0.9948,agrosmart-v1,simulado,sim-2026-08
20fd2957-6e03-5fdc-bf15-0f6cc7c76697,TI-03_20260831_0042.jpg,2026-08-31 08:56:27,TI-03,drone,saudavel,saudavel,0.9988,agrosmart-v1,simulado,sim-2026-08
8b538a92-d552-58cd-a942-00272f7a2b72,TI-03_20260831_0043.jpg,2026-08-31 08:57:04,TI-03,drone,saudavel,saudavel,0.9091,agrosmart-v1,simulado,sim-2026-08
e5fb2eef-b615-54ea-97cf-a257fa611301,BV-02_20260831_0019.jpg,2026-08-31 08:57:06,BV-02,smartphone,saudavel,saudavel,0.9741,agrosmart-v1,simulado,sim-2026-08
c51bc380-c071-555d-a9d3-ca4d1d4c0fcd,TI-03_20260831_0044.jpg,2026-08-31 08:57:21,TI-03,drone,saudavel,saudavel,0.9928,agrosmart-v1,simulado,sim-2026-08
dc3c135c-f77a-5ffd-b05f-91f4ec2b3cac,BV-02_20260831_0020.jpg,2026-08-31 08:57:22,BV-02,smartphone,saudavel,saudavel,0.9775,agrosmart-v1,simulado,sim-2026-08
6ed24c35-08a4-5902-9031-265c6ca240c7,BV-02_20260831_0021.jpg,2026-08-31 08:58:17,BV-02,smartphone,doente,pinta_preta,0.7486,agrosmart-v1,simulado,sim-2026-08
b1d2aab9-988d-5afa-bb54-ae8432527868,TI-03_20260831_0045.jpg,2026-08-31 08:58:28,TI-03,drone,saudavel,saudavel,0.9622,agrosmart-v1,simulado,sim-2026-08
d606535d-ba63-5f08-8049-790ce0340993,BV-02_20260831_0022.jpg,2026-08-31 08:58:52,BV-02,smartphone,saudavel,saudavel,0.8770,agrosmart-v1,simulado,sim-2026-08
b9ff475d-1fba-577e-a05e-a53bf78630da,BV-02_20260831_0023.jpg,2026-08-31 08:59:42,BV-02,smartphone,saudavel,saudavel,0.9998,agrosmart-v1,simulado,sim-2026-08
e9d889ef-fc52-53ff-9d66-ce99695d61ef,BV-02_20260831_0024.jpg,2026-08-31 09:00:25,BV-02,smartphone,saudavel,saudavel,0.9810,agrosmart-v1,simulado,sim-2026-08
39123550-78d7-57e4-bb57-c109190a8028,BV-02_20260831_0025.jpg,2026-08-31 09:01:06,BV-02,smartphone,saudavel,saudavel,0.9299,agrosmart-v1,simulado,sim-2026-08
6d2b2c1d-a5f2-5e88-9243-56b3bf8f2ca2,BV-02_20260831_0026.jpg,2026-08-31 09:01:47,BV-02,smartphone,saudavel,saudavel,0.9832,agrosmart-v1,simulado,sim-2026-08
0d0c1acf-e561-5153-a818-7105fa21b2f0,BV-02_20260831_0027.jpg,2026-08-31 09:02:29,BV-02,smartphone,doente,pinta_preta,0.8883,agrosmart-v1,simulado,sim-2026-08
a602ec18-51b5-5b5c-a0e8-abd8d31cd6fc,BV-02_20260831_0028.jpg,2026-08-31 09:02:56,BV-02,smartphone,saudavel,saudavel,0.8629,agrosmart-v1,simulado,sim-2026-08
92837ccb-f361-5b16-abea-96702afde823,BV-02_20260831_0029.jpg,2026-08-31 09:03:36,BV-02,smartphone,saudavel,saudavel,0.8526,agrosmart-v1,simulado,sim-2026-08
a29b230e-aa96-52d8-b2d5-d5a4a0af4992,BV-02_20260831_0030.jpg,2026-08-31 09:04:11,BV-02,smartphone,saudavel,saudavel,0.9860,agrosmart-v1,simulado,sim-2026-08
be0fbab4-95a0-50a3-b217-e7efe215da3b,BV-02_20260831_0031.jpg,2026-08-31 09:05:01,BV-02,smartphone,saudavel,saudavel,0.9877,agrosmart-v1,simulado,sim-2026-08
a15cf853-ba01-5311-aca1-85fd1aec8dce,BV-02_20260831_0032.jpg,2026-08-31 09:05:46,BV-02,smartphone,saudavel,saudavel,0.8791,agrosmart-v1,simulado,sim-2026-08
8dff8958-5e80-5de9-91ec-872446ec7f79,BV-02_20260831_0033.jpg,2026-08-31 09:06:22,BV-02,smartphone,saudavel,saudavel,0.9346,agrosmart-v1,simulado,sim-2026-08
9f0dc37c-0a5b-50cd-b23b-b588393e919b,BV-02_20260831_0034.jpg,2026-08-31 09:07:02,BV-02,smartphone,saudavel,saudavel,0.9979,agrosmart-v1,simulado,sim-2026-08
3566c6c6-461a-53e7-8459-38ebbe0f6acf,BV-02_20260831_0035.jpg,2026-08-31 09:07:40,BV-02,smartphone,saudavel,saudavel,0.8847,agrosmart-v1,simulado,sim-2026-08
27887c8e-eb7d-56d4-86b1-3f8c41e6289e,SC-04_20260831_0001.jpg,2026-08-31 09:16:04,SC-04,smartphone,saudavel,saudavel,0.9948,agrosmart-v1,simulado,sim-2026-08
c6e216df-de8e-5205-a949-9d283d1f56aa,SC-04_20260831_0002.jpg,2026-08-31 09:16:44,SC-04,smartphone,saudavel,saudavel,0.8493,agrosmart-v1,simulado,sim-2026-08
c6a5baaf-b7c7-5390-9eee-cb7581f78d1b,SC-04_20260831_0003.jpg,2026-08-31 09:17:09,SC-04,smartphone,saudavel,saudavel,0.8733,agrosmart-v1,simulado,sim-2026-08
8839cae3-a456-5621-b496-813986fa3b5e,TI-02_20260831_0001.jpg,2026-08-31 09:17:50,TI-02,drone,doente,pinta_preta,0.9764,agrosmart-v1,simulado,sim-2026-08
3ed5ab96-0d90-52a3-80f6-e88ad0ab76f2,SC-04_20260831_0004.jpg,2026-08-31 09:17:51,SC-04,smartphone,saudavel,saudavel,0.9769,agrosmart-v1,simulado,sim-2026-08
52a71b6c-7a2e-5159-aae3-71a2fb9dfe55,SC-04_20260831_0005.jpg,2026-08-31 09:18:35,SC-04,smartphone,saudavel,saudavel,0.8320,agrosmart-v1,simulado,sim-2026-08
bdf8768e-06e7-55c3-abfe-744864e333a2,TI-02_20260831_0002.jpg,2026-08-31 09:18:49,TI-02,drone,saudavel,saudavel,0.9380,agrosmart-v1,simulado,sim-2026-08
d99ef908-34db-5274-99d3-8e875de04ed7,SC-04_20260831_0006.jpg,2026-08-31 09:19:00,SC-04,smartphone,saudavel,saudavel,0.5893,agrosmart-v1,simulado,sim-2026-08
4b023042-dd2d-51de-9a79-f683ce7362a4,TI-02_20260831_0003.jpg,2026-08-31 09:19:01,TI-02,drone,saudavel,saudavel,0.9982,agrosmart-v1,simulado,sim-2026-08
66a09030-1345-57a4-9880-5daba216c054,TI-02_20260831_0004.jpg,2026-08-31 09:19:42,TI-02,drone,saudavel,saudavel,0.9539,agrosmart-v1,simulado,sim-2026-08
e628a00c-6559-5ac6-94d9-1587ccd1e2cf,SC-04_20260831_0007.jpg,2026-08-31 09:20:08,SC-04,smartphone,saudavel,saudavel,0.9658,agrosmart-v1,simulado,sim-2026-08
415c1e9d-0337-5649-8b07-b6b8ddebf56e,SC-04_20260831_0008.jpg,2026-08-31 09:20:21,SC-04,smartphone,saudavel,saudavel,0.9998,agrosmart-v1,simulado,sim-2026-08
6728021f-6a87-5e98-9b81-c8408124dd21,TI-02_20260831_0005.jpg,2026-08-31 09:20:48,TI-02,drone,saudavel,saudavel,0.8749,agrosmart-v1,simulado,sim-2026-08
1d7045fd-9d65-5338-9b69-ad94e207b3b5,TI-02_20260831_0006.jpg,2026-08-31 09:21:17,TI-02,drone,saudavel,saudavel,0.9841,agrosmart-v1,simulado,sim-2026-08
2b3bb54d-5813-54e5-b0ea-f1254e0f81f6,SC-04_20260831_0009.jpg,2026-08-31 09:21:25,SC-04,smartphone,saudavel,saudavel,0.8508,agrosmart-v1,simulado,sim-2026-08
474a9343-b817-513b-9c26-9588140fcfca,TI-02_20260831_0007.jpg,2026-08-31 09:21:48,TI-02,drone,saudavel,saudavel,0.9268,agrosmart-v1,simulado,sim-2026-08
e72b9c3e-16e8-50ac-870b-daaaee5a39c6,SC-04_20260831_0010.jpg,2026-08-31 09:21:52,SC-04,smartphone,saudavel,saudavel,0.9946,agrosmart-v1,simulado,sim-2026-08
f5fac3b5-8ff3-5ff1-8187-1ecaf190f1c2,TI-02_20260831_0008.jpg,2026-08-31 09:22:25,TI-02,drone,saudavel,saudavel,0.9454,agrosmart-v1,simulado,sim-2026-08
2575da75-8445-5b62-b937-c72b28f9bbff,SC-04_20260831_0011.jpg,2026-08-31 09:22:49,SC-04,smartphone,saudavel,saudavel,0.9674,agrosmart-v1,simulado,sim-2026-08
22995455-b8bd-54c8-a0f2-673d33d7204b,SC-04_20260831_0012.jpg,2026-08-31 09:23:11,SC-04,smartphone,saudavel,saudavel,0.9564,agrosmart-v1,simulado,sim-2026-08
a76730a0-a18a-5cb8-b0da-099143d8b309,TI-02_20260831_0009.jpg,2026-08-31 09:23:18,TI-02,drone,doente,pinta_preta,0.9997,agrosmart-v1,simulado,sim-2026-08
636985c9-9516-5560-9571-893923ef4f8e,SC-04_20260831_0013.jpg,2026-08-31 09:23:43,SC-04,smartphone,saudavel,saudavel,0.9540,agrosmart-v1,simulado,sim-2026-08
6b8a3ec3-becd-5770-a079-8429e299e662,TI-02_20260831_0010.jpg,2026-08-31 09:23:57,TI-02,drone,saudavel,saudavel,0.9289,agrosmart-v1,simulado,sim-2026-08
497b4f94-2f26-5c2b-9df3-34830a4f66b2,TI-02_20260831_0011.jpg,2026-08-31 09:24:24,TI-02,drone,saudavel,saudavel,0.9634,agrosmart-v1,simulado,sim-2026-08
f2629b70-bbcc-529c-a019-a441d8d024df,SC-04_20260831_0014.jpg,2026-08-31 09:24:45,SC-04,smartphone,saudavel,saudavel,0.9964,agrosmart-v1,simulado,sim-2026-08
a3064499-9f59-585e-96bf-6b0aab2571fe,SC-04_20260831_0015.jpg,2026-08-31 09:25:00,SC-04,smartphone,doente,pinta_preta,0.9362,agrosmart-v1,simulado,sim-2026-08
2ca1d0cf-f129-53fe-9143-f02eefd86b7c,TI-02_20260831_0012.jpg,2026-08-31 09:25:04,TI-02,drone,saudavel,saudavel,0.9986,agrosmart-v1,simulado,sim-2026-08
307ffe9f-29ac-5033-8ac8-8fc5bc811e08,SC-04_20260831_0016.jpg,2026-08-31 09:25:50,SC-04,smartphone,saudavel,saudavel,0.9523,agrosmart-v1,simulado,sim-2026-08
0b22f679-a841-5226-b813-82e9e1c2603e,TI-02_20260831_0013.jpg,2026-08-31 09:26:01,TI-02,drone,saudavel,saudavel,0.9605,agrosmart-v1,simulado,sim-2026-08
213bf2ca-c20f-5b5f-833c-7707fd2f0f46,SC-04_20260831_0017.jpg,2026-08-31 09:26:40,SC-04,smartphone,saudavel,saudavel,0.9877,agrosmart-v1,simulado,sim-2026-08
39b74ce9-301b-5c6e-ad9c-f56dd11fe642,TI-02_20260831_0014.jpg,2026-08-31 09:26:46,TI-02,drone,saudavel,saudavel,0.9772,agrosmart-v1,simulado,sim-2026-08
97a0d2a2-86e8-5055-b51e-9b79f61c782b,TI-02_20260831_0015.jpg,2026-08-31 09:27:21,TI-02,drone,doente,pinta_preta,0.6994,agrosmart-v1,simulado,sim-2026-08
359a4f8d-0834-598f-8794-42cd1dcb6d5e,SC-04_20260831_0018.jpg,2026-08-31 09:27:27,SC-04,smartphone,saudavel,saudavel,0.9920,agrosmart-v1,simulado,sim-2026-08
97461159-c627-56a7-b7f7-0264ebb762ec,SC-04_20260831_0019.jpg,2026-08-31 09:27:43,SC-04,smartphone,saudavel,saudavel,0.8617,agrosmart-v1,simulado,sim-2026-08
81806253-0ecb-5c27-a2c3-1b03950cb9a6,TI-02_20260831_0016.jpg,2026-08-31 09:27:45,TI-02,drone,saudavel,saudavel,0.9820,agrosmart-v1,simulado,sim-2026-08
8adde686-ee2f-5342-8e3d-18604d635667,TI-02_20260831_0017.jpg,2026-08-31 09:28:26,TI-02,drone,doente,vaquinha,0.9464,agrosmart-v1,simulado,sim-2026-08
a83e9674-f596-514f-b3a8-d85094dae3be,SC-04_20260831_0020.jpg,2026-08-31 09:28:37,SC-04,smartphone,saudavel,saudavel,0.9562,agrosmart-v1,simulado,sim-2026-08
fa5162aa-f3d6-565a-a9fd-7ac70c883d92,SC-04_20260831_0021.jpg,2026-08-31 09:29:07,SC-04,smartphone,saudavel,saudavel,0.9622,agrosmart-v1,simulado,sim-2026-08
0108ee08-b2a3-5cba-9947-c4b6e0b8fc5a,TI-02_20260831_0018.jpg,2026-08-31 09:29:16,TI-02,drone,saudavel,saudavel,0.9304,agrosmart-v1,simulado,sim-2026-08
34a04d3c-b2da-51b0-8bad-bc189d5fd12e,SC-04_20260831_0022.jpg,2026-08-31 09:29:41,SC-04,smartphone,saudavel,saudavel,0.9930,agrosmart-v1,simulado,sim-2026-08
080b628e-9095-5706-a45e-efc5417f240e,TI-02_20260831_0019.jpg,2026-08-31 09:30:09,TI-02,drone,saudavel,saudavel,0.9963,agrosmart-v1,simulado,sim-2026-08
46f4f9a9-40d3-5cc1-81a3-49793fc7aca5,TI-02_20260831_0020.jpg,2026-08-31 09:30:28,TI-02,drone,saudavel,saudavel,1.0000,agrosmart-v1,simulado,sim-2026-08
0b306045-d758-561b-8c1a-95b2b843a998,SC-04_20260831_0023.jpg,2026-08-31 09:30:33,SC-04,smartphone,saudavel,saudavel,0.9578,agrosmart-v1,simulado,sim-2026-08
94792a68-9fc5-5b1b-a7cf-4f84947a3275,SC-04_20260831_0024.jpg,2026-08-31 09:31:16,SC-04,smartphone,saudavel,saudavel,0.9987,agrosmart-v1,simulado,sim-2026-08
975a06e7-aa21-5b46-9c1b-f084cc715fef,TI-02_20260831_0021.jpg,2026-08-31 09:31:22,TI-02,drone,doente,pinta_preta,0.9579,agrosmart-v1,simulado,sim-2026-08
ea3a3156-4d00-58b3-a4df-67a4a404a32f,TI-02_20260831_0022.jpg,2026-08-31 09:31:51,TI-02,drone,saudavel,saudavel,0.9857,agrosmart-v1,simulado,sim-2026-08
a15027a6-5793-57bd-b71c-e74ebef378e7,SC-04_20260831_0025.jpg,2026-08-31 09:32:08,SC-04,smartphone,saudavel,saudavel,0.9896,agrosmart-v1,simulado,sim-2026-08
940d9b95-10a1-5bf8-9e6c-66154e1c329b,SC-04_20260831_0026.jpg,2026-08-31 09:32:32,SC-04,smartphone,saudavel,saudavel,0.9681,agrosmart-v1,simulado,sim-2026-08
fdc945c0-f091-5759-b2f3-b66a9cd8406d,TI-02_20260831_0023.jpg,2026-08-31 09:32:35,TI-02,drone,saudavel,saudavel,0.9928,agrosmart-v1,simulado,sim-2026-08
1efb93d5-b2c4-590e-b4c6-52593dfb5cb8,TI-02_20260831_0024.jpg,2026-08-31 09:33:27,TI-02,drone,saudavel,saudavel,0.9593,agrosmart-v1,simulado,sim-2026-08
44d56beb-dac2-5330-a2bc-31dcc97be356,TI-02_20260831_0025.jpg,2026-08-31 09:33:53,TI-02,drone,doente,pinta_preta,0.8311,agrosmart-v1,simulado,sim-2026-08
2b7b52f4-56ae-5a22-816a-82d51b606387,TI-02_20260831_0026.jpg,2026-08-31 09:34:41,TI-02,drone,saudavel,saudavel,0.8359,agrosmart-v1,simulado,sim-2026-08
1c0a78ed-225e-5e70-8d6f-74c67c3a96c4,TI-02_20260831_0027.jpg,2026-08-31 09:35:11,TI-02,drone,saudavel,saudavel,0.9999,agrosmart-v1,simulado,sim-2026-08
da54ad3a-7f35-5ccf-9edf-744015f8b2e8,TI-02_20260831_0028.jpg,2026-08-31 09:36:06,TI-02,drone,doente,pinta_preta,0.9276,agrosmart-v1,simulado,sim-2026-08
dff6220a-ebe3-5002-83a4-8bb50643119f,TI-02_20260831_0029.jpg,2026-08-31 09:36:40,TI-02,drone,doente,pinta_preta,0.8764,agrosmart-v1,simulado,sim-2026-08
bfa10ca0-dc97-5b6f-aaae-82f3c135eeb4,TI-02_20260831_0030.jpg,2026-08-31 09:37:24,TI-02,drone,saudavel,saudavel,0.9999,agrosmart-v1,simulado,sim-2026-08
cdf47308-9182-5e4a-8abc-201c66231f65,TI-02_20260831_0031.jpg,2026-08-31 09:37:50,TI-02,drone,doente,pinta_preta,0.9440,agrosmart-v1,simulado,sim-2026-08
a201bee1-85ea-5cf5-ad61-44ec9f7afa92,TI-02_20260831_0032.jpg,2026-08-31 09:38:33,TI-02,drone,saudavel,saudavel,0.9583,agrosmart-v1,simulado,sim-2026-08
39baa227-7a18-5b66-b1f9-70e5a614b1e4,TI-02_20260831_0033.jpg,2026-08-31 09:39:03,TI-02,drone,saudavel,saudavel,0.9974,agrosmart-v1,simulado,sim-2026-08
f4ddb318-5eb2-5f86-9ded-d8eebe477e03,TI-02_20260831_0034.jpg,2026-08-31 09:39:41,TI-02,drone,saudavel,saudavel,0.8467,agrosmart-v1,simulado,sim-2026-08
c6121a7b-223a-5d4b-8415-1149d039a6b6,TI-02_20260831_0035.jpg,2026-08-31 09:40:37,TI-02,drone,saudavel,saudavel,0.9532,agrosmart-v1,simulado,sim-2026-08
7493588b-8ee1-5f8c-9eb8-083e385e3b1e,TI-02_20260831_0036.jpg,2026-08-31 09:41:27,TI-02,drone,saudavel,saudavel,0.9933,agrosmart-v1,simulado,sim-2026-08
8495b4bf-3242-58f5-b5e2-450513ef040e,TI-02_20260831_0037.jpg,2026-08-31 09:42:00,TI-02,drone,saudavel,saudavel,0.8297,agrosmart-v1,simulado,sim-2026-08
a66c537e-dc76-58f0-9d84-94d13a7212a0,TI-02_20260831_0038.jpg,2026-08-31 09:42:26,TI-02,drone,saudavel,saudavel,0.9951,agrosmart-v1,simulado,sim-2026-08
3b6caa9c-c5de-5f4c-a3ec-4719889c1bf6,BV-01_20260708_0013.jpg,2026-07-08 10:05:54,BV-01,smartphone,saudavel,saudavel,0.9211,agrosmart-v1,simulado,sim-2026-08
d1119b53-2827-5cce-8e35-357da28fb6b4,SC-01_20260701_0007.jpg,2026-07-01 09:58:00,SC-01,smartphone,saudavel,saudavel,0.9603,agrosmart-v1,simulado,sim-2026-08
0d7070f1-2475-5da3-aa82-c1bb28342dcc,TI-01_20260703_0034.jpg,2026-07-03 08:43:59,TI-01,drone,saudavel,saudavel,0.9142,agrosmart-v1,simulado,sim-2026-08
98c944d2-a116-5591-815c-901c1efc8318,BV-04_20260708_0023.jpg,2026-07-08 09:58:33,BV-04,smartphone,saudavel,saudavel,0.8892,agrosmart-v1,simulado,sim-2026-08
3fb9daec-38cc-5f9b-8036-04fcbe86f6ca,TI-04_20260807_0023.jpg,2026-08-07 09:12:40,TI-04,drone,saudavel,desconhecido,0.9402,agrosmart-v1,simulado,sim-2026-08
a34762cc-56b4-54a8-8bcb-57546e4c7e7d,BV-02_20260828_0027.jpg,2026-08-28 08:55:19,BV-02,smartphone,saudavel,desconhecido,0.9769,agrosmart-v1,simulado,sim-2026-08
cfd22543-05c1-5f0b-8a07-42a398772441,SC-02_20260807_0016.jpg,2026-08-07 09:16:55,SC-02,smartphone,saudavel,saudavel,,agrosmart-v1,simulado,sim-2026-08
